Episode,RunnerAcc,PursuerAcc,DrawsPercentage,RunnerJitter,PursuerJitter,NearMissTime,EpisodeStepsAvg
100,0.1,0.18,0.72,0.148408,0.1455887,2.735824,782.72
200,0.11,0.1,0.79,0.144979,0.1442018,3.026623,863.51
300,0.16,0.12,0.72,0.1426506,0.1425493,2.757615,808.35
400,0.19,0.22,0.59,0.1383182,0.13958,3.289023,748.01
500,0.17,0.28,0.55,0.1517035,0.160472,3.598824,745.85
600,0.24,0.38,0.38,0.1564948,0.1490883,2.562817,636.27
700,0.34,0.35,0.31,0.1493322,0.1466483,2.453811,644.05
800,0.35,0.37,0.28,0.1521504,0.1480926,2.707414,615.7
900,0.34,0.38,0.28,0.1453877,0.1450815,2.286211,540.89
1000,0.35,0.36,0.29,0.1411971,0.1481532,2.808416,550.06
1100,0.38,0.42,0.2,0.1440628,0.1412465,2.083212,506.2
1200,0.36,0.44,0.2,0.1452679,0.1462505,2.101811,501.36
1300,0.39,0.46,0.15,0.1364653,0.1384903,1.910006,418.49
1400,0.48,0.33,0.19,0.150506,0.14272,2.300412,438.6
1500,0.44,0.4,0.16,0.1448092,0.1443723,2.184211,469.35
1600,0.51,0.36,0.13,0.1435401,0.141298,2.315612,412.92
1700,0.43,0.49,0.08,0.1455035,0.1453935,1.108002,381.9
1800,0.47,0.38,0.15,0.1581174,0.1475607,2.309811,407.16
1900,0.45,0.46,0.09,0.1507297,0.1520192,1.910811,352.78
2000,0.4,0.51,0.09,0.1421868,0.1420219,1.649409,341.94
2100,0.48,0.39,0.13,0.1462595,0.1622135,1.700607,382.03
2200,0.49,0.39,0.12,0.1423715,0.15645,1.89761,417.61
2300,0.42,0.5,0.08,0.139051,0.1423506,1.046403,319.15
2400,0.52,0.4,0.08,0.144861,0.1478056,1.625806,369.82
2500,0.44,0.49,0.07,0.1540542,0.1503971,1.146202,367.5
2600,0.48,0.43,0.09,0.1420842,0.1468489,1.829211,381.08
2700,0.57,0.35,0.08,0.1390715,0.1368442,1.608207,334.73
2800,0.45,0.5,0.05,0.1385278,0.1391643,0.8960021,309.82
2900,0.47,0.43,0.1,0.1413511,0.138665,2.392614,352.94
3000,0.51,0.41,0.08,0.1437686,0.1442303,1.613207,310.93
3100,0.56,0.38,0.06,0.1521012,0.1537126,1.219204,292.92
3200,0.48,0.48,0.04,0.1546278,0.1465335,1.375803,308.8
3300,0.44,0.49,0.07,0.1572414,0.1711854,1.205206,334.31
3400,0.54,0.4,0.06,0.1413342,0.1419414,1.40961,318.35
3500,0.59,0.36,0.05,0.145075,0.1441024,1.068003,290.61
3600,0.45,0.5,0.05,0.1433967,0.1481964,1.032405,299.8
3700,0.47,0.4,0.13,0.1385474,0.1375329,2.619818,376.51
3800,0.53,0.41,0.06,0.1390387,0.1406632,1.737006,322.14
3900,0.48,0.46,0.06,0.1401159,0.1428167,1.567011,287.16
4000,0.57,0.41,0.02,0.1492934,0.1457355,1.016201,232.81
4100,0.48,0.43,0.09,0.1387902,0.1413503,1.547207,310.28
4200,0.51,0.44,0.05,0.1383499,0.1396877,1.487206,297.23
4300,0.39,0.51,0.1,0.1409468,0.1413008,1.44961,352.12
4400,0.5,0.47,0.03,0.1389642,0.1407987,0.6251994,255.75
4500,0.5,0.43,0.07,0.1447152,0.1443288,1.462209,318.57
4600,0.55,0.42,0.03,0.1426593,0.1429362,1.171605,263.97
4700,0.53,0.42,0.05,0.1514354,0.1439762,1.0788,288.99
4800,0.47,0.43,0.1,0.1410599,0.1375886,1.446607,289.1
4900,0.47,0.49,0.04,0.140349,0.1425845,1.273207,256.46
5000,0.49,0.48,0.03,0.1436833,0.146898,0.7800015,282.72
5100,0.51,0.45,0.04,0.1481779,0.1466557,1.187604,287.78
5200,0.52,0.45,0.03,0.1371201,0.1377176,0.9590037,272.77
5300,0.42,0.52,0.06,0.1365123,0.1397404,1.369808,297.15
5400,0.47,0.53,0,0.1385114,0.1402029,0.6251996,240.86
5500,0.44,0.53,0.03,0.1465923,0.1508922,0.6096006,235.48
5600,0.47,0.51,0.02,0.1394596,0.1442933,0.5942022,211.03
5700,0.48,0.5,0.02,0.1420063,0.1385598,0.9976047,236.77
5800,0.54,0.45,0.01,0.1353195,0.1390243,0.5264,221.99
5900,0.49,0.48,0.03,0.1473296,0.1418786,0.6829994,252.16
6000,0.52,0.47,0.01,0.1385768,0.1364414,0.8018007,236.67
6100,0.54,0.45,0.01,0.1480506,0.148791,0.6429994,229.21
6200,0.39,0.59,0.02,0.1338083,0.1371007,0.8108032,224.61
6300,0.52,0.44,0.04,0.1396645,0.1457213,1.267608,235.45
6400,0.49,0.51,0,0.1313269,0.1315515,0.5267996,209.57
6500,0.52,0.46,0.02,0.1467296,0.1447702,0.7820007,217.96
6600,0.51,0.47,0.02,0.1328368,0.1361831,0.6454005,254.95
6700,0.48,0.51,0.01,0.1385949,0.1350958,0.4605996,228.58
6800,0.54,0.44,0.02,0.1334327,0.1377277,0.7360011,240.53
6900,0.47,0.49,0.04,0.1334201,0.1334457,0.7274017,228.42
7000,0.46,0.5,0.04,0.1335801,0.133747,0.9686033,231.23
7100,0.57,0.39,0.04,0.1344943,0.1359252,1.161805,240.67
7200,0.49,0.48,0.03,0.1364274,0.133607,1.100203,211.22
7300,0.51,0.48,0.01,0.1331896,0.135463,0.3917997,201.88
7400,0.56,0.43,0.01,0.1302917,0.1325223,0.8678007,215.08
7500,0.54,0.45,0.01,0.127497,0.1287309,0.7222026,197.42
7600,0.44,0.52,0.04,0.1353491,0.1355488,0.9052044,237.95
7700,0.47,0.49,0.04,0.1322391,0.1349378,0.9134037,255.77
7800,0.49,0.48,0.03,0.1296425,0.1295391,0.9800059,218.75
7900,0.55,0.42,0.03,0.1338651,0.1287054,1.150206,212.73
8000,0.54,0.42,0.04,0.1418719,0.132142,0.6862006,219.65
8100,0.49,0.5,0.01,0.1366516,0.1351736,0.746002,181.45
8200,0.48,0.47,0.05,0.1366021,0.1343323,1.426806,251.5
8300,0.54,0.4,0.06,0.1265654,0.129626,1.078405,234.15
8400,0.59,0.41,0,0.138216,0.1362596,0.8975995,216.39
8500,0.51,0.48,0.01,0.1319467,0.1423666,0.4739997,174.48
8600,0.53,0.46,0.01,0.1305936,0.1345469,0.5573995,203.67
8700,0.46,0.52,0.02,0.117569,0.1219761,0.7822033,197.8
8800,0.52,0.42,0.06,0.1307577,0.131395,0.900604,249.05
8900,0.52,0.45,0.03,0.1341162,0.1364018,0.7906036,205.89
9000,0.47,0.47,0.06,0.1396732,0.1383208,1.569811,225.31
9100,0.5,0.47,0.03,0.1283661,0.1312001,0.917204,206.96
9200,0.6,0.39,0.01,0.1340584,0.1280323,0.9904012,202.6
9300,0.57,0.39,0.04,0.1373737,0.1393205,1.214407,208.67
9400,0.6,0.36,0.04,0.1331947,0.134621,1.183604,217.8
9500,0.48,0.49,0.03,0.130021,0.1307031,0.8436036,212.73
9600,0.49,0.51,0,0.1362863,0.1292426,0.4807999,162.51
9700,0.5,0.45,0.05,0.1349775,0.1357743,1.350211,243.68
9800,0.5,0.49,0.01,0.133828,0.1322278,0.3767997,206.2
9900,0.53,0.44,0.03,0.135388,0.144372,1.128403,203.57
10000,0.55,0.42,0.03,0.1220605,0.1260478,1.193605,227.09
10100,0.51,0.45,0.04,0.137511,0.1299144,0.8798044,218.43
10200,0.48,0.52,0,0.1259271,0.1237839,0.4595996,182.74
10300,0.55,0.43,0.02,0.1265019,0.1269631,0.9234039,205.2
10400,0.57,0.4,0.03,0.1313127,0.1275846,0.949204,217.44
10500,0.55,0.41,0.04,0.1309038,0.1283987,1.219406,233.58
10600,0.49,0.47,0.04,0.1261992,0.1274341,0.8968054,228.85
10700,0.58,0.41,0.01,0.1304184,0.1281551,0.7120022,199.67
10800,0.61,0.37,0.02,0.119724,0.1294598,1.184805,199.68
10900,0.46,0.53,0.01,0.1347386,0.1285358,0.6922011,188.61
11000,0.45,0.54,0.01,0.1322685,0.1320427,0.6142026,197.32
11100,0.57,0.41,0.02,0.1212395,0.1192206,0.8453999,206.09
11200,0.5,0.48,0.02,0.1231714,0.1306579,0.7790026,197.89
11300,0.49,0.49,0.02,0.1314823,0.1285636,0.711201,198.96
11400,0.55,0.43,0.02,0.1281226,0.129752,0.8650042,185.62
11500,0.47,0.52,0.01,0.1317594,0.1259613,0.3865997,186.76
11600,0.46,0.52,0.02,0.1255286,0.1252255,0.6348015,199.35
11700,0.45,0.52,0.03,0.1223487,0.1198057,0.9422058,188.84
11800,0.45,0.51,0.04,0.1228129,0.1228135,0.9636037,204
11900,0.54,0.46,0,0.1268061,0.1199334,0.3429998,173.75
12000,0.6,0.37,0.03,0.127461,0.1226579,0.8458049,173.22
12100,0.5,0.48,0.02,0.1414564,0.1275807,0.6792017,183.74
12200,0.56,0.42,0.02,0.1246367,0.1223292,1.012604,210
12300,0.47,0.5,0.03,0.118182,0.1184557,1.013604,238.41
12400,0.46,0.52,0.02,0.1210259,0.1186311,0.605204,200.47
12500,0.54,0.4,0.06,0.121692,0.1220969,1.403808,245.75
12600,0.49,0.5,0.01,0.1268807,0.125812,0.7074013,176.14
12700,0.56,0.43,0.01,0.1223978,0.1209871,0.8580022,165.3
12800,0.53,0.47,0,0.1310061,0.1286309,0.4587997,139.04
12900,0.57,0.42,0.01,0.1144186,0.1164422,0.7004007,187.61
13000,0.56,0.42,0.02,0.1248573,0.1280881,0.6022021,194.13
13100,0.63,0.37,0,0.1253708,0.1271044,0.5053996,160.19
13200,0.54,0.43,0.03,0.1319214,0.1314862,0.8266049,176.85
13300,0.48,0.49,0.03,0.1182357,0.1238748,0.897404,188.97
13400,0.58,0.41,0.01,0.1226211,0.1326362,0.7102019,140.82
13500,0.49,0.5,0.01,0.1165397,0.1168025,0.8300017,193.09
13600,0.49,0.5,0.01,0.1236144,0.1197005,0.6478013,179.36
13700,0.53,0.43,0.04,0.1286529,0.1301743,0.7794034,189.92
13800,0.63,0.33,0.04,0.1142869,0.1202584,0.836002,205.31
13900,0.51,0.49,0,0.1226494,0.1285975,0.5927995,162.17
14000,0.52,0.45,0.03,0.1191948,0.1233577,0.6154016,214.37
14100,0.51,0.49,0,0.1246904,0.1271996,0.3857997,163.89
14200,0.53,0.45,0.02,0.1181331,0.1195869,0.8012035,197.94
14300,0.52,0.47,0.01,0.1300375,0.1285758,0.4083997,157.13
14400,0.52,0.47,0.01,0.1235899,0.122057,0.4856002,158.12
14500,0.56,0.42,0.02,0.1197128,0.1213886,0.6378021,173.07
14600,0.47,0.53,0,0.1156924,0.1200689,0.3723997,173.58
14700,0.54,0.43,0.03,0.1260029,0.1314829,0.5947997,168.31
14800,0.56,0.39,0.05,0.1269781,0.1243728,0.9082057,204.97
14900,0.46,0.53,0.01,0.1303329,0.1316453,0.5538021,168.06
15000,0.53,0.46,0.01,0.1303202,0.1314638,0.5738025,178.39
15100,0.49,0.46,0.05,0.1177179,0.1155105,1.094806,191.19
15200,0.46,0.47,0.07,0.1330994,0.1368433,1.363611,227.69
15300,0.57,0.42,0.01,0.1136746,0.1217097,0.6138018,152.01
15400,0.56,0.42,0.02,0.1148517,0.1158977,0.9132044,161.87
15500,0.56,0.42,0.02,0.1151459,0.1199538,0.7714044,175.47
15600,0.53,0.46,0.01,0.1137982,0.1191191,0.417802,156.5
15700,0.43,0.54,0.03,0.1158989,0.11851,0.8616066,179.23
15800,0.46,0.48,0.06,0.1205076,0.1189654,1.064808,208.24
15900,0.52,0.47,0.01,0.1175595,0.1136819,0.9750016,194.63
16000,0.48,0.51,0.01,0.1236725,0.128896,0.5552021,162.98
16100,0.47,0.49,0.04,0.1152871,0.114703,0.5714014,167.87
16200,0.52,0.44,0.04,0.117646,0.1184203,1.170209,187.44
16300,0.55,0.43,0.02,0.1112938,0.1169545,0.6970027,187.94
16400,0.53,0.45,0.02,0.1224593,0.1249724,0.9892043,180.72
16500,0.49,0.51,0,0.1216847,0.1331929,0.3513997,143.64
16600,0.5,0.47,0.03,0.1164764,0.115308,1.029207,187.71
16700,0.42,0.54,0.04,0.1183715,0.1205412,0.8822043,179.46
16800,0.51,0.48,0.01,0.11454,0.1073811,0.6784017,188.19
16900,0.54,0.45,0.01,0.1209643,0.1215272,0.7394017,174.25
17000,0.45,0.54,0.01,0.1155415,0.1167331,0.5007997,146.43
17100,0.47,0.5,0.03,0.1115127,0.111606,0.818602,187.2
17200,0.46,0.53,0.01,0.1182556,0.1244142,0.6304016,167.29
17300,0.48,0.46,0.06,0.1159426,0.1131803,1.151608,205.85
17400,0.55,0.43,0.02,0.1113559,0.113686,0.7286018,185.78
17500,0.46,0.48,0.06,0.1131668,0.1163027,1.274608,209.18
17600,0.5,0.49,0.01,0.1109696,0.1072055,0.5942007,155.98
17700,0.5,0.49,0.01,0.1092167,0.1181846,0.587802,144.74
17800,0.49,0.5,0.01,0.1142171,0.120174,0.6702024,163.23
17900,0.48,0.5,0.02,0.1132852,0.1177908,0.4936016,165.31
18000,0.49,0.48,0.03,0.1206173,0.1147588,0.6198044,175.33
18100,0.54,0.45,0.01,0.1099053,0.1145539,0.6064002,158.32
18200,0.54,0.44,0.02,0.1093188,0.1068854,0.5122012,130.03
18300,0.47,0.52,0.01,0.1212561,0.1263142,0.5186023,172.59
18400,0.49,0.48,0.03,0.1132597,0.1102201,0.9268053,160.23
18500,0.51,0.48,0.01,0.1229002,0.1267735,0.7095996,172.1
18600,0.49,0.49,0.02,0.1095878,0.1128018,0.8142042,155.56
18700,0.51,0.46,0.03,0.1079526,0.1058015,1.072206,178.38
18800,0.52,0.47,0.01,0.112117,0.1231466,0.4553997,130.46
18900,0.47,0.51,0.02,0.1082685,0.1102803,1.053803,164.73
19000,0.57,0.4,0.03,0.1042683,0.1090948,1.083206,167
19100,0.59,0.38,0.03,0.1159019,0.1248796,1.151403,207.61
19200,0.51,0.47,0.02,0.1140729,0.115924,0.6888017,155.65
19300,0.52,0.45,0.03,0.1139819,0.1103918,0.7400036,170.2
19400,0.47,0.5,0.03,0.1088536,0.1106813,0.6462045,187.68
19500,0.48,0.48,0.04,0.112032,0.1093414,1.132006,177.07
19600,0.45,0.54,0.01,0.121155,0.1220358,0.4940025,142.54
19700,0.44,0.55,0.01,0.1157451,0.1143244,0.2467998,145.87
19800,0.48,0.49,0.03,0.1052078,0.1017756,1.106207,195.55
19900,0.44,0.52,0.04,0.1169698,0.1324982,1.104007,199.91
20000,0.52,0.45,0.03,0.1158544,0.1122556,0.7578035,165.61
20100,0.47,0.5,0.03,0.1104532,0.1140791,0.7216059,148.33
20200,0.45,0.52,0.03,0.1047501,0.1205642,0.9440069,171.95
20300,0.49,0.45,0.06,0.1084105,0.1071513,1.118808,184.48
20400,0.52,0.47,0.01,0.1111021,0.1084514,0.5033997,174.6
20500,0.47,0.49,0.04,0.112182,0.1200171,1.30361,183.82
20600,0.54,0.45,0.01,0.1143496,0.1195719,0.5634013,168.2
20700,0.47,0.5,0.03,0.1162507,0.1152532,0.7594049,170.57
20800,0.59,0.41,0,0.1093827,0.1169799,0.5931995,142.56
20900,0.49,0.45,0.06,0.1082067,0.1147787,1.472813,224.13
21000,0.56,0.4,0.04,0.109245,0.1113582,1.058605,167.06
21100,0.53,0.46,0.01,0.1130425,0.1138276,0.5601996,163.97
21200,0.5,0.47,0.03,0.1157936,0.1266744,0.7100021,181.44
21300,0.4,0.51,0.09,0.1099868,0.1164472,1.490015,208.19
21400,0.48,0.48,0.04,0.1038477,0.1127801,1.259408,175.56
21500,0.49,0.47,0.04,0.1242263,0.12127,1.062407,182.49
21600,0.44,0.56,0,0.1094209,0.106814,0.4889995,151.09
21700,0.49,0.47,0.04,0.103454,0.1041666,1.069206,172.86
21800,0.48,0.48,0.04,0.1066337,0.1084184,1.011807,180.36
21900,0.53,0.46,0.01,0.1057566,0.1057631,0.5641995,139.15
22000,0.48,0.51,0.01,0.1216996,0.1100917,0.7354013,155.12
22100,0.51,0.48,0.01,0.1229787,0.117345,0.7430014,150.41
22200,0.51,0.45,0.04,0.1143119,0.1162451,1.042605,177.47
22300,0.49,0.48,0.03,0.105069,0.1052367,0.6104006,184.34
22400,0.48,0.5,0.02,0.1076201,0.1096691,0.7370037,157.61
22500,0.45,0.53,0.02,0.1077684,0.1105277,0.8494048,161.99
22600,0.46,0.52,0.02,0.1133801,0.1006929,0.5424024,140.04
22700,0.48,0.5,0.02,0.1052037,0.1049383,0.6670021,158.75
22800,0.44,0.53,0.03,0.1065508,0.1155942,0.9752062,155.65
22900,0.54,0.41,0.05,0.1226503,0.1242318,1.425611,192.74
23000,0.54,0.41,0.05,0.1096006,0.1141745,1.060807,176.45
23100,0.51,0.44,0.05,0.1101024,0.1021937,1.171808,186.68
23200,0.41,0.56,0.03,0.1046855,0.1079241,0.8772067,164.24
23300,0.48,0.49,0.03,0.1098803,0.1060964,0.3803997,162.83
23400,0.46,0.54,0,0.103471,0.1042035,0.8279994,161.66
23500,0.45,0.52,0.03,0.1089655,0.09976915,0.9558066,160.4
23600,0.47,0.49,0.04,0.1112019,0.1070809,0.6264039,163.86
23700,0.51,0.47,0.02,0.110435,0.1152319,0.7966033,165.8
23800,0.59,0.38,0.03,0.1059028,0.1228304,1.366606,191.59
23900,0.47,0.51,0.02,0.1066321,0.1012445,0.6828033,169.08
24000,0.52,0.46,0.02,0.1069159,0.1073957,0.857204,166.74
24100,0.42,0.5,0.08,0.1071639,0.1074466,1.685618,205.01
24200,0.47,0.51,0.02,0.1073913,0.1089615,0.7580033,156.39
24300,0.48,0.51,0.01,0.1025023,0.1080514,0.9188014,148.58
24400,0.47,0.5,0.03,0.1101718,0.1045424,1.042607,197.03
24500,0.56,0.43,0.01,0.1138944,0.1300921,0.9420016,144.57
24600,0.55,0.43,0.02,0.1044288,0.09968202,1.102804,161.02
24700,0.46,0.53,0.01,0.1037395,0.1077356,0.3895997,130.02
24800,0.54,0.44,0.02,0.1143143,0.1119691,0.7718047,162.61
24900,0.5,0.48,0.02,0.10887,0.1169208,0.8002041,134.52
25000,0.43,0.54,0.03,0.1037246,0.1061213,0.7610037,159.58
25100,0.52,0.45,0.03,0.1065248,0.1078628,0.6060013,172.76
25200,0.46,0.51,0.03,0.1023147,0.1042637,1.026606,150.05
25300,0.44,0.5,0.06,0.1212887,0.1142462,1.297611,188.97
25400,0.45,0.54,0.01,0.1076459,0.1136889,0.6476018,134.97
25500,0.51,0.46,0.03,0.1098294,0.1043776,0.9956057,163.95
25600,0.54,0.44,0.02,0.1060153,0.1032156,0.618802,158.82
25700,0.48,0.47,0.05,0.1139291,0.1211075,1.034407,176.83
25800,0.57,0.39,0.04,0.101514,0.09765889,0.3775997,155.61
25900,0.42,0.54,0.04,0.1087179,0.1072455,0.9528062,174.3
26000,0.49,0.48,0.03,0.117333,0.1326532,0.9304047,139.35
26100,0.52,0.44,0.04,0.1055535,0.1022006,1.351609,168.11
26200,0.59,0.4,0.01,0.1103556,0.1064447,0.7052019,150.07
26300,0.48,0.5,0.02,0.1027066,0.1019512,0.3974022,122.08
26400,0.52,0.46,0.02,0.1123706,0.1118216,0.5392021,134.92
26500,0.49,0.49,0.02,0.1049208,0.1055556,0.6770046,164.97
26600,0.46,0.52,0.02,0.1044397,0.1054038,0.3936018,157.47
26700,0.48,0.49,0.03,0.1069771,0.1133687,0.8236036,146.26
26800,0.46,0.53,0.01,0.1095142,0.1174184,0.6012018,153.29
26900,0.63,0.36,0.01,0.1107473,0.1144191,0.9312016,132.95
27000,0.55,0.41,0.04,0.1027319,0.09851763,1.159806,168.28
27100,0.37,0.61,0.02,0.1077898,0.1141631,0.7606045,140.24
27200,0.47,0.5,0.03,0.1048695,0.09951047,0.5666043,150.81
27300,0.51,0.46,0.03,0.1087474,0.1041167,0.9418045,150.23
27400,0.51,0.48,0.01,0.1054794,0.1105277,0.475001,132.43
27500,0.53,0.45,0.02,0.1018471,0.09863485,0.907204,173.59
27600,0.51,0.49,0,0.0981088,0.09775861,0.3927997,133.11
27700,0.47,0.5,0.03,0.1014797,0.1028399,0.745804,178.61
27800,0.51,0.48,0.01,0.101104,0.1020073,0.7060019,137.59
27900,0.52,0.46,0.02,0.1149047,0.1174791,0.6742042,159.56
28000,0.49,0.51,0,0.1090767,0.109894,0.4233997,134.07
28100,0.5,0.49,0.01,0.1058822,0.1115296,0.5206023,141.92
28200,0.5,0.49,0.01,0.1033177,0.1033307,0.2983997,137.67
28300,0.49,0.51,0,0.1011257,0.09931404,0.4431997,129.22
28400,0.55,0.45,0,0.0962182,0.09539526,0.4519997,122.29
28500,0.4,0.57,0.03,0.09815504,0.09933653,0.8976053,168.07
28600,0.56,0.44,0,0.09452582,0.1016387,0.5089996,146.35
28700,0.54,0.44,0.02,0.09451208,0.098091,0.6698018,169
28800,0.53,0.45,0.02,0.1142593,0.1083452,0.627204,167.76
28900,0.47,0.5,0.03,0.1035691,0.1056878,0.969607,157.81
29000,0.57,0.41,0.02,0.09980199,0.0965586,0.8618017,150.74
29100,0.52,0.44,0.04,0.1080511,0.1188548,1.111206,170.32
29200,0.45,0.54,0.01,0.1014645,0.1000476,0.6308022,145.7
29300,0.53,0.44,0.03,0.09978063,0.101429,0.8438037,167.08
29400,0.55,0.42,0.03,0.101858,0.1004741,0.8872032,175.85
29500,0.42,0.56,0.02,0.1050594,0.1012519,0.7384038,158.67
29600,0.55,0.44,0.01,0.1032111,0.1028968,0.7264019,142.06
29700,0.48,0.51,0.01,0.1018114,0.1032545,0.800602,142.6
29800,0.56,0.41,0.03,0.1027406,0.1252049,0.7556036,168.7
29900,0.46,0.5,0.04,0.1016604,0.09690094,0.8470064,162.54
30000,0.52,0.46,0.02,0.09601232,0.0953284,0.8548046,136.29
30100,0.49,0.48,0.03,0.1018969,0.1009263,0.8318068,168.88
30200,0.55,0.43,0.02,0.1135476,0.1045047,0.8642033,153.53
30300,0.43,0.53,0.04,0.111581,0.09973485,1.283009,195.71
30400,0.43,0.54,0.03,0.1045504,0.1017582,0.6460024,149.9
30500,0.54,0.42,0.04,0.1031583,0.1030218,0.9788061,165.37
30600,0.43,0.55,0.02,0.1061222,0.1076567,0.3957997,158.6
30700,0.45,0.52,0.03,0.1005392,0.1042116,0.9058063,177.23
30800,0.49,0.5,0.01,0.1029286,0.1043182,0.7228015,165.14
30900,0.49,0.49,0.02,0.102041,0.1050697,0.8414038,154.07
31000,0.43,0.53,0.04,0.1015385,0.105254,1.080007,171.18
31100,0.54,0.44,0.02,0.09867828,0.09713741,0.679002,135.4
31200,0.59,0.41,0,0.1080447,0.108731,0.4741997,118.13
31300,0.6,0.38,0.02,0.09935734,0.1008573,0.9946043,137.67
31400,0.45,0.53,0.02,0.1015819,0.09506055,0.6588033,141.63
31500,0.46,0.52,0.02,0.1283309,0.1158946,0.7288036,142.01
31600,0.5,0.48,0.02,0.1042056,0.1202003,0.4742018,144.53
31700,0.45,0.53,0.02,0.1033568,0.1249919,0.616202,138.21
31800,0.55,0.43,0.02,0.09920543,0.09609301,0.9040042,161.17
31900,0.54,0.44,0.02,0.09742694,0.1048564,0.6758033,149.64
32000,0.53,0.45,0.02,0.09877131,0.1066487,0.7398033,133.62
32100,0.53,0.44,0.03,0.0997482,0.0975764,0.7468044,146.45
32200,0.52,0.45,0.03,0.09720622,0.1128033,1.041407,149.2
32300,0.45,0.5,0.05,0.1029516,0.09935059,1.349011,191.1
32400,0.45,0.53,0.02,0.09703703,0.1025685,0.7568038,155.8
32500,0.59,0.41,0,0.1026067,0.1126481,0.7641994,144.08
32600,0.51,0.48,0.01,0.1050035,0.104101,0.7170023,168.09
32700,0.45,0.53,0.02,0.09899683,0.1194925,0.6546042,146.02
32800,0.6,0.38,0.02,0.1020943,0.09681305,0.9670037,157.03
32900,0.45,0.53,0.02,0.1131025,0.1179494,0.7590044,142.14
33000,0.43,0.55,0.02,0.1136544,0.115059,0.7348042,132.27
33100,0.43,0.55,0.02,0.1006795,0.09910815,0.5512039,140.57
33200,0.51,0.45,0.04,0.108827,0.1016048,1.092406,176.83
33300,0.49,0.48,0.03,0.1004567,0.1105155,1.110606,169.37
33400,0.48,0.52,0,0.09895236,0.09584529,0.5671995,123.34
33500,0.42,0.51,0.07,0.09912242,0.09141428,1.665615,205.52
33600,0.41,0.58,0.01,0.1041045,0.105956,0.6234023,131.1
33700,0.51,0.45,0.04,0.1194627,0.1043888,0.9344069,153.25
33800,0.44,0.53,0.03,0.1008144,0.1053306,0.8800068,140.72
33900,0.42,0.54,0.04,0.09441857,0.09394774,1.107806,181.95
34000,0.39,0.6,0.01,0.108313,0.1086962,0.456402,144.06
34100,0.52,0.45,0.03,0.09568589,0.0930497,1.005604,158.18
34200,0.54,0.46,0,0.09664896,0.09903634,0.4163997,120.1
34300,0.53,0.42,0.05,0.1046667,0.09722355,1.463012,164.2
34400,0.49,0.49,0.02,0.09660957,0.1109943,0.9530034,168.8
34500,0.36,0.59,0.05,0.09737521,0.09677877,0.7556063,163.98
34600,0.5,0.48,0.02,0.09385968,0.09571633,0.9324048,160.48
34700,0.44,0.5,0.06,0.09554546,0.09395562,0.9904061,175.87
34800,0.51,0.42,0.07,0.1021335,0.1015961,1.711414,170.88
34900,0.51,0.44,0.05,0.1027323,0.1063375,1.55801,179.42
35000,0.46,0.52,0.02,0.09098211,0.09948955,0.9386033,157.41
35100,0.54,0.41,0.05,0.09498386,0.09640554,1.50081,185.69
35200,0.52,0.44,0.04,0.1017858,0.1025777,1.184409,177.59
35300,0.48,0.48,0.04,0.0945515,0.09714641,1.084008,161.79
35400,0.38,0.61,0.01,0.1023783,0.09898815,0.5456015,150.46
35500,0.48,0.49,0.03,0.1111319,0.1084052,0.8126066,134.03
35600,0.4,0.57,0.03,0.1081973,0.1137425,0.8480058,162.95
35700,0.44,0.53,0.03,0.1098254,0.1121278,0.6818043,158.17
35800,0.51,0.47,0.02,0.09478495,0.09438766,0.7472047,139.92
35900,0.5,0.47,0.03,0.09544484,0.09713937,0.9824058,159.68
36000,0.47,0.49,0.04,0.1105486,0.1135822,0.9684043,158.04
36100,0.5,0.48,0.02,0.1033348,0.1009194,0.851404,147.6
36200,0.49,0.48,0.03,0.09611668,0.09724035,0.8632059,136.6
36300,0.47,0.48,0.05,0.105042,0.1024719,1.317611,162.37
36400,0.54,0.43,0.03,0.105363,0.09922749,1.119406,180.57
36500,0.43,0.55,0.02,0.09498563,0.09747117,0.6984035,144.2
36600,0.48,0.5,0.02,0.1038714,0.09920746,0.6146044,137.16
36700,0.39,0.57,0.04,0.1029786,0.0985099,1.085609,158.7
36800,0.42,0.54,0.04,0.1076825,0.09810257,1.127209,152.29
36900,0.5,0.46,0.04,0.1019504,0.09943188,0.923606,149.94
37000,0.49,0.5,0.01,0.1159302,0.1095201,0.5150017,120.37
37100,0.44,0.55,0.01,0.1026215,0.09807617,0.5110019,130.95
37200,0.38,0.59,0.03,0.1101842,0.1043549,0.4560015,150.22
37300,0.53,0.46,0.01,0.09574089,0.1009294,0.5318022,113.02
37400,0.51,0.47,0.02,0.1053283,0.1064975,0.7040038,122.77
37500,0.47,0.45,0.08,0.09619932,0.1035535,1.854015,210.46
37600,0.5,0.49,0.01,0.09627042,0.09802376,0.5672024,127.21
37700,0.52,0.44,0.04,0.1020698,0.1015425,0.7624038,170.2
37800,0.43,0.53,0.04,0.0988382,0.1007248,1.115409,146.17
37900,0.43,0.52,0.05,0.1051625,0.1052304,0.8618061,153.22
38000,0.48,0.49,0.03,0.1029077,0.09588549,0.5514014,158.66
38100,0.45,0.52,0.03,0.1001745,0.09293913,0.9496075,140.38
38200,0.48,0.48,0.04,0.09897444,0.1026303,1.030409,163.77
38300,0.43,0.53,0.04,0.1048221,0.1154587,0.8062038,171.03
38400,0.48,0.49,0.03,0.09423663,0.0915041,0.7440047,147.07
38500,0.52,0.43,0.05,0.09749861,0.1049479,1.156009,176.55
38600,0.42,0.53,0.05,0.09245906,0.09059374,1.115408,173.88
38700,0.44,0.53,0.03,0.09130698,0.09323151,0.8464068,145.97
38800,0.54,0.4,0.06,0.09656401,0.08960551,1.265408,179.91
38900,0.45,0.52,0.03,0.08737755,0.09447237,0.9974062,151.44
39000,0.44,0.52,0.04,0.09312084,0.09749988,1.026607,175.45
39100,0.47,0.5,0.03,0.09857593,0.1013246,0.798604,156.7
39200,0.38,0.57,0.05,0.09320129,0.08811675,1.152009,166.52
39300,0.57,0.41,0.02,0.0968416,0.08781058,0.7690037,142.18
39400,0.46,0.51,0.03,0.09946106,0.0951506,0.6910015,147.84
39500,0.49,0.48,0.03,0.1094861,0.1029383,0.9406067,142.2
39600,0.39,0.56,0.05,0.09135465,0.0930355,1.312611,175.83
39700,0.44,0.54,0.02,0.08513049,0.09105251,0.8692043,154
39800,0.59,0.4,0.01,0.09568529,0.09325504,0.6290021,124.06
39900,0.46,0.51,0.03,0.09362945,0.09006465,0.9636069,148.22
40000,0.45,0.5,0.05,0.09738721,0.1085222,1.20321,165.85
40100,0.49,0.5,0.01,0.1171286,0.114659,0.653201,126.53
40200,0.46,0.5,0.04,0.0966348,0.0896915,0.906606,176.18
40300,0.45,0.51,0.04,0.09610945,0.09797018,1.099008,162.11
40400,0.43,0.54,0.03,0.08955865,0.09099953,0.9206041,148.25
40500,0.53,0.45,0.02,0.09247604,0.08966099,0.3843997,129.26
40600,0.42,0.57,0.01,0.1045689,0.09929562,0.5060018,125.42
40700,0.5,0.49,0.01,0.09803636,0.09460033,0.6416015,130.15
40800,0.52,0.45,0.03,0.08851957,0.09146725,0.751204,138.41
40900,0.45,0.5,0.05,0.0874865,0.08660202,1.460412,201.21
41000,0.51,0.48,0.01,0.09088745,0.09162701,0.8202016,138.27
41100,0.46,0.52,0.02,0.09709021,0.1041712,0.6842046,103.45
41200,0.44,0.53,0.03,0.1026217,0.08979548,0.5242019,135.66
41300,0.41,0.56,0.03,0.09815988,0.09783605,1.036806,152.56
41400,0.45,0.51,0.04,0.09805159,0.1022045,0.7586043,142.95
41500,0.51,0.46,0.03,0.09379821,0.09524096,1.107006,158.58
41600,0.43,0.52,0.05,0.09813374,0.09524788,1.073008,168.13
41700,0.6,0.39,0.01,0.09014229,0.08695831,0.5875995,140.1
41800,0.43,0.56,0.01,0.09041676,0.08916675,0.3678022,123.24
41900,0.45,0.5,0.05,0.09796684,0.09992674,1.393811,168.62
42000,0.41,0.56,0.03,0.1071944,0.1015132,0.7456044,152.77
42100,0.48,0.47,0.05,0.1043698,0.1107941,1.244209,157.02
42200,0.4,0.58,0.02,0.09161237,0.08671569,0.6454045,145.73
42300,0.39,0.56,0.05,0.1031827,0.09927201,1.445211,169.9
42400,0.38,0.6,0.02,0.09450459,0.09372336,0.6322042,134.92
42500,0.46,0.5,0.04,0.09110311,0.08702224,1.032807,147.14
42600,0.48,0.49,0.03,0.1037332,0.1210725,0.5472015,137.83
42700,0.32,0.63,0.05,0.08667339,0.08017644,0.8376075,175.13
42800,0.57,0.4,0.03,0.09155414,0.08915881,0.9872063,137.97
42900,0.47,0.48,0.05,0.08634966,0.08694898,1.096408,180.53
43000,0.41,0.54,0.05,0.08906291,0.08672756,1.091408,163.39
43100,0.48,0.5,0.02,0.09535945,0.09238959,0.771605,148.13
43200,0.45,0.52,0.03,0.1004062,0.09301023,1.027806,153.15
43300,0.37,0.6,0.03,0.09337337,0.1031453,0.6062036,127.25
43400,0.51,0.48,0.01,0.09801562,0.09544192,0.5946018,142.3
43500,0.49,0.48,0.03,0.08874719,0.08326986,0.9140061,156.03
43600,0.49,0.47,0.04,0.1008946,0.082765,1.229409,158.86
43700,0.34,0.64,0.02,0.09114145,0.08460185,0.6154045,132.86
43800,0.51,0.46,0.03,0.09134438,0.1001455,0.8546039,159.4
43900,0.44,0.52,0.04,0.09164507,0.09249458,0.9958081,162.16
44000,0.47,0.49,0.04,0.09539223,0.09347769,1.135807,150.62
44100,0.45,0.52,0.03,0.1008425,0.1020148,0.9758058,151.67
44200,0.51,0.46,0.03,0.09362004,0.09539459,0.7840045,125.67
44300,0.46,0.51,0.03,0.09878313,0.09661835,0.503602,160.36
44400,0.52,0.46,0.02,0.09193053,0.0864234,0.7990043,132.74
44500,0.49,0.46,0.05,0.08985307,0.0879862,1.062608,167.83
44600,0.45,0.55,0,0.09051234,0.08974661,0.4317997,116.77
44700,0.56,0.42,0.02,0.09937542,0.09441566,0.8368042,141.94
44800,0.49,0.48,0.03,0.09399135,0.1078704,0.9168068,143.25
44900,0.56,0.41,0.03,0.0949415,0.09156619,1.112207,161.83
45000,0.39,0.6,0.01,0.09147415,0.0892831,0.4882019,130.24
45100,0.52,0.47,0.01,0.09097215,0.09573238,0.6558014,108.87
45200,0.36,0.61,0.03,0.09189932,0.08700002,0.8300059,131.33
45300,0.51,0.49,0,0.0857012,0.08901224,0.6451996,124.63
45400,0.48,0.48,0.04,0.08288659,0.0864482,1.066008,180.04
45500,0.59,0.39,0.02,0.09073788,0.09053847,0.5150024,130.9
45600,0.47,0.5,0.03,0.08749203,0.08773919,0.9516043,150.63
45700,0.48,0.48,0.04,0.09338756,0.09774932,1.099609,145.95
45800,0.41,0.55,0.04,0.1147277,0.1127537,0.9020065,168.04
45900,0.51,0.48,0.01,0.08980367,0.09238898,0.6454021,141
46000,0.48,0.48,0.04,0.09151329,0.08699353,0.7586058,161.76
46100,0.45,0.55,0,0.09507665,0.094098,0.2813998,117.24
46200,0.51,0.48,0.01,0.09516664,0.09578095,0.2745998,118.06
46300,0.48,0.51,0.01,0.08883142,0.08667336,0.511802,137.84
46400,0.51,0.42,0.07,0.09351023,0.1205797,1.328809,181.13
46500,0.43,0.5,0.07,0.09622581,0.0837201,0.8922073,192.23
46600,0.46,0.53,0.01,0.08573417,0.08433161,0.6274014,121.75
46700,0.41,0.54,0.05,0.09527531,0.0910798,1.311611,168.36
46800,0.47,0.53,0,0.1021505,0.09248871,0.3737997,119
46900,0.47,0.51,0.02,0.08716964,0.09799837,0.9276053,139.16
47000,0.42,0.55,0.03,0.09121142,0.08269475,0.6476046,146.75
47100,0.49,0.5,0.01,0.09214982,0.1037175,0.5106014,112.39
47200,0.5,0.46,0.04,0.0870704,0.08316001,0.9002064,155.58
47300,0.54,0.44,0.02,0.08700994,0.08297463,0.851604,153.84
47400,0.43,0.53,0.04,0.09075107,0.08529936,0.8388066,140.82
47500,0.49,0.49,0.02,0.09947975,0.08769213,0.7328041,147.42
47600,0.52,0.42,0.06,0.08897565,0.09643954,1.271811,170.87
47700,0.5,0.47,0.03,0.09446513,0.1126603,0.9466057,151.19
47800,0.43,0.55,0.02,0.08870851,0.08744687,0.3660021,129.14
47900,0.5,0.49,0.01,0.08861063,0.09669307,0.546002,131.38
48000,0.4,0.56,0.04,0.09156717,0.09545073,0.7708065,149.86
48100,0.46,0.49,0.05,0.09168912,0.09359527,0.9828092,173.59
48200,0.51,0.45,0.04,0.09203282,0.0960694,1.017806,177.17
48300,0.5,0.44,0.06,0.1003605,0.1054953,1.627812,179.22
48400,0.6,0.39,0.01,0.09722867,0.09697483,0.6086016,104.75
48500,0.44,0.52,0.04,0.0972245,0.1069854,1.169208,150.66
48600,0.41,0.54,0.05,0.09512539,0.08886211,0.8506067,154.05
48700,0.37,0.57,0.06,0.09771218,0.1002558,1.123809,177.87
48800,0.46,0.5,0.04,0.09701248,0.1174142,1.114208,148.49
48900,0.47,0.52,0.01,0.08874668,0.08452922,0.5608019,129.71
49000,0.54,0.46,0,0.09384018,0.09987352,0.5475996,116.89
49100,0.35,0.62,0.03,0.09398822,0.09106721,0.9224061,152.28
49200,0.49,0.46,0.05,0.09363779,0.08308348,1.344009,172.19
49300,0.45,0.52,0.03,0.1067807,0.09297316,0.7732055,131.74
49400,0.34,0.6,0.06,0.08669098,0.09109404,1.037008,175.14
49500,0.47,0.52,0.01,0.09907062,0.115359,0.6880019,132.89
49600,0.5,0.48,0.02,0.08975955,0.08969194,0.5180019,133.24
49700,0.44,0.53,0.03,0.09122862,0.08423604,0.6700034,127.8
49800,0.41,0.56,0.03,0.09340423,0.09824511,0.6270044,129.95
49900,0.47,0.51,0.02,0.08561943,0.08691233,0.7504022,162.96
50000,0.49,0.47,0.04,0.08399988,0.0831531,0.8116052,156.01
50100,0.44,0.45,0.11,0.09911466,0.1078013,1.83942,218.45
50200,0.5,0.47,0.03,0.1028947,0.1133186,0.7508037,124.81
50300,0.5,0.43,0.07,0.09569724,0.09626336,1.522012,171.19
50400,0.46,0.51,0.03,0.09479781,0.09903446,1.072607,141.52
50500,0.5,0.46,0.04,0.09545703,0.1136485,0.7602041,141.91
50600,0.43,0.55,0.02,0.09340473,0.08944287,0.6848044,139.74
50700,0.48,0.49,0.03,0.08812542,0.09744174,0.5678021,145.31
50800,0.42,0.55,0.03,0.09765714,0.09166077,0.9002062,149.04
50900,0.44,0.52,0.04,0.1018884,0.1045937,1.011207,150.59
51000,0.51,0.44,0.05,0.09056592,0.09790064,0.9266064,146.14
51100,0.47,0.49,0.04,0.0888318,0.1023024,1.095808,158.2
51200,0.48,0.47,0.05,0.08623378,0.08224022,1.100009,161.71
51300,0.51,0.47,0.02,0.08984318,0.09593269,0.8880046,145.13
51400,0.44,0.54,0.02,0.09436437,0.1043624,0.6314042,149.12
51500,0.52,0.44,0.04,0.08901556,0.08375635,1.042008,158.5
51600,0.39,0.57,0.04,0.09164844,0.09096394,0.7626066,146.72
51700,0.5,0.46,0.04,0.09184437,0.09519907,0.7320045,157.82
51800,0.49,0.5,0.01,0.09010369,0.08589257,0.4529997,131.48
51900,0.43,0.55,0.02,0.09405711,0.09313557,0.7094043,122.41
52000,0.43,0.57,0,0.08768973,0.08486921,0.2895998,100.78
52100,0.55,0.43,0.02,0.08540849,0.08832106,0.9062025,152.57
52200,0.44,0.49,0.07,0.08339997,0.08539048,1.684015,180.54
52300,0.45,0.52,0.03,0.1086877,0.1139183,0.9376077,118.64
52400,0.44,0.56,0,0.0983138,0.09964362,0.2653998,124.37
52500,0.42,0.53,0.05,0.09473619,0.09026203,1.34941,173.86
52600,0.46,0.5,0.04,0.09482612,0.09894944,1.14241,139.41
52700,0.56,0.43,0.01,0.08476274,0.07805523,0.4275996,129.18
52800,0.43,0.55,0.02,0.0897918,0.1113575,0.7736046,133.01
52900,0.42,0.56,0.02,0.09078551,0.09684531,0.7226042,152.4
53000,0.44,0.51,0.05,0.08645279,0.0868602,1.002607,162.07
53100,0.56,0.39,0.05,0.09182215,0.1012401,1.451612,170.69
53200,0.49,0.47,0.04,0.08211812,0.08360682,0.9634061,162.5
53300,0.48,0.46,0.06,0.08552855,0.0854249,1.428612,180.56
53400,0.47,0.51,0.02,0.115872,0.09923783,0.4679996,130.56
53500,0.45,0.48,0.07,0.0910115,0.08986,1.586215,169.87
53600,0.35,0.62,0.03,0.1035102,0.1141401,0.5502024,165.56
53700,0.45,0.5,0.05,0.08311257,0.08484828,0.6738045,154.04
53800,0.42,0.52,0.06,0.08642957,0.08310069,1.108812,159.53
53900,0.42,0.49,0.09,0.09183677,0.09140588,1.339812,188.59
54000,0.46,0.49,0.05,0.08432035,0.0839195,0.9192068,183.78
54100,0.5,0.47,0.03,0.08772884,0.08504368,1.021806,147.04
54200,0.49,0.45,0.06,0.09240253,0.09208003,1.08701,163.35
54300,0.47,0.5,0.03,0.08274069,0.08181327,0.6850049,145.41
54400,0.54,0.46,0,0.08432889,0.07685232,0.4171996,134.83
54500,0.45,0.53,0.02,0.09395425,0.09282921,0.6808042,161.29
54600,0.5,0.47,0.03,0.08531471,0.09785274,0.8938075,148.69
54700,0.42,0.55,0.03,0.09879379,0.1018966,0.9474061,174.81
54800,0.54,0.42,0.04,0.09139977,0.0935926,1.164609,143.76
54900,0.38,0.57,0.05,0.09183168,0.09954433,0.9290085,160.4
55000,0.48,0.51,0.01,0.08858465,0.09857988,0.6316016,128.62
55100,0.38,0.59,0.03,0.08497196,0.08106191,0.5630035,140.22
55200,0.51,0.47,0.02,0.1111887,0.1248494,0.6528046,114.44
55300,0.43,0.55,0.02,0.0996258,0.09984659,0.5520012,145.55
55400,0.52,0.44,0.04,0.09083001,0.08607887,0.8356059,176.02
55500,0.35,0.6,0.05,0.08754006,0.07603631,0.6876045,188.09
55600,0.49,0.48,0.03,0.09515419,0.09682117,0.8102049,126.96
55700,0.49,0.5,0.01,0.08765554,0.09058534,0.6496021,129.17
55800,0.51,0.45,0.04,0.1072903,0.1078052,0.8092047,145.54
55900,0.38,0.58,0.04,0.1026538,0.1141103,0.8620076,141.24
56000,0.54,0.43,0.03,0.09316096,0.08738904,0.6478015,130.09
56100,0.47,0.5,0.03,0.08765677,0.09089767,0.8404065,136.25
56200,0.4,0.57,0.03,0.08192906,0.08102291,0.9228065,147.6
56300,0.48,0.51,0.01,0.1067391,0.1259907,0.4222013,112.61
56400,0.46,0.51,0.03,0.09016154,0.08599577,0.6068035,117.18
56500,0.41,0.54,0.05,0.08970647,0.09019471,1.435611,163.85
56600,0.47,0.48,0.05,0.08559262,0.08280884,1.038608,163.7
56700,0.49,0.44,0.07,0.09041877,0.08434242,0.8620049,180.19
56800,0.49,0.5,0.01,0.09258939,0.09896515,0.6514023,134.55
56900,0.42,0.55,0.03,0.08979651,0.09653642,0.8510067,134.74
57000,0.37,0.57,0.06,0.08672728,0.1036278,1.072808,169.9
57100,0.49,0.48,0.03,0.100436,0.1118219,0.5394022,145.88
57200,0.43,0.54,0.03,0.08263655,0.07936022,0.624604,161.22
57300,0.47,0.49,0.04,0.09950254,0.09994242,1.046206,168.53
57400,0.42,0.56,0.02,0.08529224,0.08032217,0.6980033,172.2
57500,0.38,0.57,0.05,0.0801645,0.08145386,1.075608,187.57
57600,0.46,0.51,0.03,0.1009107,0.1167456,0.7168044,131.79
57700,0.32,0.63,0.05,0.08772916,0.08981333,1.012009,156.21
57800,0.37,0.54,0.09,0.08911375,0.0901759,1.449414,200.79
57900,0.48,0.52,0,0.09029054,0.09294038,0.3935997,103.83
58000,0.55,0.41,0.04,0.09177258,0.09050348,1.029407,164.73
58100,0.44,0.49,0.07,0.08903813,0.09523037,1.256211,173.86
58200,0.5,0.46,0.04,0.08753293,0.08108667,1.126608,151.7
58300,0.54,0.44,0.02,0.08440608,0.08538887,0.6352023,132.19
58400,0.46,0.49,0.05,0.08912785,0.07824834,1.125409,161.55
58500,0.4,0.58,0.02,0.09268192,0.1113573,0.4764019,128.78
58600,0.43,0.47,0.1,0.09216997,0.0950678,1.781018,204.61
58700,0.42,0.5,0.08,0.08850717,0.1006823,1.759618,194.1
58800,0.47,0.52,0.01,0.1012608,0.1008092,0.4220021,136.84
58900,0.52,0.44,0.04,0.09428933,0.1078118,1.058206,144.5
59000,0.41,0.56,0.03,0.0837094,0.08463884,0.6490043,153.5
59100,0.48,0.48,0.04,0.08894227,0.091765,1.144409,133.44
59200,0.43,0.53,0.04,0.08110243,0.08972165,1.049209,142.82
59300,0.53,0.45,0.02,0.09335147,0.1015771,0.6892049,142.61
59400,0.43,0.53,0.04,0.08997754,0.08409116,0.962409,140.9
59500,0.49,0.43,0.08,0.1006477,0.1037884,1.165812,176.4
59600,0.39,0.61,0,0.09032366,0.08229434,0.2567998,113.87
59700,0.45,0.49,0.06,0.08686744,0.08314602,1.24621,160.85
59800,0.47,0.51,0.02,0.08395708,0.1060419,0.9548041,138.55
59900,0.53,0.44,0.03,0.08980438,0.09145077,0.4524015,142.4
60000,0.41,0.54,0.05,0.08583692,0.08236333,1.215411,169.63
60100,0.47,0.52,0.01,0.08007621,0.08202226,0.4678023,117.78
60200,0.46,0.48,0.06,0.09676459,0.1028543,1.237213,158.03
60300,0.44,0.51,0.05,0.08709594,0.09819269,1.21301,149.28
60400,0.42,0.54,0.04,0.08890935,0.08569661,1.033608,139.61
60500,0.4,0.55,0.05,0.08213511,0.1012546,1.199611,177.17
60600,0.43,0.5,0.07,0.08885158,0.0995033,1.530815,175.68
60700,0.48,0.48,0.04,0.08160161,0.08003542,1.109806,161
60800,0.39,0.56,0.05,0.09313032,0.09679129,0.8494063,177.41
60900,0.41,0.49,0.1,0.08533894,0.09335452,1.584015,214.5
61000,0.46,0.52,0.02,0.09554583,0.1028731,0.6106022,137.47
61100,0.45,0.5,0.05,0.08736598,0.07904936,1.325611,154.93
61200,0.4,0.55,0.05,0.1029403,0.09810767,1.136408,154.44
61300,0.42,0.54,0.04,0.08330505,0.09336653,0.7506042,154.03
61400,0.51,0.44,0.05,0.09382801,0.09639802,1.083209,170.46
61500,0.45,0.5,0.05,0.08620466,0.1023872,1.032209,148.88
61600,0.44,0.51,0.05,0.08601478,0.09375126,1.027408,172.93
61700,0.41,0.56,0.03,0.0953932,0.1040412,0.8686068,136.5
61800,0.45,0.51,0.04,0.08977812,0.08097626,0.8122065,138.36
61900,0.46,0.51,0.03,0.08551732,0.07722309,0.7068046,153.52
62000,0.45,0.52,0.03,0.1106583,0.123065,0.518002,111.49
62100,0.42,0.55,0.03,0.08412359,0.08312631,0.8022064,171.3
62200,0.37,0.56,0.07,0.08618283,0.08523465,1.136211,187.04
62300,0.5,0.46,0.04,0.09189674,0.09666584,1.094009,153.47
62400,0.52,0.42,0.06,0.08389822,0.09098194,1.010009,171.77
62500,0.39,0.58,0.03,0.09055091,0.08560781,0.7902052,118.87
62600,0.46,0.49,0.05,0.08442954,0.08465373,0.9398072,157.19
62700,0.42,0.54,0.04,0.08238516,0.07619873,0.8328068,137.11
62800,0.46,0.51,0.03,0.09031381,0.09655526,0.8162068,126.02
62900,0.5,0.43,0.07,0.0882063,0.09314957,1.494415,181
63000,0.38,0.57,0.05,0.08989679,0.08928832,0.9216086,138.97
63100,0.46,0.48,0.06,0.09197202,0.09284121,1.257609,158.87
63200,0.45,0.51,0.04,0.09184691,0.09042862,0.9796063,166.31
63300,0.46,0.48,0.06,0.1009729,0.1036413,1.139411,166.39
63400,0.43,0.52,0.05,0.08935314,0.0936015,1.16041,159.39
63500,0.42,0.57,0.01,0.08070888,0.08078927,0.4566024,114.66
63600,0.41,0.56,0.03,0.08145194,0.08036352,0.5132017,151.72
63700,0.44,0.52,0.04,0.08386412,0.08714028,1.146609,169.99
63800,0.51,0.45,0.04,0.08268629,0.08245891,0.793206,153.95
63900,0.51,0.47,0.02,0.07582322,0.07580806,0.7620048,125.88
64000,0.49,0.48,0.03,0.08922964,0.0961421,0.872206,145.84
64100,0.49,0.48,0.03,0.08023115,0.1010171,0.7450036,147.75
64200,0.5,0.45,0.05,0.07686828,0.07229513,0.8304064,164.76
64300,0.46,0.43,0.11,0.08514405,0.07964537,1.91082,212.91
64400,0.34,0.61,0.05,0.0830217,0.08068566,1.062209,153.61
64500,0.39,0.57,0.04,0.0937627,0.1075616,0.8270068,165.87
64600,0.43,0.56,0.01,0.0813681,0.08338162,0.6120023,141.58
64700,0.47,0.47,0.06,0.08110502,0.07582989,1.272012,185.75
64800,0.52,0.46,0.02,0.07814446,0.07719436,0.7438015,145.21
64900,0.46,0.53,0.01,0.08527353,0.08485606,0.4094006,113.82
65000,0.45,0.53,0.02,0.08848888,0.081545,0.466802,144.36
65100,0.36,0.6,0.04,0.08386503,0.08330341,0.7322067,140.44
65200,0.53,0.45,0.02,0.08754812,0.08392823,0.663604,136.61
65300,0.51,0.44,0.05,0.08992073,0.1084808,1.193409,157.16
65400,0.48,0.49,0.03,0.09163629,0.09921356,0.6350022,141.28
65500,0.39,0.53,0.08,0.09143636,0.1049282,1.417214,198.45
65600,0.45,0.52,0.03,0.08556245,0.08132365,1.020607,154.22
65700,0.43,0.53,0.04,0.0852884,0.07956062,0.9736064,142.96
65800,0.45,0.5,0.05,0.0956587,0.09096412,0.8506071,157.38
65900,0.46,0.52,0.02,0.08282613,0.07690057,0.577202,142.72
66000,0.38,0.58,0.04,0.07798025,0.08774798,0.8764071,138.94
66100,0.4,0.57,0.03,0.08128598,0.09078257,0.740604,154.27
66200,0.36,0.59,0.05,0.08673518,0.07808921,0.9872082,150.21
66300,0.43,0.55,0.02,0.08353526,0.08270612,0.5890046,138.81
66400,0.39,0.59,0.02,0.07582395,0.08549533,0.4202021,143.57
66500,0.53,0.44,0.03,0.09049978,0.1135034,0.9604031,159.04
66600,0.53,0.43,0.04,0.07662333,0.07796157,1.188408,138.15
66700,0.44,0.53,0.03,0.1036707,0.08847917,0.7106045,137.99
66800,0.45,0.53,0.02,0.08264663,0.08324593,0.5746022,134.46
66900,0.46,0.51,0.03,0.07908411,0.08510916,0.8840066,138.64
67000,0.52,0.43,0.05,0.08626703,0.07723896,0.5376022,150.02
67100,0.4,0.55,0.05,0.08349445,0.09397224,0.9472066,179.6
67200,0.37,0.59,0.04,0.08636776,0.09066994,0.8534069,157.94
67300,0.48,0.47,0.05,0.09015314,0.08438679,1.08901,163.74
67400,0.46,0.48,0.06,0.08662056,0.08895563,1.381614,171.16
67500,0.48,0.48,0.04,0.08522198,0.08002173,1.259009,152.32
67600,0.48,0.5,0.02,0.08866186,0.08236949,0.8648044,146
67700,0.47,0.51,0.02,0.07874989,0.08512549,0.4597996,136.57
67800,0.47,0.49,0.04,0.087519,0.08729878,1.08081,148.15
67900,0.37,0.6,0.03,0.09276207,0.09863655,0.8226065,157.23
68000,0.38,0.55,0.07,0.08673996,0.08115793,1.400813,161.32
68100,0.52,0.43,0.05,0.08289868,0.0939115,1.17521,178.39
68200,0.47,0.47,0.06,0.09666184,0.08882458,1.389614,166.04
68300,0.43,0.55,0.02,0.0850812,0.08921084,0.786004,131.61
68400,0.45,0.52,0.03,0.07805482,0.08293658,0.6794044,138.56
68500,0.51,0.46,0.03,0.09497569,0.09904125,0.7114047,137.2
68600,0.5,0.48,0.02,0.09471986,0.08813387,0.8410039,140.55
68700,0.38,0.57,0.05,0.09221424,0.08295508,0.8312069,143.42
68800,0.49,0.49,0.02,0.08573777,0.08280401,0.7838038,126.08
68900,0.41,0.57,0.02,0.08556856,0.08555723,0.493602,130.49
69000,0.48,0.51,0.01,0.08529595,0.07499032,0.5426022,127.15
69100,0.46,0.53,0.01,0.08674433,0.09274121,0.6664011,116.39
69200,0.41,0.54,0.05,0.09071016,0.09323351,0.928807,155.27
69300,0.46,0.52,0.02,0.07788742,0.07744853,0.6426037,134.33
69400,0.41,0.57,0.02,0.08721106,0.07831565,0.5468038,135.86
69500,0.45,0.52,0.03,0.08633889,0.09302393,0.5356024,136
69600,0.42,0.55,0.03,0.07962948,0.07346412,0.7272047,141.2
69700,0.42,0.53,0.05,0.08804638,0.08378573,1.07361,141.51
69800,0.42,0.56,0.02,0.09548915,0.10856,0.647804,105.35
69900,0.5,0.42,0.08,0.07760856,0.07346798,1.452014,194.33
70000,0.43,0.52,0.05,0.08046685,0.09537701,1.089408,175.68
70100,0.41,0.56,0.03,0.07940131,0.0831343,0.9228075,149.61
70200,0.45,0.53,0.02,0.08770707,0.08107591,0.5804018,122.39
70300,0.61,0.38,0.01,0.08363026,0.08603206,0.4975996,123.81
70400,0.53,0.44,0.03,0.08309545,0.0861372,1.094206,149.23
70500,0.49,0.48,0.03,0.07815463,0.0777152,0.7624065,138.83
70600,0.43,0.51,0.06,0.09880719,0.1036331,1.160809,181.71
70700,0.44,0.55,0.01,0.09534331,0.1188371,0.4572017,116.49
70800,0.44,0.52,0.04,0.08513401,0.09183595,1.200809,152.13
70900,0.49,0.47,0.04,0.08336976,0.08483428,0.8236063,148.57
71000,0.49,0.48,0.03,0.08765194,0.09084074,0.4448017,149.95
71100,0.46,0.49,0.05,0.0793362,0.09029161,1.407812,169.25
71200,0.51,0.46,0.03,0.08514039,0.08310243,1.071407,138.17
71300,0.45,0.52,0.03,0.08255047,0.08242963,0.8622064,141.26
71400,0.5,0.49,0.01,0.08382881,0.08031375,0.4455997,118.49
71500,0.45,0.52,0.03,0.07324655,0.07115406,0.7564047,154.06
71600,0.41,0.5,0.09,0.0765236,0.08894709,1.933218,191.52
71700,0.4,0.58,0.02,0.07829825,0.07816599,0.3715997,132.34
71800,0.41,0.54,0.05,0.08428941,0.07930816,0.7492037,163.28
71900,0.47,0.49,0.04,0.07895532,0.08056655,1.164008,145.76
72000,0.46,0.52,0.02,0.08409,0.08334587,0.5960034,127.38
72100,0.37,0.58,0.05,0.08868364,0.08980015,1.057811,150.87
72200,0.41,0.5,0.09,0.077472,0.08063545,1.797218,183.43
72300,0.42,0.52,0.06,0.08115961,0.08704189,1.524213,164.35
72400,0.48,0.51,0.01,0.09000234,0.08543556,0.6716022,120.27
72500,0.52,0.43,0.05,0.09004807,0.09850304,0.9814083,151.06
72600,0.49,0.47,0.04,0.07386559,0.07831889,0.9396063,142.75
72700,0.49,0.47,0.04,0.08414867,0.08451255,0.8164074,148.72
72800,0.45,0.52,0.03,0.0989967,0.1078082,0.9106061,139.14
72900,0.47,0.51,0.02,0.08066289,0.08780646,0.7922041,124.01
73000,0.43,0.54,0.03,0.08259767,0.07541703,0.838607,124.67
73100,0.49,0.47,0.04,0.09120852,0.09315941,1.117209,160.85
73200,0.43,0.55,0.02,0.09084991,0.08698776,0.6078039,128.37
73300,0.48,0.46,0.06,0.09387475,0.08863228,1.592814,156.55
73400,0.46,0.5,0.04,0.09778745,0.1027445,1.340611,157.09
73500,0.45,0.5,0.05,0.0862992,0.1033332,0.7806064,148.99
73600,0.38,0.56,0.06,0.09048834,0.07749534,1.096208,168.33
73700,0.42,0.54,0.04,0.09865897,0.09721746,0.8550054,155.22
73800,0.51,0.44,0.05,0.08646055,0.09665049,1.103609,161.95
73900,0.53,0.43,0.04,0.07634852,0.07996177,0.9332073,135.95
74000,0.39,0.55,0.06,0.07707027,0.07963061,1.365213,162.02
74100,0.52,0.44,0.04,0.08833289,0.09483723,1.164809,167.96
74200,0.36,0.59,0.05,0.0841343,0.08332318,0.997608,145.52
74300,0.5,0.47,0.03,0.08225148,0.07480761,0.880807,149.73
74400,0.42,0.56,0.02,0.105488,0.1134165,0.5874017,123.67
74500,0.45,0.52,0.03,0.09623302,0.114194,0.6516041,120.03
74600,0.43,0.52,0.05,0.07430294,0.07245517,0.8736057,172.72
74700,0.46,0.49,0.05,0.07732362,0.0775035,1.11141,181.02
74800,0.46,0.49,0.05,0.0807135,0.09646896,1.294011,155.32
74900,0.47,0.49,0.04,0.08105516,0.08860734,0.9270071,148.71
75000,0.42,0.53,0.05,0.09336682,0.08377463,1.08601,158.69
75100,0.49,0.47,0.04,0.07832831,0.08100284,0.8010068,133.7
75200,0.46,0.52,0.02,0.07864515,0.07255671,0.3476015,112.66
75300,0.43,0.54,0.03,0.1117925,0.1112571,0.7452066,147.87
75400,0.42,0.55,0.03,0.08410709,0.08546285,0.6194044,130.46
75500,0.47,0.44,0.09,0.07842555,0.08652966,1.752017,187.35
75600,0.51,0.4,0.09,0.09417892,0.08803054,1.611216,179
75700,0.38,0.59,0.03,0.07671472,0.09082291,0.8278067,149.42
75800,0.48,0.49,0.03,0.0886976,0.09369186,0.5944042,136.05
75900,0.43,0.5,0.07,0.1038025,0.104276,1.187011,162.3
76000,0.47,0.49,0.04,0.09207124,0.08273367,0.9088062,143.7
76100,0.45,0.51,0.04,0.09760703,0.09899688,0.9012058,138.8
76200,0.51,0.45,0.04,0.09861767,0.0913237,0.7464043,123.34
76300,0.41,0.57,0.02,0.08005469,0.07494772,0.6556051,140.97
76400,0.4,0.55,0.05,0.09201885,0.09150969,0.4710024,150.75
76500,0.45,0.51,0.04,0.08735182,0.09290665,0.7636048,143.98
76600,0.42,0.55,0.03,0.08541104,0.08632711,0.8904067,143.75
76700,0.42,0.51,0.07,0.08294491,0.07583681,0.6994061,175.7
76800,0.54,0.44,0.02,0.08495408,0.08049604,0.653602,135.3
76900,0.38,0.58,0.04,0.07430736,0.07782599,1.010807,176.63
77000,0.52,0.43,0.05,0.09670138,0.09780921,0.9436057,136.44
77100,0.45,0.5,0.05,0.09076244,0.09183612,1.032809,157.8
77200,0.46,0.49,0.05,0.08630699,0.07741698,0.772606,167.79
77300,0.49,0.48,0.03,0.08214857,0.08999796,0.7164045,149.01
77400,0.52,0.46,0.02,0.08044965,0.08632295,0.6922041,146.53
77500,0.47,0.44,0.09,0.07852674,0.08080935,2.08402,189.88
77600,0.43,0.51,0.06,0.07344447,0.07681932,1.281611,167.7
77700,0.44,0.5,0.06,0.08333318,0.08180373,1.119412,157.08
77800,0.37,0.55,0.08,0.09957387,0.122518,1.123011,187.12
77900,0.42,0.55,0.03,0.08532665,0.07611228,0.7524069,133.01
78000,0.38,0.55,0.07,0.08176509,0.07199512,1.223211,160.74
78100,0.45,0.53,0.02,0.09489441,0.1109195,0.4314018,126.93
78200,0.52,0.41,0.07,0.07953437,0.08086234,1.136408,171.77
78300,0.51,0.49,0,0.1186196,0.1178754,0.2869998,94.85
78400,0.42,0.5,0.08,0.08717571,0.08346064,1.666614,175.61
78500,0.4,0.55,0.05,0.0841618,0.08442303,1.01921,163.79
78600,0.48,0.46,0.06,0.09133837,0.08538134,0.9488083,150.59
78700,0.47,0.5,0.03,0.08128531,0.0813271,0.9206069,119.65
78800,0.39,0.56,0.05,0.07460687,0.07361444,1.084011,161.43
78900,0.38,0.55,0.07,0.09624,0.103163,1.405813,166.61
79000,0.47,0.5,0.03,0.09335107,0.08448395,0.8024046,147.43
79100,0.47,0.51,0.02,0.09670741,0.098988,0.669005,120.27
79200,0.49,0.47,0.04,0.08493971,0.09896532,0.9664072,141.22
79300,0.53,0.46,0.01,0.088293,0.08010724,0.5528021,130.71
79400,0.36,0.57,0.07,0.07514927,0.08184558,1.171412,170.87
79500,0.44,0.52,0.04,0.08079477,0.07715759,1.033609,149.33
79600,0.45,0.5,0.05,0.08133241,0.09085491,0.8852069,167.73
79700,0.42,0.54,0.04,0.08153838,0.07776225,0.7812065,140.22
79800,0.45,0.49,0.06,0.09861346,0.1040673,1.006808,149.89
79900,0.5,0.47,0.03,0.07838247,0.06983291,0.8884062,131.76
80000,0.42,0.58,0,0.08728314,0.09094618,0.4626015,119.05
80100,0.41,0.54,0.05,0.08188066,0.08702196,1.090609,154.81
80200,0.4,0.57,0.03,0.08097532,0.07798653,0.5852045,124.61
80300,0.5,0.47,0.03,0.08560596,0.07591888,0.6042048,143.25
80400,0.41,0.55,0.04,0.09953506,0.1356207,0.9252086,138.28
80500,0.42,0.55,0.03,0.08036589,0.08158231,0.6506042,130.05
80600,0.42,0.53,0.05,0.08015778,0.08346506,1.033209,163.36
80700,0.38,0.59,0.03,0.09545098,0.09592849,0.6450045,134.33
80800,0.42,0.5,0.08,0.09461664,0.1062805,1.676016,163.04
80900,0.44,0.52,0.04,0.08572223,0.08222533,0.8654074,138.87
81000,0.48,0.45,0.07,0.07601943,0.07361954,1.18761,169.8
81100,0.47,0.52,0.01,0.0939215,0.104106,0.6140031,148.45
81200,0.45,0.5,0.05,0.07564557,0.07965737,1.129811,156.4
81300,0.46,0.5,0.04,0.07331792,0.07236139,0.7458041,157.29
81400,0.41,0.55,0.04,0.08439216,0.08857467,1.002208,135.86
81500,0.44,0.49,0.07,0.08212638,0.08354789,1.072009,165.97
81600,0.48,0.51,0.01,0.08208381,0.09008802,0.595202,117.08
81700,0.5,0.47,0.03,0.08693238,0.07977762,0.5478019,132.49
81800,0.42,0.56,0.02,0.08806559,0.09636795,0.7086041,129.44
81900,0.44,0.55,0.01,0.07662622,0.07685981,0.4711996,141.24
82000,0.48,0.48,0.04,0.08823644,0.08452553,0.9042057,141.59
82100,0.45,0.5,0.05,0.07912362,0.081366,1.157809,159.75
82200,0.44,0.53,0.03,0.09304383,0.1023401,0.8026062,129.03
82300,0.43,0.54,0.03,0.08583239,0.07750909,0.8156067,164.68
82400,0.41,0.53,0.06,0.08333717,0.07946862,1.410212,164.37
82500,0.42,0.52,0.06,0.08787206,0.09724732,1.07601,177.45
82600,0.43,0.53,0.04,0.09034895,0.09651263,0.8444066,143.78
82700,0.46,0.52,0.02,0.08069289,0.08322787,0.8492048,135.25
82800,0.5,0.47,0.03,0.1028016,0.1029787,0.9920058,141.32
82900,0.55,0.43,0.02,0.1103183,0.1032989,0.7174045,132.32
83000,0.42,0.53,0.05,0.07896796,0.07814898,0.7666042,156.5
83100,0.53,0.44,0.03,0.09105168,0.09284386,0.8824049,140.47
83200,0.45,0.5,0.05,0.09048595,0.09341846,0.5934039,136.65
83300,0.49,0.49,0.02,0.08099128,0.09124582,0.8420042,138.94
83400,0.39,0.55,0.06,0.07824908,0.07186973,1.215011,168
83500,0.43,0.52,0.05,0.08454054,0.08251095,0.9700089,161.29
83600,0.47,0.49,0.04,0.07915152,0.08112242,0.9830079,161.06
83700,0.4,0.6,0,0.0847663,0.07897168,0.3547997,101.1
83800,0.48,0.48,0.04,0.07889391,0.0813301,1.096208,149.14
83900,0.38,0.57,0.05,0.09750985,0.09756801,1.055209,155.68
84000,0.4,0.55,0.05,0.07712737,0.08127269,0.6392037,150.02
84100,0.42,0.54,0.04,0.08957379,0.09194166,0.494204,134.03
84200,0.45,0.48,0.07,0.08044041,0.0802208,0.7468042,167.75
84300,0.38,0.58,0.04,0.09466667,0.1082219,0.8768089,123.78
84400,0.44,0.52,0.04,0.07529494,0.07895685,0.8550072,133.96
84500,0.41,0.54,0.05,0.07819722,0.07706413,0.8136049,164.51
84600,0.54,0.43,0.03,0.08122196,0.08929712,0.9506063,133.74
84700,0.46,0.49,0.05,0.08132716,0.08286268,1.280411,164.7
84800,0.5,0.44,0.06,0.08162093,0.07618158,1.395411,164.97
84900,0.42,0.54,0.04,0.08180127,0.0830327,1.10881,145.65
85000,0.47,0.5,0.03,0.09241156,0.1030933,0.8512045,159.68
85100,0.42,0.56,0.02,0.0912555,0.09122286,0.5248017,125.52
85200,0.5,0.46,0.04,0.08708113,0.08591262,0.8096041,147.48
85300,0.46,0.52,0.02,0.09712669,0.1103472,0.5126023,123.87
85400,0.43,0.49,0.08,0.08944578,0.0870672,1.406013,172.76
85500,0.47,0.48,0.05,0.0747695,0.09066769,0.7106037,166.55
85600,0.42,0.52,0.06,0.07652684,0.07648752,1.11501,168.38
85700,0.4,0.58,0.02,0.08901982,0.09747958,0.5796044,126.46
85800,0.45,0.48,0.07,0.08202653,0.08640834,1.422213,182.61
85900,0.44,0.5,0.06,0.08435315,0.09181038,1.286411,159.86
86000,0.47,0.5,0.03,0.0801226,0.08009213,0.8728068,154.88
86100,0.39,0.59,0.02,0.09200662,0.08734985,0.6612033,148.34
86200,0.44,0.54,0.02,0.0820498,0.09762546,0.5446023,121.2
86300,0.35,0.62,0.03,0.08466956,0.08951517,0.7422062,132.09
86400,0.45,0.52,0.03,0.08524165,0.09670618,0.7856066,130.57
86500,0.46,0.53,0.01,0.08129133,0.06903541,0.3287998,126.36
86600,0.44,0.51,0.05,0.07727282,0.08083764,1.467413,190.78
86700,0.48,0.46,0.06,0.08356744,0.08194233,0.8568069,148.08
86800,0.53,0.44,0.03,0.07715131,0.07720596,0.6866049,125.02
86900,0.41,0.56,0.03,0.08449756,0.09675108,0.8548067,128.61
87000,0.45,0.49,0.06,0.07451674,0.07729757,0.8544068,172.94
87100,0.48,0.46,0.06,0.08030768,0.08116385,1.372213,160.22
87200,0.45,0.5,0.05,0.08699766,0.08470437,0.6008042,148.24
87300,0.52,0.47,0.01,0.0858064,0.07700554,0.4284024,96.79
87400,0.43,0.52,0.05,0.07927698,0.07805581,0.8986071,143.08
87500,0.48,0.5,0.02,0.08076665,0.08557235,0.8904046,143.9
87600,0.42,0.55,0.03,0.08118745,0.08442292,1.034007,151.16
87700,0.45,0.51,0.04,0.07932696,0.08565345,1.072607,148.97
87800,0.44,0.53,0.03,0.08927253,0.08795114,0.5772022,135.34
87900,0.5,0.47,0.03,0.08147259,0.08158881,0.757204,135.1
88000,0.43,0.52,0.05,0.0828032,0.08247109,1.011009,168.41
88100,0.43,0.52,0.05,0.08338978,0.09010915,1.009609,160.38
88200,0.37,0.6,0.03,0.08316661,0.08644989,0.642004,168.38
88300,0.44,0.53,0.03,0.0810724,0.08597812,0.9594074,142.02
88400,0.45,0.53,0.02,0.09203917,0.09291737,0.6904043,131.54
88500,0.45,0.47,0.08,0.07921883,0.0799531,1.818217,197.99
88600,0.5,0.49,0.01,0.07887653,0.09132828,0.4908023,140.45
88700,0.48,0.48,0.04,0.08284836,0.07891157,0.9866072,143.62
88800,0.49,0.48,0.03,0.07911959,0.07586192,0.680805,145.98
88900,0.54,0.43,0.03,0.07730083,0.07175312,0.8318037,132.82
89000,0.48,0.45,0.07,0.07790193,0.07638061,1.205611,175.24
89100,0.44,0.54,0.02,0.08914626,0.09332898,0.5786024,135.14
89200,0.52,0.46,0.02,0.08072655,0.07320867,0.5914021,132.08
89300,0.44,0.51,0.05,0.0748529,0.07464969,1.095609,150.56
89400,0.43,0.55,0.02,0.08937148,0.1024661,0.4178013,128.02
89500,0.42,0.56,0.02,0.08815782,0.08300552,0.5932038,132.72
89600,0.52,0.44,0.04,0.08857145,0.08753457,1.062608,133.98
89700,0.48,0.43,0.09,0.08049792,0.07848162,1.727214,198.5
89800,0.42,0.55,0.03,0.08694084,0.09690109,0.8440066,138.43
89900,0.4,0.55,0.05,0.08583689,0.08809979,1.004607,158.86
90000,0.53,0.42,0.05,0.07803945,0.07366671,1.321411,144.94
90100,0.38,0.6,0.02,0.09174109,0.1030103,0.4752024,126.67
90200,0.41,0.57,0.02,0.09380302,0.09013465,0.5738037,147.09
90300,0.42,0.57,0.01,0.08152726,0.08782013,0.5864018,117.89
90400,0.48,0.47,0.05,0.08006815,0.1045157,0.9452087,153.26
90500,0.45,0.52,0.03,0.08310825,0.0730768,0.678005,158.36
90600,0.39,0.56,0.05,0.08059964,0.081685,1.048609,146.99
90700,0.42,0.53,0.05,0.07951129,0.0719988,0.9860084,161.54
90800,0.37,0.58,0.05,0.07363689,0.07575312,0.738005,170.9
90900,0.47,0.49,0.04,0.08757949,0.0970301,0.8272054,150.89
91000,0.43,0.52,0.05,0.08091719,0.08267972,0.7828042,176.39
91100,0.41,0.49,0.1,0.0905193,0.08203925,1.835417,215.76
91200,0.5,0.44,0.06,0.07455669,0.07466743,1.435811,176.65
91300,0.43,0.53,0.04,0.07492983,0.0746546,1.043809,137.77
91400,0.37,0.58,0.05,0.08523324,0.08865333,0.9070095,143.96
91500,0.47,0.49,0.04,0.08405492,0.08508343,1.072211,178.78
91600,0.49,0.46,0.05,0.07880041,0.08126996,0.8660055,129.98
91700,0.48,0.49,0.03,0.07402031,0.07262468,0.8196045,145.07
91800,0.46,0.52,0.02,0.08225985,0.07998282,0.6656047,113.28
91900,0.5,0.44,0.06,0.07338637,0.08052412,1.183012,162.2
92000,0.5,0.44,0.06,0.08377951,0.09121494,0.7146048,146.13
92100,0.41,0.54,0.05,0.08061866,0.07803233,1.161611,146.19
92200,0.42,0.52,0.06,0.09841877,0.1035592,1.09421,161.71
92300,0.5,0.45,0.05,0.1012276,0.08696838,0.7900059,146.07
92400,0.57,0.43,0,0.07327006,0.06902277,0.3485997,94.38
92500,0.37,0.6,0.03,0.08068615,0.08577394,0.7052046,137.31
92600,0.43,0.54,0.03,0.09241575,0.1025039,0.6656041,134.77
92700,0.47,0.47,0.06,0.07346181,0.0759234,1.245211,179.26
92800,0.48,0.48,0.04,0.09579932,0.09718971,1.098809,138.98
92900,0.46,0.51,0.03,0.08362018,0.07901864,0.474802,126.46
93000,0.5,0.49,0.01,0.08679789,0.08244941,0.4246017,129.09
93100,0.46,0.48,0.06,0.09018648,0.08779447,1.366213,171.03
93200,0.43,0.51,0.06,0.0862626,0.07756016,0.6594046,151.08
93300,0.4,0.56,0.04,0.08196078,0.08556192,0.6000038,155.66
93400,0.37,0.61,0.02,0.07385973,0.07112309,0.7916048,147.65
93500,0.5,0.43,0.07,0.08599369,0.09300798,1.22561,166.86
93600,0.43,0.53,0.04,0.07627874,0.07811706,0.6932048,141.21
93700,0.44,0.51,0.05,0.08516002,0.0851171,0.8030068,153.86
93800,0.45,0.49,0.06,0.08093899,0.0832696,1.053408,169.7
93900,0.46,0.49,0.05,0.08465849,0.09217438,0.5528023,149.14
94000,0.42,0.51,0.07,0.0944659,0.1015176,1.327412,176.58
94100,0.48,0.47,0.05,0.08113237,0.08920615,1.133808,154.02
94200,0.35,0.59,0.06,0.07836127,0.07842284,1.297614,170.36
94300,0.37,0.59,0.04,0.09442058,0.09915712,0.9070093,130.18
94400,0.44,0.52,0.04,0.0879202,0.09316128,0.8830073,136.9
94500,0.48,0.47,0.05,0.07950325,0.08715931,0.8882046,157.93
94600,0.54,0.43,0.03,0.08323587,0.07811675,0.7324049,128.9
94700,0.43,0.53,0.04,0.08695973,0.08751225,0.9944099,139.39
94800,0.38,0.57,0.05,0.09126496,0.09462772,1.123412,147.97
94900,0.46,0.51,0.03,0.0791662,0.07725021,1.055806,155.49
95000,0.37,0.57,0.06,0.07872145,0.08733694,1.203211,149.62
95100,0.52,0.4,0.08,0.1010328,0.1187554,1.737017,169.91
95200,0.39,0.57,0.04,0.09199739,0.09377299,0.3946021,144.06
95300,0.39,0.58,0.03,0.07891134,0.07951739,0.7390061,134.23
95400,0.44,0.52,0.04,0.08250481,0.08513319,0.9354085,135.15
95500,0.49,0.46,0.05,0.08791967,0.1024329,0.9904085,136.65
95600,0.54,0.43,0.03,0.09151889,0.08621259,0.753204,146.23
95700,0.41,0.58,0.01,0.08813047,0.08764008,0.2571998,107.35
95800,0.41,0.52,0.07,0.08105955,0.08817255,1.343612,169.34
95900,0.49,0.47,0.04,0.07798248,0.07294053,1.059409,141.13
96000,0.44,0.5,0.06,0.09409633,0.1025134,1.428414,161.3
96100,0.47,0.49,0.04,0.0908169,0.09259421,0.7588044,152.04
96200,0.43,0.54,0.03,0.08487289,0.08973362,0.816606,132.5
96300,0.37,0.62,0.01,0.07968287,0.08934388,0.2923998,121.78
96400,0.52,0.45,0.03,0.08125784,0.07501521,0.8830063,123.41
96500,0.51,0.45,0.04,0.0749314,0.07313921,0.8230069,144.5
96600,0.41,0.55,0.04,0.07561175,0.07248583,1.095409,154.62
96700,0.32,0.61,0.07,0.08004148,0.07428327,1.153812,166.79
96800,0.53,0.45,0.02,0.09557568,0.1127306,0.6942043,125.41
96900,0.49,0.46,0.05,0.08966375,0.1047934,0.9482051,141.13
97000,0.48,0.47,0.05,0.0859312,0.08574864,1.057409,144.12
97100,0.42,0.52,0.06,0.08033452,0.07746458,1.002609,164.62
97200,0.4,0.57,0.03,0.08925033,0.09770758,0.9562063,164.74
97300,0.52,0.44,0.04,0.09028172,0.09410413,0.9062067,151.42
97400,0.47,0.47,0.06,0.07890879,0.07718933,1.555415,188.07
97500,0.47,0.5,0.03,0.08244231,0.09186801,0.3518025,126.59
97600,0.49,0.49,0.02,0.07919147,0.07423771,0.4138009,142.24
97700,0.4,0.55,0.05,0.07410753,0.07467236,1.10961,155.12
97800,0.38,0.54,0.08,0.07998225,0.07864528,1.560615,169.37
97900,0.41,0.54,0.05,0.08183884,0.08629595,1.119812,143.31
98000,0.37,0.54,0.09,0.100266,0.1230562,1.394814,187.11
98100,0.43,0.52,0.05,0.0806445,0.08560565,0.7588046,160.1
98200,0.4,0.59,0.01,0.08614241,0.08809993,0.4495997,127.47
98300,0.36,0.6,0.04,0.08767197,0.088733,1.117009,143.82
98400,0.4,0.57,0.03,0.08672361,0.08336782,0.6304046,143.91
98500,0.43,0.53,0.04,0.08411476,0.08658823,0.8336065,147.37
98600,0.41,0.56,0.03,0.09123513,0.09455255,0.7596046,148.89
98700,0.4,0.58,0.02,0.08167308,0.07573566,0.5116042,133.3
98800,0.37,0.56,0.07,0.07854537,0.07921275,1.110609,184.5
98900,0.49,0.46,0.05,0.07157073,0.06926978,0.8114047,163.03
99000,0.48,0.5,0.02,0.09559642,0.1203299,0.4474021,106.5
99100,0.39,0.6,0.01,0.1058221,0.1481566,0.3824019,118.4
99200,0.4,0.53,0.07,0.08502117,0.07948451,1.339612,177.51
99300,0.34,0.61,0.05,0.07883994,0.072143,1.130611,165.94
99400,0.35,0.58,0.07,0.07482832,0.0683329,1.458014,179.03
99500,0.38,0.61,0.01,0.08380652,0.07578894,0.3214018,133.23
99600,0.43,0.5,0.07,0.08349698,0.08423565,1.202809,182.14
99700,0.47,0.47,0.06,0.08011624,0.09615523,1.16581,161.31
99800,0.41,0.53,0.06,0.08846682,0.09421179,1.06801,151.19
99900,0.42,0.53,0.05,0.0922142,0.0932369,0.9408082,151.69
100000,0.41,0.55,0.04,0.07677808,0.0921836,0.7208066,141.52
100100,0.39,0.59,0.02,0.08466598,0.08800767,0.5804048,135.87
100200,0.37,0.62,0.01,0.0893968,0.1116635,0.4366024,128.02
100300,0.5,0.44,0.06,0.08254214,0.08593687,1.176609,161.63
100400,0.46,0.49,0.05,0.08050063,0.0705254,1.188009,145.51
100500,0.47,0.47,0.06,0.08477739,0.09839146,0.979606,155.15
100600,0.39,0.56,0.05,0.07372519,0.07436115,1.152811,160.92
100700,0.43,0.53,0.04,0.08300762,0.09027843,0.7516043,141.78
100800,0.48,0.49,0.03,0.08239163,0.1085384,0.958607,162.3
100900,0.42,0.52,0.06,0.07829918,0.07929479,1.210211,164.98
101000,0.43,0.54,0.03,0.106052,0.1027488,0.8674063,144.89
101100,0.46,0.51,0.03,0.08122319,0.08034492,0.8032063,131.62
101200,0.37,0.62,0.01,0.08669756,0.08042006,0.4622018,147.1
101300,0.39,0.56,0.05,0.07533766,0.07448015,0.9856087,149.02
101400,0.34,0.6,0.06,0.0941769,0.1059207,1.014811,166.88
101500,0.54,0.44,0.02,0.08658383,0.0745707,0.7272034,126.25
101600,0.4,0.58,0.02,0.08320418,0.09633143,0.1947998,117.56
101700,0.5,0.47,0.03,0.07988216,0.07482015,0.7956043,130.96
101800,0.48,0.46,0.06,0.0973763,0.109745,0.5310024,165.63
101900,0.41,0.56,0.03,0.0796041,0.09912682,0.6994068,131.58
102000,0.46,0.51,0.03,0.08897321,0.1081067,0.590404,132.99
102100,0.43,0.55,0.02,0.08634719,0.09407721,0.5258018,130.81
102200,0.43,0.54,0.03,0.1061828,0.1198521,0.690404,134.74
102300,0.43,0.49,0.08,0.08266395,0.09070069,1.310213,185.2
102400,0.51,0.44,0.05,0.08880624,0.08969226,1.143809,148.99
102500,0.34,0.6,0.06,0.07945742,0.0749521,1.197811,181.3
102600,0.44,0.49,0.07,0.08563004,0.08966961,1.071209,183.81
102700,0.39,0.58,0.03,0.0850652,0.08921075,0.7030035,153.9
102800,0.43,0.54,0.03,0.07851156,0.08535542,0.7944061,131.57
102900,0.39,0.55,0.06,0.09037042,0.09637748,1.071811,150.89
103000,0.43,0.55,0.02,0.0873396,0.09523883,0.6756041,129
103100,0.41,0.57,0.02,0.07328366,0.07264838,0.5402042,127.33
103200,0.45,0.51,0.04,0.07941214,0.07766638,0.8856061,150.2
103300,0.42,0.54,0.04,0.07544398,0.07569844,1.055005,147.8
103400,0.47,0.52,0.01,0.07932013,0.07689893,0.4748019,130.25
103500,0.43,0.53,0.04,0.08112859,0.07251542,0.943607,150.26
103600,0.44,0.52,0.04,0.08751944,0.07894406,0.8878064,167.15
103700,0.36,0.63,0.01,0.08307379,0.08932108,0.4490014,98.4
103800,0.46,0.5,0.04,0.08084755,0.1017114,0.7756046,154.01
103900,0.45,0.51,0.04,0.08607295,0.09906367,0.975607,160
104000,0.39,0.58,0.03,0.08127666,0.08164576,0.7198044,149.29
104100,0.46,0.47,0.07,0.08918393,0.09478643,0.8100067,174.91
104200,0.47,0.48,0.05,0.07657024,0.08276891,0.7104042,166.68
104300,0.57,0.42,0.01,0.08770186,0.0902291,0.6108019,116.11
104400,0.4,0.57,0.03,0.08631222,0.0839617,0.6380039,138.91
104500,0.38,0.58,0.04,0.0786262,0.08335542,0.8368059,152.78
104600,0.46,0.52,0.02,0.08798876,0.08212522,0.446002,110.31
104700,0.52,0.43,0.05,0.09371089,0.1013382,0.6386019,147.62
104800,0.44,0.53,0.03,0.07460525,0.07703466,0.3455997,136.65
104900,0.44,0.49,0.07,0.08124571,0.0914996,1.453212,190.72
105000,0.39,0.57,0.04,0.09090227,0.09724255,1.03741,143.67
105100,0.4,0.56,0.04,0.07391673,0.07294237,0.9268077,154.69
105200,0.42,0.53,0.05,0.08392882,0.08440474,1.15741,173.66
105300,0.41,0.55,0.04,0.09858349,0.1019405,0.7602066,137.41
105400,0.45,0.52,0.03,0.07954156,0.08416161,0.8096044,127.67
105500,0.37,0.62,0.01,0.08033925,0.07839193,0.4124023,115.63
105600,0.48,0.5,0.02,0.08692609,0.09385306,0.8548041,132.53
105700,0.43,0.53,0.04,0.08512081,0.09225242,0.9138091,139.09
105800,0.43,0.54,0.03,0.09165562,0.1108282,0.7996046,137.81
105900,0.51,0.45,0.04,0.0768519,0.09951366,0.8010054,146.37
106000,0.43,0.53,0.04,0.0771128,0.07510297,0.7378072,132.48
106100,0.4,0.55,0.05,0.08422283,0.08460114,1.200611,158.74
106200,0.42,0.53,0.05,0.0752796,0.07189585,0.7810062,158.66
106300,0.47,0.52,0.01,0.08179864,0.08400257,0.5944018,110.56
106400,0.49,0.48,0.03,0.1142609,0.1189553,0.4660024,124.57
106500,0.45,0.51,0.04,0.07269865,0.06723883,0.5668021,165.91
106600,0.42,0.55,0.03,0.08078968,0.07392558,0.827407,124.54
106700,0.42,0.5,0.08,0.074785,0.07360172,1.807817,192.35
106800,0.49,0.42,0.09,0.08476612,0.1003759,1.885217,195.08
106900,0.42,0.54,0.04,0.07780719,0.06899569,0.7186065,159.88
107000,0.4,0.53,0.07,0.07394417,0.06864385,1.542616,170.19
107100,0.48,0.48,0.04,0.06987426,0.06918133,1.000207,170.53
107200,0.47,0.46,0.07,0.07898487,0.0818696,1.242411,159.86
107300,0.5,0.43,0.07,0.07709575,0.07009781,1.490812,171.09
107400,0.39,0.57,0.04,0.08836436,0.09473614,0.8128067,138.01
107500,0.49,0.48,0.03,0.09414459,0.1131143,0.8380044,121.23
107600,0.48,0.47,0.05,0.0796396,0.08890811,0.5940025,134.06
107700,0.36,0.6,0.04,0.07886947,0.07707634,0.5588042,162.79
107800,0.54,0.41,0.05,0.07515707,0.07453433,1.013607,145.12
107900,0.29,0.66,0.05,0.07539176,0.07496743,1.189012,170.82
108000,0.47,0.5,0.03,0.09253225,0.114358,0.9292067,158.51
108100,0.43,0.55,0.02,0.09404054,0.08908125,0.5938019,133.73
108200,0.47,0.49,0.04,0.08254777,0.09271594,0.9582067,158.21
108300,0.39,0.58,0.03,0.1017504,0.1102338,0.4888024,135.38
108400,0.37,0.61,0.02,0.08939151,0.1045344,0.5834041,116.13
108500,0.46,0.5,0.04,0.08825526,0.09559382,0.985609,141.42
108600,0.42,0.56,0.02,0.08474586,0.09007056,0.7566044,152.68
108700,0.46,0.47,0.07,0.0928156,0.08689561,1.574815,190.67
108800,0.43,0.54,0.03,0.07970633,0.0862864,0.5614015,148.21
108900,0.42,0.51,0.07,0.076408,0.07067923,1.740016,183.54
109000,0.51,0.43,0.06,0.08524806,0.07980872,1.336413,156.16
109100,0.36,0.57,0.07,0.08220597,0.08581309,1.581215,188.04
109200,0.37,0.6,0.03,0.09016756,0.08986484,0.8630064,128.99
109300,0.45,0.48,0.07,0.07551436,0.07308977,1.251812,177.82
109400,0.44,0.54,0.02,0.09364856,0.09924998,0.8520043,117.94
109500,0.43,0.53,0.04,0.08501408,0.08894726,0.5474049,144.16
109600,0.45,0.52,0.03,0.08486254,0.07822264,0.7562063,136.21
109700,0.54,0.43,0.03,0.08448141,0.09187031,0.7306039,132.79
109800,0.39,0.53,0.08,0.09555909,0.09556437,1.181809,196.99
109900,0.33,0.62,0.05,0.08605236,0.07371011,0.98541,146.02
110000,0.44,0.52,0.04,0.08514308,0.07992414,0.660604,147.49
110100,0.53,0.44,0.03,0.08722638,0.07893228,0.6834022,137.71
110200,0.4,0.53,0.07,0.08182985,0.08117817,1.625616,166.53
110300,0.32,0.61,0.07,0.08098008,0.1001373,0.9654081,175.26
110400,0.43,0.52,0.05,0.07982718,0.07737519,1.242012,154.31
110500,0.5,0.5,0,0.0791305,0.07677738,0.3991997,102.02
110600,0.49,0.49,0.02,0.08104313,0.07293037,0.6340036,109.21
110700,0.43,0.53,0.04,0.08076721,0.07419757,1.136809,148.48
110800,0.46,0.53,0.01,0.08019608,0.07509021,0.3055998,129.75
110900,0.45,0.52,0.03,0.08813555,0.1178736,0.7130023,129.14
111000,0.39,0.56,0.05,0.09252531,0.09474662,0.8668083,150.8
111100,0.37,0.61,0.02,0.09160671,0.09247237,0.5276046,112.2
111200,0.42,0.52,0.06,0.08128864,0.08709171,0.9608092,158.32
111300,0.52,0.41,0.07,0.0722502,0.07676896,1.366812,169.41
111400,0.41,0.56,0.03,0.07573146,0.08409605,0.8150046,135.55
111500,0.48,0.51,0.01,0.08886637,0.1068299,0.5720004,132.78
111600,0.45,0.53,0.02,0.08087438,0.07893384,0.7800042,141.15
111700,0.49,0.47,0.04,0.0778176,0.07129827,0.7032012,145.11
111800,0.54,0.42,0.04,0.08777812,0.08819494,0.8804061,155.93
111900,0.44,0.55,0.01,0.1060564,0.1038109,0.2425998,112.58
112000,0.41,0.53,0.06,0.07098316,0.07118636,0.769206,158.57
112100,0.42,0.56,0.02,0.07439377,0.07410444,0.4950023,142.28
112200,0.43,0.51,0.06,0.08295547,0.08778691,1.394214,171.72
112300,0.42,0.55,0.03,0.07271905,0.07384378,0.8130047,130.01
112400,0.44,0.53,0.03,0.0727341,0.07267641,0.5222011,138.83
112500,0.48,0.5,0.02,0.08276234,0.08198753,0.7630049,132.55
112600,0.45,0.49,0.06,0.07819951,0.07204238,1.303614,152.74
112700,0.42,0.53,0.05,0.0765328,0.07291926,0.9794073,164.55
112800,0.48,0.49,0.03,0.07545224,0.07849767,0.909004,158.99
112900,0.39,0.5,0.11,0.08568668,0.07778984,1.413014,205.6
113000,0.37,0.6,0.03,0.08244009,0.07896308,0.6516048,138.27
113100,0.41,0.53,0.06,0.08063123,0.08109215,1.454213,173.87
113200,0.35,0.61,0.04,0.0855962,0.08827785,0.7260067,143.82
113300,0.37,0.6,0.03,0.08406715,0.1000559,0.6428042,115.84
113400,0.46,0.5,0.04,0.0897418,0.1068995,0.8524063,129.41
113500,0.48,0.48,0.04,0.07564369,0.0747847,1.124209,149.25
113600,0.49,0.49,0.02,0.08663395,0.09143607,0.7662036,134.13
113700,0.46,0.49,0.05,0.07929953,0.08416142,1.290011,167.08
113800,0.44,0.53,0.03,0.104234,0.1157253,0.716604,134.32
113900,0.4,0.54,0.06,0.0782252,0.07351685,0.9998091,162.35
114000,0.4,0.57,0.03,0.07973497,0.07796811,0.6800041,161.19
114100,0.48,0.46,0.06,0.08459339,0.08646746,1.329211,174.77
114200,0.47,0.5,0.03,0.1024958,0.1150282,1.025006,147.36
114300,0.5,0.49,0.01,0.09358859,0.1058002,0.7648023,123.6
114400,0.38,0.57,0.05,0.07310749,0.06748084,0.9588081,148.54
114500,0.43,0.52,0.05,0.08721774,0.08168608,0.769207,146.89
114600,0.44,0.52,0.04,0.09441353,0.1009701,0.6002036,146.57
114700,0.45,0.48,0.07,0.08453452,0.07585403,1.237811,164.55
114800,0.39,0.54,0.07,0.1046299,0.1097733,1.265413,162.25
114900,0.39,0.58,0.03,0.08926561,0.08953834,0.8760055,139.53
115000,0.4,0.55,0.05,0.07503405,0.09658439,0.9992093,155.42
115100,0.47,0.47,0.06,0.08607587,0.09695204,1.540014,148.33
115200,0.51,0.45,0.04,0.09122324,0.07731363,0.7552046,151.19
115300,0.43,0.54,0.03,0.08797319,0.08852758,0.5742043,126.27
115400,0.43,0.55,0.02,0.08412453,0.08677836,0.6396039,124.68
115500,0.55,0.41,0.04,0.08171953,0.07908468,1.01181,148.13
115600,0.49,0.47,0.04,0.08121258,0.08148599,0.8924069,147.46
115700,0.45,0.52,0.03,0.07226651,0.07377923,0.8748059,154.99
115800,0.46,0.52,0.02,0.07903352,0.08807846,0.5686001,118.33
115900,0.44,0.53,0.03,0.0742536,0.07047734,0.8050066,141.47
116000,0.45,0.52,0.03,0.0805577,0.07937153,0.5666035,121.93
116100,0.47,0.48,0.05,0.07809844,0.07477446,1.088609,155.75
116200,0.43,0.54,0.03,0.08287305,0.08283336,0.9138069,143.29
116300,0.44,0.48,0.08,0.07950259,0.08293674,1.319211,206.1
116400,0.48,0.51,0.01,0.08090346,0.08585341,0.5236023,120.62
116500,0.51,0.46,0.03,0.07987186,0.09308254,0.8350059,139.36
116600,0.34,0.63,0.03,0.09166806,0.08674959,0.8176064,148.16
116700,0.47,0.5,0.03,0.07438854,0.0719246,0.6392043,144.77
116800,0.41,0.55,0.04,0.09252657,0.1182626,0.549802,152.22
116900,0.46,0.5,0.04,0.08526943,0.08870176,1.117008,143.63
117000,0.48,0.49,0.03,0.08006342,0.08125474,0.8834066,133.66
117100,0.48,0.51,0.01,0.07539555,0.08060046,0.3867997,125.22
117200,0.47,0.48,0.05,0.1011433,0.1087217,1.059208,145.85
117300,0.36,0.59,0.05,0.07909746,0.07286698,0.6600045,161.29
117400,0.44,0.52,0.04,0.08163144,0.08934166,0.6822038,165.45
117500,0.51,0.47,0.02,0.07364555,0.06875817,0.7436043,150.82
117600,0.36,0.6,0.04,0.08767141,0.08872403,1.097809,151.5
117700,0.32,0.64,0.04,0.07254864,0.07445142,0.7992043,169.51
117800,0.38,0.58,0.04,0.07731775,0.08936399,0.7482063,140.71
117900,0.51,0.47,0.02,0.1015304,0.102777,0.3572019,109.17
118000,0.47,0.46,0.07,0.08275177,0.09827529,1.512416,159.76
118100,0.41,0.51,0.08,0.0809443,0.1004948,1.742418,189.4
118200,0.46,0.52,0.02,0.08478589,0.08907431,0.8402047,118.36
118300,0.42,0.53,0.05,0.07255867,0.06727692,1.005809,175.38
118400,0.43,0.52,0.05,0.07605623,0.06975804,0.6738066,162.01
118500,0.38,0.54,0.08,0.08371535,0.08974154,0.9778089,182.92
118600,0.5,0.5,0,0.07933241,0.07478816,0.3549997,126.31
118700,0.42,0.53,0.05,0.08351084,0.08888712,0.8710074,140.97
118800,0.44,0.52,0.04,0.09776309,0.09790825,1.12641,140.51
118900,0.44,0.51,0.05,0.07946485,0.08134703,1.029409,134.64
119000,0.41,0.53,0.06,0.07602659,0.07520528,1.10901,173.82
119100,0.36,0.6,0.04,0.0711685,0.06753268,0.8850073,145.19
119200,0.41,0.55,0.04,0.08184434,0.09825602,1.158808,157.36
119300,0.48,0.48,0.04,0.07471239,0.08370079,0.8774066,136.45
119400,0.42,0.53,0.05,0.07244345,0.06890259,1.094409,172.09
119500,0.43,0.53,0.04,0.08753927,0.09035167,0.7022048,137.21
119600,0.54,0.4,0.06,0.08003309,0.08187876,1.557414,167.59
119700,0.39,0.57,0.04,0.08764485,0.0810461,0.7296064,118.62
119800,0.51,0.44,0.05,0.0864074,0.09598653,0.5864039,136.47
119900,0.45,0.53,0.02,0.08509707,0.08507615,0.6176039,137.1
120000,0.35,0.64,0.01,0.08443614,0.08859129,0.3992022,126.61
120100,0.48,0.47,0.05,0.08638856,0.08901723,0.9928066,156.04
120200,0.48,0.48,0.04,0.08514804,0.08984689,0.8960067,141.81
120300,0.4,0.57,0.03,0.07796293,0.08411942,0.8586069,112.9
120400,0.45,0.5,0.05,0.07928491,0.06262126,0.7356042,167.26
120500,0.47,0.51,0.02,0.08644506,0.07847758,0.8018042,120.85
120600,0.5,0.46,0.04,0.07991747,0.07362194,0.8144063,139.38
120700,0.47,0.48,0.05,0.07439026,0.07073809,1.063408,161.38
120800,0.45,0.54,0.01,0.09862699,0.1015485,0.5766017,122.83
120900,0.39,0.59,0.02,0.07629494,0.07045048,0.690205,149.67
121000,0.41,0.54,0.05,0.07587481,0.07073338,0.9280083,161.08
121100,0.46,0.49,0.05,0.08086167,0.07689983,1.148609,164.85
121200,0.47,0.49,0.04,0.08580548,0.08763856,0.8486063,145.77
121300,0.46,0.49,0.05,0.07180931,0.07768947,0.9200083,151.39
121400,0.49,0.47,0.04,0.07290056,0.07035727,0.5116022,144.25
121500,0.47,0.48,0.05,0.08472031,0.08704285,1.392812,170.15
121600,0.51,0.48,0.01,0.08357541,0.0924764,0.3311997,124.71
121700,0.39,0.56,0.05,0.08907758,0.09643631,0.9098066,148.77
121800,0.37,0.59,0.04,0.09457861,0.1018943,0.951607,162.73
121900,0.42,0.51,0.07,0.07433537,0.07859598,1.137212,165.12
122000,0.41,0.56,0.03,0.08862794,0.1053228,0.705807,128.52
122100,0.49,0.46,0.05,0.1036991,0.1057389,0.6648021,144.22
122200,0.41,0.58,0.01,0.08332793,0.08428373,0.4958021,120.45
122300,0.5,0.46,0.04,0.07092985,0.06913857,0.8188041,143.86
122400,0.36,0.6,0.04,0.08714516,0.09224456,1.179609,155.84
122500,0.41,0.56,0.03,0.0816496,0.07985026,0.4398021,146.7
122600,0.44,0.54,0.02,0.07521361,0.073108,0.4275996,117.24
122700,0.41,0.55,0.04,0.08007309,0.07523274,0.7916056,162.48
122800,0.42,0.54,0.04,0.08613957,0.08630235,0.9946079,151.65
122900,0.48,0.46,0.06,0.09029222,0.09488311,1.524613,151.76
123000,0.48,0.47,0.05,0.08976685,0.08193017,0.9064062,154.27
123100,0.38,0.6,0.02,0.08378293,0.08592416,0.4692021,127.6
123200,0.42,0.5,0.08,0.08978578,0.1021385,1.912417,209.35
123300,0.45,0.52,0.03,0.08472787,0.0844541,0.8086041,141.83
123400,0.51,0.42,0.07,0.07127044,0.07883412,1.449013,179.14
123500,0.36,0.6,0.04,0.08817857,0.08221391,0.9500083,163.59
123600,0.42,0.54,0.04,0.07214107,0.0766566,0.8226074,156.47
123700,0.47,0.47,0.06,0.09235307,0.1087302,1.179609,165.7
123800,0.53,0.45,0.02,0.08102567,0.07834939,0.8216041,118.76
123900,0.4,0.54,0.06,0.09008404,0.09933729,1.018409,168.22
124000,0.51,0.47,0.02,0.07096246,0.06628113,0.541802,147.95
124100,0.4,0.58,0.02,0.07787615,0.07601833,0.6586042,115.07
124200,0.49,0.47,0.04,0.07604431,0.06961881,0.7804064,153.26
124300,0.35,0.6,0.05,0.0780908,0.07713429,0.9812092,138.06
124400,0.33,0.58,0.09,0.07290675,0.07730959,1.745419,197.2
124500,0.41,0.57,0.02,0.06862326,0.06627461,0.6266047,132.82
124600,0.46,0.51,0.03,0.08125649,0.08264202,0.9628067,138.97
124700,0.39,0.54,0.07,0.08716917,0.08939411,1.272411,168.64
124800,0.42,0.56,0.02,0.08076447,0.09340911,0.6096038,145.2
124900,0.5,0.48,0.02,0.07870141,0.07567106,0.5678018,109.65
125000,0.36,0.56,0.08,0.07468653,0.06900519,1.061809,175.67
125100,0.42,0.55,0.03,0.08578841,0.08002282,0.9862084,158.62
125200,0.39,0.56,0.05,0.08858575,0.0817007,0.818608,141.79
125300,0.52,0.44,0.04,0.07898434,0.08688624,0.8948084,131.46
125400,0.4,0.58,0.02,0.08754359,0.08669551,0.5710037,130.15
125500,0.38,0.56,0.06,0.0806715,0.0821478,1.169411,140.94
125600,0.42,0.54,0.04,0.07738382,0.08051759,0.7014043,151.99
125700,0.45,0.46,0.09,0.1063836,0.1378366,1.324213,174.15
125800,0.45,0.52,0.03,0.09032711,0.09608144,0.630404,128.46
125900,0.48,0.51,0.01,0.09040063,0.09364312,0.5324022,107.02
126000,0.43,0.57,0,0.07689163,0.08954772,0.3807997,118.51
126100,0.51,0.45,0.04,0.07537596,0.07074278,0.9024065,147.5
126200,0.41,0.58,0.01,0.08449582,0.08087041,0.4352018,100.68
126300,0.37,0.58,0.05,0.08130768,0.0958632,0.7570069,149.78
126400,0.36,0.6,0.04,0.08587349,0.08451948,0.9224085,147.32
126500,0.34,0.63,0.03,0.08310007,0.1008726,0.6998046,150.62
126600,0.37,0.61,0.02,0.08677243,0.0912482,0.5692046,132.54
126700,0.47,0.46,0.07,0.07456227,0.07695665,0.9712083,168.27
126800,0.43,0.52,0.05,0.07571787,0.07255545,0.9936092,167.05
126900,0.49,0.5,0.01,0.09881734,0.1085262,0.6146019,125.82
127000,0.38,0.59,0.03,0.09280229,0.09103741,0.9226069,123.78
127100,0.45,0.54,0.01,0.08663563,0.0923885,0.5448024,97.92
127200,0.4,0.55,0.05,0.09327503,0.09959341,0.7538062,155.84
127300,0.43,0.56,0.01,0.0887556,0.0820872,0.4620025,99.69
127400,0.46,0.54,0,0.08256169,0.07996517,0.4601997,110.76
127500,0.46,0.49,0.05,0.07386684,0.07261533,0.8664079,159.99
127600,0.39,0.59,0.02,0.1078571,0.1324793,0.6088041,126.87
127700,0.44,0.5,0.06,0.06762362,0.07309625,1.036808,181.44
127800,0.44,0.5,0.06,0.0766297,0.06954456,1.007409,162.52
127900,0.43,0.52,0.05,0.0746306,0.07328114,0.8550056,154.12
128000,0.4,0.59,0.01,0.07659063,0.08158877,0.4898015,113.23
128100,0.37,0.56,0.07,0.08787898,0.09264532,1.153411,163.66
128200,0.37,0.56,0.07,0.0767887,0.07617399,1.084409,194.95
128300,0.36,0.59,0.05,0.07016603,0.07111757,0.8872063,166.89
128400,0.39,0.54,0.07,0.08193605,0.08636918,1.157212,154.4
128500,0.43,0.54,0.03,0.1044328,0.1128974,0.7836068,129.15
128600,0.41,0.57,0.02,0.08538566,0.09387762,0.5254023,137.71
128700,0.43,0.55,0.02,0.07944486,0.08700074,0.4079996,148.39
128800,0.41,0.54,0.05,0.1096205,0.1203638,0.848207,135.1
128900,0.4,0.56,0.04,0.0905802,0.09639604,0.771606,137.92
129000,0.49,0.45,0.06,0.09559964,0.108627,1.259412,150.16
129100,0.39,0.57,0.04,0.07730701,0.07607064,0.7722059,148.24
129200,0.47,0.47,0.06,0.1162913,0.1087495,1.014009,170.01
129300,0.42,0.52,0.06,0.07817642,0.07799107,0.9578086,170.14
129400,0.42,0.56,0.02,0.08665613,0.08568155,0.6562039,141.71
129500,0.49,0.44,0.07,0.08704676,0.08742503,0.9474084,172.5
129600,0.46,0.51,0.03,0.07752246,0.06747913,0.7268044,147.63
129700,0.38,0.54,0.08,0.09039674,0.09909721,1.084411,172.23
129800,0.41,0.56,0.03,0.07672122,0.07382581,0.7976062,160.04
129900,0.41,0.56,0.03,0.09400476,0.1051835,0.5396024,140.3
130000,0.48,0.45,0.07,0.08340757,0.07828976,1.344813,163.41
130100,0.43,0.51,0.06,0.07357385,0.06918141,0.9688089,162.31
130200,0.52,0.46,0.02,0.07109624,0.07010125,0.6580021,151.47
130300,0.47,0.51,0.02,0.09443153,0.09883379,0.4660019,146.5
130400,0.34,0.59,0.07,0.07620855,0.08904329,1.209412,176.99
130500,0.38,0.59,0.03,0.09386124,0.09229064,0.4450025,129.85
130600,0.43,0.51,0.06,0.07736266,0.07604882,1.074809,162.72
130700,0.34,0.62,0.04,0.08365049,0.08065248,0.968008,163.38
130800,0.39,0.55,0.06,0.07529087,0.07401018,1.016809,164.52
130900,0.49,0.48,0.03,0.07449915,0.07054221,0.6854045,144.92
131000,0.34,0.57,0.09,0.08831614,0.09591257,0.9772094,188.62
131100,0.49,0.48,0.03,0.08247253,0.07847577,0.8116044,123.51
131200,0.44,0.52,0.04,0.08650357,0.08535381,0.8886067,165.97
131300,0.46,0.48,0.06,0.07364777,0.07027051,0.6124018,176.29
131400,0.42,0.52,0.06,0.08828271,0.07879519,1.039209,175.95
131500,0.46,0.5,0.04,0.08290742,0.1112885,0.9364066,161.09
131600,0.47,0.49,0.04,0.08024207,0.08436619,0.8498066,140.46
131700,0.42,0.54,0.04,0.08893135,0.09710036,0.8622069,149.25
131800,0.42,0.54,0.04,0.07048973,0.07261316,0.6396044,139.11
131900,0.44,0.5,0.06,0.08571332,0.08511689,0.7894055,168.24
132000,0.38,0.56,0.06,0.07704914,0.07700831,0.9298093,154.87
132100,0.46,0.49,0.05,0.07806183,0.07313947,0.8926062,162.86
132200,0.47,0.5,0.03,0.07676763,0.07637052,0.6506045,136.73
132300,0.45,0.5,0.05,0.08680433,0.08532023,0.8760074,145.52
132400,0.32,0.66,0.02,0.0787141,0.07355658,0.4250025,143.85
132500,0.51,0.47,0.02,0.07415234,0.06816468,0.5910048,117.99
132600,0.39,0.56,0.05,0.08948047,0.08709223,1.273811,162.2
132700,0.49,0.5,0.01,0.1036897,0.1275109,0.4292023,117.75
132800,0.44,0.52,0.04,0.09486719,0.0865339,0.8446041,161.98
132900,0.46,0.51,0.03,0.07324533,0.07005296,0.6310041,138.24
133000,0.41,0.56,0.03,0.09127308,0.09188034,0.4892049,141.77
133100,0.43,0.54,0.03,0.08014944,0.08165764,0.9450062,153.4
133200,0.34,0.6,0.06,0.07373096,0.07171135,0.9256086,166.8
133300,0.45,0.54,0.01,0.1046532,0.1030678,0.2815998,104.62
133400,0.41,0.56,0.03,0.07426497,0.0665237,0.474802,145.43
133500,0.38,0.56,0.06,0.07710236,0.07605967,1.012408,176.08
133600,0.42,0.55,0.03,0.07966869,0.07692602,0.7024064,144.18
133700,0.45,0.5,0.05,0.08999524,0.09445031,0.4894044,128.18
133800,0.42,0.52,0.06,0.06991249,0.06879152,1.026809,162.83
133900,0.4,0.55,0.05,0.09142064,0.09948014,0.8336065,149.67
134000,0.38,0.59,0.03,0.07351414,0.07342532,0.6388045,146.96
134100,0.56,0.42,0.02,0.07279385,0.07742504,0.5370022,131.74
134200,0.39,0.6,0.01,0.0790447,0.08530077,0.2083999,110.53
134300,0.37,0.6,0.03,0.09480675,0.1019387,0.8252068,116.06
134400,0.33,0.64,0.03,0.07526263,0.07453835,0.2613998,127.12
134500,0.44,0.5,0.06,0.06995995,0.07091822,1.075008,161.49
134600,0.42,0.54,0.04,0.07488772,0.07759494,0.9758096,149.38
134700,0.42,0.56,0.02,0.07591945,0.09114551,0.4312006,141.21
134800,0.34,0.59,0.07,0.0914626,0.09535883,1.594415,192.34
134900,0.42,0.53,0.05,0.08005983,0.08544487,1.022008,147.85
135000,0.47,0.49,0.04,0.08021441,0.08142663,0.9042072,146.72
135100,0.51,0.46,0.03,0.0843344,0.08439039,0.9704067,123.57
135200,0.35,0.63,0.02,0.07819542,0.09296885,0.4084025,133.69
135300,0.37,0.62,0.01,0.07287966,0.07036458,0.4503996,133.59
135400,0.37,0.61,0.02,0.09597769,0.1007593,0.5148019,148.39
135500,0.44,0.53,0.03,0.07620002,0.07220276,0.5734044,127.22
135600,0.49,0.5,0.01,0.0846133,0.08358323,0.3856018,114.94
135700,0.43,0.52,0.05,0.08405195,0.0814051,0.763607,154.57
135800,0.41,0.58,0.01,0.08423924,0.08316742,0.5130024,129.16
135900,0.37,0.61,0.02,0.07338964,0.06990474,0.657205,126.25
136000,0.4,0.55,0.05,0.0762875,0.0862874,1.056009,161.48
136100,0.48,0.5,0.02,0.09607863,0.09449995,0.6068049,130.43
136200,0.45,0.53,0.02,0.07859433,0.08012272,0.6080039,138.01
136300,0.43,0.52,0.05,0.07277782,0.07772995,1.128407,175.84
136400,0.51,0.46,0.03,0.1045937,0.1025861,0.6736041,124.73
136500,0.38,0.61,0.01,0.06927266,0.06843246,0.4102019,132.45
136600,0.38,0.6,0.02,0.07535239,0.07382391,0.6882048,153.84
136700,0.45,0.55,0,0.1003325,0.1104434,0.2267998,117.84
136800,0.4,0.59,0.01,0.07276233,0.07197787,0.3637997,130.17
136900,0.42,0.55,0.03,0.0730384,0.07044306,0.8134059,136.92
137000,0.52,0.44,0.04,0.07253255,0.09110934,0.9322066,142.29
137100,0.43,0.54,0.03,0.08919964,0.08545074,0.8262067,132.34
137200,0.51,0.48,0.01,0.07607412,0.07394722,0.5014023,141.44
137300,0.43,0.54,0.03,0.08444949,0.0847585,0.867807,133.47
137400,0.41,0.55,0.04,0.08247885,0.08833665,0.3606022,147.09
137500,0.51,0.48,0.01,0.08789971,0.08493287,0.467002,102.54
137600,0.39,0.56,0.05,0.08040592,0.07778442,1.000209,141.88
137700,0.42,0.58,0,0.09382885,0.1183277,0.3377998,113.46
137800,0.32,0.65,0.03,0.0849358,0.08761872,0.7732067,146.97
137900,0.49,0.46,0.05,0.09139687,0.0905554,0.9514068,169.64
138000,0.42,0.54,0.04,0.09110968,0.09085761,0.8736072,157.5
138100,0.43,0.51,0.06,0.07464509,0.06952151,0.9054066,167.57
138200,0.42,0.56,0.02,0.09014013,0.09294805,0.5642032,141.82
138300,0.42,0.56,0.02,0.08312124,0.07513391,0.583605,124.88
138400,0.46,0.53,0.01,0.07933491,0.07561672,0.5198009,103.11
138500,0.39,0.56,0.05,0.07805875,0.0725305,1.030408,168.7
138600,0.43,0.53,0.04,0.08280799,0.1000786,0.6920047,149.08
138700,0.45,0.52,0.03,0.07437471,0.07122152,0.8502045,145.44
138800,0.56,0.41,0.03,0.07393312,0.06691642,0.8124038,149.77
138900,0.34,0.64,0.02,0.08374973,0.08562391,0.4986021,145.38
139000,0.46,0.51,0.03,0.08297175,0.07056885,0.8042057,135.23
139100,0.41,0.56,0.03,0.08086962,0.07950535,0.8162076,141.05
139200,0.49,0.5,0.01,0.08514252,0.09238331,0.5130023,141.98
139300,0.42,0.54,0.04,0.08081923,0.07979476,0.9504073,160.22
139400,0.38,0.56,0.06,0.07699264,0.07315353,1.400214,162.31
139500,0.45,0.5,0.05,0.07790231,0.07609539,1.22801,154.9
139600,0.5,0.49,0.01,0.09065638,0.1025835,0.3695997,109.86
139700,0.46,0.51,0.03,0.1119131,0.1258025,0.531402,123.7
139800,0.42,0.55,0.03,0.07695288,0.07720663,0.7878057,136.9
139900,0.38,0.55,0.07,0.08622248,0.09262438,1.04741,169.8
140000,0.43,0.53,0.04,0.08074439,0.08734069,1.21701,166.59
140100,0.49,0.49,0.02,0.07849994,0.08376697,0.7144042,126.61
140200,0.47,0.52,0.01,0.08563672,0.1061915,0.4090014,133.05
140300,0.4,0.57,0.03,0.08231828,0.07166412,0.8536071,133.18
140400,0.48,0.51,0.01,0.07987867,0.0783239,0.4364019,116.33
140500,0.5,0.47,0.03,0.07434558,0.06957164,0.7534041,171.62
140600,0.43,0.54,0.03,0.08231009,0.08902229,0.8536061,135.88
140700,0.4,0.57,0.03,0.08801433,0.08881256,0.8582064,129.52
140800,0.5,0.48,0.02,0.07994634,0.07612251,0.5386042,141.04
140900,0.44,0.55,0.01,0.07299497,0.08136471,0.5016015,121.34
141000,0.51,0.46,0.03,0.08557177,0.09875822,0.5204043,132.4
141100,0.5,0.46,0.04,0.07695463,0.07218845,1.114609,155.01
141200,0.43,0.54,0.03,0.089403,0.09316568,0.8246064,145.97
141300,0.46,0.53,0.01,0.07721841,0.07592811,0.2791998,110.56
141400,0.46,0.53,0.01,0.08416149,0.07905617,0.5232023,117.75
141500,0.39,0.59,0.02,0.09122828,0.09332564,0.6368038,123.64
141600,0.51,0.43,0.06,0.0810021,0.0882818,1.580613,175.09
141700,0.42,0.56,0.02,0.08626001,0.08071813,0.3720019,123.03
141800,0.44,0.54,0.02,0.0939858,0.09013937,0.6400049,128.61
141900,0.4,0.57,0.03,0.08888029,0.0935265,0.5614045,133.79
142000,0.43,0.54,0.03,0.1068462,0.1280595,0.6500045,136.55
142100,0.4,0.6,0,0.0751967,0.07426188,0.3346002,117.36
142200,0.44,0.51,0.05,0.07656102,0.08375338,1.042609,150.2
142300,0.39,0.59,0.02,0.07897668,0.0694704,0.781204,147.75
142400,0.41,0.54,0.05,0.08701321,0.07473669,1.133012,139.18
142500,0.44,0.53,0.03,0.08186031,0.07844803,0.7752058,137.15
142600,0.47,0.49,0.04,0.1000668,0.1210352,0.8476072,154.26
142700,0.38,0.59,0.03,0.08259177,0.09603775,0.5750043,158.8
142800,0.43,0.53,0.04,0.08763435,0.08709776,0.9598064,154.05
142900,0.43,0.53,0.04,0.07703402,0.07205281,1.120209,148.72
143000,0.47,0.51,0.02,0.08923826,0.0839451,0.7596049,138.46
143100,0.39,0.56,0.05,0.08404919,0.1086784,0.8852093,160.23
143200,0.45,0.51,0.04,0.1057668,0.1005776,0.7686065,132
143300,0.35,0.6,0.05,0.06981755,0.07188267,0.5652044,162.44
143400,0.43,0.55,0.02,0.08364241,0.08345648,0.5998046,116.16
143500,0.49,0.49,0.02,0.0743876,0.08859418,0.5856021,127.18
143600,0.33,0.64,0.03,0.07682824,0.07120433,0.3484022,143.5
143700,0.41,0.56,0.03,0.09421194,0.0778333,0.7942044,140.16
143800,0.47,0.49,0.04,0.08768502,0.08400094,0.9952092,142.21
143900,0.37,0.58,0.05,0.08979991,0.08177426,0.9172091,140.2
144000,0.41,0.58,0.01,0.08499698,0.09347844,0.3956026,135.44
144100,0.48,0.48,0.04,0.07546497,0.07740965,0.7592062,151.35
144200,0.43,0.57,0,0.08985533,0.09866036,0.2503998,94.17
144300,0.4,0.58,0.02,0.07732831,0.0805336,0.438602,147.28
144400,0.42,0.53,0.05,0.09358809,0.09167644,1.068209,147.3
144500,0.41,0.58,0.01,0.09106342,0.09155945,0.2809998,113.34
144600,0.47,0.5,0.03,0.07388705,0.07200221,0.6714042,151.69
144700,0.36,0.58,0.06,0.07567856,0.07329826,0.791206,157.85
144800,0.43,0.52,0.05,0.08197057,0.1112185,1.082409,169.38
144900,0.47,0.5,0.03,0.08208516,0.08952641,0.7748048,157.19
145000,0.42,0.52,0.06,0.07887007,0.08014787,1.224611,148.99
145100,0.5,0.46,0.04,0.0779312,0.07833668,1.069609,137.31
145200,0.41,0.58,0.01,0.08246695,0.0761463,0.5810024,139.15
145300,0.48,0.52,0,0.08377435,0.08293352,0.2613998,115.45
145400,0.4,0.57,0.03,0.07369977,0.07177047,0.8566066,132.77
145500,0.46,0.51,0.03,0.08999127,0.08400915,0.6694036,132.81
145600,0.43,0.55,0.02,0.07174738,0.06804169,0.6616043,131.03
145700,0.44,0.54,0.02,0.08204258,0.07705524,0.4710023,117.56
145800,0.46,0.5,0.04,0.08188046,0.07545671,0.9062064,174.89
145900,0.48,0.5,0.02,0.07126417,0.06989706,0.5952036,137.24
146000,0.46,0.51,0.03,0.07954743,0.07518693,0.580002,131.7
146100,0.5,0.46,0.04,0.0889622,0.09784248,0.9020072,162.78
146200,0.46,0.52,0.02,0.09000184,0.09730134,0.6394045,122.64
146300,0.39,0.58,0.03,0.07800508,0.07268959,0.5288023,144.6
146400,0.49,0.47,0.04,0.0810398,0.07412454,0.8212062,154.21
146500,0.43,0.54,0.03,0.07799883,0.08040269,0.6168042,133.23
146600,0.47,0.52,0.01,0.08078555,0.0822496,0.5884017,122.92
146700,0.44,0.56,0,0.07589276,0.08186995,0.2943998,123.77
146800,0.5,0.49,0.01,0.07851562,0.1006121,0.5908016,126.82
146900,0.41,0.58,0.01,0.07727971,0.08140162,0.5660016,145.61
147000,0.51,0.47,0.02,0.0856,0.09191366,0.7382035,120.24
147100,0.44,0.51,0.05,0.07069975,0.07312168,1.039808,161.59
147200,0.46,0.48,0.06,0.08309098,0.08110729,1.071009,158.53
147300,0.41,0.57,0.02,0.07084802,0.07749594,0.3676016,134.94
147400,0.41,0.56,0.03,0.08645374,0.08092996,0.8610064,133.61
147500,0.45,0.5,0.05,0.07476435,0.07582193,1.129409,160.9
147600,0.42,0.57,0.01,0.08541504,0.09411838,0.467802,124.52
147700,0.37,0.59,0.04,0.07594302,0.07271577,0.6862044,172.86
147800,0.38,0.6,0.02,0.08678876,0.08122785,0.5182019,119.84
147900,0.5,0.48,0.02,0.07833579,0.07704917,0.8136041,127.04
148000,0.45,0.54,0.01,0.09246115,0.08914955,0.4246019,118.29
148100,0.45,0.54,0.01,0.0716983,0.07294435,0.5444012,141.32
148200,0.36,0.62,0.02,0.07927605,0.08789804,0.5786045,142.86
148300,0.44,0.52,0.04,0.07610354,0.06802193,1.062607,159.47
148400,0.41,0.56,0.03,0.08068652,0.07549191,0.7150064,140.58
148500,0.47,0.51,0.02,0.08670014,0.09248416,0.6010038,140.7
148600,0.42,0.54,0.04,0.079289,0.08702295,1.041009,154.67
148700,0.44,0.51,0.05,0.07599305,0.08638637,1.036808,159.63
148800,0.38,0.6,0.02,0.1006863,0.1131262,0.2221998,135.85
148900,0.46,0.51,0.03,0.07614594,0.07970564,0.6920035,132.04
149000,0.4,0.58,0.02,0.07776659,0.08104655,0.5936041,126.66
149100,0.39,0.58,0.03,0.07933397,0.07156998,0.8990069,149.23
149200,0.37,0.6,0.03,0.08784797,0.0950782,0.6136047,141.38
149300,0.4,0.59,0.01,0.07845808,0.07233167,0.4970024,119.02
149400,0.47,0.52,0.01,0.09037672,0.0902592,0.4716015,119.59
149500,0.44,0.54,0.02,0.08960022,0.1030412,0.7326031,135.18
149600,0.37,0.59,0.04,0.08603991,0.1043865,0.7166064,127.99
149700,0.48,0.49,0.03,0.07549145,0.07809507,0.9150047,151.16
149800,0.4,0.58,0.02,0.08337522,0.07820191,0.4714019,129.66
149900,0.37,0.6,0.03,0.07864512,0.07411157,0.5884045,144.68
150000,0.37,0.59,0.04,0.0719054,0.07520478,0.8618057,159.26
150100,0.39,0.57,0.04,0.07842929,0.07218087,0.8006065,147.09
150200,0.43,0.55,0.02,0.07717384,0.0907679,0.6146045,129.06
150300,0.5,0.47,0.03,0.07311216,0.07668079,0.5472025,136.82
150400,0.45,0.55,0,0.07350256,0.07102075,0.2375998,122.03
150500,0.45,0.54,0.01,0.09455041,0.1007439,0.449402,116.51
150600,0.48,0.5,0.02,0.07634921,0.07595637,0.4696018,143.41
150700,0.45,0.52,0.03,0.0786464,0.09245902,0.6602045,121.98
150800,0.49,0.48,0.03,0.07840735,0.078104,0.8958062,139.91
150900,0.41,0.59,0,0.07961651,0.0927533,0.3959997,113.07
151000,0.53,0.44,0.03,0.07918826,0.08030309,0.2233998,144.04
151100,0.48,0.51,0.01,0.08122662,0.07830516,0.5404016,118.75
151200,0.46,0.49,0.05,0.07376045,0.07451006,1.345212,156.52
151300,0.5,0.48,0.02,0.08425865,0.08745087,0.5112015,126.49
151400,0.32,0.66,0.02,0.07803155,0.0834071,0.2856022,148.48
151500,0.49,0.45,0.06,0.07669196,0.06892454,0.6874049,156.61
151600,0.45,0.53,0.02,0.07295128,0.07384548,0.4622017,134.67
151700,0.44,0.53,0.03,0.08678049,0.09567679,0.7902072,121.59
151800,0.51,0.46,0.03,0.09111967,0.09309417,0.6470037,125.35
151900,0.45,0.55,0,0.08229355,0.07509813,0.2863998,126.53
152000,0.44,0.55,0.01,0.07500867,0.07494348,0.4271997,132.8
152100,0.43,0.57,0,0.08096823,0.07580467,0.1599999,98.95
152200,0.36,0.61,0.03,0.08230291,0.08439738,0.4174021,132.47
152300,0.35,0.65,0,0.08891457,0.08294313,0.1877999,90.67
152400,0.41,0.55,0.04,0.07122198,0.07833727,0.704206,164.86
152500,0.44,0.53,0.03,0.0727323,0.08727176,0.6072022,157.4
152600,0.41,0.54,0.05,0.07682645,0.08080395,0.8872054,156.13
152700,0.4,0.58,0.02,0.07078361,0.06898508,0.7190042,162.84
152800,0.49,0.48,0.03,0.07347975,0.069057,0.8750069,147.88
152900,0.5,0.47,0.03,0.1003589,0.1354063,0.7138044,127.09
153000,0.47,0.52,0.01,0.08426426,0.07895333,0.5582022,113.1
153100,0.46,0.49,0.05,0.07955284,0.09379175,0.7050038,156.32
153200,0.43,0.55,0.02,0.08384588,0.08168171,0.4876024,147.14
153300,0.41,0.58,0.01,0.08700763,0.1072604,0.393002,118.47
153400,0.41,0.55,0.04,0.07642273,0.07313614,0.817006,139.5
153500,0.37,0.6,0.03,0.08173367,0.08629081,0.7466065,133.7
153600,0.42,0.55,0.03,0.0957468,0.1067156,0.6552045,150.52
153700,0.44,0.52,0.04,0.08561038,0.08593325,0.9590095,143.11
153800,0.43,0.57,0,0.07909663,0.0762554,0.1797999,134.71
153900,0.42,0.56,0.02,0.07553174,0.07311566,0.2575998,140.89
154000,0.36,0.6,0.04,0.07670878,0.07681173,0.9322079,162.32
154100,0.44,0.52,0.04,0.08178113,0.0804962,0.6758023,157.84
154200,0.34,0.64,0.02,0.08056926,0.07671752,0.6052048,129.7
154300,0.45,0.53,0.02,0.08999604,0.09161997,0.4968022,109.29
154400,0.48,0.48,0.04,0.08121123,0.1027014,0.5258019,135.98
154500,0.48,0.5,0.02,0.07850335,0.08319006,0.3138021,116.46
154600,0.38,0.61,0.01,0.08084751,0.08565894,0.4182019,123.49
154700,0.3,0.67,0.03,0.08388051,0.08287437,0.3298022,129.74
154800,0.46,0.49,0.05,0.07735145,0.08040812,0.3978024,155.07
154900,0.49,0.49,0.02,0.07878231,0.07934779,0.6630039,141.27
155000,0.37,0.58,0.05,0.07732376,0.07025697,0.8426068,158.04
155100,0.54,0.45,0.01,0.08197526,0.07782799,0.4882019,108.75
155200,0.52,0.43,0.05,0.0834906,0.08274781,1.038808,152.62
155300,0.43,0.54,0.03,0.09317081,0.1043262,0.5928046,138.72
155400,0.48,0.5,0.02,0.07670125,0.08668049,0.5454019,127.3
155500,0.52,0.46,0.02,0.07034364,0.06349048,0.5300024,145.88
155600,0.39,0.57,0.04,0.07399878,0.07568359,0.8378069,135.74
155700,0.45,0.49,0.06,0.08012798,0.07681537,0.9788083,154.58
155800,0.44,0.53,0.03,0.08114535,0.09476347,0.9636065,135.61
155900,0.42,0.58,0,0.09342664,0.09494743,0.4209997,111.13
156000,0.41,0.56,0.03,0.07151377,0.06770896,0.6886043,135.53
156100,0.48,0.52,0,0.08700227,0.09859566,0.5295997,105.83
156200,0.5,0.49,0.01,0.07420117,0.08111341,0.5134023,130.3
156300,0.44,0.51,0.05,0.08197114,0.07681665,1.195011,146.41
156400,0.45,0.53,0.02,0.09104971,0.09394275,0.599604,121.69
156500,0.45,0.54,0.01,0.08102791,0.08326313,0.2977998,125.23
156600,0.34,0.6,0.06,0.08017592,0.08394486,0.9878092,182.35
156700,0.38,0.56,0.06,0.08736182,0.08531801,1.17541,164.77
156800,0.48,0.51,0.01,0.09795867,0.09677253,0.3115998,113.3
156900,0.38,0.61,0.01,0.07890047,0.08795316,0.4828028,129.09
157000,0.36,0.6,0.04,0.07482984,0.07649044,0.3478012,151.45
157100,0.43,0.56,0.01,0.0789851,0.07092826,0.4072022,126.34
157200,0.41,0.56,0.03,0.0907387,0.08746406,0.784005,137.47
157300,0.41,0.57,0.02,0.07991614,0.07594438,0.4066022,130.7
157400,0.45,0.52,0.03,0.07200912,0.07433381,0.6842044,158.51
157500,0.41,0.54,0.05,0.09080203,0.09082011,1.257411,137.96
157600,0.41,0.58,0.01,0.0799147,0.07419157,0.5512019,122.14
157700,0.46,0.52,0.02,0.07576618,0.07457084,0.775004,130.62
157800,0.43,0.55,0.02,0.0870255,0.08619352,0.654204,125.87
157900,0.49,0.49,0.02,0.08305496,0.09326592,0.1679999,115.65
158000,0.42,0.57,0.01,0.07307791,0.07228941,0.1965999,118.16
158100,0.39,0.6,0.01,0.07340938,0.09277248,0.4218019,123.65
158200,0.5,0.49,0.01,0.08973745,0.07836726,0.4624021,117.89
158300,0.51,0.48,0.01,0.08751451,0.08219921,0.3059998,107.99
158400,0.43,0.56,0.01,0.08206409,0.0824714,0.3994017,121.71
158500,0.41,0.57,0.02,0.09044505,0.1060605,0.440402,119.32
158600,0.43,0.53,0.04,0.07816012,0.07867952,0.9128063,151.48
158700,0.45,0.5,0.05,0.09394204,0.09930433,0.9904087,162.46
158800,0.47,0.52,0.01,0.07759308,0.08853217,0.2663999,117.75
158900,0.43,0.55,0.02,0.07032392,0.06907616,0.758404,160.11
159000,0.42,0.57,0.01,0.07700337,0.07074817,0.3273998,125.91
159100,0.43,0.54,0.03,0.08304477,0.0822458,0.8472064,132.46
159200,0.48,0.47,0.05,0.07853228,0.08297424,1.06341,161.28
159300,0.42,0.58,0,0.09489256,0.1080768,0.2521998,111.92
159400,0.51,0.49,0,0.08184951,0.0897947,0.4909996,116.11
159500,0.44,0.5,0.06,0.07332914,0.07421042,1.496614,170.7
159600,0.4,0.54,0.06,0.09493125,0.08963677,1.498815,168.44
159700,0.4,0.58,0.02,0.06634939,0.06925189,0.6806039,126.33
159800,0.4,0.58,0.02,0.08911495,0.1004724,0.420402,141.92
159900,0.42,0.56,0.02,0.08029825,0.07892916,0.7350051,117.3
160000,0.42,0.57,0.01,0.07495866,0.07474521,0.3472,137.79
160100,0.52,0.47,0.01,0.08921218,0.111643,0.4046021,112.81
160200,0.36,0.6,0.04,0.07253999,0.07149942,1.013409,149.92
160300,0.41,0.56,0.03,0.08002185,0.06884044,0.8092059,137.34
160400,0.45,0.51,0.04,0.07575622,0.09723936,0.8914076,152.22
160500,0.46,0.54,0,0.08409398,0.08852828,0.4635996,118.94
160600,0.4,0.59,0.01,0.07636301,0.07043485,0.1859999,116.22
160700,0.47,0.5,0.03,0.07508992,0.07103199,0.6198045,142.1
160800,0.44,0.53,0.03,0.09143752,0.09529669,0.3996022,148.64
160900,0.34,0.63,0.03,0.0675239,0.07164185,0.4546022,137.51
161000,0.46,0.51,0.03,0.07179069,0.07757124,0.5560045,149.53
161100,0.47,0.5,0.03,0.08425337,0.09843431,0.6046045,118.35
161200,0.47,0.5,0.03,0.07475757,0.08963922,0.858807,130.84
161300,0.51,0.48,0.01,0.09651927,0.1358164,0.4518018,117.59
161400,0.43,0.56,0.01,0.07550907,0.07618591,0.4162024,121.16
161500,0.48,0.5,0.02,0.07960734,0.08488189,0.4239997,145.99
161600,0.44,0.5,0.06,0.0936831,0.1073716,1.063609,155.09
161700,0.5,0.48,0.02,0.07823367,0.07488506,0.5026017,129.43
161800,0.43,0.52,0.05,0.08663348,0.1005778,0.8418067,143.39
161900,0.43,0.53,0.04,0.08683568,0.1063887,0.744606,157.43
162000,0.43,0.49,0.08,0.08342394,0.08476931,1.437213,189.88
162100,0.5,0.47,0.03,0.09591413,0.1110571,0.7698056,144.14
162200,0.34,0.63,0.03,0.07088067,0.06464081,0.6774045,146.49
162300,0.48,0.51,0.01,0.07772353,0.08426013,0.359802,103.31
162400,0.37,0.58,0.05,0.08646193,0.08337227,0.9900084,158.01
162500,0.36,0.61,0.03,0.08751808,0.07809356,0.384202,136.08
162600,0.43,0.56,0.01,0.07387981,0.07328486,0.4502017,119.36
162700,0.32,0.67,0.01,0.07162339,0.07517707,0.346402,124.67
162800,0.47,0.51,0.02,0.07720111,0.06918441,0.4038004,141.6
162900,0.42,0.57,0.01,0.07309403,0.06755684,0.2645998,127.65
163000,0.34,0.63,0.03,0.07968872,0.08383768,0.5738047,148.58
163100,0.39,0.56,0.05,0.07636455,0.07487475,0.5126024,162.91
163200,0.38,0.6,0.02,0.07806762,0.07269031,0.2980018,139.88
163300,0.43,0.53,0.04,0.09869985,0.1097834,0.7698051,144.94
163400,0.42,0.56,0.02,0.09388204,0.09444902,0.5216042,111.18
163500,0.49,0.43,0.08,0.07654255,0.07910876,1.853618,179.3
163600,0.43,0.51,0.06,0.0765244,0.0825138,1.216412,165.56
163700,0.41,0.57,0.02,0.07949524,0.08333466,0.4798018,126.83
163800,0.44,0.56,0,0.08070067,0.08949914,0.2227999,106.29
163900,0.53,0.43,0.04,0.08150309,0.07502802,0.9010038,152.79
164000,0.38,0.6,0.02,0.08763537,0.0857926,0.2567998,130.85
164100,0.45,0.52,0.03,0.06783131,0.08558037,0.3990024,138.49
164200,0.44,0.54,0.02,0.07628806,0.08611646,0.450002,128.43
164300,0.42,0.55,0.03,0.08159686,0.08902743,0.8228062,133.15
164400,0.38,0.59,0.03,0.1007658,0.1220844,0.5636048,130.24
164500,0.43,0.54,0.03,0.08755794,0.09698687,0.852607,139.95
164600,0.44,0.51,0.05,0.09040358,0.09390637,1.058209,176.29
164700,0.43,0.54,0.03,0.1040521,0.1189321,0.5874045,127.6
164800,0.43,0.55,0.02,0.08196644,0.07002724,0.6800044,133.89
164900,0.43,0.53,0.04,0.0781709,0.07756022,0.9690073,155.67
165000,0.4,0.6,0,0.09890031,0.09080222,0.3699998,137.53
165100,0.43,0.53,0.04,0.07804204,0.07838998,0.698806,145.88
165200,0.39,0.59,0.02,0.0769048,0.07930315,0.6470045,117.68
165300,0.37,0.58,0.05,0.07317124,0.06637225,1.097611,145.62
165400,0.44,0.53,0.03,0.08100612,0.08636,0.7328036,142.69
165500,0.37,0.62,0.01,0.07285503,0.0689125,0.2952021,149.04
165600,0.43,0.55,0.02,0.09620322,0.09859119,0.4836018,154.05
165700,0.36,0.64,0,0.1021642,0.1193375,0.3297998,98.94
165800,0.45,0.51,0.04,0.09618924,0.09823762,0.5504035,149.14
165900,0.41,0.54,0.05,0.08022955,0.0790889,0.9716091,147.33
166000,0.42,0.56,0.02,0.07942503,0.07061717,0.4182021,128.71
166100,0.44,0.54,0.02,0.0852505,0.08951498,0.5810022,129.09
166200,0.45,0.54,0.01,0.08368905,0.08892819,0.5372014,136.43
166300,0.38,0.61,0.01,0.08373319,0.07330499,0.457802,143.94
166400,0.38,0.6,0.02,0.08238449,0.08134409,0.7000039,148.22
166500,0.44,0.54,0.02,0.07561659,0.07323439,0.4886023,129.4
166600,0.43,0.55,0.02,0.08585801,0.08426234,0.5104035,132.02
166700,0.43,0.55,0.02,0.07457915,0.07163581,0.6134046,124.94
166800,0.42,0.56,0.02,0.07391631,0.0694932,0.5314024,151.42
166900,0.39,0.58,0.03,0.07748696,0.07055967,0.451202,141.99
167000,0.46,0.52,0.02,0.06938909,0.06346781,0.5666039,120.03
167100,0.43,0.54,0.03,0.08649734,0.09484636,0.7736054,131.17
167200,0.43,0.54,0.03,0.07600582,0.07229405,0.6468045,124.06
167300,0.42,0.55,0.03,0.07833961,0.07748749,0.4742046,140.14
167400,0.47,0.51,0.02,0.08209146,0.08722644,0.5552015,126.84
167500,0.47,0.5,0.03,0.08222911,0.09630004,0.8174073,138.46
167600,0.43,0.56,0.01,0.08086207,0.08716936,0.6576018,138.5
167700,0.44,0.52,0.04,0.07184311,0.07320943,0.5786042,145.39
167800,0.44,0.51,0.05,0.08042192,0.0782904,0.830604,163.28
167900,0.41,0.55,0.04,0.1103557,0.1188524,0.7500041,170.04
168000,0.44,0.54,0.02,0.09180901,0.09051182,0.5642033,134.63
168100,0.44,0.51,0.05,0.08406015,0.09056803,1.042009,165.58
168200,0.41,0.55,0.04,0.08879795,0.09314901,0.4666022,163.87
168300,0.43,0.54,0.03,0.07855552,0.07606213,0.6548051,130.57
168400,0.46,0.49,0.05,0.07432167,0.07204518,0.8478067,140.65
168500,0.46,0.52,0.02,0.07820019,0.07667798,0.3258021,116.63
168600,0.46,0.49,0.05,0.08472706,0.09161533,1.314412,148.67
168700,0.39,0.57,0.04,0.09720699,0.09613063,0.6456046,153.05
168800,0.31,0.68,0.01,0.06796677,0.06375998,0.1251999,109.11
168900,0.45,0.54,0.01,0.08513579,0.07948553,0.5956019,115.54
169000,0.35,0.65,0,0.09708185,0.09204786,0.2999997,112.13
169100,0.49,0.5,0.01,0.07896123,0.08382236,0.5606019,124.11
169200,0.43,0.57,0,0.08992635,0.08473792,0.2005998,95.99
169300,0.42,0.57,0.01,0.07724411,0.07728983,0.5864019,136.83
169400,0.41,0.56,0.03,0.08358972,0.09679458,0.8814073,134.37
169500,0.32,0.64,0.04,0.07469262,0.06901522,0.5980043,146.56
169600,0.43,0.55,0.02,0.06928262,0.0663298,0.3766024,141.26
169700,0.49,0.47,0.04,0.07997824,0.07754535,0.789207,163.47
169800,0.4,0.59,0.01,0.08210682,0.06882015,0.1737999,121.8
169900,0.52,0.45,0.03,0.06929889,0.06534458,0.6608042,151.76
170000,0.46,0.53,0.01,0.08589254,0.1084773,0.448002,112.21
170100,0.47,0.51,0.02,0.07865693,0.08267573,0.2447998,123.28
170200,0.37,0.62,0.01,0.08486854,0.09963026,0.5212019,109.22
170300,0.4,0.54,0.06,0.07886256,0.07980931,0.6538057,166.83
170400,0.38,0.6,0.02,0.0806875,0.09173682,0.4200021,137.94
170500,0.43,0.57,0,0.07894338,0.07876523,0.3705997,108.6
170600,0.31,0.66,0.03,0.07378504,0.07603928,0.6380047,149.99
170700,0.42,0.56,0.02,0.06824698,0.06316878,0.6090033,134.99
170800,0.42,0.56,0.02,0.0682175,0.0695456,0.5976018,161.75
170900,0.48,0.52,0,0.08411704,0.09087756,0.3319997,115.48
171000,0.46,0.52,0.02,0.09701721,0.09386622,0.4336019,114.65
171100,0.51,0.47,0.02,0.09763193,0.1057269,0.4240008,113.28
171200,0.44,0.56,0,0.08830488,0.09031695,0.2913998,125.41
171300,0.47,0.5,0.03,0.07035429,0.07214326,1.006007,161.11
171400,0.44,0.53,0.03,0.09623408,0.1089074,0.6134027,139.03
171500,0.44,0.55,0.01,0.08002369,0.07185945,0.2051998,132.22
171600,0.42,0.56,0.02,0.07886279,0.0763488,0.2233998,129.12
171700,0.44,0.54,0.02,0.07245664,0.09681047,0.5976047,123.1
171800,0.39,0.59,0.02,0.07535932,0.07510011,0.452002,138.59
171900,0.4,0.56,0.04,0.07515387,0.0868299,0.9268059,158.45
172000,0.38,0.59,0.03,0.09079053,0.0956341,0.5806043,129.58
172100,0.49,0.51,0,0.06495562,0.06453974,0.2935998,134.12
172200,0.41,0.57,0.02,0.0690181,0.07098205,0.5740018,141.87
172300,0.41,0.54,0.05,0.0981334,0.1016542,0.9300067,151.88
172400,0.39,0.59,0.02,0.07363404,0.06891377,0.7484038,134.58
172500,0.47,0.51,0.02,0.07151528,0.08714847,0.722205,125.04
172600,0.42,0.53,0.05,0.08629619,0.07857944,0.6668048,163.83
172700,0.48,0.48,0.04,0.07593162,0.08522401,1.168609,171.66
172800,0.42,0.53,0.05,0.07463616,0.0689877,0.9880087,153.63
172900,0.36,0.63,0.01,0.09309255,0.1020797,0.3450018,127.48
173000,0.45,0.53,0.02,0.08310159,0.08405538,0.4382021,125.76
173100,0.43,0.56,0.01,0.07401314,0.06836241,0.3428018,120.81
173200,0.45,0.52,0.03,0.07029015,0.07640421,0.4544019,134.07
173300,0.45,0.51,0.04,0.08259632,0.07623463,0.3566014,150.2
173400,0.37,0.62,0.01,0.08663888,0.09523544,0.1511999,110.16
173500,0.42,0.56,0.02,0.07477073,0.06949212,0.6392045,128.46
173600,0.42,0.56,0.02,0.07676356,0.08119608,0.7388044,155.83
173700,0.42,0.57,0.01,0.07741515,0.07630327,0.6148022,127.73
173800,0.41,0.57,0.02,0.08469058,0.09091819,0.6234023,142.4
173900,0.41,0.58,0.01,0.08359343,0.08593852,0.3638024,107.34
174000,0.37,0.59,0.04,0.08032844,0.09251869,0.4952043,156.88
174100,0.37,0.6,0.03,0.07658203,0.07256105,0.642204,136.04
174200,0.47,0.5,0.03,0.08810133,0.101163,0.2485998,135.89
174300,0.42,0.57,0.01,0.07421292,0.08083639,0.4630025,141.65
174400,0.43,0.54,0.03,0.08682407,0.1060445,0.5134019,150.31
174500,0.39,0.58,0.03,0.1112221,0.1049123,0.5982045,135.44
174600,0.48,0.49,0.03,0.09617166,0.09142371,0.6616044,128.65
174700,0.54,0.45,0.01,0.0832356,0.07656904,0.5738019,123.12
174800,0.56,0.42,0.02,0.07184683,0.06563905,0.5714023,152.19
174900,0.43,0.54,0.03,0.07579616,0.07519874,0.5180022,140.2
175000,0.39,0.6,0.01,0.08476271,0.0850072,0.3623997,143.62
175100,0.44,0.55,0.01,0.1093236,0.09798646,0.5142022,121.04
175200,0.37,0.59,0.04,0.09273633,0.1194393,0.5410043,141.39
175300,0.39,0.6,0.01,0.07458923,0.06986167,0.4650029,135.75
175400,0.42,0.56,0.02,0.07371296,0.07641355,0.449802,114.6
175500,0.49,0.48,0.03,0.07845466,0.077304,0.8834057,137.69
175600,0.41,0.52,0.07,0.08078235,0.08249127,1.561417,174.64
175700,0.4,0.6,0,0.07788065,0.08106014,0.2357998,106.3
175800,0.43,0.53,0.04,0.07296462,0.07965631,0.694604,168.01
175900,0.39,0.58,0.03,0.09111144,0.09445752,0.581202,121.75
176000,0.44,0.55,0.01,0.07830893,0.1083346,0.5354022,118.81
176100,0.42,0.55,0.03,0.08876695,0.08254433,0.765007,135.5
176200,0.43,0.55,0.02,0.07780269,0.07565875,0.6000041,131.13
176300,0.41,0.57,0.02,0.07053876,0.08304414,0.7564045,134.11
176400,0.26,0.7,0.04,0.07945929,0.09312364,0.3952023,161.61
176500,0.41,0.57,0.02,0.1017462,0.1069314,0.2459998,127.05
176600,0.43,0.55,0.02,0.07498187,0.06666467,0.7610043,124.3
176700,0.42,0.55,0.03,0.08490665,0.08975132,0.8548064,136.28
176800,0.41,0.57,0.02,0.09169891,0.1114817,0.5490043,130.9
176900,0.4,0.57,0.03,0.06863403,0.06236529,0.4652022,131.95
177000,0.47,0.48,0.05,0.0756574,0.07289526,1.147608,168.08
177100,0.39,0.58,0.03,0.07469656,0.09517648,0.7218045,135.31
177200,0.45,0.51,0.04,0.07668708,0.07092715,1.066006,162.43
177300,0.44,0.53,0.03,0.07718857,0.07171729,0.6452044,145.54
177400,0.38,0.58,0.04,0.09232616,0.1060664,1.043009,139.98
177500,0.4,0.58,0.02,0.08531657,0.08817782,0.6858042,122.19
177600,0.45,0.54,0.01,0.07998253,0.08508772,0.4066021,99.11
177700,0.54,0.39,0.07,0.08825076,0.09027489,1.080009,166.66
177800,0.36,0.62,0.02,0.09976809,0.1026292,0.1903999,119.43
177900,0.42,0.55,0.03,0.07647442,0.08181825,0.5582021,144.87
178000,0.48,0.48,0.04,0.07858492,0.07448906,0.9346039,150.35
178100,0.4,0.59,0.01,0.08116035,0.0835858,0.2077999,122.07
178200,0.38,0.57,0.05,0.07697156,0.07000473,0.5120044,142.29
178300,0.41,0.58,0.01,0.07599945,0.09064389,0.1981998,115.09
178400,0.39,0.58,0.03,0.07935908,0.07927348,0.6368043,143.89
178500,0.41,0.57,0.02,0.08679339,0.08669246,0.683205,124.37
178600,0.5,0.48,0.02,0.08814617,0.08149529,0.6968043,137.21
178700,0.3,0.68,0.02,0.08670601,0.08556608,0.5404042,148.8
178800,0.38,0.61,0.01,0.08454644,0.08632667,0.345802,120.99
178900,0.44,0.54,0.02,0.08076251,0.08987908,0.2827998,127.78
179000,0.39,0.58,0.03,0.0840091,0.1010127,0.5300041,130.17
179100,0.35,0.56,0.09,0.07981525,0.07688048,1.354414,190.93
179200,0.45,0.53,0.02,0.07785752,0.07650413,0.4229997,136.05
179300,0.47,0.51,0.02,0.07739219,0.07403942,0.4486019,122.75
179400,0.5,0.46,0.04,0.07880758,0.08313715,0.4485997,152.23
179500,0.31,0.66,0.03,0.08166954,0.0836838,0.5216041,140.58
179600,0.37,0.6,0.03,0.09361048,0.08851162,0.6192045,136.48
179700,0.36,0.59,0.05,0.08554707,0.08423161,0.8912068,149.77
179800,0.37,0.62,0.01,0.0810765,0.0840217,0.3734021,118.11
179900,0.41,0.56,0.03,0.110165,0.1118866,0.6740043,134.7
180000,0.48,0.49,0.03,0.07983889,0.07339717,0.5264018,153.71
180100,0.44,0.55,0.01,0.103085,0.1146607,0.4560024,116.37
180200,0.34,0.64,0.02,0.08571158,0.07574347,0.4896024,131.24
180300,0.36,0.61,0.03,0.07858477,0.06944928,0.7672068,140.89
180400,0.4,0.57,0.03,0.08351102,0.08782446,0.4488023,135.34
180500,0.37,0.56,0.07,0.08841245,0.09854517,1.10841,180.28
180600,0.43,0.54,0.03,0.07297929,0.07515859,0.803607,134.99
180700,0.42,0.56,0.02,0.08145464,0.0806402,0.5824019,134.93
180800,0.38,0.59,0.03,0.0766618,0.06802979,0.6526046,143.9
180900,0.44,0.54,0.02,0.09021549,0.09380473,0.4090018,113.79
181000,0.44,0.56,0,0.07694157,0.07277945,0.3197997,109.48
181100,0.42,0.55,0.03,0.08706761,0.08968072,0.6388049,134.26
181200,0.42,0.56,0.02,0.08753973,0.08062428,0.4466022,128.35
181300,0.36,0.62,0.02,0.08364029,0.08049945,0.5418046,119.17
181400,0.41,0.56,0.03,0.08960546,0.08593936,0.7222045,129.3
181500,0.4,0.54,0.06,0.09219401,0.1009169,1.153611,165.14
181600,0.44,0.54,0.02,0.08684082,0.09632618,0.4646021,120.12
181700,0.5,0.48,0.02,0.09509103,0.07890039,0.4740025,135.4
181800,0.46,0.54,0,0.08349899,0.08518628,0.3227998,113.99
181900,0.37,0.6,0.03,0.07276974,0.07455021,0.8164068,145.6
182000,0.39,0.59,0.02,0.06900997,0.06723943,0.5310044,117.94
182100,0.51,0.46,0.03,0.08354639,0.0783971,0.7262044,137.66
182200,0.42,0.55,0.03,0.08169179,0.07795054,0.5232024,159.08
182300,0.41,0.59,0,0.07817688,0.08258042,0.3081998,109.5
182400,0.45,0.54,0.01,0.06910995,0.06545239,0.4712011,128.97
182500,0.35,0.63,0.02,0.09010498,0.09283695,0.3086022,134.5
182600,0.48,0.51,0.01,0.08112822,0.08822734,0.3857998,106.44
182700,0.4,0.57,0.03,0.07608185,0.07089403,0.410602,125.7
182800,0.44,0.55,0.01,0.08317931,0.09344841,0.2331998,117.85
182900,0.41,0.56,0.03,0.07986529,0.09172377,0.359002,143.11
183000,0.45,0.54,0.01,0.08165721,0.08018351,0.4315996,115.71
183100,0.4,0.54,0.06,0.07109288,0.06876383,0.9872084,171.52
183200,0.39,0.57,0.04,0.1102753,0.1091744,0.3258021,140.49
183300,0.44,0.53,0.03,0.0902098,0.1098104,0.4102021,135.47
183400,0.49,0.51,0,0.08860119,0.09688089,0.3435997,116.23
183500,0.36,0.6,0.04,0.07486676,0.07523959,0.8052069,155.92
183600,0.45,0.52,0.03,0.07385337,0.07125436,0.6140018,136.99
183700,0.5,0.45,0.05,0.08266898,0.07883517,0.6852046,158.8
183800,0.37,0.61,0.02,0.07865819,0.07527716,0.4322017,136.29
183900,0.41,0.58,0.01,0.08206971,0.07938682,0.4998021,112.57
184000,0.51,0.45,0.04,0.07596583,0.07474049,0.4246024,140.5
184100,0.38,0.6,0.02,0.07562092,0.09126394,0.5112023,127.21
184200,0.35,0.64,0.01,0.09760629,0.1132255,0.2455998,156.81
184300,0.43,0.55,0.02,0.07566846,0.06982443,0.4854016,161.75
184400,0.44,0.55,0.01,0.06705552,0.06905624,0.4512017,126.36
184500,0.48,0.5,0.02,0.08123311,0.07370543,0.478002,116.65
184600,0.42,0.57,0.01,0.08393168,0.08723127,0.3690018,120.55
184700,0.39,0.59,0.02,0.08936051,0.09336653,0.4932024,134.36
184800,0.37,0.61,0.02,0.07482792,0.0748919,0.5332022,141.06
184900,0.41,0.59,0,0.07177801,0.07256921,0.2551998,103.7
185000,0.37,0.61,0.02,0.09221615,0.08699313,0.6808045,117.83
185100,0.42,0.58,0,0.08128843,0.1012937,0.1601999,93.42
185200,0.45,0.52,0.03,0.08409421,0.08727957,0.5664037,132.26
185300,0.38,0.52,0.1,0.08404765,0.09952588,1.113011,212.18
185400,0.38,0.56,0.06,0.07957573,0.08180732,0.7846075,170.67
185500,0.5,0.46,0.04,0.0811679,0.08145321,0.6568046,129.35
185600,0.35,0.63,0.02,0.09559988,0.08636079,0.5776045,129.39
185700,0.36,0.62,0.02,0.06873348,0.06819536,0.5682045,172
185800,0.41,0.55,0.04,0.08038031,0.07952667,0.7310051,143.09
185900,0.51,0.46,0.03,0.09020907,0.1130056,0.5726019,142.76
186000,0.45,0.55,0,0.08171903,0.08208511,0.2769998,117.95
186100,0.44,0.56,0,0.07875174,0.07557177,0.2443998,119.54
186200,0.39,0.57,0.04,0.07162842,0.07016316,0.757007,160.09
186300,0.51,0.46,0.03,0.08405048,0.07723768,0.4458018,128.93
186400,0.49,0.47,0.04,0.08487147,0.09378522,0.8642049,138.35
186500,0.49,0.48,0.03,0.08172883,0.07513505,0.7726046,141.57
186600,0.46,0.49,0.05,0.07341751,0.08708643,0.8140062,152.64
186700,0.45,0.53,0.02,0.08084489,0.08288621,0.4814021,137.59
186800,0.41,0.56,0.03,0.08849329,0.08801985,0.6186038,134.51
186900,0.44,0.51,0.05,0.07249495,0.06604046,0.736604,156.87
187000,0.45,0.54,0.01,0.08722489,0.09342673,0.5358021,129.88
187100,0.33,0.64,0.03,0.06819472,0.06593598,0.5410019,142.9
187200,0.41,0.57,0.02,0.09290116,0.09554876,0.2725998,145.61
187300,0.42,0.55,0.03,0.09401485,0.09912662,0.4246021,130.72
187400,0.47,0.51,0.02,0.07550135,0.06848954,0.5860038,128.43
187500,0.38,0.59,0.03,0.08664533,0.0873472,0.4048019,132.38
187600,0.42,0.57,0.01,0.07740954,0.07270722,0.5918018,130.8
187700,0.36,0.62,0.02,0.07714634,0.08145318,0.3620023,119.68
187800,0.44,0.54,0.02,0.0785087,0.08351142,0.4772019,122.84
187900,0.51,0.44,0.05,0.07672717,0.06834251,0.7948064,157.55
188000,0.39,0.59,0.02,0.07668924,0.07705083,0.5820042,152.98
188100,0.37,0.61,0.02,0.08440594,0.08094816,0.3122026,108.85
188200,0.43,0.57,0,0.07031453,0.06513446,0.3351997,113.54
188300,0.49,0.5,0.01,0.07685445,0.07016858,0.515202,130.85
188400,0.5,0.48,0.02,0.07597788,0.06402648,0.485602,131.43
188500,0.42,0.55,0.03,0.1054425,0.1123766,0.6790048,119.91
188600,0.32,0.66,0.02,0.09540384,0.1058361,0.476805,123.67
188700,0.39,0.59,0.02,0.08037329,0.08730751,0.6994041,116.92
188800,0.45,0.53,0.02,0.0744055,0.07387984,0.6964045,132.06
188900,0.44,0.54,0.02,0.07120593,0.0748028,0.6208031,127.75
189000,0.45,0.54,0.01,0.09044167,0.09535381,0.4395997,124.72
189100,0.4,0.59,0.01,0.07996608,0.0744532,0.2423998,112.65
189200,0.33,0.63,0.04,0.07755401,0.08903369,0.594004,161.05
189300,0.37,0.57,0.06,0.07761491,0.07441915,0.9190091,150.09
189400,0.39,0.58,0.03,0.1023375,0.101843,0.3704025,122.1
189500,0.4,0.59,0.01,0.08170637,0.07554275,0.3954022,114.22
189600,0.47,0.47,0.06,0.07820401,0.08714094,0.4146024,166.36
189700,0.43,0.56,0.01,0.08115029,0.08214285,0.2117998,106.79
189800,0.44,0.56,0,0.0905326,0.09420835,0.2429998,103.19
189900,0.44,0.51,0.05,0.08352234,0.09472936,1.210411,170.96
190000,0.41,0.55,0.04,0.07062443,0.06809997,0.9488081,154.93
190100,0.44,0.55,0.01,0.08243446,0.08247229,0.4246021,127.01
190200,0.45,0.51,0.04,0.07318089,0.07196849,0.3891997,169.54
190300,0.44,0.53,0.03,0.0776442,0.08295932,0.6252044,141.86
190400,0.45,0.52,0.03,0.09611206,0.09950451,0.6816042,137.11
190500,0.48,0.51,0.01,0.07905597,0.08514173,0.3211998,111.17
190600,0.4,0.56,0.04,0.08003163,0.08864423,0.6776047,137.66
190700,0.39,0.6,0.01,0.08382859,0.09761269,0.3556024,118.39
190800,0.37,0.6,0.03,0.07857834,0.07430445,0.5822045,132.36
190900,0.41,0.53,0.06,0.08258271,0.08816724,1.064209,150.93
191000,0.47,0.5,0.03,0.09302361,0.1034365,0.7678043,129.06
191100,0.42,0.57,0.01,0.08861698,0.09921163,0.4042024,98.58
191200,0.56,0.4,0.04,0.08276694,0.08581519,0.7166044,155.62
191300,0.46,0.49,0.05,0.0786469,0.07349524,0.7928064,152.96
191400,0.48,0.5,0.02,0.0801644,0.08809819,0.2541998,125.53
191500,0.53,0.46,0.01,0.07108872,0.06699756,0.5184018,132.31
191600,0.42,0.52,0.06,0.0807308,0.07855941,0.8878073,166.31
191700,0.39,0.61,0,0.0745801,0.07798497,0.2019998,118.75
191800,0.49,0.49,0.02,0.07908845,0.07547151,0.5510013,123.56
191900,0.42,0.56,0.02,0.07581052,0.06957512,0.5198023,132.34
192000,0.36,0.61,0.03,0.07296547,0.06824358,0.5898042,150.39
192100,0.44,0.53,0.03,0.08318038,0.08489563,0.4130018,134.67
192200,0.51,0.48,0.01,0.08526943,0.103171,0.3812019,106.67
192300,0.39,0.58,0.03,0.1078393,0.1209462,0.7240064,114.57
192400,0.37,0.6,0.03,0.08278771,0.07677326,0.5888048,124.96
192500,0.47,0.5,0.03,0.08003824,0.07808307,0.5714021,140.15
192600,0.45,0.53,0.02,0.06795899,0.06996182,0.5760014,150.2
192700,0.42,0.56,0.02,0.07876148,0.07379215,0.528004,117.64
192800,0.48,0.5,0.02,0.07840369,0.07473297,0.5010018,124.85
192900,0.37,0.58,0.05,0.0977732,0.100547,0.3503997,145.54
193000,0.44,0.51,0.05,0.07060127,0.07592987,1.074207,168.78
193100,0.43,0.55,0.02,0.0757679,0.07258978,0.5386024,143.63
193200,0.42,0.55,0.03,0.07648198,0.08548788,0.5866045,138.62
193300,0.44,0.54,0.02,0.08421061,0.0842004,0.6880044,113.7
193400,0.45,0.53,0.02,0.1010007,0.1155462,0.5974023,137.73
193500,0.49,0.51,0,0.08051035,0.07994959,0.2639998,93.22
193600,0.46,0.51,0.03,0.08264164,0.08587091,0.7590039,138.73
193700,0.48,0.51,0.01,0.09021299,0.1094433,0.2615998,130.36
193800,0.46,0.52,0.02,0.08311326,0.07899106,0.5428022,124.42
193900,0.41,0.58,0.01,0.09316301,0.08580147,0.4624024,111.99
194000,0.37,0.61,0.02,0.09251127,0.09750357,0.325202,116.84
194100,0.45,0.55,0,0.08576741,0.08972656,0.3205997,102.6
194200,0.39,0.58,0.03,0.09083095,0.09713155,0.4442016,137.2
194300,0.41,0.57,0.02,0.07920233,0.07770153,0.6720045,124.99
194400,0.49,0.5,0.01,0.08424118,0.07316702,0.3999996,128.84
194500,0.37,0.59,0.04,0.09526712,0.1258827,0.5682039,155.23
194600,0.46,0.52,0.02,0.07680763,0.07296795,0.6382051,129.86
194700,0.46,0.52,0.02,0.07632689,0.07817484,0.8832045,135.76
194800,0.3,0.67,0.03,0.1082179,0.1195984,0.3792021,129.81
194900,0.38,0.61,0.01,0.07856796,0.07674782,0.6968019,133.91
195000,0.31,0.62,0.07,0.06795766,0.06695985,1.117611,186.38
195100,0.45,0.54,0.01,0.07666586,0.07418005,0.406202,105.83
195200,0.42,0.55,0.03,0.08156076,0.09065182,0.6552043,139.84
195300,0.45,0.54,0.01,0.0880352,0.08162083,0.3569998,120.42
195400,0.48,0.51,0.01,0.06945628,0.0635375,0.4071997,124.24
195500,0.46,0.53,0.01,0.08638626,0.08560083,0.6928029,138.13
195600,0.33,0.65,0.02,0.08226514,0.08899054,0.6116042,139.9
195700,0.42,0.55,0.03,0.08002994,0.06989614,0.8592066,125.28
195800,0.44,0.54,0.02,0.07189664,0.06664345,0.5818017,128.96
195900,0.5,0.48,0.02,0.07774175,0.07266939,0.5481995,131.3
196000,0.42,0.55,0.03,0.09684125,0.0905936,0.9142071,147.04
196100,0.36,0.6,0.04,0.0783144,0.07736456,0.7324034,164.03
196200,0.47,0.51,0.02,0.07452177,0.07558312,0.5086025,130.15
196300,0.53,0.46,0.01,0.0916168,0.08226473,0.4982025,114.91
196400,0.4,0.57,0.03,0.09078202,0.1156908,0.8218068,137.19
196500,0.48,0.49,0.03,0.06127851,0.06170528,0.8892062,145.67
196600,0.44,0.53,0.03,0.0783591,0.08812382,0.7892048,142.31
196700,0.39,0.59,0.02,0.07638665,0.07842246,0.5104023,130.3
196800,0.46,0.49,0.05,0.08687173,0.08293805,1.088611,149.28
196900,0.41,0.59,0,0.08039689,0.08682796,0.2621998,124.35
197000,0.45,0.55,0,0.07494757,0.07032365,0.3883997,109.02
197100,0.44,0.55,0.01,0.08025074,0.08281201,0.3348024,106.43
197200,0.42,0.55,0.03,0.0862395,0.09541603,0.7134031,148.55
197300,0.38,0.61,0.01,0.08992752,0.09078898,0.3306017,107.01
197400,0.4,0.57,0.03,0.08208196,0.09336708,0.6064048,135.16
197500,0.4,0.59,0.01,0.07851822,0.07552133,0.4028022,109.64
197600,0.45,0.54,0.01,0.09007077,0.09334621,0.5570019,120.1
197700,0.39,0.58,0.03,0.09071144,0.08458152,0.6954042,153.32
197800,0.38,0.6,0.02,0.07479851,0.07264203,0.546402,129.17
197900,0.41,0.56,0.03,0.08432773,0.09037473,0.7560046,149.95
198000,0.44,0.54,0.02,0.08331012,0.08232225,0.5150024,126.92
198100,0.38,0.59,0.03,0.09664918,0.09818678,0.637804,141.79
198200,0.5,0.48,0.02,0.07291657,0.06556249,0.5722022,136.59
198300,0.48,0.5,0.02,0.08252882,0.07902677,0.3972017,122.7
198400,0.4,0.57,0.03,0.09973659,0.1053135,0.4356023,125.99
198500,0.37,0.62,0.01,0.06765651,0.06496614,0.4054016,111.19
198600,0.5,0.48,0.02,0.1084565,0.1249865,0.5020022,121.77
198700,0.37,0.59,0.04,0.07603463,0.08588702,0.7846069,170.13
198800,0.42,0.55,0.03,0.09237669,0.1043075,0.5188019,143.85
198900,0.5,0.46,0.04,0.08093493,0.08040588,1.025407,127.57
199000,0.47,0.5,0.03,0.06912284,0.06964636,0.877807,152.34
199100,0.41,0.56,0.03,0.08222505,0.08246484,0.7650052,132.66
199200,0.42,0.53,0.05,0.07320887,0.06744161,0.8432069,167.04
199300,0.41,0.59,0,0.07206466,0.06798921,0.3757997,116.21
199400,0.5,0.48,0.02,0.09297638,0.1054166,0.9068041,159.54
199500,0.35,0.63,0.02,0.07819244,0.0810755,0.502404,111.47
199600,0.37,0.59,0.04,0.08310301,0.09019201,0.8360067,140.71
199700,0.46,0.49,0.05,0.08067935,0.07417256,0.9990087,148.83
199800,0.42,0.56,0.02,0.08216742,0.09806789,0.6300042,130.85
199900,0.52,0.47,0.01,0.08175371,0.0893494,0.5258022,131.96
200000,0.49,0.49,0.02,0.07912119,0.07170151,0.4474021,136.27
200100,0.42,0.56,0.02,0.08230864,0.08589618,0.5354015,147.95
200200,0.44,0.55,0.01,0.0774659,0.07910238,0.2159999,125.49
200300,0.48,0.5,0.02,0.08189116,0.08907737,0.6290044,115.7
200400,0.49,0.51,0,0.09146193,0.08602647,0.3623998,106
200500,0.37,0.61,0.02,0.09419513,0.09086416,0.5390046,118.54
200600,0.4,0.58,0.02,0.07783253,0.0871538,0.450602,133.29
200700,0.37,0.61,0.02,0.08337691,0.08843932,0.5396023,145.85
200800,0.39,0.59,0.02,0.07640049,0.07151368,0.1937998,132.26
200900,0.37,0.61,0.02,0.07699156,0.07129674,0.3627997,147.49
201000,0.46,0.54,0,0.08521566,0.08038332,0.2965998,112.51
201100,0.48,0.5,0.02,0.07566065,0.07158602,0.763204,157.04
201200,0.46,0.54,0,0.07965461,0.09013961,0.3185998,97.8
201300,0.36,0.61,0.03,0.07127701,0.06442475,0.7374038,154.38
201400,0.45,0.53,0.02,0.07674535,0.07175817,0.6398022,134
201500,0.41,0.58,0.01,0.07605026,0.07771236,0.3153997,134.9
201600,0.41,0.56,0.03,0.07796636,0.08490715,0.8626068,136.76
201700,0.44,0.54,0.02,0.07263955,0.07376459,0.5826046,131.1
201800,0.37,0.63,0,0.07698445,0.07493453,0.2873997,120.69
201900,0.44,0.54,0.02,0.07918027,0.07117953,0.576802,126.77
202000,0.58,0.38,0.04,0.09837303,0.111613,0.6378045,127.87
202100,0.34,0.64,0.02,0.08749734,0.08149023,0.5588046,112.94
202200,0.42,0.58,0,0.08029877,0.07627816,0.2449998,103
202300,0.43,0.56,0.01,0.07005137,0.06966332,0.440602,113.71
202400,0.39,0.59,0.02,0.09831772,0.1224466,0.6676043,117.72
202500,0.43,0.56,0.01,0.07832167,0.07858659,0.4892013,134.87
202600,0.45,0.55,0,0.07848307,0.08112592,0.3077998,114.94
202700,0.37,0.6,0.03,0.07624771,0.07262512,0.7588065,149.39
202800,0.51,0.47,0.02,0.07575553,0.08497514,0.5264018,130.01
202900,0.49,0.51,0,0.09583095,0.08611286,0.3445998,99.85
203000,0.41,0.58,0.01,0.09101636,0.0842979,0.4910023,118.03
203100,0.44,0.55,0.01,0.09226964,0.09333608,0.4852024,113.17
203200,0.43,0.55,0.02,0.07279311,0.07066734,0.4490024,123.05
203300,0.47,0.52,0.01,0.08195773,0.09966262,0.3783998,108.9
203400,0.49,0.49,0.02,0.07746848,0.08746134,0.8582047,144.61
203500,0.47,0.52,0.01,0.08161255,0.0795413,0.5726016,123.93
203600,0.45,0.51,0.04,0.07876728,0.08380903,0.9148086,133.86
203700,0.36,0.62,0.02,0.07356813,0.06551306,0.2045998,134.64
203800,0.42,0.58,0,0.0873505,0.08689111,0.3757997,113.31
203900,0.5,0.48,0.02,0.08366206,0.09169977,0.6178042,120.85
204000,0.4,0.59,0.01,0.06641398,0.06396705,0.2914023,139.55
204100,0.43,0.57,0,0.06228331,0.06836101,0.1713999,109.81
204200,0.49,0.48,0.03,0.07670718,0.07423259,0.7648043,149.32
204300,0.45,0.53,0.02,0.1046968,0.1376814,0.5522021,134.65
204400,0.47,0.52,0.01,0.085417,0.08703239,0.2583998,121.96
204500,0.49,0.5,0.01,0.08066549,0.07491894,0.5036021,122.99
204600,0.36,0.61,0.03,0.08664527,0.1045365,0.809607,129.05
204700,0.47,0.49,0.04,0.08740801,0.09374103,0.7936063,133.83
204800,0.39,0.61,0,0.08711508,0.09391965,0.2863998,102.68
204900,0.48,0.49,0.03,0.07337625,0.07841191,0.6486045,144.14
205000,0.45,0.52,0.03,0.08024803,0.07290801,0.6160049,135.34
205100,0.42,0.57,0.01,0.09059391,0.06974436,0.4450017,143.98
205200,0.4,0.57,0.03,0.08925568,0.1049617,0.5294046,135.85
205300,0.47,0.52,0.01,0.09229762,0.1198117,0.4834023,105.3
205400,0.43,0.56,0.01,0.08389378,0.08521394,0.5452023,111.18
205500,0.51,0.47,0.02,0.08204199,0.07458392,0.5284032,128.41
205600,0.46,0.53,0.01,0.1067997,0.08899831,0.4262006,101.68
205700,0.42,0.54,0.04,0.09183992,0.08225709,0.8216065,145.05
205800,0.53,0.45,0.02,0.07435533,0.06664949,0.6972042,132.5
205900,0.48,0.51,0.01,0.08555967,0.09283736,0.4394023,110.84
206000,0.44,0.56,0,0.09793755,0.1082606,0.2767998,92.56
206100,0.42,0.55,0.03,0.07795042,0.07329162,0.8024071,118.92
206200,0.47,0.53,0,0.08680913,0.09129162,0.4673996,111.88
206300,0.43,0.54,0.03,0.07823751,0.0782147,0.4722019,150.67
206400,0.43,0.53,0.04,0.07867215,0.1080527,0.988009,142.43
206500,0.4,0.57,0.03,0.08750462,0.08766741,0.7624054,138.22
206600,0.29,0.7,0.01,0.07619591,0.100641,0.3754022,120.91
206700,0.47,0.52,0.01,0.08416373,0.08463015,0.5400023,127.92
206800,0.53,0.46,0.01,0.07776515,0.07158961,0.5124022,125.43
206900,0.34,0.64,0.02,0.08840981,0.08800857,0.3462024,121.52
207000,0.5,0.5,0,0.09014446,0.09718722,0.2851998,106.57
207100,0.4,0.59,0.01,0.08599587,0.0792927,0.4608019,124.88
207200,0.51,0.47,0.02,0.06925613,0.06652983,0.5736017,134
207300,0.42,0.57,0.01,0.08176571,0.09238246,0.410002,127.7
207400,0.42,0.56,0.02,0.07041268,0.07087388,0.4970022,134.84
207500,0.42,0.55,0.03,0.08377294,0.08910385,0.8108062,130.61
207600,0.48,0.51,0.01,0.09234286,0.09399547,0.2751998,110.98
207700,0.43,0.52,0.05,0.0831825,0.08134557,1.126809,158.27
207800,0.39,0.59,0.02,0.07872611,0.06957571,0.7002041,135.03
207900,0.52,0.45,0.03,0.08465907,0.1080902,0.6868032,146.48
208000,0.54,0.46,0,0.06783856,0.06745295,0.2769998,120.54
208100,0.36,0.61,0.03,0.09042673,0.1007796,0.6454042,141.43
208200,0.45,0.54,0.01,0.07435796,0.06994235,0.4646023,118.25
208300,0.45,0.53,0.02,0.07690234,0.07239806,0.5062036,125.9
208400,0.37,0.61,0.02,0.0852971,0.08139911,0.4006019,143.28
208500,0.47,0.51,0.02,0.07421003,0.07084863,0.7576041,126.87
208600,0.38,0.6,0.02,0.07977071,0.07757981,0.6414047,132.23
208700,0.46,0.52,0.02,0.07733646,0.06879743,0.8430042,121.98
208800,0.44,0.55,0.01,0.07468563,0.08179867,0.4398018,123.89
208900,0.38,0.59,0.03,0.08397467,0.07900445,0.7620056,146.31
209000,0.38,0.57,0.05,0.07059205,0.07328882,1.162611,150.47
209100,0.45,0.51,0.04,0.08404329,0.08256121,0.9898087,129.17
209200,0.42,0.58,0,0.0834541,0.06948257,0.2883998,102.61
209300,0.48,0.51,0.01,0.1351957,0.1278434,0.4984016,124.71
209400,0.48,0.5,0.02,0.07646108,0.08868442,0.6870037,131.87
209500,0.43,0.55,0.02,0.07473509,0.07507923,0.6874041,121.28
209600,0.46,0.53,0.01,0.07644651,0.08890618,0.3996019,113.3
209700,0.33,0.62,0.05,0.08477569,0.08507061,1.164211,166.43
209800,0.47,0.52,0.01,0.08182552,0.09969226,0.4982021,105.47
209900,0.45,0.54,0.01,0.07011431,0.07222391,0.5428022,143.7
210000,0.4,0.59,0.01,0.07932918,0.07137629,0.5498024,134.93
210100,0.46,0.54,0,0.08946515,0.1002211,0.6607996,132.06
210200,0.52,0.46,0.02,0.07119191,0.0688713,0.5404021,127.28
210300,0.41,0.59,0,0.08921681,0.09013595,0.3267998,100.17
210400,0.39,0.59,0.02,0.08399305,0.08963008,0.5990044,139.56
210500,0.41,0.57,0.02,0.07470807,0.06977032,0.8194033,147.81
210600,0.48,0.51,0.01,0.08250915,0.07921584,0.4804021,123.81
210700,0.42,0.56,0.02,0.07372888,0.06952401,0.2353998,130.7
210800,0.42,0.54,0.04,0.06769031,0.07171152,0.5880049,146.71
210900,0.49,0.49,0.02,0.07770648,0.07993083,0.6354018,129.91
211000,0.46,0.52,0.02,0.06901686,0.06329507,0.4340023,155.24
211100,0.45,0.54,0.01,0.0727451,0.07053063,0.4266018,119.33
211200,0.45,0.55,0,0.07164751,0.07235343,0.2687998,109.95
211300,0.43,0.54,0.03,0.08364557,0.085469,0.6440039,143.01
211400,0.44,0.55,0.01,0.08462626,0.08979188,0.5746019,138.91
211500,0.46,0.52,0.02,0.0842772,0.08191492,0.5110019,134.28
211600,0.45,0.54,0.01,0.07088984,0.07212493,0.426402,107
211700,0.47,0.53,0,0.07510135,0.07206254,0.3689997,123.58
211800,0.43,0.55,0.02,0.08625408,0.1010347,0.4538021,127.17
211900,0.41,0.57,0.02,0.06610806,0.06654062,0.6002042,146.72
212000,0.56,0.44,0,0.07930974,0.07775024,0.3959997,110.77
212100,0.41,0.57,0.02,0.07345265,0.06773323,0.6424037,138.59
212200,0.41,0.57,0.02,0.08874664,0.1014809,0.7138045,135.61
212300,0.46,0.5,0.04,0.07458467,0.07126817,1.159208,158.51
212400,0.49,0.49,0.02,0.07415827,0.07788196,0.6756049,121.59
212500,0.5,0.44,0.06,0.0795738,0.07633927,1.271411,160.06
212600,0.5,0.48,0.02,0.07953206,0.07350706,0.697204,137.19
212700,0.38,0.59,0.03,0.0908741,0.09581181,0.4454031,148.27
212800,0.46,0.54,0,0.0733059,0.08974532,0.2719998,107.22
212900,0.42,0.55,0.03,0.08215987,0.09417412,0.8548066,144.87
213000,0.35,0.62,0.03,0.08618268,0.1006016,0.4898019,141.18
213100,0.4,0.58,0.02,0.09671877,0.1042891,0.6332039,111.09
213200,0.48,0.51,0.01,0.08747118,0.09063539,0.581602,105.03
213300,0.47,0.52,0.01,0.07395954,0.07196213,0.4008022,106.67
213400,0.43,0.55,0.02,0.07177968,0.08326683,0.8118042,133.72
213500,0.43,0.54,0.03,0.07596124,0.06849773,0.7658071,137.65
213600,0.53,0.45,0.02,0.06971623,0.06710543,0.6772046,127.53
213700,0.41,0.57,0.02,0.08004809,0.08430076,0.3244016,146.07
213800,0.41,0.55,0.04,0.07205447,0.07172327,0.8414038,145.06
213900,0.44,0.56,0,0.08220717,0.08133942,0.2743998,112.06
214000,0.44,0.55,0.01,0.07837695,0.09217265,0.4876014,138.75
214100,0.41,0.59,0,0.09159169,0.08890782,0.2661998,106.19
214200,0.45,0.52,0.03,0.1058977,0.1210872,0.7760068,141.15
214300,0.5,0.48,0.02,0.07599769,0.07685352,0.5230039,134.15
214400,0.38,0.58,0.04,0.08032566,0.09635381,1.108609,146.35
214500,0.49,0.49,0.02,0.09488519,0.1020357,0.5768023,117.06
214600,0.44,0.51,0.05,0.07513639,0.07425582,1.070409,160.62
214700,0.48,0.51,0.01,0.08475997,0.103736,0.5150021,115.17
214800,0.39,0.58,0.03,0.08153459,0.0747923,0.7052048,140.43
214900,0.48,0.49,0.03,0.09173135,0.08756103,0.9186068,117.29
215000,0.41,0.55,0.04,0.07439859,0.06501632,1.10961,166.98
215100,0.52,0.48,0,0.0782369,0.0751173,0.3111998,89.13
215200,0.5,0.47,0.03,0.0770134,0.0757828,0.6752038,128.66
215300,0.4,0.57,0.03,0.07538066,0.0711206,0.6044049,132.83
215400,0.46,0.51,0.03,0.09594254,0.09167613,0.829407,141.03
215500,0.45,0.53,0.02,0.08648921,0.0921828,0.4630022,114.92
215600,0.38,0.59,0.03,0.07497405,0.07844619,0.7958071,141.63
215700,0.42,0.55,0.03,0.07861522,0.08194056,0.5590048,123.07
215800,0.42,0.55,0.03,0.08294447,0.09075811,0.4946041,138.3
215900,0.44,0.55,0.01,0.08062248,0.0819867,0.5524019,123.72
216000,0.43,0.57,0,0.08625957,0.08769819,0.2299998,92.64
216100,0.4,0.59,0.01,0.08325193,0.08170144,0.4664023,119.94
216200,0.36,0.6,0.04,0.07140549,0.07162572,0.9656092,170.76
216300,0.38,0.58,0.04,0.0759609,0.07354314,0.6352043,168.18
216400,0.42,0.53,0.05,0.07144504,0.0672558,0.9774089,156.76
216500,0.47,0.5,0.03,0.06568288,0.07220244,0.9000069,157.99
216600,0.41,0.57,0.02,0.08385414,0.1046665,0.4482022,119.59
216700,0.46,0.47,0.07,0.08269681,0.08529308,1.495615,175.33
216800,0.37,0.59,0.04,0.1003808,0.108118,0.7212043,141.13
216900,0.42,0.57,0.01,0.08100066,0.08447947,0.3872022,111.74
217000,0.44,0.54,0.02,0.08761856,0.08414486,0.6156045,114.37
217100,0.46,0.5,0.04,0.06631915,0.0647142,0.8256048,164.87
217200,0.45,0.52,0.03,0.08532881,0.08726434,0.6530031,143.18
217300,0.4,0.59,0.01,0.08022425,0.07835232,0.2381998,114.08
217400,0.48,0.51,0.01,0.07531917,0.0740101,0.3916019,110.66
217500,0.43,0.56,0.01,0.09787271,0.1063014,0.5194018,118.73
217600,0.33,0.66,0.01,0.08045695,0.08686262,0.3748024,113.03
217700,0.48,0.5,0.02,0.07818247,0.08216998,0.6502042,136.66
217800,0.39,0.59,0.02,0.1003736,0.1177397,0.4844047,122.28
217900,0.38,0.57,0.05,0.09153972,0.09680802,0.7692063,136.28
218000,0.46,0.53,0.01,0.07783267,0.06635768,0.4448023,130.87
218100,0.38,0.61,0.01,0.07033919,0.06849843,0.5108019,125.86
218200,0.49,0.45,0.06,0.08170873,0.08001662,1.502213,178.66
218300,0.4,0.57,0.03,0.07743891,0.0743872,0.767207,139.47
218400,0.47,0.53,0,0.08026212,0.09509407,0.2969998,108.37
218500,0.4,0.57,0.03,0.07444604,0.0723456,0.6076047,125.4
218600,0.44,0.54,0.02,0.07773735,0.07566923,0.5368044,109.84
218700,0.46,0.53,0.01,0.06819488,0.07658193,0.6158017,132.01
218800,0.41,0.57,0.02,0.09252385,0.1001898,0.7264045,140.49
218900,0.44,0.54,0.02,0.06698333,0.07720753,0.4524017,126.88
219000,0.49,0.49,0.02,0.08161013,0.08763175,0.6860047,118.32
219100,0.4,0.57,0.03,0.09295719,0.08827394,0.6096043,116.35
219200,0.4,0.58,0.02,0.07297298,0.07814141,0.8030036,143.2
219300,0.37,0.61,0.02,0.07548609,0.08166712,0.7326045,155.56
219400,0.52,0.43,0.05,0.1055104,0.1116336,1.324812,161.08
219500,0.45,0.54,0.01,0.08207016,0.08736545,0.391202,113.01
219600,0.46,0.52,0.02,0.08829676,0.08875918,0.6446021,137.07
219700,0.36,0.6,0.04,0.07401885,0.07341477,0.4242017,141.94
219800,0.46,0.52,0.02,0.08827645,0.1017687,0.7040051,135.56
219900,0.47,0.53,0,0.08019978,0.08264321,0.3755997,100.31
220000,0.44,0.55,0.01,0.06653446,0.05601036,0.448002,137.36
220100,0.44,0.55,0.01,0.08671334,0.09421632,0.5028021,144.1
220200,0.48,0.48,0.04,0.07491709,0.07301285,1.16921,143.32
220300,0.38,0.59,0.03,0.08680435,0.09824228,0.814406,136.11
220400,0.38,0.6,0.02,0.08135629,0.08003892,0.4254014,128.38
220500,0.42,0.54,0.04,0.08006611,0.08125933,0.8412067,148.24
220600,0.33,0.61,0.06,0.0711193,0.06614918,1.089811,166.44
220700,0.46,0.54,0,0.08193708,0.1042358,0.3563997,98.92
220800,0.39,0.58,0.03,0.07759428,0.07619371,0.5982046,127.8
220900,0.5,0.48,0.02,0.07840367,0.07042452,0.6864036,124.7
221000,0.38,0.56,0.06,0.07713756,0.07270148,1.106411,171.51
221100,0.47,0.47,0.06,0.0860579,0.09091145,1.301211,179.47
221200,0.44,0.54,0.02,0.07497092,0.06863029,0.5242047,129.21
221300,0.54,0.45,0.01,0.09039384,0.10758,0.5564014,126.34
221400,0.45,0.51,0.04,0.07679586,0.07824256,1.030609,150.68
221500,0.46,0.51,0.03,0.09370595,0.1191603,0.7368045,150.76
221600,0.42,0.56,0.02,0.07478194,0.07778348,0.6356041,143
221700,0.39,0.56,0.05,0.06902429,0.07020571,1.123609,156.63
221800,0.38,0.57,0.05,0.07713537,0.0767465,0.9542077,164.03
221900,0.45,0.53,0.02,0.0704993,0.07136,0.4852022,134.61
222000,0.44,0.5,0.06,0.08319435,0.07894718,1.250812,160.12
222100,0.39,0.56,0.05,0.07870533,0.09154237,1.081809,155.16
222200,0.39,0.58,0.03,0.1046501,0.1145661,0.8114064,123.17
222300,0.61,0.38,0.01,0.07511017,0.07183138,0.5978019,109.53
222400,0.43,0.55,0.02,0.07908393,0.09476583,0.383402,110.98
222500,0.36,0.64,0,0.07535049,0.0820102,0.2595998,126.66
222600,0.52,0.48,0,0.088923,0.08771049,0.3319998,101.3
222700,0.43,0.56,0.01,0.07288755,0.07153033,0.3562015,129.53
222800,0.4,0.59,0.01,0.08177059,0.08171188,0.4722021,126.9
222900,0.54,0.44,0.02,0.08327515,0.08325022,0.5752042,130.09
223000,0.41,0.57,0.02,0.09074236,0.08858316,0.3576019,117.53
223100,0.4,0.56,0.04,0.07627682,0.09127298,0.8678069,141.06
223200,0.48,0.52,0,0.07517783,0.06790747,0.3423997,110.35
223300,0.49,0.51,0,0.08292255,0.08569785,0.3069998,129.01
223400,0.4,0.57,0.03,0.1016241,0.110285,0.5366051,145.09
223500,0.47,0.5,0.03,0.07378635,0.08655365,0.9030062,160.47
223600,0.42,0.56,0.02,0.08357746,0.07605078,0.5770041,139.03
223700,0.42,0.53,0.05,0.07159855,0.07003235,0.8782071,163.64
223800,0.39,0.58,0.03,0.07380158,0.07013752,0.7438066,135.21
223900,0.42,0.55,0.03,0.09597676,0.09272632,0.3130021,122.7
224000,0.37,0.63,0,0.07444315,0.0892198,0.2033999,125.55
224100,0.39,0.58,0.03,0.07875296,0.07932007,0.4030021,130.33
224200,0.42,0.54,0.04,0.07424103,0.07655679,0.6932049,149.01
224300,0.45,0.51,0.04,0.0796948,0.08468549,0.9110065,152.41
224400,0.5,0.47,0.03,0.09139219,0.1143707,0.792207,137.08
224500,0.37,0.62,0.01,0.06477673,0.05918306,0.5048022,142.51
224600,0.44,0.52,0.04,0.0731383,0.07661227,0.8576066,146.8
224700,0.46,0.52,0.02,0.08473115,0.07199421,0.632404,130.58
224800,0.45,0.55,0,0.09595978,0.1169211,0.3171997,98.19
224900,0.33,0.62,0.05,0.07166401,0.07556459,1.158811,153.59
225000,0.47,0.53,0,0.08407225,0.09400302,0.2907997,119.55
225100,0.45,0.52,0.03,0.09474978,0.09405695,0.8120062,130.61
225200,0.41,0.57,0.02,0.07735815,0.07432414,0.6422041,116.34
225300,0.33,0.59,0.08,0.09133802,0.09699185,1.467016,177.79
225400,0.47,0.52,0.01,0.06952122,0.0708595,0.4570015,143.58
225500,0.51,0.48,0.01,0.07189999,0.07129268,0.6372018,111.39
225600,0.41,0.57,0.02,0.08164588,0.09106067,0.6358051,144.7
225700,0.49,0.48,0.03,0.07541127,0.0665597,0.7360044,149.79
225800,0.35,0.62,0.03,0.0667497,0.06759471,0.5426046,161.98
225900,0.48,0.49,0.03,0.07772167,0.08146133,0.871807,135.63
226000,0.37,0.61,0.02,0.07879513,0.08348673,0.5846042,147.09
226100,0.45,0.54,0.01,0.09147102,0.087325,0.3443997,116.73
226200,0.46,0.54,0,0.07345412,0.08526725,0.3059998,127.95
226300,0.42,0.55,0.03,0.07077623,0.08187614,0.7428049,139.61
226400,0.41,0.57,0.02,0.09651695,0.1166995,0.4012008,123.81
226500,0.49,0.48,0.03,0.0971088,0.09884249,0.8072038,142.02
226600,0.45,0.52,0.03,0.07735728,0.07490619,0.4266022,128.31
226700,0.49,0.5,0.01,0.07797376,0.08380153,0.4838025,115.76
226800,0.43,0.52,0.05,0.07383995,0.07908399,1.142811,145.22
226900,0.45,0.54,0.01,0.08734319,0.09581252,0.4258021,124.73
227000,0.42,0.56,0.02,0.08032342,0.07795583,0.7002041,125.2
227100,0.36,0.64,0,0.06905778,0.07192846,0.1607999,104.05
227200,0.44,0.54,0.02,0.07126261,0.07135511,0.5934043,117.21
227300,0.49,0.45,0.06,0.07983936,0.07975415,1.028608,174.62
227400,0.52,0.46,0.02,0.07297274,0.07845739,0.6360044,148.79
227500,0.39,0.59,0.02,0.08110521,0.09403018,0.5600041,124.71
227600,0.4,0.58,0.02,0.07539287,0.07579137,0.6456047,135.71
227700,0.37,0.62,0.01,0.08753382,0.08122567,0.2967997,114.46
227800,0.46,0.52,0.02,0.06893181,0.0683153,0.6418045,158.61
227900,0.43,0.53,0.04,0.07608435,0.07678822,0.8104069,142.8
228000,0.41,0.57,0.02,0.09388447,0.1056029,0.5406039,129.65
228100,0.45,0.52,0.03,0.08585041,0.0790839,0.9134074,139.36
228200,0.49,0.48,0.03,0.08234318,0.08262908,0.5340038,121.75
228300,0.45,0.55,0,0.08267247,0.07969477,0.3401997,124.78
228400,0.36,0.63,0.01,0.08935203,0.09025055,0.2995998,127.46
228500,0.4,0.54,0.06,0.06655176,0.07174721,1.01961,168.07
228600,0.39,0.6,0.01,0.06036968,0.0577148,0.421002,122.12
228700,0.37,0.6,0.03,0.07669301,0.06970064,0.7652062,140.72
228800,0.41,0.55,0.04,0.08181398,0.07502767,0.9492097,133.59
228900,0.43,0.54,0.03,0.0747061,0.0746069,0.5958045,128.88
229000,0.37,0.61,0.02,0.07947528,0.08326227,0.3828024,118.47
229100,0.36,0.61,0.03,0.07405589,0.07541106,0.7344044,148.76
229200,0.41,0.57,0.02,0.07910934,0.07196134,0.7152048,121.55
229300,0.34,0.61,0.05,0.06598008,0.06470998,0.8248065,154.06
229400,0.42,0.55,0.03,0.08558903,0.1005439,0.8012061,138.32
229500,0.42,0.54,0.04,0.07897497,0.07174632,1.040409,156.28
229600,0.51,0.46,0.03,0.07048668,0.06267495,0.7254044,133.22
229700,0.42,0.55,0.03,0.08300671,0.0929245,0.6450065,135.16
229800,0.44,0.55,0.01,0.08632409,0.09631313,0.4467997,138.42
229900,0.39,0.59,0.02,0.08332204,0.07616518,0.4210023,127.44
230000,0.48,0.51,0.01,0.06742739,0.06799012,0.421602,123.23
230100,0.44,0.52,0.04,0.06759629,0.0681455,0.9262066,130.95
230200,0.56,0.42,0.02,0.08295509,0.08096984,0.717604,115.83
230300,0.45,0.54,0.01,0.08408263,0.08712938,0.5856023,112.21
230400,0.57,0.41,0.02,0.07409538,0.07423732,0.7724049,154.54
230500,0.43,0.56,0.01,0.07866597,0.0726854,0.4664022,126.66
230600,0.38,0.6,0.02,0.08764982,0.09369119,0.698804,139.25
230700,0.52,0.46,0.02,0.08303688,0.07615819,0.672005,143.31
230800,0.45,0.52,0.03,0.08304002,0.07773254,0.8688065,147.75
230900,0.42,0.57,0.01,0.06832502,0.07205053,0.4418025,128.01
231000,0.44,0.55,0.01,0.07332988,0.07003953,0.4692018,125.13
231100,0.47,0.5,0.03,0.07020336,0.07802107,0.8958068,129.43
231200,0.46,0.53,0.01,0.07277054,0.06904118,0.3794021,123.64
231300,0.43,0.53,0.04,0.07679196,0.07192569,1.118209,154.32
231400,0.39,0.56,0.05,0.0740933,0.06462677,1.122012,140.02
231500,0.38,0.6,0.02,0.08617178,0.09507373,0.4358016,124.25
231600,0.47,0.5,0.03,0.09105737,0.1059557,0.846007,147.28
231700,0.36,0.61,0.03,0.07919716,0.08729082,0.5782049,149.92
231800,0.37,0.6,0.03,0.07930132,0.08378316,0.6412067,136.4
231900,0.45,0.53,0.02,0.07162175,0.06662855,0.6670039,134.71
232000,0.44,0.56,0,0.08861869,0.08600668,0.3763997,103.19
232100,0.42,0.55,0.03,0.09699259,0.09057203,0.8706069,132.6
232200,0.33,0.65,0.02,0.07831305,0.08670846,0.3460019,140.43
232300,0.47,0.51,0.02,0.08272661,0.08528627,0.469202,118.51
232400,0.46,0.51,0.03,0.09487749,0.09114623,0.7886065,143.94
232500,0.4,0.59,0.01,0.09657108,0.09400338,0.4218018,107.57
232600,0.38,0.6,0.02,0.08197662,0.0947747,0.5352018,134.53
232700,0.36,0.63,0.01,0.06497507,0.06319059,0.447402,123.56
232800,0.49,0.49,0.02,0.07005188,0.07861549,0.7188045,136.04
232900,0.39,0.58,0.03,0.07827131,0.0788089,0.8642068,150.98
233000,0.43,0.57,0,0.07309971,0.06648786,0.3011998,118.06
233100,0.44,0.55,0.01,0.06776392,0.05955434,0.4878024,122.34
233200,0.44,0.52,0.04,0.09224238,0.09023221,0.9360095,144
233300,0.42,0.54,0.04,0.06774712,0.06518326,1.084209,169.52
233400,0.41,0.58,0.01,0.08887775,0.08148503,0.504002,126.8
233500,0.43,0.55,0.02,0.09041348,0.08572808,0.6502047,136.23
233600,0.35,0.63,0.02,0.08022829,0.08761385,0.4002021,130.73
233700,0.37,0.61,0.02,0.09037978,0.08393049,0.3202019,130.38
233800,0.45,0.54,0.01,0.08318863,0.1074077,0.4014023,102.42
233900,0.4,0.56,0.04,0.0723733,0.07027801,0.997809,146.4
234000,0.45,0.52,0.03,0.06272417,0.06571951,0.7126037,142.06
234100,0.45,0.51,0.04,0.06803965,0.0731589,0.9396068,172.42
234200,0.43,0.54,0.03,0.07870127,0.08454419,0.4686018,129.89
234300,0.48,0.51,0.01,0.07148522,0.07477371,0.4574021,137.45
234400,0.39,0.57,0.04,0.08121755,0.08923628,0.8050063,149.2
234500,0.43,0.54,0.03,0.08247857,0.09263611,0.6652027,136.54
234600,0.36,0.61,0.03,0.07391695,0.08033871,0.7940067,155.55
234700,0.45,0.49,0.06,0.07016902,0.06069619,1.425614,162.7
234800,0.55,0.44,0.01,0.08338103,0.08998136,0.6730021,121.69
234900,0.44,0.52,0.04,0.09322718,0.102823,0.8858072,155.05
235000,0.45,0.54,0.01,0.07996102,0.08429772,0.3745998,100.15
235100,0.42,0.57,0.01,0.07415073,0.08084372,0.435802,118.71
235200,0.41,0.57,0.02,0.0701153,0.07203687,0.4402019,127.61
235300,0.54,0.44,0.02,0.09993879,0.1126297,0.6730022,139.03
235400,0.48,0.51,0.01,0.07266873,0.06474424,0.3385997,140.45
235500,0.45,0.54,0.01,0.08538857,0.08254978,0.3183998,129
235600,0.39,0.61,0,0.09200842,0.1112886,0.2707998,102.13
235700,0.51,0.47,0.02,0.07714345,0.09092602,0.718005,133.54
235800,0.41,0.57,0.02,0.06745088,0.07666659,0.6324043,131.14
235900,0.45,0.53,0.02,0.08229753,0.09087703,0.6922044,121.93
236000,0.46,0.52,0.02,0.07646789,0.07971033,0.4304008,124.85
236100,0.43,0.55,0.02,0.07857195,0.08277776,0.6004052,126.45
236200,0.44,0.51,0.05,0.08566094,0.100645,0.7986071,146.43
236300,0.44,0.55,0.01,0.0702513,0.06953248,0.3515998,126.34
236400,0.46,0.53,0.01,0.07197422,0.06984533,0.4416023,118.28
236500,0.29,0.67,0.04,0.08128452,0.07853048,0.7778069,161.32
236600,0.44,0.52,0.04,0.08815721,0.08427089,0.8628089,124.91
236700,0.41,0.55,0.04,0.09419593,0.09678409,0.8724076,141.34
236800,0.43,0.54,0.03,0.09137678,0.1155896,0.5292042,121.2
236900,0.35,0.6,0.05,0.08297199,0.09113517,0.8874096,140.49
237000,0.45,0.55,0,0.08991781,0.09083068,0.2805998,100.28
237100,0.43,0.56,0.01,0.0732744,0.07459521,0.3932024,121.03
237200,0.47,0.49,0.04,0.0934104,0.1123799,1.028609,162.4
237300,0.38,0.62,0,0.0737857,0.07396643,0.2123998,120.37
237400,0.4,0.58,0.02,0.07611669,0.07664518,0.7028046,133.17
237500,0.45,0.51,0.04,0.08185434,0.08301345,1.047209,148.55
237600,0.45,0.5,0.05,0.08542331,0.1054784,1.16501,142.25
237700,0.45,0.52,0.03,0.07676607,0.06775291,0.7522072,130.09
237800,0.38,0.58,0.04,0.06910869,0.06914289,0.8572068,159.48
237900,0.37,0.61,0.02,0.09408535,0.09553792,0.6382045,125.97
238000,0.45,0.53,0.02,0.07777128,0.08881657,0.4516023,133.49
238100,0.44,0.54,0.02,0.07095242,0.07374585,0.7758047,158.06
238200,0.51,0.48,0.01,0.07968178,0.07451168,0.5062024,125.46
238300,0.41,0.58,0.01,0.07572322,0.0773244,0.4188022,119.04
238400,0.53,0.46,0.01,0.08946941,0.09760464,0.457002,120.78
238500,0.42,0.57,0.01,0.09053697,0.07894988,0.3680013,127.49
238600,0.47,0.52,0.01,0.07449561,0.07871314,0.4030022,125.55
238700,0.34,0.64,0.02,0.09252876,0.101159,0.3400026,125.93
238800,0.45,0.53,0.02,0.07082591,0.07186295,0.4238021,135.18
238900,0.45,0.55,0,0.09773892,0.1064425,0.2157999,90.97
239000,0.49,0.5,0.01,0.07700836,0.06891271,0.4366018,110.33
239100,0.47,0.51,0.02,0.07661383,0.08403964,0.6392046,121.7
239200,0.45,0.54,0.01,0.08035918,0.08403902,0.5658022,110.69
239300,0.43,0.55,0.02,0.0742998,0.07281128,0.6494045,136.5
239400,0.46,0.51,0.03,0.06760717,0.07840081,0.9978067,166.2
239500,0.35,0.6,0.05,0.07987524,0.08091328,1.155612,164.67
239600,0.42,0.57,0.01,0.06835651,0.06262927,0.1961998,111.09
239700,0.43,0.57,0,0.06980354,0.067517,0.3165998,137.9
239800,0.48,0.51,0.01,0.06810802,0.069289,0.5240016,145.63
239900,0.49,0.45,0.06,0.08096038,0.07471779,1.171411,161.07
240000,0.49,0.5,0.01,0.07472293,0.07436622,0.4582025,116.59
240100,0.42,0.57,0.01,0.07980821,0.07595162,0.4932007,129.74
240200,0.45,0.49,0.06,0.0833746,0.07882332,1.292012,168.38
240300,0.4,0.55,0.05,0.09704253,0.1029651,0.7304065,149.54
240400,0.47,0.52,0.01,0.0676074,0.05747533,0.4608018,131.07
240500,0.42,0.51,0.07,0.07376987,0.0680528,1.643816,181.62
240600,0.51,0.47,0.02,0.07420878,0.08143574,0.6676046,121.06
240700,0.46,0.52,0.02,0.08489639,0.09226465,0.6366038,121.74
240800,0.46,0.52,0.02,0.07382189,0.0693406,0.723805,124.49
240900,0.45,0.51,0.04,0.09430102,0.08759087,1.079408,139.2
241000,0.41,0.56,0.03,0.07333566,0.07331345,0.8222062,132.24
241100,0.44,0.55,0.01,0.07947192,0.08728095,0.4536023,143.31
241200,0.4,0.57,0.03,0.07687428,0.08423413,0.7316073,131.41
241300,0.44,0.55,0.01,0.07900505,0.08314148,0.4178019,122.43
241400,0.48,0.49,0.03,0.07666406,0.07769157,0.8402066,131.98
241500,0.46,0.52,0.02,0.1186577,0.1289292,0.4750042,114.88
241600,0.39,0.57,0.04,0.08146528,0.07702289,0.8260075,146.37
241700,0.5,0.49,0.01,0.07963019,0.07307275,0.5043995,121.58
241800,0.38,0.6,0.02,0.07328807,0.07713126,0.5870045,154.13
241900,0.53,0.45,0.02,0.07465526,0.07113097,0.8224038,128.95
242000,0.44,0.55,0.01,0.08868576,0.08943278,0.2215998,123.04
242100,0.42,0.54,0.04,0.07676708,0.07315888,0.6136043,137.56
242200,0.36,0.62,0.02,0.07971644,0.08174203,0.6820047,142.67
242300,0.38,0.6,0.02,0.06895015,0.06901687,0.6502043,127.84
242400,0.4,0.59,0.01,0.07751811,0.08326267,0.4992019,120.34
242500,0.38,0.6,0.02,0.07345381,0.07460975,0.5556049,125.45
242600,0.48,0.48,0.04,0.07343368,0.07194412,0.9410083,138.98
242700,0.4,0.58,0.02,0.07726098,0.08994648,0.6698048,143.02
242800,0.46,0.53,0.01,0.078566,0.08058146,0.7056016,123.67
242900,0.43,0.53,0.04,0.08714067,0.09164374,0.9852077,163.93
243000,0.41,0.58,0.01,0.06589935,0.06511891,0.3636019,143.36
243100,0.47,0.52,0.01,0.08173984,0.1106295,0.3561997,120.73
243200,0.49,0.51,0,0.08293598,0.1090246,0.4265997,132.56
243300,0.4,0.58,0.02,0.07445163,0.06544008,0.5280024,146.56
243400,0.45,0.53,0.02,0.08239987,0.09074924,0.5836036,117.54
243500,0.52,0.46,0.02,0.08193827,0.0746085,0.2893998,129.82
243600,0.57,0.42,0.01,0.06945121,0.06983204,0.5942021,107.83
243700,0.45,0.55,0,0.07485411,0.07406638,0.3915997,115.48
243800,0.43,0.54,0.03,0.08931937,0.09380037,0.6724048,135.68
243900,0.36,0.62,0.02,0.08653456,0.1129629,0.5300044,115.26
244000,0.5,0.49,0.01,0.09007432,0.1087539,0.5892003,118.68
244100,0.45,0.51,0.04,0.07395079,0.067049,1.119809,132.6
244200,0.39,0.61,0,0.07734668,0.0792163,0.2647998,104.17
244300,0.46,0.52,0.02,0.08147786,0.07871499,0.8612034,129.01
244400,0.47,0.52,0.01,0.09782029,0.1006571,0.1713999,134.22
244500,0.49,0.5,0.01,0.07488807,0.07670844,0.5476019,121.44
244600,0.43,0.56,0.01,0.07442662,0.08016061,0.3824022,136.37
244700,0.39,0.57,0.04,0.07357734,0.07068827,0.9554087,142.38
244800,0.45,0.54,0.01,0.07989385,0.07131721,0.4562024,113.36
244900,0.56,0.42,0.02,0.07492034,0.07212444,0.6818033,126.97
245000,0.36,0.63,0.01,0.08450804,0.0845229,0.4404021,124.16
245100,0.46,0.53,0.01,0.09619586,0.09512728,0.462202,106.54
245200,0.41,0.58,0.01,0.0890412,0.08570136,0.4684021,122.39
245300,0.46,0.52,0.02,0.0768117,0.07151452,0.7592039,124.46
245400,0.45,0.53,0.02,0.0718567,0.07052524,0.5864047,118.47
245500,0.37,0.58,0.05,0.08941981,0.1019849,1.119012,169.15
245600,0.49,0.51,0,0.07162894,0.06952353,0.4163997,124.41
245700,0.39,0.59,0.02,0.07432555,0.0693218,0.6218039,136.52
245800,0.43,0.55,0.02,0.07625028,0.08244024,0.5950017,140.61
245900,0.51,0.49,0,0.076181,0.08798992,0.2749997,127.08
246000,0.45,0.53,0.02,0.06797714,0.08171581,0.7108039,139.2
246100,0.39,0.61,0,0.08196581,0.08174032,0.2891998,118.65
246200,0.44,0.53,0.03,0.08390962,0.09310859,0.6934032,144.97
246300,0.34,0.63,0.03,0.07569302,0.07453102,0.8084068,145.58
246400,0.44,0.55,0.01,0.07490007,0.0727386,0.3358019,114.55
246500,0.45,0.54,0.01,0.06798598,0.06873763,0.4978024,121.63
246600,0.46,0.51,0.03,0.08377055,0.08745763,0.7380044,141.52
246700,0.36,0.61,0.03,0.07840987,0.07715181,0.7932074,129.78
246800,0.44,0.55,0.01,0.0996368,0.1003685,0.3414022,125.62
246900,0.47,0.53,0,0.07698901,0.07644232,0.3047998,94.76
247000,0.41,0.59,0,0.089288,0.12183,0.2941998,110.21
247100,0.46,0.53,0.01,0.08424722,0.09107117,0.5318016,104.64
247200,0.39,0.59,0.02,0.07167017,0.06812375,0.5278019,161.97
247300,0.43,0.54,0.03,0.09464435,0.09060948,0.8174068,142.68
247400,0.45,0.54,0.01,0.07731482,0.07750271,0.4384023,117.94
247500,0.34,0.63,0.03,0.07051256,0.06767076,0.6236046,140.26
247600,0.45,0.53,0.02,0.08172947,0.0761852,0.7752048,137.19
247700,0.41,0.59,0,0.07101898,0.08279565,0.4543996,112.85
247800,0.52,0.46,0.02,0.07546818,0.07629652,0.6634036,128.03
247900,0.42,0.56,0.02,0.08227668,0.08069622,0.5240036,111.91
248000,0.41,0.56,0.03,0.06747857,0.06259854,0.4856044,140.34
248100,0.44,0.54,0.02,0.0968896,0.1157348,0.5636022,141.77
248200,0.36,0.63,0.01,0.08317696,0.07935937,0.426402,114.8
248300,0.43,0.56,0.01,0.07014444,0.07139321,0.5110022,129.2
248400,0.47,0.46,0.07,0.08890492,0.08577141,1.546614,172.2
248500,0.46,0.51,0.03,0.07170015,0.07354698,0.7542042,137.74
248600,0.48,0.48,0.04,0.1027551,0.09192661,0.8690062,149.82
248700,0.38,0.6,0.02,0.0761781,0.06920537,0.5450038,123.84
248800,0.4,0.57,0.03,0.06510541,0.06165311,0.7978065,140.06
248900,0.34,0.61,0.05,0.07271749,0.06983905,0.9540086,159.56
249000,0.48,0.48,0.04,0.0704193,0.06765051,1.099609,150.19
249100,0.45,0.52,0.03,0.07978343,0.0985947,0.7236047,134.96
249200,0.44,0.56,0,0.08106325,0.08189763,0.3712,109.39
249300,0.46,0.53,0.01,0.0772254,0.07092301,0.4476024,118.55
249400,0.39,0.6,0.01,0.07049286,0.06748585,0.3931997,124.89
249500,0.45,0.51,0.04,0.07299266,0.07665524,0.896405,152.13
249600,0.39,0.59,0.02,0.104822,0.1258623,0.6776041,133.08
249700,0.39,0.6,0.01,0.0752878,0.0715039,0.5584016,134.14
249800,0.51,0.45,0.04,0.07710267,0.08061394,1.084608,157.36
249900,0.36,0.6,0.04,0.07265306,0.06836293,1.068008,146.65
250000,0.34,0.64,0.02,0.07352607,0.07789025,0.4574023,125.37
250100,0.33,0.64,0.03,0.100176,0.1034934,0.6380056,126.06
250200,0.4,0.57,0.03,0.0720929,0.09251452,1.027808,145.4
250300,0.35,0.62,0.03,0.08716897,0.1063884,0.4876034,129.92
250400,0.33,0.66,0.01,0.08826181,0.08788361,0.4388023,105.69
250500,0.36,0.61,0.03,0.07307699,0.06993648,0.8624068,138.27
250600,0.39,0.59,0.02,0.09261739,0.1102705,0.5894021,140.55
250700,0.34,0.64,0.02,0.09584269,0.1017209,0.5574046,130.44
250800,0.45,0.52,0.03,0.07711235,0.08299333,0.8720058,148.39
250900,0.42,0.55,0.03,0.08167855,0.08720434,0.6890033,139.04
251000,0.39,0.57,0.04,0.07896242,0.08196151,0.8536072,137.09
251100,0.42,0.54,0.04,0.08662318,0.07614772,0.6354036,128.64
251200,0.43,0.52,0.05,0.07039104,0.06843689,0.8440061,165.11
251300,0.39,0.6,0.01,0.07906994,0.0841454,0.4718012,99.05
251400,0.32,0.64,0.04,0.07674133,0.07757428,0.7966066,143.21
251500,0.4,0.56,0.04,0.09753375,0.1011842,0.9882079,144.16
251600,0.44,0.53,0.03,0.0691613,0.06636789,0.6330042,147.39
251700,0.49,0.48,0.03,0.0980415,0.09188464,0.7732069,113.89
251800,0.41,0.56,0.03,0.07445142,0.07159349,0.5368023,143.04
251900,0.46,0.48,0.06,0.06952974,0.06338087,0.5818042,152.54
252000,0.39,0.58,0.03,0.06543747,0.06276189,0.7466066,136.69
252100,0.42,0.56,0.02,0.106065,0.1170364,0.5478045,134.34
252200,0.35,0.58,0.07,0.08553512,0.0887234,1.144411,190.09
252300,0.44,0.54,0.02,0.07955079,0.08285101,0.7986048,122.42
252400,0.37,0.6,0.03,0.08979569,0.08023266,0.5476049,107.95
252500,0.42,0.57,0.01,0.09944089,0.09051912,0.2601998,112.14
252600,0.49,0.5,0.01,0.06878542,0.08373959,0.4006019,125.41
252700,0.48,0.5,0.02,0.07812802,0.08676472,0.7566038,127.7
252800,0.4,0.58,0.02,0.07862361,0.09245848,0.3267997,119.9
252900,0.36,0.63,0.01,0.07460012,0.07861123,0.4558021,129.85
253000,0.42,0.56,0.02,0.06584435,0.0632905,0.650804,150.57
253100,0.37,0.61,0.02,0.09275109,0.08634156,0.651005,132.38
253200,0.48,0.5,0.02,0.0737913,0.0686135,0.5028018,113.02
253300,0.57,0.4,0.03,0.09185307,0.08996572,0.5874021,164.33
253400,0.39,0.58,0.03,0.08134884,0.09520534,0.4884022,133.54
253500,0.4,0.6,0,0.07315303,0.06624277,0.2799998,102.55
253600,0.44,0.52,0.04,0.08957624,0.0899518,0.8176068,155.22
253700,0.53,0.44,0.03,0.07138294,0.07208719,1.014807,153.32
253800,0.45,0.53,0.02,0.09398597,0.09699956,0.5262042,122.14
253900,0.4,0.57,0.03,0.08113936,0.09670604,0.9158069,140.82
254000,0.45,0.52,0.03,0.0671645,0.06526054,0.6322019,152.97
254100,0.48,0.49,0.03,0.08191516,0.08972128,0.4820022,144.54
254200,0.44,0.55,0.01,0.07560147,0.07843797,0.3783997,123.6
254300,0.49,0.48,0.03,0.1057476,0.1145159,0.9196044,137.77
254400,0.49,0.48,0.03,0.07917908,0.08154777,0.8540044,146.17
254500,0.35,0.62,0.03,0.08292041,0.08095881,0.8840066,146.47
254600,0.5,0.46,0.04,0.07683539,0.06612328,0.9642069,162.18
254700,0.42,0.55,0.03,0.0902065,0.09256452,0.7182067,117.72
254800,0.42,0.55,0.03,0.09973758,0.110742,0.6412024,146.2
254900,0.42,0.57,0.01,0.06676537,0.06280908,0.2717998,132.79
255000,0.52,0.47,0.01,0.07003904,0.06166579,0.4814023,116.86
255100,0.46,0.53,0.01,0.0901368,0.08466163,0.3725997,124.17
255200,0.41,0.57,0.02,0.07266888,0.071246,0.6164047,111.45
255300,0.54,0.45,0.01,0.06952424,0.06837206,0.3719997,133.52
255400,0.43,0.54,0.03,0.08412758,0.08376708,0.5846016,169.65
255500,0.41,0.56,0.03,0.0919828,0.1021581,0.7772067,150.39
255600,0.32,0.64,0.04,0.08498578,0.08100629,0.8510064,151.96
255700,0.55,0.44,0.01,0.08069947,0.07965199,0.5125995,109.76
255800,0.43,0.55,0.02,0.0819588,0.09371358,0.641404,106.62
255900,0.47,0.52,0.01,0.07777723,0.07895272,0.4076023,108.61
256000,0.33,0.67,0,0.07311483,0.07385682,0.2051999,118.54
256100,0.43,0.53,0.04,0.06990074,0.07776874,1.207008,152.52
256200,0.44,0.56,0,0.07954288,0.06982023,0.2805998,130.37
256300,0.42,0.57,0.01,0.08305755,0.09157421,0.2401998,127.33
256400,0.43,0.53,0.04,0.07544072,0.07037611,0.7584067,149.61
256500,0.4,0.57,0.03,0.07519455,0.0710701,0.5806046,150.22
256600,0.39,0.57,0.04,0.0804489,0.0883726,0.7586066,151.5
256700,0.46,0.54,0,0.0722632,0.07441335,0.2743998,107.07
256800,0.49,0.49,0.02,0.07391799,0.07787565,0.7088042,130.46
256900,0.46,0.54,0,0.07186379,0.07181738,0.5971996,127.27
257000,0.39,0.58,0.03,0.06798296,0.06413147,0.6178041,145.91
257100,0.37,0.6,0.03,0.0861861,0.09085546,0.6102045,158.04
257200,0.53,0.46,0.01,0.07676575,0.07266963,0.5326021,115.13
257300,0.42,0.57,0.01,0.1050132,0.1163412,0.4512019,127.3
257400,0.39,0.59,0.02,0.065096,0.0652414,0.7272041,148.97
257500,0.44,0.54,0.02,0.07017594,0.07283689,0.7448044,139.4
257600,0.41,0.57,0.02,0.0719422,0.06649354,0.6686048,129.95
257700,0.43,0.55,0.02,0.07517327,0.07466197,0.521003,128.12
257800,0.36,0.62,0.02,0.09118203,0.07819206,0.7098035,112.6
257900,0.36,0.62,0.02,0.07301584,0.07421946,0.6868045,151.53
258000,0.47,0.51,0.02,0.06467271,0.06303404,0.7182049,144.24
258100,0.49,0.48,0.03,0.07441793,0.07063875,0.8416051,154.85
258200,0.37,0.62,0.01,0.0934842,0.0949612,0.536402,134.84
258300,0.4,0.58,0.02,0.08299096,0.08297579,0.4788025,124.74
258400,0.44,0.53,0.03,0.08867493,0.08957719,1.004407,152.13
258500,0.4,0.58,0.02,0.06409181,0.0571966,0.7620043,139.31
258600,0.47,0.52,0.01,0.0947098,0.1088783,0.5196024,114.48
258700,0.46,0.54,0,0.07527668,0.07254533,0.3059998,103.77
258800,0.48,0.51,0.01,0.07866392,0.06916718,0.5556023,125.18
258900,0.35,0.63,0.02,0.09155249,0.1004993,0.4720024,128.02
259000,0.47,0.5,0.03,0.07322087,0.06811152,0.960207,149.18
259100,0.44,0.56,0,0.07829986,0.08730162,0.3035997,105.35
259200,0.42,0.54,0.04,0.07708883,0.07928613,0.8534063,145.73
259300,0.46,0.52,0.02,0.1011194,0.115806,0.6898041,137.99
259400,0.39,0.58,0.03,0.07994714,0.1018617,0.7886068,139.33
259500,0.43,0.55,0.02,0.08842418,0.08112508,0.5674043,127.05
259600,0.51,0.44,0.05,0.08055162,0.08617344,1.482011,163.85
259700,0.41,0.56,0.03,0.07575354,0.07267645,0.6022042,141.72
259800,0.47,0.52,0.01,0.07971257,0.07414417,0.5086018,112.28
259900,0.48,0.5,0.02,0.07879962,0.07305712,0.4654022,122.1
260000,0.43,0.55,0.02,0.0879019,0.08463018,0.5806044,120.8
260100,0.46,0.53,0.01,0.08039436,0.07618362,0.6904019,129.45
260200,0.45,0.55,0,0.0696604,0.07735313,0.3073997,115.43
260300,0.39,0.59,0.02,0.0785717,0.08385175,0.5012022,140.21
260400,0.42,0.52,0.06,0.07619336,0.07478193,1.085009,157.4
260500,0.36,0.63,0.01,0.07776379,0.0847108,0.6488018,120.03
260600,0.39,0.6,0.01,0.07180495,0.08487354,0.5100023,124.47
260700,0.37,0.61,0.02,0.07773792,0.0781427,0.6298044,141.82
260800,0.45,0.55,0,0.0855047,0.08327369,0.2753998,100.42
260900,0.42,0.56,0.02,0.07614241,0.07687186,0.5346048,150.53
261000,0.49,0.47,0.04,0.08911433,0.1000207,0.8114078,144.03
261100,0.4,0.6,0,0.09141572,0.09465045,0.2805998,114.53
261200,0.48,0.49,0.03,0.07928784,0.08708086,1.005206,148.36
261300,0.47,0.51,0.02,0.07222074,0.07202771,0.5062024,128.61
261400,0.44,0.54,0.02,0.07130613,0.08468849,0.5712034,141.53
261500,0.37,0.6,0.03,0.07966775,0.07511891,0.6672048,144.74
261600,0.43,0.56,0.01,0.07355431,0.0707203,0.4654022,114.12
261700,0.4,0.59,0.01,0.09153517,0.09007733,0.4530024,118.98
261800,0.4,0.58,0.02,0.06978541,0.06939142,0.5904044,132.51
261900,0.44,0.56,0,0.07513665,0.06713567,0.3191998,119.28
262000,0.43,0.56,0.01,0.08969347,0.1005546,0.3891997,107.27
262100,0.43,0.57,0,0.08383615,0.08442242,0.3137998,114.03
262200,0.47,0.52,0.01,0.07609154,0.08039499,0.2583998,118.43
262300,0.47,0.51,0.02,0.07820019,0.08860455,0.7130044,126.22
262400,0.43,0.54,0.03,0.08957716,0.1267538,0.8242067,146.12
262500,0.47,0.52,0.01,0.07589872,0.07772364,0.657802,111.58
262600,0.45,0.53,0.02,0.07759568,0.07109566,0.6630048,131.16
262700,0.46,0.53,0.01,0.07526521,0.07248747,0.4848021,123.47
262800,0.42,0.56,0.02,0.07885268,0.07251099,0.4402018,124.93
262900,0.43,0.53,0.04,0.06824351,0.06359725,0.8656071,138.63
263000,0.49,0.5,0.01,0.0726283,0.09093295,0.5040014,121.71
263100,0.42,0.55,0.03,0.071143,0.06783798,0.6310045,153.39
263200,0.42,0.57,0.01,0.08319941,0.09080719,0.4880021,124.53
263300,0.39,0.58,0.03,0.07539489,0.08167509,0.5836023,138.26
263400,0.44,0.54,0.02,0.08803081,0.08388242,0.7874043,142.06
263500,0.43,0.53,0.04,0.08178245,0.0828445,0.9874082,153.76
263600,0.48,0.5,0.02,0.0842608,0.08724568,0.7982044,135.48
263700,0.38,0.61,0.01,0.078959,0.07746591,0.5660017,128
263800,0.4,0.6,0,0.07291945,0.07269361,0.2965998,115.09
263900,0.39,0.58,0.03,0.06752761,0.06719563,0.3902017,146.2
264000,0.39,0.57,0.04,0.07467011,0.06933732,0.8034058,139.27
264100,0.42,0.53,0.05,0.07772206,0.08447012,0.5032022,181
264200,0.39,0.58,0.03,0.07211943,0.07455041,0.6490034,145.34
264300,0.43,0.55,0.02,0.08187031,0.08117674,0.4992021,137.24
264400,0.41,0.58,0.01,0.07426137,0.06428262,0.2813998,132.98
264500,0.51,0.46,0.03,0.0715743,0.07176622,0.8978067,154.09
264600,0.48,0.51,0.01,0.08399837,0.08242413,0.2273998,109.73
264700,0.38,0.62,0,0.0787103,0.07901593,0.3745997,127.23
264800,0.4,0.55,0.05,0.1038127,0.1128994,1.269413,146.7
264900,0.45,0.52,0.03,0.07661924,0.08219606,0.9762071,138.51
265000,0.4,0.57,0.03,0.08345442,0.08567678,0.7616044,151.84
265100,0.45,0.51,0.04,0.08164421,0.08409554,0.6512042,145.31
265200,0.53,0.46,0.01,0.1048278,0.1038087,0.5368018,127.01
265300,0.52,0.47,0.01,0.07444106,0.06675248,0.4320018,113.17
265400,0.43,0.57,0,0.07305715,0.08208276,0.3555997,119.64
265500,0.42,0.55,0.03,0.07705529,0.08155435,0.6786041,145.78
265600,0.47,0.52,0.01,0.0774973,0.0718271,0.2913998,128.07
265700,0.5,0.49,0.01,0.08052042,0.09995517,0.4097996,134.57
265800,0.45,0.53,0.02,0.06623979,0.06289961,0.5474041,137.54
265900,0.44,0.54,0.02,0.07694261,0.08056257,0.7528046,124.37
266000,0.5,0.49,0.01,0.06438356,0.06142645,0.6350021,142.98
266100,0.41,0.59,0,0.1003545,0.1010319,0.3375997,129.67
266200,0.41,0.56,0.03,0.07624805,0.08349578,0.5124019,148.66
266300,0.39,0.59,0.02,0.07845417,0.07513607,0.6554048,130.83
266400,0.49,0.5,0.01,0.08165615,0.07892591,0.5660023,137.7
266500,0.37,0.63,0,0.07621505,0.07068412,0.2165998,120.95
266600,0.43,0.55,0.02,0.07329588,0.07558315,0.721204,140.64
266700,0.51,0.48,0.01,0.07207015,0.06757692,0.4642015,119.84
266800,0.38,0.6,0.02,0.0765789,0.07468527,0.7536047,135.05
266900,0.4,0.59,0.01,0.07677857,0.08730572,0.4372019,117.47
267000,0.45,0.52,0.03,0.07331133,0.08527029,0.6190045,135.13
267100,0.41,0.57,0.02,0.08139331,0.08401509,0.6420044,117.04
267200,0.44,0.53,0.03,0.06781534,0.06716186,0.5988023,146.97
267300,0.43,0.54,0.03,0.08317213,0.09085335,0.4278019,134.33
267400,0.39,0.56,0.05,0.06848772,0.0760795,1.082609,173.67
267500,0.48,0.48,0.04,0.08293572,0.08198914,0.8850078,145.76
267600,0.44,0.55,0.01,0.06531987,0.06703801,0.4331996,125.93
267700,0.45,0.52,0.03,0.08500132,0.09066524,0.8946065,141.66
267800,0.41,0.57,0.02,0.0709462,0.09044726,0.503802,143.18
267900,0.42,0.54,0.04,0.06841185,0.07483597,1.069608,146.91
268000,0.41,0.57,0.02,0.07974511,0.07456743,0.7374044,130.66
268100,0.38,0.57,0.05,0.07776043,0.07634857,0.9368091,162.5
268200,0.43,0.55,0.02,0.07214618,0.07495706,0.5048041,113.95
268300,0.45,0.51,0.04,0.06249315,0.05667913,0.6738048,151.75
268400,0.56,0.42,0.02,0.07417366,0.07235713,0.6516014,133.54
268500,0.35,0.64,0.01,0.08608863,0.1036935,0.5714017,138.66
268600,0.45,0.54,0.01,0.07148594,0.07004228,0.7196022,135.84
268700,0.42,0.55,0.03,0.08584347,0.08642829,0.8208041,139.21
268800,0.37,0.61,0.02,0.08444572,0.07549307,0.5318032,137.11
268900,0.39,0.61,0,0.07597373,0.06996356,0.3761998,128.93
269000,0.48,0.49,0.03,0.08411469,0.08773421,0.9376068,142.19
269100,0.48,0.5,0.02,0.07358547,0.07056329,0.4970026,133.09
269200,0.42,0.57,0.01,0.07667737,0.07430349,0.3051998,119.36
269300,0.4,0.58,0.02,0.07468282,0.07956817,0.7794048,153.4
269400,0.36,0.63,0.01,0.08007365,0.07487199,0.4830022,131.45
269500,0.48,0.49,0.03,0.07006359,0.08079819,0.8774056,148.2
269600,0.48,0.52,0,0.08181263,0.08653694,0.2159998,103.04
269700,0.39,0.56,0.05,0.1022523,0.1220807,0.9686091,143.78
269800,0.39,0.57,0.04,0.09440892,0.1085172,0.821207,128.81
269900,0.42,0.56,0.02,0.08015005,0.08840907,0.7554046,145.47
270000,0.44,0.54,0.02,0.06902173,0.06630816,0.6596038,124.6
270100,0.49,0.51,0,0.06778212,0.08131657,0.3501997,131.03
270200,0.42,0.56,0.02,0.0855054,0.08828654,0.6006046,117
270300,0.45,0.54,0.01,0.07582086,0.06641539,0.3265998,141.82
270400,0.4,0.58,0.02,0.07665084,0.07496306,0.5962021,119.49
270500,0.37,0.62,0.01,0.07953568,0.08001358,0.2317998,149.14
270600,0.42,0.57,0.01,0.06987762,0.0655194,0.6686022,120.61
270700,0.38,0.61,0.01,0.07503574,0.06968039,0.4448019,133.73
270800,0.54,0.44,0.02,0.08520286,0.107014,0.5956024,129.62
270900,0.41,0.58,0.01,0.08771698,0.08164576,0.5066023,126.85
271000,0.39,0.59,0.02,0.08675262,0.08243302,0.5524053,120.16
271100,0.47,0.53,0,0.07199244,0.06744389,0.4385996,137.07
271200,0.42,0.56,0.02,0.06279787,0.06951955,0.6102031,131.9
271300,0.4,0.6,0,0.08183748,0.07093436,0.3755997,130.12
271400,0.38,0.59,0.03,0.07193084,0.07673387,0.5904039,143.51
271500,0.45,0.54,0.01,0.07105996,0.07284644,0.4662019,118.99
271600,0.39,0.61,0,0.08156528,0.07882284,0.3419997,121.77
271700,0.48,0.49,0.03,0.06990214,0.06887865,0.9902081,144.29
271800,0.41,0.57,0.02,0.08221108,0.09478804,0.6804041,140.89
271900,0.38,0.59,0.03,0.08642432,0.07817882,0.6186039,128.82
272000,0.37,0.59,0.04,0.07968327,0.09202954,0.3774025,150.96
272100,0.47,0.52,0.01,0.06901797,0.07144962,0.5876023,119.75
272200,0.45,0.53,0.02,0.1041842,0.1159189,0.6824043,134.34
272300,0.4,0.59,0.01,0.07747647,0.08504213,0.6336024,124.01
272400,0.5,0.49,0.01,0.06571525,0.0689011,0.5244019,127.79
272500,0.4,0.6,0,0.09010437,0.09048924,0.2685998,112.77
272600,0.56,0.42,0.02,0.07423931,0.06912416,0.7320046,133.37
272700,0.47,0.51,0.02,0.09456103,0.1139854,0.7628042,118.18
272800,0.45,0.52,0.03,0.1111106,0.118574,0.7892053,156.98
272900,0.44,0.55,0.01,0.07561386,0.06962945,0.2471998,129.01
273000,0.41,0.58,0.01,0.0775209,0.08232836,0.2677998,112.06
273100,0.41,0.56,0.03,0.08154003,0.08419391,0.6312048,144.85
273200,0.44,0.55,0.01,0.07771121,0.07109629,0.6102018,134.65
273300,0.44,0.51,0.05,0.07982747,0.07592895,0.9696064,180.47
273400,0.39,0.61,0,0.07739179,0.07958731,0.2483998,100.6
273500,0.46,0.52,0.02,0.08767577,0.08955033,0.7162047,137.1
273600,0.43,0.55,0.02,0.085264,0.0906714,0.4929998,141.12
273700,0.41,0.56,0.03,0.06757557,0.06654171,0.8252054,150.36
273800,0.43,0.53,0.04,0.07389129,0.06977616,0.7928064,167.5
273900,0.44,0.54,0.02,0.1055781,0.1232848,0.6970041,122.78
274000,0.45,0.54,0.01,0.07127538,0.07291754,0.631002,125.52
274100,0.51,0.49,0,0.08827881,0.1047115,0.4575996,116.03
274200,0.46,0.54,0,0.07008734,0.06748335,0.3779997,121.29
274300,0.41,0.56,0.03,0.06963959,0.06867488,0.7258047,156.64
274400,0.44,0.56,0,0.08240513,0.08632496,0.3441997,105.17
274500,0.45,0.54,0.01,0.09203649,0.0951535,0.1841999,110.73
274600,0.44,0.53,0.03,0.07622255,0.06416537,0.7804047,139.46
274700,0.41,0.57,0.02,0.08063101,0.06770167,0.4184009,124.92
274800,0.42,0.56,0.02,0.07673508,0.07277802,0.6286041,135.05
274900,0.39,0.6,0.01,0.08568206,0.08625524,0.499602,113.45
275000,0.5,0.48,0.02,0.07564486,0.07047234,0.3861997,121.48
275100,0.48,0.51,0.01,0.0729645,0.07764789,0.391002,116.47
275200,0.42,0.55,0.03,0.07933342,0.08125396,0.5106041,131.9
275300,0.51,0.48,0.01,0.08466166,0.09812231,0.6334038,116.92
275400,0.37,0.57,0.06,0.07131241,0.06884887,1.060608,170.01
275500,0.37,0.61,0.02,0.08233353,0.09366137,0.3658021,130.14
275600,0.44,0.54,0.02,0.08583769,0.09983396,0.6458024,123.3
275700,0.47,0.49,0.04,0.07625909,0.07937476,0.9994076,138.38
275800,0.51,0.48,0.01,0.08152924,0.08306339,0.4722019,118.51
275900,0.49,0.48,0.03,0.09481836,0.1041415,0.6670048,146.74
276000,0.32,0.66,0.02,0.09790594,0.1263321,0.6662041,152.51
276100,0.44,0.52,0.04,0.07576378,0.07389835,0.7378061,140.81
276200,0.38,0.59,0.03,0.08964109,0.09037362,0.9230071,126.84
276300,0.48,0.48,0.04,0.08419024,0.09189421,0.7016042,154.03
276400,0.44,0.56,0,0.07484276,0.07495405,0.3411998,105.32
276500,0.37,0.6,0.03,0.06112717,0.05793161,0.8498062,158.74
276600,0.44,0.56,0,0.07057828,0.07429072,0.4067997,120.27
276700,0.51,0.49,0,0.09720733,0.086949,0.3229998,113.01
276800,0.49,0.49,0.02,0.07393935,0.07368104,0.5300024,113.94
276900,0.43,0.54,0.03,0.06684323,0.06357675,0.4108023,145.26
277000,0.53,0.45,0.02,0.07851403,0.07702456,0.7996045,113.84
277100,0.33,0.64,0.03,0.07168115,0.07065611,0.7756048,152.25
277200,0.46,0.51,0.03,0.07191157,0.06887156,0.5204023,143.56
277300,0.45,0.52,0.03,0.08297782,0.0901361,0.9768059,153.45
277400,0.32,0.65,0.03,0.08944299,0.1058282,0.7556068,145.16
277500,0.39,0.61,0,0.07127073,0.07125995,0.3381998,114.87
277600,0.43,0.55,0.02,0.08169499,0.08952828,0.6090039,126.34
277700,0.45,0.54,0.01,0.08648064,0.09305348,0.3970023,139.27
277800,0.44,0.51,0.05,0.1000823,0.1015396,0.8694087,167.73
277900,0.47,0.49,0.04,0.08374116,0.08657251,0.9336072,149.38
278000,0.44,0.53,0.03,0.07681251,0.07702089,0.8708073,134.4
278100,0.42,0.55,0.03,0.07482605,0.08320597,0.7916061,145.96
278200,0.43,0.55,0.02,0.07305614,0.07462008,0.6136045,113.44
278300,0.46,0.53,0.01,0.0706698,0.07571667,0.456402,127.81
278400,0.4,0.58,0.02,0.05995779,0.06655098,0.7230045,151.43
278500,0.44,0.53,0.03,0.08116246,0.09301571,0.8166069,126.11
278600,0.51,0.46,0.03,0.06503246,0.07807717,0.9194062,144.87
278700,0.4,0.59,0.01,0.08683173,0.1044768,0.3557997,112.55
278800,0.4,0.55,0.05,0.1091388,0.1138198,1.058609,160.54
278900,0.46,0.53,0.01,0.1031825,0.1366314,0.4350022,107.58
279000,0.43,0.5,0.07,0.07048818,0.07177596,1.535416,169.89
279100,0.43,0.56,0.01,0.08051232,0.08811998,0.3259998,123.74
279200,0.54,0.45,0.01,0.08267992,0.07630569,0.2747998,104.75
279300,0.38,0.6,0.02,0.07571001,0.07295151,0.6198036,133.06
279400,0.46,0.52,0.02,0.07336523,0.07879278,0.6150047,135.86
279500,0.48,0.5,0.02,0.08726993,0.09916315,0.6936043,124.85
279600,0.47,0.52,0.01,0.08828656,0.08728234,0.6052015,129.92
279700,0.43,0.54,0.03,0.07516049,0.07684675,0.8492047,133.93
279800,0.48,0.5,0.02,0.09480973,0.106737,0.3045998,156.82
279900,0.45,0.49,0.06,0.08828211,0.1016244,1.237212,172.96
280000,0.38,0.6,0.02,0.07545232,0.07947231,0.608804,120.52
280100,0.4,0.58,0.02,0.0736127,0.07783693,0.1439999,125.48
280200,0.36,0.59,0.05,0.062325,0.06335992,0.9604065,162.34
280300,0.54,0.44,0.02,0.07547805,0.07793964,0.5652016,137.64
280400,0.4,0.6,0,0.07073632,0.07230648,0.2329998,106.13
280500,0.51,0.46,0.03,0.07811096,0.07784962,0.8086062,130.28
280600,0.46,0.52,0.02,0.07713,0.07121332,0.5212019,143.95
280700,0.44,0.54,0.02,0.08745728,0.09254616,0.2693998,136.64
280800,0.36,0.63,0.01,0.08765649,0.08257147,0.3838024,110.62
280900,0.47,0.52,0.01,0.1057706,0.1257121,0.3027998,106.43
281000,0.39,0.6,0.01,0.07980049,0.08512154,0.3693997,123.09
281100,0.43,0.54,0.03,0.1009127,0.1130791,0.8314068,133.86
281200,0.41,0.57,0.02,0.07693365,0.08188035,0.4421996,131.92
281300,0.45,0.53,0.02,0.0729297,0.064583,0.5776042,126.43
281400,0.43,0.54,0.03,0.06543429,0.06493116,0.837007,143.4
281500,0.49,0.48,0.03,0.07049844,0.06600121,0.7038038,137.39
281600,0.44,0.51,0.05,0.08018833,0.07865593,1.061809,163.62
281700,0.5,0.46,0.04,0.07673743,0.07396453,0.9752089,138.13
281800,0.42,0.57,0.01,0.07427378,0.08460592,0.5560023,127.56
281900,0.35,0.63,0.02,0.06686307,0.06955434,0.632004,140.68
282000,0.46,0.52,0.02,0.07240365,0.07131991,0.6968045,140.85
282100,0.42,0.56,0.02,0.08383529,0.08107492,0.4034022,129.23
282200,0.42,0.56,0.02,0.09325881,0.1048247,0.7088043,126.35
282300,0.39,0.58,0.03,0.08016541,0.07366852,0.9256071,128.96
282400,0.41,0.55,0.04,0.06732022,0.05737764,0.9002065,163.41
282500,0.39,0.6,0.01,0.06699882,0.06203243,0.3029998,133.19
282600,0.39,0.59,0.02,0.09977569,0.0816585,0.5498046,131.89
282700,0.5,0.48,0.02,0.08046359,0.08839328,0.8442044,132.59
282800,0.43,0.54,0.03,0.07940014,0.08468036,0.9564068,143.97
282900,0.45,0.53,0.02,0.08542021,0.07111251,0.4408024,130.86
283000,0.43,0.55,0.02,0.0932626,0.1034106,0.6880041,116.69
283100,0.43,0.55,0.02,0.1037928,0.09993407,0.8064049,125.76
283200,0.42,0.56,0.02,0.07928173,0.08609141,0.4218021,137.49
283300,0.52,0.45,0.03,0.07741641,0.07402024,1.090206,137.99
283400,0.39,0.61,0,0.06854986,0.06262562,0.4221997,125.28
283500,0.41,0.56,0.03,0.07459284,0.07644535,0.6588045,129.64
283600,0.46,0.53,0.01,0.08066665,0.07443421,0.6714015,132.5
283700,0.43,0.56,0.01,0.07931153,0.09670155,0.5322019,113.07
283800,0.47,0.51,0.02,0.07053066,0.06876941,0.7308041,126.15
283900,0.41,0.56,0.03,0.07700831,0.07808104,0.9588066,141.54
284000,0.47,0.52,0.01,0.07713277,0.08142512,0.5246021,139.66
284100,0.38,0.6,0.02,0.07290766,0.07196241,0.6486046,137.64
284200,0.49,0.48,0.03,0.07164692,0.07065965,1.049207,143.06
284300,0.41,0.58,0.01,0.06703311,0.06125789,0.3792023,120.71
284400,0.39,0.58,0.03,0.06740129,0.07081299,0.6980051,137.23
284500,0.42,0.55,0.03,0.08000136,0.08182127,0.6544044,128.78
284600,0.45,0.51,0.04,0.07000502,0.08616835,0.7076045,141.48
284700,0.46,0.52,0.02,0.07592858,0.08559367,0.7126045,129.63
284800,0.52,0.45,0.03,0.07793859,0.08410188,0.6810041,135.58
284900,0.45,0.5,0.05,0.08047897,0.09865472,0.9412093,151.66
285000,0.44,0.52,0.04,0.07504804,0.07229219,0.5822043,134.69
285100,0.4,0.59,0.01,0.0756165,0.08195803,0.2969998,118.78
285200,0.45,0.55,0,0.0848171,0.0953592,0.2301998,102.21
285300,0.43,0.54,0.03,0.08418617,0.08428748,0.6730047,147.83
285400,0.41,0.55,0.04,0.1109992,0.1169773,0.8356066,147.16
285500,0.41,0.59,0,0.06416379,0.06311268,0.2353999,123.32
285600,0.43,0.55,0.02,0.09444458,0.08604352,0.6788044,147.33
285700,0.47,0.52,0.01,0.08933119,0.07873072,0.4294023,136.13
285800,0.44,0.53,0.03,0.07651781,0.07563079,1.008207,155.07
285900,0.48,0.49,0.03,0.07583285,0.07341067,0.9438065,140.11
286000,0.56,0.41,0.03,0.08351441,0.0946096,0.7604046,138.92
286100,0.42,0.55,0.03,0.06702911,0.06034547,0.5810034,148.01
286200,0.43,0.54,0.03,0.0664762,0.06645527,1.018006,148.22
286300,0.54,0.46,0,0.09386545,0.08898499,0.4415997,104.61
286400,0.39,0.6,0.01,0.08450403,0.09021138,0.362602,116.69
286500,0.4,0.56,0.04,0.06930885,0.06967623,1.043208,154.75
286600,0.39,0.58,0.03,0.06998371,0.06776839,0.5996048,144.2
286700,0.35,0.62,0.03,0.08720092,0.09577718,0.7422073,132.05
286800,0.36,0.6,0.04,0.07799843,0.07649814,0.5750043,142.22
286900,0.41,0.58,0.01,0.07837161,0.08624536,0.2475998,106.8
287000,0.46,0.5,0.04,0.06847193,0.06353132,1.141609,138.91
287100,0.36,0.59,0.05,0.07444577,0.06696095,1.095409,171.62
287200,0.48,0.46,0.06,0.08626409,0.1123254,1.071209,160.92
287300,0.52,0.48,0,0.07271054,0.06560291,0.3205998,109.13
287400,0.41,0.58,0.01,0.07768147,0.07944425,0.5916021,123.14
287500,0.46,0.52,0.02,0.09932529,0.09775648,0.7092049,117.81
287600,0.43,0.51,0.06,0.07003983,0.08338581,1.560413,169.73
287700,0.37,0.61,0.02,0.1006444,0.09719422,0.8538047,140.2
287800,0.51,0.46,0.03,0.07876511,0.07198308,0.8640045,134.54
287900,0.42,0.56,0.02,0.09906305,0.09363233,0.6572047,120.64
288000,0.43,0.54,0.03,0.06694286,0.08242876,0.8726073,128.61
288100,0.44,0.55,0.01,0.07659855,0.0752414,0.4008025,133.54
288200,0.47,0.53,0,0.06849528,0.06533018,0.4077997,119.81
288300,0.43,0.55,0.02,0.08859501,0.08911501,0.7016037,132.37
288400,0.46,0.53,0.01,0.1004344,0.1123953,0.5424019,111.5
288500,0.35,0.65,0,0.0737642,0.06673446,0.2893998,134.49
288600,0.41,0.58,0.01,0.1080651,0.108282,0.3696025,112.45
288700,0.46,0.51,0.03,0.0916163,0.0970038,0.8080065,152.46
288800,0.38,0.6,0.02,0.08131013,0.09921514,0.6698034,132.52
288900,0.41,0.56,0.03,0.08683228,0.09392254,0.8442072,140.6
289000,0.44,0.56,0,0.07957801,0.09117093,0.4488,103.53
289100,0.51,0.48,0.01,0.065062,0.06705829,0.5368016,109.27
289200,0.47,0.49,0.04,0.07671478,0.07300287,0.9976084,151.68
289300,0.51,0.45,0.04,0.07278463,0.06755998,1.054209,162.01
289400,0.41,0.55,0.04,0.08555343,0.1023005,0.9858085,144.56
289500,0.41,0.59,0,0.07757079,0.07628266,0.2123998,97.65
289600,0.48,0.51,0.01,0.08298789,0.1041856,0.5694021,114.14
289700,0.42,0.58,0,0.07187039,0.0733207,0.3375998,115.57
289800,0.4,0.59,0.01,0.08664118,0.08434744,0.3172021,145.85
289900,0.45,0.51,0.04,0.08290232,0.09073701,0.8974082,149.44
290000,0.45,0.52,0.03,0.07526307,0.08360293,0.8788066,142.38
290100,0.45,0.49,0.06,0.09218357,0.08454102,1.269212,170.15
290200,0.44,0.53,0.03,0.07416773,0.07809228,0.6856043,125.15
290300,0.4,0.58,0.02,0.07872671,0.07316958,0.6128046,148.6
290400,0.4,0.57,0.03,0.07981698,0.0782432,0.7268056,136.03
290500,0.4,0.57,0.03,0.07433835,0.0680952,0.8020053,130.46
290600,0.41,0.56,0.03,0.0786513,0.08140621,0.879606,140.34
290700,0.48,0.47,0.05,0.06475722,0.05798269,1.162809,147.46
290800,0.53,0.45,0.02,0.08967462,0.09687573,0.6560043,115.44
290900,0.45,0.53,0.02,0.08037362,0.07959498,0.6800046,122.83
291000,0.35,0.62,0.03,0.07646897,0.07401159,0.6348064,140.24
291100,0.41,0.57,0.02,0.08547507,0.07737771,0.3546025,113.41
291200,0.43,0.55,0.02,0.07515648,0.0903395,0.7964041,135.7
291300,0.52,0.47,0.01,0.09089262,0.09779394,0.2613998,107.15
291400,0.46,0.52,0.02,0.07422743,0.07233896,0.5644035,143.59
291500,0.41,0.59,0,0.09484968,0.09199019,0.2889998,109.4
291600,0.43,0.55,0.02,0.07537579,0.09150767,0.5984049,126.18
291700,0.41,0.57,0.02,0.07119478,0.06786609,0.5852045,122
291800,0.37,0.58,0.05,0.06622582,0.06604173,1.08201,164.56
291900,0.51,0.46,0.03,0.07472431,0.07311004,0.9700062,163.16
292000,0.33,0.65,0.02,0.0705037,0.06445699,0.4110023,136.35
292100,0.48,0.5,0.02,0.06968801,0.06722701,1.079804,135.41
292200,0.39,0.57,0.04,0.08129866,0.07583852,0.9934098,149.43
292300,0.41,0.58,0.01,0.09057949,0.09978499,0.2833998,121.48
292400,0.44,0.55,0.01,0.068769,0.06412318,0.335602,118.65
292500,0.38,0.61,0.01,0.08876883,0.1057116,0.4706022,114.16
292600,0.45,0.49,0.06,0.09094296,0.09374301,1.237611,154.9
292700,0.42,0.56,0.02,0.08618879,0.0867704,0.8654046,129.04
292800,0.5,0.49,0.01,0.0700184,0.06851754,0.4750015,106.61
292900,0.43,0.54,0.03,0.08517585,0.08652095,0.8194046,134.8
293000,0.5,0.47,0.03,0.07130256,0.07552134,0.9494063,138.4
293100,0.47,0.48,0.05,0.06765876,0.06739405,1.261812,144.76
293200,0.44,0.53,0.03,0.0734648,0.07864678,0.6508048,142.5
293300,0.38,0.6,0.02,0.059794,0.06010653,0.7566047,150.92
293400,0.47,0.52,0.01,0.0725807,0.07186062,0.4238018,120.36
293500,0.47,0.51,0.02,0.08513357,0.08513468,0.5258023,121.12
293600,0.44,0.49,0.07,0.09851108,0.09891167,1.182211,158.44
293700,0.37,0.6,0.03,0.09879988,0.1042911,0.5750045,146.27
293800,0.43,0.55,0.02,0.073893,0.07513214,0.7224042,136.78
293900,0.42,0.55,0.03,0.07522517,0.07932564,0.7514068,143.01
294000,0.43,0.56,0.01,0.0671071,0.0656998,0.5622019,134.75
294100,0.41,0.58,0.01,0.09514738,0.09172321,0.4131997,118.12
294200,0.52,0.47,0.01,0.06435528,0.06688459,0.7006021,126.38
294300,0.45,0.53,0.02,0.07756765,0.07601701,0.7132046,128.55
294400,0.45,0.55,0,0.08610164,0.08280969,0.3983997,108.98
294500,0.45,0.49,0.06,0.07401028,0.06763241,1.14301,159.12
294600,0.47,0.52,0.01,0.07156502,0.06492049,0.2589998,112.66
294700,0.48,0.51,0.01,0.07045214,0.07229681,0.4577997,122.9
294800,0.42,0.56,0.02,0.06721941,0.06218104,0.6816037,136.84
294900,0.42,0.56,0.02,0.07825036,0.08407794,0.5616034,131.27
295000,0.41,0.57,0.02,0.07189352,0.06980101,0.2499999,128.5
295100,0.49,0.5,0.01,0.08722594,0.08423195,0.6758019,145.79
295200,0.36,0.6,0.04,0.1001037,0.1378097,0.9886099,126.95
295300,0.36,0.61,0.03,0.08630931,0.08919305,0.5624046,143.33
295400,0.49,0.47,0.04,0.07327041,0.06535598,0.8342059,162.2
295500,0.52,0.47,0.01,0.07327653,0.06796379,0.5770015,121.7
295600,0.42,0.57,0.01,0.07177139,0.06284057,0.5896024,116.18
295700,0.39,0.59,0.02,0.08931504,0.09537543,0.5420038,124.91
295800,0.51,0.48,0.01,0.07614656,0.07990336,0.5968024,112.97
295900,0.51,0.48,0.01,0.07970077,0.09095676,0.2489998,121.87
296000,0.42,0.55,0.03,0.1041776,0.09575887,0.7924068,158.84
296100,0.45,0.52,0.03,0.06753647,0.06533533,1.010406,132.57
296200,0.42,0.55,0.03,0.0834693,0.08895377,0.7518068,142.58
296300,0.49,0.5,0.01,0.09478818,0.1147103,0.6802021,113.32
296400,0.47,0.52,0.01,0.08126003,0.07927636,0.4552021,117.26
296500,0.33,0.62,0.05,0.09309854,0.09171443,1.175612,160.43
296600,0.54,0.44,0.02,0.07980805,0.08988101,0.8096044,120.47
296700,0.43,0.5,0.07,0.09366066,0.08668088,1.388213,171.37
296800,0.46,0.48,0.06,0.09276642,0.09080021,1.238211,152.98
296900,0.46,0.52,0.02,0.08130413,0.07804803,0.6700047,134.36
297000,0.4,0.56,0.04,0.08194704,0.08694049,1.164809,165.06
297100,0.45,0.55,0,0.07325915,0.0756606,0.4283997,128.09
297200,0.46,0.54,0,0.09071351,0.1020318,0.2339998,99.53
297300,0.51,0.49,0,0.09430807,0.1095646,0.2709998,98.36
297400,0.4,0.6,0,0.08060613,0.08222893,0.2364002,115.11
297500,0.42,0.56,0.02,0.09477422,0.1022329,0.7552048,116.45
297600,0.38,0.59,0.03,0.0886423,0.07834973,0.7870069,133.4
297700,0.48,0.49,0.03,0.07654636,0.08202508,0.8458064,145.68
297800,0.39,0.57,0.04,0.08291353,0.09134924,0.9756075,166.73
297900,0.51,0.46,0.03,0.1046074,0.1174595,0.9774066,148.77
298000,0.38,0.57,0.05,0.06668687,0.0615177,0.7380067,156.86
298100,0.43,0.54,0.03,0.08196115,0.08083244,0.7684067,134.8
298200,0.44,0.55,0.01,0.06683821,0.06455449,0.5036024,130.42
298300,0.4,0.56,0.04,0.07267725,0.07418554,1.010608,147.23
298400,0.49,0.5,0.01,0.07398926,0.08954383,0.5446018,112.56
298500,0.41,0.57,0.02,0.07734939,0.08085139,0.6892046,124.93
298600,0.44,0.55,0.01,0.09095541,0.07971621,0.4086023,122.89
298700,0.41,0.58,0.01,0.07414353,0.06781306,0.3430022,109.04
298800,0.41,0.57,0.02,0.08241902,0.07669378,0.1159999,128.73
298900,0.44,0.56,0,0.08573931,0.07575948,0.2439998,100.56
299000,0.48,0.5,0.02,0.08036645,0.09484775,0.5284019,132.84
299100,0.5,0.46,0.04,0.06040954,0.05981469,1.001606,142.05
299200,0.44,0.52,0.04,0.06638737,0.06883492,1.055609,157.42
299300,0.39,0.58,0.03,0.09012331,0.08612364,0.7428044,151.06
299400,0.48,0.5,0.02,0.07931599,0.07430951,0.7564046,149.63
299500,0.42,0.57,0.01,0.08136448,0.07540093,0.4396024,118.8
299600,0.39,0.58,0.03,0.08916365,0.07791466,0.7974066,128.23
299700,0.37,0.61,0.02,0.07439687,0.07953763,0.5204048,139.2
299800,0.46,0.5,0.04,0.0749386,0.09281588,0.9826066,147.54
299900,0.45,0.54,0.01,0.08787994,0.09306772,0.5234022,132.1
300000,0.43,0.55,0.02,0.0971863,0.1195059,0.4666023,120.24
300100,0.39,0.56,0.05,0.07671715,0.07894787,0.8114066,160.46
300200,0.44,0.56,0,0.07124364,0.07826683,0.3869997,106.21
300300,0.37,0.6,0.03,0.1024673,0.1112833,0.747007,129.81
300400,0.5,0.48,0.02,0.086569,0.08202955,0.7754047,117.86
300500,0.44,0.54,0.02,0.07847559,0.09785139,0.4222021,133.94
300600,0.48,0.5,0.02,0.06971932,0.06102023,0.6846046,127.97
300700,0.39,0.59,0.02,0.08891805,0.09068245,0.4026023,126.25
300800,0.46,0.52,0.02,0.06190987,0.05476622,0.8860042,158.1
300900,0.42,0.55,0.03,0.07175486,0.06715086,0.7670067,122.16
301000,0.4,0.53,0.07,0.09742881,0.1073769,1.402214,173.93
301100,0.49,0.48,0.03,0.08351456,0.08163506,0.8472066,127.78
301200,0.43,0.56,0.01,0.09667103,0.1116889,0.5604018,111.57
301300,0.52,0.42,0.06,0.07734033,0.07462213,1.405411,180.24
301400,0.4,0.6,0,0.08739206,0.08640373,0.1171999,109.34
301500,0.52,0.46,0.02,0.07783144,0.06955154,0.8532044,125.57
301600,0.41,0.58,0.01,0.07284038,0.08060102,0.3960021,106.26
301700,0.45,0.51,0.04,0.08266111,0.07836617,1.06621,141.56
301800,0.45,0.53,0.02,0.08783402,0.1021216,0.6022021,131.34
301900,0.5,0.49,0.01,0.06855116,0.07122494,0.5224021,122.78
302000,0.37,0.59,0.04,0.07589339,0.07700144,0.9982085,157.7
302100,0.43,0.54,0.03,0.07411446,0.07677285,0.449202,151.52
302200,0.47,0.5,0.03,0.07318667,0.06984586,0.6246047,140.47
302300,0.34,0.66,0,0.08514092,0.08366519,0.2055998,108.97
302400,0.44,0.52,0.04,0.07154018,0.06360416,1.124609,143.1
302500,0.42,0.55,0.03,0.07674634,0.07763319,0.9056072,135.59
302600,0.48,0.5,0.02,0.07615886,0.0734521,0.5744022,146.21
302700,0.46,0.51,0.03,0.08758922,0.08893833,0.8722066,123.46
302800,0.46,0.48,0.06,0.06869474,0.06629561,1.531613,155.33
302900,0.48,0.49,0.03,0.08191004,0.08639364,0.8536051,126.79
303000,0.37,0.6,0.03,0.07595597,0.06840204,0.9076071,151.89
303100,0.46,0.52,0.02,0.08945877,0.08585563,0.7448044,126.65
303200,0.47,0.52,0.01,0.08653823,0.09531751,0.2885998,94.12
303300,0.36,0.62,0.02,0.07757322,0.08495951,0.640004,121.81
303400,0.42,0.57,0.01,0.08886318,0.09457536,0.473202,109.2
303500,0.43,0.52,0.05,0.0790135,0.07830679,1.13941,142.76
303600,0.41,0.52,0.07,0.1095866,0.1051619,1.352614,166.97
303700,0.53,0.47,0,0.07574885,0.0826076,0.3837997,96.76
303800,0.39,0.58,0.03,0.07010361,0.0654141,0.927807,144.88
303900,0.34,0.62,0.04,0.08042321,0.07096148,0.8532067,136.87
304000,0.34,0.64,0.02,0.08404633,0.08167649,0.6744041,132.15
304100,0.48,0.49,0.03,0.0792703,0.08979273,0.8344072,119.37
304200,0.43,0.53,0.04,0.08345041,0.08336126,1.119409,153.26
304300,0.47,0.51,0.02,0.0709281,0.08503218,0.4990022,132.81
304400,0.43,0.57,0,0.08016409,0.09184615,0.2599998,113.73
304500,0.42,0.54,0.04,0.07249308,0.07224865,0.8906071,156.23
304600,0.44,0.55,0.01,0.08337522,0.09520841,0.4558018,110.86
304700,0.36,0.62,0.02,0.07712308,0.07711447,0.7232041,141.38
304800,0.39,0.61,0,0.07067771,0.07101674,0.3129998,135.49
304900,0.41,0.56,0.03,0.07807276,0.08512711,0.7244045,155.89
305000,0.43,0.52,0.05,0.0727229,0.07780001,1.22101,152.35
305100,0.5,0.48,0.02,0.08515809,0.07957356,0.6578021,130.46
305200,0.47,0.48,0.05,0.06808284,0.06563729,1.09341,145.4
305300,0.45,0.53,0.02,0.07115166,0.07001362,0.812604,126.25
305400,0.47,0.49,0.04,0.07841238,0.08458117,1.181209,140.89
305500,0.4,0.57,0.03,0.08031988,0.07838654,0.5924043,145.03
305600,0.51,0.49,0,0.08973717,0.09279124,0.4413997,106.03
305700,0.45,0.51,0.04,0.07149284,0.07264972,1.025809,136.31
305800,0.49,0.47,0.04,0.07095086,0.06642837,1.015409,163.06
305900,0.4,0.58,0.02,0.08058387,0.08624121,0.3970023,124.82
306000,0.42,0.55,0.03,0.07217018,0.06545472,0.2103999,121.33
306100,0.49,0.51,0,0.07169738,0.08894951,0.3403997,109.3
306200,0.36,0.61,0.03,0.06914508,0.06113454,0.5422023,142.09
306300,0.51,0.47,0.02,0.1086147,0.1162386,0.7200042,126.32
306400,0.5,0.48,0.02,0.08744994,0.09404244,0.4470012,128.33
306500,0.42,0.56,0.02,0.07124747,0.06629881,0.8408046,142.83
306600,0.42,0.54,0.04,0.08134362,0.07603057,0.919608,145.18
306700,0.41,0.57,0.02,0.06936126,0.06201102,0.4116024,137.84
306800,0.52,0.48,0,0.0875012,0.09912929,0.3831997,111.74
306900,0.47,0.52,0.01,0.0903794,0.1024049,0.4008017,113.62
307000,0.41,0.52,0.07,0.0695502,0.06197494,1.345615,157.45
307100,0.45,0.51,0.04,0.06183405,0.06618596,0.9698094,149.44
307200,0.37,0.6,0.03,0.07544453,0.07717644,0.7014065,130.39
307300,0.49,0.51,0,0.09105506,0.0894734,0.2823997,77.37
307400,0.47,0.51,0.02,0.09384075,0.1008533,0.4172022,129.56
307500,0.41,0.58,0.01,0.08574891,0.07798404,0.5012022,121.53
307600,0.42,0.56,0.02,0.0747437,0.07345206,0.6966051,137.66
307700,0.49,0.49,0.02,0.07666535,0.08465876,0.782405,130.3
307800,0.4,0.57,0.03,0.0778863,0.09225131,0.8202046,128.36
307900,0.34,0.59,0.07,0.0774091,0.07687535,1.498215,164.88
308000,0.41,0.58,0.01,0.07447368,0.07323306,0.1829999,105.82
308100,0.41,0.57,0.02,0.07672515,0.07772877,0.7196047,117.97
308200,0.46,0.51,0.03,0.07647142,0.07822306,0.8582054,121.61
308300,0.44,0.54,0.02,0.08095721,0.07615719,0.6574047,132.27
308400,0.48,0.48,0.04,0.07282227,0.07338582,0.9198064,162.88
308500,0.42,0.54,0.04,0.07626488,0.07268479,0.6022043,155.1
308600,0.43,0.54,0.03,0.08025504,0.0766338,0.7128046,140.94
308700,0.47,0.52,0.01,0.05962552,0.05782102,0.4495997,121.94
308800,0.49,0.46,0.05,0.07855923,0.1097019,1.197811,144.4
308900,0.36,0.62,0.02,0.07916058,0.07835765,0.3750024,117.12
309000,0.47,0.51,0.02,0.07652276,0.07671337,0.6542038,134.72
309100,0.36,0.63,0.01,0.09550717,0.09746597,0.477802,117.82
309200,0.44,0.53,0.03,0.09540962,0.1047101,0.719605,137.07
309300,0.36,0.64,0,0.08065048,0.09020332,0.2081998,102.23
309400,0.47,0.51,0.02,0.08166964,0.07754415,0.5426046,112.83
309500,0.43,0.53,0.04,0.06888092,0.06440276,0.9466085,145.54
309600,0.41,0.56,0.03,0.07852942,0.07403717,0.9426057,132.01
309700,0.48,0.5,0.02,0.08975348,0.09069955,0.4754017,127.93
309800,0.41,0.51,0.08,0.07589683,0.07567315,1.372214,184.42
309900,0.48,0.49,0.03,0.07932925,0.08436216,0.6526034,142.06
310000,0.51,0.49,0,0.08373404,0.08057261,0.2909998,121.74
310100,0.41,0.54,0.05,0.06934879,0.0649127,0.9834065,170.76
310200,0.42,0.53,0.05,0.06480402,0.0642876,1.093808,169.75
310300,0.45,0.51,0.04,0.07385184,0.08987819,0.9902055,157
310400,0.4,0.59,0.01,0.0849,0.1001448,0.3558017,126.09
310500,0.36,0.59,0.05,0.09597417,0.1070792,1.340812,145.02
310600,0.42,0.57,0.01,0.07148021,0.06947115,0.5054014,106.52
310700,0.45,0.52,0.03,0.07524125,0.07732854,0.6956051,133.01
310800,0.42,0.56,0.02,0.07920924,0.075338,0.7078047,124.64
310900,0.4,0.6,0,0.07200699,0.06968052,0.3863997,119.59
311000,0.48,0.48,0.04,0.07465383,0.07860383,1.105609,146.55
311100,0.42,0.54,0.04,0.08171673,0.07922037,1.039009,149.83
311200,0.4,0.54,0.06,0.08405232,0.08769809,0.967409,157.94
311300,0.42,0.57,0.01,0.06856269,0.06799808,0.1939999,125.18
311400,0.4,0.54,0.06,0.0766684,0.09033142,1.227412,168.09
311500,0.44,0.54,0.02,0.07364388,0.07962936,0.3622017,126.63
311600,0.41,0.56,0.03,0.07201534,0.06908883,0.7360066,135.09
311700,0.37,0.57,0.06,0.07107926,0.06937516,1.323013,170.08
311800,0.42,0.58,0,0.08416323,0.09211962,0.4913996,110.15
311900,0.48,0.5,0.02,0.07170841,0.0748498,0.7802044,120.99
312000,0.48,0.52,0,0.07105605,0.06115448,0.1893999,112.39
312100,0.41,0.55,0.04,0.07201459,0.07772405,1.112009,135.06
312200,0.46,0.54,0,0.09072172,0.1059606,0.3781997,100.03
312300,0.47,0.51,0.02,0.07527613,0.07314329,0.6746035,118.96
312400,0.42,0.56,0.02,0.07235378,0.06816617,0.8314046,132.75
312500,0.45,0.53,0.02,0.08898411,0.09363593,0.7112049,123.62
312600,0.44,0.56,0,0.08030805,0.1009735,0.2951998,105.96
312700,0.44,0.51,0.05,0.07600994,0.07579852,0.9758079,144.82
312800,0.46,0.51,0.03,0.09152214,0.1107631,0.7752045,135.5
312900,0.34,0.65,0.01,0.07221761,0.08077335,0.2173999,113.44
313000,0.57,0.43,0,0.09970804,0.1059058,0.3236,94.03
313100,0.53,0.45,0.02,0.07244167,0.08800911,0.7936041,126.81
313200,0.44,0.51,0.05,0.0642107,0.05991698,1.026009,180.91
313300,0.35,0.62,0.03,0.0749608,0.0914903,0.3146026,152.07
313400,0.48,0.48,0.04,0.08301762,0.07977776,1.135809,142.31
313500,0.43,0.54,0.03,0.08488717,0.08842416,0.9018064,145.97
313600,0.48,0.5,0.02,0.06868847,0.06599572,0.6214042,124.49
313700,0.54,0.43,0.03,0.07573141,0.07944302,0.8694062,130
313800,0.42,0.57,0.01,0.0797225,0.08201661,0.4672015,118.89
313900,0.46,0.52,0.02,0.06975815,0.06555495,0.4158022,116.67
314000,0.44,0.55,0.01,0.08256947,0.09025171,0.2687998,132.52
314100,0.4,0.58,0.02,0.07784415,0.08009668,0.6848047,120.21
314200,0.44,0.52,0.04,0.07419919,0.09519871,1.01161,145.15
314300,0.39,0.57,0.04,0.07315267,0.06593692,0.819807,144.27
314400,0.4,0.56,0.04,0.07076204,0.08308396,1.070608,147.52
314500,0.48,0.5,0.02,0.09820661,0.1090746,0.7422046,120.46
314600,0.47,0.5,0.03,0.0748353,0.07564055,0.7900045,164.19
314700,0.46,0.49,0.05,0.07692965,0.07567679,1.192411,163.09
314800,0.5,0.47,0.03,0.09185264,0.1014725,0.7604046,127.98
314900,0.42,0.56,0.02,0.07886526,0.08133704,0.8142045,141.25
315000,0.49,0.51,0,0.06955573,0.066646,0.3215998,102.44
315100,0.36,0.63,0.01,0.07510498,0.07516162,0.3414024,118.76
315200,0.42,0.57,0.01,0.08483858,0.08737116,0.430402,105.12
315300,0.44,0.5,0.06,0.08055318,0.07350604,1.372613,168.28
315400,0.51,0.48,0.01,0.1226692,0.1404837,0.6394015,121.33
315500,0.5,0.47,0.03,0.06792548,0.05854366,0.8646066,147.54
315600,0.44,0.5,0.06,0.08323658,0.08742196,1.381213,156.77
315700,0.42,0.56,0.02,0.0918123,0.09238042,0.6280042,124.06
315800,0.44,0.52,0.04,0.06640285,0.06326343,0.8590056,166.3
315900,0.43,0.54,0.03,0.07354215,0.08084193,0.9644073,133.34
316000,0.43,0.56,0.01,0.07444035,0.09051402,0.3692015,111.42
316100,0.47,0.51,0.02,0.06772537,0.0713037,0.7114046,126.85
316200,0.56,0.41,0.03,0.07766604,0.08776389,0.7482042,141.48
316300,0.47,0.46,0.07,0.07691298,0.07162023,1.244009,167.72
316400,0.47,0.51,0.02,0.08367623,0.08599553,0.7024047,135.44
316500,0.45,0.51,0.04,0.09838394,0.1010702,0.8718066,125.99
316600,0.44,0.51,0.05,0.06758385,0.06685711,1.290812,150.04
316700,0.34,0.63,0.03,0.08654792,0.09451665,0.5116046,121.64
316800,0.46,0.51,0.03,0.06303839,0.06106769,0.8286068,155.64
316900,0.44,0.5,0.06,0.07044157,0.06715707,1.323812,160.59
317000,0.5,0.46,0.04,0.07887624,0.08157372,1.054208,131.69
317100,0.41,0.55,0.04,0.0783865,0.07395278,0.6950057,133.71
317200,0.44,0.53,0.03,0.06865368,0.07180807,0.7072061,136.44
317300,0.45,0.51,0.04,0.07577408,0.07928963,1.058408,143.49
317400,0.44,0.5,0.06,0.06875236,0.07360125,1.401413,161.2
317500,0.43,0.57,0,0.07160416,0.07443574,0.2345998,104.55
317600,0.41,0.54,0.05,0.07543391,0.0841765,1.184213,144.57
317700,0.42,0.53,0.05,0.07929814,0.07851319,0.9728097,157.89
317800,0.4,0.55,0.05,0.0799112,0.08071344,0.8530064,161.06
317900,0.37,0.61,0.02,0.07610933,0.080172,0.7566037,126.59
318000,0.44,0.54,0.02,0.08070347,0.07455185,0.7940038,118.66
318100,0.46,0.52,0.02,0.06894264,0.07259869,0.7114039,139.75
318200,0.45,0.55,0,0.08096614,0.09975004,0.3007998,98.75
318300,0.43,0.54,0.03,0.07058463,0.07030907,0.8006039,154.59
318400,0.45,0.53,0.02,0.07139004,0.06678084,0.5168042,124.45
318500,0.47,0.5,0.03,0.1063446,0.1025124,0.8218049,136.08
318600,0.46,0.51,0.03,0.06448433,0.0632081,0.9090061,123.52
318700,0.44,0.53,0.03,0.07318045,0.06996915,0.7580066,144.11
318800,0.57,0.42,0.01,0.07155763,0.07943544,0.7664019,139.8
318900,0.48,0.49,0.03,0.07326766,0.06904572,0.8016043,139.29
319000,0.43,0.55,0.02,0.06415214,0.05768802,0.5188024,132.38
319100,0.39,0.58,0.03,0.08423483,0.08418227,0.7746065,132.83
319200,0.45,0.54,0.01,0.07920082,0.08981501,0.4382021,128.43
319300,0.4,0.55,0.05,0.08120269,0.07002822,1.059609,150.83
319400,0.55,0.44,0.01,0.080616,0.09088874,0.4688021,117.32
319500,0.43,0.55,0.02,0.0913289,0.1023856,0.6118051,122.34
319600,0.39,0.55,0.06,0.08937939,0.1118779,1.443614,170.4
319700,0.47,0.52,0.01,0.08389709,0.07776001,0.5644019,122.67
319800,0.49,0.48,0.03,0.06674468,0.07362211,0.7510031,152.63
319900,0.39,0.58,0.03,0.07164415,0.06674125,0.8222066,127.25
320000,0.43,0.53,0.04,0.07160788,0.06776284,0.852007,130.76
320100,0.36,0.62,0.02,0.06913221,0.06065379,0.6936047,133.75
320200,0.41,0.57,0.02,0.09068737,0.1087818,0.6100046,125.33
320300,0.48,0.5,0.02,0.06883026,0.06223279,0.4228023,115.57
320400,0.49,0.49,0.02,0.07534423,0.07820757,0.7384041,125.89
320500,0.51,0.49,0,0.09455473,0.09787177,0.5219996,120.69
320600,0.39,0.58,0.03,0.0740691,0.0760382,0.8068069,141.35
320700,0.43,0.54,0.03,0.07395863,0.06861916,0.7882064,133.35
320800,0.34,0.65,0.01,0.08379487,0.09288329,0.3222015,118.38
320900,0.41,0.53,0.06,0.08880459,0.0983467,0.9820102,159.46
321000,0.39,0.58,0.03,0.08652085,0.08507438,0.8680069,123.07
321100,0.51,0.48,0.01,0.06283366,0.06319679,0.6304018,146.8
321200,0.42,0.56,0.02,0.09007223,0.08996055,0.7244044,122.38
321300,0.42,0.56,0.02,0.07616485,0.0794132,0.7876037,133.35
321400,0.44,0.52,0.04,0.06962129,0.06897852,0.9616092,159.38
321500,0.41,0.58,0.01,0.08129361,0.08259533,0.5290016,145.96
321600,0.45,0.51,0.04,0.0765101,0.07319877,0.7540044,153.27
321700,0.37,0.58,0.05,0.07656265,0.0736047,1.11261,179.5
321800,0.48,0.49,0.03,0.07045639,0.06874378,0.8626074,141.43
321900,0.52,0.44,0.04,0.07961971,0.08083143,1.061009,144.87
322000,0.48,0.51,0.01,0.08410046,0.102922,0.485002,117.46
322100,0.44,0.52,0.04,0.07558184,0.07511619,1.053009,136.52
322200,0.46,0.53,0.01,0.08534067,0.09082117,0.3079997,105.78
322300,0.42,0.56,0.02,0.1012849,0.1168559,0.7502046,144.6
322400,0.45,0.52,0.03,0.07737919,0.07479849,0.6236042,150.64
322500,0.44,0.52,0.04,0.08624341,0.09338908,1.12621,138.78
322600,0.52,0.45,0.03,0.08254654,0.08126456,0.6812044,128.9
322700,0.53,0.42,0.05,0.08733299,0.101275,1.209811,151.91
322800,0.42,0.56,0.02,0.06265888,0.07927185,0.7130039,149.08
322900,0.48,0.48,0.04,0.07834299,0.06863951,1.116209,147.84
323000,0.43,0.54,0.03,0.07629518,0.07904374,0.3944019,116.41
323100,0.49,0.48,0.03,0.07743344,0.07646861,1.104006,143.84
323200,0.43,0.54,0.03,0.09190998,0.1070887,0.9270074,116.87
323300,0.41,0.56,0.03,0.07730541,0.07832023,0.706405,136.17
323400,0.49,0.49,0.02,0.09132276,0.0797609,0.5654047,118.02
323500,0.38,0.62,0,0.08120535,0.07082933,0.3385997,133.92
323600,0.39,0.55,0.06,0.077408,0.0723582,1.172811,166
323700,0.39,0.55,0.06,0.08895112,0.09585842,1.439214,145.22
323800,0.43,0.57,0,0.06563039,0.0594218,0.1915999,107.27
323900,0.47,0.49,0.04,0.08062737,0.08120138,1.06461,145.43
324000,0.38,0.6,0.02,0.07191262,0.06802337,0.5626031,123.21
324100,0.49,0.46,0.05,0.06618812,0.06030128,1.344011,176.89
324200,0.37,0.57,0.06,0.06560148,0.06427412,1.384814,173.94
324300,0.4,0.57,0.03,0.06976314,0.07538524,0.5986047,140.16
324400,0.43,0.55,0.02,0.08125135,0.08519144,0.6334046,112.29
324500,0.43,0.51,0.06,0.07529598,0.07402027,1.233411,164.15
324600,0.49,0.47,0.04,0.07052419,0.06012406,1.033206,142.83
324700,0.42,0.57,0.01,0.07025305,0.07059098,0.4860017,116.57
324800,0.44,0.54,0.02,0.07255758,0.08736148,0.6472036,146.25
324900,0.47,0.52,0.01,0.07279537,0.07347814,0.5552021,122.28
325000,0.39,0.58,0.03,0.08989497,0.09480685,0.665204,157.51
325100,0.44,0.53,0.03,0.08571932,0.0876563,0.788804,155.9
325200,0.39,0.59,0.02,0.06160106,0.05960681,0.7362036,127.94
325300,0.49,0.48,0.03,0.07975921,0.08810838,1.178609,141.22
325400,0.45,0.48,0.07,0.08401857,0.0917564,1.437812,187.27
325500,0.44,0.52,0.04,0.06514086,0.0623886,1.011607,155.92
325600,0.39,0.56,0.05,0.06984313,0.07071499,0.9360084,144.45
325700,0.41,0.57,0.02,0.07422479,0.07218876,0.7282031,131.59
325800,0.47,0.51,0.02,0.08015749,0.07437852,0.6198049,128.85
325900,0.42,0.52,0.06,0.09041848,0.1068419,1.21501,163.19
326000,0.47,0.53,0,0.07655399,0.07896322,0.3309997,118.63
326100,0.38,0.58,0.04,0.08967812,0.1085096,1.042409,147.18
326200,0.44,0.54,0.02,0.08731715,0.09183142,0.5812036,124.18
326300,0.45,0.53,0.02,0.07879047,0.09996873,0.6938044,114.4
326400,0.4,0.58,0.02,0.06295218,0.05885214,0.3631997,134.32
326500,0.48,0.5,0.02,0.08334062,0.08979665,0.7040046,124.28
326600,0.41,0.56,0.03,0.08063297,0.08594579,0.8224071,124.45
326700,0.43,0.54,0.03,0.07853574,0.0846938,0.8418066,136.93
326800,0.43,0.52,0.05,0.07940676,0.08088633,1.188008,162.37
326900,0.5,0.48,0.02,0.07917745,0.0759588,0.649804,114.94
327000,0.43,0.56,0.01,0.08424636,0.1010356,0.4570022,106.97
327100,0.41,0.57,0.02,0.0739302,0.07237455,0.6930048,124.41
327200,0.37,0.6,0.03,0.07398684,0.07204896,0.586805,132.14
327300,0.36,0.61,0.03,0.06751243,0.06894106,0.8532066,151.68
327400,0.44,0.55,0.01,0.0611568,0.0619534,0.4920025,119.78
327500,0.4,0.58,0.02,0.08204348,0.08287791,0.5452036,132.66
327600,0.41,0.59,0,0.07951933,0.09109339,0.3523997,113.25
327700,0.46,0.51,0.03,0.08266401,0.08596878,0.8452074,140.2
327800,0.52,0.46,0.02,0.0671536,0.07344373,0.6410042,120.9
327900,0.5,0.48,0.02,0.0707903,0.07043725,0.6178043,118.99
328000,0.46,0.5,0.04,0.08007652,0.08730479,1.055809,137.83
328100,0.42,0.55,0.03,0.07190984,0.06573181,0.5808042,131.51
328200,0.48,0.48,0.04,0.07003351,0.06137982,1.057209,141
328300,0.51,0.49,0,0.07031824,0.06923946,0.3713996,99.29
328400,0.41,0.56,0.03,0.07261736,0.07155894,0.6442045,148.9
328500,0.49,0.49,0.02,0.06504184,0.06262545,0.4388023,138.16
328600,0.53,0.45,0.02,0.07064953,0.07471643,0.7294036,142.5
328700,0.48,0.47,0.05,0.08444359,0.08364125,1.218412,150.28
328800,0.44,0.54,0.02,0.08574974,0.08453798,0.4746023,117.63
328900,0.53,0.42,0.05,0.07776411,0.08138796,0.8624074,153.24
329000,0.37,0.61,0.02,0.08429749,0.08749332,0.6482049,137.11
329100,0.5,0.47,0.03,0.06652412,0.06367713,0.8802063,150.5
329200,0.42,0.57,0.01,0.06316473,0.06072185,0.4828023,122.48
329300,0.42,0.55,0.03,0.07098136,0.06833286,0.8350068,139.28
329400,0.47,0.51,0.02,0.08206842,0.1074132,0.5090044,122.15
329500,0.48,0.47,0.05,0.09164456,0.09399857,1.304612,149.64
329600,0.49,0.48,0.03,0.06479593,0.06211162,0.8372058,138.4
329700,0.49,0.5,0.01,0.07443015,0.07337167,0.5448023,135.65
329800,0.51,0.46,0.03,0.07750161,0.08593463,0.640604,117.55
329900,0.43,0.53,0.04,0.08681693,0.08901749,0.9214096,142.93
330000,0.39,0.58,0.03,0.07027482,0.07099824,0.7792069,136.19
330100,0.49,0.49,0.02,0.0683465,0.062872,0.7378042,112.59
330200,0.44,0.51,0.05,0.1070163,0.1081343,0.9786084,171.76
330300,0.38,0.58,0.04,0.06077867,0.05723264,1.065609,155.35
330400,0.49,0.47,0.04,0.06979171,0.06805477,1.09421,143.38
330500,0.36,0.6,0.04,0.09019098,0.0919648,0.4040016,142.88
330600,0.46,0.52,0.02,0.07270391,0.0635609,0.7446046,136.61
330700,0.42,0.55,0.03,0.07745297,0.07755727,0.8056047,136.38
330800,0.4,0.58,0.02,0.07400182,0.07537606,0.4338015,112.78
330900,0.53,0.46,0.01,0.08794479,0.09093053,0.5872022,119.62
331000,0.38,0.54,0.08,0.07151753,0.06915037,1.693419,193.94
331100,0.46,0.51,0.03,0.08998599,0.1238952,0.7806045,127.65
331200,0.37,0.58,0.05,0.076601,0.07782489,1.262211,170.11
331300,0.44,0.5,0.06,0.08242655,0.08342323,1.165808,172.96
331400,0.42,0.55,0.03,0.07428293,0.07242973,0.6418048,130.76
331500,0.47,0.51,0.02,0.08477816,0.09832285,0.6460021,125.33
331600,0.42,0.56,0.02,0.08022097,0.07194026,0.666602,132.73
331700,0.49,0.49,0.02,0.06785245,0.06442108,0.7160042,135.48
331800,0.4,0.58,0.02,0.1030074,0.1124799,0.6532041,123.84
331900,0.41,0.56,0.03,0.07559045,0.07528257,0.9354073,126.23
332000,0.41,0.54,0.05,0.07283562,0.07197487,0.9768078,166.82
332100,0.42,0.54,0.04,0.09939357,0.1076291,0.7324072,149.93
332200,0.36,0.6,0.04,0.07009862,0.06399725,0.7892074,133.59
332300,0.41,0.57,0.02,0.08107448,0.08205111,0.6942045,118.04
332400,0.48,0.46,0.06,0.08687772,0.07925279,1.090009,156.29
332500,0.45,0.51,0.04,0.06808497,0.06682479,0.9488076,131.58
332600,0.44,0.52,0.04,0.07311829,0.06771945,1.144009,159.54
332700,0.48,0.51,0.01,0.08783552,0.08610953,0.5048023,123.72
332800,0.4,0.58,0.02,0.08750331,0.1168959,0.3372024,112.28
332900,0.34,0.61,0.05,0.06577249,0.06462611,1.109612,161.81
333000,0.39,0.56,0.05,0.07867059,0.07235797,1.11241,165.65
333100,0.38,0.57,0.05,0.08541591,0.08234009,1.021608,144.77
333200,0.36,0.55,0.09,0.07913312,0.1064824,1.614818,192.58
333300,0.46,0.47,0.07,0.08741133,0.1100684,1.036007,174.89
333400,0.32,0.63,0.05,0.07566544,0.09043711,0.8926075,134.95
333500,0.38,0.6,0.02,0.06696033,0.07219301,0.593004,128.5
333600,0.46,0.46,0.08,0.06960876,0.08634523,1.474013,179.62
333700,0.38,0.61,0.01,0.06467129,0.06180949,0.4894025,120.57
333800,0.4,0.54,0.06,0.07243656,0.07842882,1.186811,154.99
333900,0.35,0.61,0.04,0.08841471,0.08702193,0.6442045,139.97
334000,0.38,0.61,0.01,0.08063193,0.09716078,0.4134021,99.11
334100,0.57,0.4,0.03,0.07119134,0.06735554,0.9170052,133
334200,0.35,0.62,0.03,0.07423836,0.06912738,0.8820063,144.75
334300,0.39,0.57,0.04,0.08909591,0.09249316,0.9372075,140.07
334400,0.45,0.54,0.01,0.0730883,0.06830795,0.4512017,127.05
334500,0.38,0.58,0.04,0.0819089,0.07236508,0.7156056,137.06
334600,0.37,0.56,0.07,0.06907935,0.07739269,1.378814,173.61
334700,0.48,0.51,0.01,0.06807961,0.07124399,0.5114023,113.22
334800,0.39,0.58,0.03,0.06359498,0.05987476,0.8140065,145.03
334900,0.49,0.49,0.02,0.1022939,0.1254048,0.3435998,131.77
335000,0.52,0.48,0,0.08379367,0.0895241,0.2327998,109.74
335100,0.37,0.59,0.04,0.07751845,0.09106248,0.8644069,136.68
335200,0.46,0.5,0.04,0.07321782,0.07911466,1.060809,157.53
335300,0.42,0.57,0.01,0.08032012,0.08286308,0.3956017,101.56
335400,0.47,0.47,0.06,0.08286481,0.0941284,1.215811,149.04
335500,0.36,0.61,0.03,0.08699965,0.09453338,0.8022069,132.21
335600,0.45,0.53,0.02,0.07858967,0.08588327,0.5912048,125.48
335700,0.33,0.61,0.06,0.07866292,0.07341035,1.053011,157.98
335800,0.49,0.43,0.08,0.0785936,0.07205103,1.770417,199.04
335900,0.41,0.53,0.06,0.0686169,0.06110875,1.110009,179.5
336000,0.42,0.55,0.03,0.06656847,0.07142688,0.8312063,143.83
336100,0.44,0.51,0.05,0.09880676,0.1264506,1.238612,148.68
336200,0.51,0.45,0.04,0.07388353,0.07838203,1.073409,121.92
336300,0.5,0.49,0.01,0.07448132,0.06772703,0.3942019,128.48
336400,0.49,0.48,0.03,0.08208837,0.09218977,0.6312047,151.49
336500,0.38,0.58,0.04,0.07880559,0.09705881,0.9160075,152.7
336600,0.44,0.51,0.05,0.06769169,0.07081075,1.011809,156.66
336700,0.41,0.57,0.02,0.09317727,0.09877492,0.2836004,125.95
336800,0.47,0.46,0.07,0.1012114,0.08761887,1.420812,164.66
336900,0.39,0.57,0.04,0.08054563,0.0769596,1.076409,139.38
337000,0.55,0.42,0.03,0.0798353,0.0772489,0.7744076,133.5
337100,0.48,0.47,0.05,0.06992073,0.07245394,1.030008,145.02
337200,0.42,0.54,0.04,0.07709224,0.0804733,0.9464074,152.76
337300,0.43,0.53,0.04,0.07044898,0.06571271,0.6706043,169.33
337400,0.46,0.49,0.05,0.07043312,0.07556812,1.105809,145.29
337500,0.43,0.56,0.01,0.06802712,0.06962237,0.5178023,114.36
337600,0.36,0.58,0.06,0.0844445,0.07843737,1.404611,173.32
337700,0.39,0.58,0.03,0.07881451,0.07860339,0.5646039,148.44
337800,0.45,0.54,0.01,0.07146507,0.07079795,0.5312024,126.72
337900,0.33,0.63,0.04,0.0866904,0.08143525,0.882809,136.99
338000,0.4,0.58,0.02,0.07125888,0.07324984,0.7098048,142.72
338100,0.44,0.52,0.04,0.08126763,0.08228309,1.166009,133.86
338200,0.47,0.51,0.02,0.06168951,0.06253313,0.7688037,132.68
338300,0.48,0.49,0.03,0.06548879,0.06023281,0.8428069,158.63
338400,0.43,0.54,0.03,0.0716994,0.0676759,0.8066069,148.17
338500,0.4,0.57,0.03,0.06631261,0.06753934,0.856607,141.37
338600,0.56,0.42,0.02,0.07777692,0.09883326,0.8404043,140.25
338700,0.39,0.57,0.04,0.07418798,0.06949497,0.8676047,132.26
338800,0.45,0.51,0.04,0.07156327,0.08493046,0.7924058,147.78
338900,0.47,0.5,0.03,0.07383816,0.08882174,0.8420069,136.94
339000,0.48,0.51,0.01,0.08141088,0.08450129,0.576002,113.14
339100,0.45,0.54,0.01,0.07113571,0.07229646,0.4672025,122.78
339200,0.41,0.57,0.02,0.06800006,0.06676375,0.6338049,128.11
339300,0.48,0.49,0.03,0.06784618,0.05831626,0.6306045,135.48
339400,0.45,0.54,0.01,0.07688849,0.0817679,0.5248019,125.49
339500,0.56,0.41,0.03,0.07425626,0.07367346,0.8368059,138.97
339600,0.42,0.58,0,0.07850714,0.08662114,0.2267998,102.36
339700,0.38,0.56,0.06,0.07137997,0.06840538,0.9224063,169.63
339800,0.46,0.52,0.02,0.08252846,0.09390893,0.7166046,142.8
339900,0.42,0.54,0.04,0.07165649,0.07013645,0.9318092,139.22
340000,0.41,0.55,0.04,0.0893073,0.1005853,0.7636058,121.86
340100,0.4,0.55,0.05,0.08063416,0.0786823,1.016609,149.08
340200,0.44,0.52,0.04,0.0788113,0.09406369,1.073608,134.86
340300,0.46,0.51,0.03,0.07085394,0.06219501,0.9210072,136.43
340400,0.38,0.58,0.04,0.07490556,0.07636431,0.7604067,129.53
340500,0.55,0.42,0.03,0.08127188,0.08016309,0.7882071,127.18
340600,0.38,0.58,0.04,0.08096406,0.08450351,0.9952081,144.36
340700,0.46,0.54,0,0.08448753,0.09631981,0.2309998,99.91
340800,0.43,0.55,0.02,0.07913774,0.07910705,0.4432023,133.9
340900,0.41,0.55,0.04,0.08742373,0.08547436,0.7462066,138.33
341000,0.48,0.46,0.06,0.08144346,0.09420417,1.139012,150.56
341100,0.39,0.55,0.06,0.07632293,0.07638198,1.14201,145.51
341200,0.42,0.54,0.04,0.08759244,0.08370464,0.8384089,124.33
341300,0.45,0.54,0.01,0.07304133,0.0712385,0.4050025,109.51
341400,0.43,0.55,0.02,0.07408989,0.07348239,0.6860044,135.93
341500,0.43,0.55,0.02,0.07996789,0.08831003,0.643805,128.68
341600,0.47,0.49,0.04,0.07337853,0.07159674,0.7462049,143.47
341700,0.49,0.51,0,0.1053222,0.156697,0.2309998,93.66
341800,0.5,0.46,0.04,0.1047249,0.1023724,0.8552063,145.66
341900,0.45,0.52,0.03,0.08021039,0.08957267,0.7738047,135.83
342000,0.39,0.57,0.04,0.0720618,0.06557208,0.7988064,164.92
342100,0.42,0.54,0.04,0.08020216,0.07851319,1.046409,147.61
342200,0.49,0.47,0.04,0.09171738,0.08910001,0.7502049,155.28
342300,0.36,0.61,0.03,0.08099378,0.07144764,0.8278072,129.12
342400,0.49,0.49,0.02,0.06767703,0.07030048,0.8118047,139.33
342500,0.44,0.55,0.01,0.06703442,0.06733863,0.7066019,141.49
342600,0.47,0.49,0.04,0.07230183,0.07105875,0.8426042,156.52
342700,0.4,0.54,0.06,0.07271378,0.07410452,1.274611,160.79
342800,0.43,0.54,0.03,0.08347757,0.09053343,0.7908061,136.29
342900,0.46,0.52,0.02,0.08204439,0.08795515,0.6098046,116.82
343000,0.49,0.49,0.02,0.07730726,0.08021757,0.7560043,136.18
343100,0.46,0.52,0.02,0.09085631,0.09297421,0.5894018,139.85
343200,0.39,0.57,0.04,0.06376983,0.05798708,0.5714046,142.93
343300,0.42,0.54,0.04,0.07592752,0.09138125,0.679602,150.63
343400,0.45,0.52,0.03,0.08092566,0.08913109,0.4838024,132.58
343500,0.35,0.6,0.05,0.0682655,0.06287328,0.7984061,141.33
343600,0.38,0.58,0.04,0.06407054,0.05866819,1.26201,175.61
343700,0.42,0.56,0.02,0.07159653,0.07906286,0.398802,130.28
343800,0.42,0.54,0.04,0.0735851,0.06704781,1.107809,151.93
343900,0.47,0.51,0.02,0.06959388,0.0718898,0.5588049,121.34
344000,0.45,0.52,0.03,0.06918271,0.07098316,0.9258064,152.61
344100,0.48,0.5,0.02,0.07775924,0.08315998,0.8578041,127.91
344200,0.51,0.48,0.01,0.08621787,0.1091009,0.4924018,118.95
344300,0.55,0.43,0.02,0.08527496,0.08879795,0.5706022,126.99
344400,0.46,0.52,0.02,0.07170658,0.0624689,0.637604,139.56
344500,0.38,0.54,0.08,0.06744368,0.05897611,1.240811,184.98
344600,0.4,0.55,0.05,0.06283823,0.05554801,0.8746074,148.14
344700,0.41,0.57,0.02,0.0774008,0.07380241,0.5820046,109.13
344800,0.5,0.43,0.07,0.08944896,0.09465314,1.456813,155.25
344900,0.47,0.53,0,0.09055849,0.09001762,0.3591999,113.34
345000,0.37,0.57,0.06,0.08406959,0.08812547,1.097211,156.64
345100,0.48,0.45,0.07,0.06817732,0.07133454,1.282611,166.45
345200,0.46,0.52,0.02,0.08901419,0.1082106,0.5838039,122.95
345300,0.43,0.53,0.04,0.0730802,0.09028492,0.9560071,158.41
345400,0.49,0.48,0.03,0.07578775,0.07302065,0.6058044,121.4
345500,0.45,0.5,0.05,0.07904341,0.08881947,1.055209,156.35
345600,0.45,0.47,0.08,0.06356648,0.06112333,1.188412,187.22
345700,0.42,0.53,0.05,0.07806324,0.07799938,1.09101,136.41
345800,0.43,0.54,0.03,0.08597306,0.08375154,0.8408066,145.84
345900,0.42,0.52,0.06,0.07654758,0.07793798,1.314614,161.77
346000,0.42,0.55,0.03,0.07679918,0.0804477,0.7962068,130.48
346100,0.44,0.54,0.02,0.07160769,0.07968931,0.7582039,146.53
346200,0.45,0.52,0.03,0.08113881,0.08392102,0.5690023,128.44
346300,0.47,0.5,0.03,0.06826812,0.07170609,0.9150064,145.07
346400,0.44,0.54,0.02,0.0746314,0.07219782,0.5174041,114.42
346500,0.42,0.54,0.04,0.07882169,0.08298597,0.7650068,133.28
346600,0.44,0.52,0.04,0.07397561,0.07356485,1.11321,153.75
346700,0.46,0.49,0.05,0.07130774,0.06871938,1.059807,152.79
346800,0.37,0.61,0.02,0.07512269,0.07593714,0.4550033,110.07
346900,0.48,0.48,0.04,0.08116794,0.0850417,1.022007,147.32
347000,0.51,0.47,0.02,0.06424508,0.06375324,0.6088045,139.38
347100,0.38,0.56,0.06,0.08916187,0.09346084,1.135212,153.87
347200,0.43,0.52,0.05,0.07825361,0.07288895,0.9716092,149.36
347300,0.42,0.55,0.03,0.07395288,0.09154227,0.7888067,160.06
347400,0.41,0.54,0.05,0.06495877,0.06028515,1.110209,152.22
347500,0.51,0.46,0.03,0.09303124,0.08750238,0.9184058,138.86
347600,0.47,0.47,0.06,0.06832101,0.0669641,1.37401,169.22
347700,0.48,0.46,0.06,0.07890134,0.09766602,0.9390077,169.06
347800,0.48,0.49,0.03,0.07020324,0.08329055,0.6736044,123.76
347900,0.47,0.51,0.02,0.07738946,0.07675398,0.2721998,106.91
348000,0.49,0.49,0.02,0.07128498,0.07539215,0.6682039,133.39
348100,0.4,0.56,0.04,0.05987661,0.06930818,0.8880067,152.22
348200,0.56,0.37,0.07,0.07869718,0.07810396,1.149809,168.93
348300,0.42,0.55,0.03,0.07500666,0.07487279,0.8198069,138.35
348400,0.41,0.54,0.05,0.07030109,0.08430873,0.9714091,158.01
348500,0.46,0.52,0.02,0.06928348,0.06455179,0.6554049,120.59
348600,0.41,0.54,0.05,0.07078999,0.07459297,0.9800093,143.93
348700,0.45,0.49,0.06,0.07153818,0.07508619,0.9322071,155.83
348800,0.47,0.49,0.04,0.09514526,0.09426823,0.9396074,142.62
348900,0.51,0.49,0,0.08013681,0.07767347,0.2663998,100.79
349000,0.47,0.49,0.04,0.06711759,0.06439814,0.7254065,144.05
349100,0.5,0.42,0.08,0.07643726,0.08464358,1.523413,176.29
349200,0.46,0.52,0.02,0.07125375,0.08609904,0.7060049,137.98
349300,0.47,0.47,0.06,0.07051544,0.06997416,1.350213,183.42
349400,0.39,0.6,0.01,0.06889386,0.07025299,0.4048015,133.71
349500,0.38,0.59,0.03,0.07609473,0.0743457,0.7252071,139.52
349600,0.49,0.47,0.04,0.07849756,0.08353956,0.8698058,144.62
349700,0.47,0.49,0.04,0.07360763,0.07096911,1.022209,142.4
349800,0.44,0.54,0.02,0.06411111,0.0597698,0.5430024,132.56
349900,0.37,0.58,0.05,0.06578325,0.06226523,0.8486066,148.43
350000,0.41,0.57,0.02,0.08782757,0.09308999,0.7092037,107.11
350100,0.41,0.55,0.04,0.07008054,0.08857369,0.8186063,137.39
350200,0.46,0.51,0.03,0.08787765,0.07930692,0.5452039,123.56
350300,0.37,0.58,0.05,0.07592512,0.07464372,1.304411,156.82
350400,0.41,0.59,0,0.06359012,0.06170399,0.2695998,100.64
350500,0.54,0.42,0.04,0.07461874,0.07423402,1.289209,141.95
350600,0.44,0.53,0.03,0.07664632,0.07491151,0.640804,139.03
350700,0.39,0.56,0.05,0.06830482,0.06907818,1.296412,168.07
350800,0.5,0.46,0.04,0.07977451,0.08065511,1.031209,149.46
350900,0.41,0.55,0.04,0.0768318,0.0676798,0.8312066,137.3
351000,0.55,0.43,0.02,0.06183767,0.06206121,0.9560046,144.31
351100,0.33,0.61,0.06,0.1079674,0.1039615,0.9794093,145.88
351200,0.41,0.57,0.02,0.06899825,0.06248709,0.7172039,124.33
351300,0.48,0.46,0.06,0.07221426,0.07264397,0.9754069,164.61
351400,0.32,0.67,0.01,0.08137191,0.08616281,0.548003,126.71
351500,0.49,0.49,0.02,0.07077206,0.07010107,0.6950042,113.88
351600,0.37,0.63,0,0.09313127,0.1001611,0.2827998,105.15
351700,0.44,0.55,0.01,0.07923023,0.08133186,0.2993998,130.67
351800,0.43,0.53,0.04,0.06553049,0.06400448,0.4260017,142.22
351900,0.5,0.45,0.05,0.1011501,0.109274,0.9220064,152.01
352000,0.34,0.61,0.05,0.06579473,0.05863368,0.7884067,156.64
352100,0.45,0.52,0.03,0.076898,0.08017606,0.6532021,155.68
352200,0.48,0.48,0.04,0.07732768,0.08510352,0.8556048,151.37
352300,0.44,0.53,0.03,0.09316295,0.09935065,0.7654048,143.2
352400,0.41,0.54,0.05,0.07320246,0.07623115,0.9514071,155.95
352500,0.47,0.5,0.03,0.1064885,0.1119848,0.6122043,118.35
352600,0.47,0.52,0.01,0.08528799,0.08953214,0.473202,101.09
352700,0.45,0.52,0.03,0.0838561,0.09688766,0.9922064,136.22
352800,0.51,0.44,0.05,0.07093552,0.07771248,0.8734064,142.21
352900,0.51,0.47,0.02,0.07167032,0.06039004,0.8394042,132.59
353000,0.4,0.55,0.05,0.07595891,0.08416271,1.11441,150.07
353100,0.42,0.51,0.07,0.09267668,0.1145997,1.365813,182.97
353200,0.39,0.6,0.01,0.0963736,0.1026717,0.4050018,143.52
353300,0.44,0.55,0.01,0.1150312,0.1316994,0.5034019,110.79
353400,0.43,0.55,0.02,0.07077707,0.07643268,0.6976042,126.07
353500,0.43,0.54,0.03,0.1116562,0.1397266,0.8738065,149
353600,0.59,0.38,0.03,0.07717353,0.07732837,0.450802,111.69
353700,0.45,0.53,0.02,0.06600546,0.0684323,0.5912048,130.02
353800,0.53,0.44,0.03,0.07447511,0.07081576,0.6628042,144.07
353900,0.5,0.4,0.1,0.09616739,0.1052192,1.546816,185.23
354000,0.35,0.6,0.05,0.07959351,0.08367449,0.9124101,144.56
354100,0.43,0.55,0.02,0.1067777,0.1225247,0.6304049,121.11
354200,0.55,0.43,0.02,0.06703088,0.05877275,0.7022042,120.72
354300,0.42,0.56,0.02,0.08168186,0.08275169,0.3846022,135.71
354400,0.42,0.54,0.04,0.07711437,0.08809467,0.8598074,138.07
354500,0.4,0.56,0.04,0.06571236,0.06373875,0.9064095,155.18
354600,0.42,0.51,0.07,0.06447355,0.06119706,1.291612,180.82
354700,0.53,0.45,0.02,0.07908335,0.08166439,0.2999998,132.27
354800,0.49,0.49,0.02,0.08694723,0.09077507,0.5274023,144.15
354900,0.47,0.5,0.03,0.0868859,0.09028916,0.5686038,122.08
355000,0.48,0.51,0.01,0.07257522,0.07263338,0.5130022,140.23
355100,0.49,0.51,0,0.1029216,0.116607,0.5651996,118.77
355200,0.45,0.51,0.04,0.1158642,0.1340331,0.9994089,123.55
355300,0.49,0.49,0.02,0.1230192,0.1369252,0.4431996,138.17
355400,0.44,0.56,0,0.07415626,0.07735606,0.2521998,103.25
355500,0.48,0.47,0.05,0.06849947,0.0653834,1.349212,170
355600,0.49,0.46,0.05,0.06950334,0.07090132,1.262012,154.39
355700,0.43,0.53,0.04,0.1068142,0.1110634,0.7826068,136.8
355800,0.4,0.58,0.02,0.08580539,0.08951562,0.5376018,137.24
355900,0.5,0.48,0.02,0.07558447,0.07456338,0.7754036,124.4
356000,0.47,0.48,0.05,0.08630855,0.08766599,0.8156065,134.16
356100,0.46,0.48,0.06,0.08204772,0.0905443,0.8184065,157.47
356200,0.5,0.48,0.02,0.07089578,0.08212974,0.8428044,141.36
356300,0.5,0.45,0.05,0.08953091,0.09451526,0.8704073,139.69
356400,0.49,0.48,0.03,0.0744487,0.08205329,0.8658071,147.87
356500,0.48,0.49,0.03,0.09400818,0.1028406,0.6906043,126.21
356600,0.44,0.54,0.02,0.06867629,0.06713448,0.4928001,130.76
356700,0.43,0.57,0,0.09099481,0.09856506,0.3515997,117.74
356800,0.46,0.53,0.01,0.07901981,0.07787859,0.2935998,105.34
356900,0.39,0.6,0.01,0.07205566,0.07186484,0.2561999,123.73
357000,0.5,0.48,0.02,0.06770235,0.06666843,0.562402,118.58
357100,0.4,0.58,0.02,0.0889264,0.08909316,0.5960045,140.7
357200,0.48,0.51,0.01,0.0763199,0.07614964,0.3769997,122.52
357300,0.48,0.51,0.01,0.07567805,0.07549156,0.6844022,128.42
357400,0.52,0.46,0.02,0.06628247,0.06785648,0.5618018,140.02
357500,0.43,0.55,0.02,0.07923553,0.08374225,0.7270045,152.71
357600,0.45,0.54,0.01,0.06454086,0.061715,0.510402,133.73
357700,0.48,0.51,0.01,0.07256498,0.07157178,0.3727998,120.16
357800,0.45,0.48,0.07,0.07657222,0.08005237,1.092009,158.09
357900,0.33,0.62,0.05,0.07591151,0.08524841,0.6668058,170.73
358000,0.42,0.55,0.03,0.08269429,0.09670538,0.648206,127.94
358100,0.47,0.49,0.04,0.07534835,0.08316519,1.202209,143.9
358200,0.42,0.52,0.06,0.07908133,0.08748872,1.086209,161.63
358300,0.46,0.53,0.01,0.09005389,0.09477561,0.4460018,117.16
358400,0.43,0.52,0.05,0.08875177,0.08924673,0.6282048,175.49
358500,0.41,0.55,0.04,0.07995116,0.07125935,0.7060067,153.95
358600,0.38,0.59,0.03,0.07808732,0.08638059,0.5658033,151.23
358700,0.42,0.57,0.01,0.07687578,0.07980412,0.4730015,113.79
358800,0.47,0.52,0.01,0.08935329,0.08071447,0.5414021,134.29
358900,0.39,0.58,0.03,0.0725145,0.07803601,0.4900043,129.71
359000,0.44,0.49,0.07,0.07227369,0.07072993,1.094211,160.57
359100,0.32,0.66,0.02,0.07424543,0.06374902,0.3826024,149.76
359200,0.51,0.46,0.03,0.07976526,0.08453713,0.9450038,137.57
359300,0.42,0.56,0.02,0.07590665,0.07528923,0.2811998,126.25
359400,0.47,0.53,0,0.0642041,0.06045213,0.3345997,116.51
359500,0.49,0.47,0.04,0.0702611,0.06366307,0.8900073,147.29
359600,0.51,0.46,0.03,0.0758255,0.06940833,0.7558063,133.67
359700,0.37,0.61,0.02,0.07098645,0.06474197,0.6808035,127.84
359800,0.43,0.57,0,0.07672159,0.07997292,0.3467997,115.47
359900,0.42,0.56,0.02,0.08967225,0.1090771,0.4906044,126.47
360000,0.41,0.56,0.03,0.0730351,0.1095254,0.5598037,116.32
360100,0.4,0.57,0.03,0.09491112,0.08951602,0.8378074,140.36
360200,0.53,0.44,0.03,0.07484782,0.08804939,0.8370078,136.13
360300,0.41,0.58,0.01,0.07320631,0.06815054,0.418602,127.39
360400,0.39,0.57,0.04,0.08269559,0.0779831,0.9688089,132.35
360500,0.4,0.56,0.04,0.0784094,0.08115718,0.637804,145.16
360600,0.48,0.5,0.02,0.06910832,0.09698581,0.7186039,118.11
360700,0.48,0.46,0.06,0.09644496,0.1002727,1.128412,148.4
360800,0.53,0.46,0.01,0.07653774,0.08058483,0.5105995,114.45
360900,0.48,0.51,0.01,0.08658037,0.08883058,0.4486019,121.88
361000,0.54,0.45,0.01,0.07355345,0.07876214,0.3663997,125.43
361100,0.47,0.51,0.02,0.06754796,0.0688682,0.7222047,129.59
361200,0.42,0.56,0.02,0.09674931,0.1079153,0.6408043,116.18
361300,0.44,0.54,0.02,0.07994339,0.0858497,0.5072024,121.68
361400,0.38,0.57,0.05,0.06995533,0.07002104,0.7116061,155.37
361500,0.44,0.54,0.02,0.06991773,0.0676544,0.6294042,127.56
361600,0.47,0.51,0.02,0.08662779,0.1007504,0.5884043,117.03
361700,0.47,0.52,0.01,0.07911246,0.08551845,0.3747997,154.87
361800,0.4,0.56,0.04,0.06170436,0.06138178,1.03221,146.76
361900,0.4,0.55,0.05,0.08272699,0.08701789,1.182411,149.55
362000,0.39,0.58,0.03,0.06420877,0.06648176,0.5924048,159.14
362100,0.46,0.53,0.01,0.07590068,0.07556215,0.4600016,114.65
362200,0.4,0.57,0.03,0.07802929,0.08049224,0.6992038,144.49
362300,0.49,0.49,0.02,0.07197142,0.07614429,0.6112044,119.79
362400,0.4,0.58,0.02,0.06624139,0.06743153,0.4144021,141.45
362500,0.5,0.48,0.02,0.08465095,0.08867615,0.5896019,140.45
362600,0.52,0.48,0,0.09419286,0.1140059,0.3237997,108.54
362700,0.47,0.51,0.02,0.08017717,0.09580821,0.7316036,134.57
362800,0.46,0.52,0.02,0.08188358,0.08826593,0.3856014,127.67
362900,0.42,0.57,0.01,0.07195112,0.06435072,0.4392024,156.98
363000,0.47,0.49,0.04,0.0660521,0.06163819,0.9912073,150.07
363100,0.5,0.49,0.01,0.07173975,0.06836637,0.5670022,116.23
363200,0.47,0.5,0.03,0.08967318,0.1116609,0.7792074,130.2
363300,0.45,0.52,0.03,0.07683729,0.09026762,0.6942042,159
363400,0.37,0.61,0.02,0.07672936,0.07914522,0.6546042,115.48
363500,0.45,0.53,0.02,0.08347786,0.0864192,0.1711999,109.18
363600,0.46,0.52,0.02,0.07430607,0.07018576,0.6410046,117.75
363700,0.41,0.57,0.02,0.07126038,0.07446036,0.4048019,131.61
363800,0.47,0.51,0.02,0.06458662,0.06336298,0.5634024,140.94
363900,0.47,0.48,0.05,0.08165122,0.07572255,0.9752073,153.48
364000,0.44,0.55,0.01,0.06974246,0.07207032,0.425802,120.24
364100,0.41,0.59,0,0.08513052,0.09350406,0.2659998,114.85
364200,0.4,0.56,0.04,0.09679715,0.09508283,0.7492074,136.55
364300,0.43,0.54,0.03,0.07681855,0.07452486,0.5952039,126.78
364400,0.48,0.49,0.03,0.0680648,0.06068058,0.7050045,135.5
364500,0.49,0.48,0.03,0.08448249,0.09043638,1.248808,158.57
364600,0.39,0.57,0.04,0.0680877,0.0679343,0.8372067,158.86
364700,0.46,0.5,0.04,0.07614397,0.08035919,1.011009,130.46
364800,0.49,0.48,0.03,0.071566,0.07212098,0.8780057,135.03
364900,0.37,0.62,0.01,0.08164456,0.09977218,0.5084025,132.76
365000,0.47,0.51,0.02,0.06447489,0.05948404,0.6144032,141.16
365100,0.42,0.53,0.05,0.08997857,0.09025475,0.5790042,142.81
365200,0.41,0.57,0.02,0.06799683,0.06134928,0.4562022,123.78
365300,0.44,0.5,0.06,0.07760757,0.08299712,1.155208,169.55
365400,0.55,0.44,0.01,0.07149181,0.07784986,0.6588023,120.95
365500,0.5,0.5,0,0.08620926,0.1045322,0.2281998,97.05
365600,0.45,0.54,0.01,0.08268593,0.07681131,0.6064022,122.67
365700,0.45,0.51,0.04,0.1001561,0.1182219,0.7710039,138.98
365800,0.42,0.57,0.01,0.08673362,0.09353419,0.4336018,113.31
365900,0.44,0.53,0.03,0.06973989,0.07310197,0.6788046,142.32
366000,0.55,0.42,0.03,0.07705297,0.071532,0.7700036,144.31
366100,0.44,0.56,0,0.07560933,0.0744606,0.3559997,109.17
366200,0.5,0.48,0.02,0.08660929,0.09584261,0.6474041,124.24
366300,0.42,0.55,0.03,0.07494415,0.07507377,0.8160071,132.04
366400,0.52,0.42,0.06,0.07501611,0.08903601,1.315211,177.56
366500,0.43,0.54,0.03,0.07246578,0.07694913,0.5850041,145.51
366600,0.43,0.54,0.03,0.07712737,0.07876418,0.6724047,131.8
366700,0.53,0.42,0.05,0.06414641,0.06455337,1.042809,158.94
366800,0.54,0.46,0,0.06724772,0.06512582,0.3451997,96.18
366900,0.41,0.53,0.06,0.08861539,0.08116899,1.171612,160.94
367000,0.5,0.49,0.01,0.06731997,0.06529383,0.5634024,112.28
367100,0.44,0.56,0,0.08470991,0.08646824,0.1781999,115.54
367200,0.45,0.52,0.03,0.08750599,0.09025747,0.8214062,151.46
367300,0.43,0.53,0.04,0.06984054,0.06739391,0.8192062,148.71
367400,0.42,0.55,0.03,0.08252371,0.08312284,0.8742071,138.7
367500,0.44,0.54,0.02,0.07337378,0.06769997,0.4420014,116.06
367600,0.46,0.51,0.03,0.07409771,0.09685788,0.6836044,133.68
367700,0.47,0.51,0.02,0.07786869,0.08347794,0.5042024,119.54
367800,0.53,0.47,0,0.07445221,0.06782342,0.3525997,102.1
367900,0.42,0.58,0,0.07029028,0.06146243,0.2475998,141.19
368000,0.43,0.55,0.02,0.09026759,0.09834561,0.6380046,139.35
368100,0.38,0.59,0.03,0.07760432,0.08017309,0.6508046,159.61
368200,0.4,0.56,0.04,0.06870145,0.06773476,0.9626083,149.28
368300,0.48,0.49,0.03,0.08749543,0.1053594,0.9086072,151.12
368400,0.41,0.57,0.02,0.08059235,0.07699165,0.5406023,127.11
368500,0.42,0.55,0.03,0.07336604,0.07107603,0.6482041,132.23
368600,0.39,0.59,0.02,0.08422084,0.08413971,0.5050021,132.26
368700,0.41,0.59,0,0.1126672,0.1383511,0.2127998,119.96
368800,0.52,0.43,0.05,0.08120153,0.07948642,0.9174059,160.32
368900,0.51,0.45,0.04,0.08489598,0.08736083,0.8424063,136.31
369000,0.47,0.53,0,0.07038204,0.06505856,0.3663997,99.56
369100,0.45,0.5,0.05,0.07294443,0.06853625,0.9614081,173.78
369200,0.45,0.53,0.02,0.06554794,0.06053351,0.7136042,127.67
369300,0.48,0.51,0.01,0.07402724,0.07386073,0.4918023,114.58
369400,0.38,0.6,0.02,0.07123298,0.0642502,0.3654021,144.73
369500,0.41,0.56,0.03,0.09392299,0.1053206,0.7456043,127.89
369600,0.5,0.44,0.06,0.07003903,0.0854234,1.152811,154.56
369700,0.41,0.58,0.01,0.1350363,0.1684626,0.3926025,96.07
369800,0.46,0.52,0.02,0.07664651,0.08837859,0.5008019,139.68
369900,0.45,0.54,0.01,0.06916489,0.06849194,0.426602,112.02
370000,0.53,0.44,0.03,0.07521199,0.0748677,1.078407,145.68
370100,0.42,0.53,0.05,0.07543903,0.08257761,1.114009,167.08
370200,0.5,0.45,0.05,0.07577425,0.07010578,1.045008,131.93
370300,0.44,0.54,0.02,0.06325558,0.06079335,0.4130012,133.89
370400,0.42,0.54,0.04,0.06881484,0.07929312,0.9806094,154.56
370500,0.42,0.53,0.05,0.07440846,0.07794917,1.066009,155.15
370600,0.51,0.45,0.04,0.07435539,0.07473334,0.8396075,152.72
370700,0.4,0.59,0.01,0.07607307,0.07786221,0.5322025,128.49
370800,0.44,0.54,0.02,0.07333228,0.07351973,0.7280041,138.01
370900,0.47,0.52,0.01,0.08540188,0.08531862,0.5142024,113.5
371000,0.4,0.56,0.04,0.07512288,0.07217214,1.071209,150.52
371100,0.46,0.51,0.03,0.07955723,0.07901951,0.5896019,150.45
371200,0.34,0.61,0.05,0.08996043,0.08681257,1.289412,161.9
371300,0.45,0.53,0.02,0.06363343,0.06177789,0.8026041,146.61
371400,0.36,0.63,0.01,0.07250143,0.06956694,0.385802,120.56
371500,0.49,0.5,0.01,0.06604291,0.05964126,0.4660015,138.35
371600,0.45,0.53,0.02,0.07126267,0.07044385,0.5490018,113.59
371700,0.43,0.55,0.02,0.09660361,0.1008074,0.3902024,127.76
371800,0.47,0.51,0.02,0.07001625,0.06433216,0.5538042,130.4
371900,0.37,0.6,0.03,0.08044335,0.09158622,0.8756069,133.63
372000,0.43,0.55,0.02,0.06868257,0.05857396,0.4776024,147.29
372100,0.53,0.47,0,0.07637365,0.07930145,0.2543998,120.46
372200,0.43,0.54,0.03,0.07952736,0.0758491,0.7624043,134.97
372300,0.47,0.49,0.04,0.0696514,0.07545497,0.8110063,147.47
372400,0.44,0.53,0.03,0.09169649,0.09216742,0.6630056,125.52
372500,0.5,0.47,0.03,0.07755727,0.09005842,0.941406,144.67
372600,0.46,0.51,0.03,0.07475025,0.06974404,0.8082047,141.76
372700,0.44,0.55,0.01,0.09218141,0.09121531,0.2609998,103.74
372800,0.49,0.49,0.02,0.06791802,0.06578037,0.4476007,150.05
372900,0.47,0.53,0,0.08384415,0.1052248,0.2125998,110.49
373000,0.37,0.61,0.02,0.06830537,0.06463089,0.5070017,156.08
373100,0.45,0.53,0.02,0.075964,0.07428269,0.5034023,135.73
373200,0.4,0.58,0.02,0.06925224,0.06830161,0.6852044,117.85
373300,0.47,0.48,0.05,0.08199743,0.08157083,0.926606,164.26
373400,0.53,0.45,0.02,0.07916185,0.07366613,0.8522042,125.84
373500,0.42,0.53,0.05,0.07744575,0.08710642,0.9124084,157.74
373600,0.38,0.61,0.01,0.07380882,0.08283412,0.2073998,118.51
373700,0.46,0.52,0.02,0.06499661,0.06352575,0.4582016,145.87
373800,0.42,0.55,0.03,0.07171902,0.0628816,0.8464058,134.18
373900,0.42,0.57,0.01,0.09760527,0.1015723,0.4206016,113.09
374000,0.37,0.62,0.01,0.06792231,0.06366879,0.4211999,136.47
374100,0.52,0.47,0.01,0.06254821,0.06340828,0.2819998,116.55
374200,0.56,0.41,0.03,0.08879488,0.09004284,0.8022057,121.16
374300,0.46,0.51,0.03,0.08616224,0.1018353,0.8626072,141.37
374400,0.37,0.54,0.09,0.06478595,0.06216877,1.743417,199.33
374500,0.44,0.55,0.01,0.07545044,0.08819576,0.1809999,109.77
374600,0.45,0.52,0.03,0.08875649,0.09379032,0.6874046,148.43
374700,0.42,0.54,0.04,0.07474519,0.07993705,0.9532086,159.93
374800,0.39,0.59,0.02,0.07183003,0.06988922,0.3037998,141.84
374900,0.45,0.52,0.03,0.07852612,0.07416625,1.013607,152.01
375000,0.41,0.55,0.04,0.08190575,0.08994137,0.9814066,143.71
375100,0.43,0.56,0.01,0.07845774,0.07407282,0.1915998,113.71
375200,0.45,0.54,0.01,0.07319853,0.0755217,0.4582017,115.55
375300,0.42,0.54,0.04,0.07722665,0.08161384,0.7898071,152.69
375400,0.43,0.56,0.01,0.1002372,0.09134345,0.4294019,113.58
375500,0.42,0.54,0.04,0.07172094,0.06775154,0.6946065,144.86
375600,0.39,0.57,0.04,0.1061899,0.1123737,0.7496063,136.47
375700,0.47,0.52,0.01,0.07523654,0.08638868,0.5772021,144.34
375800,0.36,0.62,0.02,0.0694737,0.06691764,0.3888021,135.18
375900,0.44,0.51,0.05,0.09165781,0.09317116,0.8184072,179.16
376000,0.43,0.56,0.01,0.07970494,0.08645917,0.3009998,116.11
376100,0.44,0.53,0.03,0.08484915,0.08263183,0.8204038,154.08
376200,0.39,0.6,0.01,0.07176199,0.07767232,0.7156022,135.49
376300,0.47,0.49,0.04,0.07574595,0.06987394,0.8438075,146.76
376400,0.52,0.45,0.03,0.07034146,0.07065678,0.6760049,135.39
376500,0.46,0.49,0.05,0.08038768,0.1072014,1.012209,151.29
376600,0.39,0.61,0,0.07128284,0.06853601,0.1803999,105.14
376700,0.43,0.56,0.01,0.07673568,0.07887082,0.3941997,130.2
376800,0.36,0.63,0.01,0.07566825,0.07295954,0.4258023,120.43
376900,0.43,0.52,0.05,0.07222073,0.07457231,0.9656089,157.98
377000,0.52,0.45,0.03,0.06833105,0.06113984,0.5624012,159.22
377100,0.56,0.43,0.01,0.09230641,0.115703,0.4315997,102.42
377200,0.42,0.56,0.02,0.06800747,0.06993082,0.566604,142.33
377300,0.48,0.51,0.01,0.07425632,0.07514556,0.5390022,110.91
377400,0.44,0.52,0.04,0.09488477,0.1338814,0.9028072,134.86
377500,0.41,0.52,0.07,0.07104488,0.07534213,0.9782096,173.12
377600,0.43,0.55,0.02,0.08776651,0.08095837,0.6760051,123.56
377700,0.44,0.56,0,0.07030401,0.06430405,0.3659997,111.38
377800,0.47,0.45,0.08,0.06955255,0.08758835,1.413611,192.72
377900,0.42,0.57,0.01,0.08522194,0.09338997,0.1323999,111.03
378000,0.42,0.57,0.01,0.08203819,0.08824296,0.1259999,113.51
378100,0.44,0.55,0.01,0.07367907,0.07049587,0.3601997,119.98
378200,0.4,0.55,0.05,0.06850855,0.07698512,0.9610085,158.57
378300,0.44,0.54,0.02,0.07658024,0.0763478,0.5892041,128.98
378400,0.42,0.53,0.05,0.08076132,0.08391766,1.03801,130.8
378500,0.46,0.54,0,0.09046993,0.09444449,0.3437997,107.36
378600,0.38,0.56,0.06,0.06363517,0.06797038,1.036409,160.01
378700,0.4,0.58,0.02,0.07420074,0.07773843,0.3861997,125.46
378800,0.45,0.55,0,0.1127088,0.1211226,0.2121998,88.11
378900,0.51,0.47,0.02,0.08946338,0.08007281,0.8258049,98.76
379000,0.39,0.59,0.02,0.08525861,0.09822836,0.4488023,110.65
379100,0.54,0.41,0.05,0.06725435,0.06811437,1.472811,170.9
379200,0.49,0.49,0.02,0.08367497,0.08184473,0.3820002,125.72
379300,0.54,0.43,0.03,0.06999602,0.08915759,0.982007,141.31
379400,0.46,0.52,0.02,0.07687601,0.07584959,0.7068021,119.47
379500,0.45,0.52,0.03,0.07015545,0.08304719,0.6872046,156.84
379600,0.44,0.52,0.04,0.06184902,0.06086358,1.158208,159.98
379700,0.39,0.6,0.01,0.07891646,0.08264364,0.3950022,109.74
379800,0.47,0.52,0.01,0.07840156,0.08534151,0.4012024,101.67
379900,0.46,0.53,0.01,0.08301731,0.08031219,0.4118025,130.03
380000,0.53,0.45,0.02,0.08233827,0.08737902,0.5770019,117.96
380100,0.53,0.44,0.03,0.100893,0.1045545,0.7112049,143.81
380200,0.44,0.55,0.01,0.06458491,0.06492803,0.5646027,122.12
380300,0.43,0.56,0.01,0.07257245,0.08245438,0.4292023,131.65
380400,0.34,0.64,0.02,0.07271989,0.06623946,0.6836045,142.6
380500,0.35,0.61,0.04,0.06903918,0.08088391,0.5682043,146.11
380600,0.45,0.54,0.01,0.07664019,0.09450204,0.5600023,104.25
380700,0.45,0.54,0.01,0.07457883,0.07003441,0.4394025,108.29
380800,0.53,0.46,0.01,0.08238315,0.08738879,0.5846024,119.71
380900,0.42,0.58,0,0.0987724,0.09817301,0.2993998,97.12
381000,0.44,0.54,0.02,0.06878304,0.07449707,0.3409997,134.96
381100,0.49,0.49,0.02,0.06543947,0.06403384,0.684004,117.51
381200,0.47,0.5,0.03,0.1077356,0.1163862,0.8554043,160.65
381300,0.52,0.46,0.02,0.07221314,0.0772472,0.920005,134.05
381400,0.5,0.48,0.02,0.08338779,0.07933897,0.6654042,127.41
381500,0.49,0.45,0.06,0.08358379,0.08535719,1.028608,173.37
381600,0.43,0.56,0.01,0.07444644,0.08391289,0.3798023,123.89
381700,0.45,0.51,0.04,0.07396954,0.07540968,0.7250044,134.09
381800,0.42,0.54,0.04,0.0818615,0.08590082,0.8628091,119.89
381900,0.42,0.54,0.04,0.08819792,0.09892189,0.7322069,151.32
382000,0.36,0.62,0.02,0.07480722,0.08156922,0.2874023,126.52
382100,0.45,0.51,0.04,0.08387493,0.09373702,1.034007,132.88
382200,0.46,0.51,0.03,0.08237594,0.08277487,0.925006,142.67
382300,0.4,0.58,0.02,0.07681848,0.07515462,0.6712041,137.93
382400,0.45,0.53,0.02,0.06679247,0.0783918,0.480602,138.63
382500,0.34,0.63,0.03,0.07409905,0.07789498,0.5258046,135.14
382600,0.43,0.54,0.03,0.06792317,0.0784631,0.6936046,136.48
382700,0.43,0.54,0.03,0.07027519,0.06827024,0.5412018,144.19
382800,0.45,0.54,0.01,0.07282059,0.07088564,0.6066019,141.79
382900,0.41,0.52,0.07,0.09489454,0.0923668,1.370813,173.13
383000,0.49,0.49,0.02,0.07159933,0.07022011,0.5488021,144.22
383100,0.42,0.55,0.03,0.0718286,0.06801386,0.824607,127.61
383200,0.48,0.47,0.05,0.06903385,0.06603871,1.284611,164.37
383300,0.47,0.51,0.02,0.06848635,0.06650253,0.7266034,140.39
383400,0.37,0.58,0.05,0.05918507,0.0566184,0.7306051,167.09
383500,0.52,0.46,0.02,0.08059666,0.07302091,0.6928046,126.66
383600,0.49,0.49,0.02,0.08243728,0.0862501,0.7550051,127.83
383700,0.48,0.5,0.02,0.07308108,0.0932369,0.6222045,117.2
383800,0.41,0.58,0.01,0.06864911,0.06495816,0.4834022,127.76
383900,0.5,0.49,0.01,0.0779803,0.07312725,0.2485998,115.95
384000,0.51,0.46,0.03,0.06706432,0.06305256,0.798404,132.08
384100,0.47,0.48,0.05,0.07812829,0.07562038,1.108609,154.51
384200,0.39,0.57,0.04,0.07501995,0.07712777,0.7102043,137.08
384300,0.48,0.48,0.04,0.06896432,0.06350005,0.5414019,143.59
384400,0.41,0.54,0.05,0.06366625,0.06482901,0.7610042,166.33
384500,0.4,0.59,0.01,0.09080039,0.093602,0.6266021,125.5
384600,0.45,0.52,0.03,0.06867551,0.06671918,0.617402,144.37
384700,0.45,0.53,0.02,0.06759512,0.06811502,0.4380019,136.16
384800,0.49,0.47,0.04,0.07122412,0.06756538,0.4128013,146.41
384900,0.43,0.57,0,0.06985322,0.06702641,0.3297997,115.24
385000,0.42,0.55,0.03,0.0814161,0.08307049,0.6370044,137.97
385100,0.45,0.51,0.04,0.0698833,0.07413903,1.037207,161.12
385200,0.36,0.59,0.05,0.06367844,0.06312463,1.161211,177.52
385300,0.45,0.53,0.02,0.06396636,0.06337049,0.4204012,132.33
385400,0.45,0.53,0.02,0.1097956,0.1250144,0.2539998,112.8
385500,0.39,0.6,0.01,0.07267738,0.07658066,0.373202,113.75
385600,0.47,0.46,0.07,0.08244297,0.08277459,1.469616,164.51
385700,0.44,0.54,0.02,0.06152778,0.0640172,0.4638024,129.42
385800,0.43,0.55,0.02,0.07787928,0.08021346,0.5078024,118.18
385900,0.44,0.54,0.02,0.07097412,0.08107664,0.377802,141.07
386000,0.47,0.52,0.01,0.07224312,0.07536511,0.5184005,122.55
386100,0.41,0.58,0.01,0.09038622,0.1037745,0.386801,127.67
386200,0.5,0.45,0.05,0.07203574,0.06849804,1.327012,168.37
386300,0.35,0.64,0.01,0.08087204,0.07297302,0.1981998,124.22
386400,0.45,0.52,0.03,0.08426161,0.08836071,0.5256019,135.77
386500,0.49,0.49,0.02,0.07123154,0.06266126,0.7798039,165.49
386600,0.36,0.62,0.02,0.07546529,0.072501,0.6034018,143.11
386700,0.43,0.55,0.02,0.07190619,0.06816752,0.5894048,128.47
386800,0.48,0.5,0.02,0.09696813,0.1089515,0.6442032,151.74
386900,0.43,0.55,0.02,0.07363392,0.08008299,0.4768015,128.85
387000,0.44,0.53,0.03,0.06176409,0.05628156,0.5346023,162.04
387100,0.48,0.5,0.02,0.09880107,0.1178534,0.6558047,101.44
387200,0.35,0.6,0.05,0.08292177,0.08381305,1.06281,158.65
387300,0.45,0.53,0.02,0.07186747,0.06995866,0.3365997,160.08
387400,0.42,0.58,0,0.06721103,0.06272688,0.3795997,123.43
387500,0.35,0.63,0.02,0.09896776,0.1127689,0.7436047,133.74
387600,0.47,0.49,0.04,0.08164854,0.07808699,0.5448021,152.72
387700,0.4,0.55,0.05,0.08027874,0.09615328,0.9028075,170.38
387800,0.45,0.54,0.01,0.07086162,0.06536882,0.4344023,112.89
387900,0.41,0.55,0.04,0.0854954,0.1051326,0.7994065,155.63
388000,0.48,0.49,0.03,0.06508996,0.07899266,0.8734062,149.09
388100,0.48,0.51,0.01,0.07547073,0.07064026,0.5062019,131
388200,0.43,0.55,0.02,0.06607486,0.06445803,0.5586023,128.72
388300,0.48,0.51,0.01,0.08276961,0.07503031,0.5067996,118.91
388400,0.44,0.51,0.05,0.0925478,0.08491103,0.4350022,168.63
388500,0.45,0.53,0.02,0.07606262,0.08643403,0.5866036,133.02
388600,0.44,0.54,0.02,0.07580821,0.07278896,0.3958023,133.09
388700,0.35,0.64,0.01,0.07098191,0.06411672,0.4440014,121.58
388800,0.42,0.54,0.04,0.07834885,0.07680851,0.3756009,131.58
388900,0.39,0.58,0.03,0.08571687,0.08693582,0.959807,143.57
389000,0.5,0.48,0.02,0.06695865,0.06517402,0.426402,132.46
389100,0.44,0.55,0.01,0.08609321,0.08490263,0.4862021,120.1
389200,0.48,0.49,0.03,0.08576278,0.08137373,0.7774063,138.43
389300,0.41,0.57,0.02,0.06266616,0.06133983,0.7142047,134.17
389400,0.38,0.59,0.03,0.08161859,0.08415856,0.3166025,142.06
389500,0.39,0.57,0.04,0.08447188,0.08021171,0.6690042,150.11
389600,0.5,0.44,0.06,0.08676917,0.08184223,0.5910045,169.34
389700,0.52,0.46,0.02,0.09738569,0.1140272,0.5506042,138.42
389800,0.45,0.52,0.03,0.07675933,0.07958881,0.3704025,121.03
389900,0.44,0.54,0.02,0.07991145,0.08001163,0.5500019,126.27
390000,0.46,0.52,0.02,0.07905993,0.07681671,0.4624019,117.53
390100,0.37,0.62,0.01,0.06616155,0.06072929,0.5592018,135.45
390200,0.46,0.51,0.03,0.06689963,0.0609028,0.6800044,150.24
390300,0.49,0.49,0.02,0.08833351,0.1126236,0.6974041,127.15
390400,0.39,0.61,0,0.07780368,0.08868528,0.2679998,116.47
390500,0.44,0.55,0.01,0.07443053,0.0714846,0.4674,134.54
390600,0.42,0.54,0.04,0.06839981,0.08448698,0.412002,167.82
390700,0.46,0.51,0.03,0.08846079,0.08603475,0.8018061,123.83
390800,0.44,0.54,0.02,0.06190293,0.05903795,0.4670022,135.24
390900,0.49,0.5,0.01,0.07111277,0.07384188,0.5592023,127.06
391000,0.33,0.66,0.01,0.07402396,0.08601193,0.4832021,120.1
391100,0.41,0.55,0.04,0.07840818,0.08093441,0.7982041,137.95
391200,0.45,0.51,0.04,0.0739615,0.07144703,0.7192063,143.71
391300,0.48,0.5,0.02,0.07399664,0.07036459,0.6978045,118.06
391400,0.34,0.62,0.04,0.07696585,0.07943609,0.7148067,144.63
391500,0.43,0.55,0.02,0.08647767,0.0918218,0.3524024,124.55
391600,0.46,0.48,0.06,0.07074861,0.06981687,1.325411,174.57
391700,0.46,0.52,0.02,0.08194973,0.07721193,0.4320025,120.56
391800,0.42,0.53,0.05,0.07837329,0.08335018,1.100009,148.96
391900,0.5,0.46,0.04,0.07741716,0.07315463,0.7726067,134.37
392000,0.47,0.52,0.01,0.07154353,0.07450823,0.3958017,114.01
392100,0.42,0.57,0.01,0.08216405,0.08663398,0.4776021,117.99
392200,0.47,0.51,0.02,0.07697418,0.07470604,0.6592042,140.8
392300,0.39,0.56,0.05,0.0784122,0.08123589,0.8936072,156.43
392400,0.46,0.53,0.01,0.08258234,0.07738882,0.4162022,112.26
392500,0.39,0.59,0.02,0.070577,0.06634234,0.458804,140.6
392600,0.44,0.54,0.02,0.07511234,0.06784426,0.7664041,145.71
392700,0.51,0.46,0.03,0.07338503,0.0676479,0.6454046,137
392800,0.51,0.47,0.02,0.07805514,0.1115114,0.8868044,129.03
392900,0.44,0.56,0,0.07526955,0.06902917,0.2051998,114.14
393000,0.46,0.51,0.03,0.07520917,0.07515735,0.8268065,140.88
393100,0.38,0.61,0.01,0.06525278,0.06440102,0.2824015,133.64
393200,0.49,0.5,0.01,0.08334158,0.08734956,0.4344018,112.77
393300,0.4,0.57,0.03,0.1015634,0.1274104,0.6552057,131.75
393400,0.38,0.6,0.02,0.07337502,0.08610307,0.5302019,121.03
393500,0.35,0.63,0.02,0.0890423,0.08411744,0.3818021,143.72
393600,0.41,0.56,0.03,0.09761927,0.105998,0.4468015,124.86
393700,0.44,0.55,0.01,0.0948724,0.09619251,0.3782023,110.76
393800,0.4,0.57,0.03,0.0693213,0.06818046,0.9754072,162.17
393900,0.51,0.44,0.05,0.06722789,0.06178833,1.074008,174.17
394000,0.56,0.44,0,0.07974187,0.1008279,0.4867996,125.45
394100,0.49,0.46,0.05,0.08561005,0.09200174,1.124811,156.74
394200,0.48,0.48,0.04,0.07294829,0.07670227,1.045209,140.01
394300,0.42,0.57,0.01,0.08192728,0.09611023,0.6226014,123.95
394400,0.43,0.53,0.04,0.07866068,0.07864752,0.6842055,124.5
394500,0.51,0.45,0.04,0.07721744,0.0762433,0.7502052,144.41
394600,0.45,0.54,0.01,0.08065844,0.08921781,0.571802,127.31
394700,0.38,0.58,0.04,0.07921818,0.09224012,0.932009,146.53
394800,0.42,0.58,0,0.07115815,0.06939347,0.1977998,108.17
394900,0.53,0.45,0.02,0.0698922,0.07727978,0.6124043,114.23
395000,0.5,0.5,0,0.06846239,0.06782367,0.3491997,114.7
395100,0.55,0.4,0.05,0.07933471,0.09057603,1.238811,134.54
395200,0.45,0.53,0.02,0.06787286,0.0664021,0.670803,143.02
395300,0.45,0.51,0.04,0.07555891,0.07402474,0.6620034,152.75
395400,0.43,0.55,0.02,0.07962105,0.07737846,0.380201,123.27
395500,0.55,0.44,0.01,0.07334807,0.07827432,0.5310025,127.17
395600,0.5,0.49,0.01,0.07773469,0.1117697,0.2701998,102.69
395700,0.51,0.48,0.01,0.0780289,0.08605016,0.5594023,117.6
395800,0.46,0.53,0.01,0.08175182,0.08156144,0.5028023,110.26
395900,0.49,0.5,0.01,0.07371544,0.08118106,0.4014023,121.34
396000,0.48,0.5,0.02,0.06284384,0.05972286,0.5856043,139.87
396100,0.42,0.56,0.02,0.08168996,0.09389265,0.5836024,150.37
396200,0.4,0.57,0.03,0.08047604,0.0799045,0.6816065,143.78
396300,0.46,0.52,0.02,0.09109832,0.07966883,0.426402,138.19
396400,0.42,0.54,0.04,0.0657495,0.058967,0.8618071,146.62
396500,0.4,0.54,0.06,0.07982939,0.09826554,1.178412,170.12
396600,0.43,0.54,0.03,0.06493061,0.0630464,0.7838057,141.92
396700,0.46,0.52,0.02,0.09132317,0.08649334,0.4622021,119.32
396800,0.47,0.52,0.01,0.08300835,0.08279035,0.4542021,138.11
396900,0.43,0.55,0.02,0.101911,0.12443,0.5924029,131.03
397000,0.41,0.56,0.03,0.06904631,0.06563994,0.7724072,130.02
397100,0.43,0.55,0.02,0.06901924,0.08070736,0.6426048,133.96
397200,0.4,0.58,0.02,0.1199978,0.1467355,0.587604,109.63
397300,0.45,0.52,0.03,0.07674251,0.07962658,0.5276035,128.39
397400,0.4,0.58,0.02,0.09050167,0.08665595,0.6930044,135.44
397500,0.45,0.5,0.05,0.07445172,0.0820014,0.9214066,141.32
397600,0.45,0.5,0.05,0.1080242,0.1033551,0.8252069,150.17
397700,0.46,0.53,0.01,0.07595589,0.0767756,0.5238018,113.48
397800,0.37,0.6,0.03,0.08155612,0.08019857,0.6784049,135.55
397900,0.45,0.52,0.03,0.06333998,0.06551347,0.6594028,137.85
398000,0.37,0.62,0.01,0.06546362,0.06781185,0.3278015,138.13
398100,0.43,0.55,0.02,0.07075225,0.07004867,0.4354021,118.78
398200,0.49,0.5,0.01,0.08166936,0.09653762,0.5182021,125.84
398300,0.51,0.46,0.03,0.08992941,0.08711641,0.6718023,137.9
398400,0.39,0.59,0.02,0.06476852,0.06248878,0.4364021,121.62
398500,0.4,0.6,0,0.07316907,0.07216332,0.2813998,114.92
398600,0.42,0.57,0.01,0.08114082,0.08126714,0.5008024,144.83
398700,0.48,0.5,0.02,0.07363472,0.06547754,0.6728047,121.2
398800,0.41,0.56,0.03,0.06810108,0.0718877,0.7508067,141.33
398900,0.44,0.54,0.02,0.08334355,0.08923269,0.6632047,120.84
399000,0.47,0.5,0.03,0.07017638,0.06939998,0.6322046,140.55
399100,0.36,0.64,0,0.09259871,0.1027696,0.2517998,107.15
399200,0.38,0.6,0.02,0.08248109,0.08961344,0.439602,128.03
399300,0.41,0.59,0,0.0831678,0.07580259,0.3991997,113.03
399400,0.41,0.56,0.03,0.07250772,0.06561457,0.8510062,144.41
399500,0.47,0.5,0.03,0.08236149,0.08068974,0.8796058,132.84
399600,0.52,0.46,0.02,0.08231445,0.09618137,0.7962042,131.46
399700,0.37,0.61,0.02,0.06823602,0.05820918,0.6104049,122.34
399800,0.3,0.69,0.01,0.07250858,0.06089612,0.2871998,137.62
399900,0.47,0.51,0.02,0.06986222,0.0709894,0.6888046,123.55
400000,0.47,0.5,0.03,0.08716295,0.0805649,0.4578016,144.26
400100,0.43,0.55,0.02,0.09377503,0.09470388,0.6434044,117.11
400200,0.44,0.51,0.05,0.07472974,0.07264363,1.200211,161.44
400300,0.45,0.54,0.01,0.07497137,0.06725559,0.6198017,118.93
400400,0.52,0.46,0.02,0.07050987,0.0687326,0.5342021,131.24
400500,0.49,0.49,0.02,0.07918923,0.09080154,0.4546014,119.44
400600,0.46,0.5,0.04,0.07428422,0.06951352,0.8402064,153.39
400700,0.49,0.47,0.04,0.0749461,0.09911296,1.209409,149.48
400800,0.57,0.4,0.03,0.07102256,0.07276788,0.6914045,138.03
400900,0.4,0.58,0.02,0.08068313,0.09082964,0.2511998,129.32
401000,0.41,0.57,0.02,0.08660017,0.1039286,0.5394041,132.28
401100,0.49,0.5,0.01,0.07796457,0.08427947,0.490402,112.35
401200,0.57,0.41,0.02,0.06525946,0.06722589,0.4476025,126.26
401300,0.38,0.58,0.04,0.07692012,0.08863555,0.8968083,171.11
401400,0.44,0.54,0.02,0.07400765,0.06355578,0.6926047,137.64
401500,0.39,0.61,0,0.08210713,0.08268517,0.2785998,113.67
401600,0.5,0.49,0.01,0.07146032,0.06544232,0.6916019,124.38
401700,0.36,0.61,0.03,0.08317777,0.09741556,0.4776022,139.89
401800,0.49,0.5,0.01,0.06719632,0.0655342,0.4767996,117.21
401900,0.48,0.47,0.05,0.0746192,0.08638633,1.058807,158.94
402000,0.44,0.53,0.03,0.06342024,0.06616496,0.4698009,140.88
402100,0.46,0.53,0.01,0.0884876,0.08906852,0.2939997,117.74
402200,0.39,0.57,0.04,0.07608321,0.07441414,0.8434062,157.56
402300,0.47,0.49,0.04,0.07669625,0.08162251,1.020409,129.38
402400,0.35,0.6,0.05,0.06864098,0.05648562,0.7852069,154.69
402500,0.34,0.64,0.02,0.06411722,0.06358051,0.6188048,115.48
402600,0.48,0.49,0.03,0.06955429,0.06603415,0.9538062,141.03
402700,0.42,0.54,0.04,0.06870371,0.06569973,0.8498068,153.54
402800,0.52,0.47,0.01,0.07961257,0.0730913,0.5808015,116
402900,0.5,0.48,0.02,0.07445478,0.07796261,0.6436043,113.93
403000,0.42,0.57,0.01,0.07661813,0.07572458,0.1991999,111.27
403100,0.41,0.55,0.04,0.06745341,0.06616563,1.11801,150.71
403200,0.33,0.65,0.02,0.07002704,0.06851769,0.5182024,145.78
403300,0.41,0.58,0.01,0.08609514,0.09288511,0.3401997,121.38
403400,0.41,0.56,0.03,0.09361499,0.1284653,0.7256069,130.37
403500,0.43,0.56,0.01,0.09076282,0.1143861,0.7240014,133.47
403600,0.43,0.56,0.01,0.1027451,0.1130644,0.3161998,117.89
403700,0.41,0.57,0.02,0.0828884,0.08237991,0.6210042,114.71
403800,0.43,0.55,0.02,0.088428,0.07637337,0.475203,139.46
403900,0.46,0.5,0.04,0.06236918,0.05497259,0.8682072,146.54
404000,0.44,0.55,0.01,0.0729377,0.08211272,0.5504019,133.71
404100,0.4,0.6,0,0.07971306,0.08453154,0.1705999,99.05
404200,0.41,0.59,0,0.07492412,0.07567665,0.2765998,102.34
404300,0.44,0.56,0,0.08879665,0.1242581,0.3027998,106.26
404400,0.41,0.59,0,0.05971277,0.05677822,0.2931998,120.96
404500,0.51,0.46,0.03,0.08072501,0.08673303,0.8532058,138.92
404600,0.52,0.47,0.01,0.0810462,0.08845104,0.3043998,117.13
404700,0.45,0.53,0.02,0.07680018,0.08111534,0.6988032,129.49
404800,0.4,0.58,0.02,0.07284889,0.07421736,0.6394045,133.03
404900,0.5,0.47,0.03,0.07026333,0.07038548,0.7700046,121.54
405000,0.49,0.5,0.01,0.07292848,0.06830061,0.5492021,115.78
405100,0.41,0.56,0.03,0.06371329,0.05733746,0.7612052,141.16
405200,0.47,0.5,0.03,0.08219014,0.1084249,0.985006,138.2
405300,0.38,0.6,0.02,0.08204384,0.08852334,0.7480044,139.84
405400,0.46,0.52,0.02,0.08024114,0.07417422,0.4374024,126.88
405500,0.41,0.56,0.03,0.07004875,0.06626114,0.7220042,137.61
405600,0.43,0.54,0.03,0.08151449,0.08931471,0.7978063,141.38
405700,0.46,0.51,0.03,0.0739366,0.07669009,0.5984048,140.19
405800,0.36,0.63,0.01,0.08554938,0.102445,0.2111998,126.01
405900,0.33,0.66,0.01,0.07183661,0.06640767,0.2291998,127.61
406000,0.45,0.52,0.03,0.08091185,0.09492734,0.5282024,135.75
406100,0.49,0.49,0.02,0.08194164,0.08107317,0.2789998,157.88
406200,0.52,0.48,0,0.08591652,0.09407983,0.3267997,99.18
406300,0.45,0.54,0.01,0.07355928,0.07080661,0.4836021,125.86
406400,0.43,0.53,0.04,0.06431591,0.05992155,0.6466013,142.36
406500,0.5,0.49,0.01,0.07795181,0.07240023,0.5678024,125.03
406600,0.42,0.56,0.02,0.07310756,0.06461253,0.5778047,126.3
406700,0.32,0.66,0.02,0.08017912,0.07879227,0.4832035,126.79
406800,0.51,0.44,0.05,0.07975806,0.08052538,1.050608,153.44
406900,0.49,0.48,0.03,0.110779,0.1158531,0.647004,130.03
407000,0.43,0.54,0.03,0.08669963,0.09762102,0.8896038,185.68
407100,0.55,0.44,0.01,0.07156517,0.07185648,0.511601,133.27
407200,0.52,0.44,0.04,0.07846367,0.08278335,0.6506034,159.04
407300,0.45,0.53,0.02,0.07986082,0.09081535,0.6410049,127
407400,0.42,0.58,0,0.09562853,0.121737,0.1553999,99.91
407500,0.44,0.56,0,0.06626327,0.06479476,0.3177997,119.02
407600,0.56,0.4,0.04,0.08172029,0.08342031,0.8790057,144.07
407700,0.5,0.48,0.02,0.1002858,0.1008675,0.4027996,108.65
407800,0.48,0.51,0.01,0.06474873,0.06294904,0.4666022,115.28
407900,0.41,0.56,0.03,0.06904278,0.06667143,0.7768064,137.13
408000,0.42,0.52,0.06,0.06947143,0.06404051,1.364413,158.86
408100,0.48,0.5,0.02,0.07229993,0.0716582,0.7710037,128.32
408200,0.39,0.58,0.03,0.07325951,0.08135515,0.2263998,128.45
408300,0.42,0.58,0,0.08553921,0.08887264,0.3423997,108.72
408400,0.5,0.48,0.02,0.07838722,0.08120908,0.482202,120.84
408500,0.43,0.54,0.03,0.06868079,0.06272854,0.7798065,132.66
408600,0.51,0.48,0.01,0.07915646,0.07662766,0.5220024,101.25
408700,0.49,0.49,0.02,0.06626001,0.06991332,0.4446018,111.54
408800,0.44,0.52,0.04,0.07130835,0.06783292,0.8114059,149.13
408900,0.51,0.48,0.01,0.08696088,0.1111207,0.554202,129.29
409000,0.42,0.55,0.03,0.0770268,0.08791829,0.9084053,143.64
409100,0.4,0.57,0.03,0.07437222,0.08034243,0.8408069,155.77
409200,0.36,0.63,0.01,0.06418082,0.06593933,0.4530023,124.52
409300,0.45,0.51,0.04,0.08919832,0.100534,0.6090019,131.25
409400,0.35,0.63,0.02,0.0831996,0.07985495,0.4846022,143.97
409500,0.5,0.46,0.04,0.0670898,0.06290915,0.7944064,144.14
409600,0.4,0.59,0.01,0.09665194,0.1113546,0.2628003,107.95
409700,0.48,0.5,0.02,0.08137088,0.0889903,0.7848039,128.54
409800,0.43,0.55,0.02,0.06364892,0.06338377,0.6436046,125.74
409900,0.42,0.55,0.03,0.09548689,0.09878086,0.9932064,136.78
410000,0.44,0.54,0.02,0.07757311,0.08817694,0.5772043,126.13
410100,0.48,0.51,0.01,0.0775787,0.07435804,0.3880016,122.9
410200,0.46,0.52,0.02,0.0812355,0.07841793,0.8456044,127.66
410300,0.43,0.55,0.02,0.07430848,0.09616218,0.6260039,137.86
410400,0.38,0.6,0.02,0.07776964,0.06909315,0.6934038,119.01
410500,0.32,0.65,0.03,0.06781921,0.06969722,0.7002075,129.48
410600,0.46,0.5,0.04,0.06323835,0.06258553,1.087608,151.62
410700,0.41,0.57,0.02,0.06743885,0.06761033,0.6348027,135.46
410800,0.37,0.6,0.03,0.08889196,0.09962938,0.7464057,134.81
410900,0.37,0.62,0.01,0.08461758,0.09554121,0.3538021,102.23
411000,0.49,0.49,0.02,0.06857365,0.0706389,0.4444021,131.03
411100,0.42,0.55,0.03,0.08487895,0.08461934,0.996406,133.42
411200,0.49,0.46,0.05,0.07017002,0.06824595,0.8806068,152.29
411300,0.49,0.5,0.01,0.0615059,0.06342988,0.6048022,135.62
411400,0.49,0.49,0.02,0.07247188,0.07437759,0.720005,132.39
411500,0.34,0.62,0.04,0.07456099,0.08941951,0.9074087,140.35
411600,0.39,0.59,0.02,0.07221703,0.07925813,0.4203996,154.54
411700,0.44,0.54,0.02,0.07810526,0.08500686,0.6668044,120.42
411800,0.4,0.57,0.03,0.07009328,0.07863659,0.6536044,149.58
411900,0.43,0.55,0.02,0.08442415,0.09774301,0.6888039,131.18
412000,0.41,0.55,0.04,0.08088752,0.08275571,0.5608024,161.27
412100,0.44,0.55,0.01,0.0685048,0.05843741,0.5128009,128.8
412200,0.46,0.52,0.02,0.06130331,0.05719634,0.7760047,147.63
412300,0.48,0.5,0.02,0.08095203,0.08369289,0.9416043,137.28
412400,0.47,0.53,0,0.07264646,0.07088056,0.3913997,103.66
412500,0.36,0.62,0.02,0.09280534,0.1084386,0.4136018,117.4
412600,0.38,0.59,0.03,0.07175995,0.07181771,0.5262034,126.87
412700,0.39,0.59,0.02,0.07257963,0.08939109,0.4162022,124.61
412800,0.48,0.52,0,0.08132942,0.08593784,0.2679998,124.58
412900,0.36,0.59,0.05,0.07934088,0.08044092,0.7150066,147.27
413000,0.46,0.51,0.03,0.06681613,0.06218104,0.8032069,137.44
413100,0.42,0.53,0.05,0.07558862,0.07968347,0.7944031,147.33
413200,0.41,0.56,0.03,0.1004893,0.1074452,0.3748016,137.65
413300,0.48,0.46,0.06,0.06804064,0.07196154,1.266011,161.18
413400,0.5,0.47,0.03,0.06099981,0.06944083,1.025206,145.57
413500,0.49,0.48,0.03,0.093067,0.1016239,0.6128027,118.13
413600,0.44,0.53,0.03,0.07100919,0.0700594,0.757407,136.78
413700,0.47,0.51,0.02,0.07258794,0.07240471,0.6634036,150.16
413800,0.44,0.5,0.06,0.06841766,0.06837488,1.455413,179.32
413900,0.56,0.41,0.03,0.08102805,0.07737288,0.7982039,130.85
414000,0.36,0.62,0.02,0.0722537,0.06870693,0.5056024,157.83
414100,0.4,0.58,0.02,0.06336741,0.06360152,0.5286023,149.65
414200,0.47,0.49,0.04,0.07032563,0.06743625,0.9098058,138.28
414300,0.38,0.6,0.02,0.07810312,0.07981726,0.1377999,129.8
414400,0.48,0.52,0,0.08963225,0.08394454,0.3303998,113.91
414500,0.5,0.48,0.02,0.08499325,0.09230942,0.5166017,120.4
414600,0.45,0.53,0.02,0.06922431,0.07897463,0.6182043,125.49
414700,0.4,0.55,0.05,0.1196895,0.1163027,0.8284065,151.72
414800,0.51,0.48,0.01,0.07179789,0.07348476,0.5240019,122.41
414900,0.41,0.57,0.02,0.08169127,0.09079185,0.5330018,123.56
415000,0.44,0.55,0.01,0.06775993,0.07055455,0.5264019,144.13
415100,0.43,0.56,0.01,0.07937854,0.07766041,0.6956022,126.63
415200,0.36,0.61,0.03,0.08776073,0.09176009,0.4114019,141.68
415300,0.46,0.51,0.03,0.07224212,0.06610157,0.6222039,137.62
415400,0.39,0.61,0,0.07198914,0.07013606,0.3159997,113.18
415500,0.42,0.58,0,0.0731468,0.07206829,0.2653998,127.96
415600,0.44,0.53,0.03,0.08936062,0.0874377,0.597204,139.86
415700,0.48,0.5,0.02,0.07571997,0.0858681,0.5396004,147.26
415800,0.45,0.52,0.03,0.0739176,0.08400904,0.8648061,149.28
415900,0.47,0.52,0.01,0.06766628,0.07700087,0.3773997,131.29
416000,0.41,0.56,0.03,0.07312108,0.0686619,0.7654073,142.57
416100,0.43,0.55,0.02,0.09856299,0.1144654,0.6598018,148.31
416200,0.44,0.52,0.04,0.07034643,0.07125816,0.6976051,140.45
416300,0.43,0.54,0.03,0.06681632,0.06075498,0.9428065,155.26
416400,0.44,0.54,0.02,0.06846574,0.06770533,0.469202,129.91
416500,0.42,0.58,0,0.09688304,0.1306843,0.2669998,104.63
416600,0.33,0.65,0.02,0.07542977,0.07493795,0.4246023,142.28
416700,0.46,0.54,0,0.0932635,0.1042534,0.3873997,132.82
416800,0.46,0.5,0.04,0.08413022,0.08483553,1.041609,154.11
416900,0.4,0.57,0.03,0.09601693,0.09996856,0.5712047,126.66
417000,0.44,0.53,0.03,0.1116927,0.1325678,0.4852023,131.44
417100,0.46,0.52,0.02,0.06839186,0.08605208,0.3977997,147.04
417200,0.46,0.51,0.03,0.08804382,0.08890218,0.4644022,124.56
417300,0.43,0.56,0.01,0.08770353,0.07883491,0.4116021,114.28
417400,0.49,0.5,0.01,0.07371985,0.06806794,0.3769997,110.78
417500,0.35,0.61,0.04,0.07776663,0.07808669,0.7528067,144.03
417600,0.47,0.5,0.03,0.08530303,0.09031989,0.9106047,129.95
417700,0.46,0.49,0.05,0.06620391,0.07037055,0.8318059,154.54
417800,0.4,0.58,0.02,0.06632843,0.06619275,0.3547997,133.48
417900,0.4,0.57,0.03,0.06607238,0.06460596,0.6194044,148.13
418000,0.44,0.53,0.03,0.0819694,0.08726853,0.6352038,129.31
418100,0.54,0.41,0.05,0.06969111,0.0701448,1.270411,167.73
418200,0.43,0.56,0.01,0.08745953,0.09752223,0.5340015,117.21
418300,0.46,0.53,0.01,0.08015139,0.09161081,0.2517998,118.34
418400,0.48,0.51,0.01,0.07946549,0.07490429,0.6040014,116.03
418500,0.4,0.57,0.03,0.08528066,0.07430106,0.8218051,130.48
418600,0.46,0.52,0.02,0.06293582,0.05770962,0.5480019,132.93
418700,0.46,0.51,0.03,0.09089593,0.114261,0.5084021,129.31
418800,0.42,0.56,0.02,0.07000025,0.07210256,0.2535998,127.29
418900,0.44,0.54,0.02,0.06831945,0.06786203,0.5438022,136.78
419000,0.35,0.65,0,0.07403952,0.0735343,0.2081998,107.02
419100,0.46,0.49,0.05,0.07590041,0.0738655,1.054408,147.49
419200,0.53,0.46,0.01,0.0642717,0.06506821,0.8522022,134.73
419300,0.44,0.54,0.02,0.09551027,0.101606,0.3872022,120.47
419400,0.36,0.61,0.03,0.07229123,0.08785848,0.5302017,146.95
419500,0.39,0.6,0.01,0.07414921,0.08578641,0.379402,127.16
419600,0.48,0.49,0.03,0.1031376,0.1172256,0.5456041,139.72
419700,0.45,0.54,0.01,0.06848135,0.06632731,0.3433997,112.6
419800,0.4,0.59,0.01,0.09402571,0.08852341,0.3475997,105.9
419900,0.53,0.46,0.01,0.07609469,0.09376559,0.5166019,117.56
420000,0.46,0.49,0.05,0.06974521,0.06715075,1.079407,148.92
420100,0.43,0.53,0.04,0.0633378,0.0737999,1.135809,167.11
420200,0.38,0.6,0.02,0.07337708,0.0800633,0.5678022,143.16
420300,0.43,0.54,0.03,0.06564637,0.06518735,0.8306066,134.57
420400,0.42,0.54,0.04,0.0852873,0.09580623,0.9970086,150.05
420500,0.42,0.58,0,0.07819078,0.09403113,0.3499997,130.57
420600,0.44,0.54,0.02,0.06078302,0.05837708,0.5330019,136.35
420700,0.42,0.54,0.04,0.08781262,0.1074068,0.1717999,142.62
420800,0.36,0.63,0.01,0.08364125,0.08223163,0.3667997,105.81
420900,0.42,0.58,0,0.06965654,0.07815835,0.3511997,143.81
421000,0.5,0.48,0.02,0.07750737,0.08421404,0.537002,127.56
421100,0.48,0.48,0.04,0.06683012,0.07510238,0.8808067,169.66
421200,0.35,0.61,0.04,0.07604297,0.07247362,0.677205,128.05
421300,0.4,0.6,0,0.08720245,0.0786635,0.2997998,123.11
421400,0.44,0.52,0.04,0.08049026,0.09236901,0.9882067,148.93
421500,0.47,0.5,0.03,0.07253531,0.06907037,0.6290044,151.22
421600,0.46,0.52,0.02,0.07741197,0.07245132,0.4692022,114.95
421700,0.36,0.62,0.02,0.08332563,0.07822315,0.7172043,125.2
421800,0.44,0.55,0.01,0.08432805,0.0807471,0.2969998,122.13
421900,0.43,0.56,0.01,0.07971532,0.08179583,0.618002,121.68
422000,0.53,0.46,0.01,0.07891622,0.07866341,0.3911996,117.59
422100,0.41,0.59,0,0.07169753,0.06581115,0.2777998,102.89
422200,0.46,0.5,0.04,0.08372419,0.0742555,1.055008,156.66
422300,0.51,0.45,0.04,0.09693586,0.09437302,0.6286044,124.8
422400,0.46,0.51,0.03,0.07580739,0.06772045,0.8356065,141.07
422500,0.4,0.59,0.01,0.07930906,0.08788191,0.3949997,126.38
422600,0.56,0.43,0.01,0.06519482,0.07566417,0.5542017,123.18
422700,0.43,0.54,0.03,0.06744725,0.06254376,0.6218045,126.57
422800,0.46,0.49,0.05,0.08305961,0.08036575,0.5028028,158.46
422900,0.47,0.53,0,0.08763095,0.09709889,0.3677998,108.9
423000,0.42,0.57,0.01,0.07583796,0.07294014,0.6048024,128.44
423100,0.37,0.62,0.01,0.07266597,0.07094684,0.1845999,123.91
423200,0.45,0.49,0.06,0.06262965,0.06446927,1.285011,180.39
423300,0.43,0.52,0.05,0.07324291,0.07506693,1.27301,170.24
423400,0.42,0.55,0.03,0.07184274,0.0733752,0.7452057,135.19
423500,0.52,0.48,0,0.09336302,0.09172292,0.3469998,109.05
423600,0.46,0.51,0.03,0.0757979,0.08734252,0.8106071,125.16
423700,0.41,0.58,0.01,0.07411309,0.07134221,0.4414022,126.82
423800,0.49,0.47,0.04,0.07202376,0.06607469,0.700607,140.81
423900,0.45,0.53,0.02,0.08764017,0.08933541,0.6362035,135.66
424000,0.45,0.53,0.02,0.07783116,0.06626535,0.7204044,127.7
424100,0.47,0.53,0,0.0818473,0.09061213,0.3085998,122.71
424200,0.43,0.56,0.01,0.06615002,0.06065065,0.2479998,112.75
424300,0.44,0.56,0,0.098557,0.1158798,0.2237999,93.31
424400,0.47,0.49,0.04,0.06546675,0.07676851,1.069808,144.21
424500,0.38,0.6,0.02,0.08857672,0.1009213,0.3485998,147.83
424600,0.39,0.58,0.03,0.06362943,0.05985196,0.7776045,153.66
424700,0.44,0.53,0.03,0.07131058,0.08101061,0.5976024,144.26
424800,0.44,0.52,0.04,0.08369979,0.1031584,0.6554043,152.04
424900,0.52,0.46,0.02,0.06859911,0.08318343,0.5626019,141.03
425000,0.55,0.44,0.01,0.07380357,0.07562057,0.6668018,123.47
425100,0.48,0.48,0.04,0.06741741,0.07540321,0.8172066,157.6
425200,0.47,0.52,0.01,0.06607937,0.05738163,0.3083998,130
425300,0.39,0.57,0.04,0.07117148,0.062875,1.076408,150.06
425400,0.46,0.51,0.03,0.08269709,0.08293346,0.8672065,129.92
425500,0.47,0.51,0.02,0.0720168,0.07299435,0.644604,112.61
425600,0.45,0.55,0,0.07608564,0.06911232,0.1931998,123.98
425700,0.4,0.58,0.02,0.07084271,0.07319733,0.5166033,113.26
425800,0.44,0.52,0.04,0.05755927,0.05397668,0.8408043,162.01
425900,0.41,0.57,0.02,0.07179507,0.05974045,0.6118042,127.87
426000,0.42,0.56,0.02,0.09929126,0.1359528,0.2277998,138.99
426100,0.51,0.46,0.03,0.06260162,0.05841997,0.7742046,130.91
426200,0.39,0.59,0.02,0.09588654,0.09383805,0.7120045,135.46
426300,0.47,0.51,0.02,0.06746557,0.06858222,0.6794044,122.1
426400,0.45,0.53,0.02,0.07863864,0.08090156,0.6466045,129.24
426500,0.49,0.48,0.03,0.06873564,0.06447253,0.7188045,136.73
426600,0.45,0.54,0.01,0.08977368,0.09399241,0.2547998,122.8
426700,0.47,0.51,0.02,0.0753807,0.07598309,0.6656023,139.3
426800,0.44,0.55,0.01,0.08134133,0.08455671,0.3827997,110.6
426900,0.4,0.6,0,0.07610762,0.08450029,0.2935998,110.45
427000,0.42,0.54,0.04,0.07702825,0.07397195,0.8900054,140.64
427100,0.43,0.56,0.01,0.08074389,0.08323558,0.2703998,115.87
427200,0.43,0.55,0.02,0.0869001,0.07805262,0.6864046,120.47
427300,0.41,0.54,0.05,0.07301266,0.08357336,0.9970088,162.13
427400,0.45,0.53,0.02,0.07068072,0.07030465,0.6470037,120.86
427500,0.41,0.55,0.04,0.09696026,0.1054069,0.8686068,155.73
427600,0.48,0.51,0.01,0.07429297,0.07123806,0.4689996,142.05
427700,0.37,0.6,0.03,0.06005459,0.05706519,0.4468024,137.42
427800,0.41,0.56,0.03,0.07480297,0.08142216,0.6220042,145.4
427900,0.47,0.5,0.03,0.1053965,0.1031678,0.9318062,136.74
428000,0.46,0.5,0.04,0.0660589,0.06853045,1.15401,157.89
428100,0.51,0.47,0.02,0.07703374,0.0759775,0.7788045,120.76
428200,0.44,0.56,0,0.08944842,0.09921138,0.1797999,112.94
428300,0.5,0.5,0,0.104893,0.1148863,0.2359999,95.48
428400,0.37,0.61,0.02,0.06761724,0.06319368,0.5168023,131.68
428500,0.45,0.52,0.03,0.07523552,0.07566012,0.7456068,117.56
428600,0.42,0.53,0.05,0.06759572,0.07118638,1.023009,161.35
428700,0.37,0.61,0.02,0.07607148,0.07539301,0.5350049,128.61
428800,0.52,0.47,0.01,0.09406659,0.1169585,0.5468023,116.73
428900,0.47,0.52,0.01,0.08588397,0.09246897,0.3307997,123.23
429000,0.39,0.58,0.03,0.07934547,0.07710766,0.8206058,148.93
429100,0.49,0.48,0.03,0.08618076,0.08489298,0.8604067,125.78
429200,0.33,0.66,0.01,0.1066912,0.1232892,0.430402,127.71
429300,0.43,0.57,0,0.09033673,0.09175478,0.2969998,110.51
429400,0.37,0.6,0.03,0.1046484,0.1033448,0.5048046,126.79
429500,0.45,0.53,0.02,0.08023581,0.08346124,0.4668022,127.38
429600,0.51,0.47,0.02,0.07240102,0.07816967,0.6504045,108.15
429700,0.43,0.53,0.04,0.08063498,0.08547596,1.048209,152.86
429800,0.37,0.61,0.02,0.08742403,0.08618297,0.2475998,103.98
429900,0.43,0.56,0.01,0.06750965,0.06397291,0.5102022,126.98
430000,0.43,0.56,0.01,0.07992941,0.08155482,0.3893997,145.64
430100,0.44,0.55,0.01,0.07924224,0.07915928,0.3562024,117.2
430200,0.43,0.54,0.03,0.06612898,0.07626721,0.6908044,135.43
430300,0.42,0.54,0.04,0.07397674,0.08799072,0.6026047,149.45
430400,0.43,0.53,0.04,0.07487123,0.06753818,0.8130057,140.57
430500,0.43,0.56,0.01,0.08331911,0.09129106,0.3904015,96.82
430600,0.42,0.55,0.03,0.08446693,0.08129178,0.8396071,134.05
430700,0.5,0.49,0.01,0.07873338,0.07702375,0.500002,113.44
430800,0.39,0.58,0.03,0.08503132,0.08461448,0.8884071,137.14
430900,0.35,0.63,0.02,0.08362504,0.09430695,0.6054043,122.22
431000,0.56,0.42,0.02,0.07390508,0.07003272,0.732404,122.63
431100,0.43,0.52,0.05,0.07585097,0.07625607,1.003407,165.93
431200,0.44,0.54,0.02,0.07977049,0.07993437,0.6830049,131.26
431300,0.49,0.5,0.01,0.07712439,0.07992589,0.5047996,126.79
431400,0.52,0.47,0.01,0.09987441,0.09749981,0.5346024,106.8
431500,0.42,0.54,0.04,0.07033583,0.07002243,0.6596043,149.26
431600,0.39,0.59,0.02,0.07646237,0.0745903,0.6570038,124.19
431700,0.4,0.58,0.02,0.07436588,0.08532225,0.5506021,122.14
431800,0.47,0.5,0.03,0.07142472,0.06447556,0.9070069,142.19
431900,0.45,0.53,0.02,0.06730773,0.05673676,0.6094042,138.91
432000,0.43,0.55,0.02,0.1004912,0.1297659,0.5492033,129.78
432100,0.47,0.51,0.02,0.06258766,0.05846386,0.668003,115.58
432200,0.39,0.61,0,0.07128463,0.07101872,0.3311997,107.11
432300,0.47,0.53,0,0.07933021,0.07297663,0.4239997,120.85
432400,0.41,0.54,0.05,0.1053467,0.09887576,0.9806091,148.09
432500,0.4,0.58,0.02,0.08322143,0.09418683,0.5998038,113.8
432600,0.46,0.5,0.04,0.07473521,0.09150651,1.11201,148.84
432700,0.47,0.52,0.01,0.08395375,0.08925696,0.4974023,112.89
432800,0.36,0.62,0.02,0.07599374,0.08221076,0.6346044,135.16
432900,0.47,0.51,0.02,0.06861228,0.07619686,0.5238021,127.19
433000,0.39,0.59,0.02,0.07445094,0.08171964,0.644605,115.61
433100,0.43,0.55,0.02,0.0904604,0.08470744,0.1211999,106.06
433200,0.44,0.55,0.01,0.09084856,0.09590268,0.4898023,125.78
433300,0.46,0.51,0.03,0.08186571,0.09071292,0.6430037,153.43
433400,0.45,0.55,0,0.08465406,0.07180756,0.3113998,109.22
433500,0.48,0.5,0.02,0.09310371,0.120397,0.7294048,129.94
433600,0.44,0.53,0.03,0.06346735,0.05952394,0.5366042,153.88
433700,0.52,0.48,0,0.07080447,0.07067198,0.2507998,116.11
433800,0.35,0.64,0.01,0.08226048,0.09567402,0.5126021,123.19
433900,0.38,0.61,0.01,0.1002801,0.09918387,0.4170021,102.19
434000,0.53,0.45,0.02,0.07060368,0.06663176,0.7802039,119.36
434100,0.5,0.48,0.02,0.07864304,0.08924816,0.668205,130.62
434200,0.53,0.46,0.01,0.09416639,0.09137806,0.3249997,103.77
434300,0.46,0.5,0.04,0.07404257,0.06823002,1.06221,142.21
434400,0.47,0.48,0.05,0.07223756,0.06632543,0.9358073,154.26
434500,0.43,0.54,0.03,0.0936738,0.08664885,0.6158023,145.59
434600,0.43,0.55,0.02,0.07444094,0.07904449,0.6160046,117.12
434700,0.41,0.58,0.01,0.06428445,0.06264815,0.5044022,119.88
434800,0.45,0.55,0,0.08547602,0.0886049,0.3339998,108.91
434900,0.43,0.57,0,0.08939273,0.1072814,0.5425995,102.56
435000,0.5,0.47,0.03,0.06434214,0.0625703,0.6860044,131.62
435100,0.41,0.57,0.02,0.06356639,0.06124307,0.7008033,141.94
435200,0.48,0.5,0.02,0.07754447,0.0867957,0.6070048,127.21
435300,0.48,0.49,0.03,0.07261536,0.07041711,0.7310058,131.28
435400,0.35,0.6,0.05,0.07451429,0.07441068,1.204811,143.25
435500,0.45,0.53,0.02,0.07024693,0.07309118,0.7220047,136.84
435600,0.38,0.6,0.02,0.05831525,0.05664873,0.5842022,121.36
435700,0.51,0.48,0.01,0.07214447,0.08853721,0.4256015,118.99
435800,0.48,0.51,0.01,0.07257076,0.06770892,0.3821997,115.98
435900,0.41,0.57,0.02,0.07120041,0.0676937,0.6512027,150.91
436000,0.45,0.51,0.04,0.08608385,0.08672138,0.663004,149.3
436100,0.4,0.59,0.01,0.07948177,0.09346008,0.4602022,121.11
436200,0.48,0.52,0,0.09989292,0.1065284,0.3179998,97.17
436300,0.44,0.54,0.02,0.07026052,0.06668628,0.2399998,123.31
436400,0.35,0.62,0.03,0.0896683,0.1047435,0.5570038,137.92
436500,0.39,0.6,0.01,0.07986671,0.0902696,0.3168016,119.64
436600,0.52,0.47,0.01,0.08891293,0.09227449,0.4694022,118.04
436700,0.47,0.5,0.03,0.07163321,0.06843384,0.667204,136.55
436800,0.49,0.48,0.03,0.06860827,0.06694536,0.6868038,137.3
436900,0.49,0.48,0.03,0.0634087,0.06582396,0.8824059,141.63
437000,0.35,0.62,0.03,0.07674234,0.07122313,0.6940075,120.89
437100,0.47,0.53,0,0.06732912,0.06467098,0.4167997,129.73
437200,0.47,0.53,0,0.07804039,0.09872556,0.4299996,112.69
437300,0.43,0.57,0,0.07336397,0.07144393,0.2981997,112.17
437400,0.49,0.5,0.01,0.07409494,0.07390764,0.4176019,112.7
437500,0.42,0.55,0.03,0.08397946,0.08432838,0.4950021,139.65
437600,0.48,0.51,0.01,0.06998017,0.0719936,0.6470016,133.63
437700,0.49,0.51,0,0.05648913,0.06044117,0.3347998,123.94
437800,0.44,0.56,0,0.09022266,0.09367414,0.3767997,126.49
437900,0.4,0.57,0.03,0.06603981,0.06417702,0.5338039,140.04
438000,0.45,0.53,0.02,0.06412067,0.05764205,0.5238019,139.87
438100,0.51,0.48,0.01,0.1080073,0.1220591,0.6584023,121.94
438200,0.51,0.46,0.03,0.05713074,0.05588008,1.107806,140.36
438300,0.48,0.5,0.02,0.0840172,0.07796229,0.5940038,114.93
438400,0.42,0.56,0.02,0.06854661,0.07982008,0.6130046,128.64
438500,0.45,0.53,0.02,0.07113013,0.06396873,0.5804042,116.47
438600,0.39,0.58,0.03,0.06858596,0.06419609,0.8682072,139.82
438700,0.38,0.58,0.04,0.06632657,0.07414615,0.9970068,162.87
438800,0.46,0.54,0,0.09377063,0.1056704,0.3007998,109.06
438900,0.51,0.47,0.02,0.07573479,0.08174375,0.3895997,114.57
439000,0.41,0.57,0.02,0.07704913,0.08789283,0.3778011,121.11
439100,0.42,0.58,0,0.09001896,0.09525503,0.3493997,102.41
439200,0.4,0.57,0.03,0.06978755,0.08149087,0.7534066,114.8
439300,0.4,0.58,0.02,0.0753686,0.0821976,0.4406024,159.21
439400,0.49,0.5,0.01,0.0778094,0.08073439,0.4114019,113.48
439500,0.34,0.65,0.01,0.06808108,0.08489646,0.5456017,106.64
439600,0.43,0.55,0.02,0.07749917,0.07547559,0.6986048,118.62
439700,0.47,0.51,0.02,0.07578874,0.08494923,0.8656046,142.15
439800,0.39,0.6,0.01,0.07515905,0.08506665,0.3293998,114.19
439900,0.38,0.6,0.02,0.0826944,0.09440341,0.543004,147.29
440000,0.44,0.55,0.01,0.08340285,0.08630842,0.4094023,114.91
440100,0.47,0.53,0,0.07234278,0.06631538,0.5279995,115.01
440200,0.39,0.57,0.04,0.09134325,0.1026141,0.620604,147.97
440300,0.44,0.54,0.02,0.07688326,0.07868955,0.4518014,125.13
440400,0.41,0.58,0.01,0.06476458,0.06345849,0.6104023,130.92
440500,0.42,0.53,0.05,0.06850246,0.06954579,1.435811,169.2
440600,0.4,0.58,0.02,0.07142361,0.08223607,0.6134031,121.3
440700,0.37,0.62,0.01,0.0841587,0.09511736,0.6268021,114.27
440800,0.46,0.49,0.05,0.07101437,0.08234125,0.8864076,157.3
440900,0.52,0.45,0.03,0.06840783,0.06753114,0.9362069,145.34
441000,0.51,0.46,0.03,0.08774768,0.08171813,1.027807,143.59
441100,0.35,0.65,0,0.06272455,0.05776995,0.1943998,96.53
441200,0.4,0.55,0.05,0.06581957,0.05861916,0.7418041,161.51
441300,0.42,0.57,0.01,0.06719045,0.06389357,0.3616022,111.98
441400,0.48,0.5,0.02,0.07153948,0.06556167,0.5382023,150.63
441500,0.41,0.59,0,0.0724837,0.07803616,0.3007997,120.44
441600,0.4,0.58,0.02,0.07794989,0.07819694,0.4770024,134.65
441700,0.44,0.54,0.02,0.06813826,0.06740581,0.587602,140.36
441800,0.53,0.45,0.02,0.07461068,0.07949877,0.5134021,137.33
441900,0.55,0.39,0.06,0.07831569,0.08802299,1.572414,149.63
442000,0.45,0.51,0.04,0.08700626,0.1049836,0.8394072,130.22
442100,0.31,0.69,0,0.07678093,0.07390135,0.1787999,118.71
442200,0.43,0.54,0.03,0.08052011,0.07255857,0.4108022,145.22
442300,0.4,0.57,0.03,0.08637494,0.09115033,0.6696069,133.62
442400,0.36,0.62,0.02,0.0716159,0.06348734,0.4626023,131.03
442500,0.44,0.54,0.02,0.07162125,0.06306697,0.3011998,144.11
442600,0.56,0.41,0.03,0.06950514,0.07293773,0.701602,148.9
442700,0.44,0.5,0.06,0.05667363,0.05148813,0.9466078,172.37
442800,0.46,0.52,0.02,0.07851351,0.08068155,0.2563998,130.68
442900,0.44,0.53,0.03,0.07350649,0.06757607,0.7310041,139.85
443000,0.38,0.6,0.02,0.07806185,0.07738762,0.5800039,125.93
443100,0.46,0.53,0.01,0.08232717,0.07952637,0.5230024,131.7
443200,0.42,0.57,0.01,0.07516715,0.07951758,0.732802,111.32
443300,0.47,0.52,0.01,0.08832809,0.1058819,0.7080022,122.6
443400,0.48,0.49,0.03,0.06533086,0.06687899,0.7866068,139.78
443500,0.36,0.63,0.01,0.0674999,0.06541824,0.5354021,118.01
443600,0.42,0.54,0.04,0.0815599,0.08329198,0.7128063,136.14
443700,0.4,0.58,0.02,0.07599059,0.09463743,0.6712047,149.64
443800,0.39,0.57,0.04,0.06237654,0.06009382,0.8148062,142.62
443900,0.35,0.62,0.03,0.06771651,0.07761552,0.5388042,146.42
444000,0.44,0.55,0.01,0.1129719,0.1206139,0.5444021,107.78
444100,0.51,0.48,0.01,0.06846915,0.06692168,0.5338023,134.84
444200,0.29,0.71,0,0.07655238,0.07119179,0.1425999,109.99
444300,0.41,0.54,0.05,0.07261765,0.06505658,1.101409,185.36
444400,0.42,0.55,0.03,0.07354136,0.0672414,0.8378072,159.41
444500,0.39,0.59,0.02,0.07403222,0.07291602,0.1961998,109.43
444600,0.4,0.59,0.01,0.08340055,0.08679929,0.2475998,107.82
444700,0.41,0.59,0,0.06752333,0.06892192,0.4215996,120.16
444800,0.43,0.53,0.04,0.0910529,0.1059657,1.006808,143.1
444900,0.46,0.5,0.04,0.07393817,0.07349765,0.524402,143.91
445000,0.33,0.67,0,0.08319908,0.09168489,0.2385998,122.9
445100,0.48,0.5,0.02,0.08128105,0.07625804,0.4684021,123.3
445200,0.5,0.48,0.02,0.08123935,0.09082451,0.6356017,123.18
445300,0.43,0.55,0.02,0.08599749,0.07909593,0.713805,132.75
445400,0.39,0.59,0.02,0.06854709,0.06339937,0.5820047,134.76
445500,0.43,0.55,0.02,0.07917892,0.07873003,0.6784043,121.9
445600,0.53,0.46,0.01,0.07481613,0.07578604,0.4743997,109.13
445700,0.44,0.54,0.02,0.06854864,0.07581054,0.6692035,135.32
445800,0.43,0.54,0.03,0.06158451,0.06058978,0.7492043,162.57
445900,0.43,0.57,0,0.08486761,0.08771811,0.2305998,122.33
446000,0.43,0.53,0.04,0.06671368,0.06903422,0.864806,144.6
446100,0.47,0.52,0.01,0.06057848,0.07253335,0.3671997,122.07
446200,0.56,0.42,0.02,0.07835443,0.08171269,0.7408018,132.99
446300,0.41,0.59,0,0.07504229,0.0734776,0.2103999,101.46
446400,0.39,0.57,0.04,0.07387672,0.07623966,0.4164017,132.01
446500,0.49,0.48,0.03,0.1218095,0.1317296,0.8584066,123.54
446600,0.42,0.55,0.03,0.08006486,0.08263049,0.593004,131.39
446700,0.34,0.65,0.01,0.08278212,0.08211139,0.3740021,127.71
446800,0.39,0.59,0.02,0.07245877,0.05913761,0.5250028,134.98
446900,0.45,0.51,0.04,0.06940091,0.06179692,0.8352067,129.07
447000,0.43,0.56,0.01,0.08102127,0.07683945,0.3463997,123.63
447100,0.51,0.49,0,0.06838004,0.07304097,0.2429998,103.98
447200,0.38,0.59,0.03,0.08191406,0.07841171,0.8676047,139.27
447300,0.42,0.57,0.01,0.06883501,0.06440182,0.6476017,133.03
447400,0.42,0.57,0.01,0.07451755,0.06806149,0.3282024,119.11
447500,0.46,0.51,0.03,0.06607225,0.06087493,0.8450061,146.48
447600,0.51,0.47,0.02,0.05800302,0.06554915,0.5010023,135.06
447700,0.33,0.65,0.02,0.07729561,0.08034191,0.3212003,134.4
447800,0.53,0.45,0.02,0.06871776,0.06914851,0.7958048,133.99
447900,0.44,0.56,0,0.09173568,0.08119243,0.5438013,112.61
448000,0.45,0.54,0.01,0.08457357,0.09029946,0.5630022,116.33
448100,0.42,0.57,0.01,0.0798147,0.09267046,0.4574024,129.18
448200,0.5,0.5,0,0.08999728,0.1003273,0.2855998,102.32
448300,0.46,0.51,0.03,0.07686013,0.07499463,1.023007,135.2
448400,0.48,0.51,0.01,0.06412855,0.05939835,0.5728021,118.37
448500,0.39,0.6,0.01,0.07462155,0.08440835,0.2955998,120.81
448600,0.41,0.51,0.08,0.06229955,0.05824115,1.736419,184.38
448700,0.36,0.63,0.01,0.07384539,0.06941373,0.445602,126.96
448800,0.43,0.56,0.01,0.07236823,0.06072135,0.518002,132.63
448900,0.42,0.58,0,0.09019306,0.0889745,0.2463998,113.7
449000,0.42,0.54,0.04,0.07142071,0.06869242,0.9018086,147.38
449100,0.47,0.52,0.01,0.06639085,0.06505816,0.4162016,102.32
449200,0.36,0.62,0.02,0.09373382,0.0889786,0.5200044,124.94
449300,0.48,0.52,0,0.0830022,0.0932436,0.2097998,106.96
449400,0.46,0.53,0.01,0.09468256,0.08737322,0.5340013,118.57
449500,0.44,0.56,0,0.06770403,0.06554841,0.2347998,117.59
449600,0.46,0.53,0.01,0.07426009,0.07219145,0.4582025,123.18
449700,0.45,0.55,0,0.08081512,0.08644698,0.3259998,123.24
449800,0.37,0.61,0.02,0.08351631,0.09427939,0.5948049,109.01
449900,0.4,0.57,0.03,0.06922124,0.06207556,0.706207,132.59
450000,0.43,0.56,0.01,0.08215746,0.09754144,0.2185998,111.96
450100,0.4,0.59,0.01,0.05635943,0.05359171,0.418402,120.16
450200,0.48,0.51,0.01,0.06782662,0.06962436,0.4840021,118.02
450300,0.43,0.57,0,0.07837929,0.08672073,0.3309998,105.31
450400,0.44,0.54,0.02,0.07937516,0.07133964,0.7108049,143.32
450500,0.38,0.62,0,0.08232564,0.08195818,0.3375997,106.35
450600,0.44,0.55,0.01,0.0751763,0.08037577,0.5566024,119.58
450700,0.41,0.55,0.04,0.06339349,0.06820982,0.9164067,161.92
450800,0.34,0.66,0,0.0780225,0.08669543,0.1489999,107.19
450900,0.45,0.54,0.01,0.08105016,0.0724163,0.4070022,100.24
451000,0.39,0.6,0.01,0.05905434,0.05584325,0.4210021,119.11
451100,0.47,0.51,0.02,0.1160124,0.122954,0.5476037,126
451200,0.4,0.59,0.01,0.06759624,0.06251719,0.3766019,119.03
451300,0.42,0.55,0.03,0.06270897,0.057276,0.3940021,127.92
451400,0.41,0.58,0.01,0.07880043,0.08069889,0.4008017,105.53
451500,0.46,0.52,0.02,0.08365702,0.09711856,0.5218012,117.27
451600,0.44,0.54,0.02,0.07619531,0.07947904,0.716404,130.52
451700,0.4,0.58,0.02,0.0739385,0.06959791,0.5234047,137.33
451800,0.49,0.48,0.03,0.08493502,0.09621778,0.4448024,132.91
451900,0.48,0.5,0.02,0.07900493,0.08922963,0.5052018,129.62
452000,0.41,0.57,0.02,0.07665806,0.08354706,0.6898043,130.95
452100,0.46,0.54,0,0.06541253,0.05613768,0.4889997,124.48
452200,0.41,0.58,0.01,0.08365764,0.0901648,0.410602,107.61
452300,0.57,0.42,0.01,0.07908767,0.08041675,0.528002,111.96
452400,0.5,0.5,0,0.08159219,0.0787883,0.3339998,95.96
452500,0.43,0.54,0.03,0.06440784,0.07020769,0.959007,148.06
452600,0.42,0.56,0.02,0.08298878,0.08269975,0.7140042,128.98
452700,0.51,0.46,0.03,0.07667913,0.07953428,0.8344061,124.93
452800,0.47,0.53,0,0.0642798,0.05740731,0.3781997,121.93
452900,0.47,0.51,0.02,0.07684301,0.06751951,0.5014024,120.41
453000,0.39,0.59,0.02,0.06962736,0.06291755,0.6276047,143.91
453100,0.48,0.5,0.02,0.07725368,0.0764384,0.7858043,130.53
453200,0.48,0.47,0.05,0.08355938,0.08879138,1.064809,148.06
453300,0.49,0.51,0,0.09710921,0.1058698,0.4543996,103.68
453400,0.43,0.55,0.02,0.07632966,0.06843092,0.5406026,143.6
453500,0.43,0.54,0.03,0.09123479,0.1080659,0.747605,140.83
453600,0.49,0.5,0.01,0.1008339,0.1050546,0.513402,124.06
453700,0.49,0.51,0,0.08047805,0.0905414,0.3589998,103.5
453800,0.47,0.52,0.01,0.082091,0.08391091,0.5706024,113.54
453900,0.48,0.5,0.02,0.07213155,0.0675981,0.4220016,124.42
454000,0.41,0.57,0.02,0.0641427,0.06302509,0.2425998,144.77
454100,0.39,0.59,0.02,0.07352319,0.06879614,0.4526017,126.56
454200,0.45,0.55,0,0.07399184,0.06997694,0.2405998,108.64
454300,0.41,0.56,0.03,0.0934641,0.09390425,0.6380044,149.09
454400,0.5,0.49,0.01,0.06922994,0.06782687,0.5202017,128.34
454500,0.48,0.51,0.01,0.0695027,0.06521449,0.5988008,131.23
454600,0.46,0.51,0.03,0.08543631,0.09472524,0.6752046,130.63
454700,0.39,0.59,0.02,0.08061957,0.07339162,0.7266048,131.51
454800,0.41,0.58,0.01,0.08648057,0.09591594,0.5144019,113.38
454900,0.44,0.53,0.03,0.08263274,0.0807807,0.5230023,137.75
455000,0.39,0.58,0.03,0.06287879,0.06076392,0.7722069,147.1
455100,0.52,0.42,0.06,0.06475873,0.06357361,1.094411,157.98
455200,0.36,0.61,0.03,0.07872201,0.07469496,0.7406066,142.99
455300,0.48,0.5,0.02,0.08685507,0.09130296,0.9154047,126.59
455400,0.43,0.56,0.01,0.06790239,0.06677188,0.3582005,140.08
455500,0.51,0.48,0.01,0.05928484,0.05784227,0.5306019,132.78
455600,0.44,0.54,0.02,0.07449985,0.07251039,0.3772015,126.11
455700,0.46,0.53,0.01,0.07663412,0.08495466,0.5848022,130.76
455800,0.54,0.46,0,0.08379762,0.09783413,0.4145997,102.94
455900,0.43,0.54,0.03,0.07232638,0.06960956,0.7830062,129.25
456000,0.51,0.49,0,0.0779458,0.09168008,0.3559997,120.81
456100,0.44,0.54,0.02,0.09900093,0.1065715,0.6434038,116.18
456200,0.41,0.57,0.02,0.07585634,0.06910004,0.8358045,119.59
456300,0.4,0.59,0.01,0.06719363,0.06654827,0.4564023,119.51
456400,0.42,0.57,0.01,0.1039345,0.1172963,0.3834023,120.9
456500,0.49,0.51,0,0.07565005,0.08230294,0.1697999,94.42
456600,0.44,0.52,0.04,0.06336593,0.06657128,0.8324068,136.58
456700,0.36,0.61,0.03,0.09077437,0.08862157,0.4448019,120.13
456800,0.44,0.55,0.01,0.07174584,0.07183749,0.5780016,129.93
456900,0.46,0.53,0.01,0.07572621,0.07082079,0.5608013,123.16
457000,0.44,0.54,0.02,0.0702792,0.08414734,0.732605,125.56
457100,0.53,0.44,0.03,0.08450022,0.08951432,0.8688065,137.2
457200,0.43,0.55,0.02,0.06769364,0.06545459,0.6184032,139.3
457300,0.36,0.62,0.02,0.1023873,0.1023668,0.5980049,132.63
457400,0.41,0.58,0.01,0.07329903,0.07571287,0.4722012,135.56
457500,0.43,0.57,0,0.1041872,0.09516665,0.2337998,114.9
457600,0.38,0.59,0.03,0.07408025,0.07257333,0.7152072,125.59
457700,0.39,0.61,0,0.09105898,0.1121809,0.2887998,106
457800,0.45,0.53,0.02,0.06808408,0.06569393,0.4088023,119.5
457900,0.43,0.56,0.01,0.08463196,0.08798174,0.5632021,116.87
458000,0.48,0.48,0.04,0.06962517,0.06686624,0.691403,149.66
458100,0.38,0.61,0.01,0.07874513,0.07434238,0.4374021,106.2
458200,0.45,0.51,0.04,0.07078961,0.06837197,0.9268055,142.91
458300,0.52,0.48,0,0.08525176,0.0817268,0.4149997,126.66
458400,0.37,0.61,0.02,0.09080195,0.1001131,0.5998047,128.45
458500,0.4,0.59,0.01,0.06572626,0.06143885,0.2929998,147.9
458600,0.42,0.55,0.03,0.08232913,0.08690056,0.9582092,160.18
458700,0.41,0.57,0.02,0.08778135,0.08682489,0.6452045,109.35
458800,0.36,0.63,0.01,0.08061934,0.07537038,0.4436025,119.34
458900,0.49,0.51,0,0.09064381,0.0977897,0.3049997,112.6
459000,0.4,0.55,0.05,0.07482827,0.07138025,1.32981,148.8
459100,0.39,0.59,0.02,0.08133148,0.07786999,0.3846026,121.43
459200,0.45,0.5,0.05,0.09090292,0.08448818,1.096209,168.06
459300,0.47,0.52,0.01,0.06812055,0.06697018,0.3726025,103.44
459400,0.41,0.56,0.03,0.08168562,0.08037162,0.6512039,147.01
459500,0.45,0.54,0.01,0.07147804,0.07071467,0.1783999,113.93
459600,0.46,0.52,0.02,0.08076422,0.08981639,0.4770024,139.87
459700,0.49,0.49,0.02,0.07465753,0.07908834,0.7250037,128.73
459800,0.43,0.57,0,0.06774172,0.05682257,0.1845999,118.16
459900,0.39,0.58,0.03,0.07585822,0.0760538,0.8372071,142.79
460000,0.42,0.58,0,0.0852269,0.1023436,0.2931998,134.83
460100,0.39,0.61,0,0.09237704,0.08954613,0.2367998,99.61
460200,0.47,0.52,0.01,0.06888127,0.07014846,0.3745998,122.63
460300,0.43,0.54,0.03,0.08365277,0.0898988,0.6086042,130.08
460400,0.42,0.57,0.01,0.08298316,0.0772837,0.2509998,107.63
460500,0.53,0.47,0,0.07541826,0.07579767,0.2727998,104.26
460600,0.49,0.49,0.02,0.07244533,0.06946538,0.4222015,126.66
460700,0.4,0.59,0.01,0.06990182,0.06574939,0.3937997,113.82
460800,0.42,0.56,0.02,0.08950666,0.0959913,0.4204021,125.04
460900,0.41,0.55,0.04,0.08132792,0.07751538,0.9692069,141.01
461000,0.42,0.58,0,0.06567666,0.06664825,0.2343998,103.28
461100,0.38,0.62,0,0.07786521,0.07514057,0.2953998,118.69
461200,0.44,0.56,0,0.0698395,0.06077833,0.3115997,118.1
461300,0.49,0.48,0.03,0.09785396,0.0901414,0.6746044,133.38
461400,0.45,0.55,0,0.07483714,0.06460635,0.2347998,87.48
461500,0.38,0.62,0,0.075265,0.0685789,0.2825998,120.83
461600,0.42,0.56,0.02,0.06946346,0.06212864,0.6058047,137.78
461700,0.42,0.55,0.03,0.07891331,0.0804221,0.7282035,143.84
461800,0.47,0.52,0.01,0.08624018,0.08728957,0.4806022,115.64
461900,0.42,0.57,0.01,0.06524439,0.06050062,0.4928018,136.56
462000,0.43,0.54,0.03,0.07273365,0.06829646,0.8306065,131.2
462100,0.47,0.53,0,0.07450631,0.08384048,0.3197998,103.39
462200,0.39,0.58,0.03,0.06295966,0.06926759,0.5738027,142.25
462300,0.45,0.53,0.02,0.06709485,0.06227733,0.6780049,133.21
462400,0.41,0.56,0.03,0.07016442,0.08238704,0.6156031,131.13
462500,0.42,0.55,0.03,0.06572243,0.06455339,0.1579999,146.3
462600,0.48,0.5,0.02,0.06483216,0.05848425,0.6204023,135.34
462700,0.41,0.57,0.02,0.08744426,0.100715,0.4276025,110.07
462800,0.5,0.48,0.02,0.07155219,0.07286589,0.6210018,135.13
462900,0.44,0.52,0.04,0.06832092,0.0733204,0.612205,135.48
463000,0.51,0.46,0.03,0.0723289,0.06320986,0.7152045,146.87
463100,0.43,0.57,0,0.07681476,0.07061592,0.3595997,122.14
463200,0.46,0.5,0.04,0.1015441,0.09547263,0.997609,141.46
463300,0.45,0.54,0.01,0.07476475,0.08478983,0.6052017,134.58
463400,0.42,0.55,0.03,0.06824065,0.0820464,0.9818063,145.52
463500,0.44,0.53,0.03,0.06563282,0.05968697,0.4940018,162.5
463600,0.47,0.49,0.04,0.08267464,0.09599417,0.8922049,145.84
463700,0.45,0.54,0.01,0.07772592,0.0770129,0.478402,123.32
463800,0.41,0.56,0.03,0.08014514,0.08436977,0.460002,137.68
463900,0.55,0.43,0.02,0.07843176,0.07454924,0.4516016,109.08
464000,0.42,0.55,0.03,0.06810497,0.06299638,0.8546072,138.79
464100,0.36,0.63,0.01,0.06967943,0.06285176,0.2041999,123.54
464200,0.42,0.58,0,0.06780902,0.05831849,0.3895997,135.2
464300,0.5,0.5,0,0.1008187,0.09812321,0.2429998,109.24
464400,0.46,0.52,0.02,0.06973055,0.06416476,0.6766039,136.78
464500,0.38,0.6,0.02,0.09121906,0.1104084,0.4104019,126.97
464600,0.41,0.58,0.01,0.07239528,0.07371131,0.4992025,120.75
464700,0.39,0.58,0.03,0.07724703,0.07151339,0.7362052,133.37
464800,0.55,0.44,0.01,0.08929399,0.08701756,0.4498021,110.08
464900,0.38,0.58,0.04,0.08482975,0.08429715,0.8144063,127.57
465000,0.47,0.53,0,0.08741763,0.08261247,0.4011996,109.73
465100,0.44,0.54,0.02,0.09231754,0.09197912,0.5868039,116.94
465200,0.46,0.51,0.03,0.06306607,0.0587758,0.8294062,136.44
465300,0.46,0.52,0.02,0.07135639,0.07075432,0.574603,125.36
465400,0.29,0.7,0.01,0.08636307,0.09529793,0.3377997,135.16
465500,0.4,0.6,0,0.06772634,0.07224157,0.2351998,109.62
465600,0.4,0.56,0.04,0.06788527,0.06720268,0.5962041,150.93
465700,0.44,0.55,0.01,0.08967496,0.08638417,0.4512021,118.05
465800,0.5,0.49,0.01,0.07613946,0.07082362,0.476002,118.92
465900,0.47,0.53,0,0.07426926,0.07318646,0.4894001,116.86
466000,0.48,0.49,0.03,0.07774387,0.08351671,0.7008049,147.59
466100,0.5,0.49,0.01,0.08038292,0.09106891,0.4308023,98.92
466200,0.44,0.55,0.01,0.06755511,0.05966512,0.2957998,119.52
466300,0.45,0.51,0.04,0.08858336,0.08096926,0.8194063,145.36
466400,0.49,0.5,0.01,0.08336281,0.08617799,0.3656017,103.31
466500,0.38,0.62,0,0.07892054,0.08791512,0.1359999,93.31
466600,0.42,0.56,0.02,0.06901085,0.06820422,0.6216043,130.16
466700,0.39,0.58,0.03,0.07501452,0.07664707,0.6172062,127.76
466800,0.47,0.52,0.01,0.09403691,0.09940793,0.3873999,120.57
466900,0.43,0.56,0.01,0.1046051,0.09616243,0.4492024,105.17
467000,0.46,0.53,0.01,0.08213203,0.08298397,0.4978023,119.81
467100,0.46,0.52,0.02,0.06930257,0.06850923,0.4802021,126.72
467200,0.44,0.54,0.02,0.07130693,0.06899153,0.5940049,110.44
467300,0.44,0.56,0,0.09449677,0.1076179,0.2953998,111.34
467400,0.36,0.6,0.04,0.07393768,0.08188664,1.026809,148.23
467500,0.45,0.55,0,0.0875725,0.0909762,0.2601998,91.3
467600,0.5,0.49,0.01,0.0627372,0.05781024,0.5004007,153.54
467700,0.48,0.51,0.01,0.09040959,0.08914378,0.5112022,96.58
467800,0.41,0.56,0.03,0.07231197,0.06752045,0.8668051,164.8
467900,0.39,0.59,0.02,0.07507948,0.07432551,0.4246038,147.53
468000,0.4,0.6,0,0.07345321,0.07057868,0.3041997,115.86
468100,0.45,0.53,0.02,0.07254462,0.07542159,0.3155997,142.99
468200,0.39,0.59,0.02,0.08113733,0.08249117,0.5192045,130.23
468300,0.5,0.49,0.01,0.08260082,0.1007037,0.5210021,103.8
468400,0.43,0.56,0.01,0.078558,0.07305288,0.2665998,112.01
468500,0.43,0.57,0,0.1132116,0.09962229,0.2875998,100.95
468600,0.51,0.44,0.05,0.08076701,0.08390018,1.113411,149.45
468700,0.47,0.51,0.02,0.08719715,0.07498992,0.6252035,130.49
468800,0.5,0.5,0,0.05816828,0.05670962,0.4555997,122.68
468900,0.42,0.55,0.03,0.08976067,0.09152845,0.845207,133.68
469000,0.39,0.6,0.01,0.08809988,0.08623436,0.3674019,120.38
469100,0.48,0.51,0.01,0.08454514,0.09002031,0.370002,127.35
469200,0.52,0.46,0.02,0.07004884,0.07216233,0.6964041,129.15
469300,0.44,0.52,0.04,0.09721868,0.1073331,0.9190069,159.96
469400,0.35,0.63,0.02,0.08757257,0.09085903,0.4980041,119.19
469500,0.46,0.54,0,0.07574616,0.07677994,0.2589998,105.6
469600,0.53,0.44,0.03,0.07679638,0.07655344,0.9134073,126.41
469700,0.47,0.51,0.02,0.07361002,0.06973315,0.6018043,132.06
469800,0.38,0.58,0.04,0.08059781,0.08160427,0.9204069,156.16
469900,0.47,0.5,0.03,0.08886685,0.07869079,0.9734067,134.72
470000,0.43,0.56,0.01,0.07510767,0.07313544,0.4076016,116.88
470100,0.43,0.55,0.02,0.1042586,0.09545281,0.6066049,138.84
470200,0.34,0.64,0.02,0.07340243,0.07951773,0.4214024,119.1
470300,0.53,0.47,0,0.07464073,0.08688422,0.5117996,125.55
470400,0.45,0.54,0.01,0.07515454,0.07597862,0.6226017,125.86
470500,0.49,0.51,0,0.08660191,0.09068541,0.3007998,115.32
470600,0.38,0.6,0.02,0.1017866,0.1087247,0.6970046,125.51
470700,0.36,0.63,0.01,0.08799472,0.09051806,0.3349997,116.9
470800,0.43,0.54,0.03,0.09990291,0.1065856,0.8542061,123.61
470900,0.44,0.55,0.01,0.06766924,0.06467813,0.3545998,117.45
471000,0.41,0.58,0.01,0.06642337,0.06177082,0.7190017,144.52
471100,0.56,0.44,0,0.0728288,0.08093572,0.2933998,104.65
471200,0.47,0.52,0.01,0.08473397,0.07903782,0.5698016,109.39
471300,0.41,0.56,0.03,0.0724134,0.06704623,0.5206041,130.02
471400,0.47,0.52,0.01,0.0818098,0.09181117,0.4260021,112.23
471500,0.42,0.56,0.02,0.0801206,0.07974962,0.7104042,139.66
471600,0.5,0.49,0.01,0.06575936,0.05921999,0.5004023,111.92
471700,0.42,0.53,0.05,0.08479807,0.09765084,1.068209,146.04
471800,0.46,0.53,0.01,0.08229,0.08034751,0.4542025,130.6
471900,0.5,0.5,0,0.0734809,0.07634981,0.1819999,112.07
472000,0.45,0.55,0,0.08020373,0.07545324,0.3817997,135.6
472100,0.49,0.51,0,0.07494493,0.07433291,0.3479997,111.28
472200,0.39,0.58,0.03,0.07301936,0.07462414,0.6258043,146.27
472300,0.48,0.5,0.02,0.08080107,0.08664618,0.4293997,116.69
472400,0.47,0.53,0,0.06566995,0.06551042,0.1895999,102.49
472500,0.4,0.56,0.04,0.07166888,0.06510907,0.6488042,155.75
472600,0.41,0.56,0.03,0.0667388,0.05605641,0.6678039,144.69
472700,0.41,0.58,0.01,0.07918854,0.07435389,0.500802,112.93
472800,0.47,0.53,0,0.08796769,0.09908319,0.4524006,110.05
472900,0.42,0.57,0.01,0.07205615,0.06952881,0.2231998,122.55
473000,0.41,0.58,0.01,0.05676075,0.05651014,0.472202,125.46
473100,0.42,0.55,0.03,0.06523402,0.05581928,0.8694052,146
473200,0.41,0.59,0,0.07303335,0.08077459,0.3643997,124.77
473300,0.57,0.42,0.01,0.0685697,0.06262213,0.481802,111.66
473400,0.52,0.47,0.01,0.07577261,0.06997895,0.5936015,132.25
473500,0.42,0.57,0.01,0.07339527,0.07285339,0.4190021,116.91
473600,0.43,0.55,0.02,0.08570008,0.08831979,0.430602,143.83
473700,0.46,0.51,0.03,0.07852759,0.08607902,0.5978046,135.13
473800,0.5,0.5,0,0.08003631,0.09894071,0.4833996,119.23
473900,0.37,0.61,0.02,0.07761338,0.07973721,0.1415999,123.54
474000,0.48,0.5,0.02,0.0716847,0.07095078,0.7458041,144.79
474100,0.44,0.54,0.02,0.06795955,0.05813909,0.5490023,140.57
474200,0.43,0.56,0.01,0.0733581,0.08211911,0.4720019,122.22
474300,0.42,0.57,0.01,0.06528357,0.06557971,0.3143998,113.44
474400,0.42,0.56,0.02,0.0740364,0.07010037,0.4546022,115.22
474500,0.48,0.52,0,0.07498482,0.08416238,0.2701998,90.42
474600,0.4,0.59,0.01,0.07872374,0.08070491,0.4944023,118.78
474700,0.5,0.5,0,0.06588291,0.06575976,0.3283997,114.55
474800,0.41,0.54,0.05,0.06292548,0.06240832,0.9762093,152.88
474900,0.45,0.54,0.01,0.07614561,0.07844305,0.588602,118.34
475000,0.46,0.53,0.01,0.07509425,0.06860809,0.4222023,113.68
475100,0.47,0.53,0,0.0936501,0.09255025,0.2043998,127.35
475200,0.5,0.48,0.02,0.0759121,0.07466496,0.6796046,142.8
475300,0.42,0.57,0.01,0.08644526,0.08435328,0.5070022,105.66
475400,0.44,0.56,0,0.0718849,0.06855163,0.2959998,105.91
475500,0.47,0.5,0.03,0.08118967,0.08264282,0.9354064,133.08
475600,0.46,0.53,0.01,0.09288046,0.1025042,0.3972023,100.27
475700,0.5,0.49,0.01,0.07021492,0.06233272,0.4432024,121.3
475800,0.43,0.56,0.01,0.07758111,0.08984914,0.4982024,132.87
475900,0.5,0.5,0,0.06629433,0.06282368,0.3325998,111.6
476000,0.37,0.62,0.01,0.09310845,0.09717038,0.5546017,121.82
476100,0.4,0.6,0,0.07044388,0.0650844,0.3263998,106.31
476200,0.42,0.54,0.04,0.06423894,0.06565044,1.12161,165.18
476300,0.41,0.57,0.02,0.07204133,0.07892099,0.4962019,128.28
476400,0.51,0.49,0,0.08206582,0.08821651,0.3657997,108.99
476500,0.41,0.58,0.01,0.07525907,0.08063043,0.3351997,123.27
476600,0.34,0.61,0.05,0.06374124,0.06770426,0.9492068,162.16
476700,0.31,0.65,0.04,0.06315645,0.05724529,0.9282091,155.77
476800,0.49,0.47,0.04,0.06598285,0.06594855,1.07841,147.52
476900,0.44,0.55,0.01,0.0761357,0.06197354,0.4966021,123.42
477000,0.47,0.51,0.02,0.08116392,0.08240326,0.4564023,119.04
477100,0.39,0.59,0.02,0.06870396,0.06250446,0.4882038,131.41
477200,0.37,0.62,0.01,0.08129177,0.08654973,0.4240023,121.45
477300,0.41,0.54,0.05,0.09296076,0.1019564,1.088809,161.88
477400,0.51,0.48,0.01,0.0715188,0.06231355,0.6456016,146.5
477500,0.34,0.65,0.01,0.0884553,0.1072828,0.3634019,116.47
477600,0.42,0.57,0.01,0.07961734,0.08843047,0.3714025,126.31
477700,0.48,0.51,0.01,0.07340136,0.07727344,0.5488017,137.54
477800,0.45,0.53,0.02,0.0838161,0.1075662,0.7178043,121.59
477900,0.42,0.56,0.02,0.09139765,0.0987084,0.357402,117.69
478000,0.41,0.59,0,0.09346617,0.09222924,0.2309999,119.21
478100,0.51,0.48,0.01,0.07017305,0.07612987,0.6122015,114.31
478200,0.55,0.43,0.02,0.07504439,0.07651808,0.7752021,135.18
478300,0.46,0.52,0.02,0.08089988,0.07338759,0.696604,134.71
478400,0.41,0.56,0.03,0.07463603,0.07244872,0.7580063,132.63
478500,0.49,0.5,0.01,0.08915279,0.1086478,0.5582022,128.1
478600,0.46,0.52,0.02,0.07966688,0.06831241,0.5156037,134.42
478700,0.47,0.53,0,0.06853894,0.07048669,0.2897998,116.89
478800,0.42,0.55,0.03,0.07331262,0.08168639,0.7166041,152.13
478900,0.55,0.43,0.02,0.07435798,0.07250811,0.6330024,120.62
479000,0.38,0.62,0,0.07670651,0.08779126,0.2307998,152.37
479100,0.37,0.61,0.02,0.07789036,0.07894289,0.4016019,124
479200,0.35,0.63,0.02,0.07444958,0.07119393,0.5448042,131.36
479300,0.49,0.5,0.01,0.09249758,0.1041275,0.6000021,116.97
479400,0.46,0.52,0.02,0.07736909,0.07910538,0.5538049,130.8
479500,0.43,0.57,0,0.08365334,0.07453343,0.2101998,102.17
479600,0.42,0.56,0.02,0.06980081,0.06845227,0.6556037,121.89
479700,0.41,0.55,0.04,0.07541767,0.07057969,0.9724093,148.88
479800,0.43,0.54,0.03,0.0953914,0.09257001,0.690003,129.68
479900,0.39,0.59,0.02,0.09594529,0.09672735,0.509804,115.9
480000,0.42,0.57,0.01,0.06964102,0.06148152,0.5610016,107.91
480100,0.46,0.54,0,0.07668209,0.08013272,0.4171997,123.11
480200,0.45,0.53,0.02,0.08558504,0.08960918,0.6956049,113.01
480300,0.45,0.54,0.01,0.0698248,0.059903,0.4360021,106.1
480400,0.42,0.54,0.04,0.1002262,0.1190545,0.826607,146.05
480500,0.45,0.53,0.02,0.0783627,0.09346474,0.3817997,120
480600,0.43,0.57,0,0.07880392,0.09699998,0.1729999,103.88
480700,0.46,0.54,0,0.09491348,0.1174729,0.2221998,108.27
480800,0.42,0.54,0.04,0.06815729,0.06459855,0.7328044,157.52
480900,0.41,0.59,0,0.07205327,0.0619421,0.2117998,123.99
481000,0.39,0.56,0.05,0.08639953,0.08297385,1.11601,157.71
481100,0.46,0.52,0.02,0.08600818,0.08341916,0.5344017,150.83
481200,0.46,0.5,0.04,0.07080758,0.07478754,0.8668066,140.47
481300,0.35,0.64,0.01,0.08302896,0.09474987,0.4020024,121.58
481400,0.35,0.63,0.02,0.09159858,0.08792956,0.1695999,136.4
481500,0.45,0.52,0.03,0.0671424,0.06562866,0.5192025,168.17
481600,0.44,0.54,0.02,0.07228876,0.0612787,0.5780028,120.63
481700,0.51,0.47,0.02,0.07765178,0.07539193,0.5722027,127.32
481800,0.45,0.53,0.02,0.0830762,0.08529291,0.5906024,131.82
481900,0.45,0.53,0.02,0.07083867,0.0710898,0.3963997,113.37
482000,0.39,0.59,0.02,0.07110965,0.06999939,0.6346014,132.8
482100,0.51,0.48,0.01,0.06307182,0.06501308,0.6644022,128.82
482200,0.39,0.57,0.04,0.08565509,0.09889729,0.9198084,131.54
482300,0.43,0.55,0.02,0.09853479,0.09807099,0.6062043,122.57
482400,0.48,0.52,0,0.07088342,0.06083403,0.4389996,116.68
482500,0.56,0.43,0.01,0.1000528,0.1030285,0.4810022,111.81
482600,0.4,0.59,0.01,0.06907654,0.07044233,0.1805999,111.76
482700,0.5,0.48,0.02,0.06541952,0.06234135,0.7610041,132.66
482800,0.46,0.53,0.01,0.08717489,0.0899317,0.3681997,106.6
482900,0.45,0.54,0.01,0.0855531,0.0812653,0.4462022,95.02
483000,0.43,0.55,0.02,0.06701528,0.06212517,0.7260038,126.81
483100,0.39,0.57,0.04,0.07541418,0.1048762,0.9164081,116.41
483200,0.37,0.61,0.02,0.08529868,0.09806129,0.4966019,129.64
483300,0.52,0.47,0.01,0.08463382,0.1013275,0.4023997,135.28
483400,0.49,0.5,0.01,0.08411271,0.1025747,0.4360023,107.33
483500,0.4,0.57,0.03,0.09600322,0.09894494,0.7748068,126.78
483600,0.41,0.58,0.01,0.06991577,0.06341477,0.4940022,117.75
483700,0.39,0.59,0.02,0.07523619,0.06906103,0.6338047,140.77
483800,0.39,0.61,0,0.07346341,0.08102839,0.2509998,99.63
483900,0.44,0.53,0.03,0.06823718,0.06355286,0.7580044,141.59
484000,0.45,0.54,0.01,0.08269491,0.08773627,0.594802,101.24
484100,0.48,0.5,0.02,0.05752174,0.05207784,0.5376011,146.85
484200,0.47,0.53,0,0.06772112,0.06558535,0.2695998,102.98
484300,0.49,0.5,0.01,0.0789029,0.08750147,0.5420017,102.08
484400,0.48,0.51,0.01,0.07769596,0.0812021,0.3727996,135.32
484500,0.45,0.53,0.02,0.07396207,0.07334295,0.6330038,139.9
484600,0.44,0.53,0.03,0.07903418,0.08910958,1.003407,163.78
484700,0.51,0.47,0.02,0.08328828,0.07695149,0.6842046,116.24
484800,0.5,0.47,0.03,0.07775544,0.08463663,1.045406,142.67
484900,0.47,0.52,0.01,0.07620714,0.07397208,0.5548022,116.61
485000,0.47,0.51,0.02,0.07354081,0.07438665,0.3268019,108.24
485100,0.45,0.53,0.02,0.06475342,0.06520092,0.6410043,138.84
485200,0.45,0.54,0.01,0.08320699,0.07774261,0.3283998,103.32
485300,0.41,0.59,0,0.0626414,0.05486361,0.2087999,124.27
485400,0.41,0.58,0.01,0.06645446,0.05862576,0.4356018,112.33
485500,0.34,0.63,0.03,0.07283731,0.06397219,0.5372037,125.87
485600,0.47,0.5,0.03,0.08011893,0.0784776,1.116607,135.98
485700,0.46,0.53,0.01,0.06624655,0.05982978,0.4836019,116.48
485800,0.41,0.55,0.04,0.07829095,0.08485106,0.7988068,135.4
485900,0.5,0.48,0.02,0.09524886,0.1124125,0.8270046,123.51
486000,0.5,0.47,0.03,0.1001143,0.106676,0.9284065,129.42
486100,0.48,0.51,0.01,0.08110619,0.08220993,0.6544021,122.19
486200,0.32,0.66,0.02,0.08047457,0.07917868,0.5072018,129.86
486300,0.46,0.51,0.03,0.08264933,0.08539865,1.064606,145.84
486400,0.45,0.54,0.01,0.0722282,0.07678977,0.4784016,124.5
486500,0.49,0.5,0.01,0.08725984,0.1004109,0.7808034,114.69
486600,0.48,0.5,0.02,0.06907154,0.07921949,0.6472043,121.22
486700,0.43,0.56,0.01,0.07026113,0.0884553,0.736402,120.88
486800,0.38,0.58,0.04,0.06032162,0.06270399,0.9154085,155.85
486900,0.48,0.51,0.01,0.09709283,0.1032096,0.5482017,107.86
487000,0.42,0.56,0.02,0.06510472,0.06415159,0.5506037,125.68
487100,0.51,0.49,0,0.07581213,0.07313559,0.4125997,123.56
487200,0.47,0.5,0.03,0.07273862,0.07069609,0.7652051,118.79
487300,0.41,0.58,0.01,0.08138341,0.0876993,0.4242025,112.36
487400,0.5,0.5,0,0.06519571,0.06394789,0.4955996,125.39
487500,0.37,0.59,0.04,0.07894931,0.07579178,0.7972078,155.54
487600,0.47,0.52,0.01,0.06875854,0.06902286,0.4156025,118.65
487700,0.48,0.49,0.03,0.07167372,0.08019295,0.545602,150.25
487800,0.45,0.53,0.02,0.08286731,0.07599934,0.7266045,129.88
487900,0.43,0.53,0.04,0.06421587,0.06317261,0.9180068,154.19
488000,0.46,0.52,0.02,0.07916917,0.09075284,0.6256045,128.94
488100,0.41,0.58,0.01,0.08679626,0.1025826,0.4542024,102.75
488200,0.43,0.56,0.01,0.07046426,0.06450056,0.3966022,106.86
488300,0.44,0.51,0.05,0.08919341,0.09816562,1.000008,145.78
488400,0.44,0.54,0.02,0.08568367,0.08873136,0.5748039,134.61
488500,0.46,0.5,0.04,0.07843464,0.0791662,1.067009,126.37
488600,0.36,0.64,0,0.07462729,0.0762685,0.2083998,108.61
488700,0.41,0.58,0.01,0.08719625,0.1034307,0.3912009,103.98
488800,0.51,0.44,0.05,0.07168115,0.07999714,1.23261,152.67
488900,0.49,0.48,0.03,0.07811112,0.07936186,0.7530038,137.9
489000,0.44,0.55,0.01,0.06592034,0.05649282,0.3773997,126.66
489100,0.35,0.62,0.03,0.07517735,0.07839733,0.7526043,153.89
489200,0.34,0.66,0,0.08048095,0.07281169,0.1647999,105.27
489300,0.45,0.54,0.01,0.07507211,0.07773295,0.4110015,117.77
489400,0.42,0.58,0,0.08051027,0.09027267,0.2195998,103.9
489500,0.46,0.5,0.04,0.07867002,0.07808548,1.016808,145.45
489600,0.5,0.5,0,0.07601988,0.07544448,0.2149999,106.05
489700,0.34,0.62,0.04,0.0875899,0.08835275,0.8500082,129.61
489800,0.47,0.5,0.03,0.07559358,0.08226657,0.8414047,136.5
489900,0.4,0.59,0.01,0.06409539,0.05618884,0.2985997,128.01
490000,0.44,0.51,0.05,0.1362971,0.1646737,0.7562052,141.48
490100,0.34,0.66,0,0.1107286,0.1156007,0.2233998,120.43
490200,0.4,0.57,0.03,0.07920116,0.07442998,0.7224067,127.87
490300,0.53,0.45,0.02,0.06718878,0.06233553,0.5666044,138.43
490400,0.39,0.56,0.05,0.08583076,0.08647536,0.7790065,149.5
490500,0.44,0.53,0.03,0.06255627,0.06632534,0.9556068,138.21
490600,0.47,0.52,0.01,0.08118842,0.07935634,0.4862019,120.12
490700,0.52,0.45,0.03,0.07560331,0.07708928,0.633805,135
490800,0.46,0.51,0.03,0.07088792,0.07002587,0.8452065,127.02
490900,0.38,0.61,0.01,0.06209244,0.05566631,0.4530022,134.32
491000,0.44,0.54,0.02,0.09891814,0.1048775,0.5710028,108.34
491100,0.36,0.62,0.02,0.07742566,0.0730886,0.4828024,127.98
491200,0.48,0.49,0.03,0.07558559,0.07249354,0.8992061,150.26
491300,0.5,0.49,0.01,0.1013546,0.121849,0.6694019,107.02
491400,0.53,0.43,0.04,0.08042654,0.09082107,0.7876031,154.77
491500,0.33,0.61,0.06,0.06473375,0.06088168,1.054809,171.37
491600,0.38,0.62,0,0.07477664,0.07469387,0.1479999,104.76
491700,0.4,0.58,0.02,0.06593966,0.06541172,0.5564039,115.32
491800,0.47,0.52,0.01,0.07465205,0.07657698,0.5236021,98.01
491900,0.45,0.52,0.03,0.06375104,0.06251761,0.7356039,144.3
492000,0.31,0.67,0.02,0.07001477,0.06713345,0.3618023,129.48
492100,0.38,0.6,0.02,0.05897461,0.05932466,0.533802,155.05
492200,0.49,0.5,0.01,0.07897729,0.0823587,0.397202,116.3
492300,0.5,0.48,0.02,0.07387587,0.073351,0.6070023,131.22
492400,0.36,0.62,0.02,0.07276151,0.07089369,0.7716045,146.26
492500,0.36,0.63,0.01,0.09032715,0.1046627,0.5664023,131.28
492600,0.4,0.58,0.02,0.07093644,0.07300487,0.7374037,136.82
492700,0.41,0.57,0.02,0.07441213,0.07667676,0.5204022,140.03
492800,0.41,0.57,0.02,0.06322437,0.05572595,0.822204,128.86
492900,0.42,0.57,0.01,0.07184697,0.0763133,0.5300022,132.97
493000,0.47,0.51,0.02,0.08666128,0.08662456,0.5404037,121.6
493100,0.46,0.53,0.01,0.0755766,0.07569817,0.6766022,109.6
493200,0.5,0.48,0.02,0.06343116,0.06451757,0.601202,142.28
493300,0.43,0.57,0,0.06906041,0.06716581,0.3323998,111.63
493400,0.49,0.5,0.01,0.07975234,0.09082324,0.5316021,105.14
493500,0.47,0.51,0.02,0.07868456,0.08336296,0.6902049,157.48
493600,0.43,0.54,0.03,0.08651431,0.09835161,0.7782043,130.6
493700,0.44,0.56,0,0.08721003,0.07942559,0.3657998,111.11
493800,0.42,0.55,0.03,0.08136899,0.08690643,0.686205,146.09
493900,0.46,0.52,0.02,0.07219534,0.06845121,0.5834041,114.54
494000,0.48,0.51,0.01,0.0686145,0.08222451,0.4946024,134.91
494100,0.48,0.5,0.02,0.06776128,0.06894249,0.8656048,113.04
494200,0.4,0.6,0,0.08336159,0.0894466,0.2923998,116.17
494300,0.45,0.53,0.02,0.08110286,0.07849464,0.6454022,130.24
494400,0.43,0.55,0.02,0.0777936,0.07437291,0.6874038,121.53
494500,0.52,0.45,0.03,0.06232861,0.05953627,1.013007,143.85
494600,0.44,0.56,0,0.0718834,0.06288267,0.2793998,104.45
494700,0.33,0.64,0.03,0.08157631,0.06701232,0.3812018,125
494800,0.53,0.46,0.01,0.07047618,0.07063878,0.4017997,100.19
494900,0.4,0.57,0.03,0.07018371,0.06907102,0.7602051,144.15
495000,0.47,0.52,0.01,0.07372408,0.06557959,0.552402,116.19
495100,0.43,0.55,0.02,0.07677519,0.06923137,0.3952023,121.83
495200,0.45,0.53,0.02,0.07965181,0.08042389,0.6094016,146.2
495300,0.43,0.57,0,0.07587771,0.07535564,0.3543998,107.11
495400,0.43,0.52,0.05,0.08963003,0.1044695,1.20301,157.11
495500,0.39,0.59,0.02,0.07361142,0.06743158,0.6208048,125.4
495600,0.43,0.55,0.02,0.08262207,0.09579021,0.5934022,134.47
495700,0.47,0.5,0.03,0.07833011,0.08865727,0.4942028,118.93
495800,0.41,0.58,0.01,0.06592756,0.06010226,0.3842018,129.17
495900,0.51,0.47,0.02,0.07140869,0.07212669,0.5602021,112.83
496000,0.47,0.49,0.04,0.06326812,0.06076641,0.7714064,157.53
496100,0.48,0.52,0,0.07217332,0.07721576,0.4797996,107.95
496200,0.46,0.5,0.04,0.09444144,0.09902768,0.9126091,143.34
496300,0.47,0.52,0.01,0.07934603,0.08612305,0.4932025,105.69
496400,0.47,0.52,0.01,0.07989453,0.1048986,0.5554016,117.77
496500,0.45,0.51,0.04,0.06533834,0.05817072,0.6904033,140.99
496600,0.43,0.55,0.02,0.06294973,0.05863566,0.4332017,132
496700,0.49,0.49,0.02,0.06183708,0.06207262,0.6760042,135.76
496800,0.41,0.58,0.01,0.07889321,0.08434163,0.390602,113.13
496900,0.48,0.5,0.02,0.09102568,0.09784705,0.6612042,122.87
497000,0.46,0.54,0,0.08849443,0.0808101,0.3193997,106.59
497100,0.45,0.51,0.04,0.0709667,0.07780843,1.143008,154.99
497200,0.49,0.49,0.02,0.08248066,0.07736805,0.5298025,129.61
497300,0.47,0.51,0.02,0.08104955,0.07854172,0.6750048,117.28
497400,0.53,0.46,0.01,0.07088099,0.07033055,0.4086021,117.54
497500,0.44,0.54,0.02,0.08829465,0.1139444,0.5874045,109.64
497600,0.48,0.49,0.03,0.05837088,0.05741218,0.6908038,153.79
497700,0.46,0.53,0.01,0.06977872,0.062791,0.4526021,105.65
497800,0.53,0.47,0,0.07481787,0.07611414,0.3761998,104.33
497900,0.54,0.46,0,0.08701552,0.08453815,0.2335998,103.35
498000,0.39,0.57,0.04,0.06749256,0.08348748,1.229408,167
498100,0.42,0.54,0.04,0.0629459,0.066766,0.7138047,163.67
498200,0.38,0.6,0.02,0.06436962,0.0621005,0.6648045,146.31
498300,0.41,0.56,0.03,0.0863442,0.10492,0.6390042,118.45
498400,0.39,0.59,0.02,0.07403295,0.07879028,0.4562023,118.41
498500,0.44,0.53,0.03,0.06802811,0.07401417,0.9154063,139.52
498600,0.39,0.58,0.03,0.06219075,0.06455211,0.8186064,147.75
498700,0.42,0.57,0.01,0.08749838,0.0888533,0.4390024,110.65
498800,0.45,0.53,0.02,0.0768527,0.07581028,0.6358042,119.91
498900,0.39,0.6,0.01,0.08235074,0.09711368,0.4390025,124.47
499000,0.51,0.48,0.01,0.1068233,0.1195266,0.4840019,106.61
499100,0.34,0.63,0.03,0.101843,0.1042142,0.694803,131.78
499200,0.43,0.57,0,0.07060293,0.07779393,0.4349996,111.41
499300,0.49,0.49,0.02,0.08109429,0.07945051,0.7772046,141.65
499400,0.54,0.43,0.03,0.06991871,0.07792218,0.7296047,130.77
499500,0.45,0.53,0.02,0.06102644,0.06440903,0.7126039,124.83
499600,0.46,0.51,0.03,0.0724304,0.06638942,0.5582044,107.96
499700,0.36,0.64,0,0.08023947,0.07908149,0.2635998,116.94
499800,0.44,0.54,0.02,0.09651283,0.1018246,0.7210039,150.41
499900,0.49,0.49,0.02,0.09612101,0.1202428,0.6010036,125.18
500000,0.41,0.54,0.05,0.08105027,0.07500961,0.7778048,172.09
500100,0.46,0.5,0.04,0.07723543,0.07443252,0.8110073,138.15
500200,0.4,0.59,0.01,0.08543603,0.08472466,0.4774022,124.61
500300,0.45,0.55,0,0.08134507,0.07305987,0.2081999,102.11
500400,0.5,0.49,0.01,0.07181145,0.07453702,0.4343997,129.73
500500,0.4,0.59,0.01,0.08956245,0.09979909,0.5016021,140.35
500600,0.51,0.49,0,0.08764125,0.09387764,0.4205997,110.33
500700,0.45,0.54,0.01,0.1009259,0.1020605,0.3964016,117.8
500800,0.56,0.41,0.03,0.07000083,0.061869,1.064606,146.39
500900,0.36,0.59,0.05,0.0728981,0.07787816,0.9470087,163.2
501000,0.39,0.58,0.03,0.09415903,0.08542637,0.4666021,115.99
501100,0.4,0.59,0.01,0.07646332,0.07193878,0.4316021,111.47
501200,0.39,0.6,0.01,0.09702528,0.08679713,0.2335998,117.63
501300,0.41,0.57,0.02,0.07733617,0.072979,0.4662023,124.11
501400,0.46,0.53,0.01,0.08314776,0.09499887,0.4198019,110.43
501500,0.47,0.5,0.03,0.07731166,0.08719503,0.9638066,135.38
501600,0.38,0.62,0,0.07487639,0.072935,0.4014013,109.74
501700,0.47,0.52,0.01,0.07701662,0.08504585,0.4896019,114.94
501800,0.47,0.5,0.03,0.06567108,0.05874142,0.6354041,142.11
501900,0.42,0.57,0.01,0.06894332,0.06743602,0.4056016,116.19
502000,0.51,0.46,0.03,0.07272892,0.0788708,0.781205,140.5
502100,0.43,0.54,0.03,0.0693745,0.059559,0.6580031,142.27
502200,0.45,0.55,0,0.08494269,0.08731884,0.2867998,104.87
502300,0.38,0.58,0.04,0.07525127,0.07434522,0.703006,134.11
502400,0.47,0.51,0.02,0.08787315,0.08810104,0.8088041,128.5
502500,0.49,0.49,0.02,0.07049249,0.07209907,0.5942051,119.75
502600,0.49,0.5,0.01,0.06582384,0.0625132,0.5998021,114.34
502700,0.43,0.54,0.03,0.07292707,0.08348537,0.5938042,131.75
502800,0.48,0.5,0.02,0.07084075,0.07598902,0.7730042,136.33
502900,0.47,0.52,0.01,0.07279214,0.08498304,0.5326017,124.84
503000,0.39,0.59,0.02,0.06735908,0.06365314,0.7162045,120.05
503100,0.48,0.49,0.03,0.06756889,0.06504697,0.8290069,116.09
503200,0.48,0.48,0.04,0.0869875,0.1125115,0.9864063,147.89
503300,0.47,0.51,0.02,0.08018657,0.0792109,0.6106046,108.57
503400,0.46,0.53,0.01,0.07843754,0.08977026,0.5284019,110.57
503500,0.44,0.53,0.03,0.07462028,0.07790832,0.915406,141.93
503600,0.38,0.57,0.05,0.06718028,0.06519106,1.14941,158.61
503700,0.44,0.52,0.04,0.09874348,0.1099449,0.9550067,153.22
503800,0.4,0.58,0.02,0.07325348,0.08149698,0.4118013,125.9
503900,0.44,0.56,0,0.0922496,0.1085081,0.4293996,110.24
504000,0.4,0.59,0.01,0.08511481,0.08877423,0.3738021,121.19
504100,0.51,0.46,0.03,0.07636335,0.08527525,0.6674041,115.6
504200,0.41,0.57,0.02,0.09577922,0.08468992,0.3980014,117.63
504300,0.42,0.58,0,0.09588191,0.1291447,0.2507998,102.93
504400,0.4,0.59,0.01,0.075378,0.08180641,0.4026021,123.42
504500,0.42,0.56,0.02,0.08732353,0.08728603,0.7394038,134.04
504600,0.44,0.54,0.02,0.08256727,0.08300387,0.6730044,140.24
504700,0.49,0.51,0,0.08423425,0.09387951,0.3251997,98.73
504800,0.44,0.53,0.03,0.0768968,0.07236098,0.7918052,141
504900,0.39,0.58,0.03,0.07758741,0.07560906,0.7216045,139.07
505000,0.35,0.64,0.01,0.07720464,0.07640769,0.4708025,111.03
505100,0.47,0.52,0.01,0.06847829,0.06795387,0.4198025,124.6
505200,0.46,0.5,0.04,0.07000331,0.07501236,0.9726092,132.01
505300,0.4,0.6,0,0.06641433,0.06014901,0.1491999,99.16
505400,0.44,0.54,0.02,0.08508716,0.08679285,0.1789999,119.04
505500,0.38,0.62,0,0.06589792,0.05945947,0.2329998,112.36
505600,0.36,0.61,0.03,0.06824782,0.06486534,0.7900062,144.58
505700,0.48,0.51,0.01,0.07380229,0.07741994,0.3724011,120.02
505800,0.42,0.58,0,0.09351972,0.1002265,0.2963998,135.79
505900,0.47,0.51,0.02,0.07060685,0.06669129,0.654004,106.16
506000,0.51,0.46,0.03,0.08712295,0.08958086,0.7552052,135.16
506100,0.41,0.55,0.04,0.06932846,0.06997094,0.7786071,134.52
506200,0.37,0.61,0.02,0.108243,0.1177591,0.4608031,114.03
506300,0.39,0.59,0.02,0.05987678,0.05565187,0.2549998,145.23
506400,0.41,0.55,0.04,0.09275535,0.08906388,1.074609,134.78
506500,0.5,0.49,0.01,0.06744779,0.07243815,0.4110008,119.47
506600,0.37,0.61,0.02,0.08369422,0.09300575,0.706004,135.8
506700,0.5,0.46,0.04,0.07343838,0.06916048,1.014009,140.37
506800,0.41,0.58,0.01,0.06849574,0.08251313,0.4098021,141.17
506900,0.41,0.56,0.03,0.08277312,0.07771874,0.6250037,134.51
507000,0.48,0.48,0.04,0.06563146,0.06255382,0.7700061,141.06
507100,0.4,0.58,0.02,0.07731862,0.07206959,0.6534042,136.76
507200,0.46,0.53,0.01,0.06534655,0.06224722,0.5410019,144.87
507300,0.5,0.48,0.02,0.07361515,0.07058635,0.7344041,121.95
507400,0.4,0.57,0.03,0.1097575,0.1334291,0.586805,118.66
507500,0.46,0.54,0,0.06779307,0.07868441,0.2801998,107.13
507600,0.6,0.38,0.02,0.06997745,0.08324205,0.5944024,144.82
507700,0.42,0.58,0,0.06924483,0.06642361,0.1973998,103.29
507800,0.44,0.54,0.02,0.08522929,0.08909903,0.4408023,125.91
507900,0.44,0.54,0.02,0.08408455,0.08292213,0.6194034,143.06
508000,0.45,0.54,0.01,0.06951587,0.07288934,0.6628017,118.02
508100,0.41,0.56,0.03,0.09900978,0.09907064,0.8212073,142.38
508200,0.55,0.43,0.02,0.07045648,0.07046727,0.7556041,134.28
508300,0.47,0.49,0.04,0.08299116,0.07331565,0.8496068,153.38
508400,0.45,0.52,0.03,0.05793842,0.0562605,0.7066037,168.63
508500,0.4,0.58,0.02,0.06246129,0.06264225,0.9024041,142.05
508600,0.45,0.55,0,0.06284349,0.06033582,0.3561997,116.21
508700,0.52,0.47,0.01,0.0663278,0.06195413,0.5390021,124.94
508800,0.41,0.54,0.05,0.07981166,0.07727037,0.733005,162.57
508900,0.44,0.53,0.03,0.07388179,0.08033736,0.8192071,144.43
509000,0.37,0.61,0.02,0.07332506,0.06547114,0.559002,126.86
509100,0.46,0.48,0.06,0.07660986,0.07304429,1.095809,156.06
509200,0.47,0.5,0.03,0.08107811,0.08670952,0.6634039,142.52
509300,0.46,0.52,0.02,0.1011267,0.1080132,0.5366024,116.29
509400,0.45,0.53,0.02,0.06541529,0.06857631,0.7606043,138.38
509500,0.38,0.6,0.02,0.08034652,0.07349043,0.557003,105.35
509600,0.43,0.56,0.01,0.06340636,0.06323905,0.3914017,133.46
509700,0.44,0.53,0.03,0.06485882,0.06602869,0.8112065,131.84
509800,0.53,0.46,0.01,0.06165331,0.0664026,0.4976024,129.52
509900,0.45,0.53,0.02,0.06488144,0.06202998,0.6220043,128.83
510000,0.45,0.54,0.01,0.08643592,0.08068173,0.5028024,124.96
510100,0.47,0.52,0.01,0.06751816,0.06700866,0.4468018,142.34
510200,0.46,0.51,0.03,0.06273234,0.0797272,0.4722022,146.81
510300,0.47,0.5,0.03,0.06766005,0.06051997,0.8136049,138.76
510400,0.47,0.53,0,0.08083203,0.08608664,0.2313998,100.91
510500,0.38,0.6,0.02,0.07116406,0.07146191,0.6150048,132.57
510600,0.35,0.63,0.02,0.06929436,0.07632018,0.5866048,119.55
510700,0.46,0.54,0,0.06704711,0.06579714,0.2423998,101.95
510800,0.45,0.51,0.04,0.06614517,0.06494142,0.8090073,135.93
510900,0.45,0.53,0.02,0.0627031,0.05819243,0.5136011,126.02
511000,0.41,0.54,0.05,0.07058708,0.06251241,1.150011,165.8
511100,0.42,0.55,0.03,0.07977062,0.1025531,0.7930055,147.25
511200,0.44,0.54,0.02,0.06821012,0.06448642,0.5676021,132.59
511300,0.52,0.45,0.03,0.08940241,0.1004472,1.001806,138.44
511400,0.47,0.48,0.05,0.07212342,0.06886743,1.243809,167.92
511500,0.39,0.58,0.03,0.06333672,0.06871376,0.4302022,138.64
511600,0.46,0.51,0.03,0.06969441,0.06994471,0.6694045,142.47
511700,0.39,0.6,0.01,0.06480656,0.06482908,0.2571998,128.11
511800,0.43,0.53,0.04,0.07336787,0.08051069,0.9626069,144.89
511900,0.39,0.59,0.02,0.05863168,0.05953926,0.5202024,130.97
512000,0.53,0.46,0.01,0.08766734,0.09275196,0.4616018,111.66
512100,0.5,0.49,0.01,0.07274546,0.07234465,0.5122015,127.71
512200,0.41,0.59,0,0.09175055,0.09085976,0.2709998,108.09
512300,0.43,0.55,0.02,0.08093627,0.08179014,0.6778046,115.16
512400,0.48,0.51,0.01,0.08883682,0.094013,0.5322022,114.55
512500,0.43,0.56,0.01,0.06514697,0.05746073,0.4808017,116.06
512600,0.46,0.52,0.02,0.06004369,0.05293247,0.6770046,122.17
512700,0.46,0.52,0.02,0.08076286,0.08213734,0.6556037,116.98
512800,0.37,0.63,0,0.07897284,0.07866291,0.2469998,117.37
512900,0.36,0.61,0.03,0.07195216,0.073093,0.7190045,135.76
513000,0.51,0.49,0,0.07273346,0.07289837,0.2607998,108.77
513100,0.5,0.48,0.02,0.06319959,0.06072567,0.5936023,130.07
513200,0.43,0.57,0,0.08207823,0.08533029,0.2035999,117.79
513300,0.45,0.52,0.03,0.07805673,0.07593182,0.7716068,147.01
513400,0.38,0.6,0.02,0.08470936,0.09086493,0.5318021,137
513500,0.43,0.57,0,0.06683065,0.07105471,0.3515997,134.15
513600,0.49,0.49,0.02,0.09051535,0.0827539,0.7604043,136.69
513700,0.34,0.65,0.01,0.0669735,0.06577724,0.3533997,129.34
513800,0.51,0.48,0.01,0.07094426,0.06979732,0.5268019,120.79
513900,0.41,0.57,0.02,0.06797522,0.05940375,0.4422014,123.56
514000,0.5,0.5,0,0.07177691,0.07822065,0.4767996,104.68
514100,0.51,0.46,0.03,0.0641228,0.0739776,0.5766022,134.24
514200,0.4,0.6,0,0.07213922,0.06542377,0.3751997,109.32
514300,0.37,0.63,0,0.07892017,0.07959404,0.4737997,109.73
514400,0.44,0.55,0.01,0.08205438,0.09643763,0.5392023,111.74
514500,0.4,0.59,0.01,0.07408419,0.08209315,0.4874021,117.51
514600,0.51,0.48,0.01,0.08034161,0.08883705,0.2431998,117.08
514700,0.42,0.57,0.01,0.08178452,0.08479911,0.4128015,107.66
514800,0.54,0.46,0,0.08835845,0.07754767,0.2061998,99.11
514900,0.41,0.58,0.01,0.06340513,0.05999531,0.3403997,114.42
515000,0.47,0.51,0.02,0.07851108,0.08209274,0.5774041,140.66
515100,0.39,0.58,0.03,0.06948615,0.06832582,0.7878051,123.83
515200,0.57,0.42,0.01,0.07634307,0.08638117,0.6954021,118.95
515300,0.39,0.59,0.02,0.07881136,0.07410687,0.637604,124.75
515400,0.38,0.61,0.01,0.07850256,0.08728229,0.4012022,98.27
515500,0.39,0.59,0.02,0.09753391,0.09441917,0.7536044,136.53
515600,0.39,0.6,0.01,0.06401113,0.05393122,0.1805999,118.03
515700,0.5,0.5,0,0.08381469,0.09959771,0.4203997,129.49
515800,0.47,0.46,0.07,0.06910683,0.06362343,1.316212,168.61
515900,0.41,0.56,0.03,0.0771813,0.09250248,0.9554076,135.23
516000,0.42,0.58,0,0.08163613,0.07993666,0.2585998,89.13
516100,0.44,0.54,0.02,0.09056152,0.09218696,0.4082024,120.99
516200,0.53,0.45,0.02,0.09820891,0.1122526,0.7594047,115.28
516300,0.43,0.53,0.04,0.05759353,0.05986629,0.8314064,157.88
516400,0.5,0.49,0.01,0.07782649,0.08191091,0.7296023,132.7
516500,0.49,0.47,0.04,0.08475074,0.09309073,0.8456064,141.81
516600,0.47,0.52,0.01,0.08556147,0.09259745,0.3139998,110.51
516700,0.44,0.56,0,0.0749068,0.07262449,0.2757998,117.7
516800,0.47,0.5,0.03,0.08044686,0.0961067,0.8604068,136.38
516900,0.48,0.51,0.01,0.07793771,0.09377688,0.4792024,121.96
517000,0.46,0.51,0.03,0.07884248,0.07709194,0.7260045,128.05
517100,0.45,0.55,0,0.07650034,0.07659867,0.2925998,118.67
517200,0.41,0.57,0.02,0.07443176,0.08292308,0.7046043,129.76
517300,0.47,0.52,0.01,0.07580091,0.06556027,0.4986024,105.61
517400,0.44,0.55,0.01,0.07882364,0.07875561,0.4500023,118.78
517500,0.38,0.62,0,0.08709753,0.09517378,0.1669999,109.93
517600,0.48,0.5,0.02,0.07249057,0.06352963,0.6236038,113.95
517700,0.44,0.54,0.02,0.06741428,0.07125185,0.6592045,120.69
517800,0.44,0.53,0.03,0.08048511,0.07278994,0.9264061,140.26
517900,0.38,0.61,0.01,0.07198748,0.07350959,0.4212021,129.25
518000,0.41,0.58,0.01,0.07060576,0.06875529,0.453402,124.03
518100,0.46,0.53,0.01,0.1014595,0.09748309,0.4844021,108.89
518200,0.38,0.61,0.01,0.06627306,0.06819549,0.5088025,139.09
518300,0.43,0.53,0.04,0.06063556,0.05741099,0.9466087,148.73
518400,0.46,0.54,0,0.06361293,0.05881518,0.4281997,128.84
518500,0.5,0.48,0.02,0.07251051,0.06934168,0.6886051,125.02
518600,0.48,0.49,0.03,0.06796659,0.05878349,0.7184043,149.37
518700,0.44,0.56,0,0.08432031,0.08108796,0.1737999,117.2
518800,0.47,0.53,0,0.06318881,0.06060424,0.2889997,124.97
518900,0.39,0.58,0.03,0.07988202,0.07573704,0.8266063,149.77
519000,0.53,0.45,0.02,0.0735829,0.07207257,0.6410037,123.22
519100,0.38,0.61,0.01,0.06486639,0.06366978,0.4820024,122.3
519200,0.39,0.6,0.01,0.07077121,0.06590843,0.4494025,136.38
519300,0.4,0.59,0.01,0.07136858,0.06590983,0.6656017,133.65
519400,0.43,0.55,0.02,0.07486755,0.08475838,0.2499998,139.48
519500,0.46,0.51,0.03,0.07581015,0.07453079,0.4868021,134.33
519600,0.39,0.59,0.02,0.08771221,0.09834955,0.6100042,126.95
519700,0.48,0.51,0.01,0.08160735,0.07102748,0.5300019,116.38
519800,0.51,0.48,0.01,0.06762142,0.06422038,0.5218019,115.87
519900,0.5,0.48,0.02,0.07219141,0.07587095,0.7670033,146.88
520000,0.47,0.52,0.01,0.0655596,0.06240471,0.5514024,120.32
520100,0.46,0.53,0.01,0.06942606,0.07414228,0.5926021,132.98
520200,0.55,0.45,0,0.07359495,0.07365585,0.4581996,117.05
520300,0.4,0.58,0.02,0.08825737,0.1108858,0.5936049,131.32
520400,0.44,0.55,0.01,0.07276117,0.07365427,0.3211998,133.2
520500,0.48,0.5,0.02,0.07141722,0.06947191,0.5032023,117.68
520600,0.38,0.61,0.01,0.08563695,0.1047007,0.568602,124.05
520700,0.4,0.59,0.01,0.08519428,0.090808,0.2825998,120.86
520800,0.5,0.47,0.03,0.07937527,0.08096645,0.8096068,132.98
520900,0.39,0.6,0.01,0.06923028,0.06022246,0.4700021,116.74
521000,0.4,0.57,0.03,0.09919414,0.1047599,0.6872046,134.4
521100,0.42,0.58,0,0.1043937,0.1093868,0.2699998,95.6
521200,0.45,0.55,0,0.1061675,0.1191027,0.2609998,114.55
521300,0.46,0.54,0,0.07582711,0.07477783,0.2511998,105.08
521400,0.48,0.5,0.02,0.07146039,0.08908511,0.5694042,132.81
521500,0.44,0.56,0,0.07747632,0.0790711,0.2569998,114.63
521600,0.41,0.59,0,0.08898097,0.09494077,0.3539997,110.91
521700,0.42,0.57,0.01,0.0663924,0.06567706,0.466602,130.02
521800,0.5,0.49,0.01,0.07244699,0.06979684,0.3775997,132.77
521900,0.49,0.5,0.01,0.07817231,0.08877604,0.4732014,122.09
522000,0.44,0.53,0.03,0.06785475,0.06799583,1.025807,152.54
522100,0.51,0.49,0,0.07407185,0.087922,0.3371997,117.11
522200,0.36,0.62,0.02,0.07155781,0.06889374,0.6734036,127.29
522300,0.46,0.51,0.03,0.07412487,0.07177726,0.6876045,140.17
522400,0.46,0.51,0.03,0.0690422,0.06807713,0.5200022,138.75
522500,0.36,0.62,0.02,0.07750443,0.08133378,0.6644044,142.8
522600,0.48,0.49,0.03,0.07009263,0.0682237,0.4412021,139.42
522700,0.37,0.61,0.02,0.06140684,0.05615108,0.7006049,135.82
522800,0.39,0.58,0.03,0.07871289,0.08632278,0.8030074,122.84
522900,0.39,0.6,0.01,0.06966078,0.06939126,0.3997997,119.19
523000,0.5,0.49,0.01,0.06523156,0.063876,0.5432016,109.21
523100,0.49,0.5,0.01,0.07906471,0.1071982,0.5598019,111.92
523200,0.45,0.55,0,0.07624236,0.07741578,0.3961997,131.92
523300,0.46,0.54,0,0.08704144,0.09587026,0.3837997,108.56
523400,0.37,0.63,0,0.07146665,0.09348896,0.2525998,125.77
523500,0.4,0.59,0.01,0.07342338,0.08034833,0.2127998,145.48
523600,0.44,0.56,0,0.07349408,0.07258752,0.4069997,104.28
523700,0.51,0.48,0.01,0.07936873,0.08247007,0.4546021,124.33
523800,0.5,0.49,0.01,0.07144033,0.08368552,0.4317997,121.62
523900,0.48,0.52,0,0.06358047,0.07430978,0.3867997,137.52
524000,0.51,0.47,0.02,0.07455891,0.08412153,0.4534022,116.78
524100,0.43,0.56,0.01,0.07759598,0.08223199,0.474202,115.35
524200,0.43,0.55,0.02,0.06526156,0.06826744,0.7154051,129.77
524300,0.41,0.56,0.03,0.07889714,0.0842611,0.5888044,135.91
524400,0.39,0.57,0.04,0.08488656,0.08013757,0.8026064,154.87
524500,0.48,0.5,0.02,0.06957219,0.0701621,0.7102045,133.49
524600,0.37,0.61,0.02,0.06847981,0.06127789,0.6122019,133.3
524700,0.46,0.54,0,0.06926475,0.07545621,0.1461999,117.02
524800,0.4,0.55,0.05,0.06105118,0.07950911,0.6800064,160.29
524900,0.48,0.51,0.01,0.09345289,0.09720921,0.5002024,130.42
525000,0.54,0.43,0.03,0.06011956,0.05678509,0.7606048,146.38
525100,0.5,0.46,0.04,0.06711908,0.06238696,0.9018061,134.85
525200,0.43,0.56,0.01,0.07911794,0.08268856,0.1947998,120.07
525300,0.49,0.49,0.02,0.08336373,0.1087035,0.6304026,120.12
525400,0.52,0.45,0.03,0.0689706,0.07996329,0.5688016,149.7
525500,0.47,0.52,0.01,0.07003644,0.07040362,0.3185997,138.85
525600,0.48,0.5,0.02,0.06376933,0.0638336,0.6508039,128.21
525700,0.44,0.56,0,0.06721432,0.06288321,0.2227998,113.14
525800,0.42,0.57,0.01,0.08596912,0.1096231,0.365802,102.82
525900,0.42,0.57,0.01,0.09739713,0.1137456,0.6608025,126.52
526000,0.43,0.56,0.01,0.05889139,0.05570335,0.1975998,127.13
526100,0.44,0.55,0.01,0.07877709,0.09960952,0.2489998,132.16
526200,0.34,0.64,0.02,0.07459459,0.07633672,0.6144048,144.89
526300,0.45,0.55,0,0.07745779,0.07042029,0.2877997,104.43
526400,0.43,0.52,0.05,0.07024167,0.0675667,0.9862085,144.74
526500,0.4,0.59,0.01,0.111167,0.1193906,0.4782015,118.18
526600,0.43,0.55,0.02,0.0803739,0.07874908,0.7052042,116.18
526700,0.45,0.52,0.03,0.06899577,0.09339596,0.5556017,143.55
526800,0.43,0.56,0.01,0.0654111,0.06091128,0.5096018,136.34
526900,0.37,0.62,0.01,0.06995161,0.07251919,0.3519997,109.77
527000,0.46,0.52,0.02,0.06707145,0.06850797,0.5942041,141.95
527100,0.42,0.58,0,0.07350407,0.07875552,0.2855998,95.61
527200,0.5,0.5,0,0.07969958,0.09207831,0.4311997,96
527300,0.42,0.56,0.02,0.06719299,0.06751357,0.7720042,144.11
527400,0.4,0.59,0.01,0.08845763,0.09326468,0.3125998,135.05
527500,0.34,0.64,0.02,0.06510017,0.06881104,0.5910043,128.5
527600,0.42,0.54,0.04,0.07348578,0.07149011,0.8560074,155.21
527700,0.46,0.53,0.01,0.06462568,0.06258731,0.5006022,125.15
527800,0.45,0.54,0.01,0.09021161,0.07995787,0.3943997,122.67
527900,0.45,0.54,0.01,0.07542946,0.07481587,0.3696022,140.37
528000,0.4,0.56,0.04,0.07529825,0.07665727,0.4504019,135.79
528100,0.44,0.54,0.02,0.07401182,0.068723,0.7064048,130.14
528200,0.49,0.49,0.02,0.08026235,0.07887342,0.2509998,119.15
528300,0.38,0.6,0.02,0.06086962,0.06429743,0.426602,137.43
528400,0.39,0.6,0.01,0.08762131,0.08826412,0.3674018,122.13
528500,0.4,0.59,0.01,0.06130311,0.05782017,0.2589998,127.39
528600,0.47,0.49,0.04,0.07823354,0.08665197,0.873007,147.75
528700,0.44,0.54,0.02,0.07561065,0.07440162,0.5802023,110.45
528800,0.41,0.58,0.01,0.05994422,0.05360479,0.5316023,120.73
528900,0.33,0.62,0.05,0.06466202,0.06260837,0.9994085,177.1
529000,0.53,0.46,0.01,0.0598446,0.05806933,0.5326021,138.44
529100,0.39,0.6,0.01,0.06946717,0.06520636,0.2787997,108.45
529200,0.46,0.53,0.01,0.0783541,0.0842165,0.5810021,139.27
529300,0.48,0.51,0.01,0.07376911,0.06366394,0.3776019,126.49
529400,0.52,0.45,0.03,0.0833745,0.08295634,0.9202066,137.86
529500,0.44,0.53,0.03,0.08001561,0.09537138,0.7006048,138.94
529600,0.47,0.52,0.01,0.06799222,0.0659145,0.3667997,128.43
529700,0.51,0.46,0.03,0.07213967,0.08581232,0.7272044,133.24
529800,0.42,0.55,0.03,0.06462073,0.05710436,0.8594055,132.5
529900,0.46,0.51,0.03,0.07117672,0.06566149,0.8800057,154.07
530000,0.44,0.52,0.04,0.08424479,0.08064961,0.5164035,152.72
530100,0.43,0.56,0.01,0.06206878,0.05820085,0.3397997,131.76
530200,0.35,0.63,0.02,0.06462345,0.0644463,0.3559997,136.63
530300,0.47,0.51,0.02,0.07372511,0.08362692,0.7898044,119.23
530400,0.43,0.54,0.03,0.07249436,0.08406264,0.779805,134.81
530500,0.48,0.49,0.03,0.0687555,0.070191,0.7460045,146.03
530600,0.43,0.56,0.01,0.07199544,0.06842975,0.6190022,119.98
530700,0.43,0.55,0.02,0.08452592,0.08750806,0.6670048,131.76
530800,0.42,0.55,0.03,0.0749947,0.07445821,0.2235998,145.46
530900,0.39,0.59,0.02,0.06795097,0.06431787,0.6400046,143.65
531000,0.43,0.56,0.01,0.0825728,0.1076023,0.1797999,111.11
531100,0.41,0.59,0,0.08996254,0.07593493,0.2345999,114.25
531200,0.36,0.63,0.01,0.08725264,0.09274731,0.4706022,113.2
531300,0.56,0.43,0.01,0.08348128,0.0974333,0.6138016,120.26
531400,0.41,0.56,0.03,0.07509019,0.07248728,0.6972046,129.18
531500,0.42,0.57,0.01,0.08214933,0.0914186,0.3277998,124.13
531600,0.46,0.51,0.03,0.06365266,0.06355576,0.655004,128.77
531700,0.43,0.55,0.02,0.06599191,0.0632017,0.5664023,122.37
531800,0.38,0.61,0.01,0.0885438,0.08074087,0.3164025,98.57
531900,0.46,0.54,0,0.07198524,0.0746164,0.3023998,104.75
532000,0.4,0.59,0.01,0.07111945,0.07451944,0.3513997,113.01
532100,0.57,0.42,0.01,0.06949877,0.06410891,0.3125997,127.9
532200,0.45,0.54,0.01,0.08169615,0.07424631,0.3215998,111.8
532300,0.41,0.56,0.03,0.06683594,0.06295434,0.5642043,148.02
532400,0.48,0.5,0.02,0.07697102,0.08789618,0.2691998,137.8
532500,0.42,0.58,0,0.0688002,0.06505121,0.2219998,115.78
532600,0.42,0.57,0.01,0.0929311,0.09214906,0.497002,125.54
532700,0.49,0.5,0.01,0.06587771,0.06222725,0.5716016,122.24
532800,0.48,0.5,0.02,0.08292175,0.09246527,0.6710045,120.36
532900,0.42,0.55,0.03,0.08095233,0.07655181,0.6026043,132.42
533000,0.45,0.54,0.01,0.06829309,0.0742548,0.2849998,113.97
533100,0.44,0.55,0.01,0.06380642,0.07272766,0.2599998,124.19
533200,0.52,0.48,0,0.06375542,0.05568039,0.5559996,123.59
533300,0.46,0.52,0.02,0.07448924,0.07079819,0.6544048,121.06
533400,0.49,0.5,0.01,0.06146674,0.05447761,0.2815998,111.82
533500,0.45,0.55,0,0.07436869,0.07286094,0.3017998,104.01
533600,0.49,0.5,0.01,0.08118503,0.08070901,0.2477998,101.12
533700,0.49,0.49,0.02,0.06329729,0.06063475,0.7328045,131.3
533800,0.38,0.59,0.03,0.06790242,0.06106622,0.5916045,136.65
533900,0.41,0.56,0.03,0.07160178,0.07978482,0.760206,136.25
534000,0.4,0.59,0.01,0.07425258,0.07402573,0.1887999,105.16
534100,0.44,0.56,0,0.09551219,0.1111589,0.3121998,107.4
534200,0.54,0.43,0.03,0.06930647,0.06643284,0.7760047,129.9
534300,0.36,0.62,0.02,0.08551578,0.09900191,0.4890023,126.61
534400,0.42,0.57,0.01,0.07384939,0.06695531,0.4560024,123.71
534500,0.46,0.52,0.02,0.07699314,0.0781777,0.5278043,124.12
534600,0.43,0.53,0.04,0.1216799,0.1187053,0.6948047,146.22
534700,0.48,0.49,0.03,0.06920601,0.06558815,0.5204022,138.66
534800,0.42,0.55,0.03,0.07869326,0.07575635,0.7468054,131.59
534900,0.38,0.58,0.04,0.07699051,0.07700042,0.5786036,147.57
535000,0.47,0.5,0.03,0.08047941,0.07126117,0.8526065,125.42
535100,0.42,0.55,0.03,0.07336815,0.06688323,0.5688034,138.47
535200,0.46,0.52,0.02,0.07065295,0.0675446,0.541205,107.24
535300,0.41,0.56,0.03,0.09362498,0.09204479,0.7124051,152.87
535400,0.47,0.53,0,0.07136218,0.07477526,0.3229998,105.89
535500,0.42,0.57,0.01,0.0692029,0.06930783,0.2345999,124.09
535600,0.47,0.51,0.02,0.0844673,0.07911418,0.3806025,124.52
535700,0.54,0.46,0,0.07992299,0.07464883,0.3793997,102.33
535800,0.39,0.6,0.01,0.08879568,0.08153167,0.4566024,127.95
535900,0.45,0.54,0.01,0.06204543,0.06231806,0.3121999,125
536000,0.42,0.54,0.04,0.09866947,0.09223706,0.6920065,123.69
536100,0.53,0.46,0.01,0.07615846,0.08073858,0.3657997,126.39
536200,0.45,0.53,0.02,0.06421769,0.05829456,0.707404,136.32
536300,0.45,0.54,0.01,0.08603349,0.08726975,0.5243996,122.69
536400,0.37,0.63,0,0.07490326,0.07390038,0.2741998,108.89
536500,0.41,0.57,0.02,0.08279018,0.08195122,0.5052022,138.99
536600,0.41,0.59,0,0.07911398,0.07450335,0.2769998,104.33
536700,0.37,0.61,0.02,0.07825343,0.07645052,0.429601,128.15
536800,0.4,0.59,0.01,0.06172751,0.05571601,0.3369997,124.43
536900,0.39,0.59,0.02,0.05800469,0.06007456,0.4231997,139.21
537000,0.5,0.49,0.01,0.08759175,0.08766821,0.4093997,116.09
537100,0.4,0.59,0.01,0.06432195,0.06414356,0.5402019,132.83
537200,0.39,0.6,0.01,0.09693523,0.09601306,0.3890016,109.65
537300,0.39,0.6,0.01,0.07853963,0.08037879,0.2407998,114.57
537400,0.49,0.47,0.04,0.07853868,0.08041971,0.9918065,145.54
537500,0.48,0.5,0.02,0.07524356,0.07388974,0.5012019,132.12
537600,0.44,0.55,0.01,0.05796089,0.05689463,0.5502019,119.52
537700,0.48,0.51,0.01,0.09242133,0.1127265,0.7228023,123.22
537800,0.41,0.58,0.01,0.06034834,0.04987941,0.3860002,111.65
537900,0.46,0.53,0.01,0.07430325,0.07820658,0.2997998,112.1
538000,0.44,0.55,0.01,0.0751894,0.08156972,0.3053998,111.55
538100,0.46,0.54,0,0.07941594,0.07995433,0.2649998,116.85
538200,0.46,0.53,0.01,0.06765199,0.07108598,0.5990013,130.33
538300,0.43,0.55,0.02,0.06946206,0.06982898,0.437402,111.81
538400,0.43,0.55,0.02,0.0889926,0.1016463,0.4944016,122.74
538500,0.4,0.58,0.02,0.0808354,0.08085326,0.3180021,121.82
538600,0.43,0.55,0.02,0.06882761,0.07490597,0.6394029,146.82
538700,0.5,0.49,0.01,0.07025698,0.06427342,0.489402,119.51
538800,0.49,0.51,0,0.1031747,0.1183921,0.4033997,93.93
538900,0.48,0.5,0.02,0.08634532,0.08518835,0.5248019,131.14
539000,0.45,0.55,0,0.07022661,0.07252304,0.2043999,91.07
539100,0.54,0.44,0.02,0.07173865,0.07492673,0.495602,139.06
539200,0.48,0.51,0.01,0.0717465,0.09343754,0.5532017,123.4
539300,0.45,0.55,0,0.06790264,0.0719948,0.1379999,111.66
539400,0.45,0.51,0.04,0.08471951,0.08008619,0.8866079,123.95
539500,0.43,0.53,0.04,0.07106387,0.0670209,0.7226048,143.73
539600,0.49,0.5,0.01,0.08141882,0.08691744,0.492202,117.26
539700,0.46,0.52,0.02,0.08827467,0.0984395,0.4128014,125.26
539800,0.46,0.52,0.02,0.06192708,0.0607556,0.4350024,122.15
539900,0.45,0.55,0,0.05978332,0.06128138,0.2835998,101.04
540000,0.5,0.5,0,0.0808752,0.08033817,0.3049998,96.52
540100,0.5,0.48,0.02,0.07557814,0.08700615,0.3920018,122.96
540200,0.5,0.49,0.01,0.0602202,0.05821066,0.4544021,124.98
540300,0.36,0.63,0.01,0.07604339,0.07781755,0.4942023,110.67
540400,0.37,0.63,0,0.09526764,0.09678975,0.2927998,98.44
540500,0.44,0.54,0.02,0.07227316,0.0742353,0.6134022,132.23
540600,0.51,0.46,0.03,0.08069897,0.08152018,0.7832041,135.88
540700,0.4,0.58,0.02,0.08806682,0.08773204,0.4818019,132.94
540800,0.43,0.54,0.03,0.06615223,0.06194449,0.652605,138.29
540900,0.49,0.51,0,0.06950719,0.06709683,0.3233997,127.2
541000,0.44,0.54,0.02,0.08680949,0.08519793,0.4428023,122.19
541100,0.48,0.52,0,0.09432461,0.1217329,0.2419998,86.77
541200,0.43,0.57,0,0.07146224,0.08687523,0.2101998,108.32
541300,0.4,0.6,0,0.06673643,0.06431134,0.4517997,124.32
541400,0.46,0.52,0.02,0.06202813,0.0617376,0.2823997,148.47
541500,0.37,0.6,0.03,0.1068316,0.11258,0.8236065,146.73
541600,0.4,0.59,0.01,0.07232807,0.065602,0.4266019,113.28
541700,0.45,0.52,0.03,0.08842437,0.09032705,0.6074018,126.41
541800,0.44,0.55,0.01,0.06146275,0.06028059,0.4978015,133.36
541900,0.47,0.51,0.02,0.0686025,0.06733337,0.4406019,124.13
542000,0.42,0.56,0.02,0.08552565,0.08331244,0.612405,130.7
542100,0.5,0.48,0.02,0.06479142,0.06302971,0.8014048,128.34
542200,0.55,0.42,0.03,0.1036937,0.1128873,0.6418039,114.5
542300,0.41,0.58,0.01,0.07163379,0.0700611,0.447802,107.64
542400,0.44,0.53,0.03,0.08254864,0.103539,0.6472034,136.86
542500,0.46,0.51,0.03,0.07959548,0.07548526,0.670002,122.5
542600,0.63,0.35,0.02,0.0641576,0.06304752,0.5680018,120.58
542700,0.43,0.53,0.04,0.07484945,0.07732463,0.5770043,146.9
542800,0.42,0.56,0.02,0.08968855,0.09958386,0.6108051,125.16
542900,0.53,0.45,0.02,0.0833523,0.09775651,0.5834022,135.95
543000,0.46,0.54,0,0.07579335,0.0660248,0.2673998,86.32
543100,0.48,0.51,0.01,0.0669207,0.07633429,0.3969997,137.96
543200,0.41,0.57,0.02,0.073626,0.06919427,0.6656048,127.74
543300,0.34,0.64,0.02,0.07188521,0.06540301,0.5198045,119.73
543400,0.47,0.49,0.04,0.07272094,0.06987483,0.7822073,142.58
543500,0.52,0.44,0.04,0.0736872,0.08027444,0.8448071,153.58
543600,0.44,0.53,0.03,0.08807561,0.09914179,0.8808069,122.23
543700,0.42,0.54,0.04,0.0712027,0.07080889,0.7092059,142.95
543800,0.49,0.49,0.02,0.06969303,0.0832489,0.5970045,126.66
543900,0.38,0.6,0.02,0.07197529,0.06909302,0.437402,111.38
544000,0.46,0.5,0.04,0.06467683,0.06448295,0.8614065,151.9
544100,0.41,0.59,0,0.06898034,0.07875445,0.2911998,113.66
544200,0.48,0.51,0.01,0.09146141,0.1083959,0.5088024,105.81
544300,0.36,0.61,0.03,0.08264688,0.08275458,0.839204,146.32
544400,0.49,0.49,0.02,0.07824557,0.07784043,0.6350023,131.59
544500,0.56,0.44,0,0.07221872,0.07397441,0.5083996,97.76
544600,0.37,0.59,0.04,0.06065333,0.05340951,0.8346065,178.29
544700,0.37,0.6,0.03,0.09308285,0.09579349,0.6312047,128.32
544800,0.44,0.53,0.03,0.06404652,0.05902589,0.8352072,137.27
544900,0.35,0.63,0.02,0.08596711,0.08617424,0.4294024,129.39
545000,0.52,0.45,0.03,0.07089558,0.06759305,0.5942041,136.05
545100,0.48,0.49,0.03,0.0739222,0.08556874,0.7552052,144.12
545200,0.38,0.61,0.01,0.05957622,0.05988774,0.4276024,120.33
545300,0.4,0.59,0.01,0.0713746,0.06981092,0.4544023,110.63
545400,0.43,0.57,0,0.08127234,0.06951398,0.3725997,120.67
545500,0.48,0.52,0,0.06879341,0.09713225,0.2635998,97.69
545600,0.54,0.46,0,0.06867842,0.06852448,0.3363997,122.06
545700,0.38,0.59,0.03,0.063581,0.06219811,0.8866071,154.26
545800,0.46,0.53,0.01,0.06713451,0.06056327,0.4684022,126.57
545900,0.42,0.57,0.01,0.06112993,0.0595648,0.4856023,145.52
546000,0.35,0.63,0.02,0.0636546,0.0598232,0.1559999,140.2
546100,0.46,0.54,0,0.09301175,0.1063049,0.3199998,99.21
546200,0.4,0.6,0,0.06303107,0.05676586,0.2775998,104.37
546300,0.52,0.46,0.02,0.09649589,0.1168958,0.8296043,120.01
546400,0.48,0.47,0.05,0.06076468,0.06197274,1.285211,149.21
546500,0.41,0.57,0.02,0.07335392,0.07323198,0.7182047,131.97
546600,0.48,0.49,0.03,0.06269764,0.06595499,0.4976024,137.94
546700,0.42,0.57,0.01,0.06313637,0.06396025,0.5148024,138.7
546800,0.48,0.52,0,0.06495845,0.06078009,0.4629996,103.67
546900,0.41,0.59,0,0.08003031,0.07438453,0.4035996,113.83
547000,0.37,0.62,0.01,0.06043863,0.06973699,0.6034021,141.37
547100,0.45,0.55,0,0.06693876,0.06344922,0.4279996,98.57
547200,0.44,0.55,0.01,0.07105121,0.07224339,0.4452023,121.5
547300,0.41,0.58,0.01,0.0678568,0.06650729,0.4578025,106.83
547400,0.4,0.59,0.01,0.0692406,0.07424045,0.6168011,134.87
547500,0.46,0.53,0.01,0.07290655,0.08957138,0.4716023,121.46
547600,0.38,0.58,0.04,0.08077054,0.0947701,0.5776044,149.49
547700,0.46,0.53,0.01,0.09188241,0.1054669,0.4880019,125.6
547800,0.55,0.44,0.01,0.08031732,0.08030465,0.5872018,117.35
547900,0.37,0.63,0,0.1033164,0.08656207,0.1735999,101.75
548000,0.43,0.55,0.02,0.08111333,0.09384594,0.4858024,133.1
548100,0.47,0.53,0,0.06231887,0.05846572,0.4525997,128.3
548200,0.47,0.5,0.03,0.08391612,0.08805424,0.8478066,140.51
548300,0.4,0.6,0,0.09055747,0.1153407,0.2215998,102.28
548400,0.49,0.49,0.02,0.07368243,0.0753061,0.7820047,129.66
548500,0.38,0.6,0.02,0.09789602,0.09825918,0.2889998,122.04
548600,0.53,0.47,0,0.07084946,0.08879321,0.3815997,108.08
548700,0.49,0.5,0.01,0.07772019,0.09833529,0.4658021,94.1
548800,0.46,0.52,0.02,0.07099666,0.06965177,0.4316018,119.08
548900,0.43,0.56,0.01,0.08161806,0.08719175,0.4060019,124.93
549000,0.42,0.55,0.03,0.06768627,0.08110367,0.7288048,149.96
549100,0.46,0.51,0.03,0.06775554,0.07876373,0.7510042,139.7
549200,0.5,0.48,0.02,0.06268704,0.07846299,0.7184043,115.1
549300,0.5,0.46,0.04,0.06638975,0.0669563,1.086408,144.98
549400,0.53,0.45,0.02,0.07204733,0.06908665,0.783405,116.71
549500,0.42,0.57,0.01,0.08653965,0.1152939,0.487802,121.43
549600,0.5,0.49,0.01,0.06529237,0.06898493,0.6548018,112.47
549700,0.47,0.53,0,0.07444534,0.08752748,0.3015997,115.56
549800,0.39,0.6,0.01,0.07301982,0.08029504,0.4872019,114.09
549900,0.48,0.49,0.03,0.06484851,0.06106465,0.7482052,133.49
550000,0.43,0.55,0.02,0.0877744,0.09537791,0.641404,121.21
550100,0.49,0.49,0.02,0.06950386,0.06493157,0.5288027,125.7
550200,0.46,0.54,0,0.07051943,0.066273,0.2355998,107.5
550300,0.54,0.45,0.01,0.07511779,0.08394998,0.6003995,110.52
550400,0.47,0.51,0.02,0.09201184,0.08764646,0.5092022,125.49
550500,0.46,0.54,0,0.08800647,0.09213846,0.4939996,107.55
550600,0.47,0.51,0.02,0.07099856,0.07005486,0.5902039,133.86
550700,0.48,0.5,0.02,0.07640998,0.07051785,0.2075998,107.55
550800,0.42,0.54,0.04,0.09011729,0.09497347,0.5302044,131.06
550900,0.48,0.5,0.02,0.07977027,0.07847765,0.6254045,125.58
551000,0.42,0.56,0.02,0.07487902,0.06388035,0.3216025,112.25
551100,0.43,0.57,0,0.06462885,0.06507268,0.3279997,117.24
551200,0.48,0.51,0.01,0.08665484,0.08753626,0.5826023,131.82
551300,0.52,0.47,0.01,0.08670311,0.0845861,0.5136023,115.35
551400,0.43,0.56,0.01,0.08164085,0.08120707,0.2639998,118.11
551500,0.48,0.5,0.02,0.08868902,0.09694137,0.6726048,122.21
551600,0.45,0.54,0.01,0.08126566,0.07365851,0.3063998,129.06
551700,0.54,0.46,0,0.06655071,0.08217089,0.3489997,115.87
551800,0.47,0.53,0,0.06935836,0.06800761,0.4015997,125.2
551900,0.46,0.53,0.01,0.08055928,0.09130117,0.547002,131.06
552000,0.55,0.44,0.01,0.07723338,0.09105581,0.3537997,111.34
552100,0.45,0.51,0.04,0.07156327,0.07205581,0.6958046,141.73
552200,0.44,0.55,0.01,0.06843421,0.06602357,0.6526021,126.48
552300,0.46,0.54,0,0.06467795,0.05827869,0.3085998,105.25
552400,0.51,0.47,0.02,0.07148614,0.08391584,0.6204036,133.86
552500,0.45,0.54,0.01,0.08722166,0.0921588,0.497802,103.36
552600,0.46,0.52,0.02,0.07565503,0.07186314,0.5990021,127.56
552700,0.41,0.58,0.01,0.07093726,0.06572028,0.4034024,113.93
552800,0.5,0.48,0.02,0.06988464,0.06865612,0.4273997,118.84
552900,0.47,0.51,0.02,0.08341476,0.09144901,0.4424008,118.54
553000,0.48,0.51,0.01,0.07081886,0.06646445,0.4564025,122.72
553100,0.56,0.44,0,0.06046744,0.06266772,0.3429998,109.98
553200,0.54,0.46,0,0.06726333,0.06271329,0.4183997,105.83
553300,0.49,0.49,0.02,0.06363396,0.06365538,0.6264021,127.41
553400,0.49,0.48,0.03,0.09331432,0.09240875,0.5586019,138.53
553500,0.38,0.59,0.03,0.07574001,0.07423694,0.8864071,135.64
553600,0.56,0.44,0,0.1011707,0.09929215,0.3923997,113.98
553700,0.36,0.63,0.01,0.1013317,0.1158637,0.4826024,113.35
553800,0.41,0.59,0,0.0684085,0.07146239,0.3761997,119.26
553900,0.43,0.56,0.01,0.080091,0.0774188,0.4612024,105.94
554000,0.45,0.53,0.02,0.06839873,0.05935175,0.5676044,120.75
554100,0.58,0.42,0,0.07964806,0.09010406,0.5229999,112.79
554200,0.38,0.62,0,0.09560063,0.1112141,0.3007998,113.4
554300,0.53,0.44,0.03,0.08613055,0.08863607,0.9298066,125.3
554400,0.42,0.57,0.01,0.07901222,0.0856595,0.2499998,112.16
554500,0.48,0.52,0,0.09767463,0.09623948,0.3595997,105.68
554600,0.46,0.5,0.04,0.06775066,0.06882512,1.009809,145.09
554700,0.4,0.58,0.02,0.06322183,0.05757921,0.7514046,147.31
554800,0.4,0.59,0.01,0.07909873,0.08758473,0.5206025,123.71
554900,0.45,0.52,0.03,0.09381123,0.1014716,0.6620042,136.43
555000,0.46,0.49,0.05,0.06683448,0.05994478,0.776204,167.97
555100,0.46,0.52,0.02,0.07912329,0.0842381,0.7034042,132.29
555200,0.41,0.56,0.03,0.07395461,0.07283849,0.7796052,151.31
555300,0.43,0.57,0,0.07640335,0.07130864,0.3689997,99.62
555400,0.44,0.53,0.03,0.09403747,0.09760492,0.5640043,124.97
555500,0.52,0.46,0.02,0.06579173,0.07594045,0.7170045,118.18
555600,0.49,0.5,0.01,0.07817239,0.0924542,0.4566022,131.1
555700,0.45,0.53,0.02,0.09412184,0.09414257,0.451802,129.55
555800,0.43,0.56,0.01,0.08156449,0.08863449,0.5132023,128.86
555900,0.53,0.45,0.02,0.07921347,0.07491722,0.5180019,118.17
556000,0.44,0.54,0.02,0.0814207,0.08736736,0.5042024,124.16
556100,0.41,0.56,0.03,0.0631532,0.06036822,0.6168041,137.05
556200,0.49,0.51,0,0.07574507,0.08937608,0.2003999,110.89
556300,0.39,0.6,0.01,0.07540216,0.07596239,0.2991998,101.11
556400,0.39,0.6,0.01,0.06963555,0.07512842,0.379202,106.11
556500,0.43,0.5,0.07,0.06569841,0.06292426,1.522816,190.24
556600,0.44,0.55,0.01,0.06558367,0.06378289,0.2849998,115.67
556700,0.54,0.46,0,0.08538541,0.09879425,0.6205995,126.81
556800,0.42,0.57,0.01,0.1116922,0.1205555,0.4820018,114.68
556900,0.44,0.55,0.01,0.08479005,0.08679428,0.5384023,122.71
557000,0.48,0.5,0.02,0.06432094,0.05975437,0.9100042,146.14
557100,0.47,0.52,0.01,0.06304932,0.05856657,0.4658022,144.07
557200,0.51,0.45,0.04,0.06946569,0.07279874,0.812407,132.31
557300,0.47,0.53,0,0.07910375,0.08164831,0.1931999,102.28
557400,0.43,0.55,0.02,0.06453735,0.05920475,0.3982017,143.39
557500,0.43,0.57,0,0.06639527,0.06353816,0.3113998,119.4
557600,0.45,0.52,0.03,0.09163928,0.08830001,0.865407,135.51
557700,0.4,0.58,0.02,0.07406814,0.1046977,0.7100034,152.66
557800,0.44,0.54,0.02,0.07638004,0.09698275,0.3463997,132.02
557900,0.49,0.51,0,0.07115125,0.07530279,0.3843997,116
558000,0.36,0.62,0.02,0.08403527,0.07429657,0.8586041,143.91
558100,0.45,0.53,0.02,0.08991732,0.1208659,0.5458049,150.84
558200,0.44,0.52,0.04,0.08611171,0.08540991,1.05101,149.21
558300,0.5,0.5,0,0.05148816,0.04976755,0.4213997,123.81
558400,0.44,0.56,0,0.06559164,0.06400164,0.2737998,113.17
558500,0.48,0.48,0.04,0.07550991,0.07620461,1.010809,129.81
558600,0.46,0.53,0.01,0.08026698,0.1067682,0.4112022,117.25
558700,0.44,0.54,0.02,0.07058744,0.0680292,0.6670044,121.38
558800,0.52,0.46,0.02,0.06279793,0.07141009,0.8022049,128.83
558900,0.41,0.56,0.03,0.07916729,0.08741937,0.8258065,151.58
559000,0.45,0.54,0.01,0.07810088,0.07210352,0.7080021,135.34
559100,0.49,0.5,0.01,0.07009592,0.06488087,0.6312023,110.62
559200,0.48,0.5,0.02,0.06297976,0.06658158,0.5534018,122.36
559300,0.4,0.59,0.01,0.0913367,0.1003285,0.3872021,132.73
559400,0.44,0.56,0,0.07491503,0.0697425,0.3529997,109.51
559500,0.49,0.5,0.01,0.0846082,0.0888259,0.3549997,106.58
559600,0.36,0.64,0,0.07928421,0.08520649,0.2559998,116.34
559700,0.38,0.61,0.01,0.07820254,0.07285939,0.4216017,122.3
559800,0.37,0.62,0.01,0.0835375,0.09408988,0.1731999,120.4
559900,0.51,0.48,0.01,0.0675374,0.07893036,0.4550019,130.71
560000,0.42,0.56,0.02,0.08094359,0.08627477,0.8340043,140.42
560100,0.49,0.5,0.01,0.08361988,0.08678187,0.6776019,124.6
560200,0.5,0.5,0,0.06764274,0.06688574,0.3757997,128.01
560300,0.4,0.57,0.03,0.07138074,0.06588635,0.9574066,147.06
560400,0.48,0.5,0.02,0.09259085,0.09825567,0.7224044,121.03
560500,0.47,0.52,0.01,0.09873176,0.09103153,0.2237998,109.02
560600,0.44,0.53,0.03,0.06956532,0.06929386,0.8098044,123.37
560700,0.49,0.49,0.02,0.06022977,0.06158079,0.8364044,153.54
560800,0.47,0.52,0.01,0.09364948,0.09950083,0.6704019,115.23
560900,0.5,0.48,0.02,0.06862637,0.06801224,0.8264046,140.92
561000,0.38,0.58,0.04,0.07402239,0.07338484,0.8806065,143.6
561100,0.41,0.58,0.01,0.0924312,0.09059729,0.3165997,112.15
561200,0.38,0.6,0.02,0.07787564,0.08240066,0.7186044,131.45
561300,0.43,0.56,0.01,0.06072125,0.05948513,0.6206023,134.56
561400,0.33,0.66,0.01,0.08144767,0.08387522,0.2065998,122.75
561500,0.5,0.48,0.02,0.06993763,0.06722563,0.3696018,122.67
561600,0.45,0.54,0.01,0.06514154,0.06077143,0.374402,103.33
561700,0.51,0.48,0.01,0.07438973,0.06823905,0.6876022,126.92
561800,0.48,0.5,0.02,0.0714041,0.07939636,0.6782042,122.7
561900,0.48,0.49,0.03,0.07349999,0.08647603,0.7990069,140.63
562000,0.48,0.51,0.01,0.08983844,0.09427967,0.6316019,120.43
562100,0.44,0.54,0.02,0.08454097,0.08167011,0.5606021,127.31
562200,0.42,0.58,0,0.08229398,0.08858135,0.2933998,97.49
562300,0.39,0.61,0,0.07565246,0.07818592,0.2489998,97.79
562400,0.5,0.48,0.02,0.08967037,0.1021328,0.3898025,115.59
562500,0.44,0.53,0.03,0.06775682,0.07856162,0.9558072,137.68
562600,0.41,0.56,0.03,0.09067767,0.1006834,0.7370048,133.85
562700,0.42,0.55,0.03,0.06723553,0.06777287,0.6446049,136.46
562800,0.38,0.61,0.01,0.08024389,0.08546835,0.4298024,136.35
562900,0.44,0.55,0.01,0.08188932,0.08785981,0.5098023,114.15
563000,0.42,0.57,0.01,0.06669492,0.07997409,0.2825998,130.63
563100,0.53,0.46,0.01,0.06196914,0.06185032,0.4139997,116.49
563200,0.43,0.57,0,0.06106493,0.05923815,0.4055997,103.84
563300,0.39,0.58,0.03,0.08396605,0.08476442,0.5302019,154.88
563400,0.53,0.45,0.02,0.07655683,0.0900443,0.6574042,148.55
563500,0.41,0.58,0.01,0.08017597,0.09157221,0.2143999,102.9
563600,0.51,0.47,0.02,0.07846087,0.08288012,0.6670045,127.94
563700,0.42,0.56,0.02,0.0784981,0.08974274,0.5506042,126.33
563800,0.52,0.44,0.04,0.07342825,0.07875577,0.7222048,143.41
563900,0.5,0.48,0.02,0.06224564,0.05429626,0.7010034,138.7
564000,0.46,0.52,0.02,0.09006196,0.1098978,0.6524045,108.14
564100,0.44,0.56,0,0.0696408,0.07585549,0.2299998,99.19
564200,0.47,0.5,0.03,0.06977443,0.06978179,0.8078071,163.27
564300,0.36,0.63,0.01,0.0669971,0.06066716,0.2751998,134.04
564400,0.39,0.6,0.01,0.07984582,0.08430058,0.3324024,117.72
564500,0.4,0.6,0,0.06903152,0.08077115,0.4007997,110.66
564600,0.46,0.51,0.03,0.07538448,0.07843085,0.5998021,133.8
564700,0.49,0.5,0.01,0.07317941,0.07127123,0.5366018,127.47
564800,0.44,0.54,0.02,0.06912401,0.06455287,0.571004,123.86
564900,0.42,0.56,0.02,0.07757999,0.07814451,0.4708022,120.17
565000,0.42,0.57,0.01,0.0854136,0.09518518,0.2441998,95.91
565100,0.48,0.5,0.02,0.07563964,0.1007834,0.717804,129.34
565200,0.45,0.5,0.05,0.05989855,0.06298345,0.8040065,157.05
565300,0.42,0.56,0.02,0.0893916,0.08196741,0.6688046,143.19
565400,0.45,0.53,0.02,0.06826492,0.06750929,0.7346045,120.98
565500,0.45,0.52,0.03,0.0691611,0.06497347,0.7166045,129.55
565600,0.43,0.54,0.03,0.07590812,0.07633107,0.7666038,136.45
565700,0.5,0.49,0.01,0.06827609,0.0713269,0.4568014,109.25
565800,0.5,0.5,0,0.07494922,0.06979907,0.2495998,109.84
565900,0.42,0.57,0.01,0.0858655,0.08917274,0.4790024,118.68
566000,0.49,0.49,0.02,0.06868852,0.06313391,0.7476048,142.69
566100,0.46,0.52,0.02,0.06258544,0.06228976,0.8700044,143.72
566200,0.45,0.48,0.07,0.06732064,0.07341751,1.649617,153
566300,0.41,0.58,0.01,0.0962691,0.1085439,0.3013998,114.16
566400,0.42,0.56,0.02,0.08621083,0.093964,0.6354048,127.5
566500,0.45,0.52,0.03,0.08172894,0.08333311,0.8236046,122.96
566600,0.5,0.49,0.01,0.06891534,0.06548895,0.3782021,121.42
566700,0.39,0.61,0,0.07485142,0.08677013,0.2469998,102.1
566800,0.41,0.54,0.05,0.0749571,0.08254575,0.9516079,141.94
566900,0.36,0.6,0.04,0.07476555,0.07635902,0.8896074,140.59
567000,0.41,0.58,0.01,0.06598748,0.06029879,0.560602,130.44
567100,0.41,0.59,0,0.06378316,0.06679074,0.4953996,128.09
567200,0.53,0.47,0,0.07846823,0.09850994,0.3843997,103.55
567300,0.49,0.49,0.02,0.09831098,0.1146812,0.6856047,119.11
567400,0.44,0.56,0,0.0665238,0.06373788,0.5185996,117.03
567500,0.47,0.51,0.02,0.06962255,0.07050563,0.2939998,121.65
567600,0.38,0.6,0.02,0.06704837,0.06121137,0.4196025,126.26
567700,0.44,0.53,0.03,0.06604008,0.06536824,0.8838072,132.66
567800,0.42,0.57,0.01,0.07724365,0.07145885,0.3341997,119.48
567900,0.4,0.58,0.02,0.08356027,0.08566556,0.4510024,107.47
568000,0.49,0.49,0.02,0.07921418,0.08051274,0.569802,130.11
568100,0.45,0.54,0.01,0.07483318,0.09373361,0.443402,95.6
568200,0.38,0.59,0.03,0.1079488,0.1191986,0.4862044,126.54
568300,0.43,0.56,0.01,0.0930457,0.1005198,0.394602,108.04
568400,0.41,0.58,0.01,0.08119531,0.0815836,0.5952033,117.02
568500,0.51,0.48,0.01,0.07773525,0.07841714,0.4790021,106.89
568600,0.47,0.5,0.03,0.06482647,0.05578712,0.592402,141.75
568700,0.53,0.45,0.02,0.08764964,0.1052622,0.5838041,125.98
568800,0.5,0.45,0.05,0.05668839,0.05627099,1.19101,144.6
568900,0.45,0.53,0.02,0.0708879,0.07182725,0.6376042,124.35
569000,0.48,0.51,0.01,0.08435218,0.1151398,0.4918022,101.78
569100,0.51,0.47,0.02,0.08975668,0.0929548,0.5322039,119.72
569200,0.47,0.52,0.01,0.06630673,0.06196585,0.2335998,111.7
569300,0.5,0.5,0,0.08431298,0.09979065,0.2885998,106.99
569400,0.37,0.61,0.02,0.06877442,0.05956252,0.4970022,120.75
569500,0.41,0.58,0.01,0.07679364,0.07569265,0.4022024,117.42
569600,0.4,0.57,0.03,0.06894703,0.06963392,0.6300039,132.23
569700,0.45,0.51,0.04,0.07287267,0.06772022,0.6664039,147.73
569800,0.4,0.59,0.01,0.07837144,0.07894594,0.5122023,114.26
569900,0.53,0.45,0.02,0.0673852,0.06594723,0.846602,151.7
570000,0.44,0.54,0.02,0.09098955,0.09527232,0.4710015,127.32
570100,0.46,0.54,0,0.0713065,0.08533622,0.4013997,107.35
570200,0.41,0.57,0.02,0.07689568,0.1012103,0.2753998,127.83
570300,0.42,0.55,0.03,0.07743458,0.08189023,0.5312021,145.92
570400,0.46,0.53,0.01,0.06788953,0.06757514,0.406202,109.23
570500,0.47,0.52,0.01,0.07715044,0.07153912,0.4714019,107.04
570600,0.48,0.51,0.01,0.06769881,0.058849,0.6184018,134.8
570700,0.43,0.53,0.04,0.07746651,0.08257706,0.9100074,164.49
570800,0.42,0.56,0.02,0.08251333,0.07916252,0.7654018,134.8
570900,0.56,0.41,0.03,0.06676588,0.06467891,0.6616042,134.55
571000,0.44,0.54,0.02,0.0852096,0.08794059,0.6582024,125.51
571100,0.45,0.54,0.01,0.1087437,0.1059279,0.4124022,113.96
571200,0.41,0.56,0.03,0.08067109,0.08467728,0.7600046,130.21
571300,0.52,0.44,0.04,0.09860765,0.1263461,1.084809,146.78
571400,0.33,0.64,0.03,0.09947176,0.09122775,0.3572021,123.45
571500,0.46,0.54,0,0.08215737,0.07862523,0.2557998,108.9
571600,0.44,0.54,0.02,0.08083609,0.07457057,0.6596043,117.36
571700,0.45,0.52,0.03,0.07411666,0.07446343,0.5992047,134.31
571800,0.38,0.62,0,0.0799358,0.08907782,0.3021998,111.01
571900,0.42,0.57,0.01,0.06678751,0.06334856,0.4410017,118.36
572000,0.43,0.54,0.03,0.07936227,0.07577442,0.711006,112.93
572100,0.51,0.45,0.04,0.08671259,0.08649539,1.115809,146.6
572200,0.47,0.52,0.01,0.08445547,0.08847692,0.5718021,123.15
572300,0.49,0.5,0.01,0.08577581,0.08730099,0.4546023,112.98
572400,0.52,0.46,0.02,0.07360078,0.08484114,0.8562042,127.27
572500,0.39,0.57,0.04,0.07749006,0.0905928,0.9738072,148.86
572600,0.45,0.53,0.02,0.08657297,0.09957176,0.4960022,131.69
572700,0.43,0.57,0,0.06885091,0.06208886,0.2295998,131.39
572800,0.4,0.59,0.01,0.08246633,0.08920394,0.4104023,111.7
572900,0.44,0.55,0.01,0.1052224,0.1297452,0.3084017,130.44
573000,0.5,0.47,0.03,0.08891166,0.09476106,1.015806,141.22
573100,0.4,0.54,0.06,0.07244821,0.0683495,1.478215,165.27
573200,0.49,0.51,0,0.09739961,0.09475574,0.3249998,108.57
573300,0.54,0.43,0.03,0.06081254,0.05726986,0.6906043,129.2
573400,0.46,0.53,0.01,0.062993,0.05990734,0.4432023,119.21
573500,0.39,0.61,0,0.08846403,0.08687563,0.2811998,100.22
573600,0.39,0.59,0.02,0.08552494,0.08568703,0.5084024,129.41
573700,0.36,0.61,0.03,0.08111256,0.0844564,0.7816063,129.88
573800,0.43,0.55,0.02,0.07133253,0.06408869,0.5674047,126.68
573900,0.41,0.57,0.02,0.08213146,0.0898909,0.5168024,114.92
574000,0.52,0.45,0.03,0.07137436,0.07728143,1.055007,138.78
574100,0.41,0.58,0.01,0.07233951,0.0785749,0.5510023,110.02
574200,0.4,0.58,0.02,0.08114426,0.07688241,0.3562019,106.19
574300,0.46,0.53,0.01,0.0688506,0.06072353,0.4436021,131.87
574400,0.45,0.5,0.05,0.07734709,0.07836156,0.7352047,161.27
574500,0.5,0.47,0.03,0.0669854,0.07151837,0.6212021,152.62
574600,0.46,0.54,0,0.07110851,0.07627366,0.3665997,126.93
574700,0.46,0.54,0,0.07145131,0.07549718,0.3035998,119.56
574800,0.36,0.61,0.03,0.100038,0.1066338,0.6530046,125.36
574900,0.42,0.56,0.02,0.06668227,0.05774084,0.3081998,124.48
575000,0.4,0.58,0.02,0.07900304,0.08783524,0.4188022,128.57
575100,0.49,0.48,0.03,0.1075402,0.09804136,0.6692047,123.44
575200,0.44,0.56,0,0.06937727,0.07031331,0.3145998,106.93
575300,0.52,0.48,0,0.07494052,0.08028728,0.4465996,102.36
575400,0.38,0.58,0.04,0.07541618,0.07652023,0.5748046,153.81
575500,0.54,0.44,0.02,0.07623065,0.08647269,0.8312045,131.04
575600,0.4,0.58,0.02,0.08549862,0.08080279,0.6458045,114.96
575700,0.48,0.5,0.02,0.075689,0.06949415,0.6962044,128.43
575800,0.45,0.52,0.03,0.06461704,0.05944289,0.8444062,148.79
575900,0.47,0.53,0,0.06780445,0.05979684,0.3313998,120.44
576000,0.33,0.64,0.03,0.08008073,0.07568333,0.5816022,132.15
576100,0.43,0.53,0.04,0.07331657,0.07314295,1.073009,145.75
576200,0.41,0.55,0.04,0.07983245,0.0826821,0.8262045,151.75
576300,0.44,0.56,0,0.0748755,0.06759537,0.3462017,113.67
576400,0.55,0.44,0.01,0.07881855,0.07135412,0.5724019,113.28
576500,0.52,0.47,0.01,0.06861179,0.06517443,0.4315997,111.78
576600,0.49,0.49,0.02,0.0652403,0.07094122,0.6176016,141.54
576700,0.43,0.56,0.01,0.06624356,0.06018313,0.2167998,121.54
576800,0.49,0.49,0.02,0.07273382,0.07066567,0.7612042,125.88
576900,0.46,0.52,0.02,0.1043359,0.1069967,0.6606039,113.94
577000,0.39,0.58,0.03,0.06862091,0.07146035,0.7590042,130.12
577100,0.45,0.52,0.03,0.09157286,0.1046963,1.018407,141.12
577200,0.41,0.57,0.02,0.06496405,0.06205462,0.6070045,132.6
577300,0.39,0.6,0.01,0.07476941,0.06800138,0.5348012,119.02
577400,0.49,0.49,0.02,0.08071344,0.07294718,0.6748044,137.79
577500,0.4,0.59,0.01,0.07872989,0.07122442,0.4554025,121.12
577600,0.39,0.58,0.03,0.07883349,0.0784809,0.8524066,143.08
577700,0.42,0.56,0.02,0.07598572,0.07468532,0.6060024,129.96
577800,0.42,0.58,0,0.09170627,0.09447736,0.3105998,111.7
577900,0.5,0.48,0.02,0.06981257,0.06571575,0.7574041,125.77
578000,0.4,0.6,0,0.06652715,0.06051587,0.2417998,105.96
578100,0.38,0.59,0.03,0.07019298,0.06767794,0.7428072,133.99
578200,0.47,0.52,0.01,0.06797422,0.07572493,0.5258023,113.16
578300,0.54,0.44,0.02,0.07656407,0.07678568,0.5914016,128.9
578400,0.4,0.54,0.06,0.0688082,0.0775314,1.450013,162.69
578500,0.43,0.57,0,0.08703995,0.0893328,0.2857997,101.42
578600,0.46,0.53,0.01,0.07059187,0.07629888,0.4044009,129.29
578700,0.44,0.54,0.02,0.05975322,0.05266401,0.7960041,143.36
578800,0.45,0.52,0.03,0.07538859,0.07024011,0.8134044,126
578900,0.42,0.57,0.01,0.07400271,0.07537354,0.4444024,105.82
579000,0.46,0.52,0.02,0.06623667,0.06836934,0.5998044,134.25
579100,0.44,0.54,0.02,0.1109739,0.1364248,0.318402,89.31
579200,0.38,0.61,0.01,0.05760265,0.0540897,0.6594018,127.4
579300,0.4,0.57,0.03,0.08007476,0.08770274,0.8738071,133.68
579400,0.48,0.47,0.05,0.072176,0.08464746,1.320011,148.06
579500,0.44,0.55,0.01,0.08183635,0.1054622,0.4050019,116.36
579600,0.45,0.54,0.01,0.06480851,0.06371141,0.3353997,133.47
579700,0.43,0.56,0.01,0.08582745,0.0787898,0.3590023,121.17
579800,0.43,0.56,0.01,0.07690381,0.08204737,0.467802,117.52
579900,0.47,0.5,0.03,0.07121488,0.0666051,0.9508063,130.81
580000,0.41,0.57,0.02,0.06881545,0.07031474,0.7354047,135.72
580100,0.46,0.52,0.02,0.1052163,0.09308054,0.4758023,121.13
580200,0.36,0.64,0,0.07159837,0.06765123,0.2631998,99.43
580300,0.39,0.58,0.03,0.07132196,0.07251055,0.9270074,142.38
580400,0.44,0.53,0.03,0.08563931,0.08484932,1.013006,127.48
580500,0.34,0.6,0.06,0.08532809,0.08411847,1.205414,148.11
580600,0.46,0.5,0.04,0.09591302,0.1047959,0.8536066,148.46
580700,0.48,0.48,0.04,0.07114381,0.07020502,0.7796043,146.62
580800,0.39,0.59,0.02,0.066294,0.06823745,0.4016021,127.26
580900,0.42,0.57,0.01,0.07623444,0.08544949,0.1893999,119.86
581000,0.46,0.52,0.02,0.08254452,0.07747148,0.5978024,136.64
581100,0.42,0.56,0.02,0.069421,0.07185137,0.6786039,125.19
581200,0.49,0.49,0.02,0.08338485,0.0893168,0.8186048,138.18
581300,0.41,0.57,0.02,0.0644967,0.06103167,0.3722021,123.66
581400,0.49,0.48,0.03,0.06332852,0.05822591,0.8036064,137.6
581500,0.42,0.54,0.04,0.07366809,0.07040468,0.8430066,136.53
581600,0.46,0.53,0.01,0.07999017,0.08822837,0.381202,112.47
581700,0.49,0.48,0.03,0.06912505,0.06079607,0.9240067,142.84
581800,0.46,0.52,0.02,0.06242909,0.05801304,0.6058043,143
581900,0.46,0.51,0.03,0.07880671,0.0734731,0.9354057,127.95
582000,0.45,0.51,0.04,0.06038429,0.05765091,1.068609,145.86
582100,0.45,0.53,0.02,0.06677058,0.06559628,0.6664045,133.83
582200,0.44,0.54,0.02,0.07008698,0.06798326,0.6052045,123.34
582300,0.39,0.58,0.03,0.07687256,0.08049648,0.8152063,138.25
582400,0.37,0.57,0.06,0.09058631,0.1005138,1.424813,153.4
582500,0.48,0.49,0.03,0.0776016,0.09294214,0.7606043,158.99
582600,0.44,0.56,0,0.08239423,0.09512252,0.3241997,126.13
582700,0.44,0.55,0.01,0.06728497,0.06563032,0.6012016,129.35
582800,0.55,0.4,0.05,0.07173241,0.06722248,0.9064081,140.27
582900,0.46,0.51,0.03,0.06848594,0.0700177,0.8630068,141.79
583000,0.48,0.5,0.02,0.06492977,0.06250269,0.6846049,136.57
583100,0.36,0.63,0.01,0.08218554,0.08663641,0.5092016,111.02
583200,0.53,0.46,0.01,0.06508584,0.06126527,0.4592023,115.31
583300,0.5,0.47,0.03,0.09702121,0.1065332,0.7482059,146.35
583400,0.44,0.53,0.03,0.06498502,0.06820236,0.7756062,135.41
583500,0.54,0.44,0.02,0.07184348,0.0799823,0.6860037,124.12
583600,0.47,0.52,0.01,0.07999336,0.07772179,0.331802,116.04
583700,0.4,0.56,0.04,0.07040609,0.06646074,0.9646094,138.37
583800,0.49,0.47,0.04,0.0761446,0.08214922,1.095609,145.43
583900,0.46,0.5,0.04,0.0772384,0.08488809,0.8640072,137.22
584000,0.45,0.54,0.01,0.07679711,0.0904967,0.3457997,108.73
584100,0.41,0.58,0.01,0.08235874,0.1121062,0.4164024,118.58
584200,0.54,0.44,0.02,0.07879469,0.08466215,0.9030048,115.45
584300,0.44,0.54,0.02,0.08294967,0.08391444,0.408002,132.86
584400,0.4,0.59,0.01,0.07368288,0.07019269,0.415202,112.29
584500,0.43,0.55,0.02,0.0682865,0.0611606,0.5442047,121.54
584600,0.41,0.56,0.03,0.09236911,0.1088999,0.7150069,130.36
584700,0.49,0.47,0.04,0.06799506,0.05766672,0.7864064,137.12
584800,0.52,0.44,0.04,0.06819548,0.06944885,1.36781,154.39
584900,0.43,0.53,0.04,0.09258921,0.09284889,0.8342062,153.33
585000,0.39,0.58,0.03,0.0797039,0.08146926,0.8730074,137.31
585100,0.39,0.59,0.02,0.06471081,0.06503648,0.8380032,142.26
585200,0.4,0.59,0.01,0.07040699,0.06793907,0.303002,99.06
585300,0.53,0.47,0,0.06048949,0.05419704,0.2733998,121.22
585400,0.43,0.55,0.02,0.07122469,0.07009644,0.6486042,127.89
585500,0.48,0.51,0.01,0.08783302,0.0936884,0.665202,126.99
585600,0.4,0.58,0.02,0.07962877,0.07569829,0.5682023,116.77
585700,0.47,0.52,0.01,0.08218002,0.07696665,0.3479997,113.91
585800,0.49,0.5,0.01,0.07458763,0.07989379,0.4250021,105.94
585900,0.47,0.5,0.03,0.06602052,0.05736209,0.7788072,135.61
586000,0.42,0.53,0.05,0.08716618,0.0864224,1.06481,146.26
586100,0.37,0.6,0.03,0.0707061,0.0663546,0.9144069,141.43
586200,0.48,0.49,0.03,0.09030761,0.1085566,0.5808038,120.82
586300,0.47,0.48,0.05,0.08684527,0.09533948,0.9812087,160.72
586400,0.48,0.49,0.03,0.0853496,0.1114121,0.4762025,125.62
586500,0.37,0.61,0.02,0.08451664,0.08539481,0.536404,126.48
586600,0.49,0.5,0.01,0.07561598,0.07336234,0.6236018,130.63
586700,0.48,0.49,0.03,0.0780855,0.08017588,0.9492061,145.39
586800,0.51,0.46,0.03,0.1034048,0.1229098,0.7050043,127.67
586900,0.54,0.44,0.02,0.0693109,0.06450444,0.609202,136.64
587000,0.41,0.53,0.06,0.09089994,0.1053248,1.03241,155.61
587100,0.44,0.55,0.01,0.08067676,0.09266316,0.2173998,115.73
587200,0.38,0.54,0.08,0.06549491,0.06047492,1.484213,175.83
587300,0.43,0.55,0.02,0.08235846,0.1032559,0.6132041,113.38
587400,0.45,0.5,0.05,0.06232183,0.06174436,1.363811,169.24
587500,0.45,0.52,0.03,0.09092481,0.1070232,0.8874071,127.2
587600,0.46,0.52,0.02,0.07638484,0.07289475,0.6694037,121.23
587700,0.41,0.59,0,0.07091682,0.07237274,0.2639998,103.5
587800,0.35,0.62,0.03,0.0663201,0.06460071,0.3906014,142.58
587900,0.4,0.58,0.02,0.0711447,0.06137896,0.6062037,125.14
588000,0.44,0.5,0.06,0.09885593,0.1149598,1.340214,161.96
588100,0.41,0.57,0.02,0.07238635,0.08403761,0.5638044,130.22
588200,0.49,0.49,0.02,0.06570429,0.06253055,0.6210044,115.55
588300,0.49,0.48,0.03,0.07214756,0.06991827,0.9274071,135.87
588400,0.45,0.54,0.01,0.09242105,0.09752307,0.361202,111.61
588500,0.5,0.48,0.02,0.07023814,0.07140953,0.5640017,149.74
588600,0.45,0.53,0.02,0.08331759,0.08781271,0.6592047,131.26
588700,0.49,0.5,0.01,0.06229101,0.06611113,0.4584023,124.39
588800,0.48,0.5,0.02,0.07995421,0.07932334,0.6242044,112.14
588900,0.4,0.59,0.01,0.08213624,0.07852755,0.4040015,114.8
589000,0.44,0.56,0,0.07093187,0.07346424,0.3227997,109.13
589100,0.48,0.51,0.01,0.07017764,0.06819526,0.3538022,111
589200,0.48,0.49,0.03,0.06376578,0.05909052,0.8364072,147.96
589300,0.4,0.57,0.03,0.08518386,0.08578221,0.486602,135.55
589400,0.42,0.56,0.02,0.0683759,0.07082634,0.6324047,117.74
589500,0.43,0.54,0.03,0.06352572,0.05864,0.7122031,126.29
589600,0.45,0.52,0.03,0.06186468,0.0584493,1.024007,162.51
589700,0.47,0.52,0.01,0.08760266,0.082827,0.5122021,119.42
589800,0.4,0.55,0.05,0.08445247,0.09940258,1.328412,153.63
589900,0.56,0.4,0.04,0.06624977,0.06144939,0.9610086,123.66
590000,0.38,0.59,0.03,0.06767831,0.06977833,0.7658063,133.98
590100,0.49,0.46,0.05,0.07004971,0.07304617,1.128808,153.01
590200,0.45,0.53,0.02,0.08389925,0.08547714,0.6140046,106.89
590300,0.5,0.49,0.01,0.08424741,0.09162713,0.478002,117.29
590400,0.46,0.53,0.01,0.0816557,0.08878922,0.3960021,126.12
590500,0.45,0.53,0.02,0.09079193,0.1221494,0.7914047,122.74
590600,0.48,0.52,0,0.08662943,0.1026465,0.2477998,114.2
590700,0.46,0.53,0.01,0.1000339,0.1208928,0.5238024,118.34
590800,0.37,0.63,0,0.06192712,0.05830499,0.3175997,124.02
590900,0.44,0.52,0.04,0.06342299,0.06200915,1.164609,164.36
591000,0.4,0.6,0,0.09890611,0.1054212,0.2965998,102.15
591100,0.48,0.47,0.05,0.07588618,0.08483925,1.028806,157.39
591200,0.38,0.58,0.04,0.08816079,0.08795527,0.9290066,129.02
591300,0.37,0.61,0.02,0.0826786,0.096518,0.5992043,136.82
591400,0.51,0.47,0.02,0.06980844,0.0648542,0.6980041,121.33
591500,0.45,0.53,0.02,0.06982847,0.0630961,0.5008019,125.28
591600,0.44,0.54,0.02,0.06208455,0.06048599,0.6386049,127.62
591700,0.48,0.51,0.01,0.0661135,0.06087614,0.3972021,108.38
591800,0.52,0.46,0.02,0.07754155,0.08263904,0.5630026,124.16
591900,0.43,0.53,0.04,0.05819549,0.05430828,1.055809,150.39
592000,0.34,0.63,0.03,0.0640324,0.05751388,0.7174069,153.27
592100,0.59,0.39,0.02,0.08193357,0.09024193,0.6626042,122.77
592200,0.43,0.53,0.04,0.07258755,0.08847513,1.137009,134.17
592300,0.44,0.55,0.01,0.06548814,0.06294009,0.4676017,127.22
592400,0.42,0.57,0.01,0.07409628,0.06896114,0.4386019,123.06
592500,0.45,0.53,0.02,0.06477942,0.06559788,0.6686037,127.65
592600,0.42,0.58,0,0.07415174,0.08112489,0.2755998,108.96
592700,0.39,0.59,0.02,0.09065089,0.09291513,0.6642048,127.35
592800,0.35,0.57,0.08,0.08113957,0.09252127,1.700618,179.28
592900,0.38,0.6,0.02,0.09291171,0.09868183,0.5664051,116.84
593000,0.43,0.54,0.03,0.07108303,0.06225324,0.7736067,157.35
593100,0.45,0.54,0.01,0.07353255,0.06879535,0.3954017,119.18
593200,0.4,0.53,0.07,0.07354705,0.0691186,1.097411,149.91
593300,0.53,0.45,0.02,0.07605324,0.07707249,0.5286019,113.07
593400,0.41,0.57,0.02,0.07013908,0.08269271,0.6424043,110.81
593500,0.43,0.55,0.02,0.0826624,0.09535698,0.5874044,144.88
593600,0.46,0.51,0.03,0.08172408,0.08363281,0.7334039,137.19
593700,0.35,0.62,0.03,0.07236815,0.07584295,0.8114071,140.81
593800,0.41,0.57,0.02,0.06661314,0.05936225,0.592805,130.13
593900,0.53,0.46,0.01,0.07969171,0.08682088,0.2577998,97.09
594000,0.4,0.58,0.02,0.07507581,0.07675943,0.4340024,120.19
594100,0.5,0.49,0.01,0.08533113,0.09882095,0.5160022,125.62
594200,0.44,0.53,0.03,0.07209838,0.0785848,0.5648015,134.62
594300,0.48,0.51,0.01,0.07181355,0.07856785,0.2235998,96.24
594400,0.43,0.56,0.01,0.06966912,0.06573171,0.543002,123.72
594500,0.49,0.49,0.02,0.07813369,0.09591173,0.4338025,123.61
594600,0.39,0.57,0.04,0.07461341,0.07460806,0.6672045,144.43
594700,0.32,0.66,0.02,0.07325112,0.08704075,0.5718044,126.21
594800,0.41,0.56,0.03,0.06950654,0.07293367,0.7936066,136.23
594900,0.35,0.6,0.05,0.05806762,0.0554864,1.147209,161.74
595000,0.41,0.57,0.02,0.07569966,0.07381607,0.6242045,123.69
595100,0.45,0.53,0.02,0.06384392,0.0663553,0.7204043,140.23
595200,0.4,0.57,0.03,0.08397761,0.07215695,0.6576045,153.39
595300,0.45,0.53,0.02,0.07984532,0.0813665,0.6048048,114.95
595400,0.44,0.54,0.02,0.08307271,0.08292138,0.6504046,150.76
595500,0.52,0.46,0.02,0.09696828,0.1146752,0.466602,111.1
595600,0.52,0.46,0.02,0.08293792,0.08740009,0.4750019,107.67
595700,0.42,0.56,0.02,0.07554182,0.06828641,0.8618047,152.58
595800,0.49,0.5,0.01,0.06097051,0.05766474,0.453802,131.3
595900,0.41,0.57,0.02,0.08112557,0.08080761,0.6242042,118.57
596000,0.37,0.59,0.04,0.07477446,0.06611658,0.7600067,145.67
596100,0.52,0.47,0.01,0.06463186,0.05915491,0.4976012,141.8
596200,0.43,0.53,0.04,0.07271887,0.07295383,0.9080081,145.65
596300,0.4,0.6,0,0.08368275,0.09535882,0.2435998,92.79
596400,0.32,0.66,0.02,0.07355718,0.06924743,0.7122042,132.88
596500,0.48,0.52,0,0.07431851,0.0676141,0.4109997,109.05
596600,0.46,0.52,0.02,0.070118,0.06606838,0.5312046,115.84
596700,0.36,0.59,0.05,0.08059123,0.07829745,0.8798074,156.12
596800,0.48,0.51,0.01,0.07157198,0.0780231,0.5004017,121.05
596900,0.5,0.49,0.01,0.07961183,0.09084289,0.5518023,91.33
597000,0.49,0.48,0.03,0.08284279,0.08131406,0.9408073,135.79
597100,0.46,0.52,0.02,0.08042679,0.09232268,0.6172045,121.5
597200,0.53,0.45,0.02,0.0739866,0.07626516,0.7684045,127.5
597300,0.47,0.48,0.05,0.06091512,0.0599389,1.078409,167.06
597400,0.45,0.52,0.03,0.06674317,0.06873354,0.7946042,142.15
597500,0.43,0.51,0.06,0.09102301,0.09932357,1.364212,170.69
597600,0.35,0.62,0.03,0.0836484,0.07981183,0.7282059,132.87
597700,0.46,0.54,0,0.08158395,0.08947809,0.3319997,133.74
597800,0.5,0.48,0.02,0.09181321,0.09098105,0.6900046,132.92
597900,0.39,0.6,0.01,0.0903353,0.09401821,0.4698016,110.38
598000,0.54,0.44,0.02,0.06476119,0.0559509,0.6398047,122.02
598100,0.37,0.6,0.03,0.06710359,0.07246032,0.7362068,148.12
598200,0.44,0.53,0.03,0.06485146,0.06276472,0.6674042,151.23
598300,0.43,0.55,0.02,0.07915288,0.09013636,0.4768021,143.34
598400,0.55,0.44,0.01,0.07263065,0.0756461,0.4712014,108.72
598500,0.38,0.55,0.07,0.08554411,0.08583587,1.138212,152.59
598600,0.52,0.47,0.01,0.07165112,0.08119834,0.5082025,105.23
598700,0.47,0.51,0.02,0.09065137,0.08823194,0.7248043,127.84
598800,0.36,0.62,0.02,0.07676123,0.07622869,0.402802,107.53
598900,0.47,0.52,0.01,0.06046756,0.06005609,0.4392021,114.37
599000,0.46,0.5,0.04,0.0731659,0.07106426,1.019406,137.64
599100,0.51,0.48,0.01,0.06938609,0.07471239,0.5764018,128.62
599200,0.47,0.51,0.02,0.06845179,0.06854526,0.5220021,132.09
599300,0.46,0.52,0.02,0.08297811,0.08639806,0.4768016,129.42
599400,0.5,0.45,0.05,0.07536631,0.0889689,0.963807,163.96
599500,0.44,0.55,0.01,0.08769393,0.09775543,0.5606022,125.8
599600,0.4,0.52,0.08,0.07385665,0.07342358,1.270613,176.19
599700,0.4,0.59,0.01,0.08304013,0.08409221,0.4080024,109.06
599800,0.44,0.55,0.01,0.05758897,0.05808357,0.5946019,123.22
599900,0.36,0.62,0.02,0.08010167,0.08606417,0.5100048,110.66
600000,0.39,0.6,0.01,0.07432832,0.06875907,0.5016022,116.65
600100,0.32,0.65,0.03,0.07348146,0.07961283,0.5450048,129.12
600200,0.46,0.51,0.03,0.07345389,0.08944897,0.7260072,119.12
600300,0.38,0.6,0.02,0.06424852,0.06338689,0.3926017,128.65
600400,0.43,0.56,0.01,0.1014094,0.1203199,0.2035999,105.77
600500,0.4,0.59,0.01,0.09221423,0.1047412,0.5768024,120.54
600600,0.46,0.48,0.06,0.08108787,0.07869757,1.330612,161.49
600700,0.4,0.56,0.04,0.06501083,0.05885898,0.9156091,152.08
600800,0.47,0.51,0.02,0.07064794,0.07404674,0.8106044,117.79
600900,0.31,0.63,0.06,0.06988887,0.07193399,1.040411,160.23
601000,0.37,0.6,0.03,0.0839948,0.08057932,0.6634064,120.43
601100,0.36,0.62,0.02,0.07266503,0.06677403,0.4914042,119.12
601200,0.38,0.6,0.02,0.08176374,0.07533249,0.4282019,125.61
601300,0.45,0.54,0.01,0.08156892,0.08117166,0.4844018,114.06
601400,0.33,0.64,0.03,0.0698497,0.07440179,0.8824065,147.97
601500,0.48,0.5,0.02,0.06992874,0.07294735,0.5562023,119.82
601600,0.4,0.56,0.04,0.07280875,0.07791922,0.8426087,138.64
601700,0.48,0.47,0.05,0.06722546,0.06646381,0.5576046,139.5
601800,0.49,0.49,0.02,0.1084799,0.1309262,0.6664034,113.36
601900,0.38,0.57,0.05,0.06234293,0.07190134,1.181812,158.34
602000,0.37,0.62,0.01,0.09975334,0.09174412,0.3267998,117.33
602100,0.42,0.55,0.03,0.06526978,0.06402055,0.8046058,132.84
602200,0.46,0.52,0.02,0.06628496,0.06535513,0.6512046,134.15
602300,0.38,0.58,0.04,0.07105897,0.0652399,0.6762055,149.32
602400,0.43,0.55,0.02,0.07424031,0.07180963,0.6128037,118.31
602500,0.45,0.51,0.04,0.0586704,0.05819414,0.9406065,159.82
602600,0.39,0.55,0.06,0.07785844,0.06739234,1.202812,159.75
602700,0.43,0.54,0.03,0.06781307,0.06176021,0.7972052,158.62
602800,0.43,0.52,0.05,0.07990532,0.07918916,0.8676064,140.69
602900,0.43,0.55,0.02,0.06322727,0.05850215,0.6906051,120.25
603000,0.44,0.52,0.04,0.07485622,0.07415704,0.9472076,147.64
603100,0.49,0.5,0.01,0.07023349,0.07917359,0.3669997,111.4
603200,0.48,0.47,0.05,0.08647813,0.1123429,1.038609,160.02
603300,0.4,0.58,0.02,0.0800501,0.08858626,0.5450047,129.15
603400,0.37,0.58,0.05,0.0749572,0.135205,1.269611,164.1
603500,0.49,0.51,0,0.07131949,0.06504056,0.2465998,111.1
603600,0.41,0.57,0.02,0.06348604,0.06409714,0.6788045,125.1
603700,0.45,0.5,0.05,0.06786721,0.05726869,0.9830093,143.88
603800,0.44,0.54,0.02,0.07287665,0.06952289,0.5892051,135.82
603900,0.46,0.52,0.02,0.07059369,0.07469397,0.7820048,153.61
604000,0.5,0.49,0.01,0.07541426,0.07307426,0.4988023,119.56
604100,0.5,0.49,0.01,0.07797398,0.08158913,0.4210021,124.81
604200,0.43,0.55,0.02,0.06956789,0.07518943,0.4832024,139.16
604300,0.49,0.49,0.02,0.06119042,0.05748146,0.7662048,136.08
604400,0.53,0.46,0.01,0.08025477,0.1130468,0.5286021,128.13
604500,0.43,0.55,0.02,0.09131738,0.08671028,0.6226042,121.01
604600,0.38,0.59,0.03,0.07177434,0.06124121,0.6790061,133.37
604700,0.4,0.58,0.02,0.06409839,0.06615148,0.6480048,122.61
604800,0.47,0.52,0.01,0.07313079,0.0688201,0.2965998,125.44
604900,0.4,0.56,0.04,0.06552307,0.06905024,0.9652072,151.21
605000,0.44,0.53,0.03,0.07633913,0.08170512,1.021006,151.66
605100,0.37,0.6,0.03,0.07545736,0.07749142,0.7578056,124.36
605200,0.43,0.56,0.01,0.08027484,0.07168332,0.5134023,125.02
605300,0.42,0.57,0.01,0.07795773,0.08481839,0.5124018,110.06
605400,0.49,0.47,0.04,0.07514516,0.07268888,0.6608046,132.5
605500,0.47,0.5,0.03,0.06859164,0.06510603,0.7152046,127.86
605600,0.44,0.54,0.02,0.06020991,0.05791345,0.6084023,141.38
605700,0.46,0.52,0.02,0.07172003,0.07934316,0.4672021,136.65
605800,0.37,0.62,0.01,0.07049468,0.06757276,0.3214024,117.49
605900,0.33,0.66,0.01,0.07047324,0.07828593,0.4806019,119.08
606000,0.42,0.56,0.02,0.0676015,0.06526637,0.6460019,145.59
606100,0.41,0.57,0.02,0.06413919,0.05891052,0.6028041,111.12
606200,0.43,0.55,0.02,0.09013575,0.08858187,0.4436032,129.12
606300,0.42,0.55,0.03,0.09071616,0.09605014,0.7514062,119.26
606400,0.42,0.56,0.02,0.07934256,0.08130445,0.5214047,104.07
606500,0.51,0.48,0.01,0.07268277,0.07989568,0.4542009,116.12
606600,0.46,0.53,0.01,0.06699456,0.0613142,0.2159998,112.07
606700,0.39,0.61,0,0.06741357,0.06742952,0.5191996,134.56
606800,0.46,0.51,0.03,0.06637572,0.0795804,0.6886046,131.35
606900,0.46,0.54,0,0.0726928,0.0730418,0.3075998,111.46
607000,0.42,0.57,0.01,0.08115688,0.08210652,0.5820018,132.89
607100,0.4,0.56,0.04,0.07236782,0.08932886,0.7026044,145.73
607200,0.39,0.59,0.02,0.06056273,0.05359958,0.3641998,145.16
607300,0.4,0.55,0.05,0.06367444,0.06305455,0.9924089,165.37
607400,0.45,0.55,0,0.06326706,0.07055978,0.2829998,131.43
607500,0.47,0.53,0,0.07240281,0.07105745,0.3817997,101.97
607600,0.44,0.56,0,0.1045108,0.1209341,0.2847998,98.52
607700,0.47,0.5,0.03,0.06443579,0.05838071,0.8246068,131.51
607800,0.43,0.54,0.03,0.0742609,0.08373353,0.7354074,122.8
607900,0.32,0.67,0.01,0.08176831,0.08286506,0.3604025,136.67
608000,0.47,0.53,0,0.09924309,0.107835,0.2119998,102.87
608100,0.44,0.54,0.02,0.08036331,0.1009896,0.6306043,127.19
608200,0.42,0.54,0.04,0.07888023,0.08012871,0.7270069,125.41
608300,0.35,0.61,0.04,0.0880331,0.0974845,0.7354063,147.4
608400,0.4,0.6,0,0.0621475,0.06107103,0.2895998,100.53
608500,0.41,0.59,0,0.1052362,0.09693954,0.3637998,116.97
608600,0.45,0.52,0.03,0.06193537,0.06194594,0.4750018,142.09
608700,0.38,0.58,0.04,0.0790396,0.08016803,0.987809,148.45
608800,0.51,0.46,0.03,0.06088454,0.06106877,0.6420042,135.49
608900,0.44,0.54,0.02,0.08388188,0.1009975,0.3397997,147.5
609000,0.46,0.48,0.06,0.07539053,0.08006342,1.378211,159.29
609100,0.4,0.57,0.03,0.08644803,0.09557538,0.8360061,148.89
609200,0.44,0.52,0.04,0.07105014,0.07140016,1.052208,150.96
609300,0.41,0.56,0.03,0.06044078,0.05618266,0.6604065,143.73
609400,0.43,0.55,0.02,0.09599634,0.1080146,0.643602,124.89
609500,0.43,0.55,0.02,0.06699765,0.05947738,0.6410042,130.58
609600,0.43,0.56,0.01,0.07802562,0.09449443,0.4304021,111.14
609700,0.42,0.55,0.03,0.09128927,0.1187913,0.6356051,137.46
609800,0.42,0.54,0.04,0.07459869,0.08295574,0.781006,145.07
609900,0.39,0.58,0.03,0.06120731,0.05680369,0.5836041,159.19
610000,0.45,0.48,0.07,0.07503211,0.07660919,1.154011,186.86
610100,0.33,0.65,0.02,0.07877248,0.07318613,0.3880024,118
610200,0.45,0.5,0.05,0.07483334,0.07433673,1.031209,167.29
610300,0.44,0.56,0,0.07388889,0.0785453,0.5235996,108.75
610400,0.47,0.47,0.06,0.08326678,0.09291878,1.175211,147.31
610500,0.43,0.55,0.02,0.08191618,0.08448676,0.625604,134.91
610600,0.43,0.51,0.06,0.07193632,0.07497547,1.255211,164.45
610700,0.38,0.58,0.04,0.07510414,0.0688946,0.6814061,135.92
610800,0.47,0.52,0.01,0.06215804,0.06476929,0.5290022,129.61
610900,0.52,0.46,0.02,0.07805052,0.07255122,0.6402033,133.42
611000,0.49,0.47,0.04,0.09084604,0.1095461,0.824407,147.55
611100,0.39,0.58,0.03,0.07473897,0.0743946,0.8812071,148.46
611200,0.4,0.57,0.03,0.09617708,0.08562633,0.8758059,137.76
611300,0.39,0.59,0.02,0.07929452,0.07638573,0.4680024,106.97
611400,0.53,0.46,0.01,0.06830078,0.06366441,0.3739997,124.94
611500,0.37,0.6,0.03,0.06881123,0.06872431,0.8262042,146.46
611600,0.38,0.59,0.03,0.08028759,0.0834714,0.7800066,134.43
611700,0.4,0.57,0.03,0.08311123,0.07836775,0.6280044,139.13
611800,0.37,0.6,0.03,0.06351203,0.0646462,0.8678071,127.04
611900,0.47,0.52,0.01,0.096439,0.1318536,0.376202,120.27
612000,0.41,0.58,0.01,0.08609321,0.09016611,0.4742024,118.06
612100,0.49,0.5,0.01,0.09336234,0.09330882,0.5660022,116.53
612200,0.36,0.62,0.02,0.08208434,0.08513555,0.2653998,120.58
612300,0.46,0.51,0.03,0.08913827,0.1058643,0.6212041,133.34
612400,0.37,0.59,0.04,0.08014014,0.07968342,0.5756019,158.64
612500,0.4,0.58,0.02,0.06331992,0.06153887,0.6858047,136.54
612600,0.39,0.6,0.01,0.07530591,0.08878762,0.4702024,116.53
612700,0.5,0.49,0.01,0.0901847,0.09734809,0.3696017,100.79
612800,0.5,0.48,0.02,0.07508017,0.06986115,0.6314044,111.48
612900,0.38,0.6,0.02,0.06943498,0.07921541,0.3830018,131.63
613000,0.45,0.55,0,0.08591613,0.09577207,0.2717998,113.09
613100,0.41,0.57,0.02,0.06413643,0.06394579,0.601604,116.42
613200,0.55,0.44,0.01,0.07307047,0.06769869,0.3116021,114.98
613300,0.42,0.54,0.04,0.08010828,0.07965336,0.6424045,154.73
613400,0.39,0.57,0.04,0.07597718,0.07782382,0.8836075,154.27
613500,0.35,0.64,0.01,0.07257342,0.07163002,0.2932021,122.66
613600,0.41,0.54,0.05,0.06632432,0.06316964,1.024409,153.32
613700,0.38,0.59,0.03,0.0700525,0.06595626,0.6956045,149.37
613800,0.53,0.47,0,0.08914086,0.08507338,0.2947998,113.5
613900,0.41,0.57,0.02,0.0766952,0.06444909,0.5978041,115.28
614000,0.39,0.56,0.05,0.07747854,0.07351328,0.8072067,146.13
614100,0.36,0.64,0,0.08312423,0.08298689,0.2571998,99.91
614200,0.37,0.58,0.05,0.0974554,0.1050875,1.078208,165.91
614300,0.45,0.51,0.04,0.08404107,0.07916831,0.6110047,139.21
614400,0.51,0.49,0,0.07948401,0.08205089,0.4055996,121.29
614500,0.4,0.6,0,0.0632841,0.06037593,0.1837998,122.54
614600,0.46,0.54,0,0.08778825,0.07974647,0.2239998,106.1
614700,0.47,0.52,0.01,0.08794234,0.100354,0.4964019,117.46
614800,0.46,0.52,0.02,0.06700279,0.06599035,0.6080036,120.68
614900,0.49,0.47,0.04,0.06540534,0.06114951,1.027809,155.81
615000,0.44,0.54,0.02,0.06654137,0.06120162,0.5204023,122.77
615100,0.42,0.52,0.06,0.08225022,0.08076323,1.294814,163.7
615200,0.46,0.54,0,0.07564263,0.0718435,0.3453997,105.49
615300,0.4,0.59,0.01,0.07749882,0.07640249,0.372402,112.48
615400,0.37,0.62,0.01,0.09169522,0.1024021,0.4008022,108.07
615500,0.43,0.54,0.03,0.07325561,0.06926399,0.7072045,122.08
615600,0.35,0.63,0.02,0.06592121,0.06338849,0.3432025,119.41
615700,0.36,0.59,0.05,0.06095324,0.06351168,1.234412,163.77
615800,0.54,0.42,0.04,0.06467578,0.05597332,1.162409,148.08
615900,0.45,0.51,0.04,0.08053671,0.07166855,0.4256019,144.11
616000,0.36,0.62,0.02,0.07900968,0.1078261,0.6420045,125.11
616100,0.46,0.53,0.01,0.07945769,0.07672039,0.5014021,115.74
616200,0.46,0.52,0.02,0.07732646,0.07153057,0.6616048,116.55
616300,0.4,0.58,0.02,0.08391858,0.09029232,0.6492046,135.34
616400,0.35,0.63,0.02,0.08599097,0.1122456,0.5138023,121.82
616500,0.52,0.46,0.02,0.07366688,0.07123576,0.4782023,123.42
616600,0.47,0.52,0.01,0.0769861,0.08174855,0.4982013,108.58
616700,0.45,0.54,0.01,0.08030584,0.08744457,0.4542017,118.01
616800,0.41,0.57,0.02,0.05929552,0.05455728,0.4436024,140.31
616900,0.43,0.55,0.02,0.06842875,0.06954692,0.6664045,114.69
617000,0.46,0.54,0,0.07959943,0.09757339,0.2101998,90.42
617100,0.41,0.57,0.02,0.08152711,0.08241525,0.5336039,128.85
617200,0.54,0.45,0.01,0.07656163,0.06593217,0.4808024,125.17
617300,0.46,0.48,0.06,0.06578319,0.06519192,1.289812,167.49
617400,0.46,0.53,0.01,0.06321051,0.08237031,0.6480023,131.04
617500,0.42,0.57,0.01,0.07766995,0.08849846,0.497202,131.11
617600,0.38,0.61,0.01,0.07661424,0.07751098,0.6086019,135.24
617700,0.48,0.52,0,0.06511375,0.0637617,0.3205998,114.7
617800,0.42,0.57,0.01,0.0622007,0.05888205,0.2958,131.33
617900,0.46,0.52,0.02,0.07479577,0.08523288,0.6524037,108.55
618000,0.51,0.48,0.01,0.06775258,0.0624401,0.2587998,122.46
618100,0.43,0.54,0.03,0.07252531,0.07986233,0.5122024,132.36
618200,0.38,0.6,0.02,0.06450674,0.07584998,0.372402,124.99
618300,0.44,0.55,0.01,0.08797897,0.09280501,0.4128021,124.4
618400,0.43,0.55,0.02,0.07377876,0.07573202,0.5862048,128.14
618500,0.39,0.6,0.01,0.07111103,0.07111828,0.5498023,143.82
618600,0.41,0.58,0.01,0.07966426,0.09895512,0.366402,99.26
618700,0.39,0.59,0.02,0.06688759,0.0677444,0.6244041,131.04
618800,0.43,0.57,0,0.07044338,0.06896464,0.3513998,96.89
618900,0.55,0.42,0.03,0.08088625,0.08276143,0.8474064,129.83
619000,0.41,0.56,0.03,0.08494548,0.09058339,0.7498072,134.7
619100,0.49,0.49,0.02,0.07086138,0.07289063,0.7860036,134.6
619200,0.39,0.59,0.02,0.0636908,0.0537769,0.5980046,146.94
619300,0.49,0.5,0.01,0.07670344,0.07917032,0.5986016,115.74
619400,0.38,0.61,0.01,0.08258757,0.1199606,0.4992018,118.91
619500,0.39,0.59,0.02,0.08275336,0.07709835,0.334602,120
619600,0.52,0.47,0.01,0.08025039,0.07726043,0.4694023,114.14
619700,0.37,0.63,0,0.08827014,0.07866969,0.1307999,97.54
619800,0.42,0.55,0.03,0.07561441,0.07307046,0.600605,150.31
619900,0.45,0.53,0.02,0.08953056,0.09072818,0.4516018,122.76
620000,0.38,0.6,0.02,0.065285,0.06167608,0.5436041,132.5
620100,0.43,0.54,0.03,0.0630405,0.05648415,0.3644018,135.58
620200,0.41,0.55,0.04,0.07547615,0.07061257,0.7142045,159.84
620300,0.5,0.48,0.02,0.08772495,0.0943546,0.6750044,125.14
620400,0.47,0.5,0.03,0.08026299,0.07955262,0.4874019,133.09
620500,0.49,0.49,0.02,0.08427719,0.08211067,0.6206015,135.1
620600,0.48,0.51,0.01,0.0556271,0.0591068,0.3843997,139.93
620700,0.41,0.58,0.01,0.07876074,0.081762,0.3808025,104.78
620800,0.43,0.55,0.02,0.1057436,0.1149426,0.4050022,123.1
620900,0.46,0.51,0.03,0.07002138,0.0703074,0.5978048,131.93
621000,0.34,0.65,0.01,0.08025967,0.07720621,0.1859998,108.64
621100,0.46,0.52,0.02,0.08799431,0.09517337,0.7154047,139.93
621200,0.41,0.57,0.02,0.07510436,0.07649484,0.5742049,128.6
621300,0.55,0.41,0.04,0.06190859,0.0669942,1.019407,155.13
621400,0.58,0.39,0.03,0.06289759,0.06306399,0.6662047,131.26
621500,0.49,0.5,0.01,0.08266991,0.08661447,0.5002019,123.17
621600,0.5,0.48,0.02,0.07334015,0.07383282,0.6600046,108.09
621700,0.39,0.61,0,0.06586877,0.06653323,0.1665999,111.65
621800,0.38,0.58,0.04,0.06972634,0.0585706,0.5492039,132.51
621900,0.45,0.54,0.01,0.06524439,0.05809592,0.6672018,143.88
622000,0.39,0.57,0.04,0.06697111,0.06305956,0.9170097,126.58
622100,0.48,0.52,0,0.06931336,0.06200882,0.4433997,125.34
622200,0.61,0.37,0.02,0.06320779,0.0605163,0.7018046,138.9
622300,0.44,0.56,0,0.07401776,0.07228857,0.3149997,115.03
622400,0.47,0.48,0.05,0.07422951,0.06935666,1.031809,165.53
622500,0.4,0.56,0.04,0.07696592,0.08480792,0.6114048,145.19
622600,0.39,0.56,0.05,0.06279945,0.06092324,1.002409,163.95
622700,0.45,0.54,0.01,0.08900384,0.08858684,0.3721997,118.27
622800,0.48,0.51,0.01,0.06885112,0.06581421,0.5124018,107.19
622900,0.45,0.51,0.04,0.08312497,0.09115744,0.9080064,146.61
623000,0.53,0.45,0.02,0.1066836,0.1295354,0.7288042,110.9
623100,0.44,0.53,0.03,0.07866245,0.07991856,0.5588045,129.2
623200,0.52,0.47,0.01,0.07490856,0.07910834,0.5098022,125.07
623300,0.49,0.48,0.03,0.07420889,0.08131301,0.7074044,151.1
623400,0.4,0.57,0.03,0.07022516,0.06686067,0.7980067,131.13
623500,0.43,0.57,0,0.07544889,0.07408836,0.3347997,113.29
623600,0.47,0.51,0.02,0.07615823,0.09674703,0.6744045,130.04
623700,0.56,0.41,0.03,0.09109278,0.09185129,1.054607,134.81
623800,0.41,0.55,0.04,0.07038899,0.06131648,0.789607,154.79
623900,0.46,0.52,0.02,0.06833981,0.06535254,0.6946048,133.48
624000,0.52,0.44,0.04,0.09352901,0.09484101,0.933809,141.48
624100,0.39,0.59,0.02,0.07978763,0.09140377,0.4652023,118.3
624200,0.44,0.52,0.04,0.08583945,0.09335674,0.6988043,137.72
624300,0.37,0.6,0.03,0.06432212,0.05969112,0.6270047,125.68
624400,0.39,0.59,0.02,0.07573977,0.08213681,0.5100024,126.24
624500,0.45,0.54,0.01,0.1033066,0.1098167,0.2917998,101.17
624600,0.44,0.51,0.05,0.08368506,0.08804179,1.033209,154.82
624700,0.36,0.63,0.01,0.08375042,0.08885087,0.4148025,99.28
624800,0.41,0.58,0.01,0.08318805,0.08118721,0.4472019,99.9
624900,0.51,0.47,0.02,0.06785505,0.06506687,0.8126048,129.86
625000,0.41,0.56,0.03,0.07478637,0.07184739,0.7628049,131.4
625100,0.44,0.55,0.01,0.0700656,0.06937896,0.5960022,134.47
625200,0.47,0.51,0.02,0.07294029,0.07496848,0.6080019,130.59
625300,0.48,0.49,0.03,0.08021041,0.08706938,0.6768045,132.94
625400,0.39,0.58,0.03,0.0834846,0.08660235,1.028607,159.91
625500,0.49,0.49,0.02,0.08209732,0.07671497,0.6238044,107.65
625600,0.49,0.49,0.02,0.07651725,0.07340486,0.6302044,116.1
625700,0.4,0.58,0.02,0.0758654,0.07564563,0.6578047,131.57
625800,0.55,0.45,0,0.08152045,0.07767443,0.4325997,103.87
625900,0.47,0.51,0.02,0.06014213,0.05588531,0.6474046,143.34
626000,0.43,0.54,0.03,0.08384492,0.09388623,0.9370073,115.57
626100,0.41,0.59,0,0.09181352,0.09835278,0.3163998,115.49
626200,0.53,0.43,0.04,0.06984395,0.07392355,0.5892035,138.91
626300,0.5,0.46,0.04,0.1020596,0.1142343,1.03381,137.05
626400,0.42,0.56,0.02,0.06609128,0.06724641,0.6272045,122.83
626500,0.56,0.42,0.02,0.07776892,0.07583359,0.9370044,140.66
626600,0.38,0.58,0.04,0.07635392,0.08386815,0.8824069,161.94
626700,0.44,0.52,0.04,0.07465503,0.07340121,0.9948091,139.9
626800,0.53,0.46,0.01,0.09266257,0.09276738,0.4124016,101.08
626900,0.58,0.41,0.01,0.06536797,0.05949821,0.4749997,120.94
627000,0.46,0.52,0.02,0.07869163,0.07331133,0.3918019,121.06
627100,0.5,0.49,0.01,0.06108385,0.0575061,0.5338019,113.34
627200,0.43,0.56,0.01,0.07546412,0.06918702,0.5086019,126.67
627300,0.41,0.59,0,0.07694033,0.08524534,0.1495999,108.2
627400,0.44,0.54,0.02,0.07395261,0.07990871,0.6706042,134.91
627500,0.57,0.43,0,0.0732372,0.08494925,0.3593997,92.44
627600,0.45,0.53,0.02,0.0629698,0.06603429,0.667002,147.41
627700,0.47,0.51,0.02,0.07353625,0.07008509,0.5696015,113.76
627800,0.48,0.51,0.01,0.08667623,0.09675869,0.5704022,126.34
627900,0.43,0.57,0,0.08611811,0.0948692,0.2467998,98.71
628000,0.44,0.55,0.01,0.09082374,0.09654233,0.3047998,100.55
628100,0.41,0.56,0.03,0.062894,0.05885288,0.4840015,129.93
628200,0.39,0.59,0.02,0.09844215,0.1145276,0.2904022,120.29
628300,0.38,0.61,0.01,0.1060821,0.1070708,0.1891999,114.59
628400,0.38,0.56,0.06,0.07150021,0.06603473,1.260014,158.76
628500,0.43,0.53,0.04,0.07751311,0.07742688,1.050009,133.69
628600,0.44,0.51,0.05,0.08227104,0.08486154,1.047208,155.94
628700,0.37,0.6,0.03,0.07582972,0.09104331,0.6730044,123.94
628800,0.51,0.47,0.02,0.0893131,0.09271818,0.3348011,132.52
628900,0.32,0.66,0.02,0.09345037,0.1104225,0.4342015,110.44
629000,0.4,0.57,0.03,0.06566501,0.05939423,0.7148072,136.08
629100,0.45,0.5,0.05,0.06334243,0.06276636,0.8010058,163.51
629200,0.46,0.47,0.07,0.09013657,0.09622727,1.260211,159.37
629300,0.53,0.46,0.01,0.08414102,0.08013432,0.5136018,125.4
629400,0.5,0.47,0.03,0.06378552,0.05812763,0.8184019,138.22
629500,0.45,0.55,0,0.0716093,0.08226535,0.3707997,103.08
629600,0.39,0.59,0.02,0.07275213,0.07865942,0.6664051,138.38
629700,0.35,0.62,0.03,0.07158677,0.07644054,0.6280045,129.8
629800,0.42,0.56,0.02,0.06392209,0.0610298,0.549402,127.3
629900,0.52,0.46,0.02,0.09747514,0.1032013,0.4224023,120.54
630000,0.42,0.56,0.02,0.09688235,0.116843,0.4182022,124.4
630100,0.45,0.53,0.02,0.06427193,0.06297768,0.6368042,157.63
630200,0.46,0.51,0.03,0.06988908,0.06666722,0.8452072,129.85
630300,0.49,0.46,0.05,0.07888717,0.09837538,0.9254083,151.8
630400,0.44,0.55,0.01,0.08190013,0.07763332,0.4508022,106.49
630500,0.4,0.58,0.02,0.08467773,0.08469874,0.6212044,127.82
630600,0.44,0.5,0.06,0.06767267,0.06730951,1.232212,160.54
630700,0.43,0.54,0.03,0.06528797,0.05993699,0.6136028,129.23
630800,0.46,0.51,0.03,0.0792345,0.08380369,0.603204,139.4
630900,0.38,0.6,0.02,0.09516935,0.107463,0.5128044,120.71
631000,0.39,0.59,0.02,0.07387021,0.07039806,0.6192043,126.98
631100,0.45,0.53,0.02,0.06729774,0.06715352,0.5974044,139.69
631200,0.41,0.58,0.01,0.07352005,0.07023853,0.5164024,124.67
631300,0.44,0.52,0.04,0.07122475,0.08256381,1.04521,129.58
631400,0.46,0.51,0.03,0.07139559,0.07317524,0.632404,140.1
631500,0.4,0.57,0.03,0.07597813,0.07504906,0.8348063,142.03
631600,0.47,0.49,0.04,0.07737446,0.0817847,1.058809,138.86
631700,0.5,0.47,0.03,0.06961542,0.06402712,0.7480044,142.9
631800,0.34,0.62,0.04,0.07621859,0.07844877,0.8416075,151.56
631900,0.56,0.43,0.01,0.07870767,0.07800902,0.4908017,108.48
632000,0.35,0.65,0,0.0646107,0.06227507,0.3417997,122.61
632100,0.44,0.55,0.01,0.07562173,0.06763313,0.2647998,104.92
632200,0.41,0.58,0.01,0.07548034,0.08945616,0.5132019,106.59
632300,0.47,0.53,0,0.08484834,0.09318845,0.2679998,102.65
632400,0.42,0.54,0.04,0.0567552,0.05892357,0.7996063,147.26
632500,0.45,0.53,0.02,0.0961375,0.1003788,0.769204,132.99
632600,0.45,0.54,0.01,0.07938088,0.07771453,0.2515998,112.75
632700,0.44,0.51,0.05,0.07453231,0.07215363,1.315412,153.73
632800,0.42,0.57,0.01,0.06945872,0.06933189,0.3775997,120.95
632900,0.45,0.54,0.01,0.07224121,0.07781363,0.1529999,113.51
633000,0.39,0.56,0.05,0.06767938,0.05959048,0.9794101,139.51
633100,0.47,0.5,0.03,0.05655602,0.0574713,0.765004,135.07
633200,0.43,0.53,0.04,0.06590866,0.06355763,0.8604071,148.81
633300,0.53,0.44,0.03,0.07082373,0.06627558,0.920207,151.9
633400,0.4,0.59,0.01,0.05640532,0.0562351,0.628802,126.14
633500,0.44,0.53,0.03,0.06692701,0.07275121,0.5824038,151.16
633600,0.35,0.62,0.03,0.07556349,0.07378489,0.7026048,131.03
633700,0.48,0.5,0.02,0.07297404,0.07780015,0.7304033,111.41
633800,0.41,0.55,0.04,0.09858023,0.09740573,0.842207,148.69
633900,0.56,0.39,0.05,0.0628906,0.05776578,1.252812,146.87
634000,0.48,0.5,0.02,0.06407233,0.06348527,0.8016047,137.54
634100,0.31,0.66,0.03,0.0798244,0.07611237,0.5612044,144.43
634200,0.5,0.47,0.03,0.08736048,0.1138258,0.8714069,118.22
634300,0.47,0.5,0.03,0.08971334,0.09811207,0.5844024,130.45
634400,0.43,0.56,0.01,0.06702629,0.06225309,0.4336019,115.78
634500,0.39,0.6,0.01,0.08486885,0.09141012,0.451802,121.26
634600,0.41,0.55,0.04,0.06627312,0.06608142,0.9580089,145.86
634700,0.44,0.55,0.01,0.0752775,0.07656249,0.3780019,122.71
634800,0.41,0.57,0.02,0.07838197,0.07861367,0.5788042,116.42
634900,0.43,0.51,0.06,0.07704963,0.08454028,1.278613,158.96
635000,0.43,0.56,0.01,0.07208001,0.0632001,0.3721997,123.83
635100,0.49,0.48,0.03,0.06816424,0.06496565,0.8592066,134.22
635200,0.44,0.5,0.06,0.07131577,0.07800962,1.113411,161.98
635300,0.43,0.54,0.03,0.08434296,0.09608483,0.8336071,146.7
635400,0.49,0.47,0.04,0.0820739,0.08604613,0.8770068,141.56
635500,0.49,0.48,0.03,0.06875779,0.07433293,0.9838052,153.81
635600,0.39,0.61,0,0.07901505,0.08002441,0.3227998,123.94
635700,0.45,0.53,0.02,0.08815357,0.08157845,0.634204,143.52
635800,0.39,0.6,0.01,0.0714701,0.06813727,0.3980021,119.24
635900,0.4,0.57,0.03,0.07717957,0.06951421,0.7842056,136.37
636000,0.42,0.55,0.03,0.07440826,0.08769717,0.7260044,143.55
636100,0.45,0.52,0.03,0.07256941,0.07814913,0.8052028,141.5
636200,0.45,0.54,0.01,0.06083036,0.05905538,0.4940022,136.44
636300,0.33,0.65,0.02,0.06426366,0.06295738,0.2467998,130.81
636400,0.51,0.44,0.05,0.06496039,0.06279597,1.194811,160.97
636500,0.51,0.47,0.02,0.06822545,0.07736465,0.6848021,126.24
636600,0.48,0.51,0.01,0.1014858,0.1006182,0.3798018,105.37
636700,0.41,0.57,0.02,0.08820584,0.08638272,0.6122035,122.25
636800,0.36,0.62,0.02,0.06822028,0.05807444,0.4192024,130.48
636900,0.39,0.61,0,0.07222447,0.08077598,0.2219998,110
637000,0.49,0.5,0.01,0.07388279,0.07502044,0.4582025,123.69
637100,0.47,0.51,0.02,0.07109751,0.06609386,0.6718041,122.45
637200,0.43,0.52,0.05,0.06956632,0.06867541,0.9576081,151.93
637300,0.4,0.59,0.01,0.0699247,0.07593352,0.3175998,126.69
637400,0.49,0.48,0.03,0.08580336,0.1002227,0.9406074,143.89
637500,0.39,0.55,0.06,0.07276198,0.07666373,1.474213,176.49
637600,0.39,0.58,0.03,0.07449931,0.06812073,0.6060046,131.31
637700,0.42,0.57,0.01,0.07490508,0.06627283,0.4320021,115.84
637800,0.49,0.51,0,0.08451388,0.08519281,0.3287998,109.58
637900,0.36,0.6,0.04,0.06065164,0.06291154,0.713407,142.07
638000,0.47,0.53,0,0.06572706,0.06285562,0.3367997,111.2
638100,0.38,0.6,0.02,0.07570609,0.1007394,0.4644008,133.21
638200,0.51,0.47,0.02,0.06874932,0.06133883,0.608404,112.17
638300,0.44,0.54,0.02,0.07830454,0.08521239,0.6788045,116.41
638400,0.43,0.57,0,0.08283383,0.07492833,0.2359999,119.33
638500,0.47,0.51,0.02,0.06849854,0.07614622,0.7112048,140.06
638600,0.34,0.63,0.03,0.06369931,0.06181973,0.7688064,136.91
638700,0.51,0.47,0.02,0.0862308,0.07869972,0.3795997,122.92
638800,0.5,0.45,0.05,0.08746765,0.07837628,0.9296077,144.53
638900,0.43,0.54,0.03,0.07169306,0.07635074,0.5772046,155.59
639000,0.43,0.55,0.02,0.09219184,0.1043122,0.5916046,124.49
639100,0.4,0.56,0.04,0.07452858,0.08213582,0.9798086,147.38
639200,0.48,0.5,0.02,0.08277716,0.0936667,0.7686048,123.16
639300,0.46,0.51,0.03,0.09867899,0.1011178,0.7710064,127.08
639400,0.39,0.55,0.06,0.07989378,0.07472639,1.19761,148.34
639500,0.43,0.51,0.06,0.08568868,0.08366118,1.402614,155.26
639600,0.49,0.5,0.01,0.0788696,0.06926136,0.5234019,112.21
639700,0.43,0.52,0.05,0.06656162,0.06639592,0.720605,147.12
639800,0.36,0.64,0,0.08729191,0.09668721,0.1783999,98.98
639900,0.45,0.53,0.02,0.06571627,0.05676847,0.6144049,135.9
640000,0.37,0.55,0.08,0.07476667,0.07751495,1.568816,174.59
640100,0.4,0.55,0.05,0.08345173,0.07818367,1.182811,153.12
640200,0.36,0.61,0.03,0.0689301,0.06092073,0.6598044,140.76
640300,0.4,0.55,0.05,0.09964732,0.1009812,0.9404094,123.23
640400,0.48,0.51,0.01,0.07948948,0.08000242,0.4834019,104.55
640500,0.47,0.53,0,0.07952148,0.08237198,0.3363997,103.7
640600,0.43,0.53,0.04,0.06487031,0.05822951,0.9456069,152.37
640700,0.46,0.52,0.02,0.09349874,0.09980713,0.6510037,114.7
640800,0.43,0.55,0.02,0.09660953,0.09589794,0.6264048,123.61
640900,0.41,0.59,0,0.06718188,0.06452033,0.2367998,106.98
641000,0.49,0.46,0.05,0.0740936,0.08983734,1.054209,155.41
641100,0.38,0.56,0.06,0.08570075,0.08995765,1.183012,155.77
641200,0.38,0.59,0.03,0.08551586,0.09020846,0.3200024,117.85
641300,0.41,0.58,0.01,0.06888761,0.06456328,0.4566011,120.74
641400,0.42,0.57,0.01,0.06504947,0.06186419,0.385402,124.87
641500,0.4,0.57,0.03,0.06737897,0.06368116,0.8398069,131.75
641600,0.52,0.42,0.06,0.0731287,0.07367492,1.234612,174.93
641700,0.34,0.63,0.03,0.08038733,0.1019098,0.578204,138.19
641800,0.54,0.45,0.01,0.0675588,0.06890474,0.4782017,116.17
641900,0.45,0.5,0.05,0.08582016,0.09108821,1.046608,157.7
642000,0.41,0.57,0.02,0.07656635,0.07605891,0.6516042,123.51
642100,0.5,0.45,0.05,0.08074695,0.08436827,0.9032072,143.27
642200,0.43,0.56,0.01,0.06654512,0.07411883,0.6706014,127.5
642300,0.38,0.6,0.02,0.09722934,0.1076371,0.6066046,129.77
642400,0.39,0.57,0.04,0.07678053,0.08668832,0.6898039,134.93
642500,0.48,0.49,0.03,0.06622221,0.08577806,0.8292048,130.7
642600,0.39,0.58,0.03,0.08215256,0.08503158,0.7406065,139.73
642700,0.45,0.52,0.03,0.07995366,0.06959395,0.2773998,127.75
642800,0.44,0.51,0.05,0.08029582,0.0726827,1.193809,146.18
642900,0.53,0.46,0.01,0.07245373,0.070838,0.3755997,127.06
643000,0.43,0.54,0.03,0.077383,0.08084774,0.5840045,136.54
643100,0.46,0.48,0.06,0.0783421,0.06880414,1.250411,160.93
643200,0.45,0.52,0.03,0.08795474,0.08658484,0.8338046,139.25
643300,0.4,0.58,0.02,0.07046688,0.06322998,0.6554044,147.56
643400,0.33,0.62,0.05,0.06956054,0.0605732,1.070811,144.73
643500,0.46,0.52,0.02,0.1109497,0.1519584,0.6308043,121.57
643600,0.41,0.55,0.04,0.07137577,0.07882535,0.7754072,145.28
643700,0.4,0.56,0.04,0.06750001,0.06364682,0.6110041,140.19
643800,0.39,0.59,0.02,0.09192161,0.0838557,0.4386022,120.64
643900,0.51,0.46,0.03,0.09443126,0.107719,0.8242056,119
644000,0.46,0.51,0.03,0.06911125,0.07090703,0.7980071,123.3
644100,0.39,0.58,0.03,0.07281018,0.0724766,0.705606,133
644200,0.44,0.54,0.02,0.0968494,0.1007278,0.6550047,119.95
644300,0.4,0.54,0.06,0.09277579,0.1052918,0.7762064,149.11
644400,0.36,0.58,0.06,0.07761945,0.08457062,0.981608,170.47
644500,0.38,0.58,0.04,0.08871327,0.09108029,0.8610075,149.6
644600,0.46,0.53,0.01,0.07475953,0.06544504,0.4632018,118.55
644700,0.4,0.54,0.06,0.05995875,0.05909021,1.170212,151.21
644800,0.37,0.59,0.04,0.07277589,0.07051381,0.8144068,145.91
644900,0.36,0.58,0.06,0.07866189,0.08451977,1.131612,144.32
645000,0.41,0.54,0.05,0.06864796,0.0731536,0.8164057,144.71
645100,0.49,0.45,0.06,0.08053316,0.08718906,1.508814,155.25
645200,0.37,0.62,0.01,0.07083374,0.06769745,0.5794021,130.55
645300,0.32,0.66,0.02,0.09290844,0.09936459,0.4604043,117.2
645400,0.49,0.48,0.03,0.06653681,0.06181777,0.7976074,126.01
645500,0.35,0.59,0.06,0.07018289,0.075833,1.364413,163.57
645600,0.49,0.5,0.01,0.06846457,0.06731211,0.2669998,120.1
645700,0.39,0.58,0.03,0.06341653,0.06016494,0.6178046,166.57
645800,0.44,0.55,0.01,0.07687756,0.08405477,0.5242024,122.31
645900,0.45,0.51,0.04,0.08413294,0.0816541,1.079009,156.31
646000,0.4,0.59,0.01,0.06821923,0.06280152,0.4902021,148.34
646100,0.45,0.55,0,0.07422266,0.07207412,0.5401996,119.84
646200,0.51,0.46,0.03,0.07116387,0.07592773,0.9962065,142.73
646300,0.3,0.68,0.02,0.0861644,0.08872609,0.4276018,153.05
646400,0.49,0.47,0.04,0.06184858,0.06133956,0.8640049,156.81
646500,0.43,0.56,0.01,0.0708193,0.07535905,0.4142023,110.36
646600,0.44,0.52,0.04,0.08136698,0.08151858,0.9616094,134.45
646700,0.43,0.54,0.03,0.07193118,0.07208707,0.5086042,147.29
646800,0.34,0.62,0.04,0.08298543,0.08806625,0.6682047,141.05
646900,0.5,0.46,0.04,0.06182738,0.06009947,1.031809,146.37
647000,0.33,0.62,0.05,0.07475972,0.0813244,0.6890048,176.16
647100,0.51,0.43,0.06,0.07381759,0.07197914,1.312211,164.12
647200,0.49,0.5,0.01,0.06002919,0.05350365,0.5976022,117.61
647300,0.46,0.52,0.02,0.07156373,0.06898265,0.5838048,117.44
647400,0.46,0.49,0.05,0.06444746,0.0641664,0.9704084,154.37
647500,0.46,0.51,0.03,0.06777897,0.06295726,0.6490034,133
647600,0.37,0.62,0.01,0.0701785,0.06730717,0.1671999,130.64
647700,0.41,0.51,0.08,0.08907373,0.09415169,1.475614,171.03
647800,0.38,0.59,0.03,0.1007163,0.101311,0.7280071,127.29
647900,0.44,0.53,0.03,0.08464036,0.08872278,0.754607,137.7
648000,0.4,0.55,0.05,0.06623385,0.0696647,1.053609,153.46
648100,0.41,0.57,0.02,0.07663181,0.08128168,0.5300041,124.11
648200,0.39,0.59,0.02,0.06981306,0.07196758,0.5068024,144.32
648300,0.51,0.47,0.02,0.06535996,0.07902999,0.5910023,135.26
648400,0.41,0.56,0.03,0.06518757,0.06401882,0.724805,124.96
648500,0.4,0.57,0.03,0.0627798,0.06057285,0.7882041,156.3
648600,0.48,0.49,0.03,0.07763627,0.08792527,0.8562068,137.61
648700,0.45,0.51,0.04,0.07149501,0.06716634,0.7956063,157.76
648800,0.46,0.52,0.02,0.08249816,0.07801828,0.6634046,124.19
648900,0.48,0.49,0.03,0.09011021,0.0948052,0.7382064,131.39
649000,0.49,0.48,0.03,0.07052689,0.0787068,0.8492064,160.41
649100,0.46,0.5,0.04,0.07877553,0.08195493,1.054609,143.61
649200,0.4,0.59,0.01,0.08179889,0.07598065,0.6758022,119.59
649300,0.38,0.58,0.04,0.07000545,0.06600802,1.05621,156.07
649400,0.37,0.62,0.01,0.09212839,0.1032832,0.4298021,104.05
649500,0.5,0.48,0.02,0.07852698,0.08176468,0.7344047,130.2
649600,0.36,0.62,0.02,0.06599396,0.07783741,0.4980021,137.13
649700,0.52,0.48,0,0.07677104,0.08282937,0.4413996,109.84
649800,0.54,0.45,0.01,0.05602077,0.05235941,0.432202,117.43
649900,0.37,0.62,0.01,0.08024165,0.1039083,0.353802,113.21
650000,0.42,0.55,0.03,0.06883339,0.06390683,0.4860021,141.65
650100,0.4,0.57,0.03,0.07445503,0.06916019,0.6468042,124.1
650200,0.43,0.5,0.07,0.07477739,0.07420982,1.101809,173.97
650300,0.32,0.63,0.05,0.07443016,0.07530209,1.111811,153.15
650400,0.38,0.62,0,0.06583739,0.06692242,0.1503999,103
650500,0.41,0.55,0.04,0.08619986,0.09657764,0.9848095,137.17
650600,0.48,0.49,0.03,0.07109291,0.08162717,0.8718078,129.35
650700,0.29,0.66,0.05,0.08054066,0.08744951,0.8144074,150.55
650800,0.46,0.53,0.01,0.09560503,0.09709644,0.3786023,106.18
650900,0.44,0.53,0.03,0.08006216,0.08908231,0.3920015,136.01
651000,0.4,0.54,0.06,0.0786493,0.09032235,1.148612,163.74
651100,0.35,0.63,0.02,0.07018138,0.06520475,0.2431998,133.98
651200,0.38,0.58,0.04,0.07546211,0.06916318,0.9546071,152.52
651300,0.48,0.5,0.02,0.08665497,0.1036719,0.6826017,124.62
651400,0.5,0.47,0.03,0.07418798,0.06466185,0.6590042,121.59
651500,0.4,0.6,0,0.0831387,0.08021814,0.2441998,101.31
651600,0.42,0.56,0.02,0.07461493,0.07523809,0.780205,135.33
651700,0.34,0.62,0.04,0.07874525,0.07367281,0.761807,147.7
651800,0.4,0.58,0.02,0.07187259,0.06639776,0.7522046,125.62
651900,0.44,0.53,0.03,0.07196729,0.06937492,0.890207,141.62
652000,0.42,0.55,0.03,0.08734335,0.07895296,0.9230072,138.8
652100,0.4,0.58,0.02,0.09802673,0.135764,0.5062048,113
652200,0.42,0.52,0.06,0.07110528,0.06946915,0.9940088,161.74
652300,0.45,0.51,0.04,0.07409074,0.06799106,0.9568064,147.6
652400,0.41,0.56,0.03,0.0800335,0.0912616,0.6800047,131.67
652500,0.42,0.56,0.02,0.07523466,0.07249922,0.6728047,132.68
652600,0.43,0.57,0,0.09144048,0.09695254,0.2107998,86.84
652700,0.44,0.52,0.04,0.07366779,0.07650861,0.688604,141.52
652800,0.44,0.54,0.02,0.08996385,0.09364338,0.4184003,123.27
652900,0.43,0.51,0.06,0.0771058,0.08635521,1.401811,168.68
653000,0.46,0.52,0.02,0.08863429,0.08704089,0.5006019,131.24
653100,0.41,0.58,0.01,0.06940547,0.06755526,0.4038016,109.63
653200,0.51,0.44,0.05,0.06301442,0.05942003,0.8830059,157.63
653300,0.42,0.55,0.03,0.08394959,0.09646052,0.846007,134.53
653400,0.43,0.54,0.03,0.0594742,0.06305166,0.4856021,163.75
653500,0.42,0.57,0.01,0.06890199,0.07117479,0.3792019,116.19
653600,0.49,0.5,0.01,0.07030081,0.06731087,0.467602,118.71
653700,0.42,0.54,0.04,0.08546116,0.08347332,1.021809,155.76
653800,0.48,0.48,0.04,0.06841493,0.07243822,1.114208,152.04
653900,0.41,0.53,0.06,0.07968388,0.07197185,0.7312071,160.94
654000,0.44,0.56,0,0.0806663,0.09090338,0.2291998,96.11
654100,0.38,0.57,0.05,0.06204906,0.06483702,1.224411,150.65
654200,0.41,0.57,0.02,0.06958484,0.07135444,0.5898045,151.09
654300,0.47,0.51,0.02,0.0654265,0.05912603,0.5802016,140.68
654400,0.4,0.57,0.03,0.1039098,0.09715091,0.7792069,123.75
654500,0.5,0.46,0.04,0.08232008,0.06781046,0.989206,148.54
654600,0.5,0.47,0.03,0.06948546,0.08140042,0.6532045,148.17
654700,0.42,0.55,0.03,0.07048778,0.07352573,0.7548044,126.05
654800,0.43,0.56,0.01,0.07531979,0.07840054,0.3884022,124.12
654900,0.48,0.49,0.03,0.07521477,0.07456187,0.8178042,131.61
655000,0.45,0.52,0.03,0.07376588,0.07034129,0.908007,135.74
655100,0.4,0.57,0.03,0.07314486,0.07048515,0.5378047,124.75
655200,0.44,0.53,0.03,0.07219395,0.07201506,0.6756065,122.36
655300,0.46,0.52,0.02,0.07216281,0.0686831,0.7750039,132.34
655400,0.47,0.5,0.03,0.07310873,0.06454543,0.724004,133.2
655500,0.35,0.63,0.02,0.06834183,0.06246315,0.5138041,148.5
655600,0.38,0.59,0.03,0.09652006,0.08833864,0.8192068,132.14
655700,0.4,0.6,0,0.07788187,0.0887735,0.1907999,91.47
655800,0.43,0.51,0.06,0.07782518,0.09891508,1.098412,153.75
655900,0.46,0.47,0.07,0.06258913,0.06467107,1.407814,182.13
656000,0.46,0.49,0.05,0.060188,0.05206689,1.001208,160.16
656100,0.44,0.52,0.04,0.0704162,0.06719029,1.002009,143.83
656200,0.46,0.53,0.01,0.06682954,0.0742713,0.4806024,125.15
656300,0.45,0.52,0.03,0.07679018,0.09395849,0.8730068,143.21
656400,0.49,0.51,0,0.07065557,0.08439709,0.3217997,112.47
656500,0.39,0.6,0.01,0.06754486,0.06247426,0.3904021,122.54
656600,0.46,0.49,0.05,0.08127638,0.09104087,1.153611,146.3
656700,0.44,0.54,0.02,0.075697,0.07347753,0.7320041,122.69
656800,0.45,0.55,0,0.06594954,0.06223335,0.4237996,123.84
656900,0.51,0.48,0.01,0.06911924,0.05976184,0.5426015,112.65
657000,0.4,0.59,0.01,0.07270534,0.07023964,0.3928024,116.92
657100,0.48,0.51,0.01,0.09870363,0.08493479,0.3513997,107.66
657200,0.4,0.59,0.01,0.07119939,0.07022031,0.408402,124.02
657300,0.36,0.59,0.05,0.06300025,0.0649144,0.8784062,159.83
657400,0.38,0.57,0.05,0.06814256,0.06189605,0.798407,155.34
657500,0.36,0.62,0.02,0.09292183,0.111869,0.346002,106.56
657600,0.44,0.55,0.01,0.08497537,0.08969163,0.3362019,106.6
657700,0.39,0.6,0.01,0.07376829,0.07695034,0.2798024,97.93
657800,0.47,0.51,0.02,0.0673734,0.07114313,0.5596017,121.74
657900,0.33,0.62,0.05,0.07134886,0.06143123,1.00361,156.94
658000,0.5,0.49,0.01,0.08156463,0.1065245,0.4260021,122.91
658100,0.33,0.64,0.03,0.08185287,0.08430565,0.5818051,120.03
658200,0.35,0.6,0.05,0.1007743,0.09928275,0.8516074,150.43
658300,0.43,0.57,0,0.07318156,0.0678581,0.2517998,100.4
658400,0.46,0.53,0.01,0.0931958,0.1007405,0.3498023,104.28
658500,0.44,0.54,0.02,0.07246643,0.07266337,0.5742022,141.35
658600,0.55,0.44,0.01,0.07146729,0.07145419,0.5240022,113.79
658700,0.49,0.48,0.03,0.07446337,0.07176062,1.057007,157.77
658800,0.34,0.63,0.03,0.0690116,0.08409445,0.7602066,138.5
658900,0.47,0.52,0.01,0.07218242,0.08578606,0.533602,137.46
659000,0.41,0.56,0.03,0.07111941,0.07023106,0.8406055,124.27
659100,0.39,0.59,0.02,0.05847818,0.0543678,0.4962019,130.56
659200,0.47,0.51,0.02,0.08466009,0.07947396,0.5514022,139.43
659300,0.48,0.49,0.03,0.07295504,0.06979254,0.4728016,141.12
659400,0.35,0.61,0.04,0.08940414,0.09873502,0.7700065,132.69
659500,0.37,0.6,0.03,0.07903871,0.0765866,0.6012049,147.65
659600,0.4,0.56,0.04,0.07211173,0.09625274,0.9756061,140.02
659700,0.45,0.51,0.04,0.06720862,0.07266662,1.106809,154.11
659800,0.44,0.5,0.06,0.08317333,0.1043257,0.8938094,153.9
659900,0.47,0.5,0.03,0.05625167,0.05788894,0.940206,131.63
660000,0.37,0.61,0.02,0.0787972,0.08574674,0.6298048,132.88
660100,0.44,0.54,0.02,0.06251876,0.05950394,0.4596022,127.92
660200,0.38,0.59,0.03,0.103494,0.1051271,0.6956045,122.02
660300,0.49,0.49,0.02,0.1036929,0.1058609,0.6030014,124.5
660400,0.46,0.52,0.02,0.07669957,0.08463846,0.5722047,129.66
660500,0.43,0.56,0.01,0.08223211,0.08454674,0.4906022,109.41
660600,0.47,0.53,0,0.07213756,0.06640286,0.1617999,95.16
660700,0.45,0.53,0.02,0.08906737,0.09539985,0.317402,116.89
660800,0.44,0.53,0.03,0.07804865,0.07849209,0.6140039,129.63
660900,0.42,0.54,0.04,0.07374981,0.07487254,0.6830043,153.16
661000,0.43,0.56,0.01,0.07240894,0.06636199,0.4848021,116.14
661100,0.41,0.55,0.04,0.06930543,0.06805891,1.079209,137.89
661200,0.46,0.52,0.02,0.0815648,0.074063,0.5450017,144.85
661300,0.45,0.54,0.01,0.09855251,0.1002116,0.4373996,114.03
661400,0.44,0.54,0.02,0.09304968,0.1024856,0.6830039,132.59
661500,0.44,0.55,0.01,0.07181134,0.06467558,0.5400023,119.14
661600,0.46,0.49,0.05,0.08081546,0.08103436,1.142407,142.36
661700,0.42,0.57,0.01,0.09166306,0.1146539,0.2561998,120.75
661800,0.45,0.55,0,0.09591006,0.1148412,0.2397998,117.79
661900,0.44,0.54,0.02,0.07348362,0.07293637,0.2763998,126.67
662000,0.44,0.54,0.02,0.07703038,0.07344962,0.7386042,130.66
662100,0.39,0.57,0.04,0.06971883,0.07786212,0.5596045,169.59
662200,0.45,0.54,0.01,0.09754034,0.1069997,0.514401,115.56
662300,0.44,0.52,0.04,0.06797228,0.07271185,1.092209,142.81
662400,0.3,0.61,0.09,0.0649505,0.056898,1.341013,194.93
662500,0.38,0.59,0.03,0.06486746,0.06281377,0.6284044,128.65
662600,0.39,0.58,0.03,0.06702515,0.07180193,0.8268065,164.6
662700,0.5,0.49,0.01,0.07201353,0.07520565,0.5896024,145.62
662800,0.52,0.46,0.02,0.07722791,0.08015414,0.7712046,143.38
662900,0.48,0.47,0.05,0.06475744,0.0631257,0.9726088,159.71
663000,0.48,0.51,0.01,0.07186742,0.07201644,0.5438018,113.34
663100,0.37,0.6,0.03,0.07576984,0.07712775,0.764806,128.17
663200,0.44,0.55,0.01,0.07038727,0.06602484,0.5208021,106.16
663300,0.41,0.58,0.01,0.08528324,0.08189026,0.4273997,113.07
663400,0.51,0.46,0.03,0.07769161,0.07076189,0.7288045,128.19
663500,0.5,0.49,0.01,0.06857464,0.07346714,0.5208023,120.56
663600,0.38,0.58,0.04,0.07672915,0.08012743,0.7276064,129.73
663700,0.38,0.59,0.03,0.06416161,0.06121961,0.7372066,145.2
663800,0.41,0.58,0.01,0.07730464,0.07537636,0.4876024,136.37
663900,0.49,0.47,0.04,0.06626046,0.06583163,1.044809,140.28
664000,0.3,0.69,0.01,0.07781302,0.08772916,0.5296019,131.86
664100,0.43,0.54,0.03,0.06667623,0.06521978,0.5812042,111.86
664200,0.4,0.58,0.02,0.08134682,0.0770635,0.6358036,125.38
664300,0.43,0.56,0.01,0.0768806,0.08709066,0.4482022,124.49
664400,0.35,0.57,0.08,0.08903026,0.09630492,1.367813,178.32
664500,0.48,0.5,0.02,0.07956725,0.07783137,0.6990041,129.74
664600,0.37,0.63,0,0.06082803,0.05866734,0.2759998,120.1
664700,0.5,0.49,0.01,0.07638401,0.09714649,0.6628017,139.18
664800,0.44,0.55,0.01,0.1071147,0.1210346,0.4218025,100.75
664900,0.47,0.52,0.01,0.09125436,0.1088016,0.4950011,118.72
665000,0.35,0.61,0.04,0.07802705,0.091836,0.6102039,153.34
665100,0.46,0.52,0.02,0.08971328,0.08988109,0.5690048,123.63
665200,0.36,0.6,0.04,0.06890683,0.06332754,0.8078066,135.04
665300,0.54,0.43,0.03,0.07228706,0.07201036,0.7734046,145.26
665400,0.4,0.57,0.03,0.07447238,0.07036684,0.5004041,133.29
665500,0.41,0.59,0,0.0919045,0.0950326,0.2095998,111.71
665600,0.46,0.51,0.03,0.07222041,0.06673894,0.9256065,151.6
665700,0.46,0.52,0.02,0.08157301,0.08349356,0.652005,109.88
665800,0.5,0.48,0.02,0.08291156,0.09462807,0.8182043,129.82
665900,0.44,0.55,0.01,0.07748932,0.07754072,0.5422024,124.37
666000,0.46,0.54,0,0.0876899,0.08933837,0.1601999,91.98
666100,0.43,0.55,0.02,0.09138836,0.08678048,0.6554044,123.26
666200,0.44,0.55,0.01,0.07875573,0.08226565,0.3119998,113.83
666300,0.49,0.49,0.02,0.06354841,0.06271905,0.7284046,137.44
666400,0.35,0.65,0,0.07157076,0.06431984,0.1483999,94.95
666500,0.5,0.48,0.02,0.08969405,0.09638337,0.5382026,118.16
666600,0.41,0.58,0.01,0.06769958,0.06373101,0.4082025,107.59
666700,0.41,0.57,0.02,0.07180507,0.08046215,0.6806042,120.63
666800,0.46,0.52,0.02,0.06355578,0.06060909,0.6466042,141.51
666900,0.43,0.51,0.06,0.07767617,0.07385913,1.085212,171.39
667000,0.38,0.56,0.06,0.08892997,0.08524118,0.9626092,155.8
667100,0.5,0.44,0.06,0.06022668,0.0627915,1.304612,178.7
667200,0.4,0.59,0.01,0.06733268,0.06046892,0.4856023,126.53
667300,0.45,0.51,0.04,0.06708355,0.06600539,1.059409,152.84
667400,0.48,0.49,0.03,0.065905,0.06598027,0.8840055,156.35
667500,0.46,0.5,0.04,0.08299106,0.07522054,0.8904082,141.73
667600,0.41,0.59,0,0.07464477,0.07092976,0.2931998,98.48
667700,0.35,0.61,0.04,0.06719565,0.06734474,0.7510073,132.33
667800,0.4,0.57,0.03,0.06957941,0.06796635,0.6126041,135.85
667900,0.51,0.44,0.05,0.07937052,0.08185741,1.236812,138.15
668000,0.44,0.52,0.04,0.08157191,0.09758312,1.017409,152.92
668100,0.39,0.61,0,0.07622021,0.07077953,0.2621998,102.4
668200,0.47,0.49,0.04,0.06620744,0.0772116,0.9132079,140.17
668300,0.48,0.49,0.03,0.07879625,0.0750606,0.6382042,155.27
668400,0.45,0.52,0.03,0.07026061,0.06587357,0.7272039,133.9
668500,0.41,0.56,0.03,0.08334193,0.07667048,0.8418073,144.2
668600,0.41,0.56,0.03,0.07296084,0.0740253,0.8552063,120.9
668700,0.47,0.49,0.04,0.06590135,0.06380891,0.849407,141.16
668800,0.5,0.49,0.01,0.08308411,0.08787546,0.5874017,110.77
668900,0.45,0.51,0.04,0.1090784,0.1054983,0.9056058,166.28
669000,0.41,0.58,0.01,0.09245916,0.09191291,0.4844021,116.77
669100,0.34,0.63,0.03,0.06254509,0.06439235,0.8594072,145.46
669200,0.35,0.58,0.07,0.06649048,0.06295803,1.257012,181.89
669300,0.43,0.56,0.01,0.0840369,0.09833461,0.4966019,123.91
669400,0.52,0.46,0.02,0.07807103,0.07934122,0.797204,111.92
669500,0.45,0.51,0.04,0.06614463,0.06377181,0.9258057,132.13
669600,0.4,0.54,0.06,0.07711716,0.07495213,1.212012,154.64
669700,0.4,0.55,0.05,0.08229851,0.07914242,1.244413,168.04
669800,0.32,0.65,0.03,0.108782,0.09506843,0.695004,121.76
669900,0.45,0.49,0.06,0.06786342,0.06439094,1.417214,155.82
670000,0.39,0.55,0.06,0.08169552,0.08211531,1.266614,166.54
670100,0.36,0.6,0.04,0.07480842,0.07207488,0.6958068,139.11
670200,0.38,0.6,0.02,0.07030184,0.07079961,0.7464041,136.22
670300,0.51,0.47,0.02,0.07718793,0.09460312,0.4980015,147.68
670400,0.44,0.55,0.01,0.06759732,0.06622771,0.5070021,117.97
670500,0.52,0.46,0.02,0.08535212,0.1064469,0.6086032,144.41
670600,0.39,0.56,0.05,0.07359353,0.06724562,0.9450094,149.84
670700,0.41,0.56,0.03,0.07024122,0.06774224,0.5372025,130.24
670800,0.43,0.56,0.01,0.07002296,0.06017841,0.5090021,117.27
670900,0.39,0.57,0.04,0.07391381,0.07586584,0.7990062,147.5
671000,0.28,0.68,0.04,0.08854484,0.08142393,0.4242021,139.49
671100,0.48,0.52,0,0.06876396,0.07641605,0.2942001,101.61
671200,0.46,0.51,0.03,0.06758587,0.06380083,0.6886048,136.65
671300,0.39,0.56,0.05,0.06562847,0.05834873,1.07081,165.15
671400,0.52,0.46,0.02,0.07382756,0.06949768,0.7648047,118.61
671500,0.4,0.57,0.03,0.07325868,0.06896921,0.7102067,116.71
671600,0.56,0.43,0.01,0.08005749,0.08670747,0.6044024,108.91
671700,0.52,0.46,0.02,0.06909153,0.08134318,0.7076041,114.69
671800,0.38,0.57,0.05,0.07411285,0.07100013,0.5578043,140.42
671900,0.45,0.51,0.04,0.08282869,0.08450188,0.7710064,143.93
672000,0.32,0.67,0.01,0.09658948,0.08252109,0.2870022,116.78
672100,0.38,0.58,0.04,0.09459128,0.1137674,0.5354049,135.48
672200,0.49,0.51,0,0.08223826,0.07668512,0.2467998,95.2
672300,0.42,0.54,0.04,0.0583904,0.06189673,0.7812068,147.02
672400,0.44,0.54,0.02,0.07346863,0.06996698,0.6704044,118.01
672500,0.42,0.56,0.02,0.07804091,0.08646811,0.4448024,119.55
672600,0.39,0.57,0.04,0.08857693,0.09295689,1.021809,147.69
672700,0.5,0.49,0.01,0.07846341,0.08656695,0.5082022,113.68
672800,0.35,0.63,0.02,0.08287228,0.09983438,0.6018048,129.29
672900,0.43,0.56,0.01,0.07156096,0.07061518,0.3622024,117.4
673000,0.45,0.52,0.03,0.07756951,0.07865231,0.6492039,117.39
673100,0.51,0.47,0.02,0.08022769,0.08034405,0.5752018,119.62
673200,0.49,0.48,0.03,0.0700729,0.0636182,0.956806,138.62
673300,0.43,0.54,0.03,0.07313653,0.06527429,0.5470048,131.75
673400,0.43,0.54,0.03,0.0720831,0.08551864,0.8786074,138.18
673500,0.4,0.55,0.05,0.07674228,0.07893275,0.952409,138.63
673600,0.41,0.57,0.02,0.07579152,0.07773547,0.3454022,133.69
673700,0.32,0.67,0.01,0.06333376,0.06314493,0.4440017,134.13
673800,0.47,0.53,0,0.08199292,0.08191627,0.3031998,111.98
673900,0.37,0.59,0.04,0.08161988,0.08828028,0.7482066,139.19
674000,0.43,0.54,0.03,0.1123758,0.1148759,0.5576044,126.56
674100,0.3,0.65,0.05,0.07488976,0.07586405,1.022009,152.12
674200,0.44,0.54,0.02,0.07419117,0.08636378,0.4722023,127.42
674300,0.32,0.66,0.02,0.07272475,0.06597347,0.3442024,131.23
674400,0.46,0.51,0.03,0.0931456,0.1039547,0.9160063,132.55
674500,0.33,0.65,0.02,0.05826831,0.05625507,0.827406,135.86
674600,0.39,0.59,0.02,0.09047271,0.09213712,0.688804,116.24
674700,0.43,0.54,0.03,0.07125123,0.07813959,0.8390069,134.49
674800,0.4,0.57,0.03,0.06761472,0.06858613,0.622604,138.05
674900,0.44,0.54,0.02,0.08316609,0.0872828,0.5984042,115.42
675000,0.48,0.46,0.06,0.06981449,0.0758117,1.269613,176.31
675100,0.42,0.54,0.04,0.06991743,0.07125406,0.7850072,137.89
675200,0.36,0.6,0.04,0.0833263,0.08162846,0.989809,150.79
675300,0.42,0.56,0.02,0.0721603,0.08843657,0.6932043,134.56
675400,0.43,0.55,0.02,0.08001437,0.07594688,0.626205,128.75
675500,0.49,0.5,0.01,0.08102918,0.08252812,0.3521997,112.97
675600,0.56,0.43,0.01,0.08871859,0.08959191,0.4337997,109.9
675700,0.41,0.56,0.03,0.07305606,0.06625265,0.7710068,128.05
675800,0.49,0.48,0.03,0.06736356,0.0667594,0.7546047,141.62
675900,0.47,0.52,0.01,0.07377598,0.06794368,0.2825997,100.89
676000,0.47,0.52,0.01,0.08201406,0.1049089,0.4610022,102.38
676100,0.4,0.55,0.05,0.06374726,0.06266435,1.191212,172.65
676200,0.45,0.55,0,0.07210196,0.0692502,0.2799998,108.1
676300,0.45,0.53,0.02,0.07164927,0.07211445,0.6730043,121.64
676400,0.39,0.6,0.01,0.0757098,0.07585852,0.3910021,111.04
676500,0.51,0.48,0.01,0.08290053,0.09322581,0.6030017,126.74
676600,0.45,0.55,0,0.06672816,0.08085269,0.1395999,121.66
676700,0.49,0.49,0.02,0.07553623,0.08045911,0.7126042,131.07
676800,0.41,0.53,0.06,0.07605057,0.07195329,1.379615,160.41
676900,0.42,0.57,0.01,0.07734344,0.07866175,0.4734024,127.25
677000,0.34,0.64,0.02,0.08055136,0.09252758,0.5320024,127.16
677100,0.36,0.62,0.02,0.07418463,0.0691472,0.6342042,129.82
677200,0.43,0.53,0.04,0.0942331,0.09795983,0.4450022,116.84
677300,0.45,0.53,0.02,0.07243862,0.06788619,0.5876037,132.91
677400,0.38,0.61,0.01,0.07425816,0.07261972,0.3378022,115.55
677500,0.36,0.61,0.03,0.07259123,0.07129242,0.7944064,138.68
677600,0.4,0.57,0.03,0.06417978,0.06393721,0.6484048,140.83
677700,0.49,0.49,0.02,0.08057233,0.0875522,0.5490022,116.54
677800,0.45,0.52,0.03,0.07087881,0.06682996,0.7032043,143.86
677900,0.48,0.51,0.01,0.07439627,0.06511742,0.396402,97.78
678000,0.43,0.55,0.02,0.0783769,0.09129487,0.6314044,120.42
678100,0.52,0.46,0.02,0.06559339,0.05913976,0.7654035,136.69
678200,0.47,0.51,0.02,0.09119927,0.090976,0.8384046,119.37
678300,0.45,0.52,0.03,0.0624993,0.05781088,0.8028057,132.8
678400,0.4,0.59,0.01,0.07515161,0.06675758,0.2293999,96.51
678500,0.43,0.55,0.02,0.06903415,0.06845419,0.2317998,127.67
678600,0.48,0.49,0.03,0.06887563,0.07033582,0.8350064,140.25
678700,0.48,0.47,0.05,0.07057925,0.06748837,1.08121,139.07
678800,0.44,0.53,0.03,0.06803063,0.06650867,0.7946075,153.1
678900,0.46,0.5,0.04,0.07767047,0.08832344,0.7154043,145.78
679000,0.48,0.5,0.02,0.08268553,0.07916375,0.5694048,130.11
679100,0.41,0.57,0.02,0.06388807,0.06693504,0.647805,126.91
679200,0.42,0.55,0.03,0.06433159,0.0593691,0.5814046,139.21
679300,0.47,0.51,0.02,0.07028618,0.07068016,0.7370045,136.36
679400,0.4,0.58,0.02,0.09941058,0.1045363,0.7352059,135.51
679500,0.41,0.56,0.03,0.07008203,0.07048146,0.7382071,123.98
679600,0.41,0.56,0.03,0.06641408,0.06731205,0.9132069,143.86
679700,0.45,0.53,0.02,0.06706779,0.07545044,0.6348042,118.54
679800,0.43,0.54,0.03,0.06703474,0.06612156,0.833607,133.19
679900,0.47,0.53,0,0.07591727,0.08278222,0.3437997,120.37
680000,0.39,0.59,0.02,0.07778098,0.07242459,0.6292044,127.1
680100,0.42,0.57,0.01,0.09583023,0.1097203,0.4684022,109.35
680200,0.39,0.58,0.03,0.0765909,0.07259282,0.7998069,140.67
680300,0.37,0.63,0,0.07662307,0.07482782,0.1835999,104.21
680400,0.43,0.56,0.01,0.08282324,0.08549789,0.4924023,98.2
680500,0.45,0.52,0.03,0.09418311,0.1072447,0.6702047,127.21
680600,0.46,0.52,0.02,0.08372056,0.07275583,0.6926039,123.35
680700,0.36,0.6,0.04,0.07069875,0.06764676,0.7776059,143.94
680800,0.44,0.53,0.03,0.07267459,0.06886312,0.8144073,145.79
680900,0.45,0.54,0.01,0.0648374,0.0638196,0.4284023,115.52
681000,0.41,0.57,0.02,0.1051666,0.1069934,0.6984045,124.29
681100,0.38,0.58,0.04,0.09592643,0.09249119,0.9616086,150.83
681200,0.39,0.6,0.01,0.1002214,0.09628916,0.382002,124.57
681300,0.47,0.51,0.02,0.085763,0.09338624,0.4656025,115.75
681400,0.44,0.52,0.04,0.06514749,0.05838936,1.052209,151.72
681500,0.49,0.5,0.01,0.08378626,0.09066115,0.2941998,110.22
681600,0.43,0.53,0.04,0.07327601,0.09546652,0.9648083,136.67
681700,0.45,0.54,0.01,0.07800855,0.08852845,0.4464025,102.59
681800,0.43,0.54,0.03,0.07077603,0.07466656,0.8408073,117.58
681900,0.35,0.63,0.02,0.089899,0.0895949,0.4552023,125.07
682000,0.38,0.6,0.02,0.05762488,0.05689897,0.6560048,137.36
682100,0.49,0.48,0.03,0.09642114,0.09815702,0.9694067,144.64
682200,0.47,0.51,0.02,0.06801534,0.07084507,0.6782047,123.54
682300,0.37,0.62,0.01,0.06888716,0.07064625,0.3566022,104.26
682400,0.47,0.51,0.02,0.06476977,0.08082971,0.8142046,129.32
682500,0.51,0.45,0.04,0.07721818,0.07420282,0.7900058,126.14
682600,0.45,0.52,0.03,0.07910118,0.08052742,0.6712039,127.96
682700,0.46,0.53,0.01,0.06499312,0.06318304,0.4654018,121.03
682800,0.39,0.56,0.05,0.09965801,0.1315231,0.9362092,125.17
682900,0.42,0.57,0.01,0.0744305,0.07026335,0.5712018,119.41
683000,0.4,0.58,0.02,0.09757945,0.1243851,0.7118046,120.66
683100,0.38,0.62,0,0.06392042,0.06449158,0.1237999,106.07
683200,0.38,0.61,0.01,0.0927249,0.1102393,0.414602,103.95
683300,0.4,0.57,0.03,0.09341808,0.09621289,0.6790064,125.11
683400,0.38,0.59,0.03,0.08206254,0.1016989,0.7962067,135.81
683500,0.4,0.59,0.01,0.06181768,0.06425061,0.5568021,116.03
683600,0.45,0.54,0.01,0.0851656,0.08002993,0.2575998,101.56
683700,0.47,0.51,0.02,0.06760807,0.06246459,0.7594037,137.74
683800,0.44,0.53,0.03,0.07014769,0.07597217,0.9870068,138.53
683900,0.44,0.53,0.03,0.08004502,0.09210838,0.7910058,129.56
684000,0.42,0.56,0.02,0.07554045,0.07165107,0.5724043,111.74
684100,0.45,0.52,0.03,0.07972299,0.08521216,0.717604,143.63
684200,0.31,0.65,0.04,0.06768291,0.06584933,0.760007,132.22
684300,0.33,0.64,0.03,0.0619138,0.05880012,0.7258067,137.98
684400,0.42,0.55,0.03,0.09414272,0.1068045,0.9336073,120.87
684500,0.42,0.54,0.04,0.07091613,0.06452201,0.5986044,138.64
684600,0.53,0.44,0.03,0.08045768,0.09139881,0.6174035,113.19
684700,0.38,0.59,0.03,0.07381545,0.07461203,0.8826075,132.03
684800,0.47,0.48,0.05,0.06870494,0.06468199,0.8578072,154.06
684900,0.48,0.5,0.02,0.07916066,0.07052719,0.6862041,128.73
685000,0.4,0.58,0.02,0.06743176,0.06500805,0.5740043,115.38
685100,0.44,0.54,0.02,0.06674823,0.06814053,0.5774022,139.46
685200,0.36,0.61,0.03,0.06274728,0.05976348,0.744606,122.77
685300,0.44,0.49,0.07,0.07252982,0.06759635,1.303611,158.94
685400,0.43,0.55,0.02,0.08146246,0.0901057,0.8528042,137.96
685500,0.43,0.54,0.03,0.068565,0.06388945,0.9452056,142.12
685600,0.51,0.48,0.01,0.08584022,0.08995674,0.3550023,96.71
685700,0.5,0.45,0.05,0.08224199,0.09716737,1.226212,128.96
685800,0.47,0.52,0.01,0.06304446,0.06941712,0.4940023,109.5
685900,0.45,0.52,0.03,0.07901505,0.07625749,0.8544065,117.59
686000,0.43,0.54,0.03,0.08296656,0.09835205,0.8108068,137.83
686100,0.37,0.63,0,0.06033128,0.05826066,0.1873999,114.44
686200,0.47,0.53,0,0.0682102,0.06479044,0.4391996,147.99
686300,0.37,0.61,0.02,0.06859897,0.0649496,0.5914041,114.55
686400,0.4,0.56,0.04,0.06999728,0.06846987,0.9810068,143.21
686500,0.36,0.6,0.04,0.07061651,0.07288446,1.003009,130.21
686600,0.48,0.5,0.02,0.06922672,0.06250568,0.6120043,119.86
686700,0.43,0.52,0.05,0.05791784,0.05756828,1.027609,144.97
686800,0.37,0.61,0.02,0.07591186,0.08567693,0.4240019,112.56
686900,0.4,0.56,0.04,0.08799475,0.08607122,0.8766066,142.27
687000,0.44,0.55,0.01,0.07057513,0.06901179,0.5382018,106.54
687100,0.38,0.57,0.05,0.06832474,0.06704185,1.222811,159.66
687200,0.41,0.57,0.02,0.06930703,0.06726299,0.6964043,115.25
687300,0.48,0.51,0.01,0.06837355,0.06782522,0.2433998,120.43
687400,0.53,0.47,0,0.07303882,0.07849279,0.1985999,89.4
687500,0.41,0.54,0.05,0.07823057,0.07481935,1.07521,140.43
687600,0.46,0.51,0.03,0.09491848,0.09034808,0.8576064,124.13
687700,0.43,0.53,0.04,0.08215748,0.08266266,0.943809,131.61
687800,0.4,0.55,0.05,0.08098247,0.07918566,1.130412,156.13
687900,0.57,0.42,0.01,0.1065285,0.1149816,0.4126024,91.55
688000,0.44,0.54,0.02,0.07404897,0.06668722,0.4216023,148.26
688100,0.53,0.44,0.03,0.1005826,0.09870376,0.790607,124.84
688200,0.46,0.51,0.03,0.06691091,0.06456403,0.758207,144.88
688300,0.45,0.54,0.01,0.07376597,0.0651543,0.5904024,107.61
688400,0.44,0.53,0.03,0.0890783,0.08852019,0.9734064,135.29
688500,0.49,0.47,0.04,0.0683067,0.06394701,0.7734064,146.74
688600,0.48,0.51,0.01,0.07388587,0.06857593,0.4574021,100.04
688700,0.43,0.56,0.01,0.07226262,0.06619789,0.454202,99.51
688800,0.45,0.51,0.04,0.05815868,0.0535559,0.8830056,144.94
688900,0.4,0.58,0.02,0.09387074,0.09882817,0.6230049,122.37
689000,0.44,0.52,0.04,0.07729495,0.07224053,0.8092064,132.83
689100,0.43,0.54,0.03,0.07008716,0.07998195,0.5990037,137.78
689200,0.41,0.57,0.02,0.06488766,0.06233787,0.6756042,127.29
689300,0.5,0.49,0.01,0.05732659,0.05279992,0.4623997,116.4
689400,0.46,0.54,0,0.06142779,0.05736849,0.3009998,112.8
689500,0.46,0.51,0.03,0.08893728,0.07678876,0.7788059,139.81
689600,0.38,0.56,0.06,0.07443886,0.06869152,0.9768094,147.53
689700,0.43,0.55,0.02,0.06113131,0.06118637,0.7502046,140.25
689800,0.43,0.53,0.04,0.07012062,0.06511064,0.9970088,134.63
689900,0.44,0.54,0.02,0.06873742,0.06104999,0.6282043,119.89
690000,0.38,0.6,0.02,0.07774237,0.08429465,0.5496043,116.19
690100,0.34,0.63,0.03,0.06129011,0.06331285,0.4860039,125.4
690200,0.39,0.57,0.04,0.06528366,0.06343279,1.084409,138.47
690300,0.51,0.48,0.01,0.08719772,0.0924696,0.6040018,112.75
690400,0.46,0.53,0.01,0.104298,0.1032261,0.3958021,106.47
690500,0.31,0.66,0.03,0.08826814,0.08334008,0.6816058,133.71
690600,0.35,0.59,0.06,0.08916923,0.1035663,1.448415,157.58
690700,0.35,0.6,0.05,0.0627339,0.07963616,0.9730088,158.37
690800,0.36,0.61,0.03,0.06965327,0.06030514,0.7420045,147.49
690900,0.38,0.58,0.04,0.08613655,0.09430532,0.9838092,135.42
691000,0.35,0.61,0.04,0.08602739,0.07764906,0.9676096,127.14
691100,0.39,0.59,0.02,0.07980608,0.07236187,0.5812045,108.78
691200,0.4,0.59,0.01,0.08341694,0.08768816,0.5804024,120.23
691300,0.38,0.58,0.04,0.09682317,0.1154076,0.983408,134.11
691400,0.46,0.52,0.02,0.07582192,0.0797366,0.8298048,131.83
691500,0.44,0.51,0.05,0.06027744,0.05845685,0.9954093,150.73
691600,0.43,0.57,0,0.08884202,0.1056755,0.4239996,105.06
691700,0.45,0.52,0.03,0.07247433,0.06533083,0.5344036,134.94
691800,0.46,0.5,0.04,0.08094441,0.08573859,1.00161,130.73
691900,0.48,0.49,0.03,0.05850384,0.05739101,0.7028061,140.09
692000,0.44,0.52,0.04,0.1007714,0.1213033,0.7512062,146.5
692100,0.44,0.54,0.02,0.07321522,0.07496385,0.4220021,131.47
692200,0.39,0.56,0.05,0.08144221,0.08319231,0.7986073,142.31
692300,0.4,0.59,0.01,0.07637016,0.0801318,0.5098025,118.05
692400,0.4,0.55,0.05,0.07375226,0.07046499,1.18161,152.27
692500,0.45,0.54,0.01,0.09934952,0.08284416,0.3904018,108.6
692600,0.39,0.56,0.05,0.07648645,0.07557146,0.9468089,161.09
692700,0.45,0.54,0.01,0.07254201,0.06715301,0.524002,118.15
692800,0.45,0.49,0.06,0.08344232,0.0878236,1.17501,161.21
692900,0.47,0.52,0.01,0.06597081,0.06000385,0.3309997,122.65
693000,0.46,0.52,0.02,0.08315884,0.08617587,0.5700043,108.63
693100,0.46,0.49,0.05,0.06788496,0.0805064,1.008808,140.62
693200,0.49,0.49,0.02,0.07706939,0.07608192,0.6554043,124.29
693300,0.38,0.58,0.04,0.07960892,0.0857172,0.8818069,140.9
693400,0.39,0.61,0,0.07953017,0.08686441,0.2279998,108.85
693500,0.43,0.55,0.02,0.08503188,0.08048861,0.643605,114.83
693600,0.4,0.59,0.01,0.06596715,0.06735896,0.3678015,127.58
693700,0.42,0.54,0.04,0.08947565,0.1021827,1.063609,142.68
693800,0.36,0.62,0.02,0.06312155,0.06168466,0.6066045,134.7
693900,0.43,0.51,0.06,0.07713595,0.07183643,1.477614,159.52
694000,0.41,0.55,0.04,0.06623505,0.05820902,1.101409,150.49
694100,0.42,0.55,0.03,0.07082433,0.06783701,0.8114063,145.56
694200,0.43,0.52,0.05,0.08342303,0.08759204,1.342011,159.03
694300,0.42,0.55,0.03,0.06991954,0.06830676,0.7398066,130
694400,0.48,0.5,0.02,0.07179497,0.06944364,0.7768041,117.06
694500,0.45,0.52,0.03,0.09671412,0.08396725,0.8756073,124.36
694600,0.41,0.57,0.02,0.06448701,0.06218096,0.6906035,120.5
694700,0.47,0.5,0.03,0.07292321,0.0751981,0.8116068,128.5
694800,0.4,0.56,0.04,0.07418368,0.07414328,0.8568087,125.56
694900,0.46,0.51,0.03,0.07849095,0.07591747,0.9476073,125.92
695000,0.44,0.54,0.02,0.06087555,0.05575456,0.4514018,129.89
695100,0.44,0.51,0.05,0.06544078,0.06285779,1.486012,163.73
695200,0.43,0.56,0.01,0.07927088,0.08251564,0.4150024,116.69
695300,0.46,0.52,0.02,0.06054599,0.05892481,0.6062037,140.92
695400,0.49,0.49,0.02,0.06769989,0.06260103,0.5452034,111.52
695500,0.39,0.59,0.02,0.07501908,0.08886938,0.4828048,112.86
695600,0.47,0.5,0.03,0.07429145,0.07605822,0.878606,137.44
695700,0.41,0.55,0.04,0.06327824,0.06053476,0.654205,156.58
695800,0.47,0.52,0.01,0.07686042,0.08636496,0.3875997,121.19
695900,0.39,0.6,0.01,0.06476218,0.06332949,0.4578017,108.69
696000,0.43,0.56,0.01,0.06004572,0.05562736,0.5770022,123.98
696100,0.46,0.5,0.04,0.06071845,0.05978003,1.006209,150.87
696200,0.37,0.63,0,0.0681142,0.0858371,0.2447998,104.62
696300,0.38,0.6,0.02,0.06917791,0.06284936,0.5920039,139.79
696400,0.35,0.62,0.03,0.0679199,0.06622855,0.7592055,134.51
696500,0.42,0.56,0.02,0.08286455,0.0946225,0.5702046,116.09
696600,0.39,0.54,0.07,0.06620406,0.06031595,1.646217,179.82
696700,0.47,0.53,0,0.08571946,0.08341949,0.2805998,97.69
696800,0.39,0.55,0.06,0.09432886,0.0969838,0.9286093,157.39
696900,0.41,0.54,0.05,0.07851384,0.09796932,1.125212,154.32
697000,0.36,0.58,0.06,0.07251243,0.07062092,1.312613,163.2
697100,0.5,0.45,0.05,0.08538707,0.07940651,1.049809,141.68
697200,0.38,0.58,0.04,0.06288989,0.05853691,1.039008,140.19
697300,0.43,0.55,0.02,0.06018262,0.05558885,0.5984044,140
697400,0.44,0.55,0.01,0.0643749,0.06041037,0.1579999,111.62
697500,0.42,0.57,0.01,0.0845859,0.09436314,0.4560022,110.38
697600,0.37,0.6,0.03,0.06343223,0.06361163,0.8320068,128.7
697700,0.39,0.59,0.02,0.07740095,0.08291041,0.6052048,104.07
697800,0.39,0.56,0.05,0.09926768,0.09871735,1.192811,155.59
697900,0.4,0.58,0.02,0.05992443,0.05833615,0.6796046,126.39
698000,0.47,0.49,0.04,0.06876556,0.06525662,0.9168075,133.09
698100,0.43,0.51,0.06,0.06459717,0.06515414,1.211012,172.87
698200,0.46,0.51,0.03,0.06299727,0.05906267,0.916206,144.58
698300,0.48,0.49,0.03,0.07126219,0.07168055,0.8958067,137.12
698400,0.36,0.63,0.01,0.07082377,0.08618511,0.4538016,126.04
698500,0.48,0.5,0.02,0.08453397,0.07957026,0.8466045,127.07
698600,0.31,0.65,0.04,0.06391811,0.05703052,0.9594092,147.63
698700,0.44,0.52,0.04,0.07935915,0.1017398,0.9084058,137.62
698800,0.41,0.53,0.06,0.09652443,0.1225647,1.327813,147.17
698900,0.35,0.62,0.03,0.0786511,0.07338024,0.9288073,144.5
699000,0.44,0.55,0.01,0.0600544,0.06065044,0.5206023,118.29
699100,0.51,0.44,0.05,0.06700811,0.06289716,1.13981,150.57
699200,0.42,0.54,0.04,0.06169325,0.06058449,0.9192088,150.77
699300,0.39,0.59,0.02,0.06949821,0.06687155,0.6954044,106.42
699400,0.36,0.61,0.03,0.06784553,0.06123409,0.6368036,137.33
699500,0.39,0.56,0.05,0.06920912,0.07689157,1.19261,152.36
699600,0.48,0.49,0.03,0.08175677,0.09536613,0.8614066,126.42
699700,0.51,0.46,0.03,0.09224596,0.07963381,0.9344066,131.26
699800,0.43,0.52,0.05,0.06986365,0.08118819,1.111411,156.88
699900,0.39,0.6,0.01,0.1060227,0.1313936,0.4824021,141.05
700000,0.43,0.54,0.03,0.06025917,0.06463174,0.6180045,145.72
700100,0.39,0.58,0.03,0.0775908,0.08069158,0.6640059,136.67
700200,0.37,0.62,0.01,0.06838992,0.07045891,0.472402,135.96
700300,0.46,0.5,0.04,0.07680553,0.07237141,0.8722068,137.48
700400,0.5,0.49,0.01,0.08363498,0.07512645,0.4350023,117.66
700500,0.44,0.52,0.04,0.09121162,0.08409528,0.9106082,137.24
700600,0.39,0.54,0.07,0.06912503,0.06802469,1.148012,178.66
700700,0.44,0.56,0,0.07195646,0.07368226,0.3393997,99.75
700800,0.42,0.54,0.04,0.08086076,0.08140672,0.8908089,141.41
700900,0.34,0.57,0.09,0.07670403,0.0706466,1.977021,184.9
701000,0.43,0.52,0.05,0.06391188,0.05722562,1.285811,152.98
701100,0.41,0.58,0.01,0.09345023,0.09645548,0.3986017,100.08
701200,0.41,0.56,0.03,0.082501,0.0870638,0.778207,136.43
701300,0.4,0.59,0.01,0.07177551,0.06239744,0.4338019,120.43
701400,0.48,0.5,0.02,0.07928159,0.08199061,0.7380045,122.66
701500,0.44,0.51,0.05,0.09549347,0.1082224,1.250011,143.2
701600,0.41,0.55,0.04,0.07789402,0.08718372,0.9584089,156
701700,0.42,0.58,0,0.08334045,0.07511581,0.3769997,102.54
701800,0.51,0.48,0.01,0.07348922,0.07091104,0.5038024,119.56
701900,0.39,0.58,0.03,0.08110157,0.08642836,0.7806073,113.9
702000,0.41,0.58,0.01,0.0699802,0.06660851,0.387602,117.22
702100,0.5,0.48,0.02,0.05932174,0.05709109,0.6080044,128.8
702200,0.4,0.53,0.07,0.07061949,0.07384829,0.9088095,155.61
702300,0.47,0.5,0.03,0.07584453,0.06739797,0.9532064,134.16
702400,0.48,0.51,0.01,0.06254887,0.07659756,0.5300022,129.37
702500,0.44,0.53,0.03,0.06445523,0.06566152,0.9110071,152.86
702600,0.51,0.46,0.03,0.05715125,0.05620426,1.084807,136.59
702700,0.36,0.59,0.05,0.07670859,0.07728999,0.7902067,158.71
702800,0.51,0.48,0.01,0.06969645,0.06983776,0.572602,121.1
702900,0.49,0.47,0.04,0.07414865,0.07173568,0.990607,132.75
703000,0.45,0.54,0.01,0.08040734,0.0794568,0.4366023,109.44
703100,0.44,0.53,0.03,0.07532616,0.08605602,0.5462014,150.31
703200,0.4,0.58,0.02,0.0656182,0.06188257,0.5282019,125.7
703300,0.45,0.52,0.03,0.07403438,0.08074378,0.8626071,120.53
703400,0.41,0.53,0.06,0.07097786,0.06433401,1.220814,146.8
703500,0.34,0.64,0.02,0.08426135,0.08415297,0.6108043,127.7
703600,0.37,0.59,0.04,0.07098383,0.07736491,0.9448094,140.82
703700,0.43,0.55,0.02,0.07324693,0.06433319,0.7448047,112.3
703800,0.44,0.53,0.03,0.08077448,0.07685345,0.7304052,128.77
703900,0.44,0.52,0.04,0.08330645,0.08177512,1.061409,133.39
704000,0.48,0.48,0.04,0.08026025,0.08487293,1.023809,139.13
704100,0.34,0.61,0.05,0.09314964,0.1028376,1.207412,157.35
704200,0.56,0.4,0.04,0.06256735,0.06503779,1.015207,142.83
704300,0.52,0.46,0.02,0.07394554,0.08826747,0.4572021,114.76
704400,0.48,0.48,0.04,0.06106586,0.05960582,1.04481,157.63
704500,0.39,0.59,0.02,0.07548805,0.08811367,0.5980046,113.07
704600,0.43,0.54,0.03,0.07521139,0.07712912,0.8374062,127.28
704700,0.41,0.58,0.01,0.05866953,0.06017005,0.5286022,129.6
704800,0.47,0.49,0.04,0.08451289,0.09535944,0.9972093,129.82
704900,0.47,0.49,0.04,0.05748167,0.05473275,0.9396098,145.77
705000,0.32,0.63,0.05,0.0700964,0.06183314,0.8794096,142.22
705100,0.39,0.6,0.01,0.07502545,0.08175396,0.3912019,123.64
705200,0.39,0.6,0.01,0.07883904,0.08138518,0.6350018,121.17
705300,0.37,0.54,0.09,0.0726844,0.07057918,1.85302,187.84
705400,0.45,0.54,0.01,0.06549059,0.06604427,0.4196023,117.71
705500,0.47,0.47,0.06,0.07517526,0.08472725,1.356411,159.98
705600,0.45,0.49,0.06,0.06327972,0.06084991,1.292212,157.51
705700,0.44,0.52,0.04,0.06914727,0.06408755,0.9772086,139.58
705800,0.41,0.57,0.02,0.05954872,0.05676196,0.6550048,113.05
705900,0.37,0.58,0.05,0.08442326,0.09553592,1.025009,171.7
706000,0.53,0.46,0.01,0.08935466,0.09014265,0.6508023,99.31
706100,0.32,0.62,0.06,0.08320376,0.07677437,1.217213,149.45
706200,0.4,0.53,0.07,0.102092,0.1022898,1.502816,157.29
706300,0.38,0.58,0.04,0.07934522,0.0803205,0.9620079,142.64
706400,0.4,0.57,0.03,0.08560577,0.08594303,0.8542071,135.04
706500,0.52,0.47,0.01,0.08254454,0.08158781,0.5096022,105.75
706600,0.46,0.54,0,0.08010829,0.0899749,0.2329998,97.75
706700,0.42,0.55,0.03,0.0748463,0.07748182,0.7024046,133.53
706800,0.47,0.51,0.02,0.06489366,0.06187151,0.7552048,112.64
706900,0.53,0.45,0.02,0.06332046,0.0633007,0.7362038,121.38
707000,0.42,0.51,0.07,0.07349505,0.08318558,1.570216,178.82
707100,0.51,0.47,0.02,0.08340679,0.091401,0.6310044,121.3
707200,0.53,0.44,0.03,0.08083831,0.09731708,0.887607,131.83
707300,0.38,0.59,0.03,0.08490117,0.08692607,0.5694049,129.52
707400,0.37,0.58,0.05,0.06214464,0.06376562,1.115411,145.97
707500,0.42,0.54,0.04,0.06985348,0.06773696,0.7598057,131.48
707600,0.41,0.54,0.05,0.07854405,0.08538464,1.046609,137.48
707700,0.46,0.5,0.04,0.08455381,0.092784,0.9098096,136.03
707800,0.39,0.59,0.02,0.07686242,0.080345,0.5922043,130.68
707900,0.49,0.49,0.02,0.07075563,0.07966333,0.7932049,116.8
708000,0.42,0.55,0.03,0.0640431,0.07199442,1.000006,160.02
708100,0.42,0.57,0.01,0.06958685,0.07257329,0.5670022,121.78
708200,0.54,0.41,0.05,0.08902281,0.08386422,0.910807,144.71
708300,0.46,0.52,0.02,0.07978546,0.09720559,0.5548039,130.25
708400,0.37,0.59,0.04,0.0767339,0.07087085,0.8156065,153.07
708500,0.34,0.62,0.04,0.06655161,0.06373977,0.7640067,152.91
708600,0.46,0.49,0.05,0.06549419,0.07312449,1.297211,154.67
708700,0.46,0.54,0,0.09754778,0.1083622,0.3369997,97.42
708800,0.43,0.55,0.02,0.07287086,0.06931864,0.6040046,122.9
708900,0.38,0.58,0.04,0.08659104,0.09890734,0.9490094,121.7
709000,0.34,0.62,0.04,0.08160185,0.08988029,0.9782078,152.1
709100,0.56,0.4,0.04,0.08486626,0.08127697,1.18161,148.45
709200,0.31,0.64,0.05,0.09955831,0.1089088,1.117611,147.47
709300,0.46,0.5,0.04,0.08169635,0.09312453,0.9550095,144.05
709400,0.47,0.52,0.01,0.07245173,0.07317417,0.5762019,109.1
709500,0.4,0.55,0.05,0.0696794,0.07163808,1.149411,147.73
709600,0.46,0.52,0.02,0.0724944,0.07398199,0.8062049,146.59
709700,0.42,0.53,0.05,0.0785459,0.06920549,1.135012,151.3
709800,0.45,0.5,0.05,0.06490453,0.06833999,1.174411,147.67
709900,0.45,0.53,0.02,0.07586811,0.06968431,0.5698045,105.62
710000,0.35,0.62,0.03,0.07900994,0.07207943,0.7398064,132.96
710100,0.46,0.49,0.05,0.06897523,0.07035095,1.03701,156.25
710200,0.33,0.62,0.05,0.06791722,0.07072438,1.046409,157.21
710300,0.44,0.52,0.04,0.08266504,0.06845403,1.04401,131.76
710400,0.38,0.59,0.03,0.07507093,0.0784675,0.8794063,141.72
710500,0.4,0.56,0.04,0.08699118,0.08767571,0.9568098,133.68
710600,0.37,0.59,0.04,0.07210138,0.07419035,0.9560069,136.91
710700,0.46,0.51,0.03,0.07079783,0.07148783,0.9258066,122.65
710800,0.43,0.54,0.03,0.08383165,0.09840298,0.864406,121.49
710900,0.41,0.55,0.04,0.069031,0.06521198,0.9162087,154.72
711000,0.41,0.56,0.03,0.07302166,0.07622025,0.8816063,143.57
711100,0.46,0.51,0.03,0.09763809,0.1116861,0.9338067,130.91
711200,0.5,0.47,0.03,0.07287817,0.06593487,0.9176069,137.58
711300,0.43,0.52,0.05,0.07528184,0.06939597,0.9766089,144.6
711400,0.43,0.55,0.02,0.08597156,0.08941721,0.5630049,120.64
711500,0.4,0.57,0.03,0.0679546,0.06823055,0.8382061,124.9
711600,0.43,0.53,0.04,0.07249229,0.07551367,0.9470088,152.5
711700,0.35,0.63,0.02,0.07111174,0.06218668,0.6032049,127.18
711800,0.52,0.47,0.01,0.06781343,0.06935368,0.3051998,108.74
711900,0.48,0.5,0.02,0.07936212,0.08296105,0.6082046,117.75
712000,0.43,0.54,0.03,0.06515767,0.0626538,0.898407,144.83
712100,0.31,0.64,0.05,0.06544703,0.06031941,0.8938086,143.99
712200,0.43,0.53,0.04,0.06128633,0.06199063,0.8498061,138.73
712300,0.49,0.48,0.03,0.08203207,0.07694337,0.7336047,135.42
712400,0.39,0.6,0.01,0.0760524,0.07373838,0.4026018,107.16
712500,0.53,0.42,0.05,0.06181848,0.05930327,1.16241,138.93
712600,0.45,0.54,0.01,0.06677269,0.06365084,0.4296024,121.48
712700,0.43,0.55,0.02,0.08180833,0.08780531,0.5878049,150.06
712800,0.38,0.59,0.03,0.08806613,0.09592789,0.7574075,140.69
712900,0.47,0.48,0.05,0.08973093,0.09743772,1.136011,163.17
713000,0.47,0.5,0.03,0.06285758,0.06406505,0.6382045,144.08
713100,0.33,0.62,0.05,0.07642393,0.07425711,1.192211,149.21
713200,0.41,0.55,0.04,0.06219522,0.05795743,0.977208,148.29
713300,0.45,0.52,0.03,0.08886188,0.1130161,0.7790069,123.7
713400,0.41,0.58,0.01,0.08798666,0.07277384,0.4268025,107.1
713500,0.34,0.64,0.02,0.07892589,0.08196647,0.613605,126.41
713600,0.47,0.52,0.01,0.07775911,0.0806729,0.5326021,103.8
713700,0.43,0.54,0.03,0.0638846,0.06681035,0.867807,134.46
713800,0.48,0.51,0.01,0.05934016,0.05614616,0.4254021,133.94
713900,0.4,0.55,0.05,0.07369241,0.08240375,1.075411,149.65
714000,0.38,0.6,0.02,0.06280519,0.06299394,0.378002,119.29
714100,0.37,0.6,0.03,0.06548354,0.06473804,0.7380061,148.52
714200,0.38,0.57,0.05,0.095189,0.1043305,1.029009,151.47
714300,0.41,0.58,0.01,0.07605154,0.06406238,0.4506024,125.25
714400,0.43,0.55,0.02,0.08291683,0.0921352,0.6564045,110.48
714500,0.46,0.5,0.04,0.07716493,0.0835439,1.041009,138.95
714600,0.45,0.52,0.03,0.08754328,0.08635641,0.7688063,141.94
714700,0.46,0.53,0.01,0.06955363,0.09710347,0.4572018,124.61
714800,0.39,0.54,0.07,0.06972958,0.06837486,1.344214,155.17
714900,0.47,0.52,0.01,0.08032053,0.09318908,0.5790017,116.59
715000,0.41,0.56,0.03,0.07744832,0.07714745,0.6704042,140.94
715100,0.4,0.56,0.04,0.08517087,0.0988577,0.955208,131.59
715200,0.45,0.52,0.03,0.08382416,0.09163173,0.7962069,138.56
715300,0.45,0.54,0.01,0.0820564,0.07153764,0.2249998,106.6
715400,0.39,0.58,0.03,0.07444062,0.07564918,0.7066064,137.84
715500,0.47,0.46,0.07,0.06997683,0.07346955,1.550416,177.31
715600,0.36,0.57,0.07,0.06720566,0.06032759,1.233014,175.19
715700,0.46,0.54,0,0.07498552,0.07493976,0.3469997,114.86
715800,0.38,0.59,0.03,0.07108161,0.08553797,0.7618068,138.55
715900,0.37,0.6,0.03,0.07236388,0.07642452,0.7530046,153.67
716000,0.41,0.54,0.05,0.06659096,0.07022432,1.121811,150.98
716100,0.32,0.64,0.04,0.08040295,0.09223294,0.7388068,137.04
716200,0.46,0.52,0.02,0.07936195,0.08137546,0.7092042,118.06
716300,0.48,0.48,0.04,0.07629281,0.07250223,0.7602066,164.1
716400,0.35,0.62,0.03,0.08318422,0.08295636,0.695806,146.76
716500,0.53,0.44,0.03,0.07293729,0.08365738,0.6844044,139.37
716600,0.44,0.51,0.05,0.06666791,0.06548876,1.289611,157.95
716700,0.45,0.52,0.03,0.06773481,0.0607599,0.7076039,127.68
716800,0.4,0.55,0.05,0.0809238,0.08642006,0.8728091,138.16
716900,0.4,0.54,0.06,0.06716453,0.06023507,1.345014,152.58
717000,0.37,0.62,0.01,0.08017217,0.08059102,0.3896022,112.52
717100,0.41,0.55,0.04,0.06767358,0.0678755,0.8266062,137.94
717200,0.39,0.59,0.02,0.07184935,0.06159703,0.6496042,119.67
717300,0.41,0.56,0.03,0.08847722,0.08992781,0.8072064,129.92
717400,0.49,0.48,0.03,0.0704082,0.07501651,0.7080067,145.11
717500,0.47,0.5,0.03,0.06329786,0.06094018,0.729605,134.45
717600,0.4,0.59,0.01,0.072033,0.06265368,0.5464017,119.77
717700,0.45,0.53,0.02,0.07100033,0.07034579,0.4044022,118.13
717800,0.36,0.63,0.01,0.06792224,0.06489468,0.3144022,137.82
717900,0.45,0.51,0.04,0.06671324,0.05939635,0.6602042,139.42
718000,0.38,0.56,0.06,0.07268653,0.07703701,1.004011,165.15
718100,0.43,0.52,0.05,0.09359299,0.100434,0.727407,147.21
718200,0.4,0.56,0.04,0.07416148,0.06959942,1.086609,142.23
718300,0.43,0.51,0.06,0.06633809,0.07548521,1.095611,167.65
718400,0.44,0.54,0.02,0.07220683,0.07293362,0.4028023,106.02
718500,0.34,0.59,0.07,0.08252042,0.08385697,1.297813,155.35
718600,0.53,0.46,0.01,0.08342998,0.07992275,0.5122021,114.87
718700,0.49,0.49,0.02,0.08406129,0.09140486,0.7452043,120.79
718800,0.39,0.58,0.03,0.07735965,0.07063574,0.610005,126.92
718900,0.39,0.6,0.01,0.08612541,0.09684617,0.3534025,99.9
719000,0.47,0.5,0.03,0.07305203,0.07004496,0.8122068,132.73
719100,0.39,0.59,0.02,0.07126556,0.08060958,0.6780042,140.05
719200,0.33,0.63,0.04,0.06981335,0.06541803,0.9768084,141.02
719300,0.46,0.53,0.01,0.06853031,0.06199701,0.3856023,108.66
719400,0.4,0.58,0.02,0.09871305,0.09901857,0.6546047,133.52
719500,0.38,0.57,0.05,0.07073694,0.07594683,1.206411,155.74
719600,0.47,0.51,0.02,0.07409839,0.08680698,0.4278024,121.52
719700,0.45,0.52,0.03,0.07443385,0.07450113,0.6576048,114.53
719800,0.43,0.55,0.02,0.06336042,0.06124021,0.4096025,122.23
719900,0.42,0.55,0.03,0.1009604,0.1057247,0.7548032,132.78
720000,0.43,0.56,0.01,0.08969652,0.0833464,0.3558019,102.14
720100,0.49,0.5,0.01,0.06710077,0.06472888,0.5540025,118.35
720200,0.4,0.53,0.07,0.09343402,0.1052659,1.469016,160
720300,0.4,0.57,0.03,0.09158108,0.1081273,0.8522066,137.59
720400,0.47,0.5,0.03,0.06921098,0.06472556,0.5908037,116.5
720500,0.44,0.53,0.03,0.07873353,0.07105591,0.9848063,121.59
720600,0.38,0.58,0.04,0.07611275,0.08372825,0.9136069,161.44
720700,0.45,0.53,0.02,0.07673059,0.07065992,0.4034022,125.88
720800,0.36,0.62,0.02,0.07260374,0.06788662,0.4660023,129.52
720900,0.4,0.55,0.05,0.0635884,0.06569626,0.8290085,172.83
721000,0.45,0.5,0.05,0.06377394,0.05795094,0.9088089,146.08
721100,0.42,0.55,0.03,0.061248,0.05564767,1.001807,146.41
721200,0.44,0.51,0.05,0.09697417,0.1032668,1.158211,138.91
721300,0.38,0.6,0.02,0.1022673,0.1077678,0.553805,120.82
721400,0.46,0.52,0.02,0.08656041,0.08567625,0.6674044,109.14
721500,0.41,0.59,0,0.07222522,0.07775064,0.2005999,104.32
721600,0.41,0.57,0.02,0.08850536,0.09726128,0.3326017,129
721700,0.41,0.56,0.03,0.06414009,0.05520553,0.5894049,138.24
721800,0.49,0.45,0.06,0.0804785,0.0837402,1.547214,172.94
721900,0.43,0.55,0.02,0.06653044,0.06617024,0.4670023,112.04
722000,0.44,0.54,0.02,0.06053405,0.05744899,0.6356033,135.79
722100,0.47,0.52,0.01,0.06983247,0.06283393,0.3290021,106.41
722200,0.48,0.49,0.03,0.08075688,0.08450339,0.6740052,136.42
722300,0.33,0.59,0.08,0.05842509,0.05531454,0.9490087,170.77
722400,0.45,0.52,0.03,0.0774535,0.09000816,0.5650045,124.71
722500,0.38,0.58,0.04,0.07388675,0.07293405,0.945609,164.05
722600,0.46,0.52,0.02,0.06768063,0.06424194,0.488602,131.13
722700,0.38,0.6,0.02,0.07736807,0.07034364,0.5684038,105.21
722800,0.37,0.57,0.06,0.06491031,0.06026682,1.175011,157.32
722900,0.44,0.52,0.04,0.06413142,0.06864018,1.158809,153.29
723000,0.45,0.53,0.02,0.0682479,0.06306578,0.6970038,130.62
723100,0.34,0.65,0.01,0.06667053,0.05536098,0.3566024,121.1
723200,0.46,0.51,0.03,0.08645947,0.08830871,0.9222069,132.74
