Episode,Winner,RunnerAcc,PursuerAcc,DrawsPercentage,RunnerJitter,PursuerJitter,NearMissTime,EpisodeSteps
1,Pursuer,0.000,1.000,0.000,0.424,1.165,0.00,1.00
2,Runner,0.500,0.500,0.000,0.158,0.135,0.00,33.00
3,Runner,0.667,0.333,0.000,0.140,0.179,1.32,67.00
4,Pursuer,0.500,0.500,0.000,0.140,0.161,0.00,746.00
5,Pursuer,0.400,0.600,0.000,0.152,0.158,0.00,762.00
6,Draw,0.333,0.500,0.167,0.145,0.144,1.64,999.00
7,Draw,0.286,0.429,0.286,0.150,0.142,0.00,999.00
8,Draw,0.250,0.375,0.375,0.152,0.154,0.00,999.00
9,Draw,0.222,0.333,0.444,0.160,0.153,0.00,999.00
10,Draw,0.200,0.300,0.500,0.149,0.158,0.00,999.00
11,Draw,0.182,0.273,0.545,0.144,0.153,0.00,999.00
12,Draw,0.167,0.250,0.583,0.148,0.139,0.00,999.00
13,Draw,0.154,0.231,0.615,0.153,0.144,15.90,999.00
14,Draw,0.143,0.214,0.643,0.158,0.140,0.00,999.00
15,Draw,0.133,0.200,0.667,0.146,0.148,1.30,999.00
16,Draw,0.125,0.188,0.688,0.151,0.153,0.00,999.00
17,Draw,0.118,0.176,0.706,0.159,0.154,0.00,999.00
18,Draw,0.111,0.167,0.722,0.144,0.155,3.44,999.00
19,Draw,0.105,0.158,0.737,0.142,0.148,13.02,999.00
20,Pursuer,0.100,0.200,0.700,0.143,0.140,0.00,66.00
21,Runner,0.143,0.190,0.667,0.076,0.044,0.10,5.00
22,Runner,0.182,0.182,0.636,0.134,0.146,0.00,144.00
23,Pursuer,0.174,0.217,0.609,0.000,0.000,0.00,1.00
24,Draw,0.167,0.208,0.625,0.149,0.147,0.88,999.00
25,Draw,0.160,0.200,0.640,0.161,0.142,0.00,999.00
26,Draw,0.154,0.192,0.654,0.153,0.151,9.42,999.00
27,Draw,0.148,0.185,0.667,0.153,0.156,0.00,999.00
28,Draw,0.143,0.179,0.679,0.153,0.151,0.00,999.00
29,Draw,0.138,0.172,0.690,0.163,0.148,0.00,999.00
30,Draw,0.133,0.167,0.700,0.148,0.157,7.34,999.00
31,Draw,0.129,0.161,0.710,0.145,0.153,0.00,999.00
32,Draw,0.125,0.156,0.719,0.146,0.160,10.18,999.00
33,Draw,0.121,0.152,0.727,0.165,0.141,19.98,999.00
34,Draw,0.118,0.147,0.735,0.164,0.152,0.00,999.00
35,Draw,0.114,0.143,0.743,0.149,0.155,0.00,999.00
36,Pursuer,0.111,0.167,0.722,0.000,0.000,0.00,1.00
37,Draw,0.108,0.162,0.730,0.156,0.152,0.00,999.00
38,Draw,0.105,0.158,0.737,0.140,0.136,0.00,999.00
39,Draw,0.103,0.154,0.744,0.153,0.148,0.00,999.00
40,Draw,0.100,0.150,0.750,0.148,0.150,0.00,999.00
41,Runner,0.122,0.146,0.732,0.145,0.179,0.00,110.00
42,Draw,0.119,0.143,0.738,0.144,0.154,19.98,999.00
43,Pursuer,0.116,0.163,0.721,0.000,0.000,0.00,0.00
44,Draw,0.114,0.159,0.727,0.153,0.144,0.00,999.00
45,Runner,0.133,0.156,0.711,0.156,0.133,0.00,100.00
46,Pursuer,0.130,0.174,0.696,0.142,0.148,0.00,938.00
47,Draw,0.128,0.170,0.702,0.143,0.164,0.00,999.00
48,Draw,0.125,0.167,0.708,0.163,0.156,0.00,999.00
49,Draw,0.122,0.163,0.714,0.170,0.151,0.00,999.00
50,Draw,0.120,0.160,0.720,0.152,0.142,5.44,999.00
51,Draw,0.118,0.157,0.725,0.147,0.150,0.00,999.00
52,Draw,0.115,0.154,0.731,0.155,0.150,0.00,999.00
53,Draw,0.113,0.151,0.736,0.157,0.153,0.00,999.00
54,Draw,0.111,0.148,0.741,0.146,0.165,4.84,999.00
55,Draw,0.109,0.145,0.745,0.142,0.147,14.22,999.00
56,Draw,0.107,0.143,0.750,0.144,0.139,0.00,999.00
57,Draw,0.105,0.140,0.754,0.152,0.160,12.52,999.00
58,Draw,0.103,0.138,0.759,0.151,0.152,0.00,999.00
59,Runner,0.119,0.136,0.746,0.000,0.000,0.00,0.00
60,Draw,0.117,0.133,0.750,0.147,0.144,0.00,999.00
61,Pursuer,0.115,0.148,0.738,0.151,0.157,0.00,376.00
62,Pursuer,0.113,0.161,0.726,0.164,0.139,0.00,601.00
63,Draw,0.111,0.159,0.730,0.149,0.159,0.00,999.00
64,Draw,0.109,0.156,0.734,0.152,0.153,0.00,999.00
65,Draw,0.108,0.154,0.738,0.161,0.142,0.00,999.00
66,Draw,0.106,0.152,0.742,0.154,0.153,0.00,999.00
67,Draw,0.104,0.149,0.746,0.140,0.151,0.06,999.00
68,Draw,0.103,0.147,0.750,0.144,0.142,0.00,999.00
69,Draw,0.101,0.145,0.754,0.151,0.151,0.00,999.00
70,Draw,0.100,0.143,0.757,0.148,0.147,0.00,999.00
71,Draw,0.099,0.141,0.761,0.153,0.153,7.90,999.00
72,Runner,0.111,0.139,0.750,0.000,0.000,0.00,0.00
73,Draw,0.110,0.137,0.753,0.143,0.157,0.24,999.00
74,Pursuer,0.108,0.149,0.743,0.098,0.348,0.00,9.00
75,Draw,0.107,0.147,0.747,0.150,0.152,10.82,999.00
76,Draw,0.105,0.145,0.750,0.143,0.147,0.00,999.00
77,Draw,0.104,0.143,0.753,0.158,0.151,0.00,999.00
78,Draw,0.103,0.141,0.756,0.149,0.150,0.00,999.00
79,Runner,0.114,0.139,0.747,0.162,0.122,0.44,120.00
80,Runner,0.125,0.138,0.738,0.167,0.139,0.00,97.00
81,Draw,0.123,0.136,0.741,0.151,0.157,0.00,999.00
82,Draw,0.122,0.134,0.744,0.164,0.158,0.00,999.00
83,Draw,0.120,0.133,0.747,0.146,0.150,19.28,999.00
84,Draw,0.119,0.131,0.750,0.154,0.152,0.00,999.00
85,Draw,0.118,0.129,0.753,0.150,0.146,0.00,999.00
86,Draw,0.116,0.128,0.756,0.157,0.151,0.00,999.00
87,Draw,0.115,0.126,0.759,0.151,0.152,0.00,999.00
88,Draw,0.114,0.125,0.761,0.154,0.160,7.78,999.00
89,Draw,0.112,0.124,0.764,0.152,0.157,2.82,999.00
90,Draw,0.111,0.122,0.767,0.152,0.145,0.00,999.00
91,Draw,0.110,0.121,0.769,0.148,0.147,0.00,999.00
92,Draw,0.109,0.120,0.772,0.144,0.160,0.00,999.00
93,Draw,0.108,0.118,0.774,0.137,0.145,0.00,999.00
94,Draw,0.106,0.117,0.777,0.147,0.146,0.00,999.00
95,Draw,0.105,0.116,0.779,0.145,0.161,0.00,999.00
96,Draw,0.104,0.115,0.781,0.152,0.147,0.28,999.00
97,Draw,0.103,0.113,0.784,0.146,0.159,0.00,999.00
98,Draw,0.102,0.112,0.786,0.144,0.147,0.00,999.00
99,Runner,0.111,0.111,0.778,0.161,0.151,1.62,864.00
100,Draw,0.110,0.110,0.780,0.155,0.145,0.00,999.00
101,Draw,0.109,0.109,0.782,0.150,0.156,12.16,999.00
102,Draw,0.108,0.108,0.784,0.143,0.157,0.00,999.00
103,Draw,0.107,0.107,0.786,0.158,0.161,19.98,999.00
104,Draw,0.106,0.106,0.788,0.151,0.148,1.98,999.00
105,Draw,0.105,0.105,0.790,0.139,0.148,4.66,999.00
106,Draw,0.104,0.104,0.792,0.144,0.159,0.00,999.00
107,Draw,0.103,0.103,0.794,0.149,0.156,0.00,999.00
108,Draw,0.102,0.102,0.796,0.155,0.155,0.58,999.00
109,Draw,0.101,0.101,0.798,0.157,0.151,0.00,999.00
110,Pursuer,0.100,0.109,0.791,0.148,0.152,0.00,962.00
111,Draw,0.099,0.108,0.793,0.152,0.152,0.00,999.00
112,Draw,0.098,0.107,0.795,0.150,0.155,0.00,999.00
113,Draw,0.097,0.106,0.796,0.141,0.152,0.00,999.00
114,Runner,0.105,0.105,0.789,0.149,0.151,0.00,618.00
115,Draw,0.104,0.104,0.791,0.143,0.142,19.24,999.00
116,Draw,0.103,0.103,0.793,0.146,0.164,0.00,999.00
117,Pursuer,0.103,0.111,0.786,0.148,0.146,0.00,931.00
118,Draw,0.102,0.110,0.788,0.158,0.162,0.00,999.00
119,Draw,0.101,0.109,0.790,0.150,0.155,0.38,999.00
120,Draw,0.100,0.108,0.792,0.152,0.145,0.00,999.00
121,Draw,0.099,0.107,0.793,0.153,0.145,5.42,999.00
122,Draw,0.098,0.107,0.795,0.147,0.142,5.58,999.00
123,Draw,0.098,0.106,0.797,0.141,0.146,1.94,999.00
124,Draw,0.097,0.105,0.798,0.150,0.159,0.00,999.00
125,Pursuer,0.096,0.112,0.792,0.074,0.098,0.00,10.00
126,Runner,0.103,0.111,0.786,0.071,0.018,0.00,3.00
127,Draw,0.102,0.110,0.787,0.155,0.153,0.00,999.00
128,Runner,0.109,0.109,0.781,0.173,0.152,0.00,78.00
129,Runner,0.116,0.109,0.775,0.126,0.159,0.00,86.00
130,Draw,0.115,0.108,0.777,0.145,0.150,0.12,999.00
131,Draw,0.115,0.107,0.779,0.141,0.149,0.00,999.00
132,Draw,0.114,0.106,0.780,0.146,0.140,0.00,999.00
133,Draw,0.113,0.105,0.782,0.142,0.160,0.00,999.00
134,Draw,0.112,0.104,0.784,0.145,0.161,6.60,999.00
135,Runner,0.119,0.104,0.778,0.000,0.000,0.00,0.00
136,Pursuer,0.118,0.110,0.772,0.133,0.156,0.00,154.00
137,Draw,0.117,0.109,0.774,0.147,0.154,0.00,999.00
138,Draw,0.116,0.109,0.775,0.143,0.147,3.52,999.00
139,Runner,0.122,0.108,0.770,0.143,0.155,6.02,771.00
140,Draw,0.121,0.107,0.771,0.149,0.146,0.00,999.00
141,Draw,0.121,0.106,0.773,0.148,0.162,9.88,999.00
142,Draw,0.120,0.106,0.775,0.151,0.151,0.00,999.00
143,Draw,0.119,0.105,0.776,0.152,0.153,0.00,999.00
144,Pursuer,0.118,0.111,0.771,0.000,0.000,0.00,0.00
145,Draw,0.117,0.110,0.772,0.158,0.146,6.40,999.00
146,Draw,0.116,0.110,0.774,0.152,0.142,0.00,999.00
147,Draw,0.116,0.109,0.776,0.145,0.160,0.00,999.00
148,Pursuer,0.115,0.115,0.770,0.161,0.188,0.00,148.00
149,Draw,0.114,0.114,0.772,0.144,0.156,11.60,999.00
150,Draw,0.113,0.113,0.773,0.162,0.146,0.00,999.00
151,Draw,0.113,0.113,0.775,0.145,0.150,19.98,999.00
152,Pursuer,0.112,0.118,0.770,0.141,0.128,0.00,91.00
153,Pursuer,0.111,0.124,0.765,0.139,0.106,0.00,8.00
154,Draw,0.110,0.123,0.766,0.149,0.151,0.00,999.00
155,Draw,0.110,0.123,0.768,0.146,0.143,4.98,999.00
156,Pursuer,0.109,0.128,0.763,0.151,0.131,0.00,546.00
157,Draw,0.108,0.127,0.764,0.149,0.152,19.72,999.00
158,Pursuer,0.108,0.133,0.759,0.000,0.000,0.00,0.00
159,Draw,0.107,0.132,0.761,0.145,0.148,2.36,999.00
160,Runner,0.113,0.131,0.756,0.148,0.148,0.00,318.00
161,Draw,0.112,0.130,0.758,0.139,0.148,0.00,999.00
162,Draw,0.111,0.130,0.759,0.157,0.159,0.00,999.00
163,Draw,0.110,0.129,0.761,0.156,0.144,1.88,999.00
164,Draw,0.110,0.128,0.762,0.147,0.158,0.00,999.00
165,Pursuer,0.109,0.133,0.758,0.000,0.000,0.00,0.00
166,Draw,0.108,0.133,0.759,0.143,0.148,0.00,999.00
167,Draw,0.108,0.132,0.760,0.148,0.149,0.00,999.00
168,Draw,0.107,0.131,0.762,0.152,0.149,0.00,999.00
169,Draw,0.107,0.130,0.763,0.144,0.124,0.00,999.00
170,Runner,0.112,0.129,0.759,0.156,0.158,0.00,649.00
171,Draw,0.111,0.129,0.760,0.140,0.149,0.00,999.00
172,Draw,0.110,0.128,0.762,0.148,0.146,2.88,999.00
173,Draw,0.110,0.127,0.763,0.159,0.150,0.00,999.00
174,Pursuer,0.109,0.132,0.759,0.157,0.136,0.00,298.00
175,Draw,0.109,0.131,0.760,0.153,0.138,0.00,999.00
176,Draw,0.108,0.131,0.761,0.147,0.154,3.08,999.00
177,Draw,0.107,0.130,0.763,0.158,0.166,0.00,999.00
178,Draw,0.107,0.129,0.764,0.147,0.142,0.00,999.00
179,Draw,0.106,0.128,0.765,0.155,0.160,11.68,999.00
180,Pursuer,0.106,0.133,0.761,0.152,0.141,0.00,604.00
181,Draw,0.105,0.133,0.762,0.147,0.146,0.00,999.00
182,Draw,0.104,0.132,0.764,0.148,0.142,0.00,999.00
183,Draw,0.104,0.131,0.765,0.151,0.155,0.00,999.00
184,Draw,0.103,0.130,0.766,0.150,0.153,0.00,999.00
185,Runner,0.108,0.130,0.762,0.181,0.467,0.00,3.00
186,Draw,0.108,0.129,0.763,0.146,0.153,0.52,999.00
187,Draw,0.107,0.128,0.765,0.142,0.164,0.00,999.00
188,Draw,0.106,0.128,0.766,0.144,0.152,0.00,999.00
189,Draw,0.106,0.127,0.767,0.145,0.160,0.00,999.00
190,Draw,0.105,0.126,0.768,0.151,0.145,0.00,999.00
191,Pursuer,0.105,0.131,0.764,0.152,0.120,0.00,144.00
192,Draw,0.104,0.130,0.766,0.144,0.155,0.00,999.00
193,Runner,0.109,0.130,0.762,0.341,0.093,0.00,3.00
194,Pursuer,0.108,0.134,0.758,0.140,0.152,0.00,815.00
195,Draw,0.108,0.133,0.759,0.148,0.153,0.00,999.00
196,Draw,0.107,0.133,0.760,0.157,0.146,0.00,999.00
197,Draw,0.107,0.132,0.761,0.132,0.150,0.00,999.00
198,Draw,0.106,0.131,0.763,0.143,0.160,0.00,999.00
199,Draw,0.106,0.131,0.764,0.148,0.155,0.00,999.00
200,Runner,0.110,0.130,0.760,0.158,0.140,0.00,129.00
201,Draw,0.109,0.129,0.761,0.148,0.142,11.64,999.00
202,Pursuer,0.109,0.134,0.757,0.000,0.000,0.00,0.00
203,Pursuer,0.108,0.138,0.754,0.149,0.142,0.00,673.00
204,Pursuer,0.108,0.142,0.750,0.163,0.147,0.00,447.00
205,Draw,0.107,0.141,0.751,0.145,0.159,7.18,999.00
206,Draw,0.107,0.141,0.752,0.155,0.147,1.64,999.00
207,Pursuer,0.106,0.145,0.749,0.146,0.156,0.00,848.00
208,Draw,0.106,0.144,0.750,0.152,0.149,0.00,999.00
209,Draw,0.105,0.144,0.751,0.136,0.157,14.68,999.00
210,Draw,0.105,0.143,0.752,0.152,0.152,11.56,999.00
211,Runner,0.109,0.142,0.749,0.218,0.078,0.00,17.00
212,Draw,0.108,0.142,0.750,0.154,0.146,7.64,999.00
213,Draw,0.108,0.141,0.751,0.146,0.156,1.06,999.00
214,Draw,0.107,0.140,0.752,0.149,0.150,14.26,999.00
215,Runner,0.112,0.140,0.749,0.159,0.149,12.78,654.00
216,Draw,0.111,0.139,0.750,0.153,0.148,3.44,999.00
217,Runner,0.115,0.138,0.747,0.000,0.000,0.00,1.00
218,Pursuer,0.115,0.142,0.743,0.120,0.161,0.00,492.00
219,Draw,0.114,0.142,0.744,0.146,0.154,8.60,999.00
220,Draw,0.114,0.141,0.745,0.153,0.144,0.00,999.00
221,Runner,0.118,0.140,0.742,0.145,0.129,0.00,198.00
222,Draw,0.117,0.140,0.743,0.153,0.153,7.82,999.00
223,Draw,0.117,0.139,0.744,0.137,0.153,2.38,999.00
224,Pursuer,0.116,0.143,0.741,0.153,0.155,0.00,588.00
225,Pursuer,0.116,0.147,0.738,0.138,0.129,0.00,296.00
226,Draw,0.115,0.146,0.739,0.148,0.156,0.00,999.00
227,Draw,0.115,0.145,0.740,0.140,0.157,0.00,999.00
228,Runner,0.118,0.145,0.737,0.090,0.135,0.00,15.00
229,Draw,0.118,0.144,0.738,0.153,0.144,19.56,999.00
230,Draw,0.117,0.143,0.739,0.157,0.160,0.00,999.00
231,Pursuer,0.117,0.147,0.736,0.145,0.148,0.00,780.00
232,Pursuer,0.116,0.151,0.733,0.139,0.146,0.00,675.00
233,Draw,0.116,0.150,0.734,0.157,0.148,0.00,999.00
234,Draw,0.115,0.150,0.735,0.150,0.141,0.00,999.00
235,Pursuer,0.115,0.153,0.732,0.140,0.138,0.00,439.00
236,Draw,0.114,0.153,0.733,0.141,0.140,13.46,999.00
237,Pursuer,0.114,0.156,0.730,0.000,0.000,0.00,0.00
238,Pursuer,0.113,0.160,0.727,0.155,0.153,0.00,641.00
239,Draw,0.113,0.159,0.728,0.153,0.145,0.00,999.00
240,Pursuer,0.113,0.163,0.725,0.132,0.134,0.00,110.00
241,Draw,0.112,0.162,0.726,0.154,0.144,0.00,999.00
242,Draw,0.112,0.161,0.727,0.140,0.154,19.06,999.00
243,Draw,0.111,0.160,0.728,0.148,0.153,0.00,999.00
244,Pursuer,0.111,0.164,0.725,0.158,0.168,0.00,280.00
245,Pursuer,0.110,0.167,0.722,0.161,0.159,0.00,413.00
246,Draw,0.110,0.167,0.724,0.150,0.139,0.92,999.00
247,Draw,0.109,0.166,0.725,0.146,0.148,0.00,999.00
248,Draw,0.109,0.165,0.726,0.151,0.154,11.36,999.00
249,Draw,0.108,0.165,0.727,0.146,0.146,0.00,999.00
250,Draw,0.108,0.164,0.728,0.146,0.166,0.00,999.00
251,Runner,0.112,0.163,0.725,0.000,0.000,0.00,0.00
252,Pursuer,0.111,0.167,0.722,0.000,0.000,0.00,0.00
253,Draw,0.111,0.166,0.723,0.146,0.144,0.00,999.00
254,Draw,0.110,0.165,0.724,0.142,0.148,14.58,999.00
255,Draw,0.110,0.165,0.725,0.157,0.153,7.12,999.00
256,Draw,0.109,0.164,0.727,0.159,0.161,11.02,999.00
257,Pursuer,0.109,0.167,0.724,0.131,0.142,0.00,126.00
258,Draw,0.109,0.167,0.725,0.162,0.153,19.98,999.00
259,Pursuer,0.108,0.170,0.722,0.147,0.245,0.00,8.00
260,Draw,0.108,0.169,0.723,0.141,0.144,0.00,999.00
261,Runner,0.111,0.169,0.720,0.160,0.154,2.02,892.00
262,Draw,0.111,0.168,0.721,0.151,0.143,0.00,999.00
263,Draw,0.110,0.167,0.722,0.151,0.152,0.00,999.00
264,Pursuer,0.110,0.170,0.720,0.000,0.000,0.00,0.00
265,Draw,0.109,0.170,0.721,0.153,0.146,7.38,999.00
266,Pursuer,0.109,0.173,0.718,0.054,0.126,0.00,5.00
267,Draw,0.109,0.172,0.719,0.156,0.154,13.08,999.00
268,Runner,0.112,0.172,0.716,0.151,0.160,0.00,772.00
269,Draw,0.112,0.171,0.717,0.151,0.164,7.40,999.00
270,Pursuer,0.111,0.174,0.715,0.134,0.153,0.00,216.00
271,Draw,0.111,0.173,0.716,0.151,0.143,0.00,999.00
272,Draw,0.110,0.173,0.717,0.153,0.154,0.00,999.00
273,Draw,0.110,0.172,0.718,0.146,0.163,14.20,999.00
274,Pursuer,0.109,0.175,0.715,0.000,0.000,0.00,0.00
275,Pursuer,0.109,0.178,0.713,0.147,0.144,0.00,812.00
276,Draw,0.109,0.178,0.714,0.152,0.154,0.00,999.00
277,Draw,0.108,0.177,0.715,0.144,0.151,11.08,999.00
278,Draw,0.108,0.176,0.716,0.154,0.142,0.00,999.00
279,Draw,0.108,0.176,0.717,0.153,0.158,9.78,999.00
280,Pursuer,0.107,0.179,0.714,0.141,0.166,0.00,723.00
281,Pursuer,0.107,0.181,0.712,0.148,0.158,0.00,686.00
282,Draw,0.106,0.181,0.713,0.154,0.148,0.00,999.00
283,Draw,0.106,0.180,0.714,0.160,0.156,5.28,999.00
284,Draw,0.106,0.180,0.715,0.142,0.146,0.00,999.00
285,Draw,0.105,0.179,0.716,0.147,0.137,0.00,999.00
286,Pursuer,0.105,0.182,0.713,0.153,0.142,0.00,841.00
287,Draw,0.105,0.181,0.714,0.146,0.144,0.00,999.00
288,Draw,0.104,0.181,0.715,0.143,0.154,0.00,999.00
289,Draw,0.104,0.180,0.716,0.153,0.153,6.86,999.00
290,Draw,0.103,0.179,0.717,0.148,0.151,5.94,999.00
291,Draw,0.103,0.179,0.718,0.145,0.156,0.00,999.00
292,Draw,0.103,0.178,0.719,0.137,0.162,0.00,999.00
293,Draw,0.102,0.177,0.720,0.153,0.152,6.80,999.00
294,Draw,0.102,0.177,0.721,0.156,0.159,9.28,999.00
295,Pursuer,0.102,0.180,0.719,0.141,0.153,0.00,155.00
296,Draw,0.101,0.179,0.720,0.147,0.150,6.04,999.00
297,Pursuer,0.101,0.182,0.717,0.165,0.159,0.00,359.00
298,Draw,0.101,0.181,0.718,0.154,0.137,0.00,999.00
299,Pursuer,0.100,0.184,0.716,0.169,0.157,0.00,890.00
300,Draw,0.100,0.183,0.717,0.144,0.141,13.08,999.00
301,Draw,0.100,0.183,0.718,0.148,0.141,0.00,999.00
302,Draw,0.099,0.182,0.719,0.146,0.150,11.32,999.00
303,Draw,0.099,0.182,0.719,0.145,0.151,2.60,999.00
304,Draw,0.099,0.181,0.720,0.147,0.155,0.00,999.00
305,Pursuer,0.098,0.184,0.718,0.136,0.145,0.00,795.00
306,Draw,0.098,0.183,0.719,0.143,0.155,0.00,999.00
307,Runner,0.101,0.182,0.717,0.145,0.153,12.80,640.00
308,Draw,0.101,0.182,0.718,0.150,0.155,0.00,999.00
309,Runner,0.104,0.181,0.715,0.125,0.157,1.74,623.00
310,Draw,0.103,0.181,0.716,0.148,0.166,5.94,999.00
311,Runner,0.106,0.180,0.714,0.000,0.000,0.00,0.00
312,Draw,0.106,0.179,0.715,0.160,0.150,8.50,999.00
313,Draw,0.105,0.179,0.716,0.164,0.157,2.26,999.00
314,Draw,0.105,0.178,0.717,0.129,0.159,2.10,999.00
315,Draw,0.105,0.178,0.717,0.139,0.157,4.64,999.00
316,Draw,0.104,0.177,0.718,0.146,0.151,0.00,999.00
317,Runner,0.107,0.177,0.716,0.156,0.144,8.42,421.00
318,Draw,0.107,0.176,0.717,0.139,0.148,8.98,999.00
319,Draw,0.107,0.176,0.718,0.153,0.164,7.60,999.00
320,Pursuer,0.106,0.178,0.716,0.163,0.152,0.00,815.00
321,Draw,0.106,0.178,0.717,0.135,0.166,4.08,999.00
322,Pursuer,0.106,0.180,0.714,0.146,0.145,0.00,216.00
323,Draw,0.105,0.180,0.715,0.152,0.157,0.70,999.00
324,Pursuer,0.105,0.182,0.713,0.149,0.142,0.00,320.00
325,Draw,0.105,0.182,0.714,0.155,0.155,10.34,999.00
326,Draw,0.104,0.181,0.715,0.150,0.148,5.68,999.00
327,Draw,0.104,0.180,0.716,0.141,0.142,0.04,999.00
328,Pursuer,0.104,0.183,0.713,0.152,0.190,0.00,76.00
329,Draw,0.103,0.182,0.714,0.145,0.150,0.40,999.00
330,Draw,0.103,0.182,0.715,0.151,0.150,5.34,999.00
331,Draw,0.103,0.181,0.716,0.153,0.152,19.52,999.00
332,Draw,0.102,0.181,0.717,0.151,0.152,19.74,999.00
333,Pursuer,0.102,0.183,0.715,0.155,0.151,0.00,431.00
334,Pursuer,0.102,0.186,0.713,0.153,0.154,0.00,323.00
335,Draw,0.101,0.185,0.713,0.157,0.161,0.00,999.00
336,Pursuer,0.101,0.188,0.711,0.155,0.141,0.00,322.00
337,Pursuer,0.101,0.190,0.709,0.149,0.137,0.00,366.00
338,Draw,0.101,0.189,0.710,0.146,0.159,5.18,999.00
339,Draw,0.100,0.189,0.711,0.138,0.153,4.04,999.00
340,Pursuer,0.100,0.191,0.709,0.162,0.142,0.00,556.00
341,Pursuer,0.100,0.194,0.707,0.138,0.155,0.00,492.00
342,Pursuer,0.099,0.196,0.705,0.149,0.161,0.00,946.00
343,Pursuer,0.099,0.198,0.703,0.148,0.155,0.00,750.00
344,Draw,0.099,0.198,0.703,0.151,0.151,0.00,999.00
345,Runner,0.101,0.197,0.701,0.154,0.139,0.32,855.00
346,Runner,0.104,0.197,0.699,0.125,0.144,0.00,64.00
347,Pursuer,0.104,0.199,0.697,0.147,0.169,0.00,135.00
348,Pursuer,0.103,0.201,0.695,0.028,0.089,0.00,7.00
349,Draw,0.103,0.201,0.696,0.151,0.167,12.16,999.00
350,Pursuer,0.103,0.203,0.694,0.140,0.172,0.00,193.00
351,Draw,0.103,0.202,0.695,0.141,0.145,0.00,999.00
352,Draw,0.102,0.202,0.696,0.144,0.150,0.00,999.00
353,Draw,0.102,0.201,0.697,0.148,0.154,11.96,999.00
354,Draw,0.102,0.201,0.698,0.151,0.144,6.76,999.00
355,Draw,0.101,0.200,0.699,0.152,0.150,1.70,999.00
356,Pursuer,0.101,0.202,0.697,0.171,0.229,0.00,4.00
357,Draw,0.101,0.202,0.697,0.154,0.135,0.00,999.00
358,Pursuer,0.101,0.204,0.696,0.000,0.000,0.00,0.00
359,Draw,0.100,0.203,0.696,0.136,0.135,0.00,999.00
360,Draw,0.100,0.203,0.697,0.153,0.150,3.28,999.00
361,Draw,0.100,0.202,0.698,0.145,0.137,9.56,999.00
362,Draw,0.099,0.202,0.699,0.139,0.138,0.00,999.00
363,Draw,0.099,0.201,0.700,0.146,0.155,7.14,999.00
364,Pursuer,0.099,0.203,0.698,0.000,0.000,0.00,0.00
365,Runner,0.101,0.203,0.696,0.170,0.155,0.00,682.00
366,Draw,0.101,0.202,0.697,0.153,0.143,9.28,999.00
367,Pursuer,0.101,0.204,0.695,0.156,0.184,0.00,301.00
368,Draw,0.101,0.204,0.696,0.137,0.154,1.76,999.00
369,Pursuer,0.100,0.206,0.694,0.175,0.171,0.00,413.00
370,Pursuer,0.100,0.208,0.692,0.178,0.170,0.00,4.00
371,Pursuer,0.100,0.210,0.690,0.122,0.135,0.00,109.00
372,Draw,0.099,0.210,0.691,0.162,0.152,9.80,999.00
373,Draw,0.099,0.209,0.692,0.152,0.153,0.00,999.00
374,Draw,0.099,0.209,0.693,0.147,0.154,0.00,999.00
375,Draw,0.099,0.208,0.693,0.150,0.150,0.00,999.00
376,Pursuer,0.098,0.210,0.691,0.144,0.148,0.00,365.00
377,Runner,0.101,0.210,0.690,0.147,0.149,0.00,561.00
378,Pursuer,0.101,0.212,0.688,0.000,0.000,0.00,1.00
379,Draw,0.100,0.211,0.689,0.150,0.147,0.00,999.00
380,Draw,0.100,0.211,0.689,0.146,0.142,0.00,999.00
381,Draw,0.100,0.210,0.690,0.142,0.143,0.00,999.00
382,Draw,0.099,0.209,0.691,0.139,0.155,1.56,999.00
383,Runner,0.102,0.209,0.689,0.145,0.150,9.32,949.00
384,Draw,0.102,0.208,0.690,0.142,0.154,7.22,999.00
385,Pursuer,0.101,0.210,0.688,0.145,0.142,0.00,344.00
386,Draw,0.101,0.210,0.689,0.147,0.158,0.00,999.00
387,Draw,0.101,0.209,0.690,0.176,0.137,7.06,999.00
388,Pursuer,0.101,0.211,0.688,0.129,0.167,0.00,94.00
389,Pursuer,0.100,0.213,0.686,0.152,0.155,0.00,321.00
390,Runner,0.103,0.213,0.685,0.160,0.134,0.00,130.00
391,Runner,0.105,0.212,0.683,0.118,0.084,0.00,10.00
392,Draw,0.105,0.212,0.684,0.145,0.151,17.50,999.00
393,Runner,0.107,0.211,0.682,0.162,0.140,0.00,332.00
394,Pursuer,0.107,0.213,0.680,0.163,0.153,0.00,160.00
395,Draw,0.106,0.213,0.681,0.142,0.150,14.74,999.00
396,Runner,0.109,0.212,0.679,0.138,0.152,0.00,302.00
397,Draw,0.108,0.212,0.680,0.137,0.148,6.12,999.00
398,Draw,0.108,0.211,0.681,0.152,0.156,1.16,999.00
399,Pursuer,0.108,0.213,0.679,0.148,0.143,0.00,472.00
400,Runner,0.110,0.213,0.678,0.145,0.160,4.36,594.00
401,Draw,0.110,0.212,0.678,0.141,0.139,16.08,999.00
402,Draw,0.109,0.211,0.679,0.148,0.156,0.16,999.00
403,Pursuer,0.109,0.213,0.677,0.157,0.148,0.00,89.00
404,Draw,0.109,0.213,0.678,0.146,0.150,2.18,999.00
405,Draw,0.109,0.212,0.679,0.153,0.160,2.06,999.00
406,Draw,0.108,0.212,0.680,0.162,0.155,7.10,999.00
407,Pursuer,0.108,0.214,0.678,0.148,0.173,0.00,369.00
408,Draw,0.108,0.213,0.679,0.145,0.160,0.96,999.00
409,Draw,0.108,0.213,0.680,0.147,0.148,0.00,999.00
410,Pursuer,0.107,0.215,0.678,0.149,0.169,0.00,229.00
411,Pursuer,0.107,0.217,0.676,0.141,0.145,0.00,472.00
412,Pursuer,0.107,0.218,0.675,0.125,0.136,0.00,126.00
413,Pursuer,0.107,0.220,0.673,0.168,0.153,0.00,607.00
414,Draw,0.106,0.220,0.674,0.139,0.148,0.00,999.00
415,Draw,0.106,0.219,0.675,0.138,0.148,5.56,999.00
416,Draw,0.106,0.219,0.675,0.153,0.148,1.44,999.00
417,Pursuer,0.106,0.221,0.674,0.128,0.131,0.00,199.00
418,Draw,0.105,0.220,0.675,0.140,0.159,19.58,999.00
419,Runner,0.107,0.220,0.673,0.136,0.155,0.00,700.00
420,Draw,0.107,0.219,0.674,0.160,0.143,7.54,999.00
421,Draw,0.107,0.219,0.675,0.144,0.141,9.24,999.00
422,Pursuer,0.107,0.220,0.673,0.160,0.161,0.00,447.00
423,Draw,0.106,0.220,0.674,0.139,0.143,9.66,999.00
424,Draw,0.106,0.219,0.675,0.146,0.154,0.00,999.00
425,Draw,0.106,0.219,0.675,0.150,0.153,0.00,999.00
426,Pursuer,0.106,0.221,0.674,0.156,0.163,0.00,127.00
427,Runner,0.108,0.220,0.672,0.154,0.158,0.00,734.00
428,Draw,0.107,0.220,0.673,0.143,0.143,3.14,999.00
429,Runner,0.110,0.219,0.671,0.164,0.146,0.00,542.00
430,Runner,0.112,0.219,0.670,0.156,0.152,0.00,869.00
431,Runner,0.114,0.218,0.668,0.158,0.142,3.88,831.00
432,Draw,0.113,0.218,0.669,0.146,0.143,0.60,999.00
433,Draw,0.113,0.217,0.670,0.155,0.139,9.38,999.00
434,Draw,0.113,0.217,0.671,0.151,0.153,2.32,999.00
435,Draw,0.113,0.216,0.671,0.154,0.152,4.22,999.00
436,Runner,0.115,0.216,0.670,0.000,0.000,0.00,0.00
437,Draw,0.114,0.215,0.670,0.159,0.149,19.98,999.00
438,Pursuer,0.114,0.217,0.669,0.154,0.152,0.00,867.00
439,Draw,0.114,0.216,0.670,0.149,0.162,10.50,999.00
440,Pursuer,0.114,0.218,0.668,0.161,0.148,0.00,681.00
441,Pursuer,0.113,0.220,0.667,0.090,0.131,0.00,13.00
442,Pursuer,0.113,0.222,0.665,0.163,0.136,0.00,592.00
443,Draw,0.113,0.221,0.666,0.153,0.153,0.00,999.00
444,Draw,0.113,0.221,0.667,0.156,0.155,9.56,999.00
445,Runner,0.115,0.220,0.665,0.127,0.171,4.28,214.00
446,Draw,0.114,0.220,0.666,0.158,0.149,5.86,999.00
447,Runner,0.116,0.219,0.664,0.145,0.155,0.00,321.00
448,Draw,0.116,0.219,0.665,0.147,0.141,0.00,999.00
449,Runner,0.118,0.218,0.664,0.152,0.142,3.98,961.00
450,Draw,0.118,0.218,0.664,0.152,0.148,3.74,999.00
451,Pursuer,0.118,0.220,0.663,0.000,0.000,0.00,0.00
452,Draw,0.117,0.219,0.664,0.136,0.154,0.00,999.00
453,Draw,0.117,0.219,0.664,0.137,0.139,0.00,999.00
454,Runner,0.119,0.218,0.663,0.151,0.149,0.00,405.00
455,Runner,0.121,0.218,0.662,0.120,0.038,0.00,8.00
456,Draw,0.121,0.217,0.662,0.130,0.156,0.00,999.00
457,Draw,0.120,0.217,0.663,0.150,0.147,5.16,999.00
458,Pursuer,0.120,0.218,0.662,0.164,0.161,0.00,600.00
459,Pursuer,0.120,0.220,0.660,0.146,0.141,0.00,473.00
460,Pursuer,0.120,0.222,0.659,0.167,0.153,0.00,933.00
461,Draw,0.119,0.221,0.659,0.146,0.151,1.36,999.00
462,Runner,0.121,0.221,0.658,0.160,0.147,0.00,493.00
463,Draw,0.121,0.220,0.659,0.150,0.141,8.78,999.00
464,Draw,0.121,0.220,0.659,0.148,0.144,0.00,999.00
465,Pursuer,0.120,0.222,0.658,0.143,0.145,0.00,323.00
466,Pursuer,0.120,0.223,0.657,0.146,0.164,0.00,557.00
467,Draw,0.120,0.223,0.657,0.140,0.164,15.42,999.00
468,Draw,0.120,0.222,0.658,0.143,0.137,14.12,999.00
469,Pursuer,0.119,0.224,0.657,0.150,0.153,0.00,189.00
470,Pursuer,0.119,0.226,0.655,0.166,0.148,0.00,42.00
471,Draw,0.119,0.225,0.656,0.150,0.143,12.00,999.00
472,Draw,0.119,0.225,0.657,0.158,0.139,6.06,999.00
473,Pursuer,0.118,0.226,0.655,0.142,0.152,0.00,652.00
474,Runner,0.120,0.226,0.654,0.141,0.156,9.14,861.00
475,Pursuer,0.120,0.227,0.653,0.155,0.141,0.00,678.00
476,Draw,0.120,0.227,0.653,0.153,0.149,4.04,999.00
477,Pursuer,0.119,0.229,0.652,0.183,0.144,0.00,311.00
478,Pursuer,0.119,0.230,0.651,0.146,0.153,0.00,815.00
479,Pursuer,0.119,0.232,0.649,0.156,0.159,0.00,452.00
480,Draw,0.119,0.231,0.650,0.146,0.154,0.24,999.00
481,Pursuer,0.119,0.233,0.649,0.145,0.154,0.00,384.00
482,Draw,0.118,0.232,0.649,0.140,0.140,0.00,999.00
483,Draw,0.118,0.232,0.650,0.144,0.145,5.90,999.00
484,Pursuer,0.118,0.233,0.649,0.137,0.164,0.00,518.00
485,Pursuer,0.118,0.235,0.647,0.146,0.149,0.00,723.00
486,Pursuer,0.117,0.237,0.646,0.163,0.152,0.00,888.00
487,Draw,0.117,0.236,0.647,0.153,0.156,9.90,999.00
488,Draw,0.117,0.236,0.648,0.157,0.153,17.04,999.00
489,Pursuer,0.117,0.237,0.646,0.157,0.142,0.00,535.00
490,Pursuer,0.116,0.239,0.645,0.149,0.155,0.00,315.00
491,Draw,0.116,0.238,0.646,0.153,0.146,10.10,999.00
492,Pursuer,0.116,0.240,0.644,0.139,0.155,0.00,957.00
493,Runner,0.118,0.239,0.643,0.131,0.155,0.00,273.00
494,Pursuer,0.117,0.241,0.642,0.157,0.164,0.00,488.00
495,Draw,0.117,0.240,0.642,0.146,0.144,8.10,999.00
496,Draw,0.117,0.240,0.643,0.149,0.147,19.96,999.00
497,Runner,0.119,0.239,0.642,0.000,0.000,0.00,0.00
498,Pursuer,0.118,0.241,0.641,0.131,0.128,0.00,229.00
499,Draw,0.118,0.240,0.641,0.143,0.155,5.62,999.00
500,Draw,0.118,0.240,0.642,0.169,0.154,14.10,999.00
501,Pursuer,0.118,0.242,0.641,0.000,0.000,0.00,3.00
502,Pursuer,0.118,0.243,0.639,0.149,0.156,0.00,959.00
503,Pursuer,0.117,0.245,0.638,0.154,0.154,0.00,695.00
504,Draw,0.117,0.244,0.639,0.137,0.143,18.34,999.00
505,Pursuer,0.117,0.246,0.638,0.000,0.000,0.00,0.00
506,Pursuer,0.117,0.247,0.636,0.149,0.149,0.00,904.00
507,Pursuer,0.116,0.249,0.635,0.142,0.171,0.00,30.00
508,Pursuer,0.116,0.250,0.634,0.078,0.203,0.00,2.00
509,Pursuer,0.116,0.251,0.633,0.143,0.152,0.00,705.00
510,Draw,0.116,0.251,0.633,0.152,0.162,2.10,999.00
511,Draw,0.115,0.250,0.634,0.158,0.149,0.00,999.00
512,Draw,0.115,0.250,0.635,0.149,0.147,6.40,999.00
513,Pursuer,0.115,0.251,0.634,0.114,0.163,0.00,233.00
514,Pursuer,0.115,0.253,0.632,0.175,0.150,0.00,292.00
515,Pursuer,0.115,0.254,0.631,0.155,0.141,0.00,150.00
516,Runner,0.116,0.254,0.630,0.139,0.148,0.00,244.00
517,Draw,0.116,0.253,0.631,0.148,0.134,0.00,999.00
518,Pursuer,0.116,0.255,0.629,0.154,0.136,0.00,216.00
519,Pursuer,0.116,0.256,0.628,0.146,0.139,0.00,682.00
520,Draw,0.115,0.256,0.629,0.153,0.141,3.20,999.00
521,Runner,0.117,0.255,0.628,0.000,0.000,0.00,0.00
522,Pursuer,0.117,0.257,0.626,0.164,0.176,0.00,151.00
523,Pursuer,0.117,0.258,0.625,0.148,0.145,0.00,970.00
524,Pursuer,0.116,0.260,0.624,0.147,0.117,0.00,71.00
525,Runner,0.118,0.259,0.623,0.151,0.149,3.32,228.00
526,Draw,0.118,0.259,0.624,0.145,0.141,0.00,999.00
527,Runner,0.120,0.258,0.622,0.000,0.000,0.00,0.00
528,Pursuer,0.119,0.259,0.621,0.153,0.162,0.00,343.00
529,Pursuer,0.119,0.261,0.620,0.000,0.000,0.00,2.00
530,Draw,0.119,0.260,0.621,0.156,0.157,18.84,999.00
531,Draw,0.119,0.260,0.621,0.153,0.152,5.36,999.00
532,Draw,0.118,0.259,0.622,0.149,0.144,3.50,999.00
533,Pursuer,0.118,0.261,0.621,0.161,0.151,0.00,442.00
534,Draw,0.118,0.260,0.622,0.141,0.148,10.12,999.00
535,Pursuer,0.118,0.262,0.621,0.148,0.160,0.00,594.00
536,Pursuer,0.118,0.263,0.619,0.160,0.129,0.00,402.00
537,Runner,0.119,0.263,0.618,0.154,0.145,4.64,664.00
538,Draw,0.119,0.262,0.619,0.149,0.152,9.26,999.00
539,Pursuer,0.119,0.263,0.618,0.161,0.148,0.00,178.00
540,Pursuer,0.119,0.265,0.617,0.150,0.148,0.00,244.00
541,Draw,0.118,0.264,0.617,0.138,0.149,2.66,999.00
542,Pursuer,0.118,0.266,0.616,0.269,0.113,0.00,8.00
543,Draw,0.118,0.265,0.617,0.154,0.159,10.60,999.00
544,Pursuer,0.118,0.267,0.616,0.164,0.138,0.00,342.00
545,Draw,0.117,0.266,0.617,0.166,0.146,4.60,999.00
546,Draw,0.117,0.266,0.617,0.153,0.143,14.44,999.00
547,Draw,0.117,0.265,0.618,0.150,0.138,12.56,999.00
548,Pursuer,0.117,0.266,0.617,0.156,0.158,0.00,569.00
549,Runner,0.118,0.266,0.616,0.160,0.151,4.64,981.00
550,Pursuer,0.118,0.267,0.615,0.142,0.153,0.00,645.00
551,Draw,0.118,0.267,0.615,0.150,0.147,0.00,999.00
552,Pursuer,0.118,0.268,0.614,0.108,0.048,0.00,9.00
553,Pursuer,0.118,0.269,0.613,0.160,0.131,0.00,275.00
554,Runner,0.119,0.269,0.612,0.081,0.184,0.00,26.00
555,Pursuer,0.119,0.270,0.611,0.126,0.143,0.00,286.00
556,Draw,0.119,0.270,0.612,0.161,0.163,1.90,999.00
557,Draw,0.118,0.269,0.612,0.157,0.147,8.00,999.00
558,Pursuer,0.118,0.271,0.611,0.000,0.000,0.00,0.00
559,Pursuer,0.118,0.272,0.610,0.158,0.143,0.00,112.00
560,Runner,0.120,0.271,0.609,0.156,0.142,0.00,525.00
561,Draw,0.119,0.271,0.610,0.150,0.150,19.92,999.00
562,Runner,0.121,0.270,0.609,0.133,0.149,0.00,291.00
563,Runner,0.123,0.270,0.607,0.144,0.143,4.78,611.00
564,Draw,0.122,0.270,0.608,0.149,0.156,4.44,999.00
565,Runner,0.124,0.269,0.607,0.160,0.146,13.58,892.00
566,Pursuer,0.124,0.270,0.606,0.150,0.147,0.00,745.00
567,Draw,0.123,0.270,0.607,0.151,0.167,1.44,999.00
568,Pursuer,0.123,0.271,0.606,0.000,0.000,0.00,0.00
569,Draw,0.123,0.271,0.606,0.153,0.156,1.26,999.00
570,Runner,0.125,0.270,0.605,0.157,0.189,0.00,242.00
571,Draw,0.124,0.270,0.606,0.153,0.148,6.04,999.00
572,Pursuer,0.124,0.271,0.605,0.275,0.125,0.00,3.00
573,Pursuer,0.124,0.272,0.604,0.108,0.162,0.00,38.00
574,Draw,0.124,0.272,0.605,0.152,0.159,7.10,999.00
575,Draw,0.123,0.271,0.605,0.144,0.144,0.00,999.00
576,Pursuer,0.123,0.273,0.604,0.144,0.170,0.00,530.00
577,Runner,0.125,0.272,0.603,0.144,0.153,0.00,380.00
578,Runner,0.126,0.272,0.602,0.150,0.156,3.68,391.00
579,Pursuer,0.126,0.273,0.601,0.151,0.139,0.00,142.00
580,Runner,0.128,0.272,0.600,0.146,0.148,0.00,213.00
581,Runner,0.129,0.272,0.599,0.161,0.144,0.68,81.00
582,Runner,0.131,0.271,0.598,0.148,0.153,0.04,401.00
583,Draw,0.130,0.271,0.599,0.144,0.136,19.76,999.00
584,Runner,0.132,0.271,0.598,0.000,0.000,0.00,0.00
585,Draw,0.132,0.270,0.598,0.145,0.166,14.18,999.00
586,Pursuer,0.131,0.271,0.597,0.000,0.000,0.00,1.00
587,Draw,0.131,0.271,0.598,0.165,0.144,9.64,999.00
588,Draw,0.131,0.270,0.599,0.145,0.155,19.98,999.00
589,Runner,0.132,0.270,0.598,0.149,0.147,7.10,610.00
590,Pursuer,0.132,0.271,0.597,0.155,0.150,0.00,356.00
591,Pursuer,0.132,0.272,0.596,0.164,0.131,0.00,214.00
592,Draw,0.132,0.272,0.596,0.163,0.147,11.82,999.00
593,Pursuer,0.132,0.273,0.595,0.150,0.146,0.00,673.00
594,Draw,0.131,0.273,0.596,0.159,0.157,0.00,999.00
595,Draw,0.131,0.272,0.597,0.151,0.152,0.00,999.00
596,Draw,0.131,0.272,0.597,0.163,0.149,16.70,999.00
597,Pursuer,0.131,0.273,0.596,0.150,0.166,0.00,931.00
598,Draw,0.130,0.273,0.597,0.146,0.145,14.88,999.00
599,Runner,0.132,0.272,0.596,0.000,0.000,0.00,0.00
600,Runner,0.133,0.272,0.595,0.135,0.148,11.58,945.00
601,Pursuer,0.133,0.273,0.594,0.384,0.138,0.00,2.00
602,Draw,0.133,0.272,0.595,0.142,0.154,14.06,999.00
603,Pursuer,0.133,0.274,0.594,0.158,0.154,0.00,241.00
604,Runner,0.134,0.273,0.593,0.122,0.135,0.00,181.00
605,Draw,0.134,0.273,0.593,0.145,0.148,0.00,999.00
606,Runner,0.135,0.272,0.592,0.101,0.177,0.00,59.00
607,Draw,0.135,0.272,0.593,0.145,0.149,0.00,999.00
608,Draw,0.135,0.271,0.594,0.160,0.149,0.48,999.00
609,Draw,0.135,0.271,0.594,0.156,0.142,6.26,999.00
610,Draw,0.134,0.270,0.595,0.150,0.148,0.00,999.00
611,Runner,0.136,0.270,0.594,0.134,0.156,6.08,727.00
612,Pursuer,0.136,0.271,0.593,0.156,0.119,0.00,78.00
613,Draw,0.135,0.271,0.594,0.156,0.160,0.00,999.00
614,Pursuer,0.135,0.272,0.593,0.182,0.150,0.00,226.00
615,Pursuer,0.135,0.273,0.592,0.110,0.095,0.00,17.00
616,Pursuer,0.135,0.274,0.591,0.154,0.139,0.00,365.00
617,Draw,0.135,0.274,0.592,0.149,0.149,0.00,999.00
618,Runner,0.136,0.273,0.591,0.154,0.159,12.52,881.00
619,Pursuer,0.136,0.275,0.590,0.163,0.135,0.00,463.00
620,Runner,0.137,0.274,0.589,0.149,0.141,5.40,600.00
621,Runner,0.138,0.274,0.588,0.149,0.157,4.44,855.00
622,Pursuer,0.138,0.275,0.587,0.150,0.137,0.00,347.00
623,Pursuer,0.138,0.276,0.586,0.158,0.147,0.00,840.00
624,Draw,0.138,0.276,0.587,0.148,0.160,14.48,999.00
625,Pursuer,0.138,0.277,0.586,0.144,0.150,0.00,645.00
626,Draw,0.137,0.276,0.586,0.126,0.150,18.96,999.00
627,Runner,0.139,0.276,0.585,0.162,0.138,17.46,915.00
628,Pursuer,0.139,0.277,0.584,0.147,0.140,0.00,464.00
629,Pursuer,0.138,0.278,0.583,0.149,0.145,0.00,446.00
630,Pursuer,0.138,0.279,0.583,0.153,0.156,0.00,500.00
631,Pursuer,0.138,0.281,0.582,0.146,0.139,0.00,489.00
632,Draw,0.138,0.280,0.582,0.146,0.161,12.32,999.00
633,Runner,0.139,0.280,0.581,0.146,0.132,0.00,576.00
634,Draw,0.139,0.279,0.582,0.147,0.156,13.42,999.00
635,Pursuer,0.139,0.280,0.581,0.141,0.139,0.00,549.00
636,Pursuer,0.138,0.281,0.580,0.150,0.152,0.00,404.00
637,Pursuer,0.138,0.283,0.579,0.127,0.174,0.00,413.00
638,Draw,0.138,0.282,0.580,0.141,0.164,0.00,999.00
639,Pursuer,0.138,0.283,0.579,0.175,0.154,0.00,16.00
640,Runner,0.139,0.283,0.578,0.151,0.119,0.00,70.00
641,Runner,0.140,0.282,0.577,0.148,0.150,6.98,816.00
642,Draw,0.140,0.282,0.578,0.152,0.143,14.88,999.00
643,Pursuer,0.140,0.283,0.577,0.162,0.164,0.00,496.00
644,Draw,0.140,0.283,0.578,0.141,0.152,0.00,999.00
645,Runner,0.141,0.282,0.577,0.156,0.143,0.00,887.00
646,Pursuer,0.141,0.283,0.576,0.080,0.102,0.00,4.00
647,Draw,0.141,0.283,0.577,0.145,0.151,6.22,999.00
648,Draw,0.140,0.282,0.577,0.141,0.164,14.80,999.00
649,Pursuer,0.140,0.284,0.576,0.160,0.160,0.00,842.00
650,Draw,0.140,0.283,0.577,0.151,0.149,12.36,999.00
651,Pursuer,0.140,0.284,0.576,0.138,0.128,0.00,913.00
652,Pursuer,0.140,0.285,0.575,0.154,0.144,0.00,764.00
653,Draw,0.139,0.285,0.576,0.147,0.150,4.02,999.00
654,Pursuer,0.139,0.286,0.575,0.000,0.000,0.00,0.00
655,Draw,0.139,0.285,0.576,0.154,0.149,0.00,999.00
656,Pursuer,0.139,0.287,0.575,0.145,0.138,0.00,582.00
657,Runner,0.140,0.286,0.574,0.133,0.142,3.52,299.00
658,Pursuer,0.140,0.287,0.573,0.331,0.662,0.00,1.00
659,Pursuer,0.140,0.288,0.572,0.171,0.141,0.00,194.00
660,Pursuer,0.139,0.289,0.571,0.154,0.150,0.00,641.00
661,Pursuer,0.139,0.290,0.570,0.137,0.147,0.00,471.00
662,Draw,0.139,0.290,0.571,0.149,0.137,19.26,999.00
663,Draw,0.139,0.290,0.572,0.150,0.149,3.08,999.00
664,Draw,0.139,0.289,0.572,0.147,0.162,0.00,999.00
665,Draw,0.138,0.289,0.573,0.146,0.151,0.00,999.00
666,Pursuer,0.138,0.290,0.572,0.160,0.151,0.00,738.00
667,Runner,0.139,0.289,0.571,0.135,0.166,0.00,521.00
668,Runner,0.141,0.289,0.570,0.144,0.143,4.86,383.00
669,Runner,0.142,0.288,0.570,0.159,0.148,0.00,211.00
670,Draw,0.142,0.288,0.570,0.138,0.153,6.48,999.00
671,Pursuer,0.142,0.289,0.569,0.081,0.130,0.00,37.00
672,Pursuer,0.141,0.290,0.568,0.126,0.172,0.00,87.00
673,Draw,0.141,0.290,0.569,0.136,0.144,7.52,999.00
674,Pursuer,0.141,0.291,0.568,0.151,0.150,0.00,741.00
675,Pursuer,0.141,0.292,0.567,0.137,0.151,0.00,868.00
676,Pursuer,0.141,0.293,0.567,0.151,0.133,0.00,805.00
677,Pursuer,0.140,0.294,0.566,0.254,0.286,0.00,8.00
678,Pursuer,0.140,0.295,0.565,0.075,0.096,0.00,16.00
679,Runner,0.141,0.295,0.564,0.152,0.149,2.46,471.00
680,Runner,0.143,0.294,0.563,0.154,0.158,1.32,562.00
681,Runner,0.144,0.294,0.562,0.149,0.147,0.00,644.00
682,Pursuer,0.144,0.295,0.562,0.125,0.305,0.00,17.00
683,Runner,0.145,0.294,0.561,0.135,0.159,5.48,425.00
684,Pursuer,0.145,0.295,0.560,0.147,0.164,0.00,501.00
685,Runner,0.146,0.295,0.559,0.138,0.144,0.00,586.00
686,Draw,0.146,0.294,0.560,0.161,0.141,16.54,999.00
687,Draw,0.146,0.294,0.560,0.152,0.163,4.92,999.00
688,Runner,0.147,0.294,0.560,0.166,0.155,0.00,145.00
689,Draw,0.147,0.293,0.560,0.146,0.158,0.00,999.00
690,Draw,0.146,0.293,0.561,0.155,0.154,4.36,999.00
691,Pursuer,0.146,0.294,0.560,0.133,0.163,0.00,108.00
692,Pursuer,0.146,0.295,0.559,0.166,0.151,0.00,768.00
693,Runner,0.147,0.294,0.558,0.148,0.157,0.00,261.00
694,Draw,0.147,0.294,0.559,0.160,0.156,0.00,999.00
695,Pursuer,0.147,0.295,0.558,0.133,0.125,0.00,131.00
696,Draw,0.147,0.295,0.559,0.154,0.152,8.32,999.00
697,Runner,0.148,0.294,0.558,0.164,0.150,0.00,332.00
698,Pursuer,0.148,0.295,0.557,0.141,0.158,0.00,942.00
699,Pursuer,0.147,0.296,0.557,0.092,0.102,0.00,10.00
700,Pursuer,0.147,0.297,0.556,0.153,0.146,0.00,499.00
701,Pursuer,0.147,0.298,0.555,0.161,0.175,0.00,276.00
702,Draw,0.147,0.298,0.556,0.153,0.135,10.16,999.00
703,Pursuer,0.147,0.299,0.555,0.146,0.148,0.00,881.00
704,Draw,0.146,0.298,0.555,0.147,0.146,8.88,999.00
705,Pursuer,0.146,0.299,0.555,0.155,0.148,0.00,980.00
706,Draw,0.146,0.299,0.555,0.142,0.143,6.16,999.00
707,Draw,0.146,0.298,0.556,0.149,0.149,0.00,999.00
708,Draw,0.145,0.298,0.556,0.164,0.149,16.16,999.00
709,Pursuer,0.145,0.299,0.556,0.159,0.147,0.00,795.00
710,Pursuer,0.145,0.300,0.555,0.173,0.148,0.00,608.00
711,Runner,0.146,0.300,0.554,0.158,0.159,0.00,665.00
712,Runner,0.147,0.299,0.553,0.140,0.130,7.84,392.00
713,Pursuer,0.147,0.300,0.553,0.139,0.156,0.00,695.00
714,Pursuer,0.147,0.301,0.552,0.162,0.158,0.00,820.00
715,Draw,0.147,0.301,0.552,0.151,0.146,8.34,999.00
716,Pursuer,0.147,0.302,0.552,0.145,0.141,0.00,430.00
717,Runner,0.148,0.301,0.551,0.160,0.155,0.00,900.00
718,Pursuer,0.148,0.302,0.550,0.132,0.155,0.00,315.00
719,Pursuer,0.147,0.303,0.549,0.142,0.138,0.00,197.00
720,Pursuer,0.147,0.304,0.549,0.151,0.165,0.00,335.00
721,Draw,0.147,0.304,0.549,0.151,0.141,0.00,999.00
722,Draw,0.147,0.303,0.550,0.155,0.160,12.60,999.00
723,Pursuer,0.147,0.304,0.549,0.152,0.152,0.00,950.00
724,Draw,0.146,0.304,0.550,0.146,0.159,14.32,999.00
725,Draw,0.146,0.303,0.550,0.146,0.145,8.54,999.00
726,Pursuer,0.146,0.304,0.550,0.132,0.155,0.00,643.00
727,Pursuer,0.146,0.305,0.549,0.137,0.136,0.00,411.00
728,Pursuer,0.146,0.306,0.548,0.149,0.164,0.00,237.00
729,Draw,0.145,0.306,0.549,0.156,0.148,19.98,999.00
730,Runner,0.147,0.305,0.548,0.112,0.146,0.00,30.00
731,Draw,0.146,0.305,0.549,0.150,0.151,12.92,999.00
732,Pursuer,0.146,0.306,0.548,0.155,0.150,0.00,518.00
733,Draw,0.146,0.306,0.548,0.154,0.159,5.36,999.00
734,Pursuer,0.146,0.307,0.548,0.149,0.164,0.00,458.00
735,Draw,0.146,0.306,0.548,0.146,0.157,6.36,999.00
736,Runner,0.147,0.306,0.548,0.144,0.148,3.84,672.00
737,Draw,0.147,0.305,0.548,0.144,0.154,3.00,999.00
738,Pursuer,0.146,0.306,0.547,0.131,0.164,0.00,932.00
739,Runner,0.147,0.306,0.547,0.131,0.161,0.00,85.00
740,Pursuer,0.147,0.307,0.546,0.156,0.131,0.00,108.00
741,Pursuer,0.147,0.308,0.545,0.093,0.105,0.00,10.00
742,Runner,0.148,0.307,0.544,0.151,0.154,3.70,403.00
743,Runner,0.149,0.307,0.544,0.146,0.149,7.24,596.00
744,Pursuer,0.149,0.308,0.543,0.157,0.155,0.00,421.00
745,Pursuer,0.149,0.309,0.542,0.152,0.141,0.00,279.00
746,Pursuer,0.149,0.310,0.542,0.151,0.156,0.00,813.00
747,Pursuer,0.149,0.311,0.541,0.144,0.160,0.00,491.00
748,Draw,0.148,0.310,0.541,0.152,0.148,16.42,999.00
749,Draw,0.148,0.310,0.542,0.143,0.150,10.46,999.00
750,Runner,0.149,0.309,0.541,0.149,0.139,1.38,506.00
751,Draw,0.149,0.309,0.542,0.146,0.148,5.42,999.00
752,Pursuer,0.149,0.310,0.541,0.154,0.154,0.00,360.00
753,Runner,0.150,0.309,0.541,0.157,0.137,3.36,632.00
754,Pursuer,0.150,0.310,0.540,0.000,0.000,0.00,1.00
755,Pursuer,0.150,0.311,0.539,0.148,0.153,0.00,942.00
756,Pursuer,0.149,0.312,0.538,0.128,0.158,0.00,735.00
757,Draw,0.149,0.312,0.539,0.162,0.159,12.06,999.00
758,Pursuer,0.149,0.313,0.538,0.000,0.000,0.00,0.00
759,Pursuer,0.149,0.314,0.538,0.144,0.139,0.00,452.00
760,Draw,0.149,0.313,0.538,0.150,0.150,6.62,999.00
761,Runner,0.150,0.313,0.537,0.152,0.148,0.06,617.00
762,Runner,0.151,0.312,0.537,0.165,0.144,3.78,587.00
763,Draw,0.151,0.312,0.537,0.146,0.149,2.92,999.00
764,Draw,0.151,0.312,0.538,0.146,0.146,3.94,999.00
765,Pursuer,0.150,0.312,0.537,0.166,0.106,0.00,4.00
766,Draw,0.150,0.312,0.538,0.146,0.150,0.00,999.00
767,Draw,0.150,0.312,0.538,0.153,0.155,16.18,999.00
768,Pursuer,0.150,0.313,0.538,0.141,0.144,0.00,856.00
769,Runner,0.151,0.312,0.537,0.146,0.164,9.84,492.00
770,Pursuer,0.151,0.313,0.536,1.115,0.170,0.00,1.00
771,Runner,0.152,0.313,0.536,0.139,0.172,5.94,605.00
772,Runner,0.153,0.312,0.535,0.155,0.151,13.62,815.00
773,Pursuer,0.153,0.313,0.534,0.144,0.135,0.00,239.00
774,Runner,0.154,0.313,0.534,0.147,0.160,10.54,662.00
775,Draw,0.154,0.312,0.534,0.165,0.166,0.00,999.00
776,Pursuer,0.153,0.313,0.534,0.077,0.295,0.00,7.00
777,Pursuer,0.153,0.314,0.533,0.156,0.141,0.00,776.00
778,Pursuer,0.153,0.315,0.532,0.148,0.144,0.00,220.00
779,Runner,0.154,0.315,0.531,0.155,0.161,0.12,668.00
780,Draw,0.154,0.314,0.532,0.144,0.151,13.98,999.00
781,Runner,0.155,0.314,0.531,0.147,0.137,3.04,530.00
782,Draw,0.155,0.313,0.532,0.149,0.154,13.46,999.00
783,Draw,0.155,0.313,0.533,0.151,0.162,0.36,999.00
784,Runner,0.156,0.313,0.532,0.148,0.148,19.54,977.00
785,Pursuer,0.155,0.313,0.531,0.157,0.152,0.00,993.00
786,Runner,0.156,0.313,0.531,0.607,0.176,0.02,1.00
787,Draw,0.156,0.313,0.531,0.159,0.155,4.00,999.00
788,Pursuer,0.156,0.313,0.530,0.141,0.158,0.00,422.00
789,Draw,0.156,0.313,0.531,0.153,0.149,4.24,999.00
790,Pursuer,0.156,0.314,0.530,0.217,0.085,0.00,8.00
791,Pursuer,0.155,0.315,0.530,0.143,0.145,0.00,657.00
792,Draw,0.155,0.314,0.530,0.152,0.156,0.00,999.00
793,Pursuer,0.155,0.315,0.530,0.155,0.139,0.00,378.00
794,Draw,0.155,0.315,0.530,0.144,0.154,11.74,999.00
795,Runner,0.156,0.314,0.530,0.151,0.163,0.00,184.00
796,Pursuer,0.156,0.315,0.529,0.151,0.169,0.00,885.00
797,Pursuer,0.156,0.316,0.528,0.163,0.142,0.00,649.00
798,Draw,0.155,0.316,0.529,0.152,0.158,13.32,999.00
799,Runner,0.156,0.315,0.528,0.131,0.177,1.60,450.00
800,Pursuer,0.156,0.316,0.528,0.149,0.137,0.00,942.00
801,Pursuer,0.156,0.317,0.527,0.151,0.157,0.00,548.00
802,Pursuer,0.156,0.318,0.526,0.139,0.133,0.00,93.00
803,Pursuer,0.156,0.319,0.526,0.168,0.149,0.00,409.00
804,Pursuer,0.155,0.320,0.525,0.152,0.158,0.00,656.00
805,Pursuer,0.155,0.320,0.524,0.150,0.138,0.00,654.00
806,Pursuer,0.155,0.321,0.524,0.146,0.154,0.00,771.00
807,Pursuer,0.155,0.322,0.523,0.145,0.153,0.00,375.00
808,Pursuer,0.155,0.323,0.522,0.148,0.168,0.00,301.00
809,Draw,0.155,0.323,0.523,0.160,0.145,0.00,999.00
810,Draw,0.154,0.322,0.523,0.151,0.146,9.02,999.00
811,Draw,0.154,0.322,0.524,0.147,0.150,16.28,999.00
812,Runner,0.155,0.321,0.523,0.163,0.141,0.00,553.00
813,Pursuer,0.155,0.322,0.523,0.106,0.171,0.00,29.00
814,Runner,0.156,0.322,0.522,0.145,0.144,0.00,345.00
815,Pursuer,0.156,0.323,0.521,0.157,0.154,0.00,324.00
816,Runner,0.157,0.322,0.521,0.000,0.000,0.00,1.00
817,Pursuer,0.157,0.323,0.520,0.152,0.159,0.00,554.00
818,Pursuer,0.156,0.324,0.520,0.151,0.141,0.00,133.00
819,Pursuer,0.156,0.325,0.519,0.139,0.162,0.00,321.00
820,Pursuer,0.156,0.326,0.518,0.165,0.141,0.00,728.00
821,Draw,0.156,0.325,0.519,0.157,0.149,16.28,999.00
822,Pursuer,0.156,0.326,0.518,0.154,0.149,0.00,557.00
823,Runner,0.157,0.326,0.518,0.148,0.157,11.08,849.00
824,Pursuer,0.157,0.326,0.517,0.000,0.000,0.00,1.00
825,Pursuer,0.156,0.327,0.516,0.135,0.128,0.00,217.00
826,Draw,0.156,0.327,0.517,0.162,0.135,12.74,999.00
827,Draw,0.156,0.326,0.518,0.154,0.165,7.32,999.00
828,Draw,0.156,0.326,0.518,0.151,0.149,12.70,999.00
829,Pursuer,0.156,0.327,0.517,0.149,0.136,0.00,847.00
830,Draw,0.155,0.327,0.518,0.151,0.146,16.42,999.00
831,Runner,0.156,0.326,0.517,0.157,0.128,0.00,716.00
832,Pursuer,0.156,0.327,0.517,0.146,0.141,0.00,437.00
833,Pursuer,0.156,0.328,0.516,0.150,0.159,0.00,289.00
834,Pursuer,0.156,0.329,0.516,0.156,0.133,0.00,579.00
835,Pursuer,0.156,0.329,0.515,0.142,0.156,0.00,135.00
836,Pursuer,0.156,0.330,0.514,0.148,0.168,0.00,620.00
837,Draw,0.155,0.330,0.515,0.155,0.143,1.28,999.00
838,Runner,0.156,0.329,0.514,0.000,0.000,0.00,0.00
839,Runner,0.157,0.329,0.514,0.146,0.152,2.90,415.00
840,Runner,0.158,0.329,0.513,0.156,0.132,3.42,171.00
841,Pursuer,0.158,0.329,0.512,0.166,0.139,0.00,839.00
842,Runner,0.159,0.329,0.512,0.000,0.000,0.02,1.00
843,Runner,0.160,0.329,0.511,0.135,0.126,0.00,171.00
844,Pursuer,0.160,0.329,0.511,0.129,0.172,0.00,127.00
845,Draw,0.160,0.329,0.511,0.144,0.154,0.00,999.00
846,Runner,0.161,0.329,0.511,0.151,0.153,7.30,418.00
847,Draw,0.161,0.328,0.511,0.149,0.166,18.96,999.00
848,Runner,0.162,0.328,0.511,0.159,0.158,6.06,488.00
849,Runner,0.163,0.327,0.510,0.143,0.150,5.42,629.00
850,Pursuer,0.162,0.328,0.509,0.169,0.136,0.00,341.00
851,Pursuer,0.162,0.329,0.509,0.150,0.140,0.00,758.00
852,Pursuer,0.162,0.330,0.508,0.130,0.147,0.00,304.00
853,Pursuer,0.162,0.331,0.508,0.151,0.140,0.00,600.00
854,Pursuer,0.162,0.331,0.507,0.155,0.167,0.00,444.00
855,Pursuer,0.161,0.332,0.506,0.166,0.158,0.00,573.00
856,Pursuer,0.161,0.333,0.506,0.125,0.217,0.00,84.00
857,Pursuer,0.161,0.334,0.505,0.172,0.200,0.00,5.00
858,Pursuer,0.161,0.334,0.505,0.157,0.157,0.00,644.00
859,Pursuer,0.161,0.335,0.504,0.148,0.149,0.00,916.00
860,Runner,0.162,0.335,0.503,0.146,0.161,0.00,277.00
861,Pursuer,0.161,0.336,0.503,0.159,0.147,0.00,467.00
862,Pursuer,0.161,0.336,0.502,0.149,0.142,0.00,730.00
863,Pursuer,0.161,0.337,0.502,0.141,0.139,0.00,260.00
864,Runner,0.162,0.337,0.501,0.144,0.171,0.00,137.00
865,Draw,0.162,0.336,0.502,0.149,0.146,0.70,999.00
866,Pursuer,0.162,0.337,0.501,0.145,0.152,0.00,671.00
867,Draw,0.161,0.337,0.502,0.128,0.147,8.48,999.00
868,Pursuer,0.161,0.338,0.501,0.165,0.142,0.00,185.00
869,Draw,0.161,0.337,0.502,0.151,0.142,18.92,999.00
870,Pursuer,0.161,0.338,0.501,0.160,0.133,0.00,776.00
871,Pursuer,0.161,0.339,0.501,0.145,0.168,0.00,645.00
872,Pursuer,0.161,0.339,0.500,0.149,0.144,0.00,874.00
873,Runner,0.162,0.339,0.499,0.131,0.165,2.14,279.00
874,Draw,0.161,0.339,0.500,0.138,0.156,7.08,999.00
875,Pursuer,0.161,0.339,0.499,0.103,0.111,0.00,61.00
876,Pursuer,0.161,0.340,0.499,0.166,0.139,0.00,686.00
877,Runner,0.162,0.340,0.498,0.145,0.147,0.00,881.00
878,Draw,0.162,0.339,0.499,0.142,0.150,14.74,999.00
879,Pursuer,0.162,0.340,0.498,0.150,0.155,0.00,892.00
880,Runner,0.163,0.340,0.498,0.146,0.179,2.60,137.00
881,Runner,0.163,0.339,0.497,0.167,0.168,0.00,152.00
882,Pursuer,0.163,0.340,0.497,0.181,0.174,0.00,230.00
883,Draw,0.163,0.340,0.497,0.151,0.138,10.94,999.00
884,Runner,0.164,0.339,0.497,0.132,0.160,0.24,188.00
885,Runner,0.165,0.339,0.496,0.049,0.174,0.00,5.00
886,Pursuer,0.165,0.340,0.495,0.154,0.150,0.00,687.00
887,Draw,0.165,0.339,0.496,0.145,0.153,1.98,999.00
888,Pursuer,0.164,0.340,0.495,0.155,0.152,0.00,839.00
889,Runner,0.165,0.340,0.495,0.216,0.204,0.22,11.00
890,Pursuer,0.165,0.340,0.494,0.137,0.163,0.00,291.00
891,Runner,0.166,0.340,0.494,0.143,0.121,0.16,147.00
892,Runner,0.167,0.340,0.493,0.156,0.158,0.00,57.00
893,Pursuer,0.167,0.340,0.493,0.143,0.136,0.00,456.00
894,Pursuer,0.167,0.341,0.492,0.139,0.144,0.00,552.00
895,Pursuer,0.166,0.342,0.492,0.142,0.148,0.00,81.00
896,Draw,0.166,0.342,0.492,0.140,0.150,16.22,999.00
897,Draw,0.166,0.341,0.493,0.144,0.147,8.34,999.00
898,Pursuer,0.166,0.342,0.492,0.062,0.259,0.00,2.00
899,Draw,0.166,0.341,0.493,0.150,0.154,7.04,999.00
900,Draw,0.166,0.341,0.493,0.151,0.152,0.00,999.00
901,Runner,0.166,0.341,0.493,0.132,0.111,0.00,185.00
902,Pursuer,0.166,0.341,0.492,0.152,0.147,0.00,861.00
903,Draw,0.166,0.341,0.493,0.150,0.158,17.12,999.00
904,Pursuer,0.166,0.342,0.492,0.156,0.105,0.00,73.00
905,Pursuer,0.166,0.343,0.492,0.151,0.135,0.00,336.00
906,Runner,0.167,0.342,0.491,0.145,0.160,11.20,578.00
907,Pursuer,0.166,0.343,0.491,0.127,0.163,0.00,61.00
908,Runner,0.167,0.343,0.490,0.143,0.152,9.24,556.00
909,Draw,0.167,0.342,0.491,0.145,0.147,11.18,999.00
910,Runner,0.168,0.342,0.490,0.144,0.168,0.00,727.00
911,Pursuer,0.168,0.342,0.490,0.149,0.157,0.00,504.00
912,Draw,0.168,0.342,0.490,0.138,0.141,16.92,999.00
913,Pursuer,0.168,0.343,0.490,0.140,0.150,0.00,864.00
914,Pursuer,0.167,0.344,0.489,0.150,0.145,0.00,966.00
915,Pursuer,0.167,0.344,0.489,0.140,0.147,0.00,371.00
916,Draw,0.167,0.344,0.489,0.138,0.151,5.76,999.00
917,Runner,0.168,0.344,0.489,0.134,0.151,3.74,364.00
918,Runner,0.169,0.343,0.488,0.151,0.163,11.56,644.00
919,Pursuer,0.169,0.344,0.487,0.165,0.144,0.00,354.00
920,Pursuer,0.168,0.345,0.487,0.154,0.155,0.00,643.00
921,Pursuer,0.168,0.345,0.486,0.153,0.147,0.00,187.00
922,Pursuer,0.168,0.346,0.486,0.152,0.138,0.00,92.00
923,Pursuer,0.168,0.347,0.485,0.159,0.150,0.00,780.00
924,Runner,0.169,0.346,0.485,0.000,0.000,0.00,1.00
925,Draw,0.169,0.346,0.485,0.144,0.145,15.48,999.00
926,Pursuer,0.168,0.347,0.485,0.163,0.151,0.00,113.00
927,Runner,0.169,0.346,0.484,0.149,0.156,4.76,520.00
928,Pursuer,0.169,0.347,0.484,0.149,0.151,0.00,299.00
929,Pursuer,0.169,0.348,0.483,0.164,0.145,0.00,563.00
930,Draw,0.169,0.347,0.484,0.151,0.150,0.00,999.00
931,Runner,0.170,0.347,0.483,0.000,0.000,0.00,0.00
932,Draw,0.170,0.347,0.484,0.151,0.153,10.70,999.00
933,Pursuer,0.169,0.347,0.483,0.132,0.158,0.00,62.00
934,Runner,0.170,0.347,0.483,0.138,0.148,6.26,483.00
935,Draw,0.170,0.347,0.483,0.137,0.146,14.74,999.00
936,Pursuer,0.170,0.347,0.483,0.151,0.144,0.00,958.00
937,Pursuer,0.170,0.348,0.482,0.152,0.145,0.00,350.00
938,Pursuer,0.170,0.349,0.482,0.142,0.145,0.00,530.00
939,Draw,0.169,0.348,0.482,0.146,0.157,17.64,999.00
940,Runner,0.170,0.348,0.482,0.161,0.145,0.00,477.00
941,Pursuer,0.170,0.349,0.481,0.145,0.146,0.00,364.00
942,Runner,0.171,0.348,0.481,0.162,0.147,4.42,400.00
943,Runner,0.172,0.348,0.480,0.145,0.147,0.00,726.00
944,Pursuer,0.172,0.349,0.480,0.148,0.133,0.00,226.00
945,Draw,0.171,0.348,0.480,0.145,0.165,19.66,999.00
946,Pursuer,0.171,0.349,0.480,0.139,0.145,0.00,128.00
947,Runner,0.172,0.348,0.479,0.154,0.134,3.56,397.00
948,Pursuer,0.172,0.349,0.479,0.143,0.148,0.00,459.00
949,Pursuer,0.172,0.350,0.478,0.155,0.167,0.00,257.00
950,Pursuer,0.172,0.351,0.478,0.174,0.153,0.00,153.00
951,Pursuer,0.171,0.351,0.477,0.149,0.154,0.00,310.00
952,Draw,0.171,0.351,0.478,0.158,0.152,19.98,999.00
953,Runner,0.172,0.350,0.477,0.149,0.137,6.56,607.00
954,Runner,0.173,0.350,0.477,0.149,0.151,3.66,347.00
955,Pursuer,0.173,0.351,0.476,0.152,0.144,0.00,448.00
956,Pursuer,0.173,0.351,0.476,0.128,0.139,0.00,220.00
957,Pursuer,0.172,0.352,0.475,0.136,0.145,0.00,279.00
958,Pursuer,0.172,0.353,0.475,0.136,0.155,0.00,235.00
959,Pursuer,0.172,0.353,0.474,0.156,0.144,0.00,531.00
960,Pursuer,0.172,0.354,0.474,0.172,0.132,0.00,325.00
961,Pursuer,0.172,0.355,0.473,0.124,0.150,0.00,208.00
962,Draw,0.172,0.354,0.474,0.151,0.155,5.48,999.00
963,Draw,0.171,0.354,0.475,0.135,0.148,19.62,999.00
964,Runner,0.172,0.354,0.474,0.130,0.144,7.10,763.00
965,Runner,0.173,0.353,0.474,0.150,0.148,3.64,297.00
966,Runner,0.174,0.353,0.473,0.134,0.141,9.88,896.00
967,Draw,0.174,0.353,0.474,0.138,0.145,0.00,999.00
968,Pursuer,0.174,0.353,0.473,0.162,0.166,0.00,153.00
969,Pursuer,0.173,0.354,0.473,0.140,0.166,0.00,200.00
970,Runner,0.174,0.354,0.472,0.166,0.141,0.94,600.00
971,Pursuer,0.174,0.354,0.472,0.152,0.143,0.00,720.00
972,Pursuer,0.174,0.355,0.471,0.163,0.145,0.00,488.00
973,Draw,0.174,0.355,0.472,0.144,0.151,14.24,999.00
974,Pursuer,0.174,0.355,0.471,0.160,0.193,0.00,116.00
975,Pursuer,0.173,0.356,0.471,0.152,0.152,0.00,557.00
976,Draw,0.173,0.356,0.471,0.144,0.133,15.30,999.00
977,Pursuer,0.173,0.356,0.471,0.141,0.159,0.00,597.00
978,Pursuer,0.173,0.357,0.470,0.155,0.146,0.00,784.00
979,Runner,0.174,0.356,0.470,0.158,0.135,0.00,669.00
980,Runner,0.174,0.356,0.469,0.179,0.147,2.42,384.00
981,Runner,0.175,0.356,0.469,0.140,0.159,11.70,685.00
982,Pursuer,0.175,0.356,0.468,0.128,0.172,0.00,149.00
983,Runner,0.176,0.356,0.468,0.136,0.146,7.14,520.00
984,Pursuer,0.176,0.357,0.467,0.145,0.187,0.00,115.00
985,Pursuer,0.176,0.357,0.467,0.160,0.145,0.00,272.00
986,Runner,0.176,0.357,0.467,0.165,0.154,0.00,219.00
987,Pursuer,0.176,0.358,0.466,0.145,0.152,0.00,686.00
988,Pursuer,0.176,0.358,0.466,0.168,0.143,0.00,827.00
989,Draw,0.176,0.358,0.466,0.140,0.150,19.98,999.00
990,Draw,0.176,0.358,0.467,0.146,0.158,12.28,999.00
991,Runner,0.177,0.357,0.466,0.153,0.144,0.00,247.00
992,Draw,0.176,0.357,0.467,0.146,0.146,0.00,999.00
993,Pursuer,0.176,0.358,0.466,0.141,0.128,0.00,479.00
994,Pursuer,0.176,0.358,0.466,0.139,0.153,0.00,664.00
995,Runner,0.177,0.358,0.465,0.134,0.145,0.52,158.00
996,Pursuer,0.177,0.358,0.465,0.139,0.151,0.00,808.00
997,Pursuer,0.177,0.359,0.464,0.140,0.163,0.00,230.00
998,Pursuer,0.176,0.360,0.464,0.169,0.161,0.00,446.00
999,Pursuer,0.176,0.360,0.463,0.147,0.121,0.00,127.00
1000,Runner,0.177,0.360,0.463,0.141,0.144,0.00,464.00
1001,Runner,0.178,0.360,0.463,0.147,0.143,10.68,534.00
1002,Pursuer,0.178,0.360,0.462,0.158,0.152,0.00,370.00
1003,Runner,0.178,0.360,0.462,0.128,0.149,6.54,451.00
1004,Pursuer,0.178,0.361,0.461,0.085,0.135,0.00,13.00
1005,Runner,0.179,0.360,0.461,0.145,0.151,0.00,165.00
1006,Runner,0.180,0.360,0.460,0.139,0.148,8.40,712.00
1007,Runner,0.181,0.359,0.460,0.167,0.139,1.84,121.00
1008,Pursuer,0.181,0.360,0.459,0.186,0.120,0.00,180.00
1009,Runner,0.181,0.360,0.459,0.126,0.111,0.00,136.00
1010,Pursuer,0.181,0.360,0.458,0.152,0.140,0.00,412.00
1011,Pursuer,0.181,0.361,0.458,0.138,0.123,0.00,180.00
1012,Pursuer,0.181,0.362,0.458,0.146,0.168,0.00,290.00
1013,Pursuer,0.181,0.362,0.457,0.176,0.181,0.00,63.00
1014,Pursuer,0.180,0.363,0.457,0.156,0.141,0.00,416.00
1015,Pursuer,0.180,0.364,0.456,0.140,0.156,0.00,638.00
1016,Pursuer,0.180,0.364,0.456,0.125,0.159,0.00,121.00
1017,Runner,0.181,0.364,0.455,0.144,0.146,7.96,398.00
1018,Runner,0.182,0.363,0.455,0.149,0.155,2.80,408.00
1019,Runner,0.183,0.363,0.454,0.141,0.141,0.00,37.00
1020,Pursuer,0.182,0.364,0.454,0.101,0.124,0.00,46.00
1021,Pursuer,0.182,0.364,0.453,0.105,0.166,0.00,31.00
1022,Pursuer,0.182,0.365,0.453,0.173,0.120,0.00,10.00
1023,Runner,0.183,0.365,0.453,0.000,0.000,0.02,1.00
1024,Pursuer,0.183,0.365,0.452,0.130,0.171,0.00,344.00
1025,Pursuer,0.182,0.366,0.452,0.150,0.148,0.00,439.00
1026,Runner,0.183,0.365,0.451,0.141,0.148,0.00,625.00
1027,Pursuer,0.183,0.366,0.451,0.138,0.135,0.00,354.00
1028,Runner,0.184,0.366,0.450,0.159,0.151,3.80,206.00
1029,Runner,0.185,0.365,0.450,0.160,0.137,0.00,822.00
1030,Draw,0.184,0.365,0.450,0.156,0.142,19.98,999.00
1031,Pursuer,0.184,0.366,0.450,0.100,0.265,0.00,12.00
1032,Runner,0.185,0.365,0.450,0.138,0.145,0.00,507.00
1033,Runner,0.186,0.365,0.449,0.135,0.145,0.00,269.00
1034,Runner,0.187,0.365,0.449,0.139,0.194,0.00,71.00
1035,Runner,0.187,0.364,0.448,0.160,0.144,0.04,468.00
1036,Pursuer,0.187,0.365,0.448,0.160,0.167,0.00,231.00
1037,Pursuer,0.187,0.365,0.447,0.158,0.144,0.00,983.00
1038,Draw,0.187,0.365,0.448,0.136,0.147,16.48,999.00
1039,Draw,0.187,0.365,0.449,0.144,0.160,8.52,999.00
1040,Pursuer,0.187,0.365,0.448,0.146,0.161,0.00,443.00
1041,Runner,0.187,0.365,0.448,0.145,0.140,2.90,329.00
1042,Pursuer,0.187,0.366,0.447,0.149,0.147,0.00,697.00
1043,Draw,0.187,0.365,0.448,0.148,0.163,19.08,999.00
1044,Pursuer,0.187,0.366,0.447,0.166,0.098,0.00,9.00
1045,Draw,0.187,0.366,0.448,0.142,0.150,2.68,999.00
1046,Runner,0.187,0.365,0.447,0.143,0.153,4.56,422.00
1047,Runner,0.188,0.365,0.447,0.153,0.153,1.74,361.00
1048,Runner,0.189,0.365,0.447,0.152,0.155,1.94,97.00
1049,Pursuer,0.189,0.365,0.446,0.135,0.133,0.00,270.00
1050,Pursuer,0.189,0.366,0.446,0.182,0.116,0.00,141.00
1051,Pursuer,0.188,0.366,0.445,0.136,0.158,0.00,77.00
1052,Draw,0.188,0.366,0.446,0.145,0.166,3.58,999.00
1053,Pursuer,0.188,0.367,0.445,0.166,0.142,0.00,228.00
1054,Pursuer,0.188,0.367,0.445,0.137,0.151,0.00,290.00
1055,Pursuer,0.188,0.368,0.445,0.150,0.142,0.00,456.00
1056,Pursuer,0.188,0.368,0.444,0.168,0.145,0.00,341.00
1057,Runner,0.188,0.368,0.444,0.159,0.151,0.00,67.00
1058,Pursuer,0.188,0.369,0.443,0.162,0.143,0.00,171.00
1059,Pursuer,0.188,0.369,0.443,0.062,0.120,0.00,12.00
1060,Pursuer,0.188,0.370,0.442,0.146,0.137,0.00,444.00
1061,Pursuer,0.188,0.370,0.442,0.123,0.154,0.00,270.00
1062,Pursuer,0.187,0.371,0.442,0.150,0.148,0.00,147.00
1063,Pursuer,0.187,0.372,0.441,0.153,0.137,0.00,872.00
1064,Pursuer,0.187,0.372,0.441,0.166,0.155,0.00,288.00
1065,Pursuer,0.187,0.373,0.440,0.176,0.140,0.00,180.00
1066,Runner,0.188,0.372,0.440,0.142,0.148,0.16,681.00
1067,Runner,0.188,0.372,0.440,0.124,0.151,5.12,256.00
1068,Pursuer,0.188,0.373,0.439,0.147,0.147,0.00,895.00
1069,Pursuer,0.188,0.373,0.439,0.151,0.151,0.00,654.00
1070,Runner,0.189,0.373,0.438,0.144,0.143,0.00,822.00
1071,Pursuer,0.189,0.373,0.438,0.145,0.148,0.00,798.00
1072,Runner,0.189,0.373,0.438,0.138,0.144,4.00,259.00
1073,Pursuer,0.189,0.374,0.437,0.151,0.148,0.00,889.00
1074,Runner,0.190,0.373,0.437,0.174,0.145,2.36,285.00
1075,Pursuer,0.190,0.374,0.436,0.141,0.152,0.00,854.00
1076,Pursuer,0.190,0.375,0.436,0.138,0.177,0.00,166.00
1077,Pursuer,0.189,0.375,0.435,0.159,0.159,0.00,517.00
1078,Pursuer,0.189,0.376,0.435,0.151,0.141,0.00,741.00
1079,Pursuer,0.189,0.376,0.435,0.135,0.148,0.00,116.00
1080,Pursuer,0.189,0.377,0.434,0.160,0.160,0.00,270.00
1081,Runner,0.190,0.377,0.434,0.145,0.148,5.68,445.00
1082,Runner,0.190,0.376,0.433,0.000,0.000,0.00,1.00
1083,Pursuer,0.190,0.377,0.433,0.147,0.147,0.00,397.00
1084,Draw,0.190,0.376,0.434,0.138,0.152,18.38,999.00
1085,Draw,0.190,0.376,0.434,0.141,0.150,7.38,999.00
1086,Pursuer,0.190,0.377,0.434,0.117,0.167,0.00,117.00
1087,Runner,0.190,0.376,0.433,0.154,0.151,11.56,754.00
1088,Runner,0.191,0.376,0.433,0.126,0.116,2.48,124.00
1089,Pursuer,0.191,0.376,0.433,0.139,0.149,0.00,770.00
1090,Runner,0.192,0.376,0.432,0.148,0.164,0.00,490.00
1091,Runner,0.192,0.376,0.432,0.144,0.149,0.84,651.00
1092,Pursuer,0.192,0.376,0.431,0.143,0.137,0.00,150.00
1093,Pursuer,0.192,0.377,0.431,0.157,0.149,0.00,542.00
1094,Draw,0.192,0.377,0.431,0.153,0.157,14.66,999.00
1095,Runner,0.193,0.376,0.431,0.170,0.175,0.00,289.00
1096,Pursuer,0.193,0.377,0.431,0.140,0.134,0.00,537.00
1097,Draw,0.192,0.376,0.431,0.152,0.159,12.26,999.00
1098,Pursuer,0.192,0.377,0.431,0.132,0.146,0.00,260.00
1099,Pursuer,0.192,0.378,0.430,0.140,0.152,0.00,41.00
1100,Runner,0.193,0.377,0.430,0.145,0.147,0.68,382.00
1101,Runner,0.193,0.377,0.430,0.133,0.156,4.54,227.00
1102,Runner,0.194,0.377,0.429,0.148,0.155,2.90,730.00
1103,Pursuer,0.194,0.377,0.429,0.165,0.151,0.00,564.00
1104,Pursuer,0.194,0.378,0.428,0.142,0.149,0.00,387.00
1105,Runner,0.195,0.377,0.428,0.158,0.147,11.70,629.00
1106,Pursuer,0.194,0.378,0.428,0.146,0.141,0.00,704.00
1107,Pursuer,0.194,0.379,0.427,0.158,0.153,0.00,452.00
1108,Draw,0.194,0.378,0.428,0.152,0.152,1.88,999.00
1109,Runner,0.195,0.378,0.427,0.146,0.145,2.80,442.00
1110,Pursuer,0.195,0.378,0.427,0.000,0.000,0.00,1.00
1111,Pursuer,0.194,0.379,0.427,0.157,0.146,0.00,731.00
1112,Pursuer,0.194,0.379,0.426,0.164,0.145,0.00,529.00
1113,Draw,0.194,0.379,0.427,0.155,0.154,16.30,999.00
1114,Draw,0.194,0.379,0.427,0.159,0.156,18.80,999.00
1115,Pursuer,0.194,0.379,0.427,0.172,0.169,0.00,31.00
1116,Draw,0.194,0.379,0.427,0.147,0.140,0.00,999.00
1117,Pursuer,0.193,0.380,0.427,0.155,0.163,0.00,162.00
1118,Runner,0.194,0.379,0.427,0.132,0.148,0.28,370.00
1119,Pursuer,0.194,0.380,0.426,0.145,0.146,0.00,555.00
1120,Pursuer,0.194,0.380,0.426,0.195,0.112,0.00,14.00
1121,Pursuer,0.194,0.381,0.426,0.163,0.149,0.00,571.00
1122,Runner,0.194,0.381,0.425,0.142,0.155,2.60,676.00
1123,Draw,0.194,0.380,0.426,0.137,0.157,16.72,999.00
1124,Runner,0.195,0.380,0.425,0.163,0.158,0.00,16.00
1125,Pursuer,0.195,0.380,0.425,0.000,0.000,0.00,1.00
1126,Draw,0.194,0.380,0.425,0.150,0.156,15.26,999.00
1127,Pursuer,0.194,0.381,0.425,0.139,0.166,0.00,472.00
1128,Pursuer,0.194,0.381,0.425,0.141,0.130,0.00,55.00
1129,Runner,0.195,0.381,0.424,0.000,0.000,0.02,1.00
1130,Runner,0.196,0.381,0.424,0.127,0.145,0.00,223.00
1131,Pursuer,0.195,0.381,0.424,0.148,0.163,0.00,958.00
1132,Runner,0.196,0.381,0.423,0.135,0.116,3.66,329.00
1133,Runner,0.197,0.380,0.423,0.096,0.151,0.00,23.00
1134,Pursuer,0.197,0.381,0.422,0.129,0.131,0.00,285.00
1135,Runner,0.197,0.381,0.422,0.120,0.324,0.12,6.00
1136,Runner,0.198,0.380,0.422,0.135,0.141,0.00,270.00
1137,Pursuer,0.198,0.381,0.421,0.147,0.168,0.00,247.00
1138,Pursuer,0.198,0.381,0.421,0.163,0.157,0.00,327.00
1139,Pursuer,0.198,0.382,0.421,0.149,0.154,0.00,936.00
1140,Runner,0.198,0.382,0.420,0.172,0.134,0.00,393.00
1141,Pursuer,0.198,0.382,0.420,0.228,0.493,0.00,2.00
1142,Draw,0.198,0.382,0.420,0.151,0.143,14.92,999.00
1143,Pursuer,0.198,0.382,0.420,0.085,0.161,0.00,4.00
1144,Pursuer,0.198,0.383,0.420,0.163,0.124,0.00,167.00
1145,Pursuer,0.197,0.383,0.419,0.151,0.148,0.00,872.00
1146,Draw,0.197,0.383,0.420,0.150,0.143,4.68,999.00
1147,Runner,0.198,0.383,0.419,0.000,0.000,0.00,0.00
1148,Draw,0.198,0.382,0.420,0.158,0.150,15.94,999.00
1149,Runner,0.198,0.382,0.419,0.156,0.141,4.06,607.00
1150,Runner,0.199,0.382,0.419,0.152,0.162,5.46,453.00
1151,Pursuer,0.199,0.382,0.419,0.147,0.119,0.00,151.00
1152,Pursuer,0.199,0.383,0.418,0.136,0.126,0.00,41.00
1153,Draw,0.199,0.382,0.419,0.150,0.153,2.82,999.00
1154,Runner,0.199,0.382,0.419,0.139,0.159,8.18,710.00
1155,Pursuer,0.199,0.383,0.418,0.155,0.138,0.00,781.00
1156,Runner,0.200,0.382,0.418,0.158,0.152,0.10,471.00
1157,Pursuer,0.200,0.383,0.417,0.152,0.126,0.00,65.00
1158,Pursuer,0.199,0.383,0.417,0.152,0.150,0.00,646.00
1159,Draw,0.199,0.383,0.418,0.157,0.158,9.48,999.00
1160,Runner,0.200,0.383,0.417,0.136,0.153,0.00,271.00
1161,Pursuer,0.200,0.383,0.417,0.146,0.146,0.00,851.00
1162,Pursuer,0.200,0.384,0.417,0.154,0.176,0.00,383.00
1163,Pursuer,0.199,0.384,0.416,0.134,0.101,0.00,26.00
1164,Pursuer,0.199,0.385,0.416,0.192,0.135,0.00,159.00
1165,Pursuer,0.199,0.385,0.415,0.161,0.145,0.00,361.00
1166,Pursuer,0.199,0.386,0.415,0.166,0.149,0.00,342.00
1167,Runner,0.200,0.386,0.415,0.132,0.142,0.00,268.00
1168,Runner,0.200,0.385,0.414,0.141,0.156,4.18,722.00
1169,Runner,0.201,0.385,0.414,0.167,0.153,0.64,285.00
1170,Pursuer,0.201,0.385,0.414,0.152,0.139,0.00,833.00
1171,Pursuer,0.201,0.386,0.413,0.164,0.149,0.00,612.00
1172,Pursuer,0.201,0.387,0.413,0.155,0.163,0.00,941.00
1173,Pursuer,0.200,0.387,0.413,0.151,0.156,0.00,921.00
1174,Pursuer,0.200,0.388,0.412,0.149,0.155,0.00,725.00
1175,Draw,0.200,0.387,0.413,0.141,0.150,16.96,999.00
1176,Pursuer,0.200,0.388,0.412,0.155,0.140,0.00,45.00
1177,Pursuer,0.200,0.388,0.412,0.157,0.143,0.00,408.00
1178,Runner,0.200,0.388,0.412,0.155,0.149,3.14,343.00
1179,Pursuer,0.200,0.388,0.411,0.158,0.113,0.00,152.00
1180,Runner,0.201,0.388,0.411,0.149,0.148,1.52,317.00
1181,Runner,0.202,0.388,0.411,0.168,0.146,0.00,130.00
1182,Runner,0.202,0.387,0.410,0.148,0.133,8.58,429.00
1183,Pursuer,0.202,0.388,0.410,0.000,0.000,0.00,1.00
1184,Runner,0.203,0.388,0.410,0.143,0.150,6.06,809.00
1185,Draw,0.203,0.387,0.410,0.137,0.149,5.28,999.00
1186,Pursuer,0.202,0.388,0.410,0.148,0.143,0.00,405.00
1187,Draw,0.202,0.388,0.410,0.152,0.147,6.08,999.00
1188,Draw,0.202,0.387,0.411,0.146,0.155,19.98,999.00
1189,Draw,0.202,0.387,0.411,0.152,0.145,14.42,999.00
1190,Draw,0.202,0.387,0.412,0.143,0.149,9.80,999.00
1191,Pursuer,0.202,0.387,0.411,0.000,0.000,0.00,0.00
1192,Pursuer,0.201,0.388,0.411,0.154,0.140,0.00,24.00
1193,Pursuer,0.201,0.388,0.411,0.060,0.220,0.00,9.00
1194,Pursuer,0.201,0.389,0.410,0.157,0.141,0.00,754.00
1195,Runner,0.202,0.388,0.410,0.170,0.164,0.00,96.00
1196,Pursuer,0.202,0.389,0.410,0.144,0.144,0.00,610.00
1197,Pursuer,0.201,0.389,0.409,0.140,0.135,0.00,249.00
1198,Runner,0.202,0.389,0.409,0.134,0.146,0.00,242.00
1199,Pursuer,0.202,0.389,0.409,0.135,0.134,0.00,377.00
1200,Draw,0.202,0.389,0.409,0.136,0.156,18.88,999.00
1201,Runner,0.202,0.389,0.409,0.151,0.143,1.46,285.00
1202,Runner,0.203,0.389,0.408,0.155,0.172,0.00,357.00
1203,Pursuer,0.203,0.389,0.408,0.156,0.142,0.00,802.00
1204,Runner,0.203,0.389,0.408,0.145,0.161,6.18,446.00
1205,Pursuer,0.203,0.389,0.407,0.159,0.128,0.00,194.00
1206,Pursuer,0.203,0.390,0.407,0.141,0.154,0.00,529.00
1207,Draw,0.203,0.389,0.408,0.147,0.158,14.70,999.00
1208,Pursuer,0.203,0.390,0.407,0.156,0.136,0.00,236.00
1209,Pursuer,0.203,0.390,0.407,0.185,0.140,0.00,74.00
1210,Pursuer,0.202,0.391,0.407,0.143,0.137,0.00,490.00
1211,Draw,0.202,0.391,0.407,0.147,0.133,0.06,999.00
1212,Pursuer,0.202,0.391,0.407,0.168,0.149,0.00,459.00
1213,Runner,0.203,0.391,0.406,0.138,0.161,10.38,611.00
1214,Draw,0.203,0.390,0.407,0.150,0.152,17.70,999.00
1215,Draw,0.202,0.390,0.407,0.160,0.155,18.32,999.00
1216,Runner,0.203,0.390,0.407,0.124,0.132,0.00,159.00
1217,Pursuer,0.203,0.390,0.407,0.129,0.164,0.00,314.00
1218,Draw,0.203,0.390,0.407,0.137,0.168,16.12,999.00
1219,Runner,0.203,0.390,0.407,0.160,0.132,2.98,410.00
1220,Runner,0.204,0.389,0.407,0.139,0.130,2.72,354.00
1221,Pursuer,0.204,0.390,0.406,0.150,0.165,0.00,215.00
1222,Pursuer,0.204,0.390,0.406,0.125,0.125,0.00,52.00
1223,Pursuer,0.204,0.391,0.406,0.132,0.143,0.00,465.00
1224,Pursuer,0.203,0.391,0.405,0.126,0.161,0.00,126.00
1225,Runner,0.204,0.391,0.405,0.139,0.162,0.00,379.00
1226,Runner,0.205,0.391,0.405,0.126,0.147,0.00,237.00
1227,Pursuer,0.205,0.391,0.404,0.152,0.161,0.00,109.00
1228,Pursuer,0.204,0.392,0.404,0.137,0.144,0.00,167.00
1229,Runner,0.205,0.391,0.404,0.133,0.149,6.56,360.00
1230,Draw,0.205,0.391,0.404,0.143,0.142,0.00,999.00
1231,Pursuer,0.205,0.392,0.404,0.151,0.166,0.00,361.00
1232,Runner,0.205,0.391,0.403,0.157,0.147,9.44,602.00
1233,Pursuer,0.205,0.392,0.403,0.155,0.152,0.00,425.00
1234,Pursuer,0.205,0.392,0.403,0.142,0.145,0.00,724.00
1235,Pursuer,0.205,0.393,0.402,0.147,0.135,0.00,446.00
1236,Pursuer,0.205,0.393,0.402,0.143,0.142,0.00,337.00
1237,Draw,0.205,0.393,0.403,0.150,0.151,19.98,999.00
1238,Pursuer,0.204,0.393,0.402,0.109,0.089,0.00,4.00
1239,Pursuer,0.204,0.394,0.402,0.122,0.158,0.00,112.00
1240,Pursuer,0.204,0.394,0.402,0.139,0.133,0.00,483.00
1241,Pursuer,0.204,0.395,0.401,0.137,0.145,0.00,768.00
1242,Pursuer,0.204,0.395,0.401,0.159,0.146,0.00,333.00
1243,Runner,0.204,0.395,0.401,0.157,0.137,8.44,422.00
1244,Pursuer,0.204,0.395,0.400,0.159,0.152,0.00,501.00
1245,Pursuer,0.204,0.396,0.400,0.130,0.136,0.00,522.00
1246,Runner,0.205,0.396,0.400,0.126,0.141,0.02,448.00
1247,Runner,0.205,0.395,0.399,0.171,0.155,6.88,390.00
1248,Pursuer,0.205,0.396,0.399,0.150,0.153,0.00,108.00
1249,Pursuer,0.205,0.396,0.399,0.164,0.151,0.00,275.00
1250,Pursuer,0.205,0.397,0.398,0.149,0.151,0.00,971.00
1251,Draw,0.205,0.396,0.399,0.145,0.152,0.04,999.00
1252,Pursuer,0.204,0.397,0.399,0.134,0.147,0.00,577.00
1253,Draw,0.204,0.397,0.399,0.144,0.156,13.18,999.00
1254,Pursuer,0.204,0.397,0.399,0.152,0.151,0.00,707.00
1255,Runner,0.205,0.397,0.398,0.141,0.149,0.76,299.00
1256,Runner,0.205,0.396,0.398,0.156,0.142,17.02,883.00
1257,Pursuer,0.205,0.397,0.398,0.151,0.152,0.00,467.00
1258,Pursuer,0.205,0.397,0.397,0.155,0.142,0.00,518.00
1259,Runner,0.206,0.397,0.397,0.665,1.247,0.00,1.00
1260,Runner,0.206,0.397,0.397,0.141,0.155,3.74,458.00
1261,Pursuer,0.206,0.397,0.397,0.126,0.136,0.00,77.00
1262,Pursuer,0.206,0.398,0.396,0.168,0.135,0.00,79.00
1263,Draw,0.206,0.397,0.397,0.150,0.159,18.04,999.00
1264,Runner,0.206,0.397,0.396,0.144,0.153,8.36,418.00
1265,Pursuer,0.206,0.398,0.396,0.159,0.133,0.00,122.00
1266,Runner,0.207,0.397,0.396,0.158,0.102,0.00,17.00
1267,Pursuer,0.207,0.398,0.395,0.166,0.141,0.00,182.00
1268,Pursuer,0.207,0.398,0.395,0.139,0.163,0.00,282.00
1269,Pursuer,0.206,0.399,0.395,0.160,0.134,0.00,489.00
1270,Draw,0.206,0.398,0.395,0.146,0.143,19.98,999.00
1271,Pursuer,0.206,0.399,0.395,0.162,0.130,0.00,230.00
1272,Pursuer,0.206,0.399,0.395,0.129,0.152,0.00,197.00
1273,Pursuer,0.206,0.400,0.394,0.154,0.146,0.00,775.00
1274,Pursuer,0.206,0.400,0.394,0.188,0.110,0.00,59.00
1275,Runner,0.206,0.400,0.394,0.149,0.176,5.00,290.00
1276,Runner,0.207,0.400,0.393,0.136,0.165,4.46,262.00
1277,Runner,0.208,0.399,0.393,0.158,0.143,1.18,298.00
1278,Pursuer,0.207,0.400,0.393,0.146,0.306,0.00,3.00
1279,Runner,0.208,0.400,0.392,0.158,0.162,8.40,745.00
1280,Pursuer,0.208,0.400,0.392,0.150,0.145,0.00,397.00
1281,Pursuer,0.208,0.400,0.392,0.145,0.142,0.00,359.00
1282,Runner,0.208,0.400,0.392,0.116,0.269,0.16,8.00
1283,Pursuer,0.208,0.401,0.391,0.141,0.200,0.00,8.00
1284,Pursuer,0.208,0.401,0.391,0.156,0.208,0.00,4.00
1285,Draw,0.208,0.401,0.391,0.139,0.150,0.00,999.00
1286,Pursuer,0.208,0.401,0.391,0.153,0.160,0.00,655.00
1287,Pursuer,0.207,0.402,0.391,0.170,0.148,0.00,253.00
1288,Pursuer,0.207,0.402,0.391,0.161,0.142,0.00,570.00
1289,Draw,0.207,0.402,0.391,0.146,0.146,0.00,999.00
1290,Runner,0.208,0.402,0.391,0.160,0.141,1.32,168.00
1291,Runner,0.208,0.401,0.390,0.149,0.142,0.00,894.00
1292,Runner,0.209,0.401,0.390,0.133,0.157,12.68,801.00
1293,Pursuer,0.209,0.401,0.390,0.130,0.147,0.00,217.00
1294,Runner,0.209,0.401,0.389,0.131,0.166,0.00,190.00
1295,Pursuer,0.209,0.402,0.389,0.154,0.154,0.00,513.00
1296,Runner,0.210,0.401,0.389,0.131,0.167,2.74,466.00
1297,Runner,0.210,0.401,0.389,0.022,0.301,0.00,4.00
1298,Pursuer,0.210,0.401,0.388,0.146,0.161,0.00,428.00
1299,Pursuer,0.210,0.402,0.388,0.141,0.170,0.00,135.00
1300,Pursuer,0.210,0.402,0.388,0.144,0.164,0.00,105.00
1301,Draw,0.210,0.402,0.388,0.145,0.155,14.86,999.00
1302,Pursuer,0.210,0.402,0.388,0.146,0.137,0.00,100.00
1303,Draw,0.210,0.402,0.388,0.140,0.150,17.60,999.00
1304,Pursuer,0.209,0.403,0.388,0.129,0.192,0.00,53.00
1305,Pursuer,0.209,0.403,0.388,0.148,0.146,0.00,953.00
1306,Pursuer,0.209,0.404,0.387,0.154,0.155,0.00,989.00
1307,Pursuer,0.209,0.404,0.387,0.154,0.143,0.00,983.00
1308,Pursuer,0.209,0.404,0.387,0.176,0.145,0.00,154.00
1309,Pursuer,0.209,0.405,0.387,0.154,0.157,0.00,524.00
1310,Pursuer,0.208,0.405,0.386,0.147,0.150,0.00,349.00
1311,Runner,0.209,0.405,0.386,0.158,0.154,0.92,288.00
1312,Pursuer,0.209,0.405,0.386,0.125,0.142,0.00,39.00
1313,Pursuer,0.209,0.406,0.385,0.164,0.155,0.00,603.00
1314,Pursuer,0.209,0.406,0.385,0.152,0.147,0.00,257.00
1315,Draw,0.208,0.406,0.386,0.137,0.154,11.02,999.00
1316,Pursuer,0.208,0.407,0.385,0.142,0.152,0.00,923.00
1317,Runner,0.209,0.406,0.385,0.136,0.136,6.60,661.00
1318,Draw,0.209,0.406,0.385,0.137,0.148,14.00,999.00
1319,Pursuer,0.208,0.406,0.385,0.000,0.000,0.00,0.00
1320,Pursuer,0.208,0.407,0.385,0.147,0.145,0.00,837.00
1321,Runner,0.209,0.407,0.385,0.141,0.147,0.00,307.00
1322,Runner,0.210,0.406,0.384,0.154,0.160,9.84,492.00
1323,Runner,0.210,0.406,0.384,0.136,0.164,0.00,183.00
1324,Pursuer,0.210,0.406,0.384,0.160,0.144,0.00,464.00
1325,Pursuer,0.210,0.407,0.383,0.154,0.131,0.00,423.00
1326,Pursuer,0.210,0.407,0.383,0.151,0.158,0.00,190.00
1327,Pursuer,0.209,0.408,0.383,0.153,0.147,0.00,235.00
1328,Pursuer,0.209,0.408,0.383,0.138,0.146,0.00,309.00
1329,Pursuer,0.209,0.409,0.382,0.149,0.144,0.00,293.00
1330,Runner,0.210,0.408,0.382,0.146,0.151,5.44,545.00
1331,Pursuer,0.210,0.409,0.382,0.161,0.164,0.00,129.00
1332,Runner,0.210,0.408,0.381,0.000,0.000,0.02,1.00
1333,Pursuer,0.210,0.409,0.381,0.137,0.483,0.00,3.00
1334,Pursuer,0.210,0.409,0.381,0.156,0.152,0.00,471.00
1335,Pursuer,0.210,0.410,0.381,0.154,0.146,0.00,900.00
1336,Pursuer,0.210,0.410,0.380,0.000,0.000,0.00,2.00
1337,Pursuer,0.209,0.411,0.380,0.141,0.145,0.00,464.00
1338,Runner,0.210,0.410,0.380,0.149,0.142,3.64,403.00
1339,Draw,0.210,0.410,0.380,0.143,0.150,14.04,999.00
1340,Pursuer,0.210,0.410,0.380,0.142,0.152,0.00,441.00
1341,Pursuer,0.210,0.411,0.380,0.096,0.152,0.00,21.00
1342,Pursuer,0.209,0.411,0.379,0.129,0.151,0.00,246.00
1343,Draw,0.209,0.411,0.380,0.140,0.151,19.60,999.00
1344,Pursuer,0.209,0.411,0.379,0.153,0.149,0.00,360.00
1345,Pursuer,0.209,0.412,0.379,0.146,0.157,0.00,585.00
1346,Pursuer,0.209,0.412,0.379,0.143,0.151,0.00,507.00
1347,Pursuer,0.209,0.413,0.379,0.215,0.114,0.00,17.00
1348,Pursuer,0.208,0.413,0.378,0.116,0.149,0.00,365.00
1349,Pursuer,0.208,0.414,0.378,0.156,0.147,0.00,241.00
1350,Pursuer,0.208,0.414,0.378,0.135,0.136,0.00,386.00
1351,Pursuer,0.208,0.415,0.377,0.150,0.136,0.00,706.00
1352,Pursuer,0.208,0.415,0.377,0.087,0.150,0.00,6.00
1353,Runner,0.208,0.415,0.377,0.155,0.142,3.62,761.00
1354,Pursuer,0.208,0.415,0.377,0.134,0.156,0.00,351.00
1355,Pursuer,0.208,0.415,0.376,0.161,0.129,0.00,195.00
1356,Draw,0.208,0.415,0.377,0.122,0.167,0.00,999.00
1357,Pursuer,0.208,0.416,0.377,0.127,0.154,0.00,201.00
1358,Pursuer,0.208,0.416,0.376,0.161,0.152,0.00,373.00
1359,Pursuer,0.208,0.416,0.376,0.159,0.155,0.00,353.00
1360,Pursuer,0.207,0.417,0.376,0.155,0.158,0.00,184.00
1361,Runner,0.208,0.417,0.375,0.142,0.145,13.34,857.00
1362,Draw,0.208,0.416,0.376,0.153,0.149,14.78,999.00
1363,Pursuer,0.208,0.417,0.376,0.158,0.130,0.00,172.00
1364,Pursuer,0.207,0.417,0.375,0.128,0.158,0.00,194.00
1365,Pursuer,0.207,0.418,0.375,0.155,0.156,0.00,474.00
1366,Pursuer,0.207,0.418,0.375,0.144,0.144,0.00,657.00
1367,Pursuer,0.207,0.418,0.375,0.151,0.138,0.00,881.00
1368,Draw,0.207,0.418,0.375,0.141,0.150,14.18,999.00
1369,Pursuer,0.207,0.419,0.375,0.150,0.150,0.00,566.00
1370,Pursuer,0.207,0.419,0.374,0.150,0.156,0.00,493.00
1371,Pursuer,0.206,0.419,0.374,0.180,0.199,0.00,30.00
1372,Runner,0.207,0.419,0.374,0.000,0.000,0.00,1.00
1373,Pursuer,0.207,0.420,0.374,0.159,0.165,0.00,947.00
1374,Draw,0.207,0.419,0.374,0.157,0.153,0.00,999.00
1375,Pursuer,0.207,0.420,0.374,0.000,0.000,0.00,0.00
1376,Runner,0.207,0.419,0.374,0.144,0.169,7.92,464.00
1377,Runner,0.208,0.419,0.373,0.140,0.164,1.82,122.00
1378,Pursuer,0.208,0.419,0.373,0.149,0.130,0.00,102.00
1379,Pursuer,0.207,0.420,0.373,0.153,0.167,0.00,319.00
1380,Draw,0.207,0.420,0.373,0.142,0.143,5.88,999.00
1381,Pursuer,0.207,0.420,0.373,0.000,0.000,0.00,0.00
1382,Runner,0.208,0.420,0.373,0.164,0.179,0.00,56.00
1383,Pursuer,0.208,0.420,0.372,0.000,0.000,0.00,1.00
1384,Pursuer,0.207,0.421,0.372,0.162,0.148,0.00,834.00
1385,Runner,0.208,0.420,0.372,0.152,0.149,4.06,490.00
1386,Draw,0.208,0.420,0.372,0.137,0.155,18.18,999.00
1387,Runner,0.208,0.420,0.372,0.147,0.134,0.84,410.00
1388,Pursuer,0.208,0.420,0.372,0.149,0.144,0.00,763.00
1389,Pursuer,0.208,0.420,0.371,0.163,0.134,0.00,72.00
1390,Draw,0.208,0.420,0.372,0.140,0.148,18.24,999.00
1391,Pursuer,0.208,0.421,0.372,0.162,0.155,0.00,568.00
1392,Draw,0.208,0.420,0.372,0.143,0.152,11.42,999.00
1393,Runner,0.208,0.420,0.372,0.000,0.000,0.00,0.00
1394,Pursuer,0.208,0.420,0.372,0.133,0.136,0.00,936.00
1395,Pursuer,0.208,0.421,0.371,0.148,0.154,0.00,822.00
1396,Pursuer,0.208,0.421,0.371,0.161,0.160,0.00,258.00
1397,Pursuer,0.208,0.422,0.371,0.118,0.054,0.00,10.00
1398,Pursuer,0.207,0.422,0.371,0.146,0.138,0.00,412.00
1399,Pursuer,0.207,0.422,0.370,0.170,0.137,0.00,132.00
1400,Draw,0.207,0.422,0.371,0.133,0.137,11.08,999.00
1401,Runner,0.208,0.422,0.370,0.000,0.000,0.00,0.00
1402,Pursuer,0.208,0.422,0.370,0.192,0.119,0.00,36.00
1403,Pursuer,0.207,0.423,0.370,0.170,0.135,0.00,193.00
1404,Pursuer,0.207,0.423,0.370,0.154,0.134,0.00,565.00
1405,Runner,0.208,0.423,0.369,0.149,0.170,2.34,562.00
1406,Pursuer,0.208,0.423,0.369,0.162,0.133,0.00,591.00
1407,Draw,0.208,0.423,0.370,0.149,0.150,16.64,999.00
1408,Pursuer,0.207,0.423,0.369,0.225,0.168,0.00,54.00
1409,Runner,0.208,0.423,0.369,0.163,0.146,4.22,503.00
1410,Pursuer,0.208,0.423,0.369,0.145,0.129,0.00,723.00
1411,Runner,0.208,0.423,0.369,0.133,0.158,0.00,485.00
1412,Pursuer,0.208,0.424,0.368,0.155,0.143,0.00,579.00
1413,Pursuer,0.208,0.424,0.368,0.165,0.130,0.00,164.00
1414,Pursuer,0.208,0.424,0.368,0.185,0.120,0.00,327.00
1415,Runner,0.208,0.424,0.367,0.149,0.147,0.00,345.00
1416,Draw,0.208,0.424,0.368,0.147,0.148,0.00,999.00
1417,Runner,0.209,0.423,0.368,0.175,0.142,0.96,48.00
1418,Draw,0.209,0.423,0.368,0.139,0.150,19.34,999.00
1419,Draw,0.209,0.423,0.369,0.133,0.146,15.74,999.00
1420,Runner,0.209,0.423,0.368,0.136,0.153,0.00,95.00
1421,Pursuer,0.209,0.423,0.368,0.144,0.146,0.00,508.00
1422,Pursuer,0.209,0.423,0.368,0.140,0.164,0.00,798.00
1423,Runner,0.209,0.423,0.368,0.119,0.176,0.00,112.00
1424,Pursuer,0.209,0.423,0.367,0.145,0.145,0.00,133.00
1425,Runner,0.210,0.423,0.367,0.137,0.118,2.26,304.00
1426,Runner,0.210,0.423,0.367,0.144,0.160,3.54,682.00
1427,Runner,0.211,0.423,0.367,0.146,0.138,1.88,284.00
1428,Runner,0.211,0.422,0.366,0.145,0.146,0.00,53.00
1429,Pursuer,0.211,0.423,0.366,0.155,0.147,0.00,394.00
1430,Pursuer,0.211,0.423,0.366,0.157,0.171,0.00,178.00
1431,Pursuer,0.211,0.423,0.365,0.280,0.230,0.00,3.00
1432,Pursuer,0.211,0.424,0.365,0.150,0.133,0.00,601.00
1433,Pursuer,0.211,0.424,0.365,0.160,0.109,0.00,23.00
1434,Pursuer,0.211,0.425,0.365,0.151,0.146,0.00,610.00
1435,Pursuer,0.210,0.425,0.364,0.154,0.156,0.00,116.00
1436,Runner,0.211,0.425,0.364,0.151,0.154,0.90,201.00
1437,Draw,0.211,0.424,0.365,0.149,0.145,12.22,999.00
1438,Runner,0.211,0.424,0.364,0.157,0.152,4.90,625.00
1439,Runner,0.212,0.424,0.364,0.136,0.136,5.70,508.00
1440,Pursuer,0.212,0.424,0.364,0.157,0.149,0.00,789.00
1441,Pursuer,0.212,0.425,0.364,0.150,0.082,0.00,29.00
1442,Runner,0.212,0.424,0.363,0.000,0.000,0.02,1.00
1443,Pursuer,0.212,0.425,0.363,0.141,0.134,0.00,590.00
1444,Runner,0.213,0.425,0.363,0.169,0.151,5.50,486.00
1445,Pursuer,0.212,0.425,0.363,0.150,0.170,0.00,263.00
1446,Runner,0.213,0.425,0.362,0.152,0.155,1.28,211.00
1447,Pursuer,0.213,0.425,0.362,0.148,0.158,0.00,194.00
1448,Runner,0.213,0.425,0.362,0.149,0.152,5.86,604.00
1449,Draw,0.213,0.424,0.362,0.144,0.141,13.40,999.00
1450,Pursuer,0.213,0.425,0.362,0.000,0.000,0.00,0.00
1451,Pursuer,0.213,0.425,0.362,0.169,0.223,0.00,10.00
1452,Pursuer,0.213,0.426,0.362,0.148,0.150,0.00,190.00
1453,Draw,0.213,0.425,0.362,0.156,0.145,0.00,999.00
1454,Draw,0.213,0.425,0.362,0.156,0.152,11.02,999.00
1455,Runner,0.213,0.425,0.362,0.193,0.167,1.92,163.00
1456,Draw,0.213,0.424,0.363,0.157,0.142,5.08,999.00
1457,Pursuer,0.213,0.425,0.362,0.145,0.158,0.00,876.00
1458,Runner,0.213,0.425,0.362,0.141,0.145,0.00,456.00
1459,Runner,0.214,0.424,0.362,0.125,0.144,4.58,367.00
1460,Pursuer,0.214,0.425,0.362,0.135,0.149,0.00,35.00
1461,Pursuer,0.214,0.425,0.361,0.148,0.158,0.00,841.00
1462,Pursuer,0.213,0.425,0.361,0.142,0.150,0.00,272.00
1463,Draw,0.213,0.425,0.362,0.149,0.149,12.38,999.00
1464,Pursuer,0.213,0.426,0.361,0.152,0.148,0.00,453.00
1465,Runner,0.214,0.425,0.361,0.153,0.138,2.90,568.00
1466,Draw,0.214,0.425,0.362,0.155,0.138,19.10,999.00
1467,Pursuer,0.213,0.425,0.361,0.000,0.000,0.00,0.00
1468,Pursuer,0.213,0.426,0.361,0.116,0.132,0.00,94.00
1469,Pursuer,0.213,0.426,0.361,0.176,0.133,0.00,240.00
1470,Runner,0.214,0.426,0.361,0.133,0.173,1.40,195.00
1471,Pursuer,0.213,0.426,0.360,0.154,0.185,0.00,99.00
1472,Pursuer,0.213,0.427,0.360,0.140,0.148,0.00,760.00
1473,Runner,0.214,0.426,0.360,0.114,0.165,0.20,93.00
1474,Pursuer,0.214,0.427,0.360,0.178,0.139,0.00,190.00
1475,Pursuer,0.214,0.427,0.359,0.154,0.172,0.00,354.00
1476,Pursuer,0.213,0.428,0.359,0.151,0.152,0.00,872.00
1477,Pursuer,0.213,0.428,0.359,0.168,0.151,0.00,192.00
1478,Pursuer,0.213,0.428,0.359,0.158,0.149,0.00,917.00
1479,Pursuer,0.213,0.429,0.358,0.156,0.169,0.00,595.00
1480,Draw,0.213,0.428,0.359,0.134,0.143,19.64,999.00
1481,Runner,0.213,0.428,0.359,0.092,0.117,0.00,34.00
1482,Pursuer,0.213,0.428,0.358,0.167,0.148,0.00,686.00
1483,Runner,0.214,0.428,0.358,0.137,0.150,0.00,261.00
1484,Pursuer,0.214,0.429,0.358,0.145,0.117,0.00,532.00
1485,Runner,0.214,0.428,0.358,0.681,0.878,0.00,1.00
1486,Runner,0.215,0.428,0.357,0.123,0.150,0.00,152.00
1487,Runner,0.215,0.428,0.357,0.135,0.150,0.00,411.00
1488,Pursuer,0.215,0.428,0.357,0.166,0.141,0.00,293.00
1489,Pursuer,0.215,0.428,0.357,0.142,0.157,0.00,402.00
1490,Draw,0.215,0.428,0.357,0.155,0.158,18.84,999.00
1491,Draw,0.215,0.428,0.357,0.147,0.146,16.74,999.00
1492,Pursuer,0.214,0.428,0.357,0.128,0.155,0.00,117.00
1493,Pursuer,0.214,0.429,0.357,0.142,0.134,0.00,804.00
1494,Pursuer,0.214,0.429,0.357,0.150,0.205,0.00,14.00
1495,Pursuer,0.214,0.429,0.357,0.154,0.131,0.00,531.00
1496,Pursuer,0.214,0.430,0.356,0.127,0.182,0.00,114.00
1497,Pursuer,0.214,0.430,0.356,0.147,0.147,0.00,801.00
1498,Runner,0.214,0.430,0.356,0.153,0.155,1.18,182.00
1499,Pursuer,0.214,0.430,0.356,0.162,0.133,0.00,56.00
1500,Pursuer,0.214,0.431,0.355,0.139,0.147,0.00,412.00
1501,Pursuer,0.214,0.431,0.355,0.138,0.151,0.00,124.00
1502,Pursuer,0.214,0.431,0.355,0.157,0.144,0.00,63.00
1503,Runner,0.214,0.431,0.355,0.150,0.168,0.00,214.00
1504,Pursuer,0.214,0.432,0.354,0.133,0.142,0.00,99.00
1505,Pursuer,0.214,0.432,0.354,0.147,0.147,0.00,847.00
1506,Pursuer,0.214,0.432,0.354,0.134,0.117,0.00,74.00
1507,Runner,0.214,0.432,0.354,0.139,0.161,4.20,210.00
1508,Pursuer,0.214,0.432,0.353,0.135,0.151,0.00,166.00
1509,Pursuer,0.214,0.433,0.353,0.151,0.159,0.00,629.00
1510,Draw,0.214,0.432,0.354,0.133,0.154,15.42,999.00
1511,Runner,0.214,0.432,0.353,0.149,0.138,0.00,432.00
1512,Pursuer,0.214,0.433,0.353,0.143,0.134,0.00,358.00
1513,Pursuer,0.214,0.433,0.353,0.138,0.144,0.00,185.00
1514,Pursuer,0.214,0.433,0.353,0.154,0.151,0.00,379.00
1515,Runner,0.215,0.433,0.352,0.142,0.160,1.22,566.00
1516,Pursuer,0.214,0.433,0.352,0.145,0.145,0.00,687.00
1517,Pursuer,0.214,0.434,0.352,0.142,0.151,0.00,544.00
1518,Runner,0.215,0.433,0.352,0.142,0.155,4.74,491.00
1519,Pursuer,0.215,0.434,0.352,0.148,0.146,0.00,70.00
1520,Pursuer,0.214,0.434,0.351,0.150,0.148,0.00,356.00
1521,Pursuer,0.214,0.435,0.351,0.168,0.053,0.00,11.00
1522,Runner,0.215,0.434,0.351,0.155,0.145,0.00,143.00
1523,Runner,0.215,0.434,0.351,0.135,0.162,1.68,684.00
1524,Runner,0.216,0.434,0.350,0.136,0.164,10.20,558.00
1525,Pursuer,0.216,0.434,0.350,0.152,0.144,0.00,90.00
1526,Pursuer,0.216,0.434,0.350,0.179,0.126,0.00,133.00
1527,Pursuer,0.215,0.435,0.350,0.148,0.145,0.00,315.00
1528,Pursuer,0.215,0.435,0.349,0.098,0.146,0.00,32.00
1529,Draw,0.215,0.435,0.350,0.138,0.154,11.54,999.00
1530,Runner,0.216,0.435,0.350,0.145,0.140,7.60,758.00
1531,Pursuer,0.216,0.435,0.349,0.157,0.096,0.00,19.00
1532,Pursuer,0.215,0.435,0.349,0.164,0.143,0.00,894.00
1533,Runner,0.216,0.435,0.349,0.138,0.169,0.00,182.00
1534,Pursuer,0.216,0.435,0.349,0.140,0.145,0.00,593.00
1535,Pursuer,0.216,0.436,0.349,0.285,0.229,0.00,8.00
1536,Pursuer,0.215,0.436,0.348,0.152,0.139,0.00,178.00
1537,Runner,0.216,0.436,0.348,0.144,0.149,0.00,187.00
1538,Pursuer,0.216,0.436,0.348,0.447,1.044,0.00,1.00
1539,Pursuer,0.216,0.437,0.348,0.142,0.153,0.00,237.00
1540,Pursuer,0.216,0.437,0.347,0.154,0.137,0.00,603.00
1541,Runner,0.216,0.437,0.347,0.136,0.137,2.64,201.00
1542,Pursuer,0.216,0.437,0.347,0.109,0.116,0.00,76.00
1543,Runner,0.216,0.437,0.347,0.131,0.151,0.00,402.00
1544,Runner,0.217,0.437,0.347,0.156,0.139,0.00,369.00
1545,Draw,0.217,0.436,0.347,0.141,0.160,19.36,999.00
1546,Runner,0.217,0.436,0.347,0.132,0.145,3.98,335.00
1547,Runner,0.218,0.436,0.346,0.165,0.139,4.60,230.00
1548,Runner,0.218,0.435,0.346,0.158,0.126,0.34,115.00
1549,Pursuer,0.218,0.436,0.346,0.000,0.000,0.00,1.00
1550,Pursuer,0.218,0.436,0.346,0.000,0.000,0.00,2.00
1551,Draw,0.218,0.436,0.346,0.164,0.138,0.00,999.00
1552,Pursuer,0.218,0.436,0.346,0.169,0.146,0.00,230.00
1553,Draw,0.218,0.436,0.346,0.154,0.150,13.46,999.00
1554,Pursuer,0.218,0.436,0.346,0.143,0.130,0.00,379.00
1555,Pursuer,0.217,0.437,0.346,0.000,0.000,0.00,2.00
1556,Pursuer,0.217,0.437,0.346,0.143,0.147,0.00,922.00
1557,Pursuer,0.217,0.437,0.346,0.153,0.143,0.00,307.00
1558,Pursuer,0.217,0.438,0.345,0.146,0.155,0.00,796.00
1559,Pursuer,0.217,0.438,0.345,0.148,0.127,0.00,154.00
1560,Runner,0.217,0.438,0.345,0.157,0.149,0.00,457.00
1561,Runner,0.218,0.438,0.345,0.155,0.142,0.68,385.00
1562,Pursuer,0.218,0.438,0.344,0.159,0.152,0.00,456.00
1563,Runner,0.218,0.438,0.344,0.158,0.141,0.00,234.00
1564,Pursuer,0.218,0.438,0.344,0.153,0.123,0.00,123.00
1565,Runner,0.219,0.438,0.344,0.130,0.141,5.24,320.00
1566,Pursuer,0.218,0.438,0.344,0.184,0.146,0.00,184.00
1567,Runner,0.219,0.438,0.343,0.144,0.185,1.24,82.00
1568,Pursuer,0.219,0.438,0.343,0.166,0.148,0.00,600.00
1569,Pursuer,0.219,0.438,0.343,0.152,0.135,0.00,170.00
1570,Pursuer,0.218,0.439,0.343,0.262,0.155,0.00,8.00
1571,Pursuer,0.218,0.439,0.342,0.147,0.156,0.00,997.00
1572,Pursuer,0.218,0.440,0.342,0.126,0.161,0.00,94.00
1573,Pursuer,0.218,0.440,0.342,0.146,0.175,0.00,282.00
1574,Pursuer,0.218,0.440,0.342,0.123,0.130,0.00,235.00
1575,Pursuer,0.218,0.441,0.342,0.092,0.069,0.00,11.00
1576,Pursuer,0.218,0.441,0.341,0.149,0.166,0.00,829.00
1577,Pursuer,0.218,0.441,0.341,0.146,0.144,0.00,656.00
1578,Pursuer,0.217,0.442,0.341,0.370,0.073,0.00,10.00
1579,Pursuer,0.217,0.442,0.341,0.153,0.146,0.00,429.00
1580,Pursuer,0.217,0.442,0.341,0.129,0.169,0.00,52.00
1581,Pursuer,0.217,0.443,0.340,0.123,0.145,0.00,316.00
1582,Draw,0.217,0.442,0.341,0.144,0.156,6.30,999.00
1583,Pursuer,0.217,0.443,0.340,0.000,0.000,0.00,0.00
1584,Draw,0.217,0.443,0.341,0.147,0.105,0.84,999.00
1585,Pursuer,0.216,0.443,0.341,0.169,0.160,0.00,274.00
1586,Pursuer,0.216,0.443,0.340,0.141,0.155,0.00,394.00
1587,Pursuer,0.216,0.444,0.340,0.177,0.124,0.00,101.00
1588,Pursuer,0.216,0.444,0.340,0.159,0.139,0.00,406.00
1589,Runner,0.216,0.444,0.340,0.164,0.142,10.54,546.00
1590,Runner,0.217,0.443,0.340,0.147,0.155,2.54,286.00
1591,Runner,0.217,0.443,0.339,0.190,0.125,4.16,208.00
1592,Draw,0.217,0.443,0.340,0.157,0.155,0.00,999.00
1593,Pursuer,0.217,0.443,0.340,0.000,0.000,0.00,0.00
1594,Pursuer,0.217,0.444,0.339,0.148,0.144,0.00,648.00
1595,Runner,0.218,0.443,0.339,0.151,0.156,0.00,74.00
1596,Pursuer,0.217,0.444,0.339,0.155,0.139,0.00,354.00
1597,Draw,0.217,0.443,0.339,0.151,0.150,19.02,999.00
1598,Runner,0.218,0.443,0.339,0.146,0.116,0.00,58.00
1599,Pursuer,0.218,0.443,0.339,0.165,0.145,0.00,184.00
1600,Pursuer,0.218,0.444,0.339,0.166,0.151,0.00,276.00
1601,Runner,0.218,0.443,0.339,0.124,0.154,5.80,407.00
1602,Pursuer,0.218,0.444,0.338,0.160,0.148,0.00,310.00
1603,Runner,0.218,0.444,0.338,0.142,0.174,1.22,160.00
1604,Draw,0.218,0.443,0.339,0.153,0.150,0.00,999.00
1605,Pursuer,0.218,0.444,0.338,0.148,0.166,0.00,355.00
1606,Pursuer,0.218,0.444,0.338,0.128,0.147,0.00,162.00
1607,Pursuer,0.218,0.444,0.338,0.144,0.145,0.00,418.00
1608,Pursuer,0.218,0.445,0.338,0.163,0.149,0.00,636.00
1609,Pursuer,0.218,0.445,0.337,0.160,0.156,0.00,435.00
1610,Pursuer,0.217,0.445,0.337,0.140,0.165,0.00,508.00
1611,Runner,0.218,0.445,0.337,0.146,0.152,0.00,239.00
1612,Runner,0.218,0.445,0.337,0.149,0.150,1.20,280.00
1613,Pursuer,0.218,0.445,0.337,0.116,0.107,0.00,74.00
1614,Pursuer,0.218,0.445,0.336,0.149,0.149,0.00,197.00
1615,Pursuer,0.218,0.446,0.336,0.147,0.141,0.00,389.00
1616,Runner,0.218,0.446,0.336,0.162,0.130,4.60,462.00
1617,Runner,0.219,0.445,0.336,0.150,0.152,1.96,478.00
1618,Pursuer,0.219,0.446,0.336,0.156,0.162,0.00,463.00
1619,Runner,0.219,0.445,0.335,0.000,0.000,0.02,1.00
1620,Runner,0.220,0.445,0.335,0.143,0.137,7.18,447.00
1621,Pursuer,0.220,0.445,0.335,0.150,0.154,0.00,621.00
1622,Pursuer,0.219,0.446,0.335,0.163,0.143,0.00,314.00
1623,Runner,0.220,0.445,0.335,0.150,0.169,13.66,760.00
1624,Runner,0.220,0.445,0.334,0.158,0.159,2.42,230.00
1625,Runner,0.221,0.445,0.334,0.156,0.156,11.98,599.00
1626,Runner,0.221,0.445,0.334,0.129,0.148,1.04,253.00
1627,Pursuer,0.221,0.445,0.334,0.214,0.124,0.00,11.00
1628,Pursuer,0.221,0.445,0.334,0.145,0.143,0.00,599.00
1629,Draw,0.221,0.445,0.334,0.141,0.153,15.64,999.00
1630,Pursuer,0.221,0.445,0.334,0.000,0.000,0.00,0.00
1631,Runner,0.221,0.445,0.334,0.145,0.138,3.16,394.00
1632,Runner,0.222,0.445,0.333,0.173,0.136,1.18,482.00
1633,Pursuer,0.222,0.445,0.333,0.168,0.142,0.00,492.00
1634,Pursuer,0.222,0.446,0.333,0.154,0.150,0.00,240.00
1635,Pursuer,0.221,0.446,0.333,0.156,0.150,0.00,271.00
1636,Runner,0.222,0.446,0.333,0.147,0.168,2.40,589.00
1637,Runner,0.222,0.445,0.332,0.161,0.146,0.00,282.00
1638,Draw,0.222,0.445,0.333,0.151,0.159,19.98,999.00
1639,Draw,0.222,0.445,0.333,0.138,0.138,12.18,999.00
1640,Runner,0.223,0.445,0.333,0.144,0.162,9.96,498.00
1641,Runner,0.223,0.444,0.333,0.157,0.145,0.00,626.00
1642,Runner,0.224,0.444,0.333,0.150,0.162,4.78,250.00
1643,Pursuer,0.223,0.444,0.332,0.178,0.136,0.00,111.00
1644,Pursuer,0.223,0.445,0.332,0.162,0.140,0.00,178.00
1645,Pursuer,0.223,0.445,0.332,0.167,0.144,0.00,459.00
1646,Draw,0.223,0.445,0.332,0.151,0.142,0.00,999.00
1647,Pursuer,0.223,0.445,0.332,0.190,0.128,0.00,60.00
1648,Runner,0.223,0.445,0.332,0.146,0.138,0.00,511.00
1649,Pursuer,0.223,0.445,0.332,0.147,0.141,0.00,509.00
1650,Runner,0.224,0.445,0.332,0.151,0.156,0.00,325.00
1651,Runner,0.224,0.445,0.331,0.155,0.144,0.02,464.00
1652,Runner,0.225,0.444,0.331,0.130,0.105,0.00,13.00
1653,Runner,0.225,0.444,0.331,0.174,0.165,0.00,97.00
1654,Runner,0.226,0.444,0.331,0.151,0.142,11.34,723.00
1655,Draw,0.225,0.444,0.331,0.140,0.151,12.24,999.00
1656,Pursuer,0.225,0.444,0.331,0.155,0.137,0.00,604.00
1657,Pursuer,0.225,0.444,0.331,0.118,0.153,0.00,149.00
1658,Runner,0.226,0.444,0.331,0.148,0.152,0.00,316.00
1659,Runner,0.226,0.444,0.330,0.142,0.154,0.00,216.00
1660,Draw,0.226,0.443,0.331,0.145,0.144,15.68,999.00
1661,Pursuer,0.226,0.444,0.331,0.165,0.138,0.00,167.00
1662,Draw,0.226,0.443,0.331,0.151,0.146,18.56,999.00
1663,Pursuer,0.225,0.444,0.331,0.000,0.000,0.00,0.00
1664,Draw,0.225,0.444,0.331,0.150,0.156,16.04,999.00
1665,Pursuer,0.225,0.444,0.331,0.157,0.146,0.00,481.00
1666,Pursuer,0.225,0.444,0.331,0.135,0.058,0.00,12.00
1667,Runner,0.226,0.444,0.331,0.133,0.162,2.94,489.00
1668,Pursuer,0.225,0.444,0.330,0.147,0.141,0.00,492.00
1669,Runner,0.226,0.444,0.330,0.124,0.153,0.00,11.00
1670,Draw,0.226,0.444,0.331,0.133,0.152,1.46,999.00
1671,Runner,0.226,0.443,0.330,0.128,0.144,5.80,437.00
1672,Runner,0.227,0.443,0.330,0.099,0.136,0.00,13.00
1673,Pursuer,0.227,0.444,0.330,0.136,0.136,0.00,114.00
1674,Draw,0.226,0.443,0.330,0.145,0.143,11.96,999.00
1675,Runner,0.227,0.443,0.330,0.133,0.146,6.68,477.00
1676,Pursuer,0.227,0.443,0.330,0.138,0.140,0.00,698.00
1677,Pursuer,0.227,0.444,0.330,0.139,0.134,0.00,632.00
1678,Pursuer,0.226,0.444,0.330,0.151,0.189,0.00,160.00
1679,Runner,0.227,0.444,0.329,0.127,0.128,0.00,114.00
1680,Pursuer,0.227,0.444,0.329,0.145,0.137,0.00,944.00
1681,Pursuer,0.227,0.444,0.329,0.145,0.139,0.00,479.00
1682,Draw,0.227,0.444,0.329,0.141,0.150,13.72,999.00
1683,Runner,0.227,0.444,0.329,0.160,0.150,4.94,435.00
1684,Runner,0.227,0.444,0.329,0.155,0.134,2.10,277.00
1685,Pursuer,0.227,0.444,0.329,0.155,0.173,0.00,312.00
1686,Pursuer,0.227,0.444,0.329,0.146,0.155,0.00,636.00
1687,Pursuer,0.227,0.445,0.328,0.163,0.140,0.00,590.00
1688,Pursuer,0.227,0.445,0.328,0.145,0.146,0.00,985.00
1689,Pursuer,0.227,0.445,0.328,0.174,0.155,0.00,655.00
1690,Draw,0.227,0.445,0.328,0.143,0.145,0.00,999.00
1691,Pursuer,0.226,0.445,0.328,0.152,0.133,0.00,561.00
1692,Runner,0.227,0.445,0.328,0.158,0.134,1.36,419.00
1693,Runner,0.227,0.445,0.328,0.133,0.173,0.00,130.00
1694,Pursuer,0.227,0.445,0.328,0.124,0.187,0.00,113.00
1695,Runner,0.228,0.445,0.327,0.142,0.152,2.34,393.00
1696,Pursuer,0.228,0.445,0.327,0.143,0.152,0.00,531.00
1697,Runner,0.228,0.445,0.327,0.138,0.158,6.86,449.00
1698,Runner,0.229,0.445,0.327,0.130,0.139,0.00,181.00
1699,Pursuer,0.228,0.445,0.327,0.134,0.118,0.00,274.00
1700,Runner,0.229,0.445,0.326,0.168,0.145,6.28,475.00
1701,Runner,0.229,0.444,0.326,0.140,0.155,0.00,276.00
1702,Draw,0.229,0.444,0.327,0.150,0.144,14.44,999.00
1703,Runner,0.230,0.444,0.326,0.138,0.146,0.00,341.00
1704,Runner,0.230,0.444,0.326,0.161,0.139,0.00,458.00
1705,Pursuer,0.230,0.444,0.326,0.000,0.000,0.00,1.00
1706,Pursuer,0.230,0.444,0.326,0.148,0.149,0.00,709.00
1707,Draw,0.230,0.444,0.326,0.141,0.150,9.32,999.00
1708,Runner,0.230,0.444,0.326,0.150,0.143,2.72,395.00
1709,Pursuer,0.230,0.444,0.326,0.149,0.151,0.00,681.00
1710,Pursuer,0.230,0.444,0.326,0.137,0.131,0.00,87.00
1711,Pursuer,0.230,0.445,0.326,0.154,0.146,0.00,738.00
1712,Runner,0.230,0.445,0.325,0.156,0.149,0.00,257.00
1713,Runner,0.231,0.444,0.325,0.148,0.154,0.00,87.00
1714,Pursuer,0.230,0.445,0.325,0.138,0.087,0.00,35.00
1715,Runner,0.231,0.444,0.325,0.000,0.000,0.00,1.00
1716,Pursuer,0.231,0.445,0.325,0.145,0.144,0.00,390.00
1717,Runner,0.231,0.444,0.324,0.155,0.146,0.54,430.00
1718,Pursuer,0.231,0.445,0.324,0.152,0.137,0.00,475.00
1719,Pursuer,0.231,0.445,0.324,0.148,0.151,0.00,722.00
1720,Pursuer,0.231,0.445,0.324,0.196,0.081,0.00,16.00
1721,Pursuer,0.231,0.446,0.324,0.147,0.171,0.00,242.00
1722,Pursuer,0.231,0.446,0.323,0.163,0.117,0.00,101.00
1723,Pursuer,0.230,0.446,0.323,0.151,0.150,0.00,47.00
1724,Pursuer,0.230,0.447,0.323,0.145,0.151,0.00,889.00
1725,Pursuer,0.230,0.447,0.323,0.148,0.142,0.00,787.00
1726,Pursuer,0.230,0.447,0.323,0.161,0.143,0.00,91.00
1727,Pursuer,0.230,0.448,0.323,0.152,0.159,0.00,593.00
1728,Pursuer,0.230,0.448,0.322,0.144,0.148,0.00,529.00
1729,Pursuer,0.230,0.448,0.322,0.160,0.148,0.00,412.00
1730,Pursuer,0.229,0.449,0.322,0.117,0.127,0.00,164.00
1731,Pursuer,0.229,0.449,0.322,0.145,0.147,0.00,75.00
1732,Pursuer,0.229,0.449,0.322,0.163,0.140,0.00,623.00
1733,Pursuer,0.229,0.450,0.321,0.158,0.126,0.00,183.00
1734,Pursuer,0.229,0.450,0.321,0.141,0.144,0.00,264.00
1735,Pursuer,0.229,0.450,0.321,0.158,0.108,0.00,11.00
1736,Runner,0.229,0.450,0.321,0.147,0.145,3.48,747.00
1737,Runner,0.230,0.450,0.321,0.135,0.170,0.00,340.00
1738,Pursuer,0.230,0.450,0.320,0.133,0.143,0.00,273.00
1739,Pursuer,0.229,0.450,0.320,0.147,0.148,0.00,917.00
1740,Pursuer,0.229,0.451,0.320,0.138,0.146,0.00,306.00
1741,Pursuer,0.229,0.451,0.320,0.145,0.152,0.00,750.00
1742,Runner,0.230,0.451,0.320,0.151,0.151,1.30,480.00
1743,Draw,0.229,0.450,0.320,0.149,0.157,0.26,999.00
1744,Runner,0.230,0.450,0.320,0.132,0.147,13.36,856.00
1745,Pursuer,0.230,0.450,0.320,0.150,0.147,0.00,307.00
1746,Runner,0.230,0.450,0.320,0.122,0.134,0.00,502.00
1747,Runner,0.231,0.450,0.319,0.146,0.138,4.80,527.00
1748,Pursuer,0.231,0.450,0.319,0.139,0.154,0.00,961.00
1749,Pursuer,0.230,0.451,0.319,0.150,0.146,0.00,320.00
1750,Pursuer,0.230,0.451,0.319,0.164,0.168,0.00,319.00
1751,Pursuer,0.230,0.451,0.319,0.209,0.172,0.00,41.00
1752,Runner,0.231,0.451,0.318,0.135,0.142,0.00,109.00
1753,Pursuer,0.230,0.451,0.318,0.149,0.142,0.00,355.00
1754,Runner,0.231,0.451,0.318,0.136,0.144,5.66,295.00
1755,Pursuer,0.231,0.451,0.318,0.154,0.144,0.00,825.00
1756,Draw,0.231,0.451,0.318,0.151,0.143,16.30,999.00
1757,Pursuer,0.231,0.451,0.318,0.173,0.137,0.00,277.00
1758,Pursuer,0.230,0.452,0.318,0.142,0.154,0.00,141.00
1759,Pursuer,0.230,0.452,0.318,0.216,0.192,0.00,92.00
1760,Runner,0.231,0.452,0.318,0.156,0.151,10.32,570.00
1761,Runner,0.231,0.451,0.317,0.160,0.162,0.00,351.00
1762,Draw,0.231,0.451,0.318,0.145,0.148,14.54,999.00
1763,Pursuer,0.231,0.452,0.318,0.142,0.154,0.00,742.00
1764,Runner,0.231,0.451,0.317,0.170,0.870,0.00,1.00
1765,Runner,0.232,0.451,0.317,0.142,0.147,0.00,303.00
1766,Runner,0.232,0.451,0.317,0.139,0.150,0.00,587.00
1767,Pursuer,0.232,0.451,0.317,0.172,0.127,0.00,250.00
1768,Runner,0.232,0.451,0.317,0.135,0.140,0.00,569.00
1769,Pursuer,0.232,0.451,0.317,0.135,0.125,0.00,128.00
1770,Pursuer,0.232,0.451,0.316,0.147,0.152,0.00,503.00
1771,Draw,0.232,0.451,0.317,0.149,0.140,14.26,999.00
1772,Runner,0.233,0.451,0.317,0.152,0.150,7.80,504.00
1773,Draw,0.232,0.451,0.317,0.142,0.156,13.96,999.00
1774,Runner,0.233,0.450,0.317,0.150,0.154,0.00,728.00
1775,Pursuer,0.233,0.451,0.317,0.154,0.163,0.00,467.00
1776,Runner,0.233,0.450,0.316,0.157,0.154,1.74,271.00
1777,Pursuer,0.233,0.451,0.316,0.143,0.157,0.00,613.00
1778,Pursuer,0.233,0.451,0.316,0.140,0.135,0.00,431.00
1779,Runner,0.233,0.451,0.316,0.153,0.134,4.20,375.00
1780,Pursuer,0.233,0.451,0.316,0.187,0.150,0.00,58.00
1781,Pursuer,0.233,0.451,0.316,0.126,0.114,0.00,71.00
1782,Draw,0.233,0.451,0.316,0.145,0.139,3.38,999.00
1783,Pursuer,0.233,0.451,0.316,0.166,0.173,0.00,281.00
1784,Draw,0.233,0.451,0.316,0.148,0.151,14.90,999.00
1785,Pursuer,0.232,0.452,0.316,0.164,0.142,0.00,569.00
1786,Runner,0.233,0.451,0.316,0.140,0.135,2.14,226.00
1787,Runner,0.233,0.451,0.316,0.136,0.160,7.10,359.00
1788,Runner,0.234,0.451,0.315,0.154,0.151,17.62,939.00
1789,Runner,0.234,0.451,0.315,0.165,0.143,0.00,116.00
1790,Pursuer,0.234,0.451,0.315,0.159,0.129,0.00,351.00
1791,Draw,0.234,0.451,0.315,0.137,0.135,13.52,999.00
1792,Pursuer,0.234,0.451,0.315,0.158,0.150,0.00,912.00
1793,Runner,0.234,0.451,0.315,0.000,0.000,0.00,1.00
1794,Runner,0.235,0.450,0.315,0.131,0.163,2.08,311.00
1795,Draw,0.235,0.450,0.315,0.156,0.162,16.26,999.00
1796,Runner,0.235,0.450,0.315,0.133,0.152,0.00,11.00
1797,Pursuer,0.235,0.450,0.315,0.136,0.158,0.00,412.00
1798,Pursuer,0.235,0.451,0.315,0.135,0.129,0.00,322.00
1799,Runner,0.235,0.450,0.315,0.148,0.148,5.46,484.00
1800,Runner,0.236,0.450,0.314,0.134,0.161,3.76,235.00
1801,Pursuer,0.235,0.450,0.314,0.147,0.162,0.00,167.00
1802,Pursuer,0.235,0.451,0.314,0.137,0.119,0.00,313.00
1803,Pursuer,0.235,0.451,0.314,0.145,0.160,0.00,416.00
1804,Runner,0.236,0.451,0.314,0.169,0.242,0.00,34.00
1805,Pursuer,0.235,0.451,0.314,0.154,0.144,0.00,824.00
1806,Pursuer,0.235,0.451,0.313,0.141,0.166,0.00,20.00
1807,Runner,0.236,0.451,0.313,0.155,0.148,3.74,364.00
1808,Pursuer,0.236,0.451,0.313,0.156,0.134,0.00,346.00
1809,Runner,0.236,0.451,0.313,0.151,0.141,15.32,766.00
1810,Draw,0.236,0.451,0.313,0.143,0.157,18.66,999.00
1811,Pursuer,0.236,0.451,0.313,0.000,0.000,0.00,0.00
1812,Draw,0.236,0.451,0.313,0.144,0.130,19.98,999.00
1813,Pursuer,0.236,0.451,0.313,0.139,0.143,0.00,128.00
1814,Pursuer,0.235,0.451,0.313,0.156,0.141,0.00,896.00
1815,Pursuer,0.235,0.452,0.313,0.142,0.230,0.00,10.00
1816,Runner,0.236,0.452,0.313,0.144,0.136,0.24,689.00
1817,Pursuer,0.236,0.452,0.313,0.153,0.151,0.00,851.00
1818,Pursuer,0.235,0.452,0.312,0.132,0.121,0.00,125.00
1819,Pursuer,0.235,0.452,0.312,0.152,0.136,0.00,804.00
1820,Draw,0.235,0.452,0.313,0.146,0.148,17.10,999.00
1821,Draw,0.235,0.452,0.313,0.138,0.132,0.00,999.00
1822,Pursuer,0.235,0.452,0.313,0.148,0.151,0.00,416.00
1823,Runner,0.235,0.452,0.313,0.139,0.154,7.64,545.00
1824,Draw,0.235,0.452,0.313,0.140,0.148,0.00,999.00
1825,Runner,0.236,0.452,0.313,0.120,0.157,0.28,317.00
1826,Pursuer,0.235,0.452,0.313,0.117,0.111,0.00,42.00
1827,Runner,0.236,0.452,0.313,0.167,0.161,3.62,387.00
1828,Pursuer,0.236,0.452,0.312,0.162,0.146,0.00,371.00
1829,Pursuer,0.236,0.452,0.312,0.135,0.139,0.00,262.00
1830,Pursuer,0.236,0.452,0.312,0.143,0.166,0.00,305.00
1831,Runner,0.236,0.452,0.312,0.148,0.133,2.30,623.00
1832,Pursuer,0.236,0.453,0.312,0.140,0.141,0.00,333.00
1833,Runner,0.236,0.452,0.312,0.149,0.142,5.72,447.00
1834,Pursuer,0.236,0.453,0.311,0.140,0.143,0.00,286.00
1835,Runner,0.237,0.452,0.311,0.150,0.143,0.00,702.00
1836,Pursuer,0.236,0.453,0.311,0.153,0.067,0.00,12.00
1837,Pursuer,0.236,0.453,0.311,0.291,0.263,0.00,2.00
1838,Pursuer,0.236,0.453,0.311,0.141,0.146,0.00,418.00
1839,Runner,0.237,0.453,0.310,0.152,0.145,4.28,518.00
1840,Pursuer,0.236,0.453,0.310,0.145,0.135,0.00,443.00
1841,Runner,0.237,0.453,0.310,0.166,0.148,5.44,643.00
1842,Runner,0.237,0.453,0.310,0.133,0.154,3.34,167.00
1843,Runner,0.238,0.453,0.310,0.184,0.140,0.00,319.00
1844,Pursuer,0.238,0.453,0.310,0.144,0.144,0.00,453.00
1845,Pursuer,0.237,0.453,0.309,0.163,0.166,0.00,153.00
1846,Pursuer,0.237,0.453,0.309,0.150,0.125,0.00,95.00
1847,Pursuer,0.237,0.454,0.309,0.195,0.253,0.00,12.00
1848,Pursuer,0.237,0.454,0.309,0.127,0.148,0.00,419.00
1849,Pursuer,0.237,0.454,0.309,0.164,0.144,0.00,144.00
1850,Pursuer,0.237,0.455,0.309,0.145,0.153,0.00,313.00
1851,Runner,0.237,0.454,0.308,0.145,0.142,3.72,317.00
1852,Runner,0.238,0.454,0.308,0.132,0.167,0.00,253.00
1853,Runner,0.238,0.454,0.308,0.167,0.173,3.20,187.00
1854,Pursuer,0.238,0.454,0.308,0.133,0.184,0.00,46.00
1855,Pursuer,0.238,0.454,0.308,0.135,0.159,0.00,519.00
1856,Draw,0.238,0.454,0.308,0.134,0.157,16.20,999.00
1857,Pursuer,0.237,0.454,0.308,0.166,0.135,0.00,136.00
1858,Runner,0.238,0.454,0.308,0.000,0.000,0.00,1.00
1859,Pursuer,0.238,0.455,0.308,0.149,0.155,0.00,770.00
1860,Runner,0.238,0.454,0.308,0.143,0.155,6.32,316.00
1861,Pursuer,0.238,0.455,0.307,0.161,0.168,0.00,502.00
1862,Runner,0.238,0.454,0.307,0.069,0.067,0.04,2.00
1863,Pursuer,0.238,0.455,0.307,0.163,0.123,0.00,218.00
1864,Pursuer,0.238,0.455,0.307,0.131,0.133,0.00,201.00
1865,Pursuer,0.238,0.455,0.307,0.150,0.142,0.00,551.00
1866,Pursuer,0.238,0.456,0.307,0.139,0.128,0.00,256.00
1867,Pursuer,0.238,0.456,0.306,0.149,0.166,0.00,531.00
1868,Runner,0.238,0.456,0.306,0.166,0.145,3.68,418.00
1869,Pursuer,0.238,0.456,0.306,0.157,0.138,0.00,812.00
1870,Pursuer,0.238,0.456,0.306,0.181,0.138,0.00,149.00
1871,Pursuer,0.238,0.456,0.306,0.167,0.132,0.00,149.00
1872,Pursuer,0.238,0.457,0.306,0.154,0.105,0.00,4.00
1873,Draw,0.238,0.456,0.306,0.155,0.159,0.00,999.00
1874,Pursuer,0.237,0.457,0.306,0.133,0.146,0.00,369.00
1875,Pursuer,0.237,0.457,0.306,0.193,0.169,0.00,219.00
1876,Runner,0.238,0.457,0.305,0.150,0.159,4.44,242.00
1877,Runner,0.238,0.457,0.305,0.143,0.143,0.00,309.00
1878,Pursuer,0.238,0.457,0.305,0.149,0.162,0.00,533.00
1879,Runner,0.238,0.457,0.305,0.152,0.154,6.64,341.00
1880,Pursuer,0.238,0.457,0.305,0.126,0.142,0.00,289.00
1881,Runner,0.239,0.457,0.305,0.145,0.150,10.18,625.00
1882,Pursuer,0.239,0.457,0.304,0.192,0.093,0.00,10.00
1883,Pursuer,0.238,0.457,0.304,0.138,0.158,0.00,330.00
1884,Runner,0.239,0.457,0.304,0.155,0.150,6.90,360.00
1885,Pursuer,0.239,0.457,0.304,0.152,0.129,0.00,328.00
1886,Runner,0.239,0.457,0.304,0.116,0.131,2.02,221.00
1887,Draw,0.239,0.457,0.304,0.147,0.145,10.94,999.00
1888,Pursuer,0.239,0.457,0.304,0.364,0.268,0.00,3.00
1889,Draw,0.239,0.457,0.304,0.150,0.142,0.38,999.00
1890,Pursuer,0.239,0.457,0.304,0.137,0.149,0.00,508.00
1891,Pursuer,0.238,0.457,0.304,0.140,0.152,0.00,842.00
1892,Pursuer,0.238,0.458,0.304,0.174,0.156,0.00,118.00
1893,Runner,0.239,0.457,0.304,0.157,0.124,0.00,362.00
1894,Pursuer,0.239,0.458,0.304,0.147,0.143,0.00,650.00
1895,Pursuer,0.239,0.458,0.303,0.148,0.146,0.00,387.00
1896,Pursuer,0.238,0.458,0.303,0.146,0.158,0.00,610.00
1897,Pursuer,0.238,0.459,0.303,0.153,0.142,0.00,427.00
1898,Pursuer,0.238,0.459,0.303,0.164,0.123,0.00,130.00
1899,Pursuer,0.238,0.459,0.303,0.147,0.141,0.00,143.00
1900,Draw,0.238,0.459,0.303,0.159,0.141,1.16,999.00
1901,Runner,0.238,0.459,0.303,0.067,0.115,0.00,6.00
1902,Draw,0.238,0.458,0.303,0.147,0.141,19.16,999.00
1903,Pursuer,0.238,0.459,0.303,0.125,0.158,0.00,229.00
1904,Pursuer,0.238,0.459,0.303,0.157,0.143,0.00,242.00
1905,Pursuer,0.238,0.459,0.303,0.155,0.145,0.00,551.00
1906,Pursuer,0.238,0.460,0.303,0.309,0.224,0.00,8.00
1907,Runner,0.238,0.459,0.303,0.135,0.111,0.00,72.00
1908,Runner,0.238,0.459,0.302,0.145,0.140,0.14,321.00
1909,Pursuer,0.238,0.459,0.302,0.144,0.140,0.00,379.00
1910,Draw,0.238,0.459,0.303,0.150,0.145,17.10,999.00
1911,Pursuer,0.238,0.459,0.302,0.148,0.134,0.00,165.00
1912,Pursuer,0.238,0.460,0.302,0.167,0.159,0.00,391.00
1913,Runner,0.238,0.459,0.302,0.137,0.148,1.86,349.00
1914,Pursuer,0.238,0.460,0.302,0.000,0.000,0.00,3.00
1915,Runner,0.239,0.460,0.302,0.149,0.146,2.82,328.00
1916,Runner,0.239,0.459,0.302,0.178,0.092,0.00,12.00
1917,Pursuer,0.239,0.460,0.302,0.147,0.139,0.00,207.00
1918,Pursuer,0.239,0.460,0.301,0.130,0.126,0.00,243.00
1919,Runner,0.239,0.460,0.301,0.139,0.144,0.68,287.00
1920,Pursuer,0.239,0.460,0.301,0.172,0.273,0.00,8.00
1921,Pursuer,0.239,0.460,0.301,0.054,0.222,0.00,4.00
1922,Pursuer,0.239,0.460,0.301,0.177,0.118,0.00,92.00
1923,Pursuer,0.239,0.461,0.301,0.165,0.146,0.00,638.00
1924,Pursuer,0.239,0.461,0.300,0.146,0.139,0.00,483.00
1925,Runner,0.239,0.461,0.300,0.171,0.139,0.00,33.00
1926,Draw,0.239,0.461,0.301,0.148,0.145,6.16,999.00
1927,Pursuer,0.239,0.461,0.300,0.150,0.128,0.00,450.00
1928,Draw,0.239,0.461,0.301,0.156,0.142,14.24,999.00
1929,Pursuer,0.238,0.461,0.301,0.000,0.000,0.00,0.00
1930,Pursuer,0.238,0.461,0.301,0.155,0.150,0.00,674.00
1931,Runner,0.239,0.461,0.300,0.147,0.152,0.00,436.00
1932,Draw,0.239,0.461,0.301,0.142,0.153,8.32,999.00
1933,Pursuer,0.238,0.461,0.301,0.000,0.000,0.00,0.00
1934,Pursuer,0.238,0.461,0.300,0.155,0.137,0.00,155.00
1935,Pursuer,0.238,0.461,0.300,0.145,0.103,0.00,147.00
1936,Pursuer,0.238,0.462,0.300,0.150,0.133,0.00,897.00
1937,Draw,0.238,0.462,0.300,0.143,0.143,2.18,999.00
1938,Pursuer,0.238,0.462,0.300,0.163,0.136,0.00,440.00
1939,Pursuer,0.238,0.462,0.300,0.123,0.139,0.00,217.00
1940,Draw,0.238,0.462,0.301,0.145,0.146,18.40,999.00
1941,Draw,0.238,0.462,0.301,0.142,0.165,15.50,999.00
1942,Pursuer,0.237,0.462,0.301,0.162,0.150,0.00,382.00
1943,Runner,0.238,0.462,0.301,0.167,0.166,4.22,365.00
1944,Pursuer,0.238,0.462,0.300,0.173,0.132,0.00,409.00
1945,Pursuer,0.238,0.462,0.300,0.145,0.132,0.00,708.00
1946,Pursuer,0.237,0.462,0.300,0.165,0.158,0.00,348.00
1947,Pursuer,0.237,0.463,0.300,0.151,0.151,0.00,462.00
1948,Pursuer,0.237,0.463,0.300,0.173,0.149,0.00,168.00
1949,Pursuer,0.237,0.463,0.300,0.135,0.142,0.00,132.00
1950,Draw,0.237,0.463,0.300,0.139,0.149,6.28,999.00
1951,Draw,0.237,0.463,0.300,0.149,0.150,15.36,999.00
1952,Draw,0.237,0.463,0.301,0.129,0.138,9.96,999.00
1953,Pursuer,0.237,0.463,0.301,0.169,0.143,0.00,202.00
1954,Pursuer,0.236,0.463,0.300,0.144,0.151,0.00,458.00
1955,Runner,0.237,0.463,0.300,0.226,0.959,0.00,2.00
1956,Pursuer,0.237,0.463,0.300,0.151,0.171,0.00,195.00
1957,Runner,0.237,0.463,0.300,0.142,0.131,0.00,163.00
1958,Pursuer,0.237,0.463,0.300,0.155,0.148,0.00,149.00
1959,Pursuer,0.237,0.464,0.300,0.165,0.142,0.00,420.00
1960,Pursuer,0.237,0.464,0.299,0.159,0.146,0.00,331.00
1961,Pursuer,0.237,0.464,0.299,0.159,0.135,0.00,945.00
1962,Runner,0.237,0.464,0.299,0.204,0.198,0.00,97.00
1963,Runner,0.237,0.464,0.299,0.161,0.148,0.00,402.00
1964,Runner,0.238,0.463,0.299,0.138,0.138,4.80,532.00
1965,Pursuer,0.238,0.464,0.299,0.183,0.145,0.00,342.00
1966,Runner,0.238,0.463,0.299,0.147,0.136,0.12,280.00
1967,Pursuer,0.238,0.464,0.298,0.133,0.138,0.00,256.00
1968,Pursuer,0.238,0.464,0.298,0.144,0.141,0.00,196.00
1969,Pursuer,0.238,0.464,0.298,0.019,0.130,0.00,7.00
1970,Draw,0.238,0.464,0.298,0.145,0.160,14.84,999.00
1971,Pursuer,0.237,0.464,0.298,0.154,0.137,0.00,389.00
1972,Pursuer,0.237,0.465,0.298,0.136,0.139,0.00,847.00
1973,Runner,0.238,0.464,0.298,0.141,0.189,0.00,87.00
1974,Pursuer,0.238,0.465,0.298,0.160,0.137,0.00,517.00
1975,Runner,0.238,0.464,0.298,0.155,0.123,0.58,230.00
1976,Runner,0.238,0.464,0.298,0.144,0.177,0.00,275.00
1977,Runner,0.239,0.464,0.297,0.146,0.130,6.92,354.00
1978,Pursuer,0.239,0.464,0.297,0.163,0.132,0.00,327.00
1979,Runner,0.239,0.464,0.297,0.147,0.154,16.90,878.00
1980,Runner,0.239,0.464,0.297,0.158,0.152,0.00,344.00
1981,Pursuer,0.239,0.464,0.297,0.157,0.131,0.00,37.00
1982,Pursuer,0.239,0.464,0.297,0.140,0.149,0.00,622.00
1983,Pursuer,0.239,0.464,0.297,0.133,0.143,0.00,467.00
1984,Pursuer,0.239,0.465,0.296,0.154,0.155,0.00,127.00
1985,Runner,0.239,0.464,0.296,0.120,0.131,0.00,52.00
1986,Pursuer,0.239,0.465,0.296,0.136,0.153,0.00,429.00
1987,Pursuer,0.239,0.465,0.296,0.131,0.149,0.00,637.00
1988,Runner,0.239,0.465,0.296,0.138,0.136,8.64,567.00
1989,Pursuer,0.239,0.465,0.296,0.132,0.161,0.00,250.00
1990,Runner,0.240,0.465,0.295,0.349,1.238,0.00,1.00
1991,Pursuer,0.240,0.465,0.295,0.134,0.121,0.00,126.00
1992,Runner,0.240,0.465,0.295,0.154,0.147,4.74,360.00
1993,Pursuer,0.240,0.465,0.295,0.161,0.155,0.00,486.00
1994,Pursuer,0.240,0.465,0.295,0.144,0.114,0.00,160.00
1995,Pursuer,0.240,0.466,0.295,0.134,0.149,0.00,145.00
1996,Pursuer,0.239,0.466,0.295,0.130,0.164,0.00,261.00
1997,Runner,0.240,0.466,0.294,0.141,0.143,0.00,269.00
1998,Pursuer,0.240,0.466,0.294,0.144,0.127,0.00,285.00
1999,Pursuer,0.240,0.466,0.294,0.143,0.143,0.00,959.00
2000,Runner,0.240,0.466,0.294,0.139,0.161,2.70,367.00
2001,Runner,0.240,0.466,0.294,0.158,0.149,7.36,410.00
2002,Draw,0.240,0.466,0.294,0.127,0.142,0.00,999.00
2003,Pursuer,0.240,0.466,0.294,0.154,0.143,0.00,320.00
2004,Runner,0.241,0.466,0.294,0.122,0.148,0.00,321.00
2005,Runner,0.241,0.465,0.294,0.163,0.172,0.00,238.00
2006,Pursuer,0.241,0.466,0.294,0.171,0.144,0.00,216.00
2007,Runner,0.241,0.465,0.293,0.160,0.134,0.00,339.00
2008,Runner,0.242,0.465,0.293,0.142,0.145,1.50,278.00
2009,Runner,0.242,0.465,0.293,0.129,0.148,0.00,499.00
2010,Runner,0.242,0.465,0.293,0.141,0.130,4.04,607.00
2011,Pursuer,0.242,0.465,0.293,0.149,0.159,0.00,166.00
2012,Runner,0.243,0.465,0.293,0.162,0.162,0.00,53.00
2013,Pursuer,0.242,0.465,0.293,0.128,0.153,0.00,255.00
2014,Pursuer,0.242,0.465,0.292,0.139,0.134,0.00,544.00
2015,Runner,0.243,0.465,0.292,0.137,0.132,2.20,435.00
2016,Pursuer,0.243,0.465,0.292,0.000,0.000,0.00,1.00
2017,Runner,0.243,0.465,0.292,0.000,0.000,0.02,1.00
2018,Pursuer,0.243,0.465,0.292,0.136,0.148,0.00,82.00
2019,Runner,0.243,0.465,0.292,0.166,0.189,0.00,97.00
2020,Pursuer,0.243,0.465,0.292,0.144,0.143,0.00,955.00
2021,Draw,0.243,0.465,0.292,0.157,0.145,7.24,999.00
2022,Runner,0.243,0.465,0.292,0.129,0.148,0.00,192.00
2023,Pursuer,0.243,0.465,0.292,0.165,0.139,0.00,303.00
2024,Runner,0.244,0.465,0.292,0.154,0.149,0.00,475.00
2025,Pursuer,0.243,0.465,0.291,0.151,0.125,0.00,156.00
2026,Pursuer,0.243,0.465,0.291,0.185,0.125,0.00,138.00
2027,Pursuer,0.243,0.466,0.291,0.128,0.126,0.00,178.00
2028,Draw,0.243,0.465,0.291,0.153,0.142,16.56,999.00
2029,Pursuer,0.243,0.466,0.291,0.146,0.149,0.00,461.00
2030,Runner,0.243,0.466,0.291,0.149,0.150,1.52,555.00
2031,Runner,0.244,0.465,0.291,0.146,0.143,3.22,435.00
2032,Runner,0.244,0.465,0.291,0.156,0.169,13.68,803.00
2033,Pursuer,0.244,0.465,0.291,0.154,0.148,0.00,567.00
2034,Pursuer,0.244,0.466,0.291,0.179,0.149,0.00,71.00
2035,Draw,0.244,0.465,0.291,0.139,0.142,0.94,999.00
2036,Runner,0.244,0.465,0.291,0.154,0.155,0.00,189.00
2037,Runner,0.244,0.465,0.291,0.144,0.153,0.00,491.00
2038,Pursuer,0.244,0.465,0.290,0.150,0.165,0.00,425.00
2039,Runner,0.245,0.465,0.290,0.162,0.177,0.00,190.00
2040,Runner,0.245,0.465,0.290,0.150,0.140,7.22,361.00
2041,Runner,0.245,0.464,0.290,0.145,0.141,1.62,327.00
2042,Pursuer,0.245,0.465,0.290,0.155,0.161,0.00,112.00
2043,Runner,0.246,0.465,0.290,0.000,0.000,0.00,1.00
2044,Runner,0.246,0.464,0.290,0.140,0.155,0.78,597.00
2045,Pursuer,0.246,0.465,0.289,0.150,0.145,0.00,816.00
2046,Runner,0.246,0.464,0.289,0.149,0.132,1.82,518.00
2047,Draw,0.246,0.464,0.290,0.140,0.145,0.22,999.00
2048,Draw,0.246,0.464,0.290,0.155,0.144,19.98,999.00
2049,Runner,0.246,0.464,0.290,0.145,0.161,7.98,399.00
2050,Runner,0.247,0.463,0.290,0.142,0.155,0.00,325.00
2051,Runner,0.247,0.463,0.290,0.152,0.156,0.00,302.00
2052,Pursuer,0.247,0.463,0.289,0.145,0.140,0.00,730.00
2053,Runner,0.247,0.463,0.289,0.140,0.138,5.32,743.00
2054,Runner,0.248,0.463,0.289,0.155,0.152,4.16,208.00
2055,Runner,0.248,0.463,0.289,0.134,0.154,0.00,381.00
2056,Draw,0.248,0.463,0.289,0.151,0.153,16.56,999.00
2057,Pursuer,0.248,0.463,0.289,0.181,0.146,0.00,64.00
2058,Pursuer,0.248,0.463,0.289,0.149,0.145,0.00,769.00
2059,Runner,0.248,0.463,0.289,0.160,0.141,0.00,150.00
2060,Runner,0.249,0.463,0.289,0.027,0.164,0.00,5.00
2061,Runner,0.249,0.462,0.289,0.132,0.154,7.70,385.00
2062,Pursuer,0.249,0.463,0.289,0.209,0.172,0.00,26.00
2063,Runner,0.249,0.462,0.288,0.127,0.147,0.00,17.00
2064,Draw,0.249,0.462,0.289,0.146,0.136,0.00,999.00
2065,Pursuer,0.249,0.462,0.289,0.164,0.144,0.00,594.00
2066,Pursuer,0.249,0.463,0.288,0.159,0.151,0.00,761.00
2067,Draw,0.249,0.463,0.289,0.148,0.128,0.00,999.00
2068,Runner,0.249,0.462,0.289,0.000,0.000,0.00,0.00
2069,Pursuer,0.249,0.463,0.289,0.147,0.135,0.00,573.00
2070,Runner,0.249,0.462,0.288,0.139,0.148,0.00,736.00
2071,Pursuer,0.249,0.463,0.288,0.160,0.141,0.00,378.00
2072,Runner,0.250,0.462,0.288,0.176,0.163,3.02,151.00
2073,Runner,0.250,0.462,0.288,0.140,0.151,6.86,708.00
2074,Draw,0.250,0.462,0.288,0.136,0.139,16.92,999.00
2075,Pursuer,0.250,0.462,0.288,0.147,0.125,0.00,235.00
2076,Draw,0.250,0.462,0.289,0.146,0.154,16.94,999.00
2077,Pursuer,0.249,0.462,0.288,0.156,0.134,0.00,731.00
2078,Runner,0.250,0.462,0.288,0.154,0.122,2.54,164.00
2079,Pursuer,0.250,0.462,0.288,0.145,0.155,0.00,232.00
2080,Runner,0.250,0.462,0.288,0.151,0.154,3.48,752.00
2081,Pursuer,0.250,0.462,0.288,0.000,0.000,0.00,1.00
2082,Pursuer,0.250,0.463,0.288,0.128,0.182,0.00,205.00
2083,Draw,0.250,0.462,0.288,0.140,0.156,17.88,999.00
2084,Pursuer,0.250,0.463,0.288,0.000,0.000,0.00,0.00
2085,Runner,0.250,0.462,0.288,0.000,0.000,0.02,1.00
2086,Runner,0.250,0.462,0.288,0.156,0.163,1.44,230.00
2087,Runner,0.251,0.462,0.287,0.155,0.148,13.40,670.00
2088,Draw,0.250,0.462,0.288,0.145,0.137,1.62,999.00
2089,Pursuer,0.250,0.462,0.288,0.145,0.154,0.00,481.00
2090,Runner,0.251,0.462,0.288,0.120,0.075,0.16,14.00
2091,Pursuer,0.251,0.462,0.287,0.153,0.138,0.00,328.00
2092,Pursuer,0.250,0.462,0.287,0.145,0.181,0.00,172.00
2093,Pursuer,0.250,0.462,0.287,0.164,0.131,0.00,166.00
2094,Pursuer,0.250,0.463,0.287,0.148,0.153,0.00,539.00
2095,Draw,0.250,0.463,0.287,0.155,0.151,12.84,999.00
2096,Runner,0.250,0.462,0.287,0.136,0.154,5.60,486.00
2097,Pursuer,0.250,0.463,0.287,0.148,0.136,0.00,395.00
2098,Pursuer,0.250,0.463,0.287,0.142,0.130,0.00,157.00
2099,Runner,0.251,0.463,0.287,0.129,0.169,0.00,147.00
2100,Pursuer,0.250,0.463,0.287,0.000,0.000,0.00,1.00
2101,Pursuer,0.250,0.463,0.287,0.180,0.142,0.00,176.00
2102,Pursuer,0.250,0.463,0.286,0.143,0.125,0.00,236.00
2103,Runner,0.251,0.463,0.286,0.133,0.157,3.00,416.00
2104,Pursuer,0.250,0.463,0.286,0.150,0.144,0.00,122.00
2105,Pursuer,0.250,0.464,0.286,0.145,0.160,0.00,155.00
2106,Runner,0.251,0.463,0.286,0.000,0.000,0.00,1.00
2107,Runner,0.251,0.463,0.286,0.122,0.125,3.70,421.00
2108,Pursuer,0.251,0.463,0.286,0.144,0.129,0.00,215.00
2109,Runner,0.251,0.463,0.285,0.000,0.000,0.00,1.00
2110,Pursuer,0.251,0.464,0.285,0.153,0.161,0.00,73.00
2111,Pursuer,0.251,0.464,0.285,0.155,0.153,0.00,405.00
2112,Runner,0.251,0.464,0.285,0.133,0.358,0.00,3.00
2113,Pursuer,0.251,0.464,0.285,0.119,0.120,0.00,45.00
2114,Pursuer,0.251,0.464,0.285,0.161,0.148,0.00,348.00
2115,Pursuer,0.251,0.464,0.285,0.140,0.150,0.00,463.00
2116,Runner,0.251,0.464,0.284,0.161,0.173,0.00,75.00
2117,Pursuer,0.251,0.464,0.284,0.083,0.120,0.00,21.00
2118,Runner,0.252,0.464,0.284,0.151,0.134,4.46,670.00
2119,Runner,0.252,0.464,0.284,0.149,0.157,3.88,460.00
2120,Pursuer,0.252,0.464,0.284,0.157,0.148,0.00,357.00
2121,Runner,0.252,0.464,0.284,0.136,0.121,0.00,36.00
2122,Pursuer,0.252,0.464,0.284,0.148,0.135,0.00,447.00
2123,Pursuer,0.252,0.464,0.284,0.152,0.162,0.00,214.00
2124,Runner,0.252,0.464,0.283,0.136,0.144,0.00,232.00
2125,Pursuer,0.252,0.464,0.283,0.164,0.158,0.00,127.00
2126,Runner,0.253,0.464,0.283,0.139,0.149,0.28,413.00
2127,Runner,0.253,0.464,0.283,0.136,0.152,0.54,411.00
2128,Draw,0.253,0.464,0.283,0.142,0.151,13.92,999.00
2129,Pursuer,0.253,0.464,0.283,0.166,0.120,0.00,89.00
2130,Pursuer,0.253,0.464,0.283,0.149,0.141,0.00,228.00
2131,Pursuer,0.252,0.465,0.283,0.131,0.153,0.00,106.00
2132,Runner,0.253,0.464,0.283,0.153,0.145,4.06,764.00
2133,Runner,0.253,0.464,0.283,0.145,0.141,2.60,425.00
2134,Pursuer,0.253,0.464,0.283,0.151,0.160,0.00,677.00
2135,Pursuer,0.253,0.465,0.282,0.146,0.154,0.00,469.00
2136,Pursuer,0.253,0.465,0.282,0.162,0.144,0.00,326.00
2137,Pursuer,0.253,0.465,0.282,0.155,0.165,0.00,172.00
2138,Runner,0.253,0.465,0.282,0.178,0.157,0.40,154.00
2139,Draw,0.253,0.465,0.282,0.145,0.144,19.20,999.00
2140,Pursuer,0.253,0.465,0.282,0.148,0.135,0.00,377.00
2141,Runner,0.253,0.465,0.282,0.151,0.164,6.04,418.00
2142,Runner,0.254,0.465,0.282,0.144,0.143,4.72,311.00
2143,Draw,0.253,0.464,0.282,0.155,0.148,7.26,999.00
2144,Runner,0.254,0.464,0.282,0.023,0.218,0.00,5.00
2145,Pursuer,0.254,0.464,0.282,0.277,0.138,0.00,3.00
2146,Pursuer,0.253,0.465,0.282,0.106,0.110,0.00,77.00
2147,Pursuer,0.253,0.465,0.282,0.131,0.140,0.00,645.00
2148,Pursuer,0.253,0.465,0.282,0.133,0.153,0.00,451.00
2149,Pursuer,0.253,0.465,0.282,0.163,0.152,0.00,628.00
2150,Runner,0.253,0.465,0.281,0.127,0.343,0.00,3.00
2151,Pursuer,0.253,0.465,0.281,0.128,0.115,0.00,50.00
2152,Runner,0.254,0.465,0.281,0.144,0.155,2.86,323.00
2153,Pursuer,0.254,0.465,0.281,0.000,0.000,0.00,1.00
2154,Draw,0.253,0.465,0.281,0.150,0.153,9.32,999.00
2155,Pursuer,0.253,0.465,0.281,0.132,0.160,0.00,373.00
2156,Pursuer,0.253,0.466,0.281,0.157,0.154,0.00,312.00
2157,Runner,0.254,0.465,0.281,0.139,0.157,0.00,537.00
2158,Runner,0.254,0.465,0.281,0.146,0.140,1.72,286.00
2159,Pursuer,0.254,0.465,0.281,0.165,0.145,0.00,201.00
2160,Pursuer,0.254,0.466,0.281,0.146,0.155,0.00,237.00
2161,Runner,0.254,0.466,0.280,0.138,0.158,0.00,351.00
2162,Pursuer,0.254,0.466,0.280,0.157,0.153,0.00,763.00
2163,Runner,0.254,0.466,0.280,0.170,0.144,7.36,403.00
2164,Runner,0.255,0.465,0.280,0.142,0.148,0.68,449.00
2165,Pursuer,0.255,0.466,0.280,0.157,0.163,0.00,162.00
2166,Pursuer,0.254,0.466,0.280,0.140,0.157,0.00,415.00
2167,Draw,0.254,0.466,0.280,0.147,0.151,19.16,999.00
2168,Pursuer,0.254,0.466,0.280,0.160,0.150,0.00,517.00
2169,Pursuer,0.254,0.466,0.280,0.165,0.145,0.00,482.00
2170,Pursuer,0.254,0.466,0.280,0.158,0.121,0.00,268.00
2171,Draw,0.254,0.466,0.280,0.145,0.149,0.00,999.00
2172,Pursuer,0.254,0.466,0.280,0.134,0.147,0.00,701.00
2173,Pursuer,0.254,0.467,0.280,0.163,0.141,0.00,654.00
2174,Runner,0.254,0.466,0.280,0.159,0.151,0.00,392.00
2175,Runner,0.254,0.466,0.280,0.146,0.144,4.92,434.00
2176,Pursuer,0.254,0.466,0.279,0.152,0.137,0.00,417.00
2177,Pursuer,0.254,0.467,0.279,0.181,0.127,0.00,109.00
2178,Pursuer,0.254,0.467,0.279,0.152,0.137,0.00,327.00
2179,Pursuer,0.254,0.467,0.279,0.179,0.133,0.00,119.00
2180,Pursuer,0.254,0.467,0.279,0.192,0.163,0.00,71.00
2181,Draw,0.254,0.467,0.279,0.151,0.149,14.18,999.00
2182,Pursuer,0.253,0.467,0.279,0.135,0.159,0.00,611.00
2183,Pursuer,0.253,0.468,0.279,0.145,0.146,0.00,815.00
2184,Pursuer,0.253,0.468,0.279,0.143,0.340,0.00,3.00
2185,Runner,0.254,0.468,0.279,0.138,0.144,1.30,878.00
2186,Runner,0.254,0.468,0.279,0.137,0.129,10.42,566.00
2187,Pursuer,0.254,0.468,0.278,0.123,0.165,0.00,432.00
2188,Pursuer,0.254,0.468,0.278,0.146,0.144,0.00,454.00
2189,Pursuer,0.254,0.468,0.278,0.120,0.099,0.00,5.00
2190,Pursuer,0.253,0.468,0.278,0.155,0.165,0.00,274.00
2191,Pursuer,0.253,0.469,0.278,0.149,0.149,0.00,431.00
2192,Runner,0.254,0.469,0.278,0.148,0.131,6.80,420.00
2193,Pursuer,0.254,0.469,0.278,0.129,0.212,0.00,7.00
2194,Pursuer,0.253,0.469,0.278,0.147,0.143,0.00,429.00
2195,Draw,0.253,0.469,0.278,0.149,0.158,14.96,999.00
2196,Pursuer,0.253,0.469,0.278,0.148,0.140,0.00,916.00
2197,Runner,0.254,0.469,0.278,0.142,0.152,4.50,389.00
2198,Runner,0.254,0.469,0.278,0.164,0.143,3.56,188.00
2199,Runner,0.254,0.468,0.277,0.141,0.145,0.00,683.00
2200,Pursuer,0.254,0.469,0.277,0.050,0.203,0.00,4.00
2201,Runner,0.254,0.468,0.277,0.165,0.162,2.10,413.00
2202,Runner,0.255,0.468,0.277,0.153,0.154,0.02,212.00
2203,Runner,0.255,0.468,0.277,0.141,0.156,0.00,263.00
2204,Pursuer,0.255,0.468,0.277,0.129,0.147,0.00,142.00
2205,Pursuer,0.255,0.468,0.277,0.126,0.147,0.00,280.00
2206,Runner,0.255,0.468,0.277,0.137,0.127,1.60,213.00
2207,Pursuer,0.255,0.469,0.276,0.150,0.131,0.00,342.00
2208,Pursuer,0.255,0.469,0.276,0.155,0.153,0.00,901.00
2209,Pursuer,0.255,0.469,0.276,0.147,0.144,0.00,426.00
2210,Pursuer,0.255,0.469,0.276,0.159,0.161,0.00,527.00
2211,Pursuer,0.255,0.469,0.276,0.147,0.153,0.00,641.00
2212,Pursuer,0.255,0.470,0.276,0.163,0.113,0.00,50.00
2213,Draw,0.254,0.469,0.276,0.152,0.162,2.70,999.00
2214,Pursuer,0.254,0.470,0.276,0.155,0.137,0.00,487.00
2215,Pursuer,0.254,0.470,0.276,0.198,0.212,0.00,4.00
2216,Draw,0.254,0.470,0.276,0.161,0.153,18.58,999.00
2217,Runner,0.254,0.470,0.276,0.161,0.118,0.00,30.00
2218,Pursuer,0.254,0.470,0.276,0.150,0.153,0.00,189.00
2219,Pursuer,0.254,0.470,0.276,0.148,0.145,0.00,299.00
2220,Runner,0.255,0.470,0.276,0.163,0.153,3.02,384.00
2221,Runner,0.255,0.470,0.276,0.166,0.141,3.78,263.00
2222,Draw,0.255,0.469,0.276,0.149,0.159,14.26,999.00
2223,Draw,0.255,0.469,0.276,0.156,0.154,16.28,999.00
2224,Pursuer,0.254,0.469,0.276,0.143,0.111,0.00,239.00
2225,Pursuer,0.254,0.470,0.276,0.157,0.135,0.00,213.00
2226,Pursuer,0.254,0.470,0.276,0.310,0.189,0.00,4.00
2227,Pursuer,0.254,0.470,0.276,0.121,0.135,0.00,201.00
2228,Runner,0.254,0.470,0.276,0.136,0.157,9.28,568.00
2229,Pursuer,0.254,0.470,0.275,0.138,0.122,0.00,205.00
2230,Pursuer,0.254,0.470,0.275,0.158,0.148,0.00,95.00
2231,Pursuer,0.254,0.471,0.275,0.146,0.151,0.00,347.00
2232,Pursuer,0.254,0.471,0.275,0.138,0.157,0.00,343.00
2233,Runner,0.254,0.471,0.275,0.144,0.138,0.12,967.00
2234,Runner,0.255,0.470,0.275,0.140,0.152,0.00,331.00
2235,Pursuer,0.255,0.471,0.275,0.131,0.142,0.00,63.00
2236,Pursuer,0.254,0.471,0.275,0.159,0.160,0.00,444.00
2237,Runner,0.255,0.471,0.274,0.148,0.147,0.00,304.00
2238,Runner,0.255,0.471,0.274,0.140,0.157,2.80,567.00
2239,Pursuer,0.255,0.471,0.274,0.152,0.143,0.00,307.00
2240,Pursuer,0.255,0.471,0.274,0.165,0.156,0.00,193.00
2241,Pursuer,0.255,0.471,0.274,0.178,0.122,0.00,124.00
2242,Pursuer,0.255,0.471,0.274,0.153,0.175,0.00,199.00
2243,Runner,0.255,0.471,0.274,0.168,0.152,0.00,170.00
2244,Pursuer,0.255,0.471,0.274,0.147,0.145,0.00,431.00
2245,Pursuer,0.255,0.472,0.273,0.146,0.137,0.00,398.00
2246,Runner,0.255,0.472,0.273,0.180,0.163,0.00,74.00
2247,Pursuer,0.255,0.472,0.273,0.176,0.133,0.00,211.00
2248,Draw,0.255,0.472,0.274,0.151,0.147,15.76,999.00
2249,Runner,0.255,0.471,0.273,0.136,0.130,6.00,302.00
2250,Runner,0.256,0.471,0.273,0.183,0.172,0.00,119.00
2251,Pursuer,0.255,0.471,0.273,0.157,0.159,0.00,145.00
2252,Runner,0.256,0.471,0.273,0.146,0.156,1.80,581.00
2253,Pursuer,0.256,0.471,0.273,0.145,0.128,0.00,300.00
2254,Runner,0.256,0.471,0.273,0.139,0.147,6.34,909.00
2255,Runner,0.256,0.471,0.273,0.144,0.146,0.00,663.00
2256,Pursuer,0.256,0.471,0.273,0.000,0.000,0.00,3.00
2257,Pursuer,0.256,0.471,0.272,0.148,0.120,0.00,180.00
2258,Pursuer,0.256,0.472,0.272,0.143,0.131,0.00,291.00
2259,Runner,0.256,0.471,0.272,0.491,0.513,0.02,1.00
2260,Pursuer,0.256,0.472,0.272,0.157,0.152,0.00,244.00
2261,Draw,0.256,0.471,0.272,0.148,0.147,0.00,999.00
2262,Pursuer,0.256,0.472,0.272,0.088,0.195,0.00,20.00
2263,Pursuer,0.256,0.472,0.272,0.136,0.141,0.00,519.00
2264,Runner,0.256,0.472,0.272,0.000,0.000,0.00,1.00
2265,Pursuer,0.256,0.472,0.272,0.128,0.153,0.00,192.00
2266,Pursuer,0.256,0.472,0.272,0.148,0.145,0.00,296.00
2267,Runner,0.256,0.472,0.272,0.118,0.145,0.00,73.00
2268,Runner,0.257,0.472,0.272,0.140,0.137,0.94,47.00
2269,Pursuer,0.257,0.472,0.271,0.158,0.149,0.00,143.00
2270,Runner,0.257,0.472,0.271,0.117,0.151,7.94,433.00
2271,Runner,0.257,0.472,0.271,0.152,0.166,0.00,130.00
2272,Draw,0.257,0.471,0.272,0.143,0.148,19.98,999.00
2273,Pursuer,0.257,0.472,0.271,0.139,0.143,0.00,523.00
2274,Pursuer,0.257,0.472,0.271,0.159,0.105,0.00,54.00
2275,Pursuer,0.257,0.472,0.271,0.155,0.140,0.00,110.00
2276,Pursuer,0.257,0.472,0.271,0.140,0.156,0.00,95.00
2277,Pursuer,0.256,0.473,0.271,0.146,0.126,0.00,147.00
2278,Pursuer,0.256,0.473,0.271,0.169,0.138,0.00,170.00
2279,Runner,0.257,0.473,0.271,0.128,0.163,3.76,287.00
2280,Pursuer,0.257,0.473,0.271,0.156,0.152,0.00,967.00
2281,Runner,0.257,0.473,0.270,0.151,0.165,0.00,292.00
2282,Runner,0.257,0.472,0.270,0.125,0.153,0.00,56.00
2283,Pursuer,0.257,0.473,0.270,0.151,0.134,0.00,68.00
2284,Pursuer,0.257,0.473,0.270,0.181,0.154,0.00,465.00
2285,Pursuer,0.257,0.473,0.270,0.159,0.136,0.00,432.00
2286,Runner,0.257,0.473,0.270,0.199,0.165,0.00,99.00
2287,Pursuer,0.257,0.473,0.270,0.178,0.148,0.00,114.00
2288,Pursuer,0.257,0.473,0.270,0.138,0.167,0.00,443.00
2289,Runner,0.257,0.473,0.270,0.000,0.000,0.00,1.00
2290,Pursuer,0.257,0.473,0.269,0.150,0.135,0.00,614.00
2291,Runner,0.258,0.473,0.269,0.144,0.155,0.00,250.00
2292,Pursuer,0.257,0.473,0.269,0.172,0.121,0.00,19.00
2293,Pursuer,0.257,0.474,0.269,0.148,0.146,0.00,379.00
2294,Pursuer,0.257,0.474,0.269,0.148,0.138,0.00,556.00
2295,Runner,0.258,0.474,0.269,0.162,0.139,1.38,243.00
2296,Draw,0.257,0.473,0.269,0.150,0.148,16.14,999.00
2297,Draw,0.257,0.473,0.269,0.157,0.141,15.38,999.00
2298,Runner,0.258,0.473,0.269,0.130,0.144,4.26,350.00
2299,Runner,0.258,0.473,0.269,0.148,0.134,0.00,216.00
2300,Runner,0.258,0.473,0.269,0.150,0.160,2.18,376.00
2301,Pursuer,0.258,0.473,0.269,0.163,0.153,0.00,199.00
2302,Pursuer,0.258,0.473,0.269,0.139,0.125,0.00,105.00
2303,Pursuer,0.258,0.473,0.269,0.160,0.150,0.00,101.00
2304,Pursuer,0.258,0.474,0.269,0.147,0.155,0.00,527.00
2305,Pursuer,0.258,0.474,0.269,0.164,0.121,0.00,81.00
2306,Pursuer,0.258,0.474,0.268,0.178,0.152,0.00,133.00
2307,Runner,0.258,0.474,0.268,0.135,0.141,4.74,244.00
2308,Runner,0.258,0.474,0.268,0.138,0.146,0.00,185.00
2309,Runner,0.259,0.473,0.268,0.152,0.149,0.00,243.00
2310,Pursuer,0.258,0.474,0.268,0.154,0.136,0.00,210.00
2311,Runner,0.259,0.473,0.268,0.156,0.147,3.50,300.00
2312,Runner,0.259,0.473,0.268,0.139,0.145,3.70,429.00
2313,Runner,0.259,0.473,0.268,0.136,0.151,0.00,262.00
2314,Pursuer,0.259,0.473,0.268,0.147,0.136,0.00,369.00
2315,Runner,0.260,0.473,0.267,0.159,0.163,0.00,163.00
2316,Pursuer,0.259,0.473,0.267,0.150,0.154,0.00,282.00
2317,Runner,0.260,0.473,0.267,0.133,0.124,0.26,135.00
2318,Runner,0.260,0.473,0.267,0.156,0.147,2.76,141.00
2319,Runner,0.260,0.473,0.267,0.148,0.146,7.36,759.00
2320,Pursuer,0.260,0.473,0.267,0.153,0.142,0.00,179.00
2321,Runner,0.261,0.473,0.267,0.145,0.150,2.70,502.00
2322,Pursuer,0.261,0.473,0.267,0.135,0.134,0.00,96.00
2323,Pursuer,0.260,0.473,0.266,0.145,0.152,0.00,597.00
2324,Pursuer,0.260,0.473,0.266,0.164,0.152,0.00,387.00
2325,Pursuer,0.260,0.474,0.266,0.153,0.135,0.00,394.00
2326,Pursuer,0.260,0.474,0.266,0.144,0.122,0.00,13.00
2327,Pursuer,0.260,0.474,0.266,0.156,0.158,0.00,676.00
2328,Pursuer,0.260,0.474,0.266,0.161,0.177,0.00,57.00
2329,Pursuer,0.260,0.474,0.266,0.153,0.144,0.00,445.00
2330,Pursuer,0.260,0.475,0.266,0.145,0.146,0.00,381.00
2331,Pursuer,0.260,0.475,0.266,0.145,0.150,0.00,284.00
2332,Runner,0.260,0.475,0.265,0.133,0.115,0.00,23.00
2333,Pursuer,0.260,0.475,0.265,0.142,0.142,0.00,357.00
2334,Pursuer,0.260,0.475,0.265,0.133,0.148,0.00,401.00
2335,Pursuer,0.260,0.475,0.265,0.185,0.104,0.00,91.00
2336,Pursuer,0.259,0.476,0.265,0.161,0.139,0.00,180.00
2337,Runner,0.260,0.475,0.265,0.147,0.140,11.86,714.00
2338,Pursuer,0.260,0.476,0.265,0.167,0.155,0.00,142.00
2339,Runner,0.260,0.475,0.265,0.227,0.353,0.08,4.00
2340,Runner,0.260,0.475,0.265,0.147,0.149,0.00,224.00
2341,Pursuer,0.260,0.475,0.264,0.146,0.150,0.00,20.00
2342,Runner,0.260,0.475,0.264,0.151,0.132,1.44,333.00
2343,Draw,0.260,0.475,0.265,0.139,0.140,14.16,999.00
2344,Pursuer,0.260,0.475,0.265,0.153,0.159,0.00,570.00
2345,Pursuer,0.260,0.475,0.264,0.074,0.052,0.00,8.00
2346,Pursuer,0.260,0.476,0.264,0.100,0.120,0.00,21.00
2347,Pursuer,0.260,0.476,0.264,0.131,0.156,0.00,233.00
2348,Pursuer,0.260,0.476,0.264,0.181,0.148,0.00,128.00
2349,Pursuer,0.260,0.476,0.264,0.142,0.148,0.00,608.00
2350,Draw,0.260,0.476,0.264,0.142,0.140,9.32,999.00
2351,Runner,0.260,0.476,0.264,0.176,0.146,0.64,260.00
2352,Pursuer,0.260,0.476,0.264,0.144,0.147,0.00,815.00
2353,Runner,0.260,0.476,0.264,0.140,0.145,0.42,336.00
2354,Pursuer,0.260,0.476,0.264,0.132,0.144,0.00,522.00
2355,Pursuer,0.260,0.476,0.264,0.144,0.295,0.00,4.00
2356,Runner,0.260,0.476,0.264,0.150,0.115,0.00,166.00
2357,Pursuer,0.260,0.476,0.263,0.153,0.155,0.00,422.00
2358,Runner,0.260,0.476,0.263,0.140,0.145,2.58,441.00
2359,Pursuer,0.260,0.476,0.263,0.148,0.145,0.00,748.00
2360,Runner,0.261,0.476,0.263,0.133,0.128,2.52,476.00
2361,Runner,0.261,0.476,0.263,0.147,0.118,1.76,224.00
2362,Pursuer,0.261,0.476,0.263,0.126,0.142,0.00,45.00
2363,Pursuer,0.261,0.477,0.263,0.142,0.156,0.00,327.00
2364,Runner,0.261,0.476,0.263,0.156,0.147,6.04,351.00
2365,Runner,0.261,0.476,0.263,0.231,0.168,0.20,10.00
2366,Runner,0.262,0.476,0.262,0.153,0.145,6.90,408.00
2367,Pursuer,0.262,0.476,0.262,0.000,0.000,0.00,1.00
2368,Runner,0.262,0.476,0.262,0.124,0.121,0.00,105.00
2369,Pursuer,0.262,0.476,0.262,0.148,0.186,0.00,165.00
2370,Runner,0.262,0.476,0.262,0.128,0.159,0.00,79.00
2371,Pursuer,0.262,0.476,0.262,0.122,0.130,0.00,414.00
2372,Pursuer,0.262,0.476,0.262,0.110,0.135,0.00,86.00
2373,Runner,0.262,0.476,0.262,0.138,0.149,3.10,344.00
2374,Runner,0.262,0.476,0.262,0.131,0.139,0.00,116.00
2375,Runner,0.263,0.476,0.261,0.143,0.134,0.00,385.00
2376,Pursuer,0.263,0.476,0.261,0.000,0.000,0.00,1.00
2377,Runner,0.263,0.476,0.261,0.125,0.147,0.00,81.00
2378,Pursuer,0.263,0.476,0.261,0.141,0.138,0.00,527.00
2379,Draw,0.263,0.476,0.261,0.146,0.164,17.64,999.00
2380,Pursuer,0.263,0.476,0.261,0.166,0.141,0.00,42.00
2381,Pursuer,0.262,0.476,0.261,0.137,0.138,0.00,84.00
2382,Draw,0.262,0.476,0.262,0.150,0.149,19.14,999.00
2383,Runner,0.263,0.476,0.261,0.159,0.146,3.16,298.00
2384,Runner,0.263,0.476,0.261,0.147,0.132,0.00,426.00
2385,Pursuer,0.263,0.476,0.261,0.157,0.152,0.00,390.00
2386,Pursuer,0.263,0.476,0.261,0.171,0.124,0.00,91.00
2387,Runner,0.263,0.476,0.261,0.160,0.175,0.00,194.00
2388,Pursuer,0.263,0.476,0.261,0.146,0.122,0.00,141.00
2389,Pursuer,0.263,0.476,0.261,0.146,0.142,0.00,447.00
2390,Pursuer,0.263,0.477,0.261,0.162,0.182,0.00,17.00
2391,Pursuer,0.263,0.477,0.261,0.163,0.146,0.00,205.00
2392,Pursuer,0.263,0.477,0.260,0.144,0.153,0.00,460.00
2393,Pursuer,0.262,0.477,0.260,0.142,0.166,0.00,129.00
2394,Pursuer,0.262,0.477,0.260,0.105,0.136,0.00,228.00
2395,Pursuer,0.262,0.478,0.260,0.130,0.175,0.00,71.00
2396,Pursuer,0.262,0.478,0.260,0.162,0.117,0.00,75.00
2397,Runner,0.262,0.478,0.260,0.000,0.000,0.00,1.00
2398,Runner,0.263,0.477,0.260,0.131,0.149,6.30,373.00
2399,Pursuer,0.263,0.478,0.260,0.151,0.149,0.00,147.00
2400,Runner,0.263,0.478,0.260,0.150,0.157,5.52,601.00
2401,Pursuer,0.263,0.478,0.259,0.171,0.173,0.00,73.00
2402,Pursuer,0.263,0.478,0.259,0.142,0.142,0.00,541.00
2403,Draw,0.263,0.478,0.260,0.147,0.158,18.28,999.00
2404,Pursuer,0.262,0.478,0.260,0.145,0.157,0.00,110.00
2405,Pursuer,0.262,0.478,0.259,0.142,0.124,0.00,494.00
2406,Pursuer,0.262,0.478,0.259,0.213,0.129,0.00,8.00
2407,Pursuer,0.262,0.479,0.259,0.154,0.158,0.00,195.00
2408,Pursuer,0.262,0.479,0.259,0.132,0.157,0.00,246.00
2409,Pursuer,0.262,0.479,0.259,0.140,0.121,0.00,6.00
2410,Draw,0.262,0.479,0.259,0.152,0.150,0.00,999.00
2411,Runner,0.262,0.479,0.259,0.139,0.153,0.00,176.00
2412,Runner,0.262,0.478,0.259,0.148,0.151,6.06,373.00
2413,Runner,0.263,0.478,0.259,0.147,0.139,0.88,298.00
2414,Pursuer,0.263,0.478,0.259,0.146,0.133,0.00,49.00
2415,Runner,0.263,0.478,0.259,0.155,0.139,0.00,223.00
2416,Pursuer,0.263,0.478,0.259,0.133,0.208,0.00,6.00
2417,Pursuer,0.263,0.479,0.259,0.144,0.152,0.00,889.00
2418,Runner,0.263,0.478,0.258,0.159,0.128,0.00,207.00
2419,Runner,0.263,0.478,0.258,0.163,0.161,3.12,379.00
2420,Pursuer,0.263,0.479,0.258,0.145,0.124,0.00,196.00
2421,Pursuer,0.263,0.479,0.258,0.156,0.143,0.00,58.00
2422,Runner,0.263,0.479,0.258,0.154,0.151,0.02,475.00
2423,Pursuer,0.263,0.479,0.258,0.142,0.163,0.00,322.00
2424,Pursuer,0.263,0.479,0.258,0.128,0.152,0.00,461.00
2425,Pursuer,0.263,0.479,0.258,0.145,0.153,0.00,674.00
2426,Runner,0.263,0.479,0.258,0.151,0.155,0.00,253.00
2427,Pursuer,0.263,0.479,0.258,0.142,0.123,0.00,228.00
2428,Draw,0.263,0.479,0.258,0.154,0.146,14.68,999.00
2429,Runner,0.263,0.479,0.258,0.149,0.127,3.18,233.00
2430,Pursuer,0.263,0.479,0.258,0.148,0.141,0.00,511.00
2431,Runner,0.264,0.479,0.258,0.144,0.150,4.26,313.00
2432,Runner,0.264,0.479,0.257,0.169,0.151,6.88,344.00
2433,Pursuer,0.264,0.479,0.257,0.134,0.141,0.00,294.00
2434,Runner,0.264,0.479,0.257,0.146,0.145,1.68,208.00
2435,Draw,0.264,0.478,0.257,0.144,0.149,14.30,999.00
2436,Draw,0.264,0.478,0.258,0.143,0.139,15.64,999.00
2437,Pursuer,0.264,0.478,0.258,0.155,0.146,0.00,248.00
2438,Runner,0.264,0.478,0.258,0.149,0.202,0.72,225.00
2439,Runner,0.264,0.478,0.257,0.144,0.151,0.00,132.00
2440,Pursuer,0.264,0.478,0.257,0.180,0.140,0.00,164.00
2441,Runner,0.265,0.478,0.257,0.146,0.152,10.42,668.00
2442,Runner,0.265,0.478,0.257,0.162,0.137,0.00,263.00
2443,Runner,0.265,0.478,0.257,0.144,0.143,1.68,506.00
2444,Pursuer,0.265,0.478,0.257,0.166,0.147,0.00,384.00
2445,Pursuer,0.265,0.478,0.257,0.154,0.128,0.00,148.00
2446,Runner,0.265,0.478,0.257,0.153,0.157,7.06,546.00
2447,Runner,0.266,0.478,0.257,0.142,0.163,0.00,242.00
2448,Pursuer,0.266,0.478,0.257,0.167,0.131,0.00,495.00
2449,Pursuer,0.265,0.478,0.256,0.187,0.143,0.00,325.00
2450,Pursuer,0.265,0.478,0.256,0.135,0.150,0.00,460.00
2451,Draw,0.265,0.478,0.257,0.148,0.144,19.34,999.00
2452,Pursuer,0.265,0.478,0.257,0.151,0.152,0.00,166.00
2453,Runner,0.265,0.478,0.256,0.140,0.141,0.00,240.00
2454,Runner,0.266,0.478,0.256,0.045,0.088,0.00,6.00
2455,Pursuer,0.266,0.478,0.256,0.151,0.135,0.00,637.00
2456,Runner,0.266,0.478,0.256,0.127,0.151,0.18,157.00
2457,Pursuer,0.266,0.478,0.256,0.165,0.152,0.00,217.00
2458,Pursuer,0.266,0.478,0.256,0.080,0.157,0.00,11.00
2459,Pursuer,0.266,0.479,0.256,0.142,0.143,0.00,325.00
2460,Pursuer,0.265,0.479,0.256,0.147,0.134,0.00,560.00
2461,Pursuer,0.265,0.479,0.256,0.133,0.132,0.00,646.00
2462,Pursuer,0.265,0.479,0.255,0.158,0.138,0.00,175.00
2463,Pursuer,0.265,0.479,0.255,0.151,0.146,0.00,84.00
2464,Pursuer,0.265,0.480,0.255,0.155,0.148,0.00,344.00
2465,Runner,0.265,0.480,0.255,0.138,0.152,12.22,826.00
2466,Pursuer,0.265,0.480,0.255,0.128,0.142,0.00,253.00
2467,Pursuer,0.265,0.480,0.255,0.162,0.136,0.00,228.00
2468,Runner,0.265,0.480,0.255,0.172,0.092,0.00,29.00
2469,Runner,0.266,0.480,0.255,0.147,0.151,3.18,228.00
2470,Pursuer,0.266,0.480,0.255,0.147,0.157,0.00,184.00
2471,Runner,0.266,0.480,0.255,0.171,0.140,1.66,230.00
2472,Runner,0.266,0.479,0.254,0.143,0.153,3.54,237.00
2473,Runner,0.266,0.479,0.254,0.153,0.153,2.86,321.00
2474,Runner,0.267,0.479,0.254,0.157,0.163,5.82,353.00
2475,Runner,0.267,0.479,0.254,0.124,0.123,1.30,488.00
2476,Pursuer,0.267,0.479,0.254,0.147,0.169,0.00,213.00
2477,Pursuer,0.267,0.479,0.254,0.163,0.128,0.00,127.00
2478,Pursuer,0.267,0.479,0.254,0.000,0.000,0.00,4.00
2479,Pursuer,0.267,0.480,0.254,0.161,0.175,0.00,26.00
2480,Runner,0.267,0.479,0.254,0.146,0.154,3.72,265.00
2481,Runner,0.267,0.479,0.254,0.134,0.158,0.84,469.00
2482,Draw,0.267,0.479,0.254,0.153,0.151,0.64,999.00
2483,Runner,0.267,0.479,0.254,0.153,0.148,0.00,674.00
2484,Runner,0.268,0.479,0.254,0.126,0.158,0.98,108.00
2485,Pursuer,0.268,0.479,0.254,0.154,0.131,0.00,853.00
2486,Runner,0.268,0.479,0.253,0.141,0.146,0.32,251.00
2487,Pursuer,0.268,0.479,0.253,0.000,0.000,0.00,1.00
2488,Runner,0.268,0.479,0.253,0.123,0.370,0.00,4.00
2489,Runner,0.268,0.479,0.253,0.139,0.140,9.74,685.00
2490,Pursuer,0.268,0.479,0.253,0.175,0.139,0.00,203.00
2491,Runner,0.269,0.479,0.253,0.148,0.138,1.46,422.00
2492,Pursuer,0.268,0.479,0.253,0.155,0.129,0.00,509.00
2493,Runner,0.269,0.479,0.253,0.149,0.145,0.90,345.00
2494,Pursuer,0.269,0.479,0.253,0.141,0.136,0.00,312.00
2495,Pursuer,0.269,0.479,0.253,0.129,0.137,0.00,417.00
2496,Pursuer,0.268,0.479,0.252,0.134,0.166,0.00,80.00
2497,Pursuer,0.268,0.479,0.252,0.128,0.131,0.00,137.00
2498,Pursuer,0.268,0.480,0.252,0.150,0.150,0.00,238.00
2499,Pursuer,0.268,0.480,0.252,0.150,0.140,0.00,150.00
2500,Pursuer,0.268,0.480,0.252,0.169,0.056,0.00,10.00
2501,Runner,0.268,0.480,0.252,0.000,0.000,0.02,1.00
2502,Pursuer,0.268,0.480,0.252,0.186,0.159,0.00,38.00
2503,Pursuer,0.268,0.480,0.252,0.144,0.135,0.00,333.00
2504,Pursuer,0.268,0.480,0.252,0.000,0.000,0.00,3.00
2505,Runner,0.268,0.480,0.251,0.138,0.143,6.10,333.00
2506,Pursuer,0.268,0.480,0.251,0.162,0.159,0.00,132.00
2507,Pursuer,0.268,0.481,0.251,0.132,0.154,0.00,486.00
2508,Pursuer,0.268,0.481,0.251,0.143,0.154,0.00,512.00
2509,Pursuer,0.268,0.481,0.251,0.151,0.154,0.00,454.00
2510,Pursuer,0.268,0.481,0.251,0.157,0.137,0.00,269.00
2511,Runner,0.268,0.481,0.251,0.144,0.139,9.36,722.00
2512,Pursuer,0.268,0.481,0.251,0.165,0.152,0.00,348.00
2513,Runner,0.268,0.481,0.251,0.139,0.145,0.00,83.00
2514,Pursuer,0.268,0.481,0.251,0.156,0.133,0.00,742.00
2515,Pursuer,0.268,0.482,0.250,0.079,0.286,0.00,3.00
2516,Runner,0.268,0.481,0.250,0.148,0.142,0.00,120.00
2517,Pursuer,0.268,0.482,0.250,0.142,0.121,0.00,235.00
2518,Pursuer,0.268,0.482,0.250,0.162,0.139,0.00,536.00
2519,Pursuer,0.268,0.482,0.250,0.139,0.143,0.00,601.00
2520,Pursuer,0.268,0.482,0.250,0.144,0.163,0.00,206.00
2521,Pursuer,0.268,0.482,0.250,0.138,0.188,0.00,125.00
2522,Pursuer,0.268,0.483,0.250,0.246,0.161,0.00,55.00
2523,Runner,0.268,0.482,0.250,0.151,0.140,7.68,432.00
2524,Pursuer,0.268,0.483,0.250,0.149,0.142,0.00,470.00
2525,Runner,0.268,0.482,0.250,0.160,0.151,3.92,389.00
2526,Runner,0.268,0.482,0.249,0.129,0.174,0.26,182.00
2527,Pursuer,0.268,0.482,0.249,0.136,0.148,0.00,376.00
2528,Runner,0.269,0.482,0.249,0.215,0.189,0.24,73.00
2529,Pursuer,0.268,0.482,0.249,0.142,0.147,0.00,553.00
2530,Pursuer,0.268,0.483,0.249,0.149,0.154,0.00,298.00
2531,Pursuer,0.268,0.483,0.249,0.123,0.118,0.00,162.00
2532,Runner,0.269,0.483,0.249,0.156,0.145,0.00,342.00
2533,Runner,0.269,0.482,0.249,0.144,0.126,0.00,641.00
2534,Pursuer,0.269,0.483,0.249,0.142,0.222,0.00,6.00
2535,Runner,0.269,0.482,0.249,0.129,0.161,1.22,451.00
2536,Pursuer,0.269,0.483,0.248,0.137,0.137,0.00,364.00
2537,Runner,0.269,0.482,0.248,0.147,0.150,7.16,395.00
2538,Pursuer,0.269,0.483,0.248,0.152,0.148,0.00,639.00
2539,Runner,0.269,0.482,0.248,0.145,0.150,9.20,520.00
2540,Pursuer,0.269,0.483,0.248,0.147,0.149,0.00,831.00
2541,Pursuer,0.269,0.483,0.248,0.117,0.186,0.00,92.00
2542,Pursuer,0.269,0.483,0.248,0.145,0.141,0.00,76.00
2543,Runner,0.269,0.483,0.248,0.164,0.143,0.00,107.00
2544,Pursuer,0.269,0.483,0.248,0.148,0.140,0.00,99.00
2545,Pursuer,0.269,0.483,0.248,0.158,0.146,0.00,993.00
2546,Pursuer,0.269,0.484,0.247,0.200,0.142,0.00,139.00
2547,Runner,0.269,0.483,0.247,0.138,0.172,6.60,353.00
2548,Runner,0.270,0.483,0.247,0.101,0.106,0.00,42.00
2549,Runner,0.270,0.483,0.247,0.132,0.150,7.20,360.00
2550,Draw,0.270,0.483,0.247,0.148,0.152,11.24,999.00
2551,Runner,0.270,0.483,0.247,0.147,0.134,0.90,529.00
2552,Pursuer,0.270,0.483,0.247,0.154,0.135,0.00,480.00
2553,Draw,0.270,0.483,0.248,0.153,0.142,15.76,999.00
2554,Runner,0.270,0.482,0.247,0.000,0.000,0.00,0.00
2555,Runner,0.270,0.482,0.247,0.148,0.182,3.06,153.00
2556,Draw,0.270,0.482,0.248,0.149,0.138,19.98,999.00
2557,Runner,0.271,0.482,0.248,0.126,0.147,5.36,359.00
2558,Pursuer,0.271,0.482,0.247,0.159,0.158,0.00,264.00
2559,Pursuer,0.270,0.482,0.247,0.145,0.143,0.00,401.00
2560,Draw,0.270,0.482,0.248,0.156,0.145,14.26,999.00
2561,Runner,0.271,0.482,0.248,0.133,0.145,1.30,389.00
2562,Runner,0.271,0.482,0.247,0.148,0.153,3.58,273.00
2563,Pursuer,0.271,0.482,0.247,0.154,0.116,0.00,37.00
2564,Pursuer,0.271,0.482,0.247,0.169,0.180,0.00,193.00
2565,Pursuer,0.271,0.482,0.247,0.134,0.193,0.00,80.00
2566,Pursuer,0.270,0.482,0.247,0.153,0.154,0.00,600.00
2567,Runner,0.271,0.482,0.247,0.141,0.131,0.80,234.00
2568,Pursuer,0.271,0.482,0.247,0.142,0.141,0.00,529.00
2569,Pursuer,0.271,0.483,0.247,0.170,0.142,0.00,295.00
2570,Runner,0.271,0.482,0.247,0.160,0.130,1.06,206.00
2571,Pursuer,0.271,0.483,0.247,0.138,0.154,0.00,424.00
2572,Pursuer,0.271,0.483,0.247,0.145,0.157,0.00,758.00
2573,Runner,0.271,0.483,0.246,0.161,0.143,0.00,74.00
2574,Pursuer,0.271,0.483,0.246,0.179,0.139,0.00,129.00
2575,Runner,0.271,0.483,0.246,0.135,0.143,0.00,301.00
2576,Runner,0.271,0.483,0.246,0.152,0.160,9.80,543.00
2577,Runner,0.272,0.482,0.246,0.160,0.135,0.00,50.00
2578,Runner,0.272,0.482,0.246,0.159,0.148,0.00,438.00
2579,Draw,0.272,0.482,0.246,0.146,0.157,17.14,999.00
2580,Runner,0.272,0.482,0.246,0.172,0.149,4.02,201.00
2581,Pursuer,0.272,0.482,0.246,0.140,0.153,0.00,428.00
2582,Pursuer,0.272,0.482,0.246,0.154,0.146,0.00,203.00
2583,Runner,0.272,0.482,0.246,0.129,0.132,0.00,274.00
2584,Runner,0.272,0.482,0.246,0.136,0.161,3.28,316.00
2585,Pursuer,0.272,0.482,0.246,0.166,0.140,0.00,530.00
2586,Pursuer,0.272,0.482,0.246,0.143,0.150,0.00,502.00
2587,Pursuer,0.272,0.482,0.245,0.147,0.161,0.00,398.00
2588,Pursuer,0.272,0.483,0.245,0.136,0.142,0.00,417.00
2589,Pursuer,0.272,0.483,0.245,0.143,0.135,0.00,236.00
2590,Pursuer,0.272,0.483,0.245,0.089,0.132,0.00,83.00
2591,Pursuer,0.272,0.483,0.245,0.174,0.162,0.00,104.00
2592,Pursuer,0.272,0.483,0.245,0.160,0.125,0.00,162.00
2593,Pursuer,0.272,0.484,0.245,0.161,0.124,0.00,63.00
2594,Runner,0.272,0.483,0.245,0.149,0.137,2.04,585.00
2595,Pursuer,0.272,0.484,0.245,0.140,0.137,0.00,298.00
2596,Runner,0.272,0.483,0.245,0.134,0.150,3.42,233.00
2597,Runner,0.272,0.483,0.245,0.127,0.154,2.46,362.00
2598,Runner,0.273,0.483,0.244,0.142,0.135,18.72,992.00
2599,Draw,0.272,0.483,0.245,0.142,0.148,0.00,999.00
2600,Pursuer,0.272,0.483,0.245,0.758,1.006,0.00,1.00
2601,Pursuer,0.272,0.483,0.245,0.134,0.195,0.00,13.00
2602,Pursuer,0.272,0.483,0.244,0.178,0.134,0.00,141.00
2603,Pursuer,0.272,0.484,0.244,0.157,0.148,0.00,305.00
2604,Runner,0.272,0.483,0.244,0.144,0.154,0.00,115.00
2605,Runner,0.273,0.483,0.244,0.150,0.146,0.00,371.00
2606,Pursuer,0.272,0.483,0.244,0.144,0.153,0.00,930.00
2607,Runner,0.273,0.483,0.244,0.151,0.138,3.78,378.00
2608,Runner,0.273,0.483,0.244,0.177,0.131,1.20,336.00
2609,Runner,0.273,0.483,0.244,0.152,0.176,4.92,464.00
2610,Runner,0.274,0.483,0.244,0.127,0.120,0.00,294.00
2611,Pursuer,0.273,0.483,0.244,0.139,0.152,0.00,445.00
2612,Runner,0.274,0.483,0.243,0.114,0.152,0.90,79.00
2613,Pursuer,0.274,0.483,0.243,0.133,0.156,0.00,441.00
2614,Pursuer,0.274,0.483,0.243,0.140,0.153,0.00,684.00
2615,Pursuer,0.273,0.483,0.243,0.162,0.157,0.00,182.00
2616,Pursuer,0.273,0.484,0.243,0.171,0.141,0.00,239.00
2617,Runner,0.274,0.483,0.243,0.146,0.150,1.30,278.00
2618,Runner,0.274,0.483,0.243,0.142,0.162,0.00,356.00
2619,Draw,0.274,0.483,0.243,0.150,0.151,17.04,999.00
2620,Pursuer,0.274,0.483,0.243,0.149,0.151,0.00,853.00
2621,Runner,0.274,0.483,0.243,0.142,0.158,4.76,496.00
2622,Pursuer,0.274,0.483,0.243,0.138,0.137,0.00,263.00
2623,Runner,0.274,0.483,0.243,0.136,0.155,3.04,344.00
2624,Runner,0.274,0.483,0.243,0.142,0.152,1.20,318.00
2625,Runner,0.275,0.483,0.243,0.144,0.157,0.00,334.00
2626,Pursuer,0.275,0.483,0.243,0.038,0.074,0.00,9.00
2627,Pursuer,0.274,0.483,0.242,0.165,0.120,0.00,354.00
2628,Pursuer,0.274,0.483,0.242,0.158,0.169,0.00,501.00
2629,Runner,0.275,0.483,0.242,0.148,0.146,7.22,390.00
2630,Pursuer,0.275,0.483,0.242,0.161,0.131,0.00,534.00
2631,Pursuer,0.274,0.483,0.242,0.162,0.141,0.00,571.00
2632,Pursuer,0.274,0.484,0.242,0.149,0.181,0.00,71.00
2633,Runner,0.275,0.483,0.242,0.159,0.143,3.82,439.00
2634,Pursuer,0.274,0.484,0.242,0.156,0.153,0.00,246.00
2635,Runner,0.275,0.483,0.242,0.139,0.156,0.00,334.00
2636,Pursuer,0.275,0.484,0.242,0.140,0.148,0.00,99.00
2637,Pursuer,0.275,0.484,0.242,0.139,0.128,0.00,515.00
2638,Pursuer,0.274,0.484,0.241,0.134,0.175,0.00,204.00
2639,Draw,0.274,0.484,0.242,0.148,0.142,15.12,999.00
2640,Pursuer,0.274,0.484,0.242,0.166,0.166,0.00,367.00
2641,Pursuer,0.274,0.484,0.242,0.146,0.143,0.00,458.00
2642,Pursuer,0.274,0.484,0.241,0.120,0.150,0.00,61.00
2643,Pursuer,0.274,0.485,0.241,0.132,0.116,0.00,230.00
2644,Runner,0.274,0.484,0.241,0.126,0.141,0.00,154.00
2645,Runner,0.274,0.484,0.241,0.143,0.147,3.52,319.00
2646,Pursuer,0.274,0.485,0.241,0.136,0.139,0.00,907.00
2647,Runner,0.275,0.484,0.241,0.159,0.160,1.34,256.00
2648,Pursuer,0.275,0.485,0.241,0.160,0.100,0.00,32.00
2649,Runner,0.275,0.484,0.241,0.171,0.182,0.00,21.00
2650,Runner,0.275,0.484,0.241,0.147,0.138,5.12,277.00
2651,Pursuer,0.275,0.484,0.241,0.111,0.183,0.00,28.00
2652,Runner,0.275,0.484,0.241,0.137,0.141,1.98,416.00
2653,Runner,0.276,0.484,0.240,0.142,0.158,0.00,705.00
2654,Runner,0.276,0.484,0.240,0.121,0.146,0.00,239.00
2655,Runner,0.276,0.484,0.240,0.129,0.122,0.94,161.00
2656,Runner,0.276,0.483,0.240,0.144,0.151,0.00,504.00
2657,Pursuer,0.276,0.484,0.240,0.143,0.147,0.00,686.00
2658,Pursuer,0.276,0.484,0.240,0.141,0.132,0.00,670.00
2659,Pursuer,0.276,0.484,0.240,0.139,0.147,0.00,105.00
2660,Pursuer,0.276,0.484,0.240,0.174,0.141,0.00,135.00
2661,Pursuer,0.276,0.484,0.240,0.148,0.176,0.00,176.00
2662,Pursuer,0.276,0.485,0.240,0.148,0.146,0.00,917.00
2663,Runner,0.276,0.484,0.240,0.149,0.176,6.68,577.00
2664,Pursuer,0.276,0.485,0.239,0.149,0.139,0.00,452.00
2665,Runner,0.276,0.484,0.239,0.163,0.154,3.98,411.00
2666,Runner,0.276,0.484,0.239,0.141,0.162,4.62,383.00
2667,Pursuer,0.276,0.484,0.239,0.142,0.157,0.00,402.00
2668,Pursuer,0.276,0.485,0.239,0.121,0.074,0.00,49.00
2669,Draw,0.276,0.484,0.239,0.158,0.146,15.62,999.00
2670,Pursuer,0.276,0.485,0.239,0.167,0.126,0.00,94.00
2671,Runner,0.276,0.484,0.239,0.148,0.126,0.52,446.00
2672,Runner,0.277,0.484,0.239,0.176,0.124,0.00,128.00
2673,Runner,0.277,0.484,0.239,0.136,0.131,1.44,468.00
2674,Pursuer,0.277,0.484,0.239,0.143,0.155,0.00,208.00
2675,Runner,0.277,0.484,0.239,0.137,0.141,5.34,445.00
2676,Pursuer,0.277,0.484,0.239,0.157,0.151,0.00,896.00
2677,Pursuer,0.277,0.484,0.239,0.116,0.110,0.00,64.00
2678,Pursuer,0.277,0.485,0.239,0.153,0.170,0.00,383.00
2679,Runner,0.277,0.485,0.239,0.143,0.132,5.40,530.00
2680,Runner,0.277,0.484,0.238,0.148,0.129,2.94,323.00
2681,Pursuer,0.277,0.485,0.238,0.161,0.179,0.00,43.00
2682,Pursuer,0.277,0.485,0.238,0.115,0.121,0.00,35.00
2683,Runner,0.277,0.485,0.238,0.141,0.134,5.20,292.00
2684,Pursuer,0.277,0.485,0.238,0.000,0.000,0.00,1.00
2685,Pursuer,0.277,0.485,0.238,0.154,0.150,0.00,731.00
2686,Runner,0.277,0.485,0.238,0.145,0.157,3.50,375.00
2687,Runner,0.278,0.485,0.238,0.167,0.149,0.00,149.00
2688,Pursuer,0.278,0.485,0.238,0.156,0.140,0.00,151.00
2689,Pursuer,0.277,0.485,0.238,0.139,0.130,0.00,259.00
2690,Pursuer,0.277,0.485,0.238,0.143,0.138,0.00,194.00
2691,Runner,0.278,0.485,0.237,0.152,0.166,1.70,319.00
2692,Pursuer,0.277,0.485,0.237,0.143,0.136,0.00,218.00
2693,Pursuer,0.277,0.485,0.237,0.241,0.285,0.00,8.00
2694,Pursuer,0.277,0.486,0.237,0.151,0.138,0.00,982.00
2695,Pursuer,0.277,0.486,0.237,0.164,0.150,0.00,416.00
2696,Runner,0.277,0.486,0.237,0.153,0.174,6.56,381.00
2697,Runner,0.278,0.485,0.237,0.231,0.177,0.00,12.00
2698,Runner,0.278,0.485,0.237,0.132,0.131,1.90,95.00
2699,Runner,0.278,0.485,0.237,0.155,0.126,5.32,358.00
2700,Draw,0.278,0.485,0.237,0.156,0.151,16.28,999.00
2701,Pursuer,0.278,0.485,0.237,0.195,0.153,0.00,97.00
2702,Runner,0.278,0.485,0.237,0.139,0.142,0.00,325.00
2703,Runner,0.279,0.485,0.237,0.170,0.153,0.00,147.00
2704,Runner,0.279,0.484,0.237,0.149,0.165,1.12,176.00
2705,Runner,0.279,0.484,0.237,0.154,0.163,8.72,758.00
2706,Runner,0.279,0.484,0.237,0.141,0.155,0.00,589.00
2707,Draw,0.279,0.484,0.237,0.157,0.124,0.00,999.00
2708,Runner,0.280,0.484,0.237,0.143,0.166,3.28,177.00
2709,Runner,0.280,0.484,0.237,0.148,0.138,1.60,350.00
2710,Pursuer,0.280,0.484,0.237,0.179,0.161,0.00,46.00
2711,Draw,0.280,0.484,0.237,0.148,0.152,18.04,999.00
2712,Runner,0.280,0.483,0.237,0.133,0.154,3.54,311.00
2713,Runner,0.280,0.483,0.237,0.126,0.109,0.20,10.00
2714,Runner,0.280,0.483,0.237,0.134,0.158,0.60,202.00
2715,Pursuer,0.280,0.483,0.236,0.145,0.152,0.00,177.00
2716,Pursuer,0.280,0.483,0.236,0.157,0.147,0.00,216.00
2717,Pursuer,0.280,0.484,0.236,0.144,0.135,0.00,130.00
2718,Runner,0.280,0.483,0.236,0.136,0.147,1.24,361.00
2719,Pursuer,0.280,0.484,0.236,0.136,0.145,0.00,451.00
2720,Pursuer,0.280,0.484,0.236,0.159,0.151,0.00,336.00
2721,Runner,0.280,0.484,0.236,0.164,0.153,2.46,311.00
2722,Pursuer,0.280,0.484,0.236,0.118,0.181,0.00,36.00
2723,Runner,0.281,0.484,0.236,0.133,0.172,1.08,58.00
2724,Runner,0.281,0.483,0.236,0.146,0.145,8.52,524.00
2725,Runner,0.281,0.483,0.236,0.137,0.145,1.10,295.00
2726,Pursuer,0.281,0.483,0.236,0.000,0.000,0.00,1.00
2727,Runner,0.281,0.483,0.235,0.139,0.162,0.00,275.00
2728,Pursuer,0.281,0.484,0.235,0.163,0.154,0.00,403.00
2729,Pursuer,0.281,0.484,0.235,0.128,0.145,0.00,215.00
2730,Pursuer,0.281,0.484,0.235,0.150,0.150,0.00,226.00
2731,Runner,0.281,0.484,0.235,0.153,0.152,0.00,429.00
2732,Pursuer,0.281,0.484,0.235,0.144,0.151,0.00,345.00
2733,Runner,0.281,0.484,0.235,0.152,0.138,1.88,526.00
2734,Runner,0.282,0.484,0.235,0.205,0.189,2.88,144.00
2735,Draw,0.282,0.483,0.235,0.147,0.112,0.00,999.00
2736,Runner,0.282,0.483,0.235,0.146,0.135,0.00,296.00
2737,Runner,0.282,0.483,0.235,0.145,0.139,1.04,511.00
2738,Pursuer,0.282,0.483,0.235,0.160,0.125,0.00,112.00
2739,Runner,0.282,0.483,0.235,0.140,0.135,1.58,471.00
2740,Pursuer,0.282,0.483,0.235,0.159,0.187,0.00,154.00
2741,Runner,0.282,0.483,0.235,0.159,0.141,0.00,350.00
2742,Runner,0.283,0.483,0.235,0.172,0.141,0.00,90.00
2743,Pursuer,0.283,0.483,0.234,0.147,0.134,0.00,547.00
2744,Pursuer,0.282,0.483,0.234,0.127,0.152,0.00,360.00
2745,Runner,0.283,0.483,0.234,0.157,0.138,3.86,616.00
2746,Pursuer,0.283,0.483,0.234,0.158,0.121,0.00,82.00
2747,Runner,0.283,0.483,0.234,0.167,0.137,0.00,198.00
2748,Runner,0.283,0.483,0.234,0.156,0.164,3.34,312.00
2749,Pursuer,0.283,0.483,0.234,0.163,0.135,0.00,306.00
2750,Pursuer,0.283,0.483,0.234,0.127,0.162,0.00,205.00
2751,Pursuer,0.283,0.483,0.234,0.123,0.140,0.00,258.00
2752,Runner,0.283,0.483,0.234,0.142,0.156,5.26,571.00
2753,Pursuer,0.283,0.483,0.234,0.151,0.136,0.00,110.00
2754,Runner,0.283,0.483,0.233,0.149,0.123,0.98,649.00
2755,Runner,0.283,0.483,0.233,0.161,0.116,0.00,166.00
2756,Draw,0.283,0.483,0.234,0.151,0.145,12.50,999.00
2757,Runner,0.284,0.483,0.234,0.139,0.131,5.28,264.00
2758,Pursuer,0.284,0.483,0.234,0.132,0.133,0.00,191.00
2759,Runner,0.284,0.483,0.233,0.134,0.138,1.00,378.00
2760,Pursuer,0.284,0.483,0.233,0.148,0.139,0.00,665.00
2761,Pursuer,0.284,0.483,0.233,0.164,0.151,0.00,191.00
2762,Pursuer,0.283,0.483,0.233,0.164,0.180,0.00,69.00
2763,Runner,0.284,0.483,0.233,0.153,0.151,7.30,567.00
2764,Runner,0.284,0.483,0.233,0.136,0.152,5.46,297.00
2765,Draw,0.284,0.483,0.233,0.130,0.141,18.32,999.00
2766,Pursuer,0.284,0.483,0.233,0.126,0.156,0.00,175.00
2767,Pursuer,0.284,0.483,0.233,0.153,0.161,0.00,955.00
2768,Runner,0.284,0.483,0.233,0.169,0.139,1.62,118.00
2769,Runner,0.284,0.483,0.233,0.157,0.128,0.00,271.00
2770,Pursuer,0.284,0.483,0.233,0.147,0.160,0.00,415.00
2771,Pursuer,0.284,0.483,0.233,0.135,0.150,0.00,481.00
2772,Pursuer,0.284,0.483,0.233,0.141,0.140,0.00,589.00
2773,Pursuer,0.284,0.484,0.233,0.124,0.156,0.00,147.00
2774,Pursuer,0.284,0.484,0.233,0.142,0.141,0.00,351.00
2775,Runner,0.284,0.484,0.232,0.122,0.186,3.00,216.00
2776,Pursuer,0.284,0.484,0.232,0.159,0.142,0.00,91.00
2777,Pursuer,0.284,0.484,0.232,0.165,0.135,0.00,789.00
2778,Runner,0.284,0.484,0.232,0.154,0.136,5.50,275.00
2779,Pursuer,0.284,0.484,0.232,0.164,0.174,0.00,157.00
2780,Runner,0.284,0.484,0.232,0.158,0.165,0.00,142.00
2781,Pursuer,0.284,0.484,0.232,0.134,0.162,0.00,6.00
2782,Pursuer,0.284,0.484,0.232,0.143,0.174,0.00,69.00
2783,Runner,0.284,0.484,0.232,0.164,0.129,1.32,318.00
2784,Runner,0.284,0.484,0.232,0.150,0.166,2.68,369.00
2785,Pursuer,0.284,0.484,0.232,0.160,0.139,0.00,379.00
2786,Pursuer,0.284,0.484,0.232,0.160,0.127,0.00,353.00
2787,Runner,0.285,0.484,0.231,0.141,0.150,3.30,388.00
2788,Runner,0.285,0.484,0.231,0.142,0.162,3.40,282.00
2789,Pursuer,0.285,0.484,0.231,0.132,0.144,0.00,337.00
2790,Pursuer,0.285,0.484,0.231,0.137,0.135,0.00,770.00
2791,Pursuer,0.284,0.484,0.231,0.151,0.154,0.00,293.00
2792,Runner,0.285,0.484,0.231,0.141,0.146,1.48,679.00
2793,Pursuer,0.285,0.484,0.231,0.144,0.136,0.00,519.00
2794,Runner,0.285,0.484,0.231,0.170,0.178,0.00,47.00
2795,Pursuer,0.285,0.484,0.231,0.143,0.136,0.00,14.00
2796,Pursuer,0.285,0.485,0.231,0.000,0.000,0.00,4.00
2797,Pursuer,0.285,0.485,0.231,0.149,0.130,0.00,201.00
2798,Pursuer,0.284,0.485,0.231,0.114,0.344,0.00,13.00
2799,Pursuer,0.284,0.485,0.230,0.165,0.142,0.00,260.00
2800,Runner,0.285,0.485,0.230,0.146,0.161,0.00,334.00
2801,Pursuer,0.285,0.485,0.230,0.195,0.089,0.00,37.00
2802,Pursuer,0.284,0.485,0.230,0.163,0.147,0.00,540.00
2803,Pursuer,0.284,0.486,0.230,0.142,0.156,0.00,174.00
2804,Pursuer,0.284,0.486,0.230,0.149,0.135,0.00,207.00
2805,Pursuer,0.284,0.486,0.230,0.020,0.091,0.00,6.00
2806,Pursuer,0.284,0.486,0.230,0.155,0.146,0.00,320.00
2807,Pursuer,0.284,0.486,0.230,0.167,0.134,0.00,441.00
2808,Pursuer,0.284,0.486,0.230,0.137,0.145,0.00,83.00
2809,Runner,0.284,0.486,0.230,0.000,0.000,0.00,1.00
2810,Pursuer,0.284,0.486,0.230,0.148,0.145,0.00,293.00
2811,Runner,0.284,0.486,0.229,0.139,0.105,0.00,40.00
2812,Pursuer,0.284,0.486,0.229,0.157,0.145,0.00,406.00
2813,Runner,0.284,0.486,0.229,0.132,0.164,1.84,289.00
2814,Pursuer,0.284,0.486,0.229,0.152,0.143,0.00,551.00
2815,Pursuer,0.284,0.487,0.229,0.129,0.164,0.00,136.00
2816,Pursuer,0.284,0.487,0.229,0.152,0.118,0.00,151.00
2817,Pursuer,0.284,0.487,0.229,0.127,0.143,0.00,485.00
2818,Runner,0.284,0.487,0.229,0.164,0.083,0.50,25.00
2819,Runner,0.284,0.487,0.229,0.150,0.173,0.00,181.00
2820,Pursuer,0.284,0.487,0.229,0.155,0.156,0.00,454.00
2821,Runner,0.285,0.487,0.229,0.143,0.167,3.44,177.00
2822,Pursuer,0.285,0.487,0.229,0.166,0.140,0.00,173.00
2823,Pursuer,0.284,0.487,0.228,0.148,0.153,0.00,183.00
2824,Runner,0.285,0.487,0.228,0.093,0.162,0.44,30.00
2825,Pursuer,0.285,0.487,0.228,0.000,0.000,0.00,1.00
2826,Runner,0.285,0.487,0.228,0.136,0.143,5.28,585.00
2827,Pursuer,0.285,0.487,0.228,0.131,0.114,0.00,154.00
2828,Runner,0.285,0.487,0.228,0.119,0.122,1.18,90.00
2829,Pursuer,0.285,0.487,0.228,0.151,0.144,0.00,256.00
2830,Pursuer,0.285,0.487,0.228,0.187,0.136,0.00,10.00
2831,Pursuer,0.285,0.487,0.228,0.157,0.142,0.00,113.00
2832,Pursuer,0.285,0.488,0.228,0.144,0.149,0.00,369.00
2833,Runner,0.285,0.487,0.228,0.148,0.145,2.82,535.00
2834,Pursuer,0.285,0.488,0.228,0.150,0.152,0.00,945.00
2835,Pursuer,0.285,0.488,0.228,0.135,0.126,0.00,128.00
2836,Pursuer,0.285,0.488,0.227,0.143,0.143,0.00,251.00
2837,Runner,0.285,0.488,0.227,0.149,0.153,4.16,647.00
2838,Runner,0.285,0.488,0.227,0.155,0.134,0.00,559.00
2839,Draw,0.285,0.487,0.228,0.142,0.150,8.04,999.00
2840,Pursuer,0.285,0.488,0.227,0.144,0.124,0.00,263.00
2841,Pursuer,0.285,0.488,0.227,0.138,0.157,0.00,308.00
2842,Pursuer,0.285,0.488,0.227,0.158,0.133,0.00,63.00
2843,Pursuer,0.285,0.488,0.227,0.155,0.132,0.00,115.00
2844,Runner,0.285,0.488,0.227,0.135,0.163,2.86,562.00
2845,Pursuer,0.285,0.488,0.227,0.142,0.133,0.00,273.00
2846,Runner,0.285,0.488,0.227,0.154,0.124,0.02,386.00
2847,Pursuer,0.285,0.488,0.227,0.173,0.122,0.00,241.00
2848,Pursuer,0.285,0.488,0.227,0.145,0.147,0.00,293.00
2849,Runner,0.285,0.488,0.227,0.000,0.000,0.02,1.00
2850,Pursuer,0.285,0.488,0.227,0.147,0.156,0.00,398.00
2851,Runner,0.285,0.488,0.227,0.142,0.160,1.52,196.00
2852,Pursuer,0.285,0.488,0.227,0.147,0.201,0.00,35.00
2853,Runner,0.285,0.488,0.226,0.142,0.134,0.00,203.00
2854,Pursuer,0.285,0.488,0.226,0.175,0.128,0.00,141.00
2855,Pursuer,0.285,0.489,0.226,0.145,0.143,0.00,774.00
2856,Runner,0.285,0.488,0.226,0.125,0.139,0.00,498.00
2857,Pursuer,0.285,0.489,0.226,0.000,0.000,0.00,1.00
2858,Pursuer,0.285,0.489,0.226,0.128,0.152,0.00,814.00
2859,Pursuer,0.285,0.489,0.226,0.150,0.159,0.00,602.00
2860,Runner,0.285,0.489,0.226,0.145,0.133,0.00,436.00
2861,Pursuer,0.285,0.489,0.226,0.141,0.143,0.00,458.00
2862,Draw,0.285,0.489,0.226,0.147,0.139,19.64,999.00
2863,Pursuer,0.285,0.489,0.226,0.144,0.139,0.00,708.00
2864,Pursuer,0.285,0.489,0.226,0.147,0.145,0.00,347.00
2865,Pursuer,0.285,0.489,0.226,0.138,0.145,0.00,603.00
2866,Runner,0.285,0.489,0.226,0.132,0.139,6.08,355.00
2867,Draw,0.285,0.489,0.226,0.146,0.152,11.32,999.00
2868,Runner,0.285,0.489,0.226,0.128,0.158,3.92,452.00
2869,Runner,0.285,0.489,0.226,0.131,0.139,0.00,344.00
2870,Runner,0.286,0.489,0.226,0.146,0.144,0.00,392.00
2871,Pursuer,0.286,0.489,0.226,0.136,0.296,0.00,6.00
2872,Draw,0.286,0.489,0.226,0.150,0.153,17.32,999.00
2873,Pursuer,0.285,0.489,0.226,0.141,0.151,0.00,309.00
2874,Draw,0.285,0.489,0.226,0.152,0.161,17.00,999.00
2875,Pursuer,0.285,0.489,0.226,0.143,0.136,0.00,205.00
2876,Runner,0.285,0.489,0.226,0.199,0.127,0.00,87.00
2877,Runner,0.286,0.488,0.226,0.120,0.124,0.00,315.00
2878,Pursuer,0.286,0.489,0.226,0.140,0.132,0.00,543.00
2879,Pursuer,0.286,0.489,0.226,0.189,0.152,0.00,112.00
2880,Pursuer,0.285,0.489,0.226,0.142,0.153,0.00,241.00
2881,Runner,0.286,0.489,0.226,0.171,0.160,0.00,101.00
2882,Runner,0.286,0.489,0.226,0.145,0.165,3.00,204.00
2883,Pursuer,0.286,0.489,0.225,0.147,0.145,0.00,473.00
2884,Pursuer,0.286,0.489,0.225,0.127,0.147,0.00,120.00
2885,Runner,0.286,0.489,0.225,0.147,0.143,0.00,74.00
2886,Pursuer,0.286,0.489,0.225,0.133,0.128,0.00,69.00
2887,Pursuer,0.286,0.489,0.225,0.114,0.141,0.00,136.00
2888,Runner,0.286,0.489,0.225,0.127,0.151,6.02,302.00
2889,Pursuer,0.286,0.489,0.225,0.157,0.117,0.00,11.00
2890,Runner,0.286,0.489,0.225,0.163,0.160,0.00,357.00
2891,Pursuer,0.286,0.489,0.225,0.116,0.122,0.00,84.00
2892,Runner,0.286,0.489,0.225,0.117,0.149,1.58,360.00
2893,Runner,0.287,0.489,0.225,0.152,0.148,1.42,330.00
2894,Draw,0.286,0.489,0.225,0.131,0.142,9.72,999.00
2895,Runner,0.287,0.488,0.225,0.168,0.149,0.00,47.00
2896,Runner,0.287,0.488,0.225,0.166,0.126,0.00,352.00
2897,Pursuer,0.287,0.488,0.225,0.155,0.149,0.00,726.00
2898,Pursuer,0.287,0.489,0.225,0.155,0.136,0.00,77.00
2899,Pursuer,0.287,0.489,0.225,0.182,0.149,0.00,139.00
2900,Runner,0.287,0.489,0.224,0.150,0.164,0.00,156.00
2901,Runner,0.287,0.488,0.224,0.147,0.153,1.46,265.00
2902,Runner,0.287,0.488,0.224,0.139,0.128,1.98,265.00
2903,Pursuer,0.287,0.488,0.224,0.162,0.143,0.00,125.00
2904,Pursuer,0.287,0.489,0.224,0.157,0.111,0.00,91.00
2905,Pursuer,0.287,0.489,0.224,0.172,0.152,0.00,341.00
2906,Pursuer,0.287,0.489,0.224,0.137,0.140,0.00,914.00
2907,Pursuer,0.287,0.489,0.224,0.166,0.152,0.00,209.00
2908,Pursuer,0.287,0.489,0.224,0.146,0.147,0.00,469.00
2909,Pursuer,0.287,0.490,0.224,0.169,0.149,0.00,728.00
2910,Runner,0.287,0.489,0.224,0.143,0.159,3.30,379.00
2911,Runner,0.287,0.489,0.224,0.163,0.151,2.86,243.00
2912,Draw,0.287,0.489,0.224,0.143,0.149,12.24,999.00
2913,Runner,0.287,0.489,0.224,0.137,0.148,4.56,522.00
2914,Pursuer,0.287,0.489,0.224,0.000,0.000,0.00,0.00
2915,Pursuer,0.287,0.489,0.224,0.097,0.151,0.00,129.00
2916,Runner,0.287,0.489,0.224,0.142,0.132,4.14,281.00
2917,Pursuer,0.287,0.489,0.224,0.139,0.155,0.00,150.00
2918,Pursuer,0.287,0.489,0.223,0.137,0.176,0.00,240.00
2919,Pursuer,0.287,0.490,0.223,0.139,0.132,0.00,389.00
2920,Runner,0.287,0.489,0.223,0.182,0.174,2.02,163.00
2921,Draw,0.287,0.489,0.224,0.144,0.144,14.92,999.00
2922,Pursuer,0.287,0.489,0.223,0.139,0.142,0.00,420.00
2923,Pursuer,0.287,0.490,0.223,0.150,0.149,0.00,42.00
2924,Runner,0.287,0.489,0.223,0.132,0.143,1.48,399.00
2925,Pursuer,0.287,0.490,0.223,0.144,0.141,0.00,136.00
2926,Pursuer,0.287,0.490,0.223,0.145,0.152,0.00,371.00
2927,Pursuer,0.287,0.490,0.223,0.533,0.267,0.00,2.00
2928,Pursuer,0.287,0.490,0.223,0.142,0.169,0.00,721.00
2929,Pursuer,0.287,0.490,0.223,0.092,0.290,0.00,5.00
2930,Pursuer,0.287,0.490,0.223,0.049,0.082,0.00,13.00
2931,Runner,0.287,0.490,0.223,0.141,0.158,3.80,453.00
2932,Runner,0.287,0.490,0.223,0.153,0.161,7.94,478.00
2933,Pursuer,0.287,0.490,0.223,0.153,0.149,0.00,551.00
2934,Draw,0.287,0.490,0.223,0.149,0.162,9.22,999.00
2935,Runner,0.287,0.490,0.223,0.125,0.114,1.00,75.00
2936,Runner,0.287,0.490,0.223,0.144,0.133,0.00,167.00
2937,Draw,0.287,0.490,0.223,0.136,0.152,0.00,999.00
2938,Pursuer,0.287,0.490,0.223,0.170,0.173,0.00,110.00
2939,Runner,0.288,0.490,0.223,0.137,0.114,0.00,96.00
2940,Runner,0.288,0.489,0.223,0.151,0.130,0.00,374.00
2941,Pursuer,0.288,0.490,0.223,0.132,0.141,0.00,533.00
2942,Runner,0.288,0.489,0.223,0.158,0.156,3.12,439.00
2943,Runner,0.288,0.489,0.223,0.157,0.163,2.88,144.00
2944,Pursuer,0.288,0.489,0.222,0.126,0.129,0.00,397.00
2945,Runner,0.288,0.489,0.222,0.167,0.182,0.00,75.00
2946,Pursuer,0.288,0.489,0.222,0.149,0.111,0.00,143.00
2947,Pursuer,0.288,0.490,0.222,0.145,0.167,0.00,150.00
2948,Pursuer,0.288,0.490,0.222,0.153,0.118,0.00,338.00
2949,Pursuer,0.288,0.490,0.222,0.139,0.198,0.00,41.00
2950,Runner,0.288,0.490,0.222,0.142,0.152,5.52,499.00
2951,Runner,0.288,0.490,0.222,0.145,0.125,1.64,608.00
2952,Pursuer,0.288,0.490,0.222,0.156,0.135,0.00,161.00
2953,Pursuer,0.288,0.490,0.222,0.162,0.144,0.00,164.00
2954,Draw,0.288,0.490,0.222,0.145,0.149,6.56,999.00
2955,Pursuer,0.288,0.490,0.222,0.148,0.149,0.00,543.00
2956,Draw,0.288,0.490,0.222,0.143,0.143,17.16,999.00
2957,Pursuer,0.288,0.490,0.222,0.000,0.000,0.00,1.00
2958,Runner,0.288,0.490,0.222,0.145,0.153,8.36,623.00
2959,Pursuer,0.288,0.490,0.222,0.153,0.132,0.00,146.00
2960,Pursuer,0.288,0.490,0.222,0.134,0.157,0.00,735.00
2961,Pursuer,0.288,0.490,0.222,0.139,0.146,0.00,116.00
2962,Pursuer,0.288,0.491,0.222,0.134,0.155,0.00,527.00
2963,Pursuer,0.288,0.491,0.222,0.148,0.143,0.00,484.00
2964,Pursuer,0.287,0.491,0.222,0.159,0.153,0.00,993.00
2965,Pursuer,0.287,0.491,0.222,0.149,0.132,0.00,460.00
2966,Pursuer,0.287,0.491,0.222,0.138,0.140,0.00,553.00
2967,Pursuer,0.287,0.491,0.221,0.158,0.137,0.00,195.00
2968,Pursuer,0.287,0.492,0.221,0.165,0.147,0.00,369.00
2969,Draw,0.287,0.491,0.222,0.141,0.150,19.98,999.00
2970,Pursuer,0.287,0.492,0.222,0.084,0.117,0.00,6.00
2971,Draw,0.287,0.491,0.222,0.148,0.148,16.12,999.00
2972,Pursuer,0.287,0.492,0.222,0.157,0.129,0.00,403.00
2973,Pursuer,0.287,0.492,0.222,0.165,0.128,0.00,84.00
2974,Pursuer,0.286,0.492,0.222,0.143,0.124,0.00,185.00
2975,Pursuer,0.286,0.492,0.222,0.133,0.132,0.00,199.00
2976,Runner,0.287,0.492,0.221,0.153,0.195,0.00,181.00
2977,Draw,0.287,0.492,0.222,0.156,0.145,18.86,999.00
2978,Pursuer,0.286,0.492,0.222,0.133,0.139,0.00,438.00
2979,Pursuer,0.286,0.492,0.222,0.147,0.152,0.00,833.00
2980,Runner,0.287,0.492,0.221,0.150,0.139,0.90,235.00
2981,Pursuer,0.286,0.492,0.221,0.123,0.139,0.00,420.00
2982,Runner,0.287,0.492,0.221,0.143,0.133,1.52,452.00
2983,Draw,0.287,0.492,0.222,0.138,0.145,10.16,999.00
2984,Pursuer,0.287,0.492,0.222,0.161,0.137,0.00,180.00
2985,Pursuer,0.286,0.492,0.221,0.153,0.136,0.00,149.00
2986,Draw,0.286,0.492,0.222,0.135,0.146,0.00,999.00
2987,Pursuer,0.286,0.492,0.222,0.137,0.134,0.00,74.00
2988,Pursuer,0.286,0.492,0.222,0.181,0.165,0.00,28.00
2989,Pursuer,0.286,0.492,0.221,0.144,0.142,0.00,143.00
2990,Runner,0.286,0.492,0.221,0.135,0.121,0.00,65.00
2991,Runner,0.287,0.492,0.221,0.150,0.109,0.10,108.00
2992,Runner,0.287,0.492,0.221,0.143,0.130,0.00,261.00
2993,Runner,0.287,0.492,0.221,0.158,0.155,3.54,234.00
2994,Runner,0.287,0.492,0.221,0.138,0.149,1.64,432.00
2995,Draw,0.287,0.491,0.221,0.145,0.143,18.32,999.00
2996,Pursuer,0.287,0.492,0.221,0.138,0.163,0.00,136.00
2997,Pursuer,0.287,0.492,0.221,0.132,0.135,0.00,296.00
2998,Runner,0.287,0.492,0.221,0.146,0.148,7.34,367.00
2999,Runner,0.287,0.491,0.221,0.145,0.124,2.16,557.00
3000,Pursuer,0.287,0.492,0.221,0.151,0.142,0.00,421.00
3001,Pursuer,0.287,0.492,0.221,0.145,0.135,0.00,716.00
3002,Runner,0.287,0.492,0.221,0.113,0.159,0.00,309.00
3003,Runner,0.288,0.492,0.221,0.141,0.158,0.00,449.00
3004,Runner,0.288,0.491,0.221,0.159,0.142,3.12,451.00
3005,Runner,0.288,0.491,0.221,0.126,0.137,0.00,332.00
3006,Runner,0.288,0.491,0.221,0.177,0.133,3.42,171.00
3007,Pursuer,0.288,0.491,0.220,0.143,0.134,0.00,280.00
3008,Runner,0.289,0.491,0.220,0.138,0.147,3.70,287.00
3009,Runner,0.289,0.491,0.220,0.156,0.160,1.80,161.00
3010,Runner,0.289,0.491,0.220,0.156,0.141,4.48,356.00
3011,Runner,0.289,0.491,0.220,0.144,0.172,6.70,353.00
3012,Pursuer,0.289,0.491,0.220,0.203,0.126,0.00,175.00
3013,Pursuer,0.289,0.491,0.220,0.140,0.166,0.00,209.00
3014,Pursuer,0.289,0.491,0.220,0.149,0.137,0.00,439.00
3015,Runner,0.289,0.491,0.220,0.157,0.154,1.36,223.00
3016,Pursuer,0.289,0.491,0.220,0.186,0.160,0.00,67.00
3017,Pursuer,0.289,0.491,0.220,0.130,0.144,0.00,204.00
3018,Pursuer,0.289,0.491,0.220,0.173,0.122,0.00,188.00
3019,Runner,0.289,0.491,0.220,0.117,0.149,0.00,358.00
3020,Draw,0.289,0.491,0.220,0.161,0.150,15.18,999.00
3021,Draw,0.289,0.491,0.220,0.131,0.138,17.76,999.00
3022,Runner,0.289,0.491,0.220,0.189,0.236,0.06,3.00
3023,Runner,0.289,0.491,0.220,0.153,0.149,0.00,224.00
3024,Runner,0.290,0.490,0.220,0.149,0.165,5.50,289.00
3025,Pursuer,0.290,0.491,0.220,0.146,0.153,0.00,692.00
3026,Runner,0.290,0.490,0.220,0.149,0.154,2.06,160.00
3027,Runner,0.290,0.490,0.220,0.149,0.157,0.00,242.00
3028,Pursuer,0.290,0.490,0.220,0.143,0.130,0.00,190.00
3029,Runner,0.290,0.490,0.220,0.161,0.156,0.00,127.00
3030,Pursuer,0.290,0.490,0.219,0.136,0.135,0.00,475.00
3031,Pursuer,0.290,0.491,0.219,0.142,0.151,0.00,112.00
3032,Pursuer,0.290,0.491,0.219,0.135,0.113,0.00,57.00
3033,Pursuer,0.290,0.491,0.219,0.148,0.151,0.00,231.00
3034,Pursuer,0.290,0.491,0.219,0.141,0.148,0.00,37.00
3035,Runner,0.290,0.491,0.219,0.143,0.151,0.08,281.00
3036,Draw,0.290,0.491,0.219,0.146,0.143,16.76,999.00
3037,Pursuer,0.290,0.491,0.219,0.145,0.046,0.00,6.00
3038,Pursuer,0.290,0.491,0.219,0.245,0.116,0.00,10.00
3039,Runner,0.290,0.491,0.219,0.137,0.150,7.64,484.00
3040,Runner,0.290,0.491,0.219,0.149,0.131,0.00,221.00
3041,Pursuer,0.290,0.491,0.219,0.152,0.138,0.00,442.00
3042,Runner,0.290,0.491,0.219,0.145,0.149,8.14,407.00
3043,Pursuer,0.290,0.491,0.219,0.149,0.162,0.00,263.00
3044,Draw,0.290,0.491,0.219,0.151,0.142,19.94,999.00
3045,Pursuer,0.290,0.491,0.219,0.171,0.144,0.00,333.00
3046,Runner,0.290,0.491,0.219,0.156,0.166,0.00,301.00
3047,Pursuer,0.290,0.491,0.219,0.144,0.162,0.00,107.00
3048,Pursuer,0.290,0.491,0.219,0.148,0.132,0.00,625.00
3049,Pursuer,0.290,0.491,0.219,0.174,0.132,0.00,189.00
3050,Pursuer,0.290,0.491,0.219,0.162,0.150,0.00,252.00
3051,Runner,0.290,0.491,0.219,0.134,0.141,2.22,111.00
3052,Pursuer,0.290,0.491,0.219,1.319,0.926,0.00,1.00
3053,Pursuer,0.290,0.492,0.218,0.148,0.114,0.00,6.00
3054,Draw,0.290,0.491,0.219,0.154,0.145,16.76,999.00
3055,Pursuer,0.290,0.492,0.219,0.174,0.138,0.00,132.00
3056,Runner,0.290,0.491,0.219,0.000,0.000,0.00,1.00
3057,Pursuer,0.290,0.492,0.219,0.129,0.130,0.00,166.00
3058,Pursuer,0.290,0.492,0.218,0.000,0.000,0.00,1.00
3059,Runner,0.290,0.492,0.218,0.174,0.152,6.46,375.00
3060,Pursuer,0.290,0.492,0.218,0.136,0.160,0.00,114.00
3061,Runner,0.290,0.492,0.218,0.130,0.144,1.44,193.00
3062,Pursuer,0.290,0.492,0.218,0.159,0.144,0.00,329.00
3063,Draw,0.290,0.492,0.218,0.143,0.145,12.80,999.00
3064,Pursuer,0.290,0.492,0.218,0.125,0.146,0.00,100.00
3065,Pursuer,0.290,0.492,0.218,0.145,0.134,0.00,585.00
3066,Pursuer,0.290,0.492,0.218,0.137,0.150,0.00,735.00
3067,Pursuer,0.290,0.492,0.218,0.130,0.136,0.00,199.00
3068,Pursuer,0.289,0.493,0.218,0.157,0.149,0.00,112.00
3069,Runner,0.290,0.492,0.218,0.151,0.145,7.18,359.00
3070,Runner,0.290,0.492,0.218,0.212,0.157,2.12,147.00
3071,Runner,0.290,0.492,0.218,0.133,0.127,0.00,134.00
3072,Pursuer,0.290,0.492,0.218,0.163,0.144,0.00,389.00
3073,Runner,0.290,0.492,0.218,0.143,0.139,0.00,220.00
3074,Runner,0.291,0.492,0.218,0.147,0.136,6.34,317.00
3075,Pursuer,0.290,0.492,0.218,0.126,0.159,0.00,100.00
3076,Pursuer,0.290,0.492,0.217,0.122,0.142,0.00,311.00
3077,Pursuer,0.290,0.492,0.217,0.141,0.202,0.00,57.00
3078,Pursuer,0.290,0.493,0.217,0.136,0.137,0.00,759.00
3079,Pursuer,0.290,0.493,0.217,0.132,0.147,0.00,184.00
3080,Pursuer,0.290,0.493,0.217,0.153,0.148,0.00,254.00
3081,Runner,0.290,0.493,0.217,0.128,0.138,0.00,137.00
3082,Pursuer,0.290,0.493,0.217,0.141,0.151,0.00,326.00
3083,Pursuer,0.290,0.493,0.217,0.162,0.158,0.00,130.00
3084,Runner,0.290,0.493,0.217,0.160,0.152,0.00,586.00
3085,Runner,0.290,0.493,0.217,0.148,0.123,0.62,627.00
3086,Runner,0.291,0.493,0.217,0.223,0.294,0.00,3.00
3087,Runner,0.291,0.492,0.217,0.141,0.157,0.00,9.00
3088,Pursuer,0.291,0.493,0.217,0.140,0.126,0.00,109.00
3089,Runner,0.291,0.492,0.217,0.155,0.151,0.00,411.00
3090,Pursuer,0.291,0.493,0.217,0.147,0.170,0.00,198.00
3091,Runner,0.291,0.492,0.216,0.137,0.156,6.88,401.00
3092,Pursuer,0.291,0.493,0.216,0.159,0.129,0.00,162.00
3093,Pursuer,0.291,0.493,0.216,0.128,0.150,0.00,222.00
3094,Pursuer,0.291,0.493,0.216,0.122,0.163,0.00,45.00
3095,Pursuer,0.291,0.493,0.216,0.135,0.147,0.00,125.00
3096,Runner,0.291,0.493,0.216,0.157,0.171,2.28,266.00
3097,Runner,0.291,0.493,0.216,0.147,0.150,1.24,443.00
3098,Runner,0.291,0.493,0.216,0.162,0.165,0.00,83.00
3099,Pursuer,0.291,0.493,0.216,0.124,0.139,0.00,356.00
3100,Pursuer,0.291,0.493,0.216,0.171,0.130,0.00,123.00
3101,Runner,0.292,0.493,0.216,0.139,0.138,2.40,306.00
3102,Pursuer,0.291,0.493,0.216,0.132,0.130,0.00,191.00
3103,Pursuer,0.291,0.493,0.216,0.121,0.147,0.00,406.00
3104,Runner,0.292,0.493,0.216,0.146,0.168,7.78,577.00
3105,Pursuer,0.291,0.493,0.215,0.145,0.140,0.00,441.00
3106,Draw,0.291,0.493,0.216,0.144,0.163,17.60,999.00
3107,Runner,0.292,0.493,0.216,0.141,0.157,10.64,532.00
3108,Pursuer,0.292,0.493,0.216,0.000,0.000,0.00,1.00
3109,Runner,0.292,0.493,0.216,0.144,0.159,4.10,645.00
3110,Runner,0.292,0.493,0.215,0.127,0.149,0.00,98.00
3111,Runner,0.292,0.492,0.215,0.143,0.147,0.00,366.00
3112,Runner,0.292,0.492,0.215,0.158,0.162,9.72,503.00
3113,Pursuer,0.292,0.492,0.215,0.000,0.000,0.00,2.00
3114,Runner,0.293,0.492,0.215,0.164,0.138,0.94,317.00
3115,Runner,0.293,0.492,0.215,0.130,0.108,0.00,317.00
3116,Pursuer,0.293,0.492,0.215,0.141,0.147,0.00,702.00
3117,Runner,0.293,0.492,0.215,0.157,0.150,0.44,387.00
3118,Pursuer,0.293,0.492,0.215,0.164,0.159,0.00,561.00
3119,Runner,0.293,0.492,0.215,0.147,0.161,0.00,165.00
3120,Pursuer,0.293,0.492,0.215,0.149,0.147,0.00,403.00
3121,Pursuer,0.293,0.492,0.215,0.147,0.149,0.00,352.00
3122,Pursuer,0.293,0.493,0.215,0.236,0.205,0.00,3.00
3123,Pursuer,0.293,0.493,0.215,0.190,0.155,0.00,194.00
3124,Pursuer,0.293,0.493,0.214,0.166,0.140,0.00,160.00
3125,Draw,0.292,0.493,0.215,0.148,0.138,0.00,999.00
3126,Pursuer,0.292,0.493,0.215,0.139,0.137,0.00,148.00
3127,Pursuer,0.292,0.493,0.215,0.164,0.150,0.00,421.00
3128,Runner,0.293,0.493,0.215,0.154,0.138,0.34,276.00
3129,Pursuer,0.292,0.493,0.214,0.170,0.145,0.00,186.00
3130,Pursuer,0.292,0.493,0.214,0.146,0.145,0.00,136.00
3131,Pursuer,0.292,0.493,0.214,0.149,0.152,0.00,415.00
3132,Runner,0.292,0.493,0.214,0.149,0.145,6.72,336.00
3133,Pursuer,0.292,0.493,0.214,0.138,0.141,0.00,222.00
3134,Runner,0.293,0.493,0.214,0.129,0.166,5.90,295.00
3135,Runner,0.293,0.493,0.214,0.166,0.147,3.82,332.00
3136,Pursuer,0.293,0.493,0.214,0.129,0.145,0.00,733.00
3137,Runner,0.293,0.493,0.214,0.131,0.135,3.80,436.00
3138,Pursuer,0.293,0.493,0.214,0.148,0.137,0.00,182.00
3139,Pursuer,0.293,0.493,0.214,0.099,0.123,0.00,36.00
3140,Pursuer,0.293,0.494,0.214,0.140,0.166,0.00,157.00
3141,Pursuer,0.293,0.494,0.214,0.168,0.162,0.00,254.00
3142,Pursuer,0.292,0.494,0.214,0.101,0.136,0.00,82.00
3143,Runner,0.293,0.494,0.213,0.039,0.320,0.00,6.00
3144,Runner,0.293,0.494,0.213,0.104,0.137,0.44,53.00
3145,Runner,0.293,0.493,0.213,0.148,0.118,0.00,154.00
3146,Runner,0.293,0.493,0.213,0.184,0.100,0.00,67.00
3147,Pursuer,0.293,0.493,0.213,0.558,1.800,0.00,1.00
3148,Runner,0.294,0.493,0.213,0.135,0.128,0.00,405.00
3149,Runner,0.294,0.493,0.213,0.163,0.164,4.66,233.00
3150,Runner,0.294,0.493,0.213,0.154,0.142,0.00,217.00
3151,Pursuer,0.294,0.493,0.213,0.130,0.146,0.00,443.00
3152,Runner,0.294,0.493,0.213,0.172,0.124,2.02,251.00
3153,Pursuer,0.294,0.493,0.213,0.126,0.157,0.00,185.00
3154,Draw,0.294,0.493,0.213,0.138,0.148,15.66,999.00
3155,Runner,0.294,0.493,0.213,0.155,0.168,2.12,326.00
3156,Runner,0.294,0.493,0.213,0.180,0.132,0.16,191.00
3157,Pursuer,0.294,0.493,0.213,0.149,0.135,0.00,603.00
3158,Pursuer,0.294,0.493,0.213,0.134,0.136,0.00,517.00
3159,Draw,0.294,0.493,0.213,0.146,0.151,19.98,999.00
3160,Pursuer,0.294,0.493,0.213,0.000,0.000,0.00,0.00
3161,Pursuer,0.294,0.493,0.213,0.098,0.072,0.00,13.00
3162,Pursuer,0.294,0.493,0.213,0.134,0.185,0.00,35.00
3163,Runner,0.294,0.493,0.213,0.142,0.126,0.00,230.00
3164,Pursuer,0.294,0.493,0.213,0.207,0.089,0.00,83.00
3165,Pursuer,0.294,0.494,0.213,0.148,0.116,0.00,207.00
3166,Pursuer,0.294,0.494,0.213,0.174,0.128,0.00,266.00
3167,Runner,0.294,0.494,0.213,0.140,0.150,2.86,178.00
3168,Runner,0.294,0.493,0.212,0.170,0.150,0.00,96.00
3169,Pursuer,0.294,0.494,0.212,0.139,0.160,0.00,353.00
3170,Draw,0.294,0.493,0.213,0.149,0.143,19.98,999.00
3171,Pursuer,0.294,0.494,0.213,0.131,0.156,0.00,402.00
3172,Pursuer,0.294,0.494,0.212,0.173,0.139,0.00,328.00
3173,Pursuer,0.294,0.494,0.212,0.199,0.167,0.00,43.00
3174,Pursuer,0.294,0.494,0.212,0.168,0.184,0.00,185.00
3175,Runner,0.294,0.494,0.212,0.138,0.148,0.10,273.00
3176,Pursuer,0.294,0.494,0.212,0.847,0.399,0.00,1.00
3177,Pursuer,0.294,0.494,0.212,0.166,0.189,0.00,16.00
3178,Runner,0.294,0.494,0.212,0.138,0.152,1.48,773.00
3179,Pursuer,0.294,0.494,0.212,0.159,0.135,0.00,312.00
3180,Pursuer,0.294,0.494,0.212,0.141,0.158,0.00,288.00
3181,Runner,0.294,0.494,0.212,0.129,0.153,0.88,180.00
3182,Draw,0.294,0.494,0.212,0.150,0.137,19.90,999.00
3183,Pursuer,0.294,0.494,0.212,0.140,0.128,0.00,245.00
3184,Runner,0.294,0.494,0.212,0.118,0.119,2.20,110.00
3185,Pursuer,0.294,0.494,0.212,0.135,0.161,0.00,181.00
3186,Runner,0.294,0.494,0.212,0.146,0.159,0.00,71.00
3187,Pursuer,0.294,0.494,0.212,0.158,0.143,0.00,404.00
3188,Pursuer,0.294,0.494,0.212,0.154,0.135,0.00,329.00
3189,Runner,0.294,0.494,0.212,0.139,0.126,0.00,167.00
3190,Runner,0.294,0.494,0.212,0.144,0.144,0.30,250.00
3191,Runner,0.295,0.494,0.212,0.137,0.144,3.68,241.00
3192,Runner,0.295,0.494,0.211,0.149,0.153,0.32,479.00
3193,Pursuer,0.295,0.494,0.211,0.179,0.167,0.00,316.00
3194,Draw,0.295,0.494,0.212,0.144,0.148,17.92,999.00
3195,Runner,0.295,0.494,0.212,0.158,0.149,4.38,389.00
3196,Pursuer,0.295,0.494,0.212,0.151,0.101,0.00,118.00
3197,Runner,0.295,0.494,0.211,0.170,0.112,0.00,48.00
3198,Pursuer,0.295,0.494,0.211,0.158,0.138,0.00,164.00
3199,Runner,0.295,0.494,0.211,0.174,0.136,0.04,310.00
3200,Pursuer,0.295,0.494,0.211,0.147,0.091,0.00,23.00
3201,Runner,0.295,0.494,0.211,0.157,0.132,2.10,310.00
3202,Pursuer,0.295,0.494,0.211,0.139,0.130,0.00,54.00
3203,Runner,0.295,0.494,0.211,0.150,0.121,0.00,101.00
3204,Pursuer,0.295,0.494,0.211,0.145,0.161,0.00,151.00
3205,Pursuer,0.295,0.494,0.211,0.144,0.149,0.00,773.00
3206,Pursuer,0.295,0.494,0.211,0.126,0.122,0.00,405.00
3207,Runner,0.295,0.494,0.211,0.117,0.142,0.00,245.00
3208,Runner,0.296,0.494,0.211,0.139,0.137,0.88,340.00
3209,Pursuer,0.295,0.494,0.211,0.145,0.152,0.00,374.00
3210,Pursuer,0.295,0.494,0.211,0.000,0.000,0.00,1.00
3211,Runner,0.296,0.494,0.211,0.165,0.144,0.00,112.00
3212,Pursuer,0.295,0.494,0.210,0.132,0.122,0.00,344.00
3213,Runner,0.296,0.494,0.210,0.138,0.128,0.48,326.00
3214,Pursuer,0.296,0.494,0.210,0.147,0.137,0.00,290.00
3215,Pursuer,0.295,0.494,0.210,0.165,0.182,0.00,79.00
3216,Runner,0.296,0.494,0.210,0.129,0.143,4.66,611.00
3217,Pursuer,0.296,0.494,0.210,0.167,0.173,0.00,166.00
3218,Pursuer,0.296,0.494,0.210,0.142,0.150,0.00,166.00
3219,Pursuer,0.295,0.495,0.210,0.139,0.151,0.00,319.00
3220,Pursuer,0.295,0.495,0.210,0.143,0.151,0.00,85.00
3221,Runner,0.296,0.495,0.210,0.000,0.000,0.00,1.00
3222,Runner,0.296,0.494,0.210,0.177,0.138,0.00,61.00
3223,Runner,0.296,0.494,0.210,0.142,0.133,4.60,532.00
3224,Pursuer,0.296,0.494,0.210,0.146,0.139,0.00,732.00
3225,Pursuer,0.296,0.495,0.210,0.128,0.122,0.00,77.00
3226,Runner,0.296,0.494,0.210,0.128,1.122,0.00,1.00
3227,Runner,0.296,0.494,0.209,0.104,0.115,0.00,70.00
3228,Pursuer,0.296,0.494,0.209,0.154,0.153,0.00,100.00
3229,Pursuer,0.296,0.495,0.209,0.140,0.149,0.00,441.00
3230,Pursuer,0.296,0.495,0.209,0.132,0.142,0.00,253.00
3231,Runner,0.296,0.495,0.209,0.138,0.150,7.12,543.00
3232,Runner,0.296,0.494,0.209,0.151,0.168,0.00,273.00
3233,Runner,0.297,0.494,0.209,0.135,0.143,8.58,518.00
3234,Runner,0.297,0.494,0.209,0.142,0.150,1.04,391.00
3235,Runner,0.297,0.494,0.209,0.153,0.154,0.00,180.00
3236,Pursuer,0.297,0.494,0.209,0.153,0.143,0.00,526.00
3237,Pursuer,0.297,0.494,0.209,0.124,0.096,0.00,65.00
3238,Pursuer,0.297,0.494,0.209,0.159,0.139,0.00,418.00
3239,Runner,0.297,0.494,0.209,0.117,0.134,0.00,72.00
3240,Runner,0.297,0.494,0.209,0.137,0.127,0.00,481.00
3241,Pursuer,0.297,0.494,0.209,0.090,0.282,0.00,3.00
3242,Runner,0.297,0.494,0.209,0.000,0.000,0.02,1.00
3243,Pursuer,0.297,0.494,0.208,0.126,0.150,0.00,90.00
3244,Draw,0.297,0.494,0.209,0.152,0.149,14.94,999.00
3245,Runner,0.297,0.494,0.209,0.177,0.160,0.66,89.00
3246,Runner,0.298,0.494,0.209,0.133,0.148,0.08,299.00
3247,Runner,0.298,0.494,0.209,0.164,0.153,2.08,104.00
3248,Runner,0.298,0.494,0.208,0.129,0.152,7.90,511.00
3249,Pursuer,0.298,0.494,0.208,0.144,0.124,0.00,171.00
3250,Runner,0.298,0.494,0.208,0.140,0.148,2.66,199.00
3251,Runner,0.298,0.493,0.208,0.136,0.157,2.06,309.00
3252,Runner,0.299,0.493,0.208,0.139,0.157,9.18,550.00
3253,Pursuer,0.298,0.493,0.208,0.133,0.123,0.00,153.00
3254,Pursuer,0.298,0.494,0.208,0.000,0.000,0.00,3.00
3255,Runner,0.299,0.493,0.208,0.136,0.155,5.82,523.00
3256,Pursuer,0.299,0.494,0.208,0.000,0.000,0.00,1.00
3257,Pursuer,0.298,0.494,0.208,0.172,0.167,0.00,210.00
3258,Runner,0.299,0.494,0.208,0.161,0.142,1.76,190.00
3259,Pursuer,0.299,0.494,0.208,0.151,0.157,0.00,337.00
3260,Pursuer,0.298,0.494,0.208,0.156,0.157,0.00,317.00
3261,Pursuer,0.298,0.494,0.208,0.138,0.142,0.00,268.00
3262,Pursuer,0.298,0.494,0.208,0.137,0.120,0.00,63.00
3263,Runner,0.298,0.494,0.207,0.189,0.153,0.00,164.00
3264,Runner,0.299,0.494,0.207,0.134,0.150,2.70,257.00
3265,Runner,0.299,0.494,0.207,0.171,0.138,0.00,38.00
3266,Pursuer,0.299,0.494,0.207,0.147,0.127,0.00,152.00
3267,Pursuer,0.299,0.494,0.207,0.097,0.246,0.00,17.00
3268,Pursuer,0.299,0.494,0.207,0.117,0.130,0.00,117.00
3269,Runner,0.299,0.494,0.207,0.153,0.101,1.76,88.00
3270,Pursuer,0.299,0.494,0.207,0.156,0.135,0.00,393.00
3271,Draw,0.299,0.494,0.207,0.136,0.153,19.98,999.00
3272,Runner,0.299,0.494,0.207,0.135,0.146,4.76,358.00
3273,Pursuer,0.299,0.494,0.207,0.164,0.157,0.00,307.00
3274,Runner,0.299,0.494,0.207,0.224,0.143,0.00,13.00
3275,Runner,0.299,0.494,0.207,0.159,0.133,2.14,225.00
3276,Pursuer,0.299,0.494,0.207,0.144,0.119,0.00,160.00
3277,Runner,0.299,0.494,0.207,0.169,0.149,0.00,70.00
3278,Pursuer,0.299,0.494,0.207,0.152,0.141,0.00,289.00
3279,Runner,0.299,0.494,0.207,0.160,0.156,2.02,187.00
3280,Pursuer,0.299,0.494,0.207,0.130,0.157,0.00,102.00
3281,Runner,0.300,0.494,0.207,0.131,0.153,8.50,454.00
3282,Pursuer,0.300,0.494,0.207,0.149,0.140,0.00,565.00
3283,Pursuer,0.299,0.494,0.207,0.136,0.126,0.00,234.00
3284,Pursuer,0.299,0.494,0.206,0.131,0.151,0.00,261.00
3285,Runner,0.300,0.494,0.206,0.125,0.164,4.76,238.00
3286,Pursuer,0.299,0.494,0.206,0.155,0.136,0.00,376.00
3287,Pursuer,0.299,0.494,0.206,0.134,0.153,0.00,281.00
3288,Runner,0.300,0.494,0.206,0.157,0.149,4.58,300.00
3289,Runner,0.300,0.494,0.206,0.145,0.132,0.00,409.00
3290,Pursuer,0.300,0.494,0.206,0.157,0.144,0.00,529.00
3291,Runner,0.300,0.494,0.206,0.137,0.129,0.00,150.00
3292,Pursuer,0.300,0.494,0.206,0.156,0.134,0.00,706.00
3293,Pursuer,0.300,0.494,0.206,0.192,0.147,0.00,5.00
3294,Runner,0.300,0.494,0.206,0.138,0.170,2.40,268.00
3295,Pursuer,0.300,0.494,0.206,0.147,0.139,0.00,50.00
3296,Pursuer,0.300,0.495,0.206,0.155,0.149,0.00,224.00
3297,Pursuer,0.300,0.495,0.206,0.148,0.127,0.00,225.00
3298,Pursuer,0.300,0.495,0.206,0.141,0.158,0.00,163.00
3299,Runner,0.300,0.495,0.206,0.147,0.139,6.04,392.00
3300,Draw,0.300,0.495,0.206,0.144,0.152,16.92,999.00
3301,Runner,0.300,0.494,0.206,0.152,0.141,1.94,376.00
3302,Pursuer,0.300,0.495,0.206,0.144,0.162,0.00,328.00
3303,Pursuer,0.300,0.495,0.206,0.161,0.147,0.00,175.00
3304,Runner,0.300,0.495,0.206,0.141,0.122,0.00,303.00
3305,Pursuer,0.300,0.495,0.205,0.101,0.213,0.00,12.00
3306,Pursuer,0.300,0.495,0.205,0.143,0.130,0.00,88.00
3307,Pursuer,0.300,0.495,0.205,0.140,0.124,0.00,244.00
3308,Runner,0.300,0.495,0.205,0.172,0.124,0.00,155.00
3309,Pursuer,0.300,0.495,0.205,0.141,0.171,0.00,264.00
3310,Pursuer,0.300,0.495,0.205,0.157,0.139,0.00,643.00
3311,Pursuer,0.300,0.495,0.205,0.130,0.147,0.00,333.00
3312,Draw,0.300,0.495,0.205,0.142,0.160,19.98,999.00
3313,Pursuer,0.299,0.495,0.205,0.205,0.185,0.00,10.00
3314,Runner,0.300,0.495,0.205,0.134,0.170,0.00,146.00
3315,Pursuer,0.300,0.495,0.205,0.135,0.155,0.00,169.00
3316,Runner,0.300,0.495,0.205,0.162,0.167,3.80,291.00
3317,Draw,0.300,0.495,0.205,0.138,0.148,17.90,999.00
3318,Pursuer,0.300,0.495,0.205,0.147,0.158,0.00,402.00
3319,Pursuer,0.299,0.495,0.205,0.177,0.149,0.00,42.00
3320,Pursuer,0.299,0.495,0.205,0.208,0.175,0.00,7.00
3321,Runner,0.300,0.495,0.205,0.154,0.112,0.00,359.00
3322,Runner,0.300,0.495,0.205,0.147,0.138,0.00,268.00
3323,Pursuer,0.300,0.495,0.205,0.141,0.149,0.00,380.00
3324,Pursuer,0.300,0.495,0.205,0.130,0.143,0.00,295.00
3325,Runner,0.300,0.495,0.205,0.156,0.134,4.94,286.00
3326,Pursuer,0.300,0.495,0.205,0.148,0.141,0.00,923.00
3327,Runner,0.300,0.495,0.205,0.144,0.133,2.62,396.00
3328,Pursuer,0.300,0.495,0.205,0.155,0.163,0.00,96.00
3329,Pursuer,0.300,0.496,0.205,0.135,0.146,0.00,493.00
3330,Pursuer,0.300,0.496,0.205,0.153,0.150,0.00,346.00
3331,Runner,0.300,0.496,0.204,0.143,0.137,0.00,695.00
3332,Runner,0.300,0.495,0.204,0.126,0.138,5.54,281.00
3333,Pursuer,0.300,0.496,0.204,0.099,0.175,0.00,10.00
3334,Pursuer,0.300,0.496,0.204,0.146,0.134,0.00,678.00
3335,Pursuer,0.300,0.496,0.204,0.145,0.149,0.00,294.00
3336,Pursuer,0.300,0.496,0.204,0.142,0.151,0.00,175.00
3337,Pursuer,0.300,0.496,0.204,0.150,0.131,0.00,398.00
3338,Pursuer,0.300,0.496,0.204,0.137,0.132,0.00,237.00
3339,Runner,0.300,0.496,0.204,0.138,0.137,4.38,373.00
3340,Runner,0.300,0.496,0.204,0.146,0.151,3.74,255.00
3341,Pursuer,0.300,0.496,0.204,0.148,0.168,0.00,147.00
3342,Pursuer,0.300,0.496,0.204,0.134,0.136,0.00,392.00
3343,Pursuer,0.300,0.497,0.204,0.171,0.148,0.00,227.00
3344,Draw,0.300,0.496,0.204,0.133,0.142,14.48,999.00
3345,Draw,0.300,0.496,0.204,0.134,0.133,19.06,999.00
3346,Pursuer,0.299,0.496,0.204,0.182,0.158,0.00,50.00
3347,Draw,0.299,0.496,0.204,0.143,0.154,19.98,999.00
3348,Runner,0.300,0.496,0.204,0.148,0.132,0.00,130.00
3349,Pursuer,0.299,0.496,0.204,0.170,0.148,0.00,405.00
3350,Pursuer,0.299,0.496,0.204,0.135,0.168,0.00,117.00
3351,Pursuer,0.299,0.497,0.204,0.138,0.159,0.00,454.00
3352,Pursuer,0.299,0.497,0.204,0.149,0.164,0.00,138.00
3353,Pursuer,0.299,0.497,0.204,0.139,0.164,0.00,121.00
3354,Pursuer,0.299,0.497,0.204,0.133,0.150,0.00,354.00
3355,Runner,0.299,0.497,0.204,0.126,0.152,1.12,198.00
3356,Pursuer,0.299,0.497,0.204,0.144,0.140,0.00,325.00
3357,Runner,0.299,0.497,0.204,0.139,0.148,3.58,596.00
3358,Pursuer,0.299,0.497,0.204,0.166,0.160,0.00,169.00
3359,Draw,0.299,0.497,0.204,0.147,0.156,11.14,999.00
3360,Runner,0.299,0.497,0.204,0.152,0.139,0.00,232.00
3361,Pursuer,0.299,0.497,0.204,0.152,0.167,0.00,349.00
3362,Runner,0.300,0.497,0.204,0.149,0.140,0.14,343.00
3363,Runner,0.300,0.497,0.204,0.185,0.130,0.00,274.00
3364,Draw,0.300,0.496,0.204,0.111,0.131,0.00,999.00
3365,Runner,0.300,0.496,0.204,0.134,0.140,9.62,482.00
3366,Pursuer,0.300,0.496,0.204,0.160,0.159,0.00,190.00
3367,Pursuer,0.300,0.497,0.204,0.168,0.239,0.00,9.00
3368,Runner,0.300,0.496,0.204,0.146,0.158,4.10,331.00
3369,Pursuer,0.300,0.497,0.204,0.156,0.138,0.00,138.00
3370,Runner,0.300,0.496,0.204,0.160,0.144,10.08,521.00
3371,Pursuer,0.300,0.497,0.204,0.148,0.127,0.00,319.00
3372,Pursuer,0.300,0.497,0.203,0.165,0.122,0.00,158.00
3373,Draw,0.300,0.497,0.204,0.145,0.112,0.00,999.00
3374,Runner,0.300,0.496,0.204,0.147,0.129,0.00,665.00
3375,Runner,0.300,0.496,0.204,0.156,0.161,2.44,132.00
3376,Draw,0.300,0.496,0.204,0.144,0.148,18.80,999.00
3377,Runner,0.300,0.496,0.204,0.149,0.142,0.00,797.00
3378,Draw,0.300,0.496,0.204,0.145,0.142,12.66,999.00
3379,Pursuer,0.300,0.496,0.204,0.000,0.000,0.00,0.00
3380,Runner,0.300,0.496,0.204,0.143,0.146,0.00,237.00
3381,Runner,0.301,0.496,0.204,0.144,0.152,0.00,161.00
3382,Pursuer,0.300,0.496,0.204,0.166,0.160,0.00,108.00
3383,Runner,0.301,0.496,0.204,0.062,0.218,0.06,3.00
3384,Runner,0.301,0.496,0.204,0.164,0.154,1.40,226.00
3385,Pursuer,0.301,0.496,0.204,0.160,0.124,0.00,182.00
3386,Pursuer,0.301,0.496,0.203,0.129,0.144,0.00,549.00
3387,Pursuer,0.301,0.496,0.203,0.179,0.147,0.00,268.00
3388,Runner,0.301,0.496,0.203,0.153,0.154,0.00,186.00
3389,Pursuer,0.301,0.496,0.203,0.148,0.138,0.00,194.00
3390,Pursuer,0.301,0.496,0.203,0.142,0.157,0.00,267.00
3391,Pursuer,0.301,0.496,0.203,0.149,0.169,0.00,259.00
3392,Runner,0.301,0.496,0.203,0.117,0.160,5.68,293.00
3393,Runner,0.301,0.496,0.203,0.137,0.153,7.26,545.00
3394,Pursuer,0.301,0.496,0.203,0.152,0.153,0.00,263.00
3395,Runner,0.301,0.496,0.203,0.136,0.141,1.90,399.00
3396,Runner,0.301,0.496,0.203,0.148,0.142,4.52,431.00
3397,Pursuer,0.301,0.496,0.203,0.188,0.124,0.00,169.00
3398,Pursuer,0.301,0.496,0.203,0.170,0.146,0.00,147.00
3399,Runner,0.301,0.496,0.203,0.138,0.147,0.00,383.00
3400,Runner,0.301,0.496,0.203,0.142,0.120,0.00,338.00
3401,Pursuer,0.301,0.496,0.203,0.159,0.145,0.00,128.00
3402,Pursuer,0.301,0.496,0.203,0.135,0.158,0.00,310.00
3403,Runner,0.301,0.496,0.202,0.142,0.156,0.00,313.00
3404,Pursuer,0.301,0.496,0.202,0.160,0.148,0.00,134.00
3405,Draw,0.301,0.496,0.203,0.147,0.147,9.80,999.00
3406,Runner,0.302,0.496,0.203,0.138,0.151,3.62,181.00
3407,Pursuer,0.301,0.496,0.203,0.154,0.142,0.00,207.00
3408,Pursuer,0.301,0.496,0.202,0.088,0.185,0.00,10.00
3409,Runner,0.302,0.496,0.202,0.141,0.135,0.00,186.00
3410,Pursuer,0.301,0.496,0.202,0.142,0.177,0.00,150.00
3411,Pursuer,0.301,0.496,0.202,0.170,0.160,0.00,175.00
3412,Pursuer,0.301,0.496,0.202,0.134,0.142,0.00,388.00
3413,Runner,0.301,0.496,0.202,0.153,0.138,0.00,288.00
3414,Runner,0.302,0.496,0.202,0.158,0.175,0.28,101.00
3415,Runner,0.302,0.496,0.202,0.141,0.153,2.04,318.00
3416,Pursuer,0.302,0.496,0.202,0.153,0.145,0.00,241.00
3417,Pursuer,0.302,0.496,0.202,0.140,0.145,0.00,432.00
3418,Pursuer,0.302,0.496,0.202,0.180,0.074,0.00,5.00
3419,Pursuer,0.302,0.497,0.202,0.149,0.142,0.00,536.00
3420,Pursuer,0.301,0.497,0.202,0.173,0.129,0.00,72.00
3421,Runner,0.302,0.497,0.202,0.127,0.126,0.14,160.00
3422,Pursuer,0.302,0.497,0.202,0.171,0.327,0.00,6.00
3423,Draw,0.301,0.497,0.202,0.152,0.146,17.48,999.00
3424,Pursuer,0.301,0.497,0.202,0.127,0.156,0.00,234.00
3425,Pursuer,0.301,0.497,0.202,0.142,0.137,0.00,661.00
3426,Runner,0.302,0.497,0.202,0.151,0.144,9.44,526.00
3427,Runner,0.302,0.497,0.202,0.159,0.140,1.00,211.00
3428,Pursuer,0.302,0.497,0.202,0.166,0.155,0.00,110.00
3429,Pursuer,0.302,0.497,0.202,0.147,0.154,0.00,280.00
3430,Pursuer,0.301,0.497,0.201,0.103,0.131,0.00,471.00
3431,Runner,0.302,0.497,0.201,0.154,0.125,4.16,460.00
3432,Runner,0.302,0.497,0.201,0.131,0.146,0.88,149.00
3433,Runner,0.302,0.497,0.201,0.147,0.160,2.28,186.00
3434,Pursuer,0.302,0.497,0.201,0.135,0.156,0.00,275.00
3435,Pursuer,0.302,0.497,0.201,0.109,0.113,0.00,76.00
3436,Runner,0.302,0.497,0.201,0.146,0.142,0.32,263.00
3437,Runner,0.302,0.497,0.201,0.133,0.140,0.00,309.00
3438,Runner,0.303,0.497,0.201,0.163,0.120,0.00,90.00
3439,Pursuer,0.302,0.497,0.201,0.211,0.119,0.00,3.00
3440,Pursuer,0.302,0.497,0.201,0.145,0.131,0.00,140.00
3441,Pursuer,0.302,0.497,0.201,0.140,0.165,0.00,215.00
3442,Pursuer,0.302,0.497,0.201,0.394,0.222,0.00,5.00
3443,Runner,0.302,0.497,0.201,0.129,0.119,0.28,546.00
3444,Runner,0.303,0.497,0.201,0.120,0.124,1.64,175.00
3445,Pursuer,0.302,0.497,0.201,0.139,0.136,0.00,375.00
3446,Runner,0.303,0.497,0.201,0.073,0.094,0.00,25.00
3447,Runner,0.303,0.497,0.200,0.124,0.141,2.88,644.00
3448,Runner,0.303,0.497,0.200,0.161,0.138,3.78,234.00
3449,Runner,0.303,0.496,0.200,0.148,0.133,0.70,289.00
3450,Pursuer,0.303,0.497,0.200,0.147,0.139,0.00,723.00
3451,Runner,0.303,0.496,0.200,0.117,0.132,0.00,97.00
3452,Runner,0.304,0.496,0.200,0.167,0.097,0.00,7.00
3453,Runner,0.304,0.496,0.200,0.171,0.150,0.00,210.00
3454,Pursuer,0.304,0.496,0.200,0.158,0.133,0.00,238.00
3455,Pursuer,0.304,0.496,0.200,0.127,0.151,0.00,499.00
3456,Pursuer,0.304,0.497,0.200,0.147,0.128,0.00,287.00
3457,Runner,0.304,0.496,0.200,0.137,0.145,6.66,435.00
3458,Pursuer,0.304,0.497,0.200,0.138,0.144,0.00,127.00
3459,Runner,0.304,0.496,0.200,0.143,0.146,0.00,362.00
3460,Pursuer,0.304,0.497,0.200,0.072,0.192,0.00,2.00
3461,Pursuer,0.304,0.497,0.200,0.124,0.141,0.00,345.00
3462,Pursuer,0.304,0.497,0.200,0.172,0.157,0.00,79.00
3463,Draw,0.303,0.497,0.200,0.149,0.142,0.00,999.00
3464,Runner,0.304,0.497,0.200,0.157,0.175,4.22,307.00
3465,Pursuer,0.304,0.497,0.200,0.161,0.139,0.00,291.00
3466,Runner,0.304,0.497,0.200,0.133,0.135,1.38,242.00
3467,Pursuer,0.304,0.497,0.200,0.157,0.151,0.00,438.00
3468,Pursuer,0.304,0.497,0.200,0.179,0.118,0.00,95.00
3469,Runner,0.304,0.497,0.199,0.179,0.245,0.00,18.00
3470,Runner,0.304,0.497,0.199,0.092,0.250,0.00,8.00
3471,Runner,0.304,0.496,0.199,0.135,0.141,0.00,62.00
3472,Pursuer,0.304,0.497,0.199,0.157,0.152,0.00,172.00
3473,Pursuer,0.304,0.497,0.199,0.170,0.125,0.00,238.00
3474,Pursuer,0.304,0.497,0.199,0.144,0.170,0.00,58.00
3475,Runner,0.304,0.497,0.199,0.168,0.156,0.34,108.00
3476,Runner,0.304,0.497,0.199,0.155,0.097,0.08,80.00
3477,Runner,0.305,0.496,0.199,0.145,0.120,0.00,161.00
3478,Pursuer,0.304,0.497,0.199,0.119,0.132,0.00,398.00
3479,Runner,0.305,0.496,0.199,0.163,0.155,0.00,210.00
3480,Runner,0.305,0.496,0.199,0.131,0.126,0.00,160.00
3481,Pursuer,0.305,0.496,0.199,0.148,0.135,0.00,329.00
3482,Pursuer,0.305,0.497,0.199,0.158,0.119,0.00,156.00
3483,Pursuer,0.305,0.497,0.199,0.138,0.124,0.00,356.00
3484,Pursuer,0.305,0.497,0.199,0.154,0.152,0.00,552.00
3485,Runner,0.305,0.497,0.199,0.158,0.181,1.84,146.00
3486,Runner,0.305,0.497,0.199,0.134,0.142,5.14,257.00
3487,Pursuer,0.305,0.497,0.198,0.186,0.132,0.00,248.00
3488,Pursuer,0.305,0.497,0.198,0.143,0.146,0.00,313.00
3489,Pursuer,0.305,0.497,0.198,0.146,0.137,0.00,248.00
3490,Runner,0.305,0.497,0.198,0.161,0.144,4.26,213.00
3491,Runner,0.305,0.497,0.198,0.144,0.143,3.12,570.00
3492,Pursuer,0.305,0.497,0.198,0.140,0.144,0.00,779.00
3493,Draw,0.305,0.497,0.198,0.148,0.147,0.00,999.00
3494,Runner,0.305,0.497,0.198,0.000,0.000,0.00,0.00
3495,Pursuer,0.305,0.497,0.198,0.000,0.000,0.00,0.00
3496,Pursuer,0.305,0.497,0.198,0.122,0.196,0.00,25.00
3497,Runner,0.305,0.497,0.198,0.133,0.143,6.58,477.00
3498,Pursuer,0.305,0.497,0.198,0.181,0.143,0.00,262.00
3499,Runner,0.305,0.497,0.198,0.148,0.145,4.60,282.00
3500,Pursuer,0.305,0.497,0.198,0.000,0.000,0.00,1.00
3501,Runner,0.305,0.497,0.198,0.150,0.141,5.96,389.00
3502,Runner,0.306,0.497,0.198,0.143,0.269,0.00,4.00
3503,Pursuer,0.305,0.497,0.198,0.054,0.094,0.00,9.00
3504,Runner,0.306,0.497,0.198,0.145,0.160,2.68,299.00
3505,Runner,0.306,0.496,0.198,0.149,0.135,5.18,319.00
3506,Runner,0.306,0.496,0.198,0.149,0.148,7.60,410.00
3507,Pursuer,0.306,0.496,0.198,0.130,0.149,0.00,210.00
3508,Runner,0.306,0.496,0.198,0.150,0.178,1.76,214.00
3509,Runner,0.306,0.496,0.197,0.140,0.129,0.22,78.00
3510,Pursuer,0.306,0.496,0.197,0.152,0.169,0.00,272.00
3511,Runner,0.306,0.496,0.197,0.158,0.126,4.08,350.00
3512,Draw,0.306,0.496,0.198,0.156,0.132,9.18,999.00
3513,Pursuer,0.306,0.496,0.198,0.000,0.000,0.00,0.00
3514,Pursuer,0.306,0.496,0.197,0.090,0.188,0.00,15.00
3515,Draw,0.306,0.496,0.198,0.145,0.140,15.92,999.00
3516,Draw,0.306,0.496,0.198,0.136,0.135,17.18,999.00
3517,Pursuer,0.306,0.496,0.198,0.169,0.111,0.00,104.00
3518,Runner,0.306,0.496,0.198,0.151,0.136,4.06,322.00
3519,Runner,0.306,0.496,0.198,0.144,0.143,1.06,53.00
3520,Pursuer,0.306,0.496,0.198,0.000,0.000,0.00,1.00
3521,Pursuer,0.306,0.496,0.198,0.135,0.123,0.00,643.00
3522,Pursuer,0.306,0.496,0.198,0.161,0.137,0.00,130.00
3523,Pursuer,0.306,0.496,0.198,0.158,0.144,0.00,227.00
3524,Pursuer,0.306,0.497,0.198,0.133,0.102,0.00,168.00
3525,Runner,0.306,0.496,0.197,0.068,0.145,0.00,26.00
3526,Runner,0.306,0.496,0.197,0.138,0.136,0.00,534.00
3527,Runner,0.306,0.496,0.197,0.162,0.149,2.32,502.00
3528,Pursuer,0.306,0.496,0.197,0.153,0.153,0.00,241.00
3529,Draw,0.306,0.496,0.198,0.151,0.139,9.72,999.00
3530,Pursuer,0.306,0.496,0.197,0.171,0.145,0.00,49.00
3531,Pursuer,0.306,0.496,0.197,0.150,0.138,0.00,317.00
3532,Pursuer,0.306,0.497,0.197,0.159,0.133,0.00,166.00
3533,Runner,0.306,0.496,0.197,0.153,0.139,0.00,570.00
3534,Pursuer,0.306,0.497,0.197,0.649,0.694,0.00,1.00
3535,Runner,0.306,0.496,0.197,0.119,0.175,0.36,173.00
3536,Runner,0.307,0.496,0.197,0.143,0.146,6.92,569.00
3537,Runner,0.307,0.496,0.197,0.178,0.133,0.00,118.00
3538,Pursuer,0.307,0.496,0.197,0.177,0.105,0.00,58.00
3539,Pursuer,0.307,0.496,0.197,0.000,0.000,0.00,2.00
3540,Pursuer,0.306,0.497,0.197,0.129,0.142,0.00,276.00
3541,Pursuer,0.306,0.497,0.197,0.142,0.135,0.00,305.00
3542,Pursuer,0.306,0.497,0.197,0.145,0.145,0.00,164.00
3543,Runner,0.307,0.497,0.197,0.139,0.122,2.28,286.00
3544,Pursuer,0.306,0.497,0.197,0.141,0.152,0.00,232.00
3545,Pursuer,0.306,0.497,0.197,0.144,0.131,0.00,307.00
3546,Runner,0.307,0.497,0.197,0.000,0.000,0.00,1.00
3547,Pursuer,0.306,0.497,0.197,0.135,0.148,0.00,399.00
3548,Pursuer,0.306,0.497,0.196,0.138,0.146,0.00,324.00
3549,Pursuer,0.306,0.497,0.196,0.148,0.137,0.00,251.00
3550,Pursuer,0.306,0.497,0.196,0.131,0.139,0.00,371.00
3551,Runner,0.306,0.497,0.196,0.125,0.147,0.30,297.00
3552,Pursuer,0.306,0.497,0.196,0.146,0.143,0.00,606.00
3553,Runner,0.307,0.497,0.196,0.139,0.162,5.82,623.00
3554,Pursuer,0.306,0.497,0.196,0.153,0.127,0.00,178.00
3555,Runner,0.307,0.497,0.196,0.139,0.143,4.10,362.00
3556,Pursuer,0.307,0.497,0.196,0.028,0.052,0.00,6.00
3557,Runner,0.307,0.497,0.196,0.165,0.149,1.02,104.00
3558,Runner,0.307,0.497,0.196,0.154,0.160,1.72,321.00
3559,Pursuer,0.307,0.497,0.196,0.000,0.000,0.00,1.00
3560,Runner,0.307,0.497,0.196,0.169,0.140,0.00,166.00
3561,Draw,0.307,0.497,0.196,0.153,0.143,16.78,999.00
3562,Pursuer,0.307,0.497,0.196,0.119,0.139,0.00,173.00
3563,Runner,0.307,0.497,0.196,0.161,0.134,0.00,500.00
3564,Runner,0.307,0.497,0.196,0.139,0.142,0.00,265.00
3565,Pursuer,0.307,0.497,0.196,0.170,0.139,0.00,161.00
3566,Pursuer,0.307,0.497,0.196,0.146,0.154,0.00,363.00
3567,Pursuer,0.307,0.497,0.196,0.149,0.149,0.00,836.00
3568,Draw,0.307,0.497,0.196,0.148,0.152,19.98,999.00
3569,Runner,0.307,0.497,0.196,0.107,0.122,0.00,21.00
3570,Runner,0.307,0.497,0.196,0.162,0.123,0.00,427.00
3571,Pursuer,0.307,0.497,0.196,0.158,0.136,0.00,747.00
3572,Runner,0.307,0.497,0.196,0.139,0.144,0.00,327.00
3573,Pursuer,0.307,0.497,0.196,0.000,0.000,0.00,1.00
3574,Pursuer,0.307,0.497,0.196,0.150,0.164,0.00,217.00
3575,Runner,0.307,0.497,0.196,0.152,0.108,0.00,494.00
3576,Pursuer,0.307,0.497,0.195,0.150,0.164,0.00,468.00
3577,Pursuer,0.307,0.497,0.195,0.175,0.245,0.00,4.00
3578,Runner,0.307,0.497,0.195,0.153,0.194,0.00,42.00
3579,Pursuer,0.307,0.497,0.195,0.134,0.117,0.00,405.00
3580,Runner,0.308,0.497,0.195,0.142,0.144,3.20,211.00
3581,Draw,0.307,0.497,0.195,0.145,0.141,1.76,999.00
3582,Draw,0.307,0.497,0.196,0.147,0.116,0.00,999.00
3583,Pursuer,0.307,0.497,0.196,0.159,0.140,0.00,541.00
3584,Pursuer,0.307,0.497,0.196,0.147,0.125,0.00,151.00
3585,Pursuer,0.307,0.497,0.196,0.137,0.153,0.00,366.00
3586,Runner,0.307,0.497,0.195,0.164,0.147,0.26,232.00
3587,Runner,0.307,0.497,0.195,0.141,0.187,4.92,246.00
3588,Runner,0.308,0.497,0.195,0.144,0.128,0.00,122.00
3589,Runner,0.308,0.497,0.195,0.131,0.138,2.84,537.00
3590,Pursuer,0.308,0.497,0.195,0.166,0.149,0.00,81.00
3591,Pursuer,0.308,0.497,0.195,0.134,0.149,0.00,87.00
3592,Runner,0.308,0.497,0.195,0.137,0.148,0.00,447.00
3593,Runner,0.308,0.497,0.195,0.148,0.151,0.88,371.00
3594,Runner,0.308,0.497,0.195,0.185,0.146,0.64,177.00
3595,Pursuer,0.308,0.497,0.195,0.140,0.143,0.00,197.00
3596,Pursuer,0.308,0.497,0.195,0.143,0.153,0.00,318.00
3597,Pursuer,0.308,0.497,0.195,0.146,0.141,0.00,117.00
3598,Runner,0.308,0.497,0.195,0.162,0.145,0.70,215.00
3599,Pursuer,0.308,0.497,0.195,0.163,0.164,0.00,162.00
3600,Pursuer,0.308,0.497,0.195,0.153,0.182,0.00,267.00
3601,Pursuer,0.308,0.497,0.195,0.158,0.102,0.00,76.00
3602,Draw,0.308,0.497,0.195,0.156,0.144,18.58,999.00
3603,Runner,0.308,0.497,0.195,0.200,0.139,0.00,65.00
3604,Pursuer,0.308,0.497,0.195,0.147,0.133,0.00,239.00
3605,Pursuer,0.308,0.497,0.195,0.152,0.150,0.00,136.00
3606,Draw,0.308,0.497,0.195,0.150,0.133,0.46,999.00
3607,Draw,0.308,0.497,0.195,0.145,0.151,17.74,999.00
3608,Pursuer,0.308,0.497,0.195,0.144,0.128,0.00,159.00
3609,Draw,0.308,0.497,0.195,0.148,0.158,5.46,999.00
3610,Runner,0.308,0.497,0.195,0.144,0.161,3.38,182.00
3611,Runner,0.308,0.497,0.195,0.204,0.107,0.00,21.00
3612,Runner,0.308,0.497,0.195,0.053,0.122,0.00,7.00
3613,Pursuer,0.308,0.497,0.195,0.137,0.108,0.00,133.00
3614,Runner,0.308,0.497,0.195,0.159,0.164,0.00,231.00
3615,Pursuer,0.308,0.497,0.195,0.162,0.096,0.00,28.00
3616,Runner,0.308,0.497,0.195,0.161,0.116,0.00,55.00
3617,Runner,0.309,0.497,0.195,0.128,0.128,0.00,232.00
3618,Pursuer,0.308,0.497,0.195,0.000,0.000,0.00,1.00
3619,Runner,0.309,0.497,0.195,0.148,0.145,6.42,333.00
3620,Pursuer,0.309,0.497,0.195,0.153,0.163,0.00,232.00
3621,Runner,0.309,0.497,0.195,0.137,0.142,3.32,166.00
3622,Pursuer,0.309,0.497,0.195,0.119,0.135,0.00,357.00
3623,Runner,0.309,0.497,0.195,0.140,0.176,1.76,241.00
3624,Pursuer,0.309,0.497,0.195,0.146,0.143,0.00,190.00
3625,Pursuer,0.309,0.497,0.194,0.159,0.131,0.00,148.00
3626,Runner,0.309,0.497,0.194,0.129,0.155,6.34,364.00
3627,Runner,0.309,0.497,0.194,0.168,0.172,0.00,22.00
3628,Pursuer,0.309,0.497,0.194,0.116,0.166,0.00,224.00
3629,Pursuer,0.309,0.497,0.194,0.152,0.152,0.00,750.00
3630,Pursuer,0.309,0.497,0.194,0.130,0.131,0.00,255.00
3631,Runner,0.309,0.497,0.194,0.129,0.168,2.44,417.00
3632,Pursuer,0.309,0.497,0.194,0.000,0.000,0.00,1.00
3633,Pursuer,0.309,0.497,0.194,0.137,0.129,0.00,119.00
3634,Runner,0.309,0.497,0.194,0.160,0.162,1.04,305.00
3635,Runner,0.309,0.497,0.194,0.135,0.161,4.96,300.00
3636,Pursuer,0.309,0.497,0.194,0.174,0.355,0.00,4.00
3637,Pursuer,0.309,0.497,0.194,0.215,0.175,0.00,72.00
3638,Runner,0.309,0.497,0.194,0.000,0.000,0.00,1.00
3639,Runner,0.309,0.497,0.194,0.139,0.138,2.76,432.00
3640,Pursuer,0.309,0.497,0.194,0.135,0.129,0.00,266.00
3641,Pursuer,0.309,0.497,0.194,0.154,0.171,0.00,246.00
3642,Pursuer,0.309,0.497,0.194,0.131,0.164,0.00,362.00
3643,Pursuer,0.309,0.497,0.194,0.162,0.138,0.00,207.00
3644,Pursuer,0.309,0.498,0.193,0.129,0.142,0.00,170.00
3645,Runner,0.309,0.497,0.193,0.127,0.135,0.00,117.00
3646,Pursuer,0.309,0.498,0.193,0.219,0.159,0.00,28.00
3647,Runner,0.309,0.497,0.193,0.174,0.091,0.00,90.00
3648,Pursuer,0.309,0.498,0.193,0.154,0.139,0.00,408.00
3649,Pursuer,0.309,0.498,0.193,0.157,0.146,0.00,429.00
3650,Runner,0.309,0.498,0.193,0.150,0.126,1.38,714.00
3651,Runner,0.310,0.497,0.193,0.120,0.087,0.00,17.00
3652,Runner,0.310,0.497,0.193,0.156,0.147,0.24,198.00
3653,Pursuer,0.310,0.497,0.193,0.142,0.126,0.00,292.00
3654,Pursuer,0.310,0.498,0.193,0.142,0.153,0.00,227.00
3655,Runner,0.310,0.497,0.193,0.129,0.229,0.00,13.00
3656,Runner,0.310,0.497,0.193,0.152,0.118,0.00,263.00
3657,Pursuer,0.310,0.497,0.193,0.109,0.112,0.00,115.00
3658,Pursuer,0.310,0.498,0.193,0.098,0.193,0.00,35.00
3659,Pursuer,0.310,0.498,0.193,0.130,0.137,0.00,412.00
3660,Runner,0.310,0.498,0.193,0.000,0.000,0.00,1.00
3661,Pursuer,0.310,0.498,0.193,0.136,0.143,0.00,243.00
3662,Pursuer,0.310,0.498,0.193,0.153,0.140,0.00,488.00
3663,Runner,0.310,0.498,0.192,0.144,0.153,9.32,637.00
3664,Pursuer,0.310,0.498,0.192,0.182,0.085,0.00,42.00
3665,Runner,0.310,0.498,0.192,0.151,0.147,2.90,233.00
3666,Draw,0.310,0.498,0.193,0.140,0.111,0.00,999.00
3667,Pursuer,0.310,0.498,0.193,0.143,0.156,0.00,489.00
3668,Pursuer,0.310,0.498,0.192,0.144,0.159,0.00,487.00
3669,Runner,0.310,0.498,0.192,0.153,0.142,5.34,596.00
3670,Pursuer,0.310,0.498,0.192,0.152,0.136,0.00,200.00
3671,Pursuer,0.310,0.498,0.192,0.149,0.141,0.00,293.00
3672,Pursuer,0.310,0.498,0.192,0.148,0.147,0.00,257.00
3673,Pursuer,0.310,0.498,0.192,0.148,0.142,0.00,229.00
3674,Pursuer,0.309,0.498,0.192,0.112,0.142,0.00,50.00
3675,Pursuer,0.309,0.499,0.192,0.184,0.160,0.00,43.00
3676,Runner,0.310,0.498,0.192,0.056,1.400,0.00,1.00
3677,Runner,0.310,0.498,0.192,0.168,0.129,1.78,148.00
3678,Pursuer,0.310,0.498,0.192,0.126,0.178,0.00,56.00
3679,Pursuer,0.310,0.499,0.192,0.157,0.140,0.00,642.00
3680,Runner,0.310,0.498,0.192,0.143,0.138,0.52,282.00
3681,Pursuer,0.310,0.499,0.192,0.142,0.163,0.00,177.00
3682,Pursuer,0.310,0.499,0.192,0.140,0.114,0.00,165.00
3683,Pursuer,0.310,0.499,0.192,0.135,0.154,0.00,707.00
3684,Pursuer,0.309,0.499,0.192,0.145,0.146,0.00,323.00
3685,Runner,0.310,0.499,0.192,0.151,0.161,5.50,286.00
3686,Pursuer,0.310,0.499,0.192,0.151,0.149,0.00,340.00
3687,Runner,0.310,0.499,0.191,0.141,0.135,0.18,180.00
3688,Runner,0.310,0.499,0.191,0.157,0.156,5.24,305.00
3689,Pursuer,0.310,0.499,0.191,0.152,0.156,0.00,222.00
3690,Runner,0.310,0.499,0.191,0.159,0.154,0.00,297.00
3691,Pursuer,0.310,0.499,0.191,0.141,0.162,0.00,181.00
3692,Pursuer,0.310,0.499,0.191,0.156,0.158,0.00,421.00
3693,Pursuer,0.310,0.499,0.191,0.175,0.157,0.00,108.00
3694,Runner,0.310,0.499,0.191,0.145,0.134,0.00,242.00
3695,Pursuer,0.310,0.499,0.191,0.148,0.122,0.00,126.00
3696,Draw,0.310,0.499,0.191,0.134,0.166,10.68,999.00
3697,Pursuer,0.310,0.499,0.191,0.129,0.146,0.00,238.00
3698,Pursuer,0.310,0.499,0.191,0.133,0.126,0.00,193.00
3699,Pursuer,0.310,0.499,0.191,0.113,0.164,0.00,98.00
3700,Runner,0.310,0.499,0.191,0.129,0.159,2.44,126.00
3701,Runner,0.310,0.499,0.191,0.140,0.156,7.50,375.00
3702,Runner,0.310,0.499,0.191,0.139,0.175,0.00,30.00
3703,Pursuer,0.310,0.499,0.191,0.173,0.208,0.00,91.00
3704,Runner,0.310,0.499,0.191,0.135,0.147,1.24,106.00
3705,Pursuer,0.310,0.499,0.191,0.170,0.138,0.00,146.00
3706,Pursuer,0.310,0.499,0.191,0.133,0.154,0.00,218.00
3707,Pursuer,0.310,0.499,0.191,0.139,0.134,0.00,714.00
3708,Pursuer,0.310,0.499,0.191,0.138,0.141,0.00,325.00
3709,Runner,0.310,0.499,0.191,0.156,0.173,3.24,275.00
3710,Runner,0.310,0.499,0.191,0.144,0.168,9.06,456.00
3711,Pursuer,0.310,0.499,0.191,0.000,0.000,0.00,1.00
3712,Pursuer,0.310,0.499,0.190,0.138,0.133,0.00,218.00
3713,Pursuer,0.310,0.500,0.190,0.301,0.229,0.00,9.00
3714,Pursuer,0.310,0.500,0.190,0.166,0.112,0.00,82.00
3715,Runner,0.310,0.500,0.190,0.158,0.162,0.72,295.00
3716,Runner,0.310,0.499,0.190,0.153,0.137,0.00,24.00
3717,Pursuer,0.310,0.500,0.190,0.146,0.134,0.00,369.00
3718,Pursuer,0.310,0.500,0.190,0.180,0.151,0.00,373.00
3719,Pursuer,0.310,0.500,0.190,0.110,0.155,0.00,63.00
3720,Pursuer,0.310,0.500,0.190,0.130,0.145,0.00,289.00
3721,Runner,0.310,0.500,0.190,0.155,0.161,4.90,582.00
3722,Runner,0.310,0.500,0.190,0.154,0.159,7.08,354.00
3723,Pursuer,0.310,0.500,0.190,0.155,0.152,0.00,221.00
3724,Pursuer,0.310,0.500,0.190,0.165,0.175,0.00,94.00
3725,Pursuer,0.310,0.500,0.190,0.180,0.111,0.00,53.00
3726,Pursuer,0.310,0.500,0.190,0.077,0.188,0.00,35.00
3727,Pursuer,0.310,0.500,0.190,0.144,0.143,0.00,347.00
3728,Pursuer,0.310,0.501,0.190,0.335,0.294,0.00,6.00
3729,Pursuer,0.310,0.501,0.190,0.155,0.147,0.00,991.00
3730,Runner,0.310,0.501,0.190,0.105,0.037,0.18,9.00
3731,Runner,0.310,0.500,0.189,0.149,0.159,1.34,88.00
3732,Pursuer,0.310,0.501,0.189,0.127,0.153,0.00,59.00
3733,Draw,0.310,0.500,0.190,0.134,0.141,16.46,999.00
3734,Runner,0.310,0.500,0.190,0.127,0.143,0.00,637.00
3735,Pursuer,0.310,0.500,0.190,0.148,0.130,0.00,216.00
3736,Pursuer,0.310,0.501,0.190,0.132,0.138,0.00,632.00
3737,Draw,0.310,0.500,0.190,0.138,0.152,17.80,999.00
3738,Runner,0.310,0.500,0.190,0.149,0.169,3.70,324.00
3739,Pursuer,0.310,0.500,0.190,0.160,0.123,0.00,318.00
3740,Pursuer,0.310,0.501,0.190,0.147,0.122,0.00,265.00
3741,Runner,0.310,0.500,0.190,0.146,0.154,5.36,268.00
3742,Runner,0.310,0.500,0.189,0.144,0.135,0.00,279.00
3743,Pursuer,0.310,0.500,0.189,0.137,0.143,0.00,104.00
3744,Pursuer,0.310,0.501,0.189,0.139,0.162,0.00,316.00
3745,Runner,0.310,0.500,0.189,0.130,0.094,0.00,56.00
3746,Runner,0.310,0.500,0.189,0.151,0.139,4.74,489.00
3747,Pursuer,0.310,0.500,0.189,0.180,0.148,0.00,83.00
3748,Pursuer,0.310,0.501,0.189,0.155,0.148,0.00,241.00
3749,Pursuer,0.310,0.501,0.189,0.172,0.118,0.00,73.00
3750,Pursuer,0.310,0.501,0.189,0.167,0.136,0.00,172.00
3751,Draw,0.310,0.501,0.189,0.149,0.153,18.62,999.00
3752,Pursuer,0.310,0.501,0.189,0.149,0.136,0.00,590.00
3753,Pursuer,0.310,0.501,0.189,0.134,0.145,0.00,312.00
3754,Runner,0.310,0.501,0.189,0.137,0.161,1.84,263.00
3755,Runner,0.310,0.501,0.189,0.134,0.143,1.14,64.00
3756,Runner,0.310,0.501,0.189,0.130,0.129,0.00,656.00
3757,Pursuer,0.310,0.501,0.189,0.137,0.155,0.00,404.00
3758,Runner,0.311,0.501,0.189,0.135,0.147,7.64,436.00
3759,Pursuer,0.310,0.501,0.189,0.141,0.158,0.00,546.00
3760,Runner,0.311,0.501,0.189,0.154,0.161,0.00,317.00
3761,Runner,0.311,0.500,0.189,0.163,0.179,0.24,225.00
3762,Pursuer,0.311,0.501,0.189,0.154,0.152,0.00,101.00
3763,Pursuer,0.311,0.501,0.189,0.140,0.138,0.00,345.00
3764,Pursuer,0.311,0.501,0.189,0.145,0.126,0.00,410.00
3765,Pursuer,0.310,0.501,0.189,0.176,0.110,0.00,43.00
3766,Pursuer,0.310,0.501,0.189,0.136,0.154,0.00,111.00
3767,Pursuer,0.310,0.501,0.188,0.157,0.140,0.00,92.00
3768,Runner,0.311,0.501,0.188,0.139,0.147,0.02,346.00
3769,Draw,0.310,0.501,0.189,0.139,0.156,13.00,999.00
3770,Pursuer,0.310,0.501,0.189,0.145,0.146,0.00,348.00
3771,Pursuer,0.310,0.501,0.189,0.173,0.106,0.00,67.00
3772,Pursuer,0.310,0.501,0.188,0.154,0.143,0.00,159.00
3773,Pursuer,0.310,0.501,0.188,0.160,0.160,0.00,370.00
3774,Runner,0.310,0.501,0.188,0.117,0.156,2.44,198.00
3775,Pursuer,0.310,0.501,0.188,0.133,0.119,0.00,255.00
3776,Runner,0.310,0.501,0.188,0.146,0.151,4.04,245.00
3777,Pursuer,0.310,0.501,0.188,0.146,0.129,0.00,249.00
3778,Runner,0.310,0.501,0.188,0.146,0.128,2.02,239.00
3779,Runner,0.311,0.501,0.188,0.147,0.162,1.24,263.00
3780,Pursuer,0.311,0.501,0.188,0.144,0.141,0.00,410.00
3781,Pursuer,0.310,0.501,0.188,0.152,0.164,0.00,354.00
3782,Pursuer,0.310,0.502,0.188,0.152,0.170,0.00,362.00
3783,Pursuer,0.310,0.502,0.188,0.139,0.146,0.00,260.00
3784,Runner,0.311,0.502,0.188,0.131,0.127,0.02,242.00
3785,Pursuer,0.310,0.502,0.188,0.155,0.128,0.00,393.00
3786,Pursuer,0.310,0.502,0.188,0.115,0.202,0.00,6.00
3787,Pursuer,0.310,0.502,0.188,0.153,0.142,0.00,206.00
3788,Runner,0.310,0.502,0.188,0.140,0.149,2.48,347.00
3789,Pursuer,0.310,0.502,0.188,0.153,0.134,0.00,351.00
3790,Runner,0.311,0.502,0.188,0.139,0.128,4.94,442.00
3791,Runner,0.311,0.502,0.188,0.141,0.145,1.72,141.00
3792,Pursuer,0.311,0.502,0.188,0.147,0.144,0.00,290.00
3793,Runner,0.311,0.502,0.187,0.156,0.133,0.16,262.00
3794,Draw,0.311,0.502,0.188,0.154,0.139,16.64,999.00
3795,Pursuer,0.311,0.502,0.188,0.000,0.000,0.00,0.00
3796,Runner,0.311,0.502,0.188,0.136,0.123,0.28,393.00
3797,Pursuer,0.311,0.502,0.188,0.130,0.149,0.00,545.00
3798,Draw,0.311,0.502,0.188,0.146,0.147,16.86,999.00
3799,Draw,0.311,0.501,0.188,0.139,0.146,8.58,999.00
3800,Runner,0.311,0.501,0.188,0.152,0.124,0.58,280.00
3801,Draw,0.311,0.501,0.188,0.150,0.166,16.52,999.00
3802,Runner,0.311,0.501,0.188,0.192,0.231,0.00,53.00
3803,Runner,0.311,0.501,0.188,0.164,0.125,0.76,221.00
3804,Pursuer,0.311,0.501,0.188,0.150,0.162,0.00,517.00
3805,Pursuer,0.311,0.501,0.188,0.167,0.151,0.00,340.00
3806,Pursuer,0.311,0.501,0.188,0.153,0.188,0.00,93.00
3807,Runner,0.311,0.501,0.188,0.148,0.136,2.14,280.00
3808,Pursuer,0.311,0.501,0.188,0.209,0.165,0.00,35.00
3809,Runner,0.311,0.501,0.188,0.200,0.128,0.00,137.00
3810,Runner,0.311,0.501,0.188,0.148,0.127,0.00,97.00
3811,Draw,0.311,0.501,0.188,0.140,0.133,0.00,999.00
3812,Runner,0.311,0.501,0.188,0.152,0.174,3.36,199.00
3813,Runner,0.312,0.501,0.188,0.161,0.144,4.14,313.00
3814,Runner,0.312,0.501,0.188,0.171,0.162,2.54,172.00
3815,Runner,0.312,0.500,0.188,0.090,0.176,0.78,88.00
3816,Pursuer,0.312,0.501,0.188,0.153,0.140,0.00,414.00
3817,Pursuer,0.312,0.501,0.188,0.160,0.155,0.00,100.00
3818,Pursuer,0.312,0.501,0.188,0.133,0.132,0.00,86.00
3819,Pursuer,0.312,0.501,0.187,0.152,0.140,0.00,453.00
3820,Runner,0.312,0.501,0.187,0.169,0.163,0.00,44.00
3821,Pursuer,0.312,0.501,0.187,0.141,0.134,0.00,430.00
3822,Runner,0.312,0.501,0.187,0.145,0.161,0.00,147.00
3823,Pursuer,0.312,0.501,0.187,0.166,0.141,0.00,356.00
3824,Pursuer,0.312,0.501,0.187,0.149,0.110,0.00,195.00
3825,Pursuer,0.312,0.501,0.187,0.128,0.072,0.00,37.00
3826,Pursuer,0.312,0.501,0.187,0.137,0.153,0.00,288.00
3827,Runner,0.312,0.501,0.187,0.113,0.153,1.44,162.00
3828,Pursuer,0.312,0.501,0.187,0.116,0.153,0.00,205.00
3829,Pursuer,0.312,0.501,0.187,0.125,0.142,0.00,205.00
3830,Runner,0.312,0.501,0.187,0.140,0.153,4.84,411.00
3831,Runner,0.312,0.501,0.187,0.131,0.131,0.00,99.00
3832,Pursuer,0.312,0.501,0.187,0.000,0.000,0.00,1.00
3833,Draw,0.312,0.501,0.187,0.118,0.150,0.00,999.00
3834,Runner,0.312,0.501,0.187,0.130,0.181,7.00,407.00
3835,Runner,0.312,0.501,0.187,0.117,0.160,5.70,285.00
3836,Pursuer,0.312,0.501,0.187,0.084,0.096,0.00,16.00
3837,Pursuer,0.312,0.501,0.187,0.138,0.103,0.00,125.00
3838,Runner,0.312,0.501,0.187,0.152,0.130,3.14,200.00
3839,Pursuer,0.312,0.501,0.187,0.134,0.143,0.00,402.00
3840,Pursuer,0.312,0.501,0.187,0.129,0.136,0.00,425.00
3841,Pursuer,0.312,0.501,0.187,0.149,0.150,0.00,195.00
3842,Runner,0.312,0.501,0.187,0.184,0.122,0.00,254.00
3843,Pursuer,0.312,0.501,0.187,0.156,0.148,0.00,429.00
3844,Runner,0.312,0.501,0.187,0.161,0.141,3.76,188.00
3845,Pursuer,0.312,0.501,0.186,0.147,0.148,0.00,97.00
3846,Pursuer,0.312,0.502,0.186,0.147,0.133,0.00,234.00
3847,Pursuer,0.312,0.502,0.186,0.163,0.147,0.00,258.00
3848,Pursuer,0.312,0.502,0.186,0.162,0.150,0.00,361.00
3849,Runner,0.312,0.502,0.186,0.131,0.146,6.86,682.00
3850,Pursuer,0.312,0.502,0.186,0.158,0.137,0.00,895.00
3851,Runner,0.312,0.502,0.186,0.113,0.118,0.00,58.00
3852,Pursuer,0.312,0.502,0.186,0.146,0.130,0.00,749.00
3853,Pursuer,0.312,0.502,0.186,0.117,0.162,0.00,75.00
3854,Pursuer,0.312,0.502,0.186,0.159,0.161,0.00,207.00
3855,Runner,0.312,0.502,0.186,0.168,0.143,2.76,264.00
3856,Pursuer,0.312,0.502,0.186,0.132,0.161,0.00,192.00
3857,Runner,0.312,0.502,0.186,0.134,0.136,3.18,367.00
3858,Runner,0.312,0.502,0.186,0.179,0.124,0.00,99.00
3859,Runner,0.313,0.502,0.186,0.122,0.124,0.00,225.00
3860,Pursuer,0.312,0.502,0.186,0.142,0.156,0.00,105.00
3861,Pursuer,0.312,0.502,0.186,0.120,0.125,0.00,148.00
3862,Pursuer,0.312,0.502,0.186,0.130,0.131,0.00,306.00
3863,Runner,0.312,0.502,0.186,0.137,0.133,0.00,300.00
3864,Pursuer,0.312,0.502,0.186,0.131,0.145,0.00,542.00
3865,Pursuer,0.312,0.502,0.186,0.139,0.128,0.00,362.00
3866,Pursuer,0.312,0.502,0.185,0.169,0.145,0.00,252.00
3867,Pursuer,0.312,0.502,0.185,0.142,0.135,0.00,338.00
3868,Runner,0.312,0.502,0.185,0.535,1.552,0.00,1.00
3869,Runner,0.312,0.502,0.185,0.119,0.137,3.94,312.00
3870,Pursuer,0.312,0.502,0.185,0.176,0.129,0.00,335.00
3871,Pursuer,0.312,0.502,0.185,0.093,0.113,0.00,47.00
3872,Pursuer,0.312,0.503,0.185,0.155,0.190,0.00,24.00
3873,Runner,0.312,0.502,0.185,0.150,0.161,0.00,119.00
3874,Pursuer,0.312,0.503,0.185,0.145,0.122,0.00,723.00
3875,Pursuer,0.312,0.503,0.185,0.160,0.146,0.00,782.00
3876,Runner,0.312,0.503,0.185,0.127,0.158,5.22,261.00
3877,Pursuer,0.312,0.503,0.185,0.136,0.136,0.00,206.00
3878,Runner,0.313,0.503,0.185,0.139,0.155,0.38,300.00
3879,Runner,0.313,0.502,0.185,0.169,0.184,0.84,151.00
3880,Pursuer,0.313,0.503,0.185,0.149,0.111,0.00,198.00
3881,Pursuer,0.313,0.503,0.185,0.128,0.146,0.00,151.00
3882,Pursuer,0.312,0.503,0.185,0.144,0.165,0.00,283.00
3883,Pursuer,0.312,0.503,0.185,0.132,0.131,0.00,91.00
3884,Pursuer,0.312,0.503,0.185,0.158,0.130,0.00,64.00
3885,Pursuer,0.312,0.503,0.185,0.175,0.202,0.00,26.00
3886,Runner,0.312,0.503,0.185,0.150,0.143,5.80,565.00
3887,Pursuer,0.312,0.503,0.184,0.119,0.155,0.00,48.00
3888,Pursuer,0.312,0.503,0.184,0.223,0.144,0.00,37.00
3889,Pursuer,0.312,0.503,0.184,0.148,0.156,0.00,75.00
3890,Pursuer,0.312,0.504,0.184,0.140,0.166,0.00,63.00
3891,Pursuer,0.312,0.504,0.184,0.144,0.118,0.00,182.00
3892,Pursuer,0.312,0.504,0.184,0.146,0.128,0.00,434.00
3893,Runner,0.312,0.504,0.184,0.160,0.131,0.02,245.00
3894,Pursuer,0.312,0.504,0.184,0.177,0.161,0.00,267.00
3895,Runner,0.312,0.504,0.184,0.162,0.138,0.72,211.00
3896,Runner,0.312,0.504,0.184,0.152,0.148,1.82,229.00
3897,Runner,0.313,0.503,0.184,0.150,0.164,0.00,325.00
3898,Pursuer,0.312,0.504,0.184,0.139,0.094,0.00,14.00
3899,Pursuer,0.312,0.504,0.184,0.189,0.128,0.00,89.00
3900,Pursuer,0.312,0.504,0.184,0.141,0.148,0.00,492.00
3901,Runner,0.312,0.504,0.184,0.124,0.152,5.16,377.00
3902,Runner,0.313,0.504,0.184,0.121,0.150,2.30,194.00
3903,Pursuer,0.313,0.504,0.184,0.173,0.158,0.00,100.00
3904,Pursuer,0.313,0.504,0.184,0.192,0.164,0.00,88.00
3905,Pursuer,0.312,0.504,0.184,0.122,0.101,0.00,11.00
3906,Pursuer,0.312,0.504,0.184,0.155,0.148,0.00,420.00
3907,Pursuer,0.312,0.504,0.184,0.139,0.151,0.00,613.00
3908,Pursuer,0.312,0.504,0.183,0.121,0.141,0.00,135.00
3909,Pursuer,0.312,0.504,0.183,0.169,0.148,0.00,224.00
3910,Pursuer,0.312,0.505,0.183,0.170,0.140,0.00,155.00
3911,Runner,0.312,0.504,0.183,0.124,0.128,2.98,213.00
3912,Runner,0.312,0.504,0.183,0.148,0.148,0.60,169.00
3913,Pursuer,0.312,0.504,0.183,0.000,0.000,0.00,1.00
3914,Draw,0.312,0.504,0.183,0.137,0.146,16.34,999.00
3915,Runner,0.312,0.504,0.183,0.140,0.148,5.14,348.00
3916,Pursuer,0.312,0.504,0.183,0.139,0.129,0.00,272.00
3917,Pursuer,0.312,0.504,0.183,0.224,0.191,0.00,18.00
3918,Pursuer,0.312,0.505,0.183,0.135,0.152,0.00,123.00
3919,Draw,0.312,0.504,0.183,0.146,0.152,18.60,999.00
3920,Pursuer,0.312,0.505,0.183,0.164,0.163,0.00,172.00
3921,Runner,0.312,0.504,0.183,0.170,0.104,0.00,111.00
3922,Pursuer,0.312,0.505,0.183,0.134,0.195,0.00,19.00
3923,Runner,0.312,0.504,0.183,0.150,0.162,4.14,207.00
3924,Pursuer,0.312,0.505,0.183,0.171,0.225,0.00,56.00
3925,Pursuer,0.312,0.505,0.183,0.132,0.106,0.00,53.00
3926,Runner,0.312,0.505,0.183,0.138,0.144,1.90,305.00
3927,Pursuer,0.312,0.505,0.183,0.136,0.149,0.00,334.00
3928,Pursuer,0.312,0.505,0.183,0.152,0.165,0.00,118.00
3929,Pursuer,0.312,0.505,0.183,0.147,0.161,0.00,495.00
3930,Pursuer,0.312,0.505,0.183,0.204,0.131,0.00,29.00
3931,Runner,0.312,0.505,0.183,0.143,0.134,0.00,188.00
3932,Pursuer,0.312,0.505,0.183,0.143,0.175,0.00,83.00
3933,Pursuer,0.312,0.505,0.183,0.142,0.137,0.00,203.00
3934,Pursuer,0.312,0.505,0.183,0.127,0.138,0.00,644.00
3935,Runner,0.312,0.505,0.183,0.000,0.000,0.02,1.00
3936,Pursuer,0.312,0.505,0.183,0.000,0.000,0.00,1.00
3937,Pursuer,0.312,0.505,0.183,0.120,0.139,0.00,85.00
3938,Runner,0.312,0.505,0.183,0.148,0.152,3.84,289.00
3939,Pursuer,0.312,0.505,0.183,0.161,0.153,0.00,445.00
3940,Runner,0.312,0.505,0.182,0.137,0.150,1.76,249.00
3941,Pursuer,0.312,0.505,0.182,0.157,0.150,0.00,70.00
3942,Pursuer,0.312,0.506,0.182,0.170,0.144,0.00,141.00
3943,Pursuer,0.312,0.506,0.182,0.123,0.210,0.00,9.00
3944,Pursuer,0.312,0.506,0.182,0.155,0.138,0.00,268.00
3945,Pursuer,0.312,0.506,0.182,0.147,0.141,0.00,930.00
3946,Pursuer,0.312,0.506,0.182,0.157,0.148,0.00,114.00
3947,Runner,0.312,0.506,0.182,0.171,0.119,0.00,127.00
3948,Pursuer,0.312,0.506,0.182,0.140,0.142,0.00,116.00
3949,Pursuer,0.312,0.506,0.182,0.164,0.149,0.00,343.00
3950,Runner,0.312,0.506,0.182,0.134,0.135,3.96,437.00
3951,Pursuer,0.312,0.506,0.182,0.195,0.123,0.00,159.00
3952,Pursuer,0.312,0.506,0.182,0.151,0.132,0.00,118.00
3953,Pursuer,0.312,0.506,0.182,0.135,0.131,0.00,385.00
3954,Pursuer,0.312,0.507,0.182,0.146,0.188,0.00,62.00
3955,Pursuer,0.312,0.507,0.182,0.149,0.119,0.00,184.00
3956,Pursuer,0.311,0.507,0.182,0.154,0.150,0.00,264.00
3957,Pursuer,0.311,0.507,0.182,0.160,0.146,0.00,185.00
3958,Runner,0.312,0.507,0.182,0.149,0.140,0.00,662.00
3959,Runner,0.312,0.507,0.182,0.115,0.147,1.26,97.00
3960,Runner,0.312,0.507,0.182,0.157,0.150,2.40,218.00
3961,Runner,0.312,0.506,0.182,0.143,0.158,6.50,325.00
3962,Pursuer,0.312,0.507,0.181,0.135,0.158,0.00,400.00
3963,Pursuer,0.312,0.507,0.181,0.142,0.133,0.00,104.00
3964,Runner,0.312,0.507,0.181,0.164,0.183,0.00,66.00
3965,Pursuer,0.312,0.507,0.181,0.126,0.155,0.00,157.00
3966,Pursuer,0.312,0.507,0.181,0.051,0.113,0.00,9.00
3967,Draw,0.312,0.507,0.181,0.140,0.157,12.72,999.00
3968,Pursuer,0.312,0.507,0.181,0.151,0.116,0.00,149.00
3969,Pursuer,0.312,0.507,0.181,0.161,0.133,0.00,123.00
3970,Pursuer,0.312,0.507,0.181,0.130,0.144,0.00,512.00
3971,Runner,0.312,0.507,0.181,0.158,0.181,1.86,288.00
3972,Runner,0.312,0.507,0.181,0.150,0.154,4.32,310.00
3973,Runner,0.312,0.507,0.181,0.131,0.156,6.70,449.00
3974,Pursuer,0.312,0.507,0.181,0.199,0.157,0.00,81.00
3975,Draw,0.312,0.507,0.181,0.153,0.156,18.54,999.00
3976,Runner,0.312,0.507,0.181,0.154,0.149,1.04,339.00
3977,Pursuer,0.312,0.507,0.181,0.131,0.147,0.00,159.00
3978,Pursuer,0.312,0.507,0.181,0.132,0.143,0.00,242.00
3979,Runner,0.312,0.507,0.181,0.153,0.155,1.12,321.00
3980,Runner,0.312,0.507,0.181,0.136,0.137,2.64,187.00
3981,Pursuer,0.312,0.507,0.181,0.153,0.133,0.00,732.00
3982,Pursuer,0.312,0.507,0.181,0.158,0.130,0.00,333.00
3983,Pursuer,0.312,0.507,0.181,0.065,0.150,0.00,10.00
3984,Runner,0.312,0.507,0.181,0.163,0.138,4.00,380.00
3985,Pursuer,0.312,0.507,0.181,0.140,0.131,0.00,351.00
3986,Pursuer,0.312,0.507,0.181,0.144,0.185,0.00,111.00
3987,Runner,0.312,0.507,0.181,0.154,0.149,6.32,316.00
3988,Pursuer,0.312,0.507,0.181,0.152,0.132,0.00,166.00
3989,Runner,0.312,0.507,0.181,0.117,0.151,0.00,96.00
3990,Pursuer,0.312,0.507,0.181,0.125,0.151,0.00,536.00
3991,Runner,0.312,0.507,0.181,0.197,0.119,0.00,87.00
3992,Pursuer,0.312,0.507,0.181,0.147,0.143,0.00,349.00
3993,Runner,0.313,0.507,0.181,0.140,0.136,3.30,423.00
3994,Pursuer,0.312,0.507,0.181,0.147,0.150,0.00,856.00
3995,Pursuer,0.312,0.507,0.180,0.139,0.132,0.00,151.00
3996,Pursuer,0.312,0.507,0.180,0.152,0.151,0.00,327.00
3997,Pursuer,0.312,0.507,0.180,0.142,0.140,0.00,262.00
3998,Pursuer,0.312,0.508,0.180,0.116,0.097,0.00,47.00
3999,Runner,0.312,0.507,0.180,0.133,0.141,2.92,296.00
4000,Pursuer,0.312,0.508,0.180,0.158,0.168,0.00,334.00
4001,Pursuer,0.312,0.508,0.180,0.146,0.158,0.00,212.00
4002,Runner,0.312,0.507,0.180,0.133,0.145,0.00,151.00
4003,Pursuer,0.312,0.508,0.180,0.162,0.215,0.00,14.00
4004,Pursuer,0.312,0.508,0.180,0.120,0.149,0.00,129.00
4005,Draw,0.312,0.508,0.180,0.146,0.157,6.70,999.00
4006,Pursuer,0.312,0.508,0.180,0.125,0.233,0.00,8.00
4007,Pursuer,0.312,0.508,0.180,0.109,0.145,0.00,155.00
4008,Runner,0.312,0.508,0.180,0.136,0.143,0.00,251.00
4009,Runner,0.312,0.508,0.180,0.133,0.156,3.82,191.00
4010,Runner,0.312,0.507,0.180,0.144,0.132,1.34,519.00
4011,Pursuer,0.312,0.508,0.180,0.145,0.143,0.00,318.00
4012,Runner,0.313,0.507,0.180,0.183,0.121,0.00,107.00
4013,Runner,0.313,0.507,0.180,0.196,0.124,0.78,74.00
4014,Pursuer,0.313,0.507,0.180,0.138,0.169,0.00,102.00
4015,Pursuer,0.313,0.508,0.180,0.123,0.114,0.00,94.00
4016,Runner,0.313,0.507,0.180,0.128,0.138,0.00,387.00
4017,Runner,0.313,0.507,0.180,0.358,0.211,0.00,7.00
4018,Draw,0.313,0.507,0.180,0.154,0.137,8.72,999.00
4019,Pursuer,0.313,0.507,0.180,0.150,0.144,0.00,161.00
4020,Draw,0.313,0.507,0.180,0.156,0.160,16.48,999.00
4021,Pursuer,0.313,0.507,0.180,0.137,0.135,0.00,683.00
4022,Pursuer,0.313,0.507,0.180,0.139,0.160,0.00,680.00
4023,Pursuer,0.312,0.508,0.180,0.141,0.163,0.00,157.00
4024,Runner,0.313,0.507,0.180,0.132,0.140,1.30,204.00
4025,Pursuer,0.313,0.508,0.180,0.147,0.165,0.00,26.00
4026,Pursuer,0.312,0.508,0.180,0.176,0.122,0.00,94.00
4027,Pursuer,0.312,0.508,0.180,0.150,0.146,0.00,769.00
4028,Runner,0.313,0.508,0.180,0.144,0.155,1.60,83.00
4029,Pursuer,0.312,0.508,0.180,0.138,0.135,0.00,497.00
4030,Pursuer,0.312,0.508,0.180,0.166,0.152,0.00,391.00
4031,Pursuer,0.312,0.508,0.180,0.155,0.133,0.00,386.00
4032,Runner,0.313,0.508,0.180,0.000,0.000,0.02,1.00
4033,Draw,0.312,0.508,0.180,0.144,0.152,17.50,999.00
4034,Pursuer,0.312,0.508,0.180,0.091,0.168,0.00,4.00
4035,Pursuer,0.312,0.508,0.180,0.107,0.121,0.00,60.00
4036,Pursuer,0.312,0.508,0.180,0.148,0.141,0.00,975.00
4037,Pursuer,0.312,0.508,0.180,0.158,0.139,0.00,213.00
4038,Runner,0.312,0.508,0.180,0.151,0.137,5.64,282.00
4039,Pursuer,0.312,0.508,0.179,0.155,0.142,0.00,137.00
4040,Runner,0.312,0.508,0.179,0.150,0.137,0.00,904.00
4041,Pursuer,0.312,0.508,0.179,0.178,0.146,0.00,96.00
4042,Runner,0.312,0.508,0.179,0.144,0.129,0.00,190.00
4043,Pursuer,0.312,0.508,0.179,0.152,0.127,0.00,60.00
4044,Pursuer,0.312,0.508,0.179,0.182,0.177,0.00,53.00
4045,Runner,0.312,0.508,0.179,0.147,0.175,5.46,278.00
4046,Pursuer,0.312,0.508,0.179,0.087,0.113,0.00,26.00
4047,Pursuer,0.312,0.509,0.179,0.137,0.142,0.00,162.00
4048,Pursuer,0.312,0.509,0.179,0.154,0.131,0.00,280.00
4049,Pursuer,0.312,0.509,0.179,0.128,0.150,0.00,168.00
4050,Draw,0.312,0.509,0.179,0.143,0.163,0.00,999.00
4051,Runner,0.312,0.509,0.179,0.000,0.000,0.00,0.00
4052,Runner,0.312,0.508,0.179,0.151,0.138,1.74,160.00
4053,Pursuer,0.312,0.509,0.179,0.148,0.097,0.00,177.00
4054,Pursuer,0.312,0.509,0.179,0.103,0.133,0.00,78.00
4055,Runner,0.312,0.509,0.179,0.014,0.142,0.08,4.00
4056,Draw,0.312,0.508,0.179,0.147,0.152,14.70,999.00
4057,Pursuer,0.312,0.509,0.179,0.000,0.000,0.00,0.00
4058,Runner,0.312,0.508,0.179,0.136,0.148,0.32,82.00
4059,Pursuer,0.312,0.508,0.179,0.144,0.115,0.00,268.00
4060,Draw,0.312,0.508,0.179,0.138,0.140,4.50,999.00
4061,Runner,0.312,0.508,0.179,0.145,0.135,2.84,227.00
4062,Pursuer,0.312,0.508,0.179,0.157,0.137,0.00,74.00
4063,Runner,0.313,0.508,0.179,0.130,0.160,3.22,244.00
4064,Pursuer,0.313,0.508,0.179,0.142,0.128,0.00,462.00
4065,Runner,0.313,0.508,0.179,0.138,0.139,1.62,191.00
4066,Pursuer,0.313,0.508,0.179,0.146,0.143,0.00,548.00
4067,Runner,0.313,0.508,0.179,0.132,0.152,2.78,276.00
4068,Pursuer,0.313,0.508,0.179,0.146,0.154,0.00,216.00
4069,Pursuer,0.313,0.508,0.179,0.120,0.114,0.00,17.00
4070,Pursuer,0.313,0.509,0.179,0.146,0.153,0.00,488.00
4071,Draw,0.312,0.508,0.179,0.148,0.151,0.00,999.00
4072,Pursuer,0.312,0.509,0.179,0.125,0.148,0.00,48.00
4073,Pursuer,0.312,0.509,0.179,0.140,0.153,0.00,313.00
4074,Pursuer,0.312,0.509,0.179,0.170,0.136,0.00,200.00
4075,Pursuer,0.312,0.509,0.179,0.132,0.141,0.00,283.00
4076,Runner,0.312,0.509,0.179,0.142,0.144,8.80,440.00
4077,Draw,0.312,0.509,0.179,0.146,0.149,17.28,999.00
4078,Pursuer,0.312,0.509,0.179,0.130,0.148,0.00,264.00
4079,Pursuer,0.312,0.509,0.179,0.124,0.127,0.00,181.00
4080,Pursuer,0.312,0.509,0.179,0.167,0.167,0.00,200.00
4081,Runner,0.312,0.509,0.179,0.163,0.159,4.80,348.00
4082,Draw,0.312,0.509,0.179,0.149,0.137,14.60,999.00
4083,Pursuer,0.312,0.509,0.179,0.000,0.000,0.00,0.00
4084,Runner,0.312,0.509,0.179,0.142,0.155,5.74,298.00
4085,Pursuer,0.312,0.509,0.179,0.170,0.132,0.00,63.00
4086,Draw,0.312,0.509,0.179,0.148,0.136,16.68,999.00
4087,Pursuer,0.312,0.509,0.179,0.147,0.129,0.00,378.00
4088,Pursuer,0.312,0.509,0.179,0.119,0.137,0.00,369.00
4089,Pursuer,0.312,0.509,0.179,0.153,0.150,0.00,164.00
4090,Runner,0.312,0.509,0.179,0.133,0.097,0.00,413.00
4091,Pursuer,0.312,0.509,0.179,0.644,0.396,0.00,1.00
4092,Runner,0.312,0.509,0.179,0.142,0.128,0.00,267.00
4093,Draw,0.312,0.509,0.179,0.138,0.131,11.86,999.00
4094,Pursuer,0.312,0.509,0.179,0.128,0.135,0.00,346.00
4095,Pursuer,0.312,0.509,0.179,0.148,0.147,0.00,221.00
4096,Runner,0.312,0.509,0.179,0.146,0.123,2.04,395.00
4097,Pursuer,0.312,0.509,0.179,0.513,0.433,0.00,1.00
4098,Pursuer,0.312,0.509,0.179,0.132,0.108,0.00,268.00
4099,Runner,0.312,0.509,0.179,0.144,0.138,0.76,698.00
4100,Pursuer,0.312,0.509,0.179,0.125,0.139,0.00,404.00
4101,Pursuer,0.312,0.509,0.179,0.139,0.137,0.00,43.00
4102,Runner,0.312,0.509,0.179,0.000,0.000,0.00,1.00
4103,Draw,0.312,0.509,0.179,0.147,0.140,17.90,999.00
4104,Pursuer,0.312,0.509,0.179,0.077,0.188,0.00,6.00
4105,Pursuer,0.312,0.509,0.179,0.143,0.146,0.00,11.00
4106,Runner,0.312,0.509,0.179,0.138,0.129,5.40,381.00
4107,Pursuer,0.312,0.509,0.179,0.154,0.113,0.00,48.00
4108,Runner,0.312,0.509,0.179,0.166,0.145,0.00,181.00
4109,Draw,0.312,0.509,0.179,0.141,0.133,0.00,999.00
4110,Runner,0.312,0.509,0.179,0.152,0.131,3.90,211.00
4111,Pursuer,0.312,0.509,0.179,0.131,0.139,0.00,193.00
4112,Runner,0.312,0.509,0.179,0.126,0.143,0.00,223.00
4113,Pursuer,0.312,0.509,0.179,0.150,0.148,0.00,624.00
4114,Pursuer,0.312,0.509,0.179,0.129,0.127,0.00,111.00
4115,Runner,0.312,0.509,0.179,0.159,0.164,3.74,210.00
4116,Draw,0.312,0.509,0.179,0.150,0.148,17.16,999.00
4117,Runner,0.312,0.509,0.179,0.184,0.128,0.00,146.00
4118,Pursuer,0.312,0.509,0.179,0.154,0.158,0.00,255.00
4119,Runner,0.312,0.509,0.179,0.229,0.165,0.00,38.00
4120,Draw,0.312,0.509,0.179,0.140,0.134,17.40,999.00
4121,Runner,0.313,0.509,0.179,0.127,0.156,0.00,101.00
4122,Runner,0.313,0.508,0.179,0.144,0.147,2.38,290.00
4123,Pursuer,0.313,0.509,0.179,0.132,0.217,0.00,5.00
4124,Runner,0.313,0.508,0.179,0.174,0.148,3.56,195.00
4125,Pursuer,0.313,0.509,0.179,0.156,0.151,0.00,500.00
4126,Runner,0.313,0.508,0.179,0.137,0.144,2.02,526.00
4127,Pursuer,0.313,0.509,0.179,0.133,0.157,0.00,212.00
4128,Runner,0.313,0.508,0.179,0.137,0.127,2.76,316.00
4129,Pursuer,0.313,0.509,0.178,0.136,0.125,0.00,21.00
4130,Pursuer,0.313,0.509,0.178,0.135,0.159,0.00,559.00
4131,Runner,0.313,0.509,0.178,0.000,0.000,0.00,1.00
4132,Pursuer,0.313,0.509,0.178,0.162,0.163,0.00,65.00
4133,Pursuer,0.313,0.509,0.178,0.185,0.138,0.00,30.00
4134,Pursuer,0.313,0.509,0.178,0.158,0.135,0.00,221.00
4135,Runner,0.313,0.509,0.178,0.146,0.153,6.22,392.00
4136,Pursuer,0.313,0.509,0.178,0.000,0.000,0.00,1.00
4137,Runner,0.313,0.509,0.178,0.159,0.139,3.00,298.00
4138,Pursuer,0.313,0.509,0.178,0.131,0.141,0.00,146.00
4139,Pursuer,0.313,0.509,0.178,0.155,0.157,0.00,111.00
4140,Pursuer,0.313,0.509,0.178,0.148,0.139,0.00,323.00
4141,Runner,0.313,0.509,0.178,0.150,0.135,4.28,263.00
4142,Runner,0.313,0.509,0.178,0.118,0.151,0.00,10.00
4143,Pursuer,0.313,0.509,0.178,0.147,0.145,0.00,147.00
4144,Pursuer,0.313,0.509,0.178,0.196,0.209,0.00,8.00
4145,Pursuer,0.313,0.509,0.178,0.141,0.156,0.00,455.00
4146,Pursuer,0.313,0.509,0.178,0.138,0.150,0.00,164.00
4147,Pursuer,0.313,0.510,0.178,0.150,0.158,0.00,253.00
4148,Pursuer,0.313,0.510,0.178,0.155,0.120,0.00,363.00
4149,Pursuer,0.313,0.510,0.178,0.153,0.151,0.00,544.00
4150,Pursuer,0.313,0.510,0.178,0.158,0.139,0.00,167.00
4151,Runner,0.313,0.510,0.178,0.143,0.139,4.78,239.00
4152,Pursuer,0.313,0.510,0.178,0.146,0.152,0.00,283.00
4153,Pursuer,0.313,0.510,0.177,0.154,0.140,0.00,533.00
4154,Pursuer,0.312,0.510,0.177,0.148,0.149,0.00,377.00
4155,Draw,0.312,0.510,0.178,0.139,0.149,16.58,999.00
4156,Pursuer,0.312,0.510,0.178,0.155,0.116,0.00,308.00
4157,Pursuer,0.312,0.510,0.178,0.178,0.160,0.00,85.00
4158,Runner,0.312,0.510,0.177,0.130,0.150,0.80,350.00
4159,Runner,0.313,0.510,0.177,0.140,0.130,0.00,334.00
4160,Pursuer,0.313,0.510,0.177,0.171,0.164,0.00,196.00
4161,Pursuer,0.312,0.510,0.177,0.162,0.137,0.00,141.00
4162,Runner,0.313,0.510,0.177,0.151,0.143,1.70,249.00
4163,Pursuer,0.313,0.510,0.177,0.128,0.123,0.00,684.00
4164,Runner,0.313,0.510,0.177,0.140,0.123,0.00,91.00
4165,Pursuer,0.313,0.510,0.177,0.143,0.156,0.00,33.00
4166,Runner,0.313,0.510,0.177,0.143,0.161,0.96,48.00
4167,Runner,0.313,0.510,0.177,0.130,0.160,0.00,134.00
4168,Runner,0.313,0.510,0.177,0.175,0.157,0.00,115.00
4169,Pursuer,0.313,0.510,0.177,0.159,0.139,0.00,505.00
4170,Runner,0.313,0.510,0.177,0.150,0.136,5.16,258.00
4171,Pursuer,0.313,0.510,0.177,0.159,0.134,0.00,283.00
4172,Runner,0.313,0.510,0.177,0.165,0.132,0.00,165.00
4173,Runner,0.313,0.510,0.177,0.774,0.897,0.02,1.00
4174,Runner,0.314,0.510,0.177,0.158,0.124,0.34,302.00
4175,Runner,0.314,0.509,0.177,0.143,0.163,4.92,297.00
4176,Pursuer,0.314,0.510,0.177,0.190,0.159,0.00,139.00
4177,Pursuer,0.314,0.510,0.177,0.135,0.155,0.00,140.00
4178,Pursuer,0.314,0.510,0.177,0.132,0.133,0.00,343.00
4179,Runner,0.314,0.510,0.177,0.153,0.141,0.00,183.00
4180,Draw,0.314,0.510,0.177,0.145,0.142,18.86,999.00
4181,Pursuer,0.314,0.510,0.177,0.138,0.146,0.00,142.00
4182,Pursuer,0.313,0.510,0.177,0.172,0.137,0.00,95.00
4183,Draw,0.313,0.510,0.177,0.117,0.151,19.92,999.00
4184,Pursuer,0.313,0.510,0.177,0.148,0.142,0.00,391.00
4185,Pursuer,0.313,0.510,0.177,0.164,0.139,0.00,311.00
4186,Runner,0.313,0.510,0.177,0.128,0.113,0.22,171.00
4187,Pursuer,0.313,0.510,0.177,0.143,0.133,0.00,269.00
4188,Runner,0.314,0.510,0.177,0.124,0.200,3.22,171.00
4189,Runner,0.314,0.510,0.177,0.137,0.139,2.80,298.00
4190,Pursuer,0.314,0.510,0.177,0.116,0.170,0.00,63.00
4191,Runner,0.314,0.510,0.177,0.168,0.148,0.00,97.00
4192,Pursuer,0.314,0.510,0.177,0.129,0.136,0.00,366.00
4193,Runner,0.314,0.510,0.176,0.160,0.121,0.00,498.00
4194,Runner,0.314,0.510,0.176,0.147,0.158,1.52,261.00
4195,Pursuer,0.314,0.510,0.176,0.148,0.119,0.00,178.00
4196,Runner,0.314,0.510,0.176,0.117,0.174,3.98,253.00
4197,Pursuer,0.314,0.510,0.176,0.144,0.139,0.00,123.00
4198,Runner,0.314,0.510,0.176,0.000,0.000,0.00,1.00
4199,Pursuer,0.314,0.510,0.176,0.147,0.151,0.00,788.00
4200,Runner,0.314,0.510,0.176,0.146,0.142,3.16,410.00
4201,Runner,0.314,0.509,0.176,0.163,0.156,2.42,348.00
4202,Runner,0.315,0.509,0.176,0.130,0.157,0.00,185.00
4203,Pursuer,0.315,0.509,0.176,0.121,0.139,0.00,241.00
4204,Pursuer,0.314,0.510,0.176,0.145,0.149,0.00,122.00
4205,Pursuer,0.314,0.510,0.176,0.167,0.155,0.00,59.00
4206,Pursuer,0.314,0.510,0.176,0.166,0.131,0.00,140.00
4207,Pursuer,0.314,0.510,0.176,0.156,0.137,0.00,499.00
4208,Pursuer,0.314,0.510,0.176,0.134,0.124,0.00,202.00
4209,Runner,0.314,0.510,0.176,0.143,0.143,2.38,295.00
4210,Pursuer,0.314,0.510,0.176,0.142,0.144,0.00,181.00
4211,Pursuer,0.314,0.510,0.176,0.150,0.140,0.00,154.00
4212,Runner,0.314,0.510,0.176,0.125,0.130,0.00,144.00
4213,Pursuer,0.314,0.510,0.176,0.172,0.141,0.00,75.00
4214,Runner,0.314,0.510,0.176,0.144,0.149,4.48,298.00
4215,Runner,0.315,0.510,0.176,0.220,0.286,0.00,5.00
4216,Pursuer,0.315,0.510,0.176,0.144,0.123,0.00,861.00
4217,Runner,0.315,0.510,0.175,0.135,0.171,0.00,55.00
4218,Runner,0.315,0.510,0.175,0.140,0.141,9.26,566.00
4219,Runner,0.315,0.510,0.175,0.160,0.141,5.20,274.00
4220,Pursuer,0.315,0.510,0.175,0.161,0.172,0.00,76.00
4221,Pursuer,0.315,0.510,0.175,0.142,0.155,0.00,327.00
4222,Pursuer,0.315,0.510,0.175,0.137,0.155,0.00,457.00
4223,Runner,0.315,0.510,0.175,0.258,1.133,0.00,1.00
4224,Pursuer,0.315,0.510,0.175,0.000,0.000,0.00,1.00
4225,Pursuer,0.315,0.510,0.175,0.179,0.165,0.00,258.00
4226,Draw,0.315,0.510,0.175,0.142,0.144,19.98,999.00
4227,Pursuer,0.315,0.510,0.175,0.144,0.153,0.00,194.00
4228,Runner,0.315,0.510,0.175,0.139,0.134,0.00,318.00
4229,Pursuer,0.315,0.510,0.175,0.145,0.154,0.00,497.00
4230,Runner,0.315,0.510,0.175,0.128,0.139,1.60,173.00
4231,Runner,0.315,0.510,0.175,0.125,0.129,0.00,132.00
4232,Pursuer,0.315,0.510,0.175,0.155,0.149,0.00,279.00
4233,Pursuer,0.315,0.510,0.175,0.187,0.190,0.00,59.00
4234,Pursuer,0.315,0.510,0.175,0.114,0.124,0.00,15.00
4235,Runner,0.315,0.510,0.175,0.162,0.127,0.00,166.00
4236,Runner,0.315,0.510,0.175,0.158,0.066,0.00,254.00
4237,Runner,0.315,0.510,0.175,0.135,0.174,6.04,352.00
4238,Pursuer,0.315,0.510,0.175,0.141,0.148,0.00,144.00
4239,Pursuer,0.315,0.510,0.175,0.152,0.132,0.00,842.00
4240,Pursuer,0.315,0.510,0.175,0.138,0.157,0.00,192.00
4241,Pursuer,0.315,0.510,0.175,0.149,0.152,0.00,195.00
4242,Pursuer,0.315,0.510,0.175,0.135,0.097,0.00,88.00
4243,Pursuer,0.315,0.510,0.175,0.179,0.143,0.00,195.00
4244,Pursuer,0.315,0.511,0.175,0.151,0.137,0.00,107.00
4245,Runner,0.315,0.510,0.175,0.173,0.140,1.40,264.00
4246,Pursuer,0.315,0.511,0.175,0.142,0.133,0.00,31.00
4247,Pursuer,0.315,0.511,0.174,0.026,0.047,0.00,13.00
4248,Pursuer,0.315,0.511,0.174,0.143,0.142,0.00,850.00
4249,Pursuer,0.315,0.511,0.174,0.142,0.154,0.00,596.00
4250,Pursuer,0.315,0.511,0.174,0.149,0.129,0.00,212.00
4251,Pursuer,0.315,0.511,0.174,0.147,0.160,0.00,333.00
4252,Pursuer,0.314,0.511,0.174,0.169,0.145,0.00,264.00
4253,Pursuer,0.314,0.511,0.174,0.159,0.124,0.00,10.00
4254,Pursuer,0.314,0.512,0.174,0.189,0.137,0.00,58.00
4255,Pursuer,0.314,0.512,0.174,0.165,0.138,0.00,148.00
4256,Runner,0.314,0.512,0.174,0.138,0.157,5.78,289.00
4257,Pursuer,0.314,0.512,0.174,0.131,0.154,0.00,261.00
4258,Draw,0.314,0.512,0.174,0.145,0.143,18.24,999.00
4259,Runner,0.314,0.511,0.174,0.175,0.126,3.32,211.00
4260,Pursuer,0.314,0.512,0.174,0.096,0.189,0.00,38.00
4261,Runner,0.314,0.511,0.174,0.142,0.156,8.60,445.00
4262,Runner,0.315,0.511,0.174,0.155,0.158,3.26,553.00
4263,Pursuer,0.315,0.511,0.174,0.148,0.156,0.00,108.00
4264,Draw,0.314,0.511,0.174,0.145,0.147,17.54,999.00
4265,Pursuer,0.314,0.511,0.174,0.136,0.113,0.00,246.00
4266,Runner,0.315,0.511,0.174,0.166,0.171,0.00,153.00
4267,Runner,0.315,0.511,0.174,0.134,0.124,0.00,292.00
4268,Pursuer,0.315,0.511,0.174,0.133,0.130,0.00,117.00
4269,Runner,0.315,0.511,0.174,0.170,0.112,0.38,269.00
4270,Pursuer,0.315,0.511,0.174,0.145,0.118,0.00,351.00
4271,Pursuer,0.315,0.511,0.174,0.170,0.170,0.00,125.00
4272,Pursuer,0.315,0.511,0.174,0.155,0.172,0.00,439.00
4273,Runner,0.315,0.511,0.174,0.121,0.148,2.78,213.00
4274,Pursuer,0.315,0.511,0.174,0.184,0.154,0.00,167.00
4275,Pursuer,0.315,0.512,0.174,0.146,0.138,0.00,406.00
4276,Runner,0.315,0.511,0.174,0.842,0.201,0.02,1.00
4277,Draw,0.315,0.511,0.174,0.134,0.148,18.88,999.00
4278,Runner,0.315,0.511,0.174,0.155,0.147,4.96,290.00
4279,Pursuer,0.315,0.511,0.174,0.129,0.155,0.00,218.00
4280,Pursuer,0.315,0.511,0.174,0.139,0.126,0.00,240.00
4281,Pursuer,0.315,0.512,0.174,0.115,0.198,0.00,75.00
4282,Pursuer,0.315,0.512,0.174,0.147,0.164,0.00,57.00
4283,Runner,0.315,0.512,0.174,0.161,0.146,1.82,179.00
4284,Runner,0.315,0.511,0.174,0.149,0.136,5.50,325.00
4285,Runner,0.315,0.511,0.174,0.129,0.154,0.00,81.00
4286,Runner,0.315,0.511,0.174,0.150,0.141,0.00,251.00
4287,Pursuer,0.315,0.511,0.174,0.143,0.152,0.00,205.00
4288,Pursuer,0.315,0.511,0.174,0.104,0.091,0.00,29.00
4289,Runner,0.315,0.511,0.173,0.159,0.122,0.32,219.00
4290,Pursuer,0.315,0.511,0.173,0.185,0.142,0.00,302.00
4291,Runner,0.315,0.511,0.173,0.156,0.153,5.12,256.00
4292,Pursuer,0.315,0.511,0.173,0.142,0.139,0.00,147.00
4293,Pursuer,0.315,0.512,0.173,0.155,0.143,0.00,386.00
4294,Pursuer,0.315,0.512,0.173,0.143,0.152,0.00,454.00
4295,Pursuer,0.315,0.512,0.173,0.133,0.145,0.00,145.00
4296,Runner,0.315,0.512,0.173,0.136,0.148,0.00,193.00
4297,Pursuer,0.315,0.512,0.173,0.142,0.133,0.00,47.00
4298,Runner,0.315,0.512,0.173,0.139,0.101,0.00,179.00
4299,Pursuer,0.315,0.512,0.173,0.140,0.164,0.00,161.00
4300,Pursuer,0.315,0.512,0.173,0.131,0.158,0.00,199.00
4301,Pursuer,0.315,0.512,0.173,0.139,0.152,0.00,32.00
4302,Draw,0.315,0.512,0.173,0.144,0.155,17.34,999.00
4303,Pursuer,0.315,0.512,0.173,0.132,0.165,0.00,146.00
4304,Pursuer,0.315,0.512,0.173,0.135,0.154,0.00,168.00
4305,Pursuer,0.315,0.512,0.173,0.119,0.133,0.00,226.00
4306,Runner,0.315,0.512,0.173,0.000,0.000,0.00,1.00
4307,Pursuer,0.315,0.512,0.173,0.000,0.000,0.00,1.00
4308,Runner,0.315,0.512,0.173,0.135,0.127,1.38,406.00
4309,Pursuer,0.315,0.512,0.173,0.153,0.138,0.00,77.00
4310,Pursuer,0.315,0.512,0.173,0.130,0.169,0.00,75.00
4311,Pursuer,0.315,0.512,0.173,0.137,0.153,0.00,199.00
4312,Runner,0.315,0.512,0.173,0.170,0.151,1.26,97.00
4313,Pursuer,0.315,0.512,0.173,0.135,0.127,0.00,120.00
4314,Pursuer,0.315,0.513,0.173,0.155,0.123,0.00,334.00
4315,Pursuer,0.315,0.513,0.173,0.170,0.174,0.00,117.00
4316,Runner,0.315,0.513,0.173,0.137,0.161,0.00,54.00
4317,Pursuer,0.315,0.513,0.173,0.193,0.158,0.00,117.00
4318,Pursuer,0.315,0.513,0.173,0.139,0.157,0.00,427.00
4319,Pursuer,0.315,0.513,0.172,0.131,0.157,0.00,385.00
4320,Runner,0.315,0.513,0.172,0.162,0.121,0.00,48.00
4321,Runner,0.315,0.513,0.172,0.135,0.143,1.12,289.00
4322,Runner,0.315,0.512,0.172,0.146,0.147,6.70,701.00
4323,Pursuer,0.315,0.513,0.172,0.099,0.156,0.00,65.00
4324,Runner,0.315,0.512,0.172,0.140,0.157,1.12,396.00
4325,Pursuer,0.315,0.513,0.172,0.168,0.161,0.00,200.00
4326,Pursuer,0.315,0.513,0.172,0.152,0.158,0.00,193.00
4327,Pursuer,0.315,0.513,0.172,0.142,0.152,0.00,277.00
4328,Runner,0.315,0.513,0.172,0.124,0.102,0.40,20.00
4329,Pursuer,0.315,0.513,0.172,0.145,0.162,0.00,137.00
4330,Pursuer,0.315,0.513,0.172,0.186,0.168,0.00,178.00
4331,Draw,0.315,0.513,0.172,0.134,0.158,17.24,999.00
4332,Runner,0.315,0.513,0.172,0.139,0.139,5.28,308.00
4333,Runner,0.315,0.513,0.172,0.152,0.143,0.00,141.00
4334,Pursuer,0.315,0.513,0.172,0.144,0.122,0.00,61.00
4335,Runner,0.315,0.513,0.172,0.148,0.131,3.10,155.00
4336,Runner,0.315,0.512,0.172,0.147,0.153,3.60,182.00
4337,Runner,0.316,0.512,0.172,0.113,0.167,2.34,354.00
4338,Runner,0.316,0.512,0.172,0.145,0.141,3.72,196.00
4339,Pursuer,0.316,0.512,0.172,0.000,0.000,0.00,1.00
4340,Pursuer,0.316,0.512,0.172,0.170,0.169,0.00,26.00
4341,Runner,0.316,0.512,0.172,0.148,0.160,1.94,447.00
4342,Pursuer,0.316,0.512,0.172,0.117,0.147,0.00,539.00
4343,Pursuer,0.316,0.513,0.172,0.154,0.137,0.00,80.00
4344,Runner,0.316,0.512,0.172,0.048,0.154,0.00,13.00
4345,Runner,0.316,0.512,0.172,0.168,0.171,3.82,198.00
4346,Runner,0.316,0.512,0.172,0.127,0.144,1.94,288.00
4347,Pursuer,0.316,0.512,0.172,0.161,0.137,0.00,179.00
4348,Runner,0.316,0.512,0.172,0.150,0.123,3.24,162.00
4349,Runner,0.316,0.512,0.172,0.160,0.167,0.00,182.00
4350,Runner,0.317,0.512,0.171,0.161,0.127,1.42,329.00
4351,Pursuer,0.316,0.512,0.171,0.132,0.124,0.00,351.00
4352,Pursuer,0.316,0.512,0.171,0.159,0.167,0.00,193.00
4353,Runner,0.317,0.512,0.171,0.136,0.162,3.30,320.00
4354,Runner,0.317,0.512,0.171,0.242,0.345,0.00,4.00
4355,Pursuer,0.317,0.512,0.171,0.153,0.112,0.00,196.00
4356,Pursuer,0.317,0.512,0.171,0.099,0.245,0.00,9.00
4357,Pursuer,0.317,0.512,0.171,0.131,0.149,0.00,357.00
4358,Pursuer,0.316,0.512,0.171,0.176,0.149,0.00,61.00
4359,Pursuer,0.316,0.513,0.171,0.250,0.138,0.00,15.00
4360,Pursuer,0.316,0.513,0.171,0.130,0.134,0.00,100.00
4361,Draw,0.316,0.512,0.171,0.138,0.155,0.00,999.00
4362,Runner,0.316,0.512,0.171,0.148,0.143,2.40,432.00
4363,Pursuer,0.316,0.512,0.171,0.149,0.146,0.00,77.00
4364,Runner,0.316,0.512,0.171,0.147,0.117,0.00,149.00
4365,Pursuer,0.316,0.512,0.171,0.147,0.149,0.00,133.00
4366,Runner,0.317,0.512,0.171,0.129,0.156,0.54,511.00
4367,Pursuer,0.316,0.512,0.171,0.174,0.143,0.00,155.00
4368,Pursuer,0.316,0.513,0.171,0.110,0.168,0.00,155.00
4369,Pursuer,0.316,0.513,0.171,0.123,0.121,0.00,227.00
4370,Draw,0.316,0.513,0.171,0.156,0.160,19.62,999.00
4371,Runner,0.316,0.512,0.171,0.138,0.146,1.72,391.00
4372,Runner,0.317,0.512,0.171,0.155,0.142,5.26,382.00
4373,Pursuer,0.316,0.512,0.171,0.102,0.147,0.00,420.00
4374,Runner,0.317,0.512,0.171,0.130,0.152,2.38,212.00
4375,Pursuer,0.317,0.512,0.171,0.159,0.154,0.00,93.00
4376,Runner,0.317,0.512,0.171,0.134,0.132,2.30,428.00
4377,Runner,0.317,0.512,0.171,0.119,0.128,5.78,478.00
4378,Runner,0.317,0.512,0.171,0.156,0.154,9.30,465.00
4379,Pursuer,0.317,0.512,0.171,0.165,0.170,0.00,162.00
4380,Pursuer,0.317,0.512,0.171,0.153,0.160,0.00,320.00
4381,Pursuer,0.317,0.512,0.171,0.155,0.137,0.00,270.00
4382,Pursuer,0.317,0.513,0.171,0.158,0.138,0.00,187.00
4383,Runner,0.317,0.512,0.171,0.152,0.154,0.50,405.00
4384,Runner,0.317,0.512,0.171,0.129,0.142,7.24,530.00
4385,Runner,0.317,0.512,0.171,0.127,0.123,0.00,312.00
4386,Draw,0.317,0.512,0.171,0.145,0.148,18.68,999.00
4387,Pursuer,0.317,0.512,0.171,0.142,0.156,0.00,421.00
4388,Runner,0.317,0.512,0.171,0.131,0.138,4.72,391.00
4389,Runner,0.317,0.512,0.171,0.177,0.153,2.04,150.00
4390,Pursuer,0.317,0.512,0.171,0.141,0.167,0.00,427.00
4391,Runner,0.317,0.512,0.171,0.143,0.128,1.02,225.00
4392,Runner,0.318,0.512,0.171,0.155,0.143,6.36,318.00
4393,Runner,0.318,0.512,0.170,0.118,0.259,0.00,5.00
4394,Pursuer,0.318,0.512,0.170,0.132,0.145,0.00,182.00
4395,Pursuer,0.318,0.512,0.170,0.150,0.119,0.00,33.00
4396,Pursuer,0.318,0.512,0.170,0.626,0.921,0.00,2.00
4397,Pursuer,0.317,0.512,0.170,0.153,0.195,0.00,81.00
4398,Pursuer,0.317,0.512,0.170,0.149,0.151,0.00,333.00
4399,Pursuer,0.317,0.512,0.170,0.145,0.186,0.00,192.00
4400,Pursuer,0.317,0.513,0.170,0.157,0.148,0.00,272.00
4401,Pursuer,0.317,0.513,0.170,0.150,0.156,0.00,509.00
4402,Pursuer,0.317,0.513,0.170,0.194,0.137,0.00,61.00
4403,Draw,0.317,0.513,0.170,0.144,0.127,0.00,999.00
4404,Runner,0.317,0.512,0.170,0.170,0.174,0.22,53.00
4405,Draw,0.317,0.512,0.170,0.146,0.144,16.52,999.00
4406,Pursuer,0.317,0.512,0.170,0.133,0.136,0.00,211.00
4407,Pursuer,0.317,0.513,0.170,0.131,0.149,0.00,135.00
4408,Pursuer,0.317,0.513,0.170,0.117,0.125,0.00,144.00
4409,Pursuer,0.317,0.513,0.170,0.147,0.161,0.00,345.00
4410,Pursuer,0.317,0.513,0.170,0.136,0.142,0.00,77.00
4411,Runner,0.317,0.513,0.170,0.179,0.135,0.00,116.00
4412,Runner,0.317,0.513,0.170,0.165,0.135,3.56,418.00
4413,Pursuer,0.317,0.513,0.170,0.154,0.135,0.00,355.00
4414,Draw,0.317,0.513,0.170,0.141,0.132,15.58,999.00
4415,Pursuer,0.317,0.513,0.170,0.149,0.123,0.00,211.00
4416,Draw,0.317,0.513,0.171,0.153,0.156,11.04,999.00
4417,Pursuer,0.317,0.513,0.170,0.000,0.000,0.00,0.00
4418,Pursuer,0.317,0.513,0.170,0.137,0.154,0.00,135.00
4419,Runner,0.317,0.513,0.170,0.123,0.143,0.00,290.00
4420,Runner,0.317,0.513,0.170,0.156,0.138,0.00,174.00
4421,Draw,0.317,0.513,0.171,0.145,0.149,19.28,999.00
4422,Runner,0.317,0.512,0.171,0.145,0.145,9.98,499.00
4423,Pursuer,0.317,0.513,0.170,0.174,0.123,0.00,349.00
4424,Runner,0.317,0.512,0.170,0.190,0.173,0.00,24.00
4425,Pursuer,0.317,0.513,0.170,0.097,0.113,0.00,26.00
4426,Pursuer,0.317,0.513,0.170,0.155,0.151,0.00,255.00
4427,Pursuer,0.317,0.513,0.170,0.145,0.142,0.00,207.00
4428,Runner,0.317,0.513,0.170,0.132,0.154,0.00,300.00
4429,Runner,0.317,0.513,0.170,0.153,0.139,0.36,179.00
4430,Pursuer,0.317,0.513,0.170,0.166,0.139,0.00,120.00
4431,Pursuer,0.317,0.513,0.170,0.093,0.111,0.00,21.00
4432,Pursuer,0.317,0.513,0.170,0.145,0.133,0.00,218.00
4433,Pursuer,0.317,0.513,0.170,0.077,0.185,0.00,26.00
4434,Pursuer,0.317,0.513,0.170,0.107,0.132,0.00,38.00
4435,Pursuer,0.317,0.513,0.170,0.154,0.124,0.00,80.00
4436,Pursuer,0.317,0.513,0.170,0.141,0.126,0.00,115.00
4437,Pursuer,0.317,0.513,0.170,0.180,0.163,0.00,149.00
4438,Draw,0.317,0.513,0.170,0.134,0.156,19.98,999.00
4439,Pursuer,0.317,0.513,0.170,0.131,0.142,0.00,344.00
4440,Pursuer,0.316,0.514,0.170,0.178,0.179,0.00,44.00
4441,Pursuer,0.316,0.514,0.170,0.138,0.121,0.00,399.00
4442,Runner,0.317,0.514,0.170,0.122,0.138,1.16,350.00
4443,Pursuer,0.316,0.514,0.170,0.130,0.128,0.00,239.00
4444,Pursuer,0.316,0.514,0.170,0.144,0.153,0.00,97.00
4445,Runner,0.317,0.514,0.170,0.131,0.158,0.00,115.00
4446,Pursuer,0.316,0.514,0.170,0.176,0.144,0.00,115.00
4447,Pursuer,0.316,0.514,0.170,0.150,0.134,0.00,223.00
4448,Runner,0.317,0.514,0.170,0.162,0.143,0.00,133.00
4449,Runner,0.317,0.514,0.170,0.147,0.169,0.00,57.00
4450,Runner,0.317,0.513,0.170,0.174,0.098,0.00,145.00
4451,Pursuer,0.317,0.514,0.170,0.134,0.132,0.00,499.00
4452,Runner,0.317,0.513,0.170,0.128,0.138,1.28,207.00
4453,Pursuer,0.317,0.514,0.170,0.142,0.153,0.00,277.00
4454,Runner,0.317,0.513,0.170,0.381,0.682,0.00,2.00
4455,Pursuer,0.317,0.514,0.169,0.165,0.127,0.00,185.00
4456,Runner,0.317,0.513,0.169,0.180,0.230,0.00,9.00
4457,Pursuer,0.317,0.514,0.169,0.132,0.314,0.00,5.00
4458,Pursuer,0.317,0.514,0.169,0.143,0.118,0.00,70.00
4459,Pursuer,0.317,0.514,0.169,0.144,0.131,0.00,232.00
4460,Pursuer,0.317,0.514,0.169,0.060,0.133,0.00,4.00
4461,Pursuer,0.317,0.514,0.169,0.132,0.121,0.00,82.00
4462,Pursuer,0.317,0.514,0.169,0.167,0.146,0.00,422.00
4463,Pursuer,0.317,0.514,0.169,0.185,0.125,0.00,159.00
4464,Draw,0.317,0.514,0.169,0.150,0.135,17.94,999.00
4465,Runner,0.317,0.514,0.169,0.136,0.118,0.00,599.00
4466,Pursuer,0.317,0.514,0.169,0.144,0.147,0.00,484.00
4467,Pursuer,0.317,0.514,0.169,0.136,0.102,0.00,241.00
4468,Pursuer,0.316,0.514,0.169,0.143,0.140,0.00,48.00
4469,Pursuer,0.316,0.514,0.169,0.149,0.129,0.00,320.00
4470,Pursuer,0.316,0.515,0.169,0.137,0.187,0.00,119.00
4471,Pursuer,0.316,0.515,0.169,0.126,0.125,0.00,77.00
4472,Runner,0.316,0.515,0.169,0.150,0.153,2.70,135.00
4473,Pursuer,0.316,0.515,0.169,0.128,0.160,0.00,113.00
4474,Pursuer,0.316,0.515,0.169,0.131,0.143,0.00,55.00
4475,Pursuer,0.316,0.515,0.169,0.150,0.174,0.00,142.00
4476,Pursuer,0.316,0.515,0.169,0.133,0.149,0.00,593.00
4477,Runner,0.316,0.515,0.169,0.165,0.144,1.44,170.00
4478,Pursuer,0.316,0.515,0.169,0.164,0.142,0.00,195.00
4479,Runner,0.316,0.515,0.169,0.156,0.139,3.12,264.00
4480,Pursuer,0.316,0.515,0.169,0.139,0.134,0.00,176.00
4481,Runner,0.316,0.515,0.169,0.130,0.152,3.38,406.00
4482,Runner,0.317,0.515,0.169,0.161,0.168,1.14,109.00
4483,Pursuer,0.317,0.515,0.169,0.125,0.198,0.00,86.00
4484,Pursuer,0.316,0.515,0.169,0.150,0.135,0.00,60.00
4485,Pursuer,0.316,0.515,0.169,0.164,0.145,0.00,354.00
4486,Pursuer,0.316,0.515,0.169,0.135,0.133,0.00,419.00
4487,Draw,0.316,0.515,0.169,0.154,0.127,0.00,999.00
4488,Pursuer,0.316,0.515,0.169,0.149,0.142,0.00,133.00
4489,Pursuer,0.316,0.515,0.169,0.154,0.130,0.00,303.00
4490,Pursuer,0.316,0.515,0.169,0.153,0.127,0.00,135.00
4491,Runner,0.316,0.515,0.169,0.170,0.156,4.68,234.00
4492,Runner,0.316,0.515,0.169,0.175,0.147,0.00,17.00
4493,Pursuer,0.316,0.515,0.168,0.131,0.140,0.00,289.00
4494,Draw,0.316,0.515,0.169,0.148,0.149,18.48,999.00
4495,Pursuer,0.316,0.515,0.169,0.131,0.152,0.00,220.00
4496,Draw,0.316,0.515,0.169,0.141,0.136,0.00,999.00
4497,Pursuer,0.316,0.515,0.169,0.121,0.171,0.00,59.00
4498,Pursuer,0.316,0.515,0.169,0.106,0.150,0.00,6.00
4499,Pursuer,0.316,0.515,0.169,0.148,0.135,0.00,375.00
4500,Runner,0.316,0.515,0.169,0.157,0.114,0.46,293.00
4501,Pursuer,0.316,0.515,0.169,0.135,0.127,0.00,285.00
4502,Runner,0.316,0.515,0.169,0.165,0.149,0.00,265.00
4503,Pursuer,0.316,0.515,0.169,0.150,0.131,0.00,343.00
4504,Runner,0.316,0.515,0.169,0.132,0.138,5.84,292.00
4505,Pursuer,0.316,0.515,0.168,0.133,0.138,0.00,70.00
4506,Draw,0.316,0.515,0.169,0.141,0.158,18.38,999.00
4507,Pursuer,0.316,0.515,0.169,0.182,0.205,0.00,29.00
4508,Runner,0.316,0.515,0.169,0.179,0.138,0.00,178.00
4509,Pursuer,0.316,0.515,0.169,0.146,0.146,0.00,282.00
4510,Draw,0.316,0.515,0.169,0.146,0.135,17.34,999.00
4511,Runner,0.316,0.515,0.169,0.144,0.136,2.26,153.00
4512,Runner,0.316,0.515,0.169,0.142,0.141,4.72,239.00
4513,Runner,0.316,0.515,0.169,0.147,0.155,5.12,376.00
4514,Runner,0.317,0.515,0.169,0.160,0.150,0.00,431.00
4515,Runner,0.317,0.515,0.169,0.146,0.141,5.16,343.00
4516,Runner,0.317,0.515,0.169,0.162,0.152,5.56,372.00
4517,Pursuer,0.317,0.515,0.168,0.123,0.136,0.00,645.00
4518,Pursuer,0.317,0.515,0.168,0.150,0.151,0.00,52.00
4519,Runner,0.317,0.515,0.168,0.128,0.142,0.00,225.00
4520,Pursuer,0.317,0.515,0.168,0.174,0.103,0.00,68.00
4521,Pursuer,0.317,0.515,0.168,0.172,0.127,0.00,304.00
4522,Pursuer,0.317,0.515,0.168,0.149,0.143,0.00,844.00
4523,Pursuer,0.317,0.515,0.168,0.134,0.175,0.00,115.00
4524,Runner,0.317,0.515,0.168,0.132,0.130,0.00,272.00
4525,Runner,0.317,0.515,0.168,0.120,0.151,0.00,280.00
4526,Runner,0.317,0.515,0.168,0.159,0.140,0.00,217.00
4527,Runner,0.317,0.515,0.168,0.139,0.149,0.00,261.00
4528,Runner,0.317,0.515,0.168,0.181,0.087,0.00,46.00
4529,Pursuer,0.317,0.515,0.168,0.143,0.159,0.00,541.00
4530,Pursuer,0.317,0.515,0.168,0.144,0.137,0.00,378.00
4531,Pursuer,0.317,0.515,0.168,0.138,0.146,0.00,380.00
4532,Pursuer,0.317,0.515,0.168,0.120,0.147,0.00,297.00
4533,Runner,0.317,0.515,0.168,0.135,0.138,3.32,253.00
4534,Pursuer,0.317,0.515,0.168,0.144,0.059,0.00,11.00
4535,Runner,0.317,0.515,0.168,0.134,0.154,8.10,444.00
4536,Draw,0.317,0.515,0.168,0.137,0.157,17.90,999.00
4537,Pursuer,0.317,0.515,0.168,0.159,0.147,0.00,61.00
4538,Pursuer,0.317,0.515,0.168,0.141,0.135,0.00,790.00
4539,Pursuer,0.317,0.515,0.168,0.148,0.138,0.00,349.00
4540,Pursuer,0.317,0.515,0.168,0.127,0.141,0.00,252.00
4541,Pursuer,0.317,0.515,0.168,0.145,0.152,0.00,377.00
4542,Pursuer,0.317,0.515,0.168,0.412,0.641,0.00,2.00
4543,Pursuer,0.317,0.516,0.168,0.150,0.125,0.00,208.00
4544,Pursuer,0.317,0.516,0.168,0.202,0.116,0.00,22.00
4545,Pursuer,0.317,0.516,0.168,0.163,0.123,0.00,239.00
4546,Runner,0.317,0.516,0.168,0.140,0.102,0.00,157.00
4547,Pursuer,0.317,0.516,0.168,0.144,0.136,0.00,653.00
4548,Runner,0.317,0.516,0.168,0.144,0.138,0.00,291.00
4549,Pursuer,0.317,0.516,0.168,0.181,0.164,0.00,90.00
4550,Pursuer,0.317,0.516,0.167,0.125,0.139,0.00,167.00
4551,Pursuer,0.317,0.516,0.167,0.135,0.208,0.00,126.00
4552,Pursuer,0.317,0.516,0.167,0.125,0.124,0.00,233.00
4553,Pursuer,0.316,0.516,0.167,0.150,0.152,0.00,74.00
4554,Pursuer,0.316,0.516,0.167,0.159,0.123,0.00,126.00
4555,Pursuer,0.316,0.516,0.167,0.160,0.124,0.00,102.00
4556,Pursuer,0.316,0.516,0.167,0.149,0.127,0.00,203.00
4557,Runner,0.316,0.516,0.167,0.132,0.137,0.00,340.00
4558,Runner,0.317,0.516,0.167,0.105,0.182,3.42,171.00
4559,Runner,0.317,0.516,0.167,0.151,0.140,2.20,329.00
4560,Runner,0.317,0.516,0.167,0.132,0.165,4.02,231.00
4561,Pursuer,0.317,0.516,0.167,0.132,0.142,0.00,433.00
4562,Runner,0.317,0.516,0.167,0.138,0.139,0.00,346.00
4563,Pursuer,0.317,0.516,0.167,0.141,0.098,0.00,84.00
4564,Runner,0.317,0.516,0.167,0.125,0.132,0.54,223.00
4565,Pursuer,0.317,0.516,0.167,0.134,0.157,0.00,447.00
4566,Runner,0.317,0.516,0.167,0.137,0.156,5.22,355.00
4567,Pursuer,0.317,0.516,0.167,0.109,0.148,0.00,18.00
4568,Runner,0.317,0.516,0.167,0.171,0.160,1.86,191.00
4569,Runner,0.317,0.516,0.167,0.133,0.145,5.28,324.00
4570,Runner,0.318,0.516,0.167,0.138,0.129,0.00,573.00
4571,Pursuer,0.317,0.516,0.167,0.000,0.000,0.00,1.00
4572,Runner,0.318,0.516,0.167,0.144,0.141,3.00,382.00
4573,Runner,0.318,0.516,0.167,0.132,0.133,1.66,248.00
4574,Draw,0.318,0.516,0.167,0.114,0.136,8.76,999.00
4575,Pursuer,0.318,0.516,0.167,0.132,0.163,0.00,128.00
4576,Runner,0.318,0.516,0.167,0.152,0.124,0.00,104.00
4577,Pursuer,0.318,0.516,0.167,0.145,0.160,0.00,85.00
4578,Pursuer,0.318,0.516,0.167,0.143,0.133,0.00,185.00
4579,Runner,0.318,0.516,0.167,0.128,0.135,3.36,193.00
4580,Pursuer,0.318,0.516,0.167,0.163,0.138,0.00,110.00
4581,Runner,0.318,0.516,0.167,0.130,0.130,0.26,519.00
4582,Runner,0.318,0.515,0.167,0.145,0.176,2.02,294.00
4583,Pursuer,0.318,0.516,0.166,0.162,0.153,0.00,306.00
4584,Pursuer,0.318,0.516,0.166,0.132,0.113,0.00,48.00
4585,Pursuer,0.318,0.516,0.166,0.156,0.125,0.00,153.00
4586,Pursuer,0.318,0.516,0.166,0.177,0.143,0.00,352.00
4587,Runner,0.318,0.516,0.166,0.124,0.133,0.00,407.00
4588,Pursuer,0.318,0.516,0.166,0.000,0.000,0.00,1.00
4589,Runner,0.318,0.516,0.166,0.130,0.129,5.64,328.00
4590,Runner,0.318,0.516,0.166,0.151,0.106,0.00,240.00
4591,Pursuer,0.318,0.516,0.166,0.000,0.000,0.00,1.00
4592,Pursuer,0.318,0.516,0.166,0.154,0.147,0.00,389.00
4593,Runner,0.318,0.516,0.166,0.000,0.000,0.00,1.00
4594,Pursuer,0.318,0.516,0.166,0.142,0.120,0.00,517.00
4595,Pursuer,0.318,0.516,0.166,0.201,0.141,0.00,52.00
4596,Runner,0.318,0.516,0.166,0.147,0.139,2.64,277.00
4597,Pursuer,0.318,0.516,0.166,0.152,0.144,0.00,220.00
4598,Pursuer,0.318,0.516,0.166,0.221,0.152,0.00,64.00
4599,Draw,0.318,0.516,0.166,0.152,0.140,18.86,999.00
4600,Runner,0.318,0.516,0.166,0.170,0.120,4.84,302.00
4601,Pursuer,0.318,0.516,0.166,0.161,0.149,0.00,388.00
4602,Runner,0.318,0.516,0.166,0.153,0.154,1.64,423.00
4603,Pursuer,0.318,0.516,0.166,0.159,0.153,0.00,172.00
4604,Pursuer,0.318,0.516,0.166,0.160,0.149,0.00,173.00
4605,Runner,0.318,0.516,0.166,0.131,0.139,0.00,155.00
4606,Runner,0.318,0.516,0.166,0.140,0.138,6.18,309.00
4607,Runner,0.318,0.516,0.166,0.146,0.151,10.56,528.00
4608,Pursuer,0.318,0.516,0.166,0.118,0.157,0.00,200.00
4609,Runner,0.319,0.516,0.166,0.148,0.137,1.72,194.00
4610,Pursuer,0.318,0.516,0.166,0.158,0.128,0.00,121.00
4611,Runner,0.319,0.516,0.166,0.133,0.151,3.22,359.00
4612,Pursuer,0.319,0.516,0.166,0.151,0.135,0.00,195.00
4613,Runner,0.319,0.516,0.166,0.134,0.142,5.66,397.00
4614,Runner,0.319,0.516,0.166,0.152,0.130,0.00,323.00
4615,Pursuer,0.319,0.516,0.166,0.155,0.132,0.00,137.00
4616,Runner,0.319,0.516,0.166,0.156,0.139,0.00,452.00
4617,Runner,0.319,0.515,0.165,0.127,0.123,0.16,75.00
4618,Runner,0.319,0.515,0.165,0.140,0.161,0.94,199.00
4619,Pursuer,0.319,0.515,0.165,0.116,0.145,0.00,185.00
4620,Pursuer,0.319,0.516,0.165,0.149,0.153,0.00,261.00
4621,Draw,0.319,0.515,0.166,0.142,0.155,17.96,999.00
4622,Pursuer,0.319,0.516,0.166,0.134,0.169,0.00,297.00
4623,Pursuer,0.319,0.516,0.165,0.155,0.176,0.00,125.00
4624,Pursuer,0.319,0.516,0.165,0.145,0.157,0.00,163.00
4625,Pursuer,0.319,0.516,0.165,0.161,0.149,0.00,286.00
4626,Runner,0.319,0.516,0.165,0.141,0.131,1.76,106.00
4627,Pursuer,0.319,0.516,0.165,0.145,0.121,0.00,89.00
4628,Pursuer,0.319,0.516,0.165,0.145,0.155,0.00,157.00
4629,Runner,0.319,0.516,0.165,0.161,0.104,0.46,222.00
4630,Runner,0.319,0.516,0.165,0.142,0.143,0.00,114.00
4631,Runner,0.319,0.516,0.165,0.129,0.141,7.62,509.00
4632,Runner,0.319,0.516,0.165,0.164,0.133,0.00,206.00
4633,Runner,0.319,0.515,0.165,0.142,0.149,3.30,477.00
4634,Pursuer,0.319,0.516,0.165,0.142,0.153,0.00,285.00
4635,Pursuer,0.319,0.516,0.165,0.121,0.154,0.00,90.00
4636,Runner,0.319,0.516,0.165,0.121,0.130,2.80,140.00
4637,Runner,0.320,0.515,0.165,0.135,0.167,0.00,168.00
4638,Runner,0.320,0.515,0.165,0.169,0.119,3.92,221.00
4639,Pursuer,0.320,0.515,0.165,0.132,0.149,0.00,491.00
4640,Pursuer,0.320,0.516,0.165,0.118,0.109,0.00,80.00
4641,Pursuer,0.320,0.516,0.165,0.156,0.147,0.00,151.00
4642,Runner,0.320,0.516,0.165,0.157,0.160,0.00,118.00
4643,Pursuer,0.320,0.516,0.165,0.124,0.128,0.00,77.00
4644,Pursuer,0.320,0.516,0.165,0.124,0.141,0.00,982.00
4645,Pursuer,0.319,0.516,0.165,0.134,0.138,0.00,119.00
4646,Pursuer,0.319,0.516,0.165,0.162,0.164,0.00,95.00
4647,Pursuer,0.319,0.516,0.165,0.175,0.160,0.00,53.00
4648,Runner,0.319,0.516,0.165,0.150,0.166,3.26,227.00
4649,Draw,0.319,0.516,0.165,0.147,0.146,3.76,999.00
4650,Runner,0.320,0.516,0.165,0.132,0.146,3.26,328.00
4651,Pursuer,0.320,0.516,0.165,0.159,0.108,0.00,87.00
4652,Pursuer,0.319,0.516,0.165,0.115,0.130,0.00,284.00
4653,Pursuer,0.319,0.516,0.165,0.141,0.115,0.00,146.00
4654,Runner,0.320,0.516,0.165,0.137,0.134,0.00,229.00
4655,Runner,0.320,0.516,0.165,0.130,0.138,1.38,371.00
4656,Pursuer,0.320,0.516,0.165,0.113,0.127,0.00,7.00
4657,Runner,0.320,0.516,0.164,0.136,0.148,2.02,198.00
4658,Runner,0.320,0.516,0.164,0.147,0.141,0.22,215.00
4659,Pursuer,0.320,0.516,0.164,0.156,0.141,0.00,386.00
4660,Pursuer,0.320,0.516,0.164,0.123,0.157,0.00,244.00
4661,Pursuer,0.320,0.516,0.164,0.156,0.152,0.00,156.00
4662,Pursuer,0.320,0.516,0.164,0.136,0.158,0.00,485.00
4663,Runner,0.320,0.516,0.164,0.134,0.154,7.06,503.00
4664,Pursuer,0.320,0.516,0.164,0.062,0.113,0.00,9.00
4665,Runner,0.320,0.516,0.164,0.130,0.144,6.76,355.00
4666,Pursuer,0.320,0.516,0.164,0.145,0.164,0.00,106.00
4667,Runner,0.320,0.516,0.164,0.101,0.293,0.00,5.00
4668,Runner,0.320,0.516,0.164,0.137,0.126,0.20,275.00
4669,Draw,0.320,0.516,0.164,0.150,0.151,11.40,999.00
4670,Runner,0.320,0.516,0.164,0.164,0.124,0.00,224.00
4671,Runner,0.320,0.516,0.164,0.207,0.110,0.00,68.00
4672,Draw,0.320,0.515,0.164,0.152,0.140,18.38,999.00
4673,Pursuer,0.320,0.516,0.164,0.161,0.136,0.00,107.00
4674,Pursuer,0.320,0.516,0.164,0.131,0.130,0.00,355.00
4675,Runner,0.320,0.516,0.164,0.062,0.677,0.00,1.00
4676,Pursuer,0.320,0.516,0.164,0.157,0.151,0.00,261.00
4677,Runner,0.320,0.516,0.164,0.131,0.140,1.08,110.00
4678,Pursuer,0.320,0.516,0.164,0.161,0.149,0.00,236.00
4679,Runner,0.320,0.515,0.164,0.144,0.130,1.22,346.00
4680,Draw,0.320,0.515,0.164,0.136,0.142,16.80,999.00
4681,Draw,0.320,0.515,0.164,0.139,0.139,0.00,999.00
4682,Pursuer,0.320,0.515,0.164,0.157,0.162,0.00,284.00
4683,Pursuer,0.320,0.515,0.164,0.152,0.150,0.00,260.00
4684,Pursuer,0.320,0.516,0.164,0.293,0.298,0.00,4.00
4685,Pursuer,0.320,0.516,0.164,0.150,0.134,0.00,435.00
4686,Pursuer,0.320,0.516,0.164,0.130,0.165,0.00,363.00
4687,Pursuer,0.320,0.516,0.164,0.143,0.147,0.00,674.00
4688,Runner,0.320,0.516,0.164,0.151,0.161,0.82,125.00
4689,Runner,0.320,0.516,0.164,0.134,0.133,0.86,77.00
4690,Pursuer,0.320,0.516,0.164,0.156,0.154,0.00,221.00
4691,Draw,0.320,0.516,0.164,0.138,0.143,17.80,999.00
4692,Pursuer,0.320,0.516,0.164,0.139,0.132,0.00,235.00
4693,Runner,0.320,0.516,0.164,0.140,0.160,4.90,251.00
4694,Runner,0.320,0.516,0.164,0.142,0.164,12.56,628.00
4695,Pursuer,0.320,0.516,0.164,0.000,0.000,0.00,1.00
4696,Pursuer,0.320,0.516,0.164,0.128,0.134,0.00,284.00
4697,Pursuer,0.320,0.516,0.164,0.124,0.186,0.00,89.00
4698,Runner,0.320,0.516,0.164,0.130,0.186,2.06,106.00
4699,Runner,0.320,0.516,0.164,0.208,0.228,0.00,12.00
4700,Pursuer,0.320,0.516,0.164,0.124,0.111,0.00,62.00
4701,Runner,0.320,0.516,0.164,0.154,0.137,0.00,164.00
4702,Runner,0.321,0.516,0.164,0.148,0.162,10.44,596.00
4703,Pursuer,0.320,0.516,0.164,0.000,0.000,0.00,1.00
4704,Runner,0.321,0.516,0.164,0.130,0.121,0.00,200.00
4705,Pursuer,0.321,0.516,0.164,0.145,0.149,0.00,215.00
4706,Pursuer,0.320,0.516,0.164,0.167,0.141,0.00,264.00
4707,Pursuer,0.320,0.516,0.164,0.142,0.119,0.00,346.00
4708,Pursuer,0.320,0.516,0.164,0.167,0.142,0.00,332.00
4709,Runner,0.320,0.516,0.164,0.157,0.141,2.76,227.00
4710,Runner,0.321,0.516,0.164,0.142,0.104,0.32,499.00
4711,Runner,0.321,0.516,0.164,0.163,0.167,1.66,182.00
4712,Runner,0.321,0.515,0.164,0.156,0.163,1.48,302.00
4713,Runner,0.321,0.515,0.164,0.149,0.121,0.00,455.00
4714,Pursuer,0.321,0.515,0.164,0.141,0.140,0.00,237.00
4715,Runner,0.321,0.515,0.164,0.000,0.000,0.00,1.00
4716,Pursuer,0.321,0.515,0.163,0.145,0.132,0.00,104.00
4717,Pursuer,0.321,0.516,0.163,0.530,0.244,0.00,3.00
4718,Runner,0.321,0.515,0.163,0.160,0.146,2.98,149.00
4719,Runner,0.321,0.515,0.163,0.165,0.160,0.00,129.00
4720,Runner,0.321,0.515,0.163,0.135,0.155,0.20,273.00
4721,Pursuer,0.321,0.515,0.163,0.123,0.150,0.00,300.00
4722,Runner,0.321,0.515,0.163,0.000,0.000,0.00,1.00
4723,Runner,0.322,0.515,0.163,0.137,0.129,0.00,157.00
4724,Pursuer,0.322,0.515,0.163,0.114,0.114,0.00,81.00
4725,Pursuer,0.321,0.515,0.163,0.152,0.164,0.00,178.00
4726,Pursuer,0.321,0.515,0.163,0.150,0.140,0.00,376.00
4727,Runner,0.322,0.515,0.163,0.153,0.158,2.00,330.00
4728,Pursuer,0.321,0.515,0.163,0.129,0.165,0.00,260.00
4729,Draw,0.321,0.515,0.163,0.153,0.161,0.00,999.00
4730,Runner,0.322,0.515,0.163,0.141,0.154,1.60,123.00
4731,Pursuer,0.321,0.515,0.163,0.131,0.158,0.00,73.00
4732,Pursuer,0.321,0.515,0.163,0.156,0.130,0.00,627.00
4733,Runner,0.322,0.515,0.163,0.150,0.138,0.54,482.00
4734,Runner,0.322,0.515,0.163,0.138,0.113,0.00,342.00
4735,Pursuer,0.322,0.515,0.163,0.155,0.125,0.00,253.00
4736,Draw,0.322,0.515,0.163,0.140,0.132,17.30,999.00
4737,Pursuer,0.322,0.515,0.163,0.137,0.151,0.00,57.00
4738,Runner,0.322,0.515,0.163,0.153,0.134,0.00,255.00
4739,Pursuer,0.322,0.515,0.163,0.108,0.100,0.00,83.00
4740,Pursuer,0.322,0.515,0.163,0.006,0.144,0.00,6.00
4741,Runner,0.322,0.515,0.163,0.135,0.139,7.16,595.00
4742,Pursuer,0.322,0.515,0.163,0.155,0.198,0.00,15.00
4743,Runner,0.322,0.515,0.163,0.132,0.185,2.36,195.00
4744,Draw,0.322,0.515,0.163,0.118,0.143,17.40,999.00
4745,Runner,0.322,0.515,0.163,0.150,0.149,0.00,252.00
4746,Draw,0.322,0.515,0.163,0.130,0.146,17.38,999.00
4747,Draw,0.322,0.515,0.163,0.153,0.147,17.30,999.00
4748,Pursuer,0.322,0.515,0.163,0.134,0.130,0.00,368.00
4749,Pursuer,0.322,0.515,0.163,0.153,0.115,0.00,99.00
4750,Pursuer,0.321,0.515,0.163,0.177,0.137,0.00,139.00
4751,Pursuer,0.321,0.515,0.163,0.162,0.104,0.00,290.00
4752,Runner,0.322,0.515,0.163,0.154,0.180,0.62,66.00
4753,Runner,0.322,0.515,0.163,0.141,0.143,1.46,388.00
4754,Runner,0.322,0.515,0.163,0.153,0.163,2.60,333.00
4755,Runner,0.322,0.515,0.163,0.140,0.151,5.14,257.00
4756,Runner,0.322,0.515,0.163,0.154,0.141,0.00,567.00
4757,Pursuer,0.322,0.515,0.163,0.135,0.145,0.00,567.00
4758,Pursuer,0.322,0.515,0.163,0.136,0.142,0.00,109.00
4759,Runner,0.322,0.515,0.163,0.151,0.136,5.16,320.00
4760,Pursuer,0.322,0.515,0.163,0.137,0.136,0.00,154.00
4761,Pursuer,0.322,0.515,0.163,0.188,0.162,0.00,12.00
4762,Pursuer,0.322,0.515,0.163,0.128,0.139,0.00,169.00
4763,Pursuer,0.322,0.515,0.163,0.127,0.147,0.00,174.00
4764,Runner,0.322,0.515,0.163,0.134,0.158,5.86,293.00
4765,Pursuer,0.322,0.515,0.163,0.000,0.000,0.00,0.00
4766,Pursuer,0.322,0.515,0.163,0.171,0.173,0.00,118.00
4767,Pursuer,0.322,0.515,0.163,0.136,0.111,0.00,44.00
4768,Pursuer,0.322,0.516,0.163,0.167,0.103,0.00,36.00
4769,Runner,0.322,0.515,0.163,0.159,0.157,1.34,120.00
4770,Pursuer,0.322,0.516,0.163,0.000,0.000,0.00,1.00
4771,Runner,0.322,0.515,0.163,0.121,0.148,5.84,304.00
4772,Pursuer,0.322,0.516,0.163,0.149,0.123,0.00,420.00
4773,Runner,0.322,0.515,0.163,0.144,0.137,2.32,434.00
4774,Pursuer,0.322,0.516,0.163,0.169,0.133,0.00,106.00
4775,Pursuer,0.322,0.516,0.163,0.165,0.161,0.00,85.00
4776,Runner,0.322,0.515,0.162,0.141,0.123,0.08,13.00
4777,Pursuer,0.322,0.516,0.162,0.134,0.143,0.00,339.00
4778,Runner,0.322,0.515,0.162,0.140,0.150,4.44,405.00
4779,Pursuer,0.322,0.516,0.162,0.119,0.164,0.00,245.00
4780,Pursuer,0.322,0.516,0.162,0.141,0.152,0.00,717.00
4781,Pursuer,0.322,0.516,0.162,0.123,0.145,0.00,438.00
4782,Pursuer,0.322,0.516,0.162,0.127,0.119,0.00,110.00
4783,Pursuer,0.322,0.516,0.162,0.140,0.120,0.00,329.00
4784,Pursuer,0.322,0.516,0.162,0.157,0.133,0.00,327.00
4785,Pursuer,0.322,0.516,0.162,0.158,0.256,0.00,26.00
4786,Runner,0.322,0.516,0.162,0.000,0.000,0.00,1.00
4787,Pursuer,0.322,0.516,0.162,0.160,0.152,0.00,257.00
4788,Pursuer,0.322,0.516,0.162,0.146,0.134,0.00,429.00
4789,Pursuer,0.322,0.516,0.162,0.138,0.134,0.00,365.00
4790,Pursuer,0.322,0.516,0.162,0.139,0.137,0.00,297.00
4791,Runner,0.322,0.516,0.162,0.132,0.127,1.30,137.00
4792,Runner,0.322,0.516,0.162,0.160,0.138,2.10,152.00
4793,Runner,0.322,0.516,0.162,0.137,0.130,3.70,295.00
4794,Pursuer,0.322,0.516,0.162,0.150,0.130,0.00,102.00
4795,Pursuer,0.322,0.516,0.162,0.148,0.150,0.00,198.00
4796,Pursuer,0.322,0.516,0.162,0.148,0.150,0.00,214.00
4797,Pursuer,0.322,0.517,0.162,0.127,0.163,0.00,71.00
4798,Pursuer,0.322,0.517,0.162,0.156,0.146,0.00,741.00
4799,Runner,0.322,0.517,0.162,0.154,0.170,3.12,156.00
4800,Pursuer,0.322,0.517,0.162,0.146,0.130,0.00,373.00
4801,Pursuer,0.322,0.517,0.162,0.118,0.148,0.00,158.00
4802,Pursuer,0.322,0.517,0.162,0.128,0.153,0.00,129.00
4803,Runner,0.322,0.517,0.162,0.144,0.153,3.64,233.00
4804,Pursuer,0.322,0.517,0.162,0.119,0.168,0.00,172.00
4805,Pursuer,0.322,0.517,0.161,0.171,0.140,0.00,270.00
4806,Pursuer,0.321,0.517,0.161,0.144,0.121,0.00,199.00
4807,Runner,0.322,0.517,0.161,0.121,0.119,0.00,61.00
4808,Draw,0.322,0.517,0.162,0.156,0.147,19.98,999.00
4809,Pursuer,0.321,0.517,0.162,0.142,0.150,0.00,359.00
4810,Runner,0.322,0.517,0.162,0.141,0.133,0.00,251.00
4811,Pursuer,0.322,0.517,0.162,0.147,0.150,0.00,948.00
4812,Runner,0.322,0.517,0.161,0.127,0.165,5.14,257.00
4813,Runner,0.322,0.517,0.161,0.128,0.149,6.58,337.00
4814,Runner,0.322,0.517,0.161,0.155,0.161,0.00,67.00
4815,Pursuer,0.322,0.517,0.161,0.122,0.154,0.00,198.00
4816,Pursuer,0.322,0.517,0.161,0.139,0.103,0.00,101.00
4817,Runner,0.322,0.517,0.161,0.169,0.152,0.00,234.00
4818,Pursuer,0.322,0.517,0.161,0.156,0.137,0.00,340.00
4819,Pursuer,0.322,0.517,0.161,0.156,0.122,0.00,315.00
4820,Runner,0.322,0.517,0.161,0.134,0.111,0.42,203.00
4821,Runner,0.322,0.517,0.161,0.148,0.111,1.24,98.00
4822,Runner,0.322,0.517,0.161,0.125,0.148,6.58,329.00
4823,Runner,0.322,0.516,0.161,0.159,0.188,1.24,62.00
4824,Pursuer,0.322,0.517,0.161,0.169,0.123,0.00,96.00
4825,Pursuer,0.322,0.517,0.161,0.202,0.148,0.00,20.00
4826,Pursuer,0.322,0.517,0.161,0.148,0.145,0.00,329.00
4827,Runner,0.322,0.517,0.161,0.137,0.155,4.40,229.00
4828,Runner,0.322,0.517,0.161,0.123,0.134,1.00,227.00
4829,Runner,0.323,0.516,0.161,0.144,0.134,1.44,212.00
4830,Pursuer,0.323,0.517,0.161,0.207,0.129,0.00,60.00
4831,Pursuer,0.323,0.517,0.161,0.121,0.133,0.00,206.00
4832,Pursuer,0.322,0.517,0.161,0.143,0.127,0.00,205.00
4833,Runner,0.323,0.517,0.161,0.151,0.132,0.00,632.00
4834,Pursuer,0.323,0.517,0.161,0.117,0.154,0.00,251.00
4835,Pursuer,0.322,0.517,0.161,0.179,0.229,0.00,6.00
4836,Runner,0.323,0.517,0.161,0.000,0.000,0.02,1.00
4837,Runner,0.323,0.517,0.161,0.144,0.156,6.92,351.00
4838,Pursuer,0.323,0.517,0.161,0.130,0.123,0.00,729.00
4839,Runner,0.323,0.517,0.161,0.451,0.844,0.02,1.00
4840,Pursuer,0.323,0.517,0.161,0.221,0.122,0.00,60.00
4841,Runner,0.323,0.517,0.161,0.128,0.092,0.00,53.00
4842,Runner,0.323,0.517,0.160,0.145,0.167,6.92,416.00
4843,Runner,0.323,0.516,0.160,0.134,0.134,1.42,206.00
4844,Pursuer,0.323,0.517,0.160,0.142,0.145,0.00,502.00
4845,Runner,0.323,0.516,0.160,0.133,0.127,3.18,402.00
4846,Runner,0.323,0.516,0.160,0.192,0.188,0.00,24.00
4847,Draw,0.323,0.516,0.161,0.154,0.144,16.74,999.00
4848,Pursuer,0.323,0.516,0.160,0.105,0.062,0.00,9.00
4849,Runner,0.323,0.516,0.160,0.141,0.119,0.00,85.00
4850,Pursuer,0.323,0.516,0.160,0.163,0.124,0.00,512.00
4851,Runner,0.323,0.516,0.160,0.144,0.141,0.40,169.00
4852,Draw,0.323,0.516,0.161,0.144,0.142,0.00,999.00
4853,Runner,0.324,0.516,0.161,0.133,0.154,0.00,55.00
4854,Draw,0.323,0.516,0.161,0.148,0.143,16.30,999.00
4855,Pursuer,0.323,0.516,0.161,0.062,0.130,0.00,8.00
4856,Pursuer,0.323,0.516,0.161,0.121,0.162,0.00,164.00
4857,Pursuer,0.323,0.516,0.161,0.144,0.120,0.00,195.00
4858,Runner,0.323,0.516,0.161,0.171,0.153,2.66,284.00
4859,Draw,0.323,0.516,0.161,0.154,0.152,19.40,999.00
4860,Pursuer,0.323,0.516,0.161,0.131,0.158,0.00,326.00
4861,Runner,0.323,0.516,0.161,0.137,0.135,0.02,278.00
4862,Pursuer,0.323,0.516,0.161,0.000,0.000,0.00,1.00
4863,Runner,0.323,0.516,0.161,0.134,0.150,2.84,539.00
4864,Runner,0.324,0.516,0.161,0.138,0.141,0.34,85.00
4865,Pursuer,0.324,0.516,0.161,0.137,0.127,0.00,79.00
4866,Pursuer,0.323,0.516,0.161,0.144,0.142,0.00,490.00
4867,Pursuer,0.323,0.516,0.160,0.188,0.134,0.00,48.00
4868,Pursuer,0.323,0.516,0.160,0.147,0.152,0.00,95.00
4869,Runner,0.323,0.516,0.160,0.151,0.155,1.76,239.00
4870,Pursuer,0.323,0.516,0.160,0.114,0.124,0.00,350.00
4871,Pursuer,0.323,0.516,0.160,0.144,0.177,0.00,132.00
4872,Runner,0.323,0.516,0.160,0.127,0.139,0.00,116.00
4873,Runner,0.324,0.516,0.160,0.130,0.157,1.78,233.00
4874,Pursuer,0.324,0.516,0.160,0.138,0.144,0.00,222.00
4875,Pursuer,0.323,0.516,0.160,0.143,0.138,0.00,84.00
4876,Pursuer,0.323,0.516,0.160,0.147,0.138,0.00,200.00
4877,Pursuer,0.323,0.517,0.160,0.114,0.097,0.00,22.00
4878,Pursuer,0.323,0.517,0.160,0.141,0.130,0.00,145.00
4879,Pursuer,0.323,0.517,0.160,0.152,0.141,0.00,942.00
4880,Runner,0.323,0.517,0.160,0.160,0.167,4.68,270.00
4881,Pursuer,0.323,0.517,0.160,0.163,0.144,0.00,140.00
4882,Pursuer,0.323,0.517,0.160,0.149,0.150,0.00,266.00
4883,Runner,0.323,0.517,0.160,0.167,0.109,0.00,56.00
4884,Draw,0.323,0.517,0.160,0.139,0.143,17.30,999.00
4885,Pursuer,0.323,0.517,0.160,0.144,0.092,0.00,172.00
4886,Pursuer,0.323,0.517,0.160,0.137,0.082,0.00,244.00
4887,Runner,0.323,0.517,0.160,0.140,0.152,0.00,172.00
4888,Runner,0.323,0.517,0.160,0.158,0.146,0.00,315.00
4889,Pursuer,0.323,0.517,0.160,0.132,0.182,0.00,218.00
4890,Runner,0.324,0.517,0.160,0.141,0.142,0.00,169.00
4891,Pursuer,0.323,0.517,0.160,0.128,0.169,0.00,265.00
4892,Runner,0.324,0.517,0.160,0.119,0.124,0.00,165.00
4893,Runner,0.324,0.516,0.160,0.173,0.097,0.00,79.00
4894,Pursuer,0.324,0.517,0.160,0.147,0.142,0.00,382.00
4895,Pursuer,0.324,0.517,0.160,0.146,0.148,0.00,319.00
4896,Pursuer,0.324,0.517,0.160,0.133,0.108,0.00,162.00
4897,Runner,0.324,0.517,0.160,0.119,0.142,3.52,573.00
4898,Pursuer,0.324,0.517,0.160,0.129,0.128,0.00,109.00
4899,Draw,0.324,0.517,0.160,0.148,0.157,16.16,999.00
4900,Pursuer,0.323,0.517,0.160,0.142,0.153,0.00,167.00
4901,Pursuer,0.323,0.517,0.160,0.161,0.143,0.00,408.00
4902,Runner,0.324,0.517,0.160,0.148,0.161,0.00,193.00
4903,Pursuer,0.323,0.517,0.160,0.000,0.000,0.00,1.00
4904,Runner,0.324,0.517,0.160,0.132,0.152,0.00,167.00
4905,Runner,0.324,0.517,0.160,0.151,0.156,6.62,339.00
4906,Pursuer,0.324,0.517,0.160,0.139,0.138,0.00,138.00
4907,Pursuer,0.324,0.517,0.160,0.153,0.106,0.00,119.00
4908,Pursuer,0.324,0.517,0.160,0.121,0.163,0.00,137.00
4909,Pursuer,0.323,0.517,0.160,0.193,0.167,0.00,43.00
4910,Pursuer,0.323,0.517,0.159,0.153,0.141,0.00,412.00
4911,Pursuer,0.323,0.517,0.159,0.180,0.175,0.00,58.00
4912,Pursuer,0.323,0.517,0.159,0.144,0.121,0.00,127.00
4913,Pursuer,0.323,0.517,0.159,0.174,0.130,0.00,114.00
4914,Pursuer,0.323,0.518,0.159,0.163,0.158,0.00,71.00
4915,Pursuer,0.323,0.518,0.159,0.140,0.133,0.00,902.00
4916,Runner,0.323,0.517,0.159,0.136,0.166,0.00,484.00
4917,Runner,0.323,0.517,0.159,0.158,0.148,3.10,245.00
4918,Runner,0.324,0.517,0.159,0.134,0.134,4.44,284.00
4919,Pursuer,0.323,0.517,0.159,0.163,0.126,0.00,131.00
4920,Runner,0.324,0.517,0.159,0.141,0.138,3.00,486.00
4921,Runner,0.324,0.517,0.159,0.166,0.128,0.00,17.00
4922,Pursuer,0.324,0.517,0.159,0.126,0.143,0.00,364.00
4923,Pursuer,0.324,0.517,0.159,0.157,0.184,0.00,56.00
4924,Pursuer,0.324,0.517,0.159,0.147,0.142,0.00,969.00
4925,Draw,0.323,0.517,0.159,0.144,0.137,12.22,999.00
4926,Pursuer,0.323,0.517,0.159,0.132,0.146,0.00,77.00
4927,Draw,0.323,0.517,0.159,0.145,0.139,0.00,999.00
4928,Runner,0.323,0.517,0.159,0.000,0.000,0.00,0.00
4929,Pursuer,0.323,0.517,0.159,0.154,0.128,0.00,304.00
4930,Pursuer,0.323,0.517,0.159,0.136,0.146,0.00,131.00
4931,Pursuer,0.323,0.518,0.159,0.122,0.122,0.00,119.00
4932,Pursuer,0.323,0.518,0.159,0.143,0.135,0.00,243.00
4933,Pursuer,0.323,0.518,0.159,0.150,0.139,0.00,361.00
4934,Runner,0.323,0.518,0.159,0.144,0.135,0.22,195.00
4935,Runner,0.323,0.518,0.159,0.147,0.122,3.88,379.00
4936,Runner,0.324,0.517,0.159,0.133,0.168,2.84,323.00
4937,Pursuer,0.323,0.518,0.159,0.135,0.137,0.00,137.00
4938,Pursuer,0.323,0.518,0.159,0.143,0.149,0.00,498.00
4939,Runner,0.324,0.518,0.159,0.127,0.167,2.84,254.00
4940,Runner,0.324,0.517,0.159,0.160,0.121,1.76,324.00
4941,Runner,0.324,0.517,0.159,0.115,0.148,0.00,10.00
4942,Pursuer,0.324,0.517,0.159,0.000,0.000,0.00,1.00
4943,Pursuer,0.324,0.517,0.159,0.175,0.143,0.00,73.00
4944,Pursuer,0.324,0.518,0.159,0.145,0.128,0.00,132.00
4945,Pursuer,0.324,0.518,0.159,0.154,0.146,0.00,608.00
4946,Runner,0.324,0.518,0.159,0.223,0.094,0.08,4.00
4947,Runner,0.324,0.517,0.159,0.168,0.163,1.86,171.00
4948,Pursuer,0.324,0.518,0.159,0.000,0.000,0.00,1.00
4949,Pursuer,0.324,0.518,0.159,0.137,0.128,0.00,419.00
4950,Pursuer,0.324,0.518,0.159,0.133,0.130,0.00,359.00
4951,Pursuer,0.324,0.518,0.159,0.146,0.141,0.00,516.00
4952,Runner,0.324,0.518,0.159,0.157,0.142,2.76,399.00
4953,Runner,0.324,0.518,0.158,0.153,0.152,0.52,209.00
4954,Pursuer,0.324,0.518,0.158,0.152,0.139,0.00,448.00
4955,Runner,0.324,0.518,0.158,0.108,0.116,0.06,35.00
4956,Pursuer,0.324,0.518,0.158,0.149,0.107,0.00,103.00
4957,Runner,0.324,0.518,0.158,0.131,0.129,2.06,252.00
4958,Pursuer,0.324,0.518,0.158,0.138,0.142,0.00,293.00
4959,Runner,0.324,0.518,0.158,0.134,0.147,4.32,216.00
4960,Runner,0.324,0.518,0.158,0.142,0.151,1.36,356.00
4961,Pursuer,0.324,0.518,0.158,0.170,0.134,0.00,76.00
4962,Runner,0.324,0.518,0.158,0.126,0.240,0.00,6.00
4963,Pursuer,0.324,0.518,0.158,0.157,0.155,0.00,235.00
4964,Runner,0.324,0.518,0.158,0.148,0.183,0.50,164.00
4965,Pursuer,0.324,0.518,0.158,0.126,0.123,0.00,440.00
4966,Pursuer,0.324,0.518,0.158,0.154,0.145,0.00,337.00
4967,Pursuer,0.324,0.518,0.158,0.196,0.116,0.00,76.00
4968,Runner,0.324,0.518,0.158,0.137,0.152,10.10,769.00
4969,Pursuer,0.324,0.518,0.158,0.437,0.569,0.00,2.00
4970,Pursuer,0.324,0.518,0.158,0.155,0.145,0.00,856.00
4971,Runner,0.324,0.518,0.158,0.140,0.153,0.20,100.00
4972,Pursuer,0.324,0.518,0.158,0.151,0.142,0.00,540.00
4973,Pursuer,0.324,0.518,0.158,0.168,0.151,0.00,16.00
4974,Pursuer,0.324,0.518,0.158,0.180,0.115,0.00,153.00
4975,Pursuer,0.324,0.518,0.158,0.126,0.156,0.00,212.00
4976,Pursuer,0.324,0.518,0.158,0.161,0.134,0.00,614.00
4977,Draw,0.324,0.518,0.158,0.154,0.139,18.04,999.00
4978,Pursuer,0.324,0.518,0.158,0.000,0.000,0.00,0.00
4979,Draw,0.324,0.518,0.158,0.145,0.127,0.00,999.00
4980,Pursuer,0.324,0.518,0.158,0.087,0.139,0.00,26.00
4981,Pursuer,0.324,0.518,0.158,0.144,0.146,0.00,388.00
4982,Runner,0.324,0.518,0.158,0.153,0.162,4.94,302.00
4983,Pursuer,0.324,0.518,0.158,0.000,0.000,0.00,1.00
4984,Runner,0.324,0.518,0.158,0.124,0.095,0.00,297.00
4985,Pursuer,0.324,0.518,0.158,0.123,0.131,0.00,445.00
4986,Runner,0.324,0.518,0.158,0.126,0.134,0.00,236.00
4987,Pursuer,0.324,0.518,0.158,0.000,0.000,0.00,1.00
4988,Runner,0.324,0.518,0.158,0.163,0.135,0.00,135.00
4989,Runner,0.324,0.518,0.158,0.160,0.092,0.58,80.00
4990,Pursuer,0.324,0.518,0.158,0.140,0.117,0.00,227.00
4991,Pursuer,0.324,0.518,0.158,0.148,0.152,0.00,184.00
4992,Pursuer,0.324,0.518,0.158,0.173,0.142,0.00,76.00
4993,Draw,0.324,0.518,0.158,0.140,0.149,11.28,999.00
4994,Pursuer,0.324,0.518,0.158,0.176,0.179,0.00,127.00
4995,Runner,0.324,0.518,0.158,0.139,0.108,0.00,239.00
4996,Pursuer,0.324,0.518,0.158,0.145,0.134,0.00,294.00
4997,Runner,0.324,0.518,0.158,0.136,0.129,0.00,290.00
4998,Pursuer,0.324,0.518,0.158,0.162,0.149,0.00,356.00
4999,Runner,0.324,0.518,0.158,0.122,0.134,3.04,152.00
5000,Runner,0.324,0.518,0.158,0.141,0.155,2.16,309.00
5001,Pursuer,0.324,0.518,0.158,0.000,0.000,0.00,1.00
5002,Runner,0.324,0.518,0.158,0.142,0.120,0.00,227.00
5003,Runner,0.324,0.518,0.158,0.203,0.125,0.00,72.00
5004,Pursuer,0.324,0.518,0.157,0.118,0.126,0.00,181.00
5005,Runner,0.324,0.518,0.157,0.135,0.117,2.16,218.00
5006,Runner,0.325,0.518,0.157,0.147,0.122,0.00,83.00
5007,Runner,0.325,0.518,0.157,0.129,0.138,7.48,658.00
5008,Pursuer,0.325,0.518,0.157,0.177,0.125,0.00,135.00
5009,Runner,0.325,0.518,0.157,0.136,0.136,11.14,629.00
5010,Pursuer,0.325,0.518,0.157,0.202,0.155,0.00,39.00
5011,Pursuer,0.325,0.518,0.157,0.128,0.137,0.00,358.00
5012,Pursuer,0.325,0.518,0.157,0.251,0.248,0.00,10.00
5013,Runner,0.325,0.518,0.157,0.117,0.161,0.96,419.00
5014,Runner,0.325,0.518,0.157,0.109,0.162,2.94,262.00
5015,Pursuer,0.325,0.518,0.157,0.148,0.142,0.00,289.00
5016,Pursuer,0.325,0.518,0.157,0.124,0.151,0.00,59.00
5017,Pursuer,0.325,0.518,0.157,0.127,0.158,0.00,586.00
5018,Pursuer,0.325,0.518,0.157,0.142,0.179,0.00,49.00
5019,Pursuer,0.325,0.518,0.157,0.139,0.144,0.00,237.00
5020,Pursuer,0.325,0.519,0.157,0.133,0.144,0.00,929.00
5021,Runner,0.325,0.518,0.157,0.153,0.155,0.08,41.00
5022,Runner,0.325,0.518,0.157,0.094,0.134,0.00,30.00
5023,Runner,0.325,0.518,0.157,0.148,0.138,2.68,148.00
5024,Pursuer,0.325,0.518,0.157,0.116,0.135,0.00,79.00
5025,Runner,0.325,0.518,0.157,0.150,0.137,0.00,177.00
5026,Runner,0.325,0.518,0.157,0.116,0.156,2.28,114.00
5027,Pursuer,0.325,0.518,0.157,0.000,0.000,0.00,1.00
5028,Pursuer,0.325,0.518,0.157,0.182,0.065,0.00,13.00
5029,Runner,0.325,0.518,0.157,0.129,0.142,0.20,686.00
5030,Runner,0.325,0.518,0.157,0.154,0.206,0.00,38.00
5031,Runner,0.325,0.518,0.157,0.130,0.144,2.38,275.00
5032,Draw,0.325,0.518,0.157,0.146,0.151,18.72,999.00
5033,Runner,0.325,0.518,0.157,0.139,0.146,5.40,479.00
5034,Runner,0.326,0.518,0.157,0.138,0.141,0.72,36.00
5035,Pursuer,0.326,0.518,0.157,0.158,0.144,0.00,455.00
5036,Pursuer,0.325,0.518,0.157,0.137,0.138,0.00,394.00
5037,Pursuer,0.325,0.518,0.157,0.155,0.145,0.00,741.00
5038,Runner,0.326,0.518,0.157,0.166,0.160,2.20,139.00
5039,Pursuer,0.325,0.518,0.157,0.145,0.161,0.00,99.00
5040,Runner,0.326,0.518,0.157,0.129,0.151,1.56,298.00
5041,Pursuer,0.326,0.518,0.157,0.152,0.141,0.00,337.00
5042,Pursuer,0.325,0.518,0.156,0.119,0.130,0.00,498.00
5043,Runner,0.326,0.518,0.156,0.155,0.160,5.36,277.00
5044,Pursuer,0.326,0.518,0.156,0.133,0.122,0.00,48.00
5045,Pursuer,0.325,0.518,0.156,0.135,0.133,0.00,263.00
5046,Runner,0.326,0.518,0.156,0.163,0.133,0.00,299.00
5047,Draw,0.326,0.518,0.157,0.144,0.144,19.98,999.00
5048,Pursuer,0.325,0.518,0.156,0.142,0.148,0.00,529.00
5049,Pursuer,0.325,0.518,0.156,0.165,0.158,0.00,584.00
5050,Pursuer,0.325,0.518,0.156,0.164,0.143,0.00,298.00
5051,Runner,0.325,0.518,0.156,0.133,0.132,3.42,536.00
5052,Runner,0.326,0.518,0.156,0.133,0.145,6.28,634.00
5053,Pursuer,0.326,0.518,0.156,0.165,0.145,0.00,22.00
5054,Runner,0.326,0.518,0.156,0.130,0.133,1.18,193.00
5055,Pursuer,0.326,0.518,0.156,0.116,0.111,0.00,52.00
5056,Pursuer,0.326,0.518,0.156,0.133,0.142,0.00,353.00
5057,Runner,0.326,0.518,0.156,0.099,0.127,0.16,8.00
5058,Runner,0.326,0.518,0.156,0.131,0.073,0.00,506.00
5059,Runner,0.326,0.518,0.156,0.145,0.163,2.42,172.00
5060,Pursuer,0.326,0.518,0.156,0.140,0.148,0.00,257.00
5061,Runner,0.326,0.518,0.156,0.176,0.148,2.72,136.00
5062,Pursuer,0.326,0.518,0.156,0.145,0.139,0.00,357.00
5063,Runner,0.326,0.518,0.156,0.162,0.154,2.26,113.00
5064,Pursuer,0.326,0.518,0.156,0.148,0.159,0.00,403.00
5065,Runner,0.326,0.518,0.156,0.156,0.129,5.30,265.00
5066,Pursuer,0.326,0.518,0.156,0.000,0.000,0.00,1.00
5067,Runner,0.326,0.518,0.156,0.977,1.155,0.00,1.00
5068,Runner,0.326,0.518,0.156,0.162,0.138,1.38,270.00
5069,Pursuer,0.326,0.518,0.156,0.145,0.149,0.00,445.00
5070,Runner,0.326,0.518,0.156,0.133,0.168,2.24,112.00
5071,Pursuer,0.326,0.518,0.156,0.145,0.148,0.00,412.00
5072,Runner,0.326,0.518,0.156,0.145,0.146,0.74,238.00
5073,Pursuer,0.326,0.518,0.156,0.156,0.128,0.00,270.00
5074,Runner,0.327,0.518,0.156,0.154,0.151,1.28,237.00
5075,Pursuer,0.327,0.518,0.156,0.153,0.131,0.00,44.00
5076,Pursuer,0.326,0.518,0.156,0.159,0.134,0.00,330.00
5077,Pursuer,0.326,0.518,0.156,0.112,0.145,0.00,284.00
5078,Runner,0.327,0.518,0.156,0.132,0.152,0.60,198.00
5079,Pursuer,0.326,0.518,0.156,0.156,0.160,0.00,299.00
5080,Pursuer,0.326,0.518,0.156,0.110,0.077,0.00,7.00
5081,Pursuer,0.326,0.518,0.155,0.258,0.146,0.00,24.00
5082,Pursuer,0.326,0.518,0.155,0.149,0.117,0.00,89.00
5083,Pursuer,0.326,0.518,0.155,0.137,0.129,0.00,485.00
5084,Pursuer,0.326,0.518,0.155,0.151,0.147,0.00,85.00
5085,Runner,0.326,0.518,0.155,0.150,0.143,1.26,465.00
5086,Pursuer,0.326,0.518,0.155,0.165,0.128,0.00,367.00
5087,Draw,0.326,0.518,0.155,0.149,0.148,15.04,999.00
5088,Runner,0.326,0.518,0.155,0.137,0.140,0.00,157.00
5089,Pursuer,0.326,0.518,0.155,0.120,0.214,0.00,10.00
5090,Pursuer,0.326,0.518,0.155,0.135,0.138,0.00,126.00
5091,Draw,0.326,0.518,0.156,0.142,0.143,2.90,999.00
5092,Pursuer,0.326,0.518,0.156,0.166,0.132,0.00,146.00
5093,Pursuer,0.326,0.519,0.156,0.124,0.146,0.00,123.00
5094,Pursuer,0.326,0.519,0.155,0.126,0.154,0.00,223.00
5095,Runner,0.326,0.519,0.155,0.147,0.141,2.38,143.00
5096,Pursuer,0.326,0.519,0.155,0.148,0.145,0.00,382.00
5097,Runner,0.326,0.519,0.155,0.121,0.116,0.46,391.00
5098,Pursuer,0.326,0.519,0.155,0.130,0.108,0.00,154.00
5099,Pursuer,0.326,0.519,0.155,0.140,0.112,0.00,101.00
5100,Pursuer,0.326,0.519,0.155,0.232,0.132,0.00,23.00
5101,Runner,0.326,0.519,0.155,0.156,0.153,0.00,78.00
5102,Pursuer,0.326,0.519,0.155,0.119,0.141,0.00,56.00
5103,Runner,0.326,0.519,0.155,0.000,0.000,0.02,1.00
5104,Runner,0.326,0.519,0.155,0.123,0.148,2.92,146.00
5105,Runner,0.326,0.519,0.155,0.174,0.125,0.00,70.00
5106,Pursuer,0.326,0.519,0.155,0.134,0.137,0.00,412.00
5107,Runner,0.326,0.519,0.155,0.176,0.089,0.00,124.00
5108,Runner,0.327,0.518,0.155,0.139,0.159,2.00,341.00
5109,Runner,0.327,0.518,0.155,0.152,0.164,0.00,39.00
5110,Runner,0.327,0.518,0.155,0.129,0.154,2.64,287.00
5111,Runner,0.327,0.518,0.155,0.137,0.126,0.22,169.00
5112,Runner,0.327,0.518,0.155,0.156,0.160,2.64,197.00
5113,Runner,0.327,0.518,0.155,0.141,0.139,0.00,290.00
5114,Pursuer,0.327,0.518,0.155,0.000,0.000,0.00,1.00
5115,Pursuer,0.327,0.518,0.155,0.154,0.138,0.00,196.00
5116,Runner,0.327,0.518,0.155,0.123,0.166,0.00,65.00
5117,Draw,0.327,0.518,0.155,0.146,0.119,0.00,999.00
5118,Runner,0.327,0.518,0.155,0.143,0.144,4.60,320.00
5119,Pursuer,0.327,0.518,0.155,0.000,0.000,0.00,1.00
5120,Runner,0.327,0.518,0.155,0.123,0.158,0.00,290.00
5121,Pursuer,0.327,0.518,0.155,0.160,0.119,0.00,125.00
5122,Pursuer,0.327,0.518,0.155,0.130,0.175,0.00,215.00
5123,Runner,0.327,0.518,0.155,0.130,0.124,2.70,180.00
5124,Pursuer,0.327,0.518,0.155,0.000,0.000,0.00,1.00
5125,Runner,0.327,0.518,0.155,0.137,0.145,2.04,403.00
5126,Pursuer,0.327,0.518,0.155,0.181,0.148,0.00,27.00
5127,Draw,0.327,0.518,0.155,0.147,0.147,18.90,999.00
5128,Pursuer,0.327,0.518,0.155,0.131,0.131,0.00,263.00
5129,Pursuer,0.327,0.518,0.155,0.124,0.129,0.00,195.00
5130,Draw,0.327,0.518,0.155,0.154,0.152,5.46,999.00
5131,Pursuer,0.327,0.518,0.155,0.142,0.124,0.00,275.00
5132,Pursuer,0.327,0.518,0.155,0.118,0.144,0.00,322.00
5133,Pursuer,0.327,0.518,0.155,0.152,0.161,0.00,150.00
5134,Pursuer,0.327,0.518,0.155,0.187,0.247,0.00,21.00
5135,Draw,0.327,0.518,0.155,0.142,0.144,19.36,999.00
5136,Pursuer,0.327,0.518,0.155,0.117,0.155,0.00,159.00
5137,Pursuer,0.327,0.518,0.155,0.143,0.132,0.00,333.00
5138,Runner,0.327,0.518,0.155,0.156,0.132,2.66,274.00
5139,Pursuer,0.327,0.518,0.155,0.130,0.143,0.00,272.00
5140,Pursuer,0.327,0.518,0.155,0.149,0.156,0.00,143.00
5141,Runner,0.327,0.518,0.155,0.126,0.140,0.02,337.00
5142,Draw,0.327,0.518,0.155,0.146,0.154,19.98,999.00
5143,Pursuer,0.327,0.518,0.155,0.153,0.142,0.00,269.00
5144,Pursuer,0.327,0.518,0.155,0.078,0.156,0.00,25.00
5145,Pursuer,0.327,0.519,0.155,0.128,0.156,0.00,456.00
5146,Pursuer,0.326,0.519,0.155,0.119,0.172,0.00,169.00
5147,Runner,0.327,0.519,0.155,0.129,0.143,5.74,287.00
5148,Runner,0.327,0.518,0.155,0.118,0.108,0.00,25.00
5149,Pursuer,0.327,0.519,0.155,0.165,0.112,0.00,94.00
5150,Pursuer,0.327,0.519,0.155,0.143,0.132,0.00,62.00
5151,Runner,0.327,0.519,0.155,0.144,0.133,4.22,403.00
5152,Pursuer,0.327,0.519,0.155,0.136,0.147,0.00,338.00
5153,Pursuer,0.327,0.519,0.155,0.155,0.126,0.00,242.00
5154,Runner,0.327,0.519,0.155,0.142,0.154,1.10,326.00
5155,Runner,0.327,0.519,0.155,0.155,0.178,0.66,146.00
5156,Runner,0.327,0.518,0.155,0.150,0.155,2.00,168.00
5157,Pursuer,0.327,0.519,0.155,0.126,0.145,0.00,383.00
5158,Runner,0.327,0.518,0.155,0.122,0.141,0.00,49.00
5159,Pursuer,0.327,0.519,0.154,0.133,0.138,0.00,455.00
5160,Pursuer,0.327,0.519,0.154,0.127,0.083,0.00,101.00
5161,Pursuer,0.327,0.519,0.154,0.136,0.141,0.00,278.00
5162,Pursuer,0.327,0.519,0.154,0.151,0.143,0.00,110.00
5163,Pursuer,0.327,0.519,0.154,0.168,0.133,0.00,95.00
5164,Pursuer,0.327,0.519,0.154,0.140,0.112,0.00,27.00
5165,Runner,0.327,0.519,0.154,0.145,0.157,0.04,247.00
5166,Runner,0.327,0.519,0.154,0.153,0.149,4.94,378.00
5167,Pursuer,0.327,0.519,0.154,0.169,0.112,0.00,347.00
5168,Runner,0.327,0.519,0.154,0.115,0.132,1.20,178.00
5169,Pursuer,0.327,0.519,0.154,0.265,0.160,0.00,2.00
5170,Pursuer,0.327,0.519,0.154,0.133,0.150,0.00,122.00
5171,Runner,0.327,0.519,0.154,0.152,0.120,0.00,12.00
5172,Pursuer,0.327,0.519,0.154,0.156,0.134,0.00,116.00
5173,Pursuer,0.327,0.519,0.154,0.166,0.154,0.00,226.00
5174,Runner,0.327,0.519,0.154,0.150,0.126,0.68,164.00
5175,Runner,0.327,0.519,0.154,0.124,0.161,2.52,382.00
5176,Runner,0.327,0.519,0.154,0.133,0.136,6.02,334.00
5177,Pursuer,0.327,0.519,0.154,0.142,0.144,0.00,198.00
5178,Pursuer,0.327,0.519,0.154,0.147,0.132,0.00,415.00
5179,Runner,0.327,0.519,0.154,0.147,0.134,0.00,230.00
5180,Pursuer,0.327,0.519,0.154,0.154,0.114,0.00,13.00
5181,Runner,0.327,0.519,0.154,0.151,0.119,1.54,107.00
5182,Pursuer,0.327,0.519,0.154,0.145,0.121,0.00,126.00
5183,Runner,0.327,0.519,0.154,0.124,0.147,3.58,179.00
5184,Runner,0.328,0.519,0.154,0.109,0.148,1.26,100.00
5185,Pursuer,0.327,0.519,0.154,0.194,0.142,0.00,123.00
5186,Pursuer,0.327,0.519,0.154,0.129,0.130,0.00,555.00
5187,Pursuer,0.327,0.519,0.154,0.142,0.161,0.00,139.00
5188,Pursuer,0.327,0.519,0.154,0.149,0.140,0.00,209.00
5189,Runner,0.327,0.519,0.154,0.116,0.114,0.00,196.00
5190,Runner,0.328,0.519,0.154,0.145,0.158,1.54,353.00
5191,Pursuer,0.327,0.519,0.154,0.131,0.143,0.00,296.00
5192,Pursuer,0.327,0.519,0.154,0.134,0.116,0.00,108.00
5193,Pursuer,0.327,0.519,0.153,0.103,0.101,0.00,24.00
5194,Pursuer,0.327,0.519,0.153,0.151,0.147,0.00,231.00
5195,Runner,0.327,0.519,0.153,0.000,0.000,0.02,1.00
5196,Runner,0.328,0.519,0.153,0.158,0.150,1.04,120.00
5197,Runner,0.328,0.519,0.153,0.350,0.405,0.00,3.00
5198,Pursuer,0.328,0.519,0.153,0.135,0.132,0.00,370.00
5199,Runner,0.328,0.519,0.153,0.152,0.167,3.52,300.00
5200,Runner,0.328,0.519,0.153,0.106,0.129,0.00,72.00
5201,Pursuer,0.328,0.519,0.153,0.171,0.137,0.00,100.00
5202,Runner,0.328,0.519,0.153,0.144,0.147,0.00,538.00
5203,Pursuer,0.328,0.519,0.153,0.147,0.137,0.00,106.00
5204,Pursuer,0.328,0.519,0.153,0.139,0.151,0.00,429.00
5205,Runner,0.328,0.519,0.153,0.148,0.143,0.00,174.00
5206,Pursuer,0.328,0.519,0.153,0.202,0.147,0.00,80.00
5207,Pursuer,0.328,0.519,0.153,0.162,0.123,0.00,256.00
5208,Pursuer,0.328,0.519,0.153,0.148,0.151,0.00,283.00
5209,Pursuer,0.328,0.519,0.153,0.172,0.179,0.00,117.00
5210,Runner,0.328,0.519,0.153,0.149,0.136,2.60,154.00
5211,Runner,0.328,0.519,0.153,0.155,0.159,5.40,270.00
5212,Pursuer,0.328,0.519,0.153,0.139,0.133,0.00,682.00
5213,Runner,0.328,0.519,0.153,0.168,0.159,0.00,314.00
5214,Pursuer,0.328,0.519,0.153,0.167,0.157,0.00,801.00
5215,Draw,0.328,0.519,0.153,0.140,0.140,19.98,999.00
5216,Runner,0.328,0.519,0.153,0.000,0.000,0.00,0.00
5217,Runner,0.328,0.519,0.153,0.146,0.133,5.24,386.00
5218,Pursuer,0.328,0.519,0.153,0.138,0.108,0.00,74.00
5219,Pursuer,0.328,0.519,0.153,0.155,0.151,0.00,292.00
5220,Runner,0.328,0.519,0.153,0.116,0.116,0.00,280.00
5221,Pursuer,0.328,0.519,0.153,0.162,0.141,0.00,265.00
5222,Pursuer,0.328,0.519,0.153,0.117,0.110,0.00,103.00
5223,Pursuer,0.328,0.519,0.153,0.183,0.140,0.00,298.00
5224,Pursuer,0.328,0.519,0.153,0.159,0.208,0.00,89.00
5225,Pursuer,0.328,0.519,0.153,0.144,0.121,0.00,172.00
5226,Pursuer,0.328,0.520,0.153,0.114,0.149,0.00,41.00
5227,Pursuer,0.328,0.520,0.153,0.121,0.134,0.00,244.00
5228,Pursuer,0.328,0.520,0.153,0.120,0.131,0.00,105.00
5229,Runner,0.328,0.520,0.153,0.126,0.153,0.12,194.00
5230,Pursuer,0.328,0.520,0.153,0.166,0.162,0.00,385.00
5231,Runner,0.328,0.520,0.153,0.138,0.144,2.12,324.00
5232,Draw,0.328,0.519,0.153,0.155,0.144,18.16,999.00
5233,Pursuer,0.328,0.520,0.153,0.131,0.147,0.00,203.00
5234,Runner,0.328,0.519,0.153,0.153,0.143,4.12,299.00
5235,Runner,0.328,0.519,0.153,0.132,0.144,2.80,140.00
5236,Runner,0.328,0.519,0.153,0.138,0.141,5.26,319.00
5237,Runner,0.328,0.519,0.153,0.117,0.152,3.62,243.00
5238,Runner,0.328,0.519,0.153,0.144,0.102,0.00,390.00
5239,Pursuer,0.328,0.519,0.153,0.152,0.150,0.00,80.00
5240,Pursuer,0.328,0.519,0.152,0.146,0.192,0.00,152.00
5241,Pursuer,0.328,0.519,0.152,0.108,0.149,0.00,155.00
5242,Runner,0.328,0.519,0.152,0.145,0.144,5.42,271.00
5243,Runner,0.328,0.519,0.152,0.136,0.143,5.48,433.00
5244,Draw,0.328,0.519,0.153,0.143,0.149,18.88,999.00
5245,Runner,0.329,0.519,0.153,0.126,0.133,4.90,384.00
5246,Pursuer,0.328,0.519,0.152,0.150,0.112,0.00,115.00
5247,Pursuer,0.328,0.519,0.152,0.156,0.147,0.00,304.00
5248,Pursuer,0.328,0.519,0.152,0.146,0.142,0.00,508.00
5249,Pursuer,0.328,0.519,0.152,0.142,0.136,0.00,126.00
5250,Runner,0.328,0.519,0.152,0.125,0.153,2.24,182.00
5251,Runner,0.329,0.519,0.152,0.149,0.145,3.36,451.00
5252,Draw,0.328,0.519,0.153,0.143,0.146,16.84,999.00
5253,Runner,0.329,0.519,0.152,0.129,0.123,0.00,188.00
5254,Pursuer,0.329,0.519,0.152,0.148,0.129,0.00,397.00
5255,Pursuer,0.328,0.519,0.152,0.170,0.136,0.00,306.00
5256,Pursuer,0.328,0.519,0.152,0.135,0.111,0.00,93.00
5257,Pursuer,0.328,0.519,0.152,0.171,0.151,0.00,322.00
5258,Runner,0.328,0.519,0.152,0.131,0.130,6.14,506.00
5259,Pursuer,0.328,0.519,0.152,0.120,0.136,0.00,390.00
5260,Pursuer,0.328,0.519,0.152,0.145,0.159,0.00,322.00
5261,Runner,0.328,0.519,0.152,0.140,0.143,0.00,287.00
5262,Draw,0.328,0.519,0.152,0.149,0.143,15.08,999.00
5263,Runner,0.329,0.519,0.152,0.129,0.144,0.60,417.00
5264,Runner,0.329,0.519,0.152,0.124,0.155,0.00,459.00
5265,Pursuer,0.329,0.519,0.152,0.137,0.124,0.00,117.00
5266,Pursuer,0.329,0.519,0.152,0.138,0.170,0.00,141.00
5267,Runner,0.329,0.519,0.152,0.119,0.130,3.96,496.00
5268,Pursuer,0.329,0.519,0.152,0.135,0.137,0.00,284.00
5269,Pursuer,0.329,0.519,0.152,0.173,0.181,0.00,66.00
5270,Runner,0.329,0.519,0.152,0.149,0.148,1.92,229.00
5271,Draw,0.329,0.519,0.152,0.110,0.132,15.12,999.00
5272,Pursuer,0.329,0.519,0.152,0.161,0.129,0.00,446.00
5273,Pursuer,0.328,0.519,0.152,0.131,0.140,0.00,114.00
5274,Runner,0.329,0.519,0.152,0.125,0.145,3.50,342.00
5275,Pursuer,0.329,0.519,0.152,0.140,0.163,0.00,387.00
5276,Runner,0.329,0.519,0.152,0.148,0.132,0.36,221.00
5277,Runner,0.329,0.519,0.152,0.157,0.150,0.00,305.00
5278,Runner,0.329,0.519,0.152,0.133,0.142,2.84,592.00
5279,Runner,0.329,0.519,0.152,0.129,0.151,4.64,283.00
5280,Runner,0.329,0.519,0.152,0.164,0.159,0.00,275.00
5281,Pursuer,0.329,0.519,0.152,0.069,0.247,0.00,5.00
5282,Runner,0.329,0.519,0.152,0.153,0.133,0.00,182.00
5283,Runner,0.329,0.519,0.152,0.132,0.136,2.02,172.00
5284,Pursuer,0.329,0.519,0.152,0.138,0.138,0.00,318.00
5285,Pursuer,0.329,0.519,0.152,0.132,0.138,0.00,431.00
5286,Pursuer,0.329,0.519,0.152,0.141,0.154,0.00,369.00
5287,Pursuer,0.329,0.519,0.152,0.120,0.131,0.00,168.00
5288,Pursuer,0.329,0.519,0.152,0.124,0.117,0.00,94.00
5289,Runner,0.329,0.519,0.152,0.250,0.095,0.00,52.00
5290,Pursuer,0.329,0.519,0.152,0.143,0.140,0.00,469.00
5291,Pursuer,0.329,0.519,0.152,0.326,0.134,0.00,14.00
5292,Runner,0.329,0.519,0.152,0.179,0.138,4.90,333.00
5293,Runner,0.329,0.519,0.152,0.169,0.128,0.00,167.00
5294,Pursuer,0.329,0.519,0.152,0.148,0.134,0.00,190.00
5295,Pursuer,0.329,0.519,0.152,0.139,0.124,0.00,301.00
5296,Runner,0.329,0.519,0.152,0.163,0.145,0.60,220.00
5297,Pursuer,0.329,0.519,0.152,0.128,0.145,0.00,67.00
5298,Pursuer,0.329,0.519,0.152,0.147,0.155,0.00,321.00
5299,Pursuer,0.329,0.519,0.152,0.150,0.118,0.00,225.00
5300,Runner,0.329,0.519,0.152,0.135,0.150,2.58,245.00
5301,Pursuer,0.329,0.519,0.151,0.157,0.172,0.00,4.00
5302,Pursuer,0.329,0.519,0.151,0.186,0.127,0.00,72.00
5303,Pursuer,0.329,0.520,0.151,0.162,0.132,0.00,258.00
5304,Pursuer,0.329,0.520,0.151,0.162,0.103,0.00,79.00
5305,Runner,0.329,0.520,0.151,0.140,0.131,0.70,211.00
5306,Runner,0.329,0.519,0.151,0.150,0.160,3.18,159.00
5307,Pursuer,0.329,0.520,0.151,0.147,0.162,0.00,108.00
5308,Pursuer,0.329,0.520,0.151,0.122,0.127,0.00,465.00
5309,Pursuer,0.329,0.520,0.151,0.148,0.162,0.00,235.00
5310,Pursuer,0.329,0.520,0.151,0.149,0.127,0.00,191.00
5311,Pursuer,0.329,0.520,0.151,0.128,0.133,0.00,299.00
5312,Runner,0.329,0.520,0.151,0.131,0.115,0.00,93.00
5313,Runner,0.329,0.520,0.151,0.122,0.137,0.00,106.00
5314,Pursuer,0.329,0.520,0.151,0.000,0.000,0.00,1.00
5315,Runner,0.329,0.520,0.151,0.130,0.150,4.22,307.00
5316,Pursuer,0.329,0.520,0.151,0.171,0.141,0.00,170.00
5317,Runner,0.329,0.520,0.151,0.125,0.141,3.24,257.00
5318,Runner,0.329,0.520,0.151,0.140,0.141,4.90,400.00
5319,Pursuer,0.329,0.520,0.151,0.164,0.133,0.00,188.00
5320,Pursuer,0.329,0.520,0.151,0.148,0.129,0.00,621.00
5321,Pursuer,0.329,0.520,0.151,0.129,0.102,0.00,85.00
5322,Runner,0.329,0.520,0.151,0.139,0.147,11.00,631.00
5323,Runner,0.330,0.520,0.151,0.128,0.108,0.00,138.00
5324,Runner,0.330,0.520,0.151,0.133,0.131,3.46,338.00
5325,Runner,0.330,0.519,0.151,0.120,0.101,0.00,102.00
5326,Draw,0.330,0.519,0.151,0.141,0.152,16.74,999.00
5327,Runner,0.330,0.519,0.151,0.144,0.143,0.76,185.00
5328,Pursuer,0.330,0.519,0.151,0.138,0.129,0.00,132.00
5329,Pursuer,0.330,0.519,0.151,0.157,0.172,0.00,186.00
5330,Pursuer,0.330,0.520,0.151,0.161,0.152,0.00,173.00
5331,Runner,0.330,0.519,0.151,0.088,0.132,0.00,23.00
5332,Pursuer,0.330,0.520,0.151,0.147,0.140,0.00,400.00
5333,Runner,0.330,0.519,0.151,0.146,0.137,0.00,132.00
5334,Runner,0.330,0.519,0.151,0.127,0.126,0.80,91.00
5335,Runner,0.330,0.519,0.151,0.145,0.144,3.00,232.00
5336,Pursuer,0.330,0.519,0.151,0.164,0.139,0.00,276.00
5337,Pursuer,0.330,0.519,0.151,0.166,0.128,0.00,57.00
5338,Pursuer,0.330,0.519,0.151,0.161,0.148,0.00,403.00
5339,Pursuer,0.330,0.520,0.151,0.153,0.151,0.00,340.00
5340,Pursuer,0.330,0.520,0.151,0.050,0.199,0.00,2.00
5341,Pursuer,0.330,0.520,0.151,0.154,0.147,0.00,259.00
5342,Runner,0.330,0.520,0.151,0.115,0.149,4.96,380.00
5343,Pursuer,0.330,0.520,0.150,0.178,0.130,0.00,132.00
5344,Pursuer,0.330,0.520,0.150,0.151,0.127,0.00,249.00
5345,Runner,0.330,0.520,0.150,0.177,0.131,1.32,66.00
5346,Pursuer,0.330,0.520,0.150,0.147,0.081,0.00,23.00
5347,Runner,0.330,0.520,0.150,0.125,0.146,0.00,43.00
5348,Draw,0.330,0.520,0.151,0.143,0.130,1.88,999.00
5349,Runner,0.330,0.520,0.150,0.141,0.157,0.72,175.00
5350,Pursuer,0.330,0.520,0.150,0.158,0.151,0.00,734.00
5351,Pursuer,0.330,0.520,0.150,0.193,0.152,0.00,105.00
5352,Runner,0.330,0.520,0.150,0.139,0.138,0.00,299.00
5353,Runner,0.330,0.520,0.150,0.164,0.099,0.00,256.00
5354,Runner,0.330,0.519,0.150,0.134,0.144,0.00,143.00
5355,Runner,0.330,0.519,0.150,0.110,0.162,0.52,100.00
5356,Pursuer,0.330,0.519,0.150,0.151,0.149,0.00,287.00
5357,Pursuer,0.330,0.520,0.150,0.143,0.150,0.00,75.00
5358,Pursuer,0.330,0.520,0.150,0.150,0.134,0.00,784.00
5359,Pursuer,0.330,0.520,0.150,0.182,0.137,0.00,22.00
5360,Pursuer,0.330,0.520,0.150,0.144,0.154,0.00,180.00
5361,Pursuer,0.330,0.520,0.150,0.158,0.127,0.00,151.00
5362,Pursuer,0.330,0.520,0.150,0.211,0.138,0.00,80.00
5363,Pursuer,0.330,0.520,0.150,0.157,0.149,0.00,257.00
5364,Pursuer,0.330,0.520,0.150,0.136,0.161,0.00,421.00
5365,Runner,0.330,0.520,0.150,0.152,0.165,2.72,197.00
5366,Runner,0.330,0.520,0.150,0.000,0.000,0.00,1.00
5367,Runner,0.330,0.520,0.150,0.155,0.125,0.00,145.00
5368,Runner,0.330,0.520,0.150,0.121,0.137,3.78,371.00
5369,Pursuer,0.330,0.520,0.150,0.081,0.230,0.00,25.00
5370,Runner,0.330,0.520,0.150,0.146,0.140,2.88,302.00
5371,Pursuer,0.330,0.520,0.150,0.152,0.125,0.00,461.00
5372,Pursuer,0.330,0.520,0.150,0.136,0.146,0.00,793.00
5373,Pursuer,0.330,0.520,0.150,0.140,0.150,0.00,632.00
5374,Runner,0.330,0.520,0.150,0.144,0.145,0.88,134.00
5375,Pursuer,0.330,0.520,0.150,0.145,0.155,0.00,47.00
5376,Pursuer,0.330,0.520,0.150,0.138,0.139,0.00,210.00
5377,Pursuer,0.330,0.520,0.150,0.150,0.155,0.00,385.00
5378,Runner,0.330,0.520,0.150,0.126,0.174,0.00,106.00
5379,Pursuer,0.330,0.520,0.150,0.000,0.000,0.00,1.00
5380,Runner,0.330,0.520,0.150,0.119,0.160,5.42,271.00
5381,Runner,0.330,0.520,0.150,0.160,0.125,0.00,249.00
5382,Draw,0.330,0.520,0.150,0.151,0.131,12.64,999.00
5383,Runner,0.330,0.520,0.150,0.160,0.170,3.94,259.00
5384,Runner,0.331,0.520,0.150,0.117,0.123,0.96,177.00
5385,Runner,0.331,0.520,0.150,0.144,0.168,4.56,367.00
5386,Pursuer,0.331,0.520,0.150,0.137,0.128,0.00,364.00
5387,Pursuer,0.331,0.520,0.150,0.154,0.134,0.00,182.00
5388,Runner,0.331,0.520,0.150,0.137,0.123,0.00,177.00
5389,Runner,0.331,0.520,0.150,0.130,0.139,1.96,205.00
5390,Runner,0.331,0.519,0.150,0.156,0.071,0.00,50.00
5391,Pursuer,0.331,0.520,0.150,0.128,0.140,0.00,286.00
5392,Pursuer,0.331,0.520,0.149,0.113,0.131,0.00,382.00
5393,Pursuer,0.331,0.520,0.149,0.141,0.111,0.00,126.00
5394,Pursuer,0.331,0.520,0.149,0.165,0.146,0.00,326.00
5395,Pursuer,0.331,0.520,0.149,0.172,0.138,0.00,84.00
5396,Pursuer,0.331,0.520,0.149,0.143,0.157,0.00,281.00
5397,Runner,0.331,0.520,0.149,0.129,0.119,0.00,172.00
5398,Pursuer,0.331,0.520,0.149,0.173,0.145,0.00,173.00
5399,Pursuer,0.331,0.520,0.149,0.134,0.160,0.00,417.00
5400,Pursuer,0.331,0.520,0.149,0.113,0.154,0.00,217.00
5401,Runner,0.331,0.520,0.149,0.167,0.148,0.00,181.00
5402,Runner,0.331,0.520,0.149,0.163,0.118,0.00,127.00
5403,Draw,0.331,0.520,0.149,0.149,0.149,16.10,999.00
5404,Pursuer,0.331,0.520,0.149,0.132,0.155,0.00,143.00
5405,Runner,0.331,0.520,0.149,0.161,0.166,0.60,103.00
5406,Pursuer,0.331,0.520,0.149,0.159,0.196,0.00,76.00
5407,Runner,0.331,0.520,0.149,0.128,0.160,3.36,347.00
5408,Pursuer,0.331,0.520,0.149,0.154,0.161,0.00,196.00
5409,Pursuer,0.331,0.520,0.149,0.151,0.123,0.00,295.00
5410,Draw,0.331,0.520,0.149,0.129,0.152,18.56,999.00
5411,Runner,0.331,0.520,0.149,0.142,0.155,4.10,379.00
5412,Pursuer,0.331,0.520,0.149,0.158,0.138,0.00,360.00
5413,Pursuer,0.331,0.520,0.149,0.138,0.145,0.00,116.00
5414,Pursuer,0.331,0.520,0.149,0.135,0.115,0.00,300.00
5415,Draw,0.331,0.520,0.149,0.144,0.134,14.46,999.00
5416,Pursuer,0.331,0.520,0.149,0.089,0.166,0.00,317.00
5417,Pursuer,0.330,0.520,0.149,0.115,0.148,0.00,401.00
5418,Pursuer,0.330,0.520,0.149,0.126,0.102,0.00,263.00
5419,Pursuer,0.330,0.520,0.149,0.117,0.156,0.00,126.00
5420,Pursuer,0.330,0.520,0.149,0.143,0.134,0.00,86.00
5421,Pursuer,0.330,0.521,0.149,0.149,0.118,0.00,490.00
5422,Runner,0.330,0.520,0.149,0.134,0.140,2.92,390.00
5423,Runner,0.330,0.520,0.149,0.148,0.133,1.42,221.00
5424,Runner,0.331,0.520,0.149,0.176,0.132,0.00,132.00
5425,Runner,0.331,0.520,0.149,0.126,0.118,0.00,168.00
5426,Runner,0.331,0.520,0.149,0.138,0.127,0.00,266.00
5427,Pursuer,0.331,0.520,0.149,0.153,0.133,0.00,443.00
5428,Pursuer,0.331,0.520,0.149,0.152,0.154,0.00,305.00
5429,Draw,0.331,0.520,0.149,0.145,0.147,19.26,999.00
5430,Pursuer,0.331,0.520,0.149,0.127,0.126,0.00,301.00
5431,Pursuer,0.331,0.520,0.149,0.115,0.112,0.00,132.00
5432,Pursuer,0.330,0.520,0.149,0.193,0.095,0.00,23.00
5433,Runner,0.331,0.520,0.149,0.152,0.142,1.82,230.00
5434,Runner,0.331,0.520,0.149,0.191,0.142,0.22,63.00
5435,Runner,0.331,0.520,0.149,0.133,0.146,5.02,279.00
5436,Draw,0.331,0.520,0.149,0.143,0.118,12.24,999.00
5437,Pursuer,0.331,0.520,0.149,0.187,0.148,0.00,79.00
5438,Pursuer,0.331,0.520,0.149,0.154,0.133,0.00,708.00
5439,Pursuer,0.331,0.520,0.149,0.175,0.152,0.00,226.00
5440,Pursuer,0.331,0.520,0.149,0.139,0.107,0.00,186.00
5441,Runner,0.331,0.520,0.149,0.125,0.131,1.12,113.00
5442,Pursuer,0.331,0.520,0.149,0.120,0.139,0.00,259.00
5443,Runner,0.331,0.520,0.149,0.149,0.132,0.24,295.00
5444,Runner,0.331,0.520,0.149,0.134,0.151,1.14,85.00
5445,Pursuer,0.331,0.520,0.149,0.139,0.114,0.00,303.00
5446,Pursuer,0.331,0.520,0.149,0.124,0.143,0.00,237.00
5447,Runner,0.331,0.520,0.149,0.146,0.160,4.16,278.00
5448,Runner,0.331,0.520,0.149,0.164,0.192,2.40,120.00
5449,Pursuer,0.331,0.520,0.149,0.135,0.146,0.00,369.00
5450,Pursuer,0.331,0.520,0.149,0.148,0.126,0.00,399.00
5451,Pursuer,0.331,0.520,0.149,0.130,0.185,0.00,407.00
5452,Runner,0.331,0.520,0.149,0.156,0.135,0.00,113.00
5453,Pursuer,0.331,0.520,0.149,0.138,0.139,0.00,316.00
5454,Runner,0.331,0.520,0.149,0.142,0.120,0.96,118.00
5455,Pursuer,0.331,0.520,0.149,0.149,0.115,0.00,361.00
5456,Pursuer,0.331,0.521,0.149,0.127,0.154,0.00,381.00
5457,Pursuer,0.331,0.521,0.149,0.135,0.144,0.00,391.00
5458,Runner,0.331,0.521,0.149,0.157,0.087,0.00,123.00
5459,Pursuer,0.331,0.521,0.149,0.127,0.113,0.00,158.00
5460,Pursuer,0.331,0.521,0.149,0.148,0.085,0.00,157.00
5461,Pursuer,0.331,0.521,0.149,0.152,0.146,0.00,521.00
5462,Pursuer,0.331,0.521,0.148,0.151,0.131,0.00,501.00
5463,Pursuer,0.331,0.521,0.148,0.143,0.130,0.00,113.00
5464,Pursuer,0.331,0.521,0.148,0.155,0.157,0.00,172.00
5465,Runner,0.331,0.521,0.148,0.079,0.122,0.48,24.00
5466,Runner,0.331,0.521,0.148,0.137,0.144,1.18,189.00
5467,Pursuer,0.331,0.521,0.148,0.137,0.137,0.00,339.00
5468,Runner,0.331,0.521,0.148,0.136,0.114,0.36,37.00
5469,Pursuer,0.331,0.521,0.148,0.147,0.169,0.00,90.00
5470,Runner,0.331,0.521,0.148,0.134,0.108,0.00,72.00
5471,Pursuer,0.331,0.521,0.148,0.161,0.192,0.00,136.00
5472,Pursuer,0.331,0.521,0.148,0.126,0.112,0.00,114.00
5473,Pursuer,0.331,0.521,0.148,0.132,0.134,0.00,344.00
5474,Draw,0.331,0.521,0.148,0.143,0.140,7.36,999.00
5475,Runner,0.331,0.521,0.148,0.128,0.122,0.00,378.00
5476,Pursuer,0.331,0.521,0.148,0.152,0.133,0.00,146.00
5477,Pursuer,0.331,0.521,0.148,0.145,0.157,0.00,394.00
5478,Pursuer,0.331,0.521,0.148,0.133,0.130,0.00,281.00
5479,Pursuer,0.331,0.521,0.148,0.148,0.129,0.00,154.00
5480,Pursuer,0.330,0.521,0.148,0.158,0.137,0.00,224.00
5481,Pursuer,0.330,0.521,0.148,0.127,0.141,0.00,280.00
5482,Pursuer,0.330,0.522,0.148,0.123,0.119,0.00,102.00
5483,Runner,0.330,0.521,0.148,0.157,0.149,0.00,203.00
5484,Runner,0.331,0.521,0.148,0.183,0.163,0.64,159.00
5485,Pursuer,0.331,0.521,0.148,0.136,0.137,0.00,178.00
5486,Runner,0.331,0.521,0.148,0.141,0.116,0.52,258.00
5487,Pursuer,0.331,0.521,0.148,0.146,0.126,0.00,416.00
5488,Pursuer,0.331,0.522,0.148,0.134,0.154,0.00,436.00
5489,Pursuer,0.330,0.522,0.148,0.135,0.138,0.00,596.00
5490,Pursuer,0.330,0.522,0.148,0.133,0.139,0.00,196.00
5491,Pursuer,0.330,0.522,0.148,0.142,0.147,0.00,91.00
5492,Draw,0.330,0.522,0.148,0.121,0.138,17.94,999.00
5493,Pursuer,0.330,0.522,0.148,0.142,0.114,0.00,110.00
5494,Runner,0.330,0.522,0.148,0.282,0.286,0.00,5.00
5495,Runner,0.330,0.522,0.148,0.135,0.135,0.00,123.00
5496,Pursuer,0.330,0.522,0.148,0.158,0.145,0.00,517.00
5497,Pursuer,0.330,0.522,0.148,0.151,0.135,0.00,230.00
5498,Pursuer,0.330,0.522,0.148,0.156,0.119,0.00,287.00
5499,Pursuer,0.330,0.522,0.148,0.158,0.165,0.00,241.00
5500,Runner,0.330,0.522,0.148,0.132,0.133,1.62,371.00
5501,Pursuer,0.330,0.522,0.148,0.000,0.000,0.00,1.00
5502,Pursuer,0.330,0.522,0.148,0.134,0.162,0.00,198.00
5503,Runner,0.330,0.522,0.148,0.156,0.128,0.00,240.00
5504,Runner,0.330,0.522,0.148,0.133,0.124,0.00,303.00
5505,Pursuer,0.330,0.522,0.148,0.172,0.129,0.00,56.00
5506,Pursuer,0.330,0.522,0.148,0.149,0.133,0.00,434.00
5507,Runner,0.330,0.522,0.148,0.164,0.114,1.50,112.00
5508,Pursuer,0.330,0.522,0.148,0.142,0.146,0.00,118.00
5509,Pursuer,0.330,0.522,0.148,0.122,0.132,0.00,301.00
5510,Pursuer,0.330,0.522,0.148,0.139,0.143,0.00,302.00
5511,Runner,0.330,0.522,0.148,0.109,0.129,1.74,87.00
5512,Pursuer,0.330,0.522,0.147,0.181,0.183,0.00,15.00
5513,Pursuer,0.330,0.522,0.147,0.169,0.154,0.00,494.00
5514,Draw,0.330,0.522,0.148,0.136,0.118,0.00,999.00
5515,Runner,0.330,0.522,0.148,0.124,0.104,0.00,378.00
5516,Runner,0.330,0.522,0.148,0.140,0.157,0.00,138.00
5517,Pursuer,0.330,0.522,0.148,0.137,0.136,0.00,323.00
5518,Pursuer,0.330,0.522,0.148,0.142,0.154,0.00,167.00
5519,Pursuer,0.330,0.522,0.147,0.156,0.127,0.00,189.00
5520,Runner,0.330,0.522,0.147,0.139,0.140,3.56,329.00
5521,Runner,0.331,0.522,0.147,0.142,0.165,4.98,249.00
5522,Runner,0.331,0.522,0.147,0.139,0.148,5.00,287.00
5523,Runner,0.331,0.522,0.147,0.128,0.112,0.00,38.00
5524,Pursuer,0.331,0.522,0.147,0.146,0.149,0.00,372.00
5525,Runner,0.331,0.522,0.147,0.185,0.209,0.00,57.00
5526,Pursuer,0.331,0.522,0.147,0.144,0.135,0.00,43.00
5527,Pursuer,0.331,0.522,0.147,0.147,0.096,0.00,116.00
5528,Pursuer,0.331,0.522,0.147,0.127,0.149,0.00,398.00
5529,Runner,0.331,0.522,0.147,0.126,0.150,3.82,191.00
5530,Runner,0.331,0.522,0.147,0.125,0.151,4.88,301.00
5531,Pursuer,0.331,0.522,0.147,0.142,0.154,0.00,99.00
5532,Pursuer,0.331,0.522,0.147,0.139,0.168,0.00,360.00
5533,Pursuer,0.331,0.522,0.147,0.137,0.161,0.00,239.00
5534,Pursuer,0.331,0.522,0.147,0.154,0.158,0.00,136.00
5535,Runner,0.331,0.522,0.147,0.161,0.140,0.00,155.00
5536,Pursuer,0.331,0.522,0.147,0.152,0.139,0.00,731.00
5537,Pursuer,0.331,0.522,0.147,0.000,0.000,0.00,1.00
5538,Runner,0.331,0.522,0.147,0.000,0.000,0.00,1.00
5539,Runner,0.331,0.522,0.147,0.163,0.179,0.24,63.00
5540,Draw,0.331,0.522,0.147,0.137,0.145,19.98,999.00
5541,Draw,0.331,0.522,0.147,0.143,0.144,19.08,999.00
5542,Pursuer,0.331,0.522,0.147,0.148,0.155,0.00,706.00
5543,Runner,0.331,0.522,0.147,0.000,0.000,0.00,1.00
5544,Pursuer,0.331,0.522,0.147,0.136,0.147,0.00,346.00
5545,Runner,0.331,0.522,0.147,0.142,0.143,5.92,427.00
5546,Runner,0.331,0.522,0.147,0.118,0.122,3.44,339.00
5547,Runner,0.331,0.522,0.147,0.096,0.073,0.00,58.00
5548,Runner,0.331,0.522,0.147,0.156,0.155,4.48,225.00
5549,Pursuer,0.331,0.522,0.147,0.185,0.149,0.00,158.00
5550,Runner,0.331,0.522,0.147,0.120,0.117,2.44,232.00
5551,Runner,0.331,0.522,0.147,0.113,0.124,3.02,529.00
5552,Pursuer,0.331,0.522,0.147,0.133,0.143,0.00,241.00
5553,Pursuer,0.331,0.522,0.147,0.150,0.157,0.00,87.00
5554,Runner,0.331,0.522,0.147,0.134,0.119,3.34,208.00
5555,Pursuer,0.331,0.522,0.147,0.291,0.218,0.00,8.00
5556,Pursuer,0.331,0.522,0.147,0.202,0.188,0.00,40.00
5557,Pursuer,0.331,0.522,0.147,0.135,0.139,0.00,320.00
5558,Runner,0.331,0.522,0.147,0.145,0.145,3.32,330.00
5559,Pursuer,0.331,0.522,0.147,0.089,0.169,0.00,10.00
5560,Pursuer,0.331,0.522,0.147,0.151,0.151,0.00,291.00
5561,Runner,0.331,0.522,0.147,0.135,0.148,1.14,318.00
5562,Runner,0.332,0.522,0.147,0.152,0.147,0.00,262.00
5563,Pursuer,0.331,0.522,0.147,0.286,0.277,0.00,3.00
5564,Runner,0.332,0.522,0.147,0.154,0.141,0.00,238.00
5565,Runner,0.332,0.522,0.147,0.086,0.090,0.02,8.00
5566,Pursuer,0.332,0.522,0.147,0.110,0.271,0.00,8.00
5567,Runner,0.332,0.522,0.147,0.139,0.154,0.18,9.00
5568,Pursuer,0.332,0.522,0.147,0.132,0.129,0.00,252.00
5569,Runner,0.332,0.522,0.147,0.139,0.155,2.90,272.00
5570,Runner,0.332,0.522,0.146,0.141,0.162,17.60,900.00
5571,Pursuer,0.332,0.522,0.146,0.134,0.136,0.00,252.00
5572,Runner,0.332,0.522,0.146,0.140,0.116,1.16,295.00
5573,Runner,0.332,0.521,0.146,0.139,0.139,2.52,154.00
5574,Pursuer,0.332,0.522,0.146,0.000,0.000,0.00,0.00
5575,Draw,0.332,0.521,0.147,0.139,0.153,18.36,999.00
5576,Pursuer,0.332,0.522,0.147,0.137,0.094,0.00,10.00
5577,Runner,0.332,0.521,0.146,0.140,0.160,5.30,265.00
5578,Runner,0.332,0.521,0.146,0.127,0.158,8.66,583.00
5579,Pursuer,0.332,0.521,0.146,0.000,0.000,0.00,1.00
5580,Pursuer,0.332,0.522,0.146,0.189,0.041,0.00,16.00
5581,Pursuer,0.332,0.522,0.146,0.156,0.133,0.00,130.00
5582,Runner,0.332,0.521,0.146,0.141,0.155,8.42,498.00
5583,Pursuer,0.332,0.522,0.146,0.122,0.114,0.00,762.00
5584,Pursuer,0.332,0.522,0.146,0.145,0.138,0.00,86.00
5585,Pursuer,0.332,0.522,0.146,0.154,0.122,0.00,182.00
5586,Runner,0.332,0.522,0.146,0.125,0.144,0.00,296.00
5587,Pursuer,0.332,0.522,0.146,0.130,0.133,0.00,173.00
5588,Pursuer,0.332,0.522,0.146,0.112,0.121,0.00,120.00
5589,Pursuer,0.332,0.522,0.146,0.151,0.148,0.00,282.00
5590,Pursuer,0.332,0.522,0.146,0.157,0.141,0.00,153.00
5591,Draw,0.332,0.522,0.146,0.149,0.152,18.52,999.00
5592,Pursuer,0.332,0.522,0.146,0.139,0.139,0.00,339.00
5593,Pursuer,0.332,0.522,0.146,0.147,0.146,0.00,85.00
5594,Pursuer,0.332,0.522,0.146,0.192,0.119,0.00,11.00
5595,Pursuer,0.332,0.522,0.146,0.165,0.130,0.00,194.00
5596,Pursuer,0.331,0.522,0.146,0.149,0.153,0.00,610.00
5597,Pursuer,0.331,0.522,0.146,0.037,0.030,0.00,7.00
5598,Pursuer,0.331,0.523,0.146,0.132,0.112,0.00,243.00
5599,Pursuer,0.331,0.523,0.146,0.144,0.162,0.00,339.00
5600,Pursuer,0.331,0.523,0.146,0.078,0.094,0.00,7.00
5601,Pursuer,0.331,0.523,0.146,0.137,0.150,0.00,715.00
5602,Pursuer,0.331,0.523,0.146,0.120,0.115,0.00,251.00
5603,Runner,0.331,0.523,0.146,0.146,0.110,0.00,245.00
5604,Runner,0.331,0.523,0.146,0.113,0.170,0.22,68.00
5605,Runner,0.331,0.523,0.146,0.122,0.146,6.08,352.00
5606,Pursuer,0.331,0.523,0.146,0.138,0.104,0.00,57.00
5607,Pursuer,0.331,0.523,0.146,0.166,0.138,0.00,347.00
5608,Pursuer,0.331,0.523,0.146,0.144,0.127,0.00,861.00
5609,Runner,0.331,0.523,0.146,0.116,0.131,7.10,395.00
5610,Runner,0.332,0.523,0.146,0.121,0.149,5.86,406.00
5611,Runner,0.332,0.523,0.146,0.160,0.140,0.00,159.00
5612,Pursuer,0.332,0.523,0.146,0.160,0.139,0.00,168.00
5613,Pursuer,0.332,0.523,0.146,0.175,0.130,0.00,241.00
5614,Pursuer,0.331,0.523,0.146,0.135,0.134,0.00,6.00
5615,Runner,0.332,0.523,0.146,0.165,0.105,0.00,138.00
5616,Runner,0.332,0.523,0.146,0.142,0.160,2.00,405.00
5617,Runner,0.332,0.523,0.146,0.126,0.105,3.98,445.00
5618,Pursuer,0.332,0.523,0.146,0.143,0.141,0.00,430.00
5619,Pursuer,0.332,0.523,0.146,0.137,0.175,0.00,118.00
5620,Pursuer,0.332,0.523,0.146,0.135,0.125,0.00,258.00
5621,Runner,0.332,0.523,0.146,0.146,0.126,0.00,229.00
5622,Runner,0.332,0.523,0.145,0.143,0.129,0.00,102.00
5623,Runner,0.332,0.522,0.145,0.111,0.107,0.00,293.00
5624,Draw,0.332,0.522,0.146,0.113,0.144,17.66,999.00
5625,Draw,0.332,0.522,0.146,0.155,0.144,16.58,999.00
5626,Pursuer,0.332,0.522,0.146,0.151,0.132,0.00,361.00
5627,Pursuer,0.332,0.522,0.146,0.151,0.141,0.00,249.00
5628,Pursuer,0.332,0.523,0.146,0.149,0.155,0.00,99.00
5629,Pursuer,0.332,0.523,0.146,0.176,0.303,0.00,14.00
5630,Runner,0.332,0.523,0.146,0.129,0.137,2.90,319.00
5631,Runner,0.332,0.522,0.146,0.156,0.133,7.22,361.00
5632,Pursuer,0.332,0.523,0.146,0.127,0.114,0.00,211.00
5633,Pursuer,0.332,0.523,0.146,0.155,0.141,0.00,163.00
5634,Pursuer,0.332,0.523,0.146,0.149,0.141,0.00,520.00
5635,Runner,0.332,0.523,0.146,0.169,0.184,1.90,95.00
5636,Pursuer,0.332,0.523,0.145,0.154,0.124,0.00,96.00
5637,Runner,0.332,0.523,0.145,0.151,0.176,1.18,181.00
5638,Draw,0.332,0.523,0.146,0.157,0.141,17.36,999.00
5639,Runner,0.332,0.522,0.146,0.092,0.272,0.00,5.00
5640,Pursuer,0.332,0.523,0.146,0.597,1.090,0.00,1.00
5641,Draw,0.332,0.522,0.146,0.155,0.122,17.14,999.00
5642,Runner,0.332,0.522,0.146,0.141,0.154,4.52,316.00
5643,Pursuer,0.332,0.522,0.146,0.132,0.139,0.00,358.00
5644,Draw,0.332,0.522,0.146,0.146,0.142,14.52,999.00
5645,Draw,0.332,0.522,0.146,0.129,0.134,18.68,999.00
5646,Pursuer,0.332,0.522,0.146,0.164,0.088,0.00,70.00
5647,Pursuer,0.332,0.522,0.146,0.136,0.140,0.00,456.00
5648,Runner,0.332,0.522,0.146,0.166,0.153,2.50,252.00
5649,Pursuer,0.332,0.522,0.146,0.128,0.146,0.00,172.00
5650,Pursuer,0.332,0.522,0.146,0.160,0.134,0.00,776.00
5651,Draw,0.332,0.522,0.146,0.150,0.126,13.30,999.00
5652,Runner,0.332,0.522,0.146,0.179,0.136,0.00,113.00
5653,Pursuer,0.332,0.522,0.146,0.143,0.160,0.00,169.00
5654,Pursuer,0.332,0.522,0.146,0.134,0.120,0.00,78.00
5655,Draw,0.332,0.522,0.146,0.151,0.156,19.98,999.00
5656,Pursuer,0.332,0.522,0.146,0.167,0.142,0.00,345.00
5657,Pursuer,0.331,0.523,0.146,0.179,0.135,0.00,247.00
5658,Pursuer,0.331,0.523,0.146,0.131,0.140,0.00,332.00
5659,Pursuer,0.331,0.523,0.146,0.134,0.130,0.00,249.00
5660,Pursuer,0.331,0.523,0.146,0.389,0.646,0.00,2.00
5661,Pursuer,0.331,0.523,0.146,0.135,0.144,0.00,455.00
5662,Pursuer,0.331,0.523,0.146,0.160,0.148,0.00,58.00
5663,Pursuer,0.331,0.523,0.146,0.150,0.137,0.00,584.00
5664,Pursuer,0.331,0.523,0.146,0.134,0.110,0.00,617.00
5665,Runner,0.331,0.523,0.146,0.141,0.127,2.26,294.00
5666,Pursuer,0.331,0.523,0.146,0.108,0.137,0.00,303.00
5667,Runner,0.331,0.523,0.146,0.102,0.160,0.00,20.00
5668,Pursuer,0.331,0.523,0.146,0.119,0.094,0.00,96.00
5669,Runner,0.331,0.523,0.146,0.149,0.133,0.44,291.00
5670,Pursuer,0.331,0.523,0.146,0.101,0.150,0.00,329.00
5671,Runner,0.331,0.523,0.146,0.253,0.181,0.00,22.00
5672,Pursuer,0.331,0.523,0.146,0.172,0.150,0.00,146.00
5673,Pursuer,0.331,0.523,0.146,0.090,0.167,0.00,236.00
5674,Runner,0.331,0.523,0.146,0.144,0.115,2.46,283.00
5675,Pursuer,0.331,0.523,0.146,0.000,0.000,0.00,1.00
5676,Runner,0.331,0.523,0.146,0.147,0.132,1.96,474.00
5677,Runner,0.332,0.523,0.145,0.127,0.112,0.00,65.00
5678,Pursuer,0.331,0.523,0.145,0.133,0.146,0.00,113.00
5679,Pursuer,0.331,0.523,0.145,0.184,0.135,0.00,224.00
5680,Runner,0.332,0.523,0.145,0.107,0.146,0.70,218.00
5681,Pursuer,0.331,0.523,0.145,0.143,0.157,0.00,152.00
5682,Runner,0.332,0.523,0.145,0.153,0.149,3.72,213.00
5683,Pursuer,0.332,0.523,0.145,0.147,0.128,0.00,134.00
5684,Pursuer,0.331,0.523,0.145,0.144,0.136,0.00,197.00
5685,Runner,0.332,0.523,0.145,0.146,0.164,0.78,226.00
5686,Pursuer,0.332,0.523,0.145,0.162,0.151,0.00,88.00
5687,Runner,0.332,0.523,0.145,0.106,0.169,0.84,42.00
5688,Runner,0.332,0.523,0.145,0.146,0.136,2.66,280.00
5689,Pursuer,0.332,0.523,0.145,0.129,0.120,0.00,371.00
5690,Runner,0.332,0.523,0.145,0.111,0.154,5.08,254.00
5691,Runner,0.332,0.523,0.145,0.174,0.134,5.10,261.00
5692,Pursuer,0.332,0.523,0.145,0.144,0.123,0.00,191.00
5693,Draw,0.332,0.523,0.145,0.147,0.144,17.78,999.00
5694,Pursuer,0.332,0.523,0.145,0.132,0.135,0.00,324.00
5695,Pursuer,0.332,0.523,0.145,0.209,0.277,0.00,7.00
5696,Runner,0.332,0.523,0.145,0.170,0.168,0.00,105.00
5697,Pursuer,0.332,0.523,0.145,0.166,0.141,0.00,205.00
5698,Runner,0.332,0.523,0.145,0.147,0.129,0.74,220.00
5699,Pursuer,0.332,0.523,0.145,0.169,0.135,0.00,324.00
5700,Runner,0.332,0.523,0.145,0.117,0.132,5.16,338.00
5701,Runner,0.332,0.523,0.145,0.128,0.159,3.66,183.00
5702,Runner,0.332,0.523,0.145,0.170,0.140,3.88,194.00
5703,Pursuer,0.332,0.523,0.145,0.151,0.134,0.00,201.00
5704,Pursuer,0.332,0.523,0.145,0.151,0.126,0.00,353.00
5705,Runner,0.332,0.523,0.145,0.145,0.151,1.56,302.00
5706,Pursuer,0.332,0.523,0.145,0.131,0.155,0.00,77.00
5707,Pursuer,0.332,0.523,0.145,0.144,0.150,0.00,751.00
5708,Draw,0.332,0.523,0.145,0.142,0.156,19.04,999.00
5709,Runner,0.332,0.523,0.145,0.169,0.166,4.00,200.00
5710,Runner,0.332,0.523,0.145,0.147,0.131,1.46,204.00
5711,Pursuer,0.332,0.523,0.145,0.117,0.154,0.00,130.00
5712,Draw,0.332,0.523,0.145,0.148,0.140,17.74,999.00
5713,Draw,0.332,0.523,0.145,0.149,0.143,0.00,999.00
5714,Runner,0.332,0.523,0.145,0.058,0.116,0.00,5.00
5715,Pursuer,0.332,0.523,0.145,0.109,0.138,0.00,15.00
5716,Pursuer,0.332,0.523,0.145,0.137,0.149,0.00,286.00
5717,Pursuer,0.332,0.523,0.145,0.126,0.125,0.00,77.00
5718,Pursuer,0.332,0.523,0.145,0.136,0.143,0.00,357.00
5719,Runner,0.332,0.523,0.145,0.147,0.144,2.22,371.00
5720,Runner,0.332,0.523,0.145,0.138,0.164,4.86,293.00
5721,Pursuer,0.332,0.523,0.145,0.147,0.147,0.00,808.00
5722,Pursuer,0.332,0.523,0.145,0.099,0.199,0.00,23.00
5723,Pursuer,0.332,0.523,0.145,0.116,0.145,0.00,184.00
5724,Pursuer,0.332,0.523,0.145,0.129,0.139,0.00,190.00
5725,Runner,0.332,0.523,0.145,0.126,0.114,0.00,273.00
5726,Runner,0.332,0.523,0.145,0.153,0.145,1.82,243.00
5727,Pursuer,0.332,0.523,0.145,0.115,0.158,0.00,280.00
5728,Pursuer,0.332,0.523,0.145,0.138,0.132,0.00,943.00
5729,Pursuer,0.332,0.523,0.145,0.153,0.146,0.00,112.00
5730,Pursuer,0.332,0.523,0.145,0.139,0.116,0.00,75.00
5731,Runner,0.332,0.523,0.145,0.147,0.102,0.00,315.00
5732,Pursuer,0.332,0.523,0.145,0.179,0.129,0.00,63.00
5733,Pursuer,0.332,0.523,0.145,0.248,0.194,0.00,13.00
5734,Runner,0.332,0.523,0.145,0.136,0.147,4.50,241.00
5735,Runner,0.332,0.523,0.145,0.128,0.115,1.54,127.00
5736,Pursuer,0.332,0.523,0.145,0.128,0.126,0.00,115.00
5737,Pursuer,0.332,0.523,0.145,0.134,0.159,0.00,229.00
5738,Pursuer,0.332,0.523,0.145,0.149,0.128,0.00,220.00
5739,Pursuer,0.332,0.523,0.145,0.140,0.124,0.00,56.00
5740,Pursuer,0.332,0.524,0.145,0.148,0.147,0.00,397.00
5741,Pursuer,0.332,0.524,0.145,0.136,0.099,0.00,167.00
5742,Runner,0.332,0.524,0.145,0.136,0.126,3.54,177.00
5743,Runner,0.332,0.523,0.145,0.118,0.135,2.46,123.00
5744,Runner,0.332,0.523,0.144,0.113,0.091,0.00,285.00
5745,Pursuer,0.332,0.523,0.144,0.112,0.160,0.00,355.00
5746,Runner,0.332,0.523,0.144,0.152,0.143,0.36,226.00
5747,Runner,0.332,0.523,0.144,0.140,0.142,4.26,331.00
5748,Pursuer,0.332,0.523,0.144,0.135,0.159,0.00,218.00
5749,Runner,0.332,0.523,0.144,0.132,0.143,3.24,735.00
5750,Pursuer,0.332,0.523,0.144,0.229,0.559,0.00,1.00
5751,Runner,0.332,0.523,0.144,0.000,0.000,0.02,1.00
5752,Runner,0.333,0.523,0.144,0.051,0.272,0.00,4.00
5753,Runner,0.333,0.523,0.144,0.134,0.166,2.74,153.00
5754,Runner,0.333,0.523,0.144,0.125,0.134,3.08,447.00
5755,Pursuer,0.333,0.523,0.144,0.313,1.558,0.00,1.00
5756,Pursuer,0.333,0.523,0.144,0.102,0.178,0.00,94.00
5757,Pursuer,0.333,0.523,0.144,0.095,0.092,0.00,10.00
5758,Pursuer,0.333,0.523,0.144,0.130,0.143,0.00,594.00
5759,Pursuer,0.333,0.523,0.144,0.150,0.157,0.00,106.00
5760,Pursuer,0.332,0.523,0.144,0.114,0.100,0.00,386.00
5761,Runner,0.333,0.523,0.144,0.136,0.159,3.30,224.00
5762,Runner,0.333,0.523,0.144,0.147,0.139,2.22,266.00
5763,Pursuer,0.333,0.523,0.144,0.148,0.140,0.00,153.00
5764,Pursuer,0.333,0.523,0.144,0.144,0.146,0.00,209.00
5765,Runner,0.333,0.523,0.144,0.133,0.148,5.60,319.00
5766,Pursuer,0.333,0.523,0.144,0.137,0.136,0.00,170.00
5767,Runner,0.333,0.523,0.144,0.143,0.133,5.16,259.00
5768,Pursuer,0.333,0.523,0.144,0.153,0.107,0.00,187.00
5769,Pursuer,0.333,0.523,0.144,0.125,0.084,0.00,158.00
5770,Pursuer,0.333,0.524,0.144,0.129,0.137,0.00,216.00
5771,Pursuer,0.333,0.524,0.144,0.137,0.134,0.00,93.00
5772,Pursuer,0.332,0.524,0.144,0.141,0.110,0.00,72.00
5773,Pursuer,0.332,0.524,0.144,0.169,0.136,0.00,121.00
5774,Pursuer,0.332,0.524,0.144,0.183,0.134,0.00,91.00
5775,Runner,0.332,0.524,0.144,0.159,0.101,0.00,280.00
5776,Runner,0.333,0.524,0.144,0.133,0.128,2.92,216.00
5777,Pursuer,0.333,0.524,0.144,0.127,0.071,0.00,54.00
5778,Pursuer,0.332,0.524,0.144,0.148,0.151,0.00,818.00
5779,Pursuer,0.332,0.524,0.144,0.157,0.116,0.00,46.00
5780,Runner,0.333,0.524,0.144,0.151,0.140,1.88,192.00
5781,Pursuer,0.332,0.524,0.144,0.134,0.157,0.00,465.00
5782,Pursuer,0.332,0.524,0.144,0.139,0.154,0.00,153.00
5783,Runner,0.333,0.524,0.144,0.117,0.145,6.46,459.00
5784,Runner,0.333,0.524,0.143,0.148,0.120,0.00,24.00
5785,Runner,0.333,0.524,0.143,0.114,0.139,0.92,58.00
5786,Runner,0.333,0.524,0.143,0.128,0.139,3.34,188.00
5787,Pursuer,0.333,0.524,0.143,0.140,0.144,0.00,169.00
5788,Pursuer,0.333,0.524,0.143,0.138,0.119,0.00,144.00
5789,Draw,0.333,0.524,0.144,0.130,0.156,16.78,999.00
5790,Pursuer,0.333,0.524,0.144,0.144,0.130,0.00,87.00
5791,Runner,0.333,0.524,0.143,0.192,0.156,0.28,67.00
5792,Runner,0.333,0.524,0.143,0.141,0.146,4.74,237.00
5793,Runner,0.333,0.524,0.143,0.164,0.141,3.72,186.00
5794,Pursuer,0.333,0.524,0.143,0.000,0.000,0.00,1.00
5795,Pursuer,0.333,0.524,0.143,0.107,0.101,0.00,99.00
5796,Runner,0.333,0.524,0.143,0.155,0.095,0.56,28.00
5797,Pursuer,0.333,0.524,0.143,0.100,0.148,0.00,41.00
5798,Runner,0.333,0.524,0.143,0.152,0.147,5.92,323.00
5799,Pursuer,0.333,0.524,0.143,0.142,0.139,0.00,193.00
5800,Runner,0.333,0.524,0.143,0.159,0.140,1.76,264.00
5801,Pursuer,0.333,0.524,0.143,0.145,0.123,0.00,157.00
5802,Runner,0.333,0.524,0.143,0.138,0.137,0.44,42.00
5803,Pursuer,0.333,0.524,0.143,0.145,0.112,0.00,406.00
5804,Pursuer,0.333,0.524,0.143,0.131,0.127,0.00,206.00
5805,Runner,0.333,0.524,0.143,0.152,0.145,0.00,245.00
5806,Pursuer,0.333,0.524,0.143,0.138,0.134,0.00,537.00
5807,Pursuer,0.333,0.524,0.143,0.155,0.155,0.00,288.00
5808,Pursuer,0.333,0.524,0.143,0.000,0.000,0.00,2.00
5809,Pursuer,0.333,0.524,0.143,0.147,0.134,0.00,304.00
5810,Runner,0.333,0.524,0.143,0.128,0.117,0.00,259.00
5811,Pursuer,0.333,0.524,0.143,0.127,0.138,0.00,307.00
5812,Pursuer,0.333,0.524,0.143,0.132,0.101,0.00,222.00
5813,Runner,0.333,0.524,0.143,0.194,0.522,0.00,3.00
5814,Pursuer,0.333,0.524,0.143,0.180,0.179,0.00,8.00
5815,Pursuer,0.333,0.524,0.143,0.158,0.150,0.00,15.00
5816,Pursuer,0.333,0.524,0.143,0.141,0.110,0.00,55.00
5817,Pursuer,0.333,0.524,0.143,0.147,0.154,0.00,48.00
5818,Runner,0.333,0.524,0.143,0.000,0.000,0.00,1.00
5819,Pursuer,0.333,0.524,0.143,0.125,0.145,0.00,384.00
5820,Pursuer,0.333,0.524,0.143,0.139,0.130,0.00,169.00
5821,Pursuer,0.333,0.524,0.143,0.145,0.151,0.00,248.00
5822,Pursuer,0.333,0.525,0.143,0.058,0.173,0.00,9.00
5823,Pursuer,0.333,0.525,0.143,0.153,0.148,0.00,124.00
5824,Runner,0.333,0.525,0.143,0.128,0.130,0.00,184.00
5825,Pursuer,0.333,0.525,0.143,0.146,0.143,0.00,224.00
5826,Pursuer,0.333,0.525,0.143,0.148,0.133,0.00,243.00
5827,Pursuer,0.333,0.525,0.143,0.131,0.121,0.00,169.00
5828,Runner,0.333,0.525,0.143,0.137,0.147,1.54,169.00
5829,Pursuer,0.333,0.525,0.143,0.168,0.142,0.00,119.00
5830,Runner,0.333,0.525,0.143,0.159,0.141,3.02,249.00
5831,Pursuer,0.333,0.525,0.143,0.133,0.135,0.00,469.00
5832,Pursuer,0.333,0.525,0.142,0.130,0.149,0.00,128.00
5833,Pursuer,0.333,0.525,0.142,0.147,0.149,0.00,301.00
5834,Runner,0.333,0.525,0.142,0.142,0.142,0.36,113.00
5835,Runner,0.333,0.525,0.142,0.118,0.168,2.00,197.00
5836,Runner,0.333,0.525,0.142,0.139,0.141,0.00,157.00
5837,Pursuer,0.333,0.525,0.142,0.153,0.130,0.00,383.00
5838,Pursuer,0.333,0.525,0.142,0.106,0.148,0.00,594.00
5839,Pursuer,0.333,0.525,0.142,0.115,0.066,0.00,13.00
5840,Runner,0.333,0.525,0.142,0.142,0.155,7.42,371.00
5841,Runner,0.333,0.525,0.142,0.138,0.116,1.86,93.00
5842,Pursuer,0.333,0.525,0.142,0.133,0.171,0.00,78.00
5843,Pursuer,0.333,0.525,0.142,0.163,0.127,0.00,250.00
5844,Pursuer,0.333,0.525,0.142,0.093,0.185,0.00,11.00
5845,Pursuer,0.333,0.525,0.142,0.124,0.110,0.00,318.00
5846,Runner,0.333,0.525,0.142,0.147,0.175,2.08,284.00
5847,Pursuer,0.333,0.525,0.142,0.000,0.000,0.00,1.00
5848,Pursuer,0.333,0.525,0.142,0.163,0.131,0.00,297.00
5849,Runner,0.333,0.525,0.142,0.142,0.147,1.24,240.00
5850,Runner,0.333,0.525,0.142,0.240,0.382,0.00,3.00
5851,Draw,0.333,0.525,0.142,0.156,0.148,18.26,999.00
5852,Runner,0.333,0.525,0.142,0.143,0.145,2.08,248.00
5853,Pursuer,0.333,0.525,0.142,0.153,0.119,0.00,460.00
5854,Runner,0.333,0.525,0.142,0.138,0.140,1.72,302.00
5855,Draw,0.333,0.525,0.142,0.145,0.150,15.90,999.00
5856,Pursuer,0.333,0.525,0.142,0.128,0.134,0.00,640.00
5857,Runner,0.333,0.525,0.142,0.151,0.132,3.88,275.00
5858,Pursuer,0.333,0.525,0.142,0.123,0.144,0.00,332.00
5859,Pursuer,0.333,0.525,0.142,0.120,0.114,0.00,105.00
5860,Pursuer,0.333,0.525,0.142,0.130,0.066,0.00,27.00
5861,Runner,0.333,0.525,0.142,0.138,0.142,1.92,270.00
5862,Pursuer,0.333,0.525,0.142,0.127,0.132,0.00,392.00
5863,Pursuer,0.333,0.525,0.142,0.179,0.090,0.00,42.00
5864,Pursuer,0.333,0.525,0.142,0.115,0.121,0.00,21.00
5865,Pursuer,0.333,0.525,0.142,0.153,0.107,0.00,57.00
5866,Runner,0.333,0.525,0.142,0.164,0.161,0.00,65.00
5867,Runner,0.333,0.525,0.142,0.111,0.146,3.08,575.00
5868,Pursuer,0.333,0.525,0.142,0.174,0.142,0.00,60.00
5869,Pursuer,0.333,0.525,0.142,0.164,0.159,0.00,79.00
5870,Runner,0.333,0.525,0.142,0.118,0.156,2.80,383.00
5871,Pursuer,0.333,0.525,0.142,0.151,0.134,0.00,177.00
5872,Pursuer,0.333,0.525,0.142,0.138,0.143,0.00,515.00
5873,Runner,0.333,0.525,0.142,0.148,0.161,3.20,217.00
5874,Runner,0.333,0.525,0.142,0.157,0.171,1.00,243.00
5875,Pursuer,0.333,0.525,0.142,0.161,0.150,0.00,291.00
5876,Runner,0.333,0.525,0.142,0.129,0.159,0.90,239.00
5877,Runner,0.333,0.525,0.142,0.127,0.154,0.74,187.00
5878,Pursuer,0.333,0.525,0.142,0.144,0.119,0.00,147.00
5879,Pursuer,0.333,0.525,0.142,0.178,0.110,0.00,314.00
5880,Runner,0.333,0.525,0.142,0.153,0.119,0.00,142.00
5881,Pursuer,0.333,0.525,0.142,0.126,0.134,0.00,417.00
5882,Pursuer,0.333,0.525,0.142,0.148,0.127,0.00,405.00
5883,Pursuer,0.333,0.525,0.142,0.149,0.146,0.00,579.00
5884,Pursuer,0.333,0.525,0.142,0.148,0.185,0.00,31.00
5885,Pursuer,0.333,0.525,0.142,0.132,0.122,0.00,179.00
5886,Draw,0.333,0.525,0.142,0.155,0.145,0.00,999.00
5887,Pursuer,0.333,0.525,0.142,0.144,0.134,0.00,308.00
5888,Pursuer,0.333,0.525,0.142,0.134,0.102,0.00,248.00
5889,Pursuer,0.333,0.526,0.142,0.199,0.103,0.00,106.00
5890,Runner,0.333,0.525,0.142,0.140,0.143,1.96,208.00
5891,Runner,0.333,0.525,0.142,0.144,0.156,5.92,678.00
5892,Runner,0.333,0.525,0.142,0.140,0.177,0.98,49.00
5893,Pursuer,0.333,0.525,0.142,0.162,0.183,0.00,37.00
5894,Pursuer,0.333,0.525,0.141,0.126,0.151,0.00,49.00
5895,Runner,0.333,0.525,0.141,0.111,0.146,0.34,155.00
5896,Runner,0.333,0.525,0.141,0.166,0.199,0.00,5.00
5897,Runner,0.333,0.525,0.141,0.131,0.107,0.00,67.00
5898,Pursuer,0.333,0.525,0.141,0.069,0.155,0.00,38.00
5899,Runner,0.333,0.525,0.141,0.157,0.188,2.46,180.00
5900,Runner,0.334,0.525,0.141,0.152,0.138,1.16,240.00
5901,Runner,0.334,0.525,0.141,0.150,0.127,3.16,370.00
5902,Pursuer,0.334,0.525,0.141,0.128,0.138,0.00,286.00
5903,Runner,0.334,0.525,0.141,0.115,0.176,3.14,178.00
5904,Pursuer,0.334,0.525,0.141,0.157,0.146,0.00,419.00
5905,Runner,0.334,0.525,0.141,0.114,0.133,0.72,36.00
5906,Pursuer,0.334,0.525,0.141,0.170,0.164,0.00,68.00
5907,Pursuer,0.334,0.525,0.141,0.132,0.116,0.00,123.00
5908,Pursuer,0.334,0.525,0.141,0.147,0.152,0.00,357.00
5909,Runner,0.334,0.525,0.141,0.147,0.129,0.40,366.00
5910,Runner,0.334,0.525,0.141,0.133,0.096,0.00,277.00
5911,Pursuer,0.334,0.525,0.141,0.667,1.223,0.00,1.00
5912,Runner,0.334,0.525,0.141,0.175,0.153,0.00,104.00
5913,Pursuer,0.334,0.525,0.141,0.157,0.159,0.00,34.00
5914,Pursuer,0.334,0.525,0.141,0.144,0.125,0.00,33.00
5915,Runner,0.334,0.525,0.141,0.148,0.122,0.54,133.00
5916,Runner,0.334,0.525,0.141,0.133,0.146,6.04,653.00
5917,Pursuer,0.334,0.525,0.141,0.000,0.000,0.00,1.00
5918,Runner,0.334,0.525,0.141,0.148,0.121,0.00,429.00
5919,Pursuer,0.334,0.525,0.141,1.464,0.333,0.00,1.00
5920,Pursuer,0.334,0.525,0.141,0.132,0.140,0.00,256.00
5921,Pursuer,0.334,0.525,0.141,0.150,0.131,0.00,136.00
5922,Draw,0.334,0.525,0.141,0.146,0.120,13.98,999.00
5923,Pursuer,0.334,0.525,0.141,0.142,0.133,0.00,688.00
5924,Pursuer,0.334,0.525,0.141,0.145,0.135,0.00,85.00
5925,Runner,0.334,0.525,0.141,0.129,0.132,0.00,272.00
5926,Draw,0.334,0.525,0.141,0.121,0.130,2.38,999.00
5927,Runner,0.334,0.525,0.141,0.139,0.150,2.10,206.00
5928,Runner,0.334,0.525,0.141,0.134,0.147,4.00,284.00
5929,Runner,0.334,0.525,0.141,0.139,0.146,0.00,65.00
5930,Pursuer,0.334,0.525,0.141,0.132,0.137,0.00,111.00
5931,Draw,0.334,0.525,0.141,0.157,0.135,0.00,999.00
5932,Pursuer,0.334,0.525,0.141,0.148,0.127,0.00,189.00
5933,Runner,0.334,0.525,0.141,0.132,0.141,5.64,303.00
5934,Pursuer,0.334,0.525,0.141,0.143,0.096,0.00,86.00
5935,Pursuer,0.334,0.525,0.141,0.167,0.138,0.00,586.00
5936,Runner,0.334,0.525,0.141,0.165,0.190,2.26,152.00
5937,Runner,0.334,0.525,0.141,0.165,0.166,0.00,48.00
5938,Runner,0.334,0.525,0.141,0.134,0.162,0.62,261.00
5939,Runner,0.334,0.525,0.141,0.154,0.138,1.50,146.00
5940,Runner,0.335,0.525,0.141,0.130,0.152,3.12,325.00
5941,Runner,0.335,0.524,0.141,0.157,0.144,1.04,371.00
5942,Pursuer,0.335,0.525,0.141,0.152,0.132,0.00,723.00
5943,Pursuer,0.335,0.525,0.141,0.157,0.132,0.00,460.00
5944,Pursuer,0.334,0.525,0.141,0.091,0.119,0.00,14.00
5945,Runner,0.335,0.525,0.141,0.139,0.154,1.38,99.00
5946,Runner,0.335,0.525,0.141,0.149,0.175,2.68,196.00
5947,Runner,0.335,0.524,0.141,0.141,0.141,2.10,539.00
5948,Pursuer,0.335,0.525,0.141,0.148,0.123,0.00,230.00
5949,Pursuer,0.335,0.525,0.141,0.173,0.159,0.00,233.00
5950,Runner,0.335,0.525,0.141,0.190,0.138,0.00,173.00
5951,Runner,0.335,0.524,0.141,0.133,0.131,5.62,422.00
5952,Pursuer,0.335,0.525,0.141,0.000,0.000,0.00,1.00
5953,Pursuer,0.335,0.525,0.141,0.139,0.158,0.00,188.00
5954,Pursuer,0.335,0.525,0.141,0.145,0.102,0.00,42.00
5955,Draw,0.335,0.525,0.141,0.161,0.144,19.18,999.00
5956,Pursuer,0.335,0.525,0.141,0.128,0.160,0.00,266.00
5957,Pursuer,0.335,0.525,0.141,0.160,0.142,0.00,102.00
5958,Runner,0.335,0.525,0.141,0.086,0.156,0.00,53.00
5959,Runner,0.335,0.525,0.141,0.146,0.140,6.00,300.00
5960,Pursuer,0.335,0.525,0.141,0.147,0.156,0.00,449.00
5961,Pursuer,0.335,0.525,0.141,0.164,0.136,0.00,316.00
5962,Runner,0.335,0.525,0.141,0.165,0.130,0.00,52.00
5963,Pursuer,0.335,0.525,0.141,0.129,0.162,0.00,149.00
5964,Runner,0.335,0.525,0.141,0.156,0.136,1.88,129.00
5965,Pursuer,0.335,0.525,0.140,0.138,0.099,0.00,107.00
5966,Runner,0.335,0.525,0.140,0.129,0.127,0.00,199.00
5967,Pursuer,0.335,0.525,0.140,0.151,0.168,0.00,228.00
5968,Pursuer,0.335,0.525,0.140,0.172,0.136,0.00,356.00
5969,Draw,0.335,0.525,0.141,0.151,0.135,0.00,999.00
5970,Runner,0.335,0.525,0.141,0.133,0.155,0.00,67.00
5971,Runner,0.335,0.525,0.141,0.142,0.124,1.02,155.00
5972,Draw,0.335,0.524,0.141,0.147,0.155,18.60,999.00
5973,Runner,0.335,0.524,0.141,0.124,0.163,0.00,127.00
5974,Pursuer,0.335,0.524,0.141,0.135,0.160,0.00,367.00
5975,Runner,0.335,0.524,0.141,0.000,0.000,0.02,1.00
5976,Pursuer,0.335,0.524,0.141,0.139,0.179,0.00,149.00
5977,Runner,0.335,0.524,0.141,0.144,0.146,0.02,204.00
5978,Runner,0.335,0.524,0.141,0.121,0.100,0.06,399.00
5979,Pursuer,0.335,0.524,0.140,0.167,0.148,0.00,371.00
5980,Runner,0.335,0.524,0.140,0.154,0.160,4.72,327.00
5981,Runner,0.335,0.524,0.140,0.125,0.125,0.00,444.00
5982,Pursuer,0.335,0.524,0.140,0.124,0.149,0.00,687.00
5983,Pursuer,0.335,0.524,0.140,0.142,0.135,0.00,289.00
5984,Pursuer,0.335,0.524,0.140,0.122,0.127,0.00,429.00
5985,Pursuer,0.335,0.524,0.140,0.140,0.166,0.00,203.00
5986,Runner,0.335,0.524,0.140,0.000,0.000,0.00,1.00
5987,Runner,0.335,0.524,0.140,0.143,0.135,4.72,292.00
5988,Pursuer,0.335,0.524,0.140,0.117,0.143,0.00,392.00
5989,Runner,0.335,0.524,0.140,0.114,0.128,1.30,316.00
5990,Runner,0.336,0.524,0.140,0.125,0.124,0.28,267.00
5991,Runner,0.336,0.524,0.140,0.163,0.094,0.00,228.00
5992,Runner,0.336,0.524,0.140,0.121,0.131,0.00,327.00
5993,Runner,0.336,0.524,0.140,0.155,0.154,0.74,135.00
5994,Pursuer,0.336,0.524,0.140,0.136,0.137,0.00,79.00
5995,Runner,0.336,0.524,0.140,0.153,0.162,0.74,108.00
5996,Draw,0.336,0.524,0.140,0.131,0.148,17.50,999.00
5997,Runner,0.336,0.524,0.140,0.163,0.167,4.18,252.00
5998,Pursuer,0.336,0.524,0.140,0.166,0.144,0.00,169.00
5999,Runner,0.336,0.524,0.140,0.139,0.127,0.00,243.00
6000,Pursuer,0.336,0.524,0.140,0.130,0.161,0.00,446.00
6001,Pursuer,0.336,0.524,0.140,0.149,0.133,0.00,379.00
6002,Runner,0.336,0.524,0.140,0.187,0.111,0.86,43.00
6003,Runner,0.336,0.524,0.140,0.164,0.149,0.00,181.00
6004,Runner,0.336,0.524,0.140,0.148,0.150,3.54,203.00
6005,Pursuer,0.336,0.524,0.140,0.144,0.103,0.00,113.00
6006,Pursuer,0.336,0.524,0.140,0.172,0.108,0.00,93.00
6007,Runner,0.336,0.524,0.140,0.113,0.153,0.00,334.00
6008,Pursuer,0.336,0.524,0.140,0.124,0.150,0.00,378.00
6009,Pursuer,0.336,0.524,0.140,0.135,0.136,0.00,292.00
6010,Runner,0.336,0.524,0.140,0.120,0.157,6.90,350.00
6011,Pursuer,0.336,0.524,0.140,0.168,0.162,0.00,100.00
6012,Draw,0.336,0.524,0.140,0.144,0.151,16.32,999.00
6013,Pursuer,0.336,0.524,0.140,0.140,0.133,0.00,113.00
6014,Pursuer,0.336,0.524,0.140,0.165,0.128,0.00,27.00
6015,Pursuer,0.336,0.524,0.140,0.125,0.163,0.00,112.00
6016,Pursuer,0.336,0.524,0.140,0.155,0.151,0.00,86.00
6017,Pursuer,0.336,0.524,0.140,0.084,0.247,0.00,15.00
6018,Runner,0.336,0.524,0.140,0.146,0.152,7.48,580.00
6019,Runner,0.336,0.524,0.140,0.316,0.227,0.00,4.00
6020,Pursuer,0.336,0.524,0.140,0.149,0.149,0.00,656.00
6021,Pursuer,0.336,0.524,0.140,0.211,0.116,0.00,27.00
6022,Pursuer,0.336,0.524,0.140,0.177,0.073,0.00,86.00
6023,Runner,0.336,0.524,0.140,0.130,0.105,1.32,92.00
6024,Pursuer,0.336,0.524,0.140,0.158,0.149,0.00,399.00
6025,Pursuer,0.336,0.524,0.140,0.064,0.119,0.00,16.00
6026,Runner,0.336,0.524,0.140,0.135,0.156,6.28,385.00
6027,Draw,0.336,0.524,0.140,0.147,0.160,17.86,999.00
6028,Runner,0.336,0.524,0.140,0.000,0.000,0.00,0.00
6029,Runner,0.336,0.524,0.140,0.130,0.149,0.00,241.00
6030,Runner,0.336,0.524,0.140,0.111,0.161,1.52,76.00
6031,Pursuer,0.336,0.524,0.140,0.151,0.118,0.00,74.00
6032,Runner,0.336,0.524,0.140,0.130,0.151,5.22,297.00
6033,Pursuer,0.336,0.524,0.140,0.165,0.097,0.00,40.00
6034,Pursuer,0.336,0.524,0.140,0.134,0.160,0.00,257.00
6035,Pursuer,0.336,0.524,0.140,0.140,0.147,0.00,139.00
6036,Runner,0.336,0.524,0.140,0.138,0.155,5.96,346.00
6037,Draw,0.336,0.524,0.140,0.142,0.135,19.98,999.00
6038,Pursuer,0.336,0.524,0.140,0.178,0.129,0.00,136.00
6039,Runner,0.336,0.524,0.140,0.151,0.153,0.00,40.00
6040,Pursuer,0.336,0.524,0.140,0.150,0.126,0.00,167.00
6041,Runner,0.336,0.524,0.140,0.137,0.128,4.80,469.00
6042,Runner,0.336,0.524,0.140,0.173,0.149,1.70,206.00
6043,Runner,0.337,0.524,0.140,0.141,0.130,0.00,258.00
6044,Runner,0.337,0.524,0.140,0.128,0.126,2.26,319.00
6045,Runner,0.337,0.524,0.140,0.152,0.127,0.56,185.00
6046,Runner,0.337,0.523,0.140,0.117,0.200,0.00,56.00
6047,Runner,0.337,0.523,0.140,0.124,0.184,0.64,85.00
6048,Pursuer,0.337,0.523,0.140,0.225,0.111,0.00,33.00
6049,Pursuer,0.337,0.524,0.140,0.117,0.137,0.00,95.00
6050,Runner,0.337,0.523,0.140,0.112,0.192,0.00,6.00
6051,Pursuer,0.337,0.524,0.139,0.168,0.109,0.00,296.00
6052,Pursuer,0.337,0.524,0.139,0.128,0.224,0.00,31.00
6053,Pursuer,0.337,0.524,0.139,0.165,0.184,0.00,14.00
6054,Pursuer,0.337,0.524,0.139,0.070,0.279,0.00,6.00
6055,Pursuer,0.337,0.524,0.139,0.148,0.147,0.00,388.00
6056,Pursuer,0.337,0.524,0.139,0.147,0.143,0.00,302.00
6057,Runner,0.337,0.524,0.139,0.146,0.132,3.04,216.00
6058,Pursuer,0.337,0.524,0.139,0.155,0.139,0.00,191.00
6059,Pursuer,0.337,0.524,0.139,0.145,0.146,0.00,254.00
6060,Runner,0.337,0.524,0.139,0.139,0.147,2.54,524.00
6061,Pursuer,0.337,0.524,0.139,0.177,0.180,0.00,17.00
6062,Pursuer,0.337,0.524,0.139,0.151,0.144,0.00,161.00
6063,Runner,0.337,0.524,0.139,0.148,0.129,4.30,272.00
6064,Draw,0.337,0.524,0.139,0.147,0.151,17.84,999.00
6065,Pursuer,0.337,0.524,0.139,0.187,0.118,0.00,29.00
6066,Pursuer,0.337,0.524,0.139,0.133,0.137,0.00,149.00
6067,Pursuer,0.337,0.524,0.139,0.121,0.165,0.00,56.00
6068,Pursuer,0.337,0.524,0.139,0.164,0.147,0.00,303.00
6069,Pursuer,0.336,0.524,0.139,0.190,0.121,0.00,108.00
6070,Pursuer,0.336,0.524,0.139,0.119,0.114,0.00,68.00
6071,Runner,0.337,0.524,0.139,0.141,0.139,2.14,247.00
6072,Draw,0.336,0.524,0.139,0.145,0.121,16.92,999.00
6073,Pursuer,0.336,0.524,0.139,0.000,0.000,0.00,0.00
6074,Pursuer,0.336,0.524,0.139,0.128,0.120,0.00,136.00
6075,Pursuer,0.336,0.524,0.139,0.132,0.155,0.00,211.00
6076,Pursuer,0.336,0.525,0.139,0.146,0.147,0.00,372.00
6077,Pursuer,0.336,0.525,0.139,0.125,0.125,0.00,352.00
6078,Runner,0.336,0.525,0.139,0.138,0.156,2.94,259.00
6079,Draw,0.336,0.524,0.139,0.107,0.142,1.68,999.00
6080,Runner,0.336,0.524,0.139,0.000,0.000,0.00,0.00
6081,Pursuer,0.336,0.524,0.139,0.155,0.134,0.00,288.00
6082,Draw,0.336,0.524,0.139,0.149,0.144,18.94,999.00
6083,Pursuer,0.336,0.524,0.139,0.151,0.130,0.00,81.00
6084,Pursuer,0.336,0.524,0.139,0.172,0.116,0.00,23.00
6085,Runner,0.336,0.524,0.139,0.152,0.133,0.00,184.00
6086,Runner,0.336,0.524,0.139,0.155,0.129,1.12,372.00
6087,Pursuer,0.336,0.524,0.139,0.134,0.124,0.00,155.00
6088,Pursuer,0.336,0.524,0.139,0.152,0.130,0.00,308.00
6089,Pursuer,0.336,0.525,0.139,0.130,0.137,0.00,157.00
6090,Pursuer,0.336,0.525,0.139,0.142,0.155,0.00,651.00
6091,Pursuer,0.336,0.525,0.139,0.156,0.116,0.00,141.00
6092,Pursuer,0.336,0.525,0.139,0.152,0.126,0.00,150.00
6093,Pursuer,0.336,0.525,0.139,0.145,0.160,0.00,503.00
6094,Runner,0.336,0.525,0.139,0.135,0.166,3.50,364.00
6095,Runner,0.336,0.525,0.139,0.141,0.129,2.44,174.00
6096,Runner,0.336,0.525,0.139,0.138,0.128,0.00,174.00
6097,Pursuer,0.336,0.525,0.139,0.163,0.121,0.00,23.00
6098,Pursuer,0.336,0.525,0.139,0.164,0.136,0.00,196.00
6099,Pursuer,0.336,0.525,0.139,0.127,0.154,0.00,156.00
6100,Pursuer,0.336,0.525,0.139,0.124,0.118,0.00,327.00
6101,Pursuer,0.336,0.525,0.139,0.119,0.134,0.00,106.00
6102,Pursuer,0.336,0.525,0.139,0.129,0.159,0.00,347.00
6103,Pursuer,0.336,0.525,0.139,0.160,0.138,0.00,701.00
6104,Pursuer,0.336,0.525,0.139,0.178,0.124,0.00,33.00
6105,Pursuer,0.336,0.525,0.139,0.155,0.128,0.00,515.00
6106,Runner,0.336,0.525,0.139,0.135,0.144,2.24,258.00
6107,Runner,0.336,0.525,0.139,0.143,0.138,4.18,472.00
6108,Draw,0.336,0.525,0.139,0.129,0.145,17.36,999.00
6109,Pursuer,0.336,0.525,0.139,0.160,0.119,0.00,409.00
6110,Runner,0.336,0.525,0.139,0.129,0.105,0.00,226.00
6111,Pursuer,0.336,0.525,0.139,0.130,0.147,0.00,365.00
6112,Pursuer,0.336,0.525,0.139,0.113,0.116,0.00,241.00
6113,Pursuer,0.336,0.525,0.139,0.138,0.111,0.00,93.00
6114,Pursuer,0.336,0.525,0.139,0.141,0.117,0.00,167.00
6115,Runner,0.336,0.525,0.139,0.098,0.397,0.14,7.00
6116,Runner,0.336,0.525,0.139,0.107,0.159,0.00,10.00
6117,Pursuer,0.336,0.525,0.139,0.131,0.152,0.00,55.00
6118,Pursuer,0.336,0.525,0.139,0.144,0.155,0.00,271.00
6119,Pursuer,0.336,0.525,0.139,0.126,0.154,0.00,95.00
6120,Runner,0.336,0.525,0.139,0.126,0.151,4.18,307.00
6121,Runner,0.336,0.525,0.139,0.138,0.133,0.00,218.00
6122,Pursuer,0.336,0.525,0.139,0.130,0.097,0.00,40.00
6123,Pursuer,0.336,0.525,0.139,0.182,0.154,0.00,101.00
6124,Pursuer,0.336,0.525,0.139,0.136,0.145,0.00,550.00
6125,Runner,0.336,0.525,0.139,0.154,0.132,3.56,178.00
6126,Runner,0.336,0.525,0.139,0.130,0.109,0.72,307.00
6127,Runner,0.336,0.525,0.139,0.113,0.152,5.24,365.00
6128,Pursuer,0.336,0.525,0.139,0.153,0.147,0.00,195.00
6129,Pursuer,0.336,0.525,0.139,0.172,0.121,0.00,166.00
6130,Pursuer,0.336,0.525,0.138,0.174,0.118,0.00,93.00
6131,Runner,0.336,0.525,0.138,0.132,0.121,1.86,269.00
6132,Pursuer,0.336,0.525,0.138,0.113,0.124,0.00,150.00
6133,Pursuer,0.336,0.526,0.138,0.119,0.120,0.00,176.00
6134,Runner,0.336,0.525,0.138,0.164,0.154,5.94,297.00
6135,Pursuer,0.336,0.526,0.138,0.188,0.212,0.00,18.00
6136,Runner,0.336,0.525,0.138,0.167,0.137,0.04,104.00
6137,Runner,0.336,0.525,0.138,0.130,0.146,2.26,264.00
6138,Pursuer,0.336,0.525,0.138,0.173,0.106,0.00,103.00
6139,Runner,0.336,0.525,0.138,0.150,0.155,5.14,370.00
6140,Pursuer,0.336,0.525,0.138,0.152,0.112,0.00,111.00
6141,Pursuer,0.336,0.525,0.138,0.164,0.129,0.00,21.00
6142,Runner,0.336,0.525,0.138,0.156,0.102,0.00,197.00
6143,Runner,0.336,0.525,0.138,0.197,0.104,0.00,66.00
6144,Pursuer,0.336,0.525,0.138,0.142,0.124,0.00,243.00
6145,Runner,0.337,0.525,0.138,0.142,0.151,2.28,198.00
6146,Pursuer,0.336,0.525,0.138,0.156,0.155,0.00,136.00
6147,Pursuer,0.336,0.525,0.138,0.137,0.141,0.00,184.00
6148,Runner,0.337,0.525,0.138,0.170,0.189,0.00,36.00
6149,Pursuer,0.336,0.525,0.138,0.124,0.132,0.00,203.00
6150,Pursuer,0.336,0.526,0.138,0.140,0.137,0.00,133.00
6151,Runner,0.337,0.525,0.138,0.142,0.153,3.62,284.00
6152,Pursuer,0.336,0.526,0.138,0.190,0.133,0.00,101.00
6153,Pursuer,0.336,0.526,0.138,0.224,0.071,0.00,4.00
6154,Pursuer,0.336,0.526,0.138,0.143,0.103,0.00,434.00
6155,Runner,0.336,0.526,0.138,0.134,0.142,1.06,256.00
6156,Pursuer,0.336,0.526,0.138,0.123,0.130,0.00,155.00
6157,Runner,0.337,0.526,0.138,0.149,0.154,0.00,215.00
6158,Pursuer,0.336,0.526,0.138,0.166,0.137,0.00,331.00
6159,Runner,0.337,0.526,0.138,0.133,0.159,4.88,405.00
6160,Pursuer,0.337,0.526,0.138,0.134,0.141,0.00,759.00
6161,Pursuer,0.336,0.526,0.138,0.145,0.127,0.00,117.00
6162,Pursuer,0.336,0.526,0.138,0.137,0.129,0.00,159.00
6163,Runner,0.337,0.526,0.138,0.136,0.151,2.54,317.00
6164,Pursuer,0.336,0.526,0.138,0.178,0.157,0.00,28.00
6165,Pursuer,0.336,0.526,0.138,0.143,0.112,0.00,89.00
6166,Pursuer,0.336,0.526,0.138,0.181,0.146,0.00,87.00
6167,Pursuer,0.336,0.526,0.138,0.149,0.123,0.00,371.00
6168,Pursuer,0.336,0.526,0.138,0.139,0.129,0.00,424.00
6169,Runner,0.336,0.526,0.138,0.071,0.105,0.22,11.00
6170,Runner,0.336,0.526,0.138,0.149,0.136,0.68,179.00
6171,Pursuer,0.336,0.526,0.138,0.158,0.118,0.00,107.00
6172,Pursuer,0.336,0.526,0.138,0.149,0.125,0.00,150.00
6173,Pursuer,0.336,0.526,0.138,0.130,0.157,0.00,167.00
6174,Pursuer,0.336,0.526,0.138,0.141,0.141,0.00,753.00
6175,Pursuer,0.336,0.526,0.137,0.100,0.133,0.00,118.00
6176,Runner,0.336,0.526,0.137,0.145,0.124,3.26,464.00
6177,Pursuer,0.336,0.526,0.137,0.133,0.164,0.00,409.00
6178,Runner,0.336,0.526,0.137,0.000,0.000,0.00,1.00
6179,Pursuer,0.336,0.526,0.137,0.151,0.137,0.00,958.00
6180,Runner,0.336,0.526,0.137,0.193,0.146,3.18,213.00
6181,Runner,0.337,0.526,0.137,0.148,0.137,3.76,216.00
6182,Runner,0.337,0.526,0.137,0.103,0.116,0.00,22.00
6183,Runner,0.337,0.526,0.137,0.149,0.127,0.18,123.00
6184,Runner,0.337,0.526,0.137,0.185,0.125,0.00,72.00
6185,Pursuer,0.337,0.526,0.137,0.127,0.131,0.00,123.00
6186,Runner,0.337,0.526,0.137,0.148,0.129,2.28,247.00
6187,Runner,0.337,0.526,0.137,0.138,0.135,0.00,180.00
6188,Runner,0.337,0.526,0.137,0.172,0.127,0.00,127.00
6189,Pursuer,0.337,0.526,0.137,0.149,0.135,0.00,225.00
6190,Pursuer,0.337,0.526,0.137,0.151,0.129,0.00,213.00
6191,Pursuer,0.337,0.526,0.137,0.140,0.143,0.00,214.00
6192,Pursuer,0.337,0.526,0.137,0.124,0.120,0.00,149.00
6193,Runner,0.337,0.526,0.137,0.141,0.107,0.00,309.00
6194,Pursuer,0.337,0.526,0.137,0.139,0.142,0.00,122.00
6195,Pursuer,0.337,0.526,0.137,0.150,0.115,0.00,22.00
6196,Runner,0.337,0.526,0.137,0.182,0.132,0.00,74.00
6197,Runner,0.337,0.526,0.137,0.160,0.148,0.72,179.00
6198,Pursuer,0.337,0.526,0.137,0.150,0.142,0.00,760.00
6199,Pursuer,0.337,0.526,0.137,0.144,0.190,0.00,21.00
6200,Pursuer,0.337,0.526,0.137,0.115,0.139,0.00,617.00
6201,Runner,0.337,0.526,0.137,0.139,0.099,0.00,354.00
6202,Runner,0.337,0.526,0.137,0.147,0.138,2.08,248.00
6203,Pursuer,0.337,0.526,0.137,0.154,0.162,0.00,259.00
6204,Runner,0.337,0.526,0.137,0.149,0.143,4.96,359.00
6205,Pursuer,0.337,0.526,0.137,0.117,0.170,0.00,270.00
6206,Pursuer,0.337,0.526,0.137,0.163,0.117,0.00,208.00
6207,Runner,0.337,0.526,0.137,0.113,0.114,0.00,108.00
6208,Runner,0.337,0.526,0.137,0.130,0.123,0.00,270.00
6209,Runner,0.337,0.526,0.137,0.116,0.147,4.90,301.00
6210,Pursuer,0.337,0.526,0.137,0.140,0.160,0.00,152.00
6211,Pursuer,0.337,0.526,0.137,0.114,0.142,0.00,34.00
6212,Runner,0.337,0.526,0.137,0.152,0.155,0.00,68.00
6213,Draw,0.337,0.526,0.137,0.146,0.135,18.12,999.00
6214,Pursuer,0.337,0.526,0.137,0.120,0.216,0.00,8.00
6215,Runner,0.337,0.526,0.137,0.158,0.129,0.86,267.00
6216,Runner,0.338,0.526,0.137,0.158,0.152,3.30,165.00
6217,Pursuer,0.337,0.526,0.137,0.167,0.158,0.00,326.00
6218,Pursuer,0.337,0.526,0.137,0.134,0.136,0.00,417.00
6219,Runner,0.338,0.526,0.137,0.140,0.147,3.62,707.00
6220,Pursuer,0.337,0.526,0.137,0.000,0.000,0.00,1.00
6221,Pursuer,0.337,0.526,0.137,0.132,0.143,0.00,338.00
6222,Runner,0.338,0.526,0.137,0.104,0.124,1.40,212.00
6223,Runner,0.338,0.526,0.137,0.125,0.129,1.34,317.00
6224,Runner,0.338,0.526,0.137,0.142,0.138,4.14,262.00
6225,Pursuer,0.338,0.526,0.137,0.120,0.109,0.00,144.00
6226,Runner,0.338,0.526,0.137,0.145,0.159,1.78,146.00
6227,Runner,0.338,0.526,0.137,0.140,0.128,2.24,199.00
6228,Runner,0.338,0.526,0.136,0.132,0.157,2.52,287.00
6229,Pursuer,0.338,0.526,0.136,0.152,0.137,0.00,261.00
6230,Runner,0.338,0.526,0.136,0.159,0.156,4.14,234.00
6231,Pursuer,0.338,0.526,0.136,0.131,0.190,0.00,111.00
6232,Draw,0.338,0.526,0.137,0.149,0.112,0.00,999.00
6233,Pursuer,0.338,0.526,0.137,0.147,0.143,0.00,38.00
6234,Pursuer,0.338,0.526,0.137,0.115,0.138,0.00,43.00
6235,Runner,0.338,0.526,0.136,0.993,1.327,0.00,1.00
6236,Runner,0.338,0.525,0.136,0.132,0.114,0.32,133.00
6237,Pursuer,0.338,0.526,0.136,0.155,0.142,0.00,611.00
6238,Pursuer,0.338,0.526,0.136,0.144,0.139,0.00,141.00
6239,Pursuer,0.338,0.526,0.136,0.141,0.139,0.00,158.00
6240,Draw,0.338,0.526,0.137,0.109,0.143,9.00,999.00
6241,Runner,0.338,0.526,0.137,0.000,0.000,0.00,0.00
6242,Pursuer,0.338,0.526,0.136,0.163,0.166,0.00,10.00
6243,Runner,0.338,0.526,0.136,0.118,0.101,0.00,343.00
6244,Runner,0.338,0.525,0.136,0.156,0.143,8.14,415.00
6245,Runner,0.338,0.525,0.136,0.132,0.120,1.24,311.00
6246,Pursuer,0.338,0.525,0.136,0.146,0.164,0.00,82.00
6247,Runner,0.338,0.525,0.136,0.140,0.143,3.48,248.00
6248,Runner,0.338,0.525,0.136,0.140,0.134,0.00,111.00
6249,Runner,0.338,0.525,0.136,0.147,0.156,0.00,176.00
6250,Runner,0.339,0.525,0.136,0.167,0.127,0.00,125.00
6251,Pursuer,0.339,0.525,0.136,0.160,0.151,0.00,115.00
6252,Runner,0.339,0.525,0.136,0.166,0.132,3.42,360.00
6253,Pursuer,0.339,0.525,0.136,0.123,0.187,0.00,163.00
6254,Pursuer,0.339,0.525,0.136,0.155,0.146,0.00,103.00
6255,Runner,0.339,0.525,0.136,0.158,0.132,1.94,368.00
6256,Pursuer,0.339,0.525,0.136,0.099,0.124,0.00,62.00
6257,Runner,0.339,0.525,0.136,0.126,0.122,0.00,133.00
6258,Pursuer,0.339,0.525,0.136,0.147,0.129,0.00,180.00
6259,Pursuer,0.339,0.525,0.136,0.092,0.151,0.00,81.00
6260,Pursuer,0.338,0.525,0.136,0.140,0.163,0.00,92.00
6261,Draw,0.338,0.525,0.136,0.146,0.134,19.98,999.00
6262,Runner,0.339,0.525,0.136,0.140,0.133,1.18,318.00
6263,Pursuer,0.338,0.525,0.136,0.145,0.143,0.00,323.00
6264,Pursuer,0.338,0.525,0.136,0.159,0.144,0.00,204.00
6265,Pursuer,0.338,0.525,0.136,0.145,0.143,0.00,188.00
6266,Pursuer,0.338,0.526,0.136,0.140,0.162,0.00,328.00
6267,Runner,0.338,0.525,0.136,0.161,0.151,0.00,116.00
6268,Runner,0.339,0.525,0.136,0.116,0.178,0.00,11.00
6269,Pursuer,0.338,0.525,0.136,0.156,0.141,0.00,204.00
6270,Runner,0.339,0.525,0.136,0.147,0.102,0.00,255.00
6271,Runner,0.339,0.525,0.136,0.139,0.147,0.86,219.00
6272,Pursuer,0.339,0.525,0.136,0.131,0.135,0.00,213.00
6273,Runner,0.339,0.525,0.136,0.196,0.152,0.14,65.00
6274,Runner,0.339,0.525,0.136,0.151,0.135,4.48,329.00
6275,Runner,0.339,0.525,0.136,0.155,0.162,2.84,209.00
6276,Pursuer,0.339,0.525,0.136,0.134,0.132,0.00,183.00
6277,Pursuer,0.339,0.525,0.136,0.197,0.113,0.00,32.00
6278,Pursuer,0.339,0.525,0.136,0.129,0.147,0.00,216.00
6279,Pursuer,0.339,0.525,0.136,0.137,0.141,0.00,163.00
6280,Pursuer,0.339,0.525,0.136,0.132,0.120,0.00,228.00
6281,Pursuer,0.339,0.526,0.136,0.146,0.119,0.00,291.00
6282,Pursuer,0.339,0.526,0.136,0.169,0.129,0.00,187.00
6283,Pursuer,0.339,0.526,0.136,0.159,0.125,0.00,85.00
6284,Pursuer,0.338,0.526,0.136,0.203,0.134,0.00,77.00
6285,Runner,0.339,0.526,0.136,0.134,0.350,0.00,6.00
6286,Runner,0.339,0.526,0.136,0.149,0.160,0.00,20.00
6287,Pursuer,0.339,0.526,0.136,0.124,0.114,0.00,305.00
6288,Pursuer,0.339,0.526,0.136,0.127,0.148,0.00,232.00
6289,Runner,0.339,0.526,0.136,0.091,0.192,0.00,7.00
6290,Pursuer,0.339,0.526,0.136,0.116,0.154,0.00,347.00
6291,Runner,0.339,0.526,0.136,0.095,0.156,0.00,70.00
6292,Runner,0.339,0.526,0.136,0.146,0.102,0.00,256.00
6293,Pursuer,0.339,0.526,0.136,0.142,0.154,0.00,251.00
6294,Pursuer,0.339,0.526,0.136,0.278,0.005,0.00,4.00
6295,Pursuer,0.339,0.526,0.136,0.120,0.148,0.00,28.00
6296,Pursuer,0.339,0.526,0.135,0.157,0.124,0.00,276.00
6297,Pursuer,0.339,0.526,0.135,0.153,0.157,0.00,60.00
6298,Pursuer,0.339,0.526,0.135,0.108,0.105,0.00,280.00
6299,Runner,0.339,0.526,0.135,0.177,0.141,0.00,103.00
6300,Runner,0.339,0.526,0.135,0.103,0.133,0.00,128.00
6301,Pursuer,0.339,0.526,0.135,0.149,0.127,0.00,388.00
6302,Runner,0.339,0.526,0.135,0.104,0.150,1.06,357.00
6303,Pursuer,0.339,0.526,0.135,0.118,0.102,0.00,96.00
6304,Runner,0.339,0.526,0.135,0.140,0.144,1.28,212.00
6305,Pursuer,0.339,0.526,0.135,0.134,0.169,0.00,169.00
6306,Pursuer,0.339,0.526,0.135,0.145,0.138,0.00,719.00
6307,Runner,0.339,0.526,0.135,0.164,0.151,0.00,74.00
6308,Draw,0.339,0.526,0.135,0.146,0.141,19.98,999.00
6309,Runner,0.339,0.526,0.135,0.135,0.144,1.10,201.00
6310,Pursuer,0.339,0.526,0.135,0.115,0.147,0.00,194.00
6311,Runner,0.339,0.526,0.135,0.130,0.132,0.00,329.00
6312,Runner,0.339,0.526,0.135,0.123,0.130,6.12,502.00
6313,Pursuer,0.339,0.526,0.135,0.136,0.134,0.00,268.00
6314,Pursuer,0.339,0.526,0.135,0.168,0.116,0.00,54.00
6315,Pursuer,0.339,0.526,0.135,0.171,0.184,0.00,90.00
6316,Pursuer,0.339,0.526,0.135,0.160,0.147,0.00,122.00
6317,Runner,0.339,0.526,0.135,0.216,0.141,0.00,19.00
6318,Pursuer,0.339,0.526,0.135,0.144,0.132,0.00,519.00
6319,Pursuer,0.339,0.526,0.135,0.158,0.148,0.00,238.00
6320,Runner,0.339,0.526,0.135,0.152,0.151,5.36,268.00
6321,Pursuer,0.339,0.526,0.135,0.000,0.000,0.00,1.00
6322,Pursuer,0.339,0.526,0.135,0.141,0.137,0.00,174.00
6323,Draw,0.339,0.526,0.135,0.131,0.147,17.54,999.00
6324,Pursuer,0.339,0.526,0.135,0.144,0.146,0.00,175.00
6325,Pursuer,0.339,0.526,0.135,0.135,0.116,0.00,267.00
6326,Pursuer,0.339,0.526,0.135,0.127,0.116,0.00,34.00
6327,Runner,0.339,0.526,0.135,0.747,1.323,0.00,1.00
6328,Runner,0.339,0.526,0.135,0.141,0.169,4.62,231.00
6329,Runner,0.339,0.526,0.135,0.144,0.177,0.00,191.00
6330,Runner,0.339,0.526,0.135,0.143,0.143,1.16,223.00
6331,Pursuer,0.339,0.526,0.135,0.156,0.138,0.00,247.00
6332,Runner,0.339,0.526,0.135,0.138,0.166,0.00,155.00
6333,Pursuer,0.339,0.526,0.135,0.144,0.133,0.00,110.00
6334,Pursuer,0.339,0.526,0.135,0.167,0.147,0.00,11.00
6335,Draw,0.339,0.526,0.135,0.153,0.149,16.58,999.00
6336,Runner,0.339,0.526,0.135,0.128,0.134,0.32,266.00
6337,Runner,0.339,0.526,0.135,0.113,0.124,0.08,95.00
6338,Runner,0.339,0.526,0.135,0.131,0.192,0.42,21.00
6339,Pursuer,0.339,0.526,0.135,0.000,0.000,0.00,1.00
6340,Pursuer,0.339,0.526,0.135,0.104,0.127,0.00,172.00
6341,Draw,0.339,0.526,0.135,0.141,0.142,17.26,999.00
6342,Runner,0.339,0.526,0.135,0.171,0.158,2.16,267.00
6343,Pursuer,0.339,0.526,0.135,0.220,0.226,0.00,7.00
6344,Pursuer,0.339,0.526,0.135,0.140,0.144,0.00,387.00
6345,Runner,0.339,0.526,0.135,0.147,0.133,3.94,232.00
6346,Pursuer,0.339,0.526,0.135,0.154,0.130,0.00,288.00
6347,Pursuer,0.339,0.526,0.135,0.141,0.160,0.00,226.00
6348,Pursuer,0.339,0.526,0.135,0.127,0.154,0.00,269.00
6349,Runner,0.339,0.526,0.135,0.118,0.114,0.00,29.00
6350,Runner,0.339,0.526,0.135,0.040,0.254,0.00,5.00
6351,Runner,0.339,0.526,0.135,0.151,0.150,1.08,226.00
6352,Pursuer,0.339,0.526,0.135,0.145,0.129,0.00,248.00
6353,Runner,0.339,0.526,0.135,0.118,0.125,1.58,397.00
6354,Draw,0.339,0.526,0.135,0.137,0.148,18.68,999.00
6355,Runner,0.339,0.526,0.135,0.144,0.136,1.54,288.00
6356,Pursuer,0.339,0.526,0.135,0.154,0.121,0.00,51.00
6357,Pursuer,0.339,0.526,0.135,0.109,0.103,0.00,253.00
6358,Runner,0.339,0.526,0.135,0.142,0.128,0.00,150.00
6359,Pursuer,0.339,0.526,0.135,0.107,0.103,0.00,68.00
6360,Pursuer,0.339,0.526,0.135,0.142,0.135,0.00,267.00
6361,Pursuer,0.339,0.526,0.135,0.118,0.154,0.00,453.00
6362,Runner,0.339,0.526,0.135,0.148,0.135,0.00,350.00
6363,Pursuer,0.339,0.526,0.135,0.127,0.148,0.00,103.00
6364,Pursuer,0.339,0.526,0.135,0.172,0.133,0.00,169.00
6365,Pursuer,0.339,0.526,0.135,0.151,0.157,0.00,82.00
6366,Runner,0.339,0.526,0.135,0.132,0.117,0.00,302.00
6367,Pursuer,0.339,0.526,0.135,0.104,0.157,0.00,620.00
6368,Runner,0.339,0.526,0.135,0.153,0.131,0.00,268.00
6369,Pursuer,0.339,0.526,0.135,0.126,0.128,0.00,367.00
6370,Pursuer,0.339,0.526,0.135,0.137,0.143,0.00,317.00
6371,Runner,0.339,0.526,0.135,0.130,0.159,1.58,89.00
6372,Runner,0.339,0.526,0.135,0.142,0.137,3.18,159.00
6373,Draw,0.339,0.526,0.135,0.141,0.109,0.00,999.00
6374,Pursuer,0.339,0.526,0.135,0.170,0.127,0.00,149.00
6375,Runner,0.339,0.526,0.135,0.132,0.135,1.32,179.00
6376,Draw,0.339,0.526,0.135,0.142,0.151,17.74,999.00
6377,Runner,0.340,0.526,0.135,0.151,0.153,0.00,16.00
6378,Draw,0.339,0.526,0.135,0.129,0.149,18.20,999.00
6379,Pursuer,0.339,0.526,0.135,0.141,0.151,0.00,575.00
6380,Pursuer,0.339,0.526,0.135,0.135,0.120,0.00,71.00
6381,Runner,0.339,0.526,0.135,0.128,0.113,0.00,147.00
6382,Pursuer,0.339,0.526,0.135,0.128,0.137,0.00,118.00
6383,Pursuer,0.339,0.526,0.135,0.134,0.143,0.00,257.00
6384,Pursuer,0.339,0.526,0.135,0.159,0.135,0.00,288.00
6385,Runner,0.339,0.526,0.135,0.142,0.131,1.62,213.00
6386,Runner,0.339,0.526,0.135,0.180,0.103,0.00,141.00
6387,Runner,0.340,0.526,0.135,0.168,0.120,0.00,60.00
6388,Runner,0.340,0.526,0.135,0.131,0.130,0.00,327.00
6389,Pursuer,0.340,0.526,0.135,0.150,0.151,0.00,99.00
6390,Pursuer,0.340,0.526,0.135,0.139,0.134,0.00,120.00
6391,Pursuer,0.340,0.526,0.135,0.156,0.178,0.00,73.00
6392,Pursuer,0.339,0.526,0.135,0.156,0.135,0.00,319.00
6393,Pursuer,0.339,0.526,0.135,0.145,0.130,0.00,390.00
6394,Pursuer,0.339,0.526,0.135,0.154,0.138,0.00,194.00
6395,Pursuer,0.339,0.526,0.135,0.153,0.154,0.00,737.00
6396,Pursuer,0.339,0.526,0.135,0.117,0.092,0.00,50.00
6397,Runner,0.339,0.526,0.135,0.147,0.137,4.30,273.00
6398,Draw,0.339,0.526,0.135,0.146,0.155,18.32,999.00
6399,Pursuer,0.339,0.526,0.135,0.145,0.135,0.00,306.00
6400,Pursuer,0.339,0.526,0.135,0.127,0.087,0.00,82.00
6401,Runner,0.339,0.526,0.135,0.126,0.145,0.00,102.00
6402,Pursuer,0.339,0.526,0.135,0.145,0.155,0.00,88.00
6403,Runner,0.339,0.526,0.135,0.123,0.102,0.00,164.00
6404,Runner,0.339,0.526,0.135,0.135,0.105,0.58,29.00
6405,Runner,0.340,0.526,0.135,0.165,0.139,3.40,170.00
6406,Runner,0.340,0.526,0.135,0.142,0.113,0.00,242.00
6407,Pursuer,0.340,0.526,0.135,0.118,0.120,0.00,43.00
6408,Runner,0.340,0.526,0.135,0.140,0.093,0.38,145.00
6409,Runner,0.340,0.526,0.134,0.135,0.152,6.06,303.00
6410,Runner,0.340,0.526,0.134,0.140,0.307,0.00,8.00
6411,Runner,0.340,0.526,0.134,0.112,0.136,0.00,191.00
6412,Runner,0.340,0.525,0.134,0.130,0.159,2.64,237.00
6413,Pursuer,0.340,0.525,0.134,0.137,0.151,0.00,367.00
6414,Pursuer,0.340,0.526,0.134,0.144,0.145,0.00,68.00
6415,Pursuer,0.340,0.526,0.134,0.123,0.149,0.00,33.00
6416,Runner,0.340,0.526,0.134,0.136,0.110,0.00,218.00
6417,Runner,0.340,0.525,0.134,0.131,0.115,0.00,64.00
6418,Pursuer,0.340,0.526,0.134,0.122,0.140,0.00,56.00
6419,Runner,0.340,0.525,0.134,0.156,0.087,0.00,278.00
6420,Pursuer,0.340,0.526,0.134,0.094,0.179,0.00,20.00
6421,Pursuer,0.340,0.526,0.134,0.154,0.146,0.00,793.00
6422,Pursuer,0.340,0.526,0.134,0.141,0.131,0.00,334.00
6423,Runner,0.340,0.526,0.134,0.151,0.141,3.94,216.00
6424,Pursuer,0.340,0.526,0.134,0.165,0.148,0.00,59.00
6425,Runner,0.340,0.526,0.134,0.160,0.169,1.20,238.00
6426,Runner,0.340,0.526,0.134,0.153,0.171,1.26,164.00
6427,Draw,0.340,0.525,0.134,0.150,0.145,4.60,999.00
6428,Runner,0.340,0.525,0.134,0.155,0.125,0.00,234.00
6429,Pursuer,0.340,0.525,0.134,0.124,0.123,0.00,116.00
6430,Runner,0.340,0.525,0.134,0.147,0.123,0.00,369.00
6431,Pursuer,0.340,0.525,0.134,0.147,0.146,0.00,164.00
6432,Runner,0.340,0.525,0.134,0.000,0.000,0.00,1.00
6433,Runner,0.341,0.525,0.134,0.151,0.144,5.18,496.00
6434,Runner,0.341,0.525,0.134,0.174,0.151,3.74,300.00
6435,Runner,0.341,0.525,0.134,0.153,0.112,0.00,101.00
6436,Runner,0.341,0.525,0.134,0.142,0.146,2.82,245.00
6437,Pursuer,0.341,0.525,0.134,0.155,0.134,0.00,253.00
6438,Runner,0.341,0.525,0.134,0.144,0.134,5.52,281.00
6439,Pursuer,0.341,0.525,0.134,0.157,0.136,0.00,290.00
6440,Pursuer,0.341,0.525,0.134,0.155,0.132,0.00,70.00
6441,Pursuer,0.341,0.525,0.134,0.146,0.055,0.00,79.00
6442,Runner,0.341,0.525,0.134,0.143,0.167,4.78,240.00
6443,Runner,0.341,0.525,0.134,0.137,0.153,1.58,223.00
6444,Pursuer,0.341,0.525,0.134,0.096,0.243,0.00,7.00
6445,Runner,0.341,0.525,0.134,0.000,0.000,0.00,1.00
6446,Runner,0.341,0.525,0.134,0.149,0.145,0.64,206.00
6447,Pursuer,0.341,0.525,0.134,0.197,0.138,0.00,127.00
6448,Pursuer,0.341,0.525,0.134,0.132,0.118,0.00,146.00
6449,Draw,0.341,0.525,0.134,0.135,0.138,0.00,999.00
6450,Runner,0.341,0.525,0.134,0.075,0.204,0.00,7.00
6451,Runner,0.341,0.525,0.134,0.175,0.118,2.90,337.00
6452,Pursuer,0.341,0.525,0.134,0.162,0.151,0.00,451.00
6453,Pursuer,0.341,0.525,0.134,0.140,0.142,0.00,55.00
6454,Draw,0.341,0.525,0.134,0.155,0.138,16.46,999.00
6455,Draw,0.341,0.525,0.134,0.127,0.133,17.04,999.00
6456,Runner,0.341,0.525,0.134,0.151,0.152,4.42,395.00
6457,Pursuer,0.341,0.525,0.134,0.123,0.164,0.00,88.00
6458,Pursuer,0.341,0.525,0.134,0.111,0.155,0.00,96.00
6459,Pursuer,0.341,0.525,0.134,0.114,0.139,0.00,71.00
6460,Runner,0.341,0.525,0.134,0.166,0.109,0.00,168.00
6461,Pursuer,0.341,0.525,0.134,0.194,0.155,0.00,84.00
6462,Pursuer,0.341,0.525,0.134,0.151,0.149,0.00,116.00
6463,Draw,0.341,0.525,0.134,0.149,0.151,0.00,999.00
6464,Draw,0.341,0.525,0.134,0.130,0.139,19.98,999.00
6465,Pursuer,0.341,0.525,0.134,0.120,0.126,0.00,8.00
6466,Draw,0.341,0.525,0.134,0.136,0.142,16.24,999.00
6467,Pursuer,0.341,0.525,0.134,0.114,0.130,0.00,163.00
6468,Pursuer,0.341,0.525,0.134,0.141,0.119,0.00,293.00
6469,Runner,0.341,0.525,0.134,0.155,0.133,0.00,135.00
6470,Runner,0.341,0.525,0.134,0.135,0.124,0.68,196.00
6471,Pursuer,0.341,0.525,0.134,0.000,0.000,0.00,1.00
6472,Pursuer,0.341,0.525,0.134,0.151,0.124,0.00,277.00
6473,Runner,0.341,0.525,0.134,0.143,0.143,0.66,408.00
6474,Runner,0.341,0.525,0.134,0.107,0.134,5.92,296.00
6475,Pursuer,0.341,0.525,0.134,0.138,0.138,0.00,377.00
6476,Pursuer,0.341,0.525,0.134,0.149,0.143,0.00,173.00
6477,Pursuer,0.341,0.525,0.134,0.149,0.124,0.00,361.00
6478,Runner,0.341,0.525,0.134,0.192,0.144,0.00,51.00
6479,Runner,0.341,0.525,0.134,0.135,0.156,5.44,531.00
6480,Pursuer,0.341,0.525,0.134,0.153,0.150,0.00,333.00
6481,Draw,0.341,0.525,0.134,0.148,0.155,5.70,999.00
6482,Pursuer,0.341,0.525,0.134,0.134,0.118,0.00,194.00
6483,Runner,0.341,0.525,0.134,0.050,0.135,0.00,3.00
6484,Runner,0.341,0.525,0.134,0.150,0.152,1.40,194.00
6485,Pursuer,0.341,0.525,0.134,0.125,0.133,0.00,156.00
6486,Pursuer,0.341,0.525,0.134,0.155,0.127,0.00,143.00
6487,Draw,0.341,0.525,0.134,0.141,0.144,15.66,999.00
6488,Pursuer,0.341,0.525,0.134,0.130,0.131,0.00,153.00
6489,Runner,0.341,0.525,0.134,0.150,0.133,1.64,272.00
6490,Pursuer,0.341,0.525,0.134,0.101,0.155,0.00,718.00
6491,Runner,0.341,0.525,0.134,0.124,0.158,1.28,177.00
6492,Pursuer,0.341,0.525,0.134,0.000,0.000,0.00,1.00
6493,Pursuer,0.341,0.525,0.134,0.156,0.150,0.00,666.00
6494,Pursuer,0.341,0.525,0.134,0.139,0.149,0.00,296.00
6495,Pursuer,0.341,0.525,0.134,0.147,0.147,0.00,507.00
6496,Pursuer,0.341,0.525,0.134,0.147,0.081,0.00,67.00
6497,Runner,0.341,0.525,0.134,0.140,0.149,2.72,342.00
6498,Pursuer,0.341,0.525,0.134,0.145,0.120,0.00,199.00
6499,Pursuer,0.341,0.525,0.134,0.162,0.110,0.00,49.00
6500,Pursuer,0.341,0.525,0.134,0.198,0.153,0.00,82.00
6501,Pursuer,0.341,0.525,0.134,0.161,0.143,0.00,598.00
6502,Pursuer,0.341,0.526,0.134,0.148,0.129,0.00,151.00
6503,Pursuer,0.340,0.526,0.134,0.151,0.138,0.00,228.00
6504,Runner,0.341,0.526,0.134,0.122,0.159,2.28,329.00
6505,Pursuer,0.341,0.526,0.134,0.135,0.150,0.00,823.00
6506,Pursuer,0.340,0.526,0.134,0.132,0.139,0.00,318.00
6507,Runner,0.341,0.526,0.134,0.169,0.123,2.36,216.00
6508,Runner,0.341,0.526,0.134,0.151,0.112,0.12,294.00
6509,Runner,0.341,0.525,0.134,0.138,0.128,0.00,276.00
6510,Runner,0.341,0.525,0.134,0.167,0.157,0.46,353.00
6511,Pursuer,0.341,0.525,0.134,0.129,0.156,0.00,196.00
6512,Draw,0.341,0.525,0.134,0.139,0.134,0.00,999.00
6513,Pursuer,0.341,0.525,0.134,0.140,0.146,0.00,346.00
6514,Runner,0.341,0.525,0.134,0.145,0.154,3.00,277.00
6515,Draw,0.341,0.525,0.134,0.145,0.144,16.24,999.00
6516,Pursuer,0.341,0.525,0.134,0.161,0.129,0.00,639.00
6517,Pursuer,0.341,0.525,0.134,0.156,0.158,0.00,991.00
6518,Pursuer,0.341,0.525,0.134,0.145,0.095,0.00,88.00
6519,Pursuer,0.341,0.526,0.134,0.119,0.164,0.00,173.00
6520,Pursuer,0.340,0.526,0.134,0.145,0.141,0.00,291.00
6521,Pursuer,0.340,0.526,0.134,0.257,0.421,0.00,3.00
6522,Pursuer,0.340,0.526,0.134,0.139,0.128,0.00,282.00
6523,Runner,0.340,0.526,0.134,0.154,0.131,0.00,422.00
6524,Pursuer,0.340,0.526,0.134,0.110,0.142,0.00,144.00
6525,Pursuer,0.340,0.526,0.134,0.134,0.087,0.00,412.00
6526,Runner,0.340,0.526,0.134,0.148,0.154,1.38,138.00
6527,Runner,0.341,0.526,0.134,0.145,0.131,2.82,321.00
6528,Runner,0.341,0.526,0.134,0.147,0.162,0.00,97.00
6529,Runner,0.341,0.526,0.134,0.150,0.146,0.00,65.00
6530,Pursuer,0.341,0.526,0.134,0.133,0.123,0.00,384.00
6531,Pursuer,0.341,0.526,0.134,0.195,0.147,0.00,146.00
6532,Runner,0.341,0.526,0.134,0.130,0.130,0.00,169.00
6533,Pursuer,0.341,0.526,0.134,0.129,0.131,0.00,42.00
6534,Pursuer,0.341,0.526,0.134,0.125,0.154,0.00,196.00
6535,Pursuer,0.341,0.526,0.134,0.174,0.117,0.00,77.00
6536,Runner,0.341,0.526,0.134,0.140,0.165,0.00,42.00
6537,Pursuer,0.341,0.526,0.134,0.146,0.145,0.00,257.00
6538,Pursuer,0.341,0.526,0.134,0.115,0.126,0.00,327.00
6539,Runner,0.341,0.526,0.134,0.188,0.101,0.00,11.00
6540,Pursuer,0.341,0.526,0.133,0.134,0.128,0.00,598.00
6541,Runner,0.341,0.526,0.133,0.137,0.128,1.76,190.00
6542,Pursuer,0.341,0.526,0.133,0.134,0.097,0.00,81.00
6543,Pursuer,0.341,0.526,0.133,0.136,0.131,0.00,311.00
6544,Pursuer,0.341,0.526,0.133,0.247,0.146,0.00,25.00
6545,Draw,0.341,0.526,0.134,0.151,0.140,18.38,999.00
6546,Pursuer,0.341,0.526,0.134,0.133,0.152,0.00,303.00
6547,Pursuer,0.340,0.526,0.133,0.178,0.139,0.00,117.00
6548,Pursuer,0.340,0.526,0.133,0.124,0.088,0.00,141.00
6549,Runner,0.341,0.526,0.133,0.138,0.143,1.08,330.00
6550,Runner,0.341,0.526,0.133,0.140,0.131,2.40,304.00
6551,Draw,0.341,0.526,0.134,0.134,0.149,14.06,999.00
6552,Runner,0.341,0.526,0.134,0.143,0.220,0.10,29.00
6553,Runner,0.341,0.526,0.134,0.142,0.101,0.00,207.00
6554,Pursuer,0.341,0.526,0.134,0.112,0.139,0.00,403.00
6555,Pursuer,0.341,0.526,0.133,0.140,0.163,0.00,174.00
6556,Runner,0.341,0.526,0.133,0.132,0.159,2.00,343.00
6557,Runner,0.341,0.526,0.133,0.140,0.129,0.00,309.00
6558,Pursuer,0.341,0.526,0.133,0.119,0.133,0.00,385.00
6559,Runner,0.341,0.526,0.133,0.156,0.135,0.00,215.00
6560,Pursuer,0.341,0.526,0.133,0.264,0.172,0.00,32.00
6561,Pursuer,0.341,0.526,0.133,0.145,0.128,0.00,141.00
6562,Pursuer,0.341,0.526,0.133,0.149,0.156,0.00,790.00
6563,Pursuer,0.341,0.526,0.133,0.132,0.151,0.00,128.00
6564,Runner,0.341,0.526,0.133,0.146,0.085,0.00,93.00
6565,Runner,0.341,0.526,0.133,0.109,0.123,0.00,353.00
6566,Runner,0.341,0.526,0.133,0.151,0.148,1.42,235.00
6567,Runner,0.341,0.526,0.133,0.167,0.172,1.34,67.00
6568,Pursuer,0.341,0.526,0.133,0.146,0.136,0.00,205.00
6569,Runner,0.341,0.526,0.133,0.163,0.176,2.22,111.00
6570,Pursuer,0.341,0.526,0.133,0.000,0.000,0.00,1.00
6571,Pursuer,0.341,0.526,0.133,0.151,0.088,0.00,230.00
6572,Pursuer,0.341,0.526,0.133,0.161,0.166,0.00,183.00
6573,Pursuer,0.341,0.526,0.133,0.146,0.147,0.00,357.00
6574,Pursuer,0.341,0.526,0.133,0.133,0.133,0.00,274.00
6575,Pursuer,0.341,0.526,0.133,0.132,0.184,0.00,141.00
6576,Pursuer,0.341,0.526,0.133,0.126,0.156,0.00,120.00
6577,Pursuer,0.341,0.526,0.133,0.106,0.125,0.00,96.00
6578,Pursuer,0.341,0.526,0.133,0.109,0.033,0.00,8.00
6579,Pursuer,0.341,0.526,0.133,0.115,0.216,0.00,7.00
6580,Pursuer,0.341,0.526,0.133,0.154,0.110,0.00,108.00
6581,Pursuer,0.341,0.527,0.133,0.151,0.120,0.00,161.00
6582,Runner,0.341,0.526,0.133,0.146,0.163,3.00,209.00
6583,Runner,0.341,0.526,0.133,0.142,0.141,3.10,225.00
6584,Pursuer,0.341,0.526,0.133,0.140,0.129,0.00,233.00
6585,Runner,0.341,0.526,0.133,0.141,0.169,4.16,273.00
6586,Pursuer,0.341,0.526,0.133,0.156,0.137,0.00,296.00
6587,Pursuer,0.341,0.526,0.133,0.062,0.100,0.00,7.00
6588,Pursuer,0.341,0.527,0.133,0.118,0.125,0.00,43.00
6589,Runner,0.341,0.526,0.133,0.160,0.145,5.78,358.00
6590,Runner,0.341,0.526,0.133,0.167,0.132,2.66,157.00
6591,Draw,0.341,0.526,0.133,0.145,0.128,3.56,999.00
6592,Runner,0.341,0.526,0.133,0.143,0.118,2.42,523.00
6593,Runner,0.341,0.526,0.133,0.122,0.171,0.04,183.00
6594,Pursuer,0.341,0.526,0.133,0.150,0.121,0.00,344.00
6595,Runner,0.341,0.526,0.133,0.155,0.096,0.46,232.00
6596,Pursuer,0.341,0.526,0.133,0.145,0.125,0.00,86.00
6597,Pursuer,0.341,0.526,0.133,0.150,0.119,0.00,63.00
6598,Draw,0.341,0.526,0.133,0.153,0.150,18.08,999.00
6599,Pursuer,0.341,0.526,0.133,0.147,0.155,0.00,190.00
6600,Runner,0.341,0.526,0.133,0.137,0.130,0.00,305.00
6601,Pursuer,0.341,0.526,0.133,0.154,0.138,0.00,11.00
6602,Runner,0.341,0.526,0.133,0.210,0.104,0.00,29.00
6603,Runner,0.341,0.526,0.133,0.137,0.150,4.02,734.00
6604,Pursuer,0.341,0.526,0.133,0.140,0.120,0.00,340.00
6605,Pursuer,0.341,0.526,0.133,0.147,0.164,0.00,351.00
6606,Runner,0.341,0.526,0.133,0.140,0.179,0.00,92.00
6607,Pursuer,0.341,0.526,0.133,0.151,0.135,0.00,739.00
6608,Pursuer,0.341,0.526,0.133,0.151,0.127,0.00,280.00
6609,Runner,0.341,0.526,0.133,0.136,0.190,2.86,171.00
6610,Runner,0.341,0.526,0.133,0.121,0.123,2.90,388.00
6611,Runner,0.341,0.526,0.133,0.135,0.148,0.00,233.00
6612,Pursuer,0.341,0.526,0.133,0.169,0.157,0.00,272.00
6613,Pursuer,0.341,0.526,0.133,0.167,0.148,0.00,187.00
6614,Runner,0.341,0.526,0.133,0.131,0.129,1.28,149.00
6615,Runner,0.341,0.526,0.133,0.143,0.129,5.14,263.00
6616,Runner,0.341,0.526,0.133,0.130,0.154,1.84,92.00
6617,Pursuer,0.341,0.526,0.133,0.147,0.132,0.00,274.00
6618,Pursuer,0.341,0.526,0.133,0.151,0.156,0.00,714.00
6619,Runner,0.341,0.526,0.132,0.084,0.149,0.00,44.00
6620,Pursuer,0.341,0.526,0.132,0.142,0.150,0.00,134.00
6621,Runner,0.341,0.526,0.132,0.165,0.142,0.42,280.00
6622,Pursuer,0.341,0.526,0.132,0.152,0.141,0.00,158.00
6623,Runner,0.342,0.526,0.132,0.142,0.163,4.46,223.00
6624,Pursuer,0.341,0.526,0.132,0.182,0.183,0.00,95.00
6625,Runner,0.342,0.526,0.132,0.139,0.126,0.00,169.00
6626,Pursuer,0.342,0.526,0.132,0.151,0.133,0.00,612.00
6627,Pursuer,0.341,0.526,0.132,0.150,0.154,0.00,774.00
6628,Pursuer,0.341,0.526,0.132,0.090,0.205,0.00,9.00
6629,Runner,0.342,0.526,0.132,0.156,0.117,0.00,255.00
6630,Pursuer,0.341,0.526,0.132,0.197,0.140,0.00,134.00
6631,Pursuer,0.341,0.526,0.132,0.149,0.121,0.00,210.00
6632,Pursuer,0.341,0.526,0.132,0.133,0.169,0.00,14.00
6633,Pursuer,0.341,0.526,0.132,0.136,0.133,0.00,192.00
6634,Runner,0.341,0.526,0.132,0.000,0.000,0.02,1.00
6635,Pursuer,0.341,0.526,0.132,0.108,0.112,0.00,82.00
6636,Draw,0.341,0.526,0.132,0.153,0.128,15.20,999.00
6637,Runner,0.341,0.526,0.132,0.141,0.113,0.00,85.00
6638,Draw,0.341,0.526,0.132,0.149,0.151,19.66,999.00
6639,Pursuer,0.341,0.526,0.132,0.114,0.151,0.00,87.00
6640,Runner,0.341,0.526,0.132,0.148,0.126,1.14,57.00
6641,Runner,0.342,0.526,0.132,0.114,0.141,0.00,49.00
6642,Runner,0.342,0.526,0.132,0.139,0.138,0.00,127.00
6643,Pursuer,0.342,0.526,0.132,0.192,0.154,0.00,13.00
6644,Pursuer,0.342,0.526,0.132,0.176,0.138,0.00,191.00
6645,Runner,0.342,0.526,0.132,0.121,0.139,1.96,399.00
6646,Pursuer,0.342,0.526,0.132,0.150,0.132,0.00,180.00
6647,Pursuer,0.342,0.526,0.132,0.115,0.132,0.00,123.00
6648,Runner,0.342,0.526,0.132,0.112,0.115,1.84,373.00
6649,Runner,0.342,0.526,0.132,0.138,0.132,0.18,51.00
6650,Runner,0.342,0.526,0.132,0.105,0.130,0.00,132.00
6651,Pursuer,0.342,0.526,0.132,0.000,0.000,0.00,1.00
6652,Runner,0.342,0.526,0.132,0.145,0.143,1.86,93.00
6653,Runner,0.342,0.526,0.132,0.127,0.149,0.00,313.00
6654,Runner,0.342,0.526,0.132,0.121,0.132,3.46,287.00
6655,Runner,0.342,0.526,0.132,0.158,0.138,5.02,251.00
6656,Pursuer,0.342,0.526,0.132,0.152,0.143,0.00,767.00
6657,Pursuer,0.342,0.526,0.132,0.213,0.139,0.00,40.00
6658,Pursuer,0.342,0.526,0.132,0.134,0.151,0.00,204.00
6659,Runner,0.342,0.526,0.132,0.154,0.127,0.92,294.00
6660,Pursuer,0.342,0.526,0.132,0.142,0.146,0.00,344.00
6661,Runner,0.342,0.526,0.132,0.000,0.000,0.00,1.00
6662,Draw,0.342,0.526,0.132,0.133,0.098,0.00,999.00
6663,Pursuer,0.342,0.526,0.132,0.137,0.108,0.00,133.00
6664,Pursuer,0.342,0.526,0.132,0.170,0.179,0.00,91.00
6665,Pursuer,0.342,0.526,0.132,0.132,0.126,0.00,152.00
6666,Pursuer,0.342,0.526,0.132,0.184,0.117,0.00,196.00
6667,Draw,0.342,0.526,0.132,0.150,0.141,16.36,999.00
6668,Runner,0.342,0.526,0.132,0.173,0.120,3.28,167.00
6669,Runner,0.342,0.526,0.132,0.136,0.099,0.00,190.00
6670,Pursuer,0.342,0.526,0.132,0.134,0.119,0.00,78.00
6671,Pursuer,0.342,0.526,0.132,0.243,0.255,0.00,17.00
6672,Pursuer,0.342,0.526,0.132,0.143,0.149,0.00,410.00
6673,Draw,0.342,0.526,0.132,0.145,0.117,0.00,999.00
6674,Draw,0.342,0.526,0.132,0.165,0.146,19.98,999.00
6675,Runner,0.342,0.526,0.132,0.147,0.122,2.08,180.00
6676,Pursuer,0.342,0.526,0.132,0.151,0.142,0.00,63.00
6677,Pursuer,0.342,0.526,0.132,0.142,0.140,0.00,602.00
6678,Pursuer,0.342,0.526,0.132,0.145,0.153,0.00,110.00
6679,Pursuer,0.342,0.526,0.132,0.154,0.144,0.00,665.00
6680,Runner,0.342,0.526,0.132,0.140,0.131,4.88,244.00
6681,Runner,0.342,0.526,0.132,0.146,0.130,6.52,328.00
6682,Runner,0.342,0.526,0.132,0.136,0.111,0.00,375.00
6683,Pursuer,0.342,0.526,0.132,0.140,0.135,0.00,295.00
6684,Pursuer,0.342,0.526,0.132,0.156,0.113,0.00,169.00
6685,Pursuer,0.342,0.526,0.132,0.161,0.128,0.00,106.00
6686,Pursuer,0.342,0.526,0.132,0.183,0.125,0.00,66.00
6687,Runner,0.342,0.526,0.132,0.000,0.000,0.00,1.00
6688,Runner,0.342,0.526,0.132,0.127,0.151,3.26,370.00
6689,Runner,0.342,0.526,0.132,0.116,0.119,0.00,106.00
6690,Pursuer,0.342,0.526,0.132,0.105,0.137,0.00,118.00
6691,Runner,0.342,0.526,0.132,0.176,0.144,1.92,189.00
6692,Runner,0.342,0.526,0.132,0.179,0.169,1.06,133.00
6693,Runner,0.342,0.526,0.132,0.152,0.155,0.00,280.00
6694,Runner,0.342,0.526,0.132,0.130,0.150,0.00,235.00
6695,Runner,0.342,0.526,0.132,0.120,0.154,6.32,415.00
6696,Runner,0.343,0.526,0.132,0.145,0.141,2.94,241.00
6697,Pursuer,0.343,0.526,0.132,0.154,0.155,0.00,600.00
6698,Pursuer,0.342,0.526,0.132,0.136,0.148,0.00,69.00
6699,Runner,0.343,0.526,0.132,0.150,0.105,0.00,181.00
6700,Pursuer,0.343,0.526,0.132,0.144,0.134,0.00,192.00
6701,Pursuer,0.342,0.526,0.132,0.147,0.135,0.00,225.00
6702,Pursuer,0.342,0.526,0.132,0.120,0.138,0.00,205.00
6703,Pursuer,0.342,0.526,0.132,0.154,0.160,0.00,28.00
6704,Pursuer,0.342,0.526,0.132,0.145,0.137,0.00,294.00
6705,Runner,0.342,0.526,0.132,0.158,0.141,4.26,290.00
6706,Pursuer,0.342,0.526,0.132,0.155,0.128,0.00,92.00
6707,Pursuer,0.342,0.526,0.132,0.125,0.146,0.00,136.00
6708,Pursuer,0.342,0.526,0.132,0.113,0.103,0.00,98.00
6709,Pursuer,0.342,0.526,0.132,0.125,0.172,0.00,174.00
6710,Runner,0.342,0.526,0.132,0.149,0.125,0.52,205.00
6711,Runner,0.342,0.526,0.132,0.000,0.000,0.00,1.00
6712,Runner,0.343,0.526,0.132,0.138,0.153,1.86,330.00
6713,Runner,0.343,0.526,0.132,0.152,0.142,0.00,13.00
6714,Pursuer,0.343,0.526,0.132,0.155,0.145,0.00,51.00
6715,Runner,0.343,0.526,0.131,0.141,0.130,0.46,211.00
6716,Pursuer,0.343,0.526,0.131,0.155,0.162,0.00,97.00
6717,Runner,0.343,0.526,0.131,0.151,0.143,5.62,281.00
6718,Pursuer,0.343,0.526,0.131,0.169,0.146,0.00,91.00
6719,Pursuer,0.343,0.526,0.131,0.161,0.132,0.00,80.00
6720,Pursuer,0.343,0.526,0.131,0.105,0.061,0.00,92.00
6721,Pursuer,0.343,0.526,0.131,0.149,0.117,0.00,125.00
6722,Runner,0.343,0.526,0.131,0.146,0.154,6.94,347.00
6723,Runner,0.343,0.526,0.131,0.135,0.116,0.00,320.00
6724,Runner,0.343,0.526,0.131,0.138,0.144,2.64,142.00
6725,Pursuer,0.343,0.526,0.131,0.151,0.142,0.00,506.00
6726,Runner,0.343,0.526,0.131,0.119,0.112,0.52,58.00
6727,Runner,0.343,0.526,0.131,0.140,0.156,2.16,184.00
6728,Pursuer,0.343,0.526,0.131,0.175,0.157,0.00,271.00
6729,Pursuer,0.343,0.526,0.131,0.064,0.159,0.00,5.00
6730,Runner,0.343,0.526,0.131,0.149,0.121,0.00,109.00
6731,Pursuer,0.343,0.526,0.131,0.132,0.126,0.00,215.00
6732,Runner,0.343,0.526,0.131,0.136,0.160,5.02,268.00
6733,Pursuer,0.343,0.526,0.131,0.105,0.149,0.00,421.00
6734,Pursuer,0.343,0.526,0.131,0.136,0.162,0.00,70.00
6735,Runner,0.343,0.526,0.131,0.125,0.115,0.00,314.00
6736,Runner,0.343,0.526,0.131,0.198,0.206,2.28,114.00
6737,Pursuer,0.343,0.526,0.131,0.138,0.116,0.00,48.00
6738,Runner,0.343,0.526,0.131,0.000,0.000,0.00,1.00
6739,Runner,0.343,0.526,0.131,0.137,0.126,0.00,281.00
6740,Runner,0.343,0.526,0.131,0.111,0.144,0.70,35.00
6741,Runner,0.343,0.526,0.131,0.163,0.158,1.52,123.00
6742,Pursuer,0.343,0.526,0.131,0.119,0.124,0.00,377.00
6743,Pursuer,0.343,0.526,0.131,0.145,0.130,0.00,88.00
6744,Pursuer,0.343,0.526,0.131,0.175,0.146,0.00,176.00
6745,Runner,0.343,0.526,0.131,0.149,0.132,0.00,68.00
6746,Pursuer,0.343,0.526,0.131,0.142,0.158,0.00,350.00
6747,Runner,0.343,0.526,0.131,0.146,0.131,3.54,266.00
6748,Runner,0.344,0.526,0.131,0.206,0.213,0.00,15.00
6749,Runner,0.344,0.526,0.131,0.120,0.170,4.40,230.00
