Episode,Winner,RunnerAcc,PursuerAcc,RunnerJitter,PursuerJitter,NearMissTime
1,Pursuer,0.000,1.000,0.222,0.732,0.00
2,Pursuer,0.000,1.000,0.290,0.347,0.00
3,Runner,0.333,0.667,0.000,0.000,0.00
4,Runner,0.500,0.500,0.130,0.148,0.00
5,Pursuer,0.400,0.600,0.152,0.154,0.00
6,Runner,0.500,0.500,0.168,0.140,0.00
7,Pursuer,0.429,0.571,0.153,0.179,0.00
8,Pursuer,0.375,0.625,0.147,0.146,0.00
9,Pursuer,0.333,0.667,0.087,0.069,0.00
10,Pursuer,0.300,0.700,0.140,0.151,0.00
11,Draw,0.273,0.636,0.147,0.154,0.00
12,Draw,0.250,0.583,0.151,0.156,0.00
13,Draw,0.231,0.538,0.153,0.161,14.90
14,Draw,0.214,0.500,0.158,0.156,5.42
15,Draw,0.200,0.467,0.158,0.157,19.96
16,Draw,0.188,0.438,0.159,0.155,0.00
17,Draw,0.176,0.412,0.144,0.157,0.00
18,Draw,0.167,0.389,0.163,0.152,0.00
19,Draw,0.158,0.368,0.134,0.140,0.00
20,Draw,0.150,0.350,0.161,0.152,2.22
21,Pursuer,0.143,0.381,0.000,0.000,0.00
22,Draw,0.136,0.364,0.148,0.156,15.22
23,Draw,0.130,0.348,0.143,0.144,2.30
24,Draw,0.125,0.333,0.154,0.140,10.02
25,Draw,0.120,0.320,0.151,0.149,0.00
26,Draw,0.115,0.308,0.152,0.160,0.00
27,Draw,0.111,0.296,0.168,0.159,0.00
28,Draw,0.107,0.286,0.150,0.145,0.00
29,Draw,0.103,0.276,0.150,0.146,15.86
30,Draw,0.100,0.267,0.146,0.145,0.00
31,Draw,0.097,0.258,0.147,0.141,0.00
32,Draw,0.094,0.250,0.158,0.150,0.50
33,Draw,0.091,0.242,0.146,0.140,6.74
34,Draw,0.088,0.235,0.156,0.141,0.00
35,Draw,0.086,0.229,0.156,0.151,0.90
36,Draw,0.083,0.222,0.156,0.143,3.78
37,Draw,0.081,0.216,0.137,0.154,0.00
38,Pursuer,0.079,0.237,0.000,0.000,0.00
39,Draw,0.077,0.231,0.162,0.137,0.00
40,Draw,0.075,0.225,0.155,0.154,0.12
41,Draw,0.073,0.220,0.145,0.154,14.40
42,Runner,0.095,0.214,0.000,0.000,0.00
43,Draw,0.093,0.209,0.156,0.150,0.00
44,Draw,0.091,0.205,0.159,0.146,0.00
45,Pursuer,0.089,0.222,0.000,0.000,0.00
46,Draw,0.087,0.217,0.153,0.154,15.88
47,Pursuer,0.085,0.234,0.136,0.151,0.00
48,Runner,0.104,0.229,0.131,0.055,0.22
49,Pursuer,0.102,0.245,0.150,0.155,0.00
50,Draw,0.100,0.240,0.158,0.149,0.00
51,Draw,0.098,0.235,0.149,0.143,18.90
52,Draw,0.096,0.231,0.149,0.150,0.00
53,Draw,0.094,0.226,0.158,0.147,0.00
54,Draw,0.093,0.222,0.143,0.153,0.00
55,Draw,0.091,0.218,0.151,0.163,1.98
56,Draw,0.089,0.214,0.152,0.144,0.00
57,Draw,0.088,0.211,0.149,0.174,0.00
58,Draw,0.086,0.207,0.159,0.158,0.00
59,Draw,0.085,0.203,0.149,0.151,0.00
60,Draw,0.083,0.200,0.137,0.157,0.00
61,Pursuer,0.082,0.213,0.156,0.124,0.00
62,Runner,0.097,0.210,0.157,0.153,0.00
63,Draw,0.095,0.206,0.161,0.148,0.00
64,Draw,0.094,0.203,0.149,0.142,19.98
65,Draw,0.092,0.200,0.142,0.149,0.00
66,Draw,0.091,0.197,0.168,0.158,0.00
67,Draw,0.090,0.194,0.157,0.156,2.76
68,Draw,0.088,0.191,0.144,0.147,14.64
69,Draw,0.087,0.188,0.155,0.150,14.54
70,Draw,0.086,0.186,0.147,0.152,5.56
71,Draw,0.085,0.183,0.147,0.135,0.00
72,Draw,0.083,0.181,0.159,0.154,0.00
73,Draw,0.082,0.178,0.149,0.148,0.00
74,Draw,0.081,0.176,0.150,0.151,0.00
75,Draw,0.080,0.173,0.146,0.163,0.00
76,Pursuer,0.079,0.184,0.000,0.000,0.00
77,Draw,0.078,0.182,0.141,0.159,0.00
78,Pursuer,0.077,0.192,0.000,0.000,0.00
79,Draw,0.076,0.190,0.151,0.141,0.00
80,Draw,0.075,0.188,0.141,0.160,3.42
81,Pursuer,0.074,0.198,0.150,0.139,0.00
82,Draw,0.073,0.195,0.157,0.154,19.98
83,Draw,0.072,0.193,0.146,0.144,1.10
84,Pursuer,0.071,0.202,0.144,0.149,0.00
85,Runner,0.082,0.200,0.153,0.168,0.00
86,Runner,0.093,0.198,0.149,0.148,0.00
87,Runner,0.103,0.195,0.155,0.155,0.00
88,Draw,0.102,0.193,0.157,0.158,0.00
89,Draw,0.101,0.191,0.139,0.142,0.00
90,Draw,0.100,0.189,0.151,0.140,4.94
91,Draw,0.099,0.187,0.141,0.142,0.00
92,Draw,0.098,0.185,0.154,0.160,12.96
93,Draw,0.097,0.183,0.161,0.148,0.00
94,Draw,0.096,0.181,0.137,0.142,0.00
95,Draw,0.095,0.179,0.162,0.154,0.00
96,Draw,0.094,0.177,0.156,0.159,0.00
97,Draw,0.093,0.175,0.155,0.152,3.50
98,Pursuer,0.092,0.184,0.149,0.148,0.00
99,Draw,0.091,0.182,0.142,0.138,0.00
100,Draw,0.090,0.180,0.157,0.159,0.00
101,Draw,0.089,0.178,0.151,0.152,0.00
102,Draw,0.088,0.176,0.156,0.148,0.00
103,Pursuer,0.087,0.184,0.168,0.133,0.00
104,Draw,0.087,0.183,0.153,0.146,0.00
105,Draw,0.086,0.181,0.144,0.158,3.54
106,Draw,0.085,0.179,0.152,0.153,0.00
107,Draw,0.084,0.178,0.159,0.149,0.00
108,Draw,0.083,0.176,0.163,0.155,11.68
109,Draw,0.083,0.174,0.139,0.166,0.00
110,Draw,0.082,0.173,0.138,0.144,0.00
111,Draw,0.081,0.171,0.148,0.145,0.38
112,Draw,0.080,0.170,0.147,0.146,0.00
113,Draw,0.080,0.168,0.144,0.140,0.00
114,Pursuer,0.079,0.175,0.150,0.140,0.00
115,Draw,0.078,0.174,0.158,0.149,0.00
116,Pursuer,0.078,0.181,0.000,0.000,0.00
117,Draw,0.077,0.179,0.146,0.147,0.00
118,Draw,0.076,0.178,0.139,0.154,3.98
119,Pursuer,0.076,0.185,0.159,0.141,0.00
120,Draw,0.075,0.183,0.154,0.155,0.06
121,Draw,0.074,0.182,0.154,0.156,0.00
122,Draw,0.074,0.180,0.160,0.142,13.72
123,Draw,0.073,0.179,0.162,0.142,0.00
124,Draw,0.073,0.177,0.154,0.152,0.00
125,Draw,0.072,0.176,0.155,0.150,0.00
126,Draw,0.071,0.175,0.141,0.145,5.50
127,Draw,0.071,0.173,0.147,0.163,0.00
128,Draw,0.070,0.172,0.147,0.146,13.96
129,Draw,0.070,0.171,0.150,0.147,0.00
130,Draw,0.069,0.169,0.144,0.159,12.90
131,Pursuer,0.069,0.176,0.086,0.093,0.00
132,Runner,0.076,0.174,0.154,0.154,0.00
133,Pursuer,0.075,0.180,0.118,0.089,0.00
134,Draw,0.075,0.179,0.154,0.154,3.16
135,Runner,0.081,0.178,0.130,0.153,0.00
136,Draw,0.081,0.176,0.144,0.153,2.22
137,Draw,0.080,0.175,0.140,0.160,0.00
138,Runner,0.087,0.174,0.124,0.172,0.00
139,Draw,0.086,0.173,0.150,0.151,0.00
140,Pursuer,0.086,0.179,0.041,0.076,0.00
141,Draw,0.085,0.177,0.156,0.150,0.00
142,Draw,0.085,0.176,0.152,0.145,0.00
143,Pursuer,0.084,0.182,0.162,0.154,0.00
144,Pursuer,0.083,0.188,0.149,0.151,0.00
145,Pursuer,0.083,0.193,0.146,0.147,0.00
146,Pursuer,0.082,0.199,0.158,0.149,0.00
147,Pursuer,0.082,0.204,0.141,0.009,0.00
148,Pursuer,0.081,0.209,0.145,0.086,0.00
149,Draw,0.081,0.208,0.149,0.145,0.00
150,Draw,0.080,0.207,0.150,0.149,0.00
151,Draw,0.079,0.205,0.135,0.160,2.00
152,Draw,0.079,0.204,0.164,0.141,3.56
153,Pursuer,0.078,0.209,0.136,0.152,0.00
154,Draw,0.078,0.208,0.161,0.142,0.00
155,Draw,0.077,0.206,0.160,0.148,14.74
156,Draw,0.077,0.205,0.154,0.144,0.00
157,Pursuer,0.076,0.210,0.067,0.066,0.00
158,Draw,0.076,0.209,0.149,0.154,15.14
159,Runner,0.082,0.208,0.146,0.140,1.02
160,Draw,0.081,0.206,0.150,0.163,8.72
161,Draw,0.081,0.205,0.150,0.145,7.92
162,Runner,0.086,0.204,0.130,0.145,0.00
163,Draw,0.086,0.202,0.145,0.159,0.00
164,Draw,0.085,0.201,0.156,0.158,9.22
165,Runner,0.091,0.200,0.161,0.141,0.00
166,Draw,0.090,0.199,0.155,0.161,0.00
167,Draw,0.090,0.198,0.159,0.157,0.00
168,Pursuer,0.089,0.202,0.150,0.145,0.00
169,Runner,0.095,0.201,0.149,0.140,0.00
170,Pursuer,0.094,0.206,0.152,0.148,0.00
171,Pursuer,0.094,0.211,0.157,0.171,0.00
172,Pursuer,0.093,0.215,0.114,0.039,0.00
173,Draw,0.092,0.214,0.150,0.158,3.12
174,Draw,0.092,0.213,0.151,0.156,0.00
175,Draw,0.091,0.211,0.148,0.147,1.22
176,Pursuer,0.091,0.216,0.000,0.000,0.00
177,Pursuer,0.090,0.220,0.128,0.147,0.00
178,Draw,0.090,0.219,0.151,0.156,7.02
179,Pursuer,0.089,0.223,0.166,0.147,0.00
180,Draw,0.089,0.222,0.140,0.142,4.20
181,Runner,0.094,0.221,0.148,0.159,0.00
182,Pursuer,0.093,0.225,0.279,0.175,0.00
183,Draw,0.093,0.224,0.143,0.143,0.58
184,Draw,0.092,0.223,0.154,0.150,14.92
185,Draw,0.092,0.222,0.160,0.151,19.74
186,Draw,0.091,0.220,0.147,0.163,0.00
187,Draw,0.091,0.219,0.149,0.155,7.76
188,Draw,0.090,0.218,0.145,0.150,11.08
189,Draw,0.090,0.217,0.146,0.157,0.00
190,Draw,0.089,0.216,0.151,0.159,11.50
191,Draw,0.089,0.215,0.142,0.141,11.18
192,Draw,0.089,0.214,0.143,0.157,2.58
193,Draw,0.088,0.212,0.150,0.154,3.04
194,Pursuer,0.088,0.216,0.146,0.157,0.00
195,Draw,0.087,0.215,0.147,0.161,1.74
196,Draw,0.087,0.214,0.157,0.161,14.62
197,Runner,0.091,0.213,0.152,0.154,0.00
198,Draw,0.091,0.212,0.140,0.144,11.92
199,Runner,0.095,0.211,0.154,0.147,3.88
200,Draw,0.095,0.210,0.154,0.156,6.40
201,Draw,0.095,0.209,0.162,0.158,9.50
202,Draw,0.094,0.208,0.150,0.148,0.00
203,Pursuer,0.094,0.212,0.128,0.154,0.00
204,Draw,0.093,0.211,0.142,0.142,12.84
205,Draw,0.093,0.210,0.159,0.161,0.02
206,Draw,0.092,0.209,0.153,0.154,5.62
207,Draw,0.092,0.208,0.158,0.164,9.18
208,Pursuer,0.091,0.212,0.000,0.000,0.00
209,Draw,0.091,0.211,0.154,0.143,0.00
210,Draw,0.090,0.210,0.154,0.149,8.42
211,Draw,0.090,0.209,0.144,0.152,10.06
212,Draw,0.090,0.208,0.138,0.153,0.00
213,Pursuer,0.089,0.211,0.000,0.000,0.00
214,Draw,0.089,0.210,0.146,0.152,17.82
215,Pursuer,0.088,0.214,0.146,0.145,0.00
216,Draw,0.088,0.213,0.152,0.154,0.00
217,Draw,0.088,0.212,0.153,0.148,0.00
218,Draw,0.087,0.211,0.150,0.147,3.16
219,Pursuer,0.087,0.215,0.160,0.138,0.00
220,Draw,0.086,0.214,0.155,0.147,3.52
221,Draw,0.086,0.213,0.149,0.155,0.00
222,Draw,0.086,0.212,0.147,0.147,2.66
223,Pursuer,0.085,0.215,0.107,0.158,0.00
224,Draw,0.085,0.214,0.153,0.144,1.36
225,Draw,0.084,0.213,0.145,0.150,0.00
226,Pursuer,0.084,0.217,0.145,0.162,0.00
227,Pursuer,0.084,0.220,0.146,0.133,0.00
228,Draw,0.083,0.219,0.140,0.147,7.06
229,Draw,0.083,0.218,0.146,0.141,9.00
230,Draw,0.083,0.217,0.147,0.153,0.00
231,Draw,0.082,0.216,0.153,0.148,2.18
232,Draw,0.082,0.216,0.155,0.145,0.00
233,Runner,0.086,0.215,0.135,0.151,0.18
234,Pursuer,0.085,0.218,0.205,0.154,0.00
235,Draw,0.085,0.217,0.147,0.156,15.82
236,Draw,0.085,0.216,0.146,0.152,0.00
237,Draw,0.084,0.215,0.156,0.149,0.00
238,Draw,0.084,0.214,0.143,0.156,14.72
239,Draw,0.084,0.213,0.153,0.144,0.00
240,Draw,0.083,0.213,0.153,0.158,0.00
241,Pursuer,0.083,0.216,0.141,0.132,0.00
242,Draw,0.083,0.215,0.140,0.162,9.90
243,Pursuer,0.082,0.218,0.141,0.150,0.00
244,Draw,0.082,0.217,0.152,0.141,0.00
245,Runner,0.086,0.216,0.150,0.143,0.00
246,Pursuer,0.085,0.220,0.147,0.152,0.00
247,Runner,0.089,0.219,0.138,0.143,3.08
248,Draw,0.089,0.218,0.169,0.148,0.56
249,Pursuer,0.088,0.221,0.146,0.140,0.00
250,Draw,0.088,0.220,0.143,0.152,0.00
251,Pursuer,0.088,0.223,0.153,0.150,0.00
252,Runner,0.091,0.222,0.564,0.057,0.00
253,Draw,0.091,0.221,0.158,0.142,12.92
254,Runner,0.094,0.220,0.152,0.141,12.46
255,Pursuer,0.094,0.224,0.163,0.141,0.00
256,Pursuer,0.094,0.227,0.163,0.159,0.00
257,Draw,0.093,0.226,0.148,0.145,3.66
258,Runner,0.097,0.225,0.157,0.145,0.00
259,Runner,0.100,0.224,0.123,0.143,1.38
260,Pursuer,0.100,0.227,0.157,0.155,0.00
261,Pursuer,0.100,0.230,0.132,0.148,0.00
262,Draw,0.099,0.229,0.147,0.150,17.68
263,Runner,0.103,0.228,0.159,0.151,0.00
264,Runner,0.106,0.227,0.131,0.147,0.00
265,Runner,0.109,0.226,0.140,0.180,0.00
266,Pursuer,0.109,0.229,0.160,0.153,0.00
267,Draw,0.109,0.228,0.142,0.142,5.20
268,Pursuer,0.108,0.231,0.126,0.182,0.00
269,Pursuer,0.108,0.234,0.144,0.138,0.00
270,Runner,0.111,0.233,0.141,0.159,1.48
271,Runner,0.114,0.232,0.105,0.132,0.72
272,Runner,0.118,0.232,0.150,0.154,0.00
273,Pursuer,0.117,0.234,0.138,0.158,0.00
274,Draw,0.117,0.234,0.148,0.142,9.56
275,Runner,0.120,0.233,0.158,0.144,0.00
276,Draw,0.120,0.232,0.136,0.141,6.54
277,Runner,0.123,0.231,0.152,0.158,2.94
278,Draw,0.122,0.230,0.142,0.155,2.58
279,Draw,0.122,0.229,0.145,0.150,0.00
280,Runner,0.125,0.229,0.146,0.156,1.06
281,Runner,0.128,0.228,0.142,0.143,7.60
282,Draw,0.128,0.227,0.153,0.156,12.40
283,Pursuer,0.127,0.230,0.131,0.135,0.00
284,Pursuer,0.127,0.232,0.156,0.141,0.00
285,Runner,0.130,0.232,0.168,0.137,0.00
286,Draw,0.129,0.231,0.141,0.151,0.00
287,Pursuer,0.129,0.233,0.169,0.155,0.00
288,Pursuer,0.128,0.236,0.148,0.146,0.00
289,Draw,0.128,0.235,0.149,0.148,0.00
290,Pursuer,0.128,0.238,0.000,0.000,0.00
291,Draw,0.127,0.237,0.136,0.154,12.78
292,Draw,0.127,0.236,0.152,0.148,2.42
293,Runner,0.130,0.235,0.147,0.144,2.04
294,Pursuer,0.129,0.238,0.257,0.113,0.00
295,Draw,0.129,0.237,0.142,0.156,17.50
296,Runner,0.132,0.236,0.145,0.151,1.36
297,Draw,0.131,0.236,0.151,0.142,14.76
298,Pursuer,0.131,0.238,0.154,0.121,0.00
299,Draw,0.130,0.237,0.144,0.143,0.00
300,Draw,0.130,0.237,0.144,0.139,10.24
301,Pursuer,0.130,0.239,0.000,0.000,0.00
302,Runner,0.132,0.238,0.160,0.156,0.00
303,Pursuer,0.132,0.241,0.151,0.160,0.00
304,Pursuer,0.132,0.243,0.149,0.150,0.00
305,Pursuer,0.131,0.246,0.235,0.146,0.00
306,Draw,0.131,0.245,0.158,0.146,0.00
307,Draw,0.130,0.244,0.153,0.147,16.18
308,Pursuer,0.130,0.247,0.264,0.190,0.00
309,Draw,0.129,0.246,0.145,0.161,0.00
310,Pursuer,0.129,0.248,0.026,0.017,0.00
311,Draw,0.129,0.248,0.154,0.154,6.26
312,Draw,0.128,0.247,0.150,0.152,14.82
313,Pursuer,0.128,0.249,0.167,0.145,0.00
314,Runner,0.131,0.248,0.159,0.153,0.00
315,Draw,0.130,0.248,0.147,0.162,0.00
316,Draw,0.130,0.247,0.164,0.148,0.00
317,Runner,0.132,0.246,0.153,0.145,10.50
318,Pursuer,0.132,0.248,0.148,0.159,0.00
319,Draw,0.132,0.248,0.153,0.162,0.00
320,Pursuer,0.131,0.250,0.135,0.131,0.00
321,Draw,0.131,0.249,0.151,0.161,4.68
322,Pursuer,0.130,0.252,0.141,0.150,0.00
323,Draw,0.130,0.251,0.156,0.147,1.52
324,Pursuer,0.130,0.253,0.147,0.143,0.00
325,Draw,0.129,0.252,0.148,0.155,6.66
326,Pursuer,0.129,0.255,0.158,0.164,0.00
327,Pursuer,0.128,0.257,0.157,0.152,0.00
328,Pursuer,0.128,0.259,0.107,0.069,0.00
329,Runner,0.131,0.258,0.000,0.000,0.00
330,Runner,0.133,0.258,0.145,0.151,0.00
331,Pursuer,0.133,0.260,0.150,0.152,0.00
332,Draw,0.133,0.259,0.153,0.142,0.00
333,Runner,0.135,0.258,0.169,0.159,0.00
334,Draw,0.135,0.257,0.146,0.143,7.18
335,Draw,0.134,0.257,0.153,0.146,9.80
336,Pursuer,0.134,0.259,0.156,0.154,0.00
337,Draw,0.134,0.258,0.150,0.157,6.78
338,Draw,0.133,0.257,0.161,0.155,11.82
339,Pursuer,0.133,0.260,0.146,0.150,0.00
340,Runner,0.135,0.259,0.144,0.154,6.00
341,Draw,0.135,0.258,0.151,0.153,12.22
342,Pursuer,0.135,0.260,0.149,0.132,0.00
343,Pursuer,0.134,0.262,0.148,0.144,0.00
344,Pursuer,0.134,0.265,0.053,0.034,0.00
345,Pursuer,0.133,0.267,0.123,0.142,0.00
346,Draw,0.133,0.266,0.150,0.147,7.72
347,Pursuer,0.133,0.268,0.112,0.153,0.00
348,Draw,0.132,0.267,0.151,0.145,1.74
349,Pursuer,0.132,0.269,0.160,0.152,0.00
350,Draw,0.131,0.269,0.147,0.155,12.98
351,Pursuer,0.131,0.271,0.142,0.135,0.00
352,Pursuer,0.131,0.273,0.172,0.145,0.00
353,Runner,0.133,0.272,0.148,0.152,8.22
354,Draw,0.133,0.271,0.148,0.148,4.50
355,Pursuer,0.132,0.273,0.140,0.148,0.00
356,Pursuer,0.132,0.275,0.147,0.181,0.00
357,Pursuer,0.132,0.277,0.137,0.143,0.00
358,Pursuer,0.131,0.279,0.000,0.000,0.00
359,Pursuer,0.131,0.281,0.137,0.142,0.00
360,Pursuer,0.131,0.283,0.166,0.153,0.00
361,Runner,0.133,0.283,0.146,0.136,0.00
362,Runner,0.135,0.282,0.143,0.156,8.82
363,Pursuer,0.135,0.284,0.147,0.178,0.00
364,Pursuer,0.135,0.286,0.146,0.149,0.00
365,Pursuer,0.134,0.288,0.166,0.158,0.00
366,Draw,0.134,0.287,0.148,0.146,0.50
367,Pursuer,0.134,0.289,0.132,0.138,0.00
368,Pursuer,0.133,0.291,0.317,0.214,0.00
369,Pursuer,0.133,0.293,0.148,0.143,0.00
370,Draw,0.132,0.292,0.161,0.142,2.78
371,Pursuer,0.132,0.294,0.000,0.000,0.00
372,Pursuer,0.132,0.296,0.041,0.054,0.00
373,Draw,0.131,0.295,0.153,0.160,7.08
374,Draw,0.131,0.294,0.150,0.156,4.28
375,Runner,0.133,0.293,0.152,0.174,0.00
376,Draw,0.133,0.293,0.160,0.159,0.00
377,Pursuer,0.133,0.294,0.152,0.132,0.00
378,Draw,0.132,0.294,0.155,0.148,0.06
379,Runner,0.135,0.293,0.137,0.156,0.00
380,Runner,0.137,0.292,0.139,0.145,7.20
381,Draw,0.136,0.291,0.151,0.156,0.00
382,Pursuer,0.136,0.293,0.133,0.138,0.00
383,Runner,0.138,0.292,0.128,0.155,4.22
384,Runner,0.141,0.292,0.159,0.159,4.34
385,Pursuer,0.140,0.294,0.151,0.140,0.00
386,Draw,0.140,0.293,0.151,0.149,0.00
387,Pursuer,0.140,0.295,0.137,0.174,0.00
388,Runner,0.142,0.294,0.145,0.133,1.20
389,Runner,0.144,0.293,0.160,0.142,11.04
390,Draw,0.144,0.292,0.154,0.140,4.20
391,Pursuer,0.143,0.294,0.145,0.160,0.00
392,Runner,0.145,0.293,0.133,0.143,3.76
393,Pursuer,0.145,0.295,0.134,0.131,0.00
394,Runner,0.147,0.294,0.292,0.289,0.00
395,Runner,0.149,0.294,0.142,0.158,0.00
396,Draw,0.149,0.293,0.150,0.151,10.52
397,Pursuer,0.149,0.295,0.139,0.153,0.00
398,Draw,0.148,0.294,0.152,0.156,13.84
399,Pursuer,0.148,0.296,0.130,0.149,0.00
400,Pursuer,0.148,0.298,0.124,0.150,0.00
401,Draw,0.147,0.297,0.153,0.154,7.16
402,Pursuer,0.147,0.299,0.154,0.147,0.00
403,Draw,0.146,0.298,0.149,0.156,19.98
404,Runner,0.149,0.297,0.149,0.144,6.30
405,Draw,0.148,0.296,0.154,0.159,0.22
406,Runner,0.150,0.296,0.091,0.032,0.00
407,Draw,0.150,0.295,0.137,0.155,0.00
408,Pursuer,0.150,0.297,0.145,0.151,0.00
409,Pursuer,0.149,0.298,0.156,0.144,0.00
410,Pursuer,0.149,0.300,0.254,0.088,0.00
411,Runner,0.151,0.299,0.155,0.165,0.00
412,Pursuer,0.150,0.301,0.000,0.000,0.00
413,Runner,0.153,0.300,0.143,0.147,4.82
414,Runner,0.155,0.300,0.152,0.143,1.26
415,Pursuer,0.154,0.301,0.144,0.157,0.00
416,Draw,0.154,0.300,0.153,0.151,9.10
417,Draw,0.153,0.300,0.144,0.161,1.36
418,Runner,0.156,0.299,0.137,0.152,4.58
419,Pursuer,0.155,0.301,0.151,0.149,0.00
420,Draw,0.155,0.300,0.148,0.129,0.00
421,Draw,0.154,0.299,0.156,0.144,12.54
422,Draw,0.154,0.299,0.156,0.157,11.32
423,Draw,0.154,0.298,0.158,0.152,18.42
424,Runner,0.156,0.297,0.158,0.175,0.00
425,Draw,0.155,0.296,0.144,0.159,8.72
426,Runner,0.157,0.296,0.138,0.143,0.00
427,Pursuer,0.157,0.297,0.000,0.000,0.00
428,Runner,0.159,0.297,0.147,0.147,1.96
429,Runner,0.161,0.296,0.148,0.151,2.54
430,Pursuer,0.160,0.298,0.136,0.162,0.00
431,Runner,0.162,0.297,0.149,0.127,9.20
432,Draw,0.162,0.296,0.148,0.155,0.00
433,Runner,0.164,0.296,0.138,0.143,18.30
434,Pursuer,0.164,0.297,0.148,0.143,0.00
435,Runner,0.166,0.297,0.150,0.143,7.64
436,Draw,0.165,0.296,0.146,0.138,0.54
437,Runner,0.167,0.295,0.146,0.183,2.98
438,Pursuer,0.167,0.297,0.200,0.173,0.00
439,Runner,0.169,0.296,0.121,0.153,0.00
440,Draw,0.168,0.295,0.146,0.143,0.00
441,Draw,0.168,0.295,0.155,0.146,17.66
442,Pursuer,0.167,0.296,0.150,0.127,0.00
443,Pursuer,0.167,0.298,0.153,0.140,0.00
444,Draw,0.167,0.297,0.152,0.152,4.38
445,Pursuer,0.166,0.299,0.131,0.144,0.00
446,Draw,0.166,0.298,0.155,0.148,3.48
447,Draw,0.166,0.298,0.148,0.150,11.46
448,Pursuer,0.165,0.299,0.153,0.156,0.00
449,Pursuer,0.165,0.301,0.156,0.146,0.00
450,Runner,0.167,0.300,0.440,0.454,0.00
451,Pursuer,0.166,0.302,0.000,0.000,0.00
452,Pursuer,0.166,0.303,0.148,0.151,0.00
453,Draw,0.166,0.302,0.141,0.158,9.44
454,Pursuer,0.165,0.304,0.000,0.000,0.00
455,Runner,0.167,0.303,0.147,0.165,0.00
456,Runner,0.169,0.303,0.141,0.157,0.20
457,Runner,0.171,0.302,0.144,0.148,0.00
458,Draw,0.170,0.301,0.158,0.136,14.86
459,Runner,0.172,0.301,0.159,0.154,0.00
460,Pursuer,0.172,0.302,0.160,0.151,0.00
461,Pursuer,0.171,0.304,0.170,0.143,0.00
462,Runner,0.173,0.303,0.162,0.144,1.26
463,Pursuer,0.173,0.305,0.144,0.146,0.00
464,Draw,0.172,0.304,0.141,0.150,0.00
465,Runner,0.174,0.303,0.135,0.161,0.00
466,Pursuer,0.174,0.305,0.149,0.157,0.00
467,Runner,0.176,0.304,0.162,0.152,0.50
468,Runner,0.177,0.303,0.156,0.119,0.00
469,Pursuer,0.177,0.305,0.152,0.150,0.00
470,Pursuer,0.177,0.306,0.175,0.151,0.00
471,Draw,0.176,0.306,0.150,0.152,14.08
472,Draw,0.176,0.305,0.157,0.150,0.00
473,Pursuer,0.175,0.307,0.147,0.153,0.00
474,Pursuer,0.175,0.308,0.140,0.143,0.00
475,Draw,0.175,0.307,0.140,0.142,11.20
476,Pursuer,0.174,0.309,0.145,0.151,0.00
477,Pursuer,0.174,0.310,0.140,0.141,0.00
478,Draw,0.174,0.310,0.150,0.140,0.00
479,Draw,0.173,0.309,0.148,0.161,3.40
480,Runner,0.175,0.308,0.147,0.153,7.42
481,Draw,0.175,0.308,0.145,0.149,0.00
482,Runner,0.176,0.307,0.156,0.149,1.08
483,Pursuer,0.176,0.308,0.168,0.176,0.00
484,Pursuer,0.176,0.310,0.148,0.146,0.00
485,Runner,0.177,0.309,0.150,0.144,5.52
486,Pursuer,0.177,0.311,0.154,0.154,0.00
487,Draw,0.177,0.310,0.155,0.147,9.36
488,Draw,0.176,0.309,0.132,0.149,7.76
489,Draw,0.176,0.309,0.152,0.154,0.00
490,Pursuer,0.176,0.310,0.148,0.141,0.00
491,Pursuer,0.175,0.312,0.132,0.137,0.00
492,Runner,0.177,0.311,0.149,0.142,0.00
493,Pursuer,0.176,0.312,0.156,0.147,0.00
494,Draw,0.176,0.312,0.152,0.154,3.20
495,Pursuer,0.176,0.313,0.000,0.000,0.00
496,Runner,0.177,0.313,0.000,0.000,0.00
497,Pursuer,0.177,0.314,0.133,0.160,0.00
498,Pursuer,0.177,0.315,0.140,0.154,0.00
499,Runner,0.178,0.315,0.155,0.158,2.80
500,Draw,0.178,0.314,0.167,0.149,10.72
501,Draw,0.178,0.313,0.149,0.141,4.52
502,Pursuer,0.177,0.315,0.159,0.159,0.00
503,Runner,0.179,0.314,0.121,0.148,0.80
504,Draw,0.179,0.313,0.157,0.140,11.24
505,Pursuer,0.178,0.315,0.184,0.138,0.00
506,Pursuer,0.178,0.316,0.143,0.173,0.00
507,Runner,0.179,0.316,0.128,0.165,0.02
508,Runner,0.181,0.315,0.146,0.160,6.98
509,Pursuer,0.181,0.316,0.159,0.174,0.00
510,Pursuer,0.180,0.318,0.135,0.157,0.00
511,Draw,0.180,0.317,0.161,0.151,0.00
512,Draw,0.180,0.316,0.145,0.141,4.58
513,Draw,0.179,0.316,0.151,0.145,0.00
514,Draw,0.179,0.315,0.154,0.148,1.06
515,Runner,0.181,0.315,0.145,0.149,0.00
516,Pursuer,0.180,0.316,0.142,0.161,0.00
517,Runner,0.182,0.315,0.000,0.000,0.00
518,Pursuer,0.181,0.317,0.152,0.145,0.00
519,Pursuer,0.181,0.318,0.159,0.159,0.00
520,Draw,0.181,0.317,0.139,0.158,2.88
521,Pursuer,0.180,0.319,0.169,0.163,0.00
522,Runner,0.182,0.318,0.000,0.000,0.02
523,Pursuer,0.182,0.319,0.132,0.152,0.00
524,Pursuer,0.181,0.321,0.146,0.153,0.00
525,Pursuer,0.181,0.322,0.156,0.235,0.00
526,Pursuer,0.181,0.323,0.133,0.146,0.00
527,Pursuer,0.180,0.324,0.141,0.145,0.00
528,Pursuer,0.180,0.326,0.138,0.190,0.00
529,Runner,0.181,0.325,0.177,0.181,2.02
530,Draw,0.181,0.325,0.155,0.152,17.80
531,Pursuer,0.181,0.326,0.125,0.108,0.00
532,Pursuer,0.180,0.327,0.145,0.114,0.00
533,Runner,0.182,0.326,0.160,0.148,0.00
534,Runner,0.184,0.326,0.157,0.146,0.00
535,Runner,0.185,0.325,0.147,0.145,0.88
536,Pursuer,0.185,0.326,0.105,0.153,0.00
537,Pursuer,0.184,0.328,0.147,0.145,0.00
538,Pursuer,0.184,0.329,0.140,0.132,0.00
539,Draw,0.184,0.328,0.143,0.149,2.82
540,Draw,0.183,0.328,0.153,0.146,14.62
541,Pursuer,0.183,0.329,0.173,0.148,0.00
542,Draw,0.183,0.328,0.145,0.152,0.00
543,Runner,0.184,0.328,0.147,0.147,11.42
544,Runner,0.186,0.327,0.148,0.147,0.80
545,Runner,0.187,0.327,0.160,0.166,0.00
546,Draw,0.187,0.326,0.146,0.141,12.68
547,Runner,0.188,0.325,0.144,0.140,2.68
548,Runner,0.190,0.325,0.223,0.195,0.00
549,Runner,0.191,0.324,0.148,0.157,0.00
550,Pursuer,0.191,0.325,0.167,0.152,0.00
551,Runner,0.192,0.325,0.151,0.147,8.24
552,Pursuer,0.192,0.326,0.159,0.144,0.00
553,Draw,0.192,0.325,0.156,0.152,8.90
554,Runner,0.193,0.325,0.150,0.166,4.86
555,Pursuer,0.193,0.326,0.148,0.160,0.00
556,Runner,0.194,0.326,0.151,0.150,9.52
557,Pursuer,0.194,0.327,0.153,0.140,0.00
558,Runner,0.195,0.326,0.155,0.175,0.00
559,Runner,0.197,0.326,0.169,0.153,14.04
560,Pursuer,0.196,0.327,0.132,0.158,0.00
561,Runner,0.198,0.326,0.149,0.157,0.00
562,Pursuer,0.198,0.327,0.152,0.142,0.00
563,Runner,0.199,0.327,0.138,0.150,1.92
564,Pursuer,0.199,0.328,0.207,0.146,0.00
565,Runner,0.200,0.327,0.155,0.170,0.00
566,Draw,0.200,0.327,0.149,0.152,5.64
567,Runner,0.201,0.326,0.160,0.101,1.56
568,Draw,0.201,0.326,0.159,0.153,4.70
569,Runner,0.202,0.325,0.151,0.168,2.12
570,Pursuer,0.202,0.326,0.157,0.144,0.00
571,Pursuer,0.201,0.327,0.134,0.149,0.00
572,Pursuer,0.201,0.329,0.152,0.151,0.00
573,Pursuer,0.201,0.330,0.148,0.130,0.00
574,Pursuer,0.200,0.331,0.149,0.135,0.00
575,Pursuer,0.200,0.332,0.153,0.150,0.00
576,Draw,0.200,0.332,0.142,0.144,12.04
577,Draw,0.199,0.331,0.151,0.144,15.42
578,Draw,0.199,0.330,0.131,0.154,11.24
579,Draw,0.199,0.330,0.144,0.158,14.48
580,Runner,0.200,0.329,0.145,0.140,0.00
581,Pursuer,0.200,0.330,0.140,0.137,0.00
582,Pursuer,0.199,0.332,0.144,0.150,0.00
583,Pursuer,0.199,0.333,0.143,0.155,0.00
584,Runner,0.200,0.332,0.147,0.146,0.00
585,Pursuer,0.200,0.333,0.156,0.155,0.00
586,Runner,0.201,0.333,0.177,0.151,1.52
587,Runner,0.203,0.332,0.151,0.161,7.24
588,Pursuer,0.202,0.333,0.177,0.129,0.00
589,Pursuer,0.202,0.334,0.146,0.146,0.00
590,Pursuer,0.202,0.336,0.147,0.157,0.00
591,Runner,0.203,0.335,0.161,0.159,3.06
592,Draw,0.203,0.334,0.151,0.153,6.58
593,Pursuer,0.202,0.336,0.145,0.152,0.00
594,Pursuer,0.202,0.337,0.157,0.151,0.00
595,Pursuer,0.202,0.338,0.159,0.146,0.00
596,Pursuer,0.201,0.339,0.151,0.143,0.00
597,Runner,0.203,0.338,0.134,0.153,1.18
598,Pursuer,0.202,0.339,0.138,0.144,0.00
599,Pursuer,0.202,0.341,0.136,0.145,0.00
600,Pursuer,0.202,0.342,0.142,0.150,0.00
601,Pursuer,0.201,0.343,0.147,0.152,0.00
602,Draw,0.201,0.342,0.130,0.143,6.74
603,Runner,0.202,0.342,0.099,0.152,0.00
604,Draw,0.202,0.341,0.143,0.154,16.58
605,Draw,0.202,0.340,0.150,0.150,8.70
606,Pursuer,0.201,0.342,0.174,0.118,0.00
607,Draw,0.201,0.341,0.141,0.146,8.68
608,Pursuer,0.201,0.342,0.158,0.159,0.00
609,Draw,0.200,0.342,0.152,0.152,18.74
610,Runner,0.202,0.341,0.132,0.135,5.16
611,Draw,0.201,0.340,0.142,0.151,11.38
612,Pursuer,0.201,0.342,0.140,0.154,0.00
613,Pursuer,0.201,0.343,0.148,0.139,0.00
614,Runner,0.202,0.342,0.107,0.159,0.00
615,Runner,0.203,0.341,0.142,0.145,1.54
616,Draw,0.203,0.341,0.158,0.153,4.56
617,Runner,0.204,0.340,0.148,0.142,4.14
618,Pursuer,0.204,0.341,0.000,0.000,0.00
619,Runner,0.205,0.341,0.145,0.130,4.50
620,Runner,0.206,0.340,0.120,0.185,0.90
621,Draw,0.206,0.340,0.162,0.158,9.24
622,Pursuer,0.206,0.341,0.151,0.145,0.00
623,Pursuer,0.205,0.342,0.148,0.168,0.00
624,Runner,0.207,0.341,0.160,0.121,2.26
625,Runner,0.208,0.341,0.151,0.152,8.20
626,Runner,0.209,0.340,0.157,0.148,0.00
627,Pursuer,0.209,0.341,0.142,0.150,0.00
628,Pursuer,0.209,0.342,0.144,0.151,0.00
629,Draw,0.208,0.342,0.148,0.155,5.82
630,Runner,0.210,0.341,0.143,0.157,0.74
631,Pursuer,0.209,0.342,0.137,0.139,0.00
632,Runner,0.210,0.342,0.154,0.153,7.10
633,Runner,0.212,0.341,0.148,0.146,6.72
634,Draw,0.211,0.341,0.139,0.145,0.50
635,Pursuer,0.211,0.342,0.145,0.156,0.00
636,Runner,0.212,0.341,0.170,0.152,0.00
637,Runner,0.214,0.341,0.155,0.147,4.30
638,Draw,0.213,0.340,0.148,0.141,12.02
639,Runner,0.214,0.340,0.141,0.134,2.02
640,Pursuer,0.214,0.341,0.125,0.142,0.00
641,Pursuer,0.214,0.342,0.150,0.153,0.00
642,Draw,0.213,0.341,0.145,0.147,13.02
643,Runner,0.215,0.341,0.156,0.142,0.00
644,Draw,0.214,0.340,0.146,0.159,13.38
645,Draw,0.214,0.340,0.143,0.148,0.88
646,Runner,0.215,0.339,0.144,0.143,1.06
647,Draw,0.215,0.338,0.141,0.156,0.00
648,Pursuer,0.215,0.340,0.000,0.000,0.00
649,Pursuer,0.214,0.341,0.152,0.177,0.00
650,Runner,0.215,0.340,0.164,0.139,2.12
651,Pursuer,0.215,0.341,0.142,0.152,0.00
652,Pursuer,0.215,0.342,0.231,0.072,0.00
653,Pursuer,0.214,0.343,0.147,0.149,0.00
654,Draw,0.214,0.343,0.148,0.146,13.04
655,Runner,0.215,0.342,0.150,0.153,9.74
656,Pursuer,0.215,0.343,0.139,0.166,0.00
657,Runner,0.216,0.342,0.146,0.142,5.54
658,Pursuer,0.216,0.343,0.147,0.157,0.00
659,Pursuer,0.215,0.344,0.149,0.141,0.00
660,Draw,0.215,0.344,0.154,0.148,11.02
661,Runner,0.216,0.343,0.000,0.000,0.00
662,Runner,0.218,0.343,0.151,0.142,5.50
663,Runner,0.219,0.342,0.129,0.153,0.00
664,Runner,0.220,0.342,0.165,0.150,0.00
665,Draw,0.220,0.341,0.145,0.144,6.94
666,Runner,0.221,0.341,0.123,0.169,0.70
667,Pursuer,0.220,0.342,0.150,0.144,0.00
668,Draw,0.220,0.341,0.153,0.146,4.84
669,Runner,0.221,0.341,0.000,0.000,0.00
670,Pursuer,0.221,0.342,0.166,0.163,0.00
671,Runner,0.222,0.341,0.151,0.143,0.00
672,Runner,0.223,0.341,0.146,0.157,0.00
673,Draw,0.223,0.340,0.152,0.140,0.02
674,Pursuer,0.223,0.341,0.158,0.141,0.00
675,Runner,0.224,0.341,0.145,0.128,2.46
676,Pursuer,0.223,0.342,0.175,0.160,0.00
677,Pursuer,0.223,0.343,0.131,0.136,0.00
678,Pursuer,0.223,0.344,0.150,0.122,0.00
679,Draw,0.222,0.343,0.146,0.144,5.34
680,Runner,0.224,0.343,0.131,0.151,0.00
681,Pursuer,0.223,0.344,0.148,0.167,0.00
682,Pursuer,0.223,0.345,0.155,0.164,0.00
683,Pursuer,0.223,0.346,0.145,0.153,0.00
684,Runner,0.224,0.345,0.144,0.152,4.48
685,Draw,0.223,0.345,0.144,0.137,17.40
686,Pursuer,0.223,0.345,0.147,0.153,0.00
687,Pursuer,0.223,0.346,0.152,0.147,0.00
688,Runner,0.224,0.346,0.154,0.173,1.90
689,Runner,0.225,0.345,0.162,0.159,11.46
690,Runner,0.226,0.345,0.174,0.166,0.00
691,Runner,0.227,0.344,0.149,0.132,0.00
692,Runner,0.228,0.344,0.161,0.157,1.12
693,Draw,0.228,0.343,0.142,0.144,10.66
694,Pursuer,0.228,0.344,0.148,0.156,0.00
695,Pursuer,0.227,0.345,0.172,0.117,0.00
696,Pursuer,0.227,0.346,0.152,0.149,0.00
697,Pursuer,0.227,0.347,0.151,0.138,0.00
698,Draw,0.226,0.347,0.148,0.149,10.56
699,Runner,0.227,0.346,0.128,0.136,1.00
700,Draw,0.227,0.346,0.158,0.132,19.98
701,Runner,0.228,0.345,0.154,0.169,0.00
702,Pursuer,0.228,0.346,0.171,0.137,0.00
703,Pursuer,0.228,0.347,0.141,0.141,0.00
704,Runner,0.229,0.347,0.164,0.157,0.00
705,Pursuer,0.228,0.348,0.142,0.142,0.00
706,Runner,0.229,0.347,0.154,0.150,0.00
707,Draw,0.229,0.347,0.145,0.153,3.88
708,Pursuer,0.229,0.347,0.140,0.158,0.00
709,Pursuer,0.228,0.348,0.147,0.153,0.00
710,Pursuer,0.228,0.349,0.233,0.087,0.00
711,Runner,0.229,0.349,0.150,0.153,4.40
712,Runner,0.230,0.348,0.148,0.142,0.00
713,Draw,0.230,0.348,0.154,0.136,14.18
714,Draw,0.230,0.347,0.143,0.149,0.00
715,Draw,0.229,0.347,0.145,0.162,3.44
716,Draw,0.229,0.346,0.158,0.150,19.98
717,Runner,0.230,0.346,0.139,0.151,0.10
718,Draw,0.230,0.345,0.154,0.149,8.50
719,Runner,0.231,0.345,0.161,0.154,0.00
720,Runner,0.232,0.344,0.143,0.151,0.00
721,Pursuer,0.232,0.345,0.155,0.142,0.00
722,Runner,0.233,0.345,0.161,0.166,0.00
723,Pursuer,0.232,0.346,0.147,0.151,0.00
724,Runner,0.233,0.345,0.147,0.154,0.44
725,Pursuer,0.233,0.346,0.153,0.130,0.00
726,Pursuer,0.233,0.347,0.106,0.134,0.00
727,Pursuer,0.232,0.348,0.149,0.147,0.00
728,Runner,0.234,0.348,0.146,0.158,0.00
729,Pursuer,0.233,0.348,0.136,0.134,0.00
730,Pursuer,0.233,0.349,0.159,0.182,0.00
731,Draw,0.233,0.349,0.153,0.142,11.98
732,Runner,0.234,0.348,0.000,0.000,0.00
733,Runner,0.235,0.348,0.148,0.133,0.00
734,Pursuer,0.234,0.349,0.156,0.148,0.00
735,Draw,0.234,0.348,0.159,0.150,0.00
736,Draw,0.234,0.348,0.151,0.147,0.00
737,Draw,0.233,0.347,0.143,0.143,19.98
738,Runner,0.234,0.347,0.133,0.143,0.00
739,Runner,0.235,0.346,0.145,0.155,0.00
740,Runner,0.236,0.346,0.167,0.140,0.00
741,Pursuer,0.236,0.347,0.158,0.124,0.00
742,Runner,0.237,0.346,0.145,0.159,0.00
743,Draw,0.237,0.346,0.158,0.151,9.58
744,Pursuer,0.237,0.347,0.154,0.161,0.00
745,Draw,0.236,0.346,0.152,0.150,0.00
746,Draw,0.236,0.346,0.153,0.146,16.90
747,Runner,0.237,0.345,0.155,0.153,4.82
748,Pursuer,0.237,0.346,0.149,0.152,0.00
749,Draw,0.236,0.346,0.147,0.151,8.68
750,Pursuer,0.236,0.347,0.147,0.142,0.00
751,Pursuer,0.236,0.348,0.000,0.000,0.00
752,Pursuer,0.235,0.348,0.152,0.157,0.00
753,Pursuer,0.235,0.349,0.159,0.157,0.00
754,Runner,0.236,0.349,0.153,0.155,0.00
755,Draw,0.236,0.348,0.150,0.150,12.36
756,Pursuer,0.235,0.349,0.000,0.000,0.00
757,Runner,0.236,0.349,0.148,0.148,5.78
758,Pursuer,0.236,0.350,0.147,0.139,0.00
759,Draw,0.236,0.349,0.145,0.151,19.98
760,Runner,0.237,0.349,0.130,0.157,0.00
761,Pursuer,0.237,0.350,0.154,0.164,0.00
762,Pursuer,0.236,0.350,0.123,0.137,0.00
763,Runner,0.237,0.350,0.154,0.130,0.00
764,Runner,0.238,0.349,0.148,0.134,0.00
765,Runner,0.239,0.349,0.129,0.129,0.00
766,Runner,0.240,0.349,0.166,0.149,7.42
767,Pursuer,0.240,0.349,0.195,0.157,0.00
768,Runner,0.241,0.349,0.176,0.111,0.00
769,Runner,0.242,0.349,0.167,0.148,3.92
770,Pursuer,0.242,0.349,0.108,0.133,0.00
771,Pursuer,0.241,0.350,0.142,0.138,0.00
772,Runner,0.242,0.350,0.158,0.144,4.26
773,Pursuer,0.242,0.351,0.130,0.150,0.00
774,Runner,0.243,0.350,0.168,0.161,4.00
775,Draw,0.243,0.350,0.137,0.144,13.94
776,Runner,0.244,0.349,0.152,0.146,0.00
777,Runner,0.245,0.349,0.121,0.141,1.50
778,Pursuer,0.244,0.350,0.469,0.299,0.00
779,Pursuer,0.244,0.350,0.094,0.163,0.00
780,Runner,0.245,0.350,0.145,0.143,0.00
781,Runner,0.246,0.350,0.154,0.151,0.00
782,Pursuer,0.246,0.350,0.956,0.340,0.00
783,Pursuer,0.245,0.351,0.158,0.173,0.00
784,Draw,0.245,0.351,0.149,0.149,8.82
785,Pursuer,0.245,0.352,0.000,0.000,0.00
786,Pursuer,0.244,0.352,0.141,0.145,0.00
787,Draw,0.244,0.352,0.166,0.145,0.08
788,Pursuer,0.244,0.353,0.153,0.147,0.00
789,Runner,0.245,0.352,0.151,0.145,0.00
790,Pursuer,0.244,0.353,0.166,0.158,0.00
791,Runner,0.245,0.353,0.148,0.149,4.66
792,Runner,0.246,0.352,0.125,0.129,0.00
793,Runner,0.247,0.352,0.159,0.138,6.08
794,Draw,0.247,0.351,0.141,0.147,1.82
795,Pursuer,0.247,0.352,0.128,0.133,0.00
796,Draw,0.246,0.352,0.161,0.157,4.64
797,Draw,0.246,0.351,0.155,0.153,14.88
798,Pursuer,0.246,0.352,0.151,0.150,0.00
799,Pursuer,0.245,0.353,0.055,0.110,0.00
800,Pursuer,0.245,0.354,0.131,0.172,0.00
801,Pursuer,0.245,0.355,0.104,0.138,0.00
802,Runner,0.246,0.354,0.153,0.146,0.00
803,Runner,0.247,0.354,0.123,0.160,0.00
804,Pursuer,0.246,0.354,0.145,0.142,0.00
805,Pursuer,0.246,0.355,0.158,0.168,0.00
806,Draw,0.246,0.355,0.137,0.156,14.32
807,Draw,0.245,0.354,0.164,0.144,17.20
808,Pursuer,0.245,0.355,0.154,0.141,0.00
809,Runner,0.246,0.355,0.166,0.176,0.00
810,Draw,0.246,0.354,0.134,0.150,12.68
811,Runner,0.247,0.354,0.138,0.164,0.00
812,Runner,0.248,0.353,0.139,0.133,0.00
813,Runner,0.248,0.353,0.157,0.149,0.00
814,Pursuer,0.248,0.354,0.156,0.133,0.00
815,Pursuer,0.248,0.355,0.122,0.127,0.00
816,Runner,0.249,0.354,0.188,0.160,0.00
817,Draw,0.248,0.354,0.146,0.154,13.92
818,Draw,0.248,0.353,0.146,0.161,0.04
819,Pursuer,0.248,0.354,0.000,0.000,0.00
820,Runner,0.249,0.354,0.148,0.140,0.00
821,Pursuer,0.248,0.354,0.157,0.139,0.00
822,Runner,0.249,0.354,0.147,0.147,7.16
823,Runner,0.250,0.354,0.143,0.124,2.66
824,Runner,0.251,0.353,0.153,0.131,8.80
825,Pursuer,0.251,0.354,0.169,0.195,0.00
826,Runner,0.252,0.354,0.000,0.000,0.00
827,Runner,0.253,0.353,0.165,0.136,6.64
828,Pursuer,0.252,0.354,0.152,0.146,0.00
829,Pursuer,0.252,0.355,0.170,0.137,0.00
830,Runner,0.253,0.354,0.152,0.153,10.04
831,Runner,0.254,0.354,0.144,0.148,0.00
832,Draw,0.254,0.353,0.148,0.154,9.70
833,Draw,0.253,0.353,0.150,0.140,17.36
834,Runner,0.254,0.353,0.159,0.140,0.00
835,Runner,0.255,0.352,0.159,0.148,3.46
836,Runner,0.256,0.352,0.135,0.145,0.82
837,Pursuer,0.256,0.352,0.143,0.131,0.00
838,Runner,0.257,0.352,0.153,0.148,5.20
839,Draw,0.256,0.352,0.155,0.139,16.76
840,Pursuer,0.256,0.352,0.000,0.000,0.00
841,Pursuer,0.256,0.353,0.111,0.203,0.00
842,Draw,0.255,0.353,0.157,0.151,0.12
843,Runner,0.256,0.352,0.148,0.154,3.98
844,Pursuer,0.256,0.353,0.155,0.144,0.00
845,Pursuer,0.256,0.354,0.129,0.146,0.00
846,Draw,0.255,0.353,0.150,0.140,10.16
847,Runner,0.256,0.353,0.132,0.153,0.00
848,Pursuer,0.256,0.354,0.127,0.143,0.00
849,Runner,0.257,0.353,0.127,0.151,0.00
850,Runner,0.258,0.353,0.148,0.177,0.00
851,Pursuer,0.257,0.354,0.152,0.149,0.00
852,Draw,0.257,0.353,0.150,0.154,15.34
853,Pursuer,0.257,0.354,0.149,0.138,0.00
854,Runner,0.258,0.354,0.147,0.140,1.08
855,Draw,0.257,0.353,0.152,0.145,8.42
856,Runner,0.258,0.353,0.141,0.135,2.86
857,Draw,0.258,0.352,0.143,0.150,0.00
858,Draw,0.258,0.352,0.150,0.149,15.12
859,Pursuer,0.257,0.353,0.143,0.169,0.00
860,Runner,0.258,0.352,0.137,0.160,5.96
861,Pursuer,0.258,0.353,0.153,0.139,0.00
862,Runner,0.259,0.353,0.132,0.155,13.30
863,Pursuer,0.258,0.353,0.146,0.144,0.00
864,Pursuer,0.258,0.354,0.159,0.133,0.00
865,Runner,0.259,0.354,0.148,0.141,0.00
866,Draw,0.259,0.353,0.159,0.151,16.44
867,Pursuer,0.258,0.354,0.165,0.147,0.00
868,Pursuer,0.258,0.355,0.140,0.135,0.00
869,Pursuer,0.258,0.356,0.144,0.139,0.00
870,Runner,0.259,0.355,0.134,0.148,0.00
871,Pursuer,0.258,0.356,0.138,0.156,0.00
872,Pursuer,0.258,0.357,0.168,0.150,0.00
873,Pursuer,0.258,0.357,0.118,0.156,0.00
874,Runner,0.259,0.357,0.144,0.165,0.00
875,Runner,0.259,0.357,0.138,0.151,1.68
876,Pursuer,0.259,0.357,0.132,0.151,0.00
877,Draw,0.259,0.357,0.142,0.158,0.00
878,Pursuer,0.259,0.358,0.150,0.129,0.00
879,Runner,0.259,0.357,0.142,0.122,0.00
880,Pursuer,0.259,0.358,0.160,0.158,0.00
881,Pursuer,0.259,0.359,0.137,0.137,0.00
882,Runner,0.260,0.358,0.000,0.000,0.00
883,Runner,0.260,0.358,0.159,0.141,0.00
884,Pursuer,0.260,0.359,0.152,0.133,0.00
885,Draw,0.260,0.358,0.143,0.148,13.54
886,Runner,0.261,0.358,0.153,0.134,0.00
887,Runner,0.262,0.357,0.165,0.156,2.10
888,Pursuer,0.261,0.358,0.162,0.123,0.00
889,Runner,0.262,0.358,0.161,0.176,0.16
890,Runner,0.263,0.357,0.147,0.148,0.00
891,Pursuer,0.263,0.358,0.147,0.148,0.00
892,Runner,0.263,0.358,0.132,0.161,0.00
893,Runner,0.264,0.357,0.199,0.110,0.00
894,Runner,0.265,0.357,0.138,0.171,3.86
895,Runner,0.266,0.356,0.148,0.145,0.00
896,Pursuer,0.266,0.357,0.064,0.123,0.00
897,Runner,0.266,0.357,0.120,0.126,0.60
898,Pursuer,0.266,0.357,0.000,0.000,0.00
899,Runner,0.267,0.357,0.132,0.141,1.48
900,Runner,0.268,0.357,0.180,0.153,3.46
901,Runner,0.269,0.356,0.156,0.144,3.94
902,Runner,0.269,0.356,0.151,0.149,1.28
903,Runner,0.270,0.355,0.151,0.141,0.00
904,Pursuer,0.270,0.356,0.129,0.129,0.00
905,Runner,0.271,0.356,0.167,0.150,2.50
906,Draw,0.270,0.355,0.136,0.154,12.10
907,Runner,0.271,0.355,0.116,0.151,1.14
908,Pursuer,0.271,0.356,0.146,0.146,0.00
909,Runner,0.272,0.355,0.147,0.164,0.00
910,Runner,0.273,0.355,0.126,0.195,0.72
911,Pursuer,0.272,0.356,0.151,0.159,0.00
912,Runner,0.273,0.355,0.161,0.162,2.90
913,Pursuer,0.273,0.356,0.149,0.175,0.00
914,Runner,0.274,0.356,0.157,0.140,0.00
915,Pursuer,0.273,0.356,0.139,0.147,0.00
916,Runner,0.274,0.356,0.158,0.149,1.66
917,Pursuer,0.274,0.357,0.000,0.000,0.00
918,Runner,0.275,0.356,0.138,0.144,0.00
919,Runner,0.275,0.356,0.151,0.158,0.00
920,Runner,0.276,0.355,0.064,0.089,0.00
921,Runner,0.277,0.355,0.136,0.147,0.00
922,Pursuer,0.277,0.356,0.147,0.164,0.00
923,Pursuer,0.276,0.356,0.138,0.147,0.00
924,Draw,0.276,0.356,0.157,0.144,16.56
925,Runner,0.277,0.356,0.165,0.154,0.00
926,Runner,0.278,0.355,0.151,0.155,4.06
927,Draw,0.277,0.355,0.156,0.147,13.94
928,Pursuer,0.277,0.356,0.117,0.176,0.00
929,Pursuer,0.277,0.356,0.140,0.141,0.00
930,Pursuer,0.276,0.357,0.160,0.139,0.00
931,Runner,0.277,0.357,0.137,0.137,0.00
932,Pursuer,0.277,0.357,0.128,0.159,0.00
933,Runner,0.278,0.357,0.147,0.127,1.02
934,Pursuer,0.277,0.358,0.137,0.135,0.00
935,Pursuer,0.277,0.358,0.133,0.143,0.00
936,Pursuer,0.277,0.359,0.128,0.165,0.00
937,Draw,0.276,0.359,0.142,0.149,3.34
938,Runner,0.277,0.358,0.142,0.153,0.00
939,Draw,0.277,0.358,0.147,0.139,16.82
940,Pursuer,0.277,0.359,0.124,0.155,0.00
941,Draw,0.276,0.358,0.150,0.146,0.00
942,Pursuer,0.276,0.359,0.166,0.039,0.00
943,Pursuer,0.276,0.359,0.144,0.146,0.00
944,Pursuer,0.275,0.360,0.141,0.155,0.00
945,Pursuer,0.275,0.361,0.148,0.153,0.00
946,Draw,0.275,0.360,0.154,0.145,2.32
947,Runner,0.276,0.360,0.158,0.158,1.66
948,Runner,0.276,0.360,0.107,0.121,0.00
949,Pursuer,0.276,0.360,0.146,0.144,0.00
950,Runner,0.277,0.360,0.152,0.148,4.78
951,Runner,0.278,0.360,0.143,0.149,6.48
952,Runner,0.278,0.359,0.156,0.154,0.00
953,Draw,0.278,0.359,0.146,0.143,0.02
954,Runner,0.279,0.358,0.151,0.149,0.00
955,Pursuer,0.279,0.359,0.161,0.146,0.00
956,Pursuer,0.278,0.360,0.154,0.142,0.00
957,Draw,0.278,0.359,0.151,0.155,15.22
958,Pursuer,0.278,0.360,0.139,0.164,0.00
959,Runner,0.278,0.360,0.146,0.143,3.84
960,Pursuer,0.278,0.360,0.151,0.140,0.00
961,Pursuer,0.278,0.361,0.113,0.166,0.00
962,Runner,0.279,0.361,0.153,0.147,0.00
963,Runner,0.279,0.360,0.222,0.118,0.00
964,Draw,0.279,0.360,0.147,0.144,7.94
965,Runner,0.280,0.360,0.150,0.162,6.60
966,Pursuer,0.280,0.360,0.155,0.167,0.00
967,Pursuer,0.279,0.361,0.159,0.125,0.00
968,Runner,0.280,0.361,0.151,0.138,3.32
969,Runner,0.281,0.360,0.148,0.147,8.48
970,Pursuer,0.280,0.361,0.000,0.000,0.00
971,Pursuer,0.280,0.361,0.147,0.148,0.00
972,Runner,0.281,0.361,0.155,0.151,4.00
973,Pursuer,0.281,0.362,0.140,0.155,0.00
974,Runner,0.281,0.361,0.146,0.115,0.00
975,Pursuer,0.281,0.362,0.162,0.136,0.00
976,Runner,0.282,0.362,0.150,0.152,5.02
977,Runner,0.282,0.361,0.152,0.147,1.64
978,Pursuer,0.282,0.362,0.176,0.157,0.00
979,Runner,0.283,0.362,0.142,0.143,6.62
980,Runner,0.284,0.361,0.161,0.120,0.00
981,Runner,0.284,0.361,0.171,0.153,0.00
982,Draw,0.284,0.360,0.142,0.150,14.52
983,Runner,0.285,0.360,0.138,0.152,0.00
984,Pursuer,0.285,0.361,0.144,0.136,0.00
985,Runner,0.285,0.360,0.144,0.145,4.74
986,Pursuer,0.285,0.361,0.000,0.000,0.00
987,Pursuer,0.285,0.362,0.156,0.154,0.00
988,Pursuer,0.284,0.362,0.148,0.124,0.00
989,Runner,0.285,0.362,0.155,0.183,0.74
990,Pursuer,0.285,0.363,0.110,0.129,0.00
991,Runner,0.286,0.362,0.138,0.144,8.36
992,Runner,0.286,0.362,0.116,0.102,0.00
993,Pursuer,0.286,0.363,0.143,0.137,0.00
994,Runner,0.287,0.362,0.153,0.155,1.16
995,Runner,0.287,0.362,0.136,0.123,1.82
996,Runner,0.288,0.361,0.140,0.146,5.66
997,Runner,0.289,0.361,0.150,0.143,0.44
998,Runner,0.290,0.361,0.145,0.142,3.78
999,Pursuer,0.289,0.361,1.217,0.218,0.00
1000,Runner,0.290,0.361,0.155,0.138,4.48
1001,Pursuer,0.290,0.362,0.149,0.114,0.00
1002,Pursuer,0.289,0.362,0.119,0.163,0.00
1003,Runner,0.290,0.362,0.138,0.141,4.98
1004,Runner,0.291,0.362,0.157,0.146,0.00
1005,Runner,0.292,0.361,0.141,0.106,0.00
1006,Runner,0.292,0.361,0.083,0.188,0.00
1007,Runner,0.293,0.360,0.150,0.139,0.00
1008,Pursuer,0.293,0.361,0.000,0.000,0.00
1009,Runner,0.293,0.361,0.153,0.160,0.00
1010,Runner,0.294,0.360,0.136,0.171,0.62
1011,Pursuer,0.294,0.361,0.141,0.114,0.00
1012,Runner,0.294,0.361,0.164,0.157,0.00
1013,Pursuer,0.294,0.361,0.000,0.000,0.00
1014,Pursuer,0.294,0.362,0.139,0.147,0.00
1015,Runner,0.295,0.362,0.143,0.162,3.08
1016,Pursuer,0.294,0.362,0.151,0.151,0.00
1017,Runner,0.295,0.362,0.155,0.160,7.10
1018,Pursuer,0.295,0.362,0.134,0.104,0.00
1019,Pursuer,0.294,0.363,0.147,0.152,0.00
1020,Pursuer,0.294,0.364,0.141,0.145,0.00
1021,Pursuer,0.294,0.364,0.156,0.166,0.00
1022,Runner,0.295,0.364,0.157,0.187,0.00
1023,Runner,0.295,0.364,0.133,0.156,4.30
1024,Runner,0.296,0.363,0.055,0.198,0.00
1025,Pursuer,0.296,0.364,0.148,0.139,0.00
1026,Pursuer,0.295,0.365,0.174,0.157,0.00
1027,Runner,0.296,0.364,0.150,0.145,5.76
1028,Pursuer,0.296,0.365,0.570,0.514,0.00
1029,Pursuer,0.295,0.365,0.162,0.134,0.00
1030,Pursuer,0.295,0.366,0.146,0.135,0.00
1031,Runner,0.296,0.366,0.136,0.155,3.80
1032,Pursuer,0.296,0.366,0.176,0.154,0.00
1033,Runner,0.296,0.366,0.138,0.134,2.60
1034,Pursuer,0.296,0.367,0.179,0.159,0.00
1035,Runner,0.297,0.366,0.142,0.130,0.00
1036,Pursuer,0.296,0.367,0.151,0.144,0.00
1037,Runner,0.297,0.366,0.144,0.144,4.46
1038,Runner,0.298,0.366,0.172,0.104,0.24
1039,Draw,0.297,0.366,0.136,0.147,16.84
1040,Pursuer,0.297,0.366,0.146,0.156,0.00
1041,Runner,0.298,0.366,0.151,0.164,0.00
1042,Pursuer,0.298,0.367,0.156,0.151,0.00
1043,Draw,0.297,0.366,0.159,0.148,0.00
1044,Runner,0.298,0.366,0.143,0.109,0.00
1045,Pursuer,0.298,0.367,0.144,0.159,0.00
1046,Draw,0.297,0.366,0.152,0.141,9.10
1047,Pursuer,0.297,0.367,0.128,0.136,0.00
1048,Runner,0.298,0.366,0.146,0.150,4.62
1049,Draw,0.297,0.366,0.151,0.143,0.00
1050,Draw,0.297,0.366,0.147,0.140,19.98
1051,Runner,0.298,0.365,0.168,0.153,0.00
1052,Draw,0.298,0.365,0.166,0.138,14.62
1053,Runner,0.298,0.365,0.135,0.161,1.84
1054,Pursuer,0.298,0.365,0.147,0.141,0.00
1055,Pursuer,0.298,0.366,0.132,0.130,0.00
1056,Runner,0.298,0.366,0.159,0.131,0.00
1057,Pursuer,0.298,0.366,0.123,0.153,0.00
1058,Draw,0.298,0.366,0.152,0.154,17.36
1059,Runner,0.298,0.365,0.137,0.154,0.00
1060,Runner,0.299,0.365,0.154,0.156,5.12
1061,Runner,0.300,0.365,0.146,0.146,0.00
1062,Draw,0.299,0.364,0.137,0.143,0.00
1063,Runner,0.300,0.364,0.158,0.141,17.02
1064,Draw,0.300,0.364,0.146,0.142,17.50
1065,Draw,0.300,0.363,0.160,0.150,2.70
1066,Runner,0.300,0.363,0.121,0.151,0.00
1067,Draw,0.300,0.363,0.157,0.152,12.40
1068,Runner,0.301,0.362,0.143,0.148,2.26
1069,Pursuer,0.300,0.363,0.148,0.136,0.00
1070,Runner,0.301,0.363,0.144,0.156,0.00
1071,Pursuer,0.301,0.363,0.143,0.152,0.00
1072,Pursuer,0.300,0.364,0.152,0.163,0.00
1073,Pursuer,0.300,0.364,0.145,0.133,0.00
1074,Draw,0.300,0.364,0.148,0.159,19.98
1075,Pursuer,0.300,0.365,0.168,0.178,0.00
1076,Pursuer,0.299,0.365,0.141,0.153,0.00
1077,Runner,0.300,0.365,0.149,0.150,0.76
1078,Draw,0.300,0.365,0.154,0.155,9.38
1079,Draw,0.299,0.364,0.146,0.151,6.50
1080,Runner,0.300,0.364,0.135,0.134,0.00
1081,Runner,0.301,0.364,0.148,0.148,3.04
1082,Runner,0.301,0.363,0.147,0.186,0.00
1083,Runner,0.302,0.363,0.158,0.174,3.86
1084,Runner,0.303,0.363,0.152,0.153,0.00
1085,Pursuer,0.302,0.363,0.152,0.129,0.00
1086,Pursuer,0.302,0.364,0.190,0.110,0.00
1087,Pursuer,0.302,0.364,0.140,0.149,0.00
1088,Pursuer,0.301,0.365,0.134,0.145,0.00
1089,Runner,0.302,0.365,0.149,0.148,4.78
1090,Pursuer,0.302,0.365,0.152,0.136,0.00
1091,Runner,0.302,0.365,0.137,0.144,0.18
1092,Runner,0.303,0.364,0.146,0.138,0.00
1093,Pursuer,0.303,0.365,0.140,0.154,0.00
1094,Pursuer,0.303,0.366,0.133,0.088,0.00
1095,Draw,0.302,0.365,0.155,0.151,14.30
1096,Pursuer,0.302,0.366,0.150,0.143,0.00
1097,Pursuer,0.302,0.366,0.157,0.164,0.00
1098,Runner,0.302,0.366,0.169,0.143,0.00
1099,Pursuer,0.302,0.367,0.154,0.152,0.00
1100,Pursuer,0.302,0.367,0.142,0.150,0.00
1101,Runner,0.302,0.367,0.148,0.141,2.72
1102,Runner,0.303,0.367,0.166,0.179,0.96
1103,Draw,0.303,0.366,0.150,0.158,14.00
1104,Pursuer,0.303,0.367,0.152,0.161,0.00
1105,Draw,0.302,0.367,0.148,0.153,0.00
1106,Runner,0.303,0.366,0.139,0.153,1.00
1107,Runner,0.304,0.366,0.144,0.159,13.68
1108,Runner,0.304,0.366,0.129,0.153,0.00
1109,Runner,0.305,0.365,0.132,0.147,2.20
1110,Pursuer,0.305,0.366,0.168,0.200,0.00
1111,Pursuer,0.304,0.366,0.154,0.141,0.00
1112,Pursuer,0.304,0.367,0.155,0.141,0.00
1113,Draw,0.304,0.367,0.149,0.150,19.08
1114,Runner,0.304,0.366,0.143,0.160,3.02
1115,Pursuer,0.304,0.367,0.169,0.143,0.00
1116,Runner,0.305,0.366,0.133,0.154,0.00
1117,Pursuer,0.304,0.367,0.127,0.131,0.00
1118,Runner,0.305,0.367,0.150,0.149,0.70
1119,Runner,0.306,0.366,0.137,0.149,0.00
1120,Runner,0.306,0.366,0.160,0.152,0.00
1121,Pursuer,0.306,0.367,0.127,0.129,0.00
1122,Runner,0.307,0.366,0.156,0.141,0.00
1123,Pursuer,0.306,0.367,0.000,0.000,0.00
1124,Pursuer,0.306,0.367,0.152,0.157,0.00
1125,Runner,0.307,0.367,0.141,0.162,0.00
1126,Pursuer,0.306,0.368,0.165,0.139,0.00
1127,Runner,0.307,0.367,0.130,0.181,1.02
1128,Pursuer,0.307,0.368,0.144,0.154,0.00
1129,Pursuer,0.306,0.368,0.149,0.153,0.00
1130,Runner,0.307,0.368,0.118,0.102,0.00
1131,Pursuer,0.307,0.369,0.000,0.000,0.00
1132,Runner,0.307,0.368,0.143,0.155,0.00
1133,Runner,0.308,0.368,0.145,0.127,0.48
1134,Pursuer,0.308,0.369,0.140,0.143,0.00
1135,Runner,0.308,0.368,0.146,0.143,7.46
1136,Pursuer,0.308,0.369,0.134,0.155,0.00
1137,Runner,0.309,0.369,0.137,0.140,4.54
1138,Runner,0.309,0.368,0.163,0.139,0.00
1139,Runner,0.310,0.368,0.156,0.124,0.00
1140,Runner,0.311,0.368,0.144,0.156,0.00
1141,Draw,0.310,0.367,0.159,0.143,12.36
1142,Runner,0.311,0.367,0.158,0.134,0.00
1143,Runner,0.311,0.367,0.145,0.146,4.38
1144,Runner,0.312,0.366,0.130,0.143,0.00
1145,Runner,0.313,0.366,0.136,0.149,0.00
1146,Pursuer,0.312,0.366,0.156,0.141,0.00
1147,Pursuer,0.312,0.367,0.173,0.140,0.00
1148,Runner,0.313,0.367,0.149,0.148,0.00
1149,Pursuer,0.312,0.367,0.141,0.158,0.00
1150,Pursuer,0.312,0.368,0.135,0.136,0.00
1151,Runner,0.313,0.368,0.162,0.174,0.00
1152,Runner,0.313,0.367,0.153,0.151,0.00
1153,Runner,0.314,0.367,0.150,0.156,2.62
1154,Runner,0.315,0.367,0.146,0.148,4.30
1155,Runner,0.315,0.366,0.123,0.129,0.00
1156,Runner,0.316,0.366,0.182,0.135,0.00
1157,Draw,0.315,0.366,0.150,0.162,9.78
1158,Draw,0.315,0.365,0.138,0.147,18.38
1159,Pursuer,0.315,0.366,0.126,0.148,0.00
1160,Draw,0.315,0.366,0.147,0.145,6.28
1161,Pursuer,0.314,0.366,0.150,0.144,0.00
1162,Runner,0.315,0.366,0.169,0.157,2.12
1163,Draw,0.315,0.365,0.142,0.139,1.92
1164,Pursuer,0.314,0.366,0.158,0.151,0.00
1165,Draw,0.314,0.366,0.164,0.144,15.48
1166,Draw,0.314,0.365,0.145,0.144,16.70
1167,Pursuer,0.314,0.366,0.145,0.153,0.00
1168,Pursuer,0.313,0.366,0.277,0.218,0.00
1169,Pursuer,0.313,0.367,0.141,0.152,0.00
1170,Draw,0.313,0.367,0.155,0.145,6.86
1171,Runner,0.313,0.366,0.104,0.187,0.00
1172,Runner,0.314,0.366,0.142,0.157,5.82
1173,Runner,0.315,0.366,0.144,0.139,0.00
1174,Runner,0.315,0.365,0.168,0.148,0.00
1175,Runner,0.316,0.365,0.139,0.134,11.20
1176,Runner,0.316,0.365,0.125,0.162,0.00
1177,Pursuer,0.316,0.365,0.162,0.156,0.00
1178,Runner,0.317,0.365,0.156,0.151,4.70
1179,Runner,0.317,0.365,0.122,0.139,0.00
1180,Runner,0.318,0.364,0.144,0.146,0.00
1181,Runner,0.318,0.364,0.132,0.176,0.00
1182,Pursuer,0.318,0.365,0.142,0.149,0.00
1183,Draw,0.318,0.364,0.144,0.142,8.12
1184,Pursuer,0.318,0.365,0.141,0.120,0.00
1185,Draw,0.317,0.365,0.149,0.156,3.74
1186,Pursuer,0.317,0.365,0.121,0.111,0.00
1187,Draw,0.317,0.365,0.149,0.132,8.32
1188,Draw,0.316,0.364,0.156,0.151,12.06
1189,Pursuer,0.316,0.365,0.153,0.144,0.00
1190,Pursuer,0.316,0.366,0.139,0.137,0.00
1191,Draw,0.316,0.365,0.149,0.147,12.32
1192,Runner,0.316,0.365,0.167,0.154,0.98
1193,Pursuer,0.316,0.365,0.124,0.044,0.00
1194,Pursuer,0.316,0.366,0.163,0.159,0.00
1195,Runner,0.316,0.366,0.144,0.126,3.40
1196,Draw,0.316,0.365,0.136,0.143,3.04
1197,Pursuer,0.316,0.366,0.158,0.139,0.00
1198,Draw,0.316,0.366,0.148,0.152,0.00
1199,Pursuer,0.315,0.366,0.143,0.156,0.00
1200,Pursuer,0.315,0.367,0.160,0.148,0.00
1201,Runner,0.316,0.366,0.145,0.155,0.00
1202,Runner,0.316,0.366,0.153,0.148,3.54
1203,Runner,0.317,0.366,0.141,0.140,0.00
1204,Runner,0.317,0.365,0.130,0.145,3.90
1205,Pursuer,0.317,0.366,0.195,0.114,0.00
1206,Pursuer,0.317,0.367,0.158,0.151,0.00
1207,Pursuer,0.316,0.367,0.125,0.166,0.00
1208,Runner,0.317,0.367,0.141,0.142,2.10
1209,Runner,0.318,0.366,0.154,0.154,0.00
1210,Runner,0.318,0.366,0.119,0.176,0.00
1211,Pursuer,0.318,0.367,0.252,0.240,0.00
1212,Pursuer,0.318,0.367,0.148,0.128,0.00
1213,Draw,0.317,0.367,0.132,0.151,11.84
1214,Runner,0.318,0.367,0.142,0.177,0.00
1215,Draw,0.318,0.366,0.141,0.138,19.92
1216,Pursuer,0.317,0.367,0.134,0.146,0.00
1217,Runner,0.318,0.366,0.124,0.167,1.88
1218,Runner,0.319,0.366,0.142,0.146,1.14
1219,Pursuer,0.318,0.367,0.144,0.182,0.00
1220,Runner,0.319,0.366,0.135,0.151,5.68
1221,Runner,0.319,0.366,0.131,0.143,3.88
1222,Runner,0.320,0.366,0.150,0.144,8.98
1223,Draw,0.320,0.365,0.153,0.143,8.22
1224,Runner,0.320,0.365,0.148,0.143,2.84
1225,Draw,0.320,0.365,0.139,0.144,12.84
1226,Pursuer,0.320,0.365,0.135,0.146,0.00
1227,Pursuer,0.319,0.366,0.131,0.130,0.00
1228,Pursuer,0.319,0.366,0.166,0.133,0.00
1229,Runner,0.320,0.366,0.152,0.173,0.00
1230,Runner,0.320,0.366,0.136,0.125,5.14
1231,Pursuer,0.320,0.366,0.127,0.160,0.00
1232,Runner,0.321,0.366,0.156,0.149,7.72
1233,Pursuer,0.320,0.367,0.190,0.088,0.00
1234,Draw,0.320,0.366,0.137,0.147,19.26
1235,Runner,0.321,0.366,0.121,0.139,0.00
1236,Draw,0.320,0.366,0.149,0.151,13.30
1237,Draw,0.320,0.365,0.140,0.140,13.58
1238,Runner,0.321,0.365,0.135,0.138,7.26
1239,Runner,0.321,0.365,0.146,0.146,0.00
1240,Draw,0.321,0.365,0.144,0.141,1.90
1241,Pursuer,0.321,0.365,0.145,0.142,0.00
1242,Draw,0.320,0.365,0.158,0.158,0.00
1243,Runner,0.321,0.364,0.132,0.149,0.00
1244,Pursuer,0.321,0.365,0.160,0.133,0.00
1245,Runner,0.321,0.365,0.186,0.147,0.00
1246,Pursuer,0.321,0.365,0.145,0.143,0.00
1247,Runner,0.322,0.365,0.134,0.144,0.36
1248,Pursuer,0.321,0.365,0.113,0.152,0.00
1249,Pursuer,0.321,0.366,0.147,0.155,0.00
1250,Runner,0.322,0.366,0.145,0.142,0.00
1251,Runner,0.322,0.365,0.141,0.156,0.00
1252,Pursuer,0.322,0.366,0.153,0.154,0.00
1253,Pursuer,0.322,0.366,0.135,0.147,0.00
1254,Runner,0.322,0.366,0.000,0.000,0.02
1255,Runner,0.323,0.366,0.141,0.147,2.82
1256,Draw,0.322,0.365,0.146,0.138,19.74
1257,Runner,0.323,0.365,0.142,0.142,4.18
1258,Draw,0.323,0.365,0.148,0.150,12.08
1259,Runner,0.323,0.365,0.151,0.135,0.48
1260,Runner,0.324,0.364,0.135,0.127,0.00
1261,Pursuer,0.324,0.365,0.175,0.148,0.00
1262,Runner,0.324,0.365,0.250,0.179,0.00
1263,Draw,0.324,0.364,0.144,0.147,11.92
1264,Runner,0.324,0.364,0.142,0.164,0.24
1265,Runner,0.325,0.364,0.162,0.149,0.00
1266,Pursuer,0.325,0.364,0.135,0.141,0.00
1267,Runner,0.325,0.364,0.159,0.140,2.14
1268,Runner,0.326,0.364,0.157,0.156,1.72
1269,Runner,0.326,0.363,0.165,0.141,2.86
1270,Runner,0.327,0.363,0.138,0.149,0.00
1271,Draw,0.327,0.363,0.153,0.145,17.92
1272,Draw,0.326,0.362,0.152,0.142,16.36
1273,Pursuer,0.326,0.363,0.160,0.153,0.00
1274,Pursuer,0.326,0.363,0.155,0.155,0.00
1275,Pursuer,0.325,0.364,0.147,0.079,0.00
1276,Pursuer,0.325,0.364,0.156,0.136,0.00
1277,Runner,0.326,0.364,0.136,0.179,0.00
1278,Runner,0.326,0.364,0.139,0.153,4.04
1279,Draw,0.326,0.364,0.146,0.154,9.30
1280,Pursuer,0.326,0.364,0.130,0.138,0.00
1281,Runner,0.326,0.364,0.134,0.161,5.50
1282,Runner,0.327,0.363,0.145,0.150,0.00
1283,Pursuer,0.327,0.364,0.122,0.149,0.00
1284,Pursuer,0.326,0.364,0.177,0.156,0.00
1285,Runner,0.327,0.364,0.134,0.138,0.00
1286,Runner,0.327,0.364,0.159,0.148,2.70
1287,Runner,0.328,0.364,0.156,0.131,2.86
1288,Pursuer,0.328,0.364,0.306,0.115,0.00
1289,Runner,0.328,0.364,0.140,0.151,19.76
1290,Runner,0.329,0.364,0.180,0.183,0.16
1291,Runner,0.329,0.363,0.138,0.151,0.42
1292,Pursuer,0.329,0.364,0.144,0.136,0.00
1293,Pursuer,0.329,0.364,0.144,0.146,0.00
1294,Pursuer,0.328,0.365,0.172,0.220,0.00
1295,Draw,0.328,0.364,0.154,0.146,8.88
1296,Runner,0.329,0.364,0.148,0.137,3.46
1297,Runner,0.329,0.364,0.144,0.153,0.00
1298,Runner,0.330,0.364,0.125,0.129,2.24
1299,Draw,0.329,0.363,0.149,0.137,14.26
1300,Runner,0.330,0.363,0.153,0.171,0.72
1301,Pursuer,0.330,0.364,0.092,0.063,0.00
1302,Pursuer,0.329,0.364,0.150,0.144,0.00
1303,Draw,0.329,0.364,0.151,0.142,0.00
1304,Runner,0.330,0.363,0.133,0.152,4.44
1305,Pursuer,0.330,0.364,0.132,0.141,0.00
1306,Runner,0.330,0.364,0.137,0.151,0.00
1307,Pursuer,0.330,0.364,0.155,0.124,0.00
1308,Runner,0.330,0.364,0.146,0.121,0.00
1309,Pursuer,0.330,0.364,0.163,0.145,0.00
1310,Runner,0.331,0.364,0.131,0.158,0.00
1311,Pursuer,0.330,0.365,0.140,0.116,0.00
1312,Runner,0.331,0.364,0.145,0.162,0.80
1313,Pursuer,0.331,0.365,0.144,0.148,0.00
1314,Runner,0.331,0.365,0.140,0.139,0.00
1315,Runner,0.332,0.364,0.146,0.143,5.76
1316,Runner,0.332,0.364,0.149,0.159,3.00
1317,Pursuer,0.332,0.364,0.000,0.000,0.00
1318,Runner,0.332,0.364,0.148,0.197,0.00
1319,Pursuer,0.332,0.365,0.141,0.113,0.00
1320,Draw,0.332,0.364,0.143,0.142,0.00
1321,Runner,0.332,0.364,0.142,0.146,2.64
1322,Runner,0.333,0.364,0.128,0.126,0.00
1323,Draw,0.333,0.364,0.149,0.160,9.40
1324,Runner,0.333,0.363,0.127,0.166,0.00
1325,Pursuer,0.333,0.364,0.119,0.123,0.00
1326,Runner,0.333,0.363,0.140,0.133,0.00
1327,Runner,0.334,0.363,0.148,0.135,5.00
1328,Pursuer,0.334,0.364,0.158,0.156,0.00
1329,Draw,0.333,0.363,0.148,0.145,19.98
1330,Pursuer,0.333,0.364,0.137,0.156,0.00
1331,Pursuer,0.333,0.364,0.172,0.130,0.00
1332,Pursuer,0.333,0.365,0.000,0.000,0.00
1333,Runner,0.333,0.365,0.142,0.140,0.00
1334,Pursuer,0.333,0.365,0.145,0.101,0.00
1335,Draw,0.333,0.365,0.147,0.146,4.42
1336,Draw,0.332,0.365,0.142,0.147,11.60
1337,Runner,0.333,0.364,0.140,0.178,0.00
1338,Pursuer,0.333,0.365,0.121,0.174,0.00
1339,Runner,0.333,0.364,0.130,0.156,2.94
1340,Runner,0.334,0.364,0.140,0.164,0.00
1341,Pursuer,0.333,0.365,0.137,0.145,0.00
1342,Pursuer,0.333,0.365,0.145,0.129,0.00
1343,Pursuer,0.333,0.366,0.170,0.112,0.00
1344,Runner,0.333,0.365,0.139,0.165,3.12
1345,Pursuer,0.333,0.366,0.144,0.145,0.00
1346,Draw,0.333,0.366,0.150,0.150,12.38
1347,Pursuer,0.333,0.366,0.000,0.000,0.00
1348,Pursuer,0.332,0.366,0.172,0.162,0.00
1349,Runner,0.333,0.366,0.150,0.131,0.00
1350,Runner,0.333,0.366,0.153,0.172,0.00
1351,Runner,0.334,0.366,0.167,0.138,0.00
1352,Pursuer,0.334,0.366,0.147,0.139,0.00
1353,Pursuer,0.333,0.367,0.124,0.154,0.00
1354,Pursuer,0.333,0.367,0.134,0.093,0.00
1355,Pursuer,0.333,0.368,0.133,0.148,0.00
1356,Pursuer,0.333,0.368,0.162,0.174,0.00
1357,Runner,0.333,0.368,0.146,0.160,5.36
1358,Runner,0.334,0.367,0.145,0.136,0.00
1359,Pursuer,0.333,0.368,0.170,0.135,0.00
1360,Runner,0.334,0.368,0.132,0.129,3.00
1361,Draw,0.334,0.367,0.152,0.144,10.32
1362,Pursuer,0.333,0.368,0.161,0.147,0.00
1363,Runner,0.334,0.368,0.000,0.000,0.02
1364,Runner,0.334,0.367,0.148,0.143,0.20
1365,Runner,0.335,0.367,0.140,0.145,9.26
1366,Runner,0.335,0.367,0.052,0.237,0.28
1367,Pursuer,0.335,0.367,0.165,0.146,0.00
1368,Runner,0.336,0.367,0.137,0.126,0.00
1369,Runner,0.336,0.367,0.102,0.144,0.00
1370,Runner,0.336,0.366,0.121,0.109,0.00
1371,Runner,0.337,0.366,0.140,0.130,0.00
1372,Pursuer,0.337,0.367,0.150,0.155,0.00
1373,Runner,0.337,0.366,0.141,0.138,2.18
1374,Pursuer,0.337,0.367,0.144,0.143,0.00
1375,Runner,0.337,0.367,0.140,0.152,0.02
1376,Runner,0.338,0.366,0.136,0.153,5.70
1377,Runner,0.338,0.366,0.139,0.155,0.00
1378,Pursuer,0.338,0.366,0.127,0.164,0.00
1379,Pursuer,0.338,0.367,0.161,0.159,0.00
1380,Runner,0.338,0.367,0.128,0.117,0.00
1381,Pursuer,0.338,0.367,0.129,0.157,0.00
1382,Runner,0.339,0.367,0.153,0.148,0.00
1383,Pursuer,0.338,0.367,0.166,0.153,0.00
1384,Draw,0.338,0.367,0.134,0.145,1.46
1385,Pursuer,0.338,0.368,0.191,0.155,0.00
1386,Runner,0.338,0.367,0.143,0.140,0.00
1387,Runner,0.339,0.367,0.122,0.118,0.00
1388,Draw,0.339,0.367,0.150,0.149,15.46
1389,Draw,0.338,0.366,0.133,0.132,10.88
1390,Draw,0.338,0.366,0.138,0.147,9.58
1391,Pursuer,0.338,0.367,0.143,0.149,0.00
1392,Runner,0.338,0.366,0.132,0.159,0.00
1393,Runner,0.339,0.366,0.146,0.138,1.60
1394,Draw,0.339,0.366,0.140,0.152,0.74
1395,Pursuer,0.338,0.366,0.137,0.143,0.00
1396,Pursuer,0.338,0.367,0.138,0.115,0.00
1397,Runner,0.339,0.366,0.128,0.161,4.06
1398,Runner,0.339,0.366,0.125,0.176,0.00
1399,Runner,0.340,0.366,0.133,0.145,0.00
1400,Runner,0.340,0.366,0.145,0.144,12.76
1401,Pursuer,0.340,0.366,0.168,0.157,0.00
1402,Runner,0.340,0.366,0.136,0.136,0.00
1403,Draw,0.340,0.366,0.143,0.143,16.92
1404,Runner,0.340,0.365,0.129,0.161,0.38
1405,Draw,0.340,0.365,0.142,0.143,13.60
1406,Draw,0.340,0.365,0.151,0.148,0.00
1407,Runner,0.340,0.365,0.150,0.151,1.42
1408,Pursuer,0.340,0.365,0.164,0.140,0.00
1409,Pursuer,0.340,0.366,0.092,0.061,0.00
1410,Draw,0.340,0.365,0.146,0.158,18.78
1411,Pursuer,0.339,0.366,0.137,0.152,0.00
1412,Pursuer,0.339,0.366,0.190,0.165,0.00
1413,Runner,0.340,0.366,0.141,0.151,3.86
1414,Runner,0.340,0.366,0.124,0.135,0.92
1415,Pursuer,0.340,0.366,0.149,0.146,0.00
1416,Pursuer,0.340,0.367,0.163,0.155,0.00
1417,Pursuer,0.339,0.367,0.166,0.154,0.00
1418,Pursuer,0.339,0.367,0.108,0.136,0.00
1419,Runner,0.340,0.367,0.147,0.132,0.00
1420,Draw,0.339,0.367,0.151,0.148,0.00
1421,Pursuer,0.339,0.367,0.178,0.154,0.00
1422,Pursuer,0.339,0.368,0.148,0.141,0.00
1423,Runner,0.339,0.368,0.148,0.153,4.80
1424,Pursuer,0.339,0.368,0.146,0.152,0.00
1425,Pursuer,0.339,0.368,0.174,0.184,0.00
1426,Runner,0.339,0.368,0.103,0.184,0.00
1427,Pursuer,0.339,0.369,0.153,0.145,0.00
1428,Runner,0.340,0.368,0.163,0.145,3.58
1429,Runner,0.340,0.368,0.144,0.143,11.76
1430,Pursuer,0.340,0.369,0.190,0.136,0.00
1431,Runner,0.340,0.368,0.142,0.130,3.56
1432,Draw,0.340,0.368,0.152,0.133,9.46
1433,Draw,0.340,0.368,0.149,0.146,18.96
1434,Runner,0.340,0.368,0.152,0.115,2.64
1435,Pursuer,0.340,0.368,0.124,0.158,0.00
1436,Pursuer,0.340,0.368,0.127,0.085,0.00
1437,Pursuer,0.340,0.369,0.156,0.153,0.00
1438,Pursuer,0.339,0.369,0.133,0.120,0.00
1439,Runner,0.340,0.369,0.128,0.134,0.00
1440,Pursuer,0.340,0.369,0.136,0.150,0.00
1441,Pursuer,0.339,0.370,0.241,0.391,0.00
1442,Pursuer,0.339,0.370,0.162,0.151,0.00
1443,Runner,0.340,0.370,0.128,0.181,3.10
1444,Pursuer,0.339,0.370,0.129,0.118,0.00
1445,Runner,0.340,0.370,0.152,0.148,0.34
1446,Runner,0.340,0.370,0.154,0.134,1.04
1447,Pursuer,0.340,0.370,0.140,0.149,0.00
1448,Pursuer,0.340,0.371,0.207,0.135,0.00
1449,Runner,0.340,0.371,0.152,0.139,3.70
1450,Runner,0.341,0.370,0.157,0.153,5.86
1451,Pursuer,0.340,0.371,0.141,0.138,0.00
1452,Pursuer,0.340,0.371,0.141,0.154,0.00
1453,Runner,0.341,0.371,0.142,0.147,7.20
1454,Draw,0.340,0.371,0.140,0.152,18.56
1455,Draw,0.340,0.370,0.149,0.150,10.44
1456,Runner,0.341,0.370,0.127,0.098,1.48
1457,Pursuer,0.340,0.371,0.143,0.144,0.00
1458,Pursuer,0.340,0.371,0.150,0.149,0.00
1459,Runner,0.341,0.371,0.169,0.155,0.00
1460,Runner,0.341,0.371,0.140,0.165,0.00
1461,Runner,0.342,0.370,0.157,0.153,5.14
1462,Runner,0.342,0.370,0.150,0.164,1.64
1463,Runner,0.342,0.370,0.156,0.129,0.00
1464,Runner,0.343,0.370,0.107,0.138,0.00
1465,Pursuer,0.343,0.370,0.000,0.000,0.00
1466,Pursuer,0.342,0.370,0.141,0.148,0.00
1467,Runner,0.343,0.370,0.137,0.165,4.72
1468,Runner,0.343,0.370,0.146,0.152,13.24
1469,Runner,0.344,0.370,0.139,0.163,2.82
1470,Pursuer,0.344,0.370,0.126,0.161,0.00
1471,Runner,0.344,0.370,0.154,0.176,0.96
1472,Runner,0.344,0.370,0.160,0.152,4.44
1473,Pursuer,0.344,0.370,0.114,0.086,0.00
1474,Pursuer,0.344,0.370,0.185,0.149,0.00
1475,Runner,0.344,0.370,0.157,0.147,2.16
1476,Runner,0.345,0.370,0.151,0.151,5.82
1477,Runner,0.345,0.370,0.150,0.142,0.00
1478,Runner,0.346,0.369,0.154,0.148,0.46
1479,Pursuer,0.346,0.370,0.163,0.126,0.00
1480,Pursuer,0.345,0.370,0.115,0.131,0.00
1481,Pursuer,0.345,0.371,0.167,0.138,0.00
1482,Pursuer,0.345,0.371,0.139,0.135,0.00
1483,Pursuer,0.345,0.372,0.139,0.151,0.00
1484,Pursuer,0.344,0.372,0.143,0.165,0.00
1485,Pursuer,0.344,0.372,0.131,0.160,0.00
1486,Pursuer,0.344,0.373,0.133,0.131,0.00
1487,Runner,0.344,0.373,0.138,0.155,2.18
1488,Pursuer,0.344,0.373,0.136,0.135,0.00
1489,Pursuer,0.344,0.373,0.151,0.142,0.00
1490,Runner,0.344,0.373,0.135,0.138,0.98
1491,Runner,0.345,0.373,0.150,0.137,0.90
1492,Pursuer,0.345,0.373,0.000,0.000,0.00
1493,Runner,0.345,0.373,0.139,0.153,0.00
1494,Draw,0.345,0.373,0.138,0.156,19.98
1495,Runner,0.345,0.373,0.155,0.144,3.62
1496,Runner,0.346,0.372,0.145,0.146,7.04
1497,Runner,0.346,0.372,0.148,0.191,0.00
1498,Draw,0.346,0.372,0.153,0.152,18.06
1499,Runner,0.346,0.372,0.133,0.155,2.84
1500,Pursuer,0.346,0.372,0.136,0.150,0.00
1501,Pursuer,0.346,0.372,0.158,0.157,0.00
1502,Pursuer,0.346,0.373,0.178,0.166,0.00
1503,Runner,0.346,0.373,0.157,0.170,0.00
1504,Draw,0.346,0.372,0.144,0.142,14.92
1505,Pursuer,0.346,0.373,0.168,0.114,0.00
1506,Pursuer,0.345,0.373,0.153,0.150,0.00
1507,Pursuer,0.345,0.374,0.114,0.146,0.00
1508,Pursuer,0.345,0.374,0.129,0.140,0.00
1509,Runner,0.345,0.374,0.146,0.119,0.00
1510,Runner,0.346,0.374,0.130,0.145,0.00
1511,Runner,0.346,0.373,0.166,0.160,10.22
1512,Pursuer,0.346,0.374,0.170,0.146,0.00
1513,Draw,0.346,0.373,0.144,0.147,12.74
1514,Runner,0.346,0.373,0.152,0.138,7.20
1515,Runner,0.347,0.373,0.129,0.147,1.28
1516,Runner,0.347,0.373,0.119,0.102,0.00
1517,Runner,0.347,0.372,0.156,0.137,2.46
1518,Pursuer,0.347,0.373,0.000,0.000,0.00
1519,Draw,0.347,0.373,0.151,0.142,15.34
1520,Pursuer,0.347,0.373,0.151,0.156,0.00
1521,Draw,0.346,0.373,0.145,0.140,16.56
1522,Pursuer,0.346,0.373,0.116,0.149,0.00
1523,Runner,0.347,0.373,0.148,0.145,0.00
1524,Runner,0.347,0.373,0.150,0.155,10.24
1525,Pursuer,0.347,0.373,0.137,0.143,0.00
1526,Draw,0.347,0.373,0.140,0.145,13.88
1527,Runner,0.347,0.373,0.139,0.120,0.00
1528,Pursuer,0.347,0.373,0.148,0.154,0.00
1529,Runner,0.347,0.373,0.127,0.173,0.00
1530,Pursuer,0.347,0.373,0.000,0.000,0.00
1531,Runner,0.347,0.373,0.144,0.135,0.02
1532,Runner,0.348,0.373,0.188,0.146,2.08
1533,Pursuer,0.348,0.373,0.154,0.156,0.00
1534,Pursuer,0.347,0.374,0.136,0.185,0.00
1535,Runner,0.348,0.373,0.128,0.152,5.10
1536,Pursuer,0.348,0.374,0.144,0.146,0.00
1537,Draw,0.347,0.373,0.145,0.153,0.00
1538,Pursuer,0.347,0.374,0.152,0.148,0.00
1539,Pursuer,0.347,0.374,0.126,0.157,0.00
1540,Runner,0.347,0.374,0.142,0.119,0.00
1541,Pursuer,0.347,0.374,0.138,0.135,0.00
1542,Runner,0.348,0.374,0.136,0.158,0.00
1543,Runner,0.348,0.374,0.156,0.141,0.00
1544,Pursuer,0.348,0.374,0.000,0.000,0.00
1545,Pursuer,0.348,0.375,0.142,0.132,0.00
1546,Pursuer,0.347,0.375,0.150,0.150,0.00
1547,Draw,0.347,0.375,0.147,0.158,9.52
1548,Runner,0.348,0.375,0.124,0.159,0.00
1549,Pursuer,0.347,0.375,0.148,0.150,0.00
1550,Runner,0.348,0.375,0.148,0.138,1.14
1551,Runner,0.348,0.375,0.155,0.169,3.72
1552,Pursuer,0.348,0.375,0.158,0.141,0.00
1553,Runner,0.348,0.375,0.162,0.140,0.50
1554,Runner,0.349,0.375,0.147,0.144,0.00
1555,Runner,0.349,0.374,0.140,0.152,0.00
1556,Pursuer,0.349,0.375,0.128,0.138,0.00
1557,Runner,0.349,0.374,0.149,0.168,0.00
1558,Pursuer,0.349,0.375,0.123,0.169,0.00
1559,Pursuer,0.349,0.375,0.146,0.170,0.00
1560,Pursuer,0.349,0.376,0.141,0.141,0.00
1561,Runner,0.349,0.375,0.140,0.135,0.00
1562,Pursuer,0.349,0.376,0.145,0.163,0.00
1563,Runner,0.349,0.376,0.105,0.172,1.82
1564,Runner,0.350,0.375,0.189,0.167,0.00
1565,Pursuer,0.350,0.376,0.141,0.148,0.00
1566,Pursuer,0.349,0.376,0.149,0.138,0.00
1567,Pursuer,0.349,0.377,0.142,0.158,0.00
1568,Runner,0.349,0.376,0.162,0.156,8.60
1569,Runner,0.350,0.376,0.106,0.138,6.18
1570,Pursuer,0.350,0.376,0.156,0.132,0.00
1571,Runner,0.350,0.376,0.124,0.146,1.08
1572,Runner,0.351,0.376,0.157,0.156,2.74
1573,Pursuer,0.350,0.376,0.154,0.150,0.00
1574,Runner,0.351,0.376,0.138,0.147,1.18
1575,Pursuer,0.350,0.377,0.168,0.116,0.00
1576,Runner,0.351,0.376,0.158,0.175,0.00
1577,Runner,0.351,0.376,0.127,0.132,0.48
1578,Pursuer,0.351,0.376,0.133,0.146,0.00
1579,Runner,0.351,0.376,0.129,0.142,0.40
1580,Pursuer,0.351,0.377,0.134,0.148,0.00
1581,Pursuer,0.351,0.377,0.123,0.125,0.00
1582,Pursuer,0.351,0.377,0.085,0.132,0.00
1583,Runner,0.351,0.377,0.153,0.132,0.00
1584,Pursuer,0.351,0.378,0.141,0.114,0.00
1585,Draw,0.351,0.377,0.149,0.149,12.24
1586,Pursuer,0.351,0.378,0.155,0.129,0.00
1587,Runner,0.351,0.377,0.179,0.159,3.26
1588,Runner,0.351,0.377,0.151,0.150,3.20
1589,Draw,0.351,0.377,0.147,0.152,17.24
1590,Runner,0.352,0.377,0.161,0.147,3.92
1591,Pursuer,0.351,0.377,0.147,0.152,0.00
1592,Runner,0.352,0.377,0.152,0.134,11.04
1593,Runner,0.352,0.377,0.160,0.146,0.00
1594,Pursuer,0.352,0.377,0.000,0.000,0.00
1595,Runner,0.352,0.377,0.151,0.147,0.00
1596,Pursuer,0.352,0.377,0.046,0.158,0.00
1597,Runner,0.353,0.377,0.148,0.133,0.00
1598,Runner,0.353,0.377,0.179,0.064,0.00
1599,Runner,0.353,0.376,0.167,0.153,0.00
1600,Draw,0.353,0.376,0.145,0.153,10.48
1601,Draw,0.353,0.376,0.156,0.155,16.50
1602,Runner,0.353,0.376,0.138,0.161,0.00
1603,Draw,0.353,0.376,0.148,0.147,10.82
1604,Runner,0.353,0.375,0.140,0.153,1.76
1605,Pursuer,0.353,0.376,0.158,0.145,0.00
1606,Pursuer,0.353,0.376,0.143,0.144,0.00
1607,Runner,0.353,0.376,0.144,0.149,9.72
1608,Runner,0.354,0.376,0.153,0.140,1.26
1609,Runner,0.354,0.375,0.136,0.160,1.72
1610,Pursuer,0.354,0.376,0.148,0.155,0.00
1611,Runner,0.354,0.376,0.163,0.138,0.00
1612,Pursuer,0.354,0.376,0.116,0.270,0.00
1613,Runner,0.355,0.376,0.000,0.000,0.00
1614,Runner,0.355,0.375,0.167,0.152,0.00
1615,Pursuer,0.355,0.376,0.136,0.148,0.00
1616,Pursuer,0.355,0.376,0.131,0.119,0.00
1617,Draw,0.354,0.376,0.143,0.154,14.80
1618,Runner,0.355,0.376,0.142,0.168,6.14
1619,Pursuer,0.355,0.376,0.144,0.146,0.00
1620,Runner,0.355,0.376,0.150,0.147,1.24
1621,Pursuer,0.355,0.376,0.133,0.136,0.00
1622,Pursuer,0.355,0.377,0.043,0.079,0.00
1623,Runner,0.355,0.376,0.155,0.152,0.00
1624,Runner,0.355,0.376,0.153,0.150,0.00
1625,Runner,0.356,0.376,0.130,0.145,1.00
1626,Pursuer,0.355,0.376,0.137,0.125,0.00
1627,Draw,0.355,0.376,0.151,0.156,15.48
1628,Draw,0.355,0.376,0.155,0.149,19.02
1629,Pursuer,0.355,0.376,0.174,0.159,0.00
1630,Runner,0.355,0.376,0.156,0.136,0.00
1631,Pursuer,0.355,0.376,0.000,0.000,0.00
1632,Runner,0.355,0.376,0.134,0.163,0.00
1633,Runner,0.356,0.376,0.131,0.140,2.92
1634,Pursuer,0.356,0.376,0.146,0.163,0.00
1635,Pursuer,0.355,0.377,0.161,0.143,0.00
1636,Pursuer,0.355,0.377,0.138,0.142,0.00
1637,Pursuer,0.355,0.378,0.145,0.131,0.00
1638,Runner,0.355,0.377,0.148,0.147,4.16
1639,Pursuer,0.355,0.378,0.149,0.153,0.00
1640,Runner,0.355,0.377,0.162,0.155,0.00
1641,Runner,0.356,0.377,0.153,0.146,2.26
1642,Runner,0.356,0.377,0.105,0.154,0.00
1643,Runner,0.357,0.377,0.150,0.136,0.00
1644,Pursuer,0.356,0.377,0.137,0.169,0.00
1645,Pursuer,0.356,0.378,0.154,0.130,0.00
1646,Pursuer,0.356,0.378,0.131,0.157,0.00
1647,Runner,0.356,0.378,0.128,0.119,0.00
1648,Pursuer,0.356,0.378,0.182,0.182,0.00
1649,Runner,0.357,0.378,0.134,0.140,0.70
1650,Runner,0.357,0.378,0.150,0.149,0.00
1651,Runner,0.357,0.377,0.121,0.149,1.88
1652,Runner,0.358,0.377,0.136,0.169,0.00
1653,Draw,0.358,0.377,0.159,0.147,12.52
1654,Runner,0.358,0.377,0.141,0.152,4.32
1655,Draw,0.358,0.376,0.155,0.143,19.08
1656,Pursuer,0.357,0.377,0.114,0.145,0.00
1657,Runner,0.358,0.377,0.166,0.121,0.00
1658,Draw,0.358,0.376,0.143,0.139,0.00
1659,Pursuer,0.357,0.377,0.100,0.133,0.00
1660,Pursuer,0.357,0.377,0.165,0.148,0.00
1661,Runner,0.358,0.377,0.150,0.130,8.78
1662,Pursuer,0.357,0.377,0.131,0.166,0.00
1663,Runner,0.358,0.377,0.148,0.148,0.00
1664,Runner,0.358,0.377,0.151,0.104,0.02
1665,Pursuer,0.358,0.377,0.150,0.150,0.00
1666,Pursuer,0.358,0.378,0.152,0.130,0.00
1667,Runner,0.358,0.377,0.137,0.154,2.32
1668,Runner,0.359,0.377,0.136,0.153,0.00
1669,Pursuer,0.358,0.377,0.149,0.141,0.00
1670,Runner,0.359,0.377,0.164,0.148,0.32
1671,Pursuer,0.358,0.378,0.145,0.147,0.00
1672,Pursuer,0.358,0.378,0.128,0.123,0.00
1673,Pursuer,0.358,0.378,0.137,0.155,0.00
1674,Runner,0.358,0.378,0.135,0.150,0.00
1675,Runner,0.359,0.378,0.141,0.149,2.62
1676,Runner,0.359,0.378,0.171,0.159,0.00
1677,Pursuer,0.359,0.378,0.149,0.148,0.00
1678,Draw,0.359,0.378,0.145,0.147,12.62
1679,Pursuer,0.359,0.378,0.136,0.138,0.00
1680,Draw,0.358,0.378,0.136,0.142,11.08
1681,Pursuer,0.358,0.378,0.167,0.135,0.00
1682,Runner,0.359,0.378,0.168,0.130,0.00
1683,Pursuer,0.358,0.378,0.153,0.144,0.00
1684,Runner,0.359,0.378,0.191,0.092,0.00
1685,Draw,0.358,0.378,0.155,0.151,18.76
1686,Pursuer,0.358,0.378,0.145,0.120,0.00
1687,Pursuer,0.358,0.379,0.156,0.169,0.00
1688,Pursuer,0.358,0.379,0.140,0.134,0.00
1689,Pursuer,0.358,0.380,0.162,0.153,0.00
1690,Pursuer,0.357,0.380,0.157,0.137,0.00
1691,Pursuer,0.357,0.380,0.154,0.148,0.00
1692,Pursuer,0.357,0.381,0.125,0.115,0.00
1693,Pursuer,0.357,0.381,0.142,0.152,0.00
1694,Pursuer,0.357,0.381,0.158,0.154,0.00
1695,Pursuer,0.356,0.382,0.182,0.134,0.00
1696,Runner,0.357,0.381,0.153,0.143,0.20
1697,Pursuer,0.357,0.382,0.139,0.136,0.00
1698,Draw,0.356,0.382,0.144,0.146,12.96
1699,Runner,0.357,0.381,0.160,0.160,1.34
1700,Pursuer,0.356,0.382,0.164,0.140,0.00
1701,Runner,0.357,0.382,0.130,0.123,1.40
1702,Runner,0.357,0.381,0.146,0.145,0.00
1703,Draw,0.357,0.381,0.140,0.147,0.00
1704,Draw,0.357,0.381,0.139,0.150,11.70
1705,Runner,0.357,0.381,0.154,0.140,0.00
1706,Runner,0.358,0.380,0.148,0.156,0.00
1707,Pursuer,0.357,0.381,0.154,0.170,0.00
1708,Runner,0.358,0.381,0.148,0.145,0.00
1709,Runner,0.358,0.380,0.148,0.165,0.00
1710,Runner,0.358,0.380,0.131,0.146,0.00
1711,Runner,0.359,0.380,0.159,0.156,4.12
1712,Pursuer,0.359,0.380,0.149,0.156,0.00
1713,Pursuer,0.358,0.381,0.145,0.142,0.00
1714,Pursuer,0.358,0.381,0.147,0.153,0.00
1715,Runner,0.359,0.381,0.144,0.156,0.78
1716,Pursuer,0.358,0.381,0.134,0.155,0.00
1717,Pursuer,0.358,0.381,0.170,0.146,0.00
1718,Pursuer,0.358,0.382,0.089,0.164,0.00
1719,Pursuer,0.358,0.382,0.145,0.168,0.00
1720,Runner,0.358,0.382,0.151,0.169,1.76
1721,Pursuer,0.358,0.382,0.166,0.135,0.00
1722,Runner,0.358,0.382,0.151,0.142,2.16
1723,Draw,0.358,0.382,0.134,0.140,10.54
1724,Pursuer,0.358,0.382,0.164,0.147,0.00
1725,Pursuer,0.358,0.383,0.141,0.144,0.00
1726,Runner,0.358,0.382,0.127,0.155,9.14
1727,Runner,0.358,0.382,0.104,0.143,1.52
1728,Draw,0.358,0.382,0.160,0.152,17.78
1729,Pursuer,0.358,0.382,0.031,0.114,0.00
1730,Pursuer,0.358,0.383,0.117,0.104,0.00
1731,Runner,0.358,0.382,0.125,0.146,0.00
1732,Draw,0.358,0.382,0.141,0.144,15.66
1733,Runner,0.358,0.382,0.127,0.137,3.34
1734,Draw,0.358,0.382,0.153,0.155,7.10
1735,Pursuer,0.358,0.382,0.147,0.140,0.00
1736,Draw,0.358,0.382,0.147,0.143,6.16
1737,Pursuer,0.358,0.382,0.129,0.115,0.00
1738,Pursuer,0.357,0.383,0.150,0.128,0.00
1739,Runner,0.358,0.382,0.143,0.138,0.24
1740,Runner,0.358,0.382,0.118,0.160,3.80
1741,Runner,0.358,0.382,0.156,0.146,0.00
1742,Runner,0.359,0.382,0.148,0.157,0.00
1743,Draw,0.359,0.382,0.145,0.149,12.10
1744,Runner,0.359,0.381,0.158,0.225,0.00
1745,Runner,0.359,0.381,0.145,0.161,3.20
1746,Pursuer,0.359,0.381,0.023,0.060,0.00
1747,Pursuer,0.359,0.382,0.146,0.156,0.00
1748,Runner,0.359,0.382,0.150,0.146,6.86
1749,Pursuer,0.359,0.382,0.126,0.152,0.00
1750,Runner,0.359,0.382,0.180,0.132,0.24
1751,Draw,0.359,0.381,0.144,0.145,13.66
1752,Runner,0.360,0.381,0.113,0.079,0.00
1753,Runner,0.360,0.381,0.130,0.130,0.00
1754,Pursuer,0.360,0.381,0.148,0.143,0.00
1755,Runner,0.360,0.381,0.138,0.132,0.00
1756,Runner,0.360,0.381,0.172,0.196,0.00
1757,Draw,0.360,0.381,0.156,0.163,13.26
1758,Pursuer,0.360,0.381,0.481,0.316,0.00
1759,Runner,0.360,0.381,0.190,0.187,0.00
1760,Pursuer,0.360,0.381,0.156,0.141,0.00
1761,Runner,0.361,0.381,0.156,0.155,8.98
1762,Pursuer,0.360,0.381,0.134,0.145,0.00
1763,Runner,0.361,0.381,0.155,0.145,0.08
1764,Pursuer,0.361,0.382,0.100,0.237,0.00
1765,Runner,0.361,0.381,0.172,0.154,0.00
1766,Runner,0.361,0.381,0.144,0.141,0.00
1767,Pursuer,0.361,0.381,0.144,0.145,0.00
1768,Pursuer,0.361,0.382,0.141,0.159,0.00
1769,Runner,0.361,0.382,0.135,0.130,2.10
1770,Draw,0.361,0.381,0.147,0.151,18.20
1771,Draw,0.361,0.381,0.155,0.153,13.72
1772,Draw,0.361,0.381,0.145,0.141,3.54
1773,Draw,0.360,0.381,0.144,0.138,9.14
1774,Runner,0.361,0.380,0.157,0.165,0.00
1775,Pursuer,0.361,0.381,0.121,0.142,0.00
1776,Pursuer,0.360,0.381,0.168,0.155,0.00
1777,Pursuer,0.360,0.382,0.135,0.136,0.00
1778,Pursuer,0.360,0.382,0.135,0.149,0.00
1779,Pursuer,0.360,0.382,0.135,0.129,0.00
1780,Pursuer,0.360,0.383,0.160,0.183,0.00
1781,Pursuer,0.359,0.383,0.148,0.133,0.00
1782,Pursuer,0.359,0.383,0.145,0.154,0.00
1783,Pursuer,0.359,0.384,0.154,0.145,0.00
1784,Pursuer,0.359,0.384,0.139,0.133,0.00
1785,Runner,0.359,0.384,0.143,0.155,0.00
1786,Runner,0.359,0.384,0.141,0.128,1.78
1787,Runner,0.360,0.383,0.155,0.132,0.06
1788,Pursuer,0.360,0.384,0.144,0.144,0.00
1789,Pursuer,0.359,0.384,0.139,0.167,0.00
1790,Runner,0.360,0.384,0.122,0.151,0.00
1791,Pursuer,0.360,0.384,0.140,0.141,0.00
1792,Runner,0.360,0.384,0.000,0.000,0.00
1793,Pursuer,0.360,0.384,0.135,0.156,0.00
1794,Runner,0.360,0.384,0.147,0.128,0.00
1795,Draw,0.360,0.384,0.146,0.148,10.34
1796,Runner,0.360,0.384,0.133,0.134,0.00
1797,Pursuer,0.360,0.384,0.152,0.182,0.00
1798,Runner,0.360,0.384,0.152,0.167,0.34
1799,Runner,0.361,0.384,0.148,0.134,4.88
1800,Pursuer,0.361,0.384,0.163,0.151,0.00
1801,Pursuer,0.360,0.384,0.165,0.141,0.00
1802,Runner,0.361,0.384,0.098,0.100,0.00
1803,Runner,0.361,0.384,0.138,0.137,4.58
1804,Pursuer,0.361,0.384,0.149,0.145,0.00
1805,Pursuer,0.361,0.384,0.148,0.143,0.00
1806,Pursuer,0.360,0.385,0.156,0.150,0.00
1807,Runner,0.361,0.385,0.159,0.184,1.82
1808,Runner,0.361,0.384,0.157,0.135,0.00
1809,Draw,0.361,0.384,0.152,0.153,13.70
1810,Pursuer,0.361,0.385,0.000,0.000,0.00
1811,Pursuer,0.361,0.385,0.167,0.133,0.00
1812,Pursuer,0.360,0.385,0.128,0.143,0.00
1813,Runner,0.361,0.385,0.118,0.173,0.66
1814,Pursuer,0.361,0.385,0.134,0.132,0.00
1815,Pursuer,0.360,0.386,0.156,0.145,0.00
1816,Pursuer,0.360,0.386,0.156,0.135,0.00
1817,Pursuer,0.360,0.386,0.135,0.179,0.00
1818,Runner,0.360,0.386,0.150,0.147,4.56
1819,Pursuer,0.360,0.386,0.132,0.150,0.00
1820,Draw,0.360,0.386,0.140,0.146,10.16
1821,Runner,0.360,0.386,0.150,0.165,4.04
1822,Pursuer,0.360,0.386,0.122,0.171,0.00
1823,Runner,0.360,0.386,0.189,0.177,0.26
1824,Runner,0.361,0.386,0.131,0.163,0.00
1825,Runner,0.361,0.386,0.156,0.125,0.00
1826,Runner,0.361,0.386,0.150,0.149,3.60
1827,Runner,0.362,0.385,0.133,0.157,0.00
1828,Runner,0.362,0.385,0.162,0.122,0.00
1829,Draw,0.362,0.385,0.154,0.151,17.30
1830,Runner,0.362,0.385,0.157,0.143,1.10
1831,Runner,0.363,0.384,0.148,0.153,11.12
1832,Pursuer,0.362,0.385,0.163,0.156,0.00
1833,Pursuer,0.362,0.385,0.152,0.163,0.00
1834,Pursuer,0.362,0.385,0.147,0.141,0.00
1835,Pursuer,0.362,0.386,0.135,0.144,0.00
1836,Pursuer,0.362,0.386,0.155,0.142,0.00
1837,Pursuer,0.361,0.386,0.145,0.146,0.00
1838,Pursuer,0.361,0.387,0.151,0.133,0.00
1839,Pursuer,0.361,0.387,0.136,0.149,0.00
1840,Pursuer,0.361,0.388,0.145,0.161,0.00
1841,Runner,0.361,0.387,0.089,0.087,0.00
1842,Runner,0.362,0.387,0.155,0.163,0.00
1843,Runner,0.362,0.387,0.136,0.139,0.00
1844,Runner,0.362,0.387,0.137,0.146,2.20
1845,Runner,0.363,0.386,0.141,0.159,2.62
1846,Runner,0.363,0.386,0.144,0.137,0.48
1847,Pursuer,0.363,0.387,0.171,0.157,0.00
1848,Pursuer,0.363,0.387,0.000,0.000,0.00
1849,Runner,0.363,0.387,0.142,0.167,0.00
1850,Pursuer,0.363,0.387,0.118,0.157,0.00
1851,Runner,0.363,0.387,0.144,0.149,3.66
1852,Runner,0.363,0.387,0.162,0.141,3.76
1853,Runner,0.364,0.386,0.122,0.151,0.00
1854,Runner,0.364,0.386,0.159,0.135,0.62
1855,Pursuer,0.364,0.387,0.153,0.135,0.00
1856,Runner,0.364,0.386,0.079,0.073,0.00
1857,Pursuer,0.364,0.387,0.137,0.150,0.00
1858,Draw,0.364,0.386,0.140,0.160,2.66
1859,Pursuer,0.364,0.387,0.166,0.127,0.00
1860,Draw,0.363,0.387,0.145,0.139,13.94
1861,Runner,0.364,0.386,0.132,0.163,0.00
1862,Runner,0.364,0.386,0.133,0.141,0.14
1863,Pursuer,0.364,0.386,0.109,0.125,0.00
1864,Runner,0.364,0.386,0.159,0.153,0.00
1865,Runner,0.365,0.386,0.157,0.141,0.00
1866,Runner,0.365,0.386,0.129,0.160,0.30
1867,Runner,0.365,0.386,0.173,0.149,0.00
1868,Pursuer,0.365,0.386,0.254,0.887,0.00
1869,Pursuer,0.365,0.386,0.147,0.185,0.00
1870,Draw,0.365,0.386,0.155,0.144,0.00
1871,Pursuer,0.365,0.386,0.136,0.143,0.00
1872,Draw,0.364,0.386,0.149,0.138,9.02
1873,Pursuer,0.364,0.387,0.147,0.166,0.00
1874,Pursuer,0.364,0.387,0.190,0.143,0.00
1875,Pursuer,0.364,0.387,0.163,0.148,0.00
1876,Pursuer,0.364,0.388,0.135,0.143,0.00
1877,Runner,0.364,0.387,0.130,0.178,2.98
1878,Runner,0.364,0.387,0.154,0.142,2.42
1879,Runner,0.365,0.387,0.132,0.141,0.00
1880,Runner,0.365,0.387,0.155,0.135,2.60
1881,Pursuer,0.365,0.387,0.133,0.154,0.00
1882,Pursuer,0.365,0.387,0.082,0.145,0.00
1883,Pursuer,0.364,0.388,0.162,0.131,0.00
1884,Runner,0.365,0.387,0.144,0.143,1.68
1885,Pursuer,0.364,0.388,0.134,0.157,0.00
1886,Runner,0.365,0.388,0.136,0.126,4.68
1887,Pursuer,0.365,0.388,0.147,0.123,0.00
1888,Runner,0.365,0.388,0.139,0.156,0.58
1889,Pursuer,0.365,0.388,0.133,0.120,0.00
1890,Runner,0.365,0.388,0.149,0.136,0.00
1891,Pursuer,0.365,0.388,0.122,0.143,0.00
1892,Pursuer,0.365,0.388,0.155,0.142,0.00
1893,Pursuer,0.365,0.389,0.123,0.155,0.00
1894,Runner,0.365,0.389,0.135,0.139,3.48
1895,Pursuer,0.365,0.389,0.164,0.142,0.00
1896,Runner,0.365,0.389,0.147,0.135,3.14
1897,Pursuer,0.365,0.389,0.153,0.144,0.00
1898,Pursuer,0.365,0.389,0.126,0.174,0.00
1899,Pursuer,0.364,0.390,0.059,0.107,0.00
1900,Pursuer,0.364,0.390,0.122,0.144,0.00
1901,Pursuer,0.364,0.390,0.143,0.160,0.00
1902,Pursuer,0.364,0.391,0.157,0.164,0.00
1903,Draw,0.364,0.390,0.148,0.139,18.28
1904,Pursuer,0.363,0.391,0.130,0.130,0.00
1905,Pursuer,0.363,0.391,0.139,0.179,0.00
1906,Pursuer,0.363,0.391,0.133,0.169,0.00
1907,Runner,0.363,0.391,0.139,0.158,4.24
1908,Runner,0.364,0.391,0.095,0.150,0.00
1909,Draw,0.364,0.391,0.146,0.142,6.90
1910,Pursuer,0.363,0.391,0.000,0.000,0.00
1911,Runner,0.364,0.391,0.198,0.121,0.40
1912,Runner,0.364,0.391,0.092,0.173,0.00
1913,Runner,0.364,0.390,0.145,0.153,0.00
1914,Pursuer,0.364,0.391,0.144,0.140,0.00
1915,Runner,0.364,0.391,0.134,0.133,0.00
1916,Pursuer,0.364,0.391,0.000,0.000,0.00
1917,Pursuer,0.364,0.391,0.120,0.145,0.00
1918,Runner,0.364,0.391,0.179,0.153,0.00
1919,Runner,0.365,0.391,0.153,0.143,0.78
1920,Pursuer,0.365,0.391,0.208,0.202,0.00
1921,Runner,0.365,0.391,0.122,0.133,0.56
1922,Draw,0.365,0.391,0.136,0.136,0.00
1923,Runner,0.365,0.391,0.148,0.158,0.00
1924,Runner,0.365,0.390,0.170,0.154,0.46
1925,Runner,0.366,0.390,0.143,0.188,7.44
1926,Runner,0.366,0.390,0.147,0.154,0.00
1927,Pursuer,0.366,0.390,0.165,0.151,0.00
1928,Runner,0.366,0.390,0.138,0.147,3.00
1929,Runner,0.367,0.390,0.161,0.135,0.00
1930,Runner,0.367,0.390,0.138,0.135,1.34
1931,Pursuer,0.367,0.390,0.162,0.157,0.00
1932,Runner,0.367,0.390,0.140,0.172,3.72
1933,Runner,0.367,0.390,0.135,0.160,0.00
1934,Pursuer,0.367,0.390,0.142,0.160,0.00
1935,Pursuer,0.367,0.390,0.120,0.168,0.00
1936,Pursuer,0.367,0.390,0.129,0.146,0.00
1937,Draw,0.367,0.390,0.145,0.146,12.04
1938,Runner,0.367,0.390,0.137,0.129,0.42
1939,Runner,0.367,0.390,0.136,0.165,7.24
1940,Runner,0.368,0.390,0.150,0.129,7.72
1941,Pursuer,0.367,0.390,0.156,0.168,0.00
1942,Runner,0.368,0.390,0.128,0.141,0.00
1943,Pursuer,0.367,0.390,0.176,0.243,0.00
1944,Runner,0.368,0.390,0.129,0.152,0.00
1945,Runner,0.368,0.390,0.159,0.153,1.88
1946,Runner,0.368,0.390,0.136,0.131,0.00
1947,Runner,0.369,0.389,0.151,0.170,0.18
1948,Runner,0.369,0.389,0.147,0.164,6.16
1949,Runner,0.369,0.389,0.146,0.134,1.76
1950,Runner,0.370,0.389,0.147,0.144,0.80
1951,Pursuer,0.370,0.389,0.150,0.146,0.00
1952,Pursuer,0.369,0.389,0.142,0.144,0.00
1953,Runner,0.370,0.389,0.150,0.161,2.68
1954,Runner,0.370,0.389,0.137,0.146,0.00
1955,Runner,0.370,0.389,0.126,0.148,0.00
1956,Runner,0.371,0.389,0.144,0.157,0.64
1957,Pursuer,0.370,0.389,0.016,0.018,0.00
1958,Runner,0.371,0.389,0.177,0.128,0.00
1959,Pursuer,0.371,0.389,0.136,0.134,0.00
1960,Pursuer,0.370,0.389,0.158,0.141,0.00
1961,Runner,0.371,0.389,0.140,0.160,0.00
1962,Runner,0.371,0.389,0.158,0.149,2.92
1963,Pursuer,0.371,0.389,0.147,0.162,0.00
1964,Runner,0.371,0.389,0.144,0.145,0.00
1965,Runner,0.372,0.389,0.138,0.155,0.00
1966,Runner,0.372,0.389,0.159,0.160,0.00
1967,Pursuer,0.372,0.389,0.144,0.155,0.00
1968,Runner,0.372,0.389,0.166,0.148,0.00
1969,Runner,0.372,0.389,0.147,0.145,3.86
1970,Pursuer,0.372,0.389,0.112,0.041,0.00
1971,Pursuer,0.372,0.389,0.160,0.167,0.00
1972,Draw,0.372,0.389,0.152,0.155,15.68
1973,Runner,0.372,0.389,0.129,0.165,0.00
1974,Pursuer,0.372,0.389,0.145,0.152,0.00
1975,Runner,0.372,0.389,0.118,0.136,3.28
1976,Pursuer,0.372,0.389,0.149,0.141,0.00
1977,Runner,0.372,0.389,0.152,0.157,1.84
1978,Runner,0.373,0.389,0.142,0.154,6.44
1979,Runner,0.373,0.389,0.138,0.153,1.24
1980,Runner,0.373,0.388,0.106,0.139,0.00
1981,Runner,0.374,0.388,0.159,0.134,1.66
1982,Runner,0.374,0.388,0.076,0.225,0.00
1983,Pursuer,0.374,0.388,0.145,0.147,0.00
1984,Runner,0.374,0.388,0.156,0.172,0.00
1985,Pursuer,0.374,0.388,0.128,0.144,0.00
1986,Draw,0.374,0.388,0.149,0.146,3.44
1987,Runner,0.374,0.388,0.000,0.000,0.00
1988,Runner,0.374,0.388,0.156,0.145,3.98
1989,Runner,0.375,0.388,0.143,0.160,8.98
1990,Runner,0.375,0.387,0.143,0.162,4.06
1991,Runner,0.375,0.387,0.153,0.126,1.52
1992,Runner,0.376,0.387,0.188,0.186,0.00
1993,Runner,0.376,0.387,0.145,0.160,1.76
1994,Runner,0.376,0.387,0.152,0.138,0.00
1995,Draw,0.376,0.386,0.159,0.151,0.00
1996,Runner,0.376,0.386,0.149,0.147,5.18
1997,Runner,0.377,0.386,0.111,0.146,0.00
1998,Runner,0.377,0.386,0.140,0.171,0.08
1999,Runner,0.377,0.386,0.135,0.132,0.00
2000,Runner,0.378,0.386,0.000,0.000,0.00
2001,Draw,0.377,0.385,0.159,0.141,18.84
2002,Pursuer,0.377,0.386,0.147,0.132,0.00
2003,Runner,0.377,0.385,0.152,0.158,3.30
2004,Draw,0.377,0.385,0.140,0.145,18.26
2005,Runner,0.378,0.385,0.150,0.141,5.24
2006,Runner,0.378,0.385,0.164,0.163,3.44
2007,Runner,0.378,0.385,0.091,0.187,1.70
2008,Runner,0.378,0.384,0.130,0.131,0.00
2009,Runner,0.379,0.384,0.158,0.148,0.00
2010,Runner,0.379,0.384,0.135,0.227,0.00
2011,Runner,0.379,0.384,0.155,0.127,0.00
2012,Pursuer,0.379,0.384,0.000,0.000,0.00
2013,Pursuer,0.379,0.385,0.153,0.141,0.00
2014,Pursuer,0.379,0.385,0.156,0.158,0.00
2015,Runner,0.379,0.385,0.157,0.136,0.00
2016,Pursuer,0.379,0.385,0.123,0.119,0.00
2017,Pursuer,0.379,0.385,0.142,0.150,0.00
2018,Draw,0.379,0.385,0.143,0.144,3.86
2019,Pursuer,0.378,0.385,0.133,0.109,0.00
2020,Runner,0.379,0.385,0.148,0.127,2.12
2021,Runner,0.379,0.385,0.128,0.110,0.00
2022,Runner,0.379,0.385,0.153,0.142,0.00
2023,Runner,0.380,0.385,0.116,0.149,2.50
2024,Runner,0.380,0.384,0.110,0.141,0.08
2025,Runner,0.380,0.384,0.127,0.149,3.48
2026,Runner,0.381,0.384,0.152,0.168,3.44
2027,Pursuer,0.380,0.384,0.149,0.147,0.00
2028,Pursuer,0.380,0.385,0.137,0.145,0.00
2029,Runner,0.380,0.384,0.144,0.144,2.46
2030,Pursuer,0.380,0.385,0.138,0.133,0.00
2031,Pursuer,0.380,0.385,0.134,0.125,0.00
2032,Runner,0.380,0.385,0.174,0.158,0.58
2033,Pursuer,0.380,0.385,0.162,0.185,0.00
2034,Pursuer,0.380,0.385,0.144,0.159,0.00
2035,Runner,0.380,0.385,0.157,0.131,0.00
2036,Runner,0.381,0.385,0.134,0.130,0.00
2037,Pursuer,0.380,0.385,0.149,0.140,0.00
2038,Pursuer,0.380,0.386,0.158,0.152,0.00
2039,Runner,0.381,0.385,0.149,0.107,1.12
2040,Pursuer,0.380,0.386,0.140,0.147,0.00
2041,Draw,0.380,0.386,0.141,0.151,6.44
2042,Runner,0.381,0.385,0.161,0.134,0.00
2043,Runner,0.381,0.385,0.157,0.143,0.76
2044,Pursuer,0.381,0.386,0.164,0.149,0.00
2045,Pursuer,0.380,0.386,0.144,0.161,0.00
2046,Pursuer,0.380,0.386,0.138,0.161,0.00
2047,Pursuer,0.380,0.386,0.203,0.127,0.00
2048,Pursuer,0.380,0.387,0.150,0.147,0.00
2049,Pursuer,0.380,0.387,0.109,0.116,0.00
2050,Runner,0.380,0.387,0.167,0.134,0.00
2051,Runner,0.380,0.387,0.144,0.139,3.80
2052,Pursuer,0.380,0.387,0.137,0.127,0.00
2053,Pursuer,0.380,0.387,0.152,0.139,0.00
2054,Pursuer,0.380,0.388,0.158,0.157,0.00
2055,Draw,0.380,0.387,0.148,0.148,0.00
2056,Pursuer,0.379,0.388,0.198,0.097,0.00
2057,Pursuer,0.379,0.388,0.145,0.147,0.00
2058,Runner,0.379,0.388,0.142,0.151,7.66
2059,Runner,0.380,0.388,0.141,0.131,0.00
2060,Runner,0.380,0.387,0.150,0.172,2.12
2061,Pursuer,0.380,0.388,0.173,0.137,0.00
2062,Pursuer,0.380,0.388,0.150,0.154,0.00
2063,Pursuer,0.380,0.388,0.153,0.133,0.00
2064,Runner,0.380,0.388,0.168,0.128,0.00
2065,Pursuer,0.380,0.388,0.165,0.146,0.00
2066,Pursuer,0.379,0.389,0.128,0.132,0.00
2067,Runner,0.380,0.388,0.134,0.162,0.36
2068,Pursuer,0.380,0.389,0.134,0.147,0.00
2069,Runner,0.380,0.389,0.000,0.000,0.00
2070,Runner,0.380,0.388,0.132,0.141,2.66
2071,Runner,0.380,0.388,0.161,0.134,0.00
2072,Runner,0.381,0.388,0.152,0.153,4.86
2073,Pursuer,0.381,0.388,0.112,0.134,0.00
2074,Pursuer,0.380,0.389,0.181,0.159,0.00
2075,Runner,0.381,0.388,0.146,0.155,0.00
2076,Runner,0.381,0.388,0.152,0.159,0.00
2077,Runner,0.381,0.388,0.167,0.154,0.78
2078,Pursuer,0.381,0.388,0.173,0.160,0.00
2079,Pursuer,0.381,0.389,0.138,0.137,0.00
2080,Runner,0.381,0.388,0.140,0.147,2.02
2081,Pursuer,0.381,0.389,0.136,0.151,0.00
2082,Pursuer,0.381,0.389,0.129,0.130,0.00
2083,Pursuer,0.381,0.389,0.205,0.161,0.00
2084,Runner,0.381,0.389,0.127,0.169,1.32
2085,Runner,0.381,0.389,0.122,0.123,0.00
2086,Pursuer,0.381,0.389,0.124,0.135,0.00
2087,Runner,0.381,0.389,0.150,0.164,0.00
2088,Runner,0.382,0.389,0.141,0.149,0.82
2089,Draw,0.382,0.389,0.143,0.154,19.14
2090,Runner,0.382,0.389,0.155,0.129,0.80
2091,Pursuer,0.382,0.389,0.327,0.290,0.00
2092,Draw,0.381,0.389,0.134,0.139,13.42
2093,Runner,0.382,0.388,0.154,0.145,2.32
2094,Pursuer,0.382,0.389,0.139,0.107,0.00
2095,Runner,0.382,0.389,0.000,0.000,0.00
2096,Draw,0.382,0.388,0.144,0.144,6.14
2097,Pursuer,0.381,0.389,0.138,0.120,0.00
2098,Draw,0.381,0.388,0.152,0.140,15.10
2099,Pursuer,0.381,0.389,0.168,0.139,0.00
2100,Runner,0.381,0.389,0.150,0.180,1.00
2101,Pursuer,0.381,0.389,0.142,0.145,0.00
2102,Pursuer,0.381,0.389,0.141,0.148,0.00
2103,Pursuer,0.381,0.389,0.147,0.150,0.00
2104,Runner,0.381,0.389,0.155,0.174,0.00
2105,Runner,0.381,0.389,0.097,0.146,1.34
2106,Pursuer,0.381,0.389,0.233,0.263,0.00
2107,Pursuer,0.381,0.390,0.142,0.158,0.00
2108,Pursuer,0.381,0.390,0.127,0.129,0.00
2109,Pursuer,0.381,0.390,0.144,0.144,0.00
2110,Runner,0.381,0.390,0.139,0.149,0.00
2111,Pursuer,0.381,0.390,0.121,0.139,0.00
2112,Runner,0.381,0.390,0.000,0.000,0.00
2113,Draw,0.381,0.390,0.133,0.149,17.20
2114,Runner,0.381,0.390,0.140,0.164,0.48
2115,Pursuer,0.381,0.390,0.149,0.154,0.00
2116,Runner,0.381,0.390,0.138,0.137,1.84
2117,Pursuer,0.381,0.390,0.117,0.144,0.00
2118,Runner,0.381,0.390,0.160,0.144,2.08
2119,Pursuer,0.381,0.390,0.159,0.169,0.00
2120,Runner,0.382,0.390,0.118,0.150,0.00
2121,Runner,0.382,0.390,0.134,0.152,0.00
2122,Pursuer,0.382,0.390,0.148,0.148,0.00
2123,Pursuer,0.382,0.390,0.122,0.132,0.00
2124,Runner,0.382,0.390,0.135,0.145,0.00
2125,Pursuer,0.382,0.391,0.109,0.188,0.00
2126,Runner,0.382,0.390,0.143,0.149,0.00
2127,Runner,0.382,0.390,0.132,0.141,0.26
2128,Runner,0.383,0.390,0.161,0.152,0.00
2129,Pursuer,0.382,0.390,0.146,0.137,0.00
2130,Runner,0.383,0.390,0.147,0.154,0.00
2131,Pursuer,0.382,0.390,0.151,0.145,0.00
2132,Runner,0.383,0.390,0.145,0.148,0.00
2133,Pursuer,0.383,0.391,0.143,0.150,0.00
2134,Pursuer,0.382,0.391,0.148,0.137,0.00
2135,Runner,0.383,0.391,0.578,0.561,0.02
2136,Pursuer,0.382,0.391,0.167,0.153,0.00
2137,Runner,0.383,0.391,0.149,0.152,0.00
2138,Runner,0.383,0.391,0.135,0.139,0.00
2139,Runner,0.383,0.390,0.127,0.145,0.70
2140,Pursuer,0.383,0.391,0.128,0.125,0.00
2141,Runner,0.383,0.390,0.125,0.144,1.20
2142,Pursuer,0.383,0.391,0.151,0.152,0.00
2143,Runner,0.384,0.391,0.148,0.138,0.00
2144,Pursuer,0.383,0.391,0.152,0.135,0.00
2145,Runner,0.384,0.391,0.135,0.133,0.00
2146,Runner,0.384,0.390,0.137,0.141,0.00
2147,Runner,0.384,0.390,0.229,0.156,0.00
2148,Runner,0.385,0.390,0.143,0.150,0.00
2149,Pursuer,0.384,0.390,0.151,0.122,0.00
2150,Draw,0.384,0.390,0.141,0.151,0.00
2151,Runner,0.384,0.390,0.128,0.168,0.00
2152,Pursuer,0.384,0.390,0.145,0.142,0.00
2153,Runner,0.385,0.390,0.142,0.140,0.00
2154,Runner,0.385,0.390,0.141,0.146,1.98
2155,Pursuer,0.385,0.390,0.152,0.134,0.00
2156,Pursuer,0.385,0.391,0.161,0.135,0.00
2157,Pursuer,0.384,0.391,0.128,0.142,0.00
2158,Runner,0.385,0.391,0.138,0.145,0.00
2159,Pursuer,0.384,0.391,0.127,0.153,0.00
2160,Runner,0.385,0.391,0.158,0.154,4.76
2161,Pursuer,0.385,0.391,0.167,0.155,0.00
2162,Draw,0.384,0.391,0.144,0.143,15.46
2163,Pursuer,0.384,0.391,0.164,0.137,0.00
2164,Runner,0.384,0.391,0.149,0.154,2.18
2165,Runner,0.385,0.391,0.125,0.151,3.68
2166,Runner,0.385,0.391,0.145,0.139,5.34
2167,Draw,0.385,0.390,0.140,0.147,16.18
2168,Pursuer,0.385,0.391,0.116,0.189,0.00
2169,Pursuer,0.385,0.391,0.147,0.145,0.00
2170,Pursuer,0.384,0.391,0.129,0.153,0.00
2171,Runner,0.385,0.391,0.142,0.152,8.92
2172,Pursuer,0.384,0.391,0.148,0.142,0.00
2173,Runner,0.385,0.391,0.157,0.144,0.00
2174,Pursuer,0.385,0.391,0.155,0.143,0.00
2175,Runner,0.385,0.391,0.126,0.140,0.00
2176,Pursuer,0.385,0.392,0.139,0.150,0.00
2177,Pursuer,0.384,0.392,0.143,0.149,0.00
2178,Pursuer,0.384,0.392,0.121,0.128,0.00
2179,Pursuer,0.384,0.392,0.155,0.163,0.00
2180,Pursuer,0.384,0.393,0.158,0.140,0.00
2181,Draw,0.384,0.392,0.148,0.142,18.70
2182,Pursuer,0.384,0.393,0.162,0.139,0.00
2183,Runner,0.384,0.393,0.151,0.150,0.00
2184,Runner,0.384,0.392,0.158,0.115,0.00
2185,Runner,0.384,0.392,0.137,0.144,2.38
2186,Pursuer,0.384,0.392,0.139,0.116,0.00
2187,Pursuer,0.384,0.393,0.191,0.146,0.00
2188,Runner,0.384,0.393,0.135,0.143,4.52
2189,Runner,0.385,0.392,0.141,0.155,4.76
2190,Runner,0.385,0.392,0.124,0.144,1.50
2191,Runner,0.385,0.392,0.167,0.140,0.26
2192,Runner,0.385,0.392,0.136,0.145,0.00
2193,Pursuer,0.385,0.392,0.151,0.157,0.00
2194,Runner,0.386,0.392,0.135,0.128,5.36
2195,Pursuer,0.385,0.392,0.176,0.117,0.00
2196,Runner,0.386,0.392,0.149,0.161,6.96
2197,Pursuer,0.386,0.392,0.000,0.000,0.00
2198,Runner,0.386,0.392,0.127,0.155,0.00
2199,Pursuer,0.386,0.392,0.155,0.143,0.00
2200,Runner,0.386,0.392,0.190,0.117,0.00
2201,Pursuer,0.386,0.393,0.131,0.142,0.00
2202,Runner,0.386,0.392,0.134,0.142,0.00
2203,Pursuer,0.386,0.393,0.150,0.131,0.00
2204,Pursuer,0.386,0.393,0.175,0.141,0.00
2205,Pursuer,0.385,0.393,0.143,0.177,0.00
2206,Pursuer,0.385,0.393,0.127,0.186,0.00
2207,Runner,0.386,0.393,0.046,0.093,0.00
2208,Pursuer,0.385,0.394,0.156,0.174,0.00
2209,Pursuer,0.385,0.394,0.000,0.000,0.00
2210,Runner,0.386,0.394,0.159,0.118,0.00
2211,Pursuer,0.385,0.394,0.145,0.143,0.00
2212,Pursuer,0.385,0.394,0.137,0.140,0.00
2213,Pursuer,0.385,0.394,0.164,0.141,0.00
2214,Pursuer,0.385,0.395,0.143,0.137,0.00
2215,Runner,0.385,0.395,0.135,0.110,0.00
2216,Pursuer,0.385,0.395,0.132,0.147,0.00
2217,Runner,0.385,0.395,0.177,0.148,1.18
2218,Pursuer,0.385,0.395,0.149,0.151,0.00
2219,Runner,0.385,0.395,0.138,0.174,3.06
2220,Pursuer,0.385,0.395,0.151,0.145,0.00
2221,Runner,0.385,0.395,0.177,0.153,0.00
2222,Runner,0.386,0.395,0.155,0.123,0.00
2223,Pursuer,0.386,0.395,0.153,0.149,0.00
2224,Pursuer,0.385,0.395,0.128,0.151,0.00
2225,Runner,0.386,0.395,0.159,0.128,0.38
2226,Runner,0.386,0.395,0.152,0.149,5.02
2227,Pursuer,0.386,0.395,0.125,0.175,0.00
2228,Runner,0.386,0.395,0.000,0.000,0.00
2229,Runner,0.386,0.395,0.160,0.139,0.00
2230,Draw,0.386,0.395,0.139,0.138,18.86
2231,Runner,0.386,0.394,0.149,0.138,2.76
2232,Runner,0.387,0.394,0.119,0.108,0.98
2233,Runner,0.387,0.394,0.140,0.160,2.62
2234,Pursuer,0.387,0.394,0.135,0.130,0.00
2235,Pursuer,0.387,0.395,0.142,0.150,0.00
2236,Runner,0.387,0.394,0.112,0.138,1.52
2237,Runner,0.387,0.394,0.167,0.135,0.00
2238,Pursuer,0.387,0.395,0.133,0.121,0.00
2239,Pursuer,0.387,0.395,0.135,0.128,0.00
2240,Runner,0.387,0.395,0.116,0.171,0.00
2241,Runner,0.387,0.394,0.146,0.150,4.06
2242,Runner,0.388,0.394,0.156,0.164,0.00
2243,Pursuer,0.387,0.395,0.129,0.143,0.00
2244,Pursuer,0.387,0.395,0.136,0.117,0.00
2245,Pursuer,0.387,0.395,0.155,0.181,0.00
2246,Pursuer,0.387,0.395,0.163,0.164,0.00
2247,Runner,0.387,0.395,0.150,0.139,2.12
2248,Pursuer,0.387,0.395,0.138,0.133,0.00
2249,Runner,0.387,0.395,0.149,0.147,5.02
2250,Pursuer,0.387,0.396,0.150,0.155,0.00
2251,Pursuer,0.387,0.396,0.133,0.170,0.00
2252,Runner,0.387,0.396,0.162,0.133,3.24
2253,Pursuer,0.387,0.396,0.144,0.161,0.00
2254,Runner,0.387,0.396,0.141,0.138,1.10
2255,Pursuer,0.387,0.396,0.158,0.146,0.00
2256,Pursuer,0.387,0.396,0.128,0.136,0.00
2257,Pursuer,0.387,0.397,0.081,0.146,0.00
2258,Pursuer,0.387,0.397,0.129,0.149,0.00
2259,Pursuer,0.386,0.397,0.148,0.153,0.00
2260,Pursuer,0.386,0.397,0.130,0.161,0.00
2261,Pursuer,0.386,0.398,0.154,0.113,0.00
2262,Runner,0.386,0.397,0.133,0.144,2.38
2263,Pursuer,0.386,0.398,0.137,0.135,0.00
2264,Pursuer,0.386,0.398,0.163,0.137,0.00
2265,Runner,0.386,0.398,0.139,0.121,2.44
2266,Pursuer,0.386,0.398,0.121,0.111,0.00
2267,Pursuer,0.386,0.398,0.150,0.128,0.00
2268,Pursuer,0.386,0.399,0.170,0.103,0.00
2269,Runner,0.386,0.398,0.156,0.149,0.00
2270,Runner,0.386,0.398,0.144,0.143,3.18
2271,Pursuer,0.386,0.399,0.152,0.152,0.00
2272,Pursuer,0.386,0.399,0.131,0.152,0.00
2273,Pursuer,0.386,0.399,0.154,0.152,0.00
2274,Pursuer,0.386,0.399,0.125,0.129,0.00
2275,Runner,0.386,0.399,0.135,0.150,0.00
2276,Pursuer,0.386,0.399,0.145,0.154,0.00
2277,Runner,0.386,0.399,0.143,0.121,0.00
2278,Runner,0.386,0.399,0.137,0.129,1.86
2279,Runner,0.387,0.399,0.155,0.141,0.00
2280,Pursuer,0.386,0.399,0.149,0.164,0.00
2281,Pursuer,0.386,0.399,0.170,0.145,0.00
2282,Runner,0.387,0.399,0.138,0.156,0.00
2283,Pursuer,0.386,0.399,0.148,0.146,0.00
2284,Pursuer,0.386,0.400,0.159,0.170,0.00
2285,Pursuer,0.386,0.400,0.165,0.141,0.00
2286,Pursuer,0.386,0.400,0.142,0.168,0.00
2287,Pursuer,0.386,0.401,0.155,0.133,0.00
2288,Runner,0.386,0.400,0.167,0.128,0.00
2289,Runner,0.386,0.400,0.179,0.134,3.28
2290,Pursuer,0.386,0.400,0.146,0.147,0.00
2291,Pursuer,0.386,0.401,0.149,0.138,0.00
2292,Runner,0.386,0.401,0.139,0.123,2.04
2293,Pursuer,0.386,0.401,0.193,0.126,0.00
2294,Runner,0.386,0.401,0.147,0.152,0.00
2295,Pursuer,0.386,0.401,0.144,0.147,0.00
2296,Runner,0.386,0.401,0.135,0.159,0.00
2297,Runner,0.387,0.401,0.125,0.139,0.00
2298,Runner,0.387,0.400,0.142,0.159,0.00
2299,Pursuer,0.387,0.401,0.124,0.120,0.00
2300,Pursuer,0.387,0.401,0.152,0.161,0.00
2301,Runner,0.387,0.401,0.135,0.151,2.58
2302,Runner,0.387,0.401,0.151,0.136,9.42
2303,Pursuer,0.387,0.401,0.172,0.142,0.00
2304,Pursuer,0.387,0.401,0.152,0.126,0.00
2305,Pursuer,0.387,0.401,0.134,0.171,0.00
2306,Draw,0.386,0.401,0.128,0.153,11.84
2307,Draw,0.386,0.401,0.147,0.149,17.40
2308,Pursuer,0.386,0.401,0.148,0.144,0.00
2309,Pursuer,0.386,0.401,0.149,0.151,0.00
2310,Pursuer,0.386,0.402,0.150,0.155,0.00
2311,Pursuer,0.386,0.402,0.074,0.197,0.00
2312,Runner,0.386,0.402,0.147,0.143,0.00
2313,Runner,0.386,0.402,0.140,0.134,0.66
2314,Runner,0.386,0.401,0.140,0.119,0.00
2315,Runner,0.387,0.401,0.145,0.144,2.06
2316,Runner,0.387,0.401,0.165,0.158,6.94
2317,Pursuer,0.387,0.401,0.150,0.133,0.00
2318,Pursuer,0.387,0.402,0.127,0.153,0.00
2319,Runner,0.387,0.401,0.170,0.117,0.00
2320,Runner,0.387,0.401,0.176,0.111,0.00
2321,Pursuer,0.387,0.402,0.144,0.134,0.00
2322,Runner,0.387,0.401,0.140,0.136,0.00
2323,Runner,0.387,0.401,0.155,0.136,0.00
2324,Runner,0.388,0.401,0.138,0.137,3.18
2325,Pursuer,0.388,0.401,0.176,0.132,0.00
2326,Pursuer,0.387,0.402,0.196,0.172,0.00
2327,Pursuer,0.387,0.402,0.141,0.155,0.00
2328,Runner,0.387,0.402,0.144,0.166,2.42
2329,Runner,0.388,0.401,0.149,0.132,2.30
2330,Runner,0.388,0.401,0.136,0.137,8.00
2331,Runner,0.388,0.401,0.129,0.155,4.26
2332,Pursuer,0.388,0.401,0.143,0.160,0.00
2333,Pursuer,0.388,0.402,0.136,0.141,0.00
2334,Runner,0.388,0.401,0.162,0.107,0.00
2335,Runner,0.388,0.401,0.130,0.159,7.44
2336,Pursuer,0.388,0.402,0.126,0.139,0.00
2337,Pursuer,0.388,0.402,0.149,0.142,0.00
2338,Pursuer,0.388,0.402,0.132,0.152,0.00
2339,Pursuer,0.388,0.402,0.249,0.060,0.00
2340,Pursuer,0.388,0.403,0.125,0.142,0.00
2341,Runner,0.388,0.402,0.162,0.152,12.82
2342,Runner,0.388,0.402,0.146,0.158,4.44
2343,Runner,0.388,0.402,0.147,0.144,0.00
2344,Pursuer,0.388,0.402,0.140,0.143,0.00
2345,Runner,0.388,0.402,0.115,0.148,0.00
2346,Runner,0.389,0.402,0.134,0.145,2.44
2347,Pursuer,0.389,0.402,0.096,0.220,0.00
2348,Runner,0.389,0.402,0.129,0.156,2.46
2349,Runner,0.389,0.402,0.141,0.171,0.00
2350,Pursuer,0.389,0.402,0.148,0.144,0.00
2351,Runner,0.389,0.402,0.131,0.140,0.00
2352,Runner,0.389,0.402,0.167,0.114,0.00
2353,Runner,0.390,0.402,0.128,0.130,0.94
2354,Runner,0.390,0.401,0.132,0.128,0.00
2355,Draw,0.390,0.401,0.147,0.151,0.00
2356,Runner,0.390,0.401,0.151,0.188,0.00
2357,Pursuer,0.390,0.401,0.143,0.140,0.00
2358,Runner,0.390,0.401,0.148,0.178,2.84
2359,Pursuer,0.390,0.401,0.000,0.000,0.00
2360,Runner,0.390,0.401,0.000,0.000,0.00
2361,Pursuer,0.390,0.402,0.155,0.141,0.00
2362,Runner,0.390,0.401,0.149,0.132,1.86
2363,Runner,0.391,0.401,0.106,0.195,0.00
2364,Runner,0.391,0.401,0.155,0.143,9.16
2365,Pursuer,0.391,0.401,0.123,0.162,0.00
2366,Runner,0.391,0.401,0.110,0.152,0.34
2367,Runner,0.391,0.401,0.141,0.151,0.00
2368,Pursuer,0.391,0.401,0.139,0.136,0.00
2369,Runner,0.391,0.401,0.151,0.138,0.78
2370,Runner,0.392,0.401,0.141,0.146,0.00
2371,Pursuer,0.391,0.401,0.621,0.227,0.00
2372,Pursuer,0.391,0.401,0.128,0.140,0.00
2373,Runner,0.391,0.401,0.144,0.145,0.00
2374,Runner,0.392,0.401,0.163,0.132,3.40
2375,Pursuer,0.392,0.401,0.104,0.139,0.00
2376,Runner,0.392,0.401,0.135,0.155,1.86
2377,Pursuer,0.392,0.401,0.141,0.175,0.00
2378,Pursuer,0.392,0.402,0.163,0.153,0.00
2379,Pursuer,0.391,0.402,0.124,0.177,0.00
2380,Pursuer,0.391,0.402,0.121,0.113,0.00
2381,Runner,0.391,0.402,0.135,0.138,0.00
2382,Runner,0.392,0.402,0.159,0.135,0.00
2383,Runner,0.392,0.402,0.157,0.141,1.54
2384,Draw,0.392,0.401,0.154,0.133,8.76
2385,Pursuer,0.392,0.402,0.134,0.142,0.00
2386,Runner,0.392,0.402,0.146,0.138,2.44
2387,Runner,0.392,0.401,0.128,0.152,0.00
2388,Pursuer,0.392,0.402,0.133,0.148,0.00
2389,Runner,0.392,0.401,0.145,0.133,2.96
2390,Pursuer,0.392,0.402,0.148,0.157,0.00
2391,Pursuer,0.392,0.402,0.150,0.144,0.00
2392,Pursuer,0.392,0.402,0.120,0.139,0.00
2393,Pursuer,0.392,0.402,0.166,0.148,0.00
2394,Runner,0.392,0.402,0.159,0.135,3.38
2395,Pursuer,0.392,0.403,0.124,0.155,0.00
2396,Pursuer,0.391,0.403,0.125,0.137,0.00
2397,Runner,0.392,0.403,0.140,0.143,0.00
2398,Runner,0.392,0.402,0.094,0.107,0.00
2399,Pursuer,0.392,0.403,0.156,0.156,0.00
2400,Pursuer,0.392,0.403,0.164,0.164,0.00
2401,Runner,0.392,0.403,0.167,0.092,0.92
2402,Runner,0.392,0.403,0.142,0.141,0.90
2403,Draw,0.392,0.402,0.133,0.150,5.86
2404,Runner,0.392,0.402,0.160,0.159,0.48
2405,Pursuer,0.392,0.402,0.145,0.133,0.00
2406,Pursuer,0.392,0.403,0.154,0.139,0.00
2407,Runner,0.392,0.403,0.124,0.128,0.00
2408,Pursuer,0.392,0.403,0.145,0.138,0.00
2409,Runner,0.392,0.403,0.127,0.137,0.42
2410,Pursuer,0.392,0.403,0.135,0.146,0.00
2411,Pursuer,0.392,0.403,0.145,0.144,0.00
2412,Runner,0.392,0.403,0.144,0.156,0.00
2413,Pursuer,0.392,0.403,0.157,0.101,0.00
2414,Pursuer,0.392,0.403,0.159,0.130,0.00
2415,Runner,0.392,0.403,0.156,0.145,3.28
2416,Draw,0.392,0.403,0.150,0.146,0.00
2417,Pursuer,0.392,0.403,0.149,0.142,0.00
2418,Runner,0.392,0.403,0.143,0.137,2.62
2419,Runner,0.392,0.403,0.132,0.129,3.32
2420,Pursuer,0.392,0.403,0.134,0.073,0.00
2421,Runner,0.392,0.403,0.146,0.155,0.00
2422,Runner,0.393,0.403,0.119,0.160,0.00
2423,Pursuer,0.392,0.403,0.131,0.163,0.00
2424,Runner,0.393,0.403,0.138,0.147,5.54
2425,Pursuer,0.393,0.403,0.000,0.000,0.00
2426,Pursuer,0.392,0.404,0.151,0.140,0.00
2427,Runner,0.393,0.403,0.171,0.172,4.98
2428,Runner,0.393,0.403,0.126,0.178,0.00
2429,Runner,0.393,0.403,0.137,0.158,0.00
2430,Pursuer,0.393,0.403,0.124,0.163,0.00
2431,Runner,0.393,0.403,0.138,0.161,5.26
2432,Runner,0.394,0.403,0.149,0.138,5.42
2433,Runner,0.394,0.403,0.127,0.145,1.96
2434,Pursuer,0.394,0.403,0.140,0.108,0.00
2435,Runner,0.394,0.403,0.119,0.140,0.00
2436,Pursuer,0.394,0.403,0.146,0.134,0.00
2437,Draw,0.394,0.403,0.131,0.142,14.32
2438,Runner,0.394,0.403,0.145,0.140,0.00
2439,Runner,0.394,0.403,0.163,0.129,0.00
2440,Pursuer,0.394,0.403,0.144,0.134,0.00
2441,Runner,0.394,0.403,0.153,0.147,6.04
2442,Pursuer,0.394,0.403,0.904,0.226,0.00
2443,Runner,0.394,0.403,0.193,0.170,1.82
2444,Pursuer,0.394,0.403,0.159,0.138,0.00
2445,Runner,0.394,0.403,0.140,0.137,1.40
2446,Pursuer,0.394,0.403,0.152,0.140,0.00
2447,Pursuer,0.394,0.403,0.141,0.149,0.00
2448,Pursuer,0.394,0.404,0.150,0.150,0.00
2449,Pursuer,0.394,0.404,0.152,0.133,0.00
2450,Pursuer,0.393,0.404,0.146,0.138,0.00
2451,Pursuer,0.393,0.404,0.142,0.144,0.00
2452,Pursuer,0.393,0.405,0.155,0.124,0.00
2453,Runner,0.393,0.404,0.134,0.145,2.02
2454,Pursuer,0.393,0.405,0.142,0.149,0.00
2455,Pursuer,0.393,0.405,0.147,0.147,0.00
2456,Runner,0.393,0.405,0.156,0.134,0.00
2457,Pursuer,0.393,0.405,0.155,0.080,0.00
2458,Runner,0.393,0.405,0.078,0.130,0.14
2459,Runner,0.394,0.405,0.138,0.142,6.30
2460,Runner,0.394,0.404,0.161,0.167,0.00
2461,Runner,0.394,0.404,0.141,0.148,4.32
2462,Runner,0.394,0.404,0.146,0.169,0.00
2463,Runner,0.395,0.404,0.156,0.146,12.20
2464,Pursuer,0.394,0.404,0.147,0.155,0.00
2465,Pursuer,0.394,0.404,0.150,0.119,0.00
2466,Pursuer,0.394,0.405,0.135,0.140,0.00
2467,Pursuer,0.394,0.405,0.107,0.167,0.00
2468,Runner,0.394,0.405,0.161,0.136,0.00
2469,Pursuer,0.394,0.405,0.150,0.146,0.00
2470,Runner,0.394,0.405,0.144,0.155,2.66
2471,Pursuer,0.394,0.405,0.156,0.142,0.00
2472,Pursuer,0.394,0.405,0.155,0.134,0.00
2473,Pursuer,0.394,0.406,0.149,0.158,0.00
2474,Draw,0.394,0.405,0.146,0.154,8.68
2475,Runner,0.394,0.405,0.139,0.147,2.98
2476,Pursuer,0.394,0.405,0.152,0.140,0.00
2477,Pursuer,0.394,0.406,0.196,0.241,0.00
2478,Pursuer,0.393,0.406,0.120,0.150,0.00
2479,Runner,0.394,0.406,0.095,0.128,1.24
2480,Pursuer,0.394,0.406,0.124,0.160,0.00
2481,Pursuer,0.393,0.406,0.139,0.131,0.00
2482,Runner,0.394,0.406,0.143,0.141,3.48
2483,Runner,0.394,0.406,0.137,0.135,0.40
2484,Runner,0.394,0.406,0.133,0.165,0.00
2485,Pursuer,0.394,0.406,0.000,0.000,0.00
2486,Runner,0.394,0.406,0.141,0.153,0.88
2487,Runner,0.394,0.406,0.128,0.115,0.00
2488,Runner,0.395,0.406,0.137,0.155,0.00
2489,Runner,0.395,0.405,0.141,0.148,6.10
2490,Pursuer,0.395,0.406,0.149,0.164,0.00
2491,Draw,0.395,0.405,0.139,0.152,11.28
2492,Runner,0.395,0.405,0.109,0.140,1.12
2493,Pursuer,0.395,0.406,0.000,0.000,0.00
2494,Runner,0.395,0.405,0.135,0.151,0.00
2495,Pursuer,0.395,0.406,0.147,0.127,0.00
2496,Runner,0.395,0.405,0.000,0.000,0.02
2497,Runner,0.395,0.405,0.141,0.115,6.82
2498,Runner,0.396,0.405,0.147,0.124,0.00
2499,Runner,0.396,0.405,0.151,0.145,1.50
2500,Runner,0.396,0.405,0.158,0.158,2.76
2501,Pursuer,0.396,0.405,0.146,0.150,0.00
2502,Runner,0.396,0.405,0.097,0.166,1.72
2503,Runner,0.396,0.405,0.169,0.157,2.86
2504,Runner,0.397,0.405,0.140,0.162,0.82
2505,Runner,0.397,0.404,0.136,0.158,14.78
2506,Runner,0.397,0.404,0.132,0.149,0.00
2507,Pursuer,0.397,0.404,0.144,0.151,0.00
2508,Pursuer,0.397,0.405,0.145,0.146,0.00
2509,Pursuer,0.397,0.405,0.149,0.130,0.00
2510,Pursuer,0.396,0.405,0.165,0.162,0.00
2511,Pursuer,0.396,0.405,0.138,0.187,0.00
2512,Pursuer,0.396,0.406,0.173,0.167,0.00
2513,Pursuer,0.396,0.406,0.125,0.144,0.00
2514,Pursuer,0.396,0.406,0.118,0.120,0.00
2515,Pursuer,0.396,0.406,0.138,0.160,0.00
2516,Draw,0.395,0.406,0.141,0.152,13.10
2517,Pursuer,0.395,0.406,0.147,0.120,0.00
2518,Pursuer,0.395,0.407,0.155,0.149,0.00
2519,Pursuer,0.395,0.407,0.139,0.148,0.00
2520,Pursuer,0.395,0.407,0.157,0.142,0.00
2521,Runner,0.395,0.407,0.140,0.149,0.00
2522,Runner,0.395,0.407,0.142,0.140,2.96
2523,Pursuer,0.395,0.407,0.156,0.163,0.00
2524,Draw,0.395,0.407,0.145,0.141,15.84
2525,Pursuer,0.395,0.407,0.159,0.154,0.00
2526,Pursuer,0.395,0.407,0.172,0.132,0.00
2527,Pursuer,0.395,0.408,0.139,0.132,0.00
2528,Runner,0.395,0.407,0.137,0.141,5.38
2529,Pursuer,0.395,0.408,0.000,0.000,0.00
2530,Pursuer,0.394,0.408,0.118,0.187,0.00
2531,Runner,0.395,0.408,0.157,0.150,2.70
2532,Pursuer,0.395,0.408,0.000,0.000,0.00
2533,Runner,0.395,0.408,0.182,0.150,0.00
2534,Pursuer,0.395,0.408,0.156,0.125,0.00
2535,Runner,0.395,0.408,0.000,0.000,0.00
2536,Pursuer,0.395,0.408,0.144,0.142,0.00
2537,Pursuer,0.395,0.408,0.129,0.038,0.00
2538,Pursuer,0.394,0.409,0.147,0.093,0.00
2539,Runner,0.395,0.408,0.158,0.162,1.68
2540,Pursuer,0.394,0.409,0.133,0.123,0.00
2541,Pursuer,0.394,0.409,0.141,0.120,0.00
2542,Pursuer,0.394,0.409,0.146,0.148,0.00
2543,Runner,0.394,0.409,0.157,0.113,0.00
2544,Runner,0.395,0.409,0.121,0.164,0.00
2545,Runner,0.395,0.409,0.155,0.153,3.72
2546,Runner,0.395,0.408,0.137,0.138,0.00
2547,Runner,0.395,0.408,0.151,0.149,0.00
2548,Pursuer,0.395,0.409,0.174,0.121,0.00
2549,Runner,0.395,0.408,0.135,0.158,13.36
2550,Pursuer,0.395,0.409,0.151,0.153,0.00
2551,Runner,0.396,0.408,0.148,0.165,1.64
2552,Runner,0.396,0.408,0.151,0.150,3.64
2553,Runner,0.396,0.408,0.167,0.123,2.18
2554,Runner,0.396,0.408,0.121,0.136,0.32
2555,Runner,0.396,0.408,0.149,0.148,2.92
2556,Runner,0.397,0.408,0.138,0.140,0.00
2557,Runner,0.397,0.408,0.131,0.124,0.00
2558,Runner,0.397,0.407,0.148,0.152,0.98
2559,Pursuer,0.397,0.408,0.204,0.140,0.00
2560,Pursuer,0.397,0.408,0.134,0.154,0.00
2561,Pursuer,0.397,0.408,0.133,0.127,0.00
2562,Runner,0.397,0.408,0.152,0.147,4.36
2563,Draw,0.397,0.408,0.137,0.140,16.56
2564,Pursuer,0.397,0.408,0.137,0.127,0.00
2565,Runner,0.397,0.408,0.000,0.000,0.00
2566,Draw,0.397,0.408,0.150,0.141,0.00
2567,Pursuer,0.397,0.408,0.144,0.145,0.00
2568,Pursuer,0.396,0.408,0.145,0.147,0.00
2569,Pursuer,0.396,0.408,0.131,0.125,0.00
2570,Runner,0.396,0.408,0.153,0.153,0.00
2571,Runner,0.397,0.408,0.156,0.125,0.00
2572,Pursuer,0.397,0.408,0.150,0.141,0.00
2573,Runner,0.397,0.408,0.144,0.133,0.02
2574,Runner,0.397,0.408,0.111,0.178,0.00
2575,Runner,0.397,0.408,0.141,0.147,2.86
2576,Runner,0.398,0.408,0.145,0.128,0.00
2577,Pursuer,0.397,0.408,0.135,0.131,0.00
2578,Draw,0.397,0.408,0.139,0.158,7.88
2579,Pursuer,0.397,0.408,0.144,0.127,0.00
2580,Pursuer,0.397,0.408,0.123,0.173,0.00
2581,Runner,0.397,0.408,0.137,0.160,0.44
2582,Runner,0.397,0.408,0.155,0.127,1.40
2583,Pursuer,0.397,0.408,0.161,0.093,0.00
2584,Runner,0.397,0.408,0.142,0.150,0.00
2585,Pursuer,0.397,0.408,0.148,0.140,0.00
2586,Runner,0.398,0.408,0.161,0.171,0.12
2587,Runner,0.398,0.408,0.183,0.153,0.00
2588,Runner,0.398,0.408,0.181,0.130,0.26
2589,Pursuer,0.398,0.408,0.150,0.152,0.00
2590,Runner,0.398,0.408,0.158,0.141,0.00
2591,Pursuer,0.398,0.408,0.147,0.151,0.00
2592,Runner,0.398,0.408,0.165,0.164,0.00
2593,Pursuer,0.398,0.408,0.162,0.141,0.00
2594,Runner,0.398,0.408,0.136,0.106,0.00
2595,Runner,0.398,0.408,0.192,0.148,0.00
2596,Pursuer,0.398,0.408,0.115,0.192,0.00
2597,Runner,0.399,0.408,0.155,0.159,1.16
2598,Pursuer,0.398,0.408,0.167,0.153,0.00
2599,Runner,0.399,0.408,0.115,0.091,0.00
2600,Pursuer,0.398,0.408,0.048,0.109,0.00
2601,Pursuer,0.398,0.408,0.157,0.134,0.00
2602,Runner,0.399,0.408,0.130,0.123,0.00
2603,Draw,0.398,0.408,0.142,0.162,0.00
2604,Runner,0.399,0.408,0.152,0.131,0.00
2605,Pursuer,0.398,0.408,0.150,0.152,0.00
2606,Pursuer,0.398,0.408,0.129,0.156,0.00
2607,Runner,0.399,0.408,0.153,0.160,0.00
2608,Pursuer,0.398,0.408,0.073,0.135,0.00
2609,Runner,0.399,0.408,0.135,0.150,2.28
2610,Runner,0.399,0.408,0.171,0.151,0.00
2611,Pursuer,0.399,0.408,0.129,0.126,0.00
2612,Pursuer,0.399,0.408,0.161,0.109,0.00
2613,Pursuer,0.398,0.409,0.135,0.166,0.00
2614,Pursuer,0.398,0.409,0.127,0.097,0.00
2615,Pursuer,0.398,0.409,0.140,0.137,0.00
2616,Pursuer,0.398,0.409,0.134,0.134,0.00
2617,Pursuer,0.398,0.410,0.157,0.149,0.00
2618,Pursuer,0.398,0.410,0.134,0.153,0.00
2619,Runner,0.398,0.410,0.143,0.141,0.48
2620,Pursuer,0.398,0.410,0.148,0.130,0.00
2621,Pursuer,0.398,0.410,0.142,0.142,0.00
2622,Pursuer,0.397,0.410,0.153,0.132,0.00
2623,Runner,0.398,0.410,0.134,0.159,3.16
2624,Runner,0.398,0.410,0.156,0.138,0.00
2625,Runner,0.398,0.410,0.151,0.155,2.98
2626,Runner,0.398,0.410,0.121,0.153,0.80
2627,Pursuer,0.398,0.410,0.121,0.149,0.00
2628,Runner,0.398,0.410,0.137,0.159,0.06
2629,Pursuer,0.398,0.410,0.140,0.165,0.00
2630,Runner,0.398,0.410,0.163,0.126,1.14
2631,Draw,0.398,0.410,0.152,0.151,18.26
2632,Pursuer,0.398,0.410,0.141,0.139,0.00
2633,Runner,0.398,0.410,0.136,0.148,0.00
2634,Runner,0.399,0.410,0.055,0.097,0.00
2635,Runner,0.399,0.409,0.129,0.127,0.00
2636,Pursuer,0.399,0.410,0.163,0.142,0.00
2637,Runner,0.399,0.410,0.146,0.152,0.52
2638,Pursuer,0.399,0.410,0.138,0.137,0.00
2639,Pursuer,0.399,0.410,0.141,0.143,0.00
2640,Runner,0.399,0.410,0.143,0.146,2.78
2641,Runner,0.399,0.410,0.156,0.207,0.00
2642,Pursuer,0.399,0.410,0.151,0.142,0.00
2643,Runner,0.399,0.410,0.177,0.123,0.00
2644,Pursuer,0.399,0.410,0.138,0.154,0.00
2645,Pursuer,0.399,0.410,0.180,0.161,0.00
2646,Pursuer,0.399,0.410,0.076,0.140,0.00
2647,Pursuer,0.399,0.411,0.136,0.153,0.00
2648,Runner,0.399,0.410,0.144,0.164,0.00
2649,Draw,0.399,0.410,0.139,0.155,0.00
2650,Runner,0.399,0.410,0.136,0.126,0.00
2651,Draw,0.399,0.410,0.140,0.143,17.74
2652,Pursuer,0.399,0.410,0.000,0.000,0.00
2653,Pursuer,0.398,0.410,0.139,0.183,0.00
2654,Pursuer,0.398,0.411,0.143,0.160,0.00
2655,Runner,0.398,0.411,0.132,0.132,3.20
2656,Pursuer,0.398,0.411,0.137,0.152,0.00
2657,Draw,0.398,0.411,0.152,0.154,11.72
2658,Pursuer,0.398,0.411,0.184,0.170,0.00
2659,Runner,0.398,0.411,0.170,0.138,0.00
2660,Pursuer,0.398,0.411,0.145,0.153,0.00
2661,Runner,0.398,0.411,0.136,0.141,0.00
2662,Runner,0.399,0.411,0.126,0.178,0.00
2663,Runner,0.399,0.410,0.168,0.126,0.00
2664,Pursuer,0.399,0.411,0.092,0.115,0.00
2665,Pursuer,0.398,0.411,0.148,0.145,0.00
2666,Pursuer,0.398,0.411,0.137,0.139,0.00
2667,Pursuer,0.398,0.411,0.151,0.158,0.00
2668,Runner,0.398,0.411,0.157,0.136,2.06
2669,Pursuer,0.398,0.411,0.164,0.142,0.00
2670,Runner,0.399,0.411,0.120,0.163,0.58
2671,Runner,0.399,0.411,0.134,0.141,0.00
2672,Runner,0.399,0.411,0.113,0.122,0.00
2673,Pursuer,0.399,0.411,0.140,0.166,0.00
2674,Pursuer,0.399,0.411,0.130,0.153,0.00
2675,Pursuer,0.399,0.412,0.196,0.077,0.00
2676,Pursuer,0.398,0.412,0.149,0.146,0.00
2677,Pursuer,0.398,0.412,0.169,0.169,0.00
2678,Runner,0.398,0.412,0.078,0.146,0.00
2679,Pursuer,0.398,0.412,0.173,0.153,0.00
2680,Runner,0.399,0.412,0.124,0.147,1.66
2681,Draw,0.398,0.412,0.139,0.150,19.98
2682,Draw,0.398,0.412,0.140,0.150,18.66
2683,Runner,0.398,0.411,0.117,0.145,1.84
2684,Runner,0.399,0.411,0.161,0.155,2.78
2685,Runner,0.399,0.411,0.144,0.126,0.00
2686,Pursuer,0.399,0.411,0.130,0.134,0.00
2687,Pursuer,0.399,0.412,0.096,0.110,0.00
2688,Runner,0.399,0.411,0.140,0.156,0.00
2689,Pursuer,0.399,0.412,0.150,0.124,0.00
2690,Pursuer,0.399,0.412,0.162,0.165,0.00
2691,Pursuer,0.398,0.412,0.151,0.130,0.00
2692,Runner,0.399,0.412,0.140,0.133,0.00
2693,Pursuer,0.398,0.412,0.133,0.165,0.00
2694,Pursuer,0.398,0.412,0.156,0.130,0.00
2695,Runner,0.399,0.412,0.140,0.144,2.56
2696,Pursuer,0.398,0.412,0.140,0.148,0.00
2697,Runner,0.399,0.412,0.158,0.136,1.46
2698,Pursuer,0.398,0.413,0.130,0.139,0.00
2699,Runner,0.399,0.412,0.174,0.142,1.82
2700,Runner,0.399,0.412,0.133,0.159,0.64
2701,Runner,0.399,0.412,0.164,0.170,0.00
2702,Pursuer,0.399,0.412,0.152,0.105,0.00
2703,Draw,0.399,0.412,0.135,0.146,3.82
2704,Runner,0.399,0.412,0.117,0.134,0.00
2705,Runner,0.399,0.412,0.142,0.132,0.00
2706,Pursuer,0.399,0.412,0.147,0.135,0.00
2707,Pursuer,0.399,0.412,0.114,0.157,0.00
2708,Pursuer,0.399,0.412,0.131,0.128,0.00
2709,Runner,0.399,0.412,0.135,0.130,0.00
2710,Pursuer,0.399,0.413,0.420,0.385,0.00
2711,Runner,0.399,0.412,0.153,0.136,0.50
2712,Pursuer,0.399,0.413,0.144,0.133,0.00
2713,Runner,0.399,0.412,0.151,0.144,8.10
2714,Pursuer,0.399,0.413,0.133,0.142,0.00
2715,Pursuer,0.399,0.413,0.135,0.162,0.00
2716,Runner,0.399,0.413,0.118,0.122,1.52
2717,Runner,0.399,0.413,0.129,0.135,2.82
2718,Pursuer,0.399,0.413,0.178,0.128,0.00
2719,Pursuer,0.399,0.413,0.151,0.139,0.00
2720,Pursuer,0.399,0.413,0.123,0.132,0.00
2721,Runner,0.399,0.413,0.000,0.000,0.02
2722,Runner,0.399,0.413,0.118,0.130,2.18
2723,Pursuer,0.399,0.413,0.139,0.105,0.00
2724,Runner,0.399,0.413,0.143,0.151,1.32
2725,Runner,0.400,0.413,0.145,0.137,0.00
2726,Runner,0.400,0.413,0.184,0.118,0.00
2727,Runner,0.400,0.413,0.133,0.154,0.00
2728,Runner,0.400,0.412,0.134,0.115,2.22
2729,Runner,0.401,0.412,0.147,0.142,0.26
2730,Pursuer,0.400,0.412,0.148,0.144,0.00
2731,Pursuer,0.400,0.413,0.123,0.138,0.00
2732,Runner,0.400,0.413,0.143,0.148,1.70
2733,Runner,0.401,0.412,0.137,0.148,4.22
2734,Pursuer,0.401,0.413,0.140,0.139,0.00
2735,Pursuer,0.400,0.413,0.157,0.145,0.00
2736,Runner,0.401,0.413,0.128,0.171,0.00
2737,Runner,0.401,0.412,0.156,0.159,0.00
2738,Pursuer,0.401,0.413,0.158,0.109,0.00
2739,Pursuer,0.401,0.413,0.126,0.128,0.00
2740,Runner,0.401,0.413,0.138,0.135,0.34
2741,Runner,0.401,0.413,0.161,0.141,11.36
2742,Runner,0.401,0.412,0.150,0.144,1.56
2743,Runner,0.401,0.412,0.141,0.123,0.00
2744,Pursuer,0.401,0.413,0.186,0.127,0.00
2745,Runner,0.401,0.412,0.147,0.147,1.62
2746,Runner,0.402,0.412,0.133,0.128,1.88
2747,Pursuer,0.402,0.412,0.149,0.154,0.00
2748,Runner,0.402,0.412,0.134,0.142,0.00
2749,Pursuer,0.402,0.413,0.143,0.162,0.00
2750,Pursuer,0.401,0.413,0.171,0.131,0.00
2751,Pursuer,0.401,0.413,0.159,0.126,0.00
2752,Runner,0.402,0.413,0.095,0.181,0.00
2753,Runner,0.402,0.413,0.147,0.145,3.12
2754,Pursuer,0.402,0.413,0.149,0.133,0.00
2755,Runner,0.402,0.413,0.150,0.136,0.42
2756,Pursuer,0.402,0.413,0.000,0.000,0.00
2757,Pursuer,0.402,0.413,0.134,0.143,0.00
2758,Draw,0.401,0.413,0.134,0.142,10.64
2759,Pursuer,0.401,0.413,0.157,0.153,0.00
2760,Runner,0.401,0.413,0.151,0.146,0.84
2761,Pursuer,0.401,0.413,0.147,0.131,0.00
2762,Draw,0.401,0.413,0.141,0.149,15.28
2763,Pursuer,0.401,0.413,0.117,0.124,0.00
2764,Runner,0.401,0.413,0.123,0.154,4.28
2765,Runner,0.401,0.413,0.158,0.132,0.24
2766,Runner,0.402,0.413,0.122,0.156,3.80
2767,Pursuer,0.402,0.413,0.144,0.138,0.00
2768,Runner,0.402,0.413,0.151,0.139,0.00
2769,Pursuer,0.402,0.413,0.168,0.148,0.00
2770,Runner,0.402,0.413,0.142,0.145,0.00
2771,Pursuer,0.402,0.413,0.133,0.142,0.00
2772,Runner,0.402,0.413,0.136,0.129,0.00
2773,Pursuer,0.402,0.413,0.156,0.141,0.00
2774,Pursuer,0.402,0.413,0.145,0.143,0.00
2775,Pursuer,0.401,0.414,0.161,0.159,0.00
2776,Pursuer,0.401,0.414,0.147,0.135,0.00
2777,Runner,0.402,0.414,0.132,0.140,0.00
2778,Pursuer,0.401,0.414,0.139,0.171,0.00
2779,Pursuer,0.401,0.414,0.153,0.128,0.00
2780,Pursuer,0.401,0.414,0.146,0.145,0.00
2781,Pursuer,0.401,0.415,0.176,0.134,0.00
2782,Pursuer,0.401,0.415,0.152,0.141,0.00
2783,Pursuer,0.401,0.415,0.116,0.203,0.00
2784,Runner,0.401,0.415,0.154,0.133,0.00
2785,Pursuer,0.401,0.415,0.152,0.182,0.00
2786,Runner,0.401,0.415,0.156,0.149,0.00
2787,Pursuer,0.401,0.415,0.129,0.154,0.00
2788,Pursuer,0.401,0.415,0.154,0.127,0.00
2789,Pursuer,0.401,0.416,0.149,0.167,0.00
2790,Runner,0.401,0.415,0.131,0.137,0.00
2791,Pursuer,0.401,0.416,0.136,0.145,0.00
2792,Pursuer,0.400,0.416,0.109,0.185,0.00
2793,Runner,0.401,0.416,0.146,0.132,0.52
2794,Runner,0.401,0.416,0.141,0.141,0.00
2795,Pursuer,0.401,0.416,0.146,0.153,0.00
2796,Runner,0.401,0.416,0.106,0.150,0.00
2797,Pursuer,0.401,0.416,0.123,0.135,0.00
2798,Pursuer,0.401,0.416,0.090,0.082,0.00
2799,Pursuer,0.401,0.416,0.136,0.161,0.00
2800,Runner,0.401,0.416,0.135,0.147,0.00
2801,Runner,0.401,0.416,0.143,0.159,0.00
2802,Runner,0.401,0.416,0.138,0.169,0.00
2803,Pursuer,0.401,0.416,0.173,0.127,0.00
2804,Runner,0.401,0.416,0.152,0.145,0.00
2805,Runner,0.401,0.416,0.126,0.165,0.00
2806,Pursuer,0.401,0.416,0.141,0.119,0.00
2807,Pursuer,0.401,0.416,0.211,0.321,0.00
2808,Runner,0.401,0.416,0.135,0.149,3.82
2809,Pursuer,0.401,0.416,0.178,0.109,0.00
2810,Runner,0.401,0.416,0.147,0.151,0.52
2811,Pursuer,0.401,0.416,0.150,0.139,0.00
2812,Pursuer,0.401,0.416,0.127,0.144,0.00
2813,Runner,0.401,0.416,0.143,0.140,10.68
2814,Pursuer,0.401,0.416,0.147,0.124,0.00
2815,Runner,0.401,0.416,0.149,0.110,0.00
2816,Pursuer,0.401,0.417,0.131,0.135,0.00
2817,Pursuer,0.401,0.417,0.136,0.132,0.00
2818,Pursuer,0.401,0.417,0.122,0.134,0.00
2819,Runner,0.401,0.417,0.144,0.139,1.78
2820,Runner,0.401,0.417,0.120,0.145,2.14
2821,Runner,0.402,0.417,0.235,0.370,0.00
2822,Runner,0.402,0.416,0.153,0.152,2.78
2823,Pursuer,0.402,0.417,0.177,0.157,0.00
2824,Pursuer,0.402,0.417,0.150,0.143,0.00
2825,Pursuer,0.401,0.417,0.170,0.154,0.00
2826,Draw,0.401,0.417,0.140,0.158,15.04
2827,Runner,0.401,0.417,0.146,0.157,0.06
2828,Pursuer,0.401,0.417,0.132,0.143,0.00
2829,Pursuer,0.401,0.417,0.152,0.094,0.00
2830,Pursuer,0.401,0.417,0.148,0.139,0.00
2831,Pursuer,0.401,0.418,0.187,0.153,0.00
2832,Runner,0.401,0.417,0.141,0.141,1.60
2833,Runner,0.401,0.417,0.108,0.097,0.00
2834,Runner,0.402,0.417,0.174,0.144,0.00
2835,Runner,0.402,0.417,0.150,0.147,3.12
2836,Pursuer,0.402,0.417,0.151,0.140,0.00
2837,Pursuer,0.401,0.417,0.144,0.135,0.00
2838,Pursuer,0.401,0.418,0.155,0.135,0.00
2839,Draw,0.401,0.417,0.133,0.148,15.14
2840,Pursuer,0.401,0.418,0.148,0.148,0.00
2841,Pursuer,0.401,0.418,0.149,0.119,0.00
2842,Runner,0.401,0.418,0.606,0.464,0.00
2843,Pursuer,0.401,0.418,0.129,0.154,0.00
2844,Pursuer,0.401,0.418,0.151,0.147,0.00
2845,Runner,0.401,0.418,0.154,0.151,0.00
2846,Pursuer,0.401,0.418,0.000,0.000,0.00
2847,Runner,0.401,0.418,0.143,0.107,0.00
2848,Pursuer,0.401,0.418,0.080,0.182,0.00
2849,Pursuer,0.401,0.418,0.000,0.000,0.00
2850,Pursuer,0.401,0.419,0.128,0.137,0.00
2851,Draw,0.401,0.418,0.151,0.164,13.02
2852,Pursuer,0.400,0.419,0.107,0.141,0.00
2853,Pursuer,0.400,0.419,0.147,0.057,0.00
2854,Pursuer,0.400,0.419,0.147,0.144,0.00
2855,Runner,0.400,0.419,0.111,0.136,0.50
2856,Draw,0.400,0.419,0.159,0.158,17.06
2857,Runner,0.400,0.419,0.135,0.153,3.38
2858,Pursuer,0.400,0.419,0.156,0.144,0.00
2859,Runner,0.400,0.419,0.118,0.138,0.00
2860,Runner,0.401,0.419,0.120,0.149,0.90
2861,Runner,0.401,0.418,0.103,0.088,0.00
2862,Pursuer,0.401,0.419,0.178,0.167,0.00
2863,Runner,0.401,0.418,0.103,0.153,0.40
2864,Runner,0.401,0.418,0.174,0.122,0.00
2865,Pursuer,0.401,0.418,0.147,0.143,0.00
2866,Draw,0.401,0.418,0.138,0.138,16.84
2867,Pursuer,0.401,0.419,0.139,0.159,0.00
2868,Pursuer,0.401,0.419,0.144,0.133,0.00
2869,Runner,0.401,0.419,0.146,0.158,0.00
2870,Runner,0.401,0.418,0.138,0.171,0.00
2871,Runner,0.401,0.418,0.150,0.158,0.00
2872,Runner,0.401,0.418,0.149,0.153,0.00
2873,Pursuer,0.401,0.418,0.146,0.133,0.00
2874,Pursuer,0.401,0.419,0.137,0.148,0.00
2875,Draw,0.401,0.418,0.141,0.153,17.34
2876,Runner,0.401,0.418,0.146,0.136,0.00
2877,Pursuer,0.401,0.418,0.135,0.163,0.00
2878,Pursuer,0.401,0.419,0.163,0.132,0.00
2879,Pursuer,0.401,0.419,0.139,0.151,0.00
2880,Pursuer,0.401,0.419,0.116,0.124,0.00
2881,Pursuer,0.401,0.419,0.153,0.118,0.00
2882,Runner,0.401,0.419,0.124,0.143,1.18
2883,Pursuer,0.401,0.419,0.141,0.131,0.00
2884,Runner,0.401,0.419,0.138,0.124,0.00
2885,Pursuer,0.401,0.419,0.000,0.000,0.00
2886,Pursuer,0.401,0.420,0.136,0.149,0.00
2887,Pursuer,0.400,0.420,0.156,0.180,0.00
2888,Pursuer,0.400,0.420,0.109,0.148,0.00
2889,Runner,0.400,0.420,0.136,0.143,0.00
2890,Runner,0.401,0.420,0.144,0.152,4.30
2891,Runner,0.401,0.420,0.148,0.134,2.30
2892,Pursuer,0.401,0.420,0.121,0.153,0.00
2893,Pursuer,0.401,0.420,0.147,0.170,0.00
2894,Pursuer,0.400,0.420,0.150,0.137,0.00
2895,Pursuer,0.400,0.420,0.150,0.124,0.00
2896,Runner,0.401,0.420,0.142,0.137,0.00
2897,Pursuer,0.400,0.420,0.141,0.135,0.00
2898,Pursuer,0.400,0.421,0.155,0.143,0.00
2899,Runner,0.400,0.420,0.144,0.155,0.00
2900,Runner,0.401,0.420,0.075,0.208,0.00
2901,Pursuer,0.401,0.421,0.136,0.155,0.00
2902,Pursuer,0.400,0.421,0.169,0.123,0.00
2903,Runner,0.401,0.421,0.149,0.151,0.00
2904,Runner,0.401,0.420,0.145,0.130,1.66
2905,Runner,0.401,0.420,0.163,0.164,1.26
2906,Draw,0.401,0.420,0.143,0.170,19.98
2907,Runner,0.401,0.420,0.142,0.159,4.40
2908,Runner,0.401,0.420,0.133,0.149,7.10
2909,Pursuer,0.401,0.420,0.139,0.145,0.00
2910,Runner,0.401,0.420,0.137,0.153,0.00
2911,Runner,0.402,0.420,0.138,0.151,1.94
2912,Pursuer,0.401,0.420,0.107,0.154,0.00
2913,Pursuer,0.401,0.420,0.141,0.148,0.00
2914,Runner,0.402,0.420,0.141,0.164,1.76
2915,Runner,0.402,0.420,0.142,0.156,0.84
2916,Pursuer,0.402,0.420,0.000,0.000,0.00
2917,Runner,0.402,0.420,0.134,0.126,2.68
2918,Runner,0.402,0.420,0.147,0.150,0.00
2919,Pursuer,0.402,0.420,0.108,0.166,0.00
2920,Pursuer,0.402,0.420,0.148,0.139,0.00
2921,Pursuer,0.402,0.420,0.123,0.137,0.00
2922,Runner,0.402,0.420,0.144,0.146,0.00
2923,Pursuer,0.402,0.420,0.142,0.136,0.00
2924,Pursuer,0.402,0.421,0.165,0.090,0.00
2925,Pursuer,0.401,0.421,0.154,0.141,0.00
2926,Pursuer,0.401,0.421,0.165,0.123,0.00
2927,Pursuer,0.401,0.421,0.129,0.156,0.00
2928,Runner,0.401,0.421,0.132,0.153,0.96
2929,Runner,0.402,0.421,0.138,0.152,0.28
2930,Pursuer,0.401,0.421,0.140,0.141,0.00
2931,Runner,0.402,0.421,0.158,0.141,0.70
2932,Runner,0.402,0.421,0.137,0.199,1.26
2933,Runner,0.402,0.421,0.327,0.183,0.14
2934,Pursuer,0.402,0.421,0.129,0.150,0.00
2935,Pursuer,0.402,0.421,0.116,0.148,0.00
2936,Pursuer,0.402,0.421,0.049,0.096,0.00
2937,Runner,0.402,0.421,0.154,0.157,1.34
2938,Runner,0.402,0.421,0.141,0.166,0.00
2939,Pursuer,0.402,0.421,0.154,0.145,0.00
2940,Runner,0.402,0.421,0.128,0.164,0.90
2941,Pursuer,0.402,0.421,0.142,0.131,0.00
2942,Pursuer,0.402,0.421,0.142,0.165,0.00
2943,Runner,0.402,0.421,0.172,0.140,1.32
2944,Runner,0.402,0.421,0.130,0.151,1.26
2945,Runner,0.402,0.421,0.128,0.130,0.00
2946,Runner,0.403,0.421,0.142,0.139,0.86
2947,Pursuer,0.402,0.421,0.149,0.141,0.00
2948,Pursuer,0.402,0.421,0.140,0.152,0.00
2949,Runner,0.403,0.421,0.123,0.140,0.56
2950,Runner,0.403,0.421,0.151,0.119,0.00
2951,Pursuer,0.403,0.421,0.126,0.149,0.00
2952,Pursuer,0.402,0.421,0.151,0.165,0.00
2953,Pursuer,0.402,0.422,0.138,0.152,0.00
2954,Runner,0.403,0.421,0.132,0.150,3.48
2955,Runner,0.403,0.421,0.146,0.148,0.00
2956,Pursuer,0.403,0.422,0.129,0.150,0.00
2957,Runner,0.403,0.421,0.113,0.126,0.00
2958,Runner,0.403,0.421,0.121,0.139,0.00
2959,Runner,0.403,0.421,0.133,0.129,0.00
2960,Runner,0.403,0.421,0.149,0.130,0.00
2961,Runner,0.404,0.421,0.161,0.126,6.64
2962,Pursuer,0.403,0.421,0.153,0.107,0.00
2963,Pursuer,0.403,0.421,0.157,0.155,0.00
2964,Runner,0.404,0.421,0.148,0.140,2.56
2965,Runner,0.404,0.421,0.162,0.141,0.94
2966,Runner,0.404,0.421,0.155,0.162,0.00
2967,Runner,0.404,0.421,0.134,0.142,0.00
2968,Runner,0.404,0.420,0.161,0.148,0.00
2969,Runner,0.405,0.420,0.141,0.140,11.20
2970,Pursuer,0.404,0.421,0.200,0.124,0.00
2971,Runner,0.405,0.420,0.131,0.144,3.46
2972,Runner,0.405,0.420,0.105,0.113,0.00
2973,Pursuer,0.405,0.420,0.175,0.107,0.00
2974,Runner,0.405,0.420,0.119,0.145,0.84
2975,Runner,0.405,0.420,0.135,0.132,1.18
2976,Pursuer,0.405,0.420,0.153,0.071,0.00
2977,Runner,0.405,0.420,0.159,0.156,0.00
2978,Pursuer,0.405,0.420,0.140,0.137,0.00
2979,Pursuer,0.405,0.421,0.145,0.156,0.00
2980,Pursuer,0.405,0.421,0.145,0.140,0.00
2981,Runner,0.405,0.421,0.107,0.111,0.00
2982,Runner,0.405,0.421,0.174,0.137,0.38
2983,Runner,0.405,0.420,0.157,0.116,2.24
2984,Runner,0.405,0.420,0.127,0.149,1.60
2985,Runner,0.406,0.420,0.138,0.168,5.58
2986,Pursuer,0.406,0.420,0.170,0.155,0.00
2987,Runner,0.406,0.420,0.138,0.134,4.56
2988,Pursuer,0.406,0.420,0.145,0.125,0.00
2989,Pursuer,0.405,0.421,0.143,0.124,0.00
2990,Pursuer,0.405,0.421,0.151,0.114,0.00
2991,Pursuer,0.405,0.421,0.133,0.176,0.00
2992,Pursuer,0.405,0.421,0.082,0.147,0.00
2993,Pursuer,0.405,0.421,0.144,0.156,0.00
2994,Pursuer,0.405,0.422,0.134,0.159,0.00
2995,Pursuer,0.405,0.422,0.182,0.191,0.00
2996,Runner,0.405,0.422,0.000,0.000,0.00
2997,Pursuer,0.405,0.422,0.152,0.131,0.00
2998,Pursuer,0.405,0.422,0.110,0.140,0.00
2999,Pursuer,0.404,0.422,0.153,0.156,0.00
3000,Pursuer,0.404,0.422,0.142,0.138,0.00
3001,Pursuer,0.404,0.423,0.097,0.092,0.00
3002,Pursuer,0.404,0.423,0.137,0.150,0.00
3003,Pursuer,0.404,0.423,0.149,0.148,0.00
3004,Runner,0.404,0.423,0.139,0.181,1.94
3005,Runner,0.404,0.423,0.135,0.145,0.00
3006,Runner,0.405,0.422,0.139,0.120,0.16
3007,Pursuer,0.404,0.423,0.128,0.121,0.00
3008,Pursuer,0.404,0.423,0.144,0.118,0.00
3009,Runner,0.404,0.423,0.152,0.153,0.00
3010,Runner,0.405,0.423,0.134,0.138,7.18
3011,Pursuer,0.405,0.423,0.139,0.146,0.00
3012,Runner,0.405,0.423,0.137,0.146,0.36
3013,Runner,0.405,0.423,0.141,0.167,3.40
3014,Pursuer,0.405,0.423,0.116,0.158,0.00
3015,Runner,0.405,0.423,0.136,0.136,0.00
3016,Pursuer,0.405,0.423,0.138,0.157,0.00
3017,Pursuer,0.405,0.423,0.152,0.130,0.00
3018,Pursuer,0.405,0.423,0.126,0.139,0.00
3019,Pursuer,0.404,0.423,0.163,0.152,0.00
3020,Pursuer,0.404,0.424,0.156,0.136,0.00
3021,Pursuer,0.404,0.424,0.123,0.215,0.00
3022,Runner,0.404,0.424,0.139,0.139,0.00
3023,Runner,0.405,0.423,0.147,0.151,0.00
3024,Pursuer,0.404,0.424,0.048,0.136,0.00
3025,Runner,0.405,0.423,0.125,0.139,0.00
3026,Runner,0.405,0.423,0.151,0.115,0.00
3027,Pursuer,0.405,0.424,0.000,0.000,0.00
3028,Pursuer,0.405,0.424,0.140,0.154,0.00
3029,Runner,0.405,0.424,0.155,0.139,0.00
3030,Draw,0.405,0.423,0.142,0.142,0.00
3031,Pursuer,0.404,0.424,0.139,0.134,0.00
3032,Pursuer,0.404,0.424,0.135,0.151,0.00
3033,Pursuer,0.404,0.424,0.144,0.162,0.00
3034,Pursuer,0.404,0.424,0.161,0.131,0.00
3035,Pursuer,0.404,0.424,0.119,0.193,0.00
3036,Draw,0.404,0.424,0.154,0.140,13.82
3037,Runner,0.404,0.424,0.118,0.143,0.50
3038,Pursuer,0.404,0.424,0.106,0.159,0.00
3039,Runner,0.404,0.424,0.137,0.153,0.00
3040,Runner,0.404,0.424,0.137,0.138,5.18
3041,Runner,0.404,0.424,0.137,0.133,1.34
3042,Pursuer,0.404,0.424,0.158,0.142,0.00
3043,Runner,0.405,0.424,0.253,0.046,0.18
3044,Runner,0.405,0.424,0.124,0.134,1.08
3045,Pursuer,0.405,0.424,0.143,0.155,0.00
3046,Runner,0.405,0.424,0.123,0.159,2.66
3047,Pursuer,0.405,0.424,0.096,0.130,0.00
3048,Pursuer,0.405,0.424,0.128,0.169,0.00
3049,Runner,0.405,0.424,0.149,0.149,0.00
3050,Draw,0.405,0.424,0.140,0.139,0.00
3051,Draw,0.404,0.424,0.140,0.148,0.00
3052,Pursuer,0.404,0.424,0.113,0.162,0.00
3053,Runner,0.405,0.424,0.149,0.151,6.48
3054,Runner,0.405,0.424,0.147,0.147,4.30
3055,Pursuer,0.405,0.424,0.131,0.167,0.00
3056,Pursuer,0.404,0.424,0.123,0.176,0.00
3057,Runner,0.405,0.424,0.161,0.163,0.00
3058,Pursuer,0.405,0.424,0.147,0.113,0.00
3059,Runner,0.405,0.424,0.164,0.142,2.50
3060,Pursuer,0.405,0.424,0.137,0.141,0.00
3061,Pursuer,0.404,0.424,0.157,0.127,0.00
3062,Pursuer,0.404,0.425,0.143,0.167,0.00
3063,Pursuer,0.404,0.425,0.133,0.133,0.00
3064,Runner,0.404,0.425,0.151,0.148,9.60
3065,Runner,0.405,0.424,0.148,0.145,0.00
3066,Draw,0.404,0.424,0.142,0.149,8.46
3067,Runner,0.405,0.424,0.148,0.143,1.12
3068,Draw,0.404,0.424,0.142,0.146,9.84
3069,Runner,0.405,0.424,0.171,0.170,0.42
3070,Runner,0.405,0.424,0.149,0.149,0.00
3071,Runner,0.405,0.424,0.144,0.152,0.00
3072,Runner,0.405,0.424,0.147,0.161,0.00
3073,Pursuer,0.405,0.424,0.177,0.145,0.00
3074,Pursuer,0.405,0.424,0.135,0.211,0.00
3075,Pursuer,0.405,0.424,0.157,0.152,0.00
3076,Pursuer,0.405,0.424,0.158,0.119,0.00
3077,Pursuer,0.405,0.424,0.154,0.165,0.00
3078,Draw,0.404,0.424,0.134,0.150,15.14
3079,Pursuer,0.404,0.424,0.142,0.131,0.00
3080,Runner,0.405,0.424,0.132,0.168,2.00
3081,Pursuer,0.404,0.425,0.174,0.120,0.00
3082,Pursuer,0.404,0.425,0.147,0.118,0.00
3083,Runner,0.404,0.425,0.175,0.164,1.02
3084,Runner,0.405,0.424,0.145,0.138,0.00
3085,Draw,0.405,0.424,0.144,0.131,19.62
3086,Runner,0.405,0.424,0.173,0.184,1.38
3087,Runner,0.405,0.424,0.134,0.151,2.10
3088,Pursuer,0.405,0.424,0.149,0.139,0.00
3089,Runner,0.405,0.424,0.126,0.181,3.76
3090,Runner,0.405,0.424,0.140,0.148,1.86
3091,Runner,0.405,0.424,0.191,0.154,0.00
3092,Runner,0.406,0.424,0.138,0.153,0.54
3093,Runner,0.406,0.424,0.140,0.126,0.38
3094,Pursuer,0.406,0.424,0.102,0.145,0.00
3095,Runner,0.406,0.424,0.139,0.163,3.56
3096,Pursuer,0.406,0.424,0.129,0.126,0.00
3097,Pursuer,0.406,0.424,0.133,0.161,0.00
3098,Pursuer,0.405,0.424,0.182,0.145,0.00
3099,Pursuer,0.405,0.424,0.128,0.113,0.00
3100,Runner,0.405,0.424,0.149,0.103,0.28
3101,Pursuer,0.405,0.424,0.154,0.134,0.00
3102,Runner,0.406,0.424,0.083,0.009,0.00
3103,Pursuer,0.405,0.424,0.148,0.149,0.00
3104,Pursuer,0.405,0.425,0.112,0.167,0.00
3105,Runner,0.405,0.424,0.130,0.164,2.46
3106,Runner,0.406,0.424,0.131,0.190,0.64
3107,Pursuer,0.406,0.425,0.148,0.139,0.00
3108,Pursuer,0.405,0.425,0.128,0.125,0.00
3109,Pursuer,0.405,0.425,0.205,0.182,0.00
3110,Runner,0.405,0.425,0.096,0.083,0.00
3111,Runner,0.406,0.425,0.142,0.166,0.00
3112,Runner,0.406,0.424,0.148,0.132,0.00
3113,Runner,0.406,0.424,0.141,0.142,14.04
3114,Runner,0.406,0.424,0.145,0.156,0.00
3115,Pursuer,0.406,0.424,0.100,0.089,0.00
3116,Runner,0.406,0.424,0.142,0.152,0.00
3117,Runner,0.406,0.424,0.135,0.160,0.00
3118,Draw,0.406,0.424,0.141,0.139,12.14
3119,Runner,0.407,0.424,0.117,0.141,2.36
3120,Pursuer,0.406,0.424,0.000,0.000,0.00
3121,Pursuer,0.406,0.424,0.154,0.144,0.00
3122,Runner,0.406,0.424,0.141,0.131,0.00
3123,Runner,0.407,0.424,0.146,0.152,0.00
3124,Runner,0.407,0.424,0.129,0.138,0.00
3125,Runner,0.407,0.424,0.136,0.160,2.16
3126,Pursuer,0.407,0.424,0.156,0.147,0.00
3127,Runner,0.407,0.424,0.151,0.131,0.86
3128,Draw,0.407,0.424,0.150,0.150,16.28
3129,Runner,0.407,0.423,0.175,0.153,0.00
3130,Pursuer,0.407,0.424,0.147,0.152,0.00
3131,Runner,0.407,0.424,0.157,0.140,0.00
3132,Pursuer,0.407,0.424,0.107,0.118,0.00
3133,Runner,0.407,0.424,0.141,0.150,0.00
3134,Pursuer,0.407,0.424,0.115,0.149,0.00
3135,Runner,0.407,0.424,0.132,0.169,3.30
3136,Pursuer,0.407,0.424,0.143,0.146,0.00
3137,Runner,0.407,0.424,0.146,0.143,0.00
3138,Runner,0.408,0.424,0.158,0.163,0.40
3139,Runner,0.408,0.423,0.130,0.134,2.76
3140,Runner,0.408,0.423,0.142,0.137,2.40
3141,Pursuer,0.408,0.423,0.170,0.169,0.00
3142,Runner,0.408,0.423,0.153,0.146,8.74
3143,Runner,0.408,0.423,0.129,0.133,2.60
3144,Runner,0.408,0.423,0.153,0.152,1.94
3145,Runner,0.409,0.423,0.157,0.185,0.08
3146,Pursuer,0.408,0.423,0.127,0.148,0.00
3147,Runner,0.409,0.423,0.155,0.120,0.70
3148,Pursuer,0.409,0.423,0.148,0.147,0.00
3149,Pursuer,0.408,0.423,0.148,0.151,0.00
3150,Runner,0.409,0.423,0.115,0.139,1.70
3151,Pursuer,0.408,0.423,0.134,0.154,0.00
3152,Runner,0.409,0.423,0.135,0.155,0.00
3153,Runner,0.409,0.423,0.145,0.154,11.90
3154,Draw,0.409,0.423,0.139,0.138,0.00
3155,Runner,0.409,0.423,0.137,0.159,5.22
3156,Runner,0.409,0.423,0.125,0.124,0.00
3157,Pursuer,0.409,0.423,0.144,0.148,0.00
3158,Pursuer,0.409,0.423,0.145,0.136,0.00
3159,Runner,0.409,0.423,0.128,0.130,0.00
3160,Pursuer,0.409,0.423,0.185,0.157,0.00
3161,Runner,0.409,0.423,0.156,0.174,0.00
3162,Pursuer,0.409,0.423,0.136,0.144,0.00
3163,Runner,0.409,0.423,0.141,0.155,0.00
3164,Runner,0.409,0.423,0.187,0.134,0.00
3165,Pursuer,0.409,0.423,0.165,0.127,0.00
3166,Pursuer,0.409,0.423,0.162,0.141,0.00
3167,Runner,0.409,0.423,0.146,0.147,0.12
3168,Pursuer,0.409,0.423,0.133,0.135,0.00
3169,Runner,0.409,0.423,0.163,0.156,0.18
3170,Pursuer,0.409,0.423,0.140,0.138,0.00
3171,Pursuer,0.409,0.424,0.158,0.167,0.00
3172,Runner,0.409,0.423,0.129,0.152,0.44
3173,Pursuer,0.409,0.424,0.142,0.141,0.00
3174,Runner,0.409,0.423,0.156,0.139,2.32
3175,Runner,0.409,0.423,0.119,0.130,0.00
3176,Runner,0.410,0.423,0.146,0.139,0.00
3177,Runner,0.410,0.423,0.144,0.167,2.48
3178,Runner,0.410,0.423,0.121,0.151,1.66
3179,Runner,0.410,0.423,0.143,0.171,0.00
3180,Pursuer,0.410,0.423,0.110,0.198,0.00
3181,Runner,0.410,0.423,0.133,0.138,1.26
3182,Pursuer,0.410,0.423,0.141,0.137,0.00
3183,Runner,0.410,0.423,0.149,0.143,1.42
3184,Pursuer,0.410,0.423,0.140,0.147,0.00
3185,Runner,0.410,0.423,0.144,0.133,1.40
3186,Pursuer,0.410,0.423,0.136,0.145,0.00
3187,Pursuer,0.410,0.423,0.147,0.126,0.00
3188,Runner,0.410,0.423,0.179,0.124,0.00
3189,Draw,0.410,0.423,0.140,0.146,14.46
3190,Runner,0.410,0.423,0.125,0.152,1.08
3191,Runner,0.411,0.423,0.148,0.159,2.16
3192,Pursuer,0.410,0.423,0.146,0.143,0.00
3193,Draw,0.410,0.423,0.138,0.152,12.10
3194,Pursuer,0.410,0.423,0.137,0.137,0.00
3195,Pursuer,0.410,0.423,0.178,0.119,0.00
3196,Runner,0.410,0.423,0.141,0.135,0.00
3197,Runner,0.410,0.423,0.126,0.150,1.74
3198,Pursuer,0.410,0.423,0.000,0.000,0.00
3199,Runner,0.410,0.423,0.160,0.145,0.00
3200,Pursuer,0.410,0.423,0.133,0.140,0.00
3201,Pursuer,0.410,0.423,0.132,0.152,0.00
3202,Pursuer,0.410,0.423,0.154,0.131,0.00
3203,Runner,0.410,0.423,0.175,0.162,0.00
3204,Pursuer,0.410,0.424,0.138,0.139,0.00
3205,Runner,0.410,0.423,0.000,0.000,0.00
3206,Runner,0.410,0.423,0.143,0.167,2.66
3207,Runner,0.411,0.423,0.239,0.115,0.08
3208,Pursuer,0.411,0.423,0.178,0.144,0.00
3209,Pursuer,0.410,0.423,0.116,0.130,0.00
3210,Runner,0.411,0.423,0.114,0.107,2.12
3211,Runner,0.411,0.423,0.151,0.113,1.04
3212,Pursuer,0.411,0.423,0.147,0.129,0.00
3213,Runner,0.411,0.423,0.132,0.149,1.84
3214,Runner,0.411,0.423,0.138,0.156,0.00
3215,Runner,0.411,0.423,0.148,0.154,0.00
3216,Runner,0.411,0.423,0.140,0.144,0.00
3217,Draw,0.411,0.423,0.146,0.156,17.86
3218,Runner,0.411,0.423,0.136,0.133,6.02
3219,Pursuer,0.411,0.423,0.140,0.134,0.00
3220,Runner,0.411,0.423,0.157,0.147,1.14
3221,Pursuer,0.411,0.423,0.137,0.138,0.00
3222,Pursuer,0.411,0.423,0.163,0.137,0.00
3223,Runner,0.411,0.423,0.153,0.109,0.00
3224,Draw,0.411,0.423,0.150,0.136,0.00
3225,Draw,0.411,0.423,0.142,0.149,19.58
3226,Runner,0.411,0.423,0.136,0.146,2.06
3227,Pursuer,0.411,0.423,0.144,0.124,0.00
3228,Pursuer,0.411,0.423,0.153,0.145,0.00
3229,Pursuer,0.411,0.423,0.153,0.133,0.00
3230,Pursuer,0.411,0.423,0.127,0.152,0.00
3231,Pursuer,0.411,0.423,0.129,0.132,0.00
3232,Runner,0.411,0.423,0.130,0.112,0.14
3233,Pursuer,0.411,0.423,0.161,0.137,0.00
3234,Pursuer,0.411,0.424,0.156,0.147,0.00
3235,Runner,0.411,0.423,0.124,0.160,0.04
3236,Pursuer,0.411,0.424,0.145,0.146,0.00
3237,Pursuer,0.411,0.424,0.137,0.144,0.00
3238,Pursuer,0.410,0.424,0.136,0.130,0.00
3239,Runner,0.411,0.424,0.141,0.110,0.84
3240,Runner,0.411,0.424,0.189,0.140,0.00
3241,Pursuer,0.411,0.424,0.000,0.000,0.00
3242,Runner,0.411,0.424,0.200,0.118,0.70
3243,Runner,0.411,0.424,0.140,0.135,0.00
3244,Pursuer,0.411,0.424,0.129,0.128,0.00
3245,Runner,0.411,0.424,0.133,0.138,2.04
3246,Draw,0.411,0.424,0.140,0.141,18.32
3247,Runner,0.411,0.423,0.329,0.133,0.00
3248,Runner,0.411,0.423,0.141,0.123,0.00
3249,Runner,0.412,0.423,0.149,0.142,7.06
3250,Runner,0.412,0.423,0.182,0.131,0.00
3251,Pursuer,0.412,0.423,0.127,0.138,0.00
3252,Pursuer,0.411,0.423,0.155,0.135,0.00
3253,Pursuer,0.411,0.424,0.152,0.128,0.00
3254,Runner,0.411,0.423,0.144,0.133,0.00
3255,Runner,0.412,0.423,0.142,0.148,4.90
3256,Pursuer,0.412,0.424,0.121,0.155,0.00
3257,Runner,0.412,0.423,0.127,0.146,0.00
3258,Runner,0.412,0.423,0.138,0.148,2.66
3259,Runner,0.412,0.423,0.144,0.144,0.00
3260,Pursuer,0.412,0.423,0.144,0.134,0.00
3261,Runner,0.412,0.423,0.141,0.154,5.58
3262,Runner,0.412,0.423,0.161,0.144,2.68
3263,Runner,0.413,0.423,0.145,0.139,5.76
3264,Pursuer,0.412,0.423,0.180,0.129,0.00
3265,Runner,0.413,0.423,0.133,0.159,0.00
3266,Pursuer,0.412,0.423,0.168,0.185,0.00
3267,Runner,0.413,0.423,0.142,0.138,3.94
3268,Draw,0.412,0.423,0.141,0.154,19.06
3269,Pursuer,0.412,0.423,0.124,0.138,0.00
3270,Pursuer,0.412,0.423,0.148,0.141,0.00
3271,Runner,0.412,0.423,0.145,0.165,3.24
3272,Runner,0.413,0.423,0.132,0.095,0.00
3273,Pursuer,0.412,0.423,0.175,0.152,0.00
3274,Pursuer,0.412,0.423,0.168,0.157,0.00
3275,Pursuer,0.412,0.424,0.142,0.134,0.00
3276,Runner,0.412,0.423,0.147,0.139,5.88
3277,Draw,0.412,0.423,0.149,0.148,19.98
3278,Runner,0.412,0.423,0.150,0.142,5.50
3279,Runner,0.413,0.423,0.156,0.128,4.02
3280,Pursuer,0.413,0.423,0.143,0.138,0.00
3281,Draw,0.412,0.423,0.139,0.143,0.00
3282,Runner,0.413,0.423,0.140,0.124,0.00
3283,Runner,0.413,0.423,0.151,0.204,1.40
3284,Runner,0.413,0.423,0.185,0.130,0.00
3285,Pursuer,0.413,0.423,0.154,0.142,0.00
3286,Runner,0.413,0.423,0.134,0.093,0.74
3287,Pursuer,0.413,0.423,0.000,0.000,0.00
3288,Runner,0.413,0.423,0.154,0.161,0.00
3289,Runner,0.413,0.423,0.149,0.140,4.60
3290,Pursuer,0.413,0.423,0.120,0.122,0.00
3291,Runner,0.413,0.423,0.000,0.000,0.00
3292,Pursuer,0.413,0.423,0.159,0.126,0.00
3293,Runner,0.413,0.423,0.140,0.145,2.68
3294,Runner,0.413,0.423,0.114,0.131,0.00
3295,Runner,0.414,0.422,0.158,0.144,4.80
3296,Pursuer,0.414,0.423,0.143,0.144,0.00
3297,Pursuer,0.413,0.423,0.143,0.146,0.00
3298,Runner,0.414,0.423,0.132,0.139,8.66
3299,Pursuer,0.413,0.423,0.147,0.127,0.00
3300,Runner,0.414,0.423,0.177,0.175,0.00
3301,Runner,0.414,0.423,0.141,0.147,4.88
3302,Pursuer,0.414,0.423,0.149,0.148,0.00
3303,Runner,0.414,0.423,0.148,0.143,0.00
3304,Runner,0.414,0.423,0.154,0.131,1.86
3305,Runner,0.414,0.422,0.143,0.138,6.68
3306,Pursuer,0.414,0.423,0.152,0.126,0.00
3307,Runner,0.414,0.422,0.177,0.138,0.00
3308,Runner,0.414,0.422,0.139,0.154,1.86
3309,Pursuer,0.414,0.422,0.139,0.151,0.00
3310,Pursuer,0.414,0.423,0.142,0.142,0.00
3311,Pursuer,0.414,0.423,0.164,0.147,0.00
3312,Runner,0.414,0.423,0.163,0.171,1.62
3313,Runner,0.414,0.423,0.184,0.141,1.32
3314,Pursuer,0.414,0.423,0.148,0.172,0.00
3315,Pursuer,0.414,0.423,0.158,0.161,0.00
3316,Pursuer,0.414,0.423,0.137,0.123,0.00
3317,Pursuer,0.414,0.423,0.141,0.141,0.00
3318,Runner,0.414,0.423,0.000,0.000,0.00
3319,Runner,0.414,0.423,0.145,0.113,1.66
3320,Runner,0.414,0.423,0.146,0.137,2.70
3321,Runner,0.415,0.423,0.135,0.130,0.00
3322,Pursuer,0.415,0.423,0.155,0.161,0.00
3323,Draw,0.414,0.423,0.136,0.151,18.90
3324,Runner,0.415,0.423,0.150,0.173,0.00
3325,Draw,0.414,0.423,0.132,0.134,15.82
3326,Pursuer,0.414,0.423,0.137,0.136,0.00
3327,Runner,0.414,0.423,0.132,0.151,0.00
3328,Runner,0.415,0.422,0.145,0.156,5.54
3329,Runner,0.415,0.422,0.137,0.119,0.00
3330,Runner,0.415,0.422,0.156,0.139,0.00
3331,Runner,0.415,0.422,0.160,0.146,9.86
3332,Runner,0.415,0.422,0.128,0.150,2.42
3333,Runner,0.416,0.422,0.148,0.147,2.04
3334,Runner,0.416,0.422,0.146,0.143,2.48
3335,Pursuer,0.416,0.422,0.000,0.000,0.00
3336,Pursuer,0.415,0.422,0.147,0.115,0.00
3337,Runner,0.416,0.422,0.155,0.145,1.04
3338,Runner,0.416,0.422,0.121,0.137,0.00
3339,Pursuer,0.416,0.422,0.102,0.112,0.00
3340,Runner,0.416,0.422,0.142,0.131,2.36
3341,Draw,0.416,0.422,0.134,0.156,19.98
3342,Pursuer,0.416,0.422,0.095,0.113,0.00
3343,Pursuer,0.415,0.422,0.159,0.149,0.00
3344,Runner,0.416,0.422,0.143,0.146,10.52
3345,Runner,0.416,0.422,0.172,0.126,0.68
3346,Pursuer,0.416,0.422,0.000,0.000,0.00
3347,Runner,0.416,0.422,0.134,0.149,0.00
3348,Pursuer,0.416,0.422,0.000,0.000,0.00
3349,Pursuer,0.416,0.422,0.149,0.147,0.00
3350,Pursuer,0.416,0.422,0.160,0.141,0.00
3351,Pursuer,0.415,0.423,0.154,0.146,0.00
3352,Pursuer,0.415,0.423,0.090,0.124,0.00
3353,Pursuer,0.415,0.423,0.126,0.131,0.00
3354,Runner,0.415,0.423,0.136,0.155,6.24
3355,Pursuer,0.415,0.423,0.126,0.143,0.00
3356,Pursuer,0.415,0.423,0.165,0.152,0.00
3357,Runner,0.415,0.423,0.139,0.130,5.34
3358,Pursuer,0.415,0.423,0.000,0.000,0.00
3359,Pursuer,0.415,0.423,0.264,0.028,0.00
3360,Runner,0.415,0.423,0.127,0.149,2.16
3361,Runner,0.415,0.423,0.139,0.149,0.00
3362,Runner,0.416,0.423,0.153,0.157,2.40
3363,Runner,0.416,0.423,0.141,0.085,0.00
3364,Runner,0.416,0.423,0.141,0.154,1.30
3365,Runner,0.416,0.423,0.155,0.140,0.00
3366,Runner,0.416,0.422,0.129,0.149,3.80
3367,Pursuer,0.416,0.423,0.139,0.143,0.00
3368,Runner,0.416,0.423,0.069,0.111,0.06
3369,Runner,0.416,0.422,0.131,0.156,0.00
3370,Pursuer,0.416,0.423,0.153,0.149,0.00
3371,Pursuer,0.416,0.423,0.084,0.198,0.00
3372,Runner,0.416,0.423,0.139,0.153,8.12
3373,Pursuer,0.416,0.423,0.139,0.133,0.00
3374,Pursuer,0.416,0.423,0.148,0.149,0.00
3375,Pursuer,0.416,0.423,0.137,0.136,0.00
3376,Runner,0.416,0.423,0.137,0.187,0.00
3377,Pursuer,0.416,0.423,0.114,0.203,0.00
3378,Pursuer,0.416,0.423,0.131,0.163,0.00
3379,Runner,0.416,0.423,0.135,0.157,0.00
3380,Runner,0.416,0.423,0.129,0.132,0.00
3381,Runner,0.416,0.423,0.141,0.146,6.76
3382,Runner,0.417,0.423,0.162,0.134,0.00
3383,Pursuer,0.416,0.423,0.140,0.156,0.00
3384,Pursuer,0.416,0.423,0.121,0.157,0.00
3385,Pursuer,0.416,0.423,0.152,0.127,0.00
3386,Runner,0.416,0.423,0.143,0.147,0.00
3387,Pursuer,0.416,0.423,0.080,0.104,0.00
3388,Pursuer,0.416,0.424,0.214,0.182,0.00
3389,Runner,0.416,0.423,0.137,0.142,0.00
3390,Pursuer,0.416,0.424,0.162,0.132,0.00
3391,Runner,0.416,0.423,0.148,0.190,0.00
3392,Runner,0.417,0.423,0.146,0.132,9.94
3393,Runner,0.417,0.423,0.144,0.152,0.00
3394,Pursuer,0.417,0.423,0.122,0.137,0.00
3395,Runner,0.417,0.423,0.152,0.138,0.00
3396,Runner,0.417,0.423,0.142,0.134,5.46
3397,Pursuer,0.417,0.423,0.105,0.153,0.00
3398,Draw,0.417,0.423,0.134,0.164,19.98
3399,Runner,0.417,0.423,0.136,0.141,2.46
3400,Pursuer,0.417,0.423,0.148,0.154,0.00
3401,Pursuer,0.417,0.423,0.103,0.136,0.00
3402,Pursuer,0.417,0.424,0.150,0.143,0.00
3403,Runner,0.417,0.423,0.131,0.141,1.80
3404,Draw,0.417,0.423,0.148,0.152,8.44
3405,Runner,0.417,0.423,0.176,0.155,0.00
3406,Pursuer,0.417,0.423,0.135,0.160,0.00
3407,Runner,0.417,0.423,0.163,0.137,0.02
3408,Pursuer,0.417,0.423,0.139,0.140,0.00
3409,Pursuer,0.417,0.424,0.145,0.145,0.00
3410,Runner,0.417,0.423,0.142,0.172,0.36
3411,Runner,0.417,0.423,0.139,0.156,2.48
3412,Runner,0.417,0.423,0.171,0.140,0.00
3413,Runner,0.417,0.423,0.137,0.171,0.00
3414,Runner,0.417,0.423,0.147,0.185,0.34
3415,Runner,0.418,0.423,0.127,0.120,0.00
3416,Runner,0.418,0.423,0.135,0.143,4.22
3417,Runner,0.418,0.423,0.148,0.138,1.82
3418,Pursuer,0.418,0.423,0.124,0.134,0.00
3419,Runner,0.418,0.423,0.127,0.147,0.00
3420,Pursuer,0.418,0.423,0.139,0.156,0.00
3421,Runner,0.418,0.423,0.133,0.152,11.00
3422,Pursuer,0.418,0.423,0.152,0.141,0.00
3423,Pursuer,0.418,0.423,0.148,0.142,0.00
3424,Pursuer,0.418,0.423,0.147,0.135,0.00
3425,Pursuer,0.418,0.423,0.159,0.137,0.00
3426,Pursuer,0.417,0.424,0.132,0.144,0.00
3427,Pursuer,0.417,0.424,0.158,0.128,0.00
3428,Runner,0.417,0.424,0.155,0.147,0.62
3429,Pursuer,0.417,0.424,0.135,0.182,0.00
3430,Pursuer,0.417,0.424,0.132,0.138,0.00
3431,Runner,0.417,0.424,0.147,0.149,7.74
3432,Pursuer,0.417,0.424,0.134,0.139,0.00
3433,Pursuer,0.417,0.424,0.143,0.129,0.00
3434,Pursuer,0.417,0.424,0.135,0.143,0.00
3435,Draw,0.417,0.424,0.123,0.147,13.04
3436,Runner,0.417,0.424,0.048,0.046,0.00
3437,Draw,0.417,0.424,0.141,0.151,0.00
3438,Runner,0.417,0.424,0.119,0.145,1.40
3439,Pursuer,0.417,0.424,0.157,0.137,0.00
3440,Runner,0.417,0.424,0.108,0.137,1.08
3441,Pursuer,0.417,0.424,0.182,0.145,0.00
3442,Pursuer,0.417,0.424,0.147,0.125,0.00
3443,Draw,0.417,0.424,0.144,0.155,17.54
3444,Runner,0.417,0.424,0.140,0.153,3.98
3445,Runner,0.417,0.424,0.140,0.153,7.12
3446,Pursuer,0.417,0.424,0.139,0.139,0.00
3447,Runner,0.417,0.424,0.137,0.258,0.00
3448,Pursuer,0.417,0.424,0.154,0.152,0.00
3449,Pursuer,0.417,0.424,0.147,0.158,0.00
3450,Pursuer,0.417,0.424,0.156,0.147,0.00
3451,Pursuer,0.417,0.425,0.132,0.150,0.00
3452,Runner,0.417,0.424,0.140,0.115,0.00
3453,Pursuer,0.417,0.425,0.125,0.184,0.00
3454,Pursuer,0.417,0.425,0.118,0.121,0.00
3455,Runner,0.417,0.425,0.181,0.119,0.00
3456,Draw,0.417,0.424,0.144,0.136,7.44
3457,Runner,0.417,0.424,0.157,0.137,2.24
3458,Runner,0.417,0.424,0.146,0.128,1.62
3459,Pursuer,0.417,0.424,0.000,0.000,0.00
3460,Runner,0.417,0.424,0.126,0.150,0.00
3461,Runner,0.417,0.424,0.159,0.165,0.00
3462,Runner,0.417,0.424,0.122,0.115,3.46
3463,Runner,0.418,0.424,0.134,0.096,0.00
3464,Pursuer,0.417,0.424,0.158,0.160,0.00
3465,Pursuer,0.417,0.424,0.107,0.118,0.00
3466,Pursuer,0.417,0.424,0.149,0.128,0.00
3467,Pursuer,0.417,0.425,0.121,0.135,0.00
3468,Pursuer,0.417,0.425,0.162,0.141,0.00
3469,Runner,0.417,0.425,0.149,0.133,2.54
3470,Runner,0.417,0.424,0.134,0.145,0.00
3471,Pursuer,0.417,0.425,0.140,0.134,0.00
3472,Pursuer,0.417,0.425,0.007,0.058,0.00
3473,Draw,0.417,0.425,0.133,0.157,16.84
3474,Pursuer,0.417,0.425,0.130,0.124,0.00
3475,Pursuer,0.417,0.425,0.169,0.151,0.00
3476,Pursuer,0.417,0.425,0.165,0.139,0.00
3477,Draw,0.416,0.425,0.157,0.136,12.46
3478,Pursuer,0.416,0.425,0.137,0.135,0.00
3479,Runner,0.416,0.425,0.163,0.158,4.50
3480,Pursuer,0.416,0.425,0.139,0.125,0.00
3481,Runner,0.417,0.425,0.144,0.133,0.84
3482,Pursuer,0.416,0.425,0.135,0.137,0.00
3483,Pursuer,0.416,0.425,0.148,0.152,0.00
3484,Pursuer,0.416,0.426,0.152,0.135,0.00
3485,Pursuer,0.416,0.426,0.135,0.140,0.00
3486,Runner,0.416,0.426,0.133,0.131,7.60
3487,Pursuer,0.416,0.426,0.137,0.134,0.00
3488,Pursuer,0.416,0.426,0.154,0.127,0.00
3489,Draw,0.416,0.426,0.145,0.147,13.70
3490,Runner,0.416,0.426,0.155,0.137,0.00
3491,Draw,0.416,0.426,0.138,0.142,16.22
3492,Pursuer,0.416,0.426,0.139,0.135,0.00
3493,Pursuer,0.416,0.426,0.117,0.148,0.00
3494,Runner,0.416,0.426,0.155,0.146,1.34
3495,Runner,0.416,0.426,0.149,0.150,8.92
3496,Pursuer,0.416,0.426,0.145,0.108,0.00
3497,Pursuer,0.416,0.426,0.141,0.127,0.00
3498,Runner,0.416,0.426,0.182,0.391,0.00
3499,Pursuer,0.416,0.426,0.138,0.151,0.00
3500,Runner,0.416,0.426,0.135,0.142,0.00
3501,Pursuer,0.416,0.426,0.151,0.146,0.00
3502,Runner,0.416,0.426,0.144,0.155,0.00
3503,Pursuer,0.416,0.426,0.143,0.150,0.00
3504,Pursuer,0.416,0.426,0.113,0.105,0.00
3505,Pursuer,0.416,0.427,0.155,0.156,0.00
3506,Pursuer,0.416,0.427,0.148,0.143,0.00
3507,Runner,0.416,0.427,0.146,0.129,0.00
3508,Pursuer,0.416,0.427,0.154,0.156,0.00
3509,Runner,0.416,0.427,0.144,0.140,0.68
3510,Runner,0.416,0.426,0.119,0.161,1.14
3511,Pursuer,0.416,0.427,0.146,0.138,0.00
3512,Pursuer,0.416,0.427,0.148,0.126,0.00
3513,Runner,0.416,0.427,0.129,0.146,1.40
3514,Runner,0.416,0.427,0.118,0.154,2.82
3515,Runner,0.416,0.426,0.147,0.139,2.22
3516,Pursuer,0.416,0.427,0.131,0.157,0.00
3517,Pursuer,0.416,0.427,0.141,0.143,0.00
3518,Runner,0.416,0.427,0.118,0.120,0.00
3519,Runner,0.416,0.427,0.138,0.140,2.34
3520,Runner,0.416,0.426,0.146,0.161,2.38
3521,Pursuer,0.416,0.427,0.134,0.120,0.00
3522,Draw,0.416,0.426,0.146,0.150,18.08
3523,Pursuer,0.416,0.427,0.146,0.143,0.00
3524,Pursuer,0.416,0.427,0.142,0.142,0.00
3525,Pursuer,0.416,0.427,0.165,0.151,0.00
3526,Runner,0.416,0.427,0.128,0.149,0.00
3527,Runner,0.416,0.427,0.150,0.142,0.28
3528,Pursuer,0.416,0.427,0.156,0.178,0.00
3529,Pursuer,0.416,0.427,0.160,0.135,0.00
3530,Pursuer,0.416,0.427,0.153,0.159,0.00
3531,Runner,0.416,0.427,0.137,0.128,0.00
3532,Pursuer,0.416,0.427,0.178,0.185,0.00
3533,Pursuer,0.416,0.427,0.146,0.115,0.00
3534,Runner,0.416,0.427,0.122,0.138,0.00
3535,Runner,0.416,0.427,0.159,0.159,0.04
3536,Pursuer,0.416,0.427,0.147,0.135,0.00
3537,Pursuer,0.416,0.427,0.162,0.138,0.00
3538,Pursuer,0.416,0.428,0.177,0.133,0.00
3539,Pursuer,0.416,0.428,0.160,0.141,0.00
3540,Pursuer,0.416,0.428,0.143,0.125,0.00
3541,Pursuer,0.415,0.428,0.155,0.154,0.00
3542,Draw,0.415,0.428,0.155,0.144,18.44
3543,Runner,0.415,0.428,0.139,0.175,0.00
3544,Pursuer,0.415,0.428,0.126,0.185,0.00
3545,Runner,0.416,0.428,0.126,0.145,1.30
3546,Runner,0.416,0.428,0.234,0.111,0.00
3547,Runner,0.416,0.428,0.154,0.128,2.70
3548,Runner,0.416,0.428,0.132,0.139,2.10
3549,Pursuer,0.416,0.428,0.153,0.154,0.00
3550,Pursuer,0.416,0.428,0.154,0.149,0.00
3551,Runner,0.416,0.428,0.126,0.130,0.00
3552,Runner,0.416,0.428,0.143,0.152,11.34
3553,Pursuer,0.416,0.428,0.124,0.129,0.00
3554,Runner,0.416,0.428,0.182,0.150,0.46
3555,Draw,0.416,0.428,0.134,0.144,5.84
3556,Runner,0.416,0.427,0.109,0.133,0.00
3557,Runner,0.416,0.427,0.134,0.121,0.00
3558,Runner,0.417,0.427,0.170,0.115,0.52
3559,Pursuer,0.416,0.427,0.153,0.123,0.00
3560,Pursuer,0.416,0.428,0.170,0.161,0.00
3561,Pursuer,0.416,0.428,0.147,0.146,0.00
3562,Pursuer,0.416,0.428,0.157,0.136,0.00
3563,Runner,0.416,0.428,0.158,0.171,0.26
3564,Runner,0.416,0.428,0.138,0.148,0.00
3565,Draw,0.416,0.427,0.148,0.157,17.18
3566,Pursuer,0.416,0.428,0.124,0.162,0.00
3567,Runner,0.416,0.428,0.150,0.109,0.00
3568,Pursuer,0.416,0.428,0.155,0.144,0.00
3569,Pursuer,0.416,0.428,0.142,0.130,0.00
3570,Runner,0.416,0.428,0.087,0.156,0.00
3571,Pursuer,0.416,0.428,0.152,0.136,0.00
3572,Draw,0.416,0.428,0.145,0.146,19.08
3573,Pursuer,0.416,0.428,0.122,0.145,0.00
3574,Runner,0.416,0.428,0.103,0.119,0.48
3575,Pursuer,0.416,0.428,0.139,0.147,0.00
3576,Runner,0.416,0.428,0.000,0.000,0.02
3577,Pursuer,0.416,0.428,0.130,0.124,0.00
3578,Runner,0.416,0.428,0.155,0.129,3.12
3579,Runner,0.416,0.428,0.131,0.145,0.00
3580,Runner,0.416,0.428,0.154,0.140,0.40
3581,Runner,0.417,0.428,0.134,0.183,1.18
3582,Pursuer,0.417,0.428,0.134,0.150,0.00
3583,Pursuer,0.416,0.428,0.134,0.128,0.00
3584,Pursuer,0.416,0.428,0.145,0.141,0.00
3585,Pursuer,0.416,0.428,0.137,0.120,0.00
3586,Pursuer,0.416,0.428,0.135,0.144,0.00
3587,Runner,0.416,0.428,0.667,0.734,0.00
3588,Pursuer,0.416,0.428,0.137,0.144,0.00
3589,Pursuer,0.416,0.429,0.160,0.156,0.00
3590,Pursuer,0.416,0.429,0.164,0.124,0.00
3591,Runner,0.416,0.429,0.131,0.136,9.56
3592,Pursuer,0.416,0.429,0.144,0.135,0.00
3593,Pursuer,0.416,0.429,0.124,0.140,0.00
3594,Runner,0.416,0.429,0.129,0.137,5.22
3595,Pursuer,0.416,0.429,0.147,0.125,0.00
3596,Runner,0.416,0.429,0.135,0.148,0.56
3597,Runner,0.416,0.429,0.148,0.151,4.44
3598,Runner,0.416,0.429,0.128,0.151,1.46
3599,Runner,0.417,0.428,0.163,0.140,0.00
3600,Runner,0.417,0.428,0.135,0.140,1.34
3601,Draw,0.417,0.428,0.139,0.147,1.78
3602,Runner,0.417,0.428,0.067,0.182,0.00
3603,Runner,0.417,0.428,0.112,0.145,1.52
3604,Draw,0.417,0.428,0.138,0.142,15.72
3605,Runner,0.417,0.428,0.135,0.129,0.00
3606,Runner,0.417,0.428,0.126,0.144,2.58
3607,Draw,0.417,0.428,0.143,0.143,18.30
3608,Runner,0.417,0.427,0.166,0.142,5.80
3609,Runner,0.417,0.427,0.142,0.142,3.70
3610,Pursuer,0.417,0.427,0.145,0.144,0.00
3611,Pursuer,0.417,0.428,0.108,0.098,0.00
3612,Pursuer,0.417,0.428,0.136,0.122,0.00
3613,Pursuer,0.417,0.428,0.138,0.152,0.00
3614,Pursuer,0.417,0.428,0.136,0.140,0.00
3615,Runner,0.417,0.428,0.140,0.131,0.20
3616,Pursuer,0.417,0.428,0.155,0.155,0.00
3617,Runner,0.417,0.428,0.152,0.125,0.00
3618,Runner,0.417,0.428,0.156,0.155,0.00
3619,Runner,0.417,0.428,0.085,0.035,0.00
3620,Runner,0.417,0.428,0.137,0.133,0.04
3621,Pursuer,0.417,0.428,0.121,0.122,0.00
3622,Pursuer,0.417,0.428,0.141,0.148,0.00
3623,Pursuer,0.417,0.428,0.144,0.122,0.00
3624,Runner,0.417,0.428,0.159,0.163,3.00
3625,Pursuer,0.417,0.428,0.133,0.113,0.00
3626,Runner,0.417,0.428,0.159,0.147,0.00
3627,Pursuer,0.417,0.428,0.164,0.182,0.00
3628,Pursuer,0.417,0.428,0.094,0.165,0.00
3629,Runner,0.417,0.428,0.148,0.130,0.00
3630,Pursuer,0.417,0.428,0.124,0.129,0.00
3631,Pursuer,0.417,0.429,0.155,0.151,0.00
3632,Runner,0.417,0.428,0.155,0.134,1.40
3633,Runner,0.417,0.428,0.127,0.146,0.00
3634,Runner,0.417,0.428,0.406,0.210,0.04
3635,Runner,0.418,0.428,0.143,0.139,2.72
3636,Pursuer,0.417,0.428,0.134,0.159,0.00
3637,Runner,0.418,0.428,0.164,0.163,0.00
3638,Pursuer,0.418,0.428,0.043,0.206,0.00
3639,Pursuer,0.417,0.428,0.145,0.141,0.00
3640,Pursuer,0.417,0.429,0.138,0.102,0.00
3641,Pursuer,0.417,0.429,0.175,0.156,0.00
3642,Pursuer,0.417,0.429,0.147,0.136,0.00
3643,Pursuer,0.417,0.429,0.143,0.145,0.00
3644,Pursuer,0.417,0.429,0.072,0.147,0.00
3645,Runner,0.417,0.429,0.131,0.130,3.98
3646,Pursuer,0.417,0.429,0.152,0.163,0.00
3647,Pursuer,0.417,0.429,0.145,0.137,0.00
3648,Pursuer,0.417,0.430,0.173,0.181,0.00
3649,Draw,0.417,0.429,0.135,0.158,18.58
3650,Pursuer,0.416,0.430,0.187,0.142,0.00
3651,Draw,0.416,0.429,0.141,0.143,18.32
3652,Runner,0.416,0.429,0.139,0.124,3.04
3653,Pursuer,0.416,0.430,0.143,0.117,0.00
3654,Pursuer,0.416,0.430,0.172,0.133,0.00
3655,Runner,0.416,0.430,0.140,0.189,0.00
3656,Runner,0.417,0.429,0.166,0.151,2.40
3657,Runner,0.417,0.429,0.168,0.134,4.06
3658,Pursuer,0.417,0.429,0.143,0.114,0.00
3659,Pursuer,0.417,0.430,0.147,0.145,0.00
3660,Pursuer,0.416,0.430,0.161,0.114,0.00
3661,Pursuer,0.416,0.430,0.179,0.159,0.00
3662,Pursuer,0.416,0.430,0.146,0.153,0.00
3663,Pursuer,0.416,0.430,0.151,0.120,0.00
3664,Pursuer,0.416,0.430,0.101,0.130,0.00
3665,Runner,0.416,0.430,0.136,0.163,2.54
3666,Pursuer,0.416,0.430,0.146,0.174,0.00
3667,Runner,0.416,0.430,0.167,0.153,2.90
3668,Pursuer,0.416,0.430,0.142,0.119,0.00
3669,Pursuer,0.416,0.431,0.143,0.141,0.00
3670,Pursuer,0.416,0.431,0.129,0.101,0.00
3671,Pursuer,0.416,0.431,0.139,0.127,0.00
3672,Runner,0.416,0.431,0.146,0.155,0.72
3673,Runner,0.416,0.431,0.118,0.135,0.00
3674,Pursuer,0.416,0.431,0.152,0.130,0.00
3675,Pursuer,0.416,0.431,0.148,0.146,0.00
3676,Runner,0.416,0.431,0.137,0.150,0.00
3677,Pursuer,0.416,0.431,0.152,0.152,0.00
3678,Runner,0.416,0.431,0.133,0.128,0.06
3679,Pursuer,0.416,0.431,0.134,0.128,0.00
3680,Pursuer,0.416,0.431,0.153,0.130,0.00
3681,Pursuer,0.416,0.431,0.113,0.218,0.00
3682,Pursuer,0.416,0.432,0.169,0.077,0.00
3683,Runner,0.416,0.431,0.136,0.128,0.00
3684,Runner,0.416,0.431,0.125,0.121,0.00
3685,Pursuer,0.416,0.431,0.000,0.000,0.00
3686,Pursuer,0.416,0.432,0.129,0.133,0.00
3687,Draw,0.416,0.432,0.141,0.144,8.82
3688,Runner,0.416,0.431,0.110,0.119,0.10
3689,Pursuer,0.416,0.432,0.218,0.105,0.00
3690,Pursuer,0.415,0.432,0.170,0.133,0.00
3691,Draw,0.415,0.432,0.135,0.139,15.72
3692,Runner,0.415,0.431,0.136,0.170,0.22
3693,Runner,0.416,0.431,0.138,0.133,1.50
3694,Runner,0.416,0.431,0.142,0.154,4.00
3695,Runner,0.416,0.431,0.148,0.149,8.16
3696,Runner,0.416,0.431,0.158,0.126,1.58
3697,Pursuer,0.416,0.431,0.000,0.000,0.00
3698,Draw,0.416,0.431,0.150,0.138,10.30
3699,Pursuer,0.416,0.431,0.144,0.128,0.00
3700,Runner,0.416,0.431,0.138,0.138,5.40
3701,Pursuer,0.416,0.431,0.145,0.152,0.00
3702,Runner,0.416,0.431,0.132,0.129,3.34
3703,Runner,0.416,0.431,0.150,0.147,0.00
3704,Runner,0.416,0.431,0.107,0.108,0.00
3705,Runner,0.416,0.431,0.122,0.122,0.00
3706,Runner,0.417,0.431,0.130,0.146,0.00
3707,Runner,0.417,0.431,0.148,0.153,6.24
3708,Runner,0.417,0.430,0.128,0.151,0.00
3709,Runner,0.417,0.430,0.169,0.122,0.00
3710,Runner,0.417,0.430,0.152,0.141,0.00
3711,Pursuer,0.417,0.430,0.133,0.151,0.00
3712,Pursuer,0.417,0.430,0.118,0.134,0.00
3713,Pursuer,0.417,0.431,0.132,0.149,0.00
3714,Runner,0.417,0.431,0.070,0.126,0.56
3715,Runner,0.417,0.430,0.132,0.152,0.28
3716,Pursuer,0.417,0.431,0.136,0.131,0.00
3717,Runner,0.417,0.430,0.157,0.153,0.78
3718,Pursuer,0.417,0.431,0.145,0.154,0.00
3719,Draw,0.417,0.430,0.144,0.150,0.00
3720,Pursuer,0.417,0.431,0.153,0.134,0.00
3721,Pursuer,0.417,0.431,0.150,0.140,0.00
3722,Pursuer,0.417,0.431,0.138,0.158,0.00
3723,Draw,0.417,0.431,0.142,0.137,13.80
3724,Runner,0.417,0.431,0.129,0.129,3.36
3725,Runner,0.417,0.431,0.130,0.146,6.04
3726,Pursuer,0.417,0.431,0.131,0.109,0.00
3727,Runner,0.417,0.431,0.136,0.132,1.02
3728,Pursuer,0.417,0.431,0.139,0.099,0.00
3729,Runner,0.417,0.431,0.184,0.147,1.46
3730,Pursuer,0.417,0.431,0.144,0.142,0.00
3731,Runner,0.417,0.431,0.107,0.138,0.90
3732,Runner,0.417,0.431,0.140,0.156,0.00
3733,Pursuer,0.417,0.431,0.138,0.139,0.00
3734,Pursuer,0.417,0.431,0.121,0.144,0.00
3735,Pursuer,0.417,0.431,0.143,0.135,0.00
3736,Pursuer,0.417,0.431,0.131,0.126,0.00
3737,Pursuer,0.417,0.431,0.123,0.121,0.00
3738,Draw,0.417,0.431,0.138,0.150,19.16
3739,Pursuer,0.416,0.431,0.139,0.138,0.00
3740,Runner,0.417,0.431,0.122,0.136,0.00
3741,Runner,0.417,0.431,0.160,0.142,10.04
3742,Runner,0.417,0.431,0.125,0.132,2.48
3743,Runner,0.417,0.431,0.094,0.231,0.00
3744,Pursuer,0.417,0.431,0.149,0.139,0.00
3745,Runner,0.417,0.431,0.116,0.124,0.00
3746,Pursuer,0.417,0.431,0.148,0.151,0.00
3747,Pursuer,0.417,0.431,0.139,0.150,0.00
3748,Pursuer,0.417,0.431,0.156,0.139,0.00
3749,Draw,0.417,0.431,0.144,0.145,14.02
3750,Pursuer,0.417,0.431,0.147,0.152,0.00
3751,Pursuer,0.416,0.432,0.131,0.128,0.00
3752,Pursuer,0.416,0.432,0.087,0.106,0.00
3753,Runner,0.416,0.432,0.138,0.136,1.40
3754,Runner,0.417,0.432,0.117,0.121,0.00
3755,Draw,0.417,0.431,0.141,0.155,17.52
3756,Pursuer,0.416,0.432,0.181,0.127,0.00
3757,Runner,0.417,0.431,0.130,0.140,0.70
3758,Pursuer,0.416,0.432,0.140,0.122,0.00
3759,Runner,0.417,0.431,0.145,0.188,0.00
3760,Runner,0.417,0.431,0.150,0.174,2.48
3761,Pursuer,0.417,0.432,0.151,0.133,0.00
3762,Pursuer,0.417,0.432,0.120,0.136,0.00
3763,Runner,0.417,0.432,0.157,0.144,0.12
3764,Pursuer,0.417,0.432,0.139,0.148,0.00
3765,Runner,0.417,0.432,0.138,0.147,5.44
3766,Pursuer,0.417,0.432,0.135,0.154,0.00
3767,Pursuer,0.417,0.432,0.158,0.137,0.00
3768,Draw,0.416,0.432,0.144,0.151,0.00
3769,Runner,0.417,0.432,0.145,0.159,0.88
3770,Runner,0.417,0.432,0.110,0.144,0.00
3771,Pursuer,0.417,0.432,0.162,0.130,0.00
3772,Pursuer,0.416,0.432,0.127,0.218,0.00
3773,Runner,0.417,0.432,0.000,0.000,0.00
3774,Pursuer,0.417,0.432,0.128,0.146,0.00
3775,Runner,0.417,0.432,0.151,0.137,2.10
3776,Runner,0.417,0.432,0.146,0.132,1.10
3777,Runner,0.417,0.432,0.146,0.096,0.00
3778,Pursuer,0.417,0.432,0.216,0.290,0.00
3779,Pursuer,0.417,0.432,0.145,0.168,0.00
3780,Runner,0.417,0.432,0.103,0.130,1.54
3781,Pursuer,0.417,0.432,0.139,0.141,0.00
3782,Pursuer,0.417,0.432,0.117,0.140,0.00
3783,Runner,0.417,0.432,0.138,0.126,4.18
3784,Runner,0.417,0.432,0.146,0.137,0.00
3785,Pursuer,0.417,0.432,0.122,0.125,0.00
3786,Pursuer,0.417,0.432,0.161,0.141,0.00
3787,Pursuer,0.417,0.432,0.112,0.130,0.00
3788,Draw,0.417,0.432,0.138,0.140,17.96
3789,Pursuer,0.416,0.432,0.105,0.112,0.00
3790,Draw,0.416,0.432,0.145,0.143,15.42
3791,Runner,0.417,0.432,0.116,0.193,0.00
3792,Runner,0.417,0.432,0.134,0.142,0.00
3793,Runner,0.417,0.432,0.141,0.144,0.00
3794,Pursuer,0.417,0.432,0.130,0.126,0.00
3795,Draw,0.417,0.432,0.148,0.160,5.46
3796,Pursuer,0.416,0.432,0.169,0.143,0.00
3797,Pursuer,0.416,0.432,0.146,0.137,0.00
3798,Pursuer,0.416,0.432,0.146,0.143,0.00
3799,Runner,0.416,0.432,0.129,0.143,2.42
3800,Runner,0.417,0.432,0.361,0.108,0.08
3801,Runner,0.417,0.432,0.157,0.149,4.50
3802,Runner,0.417,0.432,0.145,0.140,3.78
3803,Runner,0.417,0.432,0.150,0.157,2.96
3804,Runner,0.417,0.432,0.159,0.168,2.26
3805,Runner,0.417,0.432,0.136,0.178,0.28
3806,Runner,0.417,0.431,0.105,0.148,0.00
3807,Draw,0.417,0.431,0.151,0.131,14.48
3808,Draw,0.417,0.431,0.145,0.136,19.18
3809,Runner,0.417,0.431,0.148,0.148,0.00
3810,Pursuer,0.417,0.431,0.126,0.137,0.00
3811,Pursuer,0.417,0.431,0.180,0.142,0.00
3812,Runner,0.417,0.431,0.143,0.143,0.36
3813,Pursuer,0.417,0.431,0.140,0.128,0.00
3814,Runner,0.417,0.431,0.171,0.116,1.58
3815,Runner,0.418,0.431,0.135,0.122,0.00
3816,Runner,0.418,0.431,0.110,0.134,0.00
3817,Pursuer,0.418,0.431,0.000,0.000,0.00
3818,Runner,0.418,0.431,0.160,0.141,0.00
3819,Runner,0.418,0.431,0.145,0.136,0.02
3820,Runner,0.418,0.431,0.066,0.049,0.26
3821,Pursuer,0.418,0.431,0.129,0.109,0.00
3822,Pursuer,0.418,0.431,0.149,0.130,0.00
3823,Draw,0.418,0.431,0.140,0.143,11.22
3824,Runner,0.418,0.431,0.152,0.131,1.84
3825,Runner,0.418,0.431,0.130,0.139,0.00
3826,Draw,0.418,0.431,0.142,0.149,11.98
3827,Runner,0.418,0.431,0.167,0.157,2.40
3828,Pursuer,0.418,0.431,0.116,0.124,0.00
3829,Pursuer,0.418,0.431,0.129,0.137,0.00
3830,Runner,0.418,0.431,0.147,0.135,0.00
3831,Runner,0.418,0.431,0.143,0.156,0.00
3832,Pursuer,0.418,0.431,0.165,0.168,0.00
3833,Runner,0.418,0.431,0.708,0.521,0.02
3834,Pursuer,0.418,0.431,0.098,0.229,0.00
3835,Runner,0.418,0.431,0.165,0.163,0.36
3836,Pursuer,0.418,0.431,0.162,0.154,0.00
3837,Runner,0.418,0.431,0.128,0.148,0.68
3838,Runner,0.418,0.431,0.105,0.160,0.00
3839,Runner,0.419,0.431,0.127,0.146,0.68
3840,Draw,0.418,0.430,0.136,0.160,12.28
3841,Pursuer,0.418,0.431,0.158,0.158,0.00
3842,Runner,0.419,0.431,0.144,0.148,5.32
3843,Runner,0.419,0.430,0.148,0.151,0.00
3844,Pursuer,0.419,0.431,0.134,0.157,0.00
3845,Runner,0.419,0.430,0.133,0.136,0.30
3846,Pursuer,0.419,0.431,0.115,0.082,0.00
3847,Runner,0.419,0.430,0.137,0.173,8.12
3848,Runner,0.419,0.430,0.095,0.174,0.00
3849,Pursuer,0.419,0.431,0.141,0.131,0.00
3850,Draw,0.419,0.430,0.142,0.143,15.86
3851,Runner,0.419,0.430,0.148,0.116,0.00
3852,Pursuer,0.419,0.430,0.144,0.141,0.00
3853,Pursuer,0.419,0.431,0.192,0.175,0.00
3854,Runner,0.419,0.430,0.165,0.136,2.64
3855,Runner,0.419,0.430,0.128,0.102,1.00
3856,Runner,0.419,0.430,0.135,0.130,0.68
3857,Pursuer,0.419,0.430,0.119,0.135,0.00
3858,Pursuer,0.419,0.431,0.116,0.126,0.00
3859,Pursuer,0.419,0.431,0.161,0.140,0.00
3860,Pursuer,0.419,0.431,0.108,0.148,0.00
3861,Pursuer,0.419,0.431,0.173,0.149,0.00
3862,Pursuer,0.418,0.431,0.173,0.151,0.00
3863,Pursuer,0.418,0.431,0.167,0.175,0.00
3864,Draw,0.418,0.431,0.138,0.144,0.00
3865,Draw,0.418,0.431,0.152,0.135,17.34
3866,Runner,0.418,0.431,0.167,0.136,0.00
3867,Runner,0.418,0.431,0.151,0.130,1.20
3868,Runner,0.419,0.431,0.154,0.119,0.00
3869,Pursuer,0.418,0.431,0.124,0.134,0.00
3870,Runner,0.419,0.431,0.143,0.137,0.00
3871,Pursuer,0.418,0.431,0.172,0.155,0.00
3872,Runner,0.419,0.431,0.132,0.147,0.44
3873,Runner,0.419,0.431,0.169,0.158,0.58
3874,Pursuer,0.419,0.431,0.140,0.137,0.00
3875,Pursuer,0.419,0.431,0.135,0.141,0.00
3876,Runner,0.419,0.431,0.147,0.140,0.90
3877,Pursuer,0.419,0.431,0.363,0.525,0.00
3878,Pursuer,0.419,0.431,0.118,0.163,0.00
3879,Draw,0.418,0.431,0.142,0.155,12.54
3880,Runner,0.419,0.431,0.144,0.127,2.66
3881,Pursuer,0.418,0.431,0.086,0.080,0.00
3882,Pursuer,0.418,0.431,0.155,0.134,0.00
3883,Pursuer,0.418,0.431,0.182,0.176,0.00
3884,Runner,0.418,0.431,0.137,0.155,0.00
3885,Pursuer,0.418,0.431,0.120,0.158,0.00
3886,Pursuer,0.418,0.432,0.162,0.120,0.00
3887,Pursuer,0.418,0.432,0.146,0.145,0.00
3888,Runner,0.418,0.432,0.000,0.000,0.00
3889,Pursuer,0.418,0.432,0.126,0.143,0.00
3890,Pursuer,0.418,0.432,0.139,0.150,0.00
3891,Pursuer,0.418,0.432,0.144,0.156,0.00
3892,Runner,0.418,0.432,0.134,0.130,0.00
3893,Draw,0.418,0.432,0.148,0.143,8.72
3894,Pursuer,0.418,0.432,0.125,0.098,0.00
3895,Pursuer,0.418,0.432,0.083,0.120,0.00
3896,Runner,0.418,0.432,0.145,0.215,0.02
3897,Pursuer,0.418,0.432,0.000,0.000,0.00
3898,Runner,0.418,0.432,0.137,0.117,0.00
3899,Pursuer,0.418,0.432,0.129,0.162,0.00
3900,Pursuer,0.418,0.432,0.186,0.136,0.00
3901,Runner,0.418,0.432,0.154,0.130,1.70
3902,Draw,0.418,0.432,0.138,0.138,18.86
3903,Runner,0.418,0.432,0.132,0.136,2.84
3904,Pursuer,0.418,0.432,0.096,0.112,0.00
3905,Pursuer,0.418,0.432,0.122,0.138,0.00
3906,Pursuer,0.418,0.432,0.154,0.135,0.00
3907,Draw,0.417,0.432,0.143,0.156,18.54
3908,Pursuer,0.417,0.432,0.129,0.139,0.00
3909,Runner,0.417,0.432,0.101,0.125,0.00
3910,Runner,0.418,0.432,0.141,0.141,2.10
3911,Pursuer,0.418,0.432,0.119,0.081,0.00
3912,Draw,0.417,0.432,0.134,0.136,11.30
3913,Runner,0.418,0.432,0.144,0.139,0.46
3914,Runner,0.418,0.432,0.146,0.152,3.06
3915,Runner,0.418,0.432,0.162,0.136,0.68
3916,Runner,0.418,0.432,0.148,0.133,0.00
3917,Pursuer,0.418,0.432,0.151,0.137,0.00
3918,Runner,0.418,0.432,0.123,0.122,2.44
3919,Pursuer,0.418,0.432,0.157,0.132,0.00
3920,Runner,0.418,0.432,0.141,0.187,0.00
3921,Runner,0.418,0.432,0.150,0.146,0.76
3922,Pursuer,0.418,0.432,0.170,0.103,0.00
3923,Runner,0.418,0.432,0.142,0.144,6.92
3924,Pursuer,0.418,0.432,0.148,0.124,0.00
3925,Runner,0.418,0.432,0.136,0.154,0.00
3926,Draw,0.418,0.432,0.140,0.146,15.00
3927,Pursuer,0.418,0.432,0.126,0.132,0.00
3928,Runner,0.418,0.432,0.133,0.138,0.00
3929,Runner,0.418,0.432,0.144,0.152,1.52
3930,Runner,0.419,0.432,0.137,0.128,0.00
3931,Runner,0.419,0.431,0.146,0.140,6.38
3932,Pursuer,0.419,0.432,0.153,0.140,0.00
3933,Pursuer,0.419,0.432,0.183,0.111,0.00
3934,Runner,0.419,0.432,0.152,0.152,6.28
3935,Runner,0.419,0.432,0.143,0.122,0.00
3936,Runner,0.419,0.431,0.108,0.126,1.06
3937,Pursuer,0.419,0.432,0.127,0.171,0.00
3938,Pursuer,0.419,0.432,0.128,0.137,0.00
3939,Runner,0.419,0.432,0.157,0.143,5.66
3940,Pursuer,0.419,0.432,0.145,0.169,0.00
3941,Draw,0.419,0.432,0.140,0.144,18.12
3942,Runner,0.419,0.432,0.142,0.141,0.82
3943,Pursuer,0.419,0.432,0.133,0.119,0.00
3944,Draw,0.419,0.432,0.145,0.135,9.94
3945,Pursuer,0.419,0.432,0.140,0.136,0.00
3946,Runner,0.419,0.432,0.160,0.133,0.18
3947,Pursuer,0.419,0.432,0.116,0.140,0.00
3948,Pursuer,0.418,0.432,0.156,0.137,0.00
3949,Pursuer,0.418,0.432,0.170,0.136,0.00
3950,Pursuer,0.418,0.432,0.144,0.136,0.00
3951,Runner,0.418,0.432,0.160,0.127,0.92
3952,Pursuer,0.418,0.432,0.139,0.144,0.00
3953,Runner,0.418,0.432,0.148,0.134,3.90
3954,Runner,0.419,0.432,0.140,0.133,2.98
3955,Pursuer,0.418,0.432,0.117,0.132,0.00
3956,Runner,0.419,0.432,0.145,0.120,1.86
3957,Pursuer,0.418,0.432,0.160,0.136,0.00
3958,Pursuer,0.418,0.432,0.131,0.107,0.00
3959,Pursuer,0.418,0.432,0.138,0.113,0.00
3960,Runner,0.418,0.432,0.125,0.134,1.86
3961,Pursuer,0.418,0.432,0.168,0.124,0.00
3962,Pursuer,0.418,0.433,0.140,0.125,0.00
3963,Pursuer,0.418,0.433,0.135,0.134,0.00
3964,Runner,0.418,0.433,0.157,0.156,1.00
3965,Runner,0.418,0.433,0.135,0.147,0.00
3966,Runner,0.419,0.432,0.153,0.144,1.26
3967,Pursuer,0.418,0.433,0.138,0.143,0.00
3968,Pursuer,0.418,0.433,0.140,0.140,0.00
3969,Pursuer,0.418,0.433,0.135,0.129,0.00
3970,Pursuer,0.418,0.433,0.150,0.152,0.00
3971,Pursuer,0.418,0.433,0.129,0.148,0.00
3972,Runner,0.418,0.433,0.140,0.140,1.12
3973,Pursuer,0.418,0.433,0.000,0.000,0.00
3974,Pursuer,0.418,0.433,0.153,0.149,0.00
3975,Pursuer,0.418,0.433,0.148,0.141,0.00
3976,Pursuer,0.418,0.434,0.181,0.149,0.00
3977,Runner,0.418,0.433,0.152,0.151,0.00
3978,Draw,0.418,0.433,0.132,0.152,14.10
3979,Pursuer,0.418,0.434,0.142,0.159,0.00
3980,Runner,0.418,0.433,0.135,0.143,3.38
3981,Pursuer,0.418,0.434,0.138,0.154,0.00
3982,Pursuer,0.418,0.434,0.125,0.131,0.00
3983,Runner,0.418,0.434,0.107,0.130,0.00
3984,Pursuer,0.418,0.434,0.000,0.000,0.00
3985,Runner,0.418,0.434,0.119,0.161,0.00
3986,Runner,0.418,0.434,0.162,0.155,0.00
3987,Pursuer,0.418,0.434,0.138,0.134,0.00
3988,Runner,0.418,0.434,0.121,0.149,0.00
3989,Pursuer,0.418,0.434,0.144,0.144,0.00
3990,Runner,0.418,0.434,0.000,0.000,0.00
3991,Pursuer,0.418,0.434,0.171,0.154,0.00
3992,Runner,0.418,0.434,0.157,0.116,1.08
3993,Pursuer,0.418,0.434,0.000,0.000,0.00
3994,Runner,0.418,0.434,0.139,0.160,0.00
3995,Pursuer,0.418,0.434,0.177,0.150,0.00
3996,Runner,0.418,0.434,0.123,0.157,2.60
3997,Pursuer,0.418,0.434,0.112,0.128,0.00
3998,Pursuer,0.418,0.434,0.135,0.079,0.00
3999,Pursuer,0.418,0.434,0.107,0.175,0.00
4000,Runner,0.418,0.434,0.126,0.138,2.22
4001,Pursuer,0.418,0.434,0.136,0.139,0.00
4002,Pursuer,0.418,0.434,0.129,0.164,0.00
4003,Pursuer,0.418,0.434,0.157,0.140,0.00
4004,Pursuer,0.418,0.435,0.145,0.127,0.00
4005,Runner,0.418,0.434,0.140,0.150,0.00
4006,Pursuer,0.418,0.435,0.154,0.126,0.00
4007,Runner,0.418,0.434,0.142,0.120,0.00
4008,Runner,0.418,0.434,0.131,0.142,0.00
4009,Pursuer,0.418,0.435,0.139,0.137,0.00
4010,Pursuer,0.418,0.435,0.195,0.084,0.00
4011,Runner,0.418,0.435,0.210,0.291,0.00
4012,Pursuer,0.418,0.435,0.111,0.115,0.00
4013,Draw,0.418,0.435,0.135,0.155,16.36
4014,Pursuer,0.418,0.435,0.145,0.137,0.00
4015,Pursuer,0.417,0.435,0.143,0.124,0.00
4016,Runner,0.418,0.435,0.136,0.149,0.50
4017,Pursuer,0.417,0.435,0.116,0.111,0.00
4018,Runner,0.418,0.435,0.151,0.138,2.10
4019,Runner,0.418,0.435,0.147,0.134,6.14
4020,Pursuer,0.418,0.435,0.147,0.134,0.00
4021,Runner,0.418,0.435,0.127,0.109,0.00
4022,Runner,0.418,0.435,0.148,0.153,0.00
4023,Runner,0.418,0.435,0.138,0.132,0.14
4024,Draw,0.418,0.434,0.129,0.140,17.86
4025,Runner,0.418,0.434,0.132,0.145,3.16
4026,Runner,0.418,0.434,0.118,0.147,1.88
4027,Draw,0.418,0.434,0.146,0.144,17.28
4028,Runner,0.418,0.434,0.135,0.160,0.94
4029,Runner,0.418,0.434,0.135,0.158,9.12
4030,Draw,0.418,0.434,0.146,0.153,6.14
4031,Pursuer,0.418,0.434,0.203,0.205,0.00
4032,Runner,0.418,0.434,0.122,0.145,3.46
4033,Runner,0.419,0.434,0.130,0.131,1.82
4034,Runner,0.419,0.434,0.157,0.142,0.68
4035,Runner,0.419,0.433,0.152,0.133,0.58
4036,Runner,0.419,0.433,0.175,0.148,1.64
4037,Pursuer,0.419,0.433,0.169,0.114,0.00
4038,Pursuer,0.419,0.434,0.156,0.126,0.00
4039,Pursuer,0.419,0.434,0.146,0.106,0.00
4040,Runner,0.419,0.434,0.138,0.139,1.90
4041,Pursuer,0.419,0.434,0.000,0.000,0.00
4042,Runner,0.419,0.434,0.145,0.145,4.90
4043,Runner,0.419,0.434,0.160,0.124,0.00
4044,Pursuer,0.419,0.434,0.168,0.138,0.00
4045,Draw,0.419,0.434,0.130,0.145,18.92
4046,Runner,0.419,0.434,0.116,0.151,0.00
4047,Pursuer,0.419,0.434,0.134,0.130,0.00
4048,Runner,0.419,0.434,0.177,0.161,0.10
4049,Runner,0.419,0.433,0.143,0.144,6.40
4050,Runner,0.419,0.433,0.145,0.149,6.30
4051,Pursuer,0.419,0.433,0.144,0.153,0.00
4052,Runner,0.419,0.433,0.189,0.130,0.70
4053,Draw,0.419,0.433,0.133,0.152,16.68
4054,Runner,0.419,0.433,0.129,0.129,2.90
4055,Runner,0.419,0.433,0.146,0.126,0.00
4056,Runner,0.420,0.433,0.152,0.153,0.08
4057,Pursuer,0.420,0.433,0.173,0.115,0.00
4058,Pursuer,0.419,0.433,0.123,0.065,0.00
4059,Pursuer,0.419,0.433,0.134,0.139,0.00
4060,Pursuer,0.419,0.433,0.139,0.135,0.00
4061,Pursuer,0.419,0.434,0.142,0.137,0.00
4062,Pursuer,0.419,0.434,0.141,0.153,0.00
4063,Draw,0.419,0.434,0.130,0.144,16.44
4064,Runner,0.419,0.434,0.119,0.154,0.00
4065,Runner,0.419,0.433,0.152,0.149,4.86
4066,Runner,0.419,0.433,0.108,0.153,0.00
4067,Pursuer,0.419,0.433,0.137,0.144,0.00
4068,Pursuer,0.419,0.434,0.125,0.141,0.00
4069,Runner,0.419,0.434,0.000,0.000,0.02
4070,Runner,0.419,0.433,0.135,0.138,0.00
4071,Pursuer,0.419,0.434,0.140,0.134,0.00
4072,Pursuer,0.419,0.434,0.138,0.138,0.00
4073,Pursuer,0.419,0.434,0.151,0.138,0.00
4074,Runner,0.419,0.434,0.121,0.162,5.04
4075,Pursuer,0.419,0.434,0.216,0.066,0.00
4076,Pursuer,0.419,0.434,0.318,0.197,0.00
4077,Pursuer,0.419,0.434,0.140,0.106,0.00
4078,Pursuer,0.419,0.434,0.133,0.151,0.00
4079,Pursuer,0.419,0.434,0.141,0.125,0.00
4080,Draw,0.419,0.434,0.133,0.142,14.00
4081,Runner,0.419,0.434,0.000,0.000,0.00
4082,Pursuer,0.419,0.434,0.149,0.145,0.00
4083,Pursuer,0.419,0.434,0.158,0.102,0.00
4084,Runner,0.419,0.434,0.000,0.000,0.00
4085,Draw,0.419,0.434,0.125,0.147,16.44
4086,Runner,0.419,0.434,0.137,0.198,0.00
4087,Pursuer,0.419,0.434,0.167,0.120,0.00
4088,Runner,0.419,0.434,0.136,0.151,2.80
4089,Runner,0.419,0.434,0.087,0.081,0.00
4090,Pursuer,0.419,0.434,0.135,0.151,0.00
4091,Pursuer,0.419,0.434,0.151,0.143,0.00
4092,Pursuer,0.419,0.435,0.149,0.136,0.00
4093,Pursuer,0.419,0.435,0.086,0.143,0.00
4094,Pursuer,0.418,0.435,0.136,0.145,0.00
4095,Runner,0.419,0.435,0.130,0.146,12.86
4096,Pursuer,0.418,0.435,0.135,0.131,0.00
4097,Pursuer,0.418,0.435,0.152,0.139,0.00
4098,Runner,0.418,0.435,0.138,0.160,0.34
4099,Pursuer,0.418,0.435,0.156,0.111,0.00
4100,Runner,0.419,0.435,0.144,0.151,2.02
4101,Runner,0.419,0.435,0.133,0.103,0.00
4102,Pursuer,0.419,0.435,0.144,0.136,0.00
4103,Runner,0.419,0.435,0.182,0.129,0.00
4104,Pursuer,0.419,0.435,0.150,0.135,0.00
4105,Pursuer,0.419,0.435,0.133,0.137,0.00
4106,Runner,0.419,0.435,0.133,0.150,5.16
4107,Pursuer,0.419,0.435,0.149,0.136,0.00
4108,Runner,0.419,0.435,0.141,0.141,1.66
4109,Runner,0.419,0.435,0.153,0.143,1.66
4110,Runner,0.419,0.435,0.161,0.153,3.24
4111,Runner,0.419,0.435,0.152,0.144,0.84
4112,Pursuer,0.419,0.435,0.115,0.179,0.00
4113,Runner,0.419,0.435,0.164,0.148,1.90
4114,Pursuer,0.419,0.435,0.112,0.134,0.00
4115,Runner,0.419,0.435,0.148,0.136,0.00
4116,Runner,0.419,0.435,0.121,0.149,2.20
4117,Pursuer,0.419,0.435,0.121,0.132,0.00
4118,Pursuer,0.419,0.435,0.096,0.137,0.00
4119,Pursuer,0.419,0.435,0.148,0.138,0.00
4120,Pursuer,0.419,0.435,0.130,0.147,0.00
4121,Runner,0.419,0.435,0.118,0.136,0.00
4122,Runner,0.419,0.435,0.124,0.145,1.76
4123,Runner,0.419,0.435,0.138,0.138,0.00
4124,Pursuer,0.419,0.435,0.150,0.139,0.00
4125,Pursuer,0.419,0.435,0.134,0.150,0.00
4126,Runner,0.419,0.435,0.135,0.129,0.00
4127,Draw,0.419,0.435,0.137,0.153,19.36
4128,Runner,0.419,0.435,0.137,0.150,0.54
4129,Pursuer,0.419,0.435,0.127,0.156,0.00
4130,Pursuer,0.419,0.435,0.133,0.154,0.00
4131,Pursuer,0.419,0.435,0.150,0.145,0.00
4132,Runner,0.419,0.435,0.143,0.134,1.26
4133,Pursuer,0.419,0.435,0.152,0.146,0.00
4134,Pursuer,0.419,0.435,0.157,0.142,0.00
4135,Runner,0.419,0.435,0.133,0.137,0.46
4136,Runner,0.419,0.435,0.130,0.132,0.00
4137,Pursuer,0.419,0.435,0.147,0.141,0.00
4138,Pursuer,0.419,0.435,0.120,0.142,0.00
4139,Runner,0.419,0.435,0.142,0.141,0.00
4140,Runner,0.419,0.435,0.148,0.137,1.32
4141,Pursuer,0.419,0.435,0.148,0.109,0.00
4142,Runner,0.419,0.435,0.000,0.000,0.02
4143,Draw,0.419,0.435,0.143,0.147,15.76
4144,Pursuer,0.419,0.435,0.129,0.126,0.00
4145,Pursuer,0.419,0.435,0.115,0.115,0.00
4146,Pursuer,0.419,0.436,0.161,0.149,0.00
4147,Runner,0.419,0.435,0.163,0.157,0.00
4148,Draw,0.419,0.435,0.138,0.147,17.86
4149,Pursuer,0.419,0.436,0.156,0.140,0.00
4150,Runner,0.419,0.435,0.083,0.112,0.00
4151,Pursuer,0.419,0.436,0.136,0.122,0.00
4152,Pursuer,0.419,0.436,0.143,0.136,0.00
4153,Pursuer,0.419,0.436,0.119,0.118,0.00
4154,Runner,0.419,0.436,0.129,0.148,0.86
4155,Runner,0.419,0.436,0.119,0.148,0.00
4156,Runner,0.419,0.436,0.125,0.168,1.70
4157,Pursuer,0.419,0.436,0.132,0.153,0.00
4158,Runner,0.419,0.436,0.153,0.142,5.86
4159,Pursuer,0.419,0.436,0.092,0.163,0.00
4160,Runner,0.419,0.436,0.165,0.153,1.74
4161,Draw,0.419,0.435,0.138,0.148,19.32
4162,Pursuer,0.419,0.436,0.126,0.138,0.00
4163,Runner,0.419,0.436,0.147,0.148,4.94
4164,Runner,0.419,0.435,0.155,0.148,2.28
4165,Pursuer,0.419,0.436,0.148,0.156,0.00
4166,Pursuer,0.419,0.436,0.146,0.132,0.00
4167,Pursuer,0.419,0.436,0.145,0.150,0.00
4168,Pursuer,0.419,0.436,0.104,0.147,0.00
4169,Runner,0.419,0.436,0.133,0.145,0.30
4170,Runner,0.419,0.436,0.151,0.137,0.00
4171,Runner,0.419,0.436,0.138,0.137,0.00
4172,Pursuer,0.419,0.436,0.121,0.134,0.00
4173,Runner,0.419,0.436,0.171,0.124,0.00
4174,Pursuer,0.419,0.436,0.174,0.101,0.00
4175,Pursuer,0.419,0.436,0.167,0.148,0.00
4176,Pursuer,0.419,0.436,0.162,0.147,0.00
4177,Runner,0.419,0.436,0.132,0.115,1.76
4178,Runner,0.419,0.436,0.104,0.172,0.00
4179,Pursuer,0.419,0.436,0.000,0.000,0.00
4180,Pursuer,0.419,0.436,0.113,0.160,0.00
4181,Runner,0.419,0.436,0.173,0.137,0.00
4182,Pursuer,0.419,0.436,0.138,0.144,0.00
4183,Pursuer,0.419,0.436,0.126,0.127,0.00
4184,Runner,0.419,0.436,0.146,0.137,2.42
4185,Runner,0.419,0.436,0.149,0.125,0.00
4186,Pursuer,0.419,0.436,0.128,0.154,0.00
4187,Pursuer,0.419,0.436,0.159,0.143,0.00
4188,Pursuer,0.419,0.436,0.133,0.128,0.00
4189,Runner,0.419,0.436,0.135,0.156,0.00
4190,Pursuer,0.419,0.437,0.110,0.104,0.00
4191,Pursuer,0.419,0.437,0.117,0.111,0.00
4192,Runner,0.419,0.437,0.145,0.133,0.88
4193,Runner,0.419,0.436,0.157,0.149,0.00
4194,Pursuer,0.419,0.437,0.150,0.117,0.00
4195,Runner,0.419,0.436,0.132,0.146,1.90
4196,Runner,0.419,0.436,0.115,0.145,0.00
4197,Draw,0.419,0.436,0.138,0.133,13.36
4198,Runner,0.419,0.436,0.143,0.146,1.74
4199,Runner,0.420,0.436,0.137,0.141,0.00
4200,Pursuer,0.420,0.436,0.187,0.153,0.00
4201,Runner,0.420,0.436,0.141,0.123,2.76
4202,Pursuer,0.420,0.436,0.142,0.138,0.00
4203,Pursuer,0.419,0.436,0.189,0.172,0.00
4204,Runner,0.420,0.436,0.127,0.124,0.52
4205,Pursuer,0.420,0.436,0.162,0.139,0.00
4206,Runner,0.420,0.436,0.159,0.134,0.00
4207,Pursuer,0.420,0.436,0.203,0.154,0.00
4208,Runner,0.420,0.436,0.165,0.149,0.00
4209,Draw,0.420,0.436,0.142,0.133,7.92
4210,Runner,0.420,0.436,0.158,0.148,0.00
4211,Pursuer,0.420,0.436,0.162,0.119,0.00
4212,Runner,0.420,0.436,0.103,0.102,0.00
4213,Pursuer,0.420,0.436,0.128,0.150,0.00
4214,Pursuer,0.420,0.436,0.000,0.000,0.00
4215,Pursuer,0.419,0.437,0.159,0.146,0.00
4216,Pursuer,0.419,0.437,0.127,0.113,0.00
4217,Pursuer,0.419,0.437,0.135,0.156,0.00
4218,Pursuer,0.419,0.437,0.138,0.168,0.00
4219,Runner,0.419,0.437,0.158,0.123,0.00
4220,Runner,0.419,0.437,0.123,0.152,0.00
4221,Pursuer,0.419,0.437,0.076,0.122,0.00
4222,Draw,0.419,0.437,0.146,0.145,15.40
4223,Runner,0.419,0.437,0.139,0.161,2.12
4224,Runner,0.420,0.437,0.226,0.245,0.00
4225,Runner,0.420,0.436,0.144,0.129,0.00
4226,Runner,0.420,0.436,0.136,0.154,1.52
4227,Runner,0.420,0.436,0.160,0.174,0.00
4228,Runner,0.420,0.436,0.051,0.055,0.10
4229,Pursuer,0.420,0.436,0.159,0.118,0.00
4230,Runner,0.420,0.436,0.135,0.152,0.00
4231,Pursuer,0.420,0.436,0.143,0.128,0.00
4232,Runner,0.420,0.436,0.155,0.135,0.00
4233,Pursuer,0.420,0.436,0.141,0.139,0.00
4234,Pursuer,0.420,0.436,0.140,0.157,0.00
4235,Runner,0.420,0.436,0.157,0.148,6.80
4236,Runner,0.420,0.436,0.108,0.107,0.00
4237,Runner,0.420,0.436,0.143,0.131,0.00
4238,Pursuer,0.420,0.436,0.179,0.141,0.00
4239,Pursuer,0.420,0.436,0.162,0.138,0.00
4240,Pursuer,0.420,0.437,0.120,0.150,0.00
4241,Pursuer,0.420,0.437,0.139,0.139,0.00
4242,Runner,0.420,0.437,0.134,0.148,9.66
4243,Pursuer,0.420,0.437,0.138,0.139,0.00
4244,Pursuer,0.420,0.437,0.140,0.138,0.00
4245,Pursuer,0.420,0.437,0.113,0.152,0.00
4246,Pursuer,0.420,0.437,0.144,0.153,0.00
4247,Pursuer,0.420,0.437,0.134,0.141,0.00
4248,Runner,0.420,0.437,0.153,0.157,5.40
4249,Pursuer,0.420,0.437,0.452,0.936,0.00
4250,Runner,0.420,0.437,0.141,0.130,0.00
4251,Runner,0.420,0.437,0.128,0.109,2.18
4252,Pursuer,0.420,0.437,0.000,0.000,0.00
4253,Runner,0.420,0.437,0.132,0.143,0.00
4254,Runner,0.420,0.437,0.160,0.144,3.70
4255,Pursuer,0.420,0.437,0.136,0.125,0.00
4256,Runner,0.420,0.437,0.137,0.173,0.16
4257,Runner,0.420,0.437,0.137,0.135,0.00
4258,Runner,0.420,0.437,0.191,0.113,0.00
4259,Pursuer,0.420,0.437,0.143,0.120,0.00
4260,Pursuer,0.420,0.437,0.134,0.147,0.00
4261,Runner,0.420,0.437,0.119,0.139,3.54
4262,Pursuer,0.420,0.437,0.159,0.146,0.00
4263,Pursuer,0.420,0.437,0.145,0.137,0.00
4264,Runner,0.420,0.437,0.149,0.157,9.12
4265,Pursuer,0.420,0.437,0.149,0.133,0.00
4266,Pursuer,0.420,0.437,0.141,0.132,0.00
4267,Pursuer,0.420,0.438,0.151,0.146,0.00
4268,Pursuer,0.420,0.438,0.166,0.136,0.00
4269,Runner,0.420,0.438,0.135,0.131,0.62
4270,Runner,0.420,0.437,0.149,0.139,0.00
4271,Pursuer,0.420,0.438,0.141,0.136,0.00
4272,Runner,0.420,0.438,0.143,0.174,0.00
4273,Pursuer,0.420,0.438,0.133,0.148,0.00
4274,Pursuer,0.420,0.438,0.138,0.136,0.00
4275,Draw,0.420,0.438,0.144,0.143,1.68
4276,Pursuer,0.420,0.438,0.150,0.138,0.00
4277,Pursuer,0.420,0.438,0.118,0.150,0.00
4278,Pursuer,0.420,0.438,0.163,0.195,0.00
4279,Runner,0.420,0.438,0.117,0.148,0.00
4280,Pursuer,0.420,0.438,0.165,0.115,0.00
4281,Runner,0.420,0.438,0.149,0.164,0.00
4282,Pursuer,0.420,0.438,0.148,0.178,0.00
4283,Pursuer,0.420,0.438,0.125,0.125,0.00
4284,Runner,0.420,0.438,0.147,0.135,1.30
4285,Runner,0.420,0.438,0.139,0.158,1.02
4286,Pursuer,0.420,0.438,0.128,0.146,0.00
4287,Runner,0.420,0.438,0.135,0.161,0.00
4288,Runner,0.420,0.438,0.141,0.142,0.04
4289,Pursuer,0.420,0.438,0.115,0.161,0.00
4290,Pursuer,0.420,0.438,0.135,0.144,0.00
4291,Pursuer,0.420,0.438,0.155,0.152,0.00
4292,Runner,0.420,0.438,0.151,0.155,0.00
4293,Pursuer,0.420,0.438,0.000,0.000,0.00
4294,Pursuer,0.420,0.439,0.144,0.141,0.00
4295,Runner,0.420,0.438,0.147,0.117,0.00
4296,Pursuer,0.420,0.439,0.113,0.151,0.00
4297,Runner,0.420,0.438,0.157,0.122,0.00
4298,Runner,0.420,0.438,0.153,0.143,0.00
4299,Pursuer,0.420,0.438,0.161,0.142,0.00
4300,Pursuer,0.420,0.439,0.137,0.141,0.00
4301,Runner,0.420,0.439,0.143,0.138,0.92
4302,Runner,0.420,0.438,0.119,0.161,2.00
4303,Pursuer,0.420,0.439,0.154,0.160,0.00
4304,Pursuer,0.420,0.439,0.168,0.147,0.00
4305,Pursuer,0.420,0.439,0.145,0.126,0.00
4306,Runner,0.420,0.439,0.132,0.135,0.00
4307,Pursuer,0.420,0.439,0.146,0.149,0.00
4308,Runner,0.420,0.439,0.154,0.142,0.00
4309,Runner,0.420,0.439,0.131,0.129,0.00
4310,Runner,0.420,0.439,0.068,0.195,0.00
4311,Pursuer,0.420,0.439,0.134,0.167,0.00
4312,Pursuer,0.420,0.439,0.149,0.124,0.00
4313,Pursuer,0.420,0.439,0.107,0.113,0.00
4314,Runner,0.420,0.439,0.122,0.159,0.00
4315,Runner,0.420,0.439,0.118,0.122,1.36
4316,Runner,0.420,0.439,0.152,0.168,1.14
4317,Runner,0.420,0.438,0.161,0.158,3.92
4318,Runner,0.421,0.438,0.158,0.134,1.40
4319,Pursuer,0.420,0.439,0.134,0.131,0.00
4320,Runner,0.421,0.438,0.149,0.143,0.00
4321,Runner,0.421,0.438,0.160,0.152,0.14
4322,Runner,0.421,0.438,0.132,0.144,1.02
4323,Runner,0.421,0.438,0.173,0.172,0.00
4324,Runner,0.421,0.438,0.136,0.149,0.00
4325,Draw,0.421,0.438,0.140,0.148,19.92
4326,Pursuer,0.421,0.438,0.158,0.139,0.00
4327,Pursuer,0.421,0.438,0.165,0.106,0.00
4328,Draw,0.421,0.438,0.143,0.151,19.82
4329,Pursuer,0.421,0.438,0.125,0.153,0.00
4330,Runner,0.421,0.438,0.181,0.189,0.70
4331,Pursuer,0.421,0.438,0.000,0.000,0.00
4332,Pursuer,0.421,0.438,0.147,0.130,0.00
4333,Runner,0.421,0.438,0.155,0.144,0.00
4334,Runner,0.421,0.438,0.165,0.133,1.06
4335,Runner,0.421,0.438,0.131,0.149,2.22
4336,Runner,0.421,0.438,0.172,0.148,3.34
4337,Pursuer,0.421,0.438,0.132,0.152,0.00
4338,Runner,0.421,0.438,0.143,0.139,1.76
4339,Runner,0.421,0.438,0.140,0.141,4.02
4340,Runner,0.421,0.438,0.153,0.164,0.14
4341,Runner,0.422,0.438,0.140,0.144,7.96
4342,Pursuer,0.421,0.438,0.154,0.154,0.00
4343,Pursuer,0.421,0.438,0.157,0.146,0.00
4344,Runner,0.422,0.438,0.129,0.147,2.12
4345,Pursuer,0.421,0.438,0.157,0.167,0.00
4346,Runner,0.422,0.438,0.158,0.134,2.48
4347,Runner,0.422,0.438,0.146,0.145,11.94
4348,Pursuer,0.422,0.438,0.144,0.129,0.00
4349,Pursuer,0.421,0.438,0.122,0.146,0.00
4350,Pursuer,0.421,0.438,0.131,0.156,0.00
4351,Pursuer,0.421,0.438,0.071,0.056,0.00
4352,Draw,0.421,0.438,0.144,0.147,18.34
4353,Runner,0.421,0.438,0.166,0.113,0.00
4354,Runner,0.421,0.438,0.134,0.132,0.00
4355,Draw,0.421,0.438,0.132,0.147,17.10
4356,Runner,0.421,0.438,0.149,0.143,9.96
4357,Pursuer,0.421,0.438,0.126,0.135,0.00
4358,Pursuer,0.421,0.438,0.135,0.111,0.00
4359,Runner,0.421,0.438,0.139,0.138,3.56
4360,Runner,0.422,0.438,0.123,0.166,3.04
4361,Pursuer,0.421,0.438,0.179,0.160,0.00
4362,Pursuer,0.421,0.438,0.119,0.168,0.00
4363,Runner,0.421,0.438,0.000,0.000,0.00
4364,Pursuer,0.421,0.438,0.127,0.127,0.00
4365,Pursuer,0.421,0.438,0.159,0.130,0.00
4366,Pursuer,0.421,0.438,0.151,0.144,0.00
4367,Runner,0.421,0.438,0.236,0.089,0.00
4368,Runner,0.421,0.438,0.147,0.138,0.00
4369,Runner,0.422,0.438,0.101,0.139,0.90
4370,Pursuer,0.422,0.438,0.000,0.000,0.00
4371,Runner,0.422,0.438,0.136,0.139,1.72
4372,Runner,0.422,0.438,0.149,0.132,0.00
4373,Pursuer,0.422,0.438,0.134,0.136,0.00
4374,Pursuer,0.422,0.438,0.126,0.136,0.00
4375,Pursuer,0.421,0.438,0.131,0.144,0.00
4376,Runner,0.422,0.438,0.119,0.158,0.00
4377,Pursuer,0.422,0.438,0.143,0.155,0.00
4378,Pursuer,0.421,0.439,0.259,0.141,0.00
4379,Pursuer,0.421,0.439,0.163,0.140,0.00
4380,Draw,0.421,0.439,0.142,0.152,4.60
4381,Pursuer,0.421,0.439,0.140,0.159,0.00
4382,Runner,0.421,0.439,0.131,0.121,1.62
4383,Pursuer,0.421,0.439,0.141,0.132,0.00
4384,Pursuer,0.421,0.439,0.128,0.153,0.00
4385,Pursuer,0.421,0.439,0.219,0.118,0.00
4386,Runner,0.421,0.439,0.139,0.126,0.08
4387,Pursuer,0.421,0.439,0.162,0.129,0.00
4388,Runner,0.421,0.439,0.129,0.143,6.94
4389,Runner,0.421,0.439,0.121,0.131,0.00
4390,Draw,0.421,0.439,0.148,0.156,17.70
4391,Pursuer,0.421,0.439,0.111,0.160,0.00
4392,Pursuer,0.421,0.439,0.133,0.159,0.00
4393,Pursuer,0.421,0.439,0.130,0.140,0.00
4394,Pursuer,0.421,0.439,0.135,0.129,0.00
4395,Runner,0.421,0.439,0.150,0.136,0.00
4396,Pursuer,0.421,0.439,0.171,0.117,0.00
4397,Pursuer,0.421,0.439,0.140,0.138,0.00
4398,Runner,0.421,0.439,0.131,0.140,0.00
4399,Runner,0.421,0.439,0.204,0.086,0.30
4400,Runner,0.421,0.439,0.118,0.134,0.30
4401,Runner,0.421,0.439,0.124,0.168,0.00
4402,Runner,0.421,0.439,0.140,0.160,0.16
4403,Runner,0.422,0.439,0.141,0.131,4.54
4404,Pursuer,0.421,0.439,0.178,0.126,0.00
4405,Runner,0.422,0.439,0.221,0.032,0.00
4406,Pursuer,0.421,0.439,0.115,0.166,0.00
4407,Runner,0.422,0.439,0.144,0.135,2.68
4408,Runner,0.422,0.439,0.149,0.131,0.24
4409,Pursuer,0.422,0.439,0.108,0.221,0.00
4410,Pursuer,0.422,0.439,0.110,0.133,0.00
4411,Runner,0.422,0.439,0.122,0.150,0.88
4412,Pursuer,0.422,0.439,0.129,0.161,0.00
4413,Runner,0.422,0.439,0.138,0.140,0.04
4414,Runner,0.422,0.439,0.138,0.142,0.00
4415,Pursuer,0.422,0.439,0.137,0.111,0.00
4416,Pursuer,0.422,0.439,0.157,0.127,0.00
4417,Runner,0.422,0.439,0.145,0.122,0.76
4418,Pursuer,0.422,0.439,0.128,0.141,0.00
4419,Pursuer,0.422,0.439,0.129,0.131,0.00
4420,Pursuer,0.421,0.439,0.115,0.161,0.00
4421,Runner,0.422,0.439,0.128,0.145,1.12
4422,Runner,0.422,0.439,0.144,0.148,2.26
4423,Pursuer,0.422,0.439,0.150,0.086,0.00
4424,Runner,0.422,0.439,0.147,0.152,1.96
4425,Pursuer,0.422,0.439,0.175,0.173,0.00
4426,Pursuer,0.422,0.439,0.148,0.141,0.00
4427,Pursuer,0.422,0.440,0.128,0.110,0.00
4428,Pursuer,0.421,0.440,0.146,0.137,0.00
4429,Pursuer,0.421,0.440,0.169,0.160,0.00
4430,Draw,0.421,0.440,0.137,0.151,0.00
4431,Pursuer,0.421,0.440,0.146,0.159,0.00
4432,Pursuer,0.421,0.440,0.143,0.147,0.00
4433,Pursuer,0.421,0.440,0.161,0.133,0.00
4434,Runner,0.421,0.440,0.122,0.138,0.00
4435,Runner,0.421,0.440,0.105,0.123,1.52
4436,Pursuer,0.421,0.440,0.143,0.149,0.00
4437,Runner,0.421,0.440,0.124,0.145,6.74
4438,Pursuer,0.421,0.440,0.000,0.000,0.00
4439,Pursuer,0.421,0.440,0.141,0.158,0.00
4440,Pursuer,0.421,0.440,0.149,0.164,0.00
4441,Pursuer,0.421,0.440,0.138,0.141,0.00
4442,Pursuer,0.421,0.441,0.137,0.137,0.00
4443,Runner,0.421,0.440,0.114,0.163,4.14
4444,Runner,0.421,0.440,0.116,0.145,0.20
4445,Pursuer,0.421,0.440,0.145,0.150,0.00
4446,Runner,0.421,0.440,0.149,0.127,2.84
4447,Pursuer,0.421,0.441,0.148,0.135,0.00
4448,Runner,0.421,0.440,0.148,0.152,1.10
4449,Runner,0.421,0.440,0.164,0.169,3.72
4450,Runner,0.421,0.440,0.127,0.128,0.00
4451,Pursuer,0.421,0.440,0.155,0.137,0.00
4452,Pursuer,0.421,0.440,0.127,0.175,0.00
4453,Pursuer,0.421,0.441,0.130,0.128,0.00
4454,Runner,0.421,0.441,0.125,0.145,0.16
4455,Runner,0.421,0.440,0.136,0.144,4.24
4456,Pursuer,0.421,0.441,0.146,0.137,0.00
4457,Runner,0.421,0.440,0.156,0.141,0.00
4458,Pursuer,0.421,0.441,0.161,0.145,0.00
4459,Pursuer,0.421,0.441,0.119,0.151,0.00
4460,Draw,0.421,0.441,0.128,0.139,14.34
4461,Pursuer,0.421,0.441,0.145,0.135,0.00
4462,Pursuer,0.421,0.441,0.164,0.127,0.00
4463,Pursuer,0.421,0.441,0.153,0.140,0.00
4464,Runner,0.421,0.441,0.146,0.163,2.26
4465,Runner,0.421,0.441,0.130,0.135,0.00
4466,Runner,0.421,0.441,0.141,0.165,1.90
4467,Runner,0.421,0.441,0.150,0.151,1.74
4468,Runner,0.421,0.440,0.147,0.144,4.28
4469,Pursuer,0.421,0.441,0.136,0.147,0.00
4470,Runner,0.421,0.440,0.142,0.156,1.66
4471,Runner,0.422,0.440,0.137,0.131,0.00
4472,Runner,0.422,0.440,0.147,0.135,1.34
4473,Runner,0.422,0.440,0.112,0.132,0.00
4474,Pursuer,0.422,0.440,0.134,0.141,0.00
4475,Pursuer,0.422,0.440,0.128,0.152,0.00
4476,Pursuer,0.422,0.441,0.176,0.121,0.00
4477,Runner,0.422,0.440,0.151,0.127,1.78
4478,Runner,0.422,0.440,0.152,0.148,0.00
4479,Pursuer,0.422,0.441,0.136,0.155,0.00
4480,Runner,0.422,0.440,0.138,0.137,6.38
4481,Pursuer,0.422,0.441,0.141,0.120,0.00
4482,Pursuer,0.422,0.441,0.127,0.154,0.00
4483,Pursuer,0.422,0.441,0.094,0.076,0.00
4484,Pursuer,0.421,0.441,0.131,0.134,0.00
4485,Pursuer,0.421,0.441,0.130,0.146,0.00
4486,Runner,0.422,0.441,0.144,0.125,2.24
4487,Pursuer,0.421,0.441,0.147,0.153,0.00
4488,Runner,0.422,0.441,0.133,0.128,0.00
4489,Pursuer,0.421,0.441,0.149,0.152,0.00
4490,Pursuer,0.421,0.441,0.131,0.117,0.00
4491,Runner,0.422,0.441,0.137,0.138,0.00
4492,Pursuer,0.421,0.441,0.540,0.430,0.00
4493,Runner,0.422,0.441,0.139,0.162,0.00
4494,Pursuer,0.421,0.441,0.113,0.125,0.00
4495,Pursuer,0.421,0.441,0.127,0.156,0.00
4496,Pursuer,0.421,0.442,0.142,0.154,0.00
4497,Runner,0.421,0.441,0.143,0.133,0.00
4498,Runner,0.422,0.441,0.135,0.164,0.00
4499,Draw,0.421,0.441,0.142,0.142,15.64
4500,Runner,0.422,0.441,0.104,0.145,0.00
4501,Runner,0.422,0.441,0.145,0.134,1.96
4502,Runner,0.422,0.441,0.147,0.138,1.96
4503,Runner,0.422,0.441,0.131,0.149,3.44
4504,Pursuer,0.422,0.441,0.638,0.751,0.00
4505,Runner,0.422,0.441,0.147,0.136,1.70
4506,Runner,0.422,0.441,0.159,0.137,0.00
4507,Draw,0.422,0.441,0.142,0.138,19.98
4508,Pursuer,0.422,0.441,0.131,0.155,0.00
4509,Pursuer,0.422,0.441,0.137,0.094,0.00
4510,Pursuer,0.422,0.441,0.141,0.144,0.00
4511,Pursuer,0.422,0.441,0.152,0.135,0.00
4512,Draw,0.422,0.441,0.141,0.154,7.36
4513,Pursuer,0.421,0.441,0.000,0.000,0.00
4514,Pursuer,0.421,0.441,0.134,0.146,0.00
4515,Runner,0.421,0.441,0.126,0.150,0.00
4516,Runner,0.422,0.441,0.149,0.164,0.56
4517,Pursuer,0.422,0.441,0.137,0.150,0.00
4518,Pursuer,0.421,0.441,0.134,0.153,0.00
4519,Pursuer,0.421,0.441,0.123,0.112,0.00
4520,Pursuer,0.421,0.442,0.139,0.137,0.00
4521,Runner,0.421,0.441,0.157,0.142,4.50
4522,Runner,0.421,0.441,0.139,0.140,4.14
4523,Runner,0.422,0.441,0.158,0.135,0.00
4524,Pursuer,0.422,0.441,0.144,0.146,0.00
4525,Pursuer,0.421,0.442,0.093,0.120,0.00
4526,Runner,0.422,0.441,0.155,0.143,0.00
4527,Runner,0.422,0.441,0.142,0.174,1.08
4528,Runner,0.422,0.441,0.149,0.132,3.90
4529,Runner,0.422,0.441,0.129,0.159,1.00
4530,Pursuer,0.422,0.441,0.144,0.173,0.00
4531,Pursuer,0.422,0.441,0.119,0.123,0.00
4532,Runner,0.422,0.441,0.173,0.164,0.84
4533,Runner,0.422,0.441,0.160,0.136,3.98
4534,Pursuer,0.422,0.441,0.125,0.119,0.00
4535,Runner,0.422,0.441,0.141,0.129,5.38
4536,Draw,0.422,0.441,0.140,0.149,15.64
4537,Pursuer,0.422,0.441,0.139,0.173,0.00
4538,Runner,0.422,0.441,0.144,0.129,0.00
4539,Pursuer,0.422,0.441,0.000,0.000,0.00
4540,Runner,0.422,0.441,0.208,0.139,0.00
4541,Pursuer,0.422,0.441,0.135,0.145,0.00
4542,Pursuer,0.422,0.441,0.148,0.138,0.00
4543,Runner,0.422,0.441,0.123,0.141,4.42
4544,Pursuer,0.422,0.441,0.143,0.151,0.00
4545,Runner,0.422,0.441,0.000,0.000,0.02
4546,Runner,0.422,0.441,0.140,0.158,0.00
4547,Pursuer,0.422,0.441,0.136,0.159,0.00
4548,Runner,0.422,0.441,0.134,0.132,7.46
4549,Draw,0.422,0.441,0.132,0.145,17.28
4550,Pursuer,0.422,0.441,0.128,0.139,0.00
4551,Pursuer,0.422,0.441,0.134,0.125,0.00
4552,Runner,0.422,0.441,0.167,0.199,0.00
4553,Pursuer,0.422,0.441,0.171,0.144,0.00
4554,Pursuer,0.422,0.442,0.142,0.118,0.00
4555,Runner,0.422,0.441,0.162,0.129,0.00
4556,Pursuer,0.422,0.442,0.144,0.137,0.00
4557,Runner,0.422,0.442,0.116,0.179,1.06
4558,Pursuer,0.422,0.442,0.133,0.141,0.00
4559,Pursuer,0.422,0.442,0.137,0.131,0.00
4560,Draw,0.422,0.442,0.138,0.141,3.14
4561,Pursuer,0.422,0.442,0.145,0.134,0.00
4562,Runner,0.422,0.442,0.142,0.134,0.64
4563,Runner,0.422,0.442,0.128,0.142,0.82
4564,Runner,0.422,0.441,0.135,0.133,1.58
4565,Runner,0.422,0.441,0.142,0.145,0.00
4566,Pursuer,0.422,0.442,0.152,0.114,0.00
4567,Runner,0.422,0.441,0.133,0.108,1.42
4568,Pursuer,0.422,0.442,0.176,0.141,0.00
4569,Runner,0.422,0.441,0.136,0.144,0.00
4570,Runner,0.422,0.441,0.134,0.161,1.96
4571,Runner,0.422,0.441,0.144,0.130,0.00
4572,Pursuer,0.422,0.441,0.141,0.139,0.00
4573,Runner,0.422,0.441,0.143,0.104,0.00
4574,Runner,0.423,0.441,0.129,0.147,9.44
4575,Runner,0.423,0.441,0.133,0.141,0.00
4576,Pursuer,0.423,0.441,0.187,0.248,0.00
4577,Runner,0.423,0.441,0.114,0.162,0.10
4578,Runner,0.423,0.441,0.155,0.120,0.00
4579,Runner,0.423,0.441,0.155,0.147,0.00
4580,Runner,0.423,0.441,0.110,0.154,0.68
4581,Pursuer,0.423,0.441,0.000,0.000,0.00
4582,Pursuer,0.423,0.441,0.113,0.176,0.00
4583,Runner,0.423,0.441,0.178,0.168,2.18
4584,Runner,0.423,0.441,0.161,0.134,0.00
4585,Pursuer,0.423,0.441,0.152,0.131,0.00
4586,Runner,0.423,0.441,0.145,0.157,0.00
4587,Runner,0.423,0.441,0.102,0.151,0.00
4588,Pursuer,0.423,0.441,0.134,0.075,0.00
4589,Runner,0.423,0.441,0.122,0.131,0.38
4590,Pursuer,0.423,0.441,0.142,0.141,0.00
4591,Pursuer,0.423,0.441,0.144,0.139,0.00
4592,Runner,0.423,0.441,0.131,0.136,0.00
4593,Runner,0.423,0.441,0.146,0.132,0.00
4594,Runner,0.424,0.441,0.158,0.119,1.78
4595,Runner,0.424,0.441,0.209,0.187,0.00
4596,Runner,0.424,0.441,0.160,0.147,0.00
4597,Runner,0.424,0.441,0.150,0.168,0.04
4598,Runner,0.424,0.440,0.147,0.129,0.00
4599,Pursuer,0.424,0.441,0.167,0.106,0.00
4600,Runner,0.424,0.440,0.145,0.144,3.04
4601,Pursuer,0.424,0.441,0.166,0.128,0.00
4602,Runner,0.424,0.440,0.134,0.137,0.90
4603,Runner,0.424,0.440,0.160,0.140,1.02
4604,Runner,0.424,0.440,0.172,0.151,0.00
4605,Runner,0.425,0.440,0.143,0.158,0.70
4606,Runner,0.425,0.440,0.139,0.139,3.02
4607,Runner,0.425,0.440,0.136,0.161,0.00
4608,Runner,0.425,0.440,0.126,0.135,0.00
4609,Draw,0.425,0.440,0.152,0.142,14.94
4610,Pursuer,0.425,0.440,0.201,0.102,0.00
4611,Pursuer,0.425,0.440,0.141,0.127,0.00
4612,Pursuer,0.425,0.440,0.130,0.118,0.00
4613,Runner,0.425,0.440,0.151,0.136,0.00
4614,Pursuer,0.425,0.440,0.143,0.153,0.00
4615,Pursuer,0.424,0.440,0.131,0.117,0.00
4616,Pursuer,0.424,0.440,0.129,0.144,0.00
4617,Pursuer,0.424,0.441,0.129,0.122,0.00
4618,Pursuer,0.424,0.441,0.140,0.141,0.00
4619,Pursuer,0.424,0.441,0.148,0.134,0.00
4620,Runner,0.424,0.441,0.141,0.159,0.00
4621,Runner,0.424,0.441,0.146,0.142,0.38
4622,Pursuer,0.424,0.441,0.139,0.136,0.00
4623,Runner,0.424,0.441,0.144,0.127,0.00
4624,Pursuer,0.424,0.441,0.119,0.171,0.00
4625,Runner,0.424,0.441,0.154,0.146,0.00
4626,Pursuer,0.424,0.441,0.104,0.130,0.00
4627,Pursuer,0.424,0.441,0.146,0.126,0.00
4628,Pursuer,0.424,0.441,0.136,0.173,0.00
4629,Runner,0.424,0.441,0.126,0.140,2.94
4630,Pursuer,0.424,0.441,0.157,0.142,0.00
4631,Runner,0.424,0.441,0.158,0.140,2.70
4632,Pursuer,0.424,0.441,0.146,0.149,0.00
4633,Runner,0.424,0.441,0.153,0.141,0.00
4634,Pursuer,0.424,0.441,0.158,0.176,0.00
4635,Pursuer,0.424,0.441,0.148,0.119,0.00
4636,Pursuer,0.424,0.441,0.115,0.143,0.00
4637,Runner,0.424,0.441,0.137,0.167,4.62
4638,Pursuer,0.424,0.441,0.000,0.000,0.00
4639,Runner,0.424,0.441,0.125,0.148,6.32
4640,Pursuer,0.424,0.441,0.150,0.145,0.00
4641,Runner,0.424,0.441,0.135,0.138,1.76
4642,Pursuer,0.424,0.441,0.110,0.119,0.00
4643,Runner,0.424,0.441,0.128,0.135,3.58
4644,Pursuer,0.424,0.441,0.156,0.138,0.00
4645,Pursuer,0.424,0.442,0.141,0.148,0.00
4646,Pursuer,0.424,0.442,0.098,0.128,0.00
4647,Runner,0.424,0.442,0.141,0.142,0.84
4648,Runner,0.424,0.441,0.136,0.128,4.18
4649,Draw,0.424,0.441,0.143,0.149,19.82
4650,Pursuer,0.424,0.442,0.112,0.132,0.00
4651,Runner,0.424,0.441,0.141,0.167,3.08
4652,Runner,0.424,0.441,0.150,0.141,0.02
4653,Pursuer,0.424,0.441,0.111,0.130,0.00
4654,Runner,0.424,0.441,0.136,0.124,2.02
4655,Pursuer,0.424,0.441,0.167,0.147,0.00
4656,Runner,0.424,0.441,0.151,0.166,0.00
4657,Runner,0.425,0.441,0.136,0.140,1.84
4658,Runner,0.425,0.441,0.149,0.155,0.00
4659,Runner,0.425,0.441,0.153,0.173,0.00
4660,Pursuer,0.425,0.441,0.115,0.154,0.00
4661,Pursuer,0.425,0.441,0.161,0.141,0.00
4662,Pursuer,0.424,0.441,0.133,0.132,0.00
4663,Pursuer,0.424,0.442,0.222,0.177,0.00
4664,Pursuer,0.424,0.442,0.121,0.134,0.00
4665,Pursuer,0.424,0.442,0.126,0.135,0.00
4666,Runner,0.424,0.442,0.132,0.128,3.24
4667,Pursuer,0.424,0.442,0.128,0.149,0.00
4668,Pursuer,0.424,0.442,0.117,0.129,0.00
4669,Runner,0.424,0.442,0.125,0.141,7.12
4670,Runner,0.424,0.442,0.146,0.134,2.86
4671,Pursuer,0.424,0.442,0.139,0.134,0.00
4672,Runner,0.424,0.442,0.131,0.156,0.00
4673,Draw,0.424,0.442,0.144,0.148,5.60
4674,Pursuer,0.424,0.442,0.117,0.167,0.00
4675,Pursuer,0.424,0.442,0.046,0.049,0.00
4676,Pursuer,0.424,0.442,0.146,0.154,0.00
4677,Runner,0.424,0.442,0.158,0.118,0.00
4678,Runner,0.424,0.442,0.109,0.158,0.26
4679,Runner,0.424,0.442,0.102,0.189,0.00
4680,Runner,0.425,0.442,0.144,0.175,0.00
4681,Pursuer,0.424,0.442,0.119,0.131,0.00
4682,Runner,0.425,0.442,0.150,0.124,0.00
4683,Runner,0.425,0.442,0.141,0.135,1.38
4684,Runner,0.425,0.442,0.146,0.132,0.00
4685,Runner,0.425,0.441,0.249,0.212,0.00
4686,Runner,0.425,0.441,0.125,0.146,0.00
4687,Pursuer,0.425,0.441,0.123,0.145,0.00
4688,Pursuer,0.425,0.442,0.104,0.171,0.00
4689,Runner,0.425,0.441,0.164,0.168,0.06
4690,Pursuer,0.425,0.442,0.151,0.094,0.00
4691,Pursuer,0.425,0.442,0.134,0.131,0.00
4692,Runner,0.425,0.442,0.125,0.127,1.98
4693,Runner,0.425,0.442,0.143,0.132,0.00
4694,Runner,0.425,0.441,0.136,0.146,2.30
4695,Pursuer,0.425,0.442,0.000,0.000,0.00
4696,Pursuer,0.425,0.442,0.163,0.158,0.00
4697,Pursuer,0.425,0.442,0.142,0.152,0.00
4698,Pursuer,0.425,0.442,0.156,0.171,0.00
4699,Runner,0.425,0.442,0.136,0.118,0.20
4700,Runner,0.425,0.442,0.118,0.172,0.18
4701,Runner,0.425,0.442,0.139,0.137,1.44
4702,Pursuer,0.425,0.442,0.145,0.129,0.00
4703,Runner,0.425,0.442,0.174,0.131,1.88
4704,Runner,0.425,0.442,0.121,0.145,3.16
4705,Pursuer,0.425,0.442,0.139,0.142,0.00
4706,Draw,0.425,0.442,0.133,0.144,18.02
4707,Runner,0.425,0.441,0.109,0.145,0.00
4708,Pursuer,0.425,0.442,0.000,0.000,0.00
4709,Pursuer,0.425,0.442,0.134,0.123,0.00
4710,Pursuer,0.425,0.442,0.171,0.166,0.00
4711,Pursuer,0.425,0.442,0.183,0.195,0.00
4712,Pursuer,0.425,0.442,0.148,0.124,0.00
4713,Pursuer,0.425,0.442,0.155,0.141,0.00
4714,Runner,0.425,0.442,0.148,0.145,0.00
4715,Pursuer,0.425,0.442,0.125,0.138,0.00
4716,Draw,0.425,0.442,0.142,0.134,6.40
4717,Pursuer,0.425,0.442,0.133,0.150,0.00
4718,Runner,0.425,0.442,0.137,0.148,5.76
4719,Draw,0.425,0.442,0.135,0.134,7.26
4720,Pursuer,0.425,0.442,0.158,0.134,0.00
4721,Pursuer,0.424,0.442,0.140,0.139,0.00
4722,Runner,0.425,0.442,0.153,0.113,1.78
4723,Pursuer,0.425,0.442,0.000,0.000,0.00
4724,Runner,0.425,0.442,0.135,0.134,0.00
4725,Pursuer,0.425,0.442,0.163,0.128,0.00
4726,Pursuer,0.424,0.442,0.164,0.130,0.00
4727,Runner,0.425,0.442,0.135,0.137,3.72
4728,Runner,0.425,0.442,0.109,0.134,6.38
4729,Pursuer,0.425,0.442,0.142,0.141,0.00
4730,Draw,0.425,0.442,0.141,0.150,17.56
4731,Pursuer,0.424,0.442,0.135,0.138,0.00
4732,Runner,0.425,0.442,0.142,0.155,0.00
4733,Runner,0.425,0.442,0.153,0.129,0.92
4734,Pursuer,0.425,0.442,0.125,0.135,0.00
4735,Pursuer,0.424,0.442,0.132,0.181,0.00
4736,Pursuer,0.424,0.443,0.115,0.116,0.00
4737,Pursuer,0.424,0.443,0.206,0.146,0.00
4738,Pursuer,0.424,0.443,0.328,0.108,0.00
4739,Draw,0.424,0.443,0.136,0.147,16.14
4740,Pursuer,0.424,0.443,0.150,0.119,0.00
4741,Runner,0.424,0.443,0.141,0.130,0.00
4742,Pursuer,0.424,0.443,0.156,0.158,0.00
4743,Pursuer,0.424,0.443,0.121,0.115,0.00
4744,Draw,0.424,0.443,0.140,0.158,17.92
4745,Runner,0.424,0.443,0.160,0.206,0.04
4746,Runner,0.424,0.443,0.169,0.235,0.00
4747,Pursuer,0.424,0.443,0.120,0.151,0.00
4748,Runner,0.424,0.443,0.144,0.127,0.62
4749,Runner,0.424,0.443,0.133,0.146,2.24
4750,Runner,0.424,0.443,0.139,0.127,4.48
4751,Runner,0.425,0.442,0.128,0.150,6.22
4752,Pursuer,0.424,0.443,0.191,0.106,0.00
4753,Pursuer,0.424,0.443,0.101,0.140,0.00
4754,Pursuer,0.424,0.443,0.158,0.118,0.00
4755,Pursuer,0.424,0.443,0.132,0.150,0.00
4756,Runner,0.424,0.443,0.118,0.152,2.02
4757,Draw,0.424,0.443,0.138,0.152,14.86
4758,Runner,0.424,0.443,0.132,0.178,0.00
4759,Pursuer,0.424,0.443,0.135,0.136,0.00
4760,Runner,0.424,0.443,0.057,0.131,0.00
4761,Runner,0.424,0.443,0.111,0.155,1.24
4762,Runner,0.425,0.442,0.131,0.149,0.24
4763,Pursuer,0.425,0.443,0.000,0.000,0.00
4764,Runner,0.425,0.442,0.141,0.174,0.00
4765,Pursuer,0.425,0.443,0.144,0.114,0.00
4766,Runner,0.425,0.443,0.135,0.155,2.80
4767,Runner,0.425,0.442,0.125,0.133,0.00
4768,Pursuer,0.425,0.443,0.131,0.144,0.00
4769,Pursuer,0.425,0.443,0.165,0.123,0.00
4770,Runner,0.425,0.443,0.140,0.134,8.10
4771,Runner,0.425,0.442,0.131,0.139,0.00
4772,Pursuer,0.425,0.443,0.000,0.000,0.00
4773,Pursuer,0.425,0.443,0.106,0.135,0.00
4774,Runner,0.425,0.443,0.141,0.116,0.00
4775,Runner,0.425,0.443,0.137,0.125,0.00
4776,Runner,0.425,0.442,0.124,0.139,0.12
4777,Runner,0.425,0.442,0.162,0.160,2.74
4778,Pursuer,0.425,0.442,0.141,0.126,0.00
4779,Pursuer,0.425,0.443,0.143,0.150,0.00
4780,Runner,0.425,0.442,0.123,0.132,0.00
4781,Draw,0.425,0.442,0.153,0.148,15.14
4782,Runner,0.425,0.442,0.159,0.131,0.00
4783,Pursuer,0.425,0.442,0.000,0.000,0.00
4784,Pursuer,0.425,0.443,0.101,0.147,0.00
4785,Pursuer,0.425,0.443,0.123,0.143,0.00
4786,Pursuer,0.425,0.443,0.108,0.173,0.00
4787,Runner,0.425,0.443,0.114,0.114,0.00
4788,Runner,0.425,0.443,0.135,0.129,1.36
4789,Runner,0.425,0.442,0.152,0.163,0.00
4790,Runner,0.425,0.442,0.148,0.171,0.50
4791,Pursuer,0.425,0.442,0.130,0.131,0.00
4792,Pursuer,0.425,0.443,0.089,0.141,0.00
4793,Pursuer,0.425,0.443,0.160,0.129,0.00
4794,Runner,0.425,0.443,0.108,0.163,1.50
4795,Pursuer,0.425,0.443,0.123,0.145,0.00
4796,Pursuer,0.425,0.443,0.131,0.149,0.00
4797,Pursuer,0.425,0.443,0.127,0.151,0.00
4798,Runner,0.425,0.443,0.926,0.382,0.00
4799,Runner,0.425,0.443,0.127,0.124,1.10
4800,Pursuer,0.425,0.443,0.000,0.000,0.00
4801,Runner,0.425,0.443,0.129,0.117,1.12
4802,Pursuer,0.425,0.443,0.133,0.132,0.00
4803,Pursuer,0.425,0.443,0.139,0.140,0.00
4804,Runner,0.425,0.443,0.135,0.140,4.40
4805,Pursuer,0.425,0.443,0.137,0.125,0.00
4806,Pursuer,0.425,0.443,0.139,0.139,0.00
4807,Pursuer,0.425,0.443,0.148,0.101,0.00
4808,Runner,0.425,0.443,0.139,0.165,0.00
4809,Runner,0.425,0.443,0.133,0.153,2.94
4810,Pursuer,0.425,0.443,0.148,0.124,0.00
4811,Pursuer,0.425,0.443,0.090,0.132,0.00
4812,Runner,0.425,0.443,0.164,0.160,0.00
4813,Pursuer,0.425,0.443,0.152,0.145,0.00
4814,Pursuer,0.425,0.443,0.160,0.152,0.00
4815,Pursuer,0.425,0.444,0.274,0.128,0.00
4816,Pursuer,0.425,0.444,0.129,0.172,0.00
4817,Runner,0.425,0.444,0.140,0.158,3.16
4818,Pursuer,0.425,0.444,0.146,0.156,0.00
4819,Draw,0.425,0.444,0.136,0.149,10.04
4820,Pursuer,0.424,0.444,0.155,0.119,0.00
4821,Pursuer,0.424,0.444,0.123,0.155,0.00
4822,Pursuer,0.424,0.444,0.157,0.141,0.00
4823,Runner,0.424,0.444,0.137,0.129,0.00
4824,Runner,0.425,0.444,0.116,0.136,2.14
4825,Runner,0.425,0.444,0.158,0.126,0.52
4826,Pursuer,0.425,0.444,0.146,0.148,0.00
4827,Runner,0.425,0.444,0.141,0.132,0.00
4828,Pursuer,0.425,0.444,0.176,0.110,0.00
4829,Draw,0.425,0.444,0.145,0.143,19.16
4830,Runner,0.425,0.444,0.163,0.134,0.00
4831,Runner,0.425,0.444,0.135,0.143,4.54
4832,Runner,0.425,0.444,0.109,0.101,0.00
4833,Pursuer,0.425,0.444,0.137,0.142,0.00
4834,Runner,0.425,0.444,0.000,0.000,0.00
4835,Pursuer,0.425,0.444,0.133,0.147,0.00
4836,Runner,0.425,0.444,0.145,0.169,0.00
4837,Pursuer,0.425,0.444,0.123,0.141,0.00
4838,Runner,0.425,0.444,0.108,0.125,0.00
4839,Pursuer,0.425,0.444,0.151,0.122,0.00
4840,Runner,0.425,0.444,0.142,0.156,0.00
4841,Runner,0.425,0.444,0.149,0.149,15.92
4842,Pursuer,0.425,0.444,0.128,0.143,0.00
4843,Pursuer,0.425,0.444,0.121,0.152,0.00
4844,Runner,0.425,0.444,0.121,0.133,1.74
4845,Pursuer,0.425,0.444,0.124,0.175,0.00
4846,Pursuer,0.425,0.444,0.130,0.126,0.00
4847,Draw,0.425,0.444,0.129,0.151,17.10
4848,Runner,0.425,0.444,0.166,0.115,0.00
4849,Runner,0.425,0.444,0.157,0.141,1.92
4850,Pursuer,0.425,0.444,0.148,0.124,0.00
4851,Pursuer,0.425,0.444,0.127,0.120,0.00
4852,Pursuer,0.425,0.444,0.134,0.132,0.00
4853,Runner,0.425,0.444,0.128,0.173,0.00
4854,Pursuer,0.425,0.444,0.156,0.143,0.00
4855,Runner,0.425,0.444,0.159,0.117,0.00
4856,Pursuer,0.425,0.444,0.146,0.140,0.00
4857,Runner,0.425,0.444,0.130,0.162,3.32
4858,Pursuer,0.425,0.444,0.144,0.144,0.00
4859,Draw,0.425,0.444,0.134,0.141,18.72
4860,Draw,0.425,0.444,0.126,0.147,17.24
4861,Pursuer,0.425,0.444,0.134,0.166,0.00
4862,Pursuer,0.425,0.444,0.135,0.125,0.00
4863,Runner,0.425,0.444,0.125,0.136,0.00
4864,Pursuer,0.425,0.444,0.132,0.122,0.00
4865,Runner,0.425,0.444,0.137,0.144,3.70
4866,Runner,0.425,0.444,0.261,0.166,0.00
4867,Runner,0.425,0.444,0.131,0.145,11.06
4868,Runner,0.425,0.444,0.143,0.148,0.62
4869,Runner,0.425,0.444,0.152,0.146,5.56
4870,Pursuer,0.425,0.444,0.179,0.128,0.00
4871,Runner,0.425,0.444,0.146,0.168,1.46
4872,Pursuer,0.425,0.444,0.126,0.148,0.00
4873,Pursuer,0.425,0.444,0.093,0.162,0.00
4874,Runner,0.425,0.444,0.133,0.179,0.68
4875,Runner,0.425,0.444,0.129,0.126,0.20
4876,Pursuer,0.425,0.444,0.057,0.097,0.00
4877,Pursuer,0.425,0.444,0.155,0.132,0.00
4878,Pursuer,0.425,0.444,0.150,0.136,0.00
4879,Runner,0.425,0.444,0.138,0.144,1.46
4880,Runner,0.425,0.444,0.159,0.137,1.22
4881,Pursuer,0.425,0.444,0.128,0.152,0.00
4882,Runner,0.425,0.444,0.153,0.149,0.04
4883,Pursuer,0.425,0.444,0.154,0.118,0.00
4884,Runner,0.425,0.444,0.147,0.126,0.00
4885,Pursuer,0.425,0.444,0.000,0.000,0.00
4886,Pursuer,0.425,0.444,0.143,0.089,0.00
4887,Draw,0.425,0.444,0.141,0.119,0.00
4888,Pursuer,0.425,0.444,0.133,0.153,0.00
4889,Pursuer,0.425,0.444,0.159,0.133,0.00
4890,Pursuer,0.425,0.444,0.131,0.138,0.00
4891,Pursuer,0.425,0.444,0.135,0.157,0.00
4892,Runner,0.425,0.444,0.142,0.163,2.34
4893,Runner,0.425,0.444,0.139,0.126,0.00
4894,Runner,0.425,0.444,0.166,0.126,2.68
4895,Runner,0.425,0.444,0.148,0.154,0.00
4896,Pursuer,0.425,0.444,0.136,0.173,0.00
4897,Runner,0.425,0.444,0.157,0.125,0.00
4898,Pursuer,0.425,0.444,0.138,0.172,0.00
4899,Pursuer,0.425,0.444,0.121,0.154,0.00
4900,Runner,0.425,0.444,0.133,0.162,3.62
4901,Runner,0.425,0.444,0.226,0.185,0.72
4902,Runner,0.425,0.444,0.121,0.155,0.00
4903,Pursuer,0.425,0.444,0.162,0.133,0.00
4904,Pursuer,0.425,0.444,0.258,0.045,0.00
4905,Runner,0.425,0.444,0.100,0.124,0.00
4906,Runner,0.425,0.444,0.128,0.155,1.00
4907,Pursuer,0.425,0.444,0.154,0.137,0.00
4908,Pursuer,0.425,0.444,0.133,0.130,0.00
4909,Pursuer,0.425,0.444,0.124,0.147,0.00
4910,Draw,0.425,0.444,0.147,0.149,15.76
4911,Draw,0.425,0.444,0.148,0.144,0.00
4912,Pursuer,0.425,0.444,0.148,0.150,0.00
4913,Pursuer,0.425,0.445,0.121,0.126,0.00
4914,Runner,0.425,0.444,0.147,0.152,0.00
4915,Runner,0.425,0.444,0.130,0.149,0.00
4916,Runner,0.425,0.444,0.087,0.095,0.00
4917,Pursuer,0.425,0.444,0.150,0.164,0.00
4918,Runner,0.425,0.444,0.142,0.124,0.00
4919,Runner,0.425,0.444,0.134,0.130,1.94
4920,Pursuer,0.425,0.444,0.139,0.133,0.00
4921,Pursuer,0.425,0.444,0.128,0.167,0.00
4922,Runner,0.425,0.444,0.128,0.146,0.00
4923,Pursuer,0.425,0.444,0.155,0.128,0.00
4924,Pursuer,0.425,0.445,0.139,0.134,0.00
4925,Runner,0.425,0.444,0.140,0.134,1.66
4926,Pursuer,0.425,0.445,0.133,0.134,0.00
4927,Pursuer,0.425,0.445,0.140,0.117,0.00
4928,Pursuer,0.425,0.445,0.145,0.157,0.00
4929,Pursuer,0.425,0.445,0.099,0.105,0.00
4930,Pursuer,0.425,0.445,0.118,0.122,0.00
4931,Pursuer,0.425,0.445,0.149,0.175,0.00
4932,Runner,0.425,0.445,0.134,0.122,0.00
4933,Pursuer,0.425,0.445,0.194,0.673,0.00
4934,Pursuer,0.425,0.445,0.119,0.102,0.00
4935,Pursuer,0.425,0.445,0.143,0.137,0.00
4936,Runner,0.425,0.445,0.134,0.132,0.00
4937,Pursuer,0.425,0.445,0.193,0.127,0.00
4938,Runner,0.425,0.445,0.133,0.136,0.00
4939,Pursuer,0.425,0.445,0.139,0.088,0.00
4940,Runner,0.425,0.445,0.140,0.151,1.16
4941,Pursuer,0.425,0.445,0.123,0.141,0.00
4942,Runner,0.425,0.445,0.156,0.136,0.38
4943,Runner,0.425,0.445,0.123,0.135,0.00
4944,Runner,0.425,0.445,0.154,0.160,1.28
4945,Runner,0.425,0.445,0.133,0.111,0.92
4946,Pursuer,0.425,0.445,0.151,0.141,0.00
4947,Pursuer,0.425,0.445,0.161,0.148,0.00
4948,Runner,0.425,0.445,0.113,0.141,0.00
4949,Pursuer,0.425,0.445,0.123,0.165,0.00
4950,Pursuer,0.425,0.445,0.114,0.131,0.00
4951,Runner,0.425,0.445,0.135,0.117,2.38
4952,Runner,0.425,0.445,0.065,0.176,0.00
4953,Runner,0.425,0.445,0.141,0.140,3.26
4954,Pursuer,0.425,0.445,0.172,0.154,0.00
4955,Runner,0.425,0.445,0.147,0.148,5.64
4956,Pursuer,0.425,0.445,0.160,0.120,0.00
4957,Pursuer,0.425,0.445,0.120,0.160,0.00
4958,Runner,0.425,0.445,0.133,0.132,0.00
4959,Pursuer,0.425,0.445,0.162,0.148,0.00
4960,Runner,0.425,0.445,0.147,0.146,0.00
4961,Runner,0.425,0.445,0.142,0.137,0.00
4962,Runner,0.425,0.445,0.100,0.121,0.00
4963,Runner,0.426,0.445,0.143,0.163,0.52
4964,Runner,0.426,0.445,0.158,0.154,0.00
4965,Pursuer,0.426,0.445,0.120,0.147,0.00
4966,Runner,0.426,0.445,0.156,0.194,1.06
4967,Pursuer,0.426,0.445,0.138,0.149,0.00
4968,Pursuer,0.426,0.445,0.134,0.139,0.00
4969,Pursuer,0.425,0.445,0.127,0.155,0.00
4970,Pursuer,0.425,0.445,0.137,0.133,0.00
4971,Runner,0.425,0.445,0.141,0.129,1.14
4972,Runner,0.426,0.445,0.121,0.106,0.00
4973,Runner,0.426,0.445,0.138,0.140,0.00
4974,Runner,0.426,0.445,0.134,0.144,0.00
4975,Pursuer,0.426,0.445,0.137,0.125,0.00
4976,Runner,0.426,0.445,0.144,0.092,0.00
4977,Pursuer,0.426,0.445,0.144,0.128,0.00
4978,Pursuer,0.426,0.445,0.109,0.160,0.00
4979,Runner,0.426,0.445,0.135,0.145,0.50
4980,Runner,0.426,0.445,0.116,0.130,0.00
4981,Pursuer,0.426,0.445,0.148,0.149,0.00
4982,Pursuer,0.426,0.445,0.146,0.138,0.00
4983,Pursuer,0.426,0.446,0.113,0.191,0.00
4984,Runner,0.426,0.445,0.119,0.124,0.24
4985,Pursuer,0.426,0.446,0.010,0.086,0.00
4986,Pursuer,0.426,0.446,0.150,0.129,0.00
4987,Runner,0.426,0.446,0.140,0.159,0.96
4988,Runner,0.426,0.445,0.121,0.145,1.88
4989,Pursuer,0.426,0.446,0.140,0.113,0.00
4990,Runner,0.426,0.445,0.120,0.105,0.20
4991,Pursuer,0.426,0.446,0.127,0.157,0.00
4992,Runner,0.426,0.446,0.127,0.153,3.52
4993,Pursuer,0.426,0.446,0.126,0.147,0.00
4994,Draw,0.426,0.446,0.142,0.145,19.98
4995,Runner,0.426,0.445,0.160,0.133,0.00
4996,Runner,0.426,0.445,0.155,0.147,0.80
4997,Pursuer,0.426,0.445,0.132,0.159,0.00
4998,Runner,0.426,0.445,0.140,0.132,1.48
4999,Runner,0.426,0.445,0.149,0.137,0.00
5000,Runner,0.426,0.445,0.162,0.156,0.00
5001,Runner,0.426,0.445,0.124,0.157,0.00
5002,Runner,0.426,0.445,0.150,0.152,0.00
5003,Runner,0.427,0.445,0.146,0.133,0.00
5004,Draw,0.426,0.445,0.151,0.144,7.80
5005,Pursuer,0.426,0.445,0.133,0.137,0.00
5006,Draw,0.426,0.445,0.134,0.143,15.64
5007,Pursuer,0.426,0.445,0.131,0.142,0.00
5008,Runner,0.426,0.445,0.130,0.149,2.06
5009,Runner,0.426,0.445,0.145,0.108,0.00
5010,Pursuer,0.426,0.445,0.137,0.147,0.00
5011,Runner,0.426,0.445,0.113,0.116,0.88
5012,Runner,0.427,0.445,0.132,0.160,1.54
5013,Runner,0.427,0.445,0.127,0.118,0.84
5014,Runner,0.427,0.445,0.142,0.144,1.10
5015,Pursuer,0.427,0.445,0.811,1.196,0.00
5016,Runner,0.427,0.445,0.180,0.172,0.00
5017,Pursuer,0.427,0.445,0.147,0.155,0.00
5018,Pursuer,0.427,0.445,0.151,0.135,0.00
5019,Pursuer,0.427,0.445,0.134,0.151,0.00
5020,Draw,0.426,0.445,0.141,0.131,15.86
5021,Pursuer,0.426,0.445,0.000,0.000,0.00
5022,Runner,0.427,0.445,0.181,0.155,1.14
5023,Runner,0.427,0.445,0.135,0.146,3.78
5024,Runner,0.427,0.445,0.149,0.137,0.00
5025,Pursuer,0.427,0.445,0.128,0.127,0.00
5026,Runner,0.427,0.445,0.147,0.139,0.00
5027,Pursuer,0.427,0.445,0.162,0.149,0.00
5028,Runner,0.427,0.445,0.134,0.144,6.52
5029,Runner,0.427,0.445,0.174,0.225,0.22
5030,Runner,0.427,0.445,0.137,0.103,0.04
5031,Pursuer,0.427,0.445,0.000,0.000,0.00
5032,Runner,0.427,0.445,0.133,0.108,0.64
5033,Pursuer,0.427,0.445,0.137,0.142,0.00
5034,Pursuer,0.427,0.445,0.133,0.146,0.00
5035,Runner,0.427,0.445,0.146,0.131,0.00
5036,Runner,0.427,0.445,0.122,0.130,0.00
5037,Pursuer,0.427,0.445,0.163,0.105,0.00
5038,Runner,0.427,0.445,0.130,0.139,0.00
5039,Runner,0.427,0.445,0.188,0.131,0.00
5040,Pursuer,0.427,0.445,0.122,0.145,0.00
5041,Runner,0.427,0.445,0.127,0.126,0.00
5042,Pursuer,0.427,0.445,0.000,0.000,0.00
5043,Pursuer,0.427,0.445,0.137,0.137,0.00
5044,Pursuer,0.427,0.445,0.157,0.149,0.00
5045,Pursuer,0.427,0.445,0.137,0.144,0.00
5046,Runner,0.427,0.445,0.141,0.142,2.90
5047,Pursuer,0.427,0.445,0.154,0.170,0.00
5048,Pursuer,0.427,0.445,0.132,0.126,0.00
5049,Pursuer,0.427,0.445,0.091,0.124,0.00
5050,Runner,0.427,0.445,0.111,0.134,0.00
5051,Runner,0.427,0.445,0.138,0.130,0.00
5052,Pursuer,0.427,0.445,0.145,0.126,0.00
5053,Runner,0.427,0.445,0.144,0.146,0.00
5054,Pursuer,0.427,0.445,0.136,0.158,0.00
5055,Pursuer,0.427,0.445,0.123,0.153,0.00
5056,Pursuer,0.427,0.445,0.136,0.129,0.00
5057,Pursuer,0.427,0.446,0.137,0.129,0.00
5058,Runner,0.427,0.445,0.138,0.128,0.00
5059,Runner,0.427,0.445,0.129,0.173,0.54
5060,Runner,0.427,0.445,0.133,0.157,0.00
5061,Pursuer,0.427,0.445,0.140,0.133,0.00
5062,Pursuer,0.427,0.445,0.144,0.135,0.00
5063,Pursuer,0.427,0.446,0.152,0.133,0.00
5064,Runner,0.427,0.445,0.136,0.141,0.00
5065,Runner,0.427,0.445,0.132,0.140,0.24
5066,Runner,0.427,0.445,0.145,0.129,0.88
5067,Runner,0.427,0.445,0.134,0.135,2.70
5068,Pursuer,0.427,0.445,0.132,0.113,0.00
5069,Draw,0.427,0.445,0.138,0.141,19.98
5070,Runner,0.427,0.445,0.169,0.154,1.06
5071,Pursuer,0.427,0.445,0.136,0.146,0.00
5072,Runner,0.427,0.445,0.096,0.128,0.00
5073,Pursuer,0.427,0.445,0.133,0.126,0.00
5074,Pursuer,0.427,0.445,0.135,0.109,0.00
5075,Runner,0.427,0.445,0.154,0.173,0.00
5076,Runner,0.427,0.445,0.110,0.167,0.00
5077,Pursuer,0.427,0.445,0.126,0.127,0.00
5078,Pursuer,0.427,0.445,0.194,0.141,0.00
5079,Pursuer,0.427,0.446,0.134,0.147,0.00
5080,Runner,0.427,0.445,0.141,0.118,1.30
5081,Pursuer,0.427,0.446,0.149,0.112,0.00
5082,Runner,0.427,0.445,0.149,0.115,1.12
5083,Pursuer,0.427,0.446,0.133,0.138,0.00
5084,Runner,0.427,0.446,0.134,0.129,1.98
5085,Draw,0.427,0.445,0.132,0.151,18.26
5086,Runner,0.427,0.445,0.000,0.000,0.00
5087,Runner,0.427,0.445,0.157,0.147,2.12
5088,Runner,0.427,0.445,0.122,0.124,2.38
5089,Runner,0.428,0.445,0.117,0.152,1.92
5090,Pursuer,0.428,0.445,0.168,0.122,0.00
5091,Runner,0.428,0.445,0.112,0.120,0.00
5092,Draw,0.428,0.445,0.153,0.151,19.98
5093,Runner,0.428,0.445,0.135,0.116,0.22
5094,Runner,0.428,0.445,0.141,0.142,7.26
5095,Draw,0.428,0.445,0.142,0.147,19.02
5096,Runner,0.428,0.445,0.000,0.000,0.00
5097,Runner,0.428,0.445,0.125,0.159,0.00
5098,Runner,0.428,0.444,0.140,0.149,0.44
5099,Pursuer,0.428,0.445,0.152,0.132,0.00
5100,Runner,0.428,0.445,0.133,0.141,0.00
5101,Runner,0.428,0.444,0.165,0.106,1.84
5102,Runner,0.428,0.444,0.133,0.144,5.44
5103,Runner,0.428,0.444,0.138,0.131,0.00
5104,Pursuer,0.428,0.444,0.140,0.110,0.00
5105,Pursuer,0.428,0.444,0.145,0.141,0.00
5106,Pursuer,0.428,0.445,0.192,0.166,0.00
5107,Runner,0.428,0.444,0.121,0.167,1.72
5108,Pursuer,0.428,0.445,0.166,0.134,0.00
5109,Pursuer,0.428,0.445,0.148,0.146,0.00
5110,Runner,0.428,0.445,0.137,0.132,2.80
5111,Runner,0.428,0.445,0.135,0.128,0.00
5112,Pursuer,0.428,0.445,0.154,0.147,0.00
5113,Pursuer,0.428,0.445,0.157,0.128,0.00
5114,Pursuer,0.428,0.445,0.137,0.158,0.00
5115,Runner,0.428,0.445,0.130,0.111,0.00
5116,Draw,0.428,0.445,0.141,0.137,0.00
5117,Runner,0.428,0.445,0.113,0.124,2.12
5118,Pursuer,0.428,0.445,0.150,0.136,0.00
5119,Pursuer,0.428,0.445,0.121,0.116,0.00
5120,Runner,0.428,0.445,0.155,0.119,1.84
5121,Pursuer,0.428,0.445,0.125,0.158,0.00
5122,Pursuer,0.428,0.445,0.162,0.181,0.00
5123,Pursuer,0.428,0.445,0.153,0.103,0.00
5124,Pursuer,0.428,0.445,0.126,0.112,0.00
5125,Pursuer,0.428,0.445,0.184,0.148,0.00
5126,Runner,0.428,0.445,0.133,0.160,0.00
5127,Draw,0.428,0.445,0.134,0.142,0.00
5128,Pursuer,0.428,0.445,0.157,0.156,0.00
5129,Runner,0.428,0.445,0.157,0.126,1.60
5130,Pursuer,0.428,0.445,0.139,0.135,0.00
5131,Runner,0.428,0.445,0.141,0.126,0.00
5132,Pursuer,0.428,0.445,0.135,0.150,0.00
5133,Runner,0.428,0.445,0.137,0.149,2.20
5134,Runner,0.428,0.445,0.131,0.140,0.50
5135,Pursuer,0.428,0.445,0.145,0.151,0.00
5136,Pursuer,0.428,0.445,0.124,0.156,0.00
5137,Pursuer,0.428,0.445,0.292,0.190,0.00
5138,Draw,0.428,0.445,0.136,0.152,19.14
5139,Runner,0.428,0.445,0.149,0.097,0.00
5140,Pursuer,0.428,0.445,0.161,0.143,0.00
5141,Pursuer,0.428,0.445,0.154,0.141,0.00
5142,Draw,0.427,0.445,0.145,0.150,0.00
5143,Runner,0.428,0.445,0.149,0.137,0.76
5144,Runner,0.428,0.445,0.141,0.124,0.00
5145,Pursuer,0.428,0.445,0.154,0.140,0.00
5146,Pursuer,0.428,0.445,0.123,0.054,0.00
5147,Pursuer,0.427,0.446,0.183,0.186,0.00
5148,Pursuer,0.427,0.446,0.145,0.161,0.00
5149,Pursuer,0.427,0.446,0.128,0.116,0.00
5150,Runner,0.427,0.446,0.114,0.131,3.88
5151,Pursuer,0.427,0.446,0.240,0.201,0.00
5152,Pursuer,0.427,0.446,0.141,0.142,0.00
5153,Pursuer,0.427,0.446,0.152,0.151,0.00
5154,Pursuer,0.427,0.446,0.155,0.146,0.00
5155,Pursuer,0.427,0.446,0.104,0.175,0.00
5156,Runner,0.427,0.446,0.142,0.120,1.24
5157,Pursuer,0.427,0.446,0.159,0.162,0.00
5158,Runner,0.427,0.446,0.151,0.154,0.20
5159,Runner,0.427,0.446,0.137,0.137,0.00
5160,Runner,0.427,0.446,0.148,0.158,0.00
5161,Pursuer,0.427,0.446,0.164,0.148,0.00
5162,Pursuer,0.427,0.446,0.168,0.153,0.00
5163,Runner,0.427,0.446,0.135,0.119,1.00
5164,Runner,0.427,0.446,0.139,0.135,2.54
5165,Draw,0.427,0.446,0.144,0.147,0.00
5166,Pursuer,0.427,0.446,0.139,0.126,0.00
5167,Runner,0.427,0.446,0.146,0.157,2.24
5168,Pursuer,0.427,0.446,0.122,0.130,0.00
5169,Pursuer,0.427,0.446,0.162,0.117,0.00
5170,Pursuer,0.427,0.446,0.149,0.165,0.00
5171,Runner,0.427,0.446,0.140,0.140,0.74
5172,Runner,0.427,0.446,0.132,0.150,0.00
5173,Pursuer,0.427,0.446,0.148,0.144,0.00
5174,Pursuer,0.427,0.446,0.141,0.135,0.00
5175,Pursuer,0.427,0.446,0.133,0.131,0.00
5176,Runner,0.427,0.446,0.150,0.134,3.34
5177,Draw,0.427,0.446,0.138,0.146,11.98
5178,Runner,0.427,0.446,0.141,0.148,0.70
5179,Pursuer,0.427,0.446,0.133,0.145,0.00
5180,Pursuer,0.427,0.446,0.118,0.126,0.00
5181,Pursuer,0.427,0.446,0.133,0.140,0.00
5182,Pursuer,0.427,0.447,0.120,0.129,0.00
5183,Runner,0.427,0.446,0.132,0.151,0.00
5184,Runner,0.427,0.446,0.132,0.177,3.36
5185,Runner,0.427,0.446,0.134,0.150,2.84
5186,Pursuer,0.427,0.446,0.130,0.154,0.00
5187,Pursuer,0.427,0.447,0.131,0.137,0.00
5188,Pursuer,0.427,0.447,0.159,0.141,0.00
5189,Runner,0.427,0.447,0.135,0.129,3.38
5190,Pursuer,0.427,0.447,0.131,0.120,0.00
5191,Runner,0.427,0.447,0.120,0.130,2.32
5192,Runner,0.427,0.446,0.133,0.141,4.22
5193,Pursuer,0.427,0.447,0.139,0.142,0.00
5194,Pursuer,0.427,0.447,0.132,0.125,0.00
5195,Runner,0.427,0.447,0.130,0.109,0.00
5196,Pursuer,0.427,0.447,0.115,0.132,0.00
5197,Runner,0.427,0.447,0.131,0.124,1.74
5198,Runner,0.427,0.447,0.140,0.136,10.98
5199,Pursuer,0.427,0.447,0.141,0.153,0.00
5200,Runner,0.427,0.447,0.132,0.155,3.24
5201,Pursuer,0.427,0.447,0.000,0.000,0.00
5202,Pursuer,0.427,0.447,0.092,0.150,0.00
5203,Runner,0.427,0.447,0.170,0.155,0.00
5204,Pursuer,0.427,0.447,0.126,0.141,0.00
5205,Runner,0.427,0.447,0.154,0.130,0.00
5206,Runner,0.427,0.447,0.138,0.123,0.00
5207,Runner,0.428,0.447,0.122,0.140,0.62
5208,Runner,0.428,0.446,0.142,0.131,3.40
5209,Draw,0.428,0.446,0.136,0.136,15.28
5210,Pursuer,0.427,0.446,0.123,0.118,0.00
5211,Pursuer,0.427,0.447,0.139,0.144,0.00
5212,Pursuer,0.427,0.447,0.104,0.149,0.00
5213,Runner,0.427,0.447,0.112,0.134,1.64
5214,Pursuer,0.427,0.447,0.000,0.000,0.00
5215,Pursuer,0.427,0.447,0.134,0.158,0.00
5216,Runner,0.427,0.447,0.137,0.156,0.00
5217,Pursuer,0.427,0.447,0.135,0.136,0.00
5218,Runner,0.427,0.447,0.122,0.141,0.00
5219,Pursuer,0.427,0.447,0.149,0.159,0.00
5220,Draw,0.427,0.447,0.140,0.138,17.14
5221,Pursuer,0.427,0.447,0.116,0.146,0.00
5222,Runner,0.427,0.447,0.149,0.161,4.20
5223,Pursuer,0.427,0.447,0.140,0.130,0.00
5224,Pursuer,0.427,0.447,0.128,0.119,0.00
5225,Draw,0.427,0.447,0.141,0.128,0.00
5226,Pursuer,0.427,0.447,0.120,0.127,0.00
5227,Pursuer,0.427,0.447,0.138,0.145,0.00
5228,Runner,0.427,0.447,0.137,0.122,0.00
5229,Pursuer,0.427,0.447,0.137,0.146,0.00
5230,Runner,0.427,0.447,0.142,0.115,0.00
5231,Pursuer,0.427,0.447,0.125,0.099,0.00
5232,Pursuer,0.427,0.447,0.141,0.133,0.00
5233,Pursuer,0.427,0.447,0.088,0.176,0.00
5234,Runner,0.427,0.447,0.085,0.131,0.00
5235,Pursuer,0.427,0.447,0.151,0.140,0.00
5236,Runner,0.427,0.447,0.119,0.122,0.00
5237,Runner,0.427,0.447,0.151,0.144,0.00
5238,Runner,0.427,0.447,0.154,0.133,3.88
5239,Pursuer,0.427,0.447,0.122,0.132,0.00
5240,Pursuer,0.427,0.447,0.156,0.127,0.00
5241,Runner,0.427,0.447,0.137,0.124,0.00
5242,Draw,0.427,0.447,0.138,0.151,16.94
5243,Runner,0.427,0.447,0.142,0.157,0.22
5244,Pursuer,0.427,0.447,0.150,0.143,0.00
5245,Runner,0.427,0.447,0.131,0.145,0.92
5246,Runner,0.427,0.447,0.122,0.149,0.00
5247,Runner,0.427,0.447,0.154,0.139,0.00
5248,Pursuer,0.427,0.447,0.143,0.150,0.00
5249,Pursuer,0.427,0.447,0.096,0.173,0.00
5250,Pursuer,0.427,0.447,0.136,0.125,0.00
5251,Pursuer,0.427,0.447,0.120,0.102,0.00
5252,Pursuer,0.427,0.447,0.125,0.101,0.00
5253,Pursuer,0.427,0.448,0.142,0.125,0.00
5254,Pursuer,0.427,0.448,0.110,0.245,0.00
5255,Runner,0.427,0.448,0.124,0.131,0.00
5256,Runner,0.427,0.447,0.113,0.136,0.00
5257,Pursuer,0.427,0.448,0.129,0.131,0.00
5258,Draw,0.427,0.448,0.142,0.152,9.68
5259,Pursuer,0.427,0.448,0.117,0.207,0.00
5260,Draw,0.427,0.448,0.140,0.145,16.68
5261,Pursuer,0.427,0.448,0.145,0.138,0.00
5262,Runner,0.427,0.448,0.133,0.166,0.00
5263,Runner,0.427,0.447,0.104,0.133,0.00
5264,Pursuer,0.427,0.448,0.137,0.145,0.00
5265,Pursuer,0.427,0.448,0.097,0.183,0.00
5266,Runner,0.427,0.448,0.133,0.105,0.00
5267,Pursuer,0.427,0.448,0.112,0.156,0.00
5268,Runner,0.427,0.448,0.146,0.097,0.00
5269,Runner,0.427,0.448,0.136,0.203,0.00
5270,Runner,0.427,0.447,0.130,0.151,10.16
5271,Runner,0.427,0.447,0.165,0.147,0.92
5272,Runner,0.427,0.447,0.143,0.131,0.00
5273,Pursuer,0.427,0.447,0.144,0.144,0.00
5274,Pursuer,0.427,0.447,0.222,0.079,0.00
5275,Pursuer,0.427,0.448,0.130,0.131,0.00
5276,Runner,0.427,0.447,0.134,0.145,3.20
5277,Runner,0.427,0.447,0.123,0.115,1.60
5278,Pursuer,0.427,0.448,0.148,0.140,0.00
5279,Runner,0.427,0.447,0.131,0.134,1.68
5280,Pursuer,0.427,0.448,0.142,0.129,0.00
5281,Pursuer,0.427,0.448,0.187,0.175,0.00
5282,Runner,0.427,0.448,0.169,0.146,2.06
5283,Pursuer,0.427,0.448,0.145,0.106,0.00
5284,Pursuer,0.427,0.448,0.130,0.147,0.00
5285,Pursuer,0.427,0.448,0.151,0.165,0.00
5286,Pursuer,0.427,0.448,0.109,0.135,0.00
5287,Runner,0.427,0.448,0.162,0.153,0.54
5288,Pursuer,0.427,0.448,0.101,0.147,0.00
5289,Runner,0.427,0.448,0.094,0.124,0.00
5290,Pursuer,0.427,0.448,0.000,0.000,0.00
5291,Pursuer,0.427,0.448,0.151,0.113,0.00
5292,Runner,0.427,0.448,0.169,0.107,0.78
5293,Pursuer,0.427,0.448,0.128,0.152,0.00
5294,Runner,0.427,0.448,0.151,0.171,0.00
5295,Runner,0.427,0.448,0.137,0.135,0.00
5296,Runner,0.427,0.448,0.127,0.140,0.40
5297,Pursuer,0.427,0.448,0.080,0.067,0.00
5298,Pursuer,0.427,0.448,0.143,0.150,0.00
5299,Runner,0.427,0.448,0.136,0.136,0.00
5300,Pursuer,0.427,0.448,0.000,0.000,0.00
5301,Pursuer,0.427,0.448,0.154,0.145,0.00
5302,Draw,0.427,0.448,0.141,0.137,14.68
5303,Runner,0.427,0.448,0.148,0.133,2.64
5304,Pursuer,0.427,0.448,0.177,0.140,0.00
5305,Pursuer,0.427,0.448,0.116,0.244,0.00
5306,Pursuer,0.427,0.448,0.157,0.126,0.00
5307,Pursuer,0.427,0.448,0.141,0.146,0.00
5308,Pursuer,0.427,0.449,0.116,0.143,0.00
5309,Runner,0.427,0.448,0.149,0.134,3.02
5310,Runner,0.427,0.448,0.156,0.140,1.42
5311,Pursuer,0.427,0.449,0.138,0.144,0.00
5312,Pursuer,0.427,0.449,0.130,0.154,0.00
5313,Runner,0.427,0.449,0.118,0.157,0.00
5314,Runner,0.427,0.448,0.120,0.140,0.00
5315,Runner,0.427,0.448,0.161,0.136,2.64
5316,Pursuer,0.427,0.448,0.148,0.128,0.00
5317,Pursuer,0.427,0.449,0.137,0.118,0.00
5318,Runner,0.427,0.448,0.178,0.166,2.44
5319,Pursuer,0.427,0.449,0.098,0.134,0.00
5320,Pursuer,0.427,0.449,0.195,0.114,0.00
5321,Pursuer,0.427,0.449,0.161,0.150,0.00
5322,Pursuer,0.427,0.449,0.140,0.140,0.00
5323,Runner,0.427,0.449,0.153,0.160,0.00
5324,Pursuer,0.427,0.449,0.132,0.147,0.00
5325,Draw,0.426,0.449,0.136,0.147,17.62
5326,Runner,0.427,0.449,0.000,0.000,0.00
5327,Runner,0.427,0.449,0.140,0.156,5.40
5328,Runner,0.427,0.449,0.145,0.132,0.24
5329,Pursuer,0.427,0.449,0.124,0.136,0.00
5330,Runner,0.427,0.449,0.133,0.121,0.00
5331,Pursuer,0.427,0.449,0.088,0.128,0.00
5332,Pursuer,0.427,0.449,0.146,0.127,0.00
5333,Pursuer,0.427,0.449,0.133,0.105,0.00
5334,Runner,0.427,0.449,0.147,0.118,0.00
5335,Runner,0.427,0.449,0.137,0.165,0.00
5336,Pursuer,0.427,0.449,0.137,0.145,0.00
5337,Runner,0.427,0.449,0.120,0.159,0.00
5338,Pursuer,0.427,0.449,0.177,0.206,0.00
5339,Runner,0.427,0.449,0.149,0.110,3.58
5340,Runner,0.427,0.449,0.152,0.155,0.00
5341,Pursuer,0.427,0.449,0.132,0.135,0.00
5342,Runner,0.427,0.449,0.140,0.158,0.00
5343,Pursuer,0.427,0.449,0.125,0.131,0.00
5344,Pursuer,0.427,0.449,0.093,0.128,0.00
5345,Runner,0.427,0.449,0.150,0.167,0.00
5346,Pursuer,0.427,0.449,0.153,0.053,0.00
5347,Draw,0.427,0.449,0.137,0.144,16.34
5348,Pursuer,0.427,0.449,0.181,0.101,0.00
5349,Pursuer,0.427,0.449,0.135,0.139,0.00
5350,Runner,0.427,0.449,0.125,0.128,0.00
5351,Pursuer,0.427,0.449,0.127,0.124,0.00
5352,Runner,0.427,0.449,0.143,0.120,0.32
5353,Pursuer,0.427,0.449,0.145,0.105,0.00
5354,Pursuer,0.427,0.449,0.171,0.140,0.00
5355,Pursuer,0.427,0.449,0.147,0.141,0.00
5356,Pursuer,0.426,0.449,0.130,0.131,0.00
5357,Runner,0.427,0.449,0.140,0.145,5.62
5358,Runner,0.427,0.449,0.147,0.139,0.06
5359,Runner,0.427,0.449,0.127,0.098,0.00
5360,Pursuer,0.427,0.449,0.129,0.130,0.00
5361,Runner,0.427,0.449,0.122,0.155,0.18
5362,Runner,0.427,0.449,0.111,0.139,0.54
5363,Runner,0.427,0.449,0.143,0.154,2.76
5364,Pursuer,0.427,0.449,0.127,0.162,0.00
5365,Pursuer,0.427,0.449,0.153,0.131,0.00
5366,Runner,0.427,0.449,0.127,0.139,0.18
5367,Draw,0.427,0.449,0.133,0.153,19.32
5368,Pursuer,0.427,0.449,0.150,0.177,0.00
5369,Pursuer,0.427,0.449,0.134,0.157,0.00
5370,Draw,0.427,0.449,0.136,0.137,18.06
5371,Pursuer,0.427,0.449,0.000,0.000,0.00
5372,Pursuer,0.426,0.449,0.165,0.113,0.00
5373,Pursuer,0.426,0.449,0.161,0.130,0.00
5374,Pursuer,0.426,0.450,0.130,0.146,0.00
5375,Runner,0.426,0.449,0.140,0.110,0.00
5376,Runner,0.427,0.449,0.149,0.142,3.66
5377,Pursuer,0.426,0.450,0.133,0.163,0.00
5378,Pursuer,0.426,0.450,0.154,0.145,0.00
5379,Runner,0.426,0.450,0.153,0.152,3.32
5380,Pursuer,0.426,0.450,0.077,0.087,0.00
5381,Pursuer,0.426,0.450,0.133,0.128,0.00
5382,Pursuer,0.426,0.450,0.104,0.146,0.00
5383,Runner,0.426,0.450,0.155,0.163,0.00
5384,Pursuer,0.426,0.450,0.151,0.131,0.00
5385,Pursuer,0.426,0.450,0.140,0.206,0.00
5386,Draw,0.426,0.450,0.145,0.153,19.60
5387,Runner,0.426,0.450,0.147,0.130,0.00
5388,Runner,0.426,0.450,0.139,0.145,2.20
5389,Runner,0.426,0.450,0.155,0.125,0.00
5390,Pursuer,0.426,0.450,0.147,0.141,0.00
5391,Pursuer,0.426,0.450,0.122,0.136,0.00
5392,Pursuer,0.426,0.450,0.163,0.114,0.00
5393,Pursuer,0.426,0.450,0.121,0.147,0.00
5394,Pursuer,0.426,0.450,0.155,0.130,0.00
5395,Pursuer,0.426,0.450,0.141,0.126,0.00
5396,Runner,0.426,0.450,0.138,0.156,0.28
5397,Pursuer,0.426,0.450,0.153,0.140,0.00
5398,Pursuer,0.426,0.450,0.140,0.165,0.00
5399,Runner,0.426,0.450,0.154,0.127,3.02
5400,Runner,0.426,0.450,0.146,0.142,0.00
5401,Draw,0.426,0.450,0.149,0.149,12.16
5402,Pursuer,0.426,0.450,0.110,0.126,0.00
5403,Runner,0.426,0.450,0.129,0.163,2.48
5404,Runner,0.426,0.450,0.155,0.154,2.52
5405,Pursuer,0.426,0.450,0.141,0.155,0.00
5406,Runner,0.426,0.450,0.138,0.124,0.00
5407,Runner,0.426,0.450,0.145,0.152,0.00
5408,Draw,0.426,0.450,0.136,0.160,15.26
5409,Pursuer,0.426,0.450,0.000,0.000,0.00
5410,Pursuer,0.426,0.450,0.113,0.131,0.00
5411,Pursuer,0.426,0.450,0.138,0.141,0.00
5412,Runner,0.426,0.450,0.134,0.172,0.00
5413,Runner,0.426,0.450,0.121,0.169,1.36
5414,Runner,0.426,0.450,0.152,0.106,0.00
5415,Runner,0.426,0.450,0.145,0.138,2.40
5416,Pursuer,0.426,0.450,0.162,0.134,0.00
5417,Runner,0.426,0.450,0.151,0.140,1.26
5418,Runner,0.427,0.450,0.102,0.155,0.00
5419,Draw,0.426,0.450,0.158,0.138,19.34
5420,Runner,0.427,0.450,0.124,0.135,2.48
5421,Pursuer,0.426,0.450,0.117,0.134,0.00
5422,Pursuer,0.426,0.450,0.144,0.156,0.00
5423,Pursuer,0.426,0.450,0.150,0.130,0.00
5424,Runner,0.426,0.450,0.163,0.162,0.00
5425,Runner,0.427,0.450,0.170,0.087,0.00
5426,Runner,0.427,0.450,0.135,0.141,4.12
5427,Pursuer,0.427,0.450,0.115,0.090,0.00
5428,Pursuer,0.426,0.450,0.141,0.154,0.00
5429,Runner,0.427,0.450,0.131,0.142,6.10
5430,Pursuer,0.427,0.450,0.130,0.161,0.00
5431,Runner,0.427,0.450,0.123,0.149,0.00
5432,Pursuer,0.427,0.450,0.133,0.122,0.00
5433,Runner,0.427,0.450,0.132,0.137,0.28
5434,Pursuer,0.427,0.450,0.147,0.115,0.00
5435,Runner,0.427,0.450,0.130,0.132,1.50
5436,Runner,0.427,0.450,0.135,0.165,0.00
5437,Runner,0.427,0.450,0.164,0.145,0.00
5438,Draw,0.427,0.450,0.144,0.144,7.30
5439,Runner,0.427,0.450,0.148,0.136,0.00
5440,Runner,0.427,0.449,0.136,0.156,3.52
5441,Runner,0.427,0.449,0.111,0.135,0.00
5442,Runner,0.427,0.449,0.141,0.147,1.22
5443,Pursuer,0.427,0.449,0.139,0.143,0.00
5444,Pursuer,0.427,0.449,0.133,0.082,0.00
5445,Pursuer,0.427,0.450,0.154,0.128,0.00
5446,Runner,0.427,0.450,0.103,0.114,0.00
5447,Pursuer,0.427,0.450,0.169,0.125,0.00
5448,Pursuer,0.427,0.450,0.107,0.123,0.00
5449,Runner,0.427,0.450,0.129,0.164,2.70
5450,Runner,0.427,0.450,0.157,0.121,3.00
5451,Pursuer,0.427,0.450,0.150,0.142,0.00
5452,Pursuer,0.427,0.450,0.138,0.124,0.00
5453,Pursuer,0.427,0.450,0.134,0.140,0.00
5454,Pursuer,0.427,0.450,0.137,0.138,0.00
5455,Pursuer,0.427,0.450,0.125,0.158,0.00
5456,Pursuer,0.427,0.450,0.101,0.122,0.00
5457,Pursuer,0.427,0.450,0.137,0.125,0.00
5458,Runner,0.427,0.450,0.120,0.152,0.00
5459,Pursuer,0.427,0.450,0.151,0.135,0.00
5460,Runner,0.427,0.450,0.162,0.168,0.40
5461,Runner,0.427,0.450,0.159,0.119,0.00
5462,Pursuer,0.427,0.450,0.148,0.149,0.00
5463,Runner,0.427,0.450,0.139,0.135,0.00
5464,Pursuer,0.427,0.450,0.130,0.139,0.00
5465,Pursuer,0.427,0.450,0.113,0.139,0.00
5466,Pursuer,0.427,0.450,0.154,0.152,0.00
5467,Pursuer,0.427,0.451,0.084,0.171,0.00
5468,Runner,0.427,0.450,0.158,0.115,0.00
5469,Runner,0.427,0.450,0.145,0.132,0.00
5470,Pursuer,0.427,0.450,0.695,0.373,0.00
5471,Pursuer,0.427,0.451,0.090,0.183,0.00
5472,Runner,0.427,0.450,0.105,0.116,0.00
5473,Runner,0.427,0.450,0.161,0.142,0.00
5474,Draw,0.427,0.450,0.145,0.148,15.16
5475,Runner,0.427,0.450,0.155,0.157,0.04
5476,Runner,0.427,0.450,0.140,0.137,1.38
5477,Runner,0.427,0.450,0.141,0.136,0.22
5478,Pursuer,0.427,0.450,0.122,0.143,0.00
5479,Runner,0.427,0.450,0.137,0.127,1.12
5480,Runner,0.427,0.450,0.158,0.127,0.00
5481,Draw,0.427,0.450,0.141,0.147,5.50
5482,Pursuer,0.427,0.450,0.156,0.144,0.00
5483,Runner,0.427,0.450,0.154,0.139,0.00
5484,Runner,0.427,0.450,0.128,0.125,1.56
5485,Pursuer,0.427,0.450,0.129,0.168,0.00
5486,Runner,0.427,0.450,0.172,0.127,0.62
5487,Pursuer,0.427,0.450,0.167,0.140,0.00
5488,Runner,0.427,0.450,0.128,0.115,0.00
5489,Runner,0.427,0.450,0.145,0.114,1.74
5490,Runner,0.428,0.450,0.148,0.129,0.00
5491,Pursuer,0.427,0.450,0.140,0.146,0.00
5492,Draw,0.427,0.450,0.132,0.133,13.58
5493,Runner,0.427,0.450,0.149,0.150,3.92
5494,Runner,0.428,0.450,0.121,0.138,0.48
5495,Runner,0.428,0.449,0.039,0.110,0.00
5496,Pursuer,0.428,0.450,0.129,0.134,0.00
5497,Runner,0.428,0.450,0.541,0.286,0.00
5498,Runner,0.428,0.449,0.121,0.117,0.00
5499,Runner,0.428,0.449,0.134,0.112,0.00
5500,Pursuer,0.428,0.449,0.179,0.137,0.00
5501,Pursuer,0.428,0.450,0.077,0.098,0.00
5502,Runner,0.428,0.449,0.126,0.169,1.70
5503,Draw,0.428,0.449,0.136,0.149,19.98
5504,Draw,0.428,0.449,0.139,0.145,18.76
5505,Pursuer,0.428,0.449,0.150,0.154,0.00
5506,Pursuer,0.428,0.450,0.132,0.136,0.00
5507,Pursuer,0.427,0.450,0.000,0.000,0.00
5508,Runner,0.428,0.450,0.119,0.138,0.00
5509,Pursuer,0.427,0.450,0.128,0.145,0.00
5510,Pursuer,0.427,0.450,0.143,0.126,0.00
5511,Runner,0.428,0.450,0.134,0.191,0.00
5512,Pursuer,0.427,0.450,0.149,0.133,0.00
5513,Runner,0.428,0.450,0.138,0.107,0.00
5514,Runner,0.428,0.450,0.159,0.141,0.96
5515,Runner,0.428,0.450,0.150,0.165,4.82
5516,Pursuer,0.428,0.450,0.129,0.150,0.00
5517,Pursuer,0.428,0.450,0.146,0.142,0.00
5518,Runner,0.428,0.450,0.139,0.141,0.70
5519,Runner,0.428,0.450,0.143,0.130,0.00
5520,Pursuer,0.428,0.450,0.143,0.147,0.00
5521,Pursuer,0.428,0.450,0.152,0.142,0.00
5522,Pursuer,0.428,0.450,0.129,0.164,0.00
5523,Pursuer,0.427,0.450,0.159,0.121,0.00
5524,Pursuer,0.427,0.450,0.166,0.247,0.00
5525,Draw,0.427,0.450,0.142,0.146,13.22
5526,Pursuer,0.427,0.450,0.147,0.157,0.00
5527,Runner,0.427,0.450,0.137,0.133,1.32
5528,Draw,0.427,0.450,0.147,0.139,0.00
5529,Pursuer,0.427,0.450,0.144,0.131,0.00
5530,Runner,0.427,0.450,0.156,0.100,0.08
5531,Pursuer,0.427,0.450,0.139,0.126,0.00
5532,Pursuer,0.427,0.450,0.136,0.162,0.00
5533,Pursuer,0.427,0.450,0.134,0.142,0.00
5534,Pursuer,0.427,0.450,0.154,0.133,0.00
5535,Runner,0.427,0.450,0.127,0.126,3.16
5536,Pursuer,0.427,0.450,0.154,0.150,0.00
5537,Runner,0.427,0.450,0.134,0.141,0.00
5538,Pursuer,0.427,0.450,0.143,0.138,0.00
5539,Runner,0.427,0.450,0.146,0.131,0.00
5540,Pursuer,0.427,0.450,0.146,0.120,0.00
5541,Runner,0.427,0.450,0.146,0.127,0.00
5542,Pursuer,0.427,0.450,0.178,0.215,0.00
5543,Draw,0.427,0.450,0.135,0.156,18.36
5544,Pursuer,0.427,0.450,0.132,0.131,0.00
5545,Runner,0.427,0.450,0.132,0.151,0.00
5546,Pursuer,0.427,0.450,0.165,0.147,0.00
5547,Runner,0.427,0.450,0.139,0.130,2.08
5548,Pursuer,0.427,0.450,0.113,0.141,0.00
5549,Runner,0.427,0.450,0.156,0.149,0.00
5550,Runner,0.427,0.450,0.155,0.120,0.00
5551,Pursuer,0.427,0.450,0.140,0.168,0.00
5552,Runner,0.427,0.450,0.153,0.161,1.56
5553,Pursuer,0.427,0.450,0.000,0.000,0.00
5554,Runner,0.427,0.450,0.152,0.137,0.00
5555,Pursuer,0.427,0.450,0.126,0.138,0.00
5556,Runner,0.427,0.450,0.142,0.110,0.00
5557,Pursuer,0.427,0.450,0.130,0.135,0.00
5558,Pursuer,0.427,0.451,0.173,0.144,0.00
5559,Runner,0.427,0.450,0.112,0.120,0.00
5560,Runner,0.427,0.450,0.148,0.115,0.00
5561,Runner,0.427,0.450,0.154,0.140,0.00
5562,Pursuer,0.427,0.450,0.115,0.153,0.00
5563,Runner,0.427,0.450,0.147,0.149,0.00
5564,Runner,0.428,0.450,0.099,0.160,1.54
5565,Runner,0.428,0.450,0.136,0.119,0.00
5566,Pursuer,0.428,0.450,0.129,0.107,0.00
5567,Runner,0.428,0.450,0.129,0.126,4.30
5568,Runner,0.428,0.450,0.131,0.144,0.00
5569,Runner,0.428,0.450,0.148,0.136,0.00
5570,Runner,0.428,0.450,0.192,0.175,0.64
5571,Runner,0.428,0.450,0.134,0.139,5.86
5572,Pursuer,0.428,0.450,0.130,0.125,0.00
5573,Runner,0.428,0.450,0.131,0.131,4.26
5574,Pursuer,0.428,0.450,0.000,0.000,0.00
5575,Pursuer,0.428,0.450,0.205,0.291,0.00
5576,Draw,0.428,0.450,0.134,0.142,12.98
5577,Runner,0.428,0.450,0.156,0.157,2.52
5578,Runner,0.428,0.450,0.147,0.125,2.04
5579,Pursuer,0.428,0.450,0.132,0.139,0.00
5580,Runner,0.428,0.450,0.156,0.128,1.92
5581,Runner,0.428,0.450,0.135,0.158,0.00
5582,Pursuer,0.428,0.450,0.121,0.154,0.00
5583,Pursuer,0.428,0.450,0.113,0.140,0.00
5584,Runner,0.428,0.450,0.197,0.128,2.34
5585,Runner,0.428,0.450,0.128,0.136,2.24
5586,Runner,0.428,0.450,0.154,0.130,0.00
5587,Pursuer,0.428,0.450,0.109,0.139,0.00
5588,Pursuer,0.428,0.450,0.166,0.143,0.00
5589,Pursuer,0.428,0.450,0.133,0.151,0.00
5590,Runner,0.428,0.450,0.139,0.126,0.00
5591,Pursuer,0.428,0.450,0.151,0.157,0.00
5592,Pursuer,0.428,0.450,0.111,0.145,0.00
5593,Pursuer,0.428,0.450,0.107,0.196,0.00
5594,Pursuer,0.428,0.450,0.137,0.120,0.00
5595,Pursuer,0.428,0.450,0.142,0.136,0.00
5596,Pursuer,0.428,0.451,0.048,0.067,0.00
5597,Pursuer,0.428,0.451,0.161,0.154,0.00
5598,Pursuer,0.428,0.451,0.008,0.153,0.00
5599,Pursuer,0.428,0.451,0.117,0.136,0.00
5600,Runner,0.428,0.451,0.122,0.119,1.30
5601,Pursuer,0.428,0.451,0.145,0.147,0.00
5602,Runner,0.428,0.451,0.126,0.153,0.74
5603,Pursuer,0.428,0.451,0.129,0.043,0.00
5604,Pursuer,0.428,0.451,0.152,0.163,0.00
5605,Runner,0.428,0.451,0.436,0.607,0.00
5606,Runner,0.428,0.451,0.117,0.149,8.16
5607,Runner,0.428,0.451,0.142,0.160,0.00
5608,Pursuer,0.428,0.451,0.124,0.142,0.00
5609,Runner,0.428,0.451,0.133,0.157,0.00
5610,Pursuer,0.428,0.451,0.134,0.146,0.00
5611,Pursuer,0.428,0.451,0.144,0.137,0.00
5612,Pursuer,0.428,0.451,0.149,0.130,0.00
5613,Runner,0.428,0.451,0.128,0.120,0.00
5614,Pursuer,0.428,0.451,0.141,0.152,0.00
5615,Runner,0.428,0.451,0.134,0.135,0.00
5616,Runner,0.428,0.451,0.000,0.000,0.02
5617,Pursuer,0.428,0.451,0.104,0.152,0.00
5618,Runner,0.428,0.451,0.122,0.122,2.00
5619,Runner,0.428,0.451,0.159,0.131,0.00
5620,Runner,0.428,0.451,0.142,0.143,6.62
5621,Pursuer,0.428,0.451,0.134,0.145,0.00
5622,Pursuer,0.428,0.451,0.145,0.153,0.00
5623,Runner,0.428,0.451,0.150,0.146,0.00
5624,Pursuer,0.428,0.451,0.000,0.000,0.00
5625,Runner,0.428,0.451,0.111,0.159,0.00
5626,Pursuer,0.428,0.451,0.136,0.112,0.00
5627,Pursuer,0.428,0.451,0.106,0.147,0.00
5628,Runner,0.428,0.451,0.140,0.182,0.00
5629,Runner,0.428,0.451,0.232,0.122,0.00
5630,Pursuer,0.428,0.451,0.117,0.069,0.00
5631,Pursuer,0.428,0.451,0.135,0.134,0.00
5632,Runner,0.428,0.451,0.169,0.132,3.20
5633,Runner,0.428,0.451,0.146,0.150,2.28
5634,Pursuer,0.428,0.451,0.101,0.134,0.00
5635,Pursuer,0.428,0.451,0.114,0.141,0.00
5636,Pursuer,0.428,0.451,0.127,0.144,0.00
5637,Runner,0.428,0.451,0.188,0.153,0.00
5638,Pursuer,0.428,0.451,0.093,0.212,0.00
5639,Pursuer,0.428,0.451,0.141,0.162,0.00
5640,Runner,0.428,0.451,0.171,0.134,0.00
5641,Pursuer,0.428,0.451,0.123,0.144,0.00
5642,Pursuer,0.428,0.451,0.133,0.142,0.00
5643,Pursuer,0.428,0.452,0.089,0.176,0.00
5644,Pursuer,0.428,0.452,0.149,0.135,0.00
5645,Pursuer,0.428,0.452,0.091,0.151,0.00
5646,Runner,0.428,0.452,0.148,0.139,2.22
5647,Pursuer,0.428,0.452,0.125,0.133,0.00
5648,Runner,0.428,0.452,0.120,0.136,1.70
5649,Pursuer,0.428,0.452,0.027,0.076,0.00
5650,Pursuer,0.428,0.452,0.094,0.140,0.00
5651,Pursuer,0.428,0.452,0.144,0.115,0.00
5652,Pursuer,0.427,0.452,0.122,0.156,0.00
5653,Runner,0.428,0.452,0.127,0.171,0.00
5654,Pursuer,0.427,0.452,0.133,0.140,0.00
5655,Runner,0.428,0.452,0.147,0.090,0.00
5656,Pursuer,0.428,0.452,0.182,0.131,0.00
5657,Runner,0.428,0.452,0.152,0.142,0.00
5658,Runner,0.428,0.452,0.151,0.112,0.00
5659,Pursuer,0.428,0.452,0.119,0.151,0.00
5660,Pursuer,0.428,0.452,0.136,0.141,0.00
5661,Runner,0.428,0.452,0.157,0.155,0.00
5662,Runner,0.428,0.452,0.117,0.118,0.00
5663,Runner,0.428,0.452,0.125,0.148,0.72
5664,Pursuer,0.428,0.452,0.134,0.128,0.00
5665,Runner,0.428,0.452,0.137,0.140,0.00
5666,Runner,0.428,0.452,0.140,0.165,0.00
5667,Runner,0.428,0.452,0.131,0.145,1.50
5668,Pursuer,0.428,0.452,0.120,0.119,0.00
5669,Runner,0.428,0.452,0.119,0.120,0.00
5670,Runner,0.428,0.452,0.145,0.132,0.00
5671,Runner,0.428,0.452,0.135,0.166,0.00
5672,Pursuer,0.428,0.452,0.149,0.130,0.00
5673,Pursuer,0.428,0.452,0.128,0.141,0.00
5674,Runner,0.428,0.452,0.157,0.131,0.64
5675,Pursuer,0.428,0.452,0.139,0.117,0.00
5676,Runner,0.428,0.452,0.113,0.106,1.34
5677,Runner,0.428,0.452,0.152,0.147,0.00
5678,Pursuer,0.428,0.452,0.157,0.121,0.00
5679,Runner,0.428,0.452,0.139,0.143,0.68
5680,Runner,0.429,0.452,0.126,0.142,0.76
5681,Runner,0.429,0.452,0.143,0.121,0.00
5682,Runner,0.429,0.451,0.131,0.146,7.28
5683,Runner,0.429,0.451,0.132,0.135,0.00
5684,Pursuer,0.429,0.451,0.118,0.137,0.00
5685,Pursuer,0.429,0.452,0.164,0.142,0.00
5686,Runner,0.429,0.451,0.163,0.134,2.84
5687,Pursuer,0.429,0.452,0.103,0.163,0.00
5688,Runner,0.429,0.451,0.125,0.140,1.76
5689,Pursuer,0.429,0.452,0.143,0.149,0.00
5690,Runner,0.429,0.451,0.155,0.033,0.00
5691,Pursuer,0.429,0.452,0.148,0.137,0.00
5692,Pursuer,0.429,0.452,0.125,0.154,0.00
5693,Runner,0.429,0.452,0.128,0.129,4.36
5694,Pursuer,0.429,0.452,0.146,0.143,0.00
5695,Draw,0.429,0.452,0.133,0.159,18.04
5696,Pursuer,0.429,0.452,0.050,0.228,0.00
5697,Runner,0.429,0.452,0.000,0.000,0.02
5698,Runner,0.429,0.452,0.134,0.189,0.00
5699,Pursuer,0.429,0.452,0.155,0.142,0.00
5700,Pursuer,0.429,0.452,0.084,0.047,0.00
5701,Pursuer,0.429,0.452,0.117,0.136,0.00
5702,Draw,0.428,0.452,0.134,0.138,16.62
5703,Runner,0.429,0.452,0.112,0.132,0.00
5704,Pursuer,0.428,0.452,0.142,0.125,0.00
5705,Runner,0.429,0.452,0.128,0.135,0.00
5706,Draw,0.428,0.452,0.138,0.145,16.92
5707,Pursuer,0.428,0.452,0.131,0.146,0.00
5708,Pursuer,0.428,0.452,0.125,0.139,0.00
5709,Pursuer,0.428,0.452,0.148,0.120,0.00
5710,Runner,0.428,0.452,0.145,0.152,0.10
5711,Pursuer,0.428,0.452,0.122,0.136,0.00
5712,Runner,0.428,0.452,0.155,0.154,0.00
5713,Draw,0.428,0.452,0.144,0.149,15.74
5714,Pursuer,0.428,0.452,0.143,0.125,0.00
5715,Runner,0.428,0.452,0.128,0.121,0.00
5716,Runner,0.428,0.452,0.152,0.148,0.00
5717,Pursuer,0.428,0.452,0.109,0.180,0.00
5718,Pursuer,0.428,0.452,0.122,0.136,0.00
5719,Pursuer,0.428,0.452,0.139,0.156,0.00
5720,Runner,0.428,0.452,0.159,0.159,0.00
5721,Runner,0.428,0.452,0.196,0.135,0.00
5722,Pursuer,0.428,0.452,0.096,0.148,0.00
5723,Runner,0.428,0.452,0.120,0.173,3.72
5724,Pursuer,0.428,0.452,0.098,0.162,0.00
5725,Runner,0.428,0.452,0.150,0.135,0.64
5726,Runner,0.429,0.452,0.178,0.151,0.46
5727,Runner,0.429,0.452,0.131,0.160,2.02
5728,Pursuer,0.429,0.452,0.144,0.145,0.00
5729,Pursuer,0.429,0.452,0.133,0.144,0.00
5730,Runner,0.429,0.452,0.181,0.142,1.38
5731,Pursuer,0.429,0.452,0.182,0.305,0.00
5732,Runner,0.429,0.452,0.224,0.154,0.20
5733,Runner,0.429,0.452,0.115,0.148,0.00
5734,Pursuer,0.429,0.452,0.192,0.169,0.00
5735,Draw,0.429,0.452,0.137,0.125,0.00
5736,Pursuer,0.429,0.452,0.000,0.000,0.00
5737,Runner,0.429,0.452,0.111,0.179,0.96
5738,Pursuer,0.429,0.452,0.157,0.148,0.00
5739,Pursuer,0.428,0.452,0.123,0.139,0.00
5740,Pursuer,0.428,0.452,0.136,0.131,0.00
5741,Pursuer,0.428,0.452,0.189,0.137,0.00
5742,Runner,0.428,0.452,0.148,0.151,0.06
5743,Runner,0.429,0.452,0.105,0.107,1.20
5744,Pursuer,0.428,0.452,0.129,0.157,0.00
5745,Pursuer,0.428,0.452,0.125,0.133,0.00
5746,Pursuer,0.428,0.452,0.138,0.138,0.00
5747,Runner,0.428,0.452,0.134,0.121,3.82
5748,Pursuer,0.428,0.452,0.000,0.000,0.00
5749,Draw,0.428,0.452,0.127,0.140,15.90
5750,Runner,0.428,0.452,0.165,0.136,0.00
5751,Pursuer,0.428,0.452,0.127,0.125,0.00
5752,Pursuer,0.428,0.452,0.142,0.164,0.00
5753,Runner,0.428,0.452,0.000,0.000,0.00
5754,Runner,0.428,0.452,0.133,0.132,3.06
5755,Runner,0.428,0.452,0.127,0.165,1.56
5756,Runner,0.429,0.452,0.152,0.227,0.72
5757,Pursuer,0.429,0.452,0.238,0.155,0.00
5758,Draw,0.428,0.452,0.128,0.133,7.82
5759,Pursuer,0.428,0.452,0.155,0.139,0.00
5760,Pursuer,0.428,0.452,0.149,0.113,0.00
5761,Runner,0.428,0.452,0.000,0.000,0.00
5762,Runner,0.428,0.452,0.131,0.119,0.00
5763,Pursuer,0.428,0.452,0.156,0.139,0.00
5764,Runner,0.429,0.452,0.118,0.155,0.00
5765,Draw,0.428,0.452,0.126,0.154,19.28
5766,Pursuer,0.428,0.452,0.147,0.120,0.00
5767,Pursuer,0.428,0.452,0.135,0.142,0.00
5768,Runner,0.428,0.452,0.128,0.128,0.20
5769,Runner,0.428,0.452,0.128,0.112,0.00
5770,Pursuer,0.428,0.452,0.152,0.171,0.00
5771,Runner,0.429,0.452,0.125,0.118,0.00
5772,Pursuer,0.428,0.452,0.116,0.116,0.00
5773,Runner,0.429,0.452,0.144,0.123,1.60
5774,Pursuer,0.428,0.452,0.169,0.131,0.00
5775,Pursuer,0.428,0.452,0.163,0.143,0.00
5776,Pursuer,0.428,0.452,0.100,0.119,0.00
5777,Runner,0.428,0.452,0.137,0.148,3.54
5778,Runner,0.429,0.452,0.150,0.122,0.00
5779,Draw,0.428,0.452,0.144,0.147,15.46
5780,Runner,0.429,0.452,0.105,0.165,0.00
5781,Pursuer,0.428,0.452,0.136,0.147,0.00
5782,Pursuer,0.428,0.452,0.108,0.115,0.00
5783,Pursuer,0.428,0.452,0.135,0.171,0.00
5784,Runner,0.428,0.452,0.156,0.159,2.20
5785,Pursuer,0.428,0.452,0.132,0.130,0.00
5786,Pursuer,0.428,0.452,0.121,0.135,0.00
5787,Pursuer,0.428,0.453,0.131,0.149,0.00
5788,Runner,0.428,0.452,0.110,0.140,1.76
5789,Runner,0.428,0.452,0.130,0.114,0.00
5790,Runner,0.428,0.452,0.139,0.141,7.82
5791,Pursuer,0.428,0.452,0.118,0.170,0.00
5792,Pursuer,0.428,0.453,0.125,0.140,0.00
5793,Runner,0.428,0.452,0.152,0.172,3.68
5794,Pursuer,0.428,0.453,0.143,0.114,0.00
5795,Draw,0.428,0.452,0.137,0.140,17.58
5796,Pursuer,0.428,0.453,0.114,0.122,0.00
5797,Pursuer,0.428,0.453,0.168,0.090,0.00
5798,Pursuer,0.428,0.453,0.157,0.172,0.00
5799,Pursuer,0.428,0.453,0.124,0.142,0.00
5800,Runner,0.428,0.453,0.122,0.127,3.60
5801,Pursuer,0.428,0.453,0.138,0.154,0.00
5802,Runner,0.428,0.453,0.137,0.145,0.82
5803,Pursuer,0.428,0.453,0.118,0.147,0.00
5804,Runner,0.428,0.453,0.142,0.128,3.44
5805,Pursuer,0.428,0.453,0.141,0.119,0.00
5806,Pursuer,0.428,0.453,0.137,0.138,0.00
5807,Runner,0.428,0.453,0.149,0.124,0.00
5808,Pursuer,0.428,0.453,0.117,0.142,0.00
5809,Pursuer,0.428,0.453,0.123,0.137,0.00
5810,Pursuer,0.428,0.453,0.142,0.149,0.00
5811,Pursuer,0.428,0.453,0.157,0.123,0.00
5812,Pursuer,0.428,0.453,0.145,0.133,0.00
5813,Pursuer,0.428,0.453,0.143,0.141,0.00
5814,Pursuer,0.428,0.454,0.262,0.192,0.00
5815,Pursuer,0.428,0.454,0.086,0.089,0.00
5816,Pursuer,0.427,0.454,0.119,0.130,0.00
5817,Pursuer,0.427,0.454,0.192,0.129,0.00
5818,Runner,0.427,0.454,0.111,0.154,0.82
5819,Pursuer,0.427,0.454,0.231,0.114,0.00
5820,Runner,0.427,0.454,0.141,0.091,0.00
5821,Runner,0.428,0.454,0.143,0.141,1.52
5822,Pursuer,0.428,0.454,0.143,0.145,0.00
5823,Pursuer,0.427,0.454,0.134,0.128,0.00
5824,Pursuer,0.427,0.454,0.125,0.137,0.00
5825,Runner,0.427,0.454,0.139,0.157,3.44
5826,Pursuer,0.427,0.454,0.118,0.162,0.00
5827,Runner,0.427,0.454,0.121,0.123,4.68
5828,Runner,0.428,0.454,0.121,0.145,0.00
5829,Runner,0.428,0.454,0.137,0.153,1.22
5830,Pursuer,0.428,0.454,0.139,0.125,0.00
5831,Pursuer,0.428,0.454,0.125,0.104,0.00
5832,Pursuer,0.427,0.454,0.140,0.141,0.00
5833,Runner,0.428,0.454,0.127,0.146,4.12
5834,Runner,0.428,0.454,0.167,0.118,0.00
5835,Runner,0.428,0.454,0.136,0.108,0.00
5836,Pursuer,0.428,0.454,0.159,0.142,0.00
5837,Runner,0.428,0.454,0.142,0.133,2.32
5838,Pursuer,0.428,0.454,0.090,0.123,0.00
5839,Pursuer,0.428,0.454,0.307,0.080,0.00
5840,Runner,0.428,0.454,0.134,0.107,0.00
5841,Pursuer,0.428,0.454,0.132,0.141,0.00
5842,Runner,0.428,0.454,0.146,0.140,1.68
5843,Runner,0.428,0.454,0.123,0.113,0.00
5844,Runner,0.428,0.454,0.144,0.168,1.98
5845,Pursuer,0.428,0.454,0.118,0.145,0.00
5846,Pursuer,0.428,0.454,0.200,0.128,0.00
5847,Runner,0.428,0.454,0.118,0.164,0.98
5848,Draw,0.428,0.454,0.129,0.136,14.18
5849,Runner,0.428,0.454,0.108,0.147,0.00
5850,Pursuer,0.428,0.454,0.141,0.129,0.00
5851,Runner,0.428,0.454,0.157,0.133,2.36
5852,Runner,0.428,0.454,0.152,0.109,0.00
5853,Runner,0.428,0.454,0.126,0.128,0.00
5854,Pursuer,0.428,0.454,0.105,0.152,0.00
5855,Runner,0.428,0.454,0.130,0.111,0.06
5856,Pursuer,0.428,0.454,0.135,0.142,0.00
5857,Runner,0.428,0.454,0.143,0.127,4.80
5858,Runner,0.428,0.454,0.158,0.159,0.00
5859,Runner,0.428,0.453,0.127,0.120,0.00
5860,Runner,0.428,0.453,0.137,0.132,2.20
5861,Runner,0.429,0.453,0.151,0.157,1.82
5862,Runner,0.429,0.453,0.106,0.109,1.04
5863,Pursuer,0.429,0.453,0.132,0.106,0.00
5864,Pursuer,0.429,0.453,0.116,0.149,0.00
5865,Runner,0.429,0.453,0.121,0.156,0.02
5866,Runner,0.429,0.453,0.125,0.104,0.00
5867,Runner,0.429,0.453,0.153,0.131,0.00
5868,Draw,0.429,0.453,0.127,0.150,15.70
5869,Runner,0.429,0.453,0.127,0.166,0.00
5870,Pursuer,0.429,0.453,0.146,0.148,0.00
5871,Runner,0.429,0.453,0.129,0.143,0.34
5872,Pursuer,0.429,0.453,0.129,0.115,0.00
5873,Pursuer,0.429,0.453,0.153,0.142,0.00
5874,Runner,0.429,0.453,0.138,0.119,1.50
5875,Runner,0.429,0.453,0.144,0.126,0.00
5876,Draw,0.429,0.453,0.140,0.138,1.80
5877,Runner,0.429,0.453,0.107,0.128,0.00
5878,Runner,0.429,0.453,0.124,0.152,3.32
5879,Runner,0.429,0.453,0.126,0.113,1.74
5880,Runner,0.429,0.453,0.127,0.145,2.00
5881,Pursuer,0.429,0.453,0.166,0.144,0.00
5882,Runner,0.429,0.453,0.250,0.125,0.00
5883,Pursuer,0.429,0.453,0.150,0.171,0.00
5884,Runner,0.429,0.453,0.194,0.169,1.84
5885,Runner,0.429,0.453,0.152,0.104,0.00
5886,Pursuer,0.429,0.453,0.137,0.135,0.00
5887,Runner,0.429,0.453,0.088,0.075,0.00
5888,Runner,0.430,0.453,0.127,0.140,2.22
5889,Runner,0.430,0.453,0.127,0.140,1.34
5890,Pursuer,0.430,0.453,1.529,0.746,0.00
5891,Pursuer,0.429,0.453,0.143,0.129,0.00
5892,Runner,0.430,0.453,0.137,0.108,0.00
5893,Runner,0.430,0.453,0.147,0.142,3.88
5894,Pursuer,0.430,0.453,0.156,0.135,0.00
5895,Pursuer,0.430,0.453,0.147,0.121,0.00
5896,Pursuer,0.429,0.453,0.170,0.130,0.00
5897,Pursuer,0.429,0.453,0.124,0.133,0.00
5898,Pursuer,0.429,0.453,0.153,0.153,0.00
5899,Runner,0.429,0.453,0.129,0.140,0.22
5900,Pursuer,0.429,0.453,0.150,0.138,0.00
5901,Runner,0.429,0.453,0.132,0.124,0.40
5902,Pursuer,0.429,0.453,0.129,0.143,0.00
5903,Pursuer,0.429,0.453,0.141,0.125,0.00
5904,Pursuer,0.429,0.453,0.132,0.138,0.00
5905,Pursuer,0.429,0.453,0.142,0.165,0.00
5906,Pursuer,0.429,0.453,0.134,0.135,0.00
5907,Runner,0.429,0.453,0.139,0.123,2.62
5908,Runner,0.429,0.453,0.150,0.126,0.00
5909,Runner,0.429,0.453,0.142,0.154,0.00
5910,Runner,0.429,0.453,0.120,0.124,2.92
5911,Runner,0.430,0.453,0.141,0.141,1.86
5912,Pursuer,0.429,0.453,0.000,0.000,0.00
5913,Runner,0.430,0.453,0.138,0.129,0.00
5914,Pursuer,0.429,0.453,0.125,0.173,0.00
5915,Runner,0.430,0.453,0.142,0.100,0.00
5916,Runner,0.430,0.453,0.199,0.135,1.34
5917,Runner,0.430,0.453,0.144,0.148,0.12
5918,Pursuer,0.430,0.453,0.128,0.134,0.00
5919,Pursuer,0.430,0.453,0.141,0.141,0.00
5920,Runner,0.430,0.453,0.000,0.000,0.00
5921,Runner,0.430,0.453,0.157,0.154,0.70
5922,Runner,0.430,0.453,0.147,0.114,6.24
5923,Pursuer,0.430,0.453,0.145,0.139,0.00
5924,Runner,0.430,0.453,0.162,0.134,0.74
5925,Pursuer,0.430,0.453,0.128,0.068,0.00
5926,Pursuer,0.430,0.453,0.155,0.100,0.00
5927,Runner,0.430,0.453,0.123,0.141,0.00
5928,Pursuer,0.430,0.453,0.353,0.269,0.00
5929,Runner,0.430,0.453,0.138,0.142,8.12
5930,Pursuer,0.430,0.453,0.169,0.135,0.00
5931,Runner,0.430,0.453,0.149,0.127,3.56
5932,Runner,0.430,0.453,0.167,0.168,2.44
5933,Runner,0.430,0.453,0.136,0.147,0.18
5934,Pursuer,0.430,0.453,0.155,0.146,0.00
5935,Runner,0.430,0.453,0.150,0.126,1.68
5936,Runner,0.430,0.453,0.128,0.147,4.00
5937,Pursuer,0.430,0.453,0.221,0.186,0.00
5938,Runner,0.430,0.453,0.122,0.132,0.98
5939,Runner,0.430,0.453,0.121,0.192,1.64
5940,Pursuer,0.430,0.453,0.141,0.128,0.00
5941,Pursuer,0.430,0.453,0.130,0.125,0.00
5942,Pursuer,0.430,0.453,0.127,0.122,0.00
5943,Runner,0.430,0.453,0.123,0.124,0.00
5944,Pursuer,0.430,0.453,0.156,0.174,0.00
5945,Runner,0.430,0.453,0.176,0.089,0.00
5946,Pursuer,0.430,0.453,0.157,0.134,0.00
5947,Runner,0.430,0.453,0.128,0.145,1.48
5948,Pursuer,0.430,0.453,0.165,0.117,0.00
5949,Pursuer,0.430,0.453,0.135,0.129,0.00
5950,Pursuer,0.430,0.453,0.118,0.144,0.00
5951,Pursuer,0.430,0.453,0.156,0.130,0.00
5952,Pursuer,0.430,0.453,0.224,0.130,0.00
5953,Runner,0.430,0.453,0.142,0.151,4.40
5954,Draw,0.430,0.453,0.154,0.128,15.84
5955,Pursuer,0.430,0.453,0.144,0.148,0.00
5956,Draw,0.430,0.453,0.133,0.146,14.36
5957,Pursuer,0.430,0.453,0.000,0.000,0.00
5958,Pursuer,0.430,0.454,0.112,0.144,0.00
5959,Runner,0.430,0.453,0.598,0.872,0.02
5960,Runner,0.430,0.453,0.135,0.181,0.86
5961,Pursuer,0.430,0.453,0.142,0.139,0.00
5962,Runner,0.430,0.453,0.137,0.157,1.76
5963,Runner,0.430,0.453,0.144,0.146,9.62
5964,Runner,0.430,0.453,0.087,0.125,0.86
5965,Runner,0.430,0.453,0.141,0.131,0.00
5966,Pursuer,0.430,0.453,0.145,0.163,0.00
5967,Pursuer,0.430,0.453,0.137,0.127,0.00
5968,Runner,0.430,0.453,0.125,0.117,0.28
5969,Pursuer,0.430,0.453,0.149,0.165,0.00
5970,Runner,0.430,0.453,0.156,0.108,2.14
5971,Pursuer,0.430,0.453,0.145,0.127,0.00
5972,Pursuer,0.430,0.453,0.115,0.139,0.00
5973,Pursuer,0.430,0.454,0.139,0.154,0.00
5974,Pursuer,0.430,0.454,0.082,0.164,0.00
5975,Runner,0.430,0.454,0.114,0.154,0.52
5976,Runner,0.430,0.453,0.135,0.137,0.00
5977,Runner,0.430,0.453,0.086,0.135,0.28
5978,Runner,0.430,0.453,0.129,0.138,1.46
5979,Runner,0.430,0.453,0.135,0.143,0.86
5980,Pursuer,0.430,0.453,0.000,0.000,0.00
5981,Pursuer,0.430,0.453,0.146,0.143,0.00
5982,Runner,0.430,0.453,0.171,0.150,0.00
5983,Pursuer,0.430,0.453,0.134,0.130,0.00
5984,Runner,0.430,0.453,0.113,0.121,0.00
5985,Runner,0.430,0.453,0.186,0.165,1.40
5986,Runner,0.431,0.453,0.124,0.165,0.00
5987,Runner,0.431,0.453,0.107,0.115,1.70
5988,Runner,0.431,0.453,0.147,0.139,0.98
5989,Pursuer,0.431,0.453,0.139,0.142,0.00
5990,Runner,0.431,0.453,0.119,0.137,0.28
5991,Pursuer,0.431,0.453,0.119,0.163,0.00
5992,Runner,0.431,0.453,0.141,0.161,0.00
5993,Runner,0.431,0.453,0.107,0.145,0.00
5994,Pursuer,0.431,0.453,0.143,0.149,0.00
5995,Runner,0.431,0.453,0.151,0.120,0.00
5996,Runner,0.431,0.453,0.154,0.154,0.00
5997,Pursuer,0.431,0.453,0.107,0.128,0.00
5998,Pursuer,0.431,0.453,0.120,0.120,0.00
5999,Pursuer,0.431,0.453,0.165,0.137,0.00
6000,Pursuer,0.431,0.453,0.133,0.140,0.00
6001,Pursuer,0.431,0.453,0.118,0.148,0.00
6002,Runner,0.431,0.453,0.000,0.000,0.00
6003,Runner,0.431,0.453,0.122,0.118,0.68
6004,Pursuer,0.431,0.453,0.155,0.124,0.00
6005,Runner,0.431,0.453,0.000,0.000,0.02
6006,Runner,0.431,0.453,0.157,0.175,0.00
6007,Pursuer,0.431,0.453,0.150,0.141,0.00
6008,Runner,0.431,0.453,0.134,0.109,2.44
6009,Pursuer,0.431,0.453,0.142,0.122,0.00
6010,Runner,0.431,0.453,0.128,0.149,0.00
6011,Pursuer,0.431,0.453,0.135,0.152,0.00
6012,Runner,0.431,0.453,0.153,0.134,2.46
6013,Runner,0.431,0.453,0.134,0.111,0.00
6014,Pursuer,0.431,0.453,0.121,0.188,0.00
6015,Draw,0.431,0.453,0.130,0.112,0.00
6016,Pursuer,0.431,0.453,0.123,0.122,0.00
6017,Pursuer,0.431,0.453,0.152,0.106,0.00
6018,Runner,0.431,0.453,0.000,0.000,0.00
6019,Runner,0.431,0.453,0.114,0.149,0.30
6020,Pursuer,0.431,0.453,0.128,0.110,0.00
6021,Runner,0.431,0.453,0.212,0.180,0.00
6022,Pursuer,0.431,0.453,0.000,0.000,0.00
6023,Runner,0.431,0.453,0.154,0.132,1.46
6024,Pursuer,0.431,0.453,0.139,0.127,0.00
6025,Pursuer,0.431,0.453,0.137,0.149,0.00
6026,Pursuer,0.431,0.454,0.126,0.148,0.00
6027,Runner,0.431,0.453,0.140,0.124,0.00
6028,Pursuer,0.431,0.454,0.162,0.224,0.00
6029,Runner,0.431,0.453,0.131,0.112,3.94
6030,Runner,0.431,0.453,0.110,0.126,0.70
6031,Runner,0.431,0.453,0.125,0.128,2.52
6032,Pursuer,0.431,0.453,0.155,0.132,0.00
6033,Runner,0.431,0.453,0.129,0.163,1.52
6034,Runner,0.431,0.453,0.129,0.153,0.00
6035,Runner,0.431,0.453,0.122,0.145,3.82
6036,Runner,0.431,0.453,0.151,0.146,0.40
6037,Pursuer,0.431,0.453,0.119,0.147,0.00
6038,Pursuer,0.431,0.453,0.185,0.111,0.00
6039,Pursuer,0.431,0.453,0.148,0.126,0.00
6040,Pursuer,0.431,0.453,0.136,0.113,0.00
6041,Pursuer,0.431,0.454,0.162,0.177,0.00
6042,Pursuer,0.431,0.454,0.138,0.150,0.00
6043,Runner,0.431,0.454,0.130,0.134,8.66
6044,Runner,0.431,0.454,0.167,0.110,0.92
6045,Runner,0.431,0.453,0.152,0.125,2.26
6046,Pursuer,0.431,0.454,0.144,0.139,0.00
6047,Draw,0.431,0.453,0.136,0.126,0.02
6048,Pursuer,0.431,0.454,0.155,0.139,0.00
6049,Pursuer,0.431,0.454,0.141,0.142,0.00
6050,Runner,0.431,0.454,0.137,0.141,0.00
6051,Runner,0.431,0.453,0.138,0.124,0.00
6052,Pursuer,0.431,0.454,0.137,0.158,0.00
6053,Pursuer,0.431,0.454,0.151,0.140,0.00
6054,Pursuer,0.431,0.454,0.117,0.114,0.00
6055,Runner,0.431,0.454,0.140,0.137,3.60
6056,Pursuer,0.431,0.454,0.125,0.141,0.00
6057,Runner,0.431,0.454,0.133,0.139,2.70
6058,Draw,0.431,0.454,0.140,0.145,18.30
6059,Pursuer,0.431,0.454,0.102,0.130,0.00
6060,Pursuer,0.431,0.454,0.151,0.128,0.00
6061,Runner,0.431,0.454,0.133,0.104,0.00
6062,Runner,0.431,0.454,0.143,0.179,0.00
6063,Runner,0.431,0.454,0.141,0.145,0.58
6064,Pursuer,0.431,0.454,0.142,0.155,0.00
6065,Pursuer,0.431,0.454,0.108,0.104,0.00
6066,Runner,0.431,0.454,0.125,0.121,0.00
6067,Runner,0.431,0.454,0.143,0.122,0.20
6068,Pursuer,0.431,0.454,0.151,0.163,0.00
6069,Runner,0.431,0.454,0.137,0.136,2.90
6070,Pursuer,0.431,0.454,0.124,0.112,0.00
6071,Runner,0.431,0.454,0.148,0.160,1.92
6072,Runner,0.431,0.454,0.126,0.159,8.14
6073,Runner,0.431,0.453,0.140,0.134,0.00
6074,Pursuer,0.431,0.454,0.160,0.127,0.00
6075,Pursuer,0.431,0.454,0.143,0.132,0.00
6076,Pursuer,0.431,0.454,0.132,0.146,0.00
6077,Pursuer,0.431,0.454,0.136,0.150,0.00
6078,Runner,0.431,0.454,0.137,0.126,5.20
6079,Runner,0.431,0.454,0.135,0.135,3.28
6080,Pursuer,0.431,0.454,0.161,0.144,0.00
6081,Draw,0.431,0.454,0.138,0.130,18.72
6082,Pursuer,0.431,0.454,0.212,0.135,0.00
6083,Runner,0.431,0.454,0.134,0.139,4.46
6084,Runner,0.431,0.454,0.129,0.131,0.00
6085,Runner,0.431,0.454,0.121,0.146,0.90
6086,Pursuer,0.431,0.454,0.141,0.147,0.00
6087,Runner,0.431,0.454,0.167,0.126,0.00
6088,Pursuer,0.431,0.454,0.130,0.130,0.00
6089,Pursuer,0.431,0.454,0.131,0.128,0.00
6090,Pursuer,0.431,0.454,0.158,0.125,0.00
6091,Pursuer,0.431,0.454,0.062,0.074,0.00
6092,Pursuer,0.431,0.454,0.121,0.162,0.00
6093,Pursuer,0.431,0.454,0.148,0.070,0.00
6094,Draw,0.431,0.454,0.141,0.148,15.52
6095,Pursuer,0.431,0.454,0.146,0.142,0.00
6096,Pursuer,0.431,0.454,0.166,0.143,0.00
6097,Pursuer,0.431,0.454,0.139,0.139,0.00
6098,Pursuer,0.431,0.454,0.144,0.136,0.00
6099,Runner,0.431,0.454,0.126,0.128,0.00
6100,Pursuer,0.431,0.454,0.125,0.144,0.00
6101,Runner,0.431,0.454,0.119,0.140,1.88
6102,Runner,0.431,0.454,0.133,0.150,4.46
6103,Runner,0.431,0.454,0.130,0.135,2.12
6104,Pursuer,0.431,0.454,0.000,0.000,0.00
6105,Pursuer,0.431,0.454,0.144,0.146,0.00
6106,Draw,0.431,0.454,0.133,0.149,17.00
6107,Runner,0.431,0.454,0.153,0.118,0.00
6108,Runner,0.431,0.454,0.143,0.109,0.00
6109,Runner,0.431,0.454,0.173,0.187,0.00
6110,Pursuer,0.431,0.454,0.162,0.127,0.00
6111,Runner,0.431,0.454,0.154,0.145,0.32
6112,Pursuer,0.431,0.454,0.123,0.129,0.00
6113,Draw,0.431,0.454,0.146,0.127,15.20
6114,Pursuer,0.431,0.454,0.138,0.142,0.00
6115,Runner,0.431,0.454,0.135,0.154,0.00
6116,Pursuer,0.431,0.454,0.117,0.127,0.00
6117,Pursuer,0.431,0.454,0.127,0.159,0.00
6118,Runner,0.431,0.454,0.129,0.139,0.86
6119,Pursuer,0.431,0.454,0.130,0.100,0.00
6120,Pursuer,0.431,0.454,0.129,0.173,0.00
6121,Pursuer,0.431,0.455,0.202,0.119,0.00
6122,Pursuer,0.431,0.455,0.121,0.120,0.00
6123,Pursuer,0.431,0.455,0.126,0.133,0.00
6124,Runner,0.431,0.455,0.129,0.134,0.00
6125,Pursuer,0.431,0.455,0.149,0.134,0.00
6126,Pursuer,0.430,0.455,0.134,0.189,0.00
6127,Runner,0.431,0.455,0.145,0.141,7.82
6128,Runner,0.431,0.455,0.119,0.127,2.16
6129,Runner,0.431,0.455,0.150,0.138,0.40
6130,Pursuer,0.431,0.455,0.130,0.147,0.00
6131,Pursuer,0.431,0.455,0.142,0.181,0.00
6132,Runner,0.431,0.455,0.144,0.122,1.76
6133,Runner,0.431,0.455,0.124,0.136,5.60
6134,Runner,0.431,0.455,0.126,0.172,0.68
6135,Runner,0.431,0.454,0.153,0.157,0.00
6136,Runner,0.431,0.454,0.150,0.141,1.18
6137,Pursuer,0.431,0.454,0.137,0.125,0.00
6138,Runner,0.431,0.454,0.167,0.127,0.06
6139,Pursuer,0.431,0.454,0.181,0.133,0.00
6140,Pursuer,0.431,0.455,0.146,0.129,0.00
6141,Pursuer,0.431,0.455,0.113,0.123,0.00
6142,Pursuer,0.431,0.455,0.163,0.112,0.00
6143,Pursuer,0.431,0.455,0.143,0.103,0.00
6144,Runner,0.431,0.455,0.162,0.180,0.00
6145,Pursuer,0.431,0.455,0.143,0.147,0.00
6146,Runner,0.431,0.455,0.000,0.000,0.02
6147,Pursuer,0.431,0.455,0.142,0.144,0.00
6148,Pursuer,0.431,0.455,0.154,0.134,0.00
6149,Pursuer,0.431,0.455,0.142,0.128,0.00
6150,Pursuer,0.431,0.455,0.164,0.153,0.00
6151,Runner,0.431,0.455,0.117,0.138,14.10
6152,Runner,0.431,0.455,0.127,0.136,2.20
6153,Runner,0.431,0.455,0.155,0.126,1.12
6154,Pursuer,0.431,0.455,0.103,0.143,0.00
6155,Runner,0.431,0.455,0.151,0.132,0.00
6156,Pursuer,0.431,0.455,0.154,0.115,0.00
6157,Runner,0.431,0.455,0.136,0.198,0.00
6158,Pursuer,0.431,0.455,0.135,0.185,0.00
6159,Runner,0.431,0.455,0.124,0.139,1.82
6160,Draw,0.431,0.455,0.133,0.143,15.92
6161,Pursuer,0.431,0.455,0.125,0.161,0.00
6162,Pursuer,0.431,0.455,0.136,0.135,0.00
6163,Pursuer,0.431,0.455,0.140,0.127,0.00
6164,Runner,0.431,0.455,0.113,0.153,5.06
6165,Runner,0.431,0.455,0.139,0.157,0.00
6166,Pursuer,0.431,0.455,0.102,0.178,0.00
6167,Pursuer,0.431,0.455,0.173,0.137,0.00
6168,Pursuer,0.431,0.455,0.150,0.148,0.00
6169,Runner,0.431,0.455,0.070,0.098,0.00
6170,Runner,0.431,0.455,0.128,0.139,1.00
6171,Pursuer,0.431,0.455,0.171,0.132,0.00
6172,Pursuer,0.431,0.455,0.141,0.133,0.00
6173,Runner,0.431,0.455,0.132,0.178,0.00
6174,Pursuer,0.431,0.455,0.136,0.115,0.00
6175,Runner,0.431,0.455,0.180,0.150,2.40
6176,Runner,0.431,0.455,0.109,0.146,0.02
6177,Runner,0.431,0.455,0.192,0.132,0.00
6178,Runner,0.431,0.455,0.129,0.140,0.00
6179,Runner,0.431,0.455,0.137,0.142,3.50
6180,Pursuer,0.431,0.455,0.179,0.150,0.00
6181,Runner,0.431,0.455,0.100,0.104,0.00
6182,Pursuer,0.431,0.455,0.129,0.183,0.00
6183,Runner,0.431,0.455,0.118,0.105,0.00
6184,Pursuer,0.431,0.455,0.141,0.149,0.00
6185,Pursuer,0.431,0.455,0.138,0.121,0.00
6186,Pursuer,0.431,0.455,0.138,0.135,0.00
6187,Runner,0.431,0.455,0.144,0.138,0.00
6188,Draw,0.431,0.455,0.132,0.140,11.78
6189,Pursuer,0.431,0.455,0.128,0.128,0.00
6190,Pursuer,0.431,0.455,0.158,0.142,0.00
6191,Pursuer,0.431,0.455,0.145,0.131,0.00
6192,Pursuer,0.431,0.455,0.167,0.138,0.00
6193,Pursuer,0.431,0.456,0.144,0.113,0.00
6194,Pursuer,0.431,0.456,0.125,0.115,0.00
6195,Pursuer,0.431,0.456,0.122,0.131,0.00
6196,Runner,0.431,0.456,0.147,0.138,2.10
6197,Runner,0.431,0.456,0.141,0.139,2.22
6198,Pursuer,0.431,0.456,0.129,0.104,0.00
6199,Draw,0.431,0.456,0.141,0.144,18.54
6200,Pursuer,0.430,0.456,0.124,0.126,0.00
6201,Runner,0.431,0.456,0.161,0.164,0.00
6202,Pursuer,0.431,0.456,0.130,0.116,0.00
6203,Runner,0.431,0.456,0.119,0.131,0.00
6204,Pursuer,0.431,0.456,0.151,0.107,0.00
6205,Runner,0.431,0.456,0.146,0.122,0.00
6206,Pursuer,0.431,0.456,0.136,0.127,0.00
6207,Pursuer,0.430,0.456,0.132,0.129,0.00
6208,Pursuer,0.430,0.456,0.118,0.096,0.00
6209,Pursuer,0.430,0.456,0.143,0.138,0.00
6210,Pursuer,0.430,0.456,0.138,0.130,0.00
6211,Pursuer,0.430,0.456,0.129,0.148,0.00
6212,Runner,0.430,0.456,0.122,0.136,0.00
6213,Runner,0.430,0.456,0.130,0.146,0.00
6214,Runner,0.430,0.456,0.141,0.145,1.00
6215,Pursuer,0.430,0.456,0.143,0.141,0.00
6216,Pursuer,0.430,0.456,0.129,0.155,0.00
6217,Runner,0.430,0.456,0.133,0.127,2.16
6218,Pursuer,0.430,0.456,0.089,0.215,0.00
6219,Runner,0.430,0.456,0.114,0.161,2.14
6220,Pursuer,0.430,0.456,0.132,0.139,0.00
6221,Pursuer,0.430,0.456,0.140,0.106,0.00
6222,Runner,0.430,0.456,0.129,0.125,0.32
6223,Pursuer,0.430,0.456,0.140,0.124,0.00
6224,Pursuer,0.430,0.456,0.171,0.174,0.00
6225,Pursuer,0.430,0.456,0.116,0.146,0.00
6226,Runner,0.430,0.456,0.106,0.129,0.00
6227,Pursuer,0.430,0.456,0.127,0.112,0.00
6228,Runner,0.430,0.456,0.149,0.128,0.90
6229,Runner,0.430,0.456,0.141,0.125,1.00
6230,Pursuer,0.430,0.456,0.000,0.000,0.00
6231,Runner,0.430,0.456,0.129,0.170,0.00
6232,Pursuer,0.430,0.456,0.149,0.131,0.00
6233,Draw,0.430,0.456,0.135,0.137,15.60
6234,Runner,0.430,0.456,0.157,0.139,2.34
6235,Runner,0.430,0.456,0.127,0.131,5.16
6236,Pursuer,0.430,0.456,0.136,0.169,0.00
6237,Draw,0.430,0.456,0.136,0.146,19.52
6238,Runner,0.430,0.456,0.125,0.203,0.00
6239,Pursuer,0.430,0.456,0.174,0.123,0.00
6240,Runner,0.430,0.456,0.135,0.130,0.00
6241,Pursuer,0.430,0.456,0.145,0.174,0.00
6242,Pursuer,0.430,0.456,0.126,0.126,0.00
6243,Pursuer,0.430,0.456,0.140,0.138,0.00
6244,Runner,0.430,0.456,0.135,0.148,1.90
6245,Pursuer,0.430,0.456,0.125,0.156,0.00
6246,Runner,0.430,0.456,0.153,0.145,1.66
6247,Runner,0.430,0.456,0.096,0.109,0.06
6248,Pursuer,0.430,0.456,0.138,0.130,0.00
6249,Pursuer,0.430,0.456,0.128,0.128,0.00
6250,Runner,0.430,0.456,0.140,0.138,0.00
6251,Runner,0.430,0.456,0.156,0.115,0.62
6252,Pursuer,0.430,0.456,0.135,0.132,0.00
6253,Runner,0.431,0.456,0.128,0.146,2.84
6254,Pursuer,0.430,0.456,0.149,0.116,0.00
6255,Runner,0.431,0.456,0.133,0.151,11.22
6256,Pursuer,0.430,0.456,0.136,0.129,0.00
6257,Pursuer,0.430,0.456,0.112,0.140,0.00
6258,Pursuer,0.430,0.457,0.117,0.084,0.00
6259,Runner,0.430,0.456,0.129,0.124,2.28
6260,Pursuer,0.430,0.457,0.152,0.150,0.00
6261,Runner,0.430,0.456,0.113,0.127,3.90
6262,Pursuer,0.430,0.457,0.117,0.123,0.00
6263,Pursuer,0.430,0.457,0.130,0.122,0.00
6264,Pursuer,0.430,0.457,0.119,0.123,0.00
6265,Pursuer,0.430,0.457,0.123,0.124,0.00
6266,Runner,0.430,0.457,0.134,0.149,0.00
6267,Runner,0.430,0.457,0.088,0.128,1.74
6268,Runner,0.430,0.457,0.148,0.113,2.38
6269,Runner,0.431,0.457,0.164,0.180,0.00
6270,Pursuer,0.430,0.457,0.143,0.129,0.00
6271,Pursuer,0.430,0.457,0.156,0.149,0.00
6272,Runner,0.430,0.457,0.135,0.154,0.00
6273,Pursuer,0.430,0.457,0.117,0.141,0.00
6274,Pursuer,0.430,0.457,0.131,0.142,0.00
6275,Pursuer,0.430,0.457,0.113,0.146,0.00
6276,Runner,0.430,0.457,0.128,0.141,0.00
6277,Runner,0.430,0.457,0.136,0.124,0.00
6278,Pursuer,0.430,0.457,0.111,0.118,0.00
6279,Runner,0.430,0.457,0.110,0.155,1.08
6280,Pursuer,0.430,0.457,0.133,0.137,0.00
6281,Runner,0.431,0.457,0.132,0.134,1.44
6282,Runner,0.431,0.457,0.136,0.122,0.00
6283,Runner,0.431,0.457,0.120,0.141,7.60
6284,Runner,0.431,0.457,0.144,0.151,3.54
6285,Runner,0.431,0.456,0.153,0.135,0.24
6286,Pursuer,0.431,0.457,0.200,0.183,0.00
6287,Pursuer,0.431,0.457,0.139,0.207,0.00
6288,Runner,0.431,0.457,0.128,0.115,0.00
6289,Runner,0.431,0.457,0.145,0.119,0.10
6290,Pursuer,0.431,0.457,0.137,0.156,0.00
6291,Pursuer,0.431,0.457,0.112,0.108,0.00
6292,Pursuer,0.431,0.457,0.144,0.110,0.00
6293,Pursuer,0.431,0.457,0.145,0.135,0.00
6294,Pursuer,0.431,0.457,0.135,0.127,0.00
6295,Runner,0.431,0.457,0.179,0.134,0.00
6296,Runner,0.431,0.457,0.135,0.130,0.00
6297,Runner,0.431,0.457,0.140,0.129,3.04
6298,Runner,0.431,0.457,0.147,0.127,0.00
6299,Pursuer,0.431,0.457,0.126,0.137,0.00
6300,Runner,0.431,0.457,0.165,0.120,0.00
6301,Runner,0.431,0.457,0.129,0.145,0.00
6302,Pursuer,0.431,0.457,0.154,0.152,0.00
6303,Runner,0.431,0.457,0.148,0.139,7.82
6304,Runner,0.431,0.457,0.175,0.173,0.00
6305,Runner,0.431,0.456,0.169,0.125,2.42
6306,Runner,0.431,0.456,0.142,0.160,0.00
6307,Pursuer,0.431,0.456,0.143,0.132,0.00
6308,Runner,0.431,0.456,0.143,0.141,2.98
6309,Pursuer,0.431,0.456,0.127,0.113,0.00
6310,Runner,0.431,0.456,0.146,0.138,0.00
6311,Pursuer,0.431,0.457,0.000,0.000,0.00
6312,Pursuer,0.431,0.457,0.152,0.150,0.00
6313,Runner,0.431,0.457,0.134,0.145,2.42
6314,Runner,0.431,0.456,0.145,0.130,0.06
6315,Runner,0.432,0.456,0.152,0.146,1.06
6316,Runner,0.432,0.456,0.114,0.141,0.00
6317,Pursuer,0.432,0.456,0.611,0.437,0.00
6318,Pursuer,0.431,0.456,0.139,0.144,0.00
6319,Runner,0.432,0.456,0.100,0.179,0.66
6320,Pursuer,0.431,0.456,0.148,0.124,0.00
6321,Runner,0.432,0.456,0.136,0.160,3.26
6322,Runner,0.432,0.456,0.123,0.173,0.30
6323,Draw,0.432,0.456,0.147,0.148,16.96
6324,Runner,0.432,0.456,0.126,0.098,0.00
6325,Runner,0.432,0.456,0.136,0.135,5.16
6326,Pursuer,0.432,0.456,0.160,0.148,0.00
6327,Runner,0.432,0.456,0.130,0.136,7.94
6328,Runner,0.432,0.456,0.119,0.109,0.00
6329,Pursuer,0.432,0.456,0.132,0.132,0.00
6330,Pursuer,0.432,0.456,0.156,0.111,0.00
6331,Runner,0.432,0.456,0.129,0.135,3.04
6332,Pursuer,0.432,0.456,0.120,0.138,0.00
6333,Pursuer,0.432,0.456,0.085,0.133,0.00
6334,Runner,0.432,0.456,0.141,0.136,2.72
6335,Pursuer,0.432,0.456,0.000,0.000,0.00
6336,Pursuer,0.432,0.456,0.150,0.135,0.00
6337,Runner,0.432,0.456,0.185,0.133,1.04
6338,Runner,0.432,0.456,0.116,0.116,0.58
6339,Runner,0.432,0.456,0.166,0.130,0.00
6340,Pursuer,0.432,0.456,0.133,0.135,0.00
6341,Runner,0.432,0.456,0.142,0.116,0.00
6342,Runner,0.432,0.456,0.123,0.139,2.58
6343,Pursuer,0.432,0.456,0.131,0.174,0.00
6344,Runner,0.432,0.456,0.147,0.126,0.00
6345,Pursuer,0.432,0.456,0.164,0.171,0.00
6346,Draw,0.432,0.456,0.140,0.136,17.58
6347,Runner,0.432,0.456,0.135,0.134,3.06
6348,Runner,0.432,0.456,0.142,0.134,0.00
6349,Draw,0.432,0.456,0.147,0.146,0.00
6350,Pursuer,0.432,0.456,0.167,0.119,0.00
6351,Pursuer,0.432,0.456,0.144,0.122,0.00
6352,Runner,0.432,0.456,0.133,0.125,0.00
6353,Runner,0.432,0.456,0.132,0.140,1.96
6354,Runner,0.432,0.456,0.111,0.159,3.34
6355,Pursuer,0.432,0.456,0.140,0.141,0.00
6356,Runner,0.432,0.456,0.106,0.130,1.62
6357,Pursuer,0.432,0.456,0.129,0.149,0.00
6358,Runner,0.432,0.456,0.113,0.129,0.94
6359,Pursuer,0.432,0.456,0.134,0.128,0.00
6360,Runner,0.432,0.456,0.134,0.146,1.02
6361,Runner,0.432,0.456,0.128,0.172,3.04
6362,Runner,0.432,0.456,0.119,0.100,0.00
6363,Runner,0.433,0.456,0.160,0.129,1.22
6364,Pursuer,0.432,0.456,0.128,0.136,0.00
6365,Draw,0.432,0.456,0.143,0.137,12.02
6366,Pursuer,0.432,0.456,0.140,0.139,0.00
6367,Pursuer,0.432,0.456,0.126,0.158,0.00
6368,Pursuer,0.432,0.456,0.118,0.106,0.00
6369,Pursuer,0.432,0.456,0.155,0.130,0.00
6370,Runner,0.432,0.456,0.130,0.150,2.50
6371,Pursuer,0.432,0.456,0.143,0.145,0.00
6372,Runner,0.432,0.456,0.093,0.067,0.00
6373,Pursuer,0.432,0.456,0.141,0.121,0.00
6374,Runner,0.432,0.456,0.115,0.155,1.00
6375,Runner,0.432,0.456,0.142,0.131,2.76
6376,Pursuer,0.432,0.456,0.168,0.137,0.00
6377,Runner,0.432,0.456,0.125,0.118,1.60
6378,Runner,0.432,0.456,0.119,0.139,0.00
6379,Runner,0.433,0.456,0.133,0.155,1.26
6380,Runner,0.433,0.456,0.251,0.048,0.00
6381,Runner,0.433,0.456,0.120,0.161,0.00
6382,Runner,0.433,0.456,0.134,0.122,4.92
6383,Runner,0.433,0.456,0.129,0.163,0.00
6384,Runner,0.433,0.456,0.152,0.158,2.56
6385,Pursuer,0.433,0.456,0.105,0.123,0.00
6386,Pursuer,0.433,0.456,0.135,0.123,0.00
6387,Runner,0.433,0.456,0.135,0.112,0.00
6388,Pursuer,0.433,0.456,0.131,0.154,0.00
6389,Pursuer,0.433,0.456,0.137,0.150,0.00
6390,Pursuer,0.433,0.456,0.170,0.149,0.00
6391,Runner,0.433,0.456,0.123,0.137,0.00
6392,Pursuer,0.433,0.456,0.119,0.130,0.00
6393,Pursuer,0.433,0.456,0.117,0.132,0.00
6394,Runner,0.433,0.456,0.123,0.128,1.64
6395,Pursuer,0.433,0.456,0.121,0.123,0.00
6396,Pursuer,0.433,0.456,0.132,0.140,0.00
6397,Runner,0.433,0.456,0.133,0.156,1.92
6398,Runner,0.433,0.456,0.102,0.180,0.00
6399,Runner,0.433,0.456,0.166,0.145,0.76
6400,Runner,0.433,0.456,0.125,0.112,1.82
6401,Pursuer,0.433,0.456,0.127,0.132,0.00
6402,Runner,0.433,0.456,0.115,0.155,2.64
6403,Runner,0.433,0.456,0.116,0.141,0.90
6404,Runner,0.433,0.456,0.190,0.124,0.00
6405,Runner,0.433,0.456,0.132,0.122,0.00
6406,Pursuer,0.433,0.456,0.000,0.000,0.00
6407,Pursuer,0.433,0.456,0.153,0.147,0.00
6408,Runner,0.433,0.456,0.197,0.117,0.76
6409,Runner,0.433,0.456,0.147,0.136,0.36
6410,Pursuer,0.433,0.456,0.142,0.134,0.00
6411,Pursuer,0.433,0.456,0.114,0.151,0.00
6412,Runner,0.433,0.456,0.120,0.154,0.64
6413,Pursuer,0.433,0.456,0.358,0.474,0.00
6414,Runner,0.433,0.456,0.121,0.142,0.00
6415,Pursuer,0.433,0.456,0.139,0.134,0.00
6416,Runner,0.433,0.456,0.148,0.167,4.40
6417,Runner,0.433,0.456,0.148,0.136,0.04
6418,Runner,0.433,0.456,0.133,0.111,2.34
6419,Pursuer,0.433,0.456,0.153,0.153,0.00
6420,Runner,0.433,0.456,0.146,0.122,0.22
6421,Runner,0.434,0.456,0.098,0.156,0.00
6422,Pursuer,0.434,0.456,0.149,0.141,0.00
6423,Runner,0.434,0.456,0.148,0.151,0.02
6424,Runner,0.434,0.455,0.156,0.158,0.00
6425,Pursuer,0.434,0.456,0.139,0.136,0.00
6426,Pursuer,0.434,0.456,0.113,0.028,0.00
6427,Runner,0.434,0.456,0.123,0.123,0.00
6428,Pursuer,0.434,0.456,0.213,0.191,0.00
6429,Runner,0.434,0.456,0.118,0.129,1.98
6430,Pursuer,0.434,0.456,0.139,0.152,0.00
6431,Pursuer,0.434,0.456,0.184,0.181,0.00
6432,Pursuer,0.433,0.456,0.123,0.115,0.00
6433,Pursuer,0.433,0.456,0.143,0.169,0.00
6434,Pursuer,0.433,0.456,0.115,0.125,0.00
6435,Pursuer,0.433,0.456,0.378,0.252,0.00
6436,Pursuer,0.433,0.456,0.138,0.127,0.00
6437,Pursuer,0.433,0.456,0.143,0.133,0.00
6438,Runner,0.433,0.456,0.158,0.113,2.10
6439,Pursuer,0.433,0.456,0.109,0.129,0.00
6440,Runner,0.433,0.456,0.124,0.126,0.72
6441,Pursuer,0.433,0.456,0.128,0.141,0.00
6442,Runner,0.433,0.456,0.128,0.126,3.56
6443,Pursuer,0.433,0.456,0.146,0.143,0.00
6444,Runner,0.433,0.456,0.132,0.146,1.14
6445,Runner,0.433,0.456,0.118,0.136,3.20
6446,Pursuer,0.433,0.456,0.145,0.152,0.00
6447,Pursuer,0.433,0.456,0.131,0.136,0.00
6448,Runner,0.433,0.456,0.159,0.131,0.00
6449,Runner,0.433,0.456,0.118,0.109,1.26
6450,Pursuer,0.433,0.456,0.135,0.125,0.00
6451,Runner,0.433,0.456,0.130,0.144,1.54
6452,Runner,0.434,0.456,0.119,0.161,0.16
6453,Runner,0.434,0.456,0.109,0.121,0.00
6454,Runner,0.434,0.456,0.140,0.110,0.00
6455,Runner,0.434,0.456,0.116,0.136,0.00
6456,Runner,0.434,0.456,0.127,0.157,1.06
6457,Pursuer,0.434,0.456,0.132,0.138,0.00
6458,Pursuer,0.434,0.456,0.120,0.157,0.00
6459,Draw,0.434,0.456,0.130,0.143,16.60
6460,Pursuer,0.434,0.456,0.118,0.159,0.00
6461,Pursuer,0.434,0.456,0.131,0.136,0.00
6462,Runner,0.434,0.456,0.143,0.119,0.00
6463,Pursuer,0.434,0.456,0.135,0.122,0.00
6464,Pursuer,0.433,0.456,0.096,0.113,0.00
6465,Pursuer,0.433,0.456,0.161,0.135,0.00
6466,Pursuer,0.433,0.456,0.139,0.145,0.00
6467,Pursuer,0.433,0.456,0.105,0.118,0.00
6468,Pursuer,0.433,0.457,0.123,0.126,0.00
6469,Runner,0.433,0.456,0.139,0.153,3.26
6470,Runner,0.433,0.456,0.136,0.124,3.84
6471,Pursuer,0.433,0.456,0.133,0.136,0.00
6472,Pursuer,0.433,0.457,0.131,0.139,0.00
6473,Pursuer,0.433,0.457,0.135,0.112,0.00
6474,Pursuer,0.433,0.457,0.136,0.168,0.00
6475,Runner,0.433,0.457,0.146,0.118,1.12
6476,Draw,0.433,0.457,0.122,0.151,16.26
6477,Pursuer,0.433,0.457,0.137,0.132,0.00
6478,Runner,0.433,0.457,0.125,0.149,0.00
6479,Runner,0.433,0.457,0.145,0.119,2.08
6480,Runner,0.433,0.456,0.164,0.155,1.40
6481,Pursuer,0.433,0.457,0.107,0.125,0.00
6482,Runner,0.433,0.456,0.595,0.655,0.00
6483,Pursuer,0.433,0.457,0.175,0.119,0.00
6484,Pursuer,0.433,0.457,0.139,0.145,0.00
6485,Pursuer,0.433,0.457,0.180,0.109,0.00
6486,Pursuer,0.433,0.457,0.322,0.076,0.00
6487,Runner,0.433,0.457,0.137,0.131,0.00
6488,Pursuer,0.433,0.457,0.145,0.136,0.00
6489,Pursuer,0.433,0.457,0.140,0.143,0.00
6490,Runner,0.433,0.457,0.176,0.168,0.00
6491,Runner,0.433,0.457,0.131,0.110,0.00
6492,Runner,0.433,0.457,0.142,0.137,0.00
6493,Pursuer,0.433,0.457,0.146,0.125,0.00
6494,Pursuer,0.433,0.457,0.131,0.117,0.00
6495,Pursuer,0.433,0.457,0.104,0.176,0.00
6496,Runner,0.433,0.457,0.162,0.158,0.00
6497,Runner,0.433,0.457,0.127,0.243,0.34
6498,Runner,0.433,0.457,0.129,0.115,0.00
6499,Runner,0.433,0.457,0.148,0.136,1.26
6500,Draw,0.433,0.457,0.143,0.151,0.00
6501,Runner,0.433,0.457,0.189,0.135,0.00
6502,Runner,0.434,0.456,0.176,0.167,0.00
6503,Pursuer,0.433,0.457,0.138,0.154,0.00
6504,Runner,0.434,0.456,0.127,0.148,0.04
6505,Pursuer,0.434,0.457,0.143,0.100,0.00
6506,Runner,0.434,0.457,0.143,0.153,0.00
6507,Runner,0.434,0.456,0.130,0.139,1.44
6508,Pursuer,0.434,0.457,0.144,0.205,0.00
6509,Pursuer,0.434,0.457,0.148,0.123,0.00
6510,Draw,0.433,0.457,0.134,0.145,7.60
6511,Pursuer,0.433,0.457,0.134,0.145,0.00
6512,Pursuer,0.433,0.457,0.123,0.131,0.00
6513,Draw,0.433,0.457,0.148,0.145,16.04
6514,Pursuer,0.433,0.457,0.129,0.149,0.00
6515,Pursuer,0.433,0.457,0.127,0.139,0.00
6516,Runner,0.433,0.457,0.132,0.103,0.00
6517,Runner,0.433,0.457,0.113,0.132,0.00
6518,Draw,0.433,0.457,0.133,0.148,18.86
6519,Draw,0.433,0.457,0.126,0.119,16.10
6520,Pursuer,0.433,0.457,0.141,0.152,0.00
6521,Runner,0.433,0.457,0.138,0.113,0.04
6522,Pursuer,0.433,0.457,0.096,0.103,0.00
6523,Pursuer,0.433,0.457,0.146,0.137,0.00
6524,Pursuer,0.433,0.457,0.197,0.117,0.00
6525,Pursuer,0.433,0.457,0.135,0.121,0.00
6526,Pursuer,0.433,0.457,0.137,0.138,0.00
6527,Runner,0.433,0.457,0.120,0.130,0.00
6528,Runner,0.433,0.457,0.092,0.133,0.00
6529,Draw,0.433,0.457,0.147,0.146,6.04
6530,Pursuer,0.433,0.457,0.103,0.157,0.00
6531,Runner,0.433,0.457,0.129,0.137,0.04
6532,Runner,0.433,0.457,0.117,0.130,0.00
6533,Pursuer,0.433,0.457,0.155,0.122,0.00
6534,Runner,0.433,0.457,0.175,0.104,0.00
6535,Pursuer,0.433,0.457,0.143,0.123,0.00
6536,Pursuer,0.433,0.457,0.117,0.130,0.00
6537,Runner,0.433,0.457,0.114,0.105,0.06
6538,Pursuer,0.433,0.457,0.163,0.163,0.00
6539,Runner,0.433,0.457,0.135,0.147,0.00
6540,Pursuer,0.433,0.457,0.146,0.147,0.00
6541,Runner,0.433,0.457,0.119,0.144,5.02
6542,Runner,0.433,0.457,0.135,0.153,4.94
6543,Pursuer,0.433,0.457,0.306,0.119,0.00
6544,Pursuer,0.433,0.457,0.138,0.120,0.00
6545,Pursuer,0.433,0.457,0.158,0.144,0.00
6546,Runner,0.433,0.457,0.144,0.144,0.00
6547,Runner,0.433,0.457,0.138,0.107,1.88
6548,Pursuer,0.433,0.457,0.171,0.138,0.00
6549,Runner,0.433,0.457,0.157,0.133,1.94
6550,Runner,0.433,0.457,0.085,0.100,0.00
6551,Draw,0.433,0.457,0.136,0.136,14.66
6552,Runner,0.433,0.457,0.146,0.122,0.08
6553,Draw,0.433,0.457,0.142,0.131,15.46
6554,Draw,0.433,0.457,0.140,0.140,19.02
6555,Runner,0.433,0.456,0.152,0.160,0.40
6556,Runner,0.433,0.456,0.163,0.101,0.72
6557,Pursuer,0.433,0.456,0.151,0.116,0.00
6558,Pursuer,0.433,0.457,0.113,0.130,0.00
6559,Runner,0.433,0.456,0.123,0.137,6.24
6560,Pursuer,0.433,0.457,0.152,0.117,0.00
6561,Runner,0.433,0.456,0.128,0.124,0.22
6562,Runner,0.433,0.456,0.137,0.150,2.68
6563,Pursuer,0.433,0.456,0.165,0.118,0.00
6564,Pursuer,0.433,0.457,0.144,0.155,0.00
6565,Pursuer,0.433,0.457,0.027,0.053,0.00
6566,Draw,0.433,0.457,0.132,0.135,16.32
6567,Pursuer,0.433,0.457,0.144,0.135,0.00
6568,Runner,0.433,0.457,0.167,0.170,0.88
6569,Pursuer,0.433,0.457,0.137,0.148,0.00
6570,Pursuer,0.433,0.457,0.132,0.151,0.00
6571,Runner,0.433,0.457,0.123,0.142,1.42
6572,Pursuer,0.433,0.457,0.141,0.128,0.00
6573,Runner,0.433,0.457,0.146,0.137,1.06
6574,Pursuer,0.433,0.457,0.149,0.145,0.00
6575,Pursuer,0.433,0.457,0.143,0.186,0.00
6576,Draw,0.433,0.457,0.139,0.135,16.70
6577,Runner,0.433,0.457,0.131,0.128,0.00
6578,Runner,0.433,0.457,0.123,0.127,0.88
6579,Pursuer,0.433,0.457,0.147,0.176,0.00
6580,Runner,0.433,0.457,0.121,0.129,3.14
6581,Runner,0.433,0.457,0.112,0.120,0.00
6582,Pursuer,0.433,0.457,0.124,0.134,0.00
6583,Runner,0.433,0.457,0.098,0.147,1.10
6584,Runner,0.433,0.457,0.105,0.131,0.00
6585,Runner,0.433,0.456,0.178,0.139,0.00
6586,Runner,0.433,0.456,0.113,0.140,0.00
6587,Runner,0.434,0.456,0.153,0.142,0.00
6588,Runner,0.434,0.456,0.215,0.102,0.00
6589,Pursuer,0.434,0.456,0.130,0.150,0.00
6590,Pursuer,0.434,0.456,0.167,0.145,0.00
6591,Pursuer,0.433,0.457,0.099,0.120,0.00
6592,Runner,0.434,0.456,0.133,0.117,0.00
6593,Pursuer,0.433,0.457,0.113,0.130,0.00
6594,Runner,0.434,0.456,0.129,0.241,0.00
6595,Runner,0.434,0.456,0.136,0.147,12.10
6596,Runner,0.434,0.456,0.128,0.145,0.24
6597,Draw,0.434,0.456,0.142,0.146,16.98
6598,Pursuer,0.434,0.456,0.143,0.119,0.00
6599,Runner,0.434,0.456,0.142,0.150,0.60
6600,Runner,0.434,0.456,0.144,0.171,0.00
6601,Pursuer,0.434,0.456,0.178,0.067,0.00
6602,Runner,0.434,0.456,0.161,0.114,0.00
6603,Pursuer,0.434,0.456,0.119,0.150,0.00
6604,Pursuer,0.434,0.456,0.175,0.148,0.00
6605,Runner,0.434,0.456,0.153,0.137,0.00
6606,Pursuer,0.434,0.456,0.155,0.118,0.00
6607,Runner,0.434,0.456,0.169,0.133,1.62
6608,Runner,0.434,0.456,0.133,0.125,1.88
6609,Runner,0.434,0.456,0.133,0.126,3.52
6610,Pursuer,0.434,0.456,0.126,0.136,0.00
6611,Pursuer,0.434,0.456,0.143,0.146,0.00
6612,Runner,0.434,0.456,0.116,0.135,0.00
6613,Pursuer,0.434,0.456,0.000,0.000,0.00
6614,Runner,0.434,0.456,0.145,0.136,0.00
6615,Runner,0.434,0.456,0.145,0.134,1.04
6616,Runner,0.434,0.456,0.144,0.146,1.98
6617,Runner,0.434,0.456,0.151,0.149,3.94
6618,Pursuer,0.434,0.456,0.161,0.149,0.00
6619,Runner,0.434,0.456,0.137,0.127,2.44
6620,Pursuer,0.434,0.456,0.119,0.148,0.00
6621,Runner,0.434,0.456,0.135,0.128,3.16
6622,Runner,0.434,0.456,0.120,0.120,0.00
6623,Runner,0.434,0.456,0.151,0.186,0.10
6624,Pursuer,0.434,0.456,0.152,0.111,0.00
6625,Pursuer,0.434,0.456,0.140,0.128,0.00
6626,Runner,0.434,0.456,0.118,0.130,0.00
6627,Pursuer,0.434,0.456,0.125,0.158,0.00
6628,Runner,0.434,0.456,0.142,0.131,2.92
6629,Runner,0.434,0.456,0.131,0.140,0.00
6630,Pursuer,0.434,0.456,0.132,0.132,0.00
6631,Pursuer,0.434,0.456,0.136,0.127,0.00
6632,Runner,0.434,0.456,0.156,0.155,0.00
6633,Runner,0.434,0.456,0.123,0.153,1.28
6634,Draw,0.434,0.456,0.141,0.142,15.84
6635,Runner,0.435,0.456,0.125,0.150,2.12
6636,Pursuer,0.434,0.456,0.096,0.116,0.00
6637,Runner,0.435,0.456,0.145,0.137,2.10
6638,Pursuer,0.434,0.456,0.157,0.147,0.00
6639,Runner,0.435,0.456,0.122,0.108,0.00
6640,Runner,0.435,0.456,0.138,0.117,0.00
6641,Runner,0.435,0.456,0.122,0.121,3.30
6642,Pursuer,0.435,0.456,0.167,0.105,0.00
6643,Pursuer,0.435,0.456,0.113,0.162,0.00
6644,Runner,0.435,0.456,0.125,0.132,0.00
6645,Runner,0.435,0.456,0.158,0.151,0.00
6646,Runner,0.435,0.456,0.143,0.145,0.00
6647,Runner,0.435,0.456,0.160,0.133,0.00
6648,Pursuer,0.435,0.456,0.164,0.177,0.00
6649,Pursuer,0.435,0.456,0.138,0.136,0.00
6650,Pursuer,0.435,0.456,0.135,0.173,0.00
6651,Runner,0.435,0.456,0.131,0.157,2.52
6652,Pursuer,0.435,0.456,0.142,0.139,0.00
6653,Pursuer,0.435,0.456,0.159,0.171,0.00
6654,Runner,0.435,0.456,0.143,0.116,0.00
6655,Runner,0.435,0.456,0.140,0.111,0.00
6656,Pursuer,0.435,0.456,0.113,0.117,0.00
6657,Pursuer,0.435,0.456,0.143,0.132,0.00
6658,Runner,0.435,0.456,0.108,0.127,2.06
6659,Pursuer,0.435,0.456,0.151,0.123,0.00
6660,Runner,0.435,0.456,0.158,0.149,0.00
6661,Pursuer,0.435,0.456,0.100,0.116,0.00
6662,Pursuer,0.435,0.456,0.141,0.133,0.00
6663,Runner,0.435,0.456,0.121,0.086,0.00
6664,Pursuer,0.435,0.456,0.112,0.135,0.00
6665,Runner,0.435,0.456,0.145,0.115,0.00
6666,Runner,0.435,0.456,0.123,0.149,2.32
6667,Pursuer,0.435,0.456,0.189,0.155,0.00
6668,Runner,0.435,0.456,0.148,0.118,0.50
6669,Pursuer,0.435,0.456,0.150,0.125,0.00
6670,Pursuer,0.435,0.456,0.123,0.143,0.00
6671,Pursuer,0.435,0.456,0.141,0.136,0.00
6672,Pursuer,0.435,0.456,0.157,0.140,0.00
6673,Pursuer,0.435,0.456,0.111,0.034,0.00
6674,Pursuer,0.435,0.457,0.152,0.117,0.00
6675,Runner,0.435,0.456,0.130,0.133,2.88
6676,Pursuer,0.435,0.457,0.131,0.124,0.00
6677,Pursuer,0.434,0.457,0.140,0.129,0.00
6678,Pursuer,0.434,0.457,0.188,0.129,0.00
6679,Runner,0.434,0.457,0.127,0.169,3.08
6680,Pursuer,0.434,0.457,0.143,0.166,0.00
6681,Runner,0.435,0.457,0.128,0.141,0.00
6682,Runner,0.435,0.457,0.115,0.117,0.00
6683,Pursuer,0.435,0.457,0.132,0.126,0.00
6684,Runner,0.435,0.457,0.151,0.148,0.00
6685,Pursuer,0.435,0.457,0.141,0.127,0.00
6686,Pursuer,0.434,0.457,0.115,0.118,0.00
6687,Pursuer,0.434,0.457,0.115,0.129,0.00
6688,Draw,0.434,0.457,0.141,0.139,9.16
6689,Runner,0.434,0.457,0.128,0.117,0.02
6690,Runner,0.435,0.457,0.167,0.126,0.00
6691,Pursuer,0.434,0.457,0.164,0.125,0.00
6692,Runner,0.435,0.457,0.151,0.145,0.08
6693,Pursuer,0.434,0.457,0.863,0.296,0.00
6694,Pursuer,0.434,0.457,0.144,0.149,0.00
6695,Runner,0.435,0.457,0.131,0.135,0.00
6696,Runner,0.435,0.457,0.085,0.159,0.00
6697,Pursuer,0.435,0.457,0.156,0.129,0.00
6698,Runner,0.435,0.457,0.124,0.164,1.36
6699,Pursuer,0.435,0.457,0.000,0.000,0.00
6700,Runner,0.435,0.457,0.132,0.144,2.88
6701,Pursuer,0.435,0.457,0.134,0.148,0.00
6702,Pursuer,0.434,0.457,0.139,0.124,0.00
6703,Draw,0.434,0.457,0.127,0.147,16.18
6704,Runner,0.435,0.457,0.140,0.155,0.00
6705,Runner,0.435,0.457,0.120,0.147,0.00
6706,Runner,0.435,0.457,0.138,0.133,1.88
6707,Pursuer,0.435,0.457,0.144,0.140,0.00
6708,Pursuer,0.435,0.457,0.148,0.155,0.00
6709,Runner,0.435,0.457,0.160,0.116,2.92
6710,Runner,0.435,0.457,0.159,0.130,0.00
6711,Runner,0.435,0.457,0.128,0.142,3.72
6712,Pursuer,0.435,0.457,0.126,0.123,0.00
6713,Runner,0.435,0.457,0.144,0.126,0.00
6714,Pursuer,0.435,0.457,0.000,0.000,0.00
6715,Pursuer,0.435,0.457,0.132,0.144,0.00
6716,Runner,0.435,0.457,0.094,0.166,0.56
6717,Pursuer,0.435,0.457,0.104,0.146,0.00
6718,Runner,0.435,0.457,0.127,0.137,3.22
6719,Pursuer,0.435,0.457,0.141,0.127,0.00
6720,Runner,0.435,0.457,0.131,0.086,0.00
6721,Draw,0.435,0.457,0.136,0.157,16.62
6722,Pursuer,0.435,0.457,0.127,0.131,0.00
6723,Runner,0.435,0.457,0.136,0.138,0.00
6724,Draw,0.435,0.457,0.143,0.134,14.58
6725,Runner,0.435,0.457,0.133,0.111,1.02
6726,Pursuer,0.435,0.457,0.925,0.559,0.00
6727,Draw,0.435,0.457,0.140,0.138,16.74
6728,Runner,0.435,0.456,0.148,0.129,3.80
6729,Runner,0.435,0.456,0.133,0.131,3.60
6730,Runner,0.435,0.456,0.139,0.131,0.00
6731,Pursuer,0.435,0.456,0.128,0.132,0.00
6732,Pursuer,0.435,0.456,0.131,0.110,0.00
6733,Pursuer,0.435,0.457,0.102,0.126,0.00
6734,Pursuer,0.435,0.457,0.140,0.138,0.00
6735,Runner,0.435,0.457,0.105,0.147,0.00
6736,Runner,0.435,0.457,0.132,0.114,0.00
6737,Runner,0.435,0.456,0.164,0.146,1.56
6738,Pursuer,0.435,0.457,0.146,0.145,0.00
6739,Pursuer,0.435,0.457,0.000,0.000,0.00
6740,Runner,0.435,0.457,0.174,0.137,0.00
6741,Runner,0.435,0.456,0.154,0.116,0.00
6742,Runner,0.435,0.456,0.100,0.123,1.34
6743,Runner,0.435,0.456,0.141,0.162,0.00
6744,Draw,0.435,0.456,0.134,0.143,15.28
6745,Pursuer,0.435,0.456,0.140,0.129,0.00
6746,Runner,0.435,0.456,0.373,0.131,0.00
6747,Pursuer,0.435,0.456,0.000,0.000,0.00
6748,Runner,0.435,0.456,0.000,0.000,0.00
6749,Pursuer,0.435,0.456,0.110,0.126,0.00
6750,Runner,0.435,0.456,0.100,0.160,0.24
6751,Pursuer,0.435,0.456,0.057,0.087,0.00
6752,Pursuer,0.435,0.456,0.124,0.138,0.00
6753,Runner,0.435,0.456,0.131,0.137,0.00
6754,Pursuer,0.435,0.456,0.130,0.136,0.00
6755,Runner,0.435,0.456,0.141,0.150,0.00
6756,Pursuer,0.435,0.456,0.143,0.148,0.00
6757,Pursuer,0.435,0.457,0.118,0.118,0.00
6758,Pursuer,0.435,0.457,0.153,0.122,0.00
6759,Pursuer,0.435,0.457,0.142,0.136,0.00
6760,Pursuer,0.435,0.457,0.045,0.110,0.00
6761,Draw,0.435,0.457,0.135,0.154,18.50
6762,Runner,0.435,0.457,0.123,0.139,0.00
6763,Runner,0.435,0.457,0.119,0.111,0.00
6764,Pursuer,0.435,0.457,0.152,0.100,0.00
6765,Runner,0.435,0.457,0.149,0.125,2.06
6766,Pursuer,0.435,0.457,0.131,0.166,0.00
6767,Runner,0.435,0.457,0.117,0.144,2.50
6768,Pursuer,0.435,0.457,0.160,0.145,0.00
6769,Pursuer,0.435,0.457,0.159,0.156,0.00
6770,Runner,0.435,0.457,0.140,0.167,0.64
6771,Pursuer,0.435,0.457,0.137,0.132,0.00
6772,Pursuer,0.435,0.457,0.130,0.130,0.00
6773,Runner,0.435,0.457,0.134,0.110,0.86
6774,Runner,0.435,0.457,0.142,0.139,0.00
6775,Runner,0.435,0.457,0.129,0.129,1.36
6776,Runner,0.435,0.457,0.126,0.144,3.92
6777,Runner,0.435,0.457,0.132,0.135,8.24
6778,Pursuer,0.435,0.457,0.141,0.120,0.00
6779,Runner,0.435,0.457,0.158,0.129,0.00
6780,Pursuer,0.435,0.457,0.156,0.113,0.00
6781,Runner,0.435,0.457,0.148,0.141,1.94
6782,Pursuer,0.435,0.457,0.135,0.103,0.00
6783,Pursuer,0.435,0.457,0.133,0.139,0.00
6784,Runner,0.435,0.457,0.164,0.184,0.40
6785,Pursuer,0.435,0.457,0.116,0.125,0.00
6786,Draw,0.435,0.457,0.149,0.139,3.20
6787,Runner,0.435,0.457,0.000,0.000,0.00
6788,Pursuer,0.435,0.457,0.152,0.133,0.00
6789,Pursuer,0.435,0.457,0.143,0.114,0.00
6790,Draw,0.435,0.457,0.122,0.136,0.00
6791,Runner,0.435,0.457,0.152,0.127,0.00
6792,Pursuer,0.435,0.457,0.152,0.160,0.00
6793,Runner,0.435,0.457,0.129,0.146,0.00
6794,Runner,0.435,0.457,0.129,0.145,2.34
6795,Draw,0.435,0.457,0.145,0.147,7.58
6796,Draw,0.435,0.456,0.118,0.137,14.62
6797,Pursuer,0.435,0.457,0.133,0.126,0.00
6798,Pursuer,0.435,0.457,0.114,0.164,0.00
6799,Runner,0.435,0.457,0.151,0.159,0.00
6800,Runner,0.435,0.456,0.129,0.133,3.28
6801,Pursuer,0.435,0.457,0.119,0.148,0.00
6802,Pursuer,0.435,0.457,0.121,0.143,0.00
6803,Pursuer,0.435,0.457,0.120,0.154,0.00
6804,Pursuer,0.435,0.457,0.105,0.118,0.00
6805,Pursuer,0.435,0.457,0.140,0.126,0.00
6806,Runner,0.435,0.457,0.135,0.140,0.00
6807,Runner,0.435,0.457,0.153,0.121,0.00
6808,Pursuer,0.435,0.457,0.126,0.138,0.00
6809,Runner,0.435,0.457,0.152,0.119,0.00
6810,Pursuer,0.435,0.457,0.143,0.143,0.00
6811,Pursuer,0.435,0.457,0.141,0.131,0.00
6812,Pursuer,0.435,0.457,0.140,0.159,0.00
6813,Runner,0.435,0.457,0.131,0.139,4.72
6814,Pursuer,0.435,0.457,0.000,0.000,0.00
6815,Pursuer,0.435,0.457,0.155,0.130,0.00
6816,Runner,0.435,0.457,0.128,0.106,0.00
6817,Pursuer,0.435,0.457,0.078,0.154,0.00
6818,Runner,0.435,0.457,0.141,0.132,0.76
6819,Runner,0.435,0.457,0.142,0.129,0.90
6820,Pursuer,0.435,0.457,0.129,0.125,0.00
6821,Runner,0.435,0.457,0.118,0.138,0.46
6822,Pursuer,0.435,0.457,0.135,0.143,0.00
6823,Pursuer,0.435,0.457,0.125,0.139,0.00
6824,Runner,0.435,0.457,0.139,0.110,0.00
6825,Runner,0.435,0.457,0.128,0.135,0.46
6826,Pursuer,0.435,0.457,0.000,0.000,0.00
6827,Pursuer,0.435,0.457,0.125,0.091,0.00
6828,Runner,0.435,0.457,0.125,0.153,0.00
6829,Pursuer,0.435,0.457,0.128,0.124,0.00
6830,Pursuer,0.435,0.457,0.117,0.123,0.00
6831,Pursuer,0.435,0.457,0.114,0.125,0.00
6832,Runner,0.435,0.457,0.131,0.136,1.98
6833,Pursuer,0.435,0.457,0.150,0.128,0.00
6834,Pursuer,0.435,0.457,0.145,0.172,0.00
6835,Pursuer,0.435,0.457,0.162,0.115,0.00
6836,Runner,0.435,0.457,0.123,0.134,0.00
6837,Pursuer,0.435,0.458,0.000,0.000,0.00
6838,Runner,0.435,0.457,0.133,0.125,1.16
6839,Draw,0.435,0.457,0.139,0.142,12.18
6840,Pursuer,0.435,0.457,0.146,0.131,0.00
6841,Pursuer,0.434,0.458,0.146,0.135,0.00
6842,Runner,0.435,0.457,0.130,0.144,2.48
6843,Pursuer,0.434,0.458,0.114,0.167,0.00
6844,Runner,0.435,0.457,0.121,0.142,0.46
6845,Pursuer,0.434,0.458,0.138,0.142,0.00
6846,Pursuer,0.434,0.458,0.146,0.126,0.00
6847,Runner,0.434,0.458,0.119,0.102,2.30
6848,Pursuer,0.434,0.458,0.149,0.141,0.00
6849,Runner,0.435,0.458,0.090,0.123,0.00
6850,Runner,0.435,0.458,0.140,0.125,2.00
6851,Pursuer,0.435,0.458,0.135,0.145,0.00
6852,Runner,0.435,0.458,0.148,0.126,1.56
6853,Runner,0.435,0.457,0.141,0.145,0.00
6854,Runner,0.435,0.457,0.136,0.119,0.00
6855,Pursuer,0.435,0.457,0.138,0.153,0.00
6856,Runner,0.435,0.457,0.185,0.187,2.00
6857,Pursuer,0.435,0.457,0.000,0.000,0.00
6858,Runner,0.435,0.457,0.125,0.150,0.90
6859,Pursuer,0.435,0.458,0.157,0.138,0.00
6860,Runner,0.435,0.457,0.138,0.167,0.00
6861,Pursuer,0.435,0.458,0.154,0.124,0.00
6862,Runner,0.435,0.457,0.127,0.121,0.12
6863,Runner,0.435,0.457,0.143,0.159,0.62
6864,Pursuer,0.435,0.457,0.140,0.140,0.00
6865,Runner,0.435,0.457,0.112,0.142,3.40
6866,Runner,0.435,0.457,0.144,0.138,3.44
6867,Runner,0.435,0.457,0.145,0.126,0.92
6868,Runner,0.435,0.457,0.127,0.151,3.60
6869,Pursuer,0.435,0.457,0.133,0.140,0.00
6870,Runner,0.435,0.457,0.108,0.133,6.56
6871,Runner,0.435,0.457,0.122,0.141,0.38
6872,Pursuer,0.435,0.457,0.122,0.150,0.00
6873,Runner,0.435,0.457,0.125,0.117,0.00
6874,Runner,0.435,0.457,0.185,0.173,0.00
6875,Draw,0.435,0.457,0.137,0.128,8.96
6876,Runner,0.435,0.457,0.127,0.149,0.00
6877,Runner,0.436,0.457,0.137,0.142,1.06
6878,Pursuer,0.435,0.457,0.000,0.000,0.00
6879,Draw,0.435,0.457,0.133,0.130,15.56
6880,Pursuer,0.435,0.457,0.140,0.127,0.00
6881,Runner,0.435,0.457,0.172,0.154,5.76
6882,Runner,0.435,0.457,0.098,0.120,1.12
6883,Pursuer,0.435,0.457,0.141,0.140,0.00
6884,Runner,0.436,0.457,0.156,0.117,0.48
6885,Pursuer,0.435,0.457,0.123,0.141,0.00
6886,Pursuer,0.435,0.457,0.150,0.139,0.00
6887,Runner,0.435,0.457,0.115,0.132,0.00
6888,Pursuer,0.435,0.457,0.121,0.150,0.00
6889,Runner,0.435,0.457,0.136,0.158,1.12
6890,Pursuer,0.435,0.457,0.133,0.110,0.00
6891,Pursuer,0.435,0.457,0.134,0.123,0.00
6892,Pursuer,0.435,0.457,0.149,0.131,0.00
6893,Runner,0.435,0.457,0.141,0.138,1.32
6894,Runner,0.435,0.457,0.076,0.155,0.00
6895,Pursuer,0.435,0.457,0.123,0.144,0.00
6896,Runner,0.435,0.457,0.122,0.142,5.68
6897,Pursuer,0.435,0.457,0.135,0.125,0.00
6898,Runner,0.435,0.457,0.163,0.133,2.76
6899,Pursuer,0.435,0.457,0.125,0.126,0.00
6900,Pursuer,0.435,0.457,0.163,0.170,0.00
6901,Runner,0.435,0.457,0.131,0.128,1.44
6902,Pursuer,0.435,0.457,0.116,0.132,0.00
6903,Runner,0.435,0.457,0.140,0.134,0.00
6904,Pursuer,0.435,0.457,0.233,0.132,0.00
6905,Pursuer,0.435,0.457,0.137,0.131,0.00
6906,Runner,0.435,0.457,0.125,0.130,2.94
6907,Pursuer,0.435,0.457,0.134,0.153,0.00
6908,Runner,0.435,0.457,0.198,0.171,0.12
6909,Runner,0.436,0.457,0.131,0.171,2.02
6910,Runner,0.436,0.457,0.110,0.117,1.30
6911,Pursuer,0.436,0.457,0.410,0.444,0.00
6912,Runner,0.436,0.457,0.117,0.125,3.12
6913,Runner,0.436,0.457,0.115,0.142,1.42
6914,Pursuer,0.436,0.457,0.167,0.128,0.00
6915,Runner,0.436,0.457,0.116,0.082,0.00
6916,Pursuer,0.436,0.457,0.135,0.131,0.00
6917,Runner,0.436,0.457,0.124,0.126,3.42
6918,Pursuer,0.436,0.457,0.139,0.132,0.00
6919,Runner,0.436,0.457,0.156,0.116,1.26
6920,Pursuer,0.436,0.457,0.144,0.145,0.00
6921,Pursuer,0.436,0.457,0.133,0.133,0.00
6922,Runner,0.436,0.457,0.133,0.108,2.26
6923,Runner,0.436,0.457,0.129,0.143,0.00
6924,Runner,0.436,0.457,0.149,0.144,0.00
6925,Runner,0.436,0.457,0.120,0.143,0.00
6926,Pursuer,0.436,0.457,0.128,0.123,0.00
6927,Runner,0.436,0.457,0.124,0.143,0.26
6928,Draw,0.436,0.457,0.141,0.141,18.40
6929,Pursuer,0.436,0.457,0.125,0.124,0.00
6930,Pursuer,0.436,0.457,0.134,0.140,0.00
6931,Runner,0.436,0.457,0.142,0.151,1.80
6932,Runner,0.436,0.457,0.133,0.115,0.00
6933,Pursuer,0.436,0.457,0.187,0.180,0.00
6934,Pursuer,0.436,0.457,0.126,0.165,0.00
6935,Runner,0.436,0.457,0.113,0.088,0.00
6936,Draw,0.436,0.457,0.127,0.146,10.10
6937,Pursuer,0.436,0.457,0.132,0.152,0.00
6938,Pursuer,0.436,0.457,0.123,0.128,0.00
6939,Draw,0.436,0.457,0.143,0.128,16.72
6940,Pursuer,0.436,0.457,0.160,0.144,0.00
6941,Runner,0.436,0.457,0.141,0.142,0.00
6942,Runner,0.436,0.457,0.159,0.135,2.12
6943,Runner,0.436,0.457,0.125,0.145,2.30
6944,Pursuer,0.436,0.457,0.144,0.147,0.00
6945,Runner,0.436,0.457,0.116,0.137,0.78
6946,Draw,0.436,0.457,0.138,0.144,16.36
6947,Runner,0.436,0.457,0.127,0.176,1.06
6948,Runner,0.436,0.457,0.155,0.124,1.54
6949,Runner,0.436,0.457,0.137,0.130,7.94
6950,Draw,0.436,0.457,0.134,0.119,0.06
6951,Runner,0.436,0.457,0.154,0.126,0.00
6952,Pursuer,0.436,0.457,0.136,0.127,0.00
6953,Runner,0.436,0.457,0.158,0.146,1.24
6954,Runner,0.436,0.457,0.127,0.128,3.88
6955,Runner,0.436,0.457,0.128,0.151,0.00
6956,Runner,0.436,0.456,0.134,0.143,0.00
6957,Draw,0.436,0.456,0.151,0.129,12.68
6958,Runner,0.436,0.456,0.143,0.148,0.00
6959,Runner,0.436,0.456,0.139,0.153,0.00
6960,Pursuer,0.436,0.456,0.144,0.138,0.00
6961,Runner,0.436,0.456,0.120,0.134,0.00
6962,Pursuer,0.436,0.456,0.162,0.118,0.00
6963,Pursuer,0.436,0.456,0.103,0.089,0.00
6964,Pursuer,0.436,0.456,0.149,0.127,0.00
6965,Pursuer,0.436,0.457,0.109,0.130,0.00
6966,Pursuer,0.436,0.457,0.145,0.152,0.00
6967,Runner,0.436,0.457,0.147,0.136,6.70
6968,Runner,0.436,0.457,0.147,0.116,0.00
6969,Runner,0.436,0.456,0.144,0.155,7.32
6970,Runner,0.436,0.456,0.144,0.135,0.00
6971,Runner,0.437,0.456,0.144,0.130,4.42
6972,Pursuer,0.436,0.456,0.129,0.135,0.00
6973,Runner,0.437,0.456,0.140,0.110,0.00
6974,Pursuer,0.436,0.456,0.145,0.135,0.00
6975,Runner,0.437,0.456,0.140,0.161,0.20
6976,Runner,0.437,0.456,0.129,0.125,2.98
6977,Pursuer,0.437,0.456,0.128,0.098,0.00
6978,Draw,0.437,0.456,0.120,0.136,15.82
6979,Runner,0.437,0.456,0.107,0.128,3.74
6980,Runner,0.437,0.456,0.097,0.100,0.00
6981,Pursuer,0.437,0.456,0.179,0.118,0.00
6982,Pursuer,0.437,0.456,0.172,0.126,0.00
6983,Pursuer,0.436,0.456,0.140,0.136,0.00
6984,Runner,0.437,0.456,0.168,0.132,1.60
6985,Pursuer,0.437,0.456,0.117,0.123,0.00
6986,Runner,0.437,0.456,0.145,0.133,0.00
6987,Pursuer,0.437,0.456,0.159,0.139,0.00
6988,Pursuer,0.436,0.456,0.129,0.124,0.00
6989,Runner,0.437,0.456,0.147,0.114,5.30
6990,Runner,0.437,0.456,0.107,0.141,0.00
6991,Pursuer,0.437,0.456,0.160,0.123,0.00
6992,Pursuer,0.436,0.457,0.106,0.088,0.00
6993,Runner,0.437,0.456,0.140,0.135,1.22
6994,Pursuer,0.437,0.457,0.157,0.118,0.00
6995,Pursuer,0.436,0.457,0.218,0.110,0.00
6996,Runner,0.437,0.457,0.123,0.143,0.00
6997,Runner,0.437,0.456,0.147,0.147,3.10
6998,Draw,0.437,0.456,0.140,0.145,18.50
6999,Pursuer,0.436,0.456,0.128,0.144,0.00
7000,Runner,0.437,0.456,0.131,0.158,0.00
7001,Pursuer,0.437,0.457,0.137,0.116,0.00
7002,Pursuer,0.436,0.457,0.146,0.150,0.00
7003,Pursuer,0.436,0.457,0.133,0.127,0.00
7004,Draw,0.436,0.457,0.138,0.159,19.98
7005,Pursuer,0.436,0.457,0.142,0.089,0.00
7006,Runner,0.436,0.457,0.117,0.110,1.60
7007,Runner,0.436,0.457,0.113,0.138,0.00
7008,Runner,0.437,0.456,0.143,0.151,4.48
7009,Pursuer,0.436,0.457,0.141,0.123,0.00
7010,Pursuer,0.436,0.457,0.134,0.155,0.00
7011,Runner,0.436,0.457,0.150,0.147,0.00
7012,Pursuer,0.436,0.457,0.000,0.000,0.00
7013,Runner,0.436,0.457,0.113,0.131,0.96
7014,Runner,0.437,0.457,0.153,0.119,0.06
7015,Runner,0.437,0.456,0.142,0.114,0.56
7016,Runner,0.437,0.456,0.132,0.125,3.18
7017,Pursuer,0.437,0.456,0.142,0.128,0.00
7018,Runner,0.437,0.456,0.143,0.134,2.00
7019,Pursuer,0.437,0.456,0.153,0.147,0.00
7020,Runner,0.437,0.456,0.145,0.158,0.00
7021,Runner,0.437,0.456,0.151,0.107,0.90
7022,Runner,0.437,0.456,0.143,0.130,3.66
7023,Runner,0.437,0.456,0.108,0.139,0.00
7024,Runner,0.437,0.456,0.140,0.148,0.00
7025,Runner,0.437,0.456,0.129,0.144,4.04
7026,Pursuer,0.437,0.456,0.000,0.000,0.00
7027,Runner,0.437,0.456,0.143,0.168,0.34
7028,Pursuer,0.437,0.456,0.126,0.124,0.00
7029,Pursuer,0.437,0.456,0.146,0.132,0.00
7030,Runner,0.437,0.456,0.141,0.156,0.62
7031,Pursuer,0.437,0.456,0.138,0.155,0.00
7032,Runner,0.437,0.456,0.000,0.000,0.00
7033,Pursuer,0.437,0.456,0.128,0.131,0.00
7034,Pursuer,0.437,0.456,0.119,0.126,0.00
7035,Runner,0.437,0.456,0.122,0.145,2.88
7036,Runner,0.437,0.456,0.138,0.133,0.00
7037,Pursuer,0.437,0.456,0.207,0.181,0.00
7038,Pursuer,0.437,0.456,0.140,0.141,0.00
7039,Pursuer,0.437,0.456,0.135,0.135,0.00
7040,Runner,0.437,0.456,0.130,0.145,0.00
7041,Runner,0.437,0.456,0.162,0.138,0.00
7042,Pursuer,0.437,0.456,0.120,0.119,0.00
7043,Pursuer,0.437,0.456,0.159,0.129,0.00
7044,Runner,0.437,0.456,0.153,0.145,0.14
7045,Pursuer,0.437,0.456,0.088,0.239,0.00
7046,Runner,0.437,0.456,0.146,0.120,0.58
7047,Pursuer,0.437,0.457,0.137,0.156,0.00
7048,Pursuer,0.437,0.457,0.154,0.123,0.00
7049,Runner,0.437,0.457,0.122,0.162,0.00
7050,Pursuer,0.437,0.457,0.135,0.137,0.00
7051,Draw,0.437,0.457,0.122,0.153,13.82
7052,Runner,0.437,0.456,0.145,0.128,1.30
7053,Runner,0.437,0.456,0.143,0.125,1.60
7054,Pursuer,0.437,0.456,0.123,0.109,0.00
7055,Runner,0.437,0.456,0.120,0.179,1.16
7056,Runner,0.437,0.456,0.136,0.113,3.60
7057,Pursuer,0.437,0.456,0.114,0.106,0.00
7058,Runner,0.437,0.456,0.073,0.137,0.00
7059,Pursuer,0.437,0.456,0.131,0.143,0.00
7060,Runner,0.437,0.456,0.095,0.153,1.68
7061,Pursuer,0.437,0.456,0.125,0.119,0.00
7062,Runner,0.437,0.456,0.145,0.137,3.28
7063,Runner,0.437,0.456,0.175,0.137,0.88
7064,Pursuer,0.437,0.456,0.163,0.121,0.00
7065,Runner,0.437,0.456,0.113,0.128,0.00
7066,Pursuer,0.437,0.456,0.148,0.127,0.00
7067,Runner,0.437,0.456,0.140,0.177,3.64
7068,Pursuer,0.437,0.456,0.141,0.121,0.00
7069,Runner,0.437,0.456,0.113,0.148,0.00
7070,Pursuer,0.437,0.456,0.242,0.146,0.00
7071,Pursuer,0.437,0.457,0.086,0.121,0.00
7072,Runner,0.437,0.456,0.146,0.130,5.80
7073,Runner,0.437,0.456,0.142,0.142,0.70
7074,Pursuer,0.437,0.456,0.133,0.122,0.00
7075,Runner,0.437,0.456,0.181,0.136,1.66
7076,Pursuer,0.437,0.456,0.111,0.132,0.00
7077,Draw,0.437,0.456,0.145,0.145,17.30
7078,Draw,0.437,0.456,0.133,0.116,1.06
7079,Pursuer,0.437,0.456,0.098,0.146,0.00
7080,Pursuer,0.437,0.456,0.139,0.140,0.00
7081,Runner,0.437,0.456,0.160,0.116,0.00
7082,Runner,0.437,0.456,0.148,0.115,0.22
7083,Pursuer,0.437,0.456,0.141,0.112,0.00
7084,Runner,0.437,0.456,0.152,0.187,0.00
7085,Runner,0.437,0.456,0.132,0.121,0.66
7086,Pursuer,0.437,0.456,0.142,0.113,0.00
7087,Runner,0.437,0.456,0.122,0.113,0.00
7088,Pursuer,0.437,0.456,0.157,0.140,0.00
7089,Runner,0.437,0.456,0.139,0.114,2.44
7090,Runner,0.438,0.456,0.124,0.149,1.44
7091,Runner,0.438,0.456,0.108,0.112,0.00
7092,Runner,0.438,0.456,0.160,0.163,0.00
7093,Pursuer,0.438,0.456,0.140,0.127,0.00
7094,Runner,0.438,0.456,0.129,0.117,0.32
7095,Pursuer,0.438,0.456,0.000,0.000,0.00
7096,Runner,0.438,0.456,0.122,0.136,2.96
7097,Runner,0.438,0.456,0.153,0.142,5.42
7098,Pursuer,0.438,0.456,0.115,0.143,0.00
7099,Runner,0.438,0.456,0.142,0.131,1.30
7100,Runner,0.438,0.456,0.137,0.135,0.24
7101,Pursuer,0.438,0.456,0.146,0.134,0.00
7102,Runner,0.438,0.456,0.129,0.160,1.90
7103,Runner,0.438,0.456,0.127,0.124,3.48
7104,Runner,0.438,0.456,0.120,0.169,1.90
7105,Draw,0.438,0.456,0.137,0.153,19.98
7106,Pursuer,0.438,0.456,0.146,0.159,0.00
7107,Runner,0.438,0.456,0.126,0.160,0.00
7108,Pursuer,0.438,0.456,0.127,0.116,0.00
7109,Pursuer,0.438,0.456,0.102,0.139,0.00
7110,Runner,0.438,0.456,0.169,0.084,0.00
7111,Pursuer,0.438,0.456,0.146,0.147,0.00
7112,Runner,0.438,0.456,0.124,0.125,0.00
7113,Runner,0.438,0.456,0.178,0.161,0.40
7114,Pursuer,0.438,0.456,0.000,0.000,0.00
7115,Pursuer,0.438,0.456,0.232,0.145,0.00
7116,Pursuer,0.438,0.456,0.127,0.147,0.00
7117,Runner,0.438,0.456,0.148,0.115,0.00
7118,Pursuer,0.438,0.456,0.145,0.141,0.00
7119,Runner,0.438,0.456,0.120,0.130,0.00
7120,Pursuer,0.438,0.456,0.143,0.138,0.00
7121,Runner,0.438,0.456,0.131,0.136,0.00
7122,Pursuer,0.438,0.456,0.118,0.141,0.00
7123,Pursuer,0.438,0.456,0.163,0.124,0.00
7124,Pursuer,0.438,0.456,0.131,0.133,0.00
7125,Pursuer,0.438,0.456,0.145,0.140,0.00
7126,Runner,0.438,0.456,0.089,0.161,0.38
7127,Pursuer,0.438,0.456,0.394,0.489,0.00
7128,Pursuer,0.438,0.457,0.115,0.134,0.00
7129,Pursuer,0.438,0.457,0.139,0.145,0.00
7130,Draw,0.438,0.457,0.141,0.150,15.32
7131,Runner,0.438,0.456,0.147,0.127,0.00
7132,Pursuer,0.438,0.457,0.126,0.133,0.00
7133,Pursuer,0.438,0.457,0.121,0.143,0.00
7134,Pursuer,0.437,0.457,0.113,0.146,0.00
7135,Draw,0.437,0.457,0.153,0.148,14.12
7136,Draw,0.437,0.457,0.136,0.143,5.06
7137,Runner,0.437,0.456,0.120,0.143,2.44
7138,Runner,0.438,0.456,0.128,0.146,0.14
7139,Pursuer,0.437,0.457,0.117,0.129,0.00
7140,Runner,0.438,0.456,0.117,0.113,0.32
7141,Runner,0.438,0.456,0.141,0.130,0.00
7142,Pursuer,0.438,0.456,0.130,0.121,0.00
7143,Runner,0.438,0.456,0.143,0.155,2.08
7144,Runner,0.438,0.456,0.133,0.124,0.04
7145,Pursuer,0.438,0.456,0.000,0.000,0.00
7146,Pursuer,0.438,0.456,0.169,0.151,0.00
7147,Pursuer,0.438,0.457,0.111,0.139,0.00
7148,Pursuer,0.437,0.457,0.123,0.147,0.00
7149,Runner,0.438,0.457,0.142,0.115,0.12
7150,Runner,0.438,0.457,0.154,0.143,1.54
7151,Runner,0.438,0.456,0.141,0.117,2.10
7152,Runner,0.438,0.456,0.126,0.116,2.16
7153,Pursuer,0.438,0.456,0.090,0.183,0.00
7154,Runner,0.438,0.456,0.127,0.150,2.10
7155,Pursuer,0.438,0.456,0.000,0.000,0.00
7156,Runner,0.438,0.456,0.129,0.135,2.96
7157,Pursuer,0.438,0.456,0.129,0.127,0.00
7158,Runner,0.438,0.456,0.120,0.128,0.00
7159,Runner,0.438,0.456,0.167,0.143,0.00
7160,Pursuer,0.438,0.456,0.121,0.088,0.00
7161,Runner,0.438,0.456,0.143,0.157,0.14
7162,Runner,0.438,0.456,0.102,0.137,0.00
7163,Draw,0.438,0.456,0.137,0.155,19.80
7164,Runner,0.438,0.456,0.193,0.112,0.36
7165,Pursuer,0.438,0.456,0.162,0.110,0.00
7166,Pursuer,0.438,0.456,0.159,0.118,0.00
7167,Runner,0.438,0.456,0.164,0.145,0.00
7168,Pursuer,0.438,0.456,0.156,0.144,0.00
7169,Runner,0.438,0.456,0.118,0.119,0.00
7170,Pursuer,0.438,0.456,0.124,0.173,0.00
7171,Pursuer,0.438,0.456,0.126,0.144,0.00
7172,Pursuer,0.438,0.456,0.166,0.135,0.00
7173,Runner,0.438,0.456,0.142,0.117,0.46
7174,Runner,0.438,0.456,0.145,0.128,0.02
7175,Runner,0.438,0.456,0.141,0.149,0.00
7176,Runner,0.438,0.456,0.111,0.154,0.00
7177,Pursuer,0.438,0.456,0.140,0.129,0.00
7178,Runner,0.438,0.456,0.124,0.155,0.02
7179,Runner,0.438,0.456,0.133,0.159,0.44
7180,Pursuer,0.438,0.456,0.131,0.129,0.00
7181,Pursuer,0.438,0.456,0.135,0.149,0.00
7182,Pursuer,0.438,0.456,0.120,0.086,0.00
7183,Draw,0.438,0.456,0.117,0.142,16.42
7184,Pursuer,0.438,0.456,0.000,0.000,0.00
7185,Runner,0.438,0.456,0.128,0.190,0.00
7186,Draw,0.438,0.456,0.147,0.139,18.58
7187,Runner,0.438,0.456,0.161,0.138,0.24
7188,Pursuer,0.438,0.456,0.129,0.135,0.00
7189,Pursuer,0.438,0.456,0.146,0.138,0.00
7190,Pursuer,0.438,0.456,0.141,0.111,0.00
7191,Pursuer,0.438,0.457,0.138,0.138,0.00
7192,Runner,0.438,0.456,0.142,0.129,3.46
7193,Pursuer,0.438,0.457,0.138,0.130,0.00
7194,Runner,0.438,0.456,0.143,0.125,0.66
7195,Pursuer,0.438,0.457,0.111,0.155,0.00
7196,Runner,0.438,0.457,0.139,0.131,0.00
7197,Pursuer,0.438,0.457,0.114,0.132,0.00
7198,Runner,0.438,0.457,0.131,0.133,5.98
7199,Runner,0.438,0.456,0.125,0.137,3.06
7200,Runner,0.438,0.456,0.147,0.139,1.24
7201,Pursuer,0.438,0.456,0.159,0.139,0.00
7202,Pursuer,0.438,0.457,0.141,0.120,0.00
7203,Runner,0.438,0.456,0.170,0.117,0.00
7204,Runner,0.438,0.456,0.150,0.124,0.00
7205,Runner,0.438,0.456,0.136,0.112,0.78
7206,Pursuer,0.438,0.456,0.000,0.000,0.00
7207,Draw,0.438,0.456,0.151,0.133,15.82
7208,Pursuer,0.438,0.456,0.127,0.116,0.00
7209,Pursuer,0.438,0.457,0.130,0.142,0.00
7210,Runner,0.438,0.456,0.139,0.119,0.00
7211,Pursuer,0.438,0.457,0.125,0.135,0.00
7212,Pursuer,0.438,0.457,0.066,0.035,0.00
7213,Draw,0.438,0.457,0.132,0.127,2.40
7214,Pursuer,0.438,0.457,0.000,0.000,0.00
7215,Runner,0.438,0.457,0.127,0.144,0.00
7216,Pursuer,0.438,0.457,0.127,0.135,0.00
7217,Pursuer,0.438,0.457,0.186,0.150,0.00
7218,Runner,0.438,0.457,0.145,0.117,1.02
7219,Runner,0.438,0.457,0.117,0.146,0.00
7220,Runner,0.438,0.457,0.146,0.149,0.00
7221,Runner,0.438,0.456,0.119,0.112,0.00
7222,Pursuer,0.438,0.457,0.126,0.150,0.00
7223,Pursuer,0.438,0.457,0.098,0.119,0.00
7224,Pursuer,0.438,0.457,0.177,0.175,0.00
7225,Runner,0.438,0.457,0.124,0.129,0.00
7226,Pursuer,0.438,0.457,0.070,0.115,0.00
7227,Pursuer,0.438,0.457,0.137,0.181,0.00
7228,Pursuer,0.438,0.457,0.172,0.152,0.00
7229,Runner,0.438,0.457,0.123,0.162,1.22
7230,Draw,0.438,0.457,0.139,0.148,16.40
7231,Draw,0.438,0.457,0.144,0.132,8.32
7232,Pursuer,0.438,0.457,0.130,0.114,0.00
7233,Pursuer,0.438,0.457,0.127,0.152,0.00
7234,Runner,0.438,0.457,0.136,0.149,0.88
7235,Pursuer,0.438,0.457,0.141,0.149,0.00
7236,Runner,0.438,0.457,0.134,0.192,0.50
7237,Runner,0.438,0.457,0.107,0.145,2.84
7238,Pursuer,0.438,0.457,0.128,0.115,0.00
7239,Pursuer,0.438,0.457,0.208,0.178,0.00
7240,Pursuer,0.438,0.457,0.089,0.139,0.00
7241,Runner,0.438,0.457,0.134,0.130,3.44
7242,Runner,0.438,0.457,0.113,0.145,0.86
7243,Runner,0.438,0.457,0.147,0.113,0.00
7244,Pursuer,0.438,0.457,0.141,0.134,0.00
7245,Runner,0.438,0.457,0.144,0.116,0.00
7246,Pursuer,0.438,0.457,0.121,0.127,0.00
7247,Pursuer,0.438,0.457,0.122,0.141,0.00
7248,Pursuer,0.438,0.457,0.165,0.136,0.00
7249,Pursuer,0.438,0.457,0.125,0.155,0.00
7250,Runner,0.438,0.457,0.534,0.583,0.00
7251,Runner,0.438,0.457,0.153,0.138,0.62
7252,Runner,0.438,0.457,0.125,0.139,6.48
7253,Pursuer,0.438,0.457,0.203,0.125,0.00
7254,Pursuer,0.438,0.457,0.132,0.134,0.00
7255,Pursuer,0.438,0.457,0.133,0.113,0.00
7256,Pursuer,0.438,0.457,0.170,0.162,0.00
7257,Runner,0.438,0.457,0.138,0.156,0.00
7258,Runner,0.438,0.457,0.135,0.162,0.00
7259,Pursuer,0.438,0.457,0.131,0.137,0.00
7260,Runner,0.438,0.457,0.133,0.132,0.00
7261,Pursuer,0.438,0.457,0.094,0.151,0.00
7262,Pursuer,0.438,0.457,0.132,0.137,0.00
7263,Pursuer,0.438,0.457,0.162,0.119,0.00
7264,Pursuer,0.438,0.457,0.145,0.155,0.00
7265,Runner,0.438,0.457,0.132,0.130,1.74
7266,Pursuer,0.438,0.457,0.138,0.151,0.00
7267,Pursuer,0.437,0.457,0.116,0.135,0.00
7268,Pursuer,0.437,0.457,0.126,0.119,0.00
7269,Runner,0.437,0.457,0.149,0.134,2.42
7270,Runner,0.438,0.457,0.139,0.144,0.00
7271,Draw,0.437,0.457,0.140,0.146,16.48
7272,Pursuer,0.437,0.457,0.000,0.000,0.00
7273,Pursuer,0.437,0.457,0.134,0.151,0.00
7274,Runner,0.437,0.457,0.144,0.136,1.76
7275,Runner,0.438,0.457,0.151,0.116,1.32
7276,Runner,0.438,0.457,0.123,0.099,1.52
7277,Pursuer,0.438,0.457,0.134,0.138,0.00
7278,Runner,0.438,0.457,0.136,0.147,0.48
7279,Pursuer,0.438,0.457,0.132,0.110,0.00
7280,Draw,0.438,0.457,0.122,0.143,17.50
7281,Runner,0.438,0.457,0.134,0.171,3.08
7282,Pursuer,0.438,0.457,0.136,0.121,0.00
7283,Runner,0.438,0.457,0.124,0.137,2.62
7284,Runner,0.438,0.457,0.140,0.130,0.00
7285,Runner,0.438,0.457,0.132,0.132,0.00
7286,Runner,0.438,0.457,0.115,0.141,2.62
7287,Runner,0.438,0.457,0.142,0.165,0.44
7288,Runner,0.438,0.457,0.115,0.149,1.84
7289,Pursuer,0.438,0.457,0.144,0.147,0.00
7290,Pursuer,0.438,0.457,0.131,0.170,0.00
7291,Runner,0.438,0.457,0.143,0.129,0.00
7292,Pursuer,0.438,0.457,0.122,0.145,0.00
7293,Runner,0.438,0.457,0.106,0.137,0.00
7294,Runner,0.438,0.457,0.150,0.116,0.00
7295,Pursuer,0.438,0.457,0.118,0.138,0.00
7296,Runner,0.438,0.457,0.200,0.129,0.00
7297,Runner,0.438,0.457,0.131,0.193,0.80
7298,Runner,0.438,0.457,0.118,0.137,2.90
7299,Pursuer,0.438,0.457,0.127,0.152,0.00
7300,Runner,0.438,0.457,0.130,0.135,2.00
7301,Runner,0.438,0.457,0.142,0.134,0.56
7302,Pursuer,0.438,0.457,0.154,0.076,0.00
7303,Runner,0.438,0.457,0.140,0.111,0.00
7304,Pursuer,0.438,0.457,0.122,0.145,0.00
7305,Runner,0.438,0.457,0.147,0.140,0.00
7306,Pursuer,0.438,0.457,0.161,0.134,0.00
7307,Pursuer,0.438,0.457,0.122,0.132,0.00
7308,Runner,0.438,0.457,0.128,0.144,0.06
7309,Pursuer,0.438,0.457,0.000,0.000,0.00
7310,Pursuer,0.438,0.457,0.131,0.117,0.00
7311,Runner,0.438,0.457,0.138,0.130,2.54
7312,Pursuer,0.438,0.457,0.140,0.142,0.00
7313,Runner,0.438,0.457,0.117,0.144,1.06
7314,Pursuer,0.438,0.457,0.108,0.143,0.00
7315,Runner,0.438,0.457,0.133,0.119,0.00
7316,Runner,0.438,0.457,0.110,0.112,0.00
7317,Draw,0.438,0.457,0.120,0.126,13.34
7318,Runner,0.438,0.457,0.147,0.094,0.00
7319,Runner,0.438,0.457,0.131,0.134,1.54
7320,Pursuer,0.438,0.457,0.133,0.172,0.00
7321,Runner,0.438,0.457,0.137,0.141,7.86
7322,Pursuer,0.438,0.457,0.133,0.132,0.00
7323,Draw,0.438,0.457,0.132,0.135,16.62
7324,Pursuer,0.438,0.457,0.124,0.127,0.00
7325,Pursuer,0.438,0.457,0.125,0.143,0.00
7326,Pursuer,0.438,0.457,0.147,0.137,0.00
7327,Pursuer,0.438,0.457,0.134,0.152,0.00
7328,Runner,0.438,0.457,0.088,0.151,0.00
7329,Pursuer,0.438,0.457,0.132,0.151,0.00
7330,Pursuer,0.438,0.457,0.141,0.173,0.00
7331,Runner,0.438,0.457,0.174,0.129,0.46
7332,Pursuer,0.438,0.457,0.000,0.000,0.00
7333,Pursuer,0.438,0.457,0.204,0.108,0.00
7334,Runner,0.438,0.457,0.094,0.132,0.00
7335,Pursuer,0.438,0.457,0.159,0.133,0.00
7336,Pursuer,0.438,0.457,0.137,0.131,0.00
7337,Runner,0.438,0.457,0.142,0.153,0.00
7338,Pursuer,0.438,0.457,0.139,0.129,0.00
7339,Runner,0.438,0.457,0.120,0.117,0.92
7340,Pursuer,0.438,0.457,0.136,0.138,0.00
7341,Pursuer,0.438,0.457,0.139,0.127,0.00
7342,Pursuer,0.438,0.458,0.149,0.147,0.00
7343,Runner,0.438,0.457,0.152,0.117,2.58
7344,Runner,0.438,0.457,0.112,0.135,0.00
7345,Pursuer,0.438,0.457,0.138,0.143,0.00
7346,Runner,0.438,0.457,0.147,0.173,0.00
7347,Pursuer,0.438,0.457,0.125,0.125,0.00
7348,Runner,0.438,0.457,0.137,0.138,0.08
7349,Pursuer,0.438,0.457,0.171,0.131,0.00
7350,Pursuer,0.438,0.458,0.132,0.151,0.00
7351,Pursuer,0.438,0.458,0.143,0.145,0.00
7352,Runner,0.438,0.458,0.157,0.115,0.00
7353,Runner,0.438,0.458,0.105,0.125,0.60
7354,Runner,0.438,0.457,0.131,0.145,0.00
7355,Pursuer,0.438,0.458,0.138,0.136,0.00
7356,Runner,0.438,0.457,0.148,0.115,1.28
7357,Pursuer,0.438,0.458,0.126,0.118,0.00
7358,Pursuer,0.438,0.458,0.124,0.063,0.00
7359,Pursuer,0.438,0.458,0.148,0.132,0.00
7360,Runner,0.438,0.458,0.074,0.142,0.00
7361,Runner,0.438,0.458,0.150,0.139,1.76
7362,Runner,0.438,0.457,0.149,0.115,0.44
7363,Runner,0.438,0.457,0.153,0.148,0.00
7364,Pursuer,0.438,0.457,0.135,0.131,0.00
7365,Runner,0.438,0.457,0.149,0.141,0.00
7366,Pursuer,0.438,0.458,0.154,0.134,0.00
7367,Runner,0.438,0.457,0.148,0.114,1.02
7368,Runner,0.438,0.457,0.117,0.161,0.00
7369,Pursuer,0.438,0.457,0.117,0.145,0.00
7370,Runner,0.438,0.457,0.129,0.130,0.00
7371,Runner,0.438,0.457,0.131,0.136,4.30
7372,Pursuer,0.438,0.457,0.113,0.137,0.00
7373,Pursuer,0.438,0.457,0.094,0.165,0.00
7374,Pursuer,0.438,0.458,0.142,0.152,0.00
7375,Pursuer,0.438,0.458,0.116,0.112,0.00
7376,Pursuer,0.438,0.458,0.129,0.137,0.00
7377,Pursuer,0.438,0.458,0.145,0.122,0.00
7378,Pursuer,0.438,0.458,0.141,0.134,0.00
7379,Pursuer,0.438,0.458,0.140,0.141,0.00
7380,Pursuer,0.438,0.458,0.132,0.115,0.00
7381,Runner,0.438,0.458,0.136,0.159,0.00
7382,Runner,0.438,0.458,0.135,0.124,0.00
7383,Runner,0.438,0.458,0.090,0.140,2.52
7384,Pursuer,0.438,0.458,0.000,0.000,0.00
7385,Pursuer,0.438,0.458,0.092,0.175,0.00
7386,Runner,0.438,0.458,0.168,0.144,0.68
7387,Draw,0.438,0.458,0.130,0.114,0.00
7388,Runner,0.438,0.458,0.147,0.144,7.42
7389,Pursuer,0.438,0.458,0.143,0.124,0.00
7390,Runner,0.438,0.458,0.128,0.106,0.00
7391,Runner,0.438,0.458,0.143,0.164,0.00
7392,Runner,0.438,0.458,0.186,0.154,0.00
7393,Pursuer,0.438,0.458,0.494,0.943,0.00
7394,Runner,0.438,0.458,0.141,0.126,0.00
7395,Pursuer,0.438,0.458,0.152,0.122,0.00
7396,Pursuer,0.438,0.458,0.156,0.172,0.00
7397,Runner,0.438,0.458,0.127,0.141,5.14
7398,Pursuer,0.438,0.458,0.114,0.121,0.00
7399,Runner,0.438,0.458,0.116,0.180,0.22
7400,Pursuer,0.438,0.458,0.125,0.166,0.00
7401,Runner,0.438,0.458,0.138,0.149,0.06
7402,Runner,0.438,0.458,0.180,0.105,0.40
7403,Pursuer,0.438,0.458,0.134,0.116,0.00
7404,Runner,0.438,0.458,0.129,0.138,1.88
7405,Runner,0.438,0.458,0.122,0.129,0.02
7406,Runner,0.439,0.458,0.115,0.129,7.46
7407,Runner,0.439,0.458,0.137,0.165,2.74
7408,Runner,0.439,0.457,0.124,0.134,4.48
7409,Pursuer,0.439,0.458,0.119,0.132,0.00
7410,Runner,0.439,0.457,0.139,0.130,0.00
7411,Pursuer,0.439,0.458,0.138,0.144,0.00
7412,Pursuer,0.439,0.458,0.157,0.141,0.00
7413,Runner,0.439,0.458,0.177,0.137,0.00
7414,Pursuer,0.439,0.458,0.133,0.152,0.00
7415,Runner,0.439,0.458,0.152,0.152,0.74
7416,Pursuer,0.439,0.458,0.108,0.086,0.00
7417,Pursuer,0.439,0.458,0.107,0.119,0.00
7418,Runner,0.439,0.458,0.126,0.134,0.00
7419,Runner,0.439,0.458,0.233,0.127,0.54
7420,Pursuer,0.439,0.458,0.139,0.200,0.00
7421,Runner,0.439,0.458,0.000,0.000,0.00
7422,Runner,0.439,0.458,0.149,0.137,0.24
7423,Pursuer,0.439,0.458,0.105,0.125,0.00
7424,Pursuer,0.439,0.458,0.156,0.142,0.00
7425,Runner,0.439,0.458,0.115,0.127,0.00
7426,Runner,0.439,0.458,0.140,0.128,0.26
7427,Pursuer,0.439,0.458,0.136,0.108,0.00
7428,Runner,0.439,0.458,0.164,0.134,0.00
7429,Pursuer,0.439,0.458,0.131,0.112,0.00
7430,Runner,0.439,0.458,0.141,0.133,4.20
7431,Runner,0.439,0.458,0.140,0.123,0.00
7432,Runner,0.439,0.457,0.133,0.135,0.00
7433,Runner,0.439,0.457,0.096,0.146,0.00
7434,Pursuer,0.439,0.457,0.107,0.133,0.00
7435,Runner,0.439,0.457,0.117,0.159,0.00
7436,Pursuer,0.439,0.458,0.169,0.126,0.00
7437,Pursuer,0.439,0.458,0.119,0.113,0.00
7438,Pursuer,0.439,0.458,0.134,0.124,0.00
7439,Pursuer,0.439,0.458,0.154,0.108,0.00
7440,Runner,0.439,0.458,0.141,0.133,1.98
7441,Runner,0.439,0.458,0.178,0.144,2.12
7442,Runner,0.439,0.458,0.129,0.130,0.00
7443,Runner,0.439,0.457,0.145,0.143,0.80
7444,Runner,0.439,0.457,0.141,0.139,1.86
7445,Runner,0.439,0.457,0.165,0.131,1.08
7446,Runner,0.439,0.457,0.155,0.135,0.00
7447,Pursuer,0.439,0.457,0.111,0.136,0.00
7448,Runner,0.439,0.457,0.144,0.158,0.00
7449,Pursuer,0.439,0.457,0.150,0.146,0.00
7450,Runner,0.439,0.457,0.144,0.141,0.00
7451,Runner,0.440,0.457,0.144,0.135,0.00
7452,Runner,0.440,0.457,0.153,0.131,5.96
7453,Pursuer,0.440,0.457,0.128,0.128,0.00
7454,Runner,0.440,0.457,0.124,0.169,0.00
7455,Runner,0.440,0.457,0.104,0.137,0.00
7456,Runner,0.440,0.457,0.124,0.125,1.24
7457,Runner,0.440,0.457,0.113,0.168,0.00
7458,Runner,0.440,0.457,0.146,0.126,0.00
7459,Pursuer,0.440,0.457,0.155,0.117,0.00
7460,Runner,0.440,0.457,0.145,0.127,0.00
7461,Pursuer,0.440,0.457,0.134,0.137,0.00
7462,Runner,0.440,0.457,0.128,0.138,1.50
7463,Runner,0.440,0.457,0.130,0.114,0.46
7464,Runner,0.440,0.457,0.138,0.100,1.60
7465,Pursuer,0.440,0.457,0.127,0.130,0.00
7466,Draw,0.440,0.457,0.134,0.151,0.00
7467,Runner,0.440,0.457,0.146,0.140,2.12
7468,Runner,0.440,0.457,0.159,0.099,0.50
7469,Pursuer,0.440,0.457,0.111,0.109,0.00
7470,Runner,0.440,0.457,0.112,0.138,3.42
7471,Pursuer,0.440,0.457,0.157,0.153,0.00
7472,Runner,0.440,0.457,0.158,0.124,0.96
7473,Pursuer,0.440,0.457,0.130,0.130,0.00
7474,Draw,0.440,0.457,0.138,0.149,15.98
7475,Runner,0.440,0.457,0.099,0.121,0.00
7476,Pursuer,0.440,0.457,0.120,0.106,0.00
7477,Pursuer,0.440,0.457,0.155,0.133,0.00
7478,Runner,0.440,0.457,0.137,0.168,1.10
7479,Runner,0.440,0.457,0.148,0.130,0.00
7480,Pursuer,0.440,0.457,0.118,0.139,0.00
7481,Pursuer,0.440,0.457,0.129,0.125,0.00
7482,Runner,0.440,0.457,0.116,0.134,3.54
7483,Draw,0.440,0.457,0.141,0.130,0.02
7484,Pursuer,0.440,0.457,0.156,0.120,0.00
7485,Pursuer,0.440,0.457,0.165,0.145,0.00
7486,Pursuer,0.440,0.457,0.152,0.118,0.00
7487,Pursuer,0.440,0.457,0.100,0.136,0.00
7488,Runner,0.440,0.457,0.125,0.148,0.00
7489,Pursuer,0.440,0.457,0.114,0.123,0.00
7490,Runner,0.440,0.457,0.139,0.144,3.66
7491,Pursuer,0.440,0.457,0.000,0.000,0.00
7492,Pursuer,0.440,0.457,0.128,0.163,0.00
7493,Runner,0.440,0.457,0.129,0.121,0.62
7494,Runner,0.440,0.457,0.153,0.110,0.00
7495,Pursuer,0.440,0.457,0.124,0.113,0.00
7496,Runner,0.440,0.457,0.123,0.147,0.00
7497,Pursuer,0.440,0.457,0.125,0.107,0.00
7498,Runner,0.440,0.457,0.125,0.150,0.00
7499,Pursuer,0.440,0.457,0.125,0.117,0.00
7500,Pursuer,0.440,0.457,0.101,0.154,0.00
7501,Runner,0.440,0.457,0.137,0.122,1.30
7502,Runner,0.440,0.457,0.138,0.152,0.00
7503,Runner,0.440,0.457,0.127,0.103,0.00
7504,Runner,0.440,0.457,0.000,0.000,0.00
7505,Pursuer,0.440,0.457,0.145,0.119,0.00
7506,Pursuer,0.440,0.457,0.144,0.137,0.00
7507,Draw,0.440,0.457,0.115,0.147,17.30
7508,Runner,0.440,0.457,0.181,0.153,0.00
7509,Runner,0.440,0.457,0.133,0.143,0.00
7510,Pursuer,0.440,0.457,0.118,0.129,0.00
7511,Runner,0.440,0.457,0.140,0.128,2.60
7512,Pursuer,0.440,0.457,0.110,0.126,0.00
7513,Pursuer,0.440,0.457,0.165,0.090,0.00
7514,Pursuer,0.440,0.457,0.145,0.133,0.00
7515,Runner,0.440,0.457,0.120,0.207,0.92
7516,Pursuer,0.440,0.457,0.000,0.000,0.00
7517,Runner,0.440,0.457,0.133,0.135,2.76
7518,Pursuer,0.440,0.457,0.103,0.105,0.00
7519,Runner,0.440,0.457,0.134,0.136,4.96
7520,Runner,0.440,0.457,0.125,0.151,0.00
7521,Pursuer,0.440,0.457,0.122,0.149,0.00
7522,Pursuer,0.440,0.457,0.145,0.146,0.00
7523,Runner,0.440,0.457,0.136,0.123,1.50
7524,Runner,0.440,0.457,0.160,0.138,2.14
7525,Runner,0.440,0.457,0.151,0.129,2.44
7526,Pursuer,0.440,0.457,0.144,0.117,0.00
7527,Runner,0.440,0.457,0.133,0.149,6.10
7528,Runner,0.440,0.457,0.146,0.153,0.00
7529,Pursuer,0.440,0.457,0.129,0.137,0.00
7530,Runner,0.440,0.457,0.116,0.132,0.90
7531,Pursuer,0.440,0.457,0.101,0.176,0.00
7532,Pursuer,0.440,0.457,0.146,0.124,0.00
7533,Pursuer,0.440,0.457,0.153,0.165,0.00
7534,Runner,0.440,0.457,0.139,0.156,0.00
7535,Pursuer,0.440,0.457,0.124,0.142,0.00
7536,Runner,0.440,0.457,0.145,0.152,3.88
7537,Runner,0.440,0.457,0.127,0.140,0.44
7538,Runner,0.440,0.457,0.132,0.160,0.74
7539,Pursuer,0.440,0.457,0.000,0.000,0.00
7540,Pursuer,0.440,0.457,0.139,0.120,0.00
7541,Pursuer,0.440,0.457,0.168,0.131,0.00
7542,Runner,0.440,0.457,0.121,0.113,1.60
7543,Runner,0.440,0.457,0.125,0.124,1.44
7544,Pursuer,0.440,0.457,0.143,0.119,0.00
7545,Pursuer,0.440,0.457,0.133,0.151,0.00
7546,Runner,0.440,0.457,0.107,0.127,0.00
7547,Pursuer,0.440,0.457,0.126,0.130,0.00
7548,Runner,0.440,0.457,0.143,0.142,8.88
7549,Pursuer,0.440,0.457,0.120,0.117,0.00
7550,Runner,0.440,0.457,0.105,0.169,0.00
7551,Pursuer,0.440,0.457,0.119,0.159,0.00
7552,Runner,0.440,0.457,0.165,0.140,2.30
7553,Runner,0.440,0.457,0.135,0.141,0.00
7554,Pursuer,0.440,0.457,0.218,0.145,0.00
7555,Runner,0.441,0.457,0.108,0.092,0.00
7556,Pursuer,0.440,0.457,0.130,0.160,0.00
7557,Runner,0.441,0.457,0.146,0.111,0.00
7558,Runner,0.441,0.457,0.137,0.137,0.92
7559,Pursuer,0.441,0.457,0.136,0.138,0.00
7560,Pursuer,0.440,0.457,0.180,0.089,0.00
7561,Pursuer,0.440,0.457,0.085,0.163,0.00
7562,Pursuer,0.440,0.457,0.148,0.143,0.00
7563,Pursuer,0.440,0.457,0.141,0.164,0.00
7564,Draw,0.440,0.457,0.150,0.138,16.00
7565,Pursuer,0.440,0.458,0.101,0.152,0.00
7566,Runner,0.440,0.457,0.116,0.183,1.12
7567,Runner,0.440,0.457,0.167,0.125,1.16
7568,Runner,0.440,0.457,0.162,0.140,0.00
7569,Runner,0.440,0.457,0.147,0.131,0.00
7570,Runner,0.441,0.457,0.136,0.160,2.50
7571,Runner,0.441,0.457,0.148,0.130,1.26
7572,Pursuer,0.441,0.457,0.123,0.163,0.00
7573,Pursuer,0.441,0.457,0.037,0.132,0.00
7574,Runner,0.441,0.457,0.153,0.138,2.82
7575,Runner,0.441,0.457,0.145,0.116,0.58
7576,Pursuer,0.441,0.457,0.117,0.161,0.00
7577,Runner,0.441,0.457,0.155,0.153,0.68
7578,Pursuer,0.441,0.457,0.125,0.137,0.00
7579,Pursuer,0.441,0.457,0.139,0.157,0.00
7580,Runner,0.441,0.457,0.107,0.136,1.16
7581,Runner,0.441,0.457,0.120,0.150,0.00
7582,Runner,0.441,0.457,0.151,0.127,1.90
7583,Runner,0.441,0.457,0.139,0.131,0.22
7584,Pursuer,0.441,0.457,0.140,0.112,0.00
7585,Pursuer,0.441,0.457,0.137,0.129,0.00
7586,Runner,0.441,0.457,0.129,0.145,0.00
7587,Runner,0.441,0.457,0.132,0.133,10.74
7588,Runner,0.441,0.457,0.127,0.145,3.42
7589,Draw,0.441,0.457,0.128,0.143,9.90
7590,Runner,0.441,0.457,0.000,0.000,0.00
7591,Draw,0.441,0.457,0.135,0.146,16.08
7592,Runner,0.441,0.457,0.105,0.161,0.00
7593,Runner,0.441,0.457,0.173,0.105,0.00
7594,Pursuer,0.441,0.457,0.143,0.130,0.00
7595,Runner,0.441,0.457,0.000,0.000,0.02
7596,Runner,0.441,0.457,0.114,0.136,0.36
7597,Pursuer,0.441,0.457,0.134,0.139,0.00
7598,Pursuer,0.441,0.457,0.149,0.128,0.00
7599,Pursuer,0.441,0.457,0.095,0.153,0.00
7600,Pursuer,0.441,0.457,0.136,0.146,0.00
7601,Pursuer,0.441,0.457,0.139,0.139,0.00
7602,Runner,0.441,0.457,0.156,0.120,0.00
7603,Pursuer,0.441,0.457,0.135,0.143,0.00
7604,Pursuer,0.441,0.457,0.198,0.132,0.00
7605,Pursuer,0.441,0.457,0.144,0.129,0.00
7606,Runner,0.441,0.457,0.142,0.177,0.66
7607,Runner,0.441,0.457,0.148,0.108,0.38
7608,Runner,0.441,0.457,0.167,0.118,0.00
7609,Runner,0.441,0.457,0.121,0.141,0.04
7610,Runner,0.441,0.457,0.119,0.112,0.00
7611,Pursuer,0.441,0.457,0.082,0.104,0.00
7612,Runner,0.441,0.457,0.137,0.082,0.00
7613,Pursuer,0.441,0.457,0.152,0.114,0.00
7614,Runner,0.441,0.457,0.146,0.152,0.18
7615,Pursuer,0.441,0.457,0.137,0.144,0.00
7616,Runner,0.441,0.457,0.133,0.132,0.20
7617,Pursuer,0.441,0.457,0.127,0.128,0.00
7618,Runner,0.441,0.457,0.146,0.159,3.12
7619,Runner,0.441,0.457,0.116,0.091,0.00
7620,Pursuer,0.441,0.457,0.128,0.123,0.00
7621,Pursuer,0.441,0.457,0.128,0.132,0.00
7622,Pursuer,0.441,0.457,0.149,0.141,0.00
7623,Runner,0.441,0.457,0.130,0.123,4.64
7624,Runner,0.441,0.457,0.137,0.150,2.32
7625,Pursuer,0.441,0.457,0.153,0.106,0.00
7626,Pursuer,0.441,0.457,0.137,0.117,0.00
7627,Runner,0.441,0.457,0.149,0.149,4.50
7628,Runner,0.441,0.457,0.154,0.121,0.00
7629,Pursuer,0.441,0.457,0.135,0.132,0.00
7630,Runner,0.441,0.457,0.067,0.145,0.02
7631,Runner,0.441,0.457,0.109,0.148,0.64
7632,Runner,0.441,0.457,0.098,0.199,0.00
7633,Pursuer,0.441,0.457,0.129,0.141,0.00
7634,Pursuer,0.441,0.457,0.134,0.130,0.00
7635,Pursuer,0.441,0.457,0.155,0.107,0.00
7636,Pursuer,0.441,0.457,0.044,0.235,0.00
7637,Pursuer,0.441,0.457,0.141,0.126,0.00
7638,Runner,0.441,0.457,0.154,0.118,2.50
7639,Pursuer,0.441,0.457,0.055,0.079,0.00
7640,Pursuer,0.441,0.457,0.132,0.103,0.00
7641,Pursuer,0.441,0.457,0.147,0.130,0.00
7642,Runner,0.441,0.457,0.133,0.122,3.84
7643,Pursuer,0.441,0.457,0.160,0.135,0.00
7644,Draw,0.441,0.457,0.138,0.137,0.00
7645,Pursuer,0.441,0.457,0.168,0.130,0.00
7646,Draw,0.441,0.457,0.141,0.144,18.64
7647,Draw,0.441,0.457,0.145,0.150,0.00
7648,Pursuer,0.441,0.457,0.115,0.144,0.00
7649,Runner,0.441,0.457,0.116,0.126,0.00
7650,Pursuer,0.441,0.457,0.113,0.167,0.00
7651,Pursuer,0.441,0.457,0.153,0.135,0.00
7652,Pursuer,0.441,0.458,0.121,0.115,0.00
7653,Runner,0.441,0.457,0.135,0.114,0.52
7654,Pursuer,0.441,0.458,0.125,0.140,0.00
7655,Pursuer,0.441,0.458,0.006,0.093,0.00
7656,Runner,0.441,0.458,0.118,0.128,0.00
7657,Runner,0.441,0.457,0.150,0.105,0.66
7658,Pursuer,0.441,0.458,0.000,0.000,0.00
7659,Pursuer,0.441,0.458,0.147,0.127,0.00
7660,Pursuer,0.441,0.458,0.119,0.131,0.00
7661,Pursuer,0.441,0.458,0.131,0.160,0.00
7662,Runner,0.441,0.458,0.253,0.134,0.32
7663,Runner,0.441,0.458,0.116,0.137,0.00
7664,Runner,0.441,0.458,0.136,0.128,5.02
7665,Runner,0.441,0.458,0.105,0.122,1.10
7666,Runner,0.441,0.457,0.157,0.103,0.08
7667,Runner,0.441,0.457,0.120,0.125,0.00
7668,Runner,0.441,0.457,0.137,0.154,1.88
7669,Pursuer,0.441,0.457,0.451,0.822,0.00
7670,Pursuer,0.441,0.457,0.142,0.148,0.00
7671,Runner,0.441,0.457,0.141,0.130,0.00
7672,Pursuer,0.441,0.458,0.118,0.131,0.00
7673,Pursuer,0.441,0.458,0.103,0.096,0.00
7674,Runner,0.441,0.458,0.158,0.125,0.00
7675,Runner,0.441,0.457,0.119,0.138,2.06
7676,Pursuer,0.441,0.458,0.000,0.000,0.00
7677,Runner,0.441,0.457,0.133,0.148,0.14
7678,Runner,0.441,0.457,0.139,0.135,4.34
7679,Runner,0.441,0.457,0.124,0.149,3.72
7680,Runner,0.441,0.457,0.139,0.150,0.52
7681,Runner,0.441,0.457,0.147,0.119,0.04
7682,Runner,0.441,0.457,0.134,0.133,2.56
7683,Runner,0.441,0.457,0.136,0.144,0.00
7684,Runner,0.442,0.457,0.209,0.059,0.28
7685,Runner,0.442,0.457,0.242,0.211,0.22
7686,Draw,0.442,0.457,0.125,0.139,16.00
7687,Pursuer,0.442,0.457,0.123,0.127,0.00
7688,Pursuer,0.441,0.457,0.328,0.248,0.00
7689,Runner,0.442,0.457,0.140,0.139,5.46
7690,Pursuer,0.441,0.457,0.121,0.122,0.00
7691,Runner,0.442,0.457,0.162,0.140,0.02
7692,Runner,0.442,0.457,0.142,0.131,0.00
7693,Runner,0.442,0.457,0.133,0.134,2.24
7694,Pursuer,0.442,0.457,0.113,0.136,0.00
7695,Pursuer,0.442,0.457,0.147,0.114,0.00
7696,Runner,0.442,0.457,0.142,0.152,0.80
7697,Pursuer,0.442,0.457,0.150,0.128,0.00
7698,Pursuer,0.442,0.457,0.136,0.152,0.00
7699,Runner,0.442,0.457,0.124,0.140,2.88
7700,Pursuer,0.442,0.457,0.132,0.142,0.00
7701,Runner,0.442,0.457,0.119,0.105,0.96
7702,Runner,0.442,0.457,0.131,0.127,2.08
7703,Pursuer,0.442,0.457,0.126,0.158,0.00
7704,Runner,0.442,0.457,0.159,0.145,0.00
7705,Runner,0.442,0.457,0.135,0.139,8.70
7706,Runner,0.442,0.457,0.131,0.131,0.00
7707,Runner,0.442,0.457,0.124,0.142,2.22
7708,Runner,0.442,0.457,0.137,0.159,0.00
7709,Pursuer,0.442,0.457,0.153,0.138,0.00
7710,Pursuer,0.442,0.457,0.136,0.151,0.00
7711,Pursuer,0.442,0.457,0.147,0.138,0.00
7712,Pursuer,0.442,0.457,0.131,0.137,0.00
7713,Pursuer,0.442,0.457,0.043,0.264,0.00
7714,Runner,0.442,0.457,0.149,0.143,1.70
7715,Draw,0.442,0.457,0.137,0.145,17.30
7716,Pursuer,0.442,0.457,0.124,0.124,0.00
7717,Pursuer,0.442,0.457,0.165,0.146,0.00
7718,Runner,0.442,0.457,0.164,0.132,0.00
7719,Pursuer,0.442,0.457,0.606,0.470,0.00
7720,Pursuer,0.442,0.457,0.107,0.086,0.00
7721,Pursuer,0.442,0.457,0.136,0.120,0.00
7722,Pursuer,0.441,0.457,0.119,0.118,0.00
7723,Pursuer,0.441,0.457,0.132,0.121,0.00
7724,Pursuer,0.441,0.458,0.137,0.137,0.00
7725,Runner,0.441,0.457,0.129,0.127,3.14
7726,Pursuer,0.441,0.458,0.082,0.056,0.00
7727,Pursuer,0.441,0.458,0.136,0.133,0.00
7728,Runner,0.441,0.458,0.120,0.156,6.72
7729,Runner,0.441,0.457,0.143,0.090,0.00
7730,Pursuer,0.441,0.458,0.152,0.122,0.00
7731,Runner,0.441,0.458,0.111,0.167,0.00
7732,Runner,0.442,0.457,0.168,0.178,0.00
7733,Pursuer,0.441,0.458,0.128,0.130,0.00
7734,Runner,0.442,0.457,0.135,0.139,8.18
7735,Pursuer,0.441,0.458,0.122,0.152,0.00
7736,Runner,0.442,0.457,0.150,0.146,2.02
7737,Runner,0.442,0.457,0.092,0.161,0.00
7738,Pursuer,0.442,0.457,0.115,0.165,0.00
7739,Pursuer,0.442,0.458,0.109,0.123,0.00
7740,Pursuer,0.441,0.458,0.148,0.135,0.00
7741,Pursuer,0.441,0.458,0.149,0.121,0.00
7742,Pursuer,0.441,0.458,0.137,0.127,0.00
7743,Runner,0.441,0.458,0.130,0.120,0.00
7744,Pursuer,0.441,0.458,0.000,0.000,0.00
7745,Runner,0.441,0.458,0.186,0.127,0.96
7746,Runner,0.442,0.458,0.159,0.148,0.00
7747,Runner,0.442,0.458,0.131,0.111,0.12
7748,Pursuer,0.442,0.458,0.125,0.123,0.00
7749,Runner,0.442,0.458,0.150,0.105,0.60
7750,Runner,0.442,0.458,0.164,0.176,0.90
7751,Runner,0.442,0.457,0.072,0.122,0.00
7752,Runner,0.442,0.457,0.135,0.129,0.52
7753,Runner,0.442,0.457,0.159,0.154,2.66
7754,Runner,0.442,0.457,0.147,0.160,2.46
7755,Pursuer,0.442,0.457,0.000,0.000,0.00
7756,Pursuer,0.442,0.457,0.138,0.189,0.00
7757,Pursuer,0.442,0.458,0.117,0.192,0.00
7758,Pursuer,0.442,0.458,0.098,0.119,0.00
7759,Pursuer,0.442,0.458,0.236,0.151,0.00
7760,Runner,0.442,0.458,0.131,0.128,0.00
7761,Pursuer,0.442,0.458,0.154,0.126,0.00
7762,Runner,0.442,0.458,0.159,0.108,1.24
7763,Runner,0.442,0.458,0.140,0.127,0.00
7764,Runner,0.442,0.457,0.128,0.140,2.72
7765,Runner,0.442,0.457,0.170,0.141,0.00
7766,Pursuer,0.442,0.458,0.165,0.109,0.00
7767,Runner,0.442,0.457,0.140,0.101,1.06
7768,Pursuer,0.442,0.458,0.159,0.093,0.00
7769,Runner,0.442,0.457,0.130,0.076,0.12
7770,Pursuer,0.442,0.458,0.136,0.137,0.00
7771,Draw,0.442,0.457,0.145,0.135,3.30
7772,Pursuer,0.442,0.458,0.130,0.147,0.00
7773,Draw,0.442,0.457,0.157,0.141,12.86
7774,Runner,0.442,0.457,0.142,0.151,5.60
7775,Runner,0.442,0.457,0.116,0.136,0.26
7776,Runner,0.442,0.457,0.106,0.139,5.18
7777,Runner,0.442,0.457,0.129,0.135,2.44
7778,Pursuer,0.442,0.457,0.135,0.143,0.00
7779,Runner,0.442,0.457,0.126,0.144,3.92
7780,Runner,0.442,0.457,0.123,0.099,0.82
7781,Pursuer,0.442,0.457,0.119,0.160,0.00
7782,Pursuer,0.442,0.457,0.157,0.135,0.00
7783,Runner,0.442,0.457,0.137,0.121,3.12
7784,Pursuer,0.442,0.457,0.124,0.107,0.00
7785,Pursuer,0.442,0.457,0.170,0.138,0.00
7786,Pursuer,0.442,0.457,0.130,0.109,0.00
7787,Draw,0.442,0.457,0.142,0.158,18.84
7788,Runner,0.442,0.457,0.115,0.151,1.08
7789,Runner,0.442,0.457,0.133,0.109,1.62
7790,Pursuer,0.442,0.457,0.073,0.143,0.00
7791,Runner,0.442,0.457,0.126,0.142,0.78
7792,Pursuer,0.442,0.457,0.130,0.158,0.00
7793,Runner,0.442,0.457,0.000,0.000,0.00
7794,Draw,0.442,0.457,0.105,0.137,16.88
7795,Pursuer,0.442,0.457,0.098,0.179,0.00
7796,Runner,0.442,0.457,0.130,0.090,0.84
7797,Pursuer,0.442,0.457,0.102,0.161,0.00
7798,Pursuer,0.442,0.457,0.107,0.140,0.00
7799,Runner,0.442,0.457,0.131,0.125,0.00
7800,Pursuer,0.442,0.457,0.166,0.137,0.00
7801,Pursuer,0.442,0.458,0.172,0.109,0.00
7802,Pursuer,0.442,0.458,0.149,0.131,0.00
7803,Runner,0.442,0.458,0.117,0.123,1.96
7804,Pursuer,0.442,0.458,0.138,0.138,0.00
7805,Pursuer,0.442,0.458,0.268,0.205,0.00
7806,Pursuer,0.442,0.458,0.132,0.162,0.00
7807,Pursuer,0.442,0.458,0.156,0.121,0.00
7808,Pursuer,0.442,0.458,0.170,0.168,0.00
7809,Runner,0.442,0.458,0.151,0.128,0.54
7810,Pursuer,0.442,0.458,0.141,0.116,0.00
7811,Runner,0.442,0.458,0.207,0.063,0.00
7812,Draw,0.442,0.458,0.125,0.148,6.48
7813,Pursuer,0.442,0.458,0.000,0.000,0.00
7814,Runner,0.442,0.458,0.129,0.119,1.16
7815,Pursuer,0.442,0.458,0.189,0.144,0.00
7816,Runner,0.442,0.458,0.134,0.143,6.24
7817,Pursuer,0.442,0.458,0.138,0.121,0.00
7818,Pursuer,0.442,0.458,0.144,0.136,0.00
7819,Runner,0.442,0.458,0.126,0.106,0.00
7820,Draw,0.442,0.458,0.132,0.131,17.26
7821,Runner,0.442,0.458,0.137,0.139,2.86
7822,Pursuer,0.442,0.458,0.131,0.139,0.00
7823,Pursuer,0.442,0.458,0.157,0.146,0.00
7824,Runner,0.442,0.458,0.154,0.135,0.44
7825,Pursuer,0.442,0.458,0.150,0.123,0.00
7826,Runner,0.442,0.458,0.121,0.129,0.00
7827,Draw,0.442,0.458,0.124,0.139,0.00
7828,Pursuer,0.441,0.458,0.124,0.125,0.00
7829,Pursuer,0.441,0.458,0.159,0.151,0.00
7830,Pursuer,0.441,0.458,0.244,0.072,0.00
7831,Pursuer,0.441,0.458,0.097,0.114,0.00
7832,Runner,0.441,0.458,0.102,0.133,0.00
7833,Pursuer,0.441,0.458,0.162,0.147,0.00
7834,Pursuer,0.441,0.458,0.112,0.170,0.00
7835,Pursuer,0.441,0.458,0.120,0.152,0.00
7836,Pursuer,0.441,0.458,0.127,0.158,0.00
7837,Pursuer,0.441,0.458,0.127,0.163,0.00
7838,Runner,0.441,0.458,0.115,0.117,0.00
7839,Pursuer,0.441,0.458,0.128,0.128,0.00
7840,Pursuer,0.441,0.458,0.137,0.147,0.00
7841,Runner,0.441,0.458,0.125,0.135,0.72
7842,Pursuer,0.441,0.458,0.133,0.139,0.00
7843,Draw,0.441,0.458,0.141,0.140,16.68
7844,Pursuer,0.441,0.458,0.135,0.138,0.00
7845,Pursuer,0.441,0.459,0.142,0.125,0.00
7846,Pursuer,0.441,0.459,0.147,0.148,0.00
7847,Runner,0.441,0.459,0.131,0.144,2.14
7848,Draw,0.441,0.458,0.128,0.149,19.06
7849,Pursuer,0.441,0.459,0.127,0.142,0.00
7850,Draw,0.441,0.458,0.132,0.141,17.76
7851,Runner,0.441,0.458,0.130,0.125,1.76
7852,Pursuer,0.441,0.458,0.125,0.167,0.00
7853,Pursuer,0.441,0.459,0.134,0.133,0.00
7854,Pursuer,0.441,0.459,0.125,0.140,0.00
7855,Runner,0.441,0.459,0.136,0.140,1.68
7856,Pursuer,0.441,0.459,0.124,0.156,0.00
7857,Pursuer,0.441,0.459,0.155,0.166,0.00
7858,Runner,0.441,0.459,0.150,0.133,2.52
7859,Runner,0.441,0.459,0.123,0.103,1.08
7860,Runner,0.441,0.459,0.142,0.144,1.98
7861,Draw,0.441,0.458,0.130,0.148,18.56
7862,Runner,0.441,0.458,0.070,0.136,0.00
7863,Draw,0.441,0.458,0.122,0.154,16.38
7864,Runner,0.441,0.458,0.099,0.118,1.18
7865,Pursuer,0.441,0.458,0.149,0.136,0.00
7866,Pursuer,0.441,0.458,0.165,0.077,0.00
7867,Pursuer,0.441,0.458,0.102,0.187,0.00
7868,Pursuer,0.441,0.459,0.156,0.191,0.00
7869,Pursuer,0.441,0.459,0.234,0.165,0.00
7870,Pursuer,0.441,0.459,0.123,0.077,0.00
7871,Pursuer,0.440,0.459,0.156,0.114,0.00
7872,Pursuer,0.440,0.459,0.140,0.118,0.00
7873,Runner,0.440,0.459,0.000,0.000,0.00
7874,Pursuer,0.440,0.459,0.144,0.111,0.00
7875,Pursuer,0.440,0.459,0.148,0.134,0.00
7876,Pursuer,0.440,0.459,0.138,0.139,0.00
7877,Pursuer,0.440,0.459,0.115,0.104,0.00
7878,Pursuer,0.440,0.459,0.126,0.135,0.00
7879,Draw,0.440,0.459,0.123,0.153,16.02
7880,Pursuer,0.440,0.459,0.000,0.000,0.00
7881,Pursuer,0.440,0.459,0.113,0.170,0.00
7882,Pursuer,0.440,0.459,0.134,0.140,0.00
7883,Pursuer,0.440,0.459,0.089,0.130,0.00
7884,Pursuer,0.440,0.459,0.139,0.160,0.00
7885,Pursuer,0.440,0.459,0.156,0.153,0.00
7886,Runner,0.440,0.459,0.154,0.139,1.20
7887,Pursuer,0.440,0.459,0.112,0.125,0.00
7888,Runner,0.440,0.459,0.184,0.145,0.00
7889,Runner,0.440,0.459,0.140,0.120,5.10
7890,Runner,0.440,0.459,0.144,0.118,0.00
7891,Runner,0.440,0.459,0.119,0.132,0.00
7892,Runner,0.440,0.459,0.130,0.138,2.84
7893,Runner,0.440,0.459,0.118,0.117,2.84
7894,Pursuer,0.440,0.459,0.111,0.109,0.00
7895,Pursuer,0.440,0.459,0.113,0.139,0.00
7896,Pursuer,0.440,0.459,0.080,0.129,0.00
7897,Pursuer,0.440,0.459,0.112,0.136,0.00
7898,Runner,0.440,0.459,0.049,0.073,0.12
7899,Runner,0.440,0.459,0.154,0.131,0.84
7900,Pursuer,0.440,0.459,0.146,0.157,0.00
7901,Runner,0.440,0.459,0.111,0.168,1.56
7902,Runner,0.440,0.459,0.128,0.131,0.00
7903,Pursuer,0.440,0.459,0.138,0.137,0.00
7904,Pursuer,0.440,0.459,0.140,0.109,0.00
7905,Runner,0.440,0.459,0.141,0.120,0.00
7906,Draw,0.440,0.459,0.128,0.152,19.98
7907,Pursuer,0.440,0.459,0.126,0.135,0.00
7908,Runner,0.440,0.459,0.135,0.131,0.00
7909,Runner,0.440,0.459,0.150,0.150,1.62
7910,Runner,0.440,0.459,0.127,0.125,4.96
7911,Runner,0.440,0.459,0.153,0.148,0.44
7912,Runner,0.440,0.459,0.129,0.145,0.00
7913,Pursuer,0.440,0.459,0.122,0.144,0.00
7914,Runner,0.440,0.459,0.138,0.133,2.84
7915,Pursuer,0.440,0.459,0.138,0.139,0.00
7916,Runner,0.441,0.459,0.152,0.117,1.54
7917,Runner,0.441,0.459,0.134,0.138,0.00
7918,Draw,0.441,0.459,0.135,0.144,16.42
7919,Pursuer,0.440,0.459,0.119,0.128,0.00
7920,Pursuer,0.440,0.459,0.146,0.119,0.00
7921,Runner,0.440,0.459,0.132,0.127,0.58
7922,Pursuer,0.440,0.459,0.127,0.144,0.00
7923,Pursuer,0.440,0.459,0.149,0.120,0.00
7924,Pursuer,0.440,0.459,0.133,0.128,0.00
7925,Runner,0.440,0.459,0.143,0.098,0.00
7926,Pursuer,0.440,0.459,0.129,0.109,0.00
7927,Pursuer,0.440,0.459,0.091,0.166,0.00
7928,Pursuer,0.440,0.459,0.153,0.132,0.00
7929,Pursuer,0.440,0.459,0.142,0.123,0.00
7930,Runner,0.440,0.459,0.195,0.105,0.26
7931,Pursuer,0.440,0.459,0.149,0.123,0.00
7932,Runner,0.440,0.459,0.138,0.145,5.32
7933,Runner,0.440,0.459,0.118,0.141,0.54
7934,Pursuer,0.440,0.459,0.127,0.156,0.00
7935,Runner,0.440,0.459,0.181,0.182,0.00
7936,Pursuer,0.440,0.459,0.131,0.137,0.00
7937,Runner,0.440,0.459,0.129,0.130,0.22
7938,Runner,0.440,0.459,0.116,0.132,2.52
7939,Runner,0.440,0.459,0.151,0.136,4.76
7940,Runner,0.441,0.459,0.131,0.119,1.54
7941,Runner,0.441,0.459,0.194,0.212,0.00
7942,Pursuer,0.441,0.459,0.094,0.131,0.00
7943,Pursuer,0.441,0.459,0.113,0.106,0.00
7944,Pursuer,0.440,0.459,0.134,0.119,0.00
7945,Pursuer,0.440,0.459,0.188,0.368,0.00
7946,Pursuer,0.440,0.459,0.115,0.200,0.00
7947,Runner,0.440,0.459,0.112,0.172,0.76
7948,Pursuer,0.440,0.459,0.000,0.000,0.00
7949,Runner,0.440,0.459,0.126,0.148,0.00
7950,Runner,0.441,0.459,0.154,0.130,2.14
7951,Pursuer,0.440,0.459,0.128,0.126,0.00
7952,Pursuer,0.440,0.460,0.109,0.130,0.00
7953,Pursuer,0.440,0.460,0.144,0.142,0.00
7954,Runner,0.440,0.460,0.142,0.096,0.70
7955,Pursuer,0.440,0.460,0.168,0.143,0.00
7956,Draw,0.440,0.460,0.148,0.140,0.00
7957,Runner,0.440,0.459,0.139,0.128,0.00
7958,Runner,0.440,0.459,0.138,0.134,4.44
7959,Pursuer,0.440,0.459,0.166,0.157,0.00
7960,Runner,0.440,0.459,0.114,0.154,0.00
7961,Pursuer,0.440,0.459,0.134,0.116,0.00
7962,Pursuer,0.440,0.460,0.132,0.123,0.00
7963,Runner,0.440,0.460,0.142,0.164,2.16
7964,Runner,0.440,0.459,0.152,0.122,0.28
7965,Runner,0.441,0.459,0.104,0.107,0.00
7966,Runner,0.441,0.459,0.118,0.130,0.00
7967,Runner,0.441,0.459,0.140,0.140,0.02
7968,Runner,0.441,0.459,0.130,0.153,0.08
7969,Pursuer,0.441,0.459,0.138,0.153,0.00
7970,Pursuer,0.441,0.459,0.139,0.151,0.00
7971,Runner,0.441,0.459,0.123,0.176,0.00
7972,Draw,0.441,0.459,0.127,0.147,16.98
7973,Runner,0.441,0.459,0.129,0.136,8.48
7974,Pursuer,0.441,0.459,0.000,0.000,0.00
7975,Runner,0.441,0.459,0.147,0.116,1.30
7976,Runner,0.441,0.459,0.133,0.126,0.48
7977,Pursuer,0.441,0.459,0.144,0.127,0.00
7978,Runner,0.441,0.459,0.000,0.000,0.02
7979,Runner,0.441,0.459,0.109,0.128,0.00
7980,Runner,0.441,0.459,0.111,0.128,3.46
7981,Pursuer,0.441,0.459,0.131,0.128,0.00
7982,Draw,0.441,0.459,0.138,0.143,16.46
7983,Pursuer,0.441,0.459,0.157,0.117,0.00
7984,Runner,0.441,0.459,0.158,0.155,1.90
7985,Pursuer,0.441,0.459,0.128,0.104,0.00
7986,Pursuer,0.441,0.459,0.152,0.118,0.00
7987,Runner,0.441,0.459,0.124,0.109,0.00
7988,Pursuer,0.441,0.459,0.136,0.141,0.00
7989,Runner,0.441,0.459,0.148,0.121,0.90
7990,Runner,0.441,0.459,0.154,0.126,1.18
7991,Runner,0.441,0.459,0.129,0.171,2.36
7992,Pursuer,0.441,0.459,0.122,0.166,0.00
7993,Pursuer,0.441,0.459,0.137,0.139,0.00
7994,Runner,0.441,0.459,0.162,0.150,0.00
7995,Pursuer,0.441,0.459,0.131,0.143,0.00
7996,Pursuer,0.441,0.459,0.148,0.158,0.00
7997,Pursuer,0.441,0.459,0.132,0.140,0.00
7998,Pursuer,0.441,0.459,0.141,0.133,0.00
7999,Runner,0.441,0.459,0.128,0.106,0.70
8000,Pursuer,0.441,0.459,0.130,0.135,0.00
8001,Pursuer,0.441,0.459,0.116,0.132,0.00
8002,Runner,0.441,0.459,0.000,0.000,0.02
8003,Pursuer,0.441,0.459,0.132,0.157,0.00
8004,Runner,0.441,0.459,0.134,0.122,0.00
8005,Runner,0.441,0.459,0.153,0.128,0.00
8006,Pursuer,0.441,0.459,0.200,0.208,0.00
8007,Runner,0.441,0.459,0.140,0.135,0.80
8008,Pursuer,0.441,0.459,0.145,0.115,0.00
8009,Pursuer,0.441,0.459,0.133,0.140,0.00
8010,Runner,0.441,0.459,0.121,0.088,1.14
8011,Runner,0.441,0.459,0.133,0.126,0.02
8012,Runner,0.441,0.459,0.103,0.141,0.00
8013,Pursuer,0.441,0.459,0.156,0.116,0.00
8014,Draw,0.441,0.459,0.140,0.139,16.32
8015,Runner,0.441,0.459,0.174,0.120,0.86
8016,Pursuer,0.441,0.459,0.127,0.116,0.00
8017,Runner,0.441,0.459,0.149,0.160,0.00
8018,Pursuer,0.441,0.459,0.117,0.149,0.00
8019,Pursuer,0.441,0.459,0.104,0.159,0.00
8020,Pursuer,0.441,0.459,0.096,0.125,0.00
8021,Runner,0.441,0.459,0.154,0.144,8.14
8022,Runner,0.441,0.459,0.138,0.133,1.12
8023,Runner,0.441,0.459,0.137,0.147,5.22
8024,Runner,0.441,0.459,0.153,0.117,0.46
8025,Pursuer,0.441,0.459,0.138,0.126,0.00
8026,Runner,0.441,0.459,0.124,0.184,0.44
8027,Runner,0.441,0.459,0.136,0.108,0.00
8028,Runner,0.441,0.459,0.146,0.135,2.40
8029,Pursuer,0.441,0.459,0.133,0.142,0.00
8030,Runner,0.441,0.459,0.143,0.137,1.54
8031,Runner,0.441,0.459,0.121,0.142,2.48
8032,Runner,0.441,0.459,0.133,0.151,0.66
8033,Pursuer,0.441,0.459,0.129,0.130,0.00
8034,Runner,0.441,0.459,0.000,0.000,0.00
8035,Pursuer,0.441,0.459,0.151,0.123,0.00
8036,Pursuer,0.441,0.459,0.151,0.147,0.00
8037,Runner,0.441,0.459,0.157,0.129,0.00
8038,Pursuer,0.441,0.459,0.112,0.141,0.00
8039,Runner,0.441,0.459,0.112,0.142,0.00
8040,Runner,0.441,0.459,0.118,0.135,1.98
8041,Runner,0.441,0.459,0.130,0.144,3.82
8042,Draw,0.441,0.459,0.145,0.152,18.32
8043,Pursuer,0.441,0.459,0.127,0.147,0.00
8044,Pursuer,0.441,0.459,0.132,0.142,0.00
8045,Pursuer,0.441,0.459,0.109,0.170,0.00
8046,Runner,0.441,0.459,0.113,0.150,0.00
8047,Runner,0.441,0.459,0.133,0.115,0.00
8048,Runner,0.441,0.459,0.103,0.153,2.44
8049,Pursuer,0.441,0.459,0.196,0.165,0.00
8050,Runner,0.441,0.459,0.140,0.127,0.50
8051,Runner,0.442,0.459,0.141,0.131,0.04
8052,Runner,0.442,0.459,0.109,0.109,0.00
8053,Pursuer,0.442,0.459,0.138,0.120,0.00
8054,Pursuer,0.442,0.459,0.153,0.142,0.00
8055,Runner,0.442,0.459,0.124,0.142,3.64
8056,Runner,0.442,0.459,0.137,0.116,3.00
8057,Runner,0.442,0.459,0.117,0.132,1.10
8058,Pursuer,0.442,0.459,0.099,0.156,0.00
8059,Runner,0.442,0.459,0.146,0.128,0.00
8060,Runner,0.442,0.459,0.138,0.124,3.40
8061,Runner,0.442,0.459,0.117,0.145,0.00
8062,Runner,0.442,0.459,0.140,0.142,1.58
8063,Pursuer,0.442,0.459,0.149,0.129,0.00
8064,Pursuer,0.442,0.459,0.135,0.140,0.00
8065,Pursuer,0.442,0.459,0.139,0.152,0.00
8066,Runner,0.442,0.459,0.126,0.092,0.00
8067,Runner,0.442,0.459,0.124,0.137,1.58
8068,Runner,0.442,0.459,0.153,0.132,0.44
8069,Pursuer,0.442,0.459,0.145,0.112,0.00
8070,Runner,0.442,0.459,0.138,0.125,0.00
8071,Runner,0.442,0.459,0.148,0.167,0.00
8072,Pursuer,0.442,0.459,0.143,0.152,0.00
8073,Runner,0.442,0.459,0.151,0.152,1.70
8074,Pursuer,0.442,0.459,0.140,0.150,0.00
8075,Pursuer,0.442,0.459,0.128,0.138,0.00
8076,Pursuer,0.442,0.459,0.134,0.118,0.00
8077,Pursuer,0.442,0.459,0.062,0.106,0.00
8078,Runner,0.442,0.459,0.137,0.112,0.00
8079,Runner,0.442,0.459,0.162,0.135,0.28
8080,Runner,0.442,0.459,0.087,0.181,0.12
8081,Pursuer,0.442,0.459,0.060,0.086,0.00
8082,Runner,0.442,0.459,0.179,0.145,1.86
8083,Runner,0.442,0.459,0.138,0.160,2.76
8084,Pursuer,0.442,0.459,0.137,0.114,0.00
8085,Pursuer,0.442,0.459,0.122,0.120,0.00
8086,Runner,0.442,0.459,0.152,0.127,0.40
8087,Pursuer,0.442,0.459,0.107,0.156,0.00
8088,Runner,0.442,0.459,0.128,0.142,0.00
8089,Pursuer,0.442,0.459,0.138,0.113,0.00
8090,Runner,0.442,0.459,0.128,0.137,3.32
8091,Pursuer,0.442,0.459,0.122,0.164,0.00
8092,Pursuer,0.442,0.459,0.142,0.121,0.00
8093,Runner,0.442,0.459,0.123,0.149,0.00
8094,Pursuer,0.442,0.459,0.191,0.170,0.00
8095,Runner,0.442,0.459,0.094,0.075,0.00
8096,Pursuer,0.442,0.459,0.111,0.155,0.00
8097,Runner,0.442,0.459,0.129,0.126,0.22
8098,Pursuer,0.442,0.459,0.152,0.120,0.00
8099,Pursuer,0.442,0.459,0.046,0.152,0.00
8100,Runner,0.442,0.459,0.178,0.181,1.02
8101,Runner,0.442,0.459,0.122,0.130,0.00
8102,Pursuer,0.442,0.459,0.123,0.146,0.00
8103,Runner,0.442,0.459,0.180,0.121,1.00
8104,Pursuer,0.442,0.459,0.138,0.136,0.00
8105,Pursuer,0.442,0.459,0.141,0.145,0.00
8106,Runner,0.442,0.459,0.122,0.178,0.08
8107,Pursuer,0.442,0.459,0.156,0.155,0.00
8108,Runner,0.442,0.459,0.108,0.111,0.00
8109,Draw,0.442,0.459,0.130,0.142,16.64
8110,Runner,0.442,0.459,0.132,0.138,6.72
8111,Runner,0.442,0.459,0.135,0.112,0.00
8112,Pursuer,0.442,0.459,0.125,0.150,0.00
8113,Runner,0.442,0.459,0.151,0.174,0.00
8114,Runner,0.442,0.459,0.151,0.134,2.80
8115,Runner,0.442,0.459,0.138,0.137,2.48
8116,Runner,0.442,0.459,0.136,0.138,0.00
8117,Pursuer,0.442,0.459,0.134,0.125,0.00
8118,Pursuer,0.442,0.459,0.124,0.123,0.00
8119,Runner,0.442,0.459,0.000,0.000,0.02
8120,Pursuer,0.442,0.459,0.127,0.179,0.00
8121,Pursuer,0.442,0.459,0.136,0.143,0.00
8122,Runner,0.442,0.459,0.127,0.141,2.08
8123,Draw,0.442,0.459,0.141,0.144,15.52
8124,Runner,0.442,0.459,0.095,0.143,0.00
8125,Pursuer,0.442,0.459,0.000,0.000,0.00
8126,Runner,0.442,0.459,0.138,0.153,0.00
8127,Draw,0.442,0.459,0.139,0.114,0.00
8128,Runner,0.442,0.459,0.137,0.134,2.14
8129,Pursuer,0.442,0.459,0.174,0.133,0.00
8130,Runner,0.442,0.459,0.125,0.158,0.00
8131,Runner,0.443,0.459,0.120,0.136,0.00
8132,Pursuer,0.442,0.459,0.126,0.134,0.00
8133,Pursuer,0.442,0.459,0.095,0.128,0.00
8134,Draw,0.442,0.459,0.133,0.136,13.90
8135,Runner,0.442,0.459,0.141,0.152,0.00
8136,Runner,0.442,0.459,0.143,0.148,0.00
8137,Runner,0.443,0.459,0.154,0.154,0.00
8138,Pursuer,0.442,0.459,0.000,0.000,0.00
8139,Pursuer,0.442,0.459,0.137,0.125,0.00
8140,Pursuer,0.442,0.459,0.115,0.101,0.00
8141,Runner,0.442,0.459,0.131,0.175,0.00
8142,Draw,0.442,0.459,0.138,0.152,19.28
8143,Runner,0.442,0.459,0.141,0.138,0.00
8144,Runner,0.443,0.458,0.113,0.154,0.64
8145,Runner,0.443,0.458,0.130,0.150,1.22
8146,Draw,0.443,0.458,0.148,0.126,10.56
8147,Pursuer,0.442,0.458,0.161,0.143,0.00
8148,Runner,0.443,0.458,0.140,0.120,0.46
8149,Pursuer,0.443,0.458,0.118,0.130,0.00
8150,Runner,0.443,0.458,0.156,0.134,2.14
8151,Pursuer,0.443,0.458,0.124,0.126,0.00
8152,Runner,0.443,0.458,0.135,0.105,0.00
8153,Pursuer,0.443,0.458,0.140,0.130,0.00
8154,Pursuer,0.442,0.459,0.166,0.134,0.00
8155,Pursuer,0.442,0.459,0.157,0.164,0.00
8156,Runner,0.442,0.459,0.113,0.129,2.80
8157,Runner,0.443,0.459,0.147,0.130,0.00
8158,Runner,0.443,0.458,0.119,0.121,0.38
8159,Pursuer,0.443,0.459,0.161,0.119,0.00
8160,Pursuer,0.443,0.459,0.163,0.141,0.00
8161,Pursuer,0.442,0.459,0.148,0.115,0.00
8162,Runner,0.443,0.459,0.128,0.133,0.00
8163,Pursuer,0.442,0.459,0.130,0.126,0.00
8164,Pursuer,0.442,0.459,0.137,0.123,0.00
8165,Runner,0.442,0.459,0.121,0.115,0.00
8166,Pursuer,0.442,0.459,0.060,0.128,0.00
8167,Pursuer,0.442,0.459,0.110,0.116,0.00
8168,Draw,0.442,0.459,0.136,0.160,18.78
8169,Runner,0.442,0.459,0.130,0.143,1.44
8170,Pursuer,0.442,0.459,0.141,0.118,0.00
8171,Pursuer,0.442,0.459,0.126,0.146,0.00
8172,Runner,0.442,0.459,0.168,0.137,0.00
8173,Runner,0.442,0.459,0.167,0.118,0.54
8174,Runner,0.443,0.459,0.145,0.128,0.00
8175,Runner,0.443,0.459,0.096,0.160,0.00
8176,Runner,0.443,0.459,0.119,0.146,0.62
8177,Runner,0.443,0.458,0.132,0.119,0.00
8178,Pursuer,0.443,0.459,0.136,0.139,0.00
8179,Runner,0.443,0.458,0.136,0.164,1.14
8180,Runner,0.443,0.458,0.111,0.134,0.30
8181,Runner,0.443,0.458,0.104,0.150,0.00
8182,Runner,0.443,0.458,0.132,0.139,0.00
8183,Pursuer,0.443,0.458,0.125,0.157,0.00
8184,Pursuer,0.443,0.458,0.136,0.114,0.00
8185,Runner,0.443,0.458,0.142,0.126,0.54
8186,Runner,0.443,0.458,0.136,0.136,0.00
8187,Pursuer,0.443,0.458,0.165,0.142,0.00
8188,Runner,0.443,0.458,0.127,0.197,1.16
8189,Pursuer,0.443,0.458,0.166,0.169,0.00
8190,Runner,0.443,0.458,0.138,0.139,0.68
8191,Pursuer,0.443,0.458,0.648,0.564,0.00
8192,Runner,0.443,0.458,0.130,0.129,2.88
8193,Runner,0.443,0.458,0.131,0.135,0.00
8194,Runner,0.443,0.458,0.130,0.146,1.40
8195,Runner,0.443,0.458,0.122,0.145,1.98
8196,Pursuer,0.443,0.458,0.102,0.130,0.00
8197,Pursuer,0.443,0.458,0.131,0.132,0.00
8198,Runner,0.443,0.458,0.123,0.145,4.30
8199,Runner,0.443,0.458,0.150,0.119,2.46
8200,Pursuer,0.443,0.458,0.154,0.145,0.00
8201,Pursuer,0.443,0.458,0.118,0.129,0.00
8202,Runner,0.443,0.458,0.135,0.140,0.00
8203,Pursuer,0.443,0.458,0.134,0.173,0.00
8204,Pursuer,0.443,0.458,0.097,0.118,0.00
8205,Pursuer,0.443,0.459,0.126,0.147,0.00
8206,Pursuer,0.443,0.459,0.120,0.203,0.00
8207,Pursuer,0.443,0.459,0.128,0.138,0.00
8208,Pursuer,0.443,0.459,0.147,0.137,0.00
8209,Pursuer,0.443,0.459,0.137,0.159,0.00
8210,Runner,0.443,0.459,0.125,0.139,1.72
8211,Runner,0.443,0.459,0.125,0.107,0.00
8212,Pursuer,0.443,0.459,0.142,0.131,0.00
8213,Pursuer,0.443,0.459,0.130,0.126,0.00
8214,Runner,0.443,0.459,0.132,0.088,0.00
8215,Runner,0.443,0.459,0.162,0.142,0.70
8216,Runner,0.443,0.459,0.147,0.121,0.00
