Episode,RunnerAcc,PursuerAcc,DrawsPercentage,RunnerJitter,PursuerJitter,NearMissTime,EpisodeStepsAvg
100,0.07,0.13,0.8,0.1411994,0.1382944,2.457022,826.91
200,0.08,0.21,0.71,0.1342878,0.1339061,2.610818,800.22
300,0.15,0.3,0.55,0.1419292,0.1418194,2.534013,730.89
400,0.17,0.38,0.45,0.1426284,0.142494,2.916614,665.31
500,0.19,0.46,0.35,0.1442291,0.1418753,2.09241,615.7
600,0.19,0.48,0.33,0.1370557,0.1391215,2.568815,580.62
700,0.23,0.45,0.32,0.1489573,0.1456598,3.465024,608.7
800,0.21,0.53,0.26,0.1462846,0.1501345,3.109422,525.81
900,0.31,0.48,0.21,0.1438026,0.1440967,3.121219,511.24
1000,0.27,0.5,0.23,0.1386022,0.1410901,3.265625,531.24
1100,0.24,0.55,0.21,0.1493038,0.1491596,2.79022,476.5
1200,0.36,0.5,0.14,0.1406727,0.1393216,2.162209,449.53
1300,0.36,0.45,0.19,0.1532477,0.1533514,2.332219,459.24
1400,0.38,0.5,0.12,0.146149,0.1472875,2.244015,425.77
1500,0.37,0.53,0.1,0.1435583,0.1494557,1.787608,361.21
1600,0.39,0.51,0.1,0.1488164,0.1504362,2.030813,347.55
1700,0.47,0.43,0.1,0.1480099,0.1393956,2.019811,372.67
1800,0.38,0.47,0.15,0.1448486,0.1504399,2.706615,400.65
1900,0.47,0.48,0.05,0.1432414,0.1436788,1.331805,315.96
2000,0.37,0.54,0.09,0.1388794,0.143852,1.746608,332.66
2100,0.41,0.5,0.09,0.1340091,0.1414245,1.755813,331.37
2200,0.41,0.53,0.06,0.133329,0.1369327,1.145805,318.18
2300,0.48,0.48,0.04,0.1405766,0.1400473,1.492209,291.47
2400,0.37,0.55,0.08,0.1440956,0.151105,1.586007,347.11
2500,0.4,0.55,0.05,0.1377259,0.1373267,1.499207,289.27
2600,0.45,0.48,0.07,0.1394508,0.1403384,1.476809,319.53
2700,0.4,0.54,0.06,0.1414784,0.1448361,1.372206,296.09
2800,0.43,0.51,0.06,0.1459534,0.1402287,1.481208,281.75
2900,0.51,0.45,0.04,0.1340809,0.1352258,0.9524016,253.03
3000,0.42,0.55,0.03,0.1354142,0.1353107,1.277004,265.06
3100,0.46,0.5,0.04,0.1471114,0.1473586,1.35561,258.13
3200,0.4,0.5,0.1,0.1410199,0.1433452,1.268607,311.02
3300,0.41,0.55,0.04,0.1348519,0.1354446,1.307207,279.88
3400,0.45,0.49,0.06,0.1416663,0.1423984,1.561006,288.18
3500,0.42,0.54,0.04,0.1382857,0.1383583,1.270007,251.61
3600,0.43,0.53,0.04,0.1352605,0.1308673,0.9204038,248.19
3700,0.53,0.45,0.02,0.1430305,0.1350733,1.025003,242.21
3800,0.39,0.56,0.05,0.142128,0.1473155,1.483412,263.24
3900,0.48,0.46,0.06,0.1480927,0.1392654,1.328209,260.53
4000,0.45,0.5,0.05,0.1327143,0.1317659,1.633811,278.48
4100,0.36,0.55,0.09,0.1438444,0.1488295,1.613012,258.89
4200,0.49,0.47,0.04,0.1308235,0.1342446,1.105003,227.82
4300,0.44,0.48,0.08,0.1371552,0.1429375,2.069214,300.06
4400,0.43,0.5,0.07,0.1294128,0.1339196,1.44341,274.13
4500,0.43,0.55,0.02,0.137956,0.1393907,0.605601,226.49
4600,0.58,0.37,0.05,0.1348297,0.1382562,1.326206,260.07
4700,0.48,0.46,0.06,0.1381983,0.1315247,1.42021,255.11
4800,0.44,0.53,0.03,0.1316528,0.1335496,0.7896028,221.66
4900,0.38,0.57,0.05,0.1425746,0.1363031,0.9180055,225.18
5000,0.47,0.49,0.04,0.1329022,0.1313806,1.147607,232.69
5100,0.47,0.49,0.04,0.1387807,0.1437464,1.345406,235.04
5200,0.51,0.46,0.03,0.1374318,0.1395213,0.853202,236.49
5300,0.47,0.46,0.07,0.1354573,0.1349577,1.856811,282.59
5400,0.55,0.39,0.06,0.1363503,0.1473771,1.909811,240.04
5500,0.47,0.49,0.04,0.1327194,0.1268765,0.6606021,224.61
5600,0.44,0.51,0.05,0.1347162,0.141083,0.8570052,245.37
5700,0.52,0.45,0.03,0.1340165,0.1317965,1.034003,216.14
5800,0.49,0.47,0.04,0.1365848,0.1445058,1.230208,242.14
5900,0.41,0.52,0.07,0.1321102,0.131575,1.561414,254.96
6000,0.5,0.44,0.06,0.1325732,0.1384081,1.389612,246.79
6100,0.48,0.47,0.05,0.1245125,0.1274247,1.028006,221.61
6200,0.42,0.52,0.06,0.1320881,0.1363884,1.606813,265.1
6300,0.45,0.5,0.05,0.1365454,0.1355184,1.410409,243.87
6400,0.42,0.5,0.08,0.1302811,0.1335599,1.58081,240.03
6500,0.46,0.49,0.05,0.1287284,0.1268205,0.9714036,247.77
6600,0.37,0.53,0.1,0.1346781,0.1314825,1.579414,281.22
6700,0.37,0.54,0.09,0.1276862,0.1256386,1.679215,267.32
6800,0.51,0.38,0.11,0.1311055,0.1346088,2.374823,252.88
6900,0.42,0.49,0.09,0.1366839,0.1268505,1.759814,256.52
7000,0.47,0.46,0.07,0.1290609,0.133614,1.550011,222.66
7100,0.44,0.47,0.09,0.1224239,0.1230876,2.035617,265.36
7200,0.43,0.52,0.05,0.1311322,0.129445,1.123208,209.14
7300,0.39,0.57,0.04,0.1350923,0.1356687,0.9974065,203.64
7400,0.38,0.6,0.02,0.131295,0.1303626,0.528402,215
7500,0.37,0.55,0.08,0.1228016,0.1239024,1.901616,246.38
7600,0.43,0.53,0.04,0.1283409,0.1300477,0.6136013,219.79
7700,0.45,0.51,0.04,0.1270124,0.1244736,1.138408,212.11
7800,0.48,0.47,0.05,0.1259939,0.1225374,0.9994071,202.36
7900,0.45,0.5,0.05,0.1232132,0.117409,1.488611,215.97
8000,0.53,0.39,0.08,0.1259735,0.1361263,1.768614,222.15
8100,0.5,0.47,0.03,0.1230182,0.1230125,1.086205,173.85
8200,0.59,0.36,0.05,0.1260573,0.1286432,1.468208,193.68
8300,0.48,0.48,0.04,0.1328699,0.1426012,1.191606,220.54
8400,0.5,0.49,0.01,0.122235,0.1228754,0.6210011,178.58
8500,0.53,0.41,0.06,0.1307839,0.1334468,1.44901,222.31
8600,0.37,0.58,0.05,0.1355644,0.1292356,1.201608,194.07
8700,0.39,0.53,0.08,0.1250457,0.1264268,1.564014,231.74
8800,0.45,0.49,0.06,0.129056,0.1377032,1.542011,207.09
8900,0.5,0.43,0.07,0.1247313,0.1230953,1.705212,224.25
9000,0.38,0.54,0.08,0.1238053,0.1261294,1.874417,245.3
9100,0.4,0.52,0.08,0.1262241,0.1277852,1.881415,240.67
9200,0.36,0.61,0.03,0.1261935,0.126052,0.8198051,192.78
9300,0.46,0.48,0.06,0.1361948,0.1452633,1.301009,184.35
9400,0.42,0.56,0.02,0.1232989,0.1301589,0.7466028,163.57
9500,0.41,0.59,0,0.121432,0.1324404,0.4015997,165.26
9600,0.45,0.5,0.05,0.1226249,0.1180624,1.202411,175.19
9700,0.4,0.57,0.03,0.1250635,0.1283858,0.7892019,192.29
9800,0.46,0.45,0.09,0.1236481,0.119089,2.141618,233.9
9900,0.47,0.47,0.06,0.1270732,0.1224377,1.230209,194.66
10000,0.4,0.54,0.06,0.1214943,0.1218838,1.664214,197.03
10100,0.41,0.55,0.04,0.1377955,0.1307393,1.145008,212.37
10200,0.43,0.51,0.06,0.1266663,0.1361276,1.161006,224.55
10300,0.44,0.49,0.07,0.1187779,0.1204556,1.641613,214.91
10400,0.38,0.58,0.04,0.1190797,0.1191801,0.8652064,182.76
10500,0.45,0.52,0.03,0.1224412,0.1270838,0.9342065,194.91
10600,0.42,0.54,0.04,0.1203535,0.1158135,1.092008,179.5
10700,0.41,0.5,0.09,0.1234744,0.1232674,1.948419,222.54
10800,0.38,0.58,0.04,0.121834,0.1280182,1.173008,159.95
10900,0.45,0.54,0.01,0.118266,0.1204606,0.5886016,154.71
11000,0.45,0.49,0.06,0.1198862,0.1354845,1.60081,230.51
11100,0.47,0.47,0.06,0.1155364,0.1167403,1.140608,199.96
11200,0.41,0.54,0.05,0.1240574,0.1281599,1.297212,190.22
11300,0.47,0.5,0.03,0.1141682,0.1154674,0.8950059,175.25
11400,0.41,0.55,0.04,0.1282226,0.1253972,1.024007,188.06
11500,0.34,0.56,0.1,0.114011,0.1153493,2.060619,234.07
11600,0.38,0.56,0.06,0.1151208,0.1190015,1.030207,206.3
11700,0.34,0.6,0.06,0.1219922,0.1184262,1.406012,205.58
11800,0.42,0.54,0.04,0.1222719,0.1186766,1.023806,190.94
11900,0.4,0.55,0.05,0.1252551,0.1208996,1.292411,220.99
12000,0.4,0.56,0.04,0.1183491,0.1182562,0.8934067,179.71
12100,0.37,0.56,0.07,0.1158336,0.1187186,1.600214,225.88
12200,0.42,0.54,0.04,0.1122395,0.1132396,1.023207,171.27
12300,0.43,0.57,0,0.1155616,0.1129059,0.3602001,143.34
12400,0.35,0.6,0.05,0.1169843,0.1170235,1.10901,188.41
12500,0.44,0.52,0.04,0.1229162,0.1208427,1.112808,205.41
12600,0.38,0.55,0.07,0.1215822,0.1297946,1.53961,209.4
12700,0.42,0.51,0.07,0.1275926,0.1322115,1.409613,188.28
12800,0.42,0.54,0.04,0.1132783,0.120009,0.7658038,180.65
12900,0.46,0.51,0.03,0.1205703,0.1263129,1.019607,177.03
13000,0.43,0.54,0.03,0.117533,0.1237031,0.8622069,179.84
13100,0.47,0.48,0.05,0.111879,0.1143904,1.156209,196.51
13200,0.41,0.47,0.12,0.1127768,0.114195,2.382622,239.78
13300,0.43,0.52,0.05,0.1069957,0.1092848,1.117609,192.44
13400,0.35,0.54,0.11,0.113139,0.1112705,1.568215,242.47
13500,0.31,0.64,0.05,0.118783,0.1238774,1.22721,195.39
13600,0.44,0.55,0.01,0.1236982,0.1262601,0.624002,152.91
13700,0.43,0.49,0.08,0.1078483,0.1140531,1.715014,210.58
13800,0.48,0.48,0.04,0.1143464,0.1198612,0.7968058,162.44
13900,0.5,0.43,0.07,0.1125834,0.120757,1.800216,205.05
14000,0.44,0.53,0.03,0.1104993,0.1269488,0.9794046,175.49
14100,0.46,0.51,0.03,0.1072194,0.1062279,0.8954071,173.87
14200,0.51,0.47,0.02,0.1180383,0.122108,0.7840025,168.13
14300,0.38,0.54,0.08,0.1158992,0.1218676,1.740017,209.68
14400,0.45,0.51,0.04,0.1113976,0.1127459,0.8194042,178.53
14500,0.39,0.58,0.03,0.1150305,0.1137585,0.8260033,177.47
14600,0.42,0.53,0.05,0.1241478,0.129763,1.130609,187.45
14700,0.47,0.49,0.04,0.1114069,0.1111738,1.087807,170.65
14800,0.44,0.54,0.02,0.1192455,0.1145359,0.5714022,188.43
14900,0.46,0.52,0.02,0.1059036,0.1088763,0.6776026,156.78
15000,0.53,0.46,0.01,0.1071942,0.1061952,0.7206017,149.41
15100,0.46,0.52,0.02,0.1056041,0.104736,0.7882034,165.11
15200,0.44,0.53,0.03,0.1069074,0.1140912,0.7196018,185.28
15300,0.44,0.51,0.05,0.1079332,0.1099463,1.461611,176.97
15400,0.42,0.57,0.01,0.1076654,0.1113974,0.4437998,146.72
15500,0.38,0.61,0.01,0.1076071,0.1075236,0.5884017,173.61
15600,0.5,0.49,0.01,0.1060806,0.1031903,0.9534016,167.69
15700,0.37,0.61,0.02,0.1071469,0.1183804,0.6866044,148.4
15800,0.49,0.48,0.03,0.109602,0.1227015,0.9964046,175.45
15900,0.34,0.62,0.04,0.1166985,0.1191274,0.8716073,185.49
16000,0.45,0.52,0.03,0.1150204,0.1144277,0.6784027,175.42
16100,0.37,0.58,0.05,0.1095884,0.1094381,1.080608,197.05
16200,0.39,0.59,0.02,0.1170775,0.1418248,0.5726013,178.12
16300,0.41,0.56,0.03,0.1135289,0.123926,0.7356036,176.17
16400,0.42,0.56,0.02,0.1048863,0.1025587,0.7002035,167
16500,0.33,0.64,0.03,0.1090131,0.1074469,0.6250054,146.94
16600,0.41,0.55,0.04,0.1044239,0.1026132,1.179205,196.17
16700,0.4,0.54,0.06,0.1023305,0.1104929,1.287809,176.08
16800,0.47,0.5,0.03,0.1096467,0.1116657,0.6616017,151.31
16900,0.46,0.51,0.03,0.1064687,0.1203514,0.880006,167.23
17000,0.49,0.49,0.02,0.1084734,0.1132804,0.4648011,133.64
17100,0.46,0.51,0.03,0.09984483,0.1223596,0.904605,179.07
17200,0.52,0.46,0.02,0.1090398,0.1161063,0.8754036,159.88
17300,0.35,0.6,0.05,0.1114266,0.1167399,0.9860077,197.91
17400,0.51,0.46,0.03,0.107005,0.1218219,0.9328073,155.94
17500,0.45,0.52,0.03,0.1047884,0.1027195,0.8818058,174.43
17600,0.43,0.55,0.02,0.113094,0.1227686,0.7214043,119.03
17700,0.41,0.53,0.06,0.104748,0.1030944,1.23841,208.38
17800,0.54,0.44,0.02,0.1067638,0.1048342,0.6666037,130.65
17900,0.47,0.49,0.04,0.1053852,0.1272652,1.100405,175.15
18000,0.43,0.54,0.03,0.1065776,0.1043435,1.001804,174.31
18100,0.44,0.5,0.06,0.1182522,0.1150147,1.435413,172.79
18200,0.46,0.52,0.02,0.1076092,0.1052538,0.8650029,149.73
18300,0.38,0.56,0.06,0.1057632,0.1115551,1.123808,194.7
18400,0.39,0.57,0.04,0.1014749,0.09893764,1.124009,183
18500,0.36,0.61,0.03,0.1060648,0.1111085,0.889807,155.97
18600,0.42,0.52,0.06,0.1023573,0.103036,1.183609,208.39
18700,0.43,0.51,0.06,0.09690861,0.0982982,1.325411,215.31
18800,0.41,0.53,0.06,0.1085711,0.1021779,1.27741,163.66
18900,0.4,0.56,0.04,0.1068241,0.1035918,0.6436045,174.07
19000,0.43,0.54,0.03,0.1031929,0.1094242,0.5468028,184.15
19100,0.38,0.6,0.02,0.1085013,0.1087824,0.4340021,160.01
19200,0.47,0.51,0.02,0.1063028,0.1019666,0.655203,158.6
19300,0.44,0.53,0.03,0.1000525,0.09701245,0.7352035,171.54
19400,0.45,0.49,0.06,0.1061233,0.1066237,1.363011,202.05
19500,0.5,0.46,0.04,0.1082134,0.1129129,1.015206,183.52
19600,0.52,0.47,0.01,0.1067776,0.1123401,0.4546023,147.66
19700,0.49,0.51,0,0.1017692,0.100694,0.2361998,133.58
19800,0.42,0.56,0.02,0.1038203,0.1010796,0.5558013,152.06
19900,0.47,0.5,0.03,0.108822,0.1090707,0.9210063,164.91
20000,0.46,0.53,0.01,0.1120084,0.1370527,0.2703998,125.13
20100,0.42,0.55,0.03,0.1024126,0.1036928,0.8068057,164.32
20200,0.46,0.5,0.04,0.0976828,0.1022092,0.9962062,177.43
20300,0.35,0.62,0.03,0.1019532,0.09666726,0.655205,175.34
20400,0.42,0.55,0.03,0.1061785,0.1014012,0.6684025,158.69
20500,0.44,0.55,0.01,0.1013835,0.1012445,0.6326023,144.87
20600,0.55,0.44,0.01,0.1007871,0.1057172,0.601202,137.58
20700,0.51,0.47,0.02,0.09550658,0.0989239,0.8376038,151.05
20800,0.32,0.65,0.03,0.09985808,0.1035686,0.8962059,147.98
20900,0.43,0.55,0.02,0.1029376,0.1042322,0.7892027,148.85
21000,0.44,0.5,0.06,0.1050961,0.1015529,1.013809,172.09
21100,0.4,0.53,0.07,0.09876741,0.1128362,0.9132069,202.26
21200,0.55,0.43,0.02,0.09756371,0.0966505,0.627004,141.26
21300,0.4,0.59,0.01,0.1071592,0.1076619,0.4966022,138.74
21400,0.46,0.49,0.05,0.105841,0.10613,1.431013,172.39
21500,0.49,0.46,0.05,0.1006257,0.1010119,1.522211,202.93
21600,0.51,0.46,0.03,0.09886281,0.09676547,0.9390059,177.29
21700,0.43,0.52,0.05,0.1079895,0.102529,1.164008,161.08
21800,0.41,0.55,0.04,0.1072714,0.1122784,1.077808,171.07
21900,0.47,0.47,0.06,0.1104846,0.1175847,1.017007,188.13
22000,0.5,0.49,0.01,0.1043942,0.1109329,0.4026015,135.11
22100,0.5,0.47,0.03,0.1069,0.1052007,0.9472063,162.45
22200,0.46,0.52,0.02,0.1024101,0.1093529,0.6068015,161.82
22300,0.38,0.59,0.03,0.1066261,0.1011627,0.8642076,158.59
22400,0.44,0.51,0.05,0.1105667,0.1264429,1.365209,174.18
22500,0.47,0.46,0.07,0.1076414,0.1157454,1.561015,188.73
22600,0.4,0.57,0.03,0.09430559,0.10668,0.8220067,163.83
22700,0.46,0.5,0.04,0.1000811,0.09397981,0.8326069,183.87
22800,0.47,0.49,0.04,0.09837422,0.102014,0.5882038,150.71
22900,0.42,0.57,0.01,0.09872507,0.1034023,0.6618022,144.93
23000,0.47,0.5,0.03,0.09731857,0.09540538,0.7532036,161.41
23100,0.44,0.47,0.09,0.113621,0.1147328,1.872821,178.77
23200,0.45,0.5,0.05,0.1155123,0.1062273,1.474012,187.34
23300,0.43,0.46,0.11,0.1040143,0.1113739,2.030419,218.76
23400,0.41,0.52,0.07,0.1000681,0.1200283,1.367013,172.96
23500,0.44,0.55,0.01,0.1110889,0.1122985,0.6074018,148.19
23600,0.44,0.52,0.04,0.1020998,0.1017476,0.9428073,159.16
23700,0.46,0.46,0.08,0.09570441,0.1042395,1.792216,196.38
23800,0.46,0.5,0.04,0.0991776,0.09979813,0.8960062,177.97
23900,0.38,0.51,0.11,0.09959257,0.1046768,2.218422,249.31
24000,0.4,0.57,0.03,0.1118947,0.1215929,0.5556043,130.19
24100,0.48,0.48,0.04,0.1059049,0.106254,0.7494047,142.54
24200,0.43,0.54,0.03,0.09923615,0.1064581,1.010406,164.61
24300,0.45,0.51,0.04,0.1065085,0.1041765,0.997608,162.94
24400,0.47,0.44,0.09,0.0969753,0.09328303,1.816816,216.47
24500,0.37,0.6,0.03,0.09653075,0.09959916,0.830207,142.93
24600,0.47,0.53,0,0.09685332,0.1047465,0.3851997,124.49
24700,0.31,0.61,0.08,0.1037609,0.1103892,1.551015,192.42
24800,0.41,0.53,0.06,0.1082583,0.127955,1.171208,198.3
24900,0.42,0.49,0.09,0.1003508,0.09949135,1.920219,211.03
25000,0.42,0.53,0.05,0.1006293,0.09788591,1.309412,169.74
25100,0.37,0.6,0.03,0.1080062,0.1146058,0.8608065,171.75
25200,0.46,0.53,0.01,0.1037071,0.1021104,0.4734004,146.84
25300,0.36,0.61,0.03,0.09061493,0.09660819,0.8564061,174.25
25400,0.44,0.54,0.02,0.1061331,0.1071936,0.5252023,160.13
25500,0.5,0.44,0.06,0.09544128,0.09617753,1.62821,195.59
25600,0.49,0.47,0.04,0.09777446,0.1007438,1.102005,199.79
25700,0.41,0.57,0.02,0.09608797,0.09878925,0.5844018,154.25
25800,0.4,0.57,0.03,0.1015783,0.0943336,0.8340067,145.03
25900,0.36,0.57,0.07,0.09609227,0.09385885,1.436013,187.1
26000,0.38,0.57,0.05,0.09808271,0.1050323,1.22621,181
26100,0.46,0.47,0.07,0.09958551,0.1147168,1.619817,183.98
26200,0.49,0.5,0.01,0.09466375,0.1055126,0.7158018,132.77
26300,0.35,0.6,0.05,0.1156887,0.1137148,1.050409,162.12
26400,0.41,0.54,0.05,0.09965791,0.1028459,1.140812,168.68
26500,0.5,0.47,0.03,0.1184987,0.1037728,0.8326046,149.71
26600,0.5,0.43,0.07,0.0972386,0.1043711,1.788216,189.21
26700,0.34,0.59,0.07,0.09529465,0.09099763,1.491013,199.58
26800,0.41,0.55,0.04,0.0996986,0.1071634,1.211809,151.23
26900,0.34,0.63,0.03,0.09717284,0.1015037,0.6728047,148.58
27000,0.46,0.52,0.02,0.09529496,0.09584273,0.9276038,139.7
27100,0.46,0.5,0.04,0.1006197,0.09856655,0.8974068,173.04
27200,0.43,0.55,0.02,0.104,0.1031747,0.6330017,153.26
27300,0.38,0.56,0.06,0.1019551,0.09724611,1.18601,182.29
27400,0.46,0.5,0.04,0.1076367,0.1102998,0.7116039,159.51
27500,0.52,0.45,0.03,0.1057399,0.1165063,0.7214034,158.45
27600,0.46,0.49,0.05,0.1039914,0.1172202,1.20841,163.6
27700,0.43,0.53,0.04,0.100905,0.1236861,0.8374062,172.51
27800,0.52,0.42,0.06,0.1036878,0.1074352,1.213211,173.85
27900,0.41,0.57,0.02,0.09105103,0.09151445,0.4910023,147.69
28000,0.38,0.58,0.04,0.1063522,0.1107129,0.9624057,172.9
28100,0.39,0.59,0.02,0.1028632,0.1117787,0.6712033,149.74
28200,0.41,0.56,0.03,0.09003516,0.08880942,0.8852073,144.37
28300,0.41,0.54,0.05,0.09360896,0.09158739,1.122208,158.04
28400,0.41,0.51,0.08,0.1143372,0.1136102,1.708616,204.52
28500,0.45,0.52,0.03,0.09610312,0.09618688,0.7620018,172.52
28600,0.45,0.49,0.06,0.1008294,0.1005305,1.20021,186.78
28700,0.37,0.59,0.04,0.09192735,0.09348942,0.9358081,161.91
28800,0.49,0.47,0.04,0.1033935,0.1093409,1.051208,164.01
28900,0.39,0.58,0.03,0.09407791,0.09485463,0.9606071,157.2
29000,0.42,0.54,0.04,0.1092828,0.1187915,1.024806,181.21
29100,0.42,0.56,0.02,0.09134569,0.09728657,0.4718021,144.87
29200,0.39,0.59,0.02,0.09451642,0.09770786,0.7322046,153.09
29300,0.47,0.52,0.01,0.1161554,0.1098046,0.5178023,110.75
29400,0.38,0.59,0.03,0.100043,0.1056001,0.6690035,157.49
29500,0.51,0.44,0.05,0.0950846,0.09763792,0.9662082,167.3
29600,0.43,0.54,0.03,0.1007054,0.09731028,0.8384073,149.62
29700,0.46,0.47,0.07,0.1077151,0.1163617,1.260411,189.35
29800,0.4,0.56,0.04,0.09802998,0.1183944,0.9984071,163.07
29900,0.45,0.54,0.01,0.09803354,0.1097868,0.7056022,143.07
30000,0.49,0.47,0.04,0.09304518,0.09283409,0.8886063,153.07
30100,0.44,0.53,0.03,0.1010788,0.1035255,1.100006,167.25
30200,0.47,0.52,0.01,0.09226593,0.08913679,0.6178021,151.44
30300,0.44,0.51,0.05,0.1058479,0.1195425,0.9864091,156.75
30400,0.37,0.57,0.06,0.09537907,0.09685376,1.216413,189.9
30500,0.36,0.57,0.07,0.09352448,0.1008689,1.668815,195.16
30600,0.5,0.44,0.06,0.09212989,0.091944,1.218809,206.64
30700,0.37,0.61,0.02,0.09755043,0.09704915,0.8122042,145.81
30800,0.42,0.55,0.03,0.09320587,0.08952772,0.8110061,145.15
30900,0.5,0.48,0.02,0.09545998,0.09790719,0.644604,141.81
31000,0.47,0.48,0.05,0.09622692,0.1030781,1.088011,147.53
31100,0.44,0.55,0.01,0.103858,0.105736,0.5166018,118.3
31200,0.48,0.49,0.03,0.09263797,0.09107301,0.7516044,154.12
31300,0.49,0.46,0.05,0.08835656,0.08551483,1.126009,176.55
31400,0.55,0.42,0.03,0.09448542,0.1040396,0.7384046,160.67
31500,0.46,0.52,0.02,0.09684297,0.09460033,0.5566015,158.53
31600,0.38,0.52,0.1,0.101459,0.1017981,2.045619,207.05
31700,0.53,0.41,0.06,0.09955213,0.09785146,1.239211,161.21
31800,0.46,0.5,0.04,0.09066953,0.09350279,1.100809,173.1
31900,0.43,0.54,0.03,0.10188,0.108814,0.8708062,148.84
32000,0.48,0.49,0.03,0.09831097,0.1010177,0.593403,125.4
32100,0.36,0.6,0.04,0.09172749,0.09668344,0.8320066,163.11
32200,0.46,0.47,0.07,0.09489959,0.09224608,1.516413,167.83
32300,0.39,0.56,0.05,0.1060161,0.1045581,1.175412,169.85
32400,0.56,0.41,0.03,0.09700145,0.09859078,0.9224054,142.95
32500,0.37,0.62,0.01,0.1021484,0.09973942,0.6250016,127.26
32600,0.47,0.49,0.04,0.1001223,0.1014486,1.011206,155.34
32700,0.4,0.57,0.03,0.0892892,0.09070503,0.7304064,132.44
32800,0.43,0.57,0,0.109909,0.09684982,0.4905998,126.69
32900,0.5,0.47,0.03,0.09375109,0.09973879,0.7988064,150.07
33000,0.49,0.5,0.01,0.111901,0.1235237,0.6702017,119.09
33100,0.48,0.46,0.06,0.09998653,0.1183158,1.190412,160.69
33200,0.46,0.48,0.06,0.09136438,0.1012934,1.036209,180.1
33300,0.49,0.51,0,0.0952829,0.09496751,0.4245997,126.57
33400,0.52,0.46,0.02,0.09904935,0.09809391,0.4027997,139.17
33500,0.42,0.53,0.05,0.09843013,0.1146822,1.279409,173.43
33600,0.47,0.5,0.03,0.10038,0.1063895,0.8240051,159.96
33700,0.51,0.45,0.04,0.09375501,0.1005634,0.9586062,176.34
33800,0.43,0.52,0.05,0.09108994,0.08872679,1.304611,204.24
33900,0.4,0.57,0.03,0.09141243,0.09420231,0.7262031,184.27
34000,0.46,0.5,0.04,0.09554617,0.09643146,1.332409,170.05
34100,0.46,0.52,0.02,0.0947215,0.0918638,0.5296021,123.33
34200,0.46,0.5,0.04,0.1141074,0.1200972,1.131209,138.78
34300,0.39,0.58,0.03,0.09153128,0.1072276,0.6600041,134.31
34400,0.5,0.49,0.01,0.09799698,0.1034747,0.474602,154.88
34500,0.38,0.57,0.05,0.09729831,0.09312467,0.6150048,160.31
34600,0.42,0.54,0.04,0.09886162,0.09975947,0.7428036,160.99
34700,0.45,0.53,0.02,0.09851694,0.09359725,0.5998036,117.81
34800,0.38,0.6,0.02,0.09696064,0.09915576,0.6164042,118.19
34900,0.45,0.5,0.05,0.1028271,0.09871029,1.211012,161.96
35000,0.48,0.49,0.03,0.1008773,0.09853489,0.9490065,133.01
35100,0.45,0.51,0.04,0.09751072,0.09919704,1.057207,150.58
35200,0.52,0.47,0.01,0.101307,0.0991184,0.5702013,121.88
35300,0.42,0.54,0.04,0.1033523,0.1149364,0.8008068,152.38
35400,0.51,0.46,0.03,0.09618583,0.1075227,0.8680049,143.83
35500,0.43,0.53,0.04,0.094151,0.09011433,1.002609,155.08
35600,0.38,0.6,0.02,0.09516028,0.1006333,0.5878017,143.38
35700,0.44,0.55,0.01,0.09223209,0.09272908,0.7010019,126.7
35800,0.42,0.55,0.03,0.08953564,0.1025406,1.079807,168.21
35900,0.39,0.56,0.05,0.1002857,0.1229507,1.163011,163.21
36000,0.41,0.58,0.01,0.1039901,0.113268,0.6740021,110.98
36100,0.44,0.5,0.06,0.107129,0.1095573,1.488213,163.78
36200,0.35,0.58,0.07,0.09404213,0.09665355,1.333613,175.87
36300,0.48,0.45,0.07,0.101114,0.1007873,1.195412,170.95
36400,0.46,0.51,0.03,0.09296717,0.1098031,0.8240068,144.54
36500,0.45,0.49,0.06,0.09711118,0.09616614,1.370413,183.47
36600,0.5,0.44,0.06,0.09333293,0.1009237,1.393011,176.02
36700,0.4,0.55,0.05,0.09824696,0.09578657,0.4440021,155.13
36800,0.42,0.52,0.06,0.1018839,0.1255278,1.200611,149.12
36900,0.38,0.6,0.02,0.0930367,0.0919056,0.7164047,126.63
37000,0.46,0.51,0.03,0.08994727,0.0909678,0.4858017,148.26
37100,0.38,0.57,0.05,0.09707639,0.1008983,1.021611,153.83
37200,0.39,0.56,0.05,0.09905183,0.1095296,0.8314084,142.62
37300,0.46,0.5,0.04,0.08993698,0.08609366,1.04841,155.92
37400,0.39,0.57,0.04,0.09211414,0.1002258,0.9404085,129.89
37500,0.48,0.5,0.02,0.0902698,0.1080988,0.7822042,155.03
37600,0.4,0.55,0.05,0.09426875,0.0997687,0.9098089,136.1
37700,0.4,0.58,0.02,0.08652305,0.08915145,0.7140042,144.1
37800,0.47,0.49,0.04,0.09344243,0.09532283,0.7836066,134.27
37900,0.4,0.53,0.07,0.1055036,0.1232756,1.331412,169.69
38000,0.51,0.46,0.03,0.08534553,0.09744988,0.949207,155.67
38100,0.44,0.48,0.08,0.1016667,0.104447,1.563214,197.05
38200,0.46,0.49,0.05,0.0877438,0.08991575,1.33261,170.38
38300,0.43,0.52,0.05,0.09228385,0.0891563,1.164411,156.34
38400,0.43,0.57,0,0.08710054,0.08404408,0.3215998,131.93
38500,0.4,0.59,0.01,0.08707141,0.08739247,0.4280024,118.72
38600,0.45,0.52,0.03,0.09890883,0.1022249,0.5640044,147.61
38700,0.41,0.56,0.03,0.09579144,0.09173639,0.5528046,131.41
38800,0.48,0.48,0.04,0.0898869,0.08924644,1.042805,166.28
38900,0.51,0.45,0.04,0.09938155,0.1006796,0.9482065,157.9
39000,0.44,0.51,0.05,0.09310542,0.09756539,1.026809,166.16
39100,0.48,0.47,0.05,0.09706458,0.09834115,1.043208,176.12
39200,0.44,0.52,0.04,0.09318236,0.0972226,1.034008,152.3
39300,0.35,0.61,0.04,0.09492955,0.09817395,1.085009,153.5
39400,0.42,0.52,0.06,0.08642474,0.0880646,1.453812,174.72
39500,0.43,0.53,0.04,0.08294372,0.09096272,1.112409,156.79
39600,0.47,0.49,0.04,0.1019427,0.09391528,0.8200066,137.14
39700,0.51,0.44,0.05,0.09948444,0.1033839,0.9294083,136.38
39800,0.49,0.44,0.07,0.09463481,0.09419016,1.462014,178.28
39900,0.46,0.49,0.05,0.09622151,0.1176959,0.9314087,154.03
40000,0.54,0.39,0.07,0.08955379,0.08587289,1.620414,182.74
40100,0.43,0.54,0.03,0.1001805,0.1059523,0.6442046,126.37
40200,0.48,0.46,0.06,0.09047139,0.09956098,1.16481,160.66
40300,0.41,0.53,0.06,0.08410539,0.08250704,0.8118048,183.41
40400,0.4,0.57,0.03,0.09157559,0.09301265,0.8510067,168.93
40500,0.44,0.54,0.02,0.09108499,0.09052263,0.3985997,147.92
40600,0.41,0.58,0.01,0.08967431,0.0942639,0.2511998,149.82
40700,0.49,0.43,0.08,0.08624985,0.08986184,1.101209,224.97
40800,0.43,0.53,0.04,0.08502193,0.08677243,0.7516044,155.88
40900,0.37,0.59,0.04,0.08659278,0.08948041,0.8336043,152.26
41000,0.39,0.58,0.03,0.1124594,0.1045013,0.4150024,128.3
41100,0.32,0.65,0.03,0.09500085,0.08411217,0.5806042,134.36
41200,0.49,0.51,0,0.09170005,0.09622416,0.5175996,114.33
41300,0.52,0.47,0.01,0.09592982,0.09141242,0.4647996,139.8
41400,0.47,0.49,0.04,0.1015829,0.09643081,0.9146063,160.53
41500,0.44,0.52,0.04,0.08886781,0.1021345,0.8470063,151.84
41600,0.43,0.55,0.02,0.09030487,0.08660852,0.5448014,127.49
41700,0.35,0.6,0.05,0.1004863,0.1079342,1.03401,155.42
41800,0.36,0.58,0.06,0.09047259,0.09223386,1.349814,158.86
41900,0.49,0.46,0.05,0.1011228,0.103146,1.387613,151.2
42000,0.51,0.48,0.01,0.08755678,0.08760612,0.5958023,135.31
42100,0.44,0.52,0.04,0.0929555,0.1066351,0.8998061,142.96
42200,0.4,0.57,0.03,0.09753183,0.1137437,0.7928067,144.54
42300,0.39,0.6,0.01,0.1000053,0.1016532,0.5684022,138.04
42400,0.45,0.51,0.04,0.09141351,0.09008489,0.9262071,157.55
42500,0.42,0.54,0.04,0.08728716,0.08877859,0.9120057,155.33
42600,0.36,0.61,0.03,0.1053563,0.1115158,0.2487998,167.81
42700,0.37,0.58,0.05,0.09707334,0.102773,1.284012,170.42
42800,0.5,0.46,0.04,0.09412145,0.09006654,0.7938064,150.07
42900,0.37,0.62,0.01,0.09190971,0.09611054,0.5214019,120.08
43000,0.48,0.49,0.03,0.0905543,0.09233186,0.7204061,138.04
43100,0.42,0.52,0.06,0.08076904,0.08258778,1.067609,179.89
43200,0.4,0.54,0.06,0.09365878,0.09286401,1.199411,165.5
43300,0.45,0.52,0.03,0.1076181,0.1299437,0.895006,159.81
43400,0.43,0.52,0.05,0.08998317,0.09011782,1.166609,179.43
43500,0.49,0.45,0.06,0.1018372,0.1162164,1.054007,160.44
43600,0.42,0.53,0.05,0.08859101,0.08891433,0.8768066,181.03
43700,0.48,0.48,0.04,0.09415009,0.09919021,0.9602083,157.33
43800,0.39,0.55,0.06,0.09844477,0.09903434,1.420213,172.82
43900,0.41,0.56,0.03,0.08862059,0.09209065,0.7792039,155.67
44000,0.35,0.64,0.01,0.08494101,0.08296531,0.5532013,131.33
44100,0.42,0.51,0.07,0.1006341,0.10857,1.15101,187.76
44200,0.41,0.56,0.03,0.08753461,0.08734731,0.763806,148.02
44300,0.4,0.55,0.05,0.09047382,0.08531343,1.186211,166.16
44400,0.46,0.53,0.01,0.1045652,0.1297173,0.435802,132.97
44500,0.37,0.57,0.06,0.09186398,0.0945952,1.308812,177.27
44600,0.46,0.48,0.06,0.08447146,0.08792633,1.490013,163.52
44700,0.44,0.53,0.03,0.08923118,0.08860926,0.8938065,149.93
44800,0.5,0.44,0.06,0.1175704,0.1004755,1.280211,177.58
44900,0.42,0.56,0.02,0.09894457,0.09828091,0.5526022,133.91
45000,0.45,0.54,0.01,0.09276751,0.08965445,0.5114018,135.37
45100,0.39,0.59,0.02,0.1058599,0.09855594,0.4236015,110.93
45200,0.39,0.56,0.05,0.1063143,0.1163248,1.13741,160.78
45300,0.51,0.42,0.07,0.09512378,0.09285937,1.285212,175.18
45400,0.47,0.49,0.04,0.09089399,0.1048294,1.203409,148.52
45500,0.5,0.46,0.04,0.0912703,0.09708294,0.7716072,154.67
45600,0.46,0.52,0.02,0.1013125,0.09700882,0.7206042,141.91
45700,0.42,0.55,0.03,0.09716494,0.1109559,0.8784063,147.22
45800,0.45,0.51,0.04,0.08999768,0.09943494,1.098008,160.81
45900,0.45,0.53,0.02,0.08896969,0.09945709,0.3519997,152.96
46000,0.49,0.49,0.02,0.09047848,0.08724263,0.7494044,152.37
46100,0.4,0.56,0.04,0.09596514,0.09688415,0.898608,142
46200,0.47,0.53,0,0.09368072,0.08675074,0.2621998,103.51
46300,0.41,0.58,0.01,0.09481277,0.09406911,0.4596016,117.97
46400,0.49,0.47,0.04,0.09428297,0.1041163,0.8880065,171.82
46500,0.4,0.56,0.04,0.09283433,0.09758534,0.9862087,170.82
46600,0.38,0.59,0.03,0.09506462,0.09542645,0.8288059,138.27
46700,0.48,0.47,0.05,0.1060279,0.1218411,1.28881,154.33
46800,0.44,0.55,0.01,0.09127647,0.1043716,0.5772022,138.69
46900,0.55,0.42,0.03,0.1004746,0.1137002,0.8994048,144.79
47000,0.4,0.57,0.03,0.09487901,0.09767209,0.9222062,182.19
47100,0.46,0.53,0.01,0.09396103,0.08647504,0.5786023,124.58
47200,0.44,0.53,0.03,0.09706011,0.1006011,0.7058059,147.05
47300,0.44,0.53,0.03,0.09551822,0.1084429,1.030808,159.96
47400,0.46,0.53,0.01,0.1132374,0.1057499,0.6960019,126.3
47500,0.47,0.5,0.03,0.09818377,0.09917957,1.026606,160.07
47600,0.47,0.51,0.02,0.08724564,0.08835381,0.7104035,145.1
47700,0.32,0.66,0.02,0.1035568,0.1013063,0.457802,131.55
47800,0.39,0.61,0,0.09409564,0.09936275,0.3189997,121.33
47900,0.28,0.67,0.05,0.0931762,0.09446419,0.7254056,153.69
48000,0.45,0.53,0.02,0.09736869,0.09400541,0.5396043,130.92
48100,0.43,0.52,0.05,0.0937373,0.09399252,1.215411,178.72
48200,0.5,0.47,0.03,0.0839822,0.0838621,0.9024069,137.8
48300,0.56,0.41,0.03,0.09051675,0.08441611,0.6880044,137.55
48400,0.51,0.44,0.05,0.09332902,0.09729885,1.102811,157.36
48500,0.51,0.48,0.01,0.09935834,0.09894519,0.5810024,127.58
48600,0.29,0.67,0.04,0.09200657,0.09180319,1.130011,183.07
48700,0.5,0.45,0.05,0.089835,0.09187362,1.097609,161.43
48800,0.46,0.53,0.01,0.09660275,0.0903369,0.5158018,129.99
48900,0.4,0.57,0.03,0.1037555,0.1073806,0.9014065,148.26
49000,0.4,0.59,0.01,0.09135648,0.08411637,0.4384017,118.21
49100,0.4,0.54,0.06,0.08524013,0.08647563,1.33761,194.83
49200,0.49,0.5,0.01,0.1012485,0.1075337,0.4930025,141.51
49300,0.44,0.49,0.07,0.09853499,0.107884,1.664016,184.49
49400,0.44,0.53,0.03,0.1103103,0.1335478,0.835207,138.29
49500,0.45,0.5,0.05,0.0929688,0.09189975,0.820807,163.83
49600,0.47,0.5,0.03,0.08681661,0.1002847,0.9556049,145.62
49700,0.37,0.58,0.05,0.09720397,0.09454183,1.117612,151.06
49800,0.45,0.51,0.04,0.1010275,0.09762818,1.106609,156.35
49900,0.41,0.54,0.05,0.08995381,0.09761082,1.14821,184.3
50000,0.47,0.49,0.04,0.08891732,0.09237614,0.9008046,146.61
50100,0.43,0.56,0.01,0.09397619,0.1026176,0.4174025,106.04
50200,0.45,0.52,0.03,0.09085467,0.09587149,0.865205,146.2
50300,0.44,0.5,0.06,0.08603211,0.09316444,1.374813,174.39
50400,0.54,0.44,0.02,0.0878192,0.09826647,0.6884041,127.47
50500,0.53,0.45,0.02,0.08918764,0.09702976,0.7642038,145.11
50600,0.44,0.52,0.04,0.09298772,0.09497956,0.8796082,150.34
50700,0.44,0.52,0.04,0.09441786,0.09634065,0.9554088,147.16
50800,0.43,0.56,0.01,0.1025195,0.09700713,0.612202,129.68
50900,0.47,0.5,0.03,0.09705357,0.09574107,0.9120067,145.51
51000,0.48,0.49,0.03,0.09075878,0.08999317,0.8588061,143.86
51100,0.47,0.53,0,0.09976611,0.1072532,0.2667998,105.9
51200,0.43,0.56,0.01,0.09544676,0.1046118,0.5522017,132.73
51300,0.47,0.51,0.02,0.1065587,0.1151011,0.6798014,131.44
51400,0.36,0.63,0.01,0.1033342,0.1144219,0.4610022,129.23
51500,0.45,0.53,0.02,0.09611679,0.09577139,0.5800043,115.61
51600,0.41,0.55,0.04,0.09237217,0.09127299,0.8702086,140.41
51700,0.44,0.55,0.01,0.08946063,0.08976147,0.4368016,135.97
51800,0.45,0.51,0.04,0.09367468,0.1048831,1.085008,161.17
51900,0.44,0.52,0.04,0.1129445,0.1296101,1.048008,143.45
52000,0.4,0.55,0.05,0.1008522,0.1102894,0.8014065,170.34
52100,0.42,0.55,0.03,0.08678805,0.08770604,0.7916061,147.92
52200,0.41,0.54,0.05,0.1018614,0.1142213,1.09941,167.91
52300,0.46,0.52,0.02,0.09068424,0.1085569,0.8100042,141.56
52400,0.43,0.53,0.04,0.08908129,0.08316902,0.9550077,156.98
52500,0.37,0.6,0.03,0.1021504,0.1039736,0.860607,150.75
52600,0.49,0.48,0.03,0.08699435,0.09060489,0.8738071,144.16
52700,0.46,0.48,0.06,0.08434674,0.08324429,1.409813,173.93
52800,0.33,0.64,0.03,0.08883373,0.0903431,0.7224067,149.53
52900,0.42,0.55,0.03,0.08765551,0.08770605,0.8580064,137.12
53000,0.42,0.54,0.04,0.09684069,0.09115469,0.9348069,150.56
53100,0.42,0.58,0,0.09046155,0.1092998,0.2135998,125.09
53200,0.41,0.56,0.03,0.08171218,0.08216344,0.9986066,165.76
53300,0.38,0.6,0.02,0.08835004,0.08926426,0.6308036,118.92
53400,0.41,0.56,0.03,0.07699154,0.08387459,0.6966043,150.96
53500,0.43,0.52,0.05,0.08626343,0.09038172,0.967607,175.19
53600,0.51,0.47,0.02,0.09870739,0.1090785,0.6566035,122.52
53700,0.4,0.59,0.01,0.08013493,0.07889346,0.5948023,143.68
53800,0.45,0.52,0.03,0.08442361,0.08384128,0.8100047,147.05
53900,0.43,0.53,0.04,0.08892857,0.09318161,1.114008,154.25
54000,0.42,0.54,0.04,0.07633556,0.07809084,0.931006,172.15
54100,0.43,0.51,0.06,0.08528155,0.08903916,1.227412,191.99
54200,0.44,0.53,0.03,0.08741175,0.08665564,0.7680065,130.55
54300,0.45,0.53,0.02,0.09539743,0.09638918,0.6124037,127.23
54400,0.34,0.63,0.03,0.08232909,0.08371347,0.5894044,153.56
54500,0.41,0.5,0.09,0.0938855,0.09886521,1.639615,186.32
54600,0.37,0.59,0.04,0.08559832,0.080307,0.8832076,158.99
54700,0.49,0.44,0.07,0.1021649,0.1229702,1.616615,165.83
54800,0.4,0.55,0.05,0.1053602,0.1189108,1.084211,165.45
54900,0.5,0.45,0.05,0.08066361,0.08853218,1.017006,169.13
55000,0.5,0.44,0.06,0.08039664,0.0827734,1.054008,165.48
55100,0.4,0.52,0.08,0.08602566,0.08189427,1.631418,170.3
55200,0.35,0.6,0.05,0.0921469,0.09390789,1.023408,161.51
55300,0.58,0.39,0.03,0.1021494,0.1133171,0.8176041,147.33
55400,0.4,0.58,0.02,0.07941724,0.0794171,0.6118039,151.04
55500,0.46,0.51,0.03,0.08912845,0.09338848,0.8414052,139.97
55600,0.47,0.49,0.04,0.08321654,0.09572441,0.9278068,161.59
55700,0.47,0.51,0.02,0.09745175,0.09387334,0.7082047,129.91
55800,0.46,0.51,0.03,0.09167222,0.09742603,0.9016068,154.15
55900,0.37,0.55,0.08,0.07999207,0.08516266,1.432414,209.89
56000,0.46,0.53,0.01,0.088092,0.08800754,0.5400025,130.56
56100,0.49,0.47,0.04,0.08972521,0.08881311,0.9380071,141.95
56200,0.41,0.56,0.03,0.09758853,0.09691709,0.8732069,135.9
56300,0.46,0.47,0.07,0.09504031,0.09538016,1.27761,167.49
56400,0.46,0.49,0.05,0.08070403,0.07934295,0.8568051,185.24
56500,0.48,0.51,0.01,0.09516171,0.1032118,0.3151998,128.49
56600,0.45,0.51,0.04,0.08195856,0.1004531,1.057609,156.1
56700,0.43,0.55,0.02,0.08325987,0.08800299,0.5576022,158.3
56800,0.51,0.46,0.03,0.08604503,0.09242114,0.9230069,151.71
56900,0.47,0.5,0.03,0.08942455,0.1012125,0.9086059,130.53
57000,0.53,0.42,0.05,0.0880969,0.1001506,1.334409,161.19
57100,0.4,0.55,0.05,0.09478813,0.09997933,1.096012,146.35
57200,0.47,0.51,0.02,0.106371,0.1056831,0.518402,125.66
57300,0.44,0.49,0.07,0.08571174,0.09172167,1.314012,173
57400,0.49,0.46,0.05,0.08305492,0.08596614,1.002409,146.86
57500,0.47,0.51,0.02,0.08523089,0.08924352,0.8306043,133.48
57600,0.5,0.46,0.04,0.08543079,0.08601101,1.121809,138.62
57700,0.41,0.56,0.03,0.08104025,0.08346023,0.624602,136.63
57800,0.39,0.58,0.03,0.09710759,0.09531371,0.6016044,156.13
57900,0.37,0.57,0.06,0.1011982,0.109721,1.352613,170.09
58000,0.38,0.61,0.01,0.09249542,0.08967348,0.4004018,107.32
58100,0.33,0.62,0.05,0.08678775,0.08850796,0.9616101,151.91
58200,0.4,0.58,0.02,0.0826229,0.08572387,0.7784035,136.07
58300,0.46,0.5,0.04,0.1157934,0.1198967,0.4294014,147.4
58400,0.37,0.61,0.02,0.08761004,0.09821682,0.6170043,139.01
58500,0.49,0.47,0.04,0.0802519,0.07892007,1.038208,139.64
58600,0.5,0.47,0.03,0.090146,0.1067059,0.8624074,128.2
58700,0.48,0.46,0.06,0.07696958,0.07758737,1.215209,162.24
58800,0.41,0.55,0.04,0.08898576,0.09162542,1.017809,155.96
58900,0.49,0.48,0.03,0.08417929,0.09981019,0.9188068,155.44
59000,0.41,0.56,0.03,0.09495457,0.09561986,0.7330055,135.33
59100,0.46,0.53,0.01,0.08535669,0.08121686,0.6338018,111.67
59200,0.45,0.52,0.03,0.09580823,0.0996762,0.892206,137.53
59300,0.43,0.56,0.01,0.0863048,0.09603748,0.4094023,120.39
59400,0.43,0.55,0.02,0.08248136,0.08148647,0.7098046,140.18
59500,0.58,0.41,0.01,0.07895961,0.0838161,0.6964023,126.02
59600,0.43,0.56,0.01,0.08502591,0.08247456,0.5584015,133.32
59700,0.48,0.5,0.02,0.1056288,0.105216,0.7302048,127.38
59800,0.42,0.53,0.05,0.09576458,0.09679481,1.128011,130.92
59900,0.42,0.56,0.02,0.08411892,0.07954916,0.7962042,169.34
60000,0.49,0.46,0.05,0.0950144,0.09222928,1.051206,169.01
60100,0.48,0.48,0.04,0.08566345,0.08662758,0.8422062,138.41
60200,0.43,0.53,0.04,0.08765061,0.08769019,0.9414091,129.35
60300,0.44,0.55,0.01,0.0845751,0.08982948,0.5316018,121.19
60400,0.4,0.57,0.03,0.09199975,0.1051401,0.9112058,160.23
60500,0.42,0.55,0.03,0.08669842,0.08411554,0.7614052,140.35
60600,0.41,0.57,0.02,0.08792172,0.09241667,0.380802,118.26
60700,0.5,0.44,0.06,0.08377054,0.08492272,1.234211,166.2
60800,0.42,0.56,0.02,0.1010606,0.09713731,0.5094018,117.45
60900,0.46,0.54,0,0.08741312,0.09401274,0.4259997,129.17
61000,0.37,0.58,0.05,0.08995713,0.0942373,0.9506076,148.7
61100,0.41,0.55,0.04,0.08740514,0.08594652,1.050809,151.62
61200,0.45,0.52,0.03,0.08211377,0.08414986,0.7178043,146.91
61300,0.41,0.54,0.05,0.08186018,0.08287959,0.7840058,163.55
61400,0.39,0.59,0.02,0.07942207,0.07972103,0.449202,134.83
61500,0.58,0.42,0,0.0953736,0.08943756,0.3485997,107.16
61600,0.36,0.58,0.06,0.08772697,0.08742955,1.055009,184.93
61700,0.43,0.54,0.03,0.09120683,0.08954182,0.9868065,144.36
61800,0.44,0.51,0.05,0.09068067,0.08075925,1.209611,161.71
61900,0.44,0.5,0.06,0.08607011,0.09086378,0.8060068,169.24
62000,0.41,0.56,0.03,0.09874767,0.09822444,0.8004074,137.29
62100,0.47,0.51,0.02,0.08418939,0.08596139,0.5620006,130.82
62200,0.51,0.44,0.05,0.08071984,0.08913019,1.213811,171.84
62300,0.52,0.46,0.02,0.09267236,0.09145031,0.691205,134.21
62400,0.46,0.54,0,0.07976955,0.08049628,0.3765997,127.74
62500,0.44,0.55,0.01,0.09532207,0.0913963,0.5482025,110.73
62600,0.42,0.53,0.05,0.09668564,0.09810226,1.075609,163.24
62700,0.43,0.55,0.02,0.07830065,0.08400454,0.7608053,143.36
62800,0.52,0.46,0.02,0.07882271,0.08171337,0.6648018,148.76
62900,0.39,0.6,0.01,0.09307786,0.09807733,0.4676017,107.83
63000,0.45,0.52,0.03,0.08122227,0.07843822,1.014406,144.88
63100,0.34,0.61,0.05,0.08296555,0.08358927,1.150208,180.87
63200,0.43,0.55,0.02,0.1042973,0.1009499,0.5294022,129.77
63300,0.47,0.52,0.01,0.1026219,0.1199009,0.6004021,129.27
63400,0.42,0.54,0.04,0.08653042,0.08689535,0.970009,162.64
63500,0.44,0.52,0.04,0.09688095,0.1217751,1.097009,146.77
63600,0.46,0.5,0.04,0.08687754,0.09025134,0.899206,163.16
63700,0.39,0.58,0.03,0.09020905,0.08744941,0.9120069,145.51
63800,0.46,0.51,0.03,0.09223338,0.0960878,0.874206,132.49
63900,0.45,0.54,0.01,0.07768822,0.08238839,0.6276036,138.87
64000,0.47,0.5,0.03,0.09034868,0.09599002,0.6128045,136.23
64100,0.39,0.59,0.02,0.105184,0.1081667,0.3622024,124.43
64200,0.51,0.48,0.01,0.09098192,0.09002165,0.4964024,130.3
64300,0.5,0.47,0.03,0.07707684,0.08043111,0.8236072,154.53
64400,0.39,0.57,0.04,0.09524366,0.08883932,1.186808,162.03
64500,0.39,0.54,0.07,0.0814481,0.08194096,1.405411,185.02
64600,0.47,0.5,0.03,0.08451366,0.09045029,0.8104044,160.63
64700,0.42,0.53,0.05,0.08451772,0.09638706,1.165211,146.11
64800,0.42,0.53,0.05,0.08387648,0.0860125,0.9846085,163.96
64900,0.43,0.53,0.04,0.08204141,0.08459388,0.8670063,151.16
65000,0.4,0.55,0.05,0.09121086,0.1044039,1.041209,188.45
65100,0.51,0.46,0.03,0.09057923,0.1041234,0.8638058,159.09
65200,0.4,0.58,0.02,0.09866515,0.0936375,0.8002039,132.25
65300,0.46,0.52,0.02,0.08431469,0.09076074,0.7936045,122.08
65400,0.38,0.61,0.01,0.08200976,0.07950085,0.4546024,126.87
65500,0.43,0.51,0.06,0.08544037,0.08746438,1.277613,172.43
65600,0.42,0.55,0.03,0.09205807,0.09709058,0.5154023,157.99
65700,0.39,0.56,0.05,0.1072147,0.1164499,1.117008,166.22
65800,0.43,0.54,0.03,0.08915139,0.1110647,0.6250035,152.45
65900,0.43,0.54,0.03,0.09407984,0.1037094,0.7304041,152.01
66000,0.44,0.56,0,0.0867155,0.08827049,0.2615998,105.69
66100,0.41,0.56,0.03,0.09956264,0.1146491,0.6978046,135.8
66200,0.43,0.56,0.01,0.08340011,0.08083007,0.5178019,123.9
66300,0.44,0.51,0.05,0.08409221,0.07883707,0.8324068,160.46
66400,0.4,0.59,0.01,0.08092056,0.08711567,0.4022023,112.03
66500,0.43,0.52,0.05,0.07383387,0.07457479,1.015009,157.15
66600,0.44,0.49,0.07,0.1010005,0.1132176,1.575816,163.14
66700,0.37,0.61,0.02,0.08887248,0.09667328,0.3592021,129.32
66800,0.46,0.5,0.04,0.08276755,0.09618936,0.8692066,148.02
66900,0.49,0.48,0.03,0.08854023,0.0928081,0.8232074,129.49
67000,0.43,0.53,0.04,0.08736365,0.08480519,1.032209,160.21
67100,0.42,0.51,0.07,0.07367571,0.07517219,1.541415,189.14
67200,0.49,0.48,0.03,0.08454642,0.09063919,0.9084076,159.74
67300,0.43,0.54,0.03,0.08593502,0.08840022,0.7250045,151.38
67400,0.43,0.53,0.04,0.09229305,0.09703133,1.114209,142.16
67500,0.46,0.51,0.03,0.08206613,0.07672283,1.068609,151.99
67600,0.5,0.46,0.04,0.09717762,0.1151881,0.9672083,140.45
67700,0.48,0.48,0.04,0.08247642,0.08455855,0.961207,154.82
67800,0.46,0.52,0.02,0.09064031,0.09100419,0.5088016,119.51
67900,0.49,0.5,0.01,0.08902229,0.09462669,0.4408022,127.15
68000,0.44,0.53,0.03,0.08950927,0.08562136,0.7050049,131.88
68100,0.5,0.49,0.01,0.08907519,0.09131463,0.6566018,127.01
68200,0.43,0.56,0.01,0.08765869,0.09601799,0.375002,116.51
68300,0.39,0.54,0.07,0.08446112,0.08562542,1.287213,186.11
68400,0.39,0.59,0.02,0.08443911,0.09439325,0.479202,155.35
68500,0.45,0.48,0.07,0.08120083,0.08562502,1.059808,177.71
68600,0.42,0.48,0.1,0.07515789,0.07741186,1.660217,193.49
68700,0.38,0.59,0.03,0.07951241,0.07331973,0.8444075,158
68800,0.47,0.51,0.02,0.1012663,0.1034126,0.5626014,137.54
68900,0.46,0.52,0.02,0.08590548,0.09422269,0.9400063,147.86
69000,0.41,0.56,0.03,0.08875757,0.09506696,0.7812045,158.83
69100,0.41,0.57,0.02,0.1015718,0.1191664,0.4798023,143.69
69200,0.4,0.54,0.06,0.08955935,0.08688539,1.432211,164
69300,0.35,0.6,0.05,0.08102403,0.08339037,0.5976057,146.84
69400,0.39,0.57,0.04,0.07782986,0.08217218,0.964007,147.94
69500,0.34,0.62,0.04,0.08419286,0.0840757,0.7104065,168.05
69600,0.44,0.52,0.04,0.07875436,0.07951514,0.7000043,156.49
69700,0.46,0.49,0.05,0.08247348,0.07954791,1.265608,203.72
69800,0.4,0.54,0.06,0.07771606,0.07609501,0.9706096,185.38
69900,0.45,0.51,0.04,0.08271575,0.09072614,1.03201,157.09
70000,0.44,0.54,0.02,0.08027389,0.07986055,0.6530042,135.46
70100,0.47,0.46,0.07,0.08857188,0.09371502,1.147412,182.07
70200,0.39,0.54,0.07,0.08563628,0.0880842,1.097611,161.7
70300,0.47,0.5,0.03,0.09950237,0.10869,0.7120045,142.64
70400,0.44,0.52,0.04,0.08784891,0.08825966,1.145609,133.49
70500,0.37,0.56,0.07,0.09742995,0.1160455,1.173611,159.38
70600,0.46,0.5,0.04,0.1040001,0.1047786,0.8810083,127.21
70700,0.39,0.59,0.02,0.08004002,0.08351419,0.6474039,139.37
70800,0.5,0.49,0.01,0.08869781,0.09828371,0.4043997,127.98
70900,0.46,0.52,0.02,0.08747425,0.09119953,0.5380039,114.02
71000,0.39,0.58,0.03,0.08233592,0.0920069,0.8132069,143.43
71100,0.46,0.5,0.04,0.1070756,0.1106722,0.8796064,146.72
71200,0.45,0.48,0.07,0.0784587,0.07905549,1.676815,185.17
71300,0.5,0.47,0.03,0.08997335,0.09220555,0.7042049,132.15
71400,0.42,0.55,0.03,0.08618124,0.09433324,0.5998029,150.19
71500,0.46,0.51,0.03,0.09223808,0.09412608,0.5172018,140.43
71600,0.47,0.47,0.06,0.08986028,0.1142121,1.534015,169.7
71700,0.48,0.49,0.03,0.07531545,0.07905868,0.6654044,144.58
71800,0.49,0.49,0.02,0.08538825,0.09660365,0.6552022,132.17
71900,0.41,0.57,0.02,0.09229214,0.08462027,0.3944018,121.51
72000,0.4,0.54,0.06,0.07550933,0.08206682,1.287413,173.6
72100,0.44,0.53,0.03,0.1014271,0.1035318,0.7240044,124.98
72200,0.35,0.6,0.05,0.07868096,0.08072516,0.9070088,147.49
72300,0.5,0.48,0.02,0.09891582,0.09430013,0.6806045,132.9
72400,0.53,0.43,0.04,0.08238473,0.1096676,0.6424041,142.33
72500,0.42,0.53,0.05,0.1002603,0.09958986,1.170808,175.42
72600,0.47,0.5,0.03,0.08438271,0.09864432,0.8940069,141.41
72700,0.46,0.49,0.05,0.08208469,0.08571605,1.011809,157.28
72800,0.44,0.51,0.05,0.08287644,0.08402596,0.753007,166.31
72900,0.45,0.52,0.03,0.08851632,0.09177436,0.7376045,154.06
73000,0.47,0.49,0.04,0.08911996,0.09762979,0.9168069,129.25
73100,0.52,0.45,0.03,0.08361674,0.0775855,0.648404,135.69
73200,0.38,0.55,0.07,0.08574776,0.09113001,1.391814,182.12
73300,0.43,0.54,0.03,0.07759361,0.07838541,0.6382045,131.75
73400,0.46,0.45,0.09,0.09188993,0.09099028,1.684617,201.75
73500,0.42,0.53,0.05,0.07833511,0.0799835,0.9972098,142.55
73600,0.42,0.56,0.02,0.08709649,0.1102086,0.4278021,124.84
73700,0.45,0.52,0.03,0.09464961,0.0933874,0.6342041,149.9
73800,0.43,0.53,0.04,0.08917314,0.09944259,1.059808,152.05
73900,0.37,0.58,0.05,0.07426602,0.07625206,1.230411,160.71
74000,0.51,0.44,0.05,0.07805506,0.08555066,1.365611,165.18
74100,0.41,0.54,0.05,0.1074701,0.1244701,1.021409,163.14
74200,0.53,0.47,0,0.07728976,0.07694868,0.3897998,125.23
74300,0.52,0.48,0,0.07686171,0.07796946,0.3589998,123.63
74400,0.39,0.58,0.03,0.07998096,0.07671885,0.8956067,164.79
74500,0.43,0.55,0.02,0.09826378,0.1313459,0.6930049,158.6
74600,0.46,0.5,0.04,0.08486338,0.09608369,0.6656038,161.73
74700,0.4,0.58,0.02,0.08457649,0.1023706,0.6562048,163.54
74800,0.49,0.47,0.04,0.08026164,0.08899274,1.231808,170.74
74900,0.4,0.57,0.03,0.07929132,0.07727748,0.8244073,148.64
75000,0.41,0.55,0.04,0.08279977,0.08817095,0.8138057,159.18
75100,0.36,0.6,0.04,0.08224787,0.07907485,0.7736064,156.66
75200,0.59,0.38,0.03,0.08090257,0.08745545,0.620002,161.7
75300,0.42,0.54,0.04,0.106842,0.11413,1.02541,144.45
75400,0.41,0.56,0.03,0.07723848,0.08174076,0.8166065,143.28
75500,0.49,0.45,0.06,0.07927512,0.08249964,1.363814,163.03
75600,0.47,0.52,0.01,0.09035505,0.09096067,0.3409997,119.75
75700,0.46,0.5,0.04,0.1041372,0.09630767,0.5264023,163.96
75800,0.34,0.61,0.05,0.07647794,0.07659528,1.001209,169.72
75900,0.38,0.58,0.04,0.09321067,0.09745802,0.8104069,159.55
76000,0.4,0.58,0.02,0.0888272,0.07789657,0.438202,126.17
76100,0.52,0.46,0.02,0.08745332,0.1178089,0.6478046,117.72
76200,0.38,0.6,0.02,0.08692955,0.09022175,0.6250037,133.72
76300,0.44,0.5,0.06,0.07487965,0.08136974,1.369013,163.69
76400,0.42,0.54,0.04,0.08066709,0.083284,1.002409,137.17
76500,0.5,0.45,0.05,0.07930276,0.08521914,1.068009,168.94
76600,0.38,0.6,0.02,0.1023448,0.1244664,0.7158045,134.56
76700,0.45,0.52,0.03,0.09512043,0.09822699,0.6342045,122.16
76800,0.4,0.58,0.02,0.08872598,0.09050319,0.6514052,147.03
76900,0.47,0.48,0.05,0.08055031,0.08048751,1.054609,174.94
77000,0.47,0.49,0.04,0.08138943,0.08256105,1.060609,164.56
77100,0.49,0.46,0.05,0.08956198,0.1023811,1.038609,145.25
77200,0.45,0.5,0.05,0.09759153,0.1116412,1.151011,170.94
77300,0.44,0.55,0.01,0.07855509,0.07795044,0.5220024,147.54
77400,0.43,0.54,0.03,0.0736395,0.09021037,0.7800065,148.44
77500,0.55,0.42,0.03,0.08395965,0.08349527,0.7864037,138.49
77600,0.43,0.55,0.02,0.08510091,0.08797062,0.4712023,156.93
77700,0.49,0.47,0.04,0.080607,0.08013779,0.7684057,125.79
77800,0.33,0.63,0.04,0.08144584,0.09578439,0.9042089,163.41
77900,0.42,0.57,0.01,0.0992457,0.1114297,0.1929999,121.48
78000,0.51,0.48,0.01,0.08211178,0.08351608,0.4980024,114.5
78100,0.44,0.54,0.02,0.07786432,0.09301895,0.5466038,143.24
78200,0.49,0.49,0.02,0.08915897,0.1002824,0.648804,128.84
78300,0.51,0.46,0.03,0.09181593,0.1022896,0.6682045,142.01
78400,0.45,0.51,0.04,0.09372121,0.09478343,1.070809,153.84
78500,0.37,0.57,0.06,0.08640706,0.08824632,0.7264068,146.81
78600,0.48,0.48,0.04,0.08468665,0.08643889,0.8460064,142.15
78700,0.4,0.59,0.01,0.07883956,0.08058067,0.3414021,112.34
78800,0.41,0.55,0.04,0.1002471,0.1001825,0.8892072,148.85
78900,0.47,0.51,0.02,0.08191516,0.08279391,0.7476039,145.05
79000,0.49,0.48,0.03,0.08118086,0.0829512,0.9614074,126.56
79100,0.51,0.45,0.04,0.0908246,0.09347006,0.9356069,139.5
79200,0.38,0.58,0.04,0.08726085,0.0912085,0.7400071,148.81
79300,0.45,0.51,0.04,0.07654347,0.08185553,1.104208,168.87
79400,0.47,0.53,0,0.0839837,0.08069213,0.2057998,101.72
79500,0.38,0.59,0.03,0.08324617,0.08087771,0.6358033,158.43
79600,0.52,0.44,0.04,0.07537115,0.07776639,1.254809,156.32
79700,0.46,0.48,0.06,0.08413751,0.100887,1.417413,157.06
79800,0.34,0.61,0.05,0.09018976,0.0878602,1.135411,149.45
79900,0.6,0.36,0.04,0.07445128,0.07736634,0.9296065,151.13
80000,0.45,0.52,0.03,0.1052257,0.1022154,0.8900067,145.11
80100,0.42,0.54,0.04,0.07804016,0.08621664,0.761207,142.51
80200,0.47,0.51,0.02,0.09992541,0.1013317,0.6778044,126.3
80300,0.44,0.54,0.02,0.09752713,0.1066375,0.4802025,125.15
80400,0.47,0.52,0.01,0.07468919,0.07773875,0.5196022,139.03
80500,0.39,0.59,0.02,0.0742799,0.07356843,0.5286047,134.97
80600,0.41,0.58,0.01,0.07829961,0.07852444,0.4972019,124.12
80700,0.51,0.48,0.01,0.09653496,0.1112252,0.4822018,120.27
80800,0.44,0.52,0.04,0.08361837,0.0944031,0.4102025,181.25
80900,0.49,0.48,0.03,0.07624274,0.08190564,0.9092059,129.01
81000,0.44,0.53,0.03,0.07676303,0.08198357,0.5728044,133.52
81100,0.52,0.43,0.05,0.06960583,0.07458495,0.9340063,171.89
81200,0.47,0.52,0.01,0.08545933,0.08438229,0.5452023,127.74
81300,0.46,0.48,0.06,0.08693567,0.09498142,1.399214,188.86
81400,0.4,0.56,0.04,0.08020588,0.08522037,1.00981,143.23
81500,0.39,0.57,0.04,0.09636842,0.08498328,0.9840086,176.53
81600,0.44,0.54,0.02,0.07026372,0.07628331,0.3640017,132.3
81700,0.54,0.42,0.04,0.07058543,0.07327762,1.03801,146.2
81800,0.5,0.49,0.01,0.07372344,0.08463562,0.5612018,112.52
81900,0.41,0.55,0.04,0.08532503,0.0908263,0.9352088,147.71
82000,0.42,0.56,0.02,0.07832735,0.08651836,0.6166047,135.08
82100,0.35,0.63,0.02,0.07232446,0.07470486,0.6350039,126.99
82200,0.41,0.57,0.02,0.08455367,0.08928349,0.5752049,123.7
82300,0.41,0.55,0.04,0.08483665,0.08798323,0.8290082,129.4
82400,0.49,0.44,0.07,0.09939456,0.1204491,1.585815,189.57
82500,0.4,0.58,0.02,0.09312503,0.09302352,0.6748037,130.88
82600,0.35,0.6,0.05,0.08261309,0.08113489,1.188612,165.23
82700,0.57,0.41,0.02,0.07423018,0.07081831,0.6916049,122.12
82800,0.4,0.56,0.04,0.08942997,0.09158273,0.9280089,130.51
82900,0.4,0.54,0.06,0.07934273,0.09022947,1.18321,171.6
83000,0.39,0.59,0.02,0.08093501,0.07934251,0.5852038,153.32
83100,0.43,0.55,0.02,0.1105953,0.09816569,0.2329998,124.34
83200,0.53,0.44,0.03,0.08170757,0.09327719,0.974606,144.54
83300,0.43,0.55,0.02,0.0988279,0.1209826,0.6200048,119.93
83400,0.44,0.53,0.03,0.09248236,0.09397748,0.6582035,156.3
83500,0.42,0.53,0.05,0.07913866,0.08637514,1.327211,172.65
83600,0.37,0.58,0.05,0.08744022,0.09914746,1.137811,149.21
83700,0.49,0.47,0.04,0.08098181,0.07981535,1.128009,152.91
83800,0.45,0.53,0.02,0.06811478,0.07209744,0.6904041,148.76
83900,0.43,0.55,0.02,0.09823758,0.09518167,0.6010045,115.63
84000,0.5,0.47,0.03,0.0955257,0.1048326,0.9024072,144.15
84100,0.41,0.56,0.03,0.08781365,0.0947703,0.8706073,134.49
84200,0.39,0.57,0.04,0.07480347,0.07990148,1.037808,171.12
84300,0.44,0.54,0.02,0.07037257,0.0773161,0.6194039,136.79
84400,0.49,0.48,0.03,0.08043777,0.07518634,1.022008,161.66
84500,0.45,0.51,0.04,0.07597838,0.09041449,1.160208,156.36
84600,0.34,0.62,0.04,0.07703242,0.07888483,0.8416065,159.73
84700,0.41,0.5,0.09,0.08442732,0.0866389,1.497814,199.21
84800,0.5,0.46,0.04,0.08898472,0.08535253,0.8898073,152.8
84900,0.43,0.54,0.03,0.08461022,0.08312965,0.9624071,131.44
85000,0.47,0.47,0.06,0.1140795,0.1011342,1.15401,158.64
85100,0.44,0.49,0.07,0.08201335,0.09281672,1.336811,180.73
85200,0.49,0.51,0,0.07587773,0.07564215,0.4758016,120.73
85300,0.33,0.63,0.04,0.08763616,0.08731967,0.8004068,147.13
85400,0.42,0.54,0.04,0.09028922,0.1044548,0.8364061,137.89
85500,0.34,0.63,0.03,0.08419684,0.08080783,0.4848046,139.62
85600,0.42,0.55,0.03,0.09467073,0.1039741,0.8470062,147.44
85700,0.42,0.53,0.05,0.1032241,0.1154793,0.6742066,148.23
85800,0.36,0.59,0.05,0.08110806,0.08130437,1.037011,150.43
85900,0.36,0.58,0.06,0.07550111,0.07521038,1.128412,168.61
86000,0.43,0.56,0.01,0.07717466,0.0869907,0.4662022,131.11
86100,0.42,0.54,0.04,0.07854898,0.07714276,0.9284085,140.93
86200,0.32,0.65,0.03,0.08908257,0.09251462,0.4798043,149.76
86300,0.42,0.57,0.01,0.09115276,0.0986124,0.2049998,133.33
86400,0.44,0.51,0.05,0.07770775,0.08019812,1.02501,149.49
86500,0.42,0.53,0.05,0.07686216,0.07793644,1.189412,156.02
86600,0.38,0.55,0.07,0.0801487,0.08437935,1.369213,175.55
86700,0.41,0.56,0.03,0.08382604,0.08983854,0.7392041,121.49
86800,0.46,0.5,0.04,0.06915539,0.072566,1.129008,162.01
86900,0.42,0.55,0.03,0.08926112,0.1112111,0.6490037,151.42
87000,0.42,0.55,0.03,0.09743741,0.1138048,0.9210071,162.45
87100,0.43,0.53,0.04,0.07772706,0.0881303,1.123409,151.65
87200,0.36,0.61,0.03,0.08551481,0.08849414,0.8906073,135.86
87300,0.42,0.54,0.04,0.07085773,0.07166162,0.7706056,168.16
87400,0.38,0.56,0.06,0.06931958,0.0734266,0.8194062,171.1
87500,0.39,0.59,0.02,0.09545337,0.1116183,0.5728031,122.49
87600,0.42,0.55,0.03,0.08715732,0.08738992,0.6026042,143.67
87700,0.36,0.58,0.06,0.07596342,0.08041137,1.153411,169.38
87800,0.38,0.6,0.02,0.07663622,0.0737525,0.5770043,146.78
87900,0.41,0.54,0.05,0.07480105,0.07468182,1.144411,179.27
88000,0.31,0.65,0.04,0.08930575,0.08594141,1.038809,151.88
88100,0.33,0.64,0.03,0.07554197,0.0730635,0.6644047,153.17
88200,0.34,0.62,0.04,0.07095881,0.08666206,0.6950063,142.34
88300,0.43,0.53,0.04,0.09372003,0.1023278,0.9066075,143.39
88400,0.39,0.58,0.03,0.07850456,0.07954904,0.6952065,125.49
88500,0.44,0.53,0.03,0.09084895,0.10076,0.9896079,153.39
88600,0.32,0.62,0.06,0.0767384,0.08838716,0.9314084,184.26
88700,0.35,0.6,0.05,0.08266956,0.08332071,0.6840066,174.3
88800,0.39,0.58,0.03,0.08771269,0.09277876,0.5530032,131.99
88900,0.38,0.58,0.04,0.07911136,0.08436295,0.8948087,154.05
89000,0.41,0.56,0.03,0.07980792,0.0757319,0.9120063,161.56
89100,0.42,0.54,0.04,0.07405321,0.08391964,0.9762084,144.9
89200,0.41,0.53,0.06,0.08155129,0.08024577,1.104808,182.06
89300,0.38,0.57,0.05,0.07510938,0.08017465,0.993409,150.35
89400,0.33,0.64,0.03,0.08238558,0.09894779,0.8344068,149.37
89500,0.42,0.56,0.02,0.08093368,0.0918995,0.761004,131.45
89600,0.39,0.6,0.01,0.0818863,0.09757955,0.4542025,130.09
89700,0.47,0.52,0.01,0.07113947,0.07484099,0.487802,114.5
89800,0.45,0.49,0.06,0.08829615,0.09057748,1.240411,177.68
89900,0.31,0.64,0.05,0.09151292,0.1053787,1.199412,167.84
90000,0.34,0.6,0.06,0.07811156,0.08189046,1.350211,182.22
90100,0.42,0.54,0.04,0.07712607,0.07689581,0.5058017,176.42
90200,0.35,0.58,0.07,0.07526929,0.07446094,1.122211,176.45
90300,0.35,0.6,0.05,0.0850887,0.08584435,1.21341,179.09
90400,0.37,0.61,0.02,0.1046798,0.1071614,0.6620049,152.67
90500,0.35,0.62,0.03,0.08152049,0.08160888,0.7978065,140.86
90600,0.36,0.61,0.03,0.08655367,0.08163442,0.793207,138.25
90700,0.44,0.53,0.03,0.07378244,0.07993676,1.007206,147.61
90800,0.41,0.55,0.04,0.07860227,0.08207894,0.7140048,163.11
90900,0.43,0.53,0.04,0.08646932,0.09852451,1.063809,149.49
91000,0.46,0.53,0.01,0.07413855,0.07586428,0.4202023,123.73
91100,0.39,0.58,0.03,0.08754697,0.09523658,0.4874023,133.48
91200,0.37,0.59,0.04,0.07817519,0.08064116,0.9240088,156.54
91300,0.41,0.55,0.04,0.07562511,0.08338203,0.5138023,146.83
91400,0.48,0.5,0.02,0.08144455,0.08658422,0.6564045,132.71
91500,0.4,0.57,0.03,0.1008516,0.1060806,0.8094063,139.14
91600,0.36,0.61,0.03,0.08784395,0.0974612,0.5982047,141.15
91700,0.41,0.58,0.01,0.07372982,0.07737724,0.4502025,121.65
91800,0.45,0.49,0.06,0.07644008,0.08458979,1.209611,174.61
91900,0.43,0.53,0.04,0.08376351,0.1015956,0.8142066,159.03
92000,0.41,0.57,0.02,0.07586035,0.07951763,0.3468019,134.79
92100,0.49,0.49,0.02,0.0890269,0.09188297,0.6042042,125.35
92200,0.43,0.53,0.04,0.07579307,0.07743137,1.113408,166.22
92300,0.48,0.49,0.03,0.07414632,0.07088063,1.046207,159.9
92400,0.48,0.5,0.02,0.08190823,0.07838996,0.8632048,159.11
92500,0.36,0.6,0.04,0.06992084,0.06918059,0.5922038,164.83
92600,0.4,0.58,0.02,0.07374042,0.06861256,0.7670048,127.7
92700,0.42,0.55,0.03,0.07674245,0.07381433,0.7628056,140.53
92800,0.4,0.56,0.04,0.07806116,0.08111787,1.08021,152.02
92900,0.41,0.57,0.02,0.08445446,0.08369721,0.6672043,134.23
93000,0.37,0.55,0.08,0.0713946,0.07673769,1.692417,197.69
93100,0.42,0.52,0.06,0.08212683,0.07826218,0.7586066,154.78
93200,0.42,0.54,0.04,0.0683329,0.07346389,0.97221,162.96
93300,0.49,0.46,0.05,0.08871886,0.09709468,1.099808,158.58
93400,0.34,0.63,0.03,0.0826734,0.08769946,0.8122072,144.05
93500,0.44,0.56,0,0.08664577,0.09211599,0.3857997,105.74
93600,0.42,0.55,0.03,0.07310689,0.07960028,0.7470062,130.87
93700,0.46,0.51,0.03,0.0693701,0.07634941,1.132408,156.34
93800,0.37,0.61,0.02,0.07449426,0.07833568,0.5692039,126.92
93900,0.44,0.52,0.04,0.08403236,0.09310359,1.156809,166.22
94000,0.34,0.64,0.02,0.0922152,0.1122905,0.6058047,127.04
94100,0.33,0.64,0.03,0.08411928,0.1004263,0.8002061,157.27
94200,0.49,0.49,0.02,0.08954692,0.08823266,0.6836044,121.57
94300,0.4,0.56,0.04,0.07754031,0.07915855,1.011608,146.26
94400,0.43,0.54,0.03,0.08141723,0.09313127,0.788807,143.76
94500,0.44,0.51,0.05,0.07880928,0.07899652,1.306612,176.56
94600,0.33,0.59,0.08,0.07698265,0.07524944,1.819018,182.46
94700,0.42,0.56,0.02,0.08520395,0.09113125,0.4468026,152.43
94800,0.37,0.59,0.04,0.08136621,0.0840383,0.9916081,148.92
94900,0.44,0.53,0.03,0.08144072,0.0788254,0.7866067,144.64
95000,0.43,0.51,0.06,0.07886431,0.08563982,1.335013,160.91
95100,0.47,0.49,0.04,0.08658703,0.09294997,0.9944095,143.57
95200,0.36,0.59,0.05,0.08540069,0.08773926,0.8320073,177.59
95300,0.37,0.59,0.04,0.08226551,0.07879183,0.9122084,152.03
95400,0.4,0.53,0.07,0.07667144,0.09047352,1.293414,176.57
95500,0.37,0.54,0.09,0.08054379,0.09278171,1.892419,196.56
95600,0.5,0.46,0.04,0.08326325,0.09270181,1.176609,167.5
95700,0.41,0.55,0.04,0.09800661,0.1100634,0.9500087,149.3
95800,0.47,0.53,0,0.08870094,0.08738626,0.2095998,103.29
95900,0.3,0.64,0.06,0.1225899,0.1156975,0.8180073,182.81
96000,0.42,0.52,0.06,0.07220282,0.0695565,1.16441,177.47
96100,0.4,0.56,0.04,0.08108357,0.08698553,0.9874089,151.19
96200,0.38,0.58,0.04,0.08884514,0.08906697,1.14341,144.58
96300,0.52,0.48,0,0.0798688,0.08987171,0.2909998,96.33
96400,0.39,0.57,0.04,0.0835897,0.1106335,1.04721,156.83
96500,0.46,0.54,0,0.1033872,0.1128156,0.2523998,98.01
96600,0.39,0.56,0.05,0.0812256,0.07676896,0.7784076,161.3
96700,0.4,0.57,0.03,0.07739469,0.08485834,0.7092056,126.86
96800,0.41,0.52,0.07,0.07751992,0.08881503,1.400613,177.11
96900,0.41,0.56,0.03,0.07969146,0.0755727,0.7660066,126.81
97000,0.4,0.57,0.03,0.07037403,0.07395689,0.8224066,144.91
97100,0.44,0.53,0.03,0.07860205,0.08309076,0.9250042,131.4
97200,0.33,0.6,0.07,0.08697186,0.09349449,1.423816,176.96
97300,0.44,0.54,0.02,0.07307091,0.07756589,0.8396044,142.84
97400,0.55,0.42,0.03,0.07594635,0.07654621,0.8670062,144.96
97500,0.41,0.55,0.04,0.07919215,0.08546124,0.8386062,156.72
97600,0.43,0.53,0.04,0.07372864,0.08085679,0.9508089,161.77
97700,0.33,0.63,0.04,0.08537572,0.0870038,0.9844086,155.45
97800,0.4,0.59,0.01,0.08035778,0.07992326,0.3686015,98.14
97900,0.41,0.58,0.01,0.09016629,0.09920412,0.3958022,107.91
98000,0.48,0.5,0.02,0.07110597,0.07038981,0.7522033,139.28
98100,0.44,0.54,0.02,0.09184617,0.1081632,0.6378045,136.3
98200,0.43,0.55,0.02,0.08246727,0.08990362,0.7244049,124.91
98300,0.5,0.48,0.02,0.07974113,0.084214,0.7558045,120.69
98400,0.44,0.54,0.02,0.1152598,0.1101505,0.6262022,143.57
98500,0.51,0.44,0.05,0.08731623,0.0974922,1.23841,169.03
98600,0.38,0.6,0.02,0.07475737,0.07124925,0.6316043,142.05
98700,0.34,0.62,0.04,0.09413487,0.1002172,0.7742072,158.87
98800,0.41,0.57,0.02,0.08704495,0.09171578,0.5452039,104.36
98900,0.35,0.59,0.06,0.08053187,0.08605864,1.404012,149.66
99000,0.3,0.67,0.03,0.112959,0.1032854,0.8248052,145.51
99100,0.45,0.54,0.01,0.0948268,0.09856123,0.4100022,105.13
99200,0.41,0.57,0.02,0.08451192,0.09723854,0.6218047,122.85
99300,0.39,0.57,0.04,0.09117961,0.09002928,1.011209,162.48
99400,0.36,0.6,0.04,0.0797128,0.08680608,0.8932071,151.81
99500,0.45,0.52,0.03,0.08002323,0.09488798,0.8850067,136.38
99600,0.35,0.61,0.04,0.1020153,0.1280023,1.11421,149.29
99700,0.39,0.59,0.02,0.0796634,0.07621807,0.7584045,129.51
99800,0.35,0.61,0.04,0.08961228,0.1000269,0.9004093,141.76
99900,0.44,0.53,0.03,0.07029141,0.0723281,0.7762058,146.32
100000,0.44,0.52,0.04,0.08639507,0.08942928,0.921409,140.57
100100,0.42,0.54,0.04,0.08322703,0.09602076,0.8258059,147.47
100200,0.49,0.49,0.02,0.09149501,0.08984751,0.6976044,147.45
100300,0.44,0.51,0.05,0.09790672,0.09853139,0.9854083,161.99
100400,0.39,0.57,0.04,0.09321307,0.0946817,0.9464061,157.58
100500,0.39,0.57,0.04,0.07467499,0.07036235,0.9788088,152.76
100600,0.48,0.49,0.03,0.1005007,0.1115985,0.8264068,139.42
100700,0.35,0.6,0.05,0.08116463,0.08165178,1.003809,163.3
100800,0.43,0.56,0.01,0.07830569,0.07988563,0.452602,123.4
100900,0.45,0.52,0.03,0.09460055,0.1003317,0.7618044,144.27
101000,0.42,0.54,0.04,0.07402274,0.07875044,0.9354067,142.43
101100,0.46,0.53,0.01,0.0794415,0.07847312,0.4478023,114.4
101200,0.5,0.5,0,0.0870523,0.108278,0.4249997,108.11
101300,0.38,0.61,0.01,0.08186672,0.08362829,0.3964024,103.14
101400,0.38,0.62,0,0.08320338,0.0900379,0.3289998,105.94
101500,0.43,0.55,0.02,0.1005624,0.1138504,0.6062017,133.7
101600,0.45,0.5,0.05,0.08361265,0.09312952,0.9802092,140.61
101700,0.35,0.58,0.07,0.08426441,0.09962185,1.378213,160.74
101800,0.44,0.5,0.06,0.07514752,0.07278661,1.00001,163.92
101900,0.34,0.59,0.07,0.08250342,0.08906893,1.048411,183.25
102000,0.37,0.58,0.05,0.08066805,0.09581891,0.9658089,158.5
102100,0.42,0.52,0.06,0.09225538,0.07666029,1.219211,168.57
102200,0.37,0.56,0.07,0.07968565,0.07838959,1.393614,166.18
102300,0.37,0.55,0.08,0.0837678,0.09268111,1.690218,189.07
102400,0.48,0.48,0.04,0.07912011,0.08088887,0.7574041,153.95
102500,0.43,0.52,0.05,0.08180737,0.08043072,1.200612,155.29
102600,0.39,0.54,0.07,0.08507644,0.08816284,1.275013,184.05
102700,0.34,0.6,0.06,0.07393053,0.07282173,1.127011,179.42
102800,0.4,0.55,0.05,0.07613771,0.08893425,1.225811,157.25
102900,0.49,0.46,0.05,0.09911496,0.108087,1.078211,156.17
103000,0.4,0.55,0.05,0.08046597,0.09300551,1.215411,167.32
103100,0.46,0.48,0.06,0.09087709,0.09637037,1.348414,150.03
103200,0.39,0.56,0.05,0.08084811,0.1013253,0.9680092,158.71
103300,0.51,0.48,0.01,0.08824591,0.1059586,0.4550025,109.32
103400,0.38,0.56,0.06,0.08837877,0.1121671,1.195212,155.73
103500,0.47,0.5,0.03,0.1065597,0.1152028,0.6198049,118.16
103600,0.41,0.58,0.01,0.08776783,0.08679025,0.302402,110.58
103700,0.3,0.64,0.06,0.0797544,0.07936348,1.140012,170.02
103800,0.46,0.5,0.04,0.08954713,0.1209912,0.9486088,152.15
103900,0.5,0.48,0.02,0.07132907,0.08838784,0.6754045,135.24
104000,0.42,0.55,0.03,0.07859093,0.08017571,0.8342066,139.85
104100,0.47,0.5,0.03,0.08344627,0.09757038,0.7354068,144.9
104200,0.39,0.53,0.08,0.08196454,0.07762489,1.312813,168.96
104300,0.42,0.56,0.02,0.09205404,0.09386446,0.6128032,125.99
104400,0.47,0.5,0.03,0.07669456,0.08014889,0.8392038,139.9
104500,0.42,0.54,0.04,0.08531015,0.08788892,1.091209,141.74
104600,0.49,0.47,0.04,0.08059113,0.08768801,0.9178066,144.29
104700,0.49,0.47,0.04,0.07789267,0.0927655,1.025206,157.25
104800,0.37,0.58,0.05,0.09632678,0.09057457,0.6004043,163.62
104900,0.39,0.58,0.03,0.08238962,0.08105952,0.7262067,138.98
105000,0.5,0.46,0.04,0.07660946,0.07555309,1.078809,176.22
105100,0.46,0.52,0.02,0.08169232,0.09543518,0.6076049,115.26
105200,0.44,0.51,0.05,0.1015208,0.1160865,1.140411,132.08
105300,0.52,0.42,0.06,0.08572666,0.08505311,1.233212,153.48
105400,0.43,0.55,0.02,0.07130005,0.07357016,0.7126045,142.39
105500,0.49,0.49,0.02,0.08731818,0.09265359,0.4944011,118.78
105600,0.43,0.53,0.04,0.08572833,0.08903164,1.056809,157.87
105700,0.42,0.53,0.05,0.0820927,0.08182879,0.9522089,145.28
105800,0.4,0.53,0.07,0.07813909,0.08906516,1.548617,187.53
105900,0.42,0.5,0.08,0.07393044,0.07611176,1.795818,187.37
106000,0.34,0.64,0.02,0.08936647,0.08379428,0.6130044,126.24
106100,0.49,0.47,0.04,0.07518511,0.08054621,1.074009,159
106200,0.47,0.47,0.06,0.1020385,0.1087917,1.501015,160.6
106300,0.4,0.54,0.06,0.083106,0.08171353,1.237612,157.83
106400,0.39,0.57,0.04,0.08684009,0.08456265,0.9388075,143.01
106500,0.46,0.46,0.08,0.0767487,0.08119445,1.709417,181.45
106600,0.43,0.51,0.06,0.07176695,0.07386457,1.243611,157.19
106700,0.39,0.58,0.03,0.08735693,0.09690624,0.8230066,131.57
106800,0.49,0.49,0.02,0.07440026,0.07707492,0.6790035,147.43
106900,0.37,0.58,0.05,0.0809411,0.08628521,1.193012,156.49
107000,0.43,0.52,0.05,0.08553751,0.09021261,1.244812,157.07
107100,0.43,0.52,0.05,0.08903612,0.09807641,1.17941,138.63
107200,0.44,0.53,0.03,0.07814021,0.08010332,0.8236065,134.02
107300,0.41,0.52,0.07,0.07604857,0.07651332,1.238011,169.92
107400,0.42,0.53,0.05,0.08060607,0.1015693,1.21481,150.98
107500,0.46,0.48,0.06,0.07617277,0.08780881,1.05201,157.03
107600,0.41,0.57,0.02,0.09041058,0.07936778,0.5246043,111.14
107700,0.32,0.58,0.1,0.07483238,0.06881696,2.046223,205.38
107800,0.48,0.51,0.01,0.08714002,0.0932246,0.381602,109.42
107900,0.44,0.53,0.03,0.09963834,0.09966601,0.6774039,137.95
108000,0.42,0.54,0.04,0.07970583,0.08040872,0.9950086,156.96
108100,0.49,0.47,0.04,0.07948737,0.07986929,1.063408,137.9
108200,0.35,0.61,0.04,0.07576329,0.09260021,0.9516084,145.23
108300,0.42,0.54,0.04,0.08824069,0.09474938,0.9592094,147.94
108400,0.6,0.4,0,0.0793923,0.103338,0.3719997,119.8
108500,0.42,0.56,0.02,0.07163548,0.07765122,0.6738045,137.13
108600,0.52,0.46,0.02,0.08062731,0.08082023,0.7046041,132.71
108700,0.45,0.5,0.05,0.07276204,0.07380628,1.234612,142.9
108800,0.4,0.55,0.05,0.08150745,0.08426233,0.9860092,160.73
108900,0.4,0.55,0.05,0.0720854,0.07793694,1.084609,141.3
109000,0.45,0.5,0.05,0.08342902,0.09355837,1.238611,148.73
109100,0.37,0.59,0.04,0.07725484,0.07750717,0.8844084,145.5
109200,0.39,0.57,0.04,0.07981703,0.0821887,0.9220093,150.44
109300,0.42,0.54,0.04,0.07173193,0.07546482,1.082208,147.66
109400,0.43,0.52,0.05,0.08638208,0.09350559,0.8200082,163.13
109500,0.44,0.54,0.02,0.08354613,0.08218174,0.6618044,131.58
109600,0.45,0.54,0.01,0.09133863,0.1151008,0.4670025,115.46
109700,0.49,0.49,0.02,0.09606498,0.1096001,0.7988042,118.26
109800,0.43,0.54,0.03,0.0917278,0.1136941,0.7132066,135.6
109900,0.45,0.54,0.01,0.08277123,0.08923615,0.3360021,128.91
110000,0.43,0.51,0.06,0.07085435,0.0745128,1.211809,182.26
110100,0.39,0.57,0.04,0.07512832,0.08513882,0.9792088,157.11
110200,0.48,0.5,0.02,0.07474696,0.07477852,0.7038051,112.18
110300,0.4,0.58,0.02,0.07613929,0.08261415,0.6146042,127.39
110400,0.51,0.45,0.04,0.08192789,0.08322337,1.217809,156.95
110500,0.4,0.55,0.05,0.07466752,0.07588945,0.863609,166.89
110600,0.41,0.54,0.05,0.08540779,0.08956909,1.162612,135.55
110700,0.43,0.49,0.08,0.08438394,0.08441754,1.460413,179.31
110800,0.42,0.5,0.08,0.07185427,0.07650137,1.555815,176.93
110900,0.45,0.49,0.06,0.07682356,0.07463077,1.236412,139.42
111000,0.42,0.54,0.04,0.07996514,0.07834168,0.9874094,142.59
111100,0.34,0.64,0.02,0.07284147,0.0732028,0.5818051,127.01
111200,0.37,0.54,0.09,0.08336976,0.08187417,1.226214,176.14
111300,0.44,0.51,0.05,0.08325722,0.08051886,1.053609,149.11
111400,0.43,0.51,0.06,0.08119059,0.09432875,1.00641,145.48
111500,0.46,0.5,0.04,0.1181881,0.1170586,0.9512067,140.04
111600,0.39,0.59,0.02,0.08411945,0.08528419,0.7506039,128.35
111700,0.52,0.47,0.01,0.08180875,0.08345285,0.2845998,121.27
111800,0.45,0.51,0.04,0.07517624,0.07612678,0.96281,135.25
111900,0.33,0.63,0.04,0.08175839,0.08617146,1.075009,154.52
112000,0.38,0.57,0.05,0.09233641,0.08876515,1.146811,152.41
112100,0.37,0.6,0.03,0.08298247,0.08695816,0.7574061,144.73
112200,0.49,0.48,0.03,0.07943737,0.08310059,0.625802,149.42
112300,0.4,0.55,0.05,0.0823964,0.08714843,1.02021,157.16
112400,0.41,0.56,0.03,0.08949465,0.09933777,0.6516048,118.62
112500,0.53,0.44,0.03,0.07772166,0.0812643,0.6584049,122.74
112600,0.46,0.51,0.03,0.06882033,0.06852248,0.7704072,129.84
112700,0.49,0.46,0.05,0.0849447,0.08081408,1.126211,145.28
112800,0.41,0.54,0.05,0.1125653,0.1176106,1.216211,144.48
112900,0.41,0.54,0.05,0.08610837,0.08555894,1.062609,142.08
113000,0.41,0.55,0.04,0.07700837,0.0827084,1.062009,129.21
113100,0.39,0.54,0.07,0.08299084,0.0859251,1.430415,166.1
113200,0.39,0.6,0.01,0.07488891,0.07634541,0.5226024,117.97
113300,0.49,0.5,0.01,0.07333942,0.07453752,0.5466024,109.14
113400,0.4,0.58,0.02,0.08037174,0.09063926,0.5130018,126.25
113500,0.45,0.5,0.05,0.08171622,0.08877121,0.9958084,146.2
113600,0.37,0.57,0.06,0.09602605,0.08938382,1.381213,163.31
113700,0.39,0.56,0.05,0.08036064,0.09665003,1.055809,156.08
113800,0.42,0.54,0.04,0.07617609,0.07633327,0.9968098,136.81
113900,0.43,0.52,0.05,0.07780419,0.0771056,0.9586089,156.75
114000,0.39,0.55,0.06,0.08536933,0.09659793,1.362213,152.67
114100,0.36,0.57,0.07,0.08012774,0.08791676,1.278211,189.88
114200,0.41,0.53,0.06,0.0875951,0.09084723,1.160812,157.9
114300,0.4,0.54,0.06,0.08087745,0.08468577,1.211011,168.24
114400,0.46,0.5,0.04,0.07938096,0.09097941,0.9210041,168.52
114500,0.41,0.5,0.09,0.07535436,0.08028509,1.451817,179.78
114600,0.44,0.52,0.04,0.08256171,0.08895383,0.8102059,139.22
114700,0.39,0.54,0.07,0.08346776,0.1020811,1.366214,167.09
114800,0.52,0.44,0.04,0.06839674,0.07212357,1.036409,141.91
114900,0.44,0.52,0.04,0.07531612,0.0903414,0.6204046,147.3
115000,0.37,0.61,0.02,0.073455,0.07238007,0.6558048,139.08
115100,0.44,0.52,0.04,0.08348638,0.1008249,0.9138089,143.88
115200,0.42,0.54,0.04,0.071602,0.07327945,0.6928061,142.93
115300,0.45,0.51,0.04,0.08172943,0.08180965,1.022009,140.88
115400,0.44,0.49,0.07,0.07789681,0.0769918,1.275011,180.07
115500,0.41,0.56,0.03,0.1038868,0.1131146,0.3790022,127.54
115600,0.26,0.7,0.04,0.09245387,0.09166384,0.7628071,122.7
115700,0.44,0.52,0.04,0.07977607,0.07857729,0.8994082,120.32
115800,0.39,0.55,0.06,0.06848518,0.07276455,1.244012,172.15
115900,0.38,0.54,0.08,0.0876122,0.115132,1.450414,183.29
116000,0.49,0.49,0.02,0.08715971,0.09079055,0.709205,128.92
116100,0.4,0.56,0.04,0.08744942,0.09539784,1.002209,149.24
116200,0.5,0.48,0.02,0.08448312,0.09905979,0.7470043,123.43
116300,0.43,0.5,0.07,0.07987292,0.1057867,1.578015,168.84
116400,0.43,0.53,0.04,0.07393161,0.07409602,0.9270064,153.66
116500,0.52,0.46,0.02,0.08741513,0.1046238,0.6860047,121.44
116600,0.48,0.48,0.04,0.07875554,0.07716505,0.6474049,149.68
116700,0.38,0.56,0.06,0.08712415,0.09298564,1.423415,169.5
116800,0.44,0.52,0.04,0.08527688,0.0800428,0.6076048,138.95
116900,0.39,0.56,0.05,0.0707508,0.07188546,1.122811,162.88
117000,0.46,0.51,0.03,0.07273958,0.07330618,0.6512037,144.73
117100,0.47,0.49,0.04,0.07318751,0.07439643,0.9016063,159.03
117200,0.42,0.55,0.03,0.07821149,0.07779508,0.7524059,121.73
117300,0.44,0.46,0.1,0.08810558,0.09837937,1.863621,192.81
117400,0.33,0.62,0.05,0.07212768,0.0813241,1.141611,143.56
117500,0.4,0.54,0.06,0.08963183,0.08584868,1.123411,148.66
117600,0.44,0.48,0.08,0.08600202,0.08757993,1.387213,174.66
117700,0.35,0.6,0.05,0.104103,0.1080637,0.8776093,145.06
117800,0.47,0.5,0.03,0.0765996,0.08690135,0.7108031,145.34
117900,0.48,0.48,0.04,0.08962828,0.0984354,1.029008,135.19
118000,0.4,0.56,0.04,0.07516456,0.07673714,1.01601,134.05
118100,0.43,0.55,0.02,0.08110975,0.07798652,0.5744052,127.66
118200,0.46,0.52,0.02,0.08449943,0.1069072,0.7062042,126.73
118300,0.46,0.49,0.05,0.08105406,0.08175293,0.9628088,143.41
118400,0.47,0.48,0.05,0.07310128,0.06904587,1.185809,161.8
118500,0.4,0.55,0.05,0.09596094,0.09877129,1.120209,143.69
118600,0.39,0.55,0.06,0.07512661,0.078334,1.305011,148.93
118700,0.3,0.65,0.05,0.08110102,0.0802556,0.9152086,144.37
118800,0.46,0.5,0.04,0.07239763,0.08482379,0.9564083,149.37
118900,0.41,0.53,0.06,0.07114196,0.07120271,1.133611,173.3
119000,0.48,0.48,0.04,0.08726332,0.1166756,0.6666045,146.75
119100,0.45,0.5,0.05,0.07565147,0.07447474,1.19321,142.82
119200,0.45,0.54,0.01,0.07895673,0.0880675,0.4806024,126.17
119300,0.38,0.61,0.01,0.0744786,0.09555747,0.4256025,115.83
119400,0.48,0.48,0.04,0.07042226,0.07147603,0.802605,163.6
119500,0.49,0.44,0.07,0.06763757,0.06647009,1.681617,183.82
119600,0.41,0.56,0.03,0.09676547,0.1030287,0.8022071,142.15
119700,0.39,0.56,0.05,0.0790753,0.09132002,1.193812,162.33
119800,0.41,0.53,0.06,0.07392098,0.07540111,1.434814,167.34
119900,0.35,0.59,0.06,0.08639151,0.08468602,1.258411,154.5
120000,0.49,0.46,0.05,0.09336121,0.09232531,1.115412,150.53
120100,0.42,0.51,0.07,0.07144128,0.07494992,1.315213,166.56
120200,0.36,0.6,0.04,0.09186928,0.1058976,0.7918075,132.3
120300,0.42,0.54,0.04,0.09130002,0.08855455,1.082209,139.73
120400,0.4,0.57,0.03,0.0735599,0.07126073,0.6766042,143.58
120500,0.52,0.45,0.03,0.09131688,0.1137221,0.7956052,128.75
120600,0.45,0.5,0.05,0.09004073,0.1012572,1.225412,160.2
120700,0.46,0.5,0.04,0.07224452,0.07206609,1.074009,145.92
120800,0.43,0.53,0.04,0.0779644,0.07773114,1.07681,160.85
120900,0.42,0.56,0.02,0.09225938,0.09831212,0.6542046,130.37
121000,0.39,0.55,0.06,0.0865849,0.09738245,1.367214,152.57
121100,0.46,0.5,0.04,0.0760681,0.074717,0.9500059,142.96
121200,0.45,0.52,0.03,0.06993257,0.06691951,0.8420073,123.27
121300,0.4,0.56,0.04,0.07288353,0.07345586,0.9236091,157.5
121400,0.36,0.59,0.05,0.08757344,0.09772094,1.125211,162.75
121500,0.38,0.53,0.09,0.08449423,0.1024918,1.734019,192.95
121600,0.46,0.5,0.04,0.07956073,0.08182571,1.045209,150.24
121700,0.45,0.51,0.04,0.07579619,0.07787455,0.6566039,158.71
121800,0.44,0.55,0.01,0.09142353,0.09697336,0.3439997,114.41
121900,0.45,0.52,0.03,0.09205551,0.1084944,0.5818049,122.02
122000,0.47,0.49,0.04,0.08042517,0.07869572,0.8184044,149.87
122100,0.49,0.49,0.02,0.07419124,0.07100376,0.6576046,121.08
122200,0.51,0.45,0.04,0.0764062,0.08079012,0.8916087,124.22
122300,0.36,0.57,0.07,0.08507773,0.07567563,0.9524089,161.19
122400,0.36,0.61,0.03,0.07275099,0.07146415,0.6866043,137.63
122500,0.4,0.57,0.03,0.0863616,0.08467463,0.6342048,131.75
122600,0.52,0.46,0.02,0.08753031,0.09012768,0.4058018,108.76
122700,0.49,0.48,0.03,0.09442724,0.1032961,0.7254058,119.61
122800,0.39,0.57,0.04,0.08493331,0.08222395,0.8060068,138.07
122900,0.38,0.55,0.07,0.07823312,0.08578491,1.421013,184.21
123000,0.44,0.51,0.05,0.07982527,0.08628134,1.256011,163.79
123100,0.32,0.66,0.02,0.094266,0.09854222,0.5238044,125.51
123200,0.34,0.61,0.05,0.07557064,0.07739817,1.142211,166.69
123300,0.42,0.53,0.05,0.08475855,0.0808455,1.081612,140.38
123400,0.42,0.56,0.02,0.09537198,0.09827918,0.6042036,115.22
123500,0.45,0.51,0.04,0.08193109,0.07559119,0.9620088,150.44
123600,0.42,0.56,0.02,0.08140033,0.08542707,0.5878044,124.57
123700,0.41,0.55,0.04,0.07281005,0.0851901,0.9276074,170.16
123800,0.43,0.54,0.03,0.09734797,0.07634516,0.8540071,140.9
123900,0.41,0.5,0.09,0.07309718,0.07678223,1.335614,175.25
124000,0.37,0.54,0.09,0.08855271,0.0904232,1.515816,189.54
124100,0.47,0.5,0.03,0.08115309,0.0839669,0.680406,121.62
124200,0.5,0.48,0.02,0.100008,0.09100675,0.6736037,124.31
124300,0.46,0.51,0.03,0.08736662,0.08978525,0.9458065,131.7
124400,0.53,0.44,0.03,0.08252409,0.09447233,0.4214019,117.44
124500,0.4,0.56,0.04,0.07614826,0.07464619,0.8560075,158.75
124600,0.48,0.51,0.01,0.08103643,0.09769764,0.4506023,114.91
124700,0.45,0.51,0.04,0.09024503,0.09655177,0.889809,151.11
124800,0.45,0.53,0.02,0.1070486,0.0981792,0.487402,110.83
124900,0.38,0.58,0.04,0.07486755,0.07911802,0.6470049,142.83
125000,0.39,0.56,0.05,0.08190203,0.07913454,1.203212,150.03
125100,0.41,0.55,0.04,0.0798535,0.08969502,1.028409,133.9
125200,0.37,0.61,0.02,0.08740111,0.09598596,0.380602,119.46
125300,0.39,0.56,0.05,0.0877539,0.09152911,1.261011,142.47
125400,0.4,0.53,0.07,0.08413679,0.08800537,1.406614,169.94
125500,0.35,0.57,0.08,0.0893463,0.0921087,1.504815,167.03
125600,0.45,0.53,0.02,0.07730379,0.08241536,0.4178019,132.48
125700,0.37,0.61,0.02,0.08212128,0.09375667,0.3062017,138.31
125800,0.38,0.58,0.04,0.07168321,0.07303432,1.060809,131.43
125900,0.47,0.5,0.03,0.07901353,0.09004895,0.6884043,131.9
126000,0.4,0.55,0.05,0.077157,0.07669482,1.163411,152.03
126100,0.39,0.58,0.03,0.08048681,0.07814194,0.7250042,143.87
126200,0.47,0.51,0.02,0.07560623,0.07122788,0.639002,153.11
126300,0.4,0.57,0.03,0.09233847,0.0890444,0.5318043,127.34
126400,0.41,0.52,0.07,0.08923095,0.09476645,1.532017,178.45
126500,0.39,0.58,0.03,0.09761988,0.09381482,0.8456067,129.38
126600,0.4,0.58,0.02,0.07597022,0.07464243,0.7316047,141.16
126700,0.42,0.56,0.02,0.07644642,0.07349431,0.693404,142.13
126800,0.33,0.6,0.07,0.09734107,0.08849389,0.9252091,169.87
126900,0.36,0.55,0.09,0.07636933,0.07152134,1.563215,186.94
127000,0.4,0.53,0.07,0.07304261,0.07296624,1.481616,165.2
127100,0.39,0.57,0.04,0.07433776,0.07365574,0.9036073,144.44
127200,0.42,0.52,0.06,0.08552513,0.09156585,1.365014,154.61
127300,0.41,0.53,0.06,0.09252329,0.09789755,1.263411,150.14
127400,0.43,0.53,0.04,0.07913233,0.09069572,1.015209,139.1
127500,0.39,0.56,0.05,0.08345968,0.08286534,0.934808,148.95
127600,0.4,0.55,0.05,0.07831436,0.07440773,1.102209,154.83
127700,0.37,0.59,0.04,0.07540859,0.07533798,0.8358069,138.18
127800,0.45,0.51,0.04,0.09492829,0.1001812,0.9832096,135.84
127900,0.5,0.47,0.03,0.1058469,0.1139351,0.775407,125.74
128000,0.44,0.53,0.03,0.0758622,0.07360616,1.104607,157.25
128100,0.42,0.53,0.05,0.08298887,0.07661069,1.230612,160.86
128200,0.43,0.53,0.04,0.1031774,0.10724,1.023609,143.37
128300,0.43,0.55,0.02,0.08082632,0.08603562,0.6468041,127.21
128400,0.46,0.49,0.05,0.1032283,0.1112429,1.103812,150.03
128500,0.43,0.51,0.06,0.08666084,0.08547442,1.408613,166.89
128600,0.41,0.58,0.01,0.08856873,0.08402463,0.2451998,145.59
128700,0.39,0.56,0.05,0.09178217,0.09311151,0.6624041,149.18
128800,0.38,0.59,0.03,0.08083848,0.111251,0.8714073,143.06
128900,0.41,0.56,0.03,0.0744977,0.073663,0.6086041,143.84
129000,0.39,0.52,0.09,0.08642747,0.08654585,1.768019,179.45
129100,0.45,0.51,0.04,0.09371647,0.08742745,1.076009,150.13
129200,0.49,0.5,0.01,0.06971465,0.0722096,0.5144019,112.06
129300,0.48,0.47,0.05,0.07318227,0.07468078,1.00701,147.43
129400,0.5,0.48,0.02,0.07576285,0.08037625,0.6724042,121.17
129500,0.47,0.49,0.04,0.07549062,0.07743562,1.060209,137.94
129600,0.39,0.58,0.03,0.07730604,0.08018988,0.7078062,116.39
129700,0.38,0.54,0.08,0.08431383,0.08494654,1.564217,191.89
129800,0.41,0.54,0.05,0.08238755,0.0833573,0.8880083,143.29
129900,0.38,0.56,0.06,0.08761303,0.08350906,0.9122097,145.44
130000,0.45,0.54,0.01,0.073432,0.06899553,0.4398022,123.36
130100,0.43,0.54,0.03,0.08655961,0.1109279,0.7588065,144.41
130200,0.46,0.45,0.09,0.06835391,0.07151403,2.06362,185.77
130300,0.44,0.51,0.05,0.07497273,0.0768322,1.012007,166.69
130400,0.42,0.55,0.03,0.07770289,0.08041298,0.7714038,142.06
130500,0.33,0.64,0.03,0.08407311,0.09319826,0.7836068,141.45
130600,0.4,0.55,0.05,0.08048735,0.08444627,1.052009,153.31
130700,0.44,0.51,0.05,0.0942672,0.1018188,1.139011,145.44
130800,0.44,0.51,0.05,0.08202197,0.1112449,1.23581,158.79
130900,0.43,0.55,0.02,0.1012491,0.09560735,0.4570024,111.52
131000,0.45,0.51,0.04,0.07879788,0.08301643,1.075209,145.78
131100,0.45,0.48,0.07,0.09435486,0.09791991,1.307811,183.45
131200,0.44,0.53,0.03,0.07153573,0.08083254,0.7962067,137.95
131300,0.45,0.46,0.09,0.07808029,0.08240961,1.95002,183.09
131400,0.43,0.56,0.01,0.08255376,0.09058844,0.682002,146.6
131500,0.47,0.47,0.06,0.09056704,0.08140894,1.442814,159.3
131600,0.49,0.49,0.02,0.0839792,0.09119511,0.7590041,127.4
131700,0.45,0.47,0.08,0.09325074,0.1034338,1.617015,175.15
131800,0.46,0.46,0.08,0.06981286,0.068298,1.415613,176.45
131900,0.43,0.52,0.05,0.08963272,0.09236856,1.045609,143.4
132000,0.46,0.48,0.06,0.08235654,0.07619081,1.410814,153
132100,0.49,0.48,0.03,0.09925284,0.1083027,0.891606,126.67
132200,0.38,0.55,0.07,0.07482677,0.07246964,1.470015,167.89
132300,0.5,0.48,0.02,0.07611141,0.07875367,0.5668048,123.9
132400,0.47,0.49,0.04,0.087911,0.09778782,0.7638065,144.11
132500,0.42,0.55,0.03,0.08189163,0.08275704,0.7068046,142.84
132600,0.44,0.51,0.05,0.07186094,0.06838243,1.32681,166.26
132700,0.39,0.56,0.05,0.07317186,0.07398688,0.964009,150.06
132800,0.39,0.56,0.05,0.09190603,0.09166761,0.9834101,148.3
132900,0.47,0.47,0.06,0.0756406,0.08198228,1.316613,158.13
133000,0.4,0.53,0.07,0.08337882,0.08173483,1.290413,167.89
133100,0.47,0.48,0.05,0.08482706,0.08443291,1.230412,143.39
133200,0.55,0.43,0.02,0.0866161,0.08804481,0.5278022,120.06
133300,0.39,0.56,0.05,0.08119887,0.08799243,1.227411,148.26
133400,0.45,0.51,0.04,0.07453343,0.07263514,0.8808065,141.25
133500,0.41,0.52,0.07,0.07611647,0.084714,1.104611,163.99
133600,0.51,0.45,0.04,0.07123032,0.07129492,1.019009,153.38
133700,0.4,0.55,0.05,0.07549597,0.07280071,1.100611,145.73
133800,0.46,0.49,0.05,0.07160399,0.06906435,1.077011,146.72
133900,0.44,0.53,0.03,0.1367681,0.1500167,0.8086066,120.13
134000,0.44,0.53,0.03,0.07164185,0.07182807,0.8344062,136.92
134100,0.5,0.44,0.06,0.0674598,0.06750232,1.408613,164.1
134200,0.35,0.63,0.02,0.09595086,0.1072963,0.6082041,125.66
134300,0.38,0.55,0.07,0.07836617,0.07573353,1.561013,174.92
134400,0.51,0.45,0.04,0.08083327,0.079578,1.091209,153.68
134500,0.4,0.52,0.08,0.0734006,0.07768237,1.501414,197.74
134600,0.37,0.57,0.06,0.09780882,0.0925749,1.337614,150.05
134700,0.39,0.55,0.06,0.08477316,0.08632049,1.262812,155.1
134800,0.46,0.52,0.02,0.07474893,0.07071081,0.6276042,122.57
134900,0.36,0.59,0.05,0.07495837,0.07654248,1.202812,152.02
135000,0.44,0.56,0,0.08196207,0.07892554,0.2871998,115.08
135100,0.54,0.41,0.05,0.07725658,0.07421961,0.7120038,159.17
135200,0.42,0.52,0.06,0.09724562,0.1083035,1.299814,145.04
135300,0.47,0.49,0.04,0.0724003,0.06960304,1.176409,150.37
135400,0.39,0.59,0.02,0.08611677,0.08208999,0.6428049,131.38
135500,0.45,0.51,0.04,0.09101829,0.0839591,0.8702087,133.6
135600,0.38,0.57,0.05,0.08446294,0.0916051,1.071011,151.35
135700,0.34,0.63,0.03,0.07561764,0.07137837,0.7946072,136.22
135800,0.41,0.55,0.04,0.07603285,0.07002704,0.8906074,132.17
135900,0.37,0.6,0.03,0.09542234,0.09715533,0.7394072,127.37
136000,0.47,0.51,0.02,0.08256438,0.08113956,0.6416043,123.45
136100,0.49,0.45,0.06,0.08308885,0.1020176,1.045609,155.61
136200,0.48,0.49,0.03,0.08722159,0.08840642,0.6002045,120.02
136300,0.32,0.62,0.06,0.07638156,0.08329177,1.035611,178.64
136400,0.39,0.6,0.01,0.1000166,0.09997463,0.3482016,127.19
136500,0.34,0.64,0.02,0.0873689,0.09614908,0.5522048,124.17
136600,0.42,0.55,0.03,0.07524779,0.07588305,0.7186049,124.9
136700,0.4,0.56,0.04,0.08188146,0.09248335,0.9562087,140.93
136800,0.45,0.51,0.04,0.08440715,0.0898661,0.7908069,148.58
136900,0.4,0.52,0.08,0.07728119,0.07964621,1.176212,193.25
137000,0.43,0.5,0.07,0.06890652,0.06298921,1.098211,173
137100,0.38,0.61,0.01,0.08898113,0.09371464,0.450402,116.34
137200,0.41,0.57,0.02,0.07006042,0.07233053,0.6610051,126.75
137300,0.42,0.56,0.02,0.06845617,0.06382816,0.5746044,121.26
137400,0.42,0.53,0.05,0.07467783,0.07313499,1.157611,134.37
137500,0.38,0.57,0.05,0.08602341,0.09759392,1.115811,153.71
137600,0.45,0.52,0.03,0.07672539,0.08015848,0.5334033,121.53
137700,0.46,0.49,0.05,0.0769885,0.07835764,0.8658085,137.73
137800,0.38,0.56,0.06,0.09023182,0.09231635,0.9698093,156.99
137900,0.55,0.42,0.03,0.08296814,0.08376923,0.788007,128.05
138000,0.46,0.48,0.06,0.1216182,0.1016365,1.413412,154.74
138100,0.51,0.45,0.04,0.09345262,0.09593006,0.9850094,153.07
138200,0.37,0.6,0.03,0.07951097,0.07764453,0.8236071,149.57
138300,0.48,0.49,0.03,0.09124464,0.09229976,0.8502064,152.51
138400,0.52,0.41,0.07,0.0752006,0.075547,1.219612,175.46
138500,0.44,0.53,0.03,0.09189772,0.09285524,0.5906041,124.49
138600,0.35,0.6,0.05,0.07994808,0.07795357,1.057211,150.51
138700,0.39,0.54,0.07,0.08783202,0.07760605,1.376213,187.08
138800,0.42,0.52,0.06,0.09854903,0.0988801,1.176011,155.11
138900,0.49,0.48,0.03,0.07423747,0.07191937,0.6906043,132.16
139000,0.43,0.51,0.06,0.08078258,0.07526791,1.281413,163.32
139100,0.42,0.55,0.03,0.08853868,0.09937381,0.7314056,121.89
139200,0.41,0.53,0.06,0.07919549,0.1033889,1.291212,150.12
139300,0.48,0.5,0.02,0.07822848,0.08556431,0.6982041,118.34
139400,0.43,0.53,0.04,0.06875756,0.07147457,0.9376077,158.12
139500,0.48,0.47,0.05,0.07080537,0.07102325,1.289011,173.35
139600,0.41,0.51,0.08,0.07624929,0.08202099,1.543417,191.44
139700,0.37,0.59,0.04,0.08437844,0.08948671,0.8898091,135.21
139800,0.46,0.51,0.03,0.06950133,0.07453726,0.4366024,133.88
139900,0.41,0.54,0.05,0.0865099,0.08945666,1.163412,155.3
140000,0.45,0.49,0.06,0.07544159,0.0796124,1.239812,161.71
140100,0.4,0.56,0.04,0.0921644,0.09021063,0.7058061,126.06
140200,0.32,0.6,0.08,0.08503886,0.08269275,1.572214,193.03
140300,0.5,0.46,0.04,0.07628568,0.07527001,0.9388095,136.41
140400,0.44,0.5,0.06,0.07364199,0.07008756,0.9756085,158.77
140500,0.41,0.56,0.03,0.09270773,0.1073546,0.4510021,135.79
140600,0.37,0.57,0.06,0.08235636,0.08447719,1.249211,178.29
140700,0.39,0.57,0.04,0.1026473,0.1023558,0.910809,145.76
140800,0.42,0.56,0.02,0.08009103,0.09493276,0.559005,135.53
140900,0.5,0.5,0,0.08407628,0.08584991,0.2973998,90.19
141000,0.38,0.61,0.01,0.08062586,0.08851869,0.3260019,126.47
141100,0.5,0.43,0.07,0.09166481,0.09807977,1.572615,176.95
141200,0.53,0.43,0.04,0.0851308,0.0810423,0.9634066,163.21
141300,0.45,0.51,0.04,0.08737068,0.08300212,0.9628091,133.75
141400,0.42,0.5,0.08,0.07252506,0.07521483,1.509816,176.99
141500,0.48,0.48,0.04,0.07304581,0.07721835,0.9272072,149.66
141600,0.43,0.52,0.05,0.06802066,0.06743224,1.125811,175.8
141700,0.38,0.59,0.03,0.08630494,0.09206124,0.5988035,126.88
141800,0.46,0.48,0.06,0.07772452,0.07845471,1.422414,159.93
141900,0.52,0.44,0.04,0.07054395,0.07185872,0.801607,142.26
142000,0.37,0.59,0.04,0.08598969,0.101199,0.9370092,153.6
142100,0.4,0.53,0.07,0.07638963,0.07654198,1.571416,178.71
142200,0.36,0.58,0.06,0.07484626,0.07112814,1.427414,162.08
142300,0.39,0.58,0.03,0.08039274,0.08082499,0.9362069,144.03
142400,0.41,0.53,0.06,0.07720003,0.0817121,1.12981,165.39
142500,0.43,0.51,0.06,0.07462182,0.07528134,1.409613,165.96
142600,0.46,0.5,0.04,0.07749218,0.07339699,1.01081,148.82
142700,0.33,0.64,0.03,0.09598501,0.0940312,0.6022037,137.17
142800,0.41,0.57,0.02,0.07833152,0.07293394,0.6750047,120.53
142900,0.39,0.57,0.04,0.09871494,0.114351,1.140611,143.2
143000,0.41,0.53,0.06,0.07766657,0.08049189,1.251613,173.55
143100,0.51,0.45,0.04,0.08821443,0.0860652,1.106609,152.01
143200,0.45,0.53,0.02,0.06718946,0.06613047,0.8960056,141.75
143300,0.47,0.48,0.05,0.07498126,0.07576204,1.003409,158.24
143400,0.29,0.64,0.07,0.08815947,0.1058129,0.930408,164.29
143500,0.36,0.57,0.07,0.0766992,0.07921882,1.326613,179.65
143600,0.48,0.46,0.06,0.0794259,0.08800305,1.270013,184.71
143700,0.35,0.58,0.07,0.08430549,0.09591081,1.317015,158.3
143800,0.42,0.52,0.06,0.06978526,0.0684668,1.367214,154.63
143900,0.37,0.57,0.06,0.08188271,0.07689024,1.223211,151.91
144000,0.36,0.6,0.04,0.08530957,0.07846308,0.8730075,153.32
144100,0.45,0.5,0.05,0.07460905,0.07468595,1.269211,166.24
144200,0.46,0.45,0.09,0.07118064,0.07056103,1.820819,188.22
144300,0.41,0.55,0.04,0.06972227,0.06999319,0.7582065,145.9
144400,0.49,0.51,0,0.08007826,0.1012225,0.2195998,102.17
144500,0.4,0.56,0.04,0.08665884,0.09389519,0.7818058,133.1
144600,0.41,0.56,0.03,0.0907547,0.1019753,0.6028044,128.28
144700,0.39,0.58,0.03,0.07353617,0.0697948,0.5802038,132.67
144800,0.38,0.59,0.03,0.07690255,0.07063349,0.5162042,135.93
144900,0.38,0.56,0.06,0.09460913,0.1049328,0.8378084,149.77
145000,0.41,0.54,0.05,0.07765478,0.07565619,0.9206092,153.12
145100,0.42,0.53,0.05,0.06460585,0.06746375,0.9930085,159
145200,0.47,0.48,0.05,0.09836714,0.1124263,1.060209,154.11
145300,0.33,0.66,0.01,0.09858795,0.1047784,0.3594021,106.11
145400,0.49,0.43,0.08,0.06969095,0.06698442,1.529014,205.79
145500,0.42,0.53,0.05,0.08728595,0.09559147,1.195811,151.59
145600,0.41,0.54,0.05,0.07936466,0.0837172,0.8698061,161.62
145700,0.52,0.45,0.03,0.07089432,0.06876972,0.9592066,127.92
145800,0.45,0.52,0.03,0.08479874,0.08143772,0.9160063,128.22
145900,0.53,0.35,0.12,0.0794163,0.07664328,2.508627,211.33
146000,0.38,0.6,0.02,0.08390231,0.08748326,0.5752047,124.15
146100,0.31,0.68,0.01,0.09382602,0.09027778,0.1715999,120.72
146200,0.46,0.48,0.06,0.06215337,0.06238333,1.244612,164.62
146300,0.5,0.42,0.08,0.08302187,0.08262818,1.227411,182.39
146400,0.43,0.53,0.04,0.08283158,0.08294652,1.02061,149.41
146500,0.34,0.61,0.05,0.07840212,0.08943918,0.941409,161.43
146600,0.48,0.44,0.08,0.08238071,0.08388996,1.398014,168.56
146700,0.47,0.48,0.05,0.06975863,0.06643043,0.926609,160.69
146800,0.44,0.49,0.07,0.0685395,0.07020948,1.326011,165.87
146900,0.45,0.51,0.04,0.08895312,0.08134823,0.9098085,141.62
147000,0.42,0.53,0.05,0.0837744,0.09003763,0.6128042,151
147100,0.45,0.55,0,0.07922477,0.09031544,0.2661998,103.72
147200,0.48,0.46,0.06,0.06705719,0.06458253,1.136809,174.76
147300,0.36,0.6,0.04,0.0738535,0.07805333,1.082608,143.26
147400,0.34,0.58,0.08,0.07171778,0.07830715,1.453816,169.87
147500,0.38,0.56,0.06,0.0785591,0.0880885,1.024611,156.18
147600,0.4,0.54,0.06,0.0716384,0.07433421,0.9760088,153.25
147700,0.43,0.54,0.03,0.07878958,0.0857515,0.812407,148.79
147800,0.38,0.59,0.03,0.07326602,0.07259794,0.7170067,153.22
147900,0.49,0.5,0.01,0.08209798,0.08610319,0.2933998,118.02
148000,0.43,0.55,0.02,0.07603924,0.07377356,0.5456048,132.33
148100,0.43,0.53,0.04,0.08818413,0.1043385,1.049209,129.04
148200,0.47,0.48,0.05,0.08991762,0.1044362,0.9894102,140.2
148300,0.42,0.53,0.05,0.07834919,0.07918198,1.280212,159.95
148400,0.44,0.5,0.06,0.07426631,0.0837328,1.387613,157.82
148500,0.41,0.52,0.07,0.072762,0.07360377,1.561616,179.21
148600,0.49,0.46,0.05,0.07185197,0.07624272,1.248811,140.68
148700,0.37,0.59,0.04,0.08060444,0.07714745,0.5306042,150.19
148800,0.48,0.48,0.04,0.07908931,0.08435061,0.9850088,137.23
148900,0.47,0.5,0.03,0.07396411,0.07988685,0.8384067,128.8
149000,0.44,0.52,0.04,0.07616524,0.077323,1.034209,138.79
149100,0.35,0.63,0.02,0.07802302,0.0802559,0.3856024,132.42
149200,0.44,0.5,0.06,0.07649925,0.0746883,1.215211,177.13
149300,0.44,0.51,0.05,0.08082958,0.0880233,1.005409,169.37
149400,0.51,0.45,0.04,0.07006887,0.07317661,0.9742091,151.52
149500,0.49,0.47,0.04,0.07850824,0.07768423,0.5668024,147.02
149600,0.46,0.53,0.01,0.07568893,0.07534982,0.5746019,119.68
149700,0.38,0.6,0.02,0.07837297,0.07699247,0.4692025,144.89
149800,0.38,0.54,0.08,0.07556525,0.08468352,1.215212,174.84
149900,0.48,0.47,0.05,0.07436721,0.09913074,0.9932085,151.57
150000,0.47,0.51,0.02,0.08803753,0.1016189,0.6108041,113.35
150100,0.41,0.56,0.03,0.0768055,0.07800436,0.8662072,143.32
150200,0.33,0.64,0.03,0.08028709,0.08105656,0.8100066,137.95
150300,0.45,0.48,0.07,0.08236837,0.08834474,1.614617,175.26
150400,0.42,0.55,0.03,0.08275276,0.07732903,0.839407,127.49
150500,0.4,0.53,0.07,0.08328836,0.09718094,1.254813,156.37
150600,0.49,0.47,0.04,0.08665847,0.09710989,0.7726045,136.01
150700,0.49,0.47,0.04,0.06945167,0.07426548,1.09061,146.08
150800,0.46,0.5,0.04,0.06864835,0.07134232,1.003008,143.88
150900,0.43,0.51,0.06,0.09303524,0.09392939,1.204208,151.7
151000,0.43,0.5,0.07,0.0785979,0.07882378,1.399213,168.22
151100,0.45,0.5,0.05,0.09686735,0.08879028,0.9412079,139.49
151200,0.4,0.53,0.07,0.08246227,0.08524318,1.391616,154.75
151300,0.43,0.53,0.04,0.07164059,0.08426469,0.502005,153.56
151400,0.48,0.44,0.08,0.07664843,0.08523437,1.635818,178.3
151500,0.46,0.5,0.04,0.07412599,0.0775002,0.5668046,137.96
151600,0.52,0.38,0.1,0.07204457,0.08296239,1.964422,200.39
151700,0.43,0.49,0.08,0.09718268,0.1104019,0.9642082,172.26
151800,0.51,0.41,0.08,0.07346527,0.07481455,1.548616,180.8
151900,0.39,0.56,0.05,0.07432696,0.07210966,0.9588088,139.29
152000,0.47,0.45,0.08,0.07374755,0.07590441,1.404415,189.09
152100,0.31,0.62,0.07,0.08026347,0.08817623,0.637806,171.61
152200,0.49,0.47,0.04,0.09447952,0.1069735,1.03141,141.07
152300,0.46,0.49,0.05,0.06811131,0.07297767,1.09361,146.58
152400,0.43,0.51,0.06,0.07659967,0.07505872,1.242612,155.36
152500,0.34,0.6,0.06,0.07145512,0.08315219,1.104411,162.11
152600,0.33,0.6,0.07,0.0764128,0.07823443,1.311813,159.72
152700,0.46,0.49,0.05,0.07767874,0.08066168,1.087009,148.09
152800,0.42,0.49,0.09,0.07002573,0.07009727,1.360214,175.97
152900,0.45,0.49,0.06,0.06967886,0.06977352,1.252212,151.23
153000,0.39,0.56,0.05,0.07350495,0.08651467,1.001809,162.23
153100,0.45,0.52,0.03,0.07120096,0.07272167,0.7672073,140.36
153200,0.45,0.49,0.06,0.0964262,0.1017924,1.118011,172.99
153300,0.36,0.59,0.05,0.0719966,0.08564884,1.004209,167.35
153400,0.37,0.56,0.07,0.08605954,0.09321484,1.04741,162.2
153500,0.39,0.61,0,0.08551512,0.07899291,0.1955999,95.52
153600,0.41,0.5,0.09,0.07986382,0.08751204,1.624218,199.21
153700,0.34,0.6,0.06,0.07210501,0.07133679,1.302615,168.31
153800,0.51,0.47,0.02,0.07565297,0.07770691,0.5822045,117.44
153900,0.44,0.52,0.04,0.0733652,0.07176109,0.9560086,144.84
154000,0.48,0.48,0.04,0.08068115,0.09088703,0.9396093,142.29
154100,0.43,0.53,0.04,0.06740339,0.06803786,1.028409,135.88
154200,0.4,0.54,0.06,0.07418648,0.07281013,1.253212,154.04
154300,0.48,0.46,0.06,0.07572648,0.07618938,1.038609,151.4
154400,0.43,0.55,0.02,0.09159174,0.1120504,0.7436052,135.59
154500,0.44,0.52,0.04,0.07464127,0.07788014,0.7716073,149.96
154600,0.46,0.47,0.07,0.07891914,0.08256956,1.696617,166.75
154700,0.42,0.54,0.04,0.07407235,0.08434045,0.8066062,135.62
154800,0.42,0.5,0.08,0.07365762,0.07196493,1.687415,180.8
154900,0.46,0.48,0.06,0.06942894,0.06980463,1.479813,150.13
155000,0.45,0.51,0.04,0.07659238,0.07722349,0.9678089,153.86
155100,0.48,0.47,0.05,0.08455463,0.09712853,1.322012,143.95
155200,0.4,0.5,0.1,0.06726091,0.07120539,1.339413,207.3
155300,0.41,0.55,0.04,0.07131574,0.06892334,0.7786065,153.79
155400,0.45,0.52,0.03,0.07695524,0.08960834,0.3910021,128.22
155500,0.4,0.55,0.05,0.09522673,0.1008107,1.011207,154.41
155600,0.45,0.54,0.01,0.06439928,0.0610071,0.5842022,119.68
155700,0.49,0.51,0,0.07895859,0.07742532,0.4373997,109.56
155800,0.41,0.59,0,0.07329573,0.08029862,0.3231998,110.09
155900,0.38,0.53,0.09,0.07993364,0.08598532,1.449616,177.79
156000,0.44,0.51,0.05,0.08859818,0.09879718,0.8568056,156.93
156100,0.45,0.48,0.07,0.06516302,0.06335022,1.549617,169.25
156200,0.44,0.54,0.02,0.08190387,0.08354667,0.6096037,108.93
156300,0.46,0.52,0.02,0.0798872,0.07349169,0.5720032,131.46
156400,0.39,0.57,0.04,0.1157886,0.1163483,0.7500067,124.24
156500,0.36,0.57,0.07,0.08545427,0.09248479,1.361813,167.37
156600,0.42,0.55,0.03,0.07691357,0.08556408,0.6106041,110.72
156700,0.45,0.53,0.02,0.08911991,0.1113919,0.6138047,123.35
156800,0.37,0.59,0.04,0.1034204,0.1112246,0.9894089,126.31
156900,0.45,0.5,0.05,0.08014283,0.08950788,1.102609,154.53
157000,0.52,0.47,0.01,0.09182907,0.08777279,0.4816016,105.91
157100,0.48,0.48,0.04,0.09376778,0.09376179,1.05181,144.79
157200,0.47,0.49,0.04,0.09401096,0.09504355,1.107609,144.32
157300,0.49,0.47,0.04,0.07759693,0.07332245,0.9538064,132.68
157400,0.48,0.46,0.06,0.06736231,0.07520089,1.454814,154.24
157500,0.44,0.51,0.05,0.08298946,0.08384965,1.311011,151.46
157600,0.46,0.5,0.04,0.09851059,0.09566087,0.9008069,138.51
157700,0.51,0.44,0.05,0.07059539,0.06792406,1.273612,149.53
157800,0.42,0.54,0.04,0.1044399,0.1064786,0.9986063,132.2
157900,0.43,0.52,0.05,0.07979307,0.09060404,1.21281,195.33
158000,0.49,0.45,0.06,0.08175074,0.09082434,1.22641,166.53
158100,0.51,0.43,0.06,0.07796787,0.08007313,1.361815,165.93
158200,0.44,0.54,0.02,0.07295266,0.07412379,0.655602,123.87
158300,0.43,0.54,0.03,0.07043136,0.06688219,0.7372061,157.26
158400,0.48,0.45,0.07,0.06964791,0.08055284,1.625216,183.64
158500,0.39,0.57,0.04,0.07099988,0.0760041,0.7424066,142.73
158600,0.49,0.45,0.06,0.07393874,0.07851849,1.406413,167.62
158700,0.47,0.48,0.05,0.07362067,0.07331572,0.9780095,155.86
158800,0.44,0.48,0.08,0.08458554,0.09719981,1.744017,170.26
158900,0.51,0.46,0.03,0.07708699,0.07688551,0.9486058,144.98
159000,0.45,0.46,0.09,0.06874321,0.06412108,1.567416,192.53
159100,0.47,0.46,0.07,0.07895801,0.08513065,0.9862072,200.54
159200,0.41,0.51,0.08,0.07127021,0.06487259,1.580215,203.73
159300,0.41,0.54,0.05,0.08494316,0.1001889,1.17101,145.83
159400,0.44,0.49,0.07,0.09173142,0.1055535,1.503214,160.65
159500,0.37,0.62,0.01,0.07202841,0.07208044,0.5146033,114.6
159600,0.51,0.46,0.03,0.1132287,0.1316101,0.5430013,140.86
159700,0.4,0.56,0.04,0.07638318,0.08131575,0.7066042,145.54
159800,0.46,0.5,0.04,0.1072933,0.1199004,1.094409,125.94
159900,0.44,0.52,0.04,0.06707849,0.06568175,0.7756066,146.95
160000,0.37,0.6,0.03,0.07420811,0.08974676,0.8336067,132.72
160100,0.32,0.62,0.06,0.08478121,0.08633973,1.131811,168.59
160200,0.46,0.48,0.06,0.07200421,0.06715,1.04521,172.96
160300,0.36,0.55,0.09,0.07935559,0.09061828,1.755619,184.93
160400,0.39,0.6,0.01,0.07604979,0.07760354,0.4162017,126.48
160500,0.42,0.54,0.04,0.06826542,0.07178043,0.9796086,151.97
160600,0.44,0.52,0.04,0.09210085,0.09729446,0.8040073,142.08
160700,0.44,0.5,0.06,0.07384105,0.08534516,1.282611,153.61
160800,0.49,0.44,0.07,0.08778333,0.1150649,1.146611,173.94
160900,0.43,0.49,0.08,0.07474098,0.07339369,1.623816,187.13
161000,0.47,0.48,0.05,0.07707468,0.08209369,1.261211,153.84
161100,0.39,0.53,0.08,0.06844144,0.07390496,1.747818,168.65
161200,0.42,0.55,0.03,0.1001387,0.1006435,1.039207,152.96
161300,0.45,0.51,0.04,0.08089024,0.101537,0.8632068,148.63
161400,0.39,0.55,0.06,0.08055588,0.0941304,1.199611,177.55
161500,0.5,0.43,0.07,0.09838726,0.1042831,1.498415,156.25
161600,0.41,0.5,0.09,0.08062658,0.09243622,1.343014,188.53
161700,0.4,0.55,0.05,0.07312754,0.08157435,0.8354064,145.15
161800,0.41,0.56,0.03,0.07850397,0.07068661,0.7494066,127.98
161900,0.42,0.51,0.07,0.07794047,0.08302762,1.249414,170.06
162000,0.49,0.46,0.05,0.07029192,0.08076361,1.217211,144.23
162100,0.41,0.54,0.05,0.08672312,0.09526467,0.7660075,138.29
162200,0.46,0.52,0.02,0.07797012,0.08017781,0.4706015,134.17
162300,0.42,0.54,0.04,0.09283794,0.09252627,0.9958088,134.64
162400,0.49,0.46,0.05,0.07448114,0.08142495,1.338411,169.95
162500,0.5,0.47,0.03,0.08813336,0.1012764,0.5552042,129.04
162600,0.59,0.39,0.02,0.08991987,0.1032941,0.9334046,138.01
162700,0.46,0.46,0.08,0.07260089,0.08198577,1.354213,159.31
162800,0.46,0.5,0.04,0.07345691,0.07048551,0.886407,147.18
162900,0.43,0.5,0.07,0.07176246,0.07845731,1.434014,176.09
163000,0.39,0.59,0.02,0.07201768,0.06630403,0.6340047,141.97
163100,0.43,0.57,0,0.0789552,0.0832288,0.2593998,121.03
163200,0.44,0.51,0.05,0.06928096,0.07266854,1.025809,160.87
163300,0.44,0.52,0.04,0.07723256,0.07726155,0.9714097,143.98
163400,0.45,0.52,0.03,0.07753342,0.07654563,0.571004,142.16
163500,0.38,0.57,0.05,0.1050337,0.1002164,0.8974091,161.66
163600,0.5,0.47,0.03,0.1082127,0.1081063,1.049407,151.27
163700,0.44,0.51,0.05,0.06892869,0.06749355,1.156611,169.84
163800,0.47,0.48,0.05,0.08558054,0.08678937,1.106209,157.06
163900,0.46,0.48,0.06,0.06244121,0.06235934,1.442013,174.28
164000,0.53,0.45,0.02,0.08297192,0.08192001,0.7324039,120.6
164100,0.51,0.42,0.07,0.07116739,0.07598943,1.616616,188.52
164200,0.42,0.54,0.04,0.07634395,0.06849772,0.8080071,159.78
164300,0.41,0.51,0.08,0.09995955,0.1105727,1.424614,188.59
164400,0.4,0.54,0.06,0.08229226,0.07619464,1.399814,160.25
164500,0.5,0.46,0.04,0.07515164,0.07239153,1.040009,148.51
164600,0.4,0.56,0.04,0.08106929,0.09043269,0.9752091,143.81
164700,0.4,0.5,0.1,0.08462002,0.07857964,1.87502,203.03
164800,0.36,0.62,0.02,0.07738124,0.07037981,0.6094048,135.21
164900,0.45,0.48,0.07,0.07746113,0.09141354,1.420015,172.93
165000,0.43,0.54,0.03,0.06900556,0.07434972,0.7216042,140.95
165100,0.44,0.49,0.07,0.1067321,0.1138745,1.365614,159.18
165200,0.33,0.57,0.1,0.07587667,0.08058399,1.857821,190.33
165300,0.39,0.54,0.07,0.07320279,0.08250782,1.649416,172.05
165400,0.51,0.46,0.03,0.1008334,0.109122,0.812807,138.34
165500,0.41,0.54,0.05,0.06872419,0.06758252,1.293211,174.8
165600,0.41,0.55,0.04,0.09198025,0.118011,0.8070068,149.75
165700,0.46,0.52,0.02,0.08269064,0.08325009,0.5350024,112.96
165800,0.48,0.47,0.05,0.07106514,0.07117645,1.263611,150.55
165900,0.45,0.49,0.06,0.084278,0.08397589,1.297412,158.03
166000,0.43,0.54,0.03,0.07002567,0.06890845,0.7428067,135.28
166100,0.41,0.53,0.06,0.09686779,0.1091434,1.364613,155.26
166200,0.41,0.56,0.03,0.08675764,0.09538098,0.7854063,129.8
166300,0.42,0.55,0.03,0.07034532,0.07346371,0.9378061,134.78
166400,0.36,0.55,0.09,0.07414134,0.06919573,1.697817,198.2
166500,0.41,0.52,0.07,0.08010927,0.09065417,1.325614,161.45
166600,0.42,0.53,0.05,0.07863378,0.07370879,1.01521,174.71
166700,0.41,0.5,0.09,0.0746339,0.08097101,1.530016,193.8
166800,0.44,0.49,0.07,0.07004967,0.06910897,1.340813,174.31
166900,0.39,0.55,0.06,0.07504582,0.06955676,1.189212,169.78
167000,0.47,0.49,0.04,0.08264916,0.1123324,0.7808073,127.25
167100,0.45,0.52,0.03,0.06652095,0.06542794,0.8650064,140.62
167200,0.42,0.52,0.06,0.07414698,0.07192878,1.197212,161.2
167300,0.35,0.6,0.05,0.07098367,0.06468396,1.022609,157.88
167400,0.46,0.48,0.06,0.09080514,0.09661143,1.583615,174.82
167500,0.45,0.53,0.02,0.09521264,0.1061698,0.4994019,127.86
167600,0.39,0.53,0.08,0.07637032,0.07397854,1.552616,184.59
167700,0.38,0.55,0.07,0.09304012,0.1179603,1.707615,185.68
167800,0.49,0.46,0.05,0.08848098,0.09806154,0.9504064,169.01
167900,0.53,0.43,0.04,0.07994679,0.07972754,0.8760064,140.18
168000,0.42,0.49,0.09,0.1087841,0.1088115,2.053821,191.1
168100,0.48,0.49,0.03,0.0723077,0.06240837,0.9894071,153.56
168200,0.45,0.49,0.06,0.09345014,0.09681974,0.8338071,162.48
168300,0.41,0.56,0.03,0.07243496,0.07229824,0.8376056,136.58
168400,0.37,0.61,0.02,0.07284068,0.09556723,0.5046047,119.63
168500,0.45,0.5,0.05,0.08210608,0.08965788,1.147012,141.13
168600,0.41,0.5,0.09,0.0958163,0.09967512,1.759418,187.51
168700,0.53,0.4,0.07,0.09481362,0.1091569,1.486814,162.12
168800,0.33,0.61,0.06,0.07312493,0.06966873,1.369613,188.32
168900,0.35,0.57,0.08,0.08927063,0.08542661,1.512415,181.99
169000,0.41,0.54,0.05,0.07795879,0.0827277,1.100409,175.96
169100,0.37,0.57,0.06,0.07612178,0.09811904,0.9402087,171.11
169200,0.45,0.5,0.05,0.07902263,0.07735699,0.9318088,142.24
169300,0.4,0.54,0.06,0.07442537,0.08692824,1.318413,158.9
169400,0.52,0.44,0.04,0.0905748,0.09372667,1.029609,155.9
169500,0.44,0.53,0.03,0.0962505,0.1070751,0.6964065,129.67
169600,0.55,0.43,0.02,0.06976767,0.0665839,0.7176012,135.72
169700,0.48,0.48,0.04,0.09547973,0.08514098,0.6822049,132.37
169800,0.45,0.52,0.03,0.08150713,0.08784088,0.8000067,126.2
169900,0.51,0.46,0.03,0.0758619,0.07537422,0.8200065,136.58
170000,0.41,0.54,0.05,0.07601459,0.08447212,1.159608,157.58
170100,0.46,0.45,0.09,0.06482393,0.06449885,1.605015,210.77
170200,0.4,0.57,0.03,0.0693123,0.07087594,0.856407,148.27
170300,0.46,0.48,0.06,0.0725523,0.07045466,1.429013,189.18
170400,0.42,0.53,0.05,0.08047393,0.07858405,0.9702088,164.2
170500,0.45,0.5,0.05,0.08272858,0.0889347,1.04401,149.16
170600,0.4,0.55,0.05,0.0733683,0.07241978,1.182012,150.77
170700,0.51,0.47,0.02,0.07780831,0.08951101,0.7268045,138.04
170800,0.43,0.53,0.04,0.07884894,0.07830117,0.7602066,133.25
170900,0.4,0.5,0.1,0.06771746,0.0673256,2.062623,195.28
171000,0.43,0.52,0.05,0.08445249,0.08474373,1.115411,155.79
171100,0.46,0.5,0.04,0.07621561,0.0759379,1.051806,167.78
171200,0.46,0.5,0.04,0.08215525,0.08724584,0.648405,148.14
171300,0.39,0.58,0.03,0.07002027,0.07066233,0.9648072,139.08
171400,0.37,0.55,0.08,0.09307799,0.09197927,1.449017,156.4
171500,0.47,0.5,0.03,0.07657881,0.07319409,0.893607,135.51
171600,0.49,0.45,0.06,0.06693904,0.06929967,1.155012,157.71
171700,0.51,0.46,0.03,0.09343756,0.09026238,0.7880055,140.65
171800,0.5,0.5,0,0.0860659,0.09523695,0.3139997,104.08
171900,0.43,0.52,0.05,0.1026165,0.1185995,0.6800051,158.06
172000,0.48,0.47,0.05,0.06578504,0.06523901,1.256811,162.12
172100,0.42,0.51,0.07,0.07862768,0.08000591,1.626015,172.46
172200,0.53,0.43,0.04,0.08252409,0.09984814,0.7854053,141.79
172300,0.43,0.54,0.03,0.08508053,0.08301941,0.9064067,145.74
172400,0.34,0.62,0.04,0.08380574,0.07934754,0.7916069,136.95
172500,0.49,0.47,0.04,0.07755258,0.0846971,0.7530063,137.05
172600,0.46,0.48,0.06,0.07353191,0.07233167,1.447014,159.06
172700,0.41,0.53,0.06,0.08154777,0.08861226,1.016009,143.41
172800,0.47,0.46,0.07,0.08991294,0.09144524,1.042408,169.56
172900,0.5,0.43,0.07,0.0709429,0.07178171,1.269611,176.29
173000,0.45,0.49,0.06,0.0722238,0.07928827,1.318812,177.53
173100,0.39,0.59,0.02,0.09709045,0.107072,0.4042024,124.16
173200,0.43,0.49,0.08,0.09242778,0.1046266,1.092009,168.79
173300,0.41,0.53,0.06,0.07521737,0.07939307,1.373211,172.83
173400,0.48,0.51,0.01,0.07307893,0.07179122,0.536802,113.48
173500,0.43,0.49,0.08,0.07982345,0.07775584,1.687216,185.81
173600,0.31,0.63,0.06,0.06950711,0.06623711,0.7790073,170.11
173700,0.47,0.52,0.01,0.0855072,0.08011362,0.4812025,107.12
173800,0.4,0.56,0.04,0.07882129,0.07424768,0.5850046,155.64
173900,0.35,0.58,0.07,0.07388589,0.07217091,1.163009,173.97
174000,0.4,0.56,0.04,0.07683429,0.07966688,0.6700048,146.99
174100,0.58,0.39,0.03,0.06584997,0.07137866,1.089607,148.47
174200,0.4,0.57,0.03,0.07229756,0.07143334,0.8052061,136.22
174300,0.42,0.55,0.03,0.08158,0.07665336,0.9036068,123.18
174400,0.36,0.56,0.08,0.08030482,0.0796452,1.511416,178.44
174500,0.51,0.45,0.04,0.0666187,0.06462561,0.9422076,150.56
174600,0.46,0.5,0.04,0.06568356,0.08527281,0.8468052,153.91
174700,0.43,0.49,0.08,0.07328829,0.08886085,1.539816,177.47
174800,0.38,0.54,0.08,0.07425974,0.07884405,1.823818,188.43
174900,0.37,0.56,0.07,0.08792673,0.09205885,1.207614,162.77
175000,0.46,0.49,0.05,0.09264242,0.1049444,0.9998085,142.51
175100,0.48,0.45,0.07,0.07079308,0.07156203,1.474015,185.67
175200,0.42,0.56,0.02,0.07769442,0.07973987,0.4550023,132.17
175300,0.41,0.52,0.07,0.06973442,0.06528586,1.339814,169.83
175400,0.46,0.48,0.06,0.08521435,0.1042648,1.478614,169.48
175500,0.45,0.52,0.03,0.1068105,0.1057413,0.7890072,131.15
175600,0.48,0.45,0.07,0.07153462,0.0736587,1.175612,165.58
175700,0.53,0.45,0.02,0.08262975,0.07888059,0.5390044,118.21
175800,0.38,0.55,0.07,0.07463546,0.06951378,1.356613,160.17
175900,0.4,0.57,0.03,0.08955128,0.0887534,0.9078069,143.46
176000,0.47,0.49,0.04,0.07444243,0.0712788,1.09101,142.9
176100,0.36,0.6,0.04,0.1107228,0.1306118,0.6866056,141.06
176200,0.46,0.47,0.07,0.06763107,0.06694316,1.399414,165.62
176300,0.45,0.49,0.06,0.07838129,0.08042869,1.207412,158.97
176400,0.47,0.47,0.06,0.06690924,0.06554838,1.350014,159.48
176500,0.4,0.54,0.06,0.07412101,0.07728443,1.419013,159.99
176600,0.45,0.44,0.11,0.06814574,0.06771171,1.647018,206
176700,0.39,0.54,0.07,0.06529222,0.06298478,1.21681,190.87
176800,0.43,0.53,0.04,0.08768604,0.08714466,0.8106065,139.84
176900,0.52,0.44,0.04,0.08650059,0.09814262,0.8764069,155.22
177000,0.38,0.6,0.02,0.07809037,0.0744168,0.6348051,132.92
177100,0.38,0.58,0.04,0.07127152,0.0733486,0.8054058,146.53
177200,0.41,0.53,0.06,0.07916778,0.07936027,1.002009,183.6
177300,0.38,0.57,0.05,0.07054991,0.06964914,1.291212,165.45
177400,0.41,0.51,0.08,0.077837,0.07811996,1.279613,165.52
177500,0.41,0.55,0.04,0.07084054,0.06960631,0.7838069,162.38
177600,0.44,0.51,0.05,0.06710118,0.0734804,1.157609,172.67
177700,0.43,0.52,0.05,0.08402575,0.08202285,0.9914091,174.65
177800,0.49,0.46,0.05,0.07306036,0.0743977,1.200408,161.02
177900,0.46,0.5,0.04,0.07855275,0.09460755,0.5818018,166.65
178000,0.4,0.56,0.04,0.07701197,0.07733543,0.9770095,150.67
178100,0.46,0.52,0.02,0.07243621,0.07239838,0.612004,123.59
178200,0.47,0.46,0.07,0.07238076,0.08059196,1.313011,171.52
178300,0.44,0.52,0.04,0.08511223,0.08251845,0.9434069,142.25
178400,0.38,0.57,0.05,0.09928941,0.0868738,1.038609,156.86
178500,0.44,0.48,0.08,0.07411988,0.07499072,1.712418,190.08
178600,0.52,0.39,0.09,0.07171625,0.06836437,1.371012,192.88
178700,0.41,0.51,0.08,0.065704,0.06475333,1.524014,200.53
178800,0.45,0.53,0.02,0.0750252,0.08230455,0.6400046,129.6
178900,0.43,0.48,0.09,0.07887337,0.08115029,1.373414,191.84
179000,0.33,0.64,0.03,0.0830947,0.1042149,0.985409,152.48
179100,0.37,0.59,0.04,0.07416707,0.07302202,1.03121,129.5
179200,0.39,0.59,0.02,0.07919159,0.0844701,0.7274048,134.14
179300,0.48,0.5,0.02,0.07517277,0.07107618,0.6382045,103.97
179400,0.37,0.58,0.05,0.08445926,0.09551726,1.122812,150.32
179500,0.36,0.59,0.05,0.07977044,0.07824036,1.003209,144.61
179600,0.4,0.48,0.12,0.06993175,0.07270274,2.204026,236.59
179700,0.45,0.52,0.03,0.08152486,0.08342715,0.7938057,125.69
179800,0.47,0.48,0.05,0.07991204,0.09025014,1.382014,156.22
179900,0.45,0.52,0.03,0.08598325,0.08584107,0.7468066,134.23
180000,0.49,0.48,0.03,0.07791682,0.08743405,0.380602,129.81
180100,0.46,0.48,0.06,0.09335495,0.09042045,0.9674085,163.1
180200,0.34,0.59,0.07,0.08037124,0.08649454,1.609416,178.54
180300,0.39,0.6,0.01,0.07582037,0.07566114,0.5450022,138.39
180400,0.45,0.51,0.04,0.07354821,0.06446821,0.9008067,153.82
180500,0.47,0.49,0.04,0.1017577,0.1001976,1.030008,140.65
180600,0.47,0.5,0.03,0.07881501,0.08104103,0.6936046,142.71
180700,0.41,0.56,0.03,0.07677777,0.06938858,0.695205,142.79
180800,0.39,0.59,0.02,0.09141945,0.09662274,0.3806018,134.16
180900,0.35,0.6,0.05,0.09201494,0.09151066,0.9608094,152.84
181000,0.42,0.53,0.05,0.09961952,0.1105059,0.9134088,130.64
181100,0.42,0.53,0.05,0.07203291,0.07283452,0.849207,161.22
181200,0.53,0.45,0.02,0.06706268,0.07590189,0.551402,136.27
181300,0.4,0.53,0.07,0.07080166,0.06513073,1.413414,188.81
181400,0.39,0.58,0.03,0.09043211,0.09007362,0.7930065,125.53
181500,0.51,0.45,0.04,0.0751207,0.08001176,0.8930062,160.61
181600,0.54,0.41,0.05,0.06832153,0.07608133,1.237612,159.26
181700,0.39,0.55,0.06,0.09115945,0.08969257,1.234612,168.37
181800,0.41,0.51,0.08,0.07072306,0.06942461,1.88882,189.92
181900,0.43,0.52,0.05,0.06483329,0.05950652,0.9262091,139.3
182000,0.48,0.47,0.05,0.08571193,0.08686508,1.085408,143.33
182100,0.42,0.57,0.01,0.07567105,0.07253435,0.4872023,125.46
182200,0.48,0.47,0.05,0.06954749,0.07506915,1.321012,150.24
182300,0.45,0.52,0.03,0.08868948,0.08704427,0.5888047,130.24
182400,0.45,0.5,0.05,0.08461097,0.08889057,0.9596092,157.97
182500,0.36,0.57,0.07,0.1020769,0.1248167,1.207411,158.1
182600,0.46,0.52,0.02,0.08812345,0.08715763,0.4412024,115.39
182700,0.46,0.5,0.04,0.07295474,0.07426105,0.7772067,147.32
182800,0.42,0.55,0.03,0.08120175,0.08121714,0.6202046,134.74
182900,0.46,0.48,0.06,0.07077369,0.06581229,1.03501,164.71
183000,0.44,0.49,0.07,0.07308912,0.07430024,1.236212,166.23
183100,0.46,0.51,0.03,0.07697534,0.07754947,0.9668069,158.92
183200,0.43,0.53,0.04,0.0647953,0.0644268,0.8756071,160.78
183300,0.49,0.43,0.08,0.07192575,0.07431292,1.571216,180.1
183400,0.48,0.48,0.04,0.07152836,0.06522019,0.7726064,141.29
183500,0.38,0.57,0.05,0.08730087,0.08367156,0.7574062,167.68
183600,0.36,0.62,0.02,0.07752261,0.08006122,0.5772047,118.82
183700,0.44,0.52,0.04,0.08339316,0.08011833,0.8890089,151.1
183800,0.39,0.56,0.05,0.080337,0.07681217,0.4326023,162.92
183900,0.48,0.48,0.04,0.08780101,0.09141891,0.8852091,133.12
184000,0.33,0.64,0.03,0.07595935,0.07612529,0.5892039,140.65
184100,0.41,0.54,0.05,0.1135646,0.1234903,0.8074066,149.66
184200,0.41,0.5,0.09,0.07603071,0.07902358,1.660016,197.46
184300,0.42,0.54,0.04,0.07762942,0.07496784,0.9836072,161.57
184400,0.49,0.49,0.02,0.08264507,0.09011627,0.7384047,120.78
184500,0.33,0.62,0.05,0.06683449,0.06655488,0.6666064,154.7
184600,0.39,0.59,0.02,0.08139107,0.07932969,0.3594024,134.78
184700,0.43,0.5,0.07,0.06827186,0.06919804,1.333814,167.3
184800,0.39,0.53,0.08,0.06895201,0.06710527,1.467814,172.7
184900,0.35,0.62,0.03,0.09323998,0.08967971,0.6472045,122.8
185000,0.49,0.48,0.03,0.06908896,0.07281096,0.7776043,151.13
185100,0.42,0.54,0.04,0.08475551,0.1066787,0.5077996,150.71
185200,0.38,0.59,0.03,0.08603283,0.1018845,0.7524063,146.62
185300,0.48,0.48,0.04,0.08055101,0.08057683,1.135409,143.13
185400,0.44,0.54,0.02,0.07327014,0.07203897,0.6270043,130.93
185500,0.44,0.55,0.01,0.07460161,0.07980208,0.3651997,126.13
185600,0.44,0.52,0.04,0.06904352,0.06788198,1.176209,158.55
185700,0.45,0.51,0.04,0.111146,0.1240276,0.9006079,128.21
185800,0.43,0.51,0.06,0.09156424,0.0929077,1.392415,147.11
185900,0.41,0.57,0.02,0.1041498,0.09738019,0.595405,109.62
186000,0.48,0.46,0.06,0.07300338,0.08651194,0.9808069,161.89
186100,0.43,0.55,0.02,0.07108023,0.0744669,0.6056048,122.49
186200,0.54,0.42,0.04,0.07655594,0.08259428,0.8826065,151.16
186300,0.48,0.5,0.02,0.074609,0.07011975,0.4880021,117.88
186400,0.48,0.48,0.04,0.06866464,0.06593888,0.6750046,159.23
186500,0.32,0.63,0.05,0.06891967,0.06900238,1.121811,155.13
186600,0.51,0.42,0.07,0.08176783,0.0982841,1.283011,165.38
186700,0.42,0.54,0.04,0.07766919,0.06972005,0.945809,140.05
186800,0.48,0.48,0.04,0.07309514,0.06855546,1.057209,142.56
186900,0.53,0.44,0.03,0.08693546,0.08780184,0.6468038,122.62
187000,0.39,0.58,0.03,0.07558957,0.08510035,0.9742073,138.94
187100,0.45,0.45,0.1,0.07467024,0.07074745,1.591616,191.24
187200,0.44,0.52,0.04,0.08126105,0.08790352,0.4334019,149.35
187300,0.42,0.47,0.11,0.0653493,0.06516574,1.962221,204.65
187400,0.43,0.54,0.03,0.06665454,0.06256075,0.8310067,129.83
187500,0.43,0.49,0.08,0.06861869,0.06946173,1.715819,173.33
187600,0.48,0.48,0.04,0.09115423,0.0981007,1.059608,137.85
187700,0.52,0.43,0.05,0.0849176,0.08739457,0.9984093,146.84
187800,0.45,0.53,0.02,0.08048811,0.08035003,0.5252023,126.81
187900,0.46,0.52,0.02,0.1003068,0.09815052,0.6484042,123.71
188000,0.45,0.51,0.04,0.0965896,0.1123835,0.6430044,135.62
188100,0.49,0.49,0.02,0.07937121,0.0818727,0.6286045,128.24
188200,0.45,0.53,0.02,0.08219246,0.07873254,0.3215997,123.1
188300,0.43,0.53,0.04,0.07348225,0.06522451,0.7882062,151.45
188400,0.36,0.6,0.04,0.0708096,0.06795294,0.7860064,145.22
188500,0.46,0.48,0.06,0.082202,0.08779521,1.441413,174.59
188600,0.5,0.44,0.06,0.07445271,0.07063843,1.399414,151.33
188700,0.42,0.5,0.08,0.06121947,0.06153985,1.294812,175.69
188800,0.48,0.46,0.06,0.07762173,0.08382366,1.354811,184.39
188900,0.32,0.62,0.06,0.1030348,0.1138815,1.354013,160.19
189000,0.43,0.55,0.02,0.09267094,0.1050721,0.8494064,143.72
189100,0.36,0.62,0.02,0.08835548,0.09145679,0.7266044,127.77
189200,0.54,0.41,0.05,0.07081409,0.07023727,1.409211,149.5
189300,0.36,0.58,0.06,0.07754255,0.0741636,1.08021,153.59
189400,0.39,0.59,0.02,0.08049954,0.07827664,0.5084019,131.16
189500,0.5,0.42,0.08,0.07950088,0.1006255,1.768418,186.48
189600,0.43,0.52,0.05,0.09729689,0.09238244,0.9140069,146.34
189700,0.48,0.47,0.05,0.09218393,0.103291,0.871006,141.76
189800,0.4,0.55,0.05,0.0669891,0.06642664,0.8230066,150.97
189900,0.43,0.52,0.05,0.08896347,0.1088523,0.8066059,144.39
190000,0.42,0.53,0.05,0.07256006,0.07492874,1.02661,154.29
190100,0.51,0.43,0.06,0.07037608,0.06730271,1.211012,170.58
190200,0.49,0.45,0.06,0.07840595,0.09361635,1.162811,154.04
190300,0.52,0.44,0.04,0.1055293,0.1075393,0.9132099,119.64
190400,0.44,0.48,0.08,0.07840984,0.083567,1.300614,162.65
190500,0.38,0.56,0.06,0.08410925,0.08771064,1.030609,171.47
190600,0.46,0.51,0.03,0.07997059,0.08714281,0.780807,141.73
190700,0.44,0.51,0.05,0.0834538,0.0802518,1.040609,132.6
190800,0.49,0.47,0.04,0.08257896,0.09565949,1.164809,149.51
190900,0.46,0.51,0.03,0.07037982,0.06950769,0.7114045,139.56
191000,0.48,0.5,0.02,0.07005024,0.06920032,0.6532047,110.68
191100,0.45,0.54,0.01,0.0943273,0.1097429,0.2589998,123.77
191200,0.45,0.44,0.11,0.07437152,0.07347453,1.578815,214.85
191300,0.39,0.58,0.03,0.06841531,0.06402965,0.4556025,145.96
191400,0.55,0.41,0.04,0.08415686,0.09347504,0.7632073,144.12
191500,0.48,0.48,0.04,0.07816321,0.07391617,1.082009,143.65
191600,0.45,0.52,0.03,0.06640985,0.06567179,0.6836047,151.88
191700,0.41,0.49,0.1,0.06837582,0.0640699,2.026423,183.25
191800,0.41,0.51,0.08,0.08447528,0.08757479,1.277611,180.33
191900,0.45,0.49,0.06,0.06980638,0.07252209,1.309211,153.8
192000,0.45,0.48,0.07,0.09983543,0.1033568,1.503013,179.33
192100,0.43,0.55,0.02,0.08133923,0.07535212,0.671204,132.19
192200,0.39,0.53,0.08,0.0686651,0.06898828,1.662016,189.6
192300,0.42,0.53,0.05,0.07703557,0.07400795,1.248412,161.27
192400,0.44,0.52,0.04,0.07109381,0.07069567,1.18301,148.98
192500,0.45,0.47,0.08,0.08241583,0.1011846,1.425414,199.59
192600,0.46,0.52,0.02,0.07188918,0.07071047,0.6144038,103.87
192700,0.42,0.55,0.03,0.0667818,0.07097393,0.812607,143.84
192800,0.47,0.47,0.06,0.07318396,0.06631399,1.275613,178.98
192900,0.42,0.56,0.02,0.08235668,0.08365513,0.6670041,135.91
193000,0.37,0.6,0.03,0.08504524,0.09169725,0.7894071,120.72
193100,0.4,0.55,0.05,0.07029511,0.07156029,1.338211,162.4
193200,0.49,0.44,0.07,0.07519636,0.08057768,1.528016,145.46
193300,0.53,0.38,0.09,0.09167023,0.09189166,2.009821,194.78
193400,0.48,0.46,0.06,0.06980417,0.0679939,1.313413,160.44
193500,0.5,0.47,0.03,0.0753231,0.07636642,0.8592069,137.51
193600,0.46,0.51,0.03,0.07341022,0.07437231,0.8252057,130.89
193700,0.38,0.53,0.09,0.07553123,0.07364756,1.501616,184.29
193800,0.41,0.53,0.06,0.08325996,0.09241559,0.9442093,170.81
193900,0.43,0.49,0.08,0.06764685,0.07235189,1.280613,177.64
194000,0.37,0.57,0.06,0.07744896,0.0765951,1.192611,159.88
194100,0.43,0.51,0.06,0.08294496,0.08767428,1.033809,165.06
194200,0.44,0.49,0.07,0.08312546,0.0897945,1.372812,169.19
194300,0.45,0.51,0.04,0.08361833,0.08079262,1.049208,135.86
194400,0.34,0.57,0.09,0.07779887,0.08249468,1.405615,185.66
194500,0.43,0.44,0.13,0.07292774,0.07939101,2.313024,233.63
194600,0.4,0.58,0.02,0.09545112,0.08968468,0.6812047,126.78
194700,0.51,0.46,0.03,0.09554736,0.1016468,0.6630043,125.55
194800,0.34,0.61,0.05,0.08285249,0.07713679,1.086409,142.85
194900,0.48,0.5,0.02,0.1005026,0.10205,0.6448048,104.01
195000,0.45,0.51,0.04,0.09224746,0.0845748,0.6146043,132.57
195100,0.57,0.38,0.05,0.07047377,0.07181456,1.200011,132.23
195200,0.41,0.51,0.08,0.0818426,0.08697139,1.660616,181.22
195300,0.46,0.5,0.04,0.07534311,0.07770924,0.7654068,137.78
195400,0.46,0.48,0.06,0.1041593,0.1130441,1.272812,171.21
195500,0.5,0.43,0.07,0.08381023,0.09085931,1.426215,177.48
195600,0.45,0.5,0.05,0.06984876,0.06920978,0.9988096,147.17
195700,0.43,0.54,0.03,0.06749289,0.07635439,0.7108045,158.3
195800,0.44,0.47,0.09,0.07229644,0.06810001,1.456814,187.21
195900,0.47,0.5,0.03,0.08307388,0.08534864,0.9972073,125.34
196000,0.38,0.57,0.05,0.06738345,0.06121343,1.145012,181.7
196100,0.55,0.4,0.05,0.06646144,0.06238183,1.317409,173.5
196200,0.49,0.49,0.02,0.07289201,0.07013309,0.5444043,111.13
196300,0.49,0.46,0.05,0.07329419,0.06779271,1.127009,149.35
196400,0.45,0.51,0.04,0.08683446,0.1053326,0.9732103,141.29
196500,0.53,0.44,0.03,0.0997557,0.1074404,0.6018022,142.64
196600,0.42,0.5,0.08,0.1211789,0.1195157,1.325613,177.23
196700,0.42,0.48,0.1,0.07686768,0.08187679,1.90042,191.1
196800,0.39,0.57,0.04,0.08778716,0.09544429,1.10181,155.61
196900,0.41,0.53,0.06,0.06401768,0.05946077,1.259412,179.36
197000,0.4,0.56,0.04,0.07815738,0.07216921,0.8540074,141.17
197100,0.44,0.49,0.07,0.07314657,0.07271159,1.25781,167.87
197200,0.54,0.42,0.04,0.09130637,0.1017422,1.038006,155.69
197300,0.37,0.57,0.06,0.07957897,0.07447639,1.028209,162.21
197400,0.36,0.56,0.08,0.07898214,0.07220445,1.290812,162.03
197500,0.45,0.51,0.04,0.08110094,0.08960851,0.6706042,135.23
197600,0.41,0.5,0.09,0.06731962,0.07153144,1.514016,201.9
197700,0.54,0.43,0.03,0.07778829,0.09691945,1.135607,138.6
197800,0.42,0.5,0.08,0.08444972,0.08484719,1.309412,180.61
197900,0.42,0.53,0.05,0.08592465,0.08560573,0.8946043,161.91
198000,0.5,0.45,0.05,0.1002889,0.1026941,1.445413,143.17
198100,0.46,0.46,0.08,0.06775106,0.06494042,1.551617,172.58
198200,0.43,0.53,0.04,0.07821506,0.09394237,0.9132066,128.29
198300,0.38,0.57,0.05,0.09531473,0.08430626,0.9638098,137.52
198400,0.39,0.55,0.06,0.08864903,0.09204852,0.9310098,157.97
198500,0.57,0.39,0.04,0.09855832,0.1076664,0.7770063,147.15
198600,0.44,0.52,0.04,0.08119603,0.09394677,1.06261,129.3
198700,0.39,0.52,0.09,0.08090243,0.07176254,1.393814,191.46
198800,0.43,0.52,0.05,0.1017671,0.0979556,0.7900064,150.05
198900,0.38,0.57,0.05,0.07038713,0.06533292,1.382213,158.94
199000,0.49,0.47,0.04,0.07597066,0.07089626,0.8732072,160.85
199100,0.45,0.48,0.07,0.08253076,0.08712322,1.105611,163.83
199200,0.35,0.56,0.09,0.06965339,0.06520768,1.739818,192.43
199300,0.44,0.45,0.11,0.07295829,0.06866849,2.250223,197.66
199400,0.45,0.5,0.05,0.07812241,0.08444302,1.168811,146.36
199500,0.41,0.54,0.05,0.06572872,0.06801713,0.9552094,153.37
199600,0.38,0.56,0.06,0.08518089,0.09249442,0.9390087,143.35
199700,0.38,0.56,0.06,0.0789929,0.07647777,0.9748091,154.8
199800,0.51,0.42,0.07,0.07235046,0.0746831,1.782416,167.72
199900,0.4,0.48,0.12,0.07330855,0.07686668,2.070023,202.58
200000,0.4,0.52,0.08,0.08404523,0.08213475,1.543217,178.91
200100,0.43,0.5,0.07,0.07069224,0.07497284,1.18441,160.03
200200,0.46,0.51,0.03,0.08563203,0.08780918,0.547005,129.28
200300,0.4,0.52,0.08,0.08295812,0.07554451,1.309013,176.69
200400,0.34,0.6,0.06,0.08038613,0.07258128,0.9448096,152.03
200500,0.49,0.44,0.07,0.08061487,0.07296368,0.9506086,167.19
200600,0.4,0.51,0.09,0.07339309,0.07385468,1.684818,200.53
200700,0.45,0.47,0.08,0.08645552,0.08640298,1.441214,180.44
200800,0.41,0.51,0.08,0.08106932,0.08436953,1.379614,179.99
200900,0.45,0.49,0.06,0.06937443,0.08233881,0.9484078,161.82
201000,0.36,0.58,0.06,0.07310501,0.07238466,0.9178088,157.01
201100,0.43,0.45,0.12,0.07218466,0.07029727,1.650218,199.62
201200,0.43,0.52,0.05,0.07942273,0.06992052,0.9522086,158.21
201300,0.45,0.52,0.03,0.08418635,0.09518259,0.7038045,132.88
201400,0.41,0.51,0.08,0.09060357,0.09558585,1.237414,176.09
201500,0.37,0.54,0.09,0.1066238,0.1242197,1.549817,160.41
201600,0.39,0.56,0.05,0.09299427,0.09749971,1.030608,150.14
201700,0.45,0.49,0.06,0.07459515,0.07505056,1.405613,145.76
201800,0.45,0.5,0.05,0.06566198,0.06343942,1.149412,166.84
201900,0.45,0.47,0.08,0.07948281,0.08043052,1.564815,183.21
202000,0.46,0.47,0.07,0.06492259,0.06093951,1.125008,186.5
202100,0.38,0.55,0.07,0.07889955,0.07199132,1.353213,184.15
202200,0.44,0.47,0.09,0.08855107,0.08648228,1.951021,192.22
202300,0.37,0.56,0.07,0.09418601,0.1118911,1.331811,197.92
202400,0.47,0.5,0.03,0.07737698,0.08347982,0.8360059,131.75
202500,0.45,0.53,0.02,0.07181165,0.07877553,0.6688048,121.02
202600,0.47,0.46,0.07,0.07753176,0.08423301,1.405215,166.92
202700,0.47,0.44,0.09,0.08026724,0.0949786,1.761618,185.99
202800,0.42,0.53,0.05,0.06632645,0.06148684,1.05981,161.64
202900,0.57,0.37,0.06,0.06875875,0.07346227,1.007009,164.54
203000,0.44,0.52,0.04,0.09894024,0.1182985,0.9708066,143.94
203100,0.36,0.6,0.04,0.08538331,0.07107049,1.060209,145.07
203200,0.43,0.55,0.02,0.08162646,0.1120609,0.4956021,130.49
203300,0.57,0.4,0.03,0.06889388,0.07170667,0.4313996,131.04
203400,0.41,0.54,0.05,0.08141951,0.07656274,0.9756086,150.67
203500,0.46,0.5,0.04,0.1007418,0.09531054,0.7690067,130.96
203600,0.46,0.52,0.02,0.08651346,0.07856685,0.7478043,114.15
203700,0.46,0.47,0.07,0.08233853,0.09566066,1.355413,164.58
203800,0.46,0.5,0.04,0.07493139,0.08260176,1.086007,149.36
203900,0.47,0.49,0.04,0.09502435,0.08638885,1.152809,135.04
204000,0.51,0.45,0.04,0.06230909,0.05720244,0.8662064,135.98
204100,0.47,0.48,0.05,0.07850546,0.0890606,1.170411,153.81
204200,0.53,0.45,0.02,0.06570508,0.06979488,0.7200021,119.18
204300,0.45,0.54,0.01,0.06252266,0.06010616,0.4988025,138.25
204400,0.43,0.52,0.05,0.07783701,0.08353376,1.147811,149.11
204500,0.41,0.54,0.05,0.09277003,0.09208424,0.9550089,147.63
204600,0.44,0.5,0.06,0.07219493,0.07625487,1.255411,158.09
204700,0.37,0.59,0.04,0.07861121,0.07040292,0.7410069,142.6
204800,0.45,0.52,0.03,0.09518576,0.09497907,0.6418021,142.36
204900,0.39,0.48,0.13,0.06488699,0.0634619,1.718218,231.41
205000,0.37,0.52,0.11,0.07799146,0.08602731,1.966022,193.99
205100,0.48,0.46,0.06,0.068689,0.07237268,1.121409,147.74
205200,0.44,0.5,0.06,0.08219413,0.09855521,1.353414,156.41
205300,0.37,0.58,0.05,0.08496249,0.0836391,1.168411,167.78
205400,0.42,0.5,0.08,0.09337206,0.09869714,1.453014,192.31
205500,0.38,0.57,0.05,0.07610581,0.07306963,0.6858047,162.12
205600,0.46,0.46,0.08,0.08085315,0.07838549,1.154411,175.53
205700,0.46,0.49,0.05,0.1068369,0.1110477,1.249611,141.35
205800,0.34,0.61,0.05,0.07017507,0.07138425,1.162011,149.19
205900,0.47,0.47,0.06,0.07315968,0.06773963,0.9574088,164.96
206000,0.49,0.47,0.04,0.08005732,0.08097148,1.08561,135.02
206100,0.32,0.61,0.07,0.07260703,0.07071172,1.130411,172.64
206200,0.33,0.61,0.06,0.07495584,0.07829569,0.7422066,154.31
206300,0.42,0.55,0.03,0.07381542,0.07526286,0.6784046,135.39
206400,0.42,0.51,0.07,0.08531081,0.08659761,0.7974052,158.49
206500,0.42,0.52,0.06,0.06812456,0.06791271,1.231412,170.4
206600,0.42,0.52,0.06,0.06424065,0.06065135,1.366414,165.21
206700,0.34,0.6,0.06,0.08450959,0.08725636,1.061211,165.58
206800,0.43,0.51,0.06,0.08629181,0.09162738,1.345412,156.17
206900,0.42,0.49,0.09,0.07102229,0.07036583,1.286211,188.33
207000,0.43,0.52,0.05,0.06930058,0.0719382,1.011008,157.87
207100,0.39,0.53,0.08,0.06242739,0.05798896,1.588617,170.3
207200,0.44,0.53,0.03,0.0756152,0.07553358,0.7502059,138.28
207300,0.49,0.46,0.05,0.0679522,0.06571155,1.017009,149.2
207400,0.38,0.57,0.05,0.07784996,0.07095239,0.8192073,135.83
207500,0.38,0.58,0.04,0.0907102,0.0938717,0.9296063,139.31
207600,0.39,0.56,0.05,0.09005061,0.07911725,0.7900066,138.23
207700,0.34,0.58,0.08,0.08490643,0.1006443,1.08341,169.82
207800,0.35,0.56,0.09,0.07892422,0.07458766,1.216213,185.53
207900,0.41,0.52,0.07,0.07269547,0.06888551,0.9054067,164.94
208000,0.48,0.48,0.04,0.08551481,0.09359342,1.114809,142.64
208100,0.43,0.5,0.07,0.09683321,0.1049083,1.471414,153.62
208200,0.44,0.52,0.04,0.0747824,0.07272895,1.16141,164.06
208300,0.47,0.44,0.09,0.07306197,0.0687385,1.392814,177.45
208400,0.43,0.53,0.04,0.07775942,0.07542852,0.9810097,148.94
208500,0.45,0.52,0.03,0.07271481,0.07028145,0.3812025,150.51
208600,0.42,0.48,0.1,0.07312866,0.06894367,1.86662,186.68
208700,0.46,0.51,0.03,0.09616541,0.09733727,0.7816052,128.86
208800,0.34,0.6,0.06,0.08608752,0.1010405,1.179611,158.02
208900,0.42,0.53,0.05,0.08143997,0.07919142,0.935609,140.95
209000,0.42,0.54,0.04,0.1073462,0.1092854,1.008209,143.53
209100,0.42,0.53,0.05,0.08764587,0.09375832,1.009808,136.7
209200,0.46,0.52,0.02,0.1033253,0.1122239,0.5424044,119.97
209300,0.39,0.52,0.09,0.0805613,0.07885731,1.641416,189.43
209400,0.43,0.5,0.07,0.08441724,0.08368722,1.477815,159.21
209500,0.51,0.43,0.06,0.07381307,0.07041632,1.530613,155.07
209600,0.45,0.49,0.06,0.09450433,0.1007258,0.9470078,144.95
209700,0.47,0.48,0.05,0.1180712,0.1283094,1.03881,141.66
209800,0.45,0.48,0.07,0.07952425,0.07908102,1.678216,176.28
209900,0.4,0.51,0.09,0.0758609,0.07660475,1.328013,196.58
210000,0.41,0.54,0.05,0.0760092,0.08903065,0.9984083,159.36
210100,0.33,0.64,0.03,0.09397901,0.1052625,0.6720051,118.33
210200,0.36,0.56,0.08,0.08017015,0.0805221,1.483017,158.83
210300,0.4,0.5,0.1,0.09034017,0.09580987,1.525414,181.66
210400,0.33,0.62,0.05,0.08968268,0.08716967,0.9444092,132.44
210500,0.47,0.48,0.05,0.1017077,0.1091359,1.175811,164.86
210600,0.41,0.52,0.07,0.06556711,0.06828858,1.552016,168.26
210700,0.46,0.47,0.07,0.07992094,0.08064719,1.611215,169.05
210800,0.39,0.53,0.08,0.08446199,0.09229953,1.056211,175
210900,0.42,0.51,0.07,0.07438309,0.07730936,1.470416,168.48
211000,0.41,0.51,0.08,0.07443111,0.07130471,1.792017,176.88
211100,0.38,0.55,0.07,0.07349137,0.0730259,0.9526085,155.63
211200,0.41,0.45,0.14,0.06748418,0.06767839,2.464828,216.65
211300,0.38,0.58,0.04,0.07628807,0.06943414,0.9648089,136.56
211400,0.37,0.61,0.02,0.07930501,0.07108081,0.2797998,120.79
211500,0.4,0.58,0.02,0.07632335,0.0841241,0.4336019,125.68
211600,0.42,0.51,0.07,0.07940709,0.07468211,1.443614,159.21
211700,0.39,0.53,0.08,0.07781967,0.07870848,1.413814,185.91
211800,0.49,0.47,0.04,0.08290969,0.07861903,0.9118067,128.73
211900,0.46,0.47,0.07,0.06558591,0.06716678,0.9498087,167.85
212000,0.45,0.5,0.05,0.07815094,0.07774187,1.009409,161.45
212100,0.51,0.44,0.05,0.08325634,0.08145716,1.115409,153.87
212200,0.48,0.47,0.05,0.08235124,0.08113905,0.8668074,141.65
212300,0.48,0.46,0.06,0.08515991,0.08460501,1.360212,164.05
212400,0.44,0.5,0.06,0.07522409,0.0720517,1.316014,150.27
212500,0.32,0.62,0.06,0.07772777,0.08085477,1.011012,139.85
212600,0.41,0.49,0.1,0.06847392,0.06461006,1.353812,192.97
212700,0.41,0.5,0.09,0.07423754,0.09072271,1.258411,194.71
212800,0.4,0.53,0.07,0.06969073,0.07054793,1.226011,164.98
212900,0.39,0.54,0.07,0.0824964,0.09989244,1.273611,164.47
213000,0.43,0.55,0.02,0.0688654,0.07715017,0.4684021,123.16
213100,0.39,0.53,0.08,0.07847232,0.07317065,1.669016,182.57
213200,0.39,0.57,0.04,0.09815359,0.09595322,0.934209,136.5
213300,0.39,0.56,0.05,0.08782313,0.09023359,1.02921,125.67
213400,0.3,0.64,0.06,0.0937393,0.1004931,0.8338084,140.03
213500,0.38,0.55,0.07,0.09824997,0.09375888,1.358013,159.39
213600,0.37,0.58,0.05,0.085715,0.09121851,0.7902067,148.05
213700,0.32,0.64,0.04,0.07731532,0.07442977,0.6276051,154.33
213800,0.4,0.55,0.05,0.08614585,0.1145422,1.043209,151.96
213900,0.43,0.49,0.08,0.07935311,0.079437,1.554216,167.74
214000,0.41,0.57,0.02,0.08154288,0.07516795,0.5612046,118.59
214100,0.41,0.53,0.06,0.08594713,0.09188982,0.9466095,137
214200,0.45,0.46,0.09,0.08716156,0.09121341,2.00382,184.51
214300,0.41,0.55,0.04,0.08480784,0.09041599,0.9548063,136.67
214400,0.45,0.48,0.07,0.08797111,0.09576641,1.111611,159.36
214500,0.42,0.51,0.07,0.06701446,0.06444159,1.516216,162.36
214600,0.38,0.54,0.08,0.07272372,0.07775934,1.689618,179.61
214700,0.38,0.59,0.03,0.08720937,0.08659352,0.7306045,134.99
214800,0.44,0.46,0.1,0.08271887,0.08800224,2.233624,186.04
214900,0.4,0.56,0.04,0.07228881,0.07014224,0.7576063,134.85
215000,0.43,0.44,0.13,0.0860941,0.09090637,1.780018,219.77
215100,0.35,0.57,0.08,0.07054213,0.07669082,1.148811,175.87
215200,0.4,0.56,0.04,0.07274577,0.07475556,0.7232058,139.03
215300,0.45,0.42,0.13,0.0923478,0.0935871,1.868021,221.43
215400,0.43,0.48,0.09,0.07683071,0.08766024,1.613816,199.86
215500,0.37,0.54,0.09,0.07420849,0.07181153,1.440016,178.91
215600,0.38,0.55,0.07,0.07367387,0.07995141,1.398015,167.85
215700,0.36,0.57,0.07,0.06692119,0.06413577,1.008809,157.08
215800,0.41,0.54,0.05,0.08241724,0.07086909,0.964408,156.4
215900,0.45,0.48,0.07,0.06745884,0.06658956,1.302414,175.71
216000,0.47,0.48,0.05,0.0851263,0.08349276,1.226812,165.09
216100,0.46,0.5,0.04,0.07925198,0.07805464,0.9886088,127.79
216200,0.4,0.54,0.06,0.07657658,0.07178085,1.385614,166.55
216300,0.43,0.53,0.04,0.08382895,0.0862021,0.5666035,143.52
216400,0.44,0.5,0.06,0.07960729,0.08864378,1.053008,153.34
216500,0.42,0.5,0.08,0.06627363,0.06721272,1.553015,179.73
216600,0.41,0.54,0.05,0.07210241,0.07126053,1.239812,146.69
216700,0.48,0.47,0.05,0.07015841,0.06940828,1.176009,168.07
216800,0.46,0.5,0.04,0.06271452,0.06758653,0.8474062,141.02
216900,0.44,0.52,0.04,0.07634154,0.07359613,0.4872024,139.88
217000,0.42,0.5,0.08,0.06486364,0.06030244,1.461014,170.37
217100,0.48,0.48,0.04,0.08363141,0.08021969,0.7666073,118
217200,0.49,0.43,0.08,0.07310437,0.07644293,1.592616,177.55
217300,0.39,0.55,0.06,0.07652376,0.08584957,1.411014,140.58
217400,0.45,0.51,0.04,0.07512861,0.07271626,0.9838091,116.03
217500,0.41,0.55,0.04,0.06679676,0.06691659,0.9980081,150.44
217600,0.5,0.47,0.03,0.1008655,0.1079108,0.7252042,136.89
217700,0.45,0.46,0.09,0.06531897,0.0642847,1.85402,205.83
217800,0.4,0.55,0.05,0.07078788,0.07216293,0.9600095,139
217900,0.43,0.55,0.02,0.07371423,0.07177755,0.4430023,108.61
218000,0.41,0.5,0.09,0.05812777,0.06173629,2.010821,200.83
218100,0.42,0.52,0.06,0.07464849,0.07218517,1.086209,158.54
218200,0.39,0.53,0.08,0.07096679,0.06832485,1.286413,172.83
218300,0.43,0.51,0.06,0.08152658,0.09111759,1.004609,151.33
218400,0.45,0.48,0.07,0.0837743,0.09315208,1.183412,151.49
218500,0.43,0.48,0.09,0.08931065,0.09128622,1.502816,179.49
218600,0.4,0.54,0.06,0.09450479,0.1046953,1.365213,144.15
218700,0.38,0.56,0.06,0.08219344,0.08758987,1.033209,155.48
218800,0.38,0.54,0.08,0.06936704,0.07639047,1.571017,161.83
218900,0.47,0.5,0.03,0.07995261,0.08173872,0.6270044,114.8
219000,0.49,0.44,0.07,0.08006153,0.07814844,1.090412,159.44
219100,0.36,0.57,0.07,0.08711808,0.08134014,1.149811,166.25
219200,0.49,0.45,0.06,0.08165775,0.09429843,1.476813,166.27
219300,0.37,0.58,0.05,0.060898,0.06248854,0.7948066,160.02
219400,0.51,0.45,0.04,0.08503088,0.08326484,0.6078033,150.33
219500,0.39,0.57,0.04,0.08163189,0.08028915,0.7590062,142.68
219600,0.51,0.42,0.07,0.07041594,0.0700452,1.344813,167.14
219700,0.51,0.48,0.01,0.08653966,0.09991243,0.5458018,114.85
219800,0.48,0.49,0.03,0.07360443,0.0672105,0.6374042,126.79
219900,0.4,0.55,0.05,0.06848732,0.07094506,0.7886066,142.47
220000,0.45,0.46,0.09,0.09473672,0.1064444,1.428814,179.59
220100,0.45,0.49,0.06,0.07807602,0.08327147,1.473813,169.62
220200,0.42,0.54,0.04,0.07244112,0.07624294,0.7568044,143.33
220300,0.41,0.51,0.08,0.06291746,0.06391351,1.651816,180.17
220400,0.42,0.53,0.05,0.09679285,0.1000455,0.9552087,159.28
220500,0.44,0.48,0.08,0.08665208,0.08837274,1.695818,163.89
220600,0.5,0.45,0.05,0.07402061,0.08782762,1.09501,158.72
220700,0.49,0.47,0.04,0.08089046,0.08594056,0.6828043,133.32
220800,0.39,0.53,0.08,0.0811333,0.09114069,0.7354066,162.76
220900,0.38,0.51,0.11,0.07130237,0.06311534,1.763219,222.92
221000,0.32,0.59,0.09,0.06887023,0.06761466,1.81542,176.94
221100,0.38,0.52,0.1,0.08028627,0.08961225,1.842221,197.4
221200,0.39,0.55,0.06,0.07926146,0.08111725,0.7670066,171.72
221300,0.41,0.56,0.03,0.06846526,0.06653717,0.8882068,129.47
221400,0.42,0.53,0.05,0.07147267,0.06826972,0.7346061,135.67
221500,0.42,0.47,0.11,0.07713293,0.07043029,1.317214,199.7
221600,0.47,0.47,0.06,0.07093803,0.07209995,0.8912061,162.56
221700,0.41,0.47,0.12,0.06840246,0.06811396,2.446026,219.34
221800,0.32,0.64,0.04,0.07265633,0.07083229,0.8662068,154.51
221900,0.36,0.6,0.04,0.08844833,0.09318164,0.798806,144.95
222000,0.39,0.53,0.08,0.08244634,0.08453768,1.464614,177.67
222100,0.49,0.49,0.02,0.0709952,0.0732597,0.8096046,149.89
222200,0.45,0.53,0.02,0.07222272,0.07221904,0.6392019,126.7
222300,0.47,0.46,0.07,0.07766823,0.08072478,1.308612,173.58
222400,0.41,0.51,0.08,0.08430505,0.08962829,1.218612,170.33
222500,0.48,0.5,0.02,0.06264091,0.0654295,0.556402,131.16
222600,0.49,0.46,0.05,0.07200802,0.07073904,1.177411,151.03
222700,0.37,0.57,0.06,0.0682945,0.06688433,1.197412,168.44
222800,0.45,0.52,0.03,0.08587121,0.08344349,0.8246059,152.38
222900,0.47,0.5,0.03,0.08178809,0.08196206,0.8078067,144.63
223000,0.44,0.53,0.03,0.08671638,0.0875963,0.6700041,145.55
223100,0.37,0.6,0.03,0.07312167,0.07008643,0.7908069,130.01
223200,0.4,0.51,0.09,0.06740858,0.06383118,1.489016,189.87
223300,0.42,0.55,0.03,0.08328379,0.09571953,0.8240066,129.75
223400,0.47,0.51,0.02,0.07997052,0.07611097,0.5888047,103.76
223500,0.42,0.54,0.04,0.06549734,0.06458234,0.6696041,149.36
223600,0.43,0.53,0.04,0.07596187,0.07317548,1.211609,155.93
223700,0.49,0.48,0.03,0.08235658,0.08662008,0.6684041,134.03
223800,0.43,0.5,0.07,0.06884393,0.06354072,0.9184067,185.77
223900,0.47,0.47,0.06,0.07402413,0.07947735,1.266812,171.11
224000,0.39,0.56,0.05,0.08858886,0.09752065,0.3958025,144.64
224100,0.43,0.54,0.03,0.07228317,0.069257,0.7208035,155.74
224200,0.47,0.49,0.04,0.09806407,0.099518,0.8044058,140.29
224300,0.47,0.42,0.11,0.07458415,0.07809296,1.99342,222.5
224400,0.44,0.48,0.08,0.08714809,0.1053047,0.9732097,175.71
224500,0.42,0.53,0.05,0.06575917,0.06933548,0.9782089,144.84
224600,0.41,0.55,0.04,0.07269765,0.07616191,0.4832023,143.51
224700,0.48,0.45,0.07,0.09372297,0.09413993,1.413013,167.06
224800,0.45,0.5,0.05,0.07727661,0.07864199,1.313811,161.63
224900,0.51,0.47,0.02,0.07391477,0.07236255,0.6646023,126.65
225000,0.35,0.6,0.05,0.06800879,0.07091193,1.108611,155.41
225100,0.36,0.59,0.05,0.08609468,0.08117005,1.065409,161.01
225200,0.39,0.57,0.04,0.06346916,0.06021818,0.7006061,156.54
225300,0.43,0.54,0.03,0.06650349,0.06543319,0.4462016,133.15
225400,0.42,0.55,0.03,0.07616156,0.07325152,0.622604,130.78
225500,0.48,0.46,0.06,0.07774612,0.07594436,0.9658069,176.04
225600,0.36,0.55,0.09,0.08397011,0.08660826,1.536617,180.49
225700,0.45,0.53,0.02,0.08766977,0.1260944,0.5250024,117.55
225800,0.51,0.44,0.05,0.08043861,0.08392968,0.9134067,132.81
225900,0.49,0.44,0.07,0.06577732,0.06927822,1.214611,177.58
226000,0.46,0.52,0.02,0.0720354,0.07256009,0.5630025,137.32
226100,0.4,0.59,0.01,0.06952993,0.07077226,0.2905998,108.44
226200,0.46,0.52,0.02,0.08479776,0.09896647,0.3914021,126.73
226300,0.39,0.56,0.05,0.08555315,0.09772087,1.270012,164.55
226400,0.44,0.49,0.07,0.07621333,0.08343443,1.359813,188.66
226500,0.49,0.45,0.06,0.0714207,0.06236257,1.388213,166.15
226600,0.38,0.55,0.07,0.07591958,0.07097524,0.9612094,179.22
226700,0.43,0.55,0.02,0.07099616,0.0696423,0.6348044,126.28
226800,0.4,0.57,0.03,0.06992178,0.06488244,0.5956026,132.59
226900,0.48,0.48,0.04,0.0723362,0.07717975,0.5924041,146.68
227000,0.49,0.48,0.03,0.07248971,0.06951142,0.6936036,134.11
227100,0.49,0.47,0.04,0.06322729,0.0609208,0.7038042,140.28
227200,0.42,0.53,0.05,0.06677908,0.06278551,0.933207,168.35
227300,0.38,0.58,0.04,0.07151013,0.06902445,0.9348093,137.44
227400,0.45,0.49,0.06,0.07474066,0.07055829,0.9914082,154.48
227500,0.36,0.6,0.04,0.07792697,0.08611263,0.9124091,165.03
227600,0.4,0.53,0.07,0.07363179,0.06497622,1.603817,177.65
227700,0.38,0.56,0.06,0.07047881,0.08130216,1.342012,158.13
227800,0.49,0.47,0.04,0.07224393,0.0706936,0.95681,129.44
227900,0.42,0.51,0.07,0.07288375,0.06998733,1.04741,159.24
228000,0.47,0.48,0.05,0.08135314,0.08244234,1.044408,161.85
228100,0.51,0.42,0.07,0.08077215,0.08197169,1.457013,166.61
228200,0.43,0.56,0.01,0.08083983,0.08352368,0.1933999,128.88
228300,0.43,0.53,0.04,0.086335,0.09333023,0.8300065,143.76
228400,0.43,0.54,0.03,0.08217318,0.08439925,0.6676039,120.37
228500,0.49,0.5,0.01,0.08595898,0.0895536,0.4094017,112.2
228600,0.39,0.6,0.01,0.08593312,0.08238016,0.4866023,132.46
228700,0.49,0.49,0.02,0.08106289,0.09291507,0.8500041,143.72
228800,0.41,0.53,0.06,0.08057199,0.08631492,0.9360086,178.21
228900,0.45,0.54,0.01,0.07610237,0.07536473,0.1889999,105.74
229000,0.46,0.47,0.07,0.08271534,0.07708441,1.222412,167.4
229100,0.45,0.53,0.02,0.06665594,0.06640186,0.4194019,135.25
229200,0.34,0.58,0.08,0.08649704,0.09717122,1.057212,160.55
229300,0.41,0.54,0.05,0.06556198,0.06466641,0.9616094,158.63
229400,0.39,0.56,0.05,0.1080888,0.1157342,1.165612,151.43
229500,0.4,0.54,0.06,0.07642776,0.06735535,1.481014,180.31
229600,0.44,0.51,0.05,0.07823799,0.09682543,1.047009,150.02
229700,0.41,0.55,0.04,0.0705511,0.08333425,0.8844066,151.66
229800,0.43,0.53,0.04,0.09318981,0.09336743,0.8698085,124.31
229900,0.4,0.52,0.08,0.1128998,0.1359949,1.383013,189.41
230000,0.46,0.51,0.03,0.0794398,0.09047923,0.6748042,141.53
230100,0.44,0.5,0.06,0.06463899,0.06270251,1.252012,159.29
230200,0.41,0.5,0.09,0.07818665,0.0804773,1.530216,186.03
230300,0.45,0.52,0.03,0.06910807,0.06611806,0.2913998,140.73
230400,0.44,0.52,0.04,0.07845817,0.07124387,0.8982068,146.64
230500,0.37,0.59,0.04,0.07175278,0.07232824,0.9512086,145.8
230600,0.46,0.49,0.05,0.07181325,0.0714976,0.8990098,132.92
230700,0.42,0.53,0.05,0.09153764,0.1083718,0.8968086,143.96
230800,0.39,0.56,0.05,0.0789054,0.0919646,0.9090089,147.42
230900,0.46,0.5,0.04,0.08320918,0.08521754,0.8740074,132.36
231000,0.47,0.47,0.06,0.07330623,0.06925239,1.15741,169.59
231100,0.38,0.55,0.07,0.09231151,0.08975929,1.517216,156.01
231200,0.32,0.57,0.11,0.09209327,0.08712456,1.371814,206.71
231300,0.43,0.52,0.05,0.06231549,0.06237413,1.130609,174.87
231400,0.44,0.49,0.07,0.0698934,0.06799629,1.275613,181.53
231500,0.41,0.53,0.06,0.08010082,0.07846157,1.365013,183.35
231600,0.4,0.59,0.01,0.06844418,0.0857721,0.4848019,126.5
231700,0.41,0.56,0.03,0.07012413,0.07105585,0.9116045,145.29
231800,0.35,0.62,0.03,0.08676683,0.09489015,0.7312042,138.2
231900,0.37,0.61,0.02,0.07280936,0.08015878,0.5666043,113.33
232000,0.43,0.53,0.04,0.06841466,0.07018682,0.9058066,148.08
232100,0.49,0.45,0.06,0.08487239,0.07802868,1.066409,172.85
232200,0.51,0.43,0.06,0.09095618,0.09530888,1.410013,159.67
232300,0.42,0.53,0.05,0.08339939,0.08903906,0.8464067,152.27
232400,0.47,0.48,0.05,0.08644646,0.09761143,1.172809,147.88
232500,0.45,0.53,0.02,0.06599636,0.07639369,0.539202,136.38
232600,0.46,0.51,0.03,0.064844,0.06596909,0.5218019,144.47
232700,0.44,0.53,0.03,0.08377822,0.08807562,0.8618063,136.98
232800,0.5,0.48,0.02,0.08029576,0.08099651,0.7036048,116.4
232900,0.41,0.56,0.03,0.09892876,0.09632629,0.7688072,132.85
233000,0.39,0.57,0.04,0.07217,0.07539441,0.8646061,167.64
233100,0.4,0.55,0.05,0.08063696,0.1019998,1.069808,154.21
233200,0.51,0.47,0.02,0.07814601,0.08971692,0.4749996,114.85
233300,0.38,0.6,0.02,0.08579434,0.1146506,0.778804,132.39
233400,0.47,0.48,0.05,0.07396463,0.07881182,1.17141,156.46
233500,0.42,0.52,0.06,0.06615704,0.06459591,1.059809,179.56
233600,0.45,0.53,0.02,0.08224639,0.08893242,0.6314041,130.17
233700,0.44,0.55,0.01,0.07688316,0.07285085,0.351002,103.11
233800,0.49,0.48,0.03,0.08100459,0.08449837,0.4466014,114.94
233900,0.49,0.48,0.03,0.09023678,0.0920351,0.9138066,136.99
234000,0.46,0.5,0.04,0.08431405,0.08029356,0.8570061,143.29
234100,0.42,0.52,0.06,0.1259484,0.1295444,0.9632089,162.06
234200,0.44,0.51,0.05,0.08160493,0.0807863,1.006209,150.18
234300,0.43,0.51,0.06,0.08166705,0.08521292,1.302212,167.03
234400,0.42,0.53,0.05,0.09297796,0.08364362,0.8196071,149.02
234500,0.41,0.55,0.04,0.08833375,0.08878034,1.043609,152.12
234600,0.35,0.59,0.06,0.06768333,0.06466985,1.340612,153.53
234700,0.43,0.56,0.01,0.1110978,0.1056067,0.3630025,107.66
234800,0.48,0.47,0.05,0.08355501,0.08251037,1.189012,143.03
234900,0.38,0.61,0.01,0.0747825,0.07577419,0.5282022,125.76
235000,0.37,0.59,0.04,0.07248355,0.07319432,0.8332068,132.09
235100,0.39,0.56,0.05,0.07319153,0.08261184,1.05701,140.85
235200,0.39,0.57,0.04,0.07697951,0.07905161,0.9218094,141.26
235300,0.45,0.48,0.07,0.06868573,0.06295042,1.087609,178.38
235400,0.44,0.5,0.06,0.07114221,0.06759822,1.183011,156.29
235500,0.56,0.38,0.06,0.08733334,0.08813755,1.23921,162.63
235600,0.43,0.53,0.04,0.08823545,0.08961225,1.02601,125.46
235700,0.44,0.52,0.04,0.0738458,0.07267097,0.6870063,152.54
235800,0.42,0.57,0.01,0.08739883,0.08658948,0.4462017,118.21
235900,0.53,0.45,0.02,0.07122557,0.07455313,0.6198041,138.17
236000,0.36,0.6,0.04,0.06989535,0.06645006,0.5632041,145.61
236100,0.46,0.51,0.03,0.07017874,0.06877515,0.827407,133.78
236200,0.44,0.49,0.07,0.07239986,0.06642447,1.665215,166.34
236300,0.47,0.49,0.04,0.07868965,0.08452871,1.048609,138.26
236400,0.47,0.5,0.03,0.06738783,0.06074677,0.5846044,132.96
236500,0.42,0.57,0.01,0.07473604,0.08223514,0.644602,125.38
236600,0.37,0.59,0.04,0.09040043,0.08682201,1.05161,147.4
236700,0.48,0.47,0.05,0.06709822,0.06397098,1.117809,151.05
236800,0.41,0.54,0.05,0.08546711,0.0832203,0.7386065,173.13
236900,0.46,0.5,0.04,0.06693671,0.06518555,0.8834065,151.24
237000,0.35,0.57,0.08,0.06655157,0.0653381,1.342614,182.11
237100,0.42,0.53,0.05,0.07365324,0.07232399,0.9138083,171.55
237200,0.47,0.51,0.02,0.07382968,0.07374395,0.5750018,133.29
237300,0.36,0.57,0.07,0.08038813,0.08059137,1.271814,153.18
237400,0.45,0.47,0.08,0.09146574,0.1026641,1.309013,170.96
237500,0.46,0.5,0.04,0.06291178,0.06566489,0.8216071,140.85
237600,0.45,0.51,0.04,0.07538974,0.07931697,1.070408,145.15
237700,0.38,0.61,0.01,0.08098875,0.09173084,0.4614024,125.64
237800,0.45,0.52,0.03,0.08560006,0.08518217,0.7584077,126.13
237900,0.39,0.58,0.03,0.08477748,0.09158237,0.9614068,150.38
238000,0.47,0.46,0.07,0.07585073,0.06801246,1.236811,161.84
238100,0.41,0.55,0.04,0.08059718,0.08236817,1.162008,149.5
238200,0.42,0.53,0.05,0.06402709,0.06527901,0.8038049,162.82
238300,0.31,0.66,0.03,0.07176165,0.07117029,0.6762058,141.22
238400,0.5,0.46,0.04,0.07959865,0.08318019,0.5786042,134.07
238500,0.46,0.49,0.05,0.08035868,0.087357,1.192811,162.3
238600,0.34,0.63,0.03,0.07392716,0.06910668,0.4936021,142.32
238700,0.39,0.54,0.07,0.08602123,0.08657371,1.308414,167.01
238800,0.43,0.51,0.06,0.0930213,0.09717406,1.306411,151.74
238900,0.43,0.49,0.08,0.07065921,0.07558713,1.477614,187.33
239000,0.5,0.49,0.01,0.07705774,0.08106282,0.4108022,127.02
239100,0.44,0.51,0.05,0.09771249,0.1203999,1.203812,154.11
239200,0.47,0.51,0.02,0.06494342,0.06197714,0.4974025,137.26
239300,0.44,0.51,0.05,0.07053232,0.07241308,1.139811,160.93
239400,0.48,0.48,0.04,0.06926304,0.06713596,0.7422061,174.34
239500,0.37,0.61,0.02,0.08320303,0.08065383,0.6266044,137.03
239600,0.4,0.52,0.08,0.06681035,0.069329,1.375013,173
239700,0.45,0.53,0.02,0.06933298,0.06565736,0.5710041,138.58
239800,0.37,0.56,0.07,0.07369979,0.08906971,1.249012,179.3
239900,0.42,0.58,0,0.07409451,0.06986944,0.2663998,111.03
240000,0.39,0.55,0.06,0.06934199,0.07108706,1.05041,181.11
240100,0.48,0.45,0.07,0.08208226,0.08152464,1.290812,167.14
240200,0.35,0.58,0.07,0.07475699,0.07551305,1.14781,158.65
240300,0.43,0.51,0.06,0.09113073,0.09005225,1.056609,169.25
240400,0.51,0.44,0.05,0.0653985,0.06341056,0.8796065,139.46
240500,0.4,0.54,0.06,0.0987274,0.1134015,0.745206,169.75
240600,0.55,0.37,0.08,0.07054681,0.06635442,1.642015,188.5
240700,0.41,0.53,0.06,0.07636118,0.07358177,0.9940085,159.37
240800,0.49,0.48,0.03,0.06451286,0.06107746,0.8418076,142.51
240900,0.4,0.55,0.05,0.07302766,0.07315601,0.9414098,147.77
241000,0.4,0.55,0.05,0.1065051,0.1094129,1.119611,143.84
241100,0.48,0.48,0.04,0.0714426,0.06774317,0.930006,151.73
241200,0.36,0.58,0.06,0.0897698,0.09774252,1.130811,169.71
241300,0.52,0.44,0.04,0.0804473,0.1093331,0.6384043,146.41
241400,0.48,0.46,0.06,0.07864525,0.09067317,1.387412,146.55
241500,0.43,0.51,0.06,0.08610276,0.08681552,1.265211,161.7
241600,0.46,0.48,0.06,0.06815402,0.06330348,1.187011,163.25
241700,0.45,0.5,0.05,0.07471666,0.08235624,1.127609,155.5
241800,0.51,0.45,0.04,0.06458575,0.06515568,1.264209,155.12
241900,0.47,0.49,0.04,0.06393718,0.06475711,1.092009,145.98
242000,0.44,0.51,0.05,0.07543042,0.07160452,1.191611,146.42
242100,0.38,0.53,0.09,0.0769537,0.08263032,1.473415,194.03
242200,0.44,0.53,0.03,0.07650127,0.07449346,0.8114064,121.76
242300,0.42,0.54,0.04,0.09235117,0.1026757,0.8092072,147.45
242400,0.49,0.47,0.04,0.08490192,0.07789187,0.4842017,125.29
242500,0.39,0.55,0.06,0.079886,0.07634865,1.473413,159.5
242600,0.46,0.51,0.03,0.07738698,0.07050537,0.7472067,131.66
242700,0.41,0.55,0.04,0.08452102,0.08180279,0.6054043,135.77
242800,0.53,0.43,0.04,0.06840518,0.06722888,1.054409,143.93
242900,0.52,0.47,0.01,0.07864013,0.08552701,0.5152,121.48
243000,0.57,0.39,0.04,0.07799575,0.07983672,0.9626064,145.46
243100,0.43,0.49,0.08,0.07591406,0.08484547,1.410214,186.01
243200,0.47,0.46,0.07,0.07440434,0.08530371,1.170608,177.04
243300,0.42,0.54,0.04,0.1113276,0.1137528,0.5490043,153.88
243400,0.43,0.54,0.03,0.07709923,0.07523353,0.8058064,135.33
243500,0.37,0.6,0.03,0.06238443,0.05686195,0.5136024,155.78
243600,0.51,0.46,0.03,0.06868334,0.06582508,0.7694068,133.85
243700,0.42,0.51,0.07,0.1034962,0.1210729,1.473815,170.42
243800,0.53,0.43,0.04,0.07015272,0.06855348,0.9474069,139.14
243900,0.45,0.5,0.05,0.07082,0.08366255,0.6686044,146.91
244000,0.46,0.52,0.02,0.07481896,0.08540713,0.6870052,133.23
244100,0.42,0.57,0.01,0.07091836,0.08798518,0.5750019,104.31
244200,0.5,0.47,0.03,0.08412817,0.07765692,0.711005,124.9
244300,0.54,0.44,0.02,0.0737732,0.07426125,0.6592041,134.9
244400,0.43,0.53,0.04,0.08494902,0.08891526,0.9388084,140.81
244500,0.42,0.54,0.04,0.07338796,0.07636289,1.069808,163.63
244600,0.38,0.59,0.03,0.07947681,0.07704273,0.6308043,138.22
244700,0.49,0.46,0.05,0.09038813,0.09146722,0.8882062,142.84
244800,0.43,0.56,0.01,0.07817093,0.09407376,0.5512023,127.17
244900,0.36,0.58,0.06,0.06287237,0.06359199,1.342812,186.93
245000,0.51,0.47,0.02,0.06657988,0.06143981,0.720205,129.28
245100,0.46,0.49,0.05,0.0664251,0.07546727,1.225411,154.09
245200,0.47,0.49,0.04,0.08955271,0.09684198,0.6142046,135.48
245300,0.43,0.52,0.05,0.08650877,0.08452208,1.107609,157.57
245400,0.44,0.51,0.05,0.080622,0.09272804,1.248612,159.8
245500,0.42,0.53,0.05,0.08517204,0.07985377,1.097811,129.96
245600,0.44,0.49,0.07,0.07868771,0.08558383,1.244811,174.91
245700,0.42,0.51,0.07,0.08692543,0.09234342,0.7124069,173.87
245800,0.45,0.51,0.04,0.07734159,0.06805965,0.754606,140.78
245900,0.44,0.52,0.04,0.08691642,0.1045236,0.8882067,143.26
246000,0.35,0.6,0.05,0.1081262,0.1165485,1.00701,146.6
246100,0.51,0.46,0.03,0.06854082,0.06120577,0.651803,151.61
246200,0.43,0.54,0.03,0.08831185,0.08260642,0.7886061,152.99
246300,0.51,0.44,0.05,0.0989829,0.1103006,1.052209,140.28
246400,0.44,0.52,0.04,0.08044924,0.07665763,1.104409,130.04
246500,0.44,0.51,0.05,0.07420258,0.07261249,1.184211,136.71
246600,0.44,0.53,0.03,0.08801331,0.09239437,0.7460038,133.68
246700,0.37,0.6,0.03,0.08832345,0.08497868,0.7900055,121.35
246800,0.4,0.55,0.05,0.06396531,0.0622061,0.936408,147.34
246900,0.38,0.56,0.06,0.0675244,0.07887739,0.8158064,169.97
247000,0.41,0.53,0.06,0.07503395,0.08394666,1.109209,153.6
247100,0.47,0.51,0.02,0.07313331,0.0672935,0.6684042,130.3
247200,0.45,0.5,0.05,0.07708967,0.07747363,0.7184066,148.85
247300,0.37,0.56,0.07,0.06628341,0.06812492,1.225211,184.89
247400,0.46,0.48,0.06,0.07309905,0.0695357,1.254411,159.29
247500,0.46,0.48,0.06,0.08995385,0.09262925,1.129611,151.26
247600,0.43,0.49,0.08,0.08103888,0.07968518,0.8900083,162.78
247700,0.47,0.51,0.02,0.07810333,0.0737119,0.7118043,123.61
247800,0.45,0.52,0.03,0.06680152,0.06052484,0.9316074,142.55
247900,0.46,0.5,0.04,0.07909987,0.06751729,0.7774074,147.72
248000,0.42,0.57,0.01,0.08173025,0.08017533,0.3584024,112.57
248100,0.44,0.49,0.07,0.07437697,0.08698913,1.410812,170.66
248200,0.37,0.58,0.05,0.07941215,0.088327,0.9312096,140.84
248300,0.39,0.58,0.03,0.08113428,0.089149,0.8566067,148.98
248400,0.42,0.5,0.08,0.07130706,0.08201095,1.624016,178.87
248500,0.38,0.53,0.09,0.08804906,0.09899589,1.499417,174.97
248600,0.34,0.62,0.04,0.0799209,0.08206382,0.6382045,142.16
248700,0.37,0.53,0.1,0.06305168,0.05828766,1.944021,193.78
248800,0.44,0.51,0.05,0.08627009,0.1027091,1.086609,162.63
248900,0.39,0.54,0.07,0.06946569,0.07580583,1.360014,180.22
249000,0.42,0.54,0.04,0.08797356,0.08303026,0.5420048,137.24
249100,0.42,0.53,0.05,0.07913097,0.08123606,0.7354063,130.56
249200,0.47,0.48,0.05,0.06894071,0.06342718,1.216012,150.99
249300,0.47,0.43,0.1,0.07474028,0.07317184,1.535415,211.54
249400,0.46,0.48,0.06,0.06114335,0.06205826,1.415214,164.95
249500,0.42,0.55,0.03,0.09320403,0.0997135,0.6436046,126.7
249600,0.4,0.56,0.04,0.07515781,0.06599095,0.895009,156.4
249700,0.43,0.52,0.05,0.06723972,0.06786534,1.07061,165.28
249800,0.36,0.59,0.05,0.0734619,0.0637555,0.6196045,136.01
249900,0.4,0.5,0.1,0.06545207,0.06183241,1.552613,194.61
250000,0.47,0.47,0.06,0.09125486,0.08338996,1.106812,145.93
250100,0.48,0.48,0.04,0.08935342,0.09138591,0.6564047,151.25
250200,0.36,0.63,0.01,0.08938657,0.08381502,0.4394023,129.56
250300,0.47,0.49,0.04,0.08610746,0.08143169,0.7596068,147.29
250400,0.44,0.56,0,0.0748097,0.07875888,0.2217998,114.08
250500,0.39,0.54,0.07,0.07231145,0.07320538,1.348612,164.22
250600,0.43,0.53,0.04,0.0787384,0.08265751,0.7682061,159.07
250700,0.43,0.53,0.04,0.07551825,0.07729498,0.9744092,138.13
250800,0.41,0.57,0.02,0.0651805,0.06316326,0.4694019,133.4
250900,0.42,0.53,0.05,0.0728519,0.07050586,1.241012,163.79
251000,0.48,0.5,0.02,0.07325507,0.07175139,0.7388054,137.67
251100,0.46,0.51,0.03,0.09396683,0.08536573,0.6292045,138.4
251200,0.49,0.5,0.01,0.08306105,0.08128139,0.5210024,129.57
251300,0.47,0.5,0.03,0.07118389,0.06862319,0.7182042,136.61
251400,0.45,0.49,0.06,0.07655428,0.08240673,1.228211,157.77
251500,0.44,0.53,0.03,0.07687728,0.08519865,0.7622064,148.8
251600,0.46,0.48,0.06,0.1042291,0.1130686,1.282213,151.31
251700,0.47,0.5,0.03,0.08259463,0.08302491,0.734206,134.71
251800,0.48,0.5,0.02,0.0705374,0.08350035,0.7260037,131.52
251900,0.51,0.46,0.03,0.06843839,0.06371369,0.7778041,134.65
252000,0.49,0.49,0.02,0.08639084,0.08810646,0.904204,146.27
252100,0.48,0.5,0.02,0.0613468,0.06018543,0.7368042,145.63
252200,0.41,0.57,0.02,0.07190315,0.07336596,0.4814019,124.28
252300,0.38,0.58,0.04,0.07822081,0.08354954,0.7766066,146.38
252400,0.41,0.55,0.04,0.07677083,0.07967956,0.9450094,135.45
252500,0.37,0.57,0.06,0.07787219,0.06952314,1.179012,167.65
252600,0.42,0.53,0.05,0.06872285,0.07002753,1.003009,173.69
252700,0.44,0.5,0.06,0.06793232,0.06294737,1.393412,171.14
252800,0.41,0.55,0.04,0.06860154,0.09111343,0.8118072,146.78
252900,0.42,0.53,0.05,0.08239752,0.08151966,0.9814096,148.53
253000,0.53,0.46,0.01,0.08920405,0.08697468,0.4736013,105.12
253100,0.41,0.55,0.04,0.07259293,0.07107924,0.9142088,155.15
253200,0.41,0.52,0.07,0.07997866,0.08910735,1.580217,176.99
253300,0.47,0.48,0.05,0.06683611,0.0656921,1.035007,166.23
253400,0.45,0.52,0.03,0.0816384,0.08181582,0.738404,153.87
253500,0.43,0.55,0.02,0.07913366,0.08174212,0.6900043,125.98
253600,0.48,0.5,0.02,0.06398252,0.05654277,0.7196055,132.27
253700,0.51,0.45,0.04,0.06484553,0.06478138,1.100408,146.16
253800,0.51,0.47,0.02,0.07057538,0.07161484,0.7120047,120.23
253900,0.36,0.6,0.04,0.08011793,0.07134817,0.9308096,133.84
254000,0.42,0.57,0.01,0.06805527,0.07244344,0.373202,119.2
254100,0.45,0.52,0.03,0.07116244,0.06434319,0.7874067,145.87
254200,0.47,0.52,0.01,0.1006906,0.1040057,0.5784023,110.63
254300,0.43,0.52,0.05,0.0710106,0.0655503,0.9786094,157.83
254400,0.4,0.54,0.06,0.06936074,0.06650203,1.291011,181.46
254500,0.42,0.54,0.04,0.07980803,0.07920228,0.9984093,161.37
254600,0.44,0.53,0.03,0.07855505,0.07754096,0.5058019,148.91
254700,0.52,0.44,0.04,0.06865154,0.07082424,0.9950063,147.82
254800,0.48,0.5,0.02,0.07530303,0.07500082,0.6476049,139.43
254900,0.37,0.57,0.06,0.06982959,0.06629473,0.9480094,182.2
255000,0.35,0.58,0.07,0.08099778,0.08265851,1.302214,177.42
255100,0.46,0.52,0.02,0.06844301,0.06117264,0.6180039,131.96
255200,0.44,0.51,0.05,0.09742091,0.0918147,1.029608,136.63
255300,0.35,0.62,0.03,0.07865071,0.07255137,0.6370063,127.92
255400,0.37,0.6,0.03,0.0742968,0.0696418,0.7772065,141.4
255500,0.39,0.57,0.04,0.07206576,0.0893973,1.042408,163.17
255600,0.36,0.63,0.01,0.08099981,0.08358555,0.4552022,128.4
255700,0.47,0.52,0.01,0.06936474,0.06904906,0.4646007,113.43
255800,0.41,0.54,0.05,0.08697691,0.07759174,1.063209,156.9
255900,0.46,0.51,0.03,0.06744562,0.06046615,0.8356062,148.52
256000,0.32,0.64,0.04,0.07075559,0.07648318,1.017609,146.27
256100,0.3,0.66,0.04,0.08788197,0.08440815,0.8326081,134.57
256200,0.44,0.53,0.03,0.07638853,0.08298481,0.9720069,122.59
256300,0.4,0.55,0.05,0.09893174,0.1141906,1.256613,161.71
256400,0.47,0.52,0.01,0.06894464,0.07216705,0.5476019,143.17
256500,0.39,0.54,0.07,0.0832546,0.07513303,1.166812,168.81
256600,0.5,0.46,0.04,0.07752593,0.08118612,0.7724053,163.19
256700,0.37,0.6,0.03,0.07149461,0.06989525,0.8584073,134.45
256800,0.38,0.58,0.04,0.07438415,0.06731141,0.9720089,137
256900,0.42,0.55,0.03,0.07389873,0.07398965,0.7840072,149.29
257000,0.41,0.55,0.04,0.08107554,0.0817199,0.8768081,126.15
257100,0.36,0.58,0.06,0.06865896,0.06640563,0.8096066,161.43
257200,0.41,0.57,0.02,0.1018361,0.09923219,0.342602,131.87
257300,0.47,0.5,0.03,0.06560124,0.06127239,0.7990059,140.15
257400,0.45,0.5,0.05,0.07287256,0.07072562,0.8248062,165.66
257500,0.47,0.51,0.02,0.09190706,0.08381434,0.6238037,109.76
257600,0.45,0.49,0.06,0.08028577,0.08326366,1.479012,167.38
257700,0.43,0.51,0.06,0.06899527,0.0753822,0.8118069,150.23
257800,0.43,0.53,0.04,0.07715029,0.07202394,0.9518091,162.54
257900,0.33,0.62,0.05,0.08909623,0.09211844,0.928408,152.36
258000,0.42,0.55,0.03,0.09425952,0.1030157,0.8072063,138.79
258100,0.41,0.55,0.04,0.07378025,0.0798948,0.9466095,149.74
258200,0.46,0.47,0.07,0.06352563,0.06720818,1.103609,176.12
258300,0.5,0.44,0.06,0.06880185,0.06357639,1.351213,162.42
258400,0.41,0.54,0.05,0.06561112,0.06703881,1.128211,156.9
258500,0.43,0.52,0.05,0.05860119,0.06025091,0.7952066,178.04
258600,0.39,0.57,0.04,0.06985752,0.06789707,0.9434096,145.53
258700,0.44,0.47,0.09,0.07589089,0.07006771,1.911619,191.1
258800,0.44,0.51,0.05,0.0737549,0.06715958,0.6902053,154.38
258900,0.34,0.61,0.05,0.07960003,0.07225356,1.261609,149.13
259000,0.52,0.46,0.02,0.08152002,0.1251346,0.8048041,111.46
259100,0.4,0.55,0.05,0.07908509,0.07957423,0.7408064,164.24
259200,0.44,0.51,0.05,0.07914827,0.08181627,1.106611,161.53
259300,0.39,0.57,0.04,0.1002229,0.09507687,0.6450043,139.97
259400,0.38,0.6,0.02,0.0774437,0.071513,0.5920047,107.85
259500,0.37,0.58,0.05,0.07174821,0.07350379,0.9260088,163.1
259600,0.3,0.65,0.05,0.07781284,0.0726273,0.6560062,154.81
259700,0.55,0.41,0.04,0.08109746,0.08922162,0.8270059,153.58
259800,0.38,0.61,0.01,0.07622658,0.07105318,0.360202,107.25
259900,0.4,0.56,0.04,0.07433088,0.07217836,0.9792096,156.91
260000,0.44,0.52,0.04,0.08196709,0.0841038,0.913208,140.27
260100,0.34,0.59,0.07,0.06818001,0.06689176,1.219611,174.64
260200,0.44,0.52,0.04,0.06898245,0.06504073,0.8506069,128.2
260300,0.48,0.48,0.04,0.07763086,0.08124729,1.125008,144.84
260400,0.42,0.52,0.06,0.06773543,0.06122809,1.189411,161.46
260500,0.33,0.61,0.06,0.07975146,0.07158074,1.506414,169.6
260600,0.43,0.53,0.04,0.06754795,0.08276613,0.8844068,153.59
260700,0.39,0.56,0.05,0.08690865,0.08113471,1.044609,150.86
260800,0.55,0.4,0.05,0.0715877,0.06872652,0.8556066,160.57
260900,0.45,0.52,0.03,0.07067028,0.07046545,0.5672022,150.48
261000,0.37,0.58,0.05,0.07880964,0.07054161,1.182611,167.51
261100,0.38,0.56,0.06,0.08118634,0.07854071,1.100011,161.15
261200,0.4,0.57,0.03,0.07643458,0.07915442,0.7990064,119.76
261300,0.46,0.5,0.04,0.06959169,0.0663223,0.9330084,154.07
261400,0.42,0.56,0.02,0.07504343,0.0745953,0.5842044,116.31
261500,0.43,0.55,0.02,0.09053016,0.09844783,0.5656048,111.26
261600,0.39,0.55,0.06,0.07728605,0.08520985,0.9174069,172.51
261700,0.42,0.56,0.02,0.07153632,0.07239135,0.6226027,132.75
261800,0.47,0.5,0.03,0.07496291,0.06952635,0.8068063,139.99
261900,0.49,0.48,0.03,0.07717521,0.08378751,0.7418066,125.93
262000,0.41,0.55,0.04,0.07452095,0.08203241,0.7532068,145.52
262100,0.47,0.45,0.08,0.07131459,0.06999051,1.689417,179.02
262200,0.49,0.51,0,0.09819391,0.1048548,0.3981997,117.52
262300,0.4,0.57,0.03,0.07682641,0.09052663,0.7328045,146.98
262400,0.39,0.55,0.06,0.08913564,0.09223309,1.427614,154.96
262500,0.38,0.57,0.05,0.0816495,0.0762649,1.295811,157.51
262600,0.51,0.45,0.04,0.07279173,0.07690221,0.9854066,152.95
262700,0.45,0.5,0.05,0.07068647,0.0733779,1.16641,156.8
262800,0.41,0.47,0.12,0.09948771,0.09663936,2.180025,218.18
262900,0.41,0.56,0.03,0.07203902,0.07309894,0.3682017,138.28
263000,0.48,0.44,0.08,0.07309183,0.07652095,1.624215,182.86
263100,0.43,0.51,0.06,0.07654889,0.07113595,1.310413,157
263200,0.49,0.48,0.03,0.06051569,0.05788509,0.9824066,160.08
263300,0.47,0.52,0.01,0.1123181,0.1039979,0.3198018,99.83
263400,0.45,0.52,0.03,0.07386152,0.07067668,0.7032034,145.15
263500,0.42,0.54,0.04,0.07560854,0.07948919,0.7988058,149.36
263600,0.44,0.52,0.04,0.07019529,0.0648555,0.8608066,145.9
263700,0.44,0.52,0.04,0.07291231,0.06989269,0.9860091,130.52
263800,0.5,0.43,0.07,0.0802686,0.07433333,1.490413,177.38
263900,0.44,0.5,0.06,0.06491794,0.06680418,1.20301,159.39
264000,0.46,0.51,0.03,0.08040455,0.07405904,0.8244069,122.31
264100,0.43,0.5,0.07,0.06318238,0.06351379,1.22921,182.72
264200,0.41,0.53,0.06,0.07401334,0.07826794,1.317413,164.65
264300,0.43,0.54,0.03,0.1021958,0.1056675,0.7032056,122.06
264400,0.42,0.53,0.05,0.1090374,0.1099892,1.178012,137.11
264500,0.4,0.54,0.06,0.07041191,0.07323208,1.454414,166.28
264600,0.42,0.5,0.08,0.07773142,0.07916648,1.550217,190.84
264700,0.45,0.48,0.07,0.08543052,0.08468622,1.13501,168.13
264800,0.46,0.48,0.06,0.07997304,0.09905532,0.9498081,143.51
264900,0.48,0.51,0.01,0.07600394,0.06910317,0.5174019,103.83
265000,0.4,0.53,0.07,0.08009048,0.08599984,1.136011,167.83
265100,0.45,0.51,0.04,0.08671663,0.07900755,0.7518055,152.43
265200,0.45,0.48,0.07,0.08512757,0.09687068,1.28521,179.74
265300,0.37,0.6,0.03,0.07520364,0.07169233,0.6466049,143.98
265400,0.35,0.62,0.03,0.08088675,0.09129613,0.5820045,123.04
265500,0.4,0.53,0.07,0.07393613,0.06751901,1.282011,167.34
265600,0.38,0.57,0.05,0.09031465,0.1077242,0.977209,158.16
265700,0.41,0.56,0.03,0.07450568,0.07479051,0.7350048,138.03
265800,0.43,0.52,0.05,0.06147032,0.05801538,0.7608047,161.67
265900,0.44,0.52,0.04,0.07002872,0.0646673,0.9952098,159.42
266000,0.55,0.42,0.03,0.09462725,0.09498817,0.8782066,130.63
266100,0.44,0.52,0.04,0.06808171,0.06810414,0.8270068,151.23
266200,0.43,0.52,0.05,0.07364625,0.07231427,0.9230091,165.47
266300,0.37,0.56,0.07,0.08596835,0.09849472,1.211412,163.96
266400,0.5,0.47,0.03,0.07211195,0.06688087,0.8014063,145.99
266500,0.42,0.54,0.04,0.06951416,0.06475243,1.111409,141.35
266600,0.39,0.56,0.05,0.09796288,0.1012898,1.089412,150.06
266700,0.51,0.47,0.02,0.07780871,0.08506755,0.7032045,137.14
266800,0.38,0.59,0.03,0.07717111,0.07502294,0.8700062,123.98
266900,0.4,0.58,0.02,0.08056127,0.06969593,0.5356046,122.39
267000,0.51,0.45,0.04,0.06942521,0.07078815,1.150209,148.96
267100,0.41,0.55,0.04,0.06546973,0.06818394,0.7328072,157.41
267200,0.46,0.49,0.05,0.09822405,0.1165226,1.064409,156.75
267300,0.41,0.54,0.05,0.08050844,0.07848398,0.8552085,145.89
267400,0.44,0.52,0.04,0.08412874,0.09899387,0.8434072,149.07
267500,0.43,0.52,0.05,0.08142269,0.07702743,0.6806042,131.91
267600,0.41,0.55,0.04,0.06187782,0.06097758,0.7812067,151.25
267700,0.45,0.45,0.1,0.07284667,0.07132541,1.90262,184.16
267800,0.42,0.52,0.06,0.09047873,0.07774317,1.02001,162.35
267900,0.42,0.53,0.05,0.07780035,0.06975777,1.028009,147.52
268000,0.34,0.57,0.09,0.06469037,0.06359234,1.139213,193.02
268100,0.39,0.54,0.07,0.06450271,0.06558321,1.547615,160.25
268200,0.36,0.59,0.05,0.06827484,0.06670006,1.063211,180.09
268300,0.39,0.56,0.05,0.07708151,0.06913685,1.143211,163.34
268400,0.44,0.53,0.03,0.08501319,0.08398028,0.9132058,145.99
268500,0.43,0.49,0.08,0.07008126,0.06793016,1.304611,184.46
268600,0.42,0.53,0.05,0.0787964,0.07605688,0.9636086,178.99
268700,0.48,0.51,0.01,0.06997904,0.06527152,0.5528023,135.66
268800,0.45,0.53,0.02,0.07446916,0.07186645,0.6836044,124.7
268900,0.38,0.59,0.03,0.07139608,0.07501416,0.6992048,137.86
269000,0.4,0.56,0.04,0.07711634,0.07744274,0.6544046,144.29
269100,0.37,0.55,0.08,0.07770332,0.08768967,1.398215,194.56
269200,0.43,0.56,0.01,0.09711879,0.1089879,0.436602,111.58
269300,0.44,0.54,0.02,0.08696304,0.09748557,0.4978023,125.4
269400,0.45,0.54,0.01,0.06772587,0.06339135,0.366002,113.2
269500,0.42,0.52,0.06,0.07690809,0.07034758,1.237011,157.76
269600,0.45,0.49,0.06,0.07354999,0.0746076,1.504815,161.82
269700,0.44,0.51,0.05,0.07351211,0.09502981,0.9110091,150.44
269800,0.36,0.57,0.07,0.07095382,0.07373018,1.125411,190.96
269900,0.41,0.56,0.03,0.07056477,0.06551804,0.724207,145.97
270000,0.36,0.59,0.05,0.07341539,0.08073017,1.141411,165.98
270100,0.4,0.52,0.08,0.06781825,0.06915329,1.398614,179.42
270200,0.49,0.47,0.04,0.07634777,0.07774963,0.9140059,152.05
270300,0.46,0.51,0.03,0.0705198,0.06795097,0.7466063,131
270400,0.37,0.61,0.02,0.1046243,0.1106165,0.5836045,133.72
270500,0.43,0.53,0.04,0.07173985,0.07087992,0.9384077,144.58
270600,0.5,0.48,0.02,0.07827656,0.07234002,0.6820046,135.28
270700,0.43,0.51,0.06,0.0718786,0.08012633,1.301614,171.43
270800,0.4,0.55,0.05,0.07311184,0.0688687,0.9502079,155.15
270900,0.41,0.57,0.02,0.06554555,0.06965759,0.4230022,152.77
271000,0.38,0.54,0.08,0.1112745,0.126284,1.455016,177.91
271100,0.45,0.53,0.02,0.09316128,0.09221958,0.6622047,128.6
271200,0.39,0.56,0.05,0.08639132,0.08440198,1.147209,165.41
271300,0.51,0.45,0.04,0.08216581,0.0871725,0.8808065,128.15
271400,0.42,0.54,0.04,0.07057013,0.0676415,1.069809,150.19
271500,0.37,0.55,0.08,0.06740767,0.06700452,1.448814,192.18
271600,0.5,0.44,0.06,0.06578515,0.06377705,1.204809,160.46
271700,0.44,0.49,0.07,0.07818151,0.08497631,1.339413,175.83
271800,0.46,0.51,0.03,0.1159773,0.1167265,0.8780069,117.47
271900,0.46,0.5,0.04,0.08727752,0.09192153,1.10621,148.66
272000,0.38,0.57,0.05,0.06960151,0.07127149,0.9486095,144.85
272100,0.41,0.53,0.06,0.0664359,0.06876429,0.9936106,175.38
272200,0.41,0.48,0.11,0.07747529,0.07328694,2.028423,205.16
272300,0.46,0.5,0.04,0.08404303,0.08399486,0.9924096,144.98
272400,0.52,0.45,0.03,0.06715711,0.06631519,0.8020059,135.9
272500,0.5,0.44,0.06,0.07704251,0.07953888,1.472814,153.76
272600,0.41,0.51,0.08,0.07640359,0.0762639,1.401615,162.14
272700,0.43,0.51,0.06,0.09333775,0.09887721,1.502213,151.14
272800,0.43,0.53,0.04,0.1016802,0.1116905,0.9962085,152.1
272900,0.4,0.55,0.05,0.08785588,0.08797346,0.8132065,168.41
273000,0.38,0.55,0.07,0.08111093,0.07114628,1.175811,164.28
273100,0.44,0.52,0.04,0.08070514,0.09019716,0.7240068,135.58
273200,0.43,0.55,0.02,0.07234597,0.07091773,0.6960051,143.61
273300,0.44,0.53,0.03,0.086656,0.09113839,0.5526039,123.44
273400,0.4,0.58,0.02,0.07710855,0.07368656,0.349602,123.31
273500,0.42,0.51,0.07,0.08047783,0.08869155,1.467815,180.68
273600,0.36,0.57,0.07,0.09344071,0.1001859,1.468815,170.02
273700,0.4,0.59,0.01,0.09276383,0.1110008,0.3944024,123.48
273800,0.4,0.58,0.02,0.06442203,0.05740048,0.6106045,151.58
273900,0.46,0.51,0.03,0.07800234,0.07415234,0.8062068,134.14
274000,0.45,0.53,0.02,0.08324856,0.0960526,0.6326045,126.64
274100,0.44,0.49,0.07,0.0679071,0.06754549,1.452413,179.02
274200,0.4,0.52,0.08,0.09378774,0.09382853,1.361614,169.37
274300,0.41,0.55,0.04,0.09089885,0.09368008,0.8714089,131.89
274400,0.44,0.55,0.01,0.07509224,0.07348566,0.5142018,108.64
274500,0.39,0.55,0.06,0.08098423,0.0801072,1.545013,147.45
274600,0.41,0.53,0.06,0.0856806,0.08165321,0.9400089,151.3
274700,0.46,0.47,0.07,0.07661212,0.07824427,1.593215,197.88
274800,0.41,0.54,0.05,0.07991666,0.07497701,1.301011,157.3
274900,0.42,0.53,0.05,0.07348568,0.07651821,1.104812,157.27
275000,0.36,0.55,0.09,0.06774644,0.06678297,1.820618,195.48
275100,0.34,0.58,0.08,0.07867859,0.1057599,1.695018,188.17
275200,0.46,0.5,0.04,0.08784854,0.11026,0.8130068,139.81
275300,0.42,0.53,0.05,0.06715009,0.06384109,0.9340075,152.93
275400,0.42,0.53,0.05,0.08090878,0.08335685,0.9688098,137.83
275500,0.42,0.52,0.06,0.09893348,0.1202021,1.310212,161.39
275600,0.46,0.48,0.06,0.08533774,0.09628054,1.412615,157.66
275700,0.41,0.53,0.06,0.0821886,0.08686076,1.07221,139.55
275800,0.39,0.59,0.02,0.07578359,0.07335666,0.6308048,120.9
275900,0.47,0.46,0.07,0.09814592,0.1051976,1.641816,161.83
276000,0.4,0.55,0.05,0.07240916,0.06892671,0.9358077,168.34
276100,0.57,0.4,0.03,0.08485907,0.09284608,0.5796038,140.16
276200,0.4,0.56,0.04,0.08257504,0.08030201,0.9392099,130.81
276300,0.44,0.52,0.04,0.06905474,0.06384414,0.9486057,155.37
276400,0.43,0.53,0.04,0.08079287,0.07596167,1.086609,147.55
276500,0.47,0.52,0.01,0.06165322,0.05913782,0.7518021,130.52
276600,0.3,0.67,0.03,0.07305789,0.08927386,0.6966074,133.36
276700,0.45,0.48,0.07,0.0783712,0.09597941,1.408615,167.48
276800,0.41,0.54,0.05,0.09391065,0.09762792,1.12701,168
276900,0.45,0.49,0.06,0.0811599,0.08075861,1.358214,175.88
277000,0.37,0.57,0.06,0.08039112,0.07670589,1.314613,155.07
277100,0.38,0.55,0.07,0.0674976,0.06334405,1.507815,171.64
277200,0.47,0.44,0.09,0.06938105,0.06988912,1.83582,195.63
277300,0.38,0.57,0.05,0.08726648,0.08415737,0.8860095,145.11
277400,0.4,0.55,0.05,0.06659563,0.05953532,0.9850093,171.37
277500,0.38,0.54,0.08,0.09530187,0.09781934,1.313612,172.61
277600,0.4,0.56,0.04,0.0826659,0.1063263,0.9254096,135.38
277700,0.37,0.58,0.05,0.07779851,0.08809785,1.072411,154
277800,0.49,0.48,0.03,0.07914452,0.0877327,0.8814061,144.48
277900,0.39,0.55,0.06,0.08512878,0.09138057,1.122209,188.74
278000,0.46,0.46,0.08,0.07226517,0.07370781,1.335613,167.96
278100,0.34,0.65,0.01,0.08180158,0.09494255,0.3236021,113.04
278200,0.52,0.45,0.03,0.08165941,0.08404168,0.9466066,127.48
278300,0.42,0.53,0.05,0.07826301,0.07764255,1.209211,159.31
278400,0.48,0.49,0.03,0.08253822,0.083326,0.7958066,134.7
278500,0.47,0.47,0.06,0.07078083,0.0707869,1.180012,161.17
278600,0.38,0.55,0.07,0.06491433,0.05890237,1.354612,174.69
278700,0.46,0.52,0.02,0.07421212,0.07267825,0.7152043,131.23
278800,0.41,0.53,0.06,0.06463735,0.0645191,1.404015,171.74
278900,0.46,0.49,0.05,0.07163361,0.06872847,1.324212,172.04
279000,0.44,0.49,0.07,0.08235774,0.08433442,1.551816,169.4
279100,0.47,0.47,0.06,0.07387903,0.09009028,0.954208,159.47
279200,0.37,0.57,0.06,0.08264244,0.08855325,1.265212,163.58
279300,0.43,0.52,0.05,0.07029912,0.07680084,1.144812,136.55
279400,0.44,0.5,0.06,0.07858007,0.08526628,0.7286061,156.25
279500,0.41,0.59,0,0.08088718,0.06860336,0.1907998,101.35
279600,0.46,0.48,0.06,0.07294573,0.07349794,1.144812,147.87
279700,0.38,0.62,0,0.07473528,0.07345756,0.2857997,104.24
279800,0.43,0.5,0.07,0.06620718,0.06652647,1.051609,177.55
279900,0.38,0.56,0.06,0.06693116,0.06134465,1.358413,156.82
280000,0.39,0.53,0.08,0.07464602,0.07323714,1.599816,168.84
280100,0.45,0.53,0.02,0.06404478,0.06450754,0.8032036,137.43
280200,0.36,0.61,0.03,0.1105721,0.1138468,0.7400067,131.75
280300,0.42,0.45,0.13,0.07627979,0.07680245,1.864821,208.79
280400,0.46,0.5,0.04,0.08740731,0.08256128,0.8090065,147.64
280500,0.44,0.54,0.02,0.09539197,0.09287258,0.7902041,131.7
280600,0.42,0.53,0.05,0.06316897,0.06777498,1.130812,143.44
280700,0.46,0.52,0.02,0.07873311,0.08801962,0.5068022,121.24
280800,0.45,0.48,0.07,0.08441697,0.09520335,1.381214,164.02
280900,0.36,0.59,0.05,0.09555764,0.09754471,0.9534093,130.35
281000,0.36,0.53,0.11,0.07023332,0.07219833,1.89002,224.48
281100,0.42,0.52,0.06,0.07133749,0.07284243,1.209611,150.55
281200,0.52,0.44,0.04,0.1401913,0.1510083,0.9010066,136.02
281300,0.35,0.59,0.06,0.06539659,0.06042494,0.9654099,145.26
281400,0.39,0.56,0.05,0.07870762,0.09150671,1.237211,156.19
281500,0.5,0.42,0.08,0.06714835,0.06866837,0.9406071,195.91
281600,0.46,0.52,0.02,0.08514412,0.09118818,0.8584041,121.47
281700,0.38,0.57,0.05,0.06718853,0.05764535,1.04601,146.93
281800,0.41,0.57,0.02,0.06854745,0.06981868,0.3666019,132.29
281900,0.48,0.46,0.06,0.08470385,0.09102282,0.9458079,163.59
282000,0.5,0.46,0.04,0.06713252,0.06755833,1.085009,150.79
282100,0.45,0.49,0.06,0.06859741,0.06581269,1.180611,162.17
282200,0.46,0.48,0.06,0.06725772,0.06457963,1.100412,160.31
282300,0.35,0.6,0.05,0.07335435,0.06583041,0.9550094,159.76
282400,0.44,0.48,0.08,0.07966885,0.07582212,1.317613,170.46
282500,0.52,0.44,0.04,0.06038116,0.06267692,1.07401,160.89
282600,0.36,0.57,0.07,0.0690363,0.07869381,1.457416,168.55
282700,0.54,0.37,0.09,0.0698479,0.0702626,2.02562,190.81
282800,0.47,0.5,0.03,0.07638617,0.09397864,0.8404043,138.65
282900,0.44,0.53,0.03,0.08924179,0.08903176,1.051607,146.67
283000,0.42,0.54,0.04,0.07485548,0.07034271,0.9830084,147.24
283100,0.48,0.47,0.05,0.09274042,0.1070734,1.010008,157.64
283200,0.45,0.49,0.06,0.06961328,0.06784341,1.070209,176.99
283300,0.35,0.58,0.07,0.07439779,0.0728796,1.253814,169.23
283400,0.37,0.59,0.04,0.08004682,0.08141816,0.9020092,145.6
283500,0.44,0.48,0.08,0.0724454,0.07073465,1.610617,190.51
283600,0.45,0.49,0.06,0.0905802,0.08285011,1.06801,173.9
283700,0.43,0.53,0.04,0.07550085,0.09076443,1.23341,156.39
283800,0.36,0.58,0.06,0.07122129,0.07298827,1.382213,181.09
283900,0.4,0.51,0.09,0.09900921,0.1122389,1.442014,178.94
284000,0.46,0.46,0.08,0.09681938,0.09926346,1.121011,166.38
284100,0.48,0.5,0.02,0.1031754,0.09640981,0.7142046,112.04
284200,0.42,0.54,0.04,0.07178175,0.07577837,0.8408067,141.63
284300,0.44,0.52,0.04,0.09425939,0.09717327,0.6988049,149.28
284400,0.48,0.49,0.03,0.09588826,0.1010527,0.8374069,139.85
284500,0.39,0.59,0.02,0.1019899,0.1231715,0.4248022,110.3
284600,0.45,0.46,0.09,0.0649448,0.06416117,2.05142,206.05
284700,0.42,0.55,0.03,0.06125423,0.05644884,0.7090043,142.47
284800,0.36,0.62,0.02,0.07971144,0.07665819,0.6912041,133.78
284900,0.42,0.55,0.03,0.07475533,0.0680352,0.6398054,119.55
285000,0.35,0.59,0.06,0.09391014,0.08847963,0.9410087,162.35
285100,0.36,0.56,0.08,0.08170734,0.08135328,1.528016,182.95
285200,0.34,0.58,0.08,0.07303838,0.07187819,1.416017,190.86
285300,0.45,0.52,0.03,0.0750211,0.07663514,0.877607,125.88
285400,0.34,0.58,0.08,0.07151207,0.06786356,1.299014,185.24
285500,0.43,0.51,0.06,0.09135856,0.09318182,1.077409,145.87
285600,0.4,0.53,0.07,0.1029304,0.1116354,1.193012,159.01
285700,0.46,0.51,0.03,0.0752545,0.07395175,0.4290025,131.17
285800,0.45,0.51,0.04,0.1134962,0.1181591,0.8068071,135.3
285900,0.44,0.53,0.03,0.0627645,0.0630352,0.9850074,155.15
286000,0.43,0.49,0.08,0.07131518,0.07259387,1.637415,178.82
286100,0.48,0.45,0.07,0.07821605,0.07718316,1.354211,164.41
286200,0.37,0.62,0.01,0.09659559,0.09862783,0.4972017,104.2
286300,0.41,0.54,0.05,0.07143267,0.06820511,0.6876068,135.58
286400,0.45,0.45,0.1,0.07681061,0.07518,2.078621,218.74
286500,0.42,0.53,0.05,0.07768086,0.0744129,1.249612,149.6
286600,0.35,0.59,0.06,0.07133102,0.07118548,0.9292088,145.96
286700,0.38,0.58,0.04,0.07769393,0.07558583,0.9188071,128.08
286800,0.39,0.56,0.05,0.08251951,0.08519173,1.174212,165.97
286900,0.39,0.58,0.03,0.09946844,0.1206659,0.7712059,133.75
287000,0.45,0.52,0.03,0.08198128,0.08154059,0.5754048,127.86
287100,0.42,0.54,0.04,0.06980946,0.0791283,1.062209,162.65
287200,0.45,0.5,0.05,0.07595921,0.06637228,0.9610087,146.92
287300,0.46,0.52,0.02,0.07403153,0.07061905,0.5384042,128.74
287400,0.33,0.6,0.07,0.08672686,0.08764258,1.04041,184.84
287500,0.45,0.48,0.07,0.06667373,0.07214943,1.098009,188.5
287600,0.38,0.58,0.04,0.07961831,0.07309761,0.7194059,144.06
287700,0.47,0.51,0.02,0.07469308,0.08182628,0.7082042,137.21
287800,0.38,0.53,0.09,0.07434023,0.07293283,1.401615,190.99
287900,0.44,0.51,0.05,0.06856883,0.069773,1.067609,143.07
288000,0.44,0.52,0.04,0.07465387,0.08620341,0.6672041,151.39
288100,0.47,0.47,0.06,0.07207325,0.06680287,1.047609,151.17
288200,0.43,0.54,0.03,0.07861167,0.07575648,0.9304058,141.49
288300,0.51,0.42,0.07,0.07324431,0.06808072,1.416611,178.71
288400,0.45,0.52,0.03,0.06904755,0.06404558,0.853407,124.73
288500,0.51,0.42,0.07,0.0985776,0.1110274,1.408414,162.83
288600,0.47,0.48,0.05,0.06867415,0.07119716,1.031608,168.18
288700,0.38,0.51,0.11,0.09625854,0.1192815,1.904419,212.26
288800,0.41,0.57,0.02,0.09705346,0.09611116,0.6184049,129.44
288900,0.43,0.49,0.08,0.0783311,0.07603367,1.811819,175.11
289000,0.41,0.52,0.07,0.08639234,0.08437297,1.422414,150.61
289100,0.41,0.52,0.07,0.07975421,0.07923121,1.358814,174.9
289200,0.5,0.47,0.03,0.0762663,0.08183645,0.7894069,133.55
289300,0.42,0.52,0.06,0.07469506,0.08329862,0.9886086,158.54
289400,0.48,0.48,0.04,0.07482458,0.07724339,0.904008,148.09
289500,0.39,0.55,0.06,0.1052399,0.1004349,1.069611,157.3
289600,0.43,0.48,0.09,0.08525968,0.08208714,1.521215,195.64
289700,0.34,0.58,0.08,0.093358,0.1071737,1.002011,161.36
289800,0.42,0.54,0.04,0.1012039,0.113564,0.6456039,149.42
289900,0.49,0.43,0.08,0.08182655,0.07782093,1.182809,181.01
290000,0.45,0.48,0.07,0.08321678,0.09129905,1.225212,180.98
290100,0.45,0.5,0.05,0.07141265,0.07464984,0.9992092,140.26
290200,0.47,0.47,0.06,0.07024851,0.06894892,1.486613,168.42
290300,0.49,0.45,0.06,0.08207655,0.08357733,1.362411,174.42
290400,0.45,0.48,0.07,0.07089621,0.06593852,1.10561,165.8
290500,0.41,0.51,0.08,0.09324853,0.1044341,1.554416,185.96
290600,0.44,0.53,0.03,0.06794432,0.0587822,0.838007,136.09
290700,0.49,0.42,0.09,0.06979049,0.07706694,1.287413,182.79
290800,0.51,0.42,0.07,0.09601335,0.09276924,1.283411,152.31
290900,0.4,0.57,0.03,0.07716607,0.08236402,0.6242042,148.89
291000,0.49,0.39,0.12,0.06292526,0.06721712,1.926621,207.97
291100,0.42,0.52,0.06,0.07657263,0.07321592,0.7808056,158.51
291200,0.42,0.53,0.05,0.06927759,0.06580587,0.9502089,146.47
291300,0.41,0.51,0.08,0.08547425,0.08089441,1.506416,181.12
291400,0.38,0.58,0.04,0.07273581,0.06903531,0.9482095,124.03
291500,0.46,0.53,0.01,0.08637316,0.08306625,0.3346018,104.76
291600,0.4,0.54,0.06,0.08586305,0.09114528,1.049608,147.89
291700,0.43,0.5,0.07,0.07855092,0.07515895,1.395212,183.97
291800,0.5,0.43,0.07,0.0735117,0.08025023,1.653416,164.64
291900,0.48,0.47,0.05,0.1021692,0.1250553,1.084809,162.08
292000,0.36,0.53,0.11,0.05826962,0.05826228,2.275227,207.69
292100,0.25,0.7,0.05,0.115437,0.1139674,1.06501,127.49
292200,0.43,0.51,0.06,0.08004593,0.09667736,1.137209,171.04
292300,0.46,0.53,0.01,0.07695998,0.07266035,0.3944021,105.45
292400,0.56,0.37,0.07,0.06221578,0.05953605,1.650415,176.99
292500,0.36,0.57,0.07,0.08075527,0.08458009,1.060212,155.42
292600,0.44,0.49,0.07,0.06654239,0.06294814,1.448813,171.42
292700,0.42,0.53,0.05,0.09891312,0.1117984,1.277212,147.55
292800,0.42,0.54,0.04,0.08190651,0.09061766,0.9618088,128
292900,0.48,0.46,0.06,0.06569304,0.06268165,1.181409,163.57
293000,0.47,0.48,0.05,0.09184266,0.0954609,1.197011,150.59
293100,0.44,0.54,0.02,0.07058916,0.06796819,0.4346022,120.57
293200,0.41,0.53,0.06,0.09261975,0.1033606,1.268011,145.28
293300,0.44,0.49,0.07,0.06709686,0.06703496,1.508014,178.48
293400,0.4,0.55,0.05,0.06614577,0.06014998,1.175611,146.05
293500,0.38,0.56,0.06,0.065123,0.05866835,1.17541,165.78
293600,0.49,0.51,0,0.07371517,0.07144821,0.2011999,100.37
293700,0.44,0.5,0.06,0.07450531,0.07512359,1.14121,171.78
293800,0.37,0.53,0.1,0.0740207,0.08483486,1.620418,200.3
293900,0.4,0.55,0.05,0.08336595,0.09062018,1.167411,137.8
294000,0.41,0.57,0.02,0.08687225,0.08905577,0.5402046,109.21
294100,0.36,0.54,0.1,0.07951304,0.0763323,1.569216,182.6
294200,0.36,0.53,0.11,0.09476873,0.1045856,1.498016,196.84
294300,0.45,0.48,0.07,0.06530318,0.06873038,1.504815,179.58
294400,0.43,0.46,0.11,0.09246865,0.1041265,1.943019,196.25
294500,0.4,0.55,0.05,0.07652184,0.07449004,1.081811,138.26
294600,0.48,0.45,0.07,0.06697356,0.06679492,1.418812,166
294700,0.42,0.52,0.06,0.06624739,0.0666754,1.052608,164.98
294800,0.42,0.54,0.04,0.07975768,0.08068323,0.6928038,143.21
294900,0.43,0.51,0.06,0.06434187,0.0613673,1.263411,184.04
295000,0.35,0.62,0.03,0.08468731,0.08293088,0.5466049,112.48
295100,0.42,0.47,0.11,0.07431618,0.09369551,2.15382,207.16
295200,0.43,0.5,0.07,0.07100092,0.07034398,1.296613,185.79
295300,0.35,0.56,0.09,0.07440229,0.07317983,1.264212,178.86
295400,0.5,0.46,0.04,0.06150063,0.05603586,0.7098045,155.84
295500,0.47,0.45,0.08,0.09415772,0.1060396,1.421412,177.96
295600,0.53,0.4,0.07,0.07199582,0.07842208,1.488614,174.73
295700,0.42,0.52,0.06,0.08283454,0.09627742,1.14301,147.38
295800,0.46,0.44,0.1,0.06207886,0.06346314,1.684414,196.93
295900,0.42,0.52,0.06,0.07395469,0.06980031,0.6784062,158.71
296000,0.36,0.55,0.09,0.07243132,0.0681301,0.991409,195.4
296100,0.4,0.54,0.06,0.08281543,0.0864718,1.302614,150.21
296200,0.37,0.58,0.05,0.0842416,0.09135402,1.03161,150.2
296300,0.53,0.43,0.04,0.07501018,0.06882472,1.006007,132.61
296400,0.41,0.56,0.03,0.098171,0.1027871,0.7520041,125.51
296500,0.45,0.51,0.04,0.07097884,0.08681804,0.831806,131.74
296600,0.38,0.55,0.07,0.09085527,0.09721003,1.460413,169.89
296700,0.42,0.45,0.13,0.08771876,0.09693387,2.136423,239.41
296800,0.47,0.44,0.09,0.07411998,0.07866298,1.400615,181.44
296900,0.36,0.57,0.07,0.06466009,0.05946026,1.166611,178
297000,0.42,0.51,0.07,0.07256225,0.07148768,0.9730092,172.58
297100,0.42,0.55,0.03,0.08931527,0.09842414,0.8902057,138.21
297200,0.41,0.53,0.06,0.08408768,0.08246347,0.7872047,171.15
297300,0.41,0.55,0.04,0.06559081,0.06316438,0.7734059,148.59
297400,0.4,0.53,0.07,0.07424136,0.0688147,1.330614,163.93
297500,0.46,0.52,0.02,0.07377921,0.07686155,0.6508049,122.98
297600,0.45,0.51,0.04,0.08777562,0.088407,0.7486041,145.45
297700,0.34,0.61,0.05,0.09864613,0.09964987,1.160611,164.38
297800,0.42,0.55,0.03,0.06823539,0.07346497,0.9156066,135.61
297900,0.51,0.39,0.1,0.07188954,0.07311318,2.06442,183.43
298000,0.41,0.55,0.04,0.06801258,0.06606773,0.5668044,127.68
298100,0.43,0.53,0.04,0.07759576,0.07964855,0.9464046,146.42
298200,0.37,0.55,0.08,0.08769973,0.07793853,1.415614,171.06
298300,0.41,0.54,0.05,0.07108177,0.07020029,1.092612,139.53
298400,0.47,0.53,0,0.07503277,0.06921014,0.3293998,107.17
298500,0.48,0.48,0.04,0.1136706,0.1139013,0.8140063,132
298600,0.53,0.43,0.04,0.08469649,0.08309484,1.051208,161.37
298700,0.47,0.47,0.06,0.07740401,0.07921261,1.181211,149.53
298800,0.36,0.56,0.08,0.06405897,0.05956135,1.08201,180.92
298900,0.39,0.54,0.07,0.06976057,0.06800686,1.647616,180.79
299000,0.4,0.57,0.03,0.109332,0.1070982,0.4604023,135.27
299100,0.45,0.5,0.05,0.06182982,0.05987967,0.9294071,146.79
299200,0.48,0.49,0.03,0.07249514,0.06563837,0.7890066,131.77
299300,0.4,0.52,0.08,0.06522476,0.07007328,1.466414,191.14
299400,0.5,0.46,0.04,0.08130013,0.08197442,1.122409,146.69
299500,0.45,0.53,0.02,0.0787888,0.07726857,0.6166043,131.91
299600,0.48,0.49,0.03,0.091027,0.1068976,0.4894046,126.46
299700,0.41,0.57,0.02,0.0721134,0.07357237,0.5664041,120.39
299800,0.5,0.45,0.05,0.09224343,0.09087075,1.17481,146.71
299900,0.38,0.56,0.06,0.07050338,0.06663416,1.055611,173.14
300000,0.42,0.55,0.03,0.0772169,0.07223675,0.8422064,137.36
300100,0.35,0.6,0.05,0.07525242,0.07552957,0.6622044,150.64
300200,0.42,0.54,0.04,0.07588398,0.08218696,0.7918056,149.44
300300,0.44,0.49,0.07,0.06868721,0.06703808,1.226011,170.3
300400,0.43,0.53,0.04,0.07123385,0.07286101,0.7750052,143.21
300500,0.36,0.57,0.07,0.06721202,0.07713341,0.9522085,169.02
300600,0.41,0.46,0.13,0.07055743,0.06974689,2.054622,233.76
300700,0.42,0.52,0.06,0.06485307,0.06177498,1.109609,164.12
300800,0.44,0.53,0.03,0.07838495,0.07531457,0.8174059,145.72
300900,0.48,0.46,0.06,0.08928804,0.09504595,1.023408,160.6
301000,0.45,0.5,0.05,0.07053126,0.06581516,0.9534076,147.36
301100,0.48,0.44,0.08,0.08449814,0.08213159,1.000807,174.94
301200,0.46,0.48,0.06,0.06374802,0.06477706,1.21761,167.77
301300,0.46,0.5,0.04,0.07118277,0.069851,0.6992057,153.29
301400,0.42,0.49,0.09,0.06544436,0.06526586,1.832819,177.7
301500,0.34,0.57,0.09,0.07251894,0.07032321,1.823418,196.44
301600,0.51,0.42,0.07,0.07162064,0.06799629,1.483613,185.48
301700,0.37,0.58,0.05,0.07351983,0.0719623,0.8798075,168.74
301800,0.41,0.48,0.11,0.07418792,0.07597709,2.050621,202.35
301900,0.45,0.48,0.07,0.08424941,0.07945321,1.669016,169.79
302000,0.39,0.59,0.02,0.07166722,0.06079309,0.4586034,128.32
302100,0.41,0.55,0.04,0.087586,0.0972788,0.8242056,150.67
302200,0.39,0.56,0.05,0.1032111,0.1145915,0.8670088,148.65
302300,0.46,0.49,0.05,0.07628111,0.08160666,0.7612048,176.38
302400,0.5,0.45,0.05,0.08825979,0.08620258,1.152609,152.03
302500,0.43,0.55,0.02,0.06732023,0.0655557,0.4562019,132.03
302600,0.38,0.56,0.06,0.08453496,0.08869194,1.235412,172.05
302700,0.42,0.54,0.04,0.08873343,0.08726326,0.7198071,152.11
302800,0.44,0.55,0.01,0.07693611,0.08252153,0.1923999,114.93
302900,0.39,0.56,0.05,0.09915087,0.1037117,0.6122047,148.03
303000,0.4,0.6,0,0.07859073,0.08629135,0.2235998,122.74
303100,0.43,0.55,0.02,0.07208456,0.07145326,0.611202,130.08
303200,0.43,0.49,0.08,0.06946514,0.06554521,1.229411,184.14
303300,0.39,0.57,0.04,0.0853323,0.07738683,0.8340067,133.74
303400,0.49,0.49,0.02,0.07202892,0.06596037,0.5636029,136.21
303500,0.37,0.57,0.06,0.07593665,0.09772791,1.224212,170.49
303600,0.35,0.63,0.02,0.08437278,0.09717404,0.4582023,132.88
303700,0.42,0.53,0.05,0.07341553,0.08023164,1.537213,164.05
303800,0.37,0.58,0.05,0.06854835,0.06733654,0.7792065,156.76
303900,0.47,0.49,0.04,0.07516625,0.07753909,1.020409,134.13
304000,0.5,0.49,0.01,0.06333347,0.05819687,0.5358024,131.28
304100,0.43,0.47,0.1,0.08472314,0.08804823,1.537416,193.68
304200,0.48,0.48,0.04,0.08012959,0.07642061,1.078807,143.64
304300,0.46,0.5,0.04,0.08112679,0.07687178,1.16381,159.43
304400,0.42,0.55,0.03,0.07732613,0.07248457,0.7504063,121.25
304500,0.5,0.46,0.04,0.07853948,0.07594787,1.15561,150.89
304600,0.41,0.54,0.05,0.07044175,0.06425283,0.7686065,146.46
304700,0.4,0.49,0.11,0.0999346,0.1131914,1.99742,222.48
304800,0.48,0.43,0.09,0.09379442,0.1026591,1.632216,189.66
304900,0.42,0.51,0.07,0.07430509,0.07628205,1.469015,162.33
305000,0.45,0.49,0.06,0.09527483,0.1064748,1.098009,161.63
305100,0.49,0.48,0.03,0.07837971,0.08061371,1.088408,142
305200,0.34,0.63,0.03,0.08944682,0.09143839,0.5436043,128.37
305300,0.44,0.53,0.03,0.08429299,0.0917402,0.6354047,123.65
305400,0.52,0.42,0.06,0.07352274,0.08076957,1.260611,177.69
305500,0.42,0.54,0.04,0.06644554,0.07053979,1.162609,158.72
305600,0.45,0.51,0.04,0.08079614,0.08071318,0.8292057,136.23
305700,0.44,0.51,0.05,0.08925971,0.0913485,1.24781,156.39
305800,0.47,0.49,0.04,0.06525546,0.06547838,1.13501,130.49
305900,0.39,0.57,0.04,0.07565664,0.07482692,0.8636071,172.84
306000,0.45,0.45,0.1,0.07664075,0.07487158,1.94882,204.26
306100,0.46,0.47,0.07,0.09008238,0.09349711,1.186012,168.74
306200,0.45,0.47,0.08,0.07322828,0.06934681,1.538415,175.39
306300,0.53,0.45,0.02,0.07319483,0.07418659,0.7232046,121.94
306400,0.38,0.58,0.04,0.06519714,0.06274587,0.5872046,147.69
306500,0.37,0.56,0.07,0.08308545,0.07820799,1.240214,169.02
306600,0.46,0.52,0.02,0.07337241,0.07349506,0.6490038,113.65
306700,0.46,0.49,0.05,0.06910691,0.06280302,0.8614071,148.65
306800,0.46,0.49,0.05,0.12221,0.1241368,1.04021,144.94
306900,0.44,0.49,0.07,0.08222747,0.08095834,0.787207,145.62
307000,0.36,0.58,0.06,0.08055908,0.08076711,1.210013,148.05
307100,0.34,0.62,0.04,0.07459272,0.07416797,0.7816072,150.55
307200,0.43,0.45,0.12,0.06086764,0.05622661,1.803819,218.59
307300,0.37,0.58,0.05,0.06935868,0.06844013,0.7728061,158.41
307400,0.45,0.48,0.07,0.07031326,0.05938937,1.640416,180.01
307500,0.41,0.49,0.1,0.07702959,0.07376374,1.738219,207.19
307600,0.38,0.55,0.07,0.0696746,0.0712256,1.167811,172.97
307700,0.55,0.41,0.04,0.07596675,0.0797608,0.9660082,141.69
307800,0.39,0.51,0.1,0.07917312,0.08022315,1.673818,209.83
307900,0.34,0.6,0.06,0.07829187,0.08871313,1.318611,160.1
308000,0.44,0.52,0.04,0.07124752,0.07567739,1.06561,162.8
308100,0.38,0.55,0.07,0.07896259,0.08019618,1.517616,178.26
308200,0.42,0.52,0.06,0.07945729,0.07266619,1.292213,163.45
308300,0.38,0.54,0.08,0.07380375,0.07007868,1.737417,172.39
308400,0.44,0.48,0.08,0.07577771,0.07473231,1.586015,179.94
308500,0.39,0.52,0.09,0.06343514,0.06019551,1.830219,204.22
308600,0.41,0.55,0.04,0.07366684,0.07433411,0.7884072,147.68
308700,0.44,0.51,0.05,0.0668423,0.06678629,1.232409,156.29
308800,0.49,0.44,0.07,0.06831053,0.07109694,1.399814,168.93
308900,0.38,0.58,0.04,0.06547321,0.05963959,1.006609,169.57
309000,0.42,0.5,0.08,0.07811119,0.08223337,1.606216,171.77
309100,0.45,0.46,0.09,0.08027323,0.08799417,1.694616,198.5
309200,0.44,0.54,0.02,0.07980689,0.0750089,0.5484023,130.4
309300,0.42,0.53,0.05,0.1032931,0.1141925,1.207412,168.35
309400,0.44,0.56,0,0.07879797,0.08521594,0.2685998,103.33
309500,0.38,0.53,0.09,0.06836339,0.06398148,1.777818,181.44
309600,0.54,0.44,0.02,0.09562022,0.09988939,0.4968018,123.11
309700,0.41,0.53,0.06,0.08685259,0.09234934,1.043409,154.22
309800,0.38,0.55,0.07,0.1108116,0.1000498,1.259212,153.5
309900,0.37,0.6,0.03,0.09494993,0.09712099,0.6690065,117.36
310000,0.55,0.42,0.03,0.09048026,0.1039699,0.9632069,136.27
310100,0.47,0.5,0.03,0.1086524,0.1309393,0.5686023,131.76
310200,0.4,0.55,0.05,0.08601023,0.0797208,1.056409,146.66
310300,0.48,0.46,0.06,0.06863811,0.06696244,1.404013,156.67
310400,0.46,0.5,0.04,0.06143688,0.05861155,0.6696036,144.87
310500,0.47,0.49,0.04,0.1149071,0.1095603,0.8008052,140.7
310600,0.41,0.55,0.04,0.09936185,0.1003261,0.7770064,136.73
310700,0.46,0.5,0.04,0.06969288,0.06419098,0.7124045,148.14
310800,0.51,0.48,0.01,0.08663572,0.09881506,0.5396019,111.4
310900,0.4,0.54,0.06,0.08090438,0.08001311,1.20761,166.79
311000,0.47,0.47,0.06,0.07745086,0.08085016,1.310412,140.85
311100,0.41,0.54,0.05,0.07598311,0.08329111,1.179812,141.87
311200,0.44,0.48,0.08,0.07739554,0.07191971,0.7020061,166.09
311300,0.47,0.45,0.08,0.07770739,0.08408745,1.346014,168.05
311400,0.39,0.54,0.07,0.06401233,0.05806986,0.8308066,172.24
311500,0.43,0.54,0.03,0.09106101,0.08514916,0.7704045,137.27
311600,0.45,0.51,0.04,0.1011546,0.120478,0.9028067,128.89
311700,0.47,0.47,0.06,0.06685574,0.05980853,1.235609,170.54
311800,0.49,0.41,0.1,0.07459491,0.07352016,2.079822,190.65
311900,0.43,0.54,0.03,0.07873181,0.07558253,0.8576049,128.44
312000,0.48,0.47,0.05,0.08741162,0.1004422,1.04841,150.67
312100,0.52,0.45,0.03,0.06838553,0.06178359,0.8208069,143.35
312200,0.35,0.59,0.06,0.07083593,0.06681423,1.209013,148.95
312300,0.5,0.42,0.08,0.07757145,0.07325964,1.651415,185.02
312400,0.44,0.47,0.09,0.07448617,0.07473547,1.446015,182.11
312500,0.4,0.53,0.07,0.07264085,0.06910433,0.9008085,159.79
312600,0.48,0.46,0.06,0.08048135,0.08861529,1.345811,157.23
312700,0.44,0.48,0.08,0.07263502,0.08085132,1.290411,216.67
312800,0.44,0.48,0.08,0.08676991,0.08714629,1.362413,179.92
312900,0.45,0.52,0.03,0.08112733,0.07695506,0.8842062,130.62
313000,0.49,0.48,0.03,0.06077419,0.05710268,0.6552048,130.21
313100,0.42,0.52,0.06,0.06721871,0.06516468,1.06101,170.07
313200,0.41,0.54,0.05,0.09353215,0.08971847,0.9926078,164.76
313300,0.39,0.55,0.06,0.1065388,0.09031942,1.400414,158.4
313400,0.44,0.52,0.04,0.06575225,0.0615592,0.810607,145.26
313500,0.46,0.45,0.09,0.07781921,0.07809184,1.525415,184.35
313600,0.4,0.54,0.06,0.09882883,0.09644659,1.308014,163.4
313700,0.42,0.5,0.08,0.07574853,0.08081365,1.318013,176.77
313800,0.44,0.5,0.06,0.08228739,0.07360127,1.366411,149.59
313900,0.44,0.5,0.06,0.07766669,0.07300588,1.445212,174.39
314000,0.44,0.49,0.07,0.08818534,0.09709829,1.180011,165.96
314100,0.41,0.51,0.08,0.06699081,0.06406974,1.447813,187.21
314200,0.32,0.59,0.09,0.08124154,0.07730485,1.724619,193.63
314300,0.4,0.56,0.04,0.08105462,0.07460818,0.5632044,124.57
314400,0.48,0.44,0.08,0.096324,0.1105832,0.9794081,175.35
314500,0.38,0.56,0.06,0.06749622,0.06562059,1.349211,164.15
314600,0.49,0.46,0.05,0.06186927,0.05799427,1.139011,154.61
314700,0.38,0.6,0.02,0.07783764,0.08689505,0.3094021,133.59
314800,0.41,0.53,0.06,0.09166387,0.09118046,1.04521,146.78
314900,0.39,0.55,0.06,0.08100189,0.08798783,1.416813,163.48
315000,0.4,0.58,0.02,0.09366574,0.09244741,0.5412043,126.65
315100,0.51,0.44,0.05,0.06036932,0.0578553,1.25321,167.46
315200,0.44,0.53,0.03,0.07651874,0.07360543,0.9352044,128.18
315300,0.45,0.47,0.08,0.08142753,0.08258823,1.96562,177.08
315400,0.44,0.5,0.06,0.06612872,0.069834,1.515813,163
315500,0.4,0.59,0.01,0.08211958,0.07877611,0.2333998,110.39
315600,0.39,0.58,0.03,0.09293681,0.1041414,0.7294067,136.92
315700,0.37,0.52,0.11,0.07389814,0.07340493,1.85782,218.41
315800,0.43,0.53,0.04,0.06350476,0.06472951,0.4592021,138.25
315900,0.43,0.5,0.07,0.08450481,0.0814694,1.350612,181.1
316000,0.43,0.53,0.04,0.0896522,0.08776441,0.9898083,135.53
316100,0.34,0.62,0.04,0.104628,0.1112294,0.6080044,133.72
316200,0.36,0.59,0.05,0.07677056,0.06827798,0.7200059,158.15
316300,0.49,0.5,0.01,0.1000475,0.08605209,0.3996019,102.37
316400,0.46,0.49,0.05,0.07279336,0.06390026,1.236211,155.48
316500,0.4,0.51,0.09,0.09147849,0.09297367,1.755417,168.63
316600,0.38,0.48,0.14,0.08283611,0.08794649,2.313226,221.64
316700,0.43,0.49,0.08,0.0778426,0.07672927,1.573816,168.66
316800,0.43,0.47,0.1,0.1065679,0.110389,1.446615,177.51
316900,0.41,0.57,0.02,0.09327628,0.1255348,0.5352046,126.44
317000,0.45,0.46,0.09,0.0788824,0.07713905,1.097208,203.79
317100,0.46,0.45,0.09,0.08384089,0.08542427,1.807018,191.35
317200,0.41,0.54,0.05,0.08992756,0.1030436,1.274411,163.45
317300,0.44,0.51,0.05,0.07882729,0.08792226,1.05461,146.05
317400,0.5,0.48,0.02,0.09126204,0.09569135,0.4420007,127.24
317500,0.37,0.56,0.07,0.06851798,0.06640292,1.507616,152.25
317600,0.46,0.49,0.05,0.08063365,0.08947346,0.8242043,153.5
317700,0.45,0.5,0.05,0.08287551,0.08284178,0.9292085,152.19
317800,0.38,0.57,0.05,0.06965532,0.07487788,1.101009,154.21
317900,0.45,0.49,0.06,0.1003715,0.09717746,0.838205,152.97
318000,0.44,0.54,0.02,0.08721934,0.08732238,0.7486047,122.58
318100,0.38,0.53,0.09,0.07706535,0.08097623,1.291013,188.69
318200,0.37,0.57,0.06,0.06900003,0.05899137,1.242611,150.31
318300,0.36,0.58,0.06,0.08007015,0.07925588,1.167812,159.66
318400,0.39,0.55,0.06,0.0836265,0.08366725,1.000207,162.2
318500,0.43,0.55,0.02,0.08313194,0.08327393,0.6938044,125.38
318600,0.51,0.48,0.01,0.08605405,0.07982484,0.5244019,115.22
318700,0.35,0.58,0.07,0.07368065,0.06902235,1.237611,189.4
318800,0.39,0.53,0.08,0.0758555,0.07320773,1.490416,177.63
318900,0.49,0.45,0.06,0.08362526,0.08818101,1.17641,169.08
319000,0.52,0.38,0.1,0.07782128,0.07722571,1.004008,191.81
319100,0.45,0.5,0.05,0.08573556,0.08492694,1.228009,150
319200,0.45,0.49,0.06,0.07620199,0.07558011,1.351013,161.29
319300,0.4,0.56,0.04,0.08406658,0.08050741,0.8606052,156.25
319400,0.4,0.55,0.05,0.07199184,0.0644701,1.092012,143.05
319500,0.41,0.51,0.08,0.07427603,0.09001606,1.688415,202.39
319600,0.42,0.5,0.08,0.09196543,0.09415044,1.466614,154.42
319700,0.36,0.57,0.07,0.08271075,0.08205853,1.101609,167.87
319800,0.42,0.54,0.04,0.09257109,0.09696136,1.034009,158.66
319900,0.47,0.5,0.03,0.07178681,0.069482,0.7580041,140.45
320000,0.47,0.49,0.04,0.06720833,0.06833742,1.176008,167.33
320100,0.35,0.6,0.05,0.07317178,0.0813892,1.061409,146.73
320200,0.48,0.49,0.03,0.09910648,0.1121387,0.924805,129.37
320300,0.33,0.62,0.05,0.06824228,0.06198756,1.01981,148.25
320400,0.41,0.51,0.08,0.07831827,0.07449144,1.442613,175.58
320500,0.37,0.55,0.08,0.09211529,0.1000546,1.668219,196.88
320600,0.48,0.49,0.03,0.06827956,0.06903414,0.8976047,139.01
320700,0.46,0.46,0.08,0.07687168,0.08031479,1.349614,175.2
320800,0.45,0.47,0.08,0.07848542,0.07210157,1.097809,172.14
320900,0.39,0.59,0.02,0.09497742,0.110165,0.4318022,124.02
321000,0.41,0.55,0.04,0.07527179,0.07288459,1.058808,141.59
321100,0.47,0.48,0.05,0.06873839,0.06858005,1.032808,153.84
321200,0.4,0.53,0.07,0.06662097,0.06374513,0.857204,181.91
321300,0.45,0.51,0.04,0.08590682,0.08605292,0.6538043,157.12
321400,0.5,0.45,0.05,0.1168496,0.1113161,1.157209,140.42
321500,0.38,0.56,0.06,0.06747457,0.06930936,1.012408,162.14
321600,0.45,0.49,0.06,0.08961459,0.09603694,1.364014,162.19
321700,0.41,0.54,0.05,0.08636209,0.07854012,0.8546061,143.87
321800,0.39,0.55,0.06,0.100356,0.1030318,1.267214,151.31
321900,0.51,0.4,0.09,0.07550134,0.07002184,1.668014,185.56
322000,0.47,0.47,0.06,0.08239784,0.08562814,1.22001,152.27
322100,0.42,0.52,0.06,0.08728286,0.09260535,1.186812,141.13
322200,0.47,0.48,0.05,0.0806942,0.07720183,0.711204,158.97
322300,0.47,0.47,0.06,0.08442554,0.09348564,0.8640065,169.48
322400,0.47,0.5,0.03,0.0953953,0.09559213,0.6376049,121.32
322500,0.37,0.55,0.08,0.06916721,0.06182449,1.614217,210.9
322600,0.41,0.53,0.06,0.09211689,0.1068359,1.106811,168.69
322700,0.46,0.48,0.06,0.06655566,0.06472942,1.502813,164.74
322800,0.45,0.49,0.06,0.08066324,0.08878728,1.24281,167.26
322900,0.41,0.51,0.08,0.08300293,0.07784133,1.374412,171.71
323000,0.42,0.54,0.04,0.06747074,0.06372311,0.5492024,159.4
323100,0.36,0.57,0.07,0.07339358,0.07164305,1.324014,166.55
323200,0.43,0.51,0.06,0.07364555,0.09066585,1.286213,161.69
323300,0.37,0.59,0.04,0.08972669,0.0902205,0.6908054,160.85
323400,0.44,0.48,0.08,0.07349209,0.07482851,1.663218,191.69
323500,0.43,0.48,0.09,0.08064581,0.07220812,1.076407,187.29
323600,0.41,0.52,0.07,0.08305532,0.09675633,0.9496084,171.7
323700,0.49,0.47,0.04,0.08177162,0.07687193,0.9034064,148
323800,0.49,0.45,0.06,0.09821862,0.09854187,1.419413,144.19
323900,0.5,0.43,0.07,0.07118497,0.07018448,1.588613,198.28
324000,0.37,0.59,0.04,0.08567443,0.07912143,0.5290033,120.85
324100,0.5,0.44,0.06,0.07789175,0.08526145,1.092609,161.63
324200,0.47,0.49,0.04,0.07762102,0.07841542,0.9072082,131.89
324300,0.48,0.43,0.09,0.06906962,0.06726012,1.132009,198.99
324400,0.5,0.46,0.04,0.06461409,0.0610605,1.038608,160.28
324500,0.44,0.5,0.06,0.06149238,0.06249695,1.303612,173.82
324600,0.37,0.59,0.04,0.09021728,0.07757542,0.8100054,157.26
324700,0.43,0.5,0.07,0.06552791,0.06468953,1.466015,188.84
324800,0.39,0.56,0.05,0.06976149,0.06695153,0.9774086,149.18
324900,0.44,0.48,0.08,0.06945466,0.06847325,1.605617,170.36
325000,0.34,0.57,0.09,0.08855527,0.1002754,1.771416,170.66
325100,0.36,0.55,0.09,0.07526819,0.07831342,1.427216,185.18
325200,0.47,0.48,0.05,0.09065113,0.08381763,1.097209,161.96
325300,0.47,0.5,0.03,0.08768915,0.08428437,0.8828073,122.11
325400,0.44,0.52,0.04,0.08836333,0.1008628,0.7838061,130.96
325500,0.46,0.48,0.06,0.08177134,0.0870154,1.03941,159.76
325600,0.38,0.58,0.04,0.08365187,0.08323036,0.8402073,120.75
325700,0.45,0.51,0.04,0.09384288,0.09450236,0.8734065,136.54
325800,0.45,0.54,0.01,0.1029312,0.1083788,0.448002,118.21
325900,0.52,0.42,0.06,0.0721276,0.07274237,0.9796094,153.08
326000,0.43,0.49,0.08,0.07489087,0.07433829,1.191811,172.73
326100,0.46,0.51,0.03,0.07001483,0.06605519,0.587204,130.04
326200,0.4,0.56,0.04,0.07900555,0.08558761,1.02721,143.07
326300,0.37,0.57,0.06,0.0656351,0.07054405,1.315814,172.78
326400,0.43,0.55,0.02,0.08470456,0.09602699,0.7456047,121.92
326500,0.47,0.48,0.05,0.08722077,0.08885645,1.08841,141.08
326600,0.46,0.47,0.07,0.08272988,0.07354361,1.12241,170.99
326700,0.43,0.52,0.05,0.07938372,0.08644737,1.151812,143.07
326800,0.43,0.52,0.05,0.09499954,0.1007141,1.155612,165.76
326900,0.45,0.49,0.06,0.07603021,0.06950077,0.9790089,159.13
327000,0.44,0.5,0.06,0.08446444,0.07701077,1.193209,156.85
327100,0.34,0.63,0.03,0.07044926,0.07008682,0.6332042,132.67
327200,0.46,0.48,0.06,0.06517878,0.06708662,1.304211,181.52
327300,0.45,0.52,0.03,0.0647267,0.06523178,0.8056037,138.95
327400,0.46,0.48,0.06,0.07485985,0.06756748,1.393012,170.29
327500,0.48,0.45,0.07,0.07598025,0.07998081,1.114609,171.16
327600,0.51,0.48,0.01,0.1175102,0.117985,0.443002,105.22
327700,0.39,0.57,0.04,0.09595633,0.1024966,0.9346092,142.87
327800,0.47,0.44,0.09,0.08051287,0.08506776,1.483616,183.51
327900,0.37,0.58,0.05,0.07438557,0.07657455,0.9020087,166.35
328000,0.46,0.51,0.03,0.07393748,0.06775127,0.4412019,144.21
328100,0.43,0.52,0.05,0.08016555,0.08648321,0.9268093,145.8
328200,0.43,0.53,0.04,0.08089896,0.08850291,0.8824071,148.97
328300,0.44,0.51,0.05,0.08335365,0.09653129,0.8872089,146.85
328400,0.45,0.51,0.04,0.08389467,0.08380634,1.053608,146.76
328500,0.5,0.43,0.07,0.09323901,0.07795911,1.19161,165.31
328600,0.46,0.49,0.05,0.08277335,0.0911058,1.018809,163.5
328700,0.35,0.62,0.03,0.09272876,0.09699117,0.6228061,122.85
328800,0.43,0.53,0.04,0.08133762,0.08978391,1.10321,159.13
328900,0.36,0.6,0.04,0.08347007,0.08431669,0.8706065,160.48
329000,0.44,0.51,0.05,0.08872752,0.08372977,1.06561,173.55
329100,0.46,0.46,0.08,0.07208166,0.08187574,1.22801,173.86
329200,0.43,0.55,0.02,0.09915552,0.1083716,0.6230044,117.66
329300,0.45,0.49,0.06,0.09666187,0.09270234,1.212012,162.75
329400,0.47,0.5,0.03,0.08263935,0.08335923,0.6112039,134.51
329500,0.45,0.45,0.1,0.08488775,0.0906432,1.322214,192.81
329600,0.45,0.49,0.06,0.09819552,0.09828652,1.26641,178.69
329700,0.4,0.54,0.06,0.06765673,0.06602369,0.7524046,173.45
329800,0.42,0.52,0.06,0.0683542,0.06503411,1.012207,162.66
329900,0.4,0.56,0.04,0.07345945,0.07233451,0.6682047,152.14
330000,0.46,0.47,0.07,0.08471411,0.0838521,1.076609,171.67
330100,0.34,0.65,0.01,0.08427393,0.08070751,0.3096017,125.83
330200,0.45,0.5,0.05,0.06795053,0.0661317,1.282812,143.54
330300,0.43,0.51,0.06,0.07209813,0.07315058,1.045009,159.14
330400,0.45,0.5,0.05,0.0719858,0.07516508,1.206612,153.2
330500,0.44,0.49,0.07,0.08171003,0.08693018,1.094811,173.75
330600,0.4,0.52,0.08,0.08505617,0.08572391,1.216011,177.68
330700,0.34,0.61,0.05,0.07772063,0.07730523,1.066009,158.14
330800,0.3,0.66,0.04,0.07072029,0.07193885,0.6440056,145.62
330900,0.42,0.55,0.03,0.07930931,0.07495789,0.3430023,140.73
331000,0.4,0.54,0.06,0.09014124,0.101232,1.11301,173.16
331100,0.37,0.53,0.1,0.08640707,0.09301307,1.671418,199.5
331200,0.43,0.54,0.03,0.07882311,0.07452966,0.3906025,130.8
331300,0.38,0.6,0.02,0.09360535,0.0959539,0.397202,135.4
331400,0.39,0.57,0.04,0.08373529,0.08634792,0.9170082,138.83
331500,0.47,0.5,0.03,0.07760931,0.0701716,0.5380042,134.52
331600,0.37,0.55,0.08,0.07018592,0.07080144,1.458814,207.96
331700,0.3,0.64,0.06,0.069469,0.06861064,0.6384064,146.61
331800,0.44,0.52,0.04,0.0773966,0.08054538,1.101609,148.09
331900,0.34,0.59,0.07,0.07565994,0.08026876,1.392415,162.43
332000,0.41,0.55,0.04,0.06886683,0.06222002,0.706805,158.43
332100,0.4,0.59,0.01,0.07906818,0.06916508,0.3956022,132.23
332200,0.43,0.5,0.07,0.0708231,0.07572228,1.541816,160.28
332300,0.45,0.5,0.05,0.07479271,0.06958148,0.9972092,147.77
332400,0.43,0.49,0.08,0.07230818,0.07007404,1.084208,172.22
332500,0.45,0.53,0.02,0.08508505,0.07397597,0.4958015,119.11
332600,0.48,0.49,0.03,0.09122284,0.0844107,0.8716065,125.45
332700,0.49,0.45,0.06,0.081388,0.09304438,1.543613,165.53
332800,0.45,0.5,0.05,0.07202081,0.06767447,1.09561,142.11
332900,0.34,0.6,0.06,0.07240667,0.06783691,1.114208,168.25
333000,0.42,0.48,0.1,0.06855043,0.06549209,1.534617,203.01
333100,0.34,0.62,0.04,0.08363301,0.09192871,0.6050038,161.73
333200,0.45,0.52,0.03,0.08570364,0.09330954,0.8652055,133.52
333300,0.38,0.53,0.09,0.08315871,0.08361956,1.689417,193.83
333400,0.43,0.52,0.05,0.07810611,0.07379913,0.4572021,139.23
333500,0.42,0.55,0.03,0.08057338,0.07806411,0.6780034,135.98
333600,0.44,0.49,0.07,0.06738998,0.06097547,1.439414,180.98
333700,0.48,0.48,0.04,0.07547115,0.07785828,0.920008,144.54
333800,0.37,0.58,0.05,0.0773509,0.07899191,0.5520045,144.49
333900,0.42,0.54,0.04,0.0686703,0.06968825,0.9878088,137.79
334000,0.44,0.52,0.04,0.07366181,0.07392663,0.7794068,156.78
334100,0.38,0.58,0.04,0.07838976,0.08557417,0.8854057,157.2
334200,0.38,0.56,0.06,0.08645824,0.08401036,0.7230055,164.25
334300,0.37,0.58,0.05,0.08319108,0.09335849,1.085611,142.6
334400,0.45,0.53,0.02,0.07512668,0.07963867,0.6898038,132.66
334500,0.42,0.51,0.07,0.08941096,0.09220771,0.9854091,167.56
334600,0.4,0.54,0.06,0.0837976,0.08823194,0.7584043,165.66
334700,0.36,0.59,0.05,0.07143173,0.07020483,0.8448077,171.65
334800,0.45,0.51,0.04,0.09249531,0.09208094,0.7830061,143.92
334900,0.39,0.59,0.02,0.1035658,0.09994251,0.6592038,127.12
335000,0.5,0.44,0.06,0.07701045,0.07104027,1.540814,155.11
335100,0.32,0.65,0.03,0.08992559,0.08138457,0.7162078,127.09
335200,0.44,0.49,0.07,0.08228482,0.07742047,1.515816,184.2
335300,0.4,0.53,0.07,0.06818046,0.06704337,1.08881,185.38
335400,0.58,0.4,0.02,0.08788688,0.08218566,0.7308017,133.05
335500,0.42,0.52,0.06,0.09328569,0.08687546,0.6788049,166.74
335600,0.41,0.54,0.05,0.08099327,0.08003452,0.9830092,164.47
335700,0.47,0.49,0.04,0.06989233,0.06423611,0.7654065,138.06
335800,0.37,0.6,0.03,0.0705912,0.07051788,0.677204,143.29
335900,0.42,0.57,0.01,0.1017946,0.1047943,0.2199998,109.72
336000,0.41,0.57,0.02,0.08134692,0.07493073,0.5864044,125.61
336100,0.43,0.52,0.05,0.08313619,0.08302338,1.028009,160.23
336200,0.38,0.6,0.02,0.08002243,0.0837359,0.557405,99.05
336300,0.39,0.59,0.02,0.07227382,0.06531584,0.443602,111.26
336400,0.41,0.56,0.03,0.07280793,0.07377157,0.9676062,139.42
336500,0.37,0.6,0.03,0.07688008,0.07635364,0.7142065,133.19
336600,0.39,0.57,0.04,0.0747849,0.08047585,0.8638068,161.5
336700,0.44,0.54,0.02,0.06856158,0.06964261,0.7100043,122.22
336800,0.43,0.51,0.06,0.09117362,0.07947176,0.9222085,146.34
336900,0.51,0.47,0.02,0.07130229,0.07437442,0.5964023,128.84
337000,0.36,0.61,0.03,0.07916954,0.0843586,0.9822053,131.75
337100,0.38,0.59,0.03,0.07372072,0.07851301,0.6244043,134.92
337200,0.48,0.48,0.04,0.07275603,0.07417049,0.717804,128.19
337300,0.47,0.49,0.04,0.0825999,0.0801797,1.168609,176.64
337400,0.38,0.59,0.03,0.08488539,0.08298959,0.8774068,131.03
337500,0.44,0.55,0.01,0.09633286,0.09651594,0.4169996,118.88
337600,0.42,0.55,0.03,0.09784076,0.1041955,0.7964058,130.05
337700,0.4,0.56,0.04,0.09849539,0.1045901,0.5632049,150.93
337800,0.44,0.49,0.07,0.1258299,0.1211835,1.220009,169.97
337900,0.33,0.61,0.06,0.07273536,0.07057311,1.274014,148.42
338000,0.48,0.46,0.06,0.06618705,0.07126562,0.8560061,155.76
338100,0.41,0.58,0.01,0.09319773,0.09387669,0.4512016,120.06
338200,0.32,0.64,0.04,0.1016,0.1079194,0.661807,138.93
338300,0.41,0.59,0,0.07166603,0.07178263,0.3293997,93.89
338400,0.4,0.57,0.03,0.07484624,0.07339548,0.7694059,139.85
338500,0.47,0.48,0.05,0.09876769,0.1043288,1.375812,153.88
338600,0.38,0.58,0.04,0.09237825,0.09573396,0.6464056,134.78
338700,0.42,0.55,0.03,0.09026688,0.07957191,0.8750068,136.01
338800,0.37,0.55,0.08,0.07636594,0.0711958,1.535615,188.44
338900,0.42,0.54,0.04,0.09350711,0.08782251,0.6042043,133.52
339000,0.43,0.55,0.02,0.08011995,0.08655751,0.409402,118.09
339100,0.41,0.52,0.07,0.07325942,0.07071947,1.505216,150.73
339200,0.43,0.53,0.04,0.08846555,0.07914124,0.8224072,126.51
339300,0.47,0.5,0.03,0.07346595,0.06527402,0.9180064,144.61
339400,0.31,0.63,0.06,0.08381611,0.0857343,1.109412,161.63
339500,0.42,0.54,0.04,0.06597595,0.06429082,1.09401,157.75
339600,0.42,0.5,0.08,0.0777875,0.07231633,1.18241,180.18
339700,0.39,0.59,0.02,0.09318906,0.09483255,0.6642044,110.93
339800,0.47,0.48,0.05,0.08948132,0.1013977,0.6462039,140.76
339900,0.52,0.47,0.01,0.07237209,0.06307456,0.520202,129.6
340000,0.45,0.51,0.04,0.0692018,0.0630645,0.7478045,152.59
340100,0.41,0.53,0.06,0.09439547,0.114296,1.124009,164.41
340200,0.4,0.57,0.03,0.06674812,0.06389846,0.7360039,146.93
340300,0.39,0.57,0.04,0.06997685,0.06672525,0.9564091,150.25
340400,0.46,0.48,0.06,0.09820836,0.1043833,1.180011,149.4
340500,0.47,0.51,0.02,0.07950873,0.07716536,0.4356018,142.74
340600,0.39,0.58,0.03,0.06663396,0.06718377,0.8094053,150.57
340700,0.44,0.53,0.03,0.06617346,0.06557787,0.5066022,151.33
340800,0.35,0.6,0.05,0.08269178,0.08881495,1.180412,149.42
340900,0.45,0.51,0.04,0.07381122,0.06920548,1.119009,142.11
341000,0.46,0.49,0.05,0.07707586,0.0754935,1.024409,140.68
341100,0.42,0.52,0.06,0.07842506,0.08259382,1.296212,164.26
341200,0.39,0.57,0.04,0.0798013,0.08444554,0.7796069,154.73
341300,0.38,0.55,0.07,0.08799552,0.09049546,1.421413,179.41
341400,0.4,0.54,0.06,0.06567806,0.06338274,0.7540067,160.28
341500,0.41,0.57,0.02,0.09148256,0.08819135,0.5438031,126.37
341600,0.44,0.51,0.05,0.07402395,0.08214886,0.8352068,158.59
341700,0.39,0.59,0.02,0.09999463,0.1034911,0.4678026,116.62
341800,0.42,0.58,0,0.08556195,0.08935911,0.2973998,108.61
341900,0.41,0.54,0.05,0.07819702,0.06981046,1.08441,149.81
342000,0.49,0.47,0.04,0.07342201,0.07319603,0.5452042,132.36
342100,0.46,0.51,0.03,0.09366045,0.09343218,0.6942064,153.4
342200,0.33,0.61,0.06,0.08350049,0.07786589,1.064011,158.46
342300,0.36,0.57,0.07,0.08335496,0.07757965,1.626616,172.77
342400,0.35,0.56,0.09,0.06944396,0.06504984,1.640617,176.34
342500,0.41,0.51,0.08,0.0650449,0.06595901,1.765617,207.48
342600,0.37,0.57,0.06,0.0935833,0.09961183,0.948808,151.04
342700,0.39,0.6,0.01,0.08180484,0.08284677,0.453202,133.3
342800,0.37,0.59,0.04,0.08255566,0.08882113,0.653204,169.16
342900,0.46,0.5,0.04,0.06368938,0.06109446,0.9566088,161.77
343000,0.45,0.55,0,0.1005301,0.09668135,0.2947998,110.38
343100,0.46,0.46,0.08,0.07412203,0.07203116,1.518415,174.46
343200,0.39,0.52,0.09,0.1004663,0.1063968,1.503416,191.89
343300,0.44,0.53,0.03,0.07215138,0.0694586,0.9166059,146.06
343400,0.36,0.59,0.05,0.1055143,0.1100979,0.9016072,141.7
343500,0.4,0.56,0.04,0.06386434,0.06440938,0.811407,144.34
343600,0.33,0.62,0.05,0.1122785,0.09854582,0.7090058,141.86
343700,0.45,0.51,0.04,0.09542911,0.09927153,0.8438076,136.62
343800,0.41,0.54,0.05,0.07202037,0.07015091,0.9148098,140.13
343900,0.38,0.57,0.05,0.08250019,0.07843185,1.108211,136.15
344000,0.45,0.52,0.03,0.0883775,0.08249728,0.6460045,124.28
344100,0.35,0.62,0.03,0.07260206,0.07863483,0.7116062,142.19
344200,0.43,0.56,0.01,0.07452998,0.07446546,0.5110022,105.99
344300,0.39,0.56,0.05,0.07454697,0.07065699,0.816607,147.84
344400,0.35,0.63,0.02,0.1096202,0.09815639,0.5366045,123
344500,0.42,0.55,0.03,0.07626565,0.07512449,0.7196045,135.75
344600,0.4,0.52,0.08,0.07828206,0.06862769,1.374214,175.21
344700,0.39,0.58,0.03,0.07875679,0.07092229,0.7318066,133.98
344800,0.48,0.51,0.01,0.07705246,0.07225745,0.5034019,115.76
344900,0.45,0.54,0.01,0.08320311,0.0788785,0.4414023,115.01
345000,0.41,0.48,0.11,0.06905274,0.06642643,2.056222,206.49
345100,0.38,0.54,0.08,0.10909,0.1041595,1.389413,168.09
345200,0.43,0.54,0.03,0.07256685,0.07466708,0.8718044,165.32
345300,0.45,0.54,0.01,0.08634734,0.09459975,0.5580015,131.03
345400,0.3,0.66,0.04,0.08855363,0.09725061,0.9210079,143.76
345500,0.33,0.64,0.03,0.07374062,0.07128931,0.5578032,124.65
345600,0.48,0.44,0.08,0.08081055,0.07881227,1.549015,193.32
345700,0.47,0.47,0.06,0.08652183,0.08404108,1.516412,159.52
345800,0.34,0.56,0.1,0.1091982,0.1045365,1.764618,211.4
345900,0.43,0.48,0.09,0.08409918,0.07771728,1.750417,188.56
346000,0.43,0.53,0.04,0.0787933,0.08149678,0.9978066,143.95
346100,0.34,0.61,0.05,0.06905276,0.06587172,1.006811,144.69
346200,0.47,0.46,0.07,0.08517118,0.08598168,1.439415,164.24
346300,0.39,0.54,0.07,0.07386772,0.07063512,1.362414,188.01
346400,0.49,0.48,0.03,0.07706895,0.07140683,0.9664068,155.94
346500,0.38,0.59,0.03,0.08524723,0.08060063,0.4256021,123.02
346600,0.48,0.5,0.02,0.07482032,0.06818792,0.7792038,128.39
346700,0.34,0.6,0.06,0.0722794,0.07009908,0.9176088,159.23
346800,0.46,0.49,0.05,0.07199889,0.06486916,0.660804,165.44
346900,0.41,0.55,0.04,0.08223649,0.08025361,0.9800088,132.39
347000,0.37,0.57,0.06,0.07514819,0.0769493,1.314213,171.35
347100,0.48,0.46,0.06,0.081319,0.07262471,1.278209,146.1
347200,0.39,0.58,0.03,0.09142044,0.09036036,0.7790056,138.53
347300,0.4,0.58,0.02,0.0881532,0.08257783,0.363602,128.92
347400,0.45,0.5,0.05,0.07420854,0.06736072,0.9708095,162.36
347500,0.47,0.49,0.04,0.06913349,0.06660413,1.141809,133.65
347600,0.48,0.43,0.09,0.06833881,0.06289548,1.668818,200.56
347700,0.44,0.53,0.03,0.1001713,0.1037793,0.7936063,124.78
347800,0.46,0.5,0.04,0.08024517,0.07228907,0.5656024,147.09
347900,0.4,0.55,0.05,0.06518676,0.06306702,1.05381,154.78
348000,0.37,0.58,0.05,0.06661031,0.07191519,0.5824044,162.22
348100,0.41,0.55,0.04,0.07340507,0.066989,0.725606,161.68
348200,0.34,0.63,0.03,0.09670043,0.09346487,0.5682048,156.3
348300,0.35,0.56,0.09,0.08308853,0.09061384,1.892019,196.12
348400,0.42,0.55,0.03,0.07874189,0.08082397,0.8480068,134.4
348500,0.41,0.56,0.03,0.09498654,0.09424441,0.4556024,108.75
348600,0.57,0.4,0.03,0.07307644,0.06957331,0.8802043,134.02
348700,0.48,0.4,0.12,0.06125835,0.07724491,2.318223,218.78
348800,0.4,0.57,0.03,0.0732863,0.08066431,0.9370057,151.95
348900,0.53,0.43,0.04,0.07384966,0.07913703,1.126009,148.96
349000,0.53,0.43,0.04,0.06419095,0.05554304,0.8992063,138.31
349100,0.44,0.52,0.04,0.07247602,0.06680673,1.064409,147.35
349200,0.43,0.53,0.04,0.07014696,0.06542873,1.072808,135.14
349300,0.36,0.57,0.07,0.1006021,0.09206924,1.220811,159.35
349400,0.42,0.52,0.06,0.07574079,0.07837059,0.8702058,162.39
349500,0.38,0.6,0.02,0.0846402,0.07983281,0.4370018,134.03
349600,0.47,0.5,0.03,0.08737527,0.08048327,0.985606,141.17
349700,0.37,0.55,0.08,0.07926334,0.07951121,1.381813,200.91
349800,0.45,0.54,0.01,0.07154569,0.06277928,0.4312024,121.4
349900,0.46,0.47,0.07,0.07298271,0.06659792,1.556815,170.14
350000,0.43,0.52,0.05,0.06205356,0.05521777,0.9968088,178.2
350100,0.42,0.56,0.02,0.08169321,0.08511887,0.5386024,127.04
350200,0.44,0.53,0.03,0.07241683,0.07625578,0.6884044,127.23
350300,0.39,0.53,0.08,0.08924093,0.09029324,1.623013,177.03
350400,0.35,0.6,0.05,0.08801486,0.1098278,0.6514045,160.77
350500,0.44,0.51,0.05,0.1059422,0.1039815,0.9392084,147.44
350600,0.46,0.47,0.07,0.07037178,0.06926417,1.672613,186.04
350700,0.47,0.48,0.05,0.09369124,0.0901419,1.113009,133.55
350800,0.45,0.52,0.03,0.06753308,0.06544136,0.9430068,129.87
350900,0.47,0.51,0.02,0.08408388,0.08149744,0.6350042,130.16
351000,0.46,0.52,0.02,0.08565505,0.073702,0.5280048,127.01
351100,0.5,0.46,0.04,0.08084763,0.09806541,0.8074044,133.65
351200,0.4,0.57,0.03,0.07767619,0.08218688,0.5304043,119.08
351300,0.49,0.47,0.04,0.08096929,0.07932759,1.017608,139.21
351400,0.44,0.5,0.06,0.06739981,0.05600556,1.252411,177.88
351500,0.38,0.56,0.06,0.07663539,0.07215881,1.402414,160
351600,0.5,0.46,0.04,0.07410641,0.06712653,0.8108073,145.68
351700,0.32,0.6,0.08,0.07741135,0.07855506,1.521615,177.29
351800,0.44,0.52,0.04,0.07402309,0.06750237,0.8520062,153.45
351900,0.43,0.55,0.02,0.07236327,0.06196007,0.7164044,141.73
352000,0.49,0.47,0.04,0.07435933,0.07163756,0.7980046,141.96
352100,0.49,0.46,0.05,0.07810352,0.07759742,1.162408,150.63
352200,0.52,0.44,0.04,0.07560904,0.07108553,1.133809,152.83
352300,0.43,0.48,0.09,0.07414975,0.07839648,1.712819,191.32
352400,0.48,0.46,0.06,0.08124051,0.08190478,1.384811,167.92
352500,0.42,0.55,0.03,0.07642777,0.06589809,0.8610069,136.42
352600,0.48,0.49,0.03,0.08228622,0.0679232,0.5424019,137.19
352700,0.48,0.5,0.02,0.0851422,0.1054514,0.6198022,127.32
352800,0.48,0.47,0.05,0.08742985,0.08861908,1.164009,175.19
352900,0.37,0.57,0.06,0.07124505,0.07168239,1.331213,166.9
353000,0.45,0.52,0.03,0.0855718,0.07701521,0.9068048,158.08
353100,0.4,0.59,0.01,0.08558838,0.09576875,0.5416023,104.15
353200,0.42,0.56,0.02,0.1023718,0.1067432,0.6896043,126.49
353300,0.52,0.45,0.03,0.09811916,0.1094085,0.6682023,147.4
353400,0.44,0.5,0.06,0.07868643,0.06882275,0.9592066,172.42
353500,0.52,0.45,0.03,0.1090477,0.1119531,0.7470047,113.72
353600,0.37,0.59,0.04,0.08397177,0.07215001,0.9534066,154.27
353700,0.42,0.54,0.04,0.08600273,0.08568519,0.9592096,157.41
353800,0.46,0.53,0.01,0.07348253,0.06704003,0.4238022,108.5
353900,0.38,0.59,0.03,0.07091635,0.06440753,0.8604069,138.8
354000,0.44,0.54,0.02,0.07154227,0.06235444,0.4534024,112.26
354100,0.47,0.51,0.02,0.07320979,0.07730691,0.6590035,145.89
354200,0.44,0.54,0.02,0.07953658,0.074939,0.5932017,126.49
354300,0.43,0.53,0.04,0.08356878,0.08655741,1.006008,128.95
354400,0.45,0.53,0.02,0.09545618,0.09768642,0.6288018,152.55
354500,0.49,0.46,0.05,0.1052299,0.1007157,0.7878067,151.41
354600,0.38,0.58,0.04,0.07512832,0.06566825,0.5544018,151.56
354700,0.48,0.49,0.03,0.07472879,0.07495444,0.8426036,134.35
354800,0.42,0.54,0.04,0.07329556,0.06524966,0.9434095,140.88
354900,0.37,0.61,0.02,0.09434592,0.09609728,0.5416046,132.18
355000,0.5,0.49,0.01,0.1099873,0.1158889,0.3611997,122.48
355100,0.45,0.53,0.02,0.0879263,0.08357096,0.6222019,157.2
355200,0.42,0.54,0.04,0.08336616,0.08433773,1.021609,140.32
355300,0.4,0.54,0.06,0.07328129,0.07438257,1.153612,166.02
355400,0.41,0.55,0.04,0.06861195,0.06078836,0.9574073,164.27
355500,0.51,0.45,0.04,0.08482561,0.08558536,0.9820057,146.14
355600,0.49,0.49,0.02,0.08532423,0.08133456,0.5674036,113.93
355700,0.38,0.6,0.02,0.08297487,0.08286455,0.4160021,125.7
355800,0.43,0.56,0.01,0.08102581,0.07225067,0.4862023,134.52
355900,0.4,0.56,0.04,0.07170808,0.06425196,0.8080059,154.57
356000,0.44,0.54,0.02,0.07728656,0.07509065,0.6392041,119.74
356100,0.46,0.5,0.04,0.07097296,0.06972992,0.7936046,149.78
356200,0.35,0.6,0.05,0.08735766,0.08602383,0.8170063,150.37
356300,0.35,0.6,0.05,0.08455862,0.07676358,0.5006024,163.82
356400,0.45,0.5,0.05,0.07612953,0.06842265,1.045608,158.77
356500,0.43,0.55,0.02,0.0777576,0.08189192,0.4674019,122.93
356600,0.53,0.45,0.02,0.07980701,0.1099772,0.9394038,143.69
356700,0.37,0.62,0.01,0.07269268,0.06859338,0.527402,128.04
356800,0.45,0.5,0.05,0.0779418,0.07417043,0.8852065,159.56
356900,0.42,0.57,0.01,0.07898289,0.06893663,0.4316021,108.29
357000,0.42,0.54,0.04,0.06760859,0.06135072,1.006809,147.98
357100,0.38,0.58,0.04,0.1102903,0.1091206,0.8480064,162.72
357200,0.44,0.52,0.04,0.1259664,0.1378526,0.8584074,134.67
357300,0.45,0.53,0.02,0.06966283,0.06783316,0.7248044,126.1
357400,0.43,0.55,0.02,0.08343846,0.08541933,0.6240047,123.67
357500,0.46,0.51,0.03,0.09459292,0.09129692,0.6076038,123.99
357600,0.41,0.56,0.03,0.08607603,0.08164356,0.6408042,133.6
357700,0.39,0.59,0.02,0.1140625,0.1153578,0.5444045,119.38
357800,0.44,0.53,0.03,0.1061447,0.1118214,0.8474063,137.86
357900,0.45,0.52,0.03,0.06945309,0.06061038,0.7608054,157.41
358000,0.38,0.58,0.04,0.07858415,0.07290503,0.7356066,130.69
358100,0.43,0.53,0.04,0.0690531,0.0640001,0.7494047,167.76
358200,0.41,0.56,0.03,0.07866591,0.07303731,0.5084044,135.66
358300,0.41,0.57,0.02,0.07877895,0.07689291,0.6950038,138.37
358400,0.37,0.58,0.05,0.08825432,0.08736413,0.9248087,141.05
358500,0.37,0.56,0.07,0.0821619,0.0775504,1.455813,188.9
358600,0.49,0.42,0.09,0.08198866,0.07712805,1.406213,179.05
358700,0.38,0.6,0.02,0.07661717,0.06410185,0.5032015,135.38
358800,0.45,0.53,0.02,0.07698009,0.08303488,0.6974035,123.67
358900,0.48,0.47,0.05,0.07106014,0.07596716,0.9864066,170.19
359000,0.52,0.45,0.03,0.07948966,0.08130682,0.5850019,144.39
359100,0.51,0.43,0.06,0.07959411,0.07826362,1.197208,167.37
359200,0.44,0.49,0.07,0.09793673,0.09475119,1.554418,162.47
359300,0.6,0.38,0.02,0.06963455,0.06577612,0.727802,127.83
359400,0.45,0.5,0.05,0.08690251,0.08240266,1.008008,158.62
359500,0.43,0.54,0.03,0.07748913,0.069492,0.6174039,124.92
359600,0.41,0.54,0.05,0.07915082,0.07194378,0.9188089,142.83
359700,0.43,0.5,0.07,0.08179488,0.07768267,1.16921,170.79
359800,0.38,0.59,0.03,0.07328416,0.06560408,0.7302041,144.37
359900,0.43,0.53,0.04,0.08498485,0.07608089,0.8108072,135.39
360000,0.49,0.48,0.03,0.06226338,0.06021808,1.143207,156.31
360100,0.34,0.63,0.03,0.07718457,0.07152581,0.5722043,136.16
360200,0.35,0.59,0.06,0.08150575,0.07880674,1.235811,178.91
360300,0.48,0.49,0.03,0.09016886,0.0958029,0.3534021,146.28
360400,0.37,0.59,0.04,0.1032733,0.1055662,0.6094047,153.94
360500,0.48,0.47,0.05,0.06320465,0.0673522,1.36961,163.49
360600,0.47,0.48,0.05,0.0978727,0.1035122,1.234211,152.94
360700,0.49,0.45,0.06,0.07251563,0.07072601,1.131409,162.74
360800,0.41,0.54,0.05,0.07787307,0.08824358,1.137212,150.69
360900,0.43,0.54,0.03,0.07860532,0.08297773,0.6682039,143.92
361000,0.39,0.57,0.04,0.05819454,0.05414956,0.7136067,137.59
361100,0.37,0.59,0.04,0.07878824,0.08816681,0.9316078,149.68
361200,0.49,0.47,0.04,0.09301648,0.08863613,0.9942093,132.73
361300,0.42,0.54,0.04,0.07365446,0.06547657,1.12261,158.21
361400,0.38,0.6,0.02,0.09051119,0.09046843,0.4248022,118.35
361500,0.43,0.54,0.03,0.06623498,0.06304744,0.5926042,156.43
361600,0.5,0.47,0.03,0.1178047,0.1286092,0.4586023,109.96
361700,0.44,0.48,0.08,0.08027858,0.07012749,1.281012,175.14
361800,0.55,0.41,0.04,0.07179963,0.06695307,1.022807,151.04
361900,0.44,0.5,0.06,0.06331811,0.06156841,1.460814,171.19
362000,0.5,0.45,0.05,0.06720363,0.06261937,1.246011,156.42
362100,0.45,0.51,0.04,0.08136877,0.06927213,0.7368068,137.37
362200,0.38,0.59,0.03,0.09825832,0.08167512,0.9088075,134.85
362300,0.31,0.62,0.07,0.09220357,0.08299883,1.271214,175.08
362400,0.45,0.48,0.07,0.06609215,0.06151588,1.08981,183.26
362500,0.48,0.49,0.03,0.08477031,0.08162358,1.034406,140.67
362600,0.38,0.56,0.06,0.09312674,0.07722941,1.438214,163.1
362700,0.46,0.51,0.03,0.09779446,0.1018861,0.6874043,155.02
362800,0.44,0.49,0.07,0.08101188,0.08454698,1.30361,180.91
362900,0.37,0.58,0.05,0.06423896,0.05997511,0.5782043,168.44
363000,0.56,0.42,0.02,0.0716344,0.06210213,0.5996045,135.79
363100,0.47,0.51,0.02,0.07627296,0.0699628,0.3679997,122.39
363200,0.4,0.52,0.08,0.07042592,0.069871,1.292411,197.69
363300,0.39,0.58,0.03,0.07061854,0.06041741,0.5764045,147.88
363400,0.45,0.48,0.07,0.08028137,0.07041632,1.519015,186.39
363500,0.43,0.55,0.02,0.0772505,0.06816007,0.4204017,137.06
363600,0.44,0.51,0.05,0.09082326,0.09450093,0.8488066,147.96
363700,0.44,0.49,0.07,0.09333185,0.08481033,1.21361,167.78
363800,0.38,0.56,0.06,0.08587445,0.08480626,1.054609,147.14
363900,0.47,0.46,0.07,0.07729854,0.074873,1.257212,178.18
364000,0.41,0.57,0.02,0.0758515,0.08130111,0.6584047,118.58
364100,0.46,0.52,0.02,0.08987083,0.09199607,0.6522048,117.57
364200,0.44,0.53,0.03,0.09289823,0.09670296,0.7344049,124.76
364300,0.38,0.6,0.02,0.1019845,0.09453262,0.4772024,116.44
364400,0.39,0.55,0.06,0.07917938,0.07660964,1.158611,162.02
364500,0.55,0.37,0.08,0.07160363,0.07381842,1.505014,175.29
364600,0.53,0.44,0.03,0.07912863,0.07746481,0.7588041,130.03
364700,0.38,0.56,0.06,0.0965759,0.08058091,0.8690071,155.49
364800,0.41,0.55,0.04,0.09226328,0.07892369,0.8206071,139.94
364900,0.51,0.45,0.04,0.07540766,0.06691315,0.7896041,152.68
365000,0.42,0.53,0.05,0.07544839,0.07053661,0.7912052,162.02
365100,0.39,0.57,0.04,0.0760776,0.06949078,0.8322073,140.22
365200,0.38,0.59,0.03,0.0920286,0.07840517,0.5396045,127.52
365300,0.49,0.5,0.01,0.09146187,0.0879822,0.3407998,111.14
365400,0.37,0.58,0.05,0.0768894,0.06913897,0.5384049,147.45
365500,0.48,0.49,0.03,0.09217663,0.1057022,0.7094043,134.13
365600,0.41,0.54,0.05,0.07645047,0.06147067,0.8726069,158.74
365700,0.48,0.51,0.01,0.091435,0.08820049,0.6386015,122.38
365800,0.43,0.54,0.03,0.09017996,0.1005387,0.9216068,149.49
365900,0.44,0.5,0.06,0.06863263,0.06472883,1.300412,172.11
366000,0.44,0.56,0,0.08770401,0.07987563,0.2667998,96.14
366100,0.45,0.54,0.01,0.08782687,0.08007355,0.5548022,105.7
366200,0.43,0.49,0.08,0.07933892,0.08320095,1.280012,180.74
366300,0.51,0.42,0.07,0.08521269,0.08479145,1.012809,183.25
366400,0.43,0.49,0.08,0.08683319,0.08432954,1.336814,185.44
366500,0.42,0.52,0.06,0.07333666,0.06779648,1.311612,174.15
366600,0.48,0.49,0.03,0.07569341,0.07051383,0.9344071,133.41
366700,0.43,0.51,0.06,0.07369931,0.07069137,1.18881,179.78
366800,0.46,0.52,0.02,0.0751693,0.0704893,0.6372039,143.17
366900,0.49,0.47,0.04,0.06827318,0.06227851,0.7856043,150.53
367000,0.4,0.57,0.03,0.083495,0.07396501,0.870607,149.6
367100,0.45,0.54,0.01,0.08849779,0.08167864,0.3711997,121.92
367200,0.42,0.54,0.04,0.08233432,0.07220855,1.012806,150.83
367300,0.37,0.57,0.06,0.07496753,0.06641442,1.367214,155.79
367400,0.41,0.55,0.04,0.0759916,0.08701662,0.6414039,150.34
367500,0.45,0.48,0.07,0.1020077,0.1220875,1.363013,170.47
367600,0.44,0.54,0.02,0.07788446,0.06447586,0.7022043,121.56
367700,0.44,0.53,0.03,0.07882172,0.0754622,0.8264068,134.37
367800,0.42,0.54,0.04,0.08326399,0.07284463,0.9262064,135.34
367900,0.51,0.47,0.02,0.1055685,0.09926318,0.7942042,115.75
368000,0.5,0.44,0.06,0.06869693,0.06390061,0.8708068,159.6
368100,0.5,0.47,0.03,0.1086269,0.1123351,0.7102045,136.27
368200,0.47,0.5,0.03,0.0774661,0.07370298,0.6820046,151.35
368300,0.4,0.58,0.02,0.08184256,0.07460508,0.5210039,119.42
368400,0.38,0.55,0.07,0.08130912,0.07094648,1.135411,160.81
368500,0.48,0.49,0.03,0.08718171,0.07992354,0.9112072,129.41
368600,0.46,0.48,0.06,0.08128671,0.07598493,1.209211,160.99
368700,0.36,0.61,0.03,0.08947238,0.08944423,0.837207,141.39
368800,0.47,0.51,0.02,0.07613461,0.0766153,0.4408025,116.96
368900,0.4,0.56,0.04,0.08077145,0.07837722,1.118409,150.38
369000,0.41,0.54,0.05,0.07257266,0.06854338,1.044808,168.89
369100,0.44,0.53,0.03,0.09171846,0.08857802,0.6518069,129.4
369200,0.41,0.57,0.02,0.0762516,0.06839915,0.7684045,131.07
369300,0.46,0.47,0.07,0.07971881,0.06811319,1.335412,170.5
369400,0.39,0.56,0.05,0.1133101,0.1039241,1.000609,148.5
369500,0.48,0.48,0.04,0.07544121,0.06959785,0.8526048,151.44
369600,0.39,0.56,0.05,0.07913532,0.07325532,0.5236025,137.37
369700,0.4,0.56,0.04,0.08379216,0.0880594,0.9674087,136.62
369800,0.48,0.49,0.03,0.08740016,0.09836339,0.9668064,149.89
369900,0.39,0.56,0.05,0.09542935,0.1106936,0.9412092,176.83
370000,0.51,0.47,0.02,0.07009286,0.06270346,0.7674046,134.25
370100,0.49,0.5,0.01,0.07329527,0.06471138,0.755002,127.87
370200,0.46,0.49,0.05,0.08169933,0.07549416,0.7588067,139.7
370300,0.37,0.62,0.01,0.08948952,0.08021116,0.3764018,117.27
370400,0.46,0.51,0.03,0.08252086,0.08245201,0.8730066,128.64
370500,0.5,0.45,0.05,0.07238033,0.07029981,0.6860038,149.19
370600,0.44,0.52,0.04,0.07946066,0.08188091,0.8162048,153.05
370700,0.45,0.5,0.05,0.07196899,0.07254552,0.9338073,167.11
370800,0.43,0.56,0.01,0.07378838,0.06852736,0.3571997,127.42
370900,0.45,0.52,0.03,0.09909544,0.09063438,0.6812066,123.68
371000,0.45,0.5,0.05,0.07374652,0.06519666,0.7544065,152.82
371100,0.54,0.43,0.03,0.08826107,0.0908644,0.8810062,138.29
371200,0.51,0.45,0.04,0.06567976,0.06377292,0.9772064,158.57
371300,0.53,0.45,0.02,0.08363462,0.08184315,0.3830024,127.09
371400,0.43,0.57,0,0.07631586,0.07068869,0.3245997,92.58
371500,0.42,0.51,0.07,0.07932451,0.08007301,1.096609,175.05
371600,0.35,0.6,0.05,0.08624928,0.1037117,0.8960083,147.27
371700,0.47,0.49,0.04,0.07177307,0.06807483,0.8300049,139.08
371800,0.55,0.42,0.03,0.08695756,0.09255681,1.008206,137.23
371900,0.35,0.59,0.06,0.07203867,0.07047077,1.126612,170.92
372000,0.41,0.54,0.05,0.1172191,0.1093634,1.009009,159.61
372100,0.51,0.44,0.05,0.07281806,0.06787134,0.8142057,149.68
372200,0.41,0.53,0.06,0.07166057,0.0700428,1.041008,186.4
372300,0.52,0.46,0.02,0.0768894,0.06699558,0.7798048,111.92
372400,0.36,0.57,0.07,0.09856514,0.09122196,1.07381,180.73
372500,0.48,0.5,0.02,0.083371,0.09269048,0.7214045,128.52
372600,0.49,0.47,0.04,0.07382719,0.07592531,1.057209,149.4
372700,0.45,0.47,0.08,0.07851472,0.08388543,1.069609,186.26
372800,0.37,0.6,0.03,0.07703894,0.06530213,0.5310025,124.17
372900,0.44,0.51,0.05,0.08847308,0.08335754,1.135609,150.6
373000,0.44,0.48,0.08,0.06736311,0.0624757,1.630616,175.66
373100,0.41,0.5,0.09,0.09150206,0.09184565,1.363014,197.74
373200,0.44,0.54,0.02,0.07701529,0.06919251,0.3900019,106.94
373300,0.47,0.47,0.06,0.08202848,0.07398286,1.086809,158.45
373400,0.4,0.58,0.02,0.07588571,0.06204901,0.4330022,116.33
373500,0.47,0.52,0.01,0.1232678,0.1407578,0.434402,113.61
373600,0.4,0.56,0.04,0.08976854,0.09609809,0.9382071,144.91
373700,0.47,0.51,0.02,0.09330072,0.0841866,0.8588043,132.14
373800,0.54,0.45,0.01,0.07295416,0.06980137,0.5628016,120.88
373900,0.52,0.4,0.08,0.08471761,0.08616491,1.24581,165.39
374000,0.44,0.52,0.04,0.0727324,0.07563236,1.10801,145.55
374100,0.51,0.46,0.03,0.06615905,0.0696644,0.9654073,135.03
374200,0.44,0.52,0.04,0.06281488,0.06107603,0.9184043,175.32
374300,0.49,0.46,0.05,0.07136176,0.06946053,0.9590065,150.62
374400,0.45,0.51,0.04,0.06230272,0.05546714,0.5294046,155.33
374500,0.4,0.56,0.04,0.08855744,0.08116436,0.8022072,137.96
374600,0.55,0.44,0.01,0.08518076,0.09206966,0.4355996,111.99
374700,0.36,0.59,0.05,0.0716538,0.06908694,1.166211,160.01
374800,0.46,0.52,0.02,0.08797489,0.08600572,0.7922056,128.5
374900,0.42,0.54,0.04,0.07278976,0.06792922,1.072808,161.21
375000,0.49,0.46,0.05,0.07189436,0.070373,1.278209,169.75
375100,0.42,0.5,0.08,0.07721452,0.08457591,1.183811,195.69
375200,0.5,0.47,0.03,0.07979973,0.08536687,0.6198046,146.53
375300,0.46,0.51,0.03,0.08650518,0.07033603,0.630402,123.74
375400,0.43,0.52,0.05,0.06230335,0.06544527,0.7220042,171.4
375500,0.36,0.6,0.04,0.06581324,0.06832078,1.05121,148.7
375600,0.39,0.54,0.07,0.0704957,0.07317323,1.09141,173.42
375700,0.37,0.62,0.01,0.06878859,0.06717942,0.3344024,123.03
375800,0.44,0.53,0.03,0.07033905,0.07045134,0.9314043,144.98
375900,0.47,0.51,0.02,0.07606969,0.07486143,0.6962022,145.64
376000,0.44,0.51,0.05,0.08171666,0.07586423,1.186808,154.14
376100,0.49,0.51,0,0.08045836,0.08192787,0.2905998,114.28
376200,0.37,0.61,0.02,0.08982982,0.08636244,0.6688048,144.17
376300,0.49,0.46,0.05,0.08880407,0.09268984,1.042408,173.12
376400,0.43,0.55,0.02,0.07796863,0.07513064,0.8474059,152.9
376500,0.34,0.63,0.03,0.07382949,0.07930502,0.2005998,145.12
376600,0.42,0.56,0.02,0.076887,0.07144705,0.665004,135.57
376700,0.38,0.59,0.03,0.07460272,0.06841346,0.7804058,142.99
376800,0.5,0.42,0.08,0.09102402,0.1170069,1.16521,198.75
376900,0.51,0.46,0.03,0.08149844,0.07563899,0.7854042,130.83
377000,0.44,0.53,0.03,0.06507587,0.06949198,0.8078065,151.03
377100,0.48,0.49,0.03,0.0711335,0.07654589,0.8472056,151.06
377200,0.42,0.55,0.03,0.09267963,0.07811243,0.5094038,135.44
377300,0.39,0.58,0.03,0.07884835,0.07231313,0.6176043,118.53
377400,0.44,0.55,0.01,0.0711777,0.06944386,0.5656022,137.25
377500,0.45,0.52,0.03,0.07366958,0.07197499,0.8446059,142.02
377600,0.47,0.47,0.06,0.06541702,0.06022977,1.627015,171.01
377700,0.49,0.5,0.01,0.08330801,0.07231638,0.4274006,111.16
377800,0.43,0.53,0.04,0.08371911,0.08238003,0.7332065,157.22
377900,0.45,0.53,0.02,0.08271416,0.09328328,0.6952046,140.25
378000,0.43,0.54,0.03,0.07843967,0.07363469,0.704204,142.4
378100,0.53,0.46,0.01,0.08444577,0.06988856,0.5009996,130.21
378200,0.53,0.43,0.04,0.06932119,0.06172217,1.102408,169.11
378300,0.44,0.53,0.03,0.07858516,0.06956162,0.7256042,156.6
378400,0.5,0.49,0.01,0.08262298,0.07385221,0.5512024,113.07
378500,0.46,0.52,0.02,0.0921596,0.08890131,0.7706038,119.47
378600,0.42,0.54,0.04,0.07891699,0.09056102,0.7522064,161.43
378700,0.43,0.55,0.02,0.07831401,0.0728188,0.5674018,142.47
378800,0.45,0.5,0.05,0.09442674,0.09256515,1.185608,157.4
378900,0.43,0.53,0.04,0.06834474,0.0610301,0.9034067,147.56
379000,0.4,0.59,0.01,0.08862224,0.07371193,0.2817998,114.25
379100,0.51,0.49,0,0.1023928,0.1092831,0.4194001,116.78
379200,0.49,0.49,0.02,0.0713022,0.06266627,0.7174042,124.68
379300,0.46,0.52,0.02,0.09880465,0.09201173,0.738205,131.98
379400,0.44,0.52,0.04,0.06833638,0.06947523,0.9692081,166.44
379500,0.48,0.48,0.04,0.06974734,0.06612503,0.882606,155.85
379600,0.45,0.54,0.01,0.08403646,0.07394287,0.4352016,112.43
379700,0.49,0.46,0.05,0.0801973,0.07013417,0.7888062,158.95
379800,0.52,0.41,0.07,0.0818556,0.0775163,1.281411,169.73
379900,0.46,0.49,0.05,0.08198622,0.08322491,1.397611,175.45
380000,0.47,0.49,0.04,0.07351134,0.06336273,0.7650068,145.11
380100,0.42,0.55,0.03,0.07263743,0.07163306,0.6404042,126.25
380200,0.48,0.49,0.03,0.07814305,0.07505224,0.6604045,145.25
380300,0.42,0.55,0.03,0.09115141,0.08191484,0.8394045,131.83
380400,0.46,0.51,0.03,0.09845809,0.1063847,0.6852044,128
380500,0.39,0.58,0.03,0.1007841,0.1047791,1.026807,143.45
380600,0.42,0.56,0.02,0.07169654,0.06392322,0.6196046,135.41
380700,0.41,0.56,0.03,0.1033792,0.09234634,0.5936056,105.6
380800,0.4,0.59,0.01,0.0802629,0.07597114,0.4524018,133.38
380900,0.35,0.6,0.05,0.07142282,0.06959615,0.8562064,152.4
381000,0.54,0.45,0.01,0.08193006,0.07401829,0.4294021,110.43
381100,0.48,0.49,0.03,0.09413221,0.1047354,0.8608039,137.99
381200,0.51,0.43,0.06,0.09591426,0.1025822,1.138211,170.89
381300,0.51,0.48,0.01,0.09991748,0.1216198,0.436402,97.42
381400,0.41,0.54,0.05,0.07719378,0.07946333,0.9234074,146.41
381500,0.4,0.55,0.05,0.06774202,0.06211455,1.13061,161.44
381600,0.42,0.55,0.03,0.06608336,0.06515366,0.8834067,143.42
381700,0.4,0.54,0.06,0.07354247,0.07393587,0.9310088,166.07
381800,0.38,0.58,0.04,0.06712423,0.0588844,0.8988066,163.42
381900,0.49,0.49,0.02,0.1019991,0.09345356,0.4622025,105.22
382000,0.52,0.47,0.01,0.07268239,0.06868527,0.5186015,129.67
382100,0.45,0.53,0.02,0.07874411,0.0743461,0.6996055,127.59
382200,0.51,0.45,0.04,0.07328916,0.0644225,1.076009,145.98
382300,0.42,0.51,0.07,0.08792932,0.1033985,1.09081,173.61
382400,0.48,0.47,0.05,0.0916951,0.09603237,1.176209,169.76
382500,0.36,0.62,0.02,0.0725334,0.06989424,0.5636041,122.01
382600,0.46,0.49,0.05,0.06856442,0.07909793,1.193812,182.96
382700,0.4,0.57,0.03,0.07053908,0.0699001,0.7200044,149.11
382800,0.5,0.45,0.05,0.07819594,0.07186788,1.082608,174.08
382900,0.43,0.54,0.03,0.08364899,0.08453319,0.6616042,123.12
383000,0.35,0.6,0.05,0.06844348,0.064285,1.00841,164.02
383100,0.42,0.55,0.03,0.08360012,0.0850715,0.9218063,133.65
383200,0.49,0.49,0.02,0.0808147,0.07705896,0.8244047,127.95
383300,0.38,0.58,0.04,0.08334175,0.07847074,1.082409,144.39
383400,0.35,0.61,0.04,0.08411796,0.08792123,0.8662085,145.3
383500,0.42,0.56,0.02,0.07738221,0.07505324,0.8206048,132.53
383600,0.47,0.5,0.03,0.083623,0.07910253,0.727605,135.8
383700,0.45,0.54,0.01,0.08235148,0.08267107,0.515202,124.87
383800,0.41,0.53,0.06,0.07918112,0.08023225,1.450814,160.43
383900,0.39,0.57,0.04,0.07276527,0.08628609,0.6342041,154.42
384000,0.42,0.55,0.03,0.06543034,0.06091747,0.7096042,144.14
384100,0.44,0.54,0.02,0.09343167,0.1083401,0.473202,122.19
384200,0.38,0.54,0.08,0.06604395,0.06425646,1.401813,189.17
384300,0.44,0.5,0.06,0.07126994,0.06439685,1.206812,175.17
384400,0.35,0.59,0.06,0.07160967,0.06760743,1.293412,167.03
384500,0.41,0.53,0.06,0.06949182,0.06554773,0.9200066,163.59
384600,0.38,0.58,0.04,0.07349958,0.06517566,0.9140083,147.28
384700,0.43,0.53,0.04,0.08119056,0.07290424,1.095409,148.57
384800,0.44,0.5,0.06,0.08087011,0.07788724,1.077409,163.65
384900,0.5,0.49,0.01,0.08579549,0.07897304,0.4418018,114.31
385000,0.43,0.53,0.04,0.07590539,0.07237577,1.048009,137.31
385100,0.42,0.53,0.05,0.08512464,0.07744499,0.9522048,159.33
385200,0.45,0.54,0.01,0.07597192,0.06960597,0.442202,116.9
385300,0.45,0.5,0.05,0.07403397,0.07315129,1.214411,157.64
385400,0.55,0.41,0.04,0.08288547,0.08122295,0.7652045,159.22
385500,0.47,0.51,0.02,0.07713019,0.06993143,0.7980044,131.06
385600,0.39,0.56,0.05,0.07910138,0.06949749,1.015209,156.78
385700,0.48,0.47,0.05,0.07664058,0.07841247,1.436012,163.45
385800,0.43,0.5,0.07,0.07991111,0.08630557,1.008407,187.3
385900,0.48,0.45,0.07,0.06750137,0.0601968,1.121211,159.71
386000,0.46,0.5,0.04,0.1061516,0.1039803,1.015407,135.13
386100,0.45,0.51,0.04,0.07442613,0.07123086,0.8330045,125.2
386200,0.43,0.52,0.05,0.07373492,0.07248215,0.8580058,171.32
386300,0.38,0.57,0.05,0.08354053,0.08042964,0.8852096,140.09
386400,0.46,0.53,0.01,0.08316475,0.08543641,0.5348018,115.74
386500,0.53,0.43,0.04,0.08178257,0.08655106,0.8840042,155.11
386600,0.41,0.54,0.05,0.09342844,0.09570213,1.039409,162.28
386700,0.44,0.52,0.04,0.09315919,0.08691771,1.059007,148.68
386800,0.49,0.48,0.03,0.07151067,0.07206284,0.9152071,135.33
386900,0.54,0.44,0.02,0.07964668,0.07108633,0.6458043,118.15
387000,0.41,0.55,0.04,0.08547685,0.07546426,0.9196082,118.68
387100,0.41,0.56,0.03,0.08780835,0.08557078,0.909407,130.59
387200,0.45,0.53,0.02,0.0875223,0.09400345,0.6388044,132.41
387300,0.39,0.57,0.04,0.0817911,0.0782628,1.013409,149.33
387400,0.41,0.54,0.05,0.07544344,0.07713114,0.6462038,170.12
387500,0.4,0.55,0.05,0.07616652,0.07883203,1.086409,153.69
387600,0.55,0.4,0.05,0.08528178,0.08759651,0.9128074,149.51
387700,0.45,0.49,0.06,0.07195585,0.06706123,1.296412,159.79
387800,0.56,0.39,0.05,0.06820613,0.06558821,0.8816066,151.51
387900,0.46,0.53,0.01,0.08879399,0.08049393,0.498802,111.96
388000,0.44,0.52,0.04,0.06544555,0.0600793,0.889605,159.27
388100,0.47,0.5,0.03,0.07706653,0.07590508,0.8946039,156.49
388200,0.45,0.53,0.02,0.09764659,0.09428801,0.4062014,117.19
388300,0.45,0.5,0.05,0.08765528,0.07653472,0.7832044,152.28
388400,0.44,0.52,0.04,0.08097216,0.07574507,0.9592051,150.75
388500,0.45,0.51,0.04,0.1037094,0.1040686,1.066809,144.63
388600,0.48,0.5,0.02,0.08065012,0.0753651,0.706205,121.86
388700,0.47,0.49,0.04,0.07451865,0.06833392,0.8370062,165.53
388800,0.51,0.47,0.02,0.07535363,0.07012232,0.3995996,133.82
388900,0.42,0.57,0.01,0.08763166,0.07641856,0.4550021,116.83
389000,0.42,0.55,0.03,0.08286357,0.08852787,1.000407,136.57
389100,0.44,0.51,0.05,0.07747895,0.06834722,1.418411,157.45
389200,0.46,0.5,0.04,0.08286132,0.09198904,1.012807,145.22
389300,0.43,0.52,0.05,0.08662579,0.08748475,1.304811,172.91
389400,0.43,0.53,0.04,0.07441442,0.0676349,0.9268082,150.83
389500,0.39,0.58,0.03,0.08474115,0.08366993,0.8782067,141.08
389600,0.48,0.45,0.07,0.1064744,0.09858435,1.488413,163
389700,0.47,0.5,0.03,0.06460381,0.06496803,0.860607,157.17
389800,0.5,0.43,0.07,0.06912269,0.06414728,1.558015,184.59
389900,0.47,0.51,0.02,0.07441772,0.07034293,0.6712044,131.83
390000,0.5,0.47,0.03,0.07638036,0.06680932,0.9096072,138.72
390100,0.42,0.53,0.05,0.07516143,0.07233972,1.398611,170.11
390200,0.49,0.45,0.06,0.08058746,0.08873545,1.407812,166.33
390300,0.48,0.5,0.02,0.07457755,0.06464903,0.6592021,138.2
390400,0.42,0.52,0.06,0.06959798,0.06464753,1.243611,164.32
390500,0.42,0.54,0.04,0.08783003,0.08879083,0.5608044,128.73
390600,0.36,0.62,0.02,0.06446712,0.06247239,0.3762019,144.36
390700,0.48,0.5,0.02,0.07899264,0.07566695,0.6606044,109.61
390800,0.54,0.42,0.04,0.06564707,0.05928498,0.6592041,149.94
390900,0.49,0.51,0,0.08531686,0.07469343,0.3777997,106.28
391000,0.43,0.53,0.04,0.1086862,0.1132055,0.6276047,133.67
391100,0.44,0.52,0.04,0.08464143,0.07739685,0.5686039,144.97
391200,0.4,0.55,0.05,0.0970495,0.1090875,0.8648076,154.52
391300,0.46,0.5,0.04,0.07708582,0.07732442,1.205209,157.91
391400,0.43,0.56,0.01,0.08169889,0.07634085,0.3793997,132.27
391500,0.48,0.5,0.02,0.07265855,0.06610788,0.7416039,127.71
391600,0.43,0.51,0.06,0.0923469,0.09997456,1.501615,162.49
391700,0.42,0.53,0.05,0.08585432,0.09043702,1.37161,174.25
391800,0.48,0.48,0.04,0.09864572,0.112945,0.9152054,120.15
391900,0.4,0.56,0.04,0.07416023,0.07189772,0.3752023,140.98
392000,0.39,0.57,0.04,0.07760222,0.0773118,0.8342062,175.21
392100,0.45,0.5,0.05,0.07736602,0.0802141,1.211811,149.99
392200,0.43,0.5,0.07,0.06759401,0.06725271,1.166209,182.73
392300,0.35,0.62,0.03,0.08017067,0.08703132,0.932207,136.89
392400,0.39,0.55,0.06,0.06689782,0.06032206,0.7830045,158.2
392500,0.4,0.57,0.03,0.07316238,0.08337268,0.6364046,143.66
392600,0.44,0.51,0.05,0.08567686,0.08116327,0.9644067,153.94
392700,0.43,0.52,0.05,0.07722366,0.07351902,1.278411,158.3
392800,0.4,0.57,0.03,0.08826611,0.08847686,0.6386049,135.77
392900,0.43,0.47,0.1,0.1105191,0.1111469,2.136222,204.17
393000,0.44,0.55,0.01,0.06938156,0.06373733,0.6540039,120.59
393100,0.49,0.48,0.03,0.08052257,0.07491256,0.6434043,130.49
393200,0.49,0.48,0.03,0.06233551,0.05519232,0.7598038,160.35
393300,0.38,0.56,0.06,0.07901563,0.07529217,1.392814,155.64
393400,0.52,0.45,0.03,0.07517999,0.06720147,0.721602,137.59
393500,0.43,0.54,0.03,0.0712023,0.06422441,0.6852047,149.97
393600,0.56,0.41,0.03,0.07910146,0.07449515,0.9804057,130.58
393700,0.48,0.46,0.06,0.0755742,0.07755893,1.241011,156.91
393800,0.45,0.52,0.03,0.09468409,0.08249511,0.4944018,135.59
393900,0.42,0.57,0.01,0.08193913,0.07781407,0.5056016,116.54
394000,0.46,0.49,0.05,0.09247293,0.09449265,1.123208,152.87
394100,0.37,0.58,0.05,0.1018816,0.1037761,0.7924066,128.34
394200,0.45,0.54,0.01,0.08361214,0.08264676,0.1737999,116.82
394300,0.49,0.47,0.04,0.08131769,0.08961405,1.105207,168.86
394400,0.37,0.6,0.03,0.09180524,0.08759574,0.913407,143.94
394500,0.45,0.52,0.03,0.07747767,0.07704339,0.8054047,140.41
394600,0.43,0.56,0.01,0.08558645,0.07689416,0.5270021,141.83
394700,0.4,0.6,0,0.06985644,0.07129262,0.2291998,115.18
394800,0.43,0.51,0.06,0.07475466,0.0684399,1.532413,193.62
394900,0.47,0.47,0.06,0.08650815,0.08165683,1.249611,164.29
395000,0.41,0.54,0.05,0.08929208,0.0898143,0.9254063,149.25
395100,0.54,0.43,0.03,0.09424159,0.08761725,0.917404,135.6
395200,0.48,0.5,0.02,0.07869458,0.0732884,0.5500019,124.14
395300,0.43,0.56,0.01,0.09828244,0.08456525,0.579802,109.07
395400,0.43,0.52,0.05,0.08317383,0.08513767,1.498813,161.5
395500,0.43,0.5,0.07,0.06472767,0.05950039,1.207411,181.55
395600,0.42,0.53,0.05,0.08533689,0.08174744,1.23261,166.5
395700,0.46,0.49,0.05,0.06814429,0.06374699,1.307012,169.35
395800,0.51,0.48,0.01,0.08815889,0.08172366,0.3413997,118.96
395900,0.37,0.6,0.03,0.07561124,0.08733085,0.7138043,140.29
396000,0.44,0.54,0.02,0.07780011,0.07531515,0.7732043,145.86
396100,0.33,0.6,0.07,0.09246751,0.1034198,1.02541,188.27
396200,0.44,0.53,0.03,0.08362064,0.07193347,0.3210008,126.2
396300,0.49,0.49,0.02,0.08884018,0.1050512,0.7684045,115.71
396400,0.55,0.43,0.02,0.07010067,0.06717432,0.8894045,131.44
396500,0.58,0.41,0.01,0.08957995,0.08248203,0.7558032,122.8
396600,0.45,0.52,0.03,0.07284509,0.06987039,0.2639998,127.47
396700,0.45,0.53,0.02,0.08469047,0.08879764,0.690404,125.94
396800,0.49,0.49,0.02,0.1202412,0.1182578,0.7568035,130.07
396900,0.49,0.49,0.02,0.08396962,0.08907756,0.7396041,135.07
397000,0.44,0.55,0.01,0.07238728,0.07303511,0.6422021,128.63
397100,0.5,0.47,0.03,0.07460605,0.06910782,0.9756066,135.59
397200,0.47,0.51,0.02,0.09008244,0.1042976,0.5534015,117.85
397300,0.49,0.47,0.04,0.0707464,0.07063701,1.161208,153.65
397400,0.46,0.51,0.03,0.08020619,0.07445968,0.828207,140.41
397500,0.43,0.53,0.04,0.07154881,0.06696044,0.8280066,156.94
397600,0.47,0.51,0.02,0.07503131,0.06784274,0.7040026,129.52
397700,0.53,0.45,0.02,0.07453369,0.0685025,0.7244045,119.24
397800,0.51,0.46,0.03,0.06902315,0.06171796,0.7216048,138.39
397900,0.48,0.52,0,0.1035144,0.1114582,0.3577997,105.56
398000,0.4,0.57,0.03,0.09843126,0.09212349,0.9340068,135.31
398100,0.49,0.47,0.04,0.07089403,0.07337001,0.9946088,150.88
398200,0.48,0.5,0.02,0.08026037,0.08437946,0.3683997,135.46
398300,0.52,0.46,0.02,0.08979512,0.08122928,0.6074048,123.54
398400,0.41,0.57,0.02,0.08738837,0.08658819,0.6548045,130.13
398500,0.52,0.46,0.02,0.08242976,0.0830232,0.4122021,111.6
398600,0.35,0.58,0.07,0.08839572,0.1102091,0.579405,162.17
398700,0.45,0.54,0.01,0.07403924,0.0696461,0.550602,114.51
398800,0.52,0.42,0.06,0.06759318,0.06192363,1.353411,172.41
398900,0.45,0.51,0.04,0.07877643,0.0758209,0.3794019,130.27
399000,0.37,0.54,0.09,0.08506162,0.08025298,0.818607,185.31
399100,0.47,0.5,0.03,0.06515497,0.06274202,0.6522049,134.95
399200,0.45,0.51,0.04,0.07093626,0.06184292,0.9948089,143.21
399300,0.55,0.43,0.02,0.07246868,0.0680887,0.7398035,134.67
399400,0.48,0.51,0.01,0.08635176,0.08728181,0.606802,119.62
399500,0.42,0.54,0.04,0.07022744,0.06462929,0.939006,171.14
399600,0.46,0.47,0.07,0.06258657,0.05681218,1.467212,179.01
399700,0.51,0.47,0.02,0.06967559,0.07026555,0.7990045,123.9
399800,0.42,0.57,0.01,0.07488809,0.07373509,0.2157998,117.01
399900,0.49,0.5,0.01,0.07593079,0.06865877,0.624202,119.94
400000,0.38,0.58,0.04,0.0861904,0.07625207,0.8162062,146.88
400100,0.42,0.54,0.04,0.07892567,0.07213172,1.016809,157.63
400200,0.47,0.5,0.03,0.09018414,0.07695571,0.9120074,163.95
400300,0.38,0.59,0.03,0.08628443,0.07698458,0.6572044,137.63
400400,0.39,0.6,0.01,0.09729004,0.09295082,0.6048026,126.51
400500,0.47,0.47,0.06,0.06971312,0.07276318,1.218411,179.61
400600,0.4,0.57,0.03,0.09878815,0.09417991,0.6226019,139.89
400700,0.46,0.5,0.04,0.07429067,0.06752839,0.9390065,149.93
400800,0.46,0.46,0.08,0.1102802,0.1072769,1.668614,195.03
400900,0.51,0.45,0.04,0.09119374,0.1121438,0.9024069,140.33
401000,0.39,0.58,0.03,0.09951043,0.09098522,0.720807,123.26
401100,0.42,0.56,0.02,0.09729706,0.104435,0.6286041,121.77
401200,0.35,0.63,0.02,0.08119141,0.07362895,0.8254046,134.87
401300,0.39,0.58,0.03,0.07934114,0.07398839,0.749606,142.05
401400,0.46,0.5,0.04,0.08139349,0.07687933,0.7872046,147.36
401500,0.54,0.44,0.02,0.08010136,0.08317954,0.6438048,113.63
401600,0.46,0.51,0.03,0.1071066,0.0926261,0.7434058,147.13
401700,0.46,0.49,0.05,0.07746594,0.0752081,0.9478077,141.38
401800,0.4,0.56,0.04,0.09017174,0.08435021,0.9230071,150.75
401900,0.33,0.65,0.02,0.09488928,0.1109703,0.7020044,115.44
402000,0.46,0.52,0.02,0.1017257,0.1065599,0.744004,129.9
402100,0.49,0.48,0.03,0.08048159,0.08233591,0.7976045,147.3
402200,0.47,0.51,0.02,0.07330642,0.06658915,0.5996042,130.25
402300,0.45,0.54,0.01,0.08316935,0.08480341,0.2711998,126.56
402400,0.42,0.48,0.1,0.06845885,0.06581192,1.815417,199.07
402500,0.42,0.53,0.05,0.09299287,0.09534045,0.895207,154.29
402600,0.42,0.54,0.04,0.06534765,0.06326193,1.006208,160.21
402700,0.42,0.54,0.04,0.08371762,0.08993502,1.016608,145.7
402800,0.38,0.59,0.03,0.08946361,0.08959869,0.8100064,132.93
402900,0.39,0.56,0.05,0.09832052,0.09101555,1.082409,149.46
403000,0.48,0.49,0.03,0.1188486,0.1150111,0.647804,140.48
403100,0.46,0.47,0.07,0.08153237,0.08363799,1.26381,174.62
403200,0.46,0.48,0.06,0.0839989,0.09216502,0.7616062,168.84
403300,0.4,0.53,0.07,0.1030747,0.1153782,0.9008086,156.53
403400,0.49,0.48,0.03,0.09018687,0.09877688,0.6386048,138.67
403500,0.39,0.56,0.05,0.1136973,0.1186196,1.096809,143.81
403600,0.45,0.5,0.05,0.07291204,0.07483598,1.254411,156.22
403700,0.42,0.56,0.02,0.08935486,0.08991128,0.6736048,117.74
403800,0.56,0.39,0.05,0.07528888,0.07825246,1.377811,161.43
403900,0.46,0.47,0.07,0.06649575,0.07820392,1.483214,164.64
404000,0.42,0.54,0.04,0.08002301,0.07961674,0.8228071,135.45
404100,0.39,0.6,0.01,0.0714613,0.06830806,0.4662019,144.35
404200,0.51,0.46,0.03,0.07954903,0.07138527,0.6472045,126.58
404300,0.49,0.49,0.02,0.09257323,0.08557194,0.6290042,125.83
404400,0.33,0.6,0.07,0.0939145,0.09948852,1.473213,193.06
404500,0.44,0.55,0.01,0.089596,0.09609452,0.2025998,115.67
404600,0.52,0.46,0.02,0.10554,0.127743,0.5596018,123.74
404700,0.48,0.5,0.02,0.07745735,0.0865289,0.7764039,132.79
404800,0.38,0.59,0.03,0.0823054,0.08626393,0.9370071,137.76
404900,0.46,0.54,0,0.09468341,0.106551,0.4839996,108.9
405000,0.46,0.49,0.05,0.06999291,0.06697158,1.086008,180.98
405100,0.4,0.58,0.02,0.07099245,0.0681251,0.7350045,131.94
405200,0.5,0.46,0.04,0.07481205,0.07176285,1.123208,148.96
405300,0.45,0.5,0.05,0.08762819,0.08373299,0.9180068,156.82
405400,0.37,0.58,0.05,0.09586279,0.08993258,0.9814091,142.12
405500,0.48,0.44,0.08,0.1212827,0.1059308,1.725618,179.34
405600,0.54,0.43,0.03,0.0965416,0.09668422,0.8860054,140.33
405700,0.45,0.52,0.03,0.07902882,0.07395793,0.9430071,136.34
405800,0.4,0.55,0.05,0.07123953,0.06546078,1.411012,174.12
405900,0.47,0.49,0.04,0.0910919,0.08105877,1.05541,134.17
406000,0.35,0.62,0.03,0.06879346,0.07267367,0.8180072,144.21
406100,0.35,0.59,0.06,0.103636,0.1110617,1.407814,164.26
406200,0.51,0.44,0.05,0.07952127,0.07949767,1.220009,153.84
406300,0.36,0.56,0.08,0.0642032,0.06606694,1.651016,176.16
406400,0.4,0.52,0.08,0.1101245,0.113644,1.712616,175.97
406500,0.45,0.53,0.02,0.06592988,0.07200117,0.7382035,134.49
406600,0.45,0.51,0.04,0.07294688,0.06504032,0.8844074,151.13
406700,0.4,0.57,0.03,0.07827667,0.07096568,0.8036063,134.21
406800,0.41,0.53,0.06,0.08756045,0.09141326,1.090409,166.23
406900,0.42,0.56,0.02,0.0968388,0.1037936,0.5738045,125.56
407000,0.4,0.52,0.08,0.08037356,0.0843436,1.556616,163.97
407100,0.47,0.49,0.04,0.06683439,0.06336565,1.002208,157.16
407200,0.42,0.54,0.04,0.09059171,0.08369797,1.046409,158.89
407300,0.37,0.58,0.05,0.1053022,0.1103351,0.9722089,154.68
407400,0.41,0.58,0.01,0.07830651,0.07357711,0.6770022,132.77
407500,0.5,0.48,0.02,0.07245918,0.07440628,0.6814041,129.98
407600,0.42,0.52,0.06,0.0918569,0.09157136,1.027011,140.89
407700,0.45,0.53,0.02,0.08076698,0.08111103,0.4964016,134.35
407800,0.38,0.53,0.09,0.06850424,0.06533767,1.681017,204.79
407900,0.45,0.52,0.03,0.07299083,0.06769866,0.5958039,132.3
408000,0.56,0.39,0.05,0.07992933,0.07767083,1.279212,160.56
408100,0.43,0.54,0.03,0.09111679,0.09477887,0.5858049,129.03
408200,0.53,0.45,0.02,0.07530781,0.0787855,1.082206,144.29
408300,0.43,0.52,0.05,0.08704728,0.08142591,1.262211,150.32
408400,0.39,0.56,0.05,0.08669478,0.08079511,1.087811,149.31
408500,0.4,0.53,0.07,0.08683999,0.07678218,1.02821,164.5
408600,0.42,0.56,0.02,0.07225432,0.06842539,0.5292021,131.12
408700,0.53,0.41,0.06,0.07214639,0.06675103,0.9442068,172.15
408800,0.41,0.56,0.03,0.08230011,0.08277717,0.8546066,156.49
408900,0.43,0.52,0.05,0.09055826,0.08908823,0.8634073,163.31
409000,0.37,0.58,0.05,0.08779456,0.07795881,0.6368056,143.24
409100,0.44,0.55,0.01,0.08874716,0.09522892,0.5186021,131.53
409200,0.4,0.56,0.04,0.07338474,0.06911519,0.7496066,144.8
409300,0.5,0.46,0.04,0.1004641,0.08675544,0.9324066,147.67
409400,0.44,0.55,0.01,0.0770955,0.07534656,0.3624021,110.72
409500,0.53,0.46,0.01,0.08907104,0.09401368,0.6428018,135.81
409600,0.49,0.47,0.04,0.08560518,0.0842524,0.6182031,149.85
409700,0.42,0.52,0.06,0.07965399,0.07083192,0.8630087,155.17
409800,0.4,0.59,0.01,0.0870088,0.08881767,0.470802,115.41
409900,0.3,0.66,0.04,0.07924597,0.08312818,0.8170061,166.22
410000,0.45,0.52,0.03,0.06958851,0.06809145,0.7594044,145.47
410100,0.39,0.56,0.05,0.08566934,0.07826067,0.8106067,153.44
410200,0.35,0.61,0.04,0.10695,0.1085591,0.5648044,135.2
410300,0.41,0.54,0.05,0.07854996,0.08418431,0.8294045,170.79
410400,0.43,0.54,0.03,0.06855293,0.05922715,0.5922046,135.77
410500,0.37,0.56,0.07,0.08321909,0.09361128,1.353213,167.7
410600,0.41,0.57,0.02,0.07685342,0.07417499,0.3866021,136.15
410700,0.51,0.48,0.01,0.08859254,0.09909563,0.2247998,112.77
410800,0.43,0.53,0.04,0.07683944,0.07295898,1.174809,141.89
410900,0.33,0.61,0.06,0.09975752,0.1269261,0.9548085,163.3
411000,0.44,0.54,0.02,0.0788714,0.07288598,0.8992037,135.76
411100,0.37,0.59,0.04,0.07966886,0.07584183,1.021809,136.06
411200,0.4,0.55,0.05,0.07825002,0.07993905,1.218611,142.41
411300,0.43,0.55,0.02,0.08376975,0.07903825,0.4802023,133.84
411400,0.37,0.6,0.03,0.07132148,0.06774018,0.6850059,146.13
411500,0.47,0.5,0.03,0.0864692,0.08032379,0.6214042,117.91
411600,0.5,0.46,0.04,0.08374028,0.07667346,0.9752067,136.3
411700,0.43,0.52,0.05,0.0751726,0.07342654,0.9242088,170.52
411800,0.47,0.5,0.03,0.06787384,0.0590534,0.6890035,154.44
411900,0.4,0.53,0.07,0.07457592,0.06673641,0.8650083,158.04
412000,0.38,0.58,0.04,0.08035366,0.07384218,0.9196076,124.56
412100,0.52,0.46,0.02,0.0875914,0.08602796,0.7378041,135.4
412200,0.48,0.48,0.04,0.09400405,0.1042687,0.9668094,137.46
412300,0.55,0.41,0.04,0.07921182,0.08000755,1.118806,161.04
412400,0.38,0.59,0.03,0.07542765,0.06638946,0.7560066,136.42
412500,0.5,0.44,0.06,0.06584661,0.06930321,1.066409,161.25
412600,0.44,0.55,0.01,0.08380193,0.08293376,0.4899996,128.39
412700,0.38,0.58,0.04,0.06784774,0.06174551,0.7892069,144.97
412800,0.37,0.62,0.01,0.07078909,0.0655195,0.6230024,112.79
412900,0.4,0.58,0.02,0.0822591,0.07694542,0.3754025,140.8
413000,0.47,0.51,0.02,0.1015834,0.1175046,0.5988041,124.4
413100,0.47,0.5,0.03,0.08744054,0.07868695,0.4086015,151.59
413200,0.43,0.56,0.01,0.06803247,0.06879994,0.5308021,120.5
413300,0.45,0.53,0.02,0.08444656,0.08001691,0.8958043,142.25
413400,0.46,0.49,0.05,0.07895188,0.08213264,0.7934065,150.73
413500,0.34,0.63,0.03,0.09478942,0.07877496,0.5920047,127.93
413600,0.47,0.48,0.05,0.08198302,0.08165731,1.005208,145.68
413700,0.49,0.5,0.01,0.07363155,0.06866717,0.4792022,112.22
413800,0.52,0.46,0.02,0.08004612,0.08278084,0.2487998,125.54
413900,0.49,0.48,0.03,0.07530341,0.06996877,0.9072064,148.65
414000,0.45,0.54,0.01,0.0806443,0.08025473,0.1973998,124.71
414100,0.44,0.53,0.03,0.0813979,0.07309263,0.6722039,131.13
414200,0.44,0.54,0.02,0.07587942,0.06913486,0.4448023,142.15
414300,0.43,0.52,0.05,0.07277231,0.06826943,0.9352084,165.37
414400,0.39,0.59,0.02,0.1119857,0.1149654,0.6616039,132.79
414500,0.5,0.46,0.04,0.06658418,0.0636286,1.233409,157.04
414600,0.49,0.47,0.04,0.09953646,0.1059703,1.106609,147.21
414700,0.52,0.44,0.04,0.07918957,0.08733013,0.9436082,154.26
414800,0.39,0.57,0.04,0.07217473,0.06496723,0.6614045,151.06
414900,0.41,0.57,0.02,0.0815085,0.07519881,0.5576044,119.19
415000,0.45,0.52,0.03,0.06717034,0.06531398,0.666004,160.19
415100,0.45,0.51,0.04,0.1029426,0.121233,0.9230088,134.45
415200,0.49,0.48,0.03,0.100284,0.09653506,0.8430067,124.35
415300,0.54,0.39,0.07,0.09979393,0.1018848,1.640216,162.92
415400,0.43,0.54,0.03,0.1209757,0.1211059,0.8274065,130.82
415500,0.47,0.53,0,0.07654066,0.08642476,0.3349997,109.96
415600,0.44,0.54,0.02,0.07934966,0.07056507,0.4984019,123.83
415700,0.45,0.53,0.02,0.08007244,0.0745184,0.7258048,117.75
415800,0.44,0.52,0.04,0.1114188,0.1199961,0.944409,144.2
415900,0.5,0.47,0.03,0.08013875,0.08109396,0.6198021,138.14
416000,0.44,0.53,0.03,0.07869061,0.07064771,0.6098049,122.67
416100,0.42,0.56,0.02,0.08101429,0.07257214,0.7664046,142.81
416200,0.44,0.54,0.02,0.09039164,0.09096085,0.4262022,136.11
416300,0.36,0.6,0.04,0.1058845,0.1124717,0.5674043,125.56
416400,0.43,0.52,0.05,0.08059998,0.09428675,0.9896084,164.67
416500,0.4,0.58,0.02,0.09657472,0.09896183,0.2581998,126.67
416600,0.39,0.58,0.03,0.07271396,0.06757707,0.7422064,144.69
416700,0.46,0.5,0.04,0.07041315,0.06471148,0.9056061,146.21
416800,0.38,0.58,0.04,0.07586239,0.07104221,0.6734068,128.06
416900,0.37,0.62,0.01,0.07160971,0.06851262,0.4720019,120.66
417000,0.44,0.55,0.01,0.08335365,0.08497086,0.5708019,122.4
417100,0.4,0.53,0.07,0.06330416,0.05542913,1.183411,173.05
417200,0.52,0.42,0.06,0.08281902,0.07268157,1.270812,152.97
417300,0.46,0.49,0.05,0.06552675,0.0583333,0.9748083,152.88
417400,0.48,0.45,0.07,0.06962331,0.07455832,1.518214,184.47
417500,0.49,0.45,0.06,0.06778842,0.06605006,1.059407,170.94
417600,0.4,0.54,0.06,0.1020131,0.1095818,1.082409,144.96
417700,0.5,0.48,0.02,0.0759474,0.08335598,0.5982037,133.06
417800,0.32,0.67,0.01,0.09175046,0.09783243,0.4854023,144.94
417900,0.5,0.48,0.02,0.09883829,0.09703326,0.5690022,124.11
418000,0.45,0.54,0.01,0.07857137,0.07725779,0.4246022,129.87
418100,0.49,0.47,0.04,0.08456139,0.08301415,1.19261,146.13
418200,0.44,0.54,0.02,0.07014109,0.0663351,0.7652046,143.84
418300,0.49,0.49,0.02,0.08457857,0.07576039,0.5198023,150.93
418400,0.38,0.6,0.02,0.07272786,0.06883398,0.450002,116.06
418500,0.4,0.53,0.07,0.07516827,0.07061128,1.299211,173.01
418600,0.42,0.52,0.06,0.06108683,0.0623959,0.9126065,191.73
418700,0.4,0.59,0.01,0.08338236,0.08296901,0.4592019,128.77
418800,0.47,0.49,0.04,0.08593011,0.08545492,0.7492039,146.56
418900,0.41,0.56,0.03,0.08315262,0.08147788,1.093409,166.41
419000,0.43,0.54,0.03,0.1011525,0.1115311,0.6462019,154.52
419100,0.43,0.54,0.03,0.07335071,0.07019119,0.597004,145.67
419200,0.43,0.53,0.04,0.08864498,0.09333698,0.9836075,143.43
419300,0.32,0.65,0.03,0.09842902,0.08965223,0.7128063,130.87
419400,0.41,0.53,0.06,0.07857658,0.06903959,0.6128039,158.95
419500,0.41,0.56,0.03,0.09937555,0.1021461,0.5206016,137.5
419600,0.4,0.56,0.04,0.09754062,0.1029614,0.5824043,123.71
419700,0.48,0.5,0.02,0.1105612,0.1056006,0.2819998,118.95
419800,0.32,0.63,0.05,0.07494237,0.06602483,1.043409,154.03
419900,0.46,0.5,0.04,0.08347566,0.08868495,0.9698072,123.94
420000,0.45,0.51,0.04,0.08739485,0.0926949,0.654002,150.58
420100,0.45,0.5,0.05,0.06084928,0.05639577,1.314812,167.96
420200,0.47,0.51,0.02,0.08603845,0.0909079,0.5638022,124.34
420300,0.46,0.52,0.02,0.075353,0.0686192,0.2369998,126.22
420400,0.49,0.47,0.04,0.06352306,0.05873702,0.6794039,165.54
420500,0.51,0.44,0.05,0.08093667,0.08250609,1.24161,157.41
420600,0.47,0.52,0.01,0.06425913,0.0731475,0.5750013,120
420700,0.43,0.54,0.03,0.07140997,0.06708706,0.7126047,132.8
420800,0.45,0.53,0.02,0.07379453,0.08344841,0.584202,141.98
420900,0.44,0.5,0.06,0.07559334,0.06606646,1.182211,156.44
421000,0.46,0.52,0.02,0.1036572,0.1073399,0.7274051,140.19
421100,0.44,0.53,0.03,0.0684238,0.07747788,0.3924017,141.62
421200,0.45,0.52,0.03,0.08073862,0.07983663,0.8536063,129.51
421300,0.32,0.65,0.03,0.08773392,0.08294524,0.5900043,144.85
421400,0.53,0.43,0.04,0.09961326,0.1128379,0.5454037,134.17
421500,0.46,0.5,0.04,0.1121266,0.1084297,0.7058046,127.03
421600,0.46,0.48,0.06,0.07788553,0.07151482,1.377812,156.32
421700,0.39,0.55,0.06,0.09106131,0.1003189,1.102611,166.47
421800,0.49,0.47,0.04,0.08765946,0.0883896,0.9114063,147.68
421900,0.58,0.37,0.05,0.077338,0.07965649,0.9864063,150
422000,0.48,0.49,0.03,0.1030697,0.1054119,0.4816023,129.75
422100,0.41,0.53,0.06,0.08581099,0.08352484,0.900009,134.15
422200,0.51,0.47,0.02,0.06813746,0.06551658,0.7346045,114.24
422300,0.38,0.57,0.05,0.06884583,0.06389539,1.099609,169.48
422400,0.5,0.47,0.03,0.07637841,0.08739886,0.8046062,147.23
422500,0.43,0.54,0.03,0.07639012,0.07625824,0.7040042,128.85
422600,0.5,0.43,0.07,0.06761516,0.06253471,1.387013,162.88
422700,0.54,0.44,0.02,0.08936746,0.08319137,0.6908047,147.59
422800,0.45,0.53,0.02,0.06683911,0.06016402,0.4312024,119.63
422900,0.45,0.51,0.04,0.1011058,0.1090602,0.8894072,147.14
423000,0.48,0.49,0.03,0.07396237,0.069518,0.7908047,136.14
423100,0.45,0.52,0.03,0.07014532,0.06671274,0.4302022,126.95
423200,0.45,0.5,0.05,0.08036395,0.08601996,0.9254064,153.02
423300,0.43,0.55,0.02,0.07809712,0.07439905,0.482802,118.66
423400,0.38,0.61,0.01,0.08153365,0.08025111,0.3927997,121.86
423500,0.44,0.52,0.04,0.09578534,0.1018199,1.185009,140.76
423600,0.45,0.53,0.02,0.09754978,0.09608688,0.2699998,118.61
423700,0.44,0.54,0.02,0.0797424,0.09228553,0.3299998,125.84
423800,0.35,0.63,0.02,0.07918014,0.07356364,0.3984022,141.36
423900,0.57,0.41,0.02,0.07179339,0.07423085,0.8068046,115.24
424000,0.39,0.59,0.02,0.0828285,0.06849518,0.575405,121.34
424100,0.48,0.49,0.03,0.07070023,0.06874365,0.3729997,136.97
424200,0.51,0.48,0.01,0.06634083,0.06323697,0.556202,115.32
424300,0.4,0.6,0,0.1034421,0.1023914,0.3365997,96.39
424400,0.48,0.5,0.02,0.09843006,0.1070754,0.4986015,124.4
424500,0.44,0.53,0.03,0.09595194,0.09505246,0.8530065,129.15
424600,0.46,0.47,0.07,0.07120515,0.06760853,1.34541,197.99
424700,0.38,0.59,0.03,0.07741917,0.07187226,0.6726045,125.26
424800,0.42,0.56,0.02,0.08947173,0.1006689,0.5280017,128.78
424900,0.49,0.48,0.03,0.07155539,0.07698491,0.6114047,137.69
425000,0.53,0.46,0.01,0.07755941,0.07646707,0.4112025,119.28
425100,0.48,0.51,0.01,0.07214585,0.06904234,0.655202,128.91
425200,0.43,0.55,0.02,0.0647848,0.05781537,0.6966038,139.16
425300,0.49,0.49,0.02,0.1009799,0.09993914,0.9176039,150.71
425400,0.4,0.56,0.04,0.09564601,0.09077188,0.8710068,156.97
425500,0.43,0.52,0.05,0.06309281,0.0582216,1.060609,153.81
425600,0.49,0.47,0.04,0.07060134,0.06980088,0.9010066,147.53
425700,0.42,0.54,0.04,0.09115028,0.09669711,0.4478019,123.35
425800,0.48,0.46,0.06,0.07603703,0.0729169,1.018409,147.73
425900,0.46,0.51,0.03,0.07653069,0.07049609,0.7712042,143.85
426000,0.49,0.49,0.02,0.09615976,0.1017211,0.5870017,138.77
426100,0.44,0.51,0.05,0.07423048,0.06725862,0.8416051,159.82
426200,0.49,0.49,0.02,0.07509263,0.06892601,0.9716042,129.36
426300,0.5,0.47,0.03,0.08937413,0.0948443,0.6314018,153.41
426400,0.42,0.56,0.02,0.07221514,0.06910118,0.5180019,136.72
426500,0.43,0.55,0.02,0.07392118,0.07028186,0.5844043,140.83
426600,0.42,0.54,0.04,0.08203146,0.08275503,0.9460062,151.95
426700,0.48,0.49,0.03,0.09014602,0.09301528,0.755204,147.6
426800,0.41,0.56,0.03,0.08133414,0.07544987,1.166207,134.44
426900,0.49,0.48,0.03,0.0987476,0.09142374,1.022407,133.1
427000,0.51,0.44,0.05,0.0708444,0.06329479,0.6654044,154.74
427100,0.44,0.53,0.03,0.0828495,0.07489519,0.6562046,117.87
427200,0.46,0.51,0.03,0.06633412,0.06149844,0.9850068,145.87
427300,0.42,0.52,0.06,0.07064322,0.06555082,0.9954093,169.8
427400,0.37,0.6,0.03,0.08038893,0.07510451,0.4498016,144.4
427500,0.58,0.38,0.04,0.07336064,0.07499313,0.9884046,141.53
427600,0.43,0.53,0.04,0.07979567,0.07805461,0.6008019,134.45
427700,0.38,0.58,0.04,0.06629966,0.0637927,1.28401,153.79
427800,0.47,0.49,0.04,0.07277557,0.08332545,1.17261,155.81
427900,0.58,0.39,0.03,0.07884461,0.07385514,0.8196035,143.92
428000,0.46,0.49,0.05,0.07115769,0.0702808,1.11961,159.26
428100,0.44,0.5,0.06,0.09894431,0.0947402,1.21561,175.36
428200,0.48,0.47,0.05,0.08481435,0.07501308,0.7820067,158.79
428300,0.46,0.51,0.03,0.1135088,0.1235442,0.8470075,112.94
428400,0.5,0.47,0.03,0.08420599,0.07782224,0.944204,150.4
428500,0.46,0.52,0.02,0.112662,0.09891833,0.4820019,121.95
428600,0.52,0.44,0.04,0.06752681,0.07127199,1.052208,149.44
428700,0.35,0.61,0.04,0.08642714,0.08106276,0.8388062,158
428800,0.32,0.63,0.05,0.07228651,0.07165788,1.002009,156.7
428900,0.5,0.45,0.05,0.08032244,0.07056143,1.279412,170.79
429000,0.41,0.56,0.03,0.100975,0.08801129,0.9378068,115.35
429100,0.36,0.6,0.04,0.0682049,0.08103838,0.920008,156.04
429200,0.37,0.59,0.04,0.08028285,0.08668859,1.021809,141.56
429300,0.4,0.58,0.02,0.1022726,0.08858027,0.707004,112.73
429400,0.48,0.46,0.06,0.09613732,0.09014537,1.203011,156.31
429500,0.46,0.49,0.05,0.07147111,0.07098471,0.5882042,142.33
429600,0.46,0.51,0.03,0.08718405,0.08951426,0.6706035,157.2
429700,0.49,0.46,0.05,0.07896188,0.07442971,1.173809,149.6
429800,0.41,0.54,0.05,0.08209445,0.08036949,0.9152058,152.38
429900,0.46,0.5,0.04,0.08341677,0.07502028,0.8594068,154.83
430000,0.44,0.51,0.05,0.09749583,0.09766069,1.290411,155.29
430100,0.42,0.58,0,0.07139309,0.07074427,0.1823999,112.3
430200,0.42,0.53,0.05,0.09751198,0.1190142,1.04601,145.54
430300,0.38,0.56,0.06,0.07789896,0.07804417,1.033411,157.48
430400,0.39,0.57,0.04,0.07890338,0.07114492,0.9660059,146.07
430500,0.47,0.52,0.01,0.067124,0.06591963,0.476602,135
430600,0.4,0.56,0.04,0.08820922,0.08116134,1.03701,140.23
430700,0.43,0.53,0.04,0.07825973,0.07268052,0.5474048,148.68
430800,0.38,0.59,0.03,0.0825566,0.08030868,0.7674065,143.86
430900,0.34,0.61,0.05,0.07227539,0.08652288,1.104411,151.42
431000,0.4,0.57,0.03,0.08251981,0.07356508,0.6180031,133.58
431100,0.39,0.58,0.03,0.07158939,0.07468222,0.9872064,154.12
431200,0.47,0.52,0.01,0.08602311,0.08605807,0.5696014,122.28
431300,0.44,0.51,0.05,0.09389666,0.08522338,1.147011,174.34
431400,0.4,0.55,0.05,0.07085594,0.06124501,0.8762073,170.55
431500,0.54,0.43,0.03,0.07231359,0.06891987,0.928607,151.12
431600,0.49,0.47,0.04,0.1011005,0.1069396,0.6358047,130.34
431700,0.43,0.49,0.08,0.07842895,0.08469239,1.844018,187.35
431800,0.47,0.53,0,0.1182954,0.1239956,0.3603998,118.3
431900,0.48,0.5,0.02,0.06969021,0.06759848,0.3991997,126.02
432000,0.47,0.49,0.04,0.08044264,0.09094823,1.058408,153.82
432100,0.35,0.61,0.04,0.09997723,0.09229454,0.7328052,130.3
432200,0.43,0.49,0.08,0.08632479,0.08410107,1.343613,179.12
432300,0.34,0.6,0.06,0.08247436,0.06951316,1.139211,152.75
432400,0.52,0.42,0.06,0.07648953,0.07271889,1.368412,163.6
432500,0.37,0.6,0.03,0.07488073,0.07284213,0.8828067,157.68
432600,0.45,0.51,0.04,0.07579798,0.07339898,0.9884088,126.97
432700,0.39,0.56,0.05,0.07347102,0.07792026,0.7782049,174.62
432800,0.39,0.55,0.06,0.1004233,0.08817129,0.7856045,170.68
432900,0.43,0.55,0.02,0.07599891,0.06772647,0.5924022,117.64
433000,0.5,0.47,0.03,0.09037627,0.09724853,0.719404,124.24
433100,0.48,0.48,0.04,0.07300849,0.07151082,0.6194021,152.52
433200,0.44,0.55,0.01,0.08789658,0.07948135,0.5856023,119.39
433300,0.44,0.51,0.05,0.106212,0.109988,0.9606067,168.42
433400,0.5,0.47,0.03,0.07968456,0.07560547,0.6772019,151.91
433500,0.45,0.5,0.05,0.06622801,0.06452447,1.202609,154.1
433600,0.51,0.46,0.03,0.09667651,0.1030804,0.6190032,134.32
433700,0.49,0.48,0.03,0.07605453,0.0760696,0.8234043,127.74
433800,0.45,0.53,0.02,0.07441423,0.07102172,0.6228042,117.57
433900,0.47,0.5,0.03,0.08898056,0.08669151,0.7624044,131.19
434000,0.52,0.42,0.06,0.09326021,0.09800428,1.463813,163.29
434100,0.46,0.5,0.04,0.06814919,0.06937816,0.9968072,146.74
434200,0.46,0.52,0.02,0.0707888,0.06144951,0.6226035,132.76
434300,0.39,0.55,0.06,0.06576172,0.06096181,1.102609,184.85
434400,0.43,0.54,0.03,0.07413441,0.06543899,0.5574045,155.2
434500,0.48,0.47,0.05,0.09959678,0.1021226,0.7802067,150.3
434600,0.44,0.54,0.02,0.07179192,0.06490979,0.5964044,115.78
434700,0.42,0.56,0.02,0.0775323,0.068336,0.6102023,124.76
434800,0.47,0.52,0.01,0.09442553,0.08457592,0.3414024,107.88
434900,0.36,0.53,0.11,0.07690845,0.06846517,1.91642,222.53
435000,0.5,0.48,0.02,0.08096791,0.08594936,0.5784037,130.89
435100,0.45,0.54,0.01,0.0723696,0.07899509,0.5396022,130.53
435200,0.41,0.55,0.04,0.08009833,0.07337714,0.8356039,151.31
435300,0.41,0.55,0.04,0.07727116,0.07657046,1.13181,159.93
435400,0.39,0.56,0.05,0.08026636,0.07537214,1.123011,159.05
435500,0.5,0.49,0.01,0.07421428,0.07392157,0.496802,106.95
435600,0.41,0.53,0.06,0.07282614,0.07458392,1.472014,165.85
435700,0.47,0.47,0.06,0.07487009,0.0893608,1.075209,162.59
435800,0.44,0.54,0.02,0.08179284,0.07921663,0.526802,120.96
435900,0.46,0.5,0.04,0.07255673,0.07261225,0.6950043,157.35
436000,0.42,0.49,0.09,0.08656499,0.1018737,1.97682,197.3
436100,0.37,0.6,0.03,0.08898455,0.08633572,0.7276067,119.71
436200,0.46,0.5,0.04,0.09171873,0.1076926,0.7596067,144.14
436300,0.42,0.55,0.03,0.08240353,0.08216295,0.4956043,134.11
436400,0.5,0.46,0.04,0.09895024,0.09549195,0.6900042,146.16
436500,0.38,0.6,0.02,0.07810692,0.0742398,0.4568025,138.67
436600,0.34,0.6,0.06,0.08300806,0.07647569,1.337813,161.52
436700,0.43,0.54,0.03,0.07917027,0.06613143,0.6716042,143.54
436800,0.42,0.53,0.05,0.06808197,0.06518879,0.5764019,157.54
436900,0.46,0.49,0.05,0.09152856,0.09107506,1.132209,146.13
437000,0.46,0.51,0.03,0.08426333,0.07445094,0.612405,132.68
437100,0.46,0.51,0.03,0.07289506,0.06584372,0.8966072,137.82
437200,0.42,0.52,0.06,0.0981772,0.09347181,1.524815,174.17
437300,0.53,0.44,0.03,0.09299266,0.09550348,0.7802042,155.99
437400,0.44,0.51,0.05,0.1096063,0.09423909,0.5158023,140.94
437500,0.6,0.38,0.02,0.07576148,0.0896429,0.8652039,136.23
437600,0.45,0.5,0.05,0.09921755,0.1150214,1.202012,154.81
437700,0.38,0.57,0.05,0.07767459,0.09051118,1.262612,145.44
437800,0.36,0.58,0.06,0.08020189,0.07493354,1.372012,172.89
437900,0.41,0.54,0.05,0.07561024,0.07641897,0.8948064,162.7
438000,0.49,0.48,0.03,0.07077395,0.06642529,0.6628044,141.82
438100,0.46,0.51,0.03,0.0868923,0.08007526,1.132207,143.02
438200,0.47,0.49,0.04,0.06434407,0.06395715,0.9394066,156.4
438300,0.41,0.54,0.05,0.08968013,0.0812223,1.09201,146.03
438400,0.42,0.54,0.04,0.07191643,0.0659003,0.6928059,145.41
438500,0.43,0.52,0.05,0.06619158,0.06479176,1.142812,151.07
438600,0.42,0.55,0.03,0.09189952,0.08631589,0.7958048,148.46
438700,0.38,0.56,0.06,0.0888063,0.09076568,1.435814,156.92
438800,0.5,0.45,0.05,0.09135689,0.1003141,1.388411,140.85
438900,0.44,0.53,0.03,0.09635781,0.09421601,0.6972021,131.09
439000,0.39,0.56,0.05,0.06906003,0.06357551,1.133009,181.47
439100,0.47,0.49,0.04,0.07019628,0.07094566,1.081008,175.52
439200,0.45,0.5,0.05,0.07871745,0.0807412,1.24981,175.77
439300,0.44,0.53,0.03,0.09556716,0.09194743,0.9886066,132.97
439400,0.57,0.37,0.06,0.07559398,0.08080693,1.12261,171.24
439500,0.46,0.5,0.04,0.07071766,0.06819902,0.9456085,139.2
439600,0.44,0.54,0.02,0.06567167,0.05993208,0.7372041,136.58
439700,0.45,0.51,0.04,0.08986148,0.08375962,0.9612065,149.72
439800,0.54,0.44,0.02,0.09140193,0.1025354,0.4916023,121.92
439900,0.44,0.48,0.08,0.07433665,0.06498394,0.9976088,186.3
440000,0.39,0.56,0.05,0.0716487,0.0735265,1.021209,170.95
440100,0.4,0.57,0.03,0.09921506,0.1050876,0.6374048,147.45
440200,0.44,0.52,0.04,0.0668463,0.06278173,0.9390063,165.47
440300,0.47,0.49,0.04,0.08248142,0.07688525,0.7850072,139.51
440400,0.46,0.48,0.06,0.0699687,0.07519847,1.126409,168.04
440500,0.5,0.46,0.04,0.07682616,0.07719388,1.184408,158.85
440600,0.38,0.59,0.03,0.08340594,0.0903521,0.3854021,131.41
440700,0.36,0.59,0.05,0.06483039,0.06510331,0.633805,167.88
440800,0.39,0.56,0.05,0.07118353,0.06416814,1.079808,145.78
440900,0.44,0.5,0.06,0.06774148,0.06114607,0.9192072,169.43
441000,0.48,0.47,0.05,0.07943166,0.07499978,1.098009,164.04
441100,0.47,0.5,0.03,0.07098719,0.069543,0.732206,148.87
441200,0.43,0.56,0.01,0.07923791,0.07512446,0.559802,123.26
441300,0.44,0.52,0.04,0.07476423,0.07559177,1.062809,146.33
441400,0.43,0.49,0.08,0.0727457,0.06585538,1.262413,171.88
441500,0.49,0.47,0.04,0.07947262,0.07664151,0.8688068,154.24
441600,0.37,0.58,0.05,0.07381022,0.07497927,1.084208,155.98
441700,0.44,0.5,0.06,0.07142751,0.06131424,0.8142073,190.42
441800,0.49,0.49,0.02,0.09945002,0.1143461,0.8724044,135.65
441900,0.53,0.45,0.02,0.0738873,0.06877805,0.5828024,127.18
442000,0.45,0.53,0.02,0.07915124,0.07612967,0.6816022,130.13
442100,0.5,0.47,0.03,0.06882339,0.06802679,0.6288041,121.15
442200,0.39,0.55,0.06,0.06852882,0.06212541,1.062609,152.08
442300,0.4,0.54,0.06,0.08964746,0.09057868,1.539413,181.74
442400,0.47,0.52,0.01,0.0961668,0.1066795,0.5808019,122.21
442500,0.34,0.6,0.06,0.07237093,0.06791636,1.00841,155.28
442600,0.42,0.54,0.04,0.0892173,0.07893606,0.7076056,148.66
442700,0.4,0.56,0.04,0.06663853,0.06798051,0.8670067,164
442800,0.43,0.53,0.04,0.07116282,0.06290998,0.6250045,140.1
442900,0.49,0.48,0.03,0.08444634,0.07421391,0.970607,147.5
443000,0.47,0.51,0.02,0.07498588,0.07231949,0.4980019,140.47
443100,0.41,0.54,0.05,0.0806633,0.07655597,0.9832086,132.65
443200,0.42,0.53,0.05,0.0888032,0.0816187,1.016005,149.96
443300,0.43,0.53,0.04,0.07653274,0.07359889,0.568804,152.69
443400,0.39,0.59,0.02,0.07412747,0.07415263,0.4764016,128.07
443500,0.58,0.38,0.04,0.0834939,0.08589552,1.093809,125.75
443600,0.47,0.49,0.04,0.08188132,0.08599076,1.070009,135.69
443700,0.41,0.58,0.01,0.07036822,0.06686613,0.5540025,124.71
443800,0.36,0.6,0.04,0.08519135,0.08977587,0.7892055,159.24
443900,0.41,0.56,0.03,0.09399945,0.08975952,0.7542068,124.6
444000,0.4,0.56,0.04,0.07231151,0.0686572,1.12561,153.65
444100,0.43,0.53,0.04,0.08024329,0.07732778,0.8836065,148.53
444200,0.41,0.54,0.05,0.08518243,0.08486021,0.7532063,179.12
444300,0.4,0.59,0.01,0.07411792,0.07229903,0.4954019,103.12
444400,0.44,0.51,0.05,0.06729996,0.06516048,0.9304085,162.95
444500,0.48,0.46,0.06,0.06841384,0.06098469,0.7796052,164.34
444600,0.46,0.5,0.04,0.08523597,0.09419864,0.7306045,155.67
444700,0.46,0.47,0.07,0.0912028,0.08564615,1.307211,193.04
444800,0.4,0.59,0.01,0.07506964,0.06486272,0.2837997,109.58
444900,0.4,0.55,0.05,0.06812879,0.06326771,0.8598073,163.75
445000,0.46,0.52,0.02,0.08596113,0.08553525,0.5262015,144.98
445100,0.42,0.54,0.04,0.07611919,0.08358161,0.6028045,142.68
445200,0.42,0.53,0.05,0.06681553,0.06250016,1.011007,164.13
445300,0.42,0.55,0.03,0.08317005,0.07609752,0.5026023,144.57
445400,0.48,0.49,0.03,0.08033826,0.07097289,0.4994026,136.77
445500,0.35,0.59,0.06,0.07282079,0.0667254,1.00381,152.52
445600,0.49,0.48,0.03,0.06718567,0.07094476,0.5226017,154.44
445700,0.46,0.49,0.05,0.08907172,0.09530047,1.45041,181.03
445800,0.41,0.57,0.02,0.0836731,0.0815323,0.5786016,133.94
445900,0.54,0.45,0.01,0.07326727,0.06673855,0.5886023,119.83
446000,0.43,0.51,0.06,0.1170989,0.1284775,0.9316074,153.97
446100,0.41,0.55,0.04,0.07845862,0.07281508,0.5798051,130.73
446200,0.51,0.44,0.05,0.06166156,0.05690103,0.9998085,157.32
446300,0.48,0.47,0.05,0.08306112,0.07812025,1.357812,160.69
446400,0.44,0.53,0.03,0.0821887,0.08701561,0.7920048,142.58
446500,0.44,0.53,0.03,0.09025845,0.08619771,0.5980042,149.89
446600,0.43,0.53,0.04,0.07733705,0.08661736,0.8410062,166.26
446700,0.42,0.49,0.09,0.08564349,0.07852071,1.264011,212.89
446800,0.44,0.54,0.02,0.0921498,0.103995,0.7130036,130.12
446900,0.41,0.54,0.05,0.08648112,0.0872564,1.077209,147.36
447000,0.39,0.56,0.05,0.0932749,0.1101817,0.6330043,155.23
447100,0.42,0.54,0.04,0.07784087,0.07708871,0.9928076,143.29
447200,0.4,0.56,0.04,0.08264496,0.07666575,0.6760069,146.6
447300,0.38,0.56,0.06,0.06243784,0.06506483,0.8686068,171.46
447400,0.44,0.49,0.07,0.07211492,0.07036411,0.7666062,174.31
447500,0.48,0.49,0.03,0.109754,0.1098058,0.3674025,133.3
447600,0.44,0.51,0.05,0.07640982,0.07951724,0.8348069,138.75
447700,0.45,0.52,0.03,0.0792718,0.0712897,0.6922047,135.44
447800,0.5,0.45,0.05,0.06751133,0.06037486,0.8490058,157.38
447900,0.39,0.54,0.07,0.08534434,0.08528093,1.027009,173.94
448000,0.33,0.59,0.08,0.08357008,0.08023392,1.283813,159.4
448100,0.49,0.47,0.04,0.1094642,0.1125462,1.006209,134.49
448200,0.36,0.6,0.04,0.1056035,0.1036371,0.5714045,125.08
448300,0.41,0.54,0.05,0.08126947,0.08390047,1.026009,147.34
448400,0.5,0.46,0.04,0.08992676,0.08739009,0.7914069,147.55
448500,0.44,0.53,0.03,0.0965914,0.08068296,0.7964042,122.42
448600,0.4,0.54,0.06,0.1083683,0.1062186,1.192812,165.47
448700,0.42,0.54,0.04,0.08821382,0.08604374,0.7564062,146.36
448800,0.49,0.47,0.04,0.08762608,0.1024906,1.167407,141.26
448900,0.35,0.57,0.08,0.07786248,0.0750312,1.320812,167.36
449000,0.4,0.56,0.04,0.08724188,0.1060847,1.081409,132.39
449100,0.45,0.54,0.01,0.09513722,0.09245136,0.3830025,111.98
449200,0.41,0.56,0.03,0.08309087,0.08261548,0.5244018,137.34
449300,0.39,0.55,0.06,0.1061672,0.1155413,1.225211,160.22
449400,0.44,0.54,0.02,0.07810865,0.07760345,0.6842046,133.55
449500,0.44,0.51,0.05,0.06420203,0.05990966,1.193811,148.25
449600,0.35,0.62,0.03,0.07474007,0.07204489,0.7832066,148.9
449700,0.45,0.54,0.01,0.09413849,0.08962236,0.3357998,115.02
449800,0.45,0.53,0.02,0.07781833,0.07117296,0.4130023,139.08
449900,0.39,0.52,0.09,0.07148862,0.06755535,1.209811,191.82
450000,0.44,0.52,0.04,0.08175313,0.08457629,1.068209,147.34
450100,0.41,0.53,0.06,0.08227182,0.07879768,0.7714061,172.81
450200,0.45,0.48,0.07,0.07678542,0.07930081,1.422814,174.77
450300,0.52,0.45,0.03,0.08432453,0.08979876,0.9728068,147.78
450400,0.5,0.45,0.05,0.08763133,0.08455785,1.226009,158.49
450500,0.43,0.53,0.04,0.0692061,0.06511296,0.5762017,133.07
450600,0.44,0.53,0.03,0.07316755,0.07234421,0.8004064,146.05
450700,0.34,0.64,0.02,0.07269029,0.06744681,0.464402,136.48
450800,0.5,0.47,0.03,0.09662686,0.09205029,0.9174071,136.57
450900,0.42,0.54,0.04,0.07330862,0.06723453,0.5288039,138.68
451000,0.46,0.48,0.06,0.08112454,0.09137034,1.165009,167.57
451100,0.33,0.63,0.04,0.08276576,0.0813618,0.9252049,147.9
451200,0.36,0.62,0.02,0.07045224,0.06136496,0.6926042,147.99
451300,0.37,0.57,0.06,0.08758937,0.08191178,0.9080066,153.1
451400,0.38,0.56,0.06,0.06866761,0.06137173,1.382213,161.15
451500,0.41,0.54,0.05,0.06949574,0.06942387,0.9892088,146.76
451600,0.53,0.43,0.04,0.0757893,0.08226993,0.9760072,154.21
451700,0.39,0.55,0.06,0.07020098,0.07130305,1.335212,152.11
451800,0.47,0.49,0.04,0.07509941,0.06986909,0.9188074,135.26
451900,0.47,0.48,0.05,0.07254169,0.07276783,1.165011,145.45
452000,0.38,0.6,0.02,0.09536961,0.08228165,0.5220043,136.74
452100,0.48,0.49,0.03,0.08852702,0.07539114,0.6346044,124.42
452200,0.44,0.51,0.05,0.0782999,0.07247996,0.6476045,157.81
452300,0.37,0.61,0.02,0.09797946,0.08944491,0.3049998,131.42
452400,0.46,0.47,0.07,0.06586864,0.06027216,1.511014,183.39
452500,0.44,0.55,0.01,0.08331398,0.08312746,0.5018023,111.98
452600,0.41,0.55,0.04,0.0795259,0.0728382,0.6562062,137.52
452700,0.44,0.54,0.02,0.104303,0.09953699,0.4592023,128.86
452800,0.48,0.49,0.03,0.06454887,0.05941721,0.8302067,139.99
452900,0.4,0.54,0.06,0.08477501,0.08462881,0.90101,179.73
453000,0.43,0.51,0.06,0.07333136,0.06792681,1.130009,164.79
453100,0.47,0.5,0.03,0.08631355,0.07735158,0.8996046,141.85
453200,0.39,0.57,0.04,0.0721053,0.06489763,0.6146049,143.48
453300,0.42,0.52,0.06,0.08029386,0.06834216,1.15221,176.74
453400,0.41,0.56,0.03,0.07156216,0.07199094,0.9094065,152.97
453500,0.4,0.54,0.06,0.07512907,0.07354334,1.06401,162.47
453600,0.41,0.54,0.05,0.08451421,0.07388487,0.9650096,148.62
453700,0.35,0.62,0.03,0.08663264,0.08689314,0.5958048,152.74
453800,0.46,0.51,0.03,0.07175343,0.06597032,0.5922026,138.82
453900,0.43,0.52,0.05,0.07689395,0.08327167,0.9986088,154.4
454000,0.42,0.53,0.05,0.07770059,0.06708715,0.9214076,161.07
454100,0.37,0.59,0.04,0.1105058,0.118898,0.8996073,152.44
454200,0.4,0.57,0.03,0.06305969,0.05548607,0.8958075,123.94
454300,0.37,0.59,0.04,0.07930133,0.08532841,0.9534088,173
454400,0.47,0.52,0.01,0.07086115,0.0739968,0.582002,127.79
454500,0.53,0.46,0.01,0.07739072,0.06933195,0.4592016,121.48
454600,0.37,0.59,0.04,0.0816471,0.07283261,0.9792075,121.92
454700,0.42,0.54,0.04,0.09896332,0.1048443,0.8344062,150.84
454800,0.42,0.56,0.02,0.07576408,0.0698624,0.4516023,121.43
454900,0.5,0.48,0.02,0.09673545,0.09227434,0.4806021,123.99
455000,0.42,0.55,0.03,0.07166533,0.06184543,0.7812048,134.2
455100,0.52,0.46,0.02,0.07879031,0.08059436,0.6498048,124.23
455200,0.36,0.61,0.03,0.0668259,0.06391427,0.7150046,153.62
455300,0.5,0.48,0.02,0.05927791,0.05489837,0.9304016,165.33
455400,0.43,0.54,0.03,0.08408914,0.07604099,0.7250066,129.87
455500,0.45,0.53,0.02,0.08332831,0.08459464,0.2285998,115.82
455600,0.48,0.49,0.03,0.09638711,0.1017521,0.8698054,126.44
455700,0.48,0.44,0.08,0.07774827,0.07402203,1.679616,176.29
455800,0.47,0.5,0.03,0.05931503,0.05710457,0.8560063,141.25
455900,0.42,0.57,0.01,0.1013416,0.0853837,0.5490022,118.74
456000,0.48,0.47,0.05,0.06457905,0.05720875,1.079409,160.77
456100,0.53,0.43,0.04,0.07768465,0.06646768,0.7352049,144.99
456200,0.48,0.47,0.05,0.09050675,0.09043729,1.007608,160.46
456300,0.4,0.58,0.02,0.08318182,0.07721052,0.5248043,113.22
456400,0.48,0.45,0.07,0.1236734,0.1233924,1.423814,154.9
456500,0.45,0.48,0.07,0.07179019,0.06595893,1.513615,166.32
456600,0.37,0.62,0.01,0.08733069,0.08625501,0.2903998,134.37
456700,0.34,0.6,0.06,0.09403197,0.09002168,1.171012,157.48
456800,0.41,0.53,0.06,0.07099541,0.07120983,1.029609,180.49
456900,0.46,0.5,0.04,0.08395895,0.08270747,1.042809,143.42
457000,0.42,0.55,0.03,0.1286452,0.1436788,0.6318044,123.84
457100,0.37,0.56,0.07,0.07060949,0.06674787,1.239011,184.27
457200,0.42,0.56,0.02,0.07382886,0.0721766,0.5334041,129.93
457300,0.44,0.49,0.07,0.0785557,0.07792852,1.301213,173.36
457400,0.37,0.59,0.04,0.08571265,0.08337268,0.5810044,134.11
457500,0.43,0.54,0.03,0.07822151,0.07538719,0.9154058,150.78
457600,0.43,0.55,0.02,0.07507738,0.06990485,0.8458044,126.7
457700,0.44,0.52,0.04,0.1055797,0.08486144,1.053609,149.14
457800,0.44,0.54,0.02,0.07421079,0.07259477,0.5752021,128.81
457900,0.53,0.46,0.01,0.07267186,0.06831437,0.7482017,121.63
458000,0.47,0.48,0.05,0.07310999,0.07853167,0.6836044,143.65
458100,0.44,0.54,0.02,0.1047723,0.1032206,0.4816022,119.84
458200,0.49,0.49,0.02,0.08300603,0.08649363,0.6970016,125.75
458300,0.43,0.56,0.01,0.06904653,0.06493587,0.6580032,120.65
458400,0.37,0.61,0.02,0.07218167,0.07359666,0.6948041,140.09
458500,0.46,0.51,0.03,0.08500815,0.08156101,0.9820064,140.29
458600,0.39,0.58,0.03,0.1020955,0.1038005,0.8178066,139.3
458700,0.48,0.49,0.03,0.08955724,0.1097534,0.814006,140.85
458800,0.5,0.49,0.01,0.07409993,0.06501199,0.6242016,124.68
458900,0.45,0.52,0.03,0.1093485,0.1040163,0.6282017,135.61
459000,0.44,0.55,0.01,0.08540492,0.08079254,0.4432019,130.37
459100,0.4,0.57,0.03,0.0768457,0.076858,0.7038043,137.78
459200,0.43,0.52,0.05,0.0735928,0.07098719,0.8588066,149.92
459300,0.46,0.51,0.03,0.0773668,0.07870072,0.6332049,161.53
459400,0.4,0.56,0.04,0.06770489,0.07180107,0.8406066,143.05
459500,0.39,0.55,0.06,0.08011567,0.07597968,1.210011,162.59
459600,0.42,0.55,0.03,0.1172393,0.1101719,0.8666065,140.81
459700,0.52,0.47,0.01,0.08017854,0.09304868,0.5055996,114.14
459800,0.44,0.54,0.02,0.08527126,0.08298607,0.5544021,135.07
459900,0.52,0.47,0.01,0.1016813,0.09054262,0.3618001,115.78
460000,0.49,0.49,0.02,0.07722723,0.07405151,0.6408024,124.84
460100,0.48,0.5,0.02,0.08692578,0.0936047,0.422002,117.4
460200,0.35,0.58,0.07,0.05898004,0.05458327,1.442014,199.48
460300,0.32,0.65,0.03,0.08904002,0.09671471,0.6326045,135.82
460400,0.46,0.52,0.02,0.06868336,0.06026414,0.6980051,119.44
460500,0.41,0.57,0.02,0.07209036,0.06875236,0.7144039,126.23
460600,0.44,0.54,0.02,0.08962746,0.08223121,0.386202,117.77
460700,0.48,0.49,0.03,0.080668,0.0731077,0.7042041,134.03
460800,0.46,0.5,0.04,0.09122592,0.08484022,0.9134086,133.97
460900,0.43,0.55,0.02,0.07650513,0.07468662,0.6890014,137.75
461000,0.35,0.63,0.02,0.08847425,0.09366114,0.4718024,110.82
461100,0.39,0.59,0.02,0.09795261,0.1006988,0.6508045,125.16
461200,0.41,0.54,0.05,0.09740587,0.09124699,1.100211,149.14
461300,0.45,0.52,0.03,0.09908566,0.09303252,0.4650022,124.98
461400,0.4,0.53,0.07,0.07167761,0.06992747,1.243213,159.44
461500,0.44,0.53,0.03,0.08766103,0.09247865,0.8074066,129.43
461600,0.48,0.49,0.03,0.08863574,0.08450727,0.3461997,135.18
461700,0.48,0.48,0.04,0.07512201,0.06736091,0.916407,148.03
461800,0.44,0.53,0.03,0.07411263,0.06770051,0.5724044,138.42
461900,0.44,0.53,0.03,0.08260489,0.07194178,0.9398075,133.46
462000,0.41,0.54,0.05,0.06495292,0.06715795,1.368611,163.29
462100,0.45,0.54,0.01,0.08046045,0.08112281,0.4548024,122.71
462200,0.49,0.5,0.01,0.07765131,0.08533992,0.416602,113.05
462300,0.41,0.58,0.01,0.07457797,0.08462869,0.4394025,112.3
462400,0.51,0.48,0.01,0.08579642,0.0789727,0.4816016,100.75
462500,0.45,0.52,0.03,0.06864259,0.06470089,0.8352064,126.03
462600,0.41,0.53,0.06,0.06652431,0.06928068,1.270811,173.26
462700,0.43,0.52,0.05,0.07168718,0.06439877,0.9486086,158.03
462800,0.41,0.53,0.06,0.07384522,0.09819765,1.037009,175.77
462900,0.44,0.53,0.03,0.07490133,0.06662879,0.8880065,133.79
463000,0.45,0.55,0,0.07777411,0.0744478,0.2129998,108.99
463100,0.47,0.49,0.04,0.08192992,0.09163373,1.13021,139.84
463200,0.45,0.51,0.04,0.08372001,0.08055425,0.7918071,132.77
463300,0.46,0.53,0.01,0.07198836,0.06726017,0.4658022,111.54
463400,0.51,0.45,0.04,0.08274532,0.0790382,1.102209,141.66
463500,0.44,0.51,0.05,0.08526485,0.0787771,1.347411,154.64
463600,0.48,0.5,0.02,0.0873205,0.08971617,0.6904048,114.89
463700,0.35,0.6,0.05,0.07050703,0.06812045,0.7852066,152.72
463800,0.38,0.58,0.04,0.09266527,0.09004187,0.9788088,138.61
463900,0.47,0.51,0.02,0.06275457,0.055762,0.8346045,125.32
464000,0.48,0.49,0.03,0.08031001,0.07282042,0.9394071,141.61
464100,0.5,0.47,0.03,0.06676155,0.05874732,0.7788045,148.05
464200,0.43,0.54,0.03,0.08314831,0.08159375,0.7818047,158.89
464300,0.45,0.53,0.02,0.07180416,0.06891418,0.5626044,134.88
464400,0.47,0.49,0.04,0.08046153,0.07439212,0.9982089,155.68
464500,0.45,0.52,0.03,0.08939079,0.09570581,0.521005,142.91
464600,0.42,0.56,0.02,0.06490691,0.06166011,0.610804,152.34
464700,0.5,0.45,0.05,0.06275292,0.06224566,1.032008,160.42
464800,0.44,0.56,0,0.07594094,0.0703511,0.2475998,100.35
464900,0.43,0.55,0.02,0.07989571,0.07647692,0.5478042,123.54
465000,0.42,0.54,0.04,0.08151145,0.08578987,0.999409,149.05
465100,0.43,0.52,0.05,0.06347102,0.0637892,1.402212,173.95
465200,0.35,0.62,0.03,0.09413728,0.08192338,0.559605,127.01
465300,0.49,0.48,0.03,0.0934063,0.08916603,0.477402,129.41
465400,0.42,0.51,0.07,0.08078393,0.07778144,1.165409,172.94
465500,0.47,0.49,0.04,0.06803457,0.0690649,0.8354076,135.81
465600,0.44,0.51,0.05,0.07815935,0.07607372,0.9728089,149.88
465700,0.4,0.56,0.04,0.09370178,0.09316907,0.7216071,119.93
465800,0.42,0.53,0.05,0.07522766,0.06475578,0.7556059,160.43
465900,0.51,0.44,0.05,0.06593004,0.06311632,0.8536072,158.92
466000,0.27,0.68,0.05,0.07797641,0.07502892,0.6642067,139.14
466100,0.49,0.45,0.06,0.06039732,0.05699609,0.7670064,152.91
466200,0.4,0.58,0.02,0.09306483,0.09648464,0.8332044,151.57
466300,0.36,0.58,0.06,0.09146421,0.1161712,1.165211,180.65
466400,0.45,0.49,0.06,0.07755006,0.07787762,0.7356045,157.11
466500,0.36,0.58,0.06,0.07681756,0.07559578,0.7576074,165.92
466600,0.42,0.56,0.02,0.06264014,0.06204167,0.5070022,127.33
466700,0.42,0.53,0.05,0.08670811,0.09228076,1.25421,157.12
466800,0.43,0.55,0.02,0.07869472,0.08837237,0.7018043,119.48
466900,0.51,0.48,0.01,0.07558695,0.08715576,0.3277998,112.14
467000,0.44,0.49,0.07,0.09486122,0.1029695,1.068209,176.53
467100,0.5,0.46,0.04,0.08677854,0.09275374,0.7450033,136.39
467200,0.45,0.53,0.02,0.07805572,0.06929424,0.6424043,134.23
467300,0.42,0.54,0.04,0.1046146,0.1201361,0.7596063,146.79
467400,0.49,0.49,0.02,0.07320336,0.07680132,0.4323996,139.53
467500,0.42,0.53,0.05,0.08748951,0.08757328,1.247812,135.23
467600,0.33,0.61,0.06,0.07270906,0.06321728,1.475614,152.6
467700,0.41,0.55,0.04,0.07233755,0.06881267,1.029006,157.08
467800,0.43,0.53,0.04,0.06935975,0.06947983,0.8338045,152.74
467900,0.49,0.45,0.06,0.1120261,0.1123949,0.901007,150.36
468000,0.42,0.56,0.02,0.08901847,0.08460381,0.6304043,122.46
468100,0.45,0.53,0.02,0.08162528,0.07630219,0.7190039,131.36
468200,0.36,0.59,0.05,0.08385962,0.07936587,1.018409,147.75
468300,0.45,0.51,0.04,0.08313414,0.08223363,1.041607,150.37
468400,0.33,0.64,0.03,0.07665761,0.07296445,0.6506045,144.69
468500,0.46,0.47,0.07,0.0915843,0.1071704,1.427612,188.26
468600,0.42,0.56,0.02,0.09156479,0.0961985,0.3922021,110.12
468700,0.34,0.63,0.03,0.08928525,0.08215323,0.5772036,135.36
468800,0.42,0.53,0.05,0.06573899,0.06227008,0.940607,154.94
468900,0.46,0.51,0.03,0.07007981,0.06548754,0.9538062,141.79
469000,0.51,0.45,0.04,0.07280034,0.06492655,1.036407,141.58
469100,0.56,0.41,0.03,0.06948028,0.06766479,0.6230031,143
469200,0.4,0.56,0.04,0.09309908,0.08463051,0.5434045,130.89
469300,0.52,0.46,0.02,0.08984634,0.08250659,0.716602,117.45
469400,0.55,0.43,0.02,0.0940892,0.1026657,0.8512048,124.4
469500,0.43,0.55,0.02,0.07429921,0.0707825,0.4250022,130.62
469600,0.45,0.51,0.04,0.09794095,0.1032247,0.5918021,158.21
469700,0.5,0.47,0.03,0.09310695,0.09949684,0.7254035,140.09
469800,0.41,0.54,0.05,0.100489,0.08917829,0.985409,155.69
469900,0.37,0.58,0.05,0.07092397,0.06368889,0.8932068,140.58
470000,0.41,0.56,0.03,0.07669703,0.1069734,0.7206036,153.78
470100,0.51,0.46,0.03,0.07451748,0.07540199,0.8584046,169.71
470200,0.42,0.51,0.07,0.07694167,0.09015098,1.482813,212.02
470300,0.51,0.45,0.04,0.08179142,0.07550276,0.9562067,131.5
470400,0.38,0.57,0.05,0.07323425,0.06684851,0.8180072,161.54
470500,0.45,0.5,0.05,0.08045046,0.08727418,1.01281,160.33
470600,0.43,0.52,0.05,0.06616305,0.06089374,0.903407,149.66
470700,0.47,0.48,0.05,0.07865047,0.06700934,0.9370096,148.62
470800,0.43,0.54,0.03,0.09167543,0.1012645,0.8198044,142.13
470900,0.42,0.55,0.03,0.0834571,0.08413114,0.6884039,122.39
471000,0.38,0.6,0.02,0.08238479,0.08093067,0.3882024,128.34
471100,0.36,0.6,0.04,0.06447367,0.06128522,0.9648068,154.97
471200,0.51,0.46,0.03,0.06751562,0.06336093,0.6984046,122.37
471300,0.57,0.4,0.03,0.0707321,0.06417058,0.7374048,158.89
471400,0.43,0.55,0.02,0.07128081,0.06804052,0.4166025,119.75
471500,0.4,0.58,0.02,0.08313844,0.08541638,0.5488042,130.68
471600,0.43,0.53,0.04,0.07623968,0.08383754,0.8668066,159.7
471700,0.5,0.45,0.05,0.06510116,0.06431838,0.9298062,163.87
471800,0.46,0.49,0.05,0.06919216,0.0686851,1.16641,155.18
471900,0.5,0.47,0.03,0.06919044,0.06550234,0.6582048,152.37
472000,0.45,0.51,0.04,0.07158561,0.07054221,0.4750017,140.38
472100,0.43,0.55,0.02,0.0666173,0.06444333,0.5354051,140.47
472200,0.45,0.52,0.03,0.06941302,0.06359636,0.6210045,145.55
472300,0.45,0.5,0.05,0.07478955,0.06567237,0.940009,142.95
472400,0.48,0.5,0.02,0.07510643,0.07273544,0.6176021,133.65
472500,0.42,0.54,0.04,0.09299926,0.0948398,0.703404,152.31
472600,0.42,0.53,0.05,0.0732654,0.07080083,1.076209,160.04
472700,0.43,0.53,0.04,0.07439568,0.08380816,0.7320038,133.13
472800,0.43,0.55,0.02,0.09818731,0.0913616,0.4012021,123.78
472900,0.43,0.53,0.04,0.07571621,0.07372706,0.5016015,147.91
473000,0.41,0.55,0.04,0.07163452,0.06565044,0.6508047,138.04
473100,0.45,0.51,0.04,0.07789791,0.07331167,1.005609,149.8
473200,0.5,0.44,0.06,0.07132218,0.06641913,1.468613,148.6
473300,0.48,0.5,0.02,0.07885218,0.08035295,0.5210023,117.42
473400,0.51,0.44,0.05,0.1038489,0.09042809,0.8276061,152.27
473500,0.33,0.63,0.04,0.07822944,0.07673016,0.6156048,149.83
473600,0.38,0.58,0.04,0.09038516,0.08701071,0.7268056,123.62
473700,0.45,0.5,0.05,0.0912356,0.08382388,1.154811,130.63
473800,0.42,0.53,0.05,0.08554625,0.08734825,1.10081,153.21
473900,0.44,0.54,0.02,0.07191571,0.07095464,0.7802047,139.34
474000,0.38,0.58,0.04,0.06877825,0.06329125,0.9484093,136.25
474100,0.44,0.5,0.06,0.06770886,0.062394,1.349412,167.57
474200,0.38,0.56,0.06,0.07894086,0.07399078,0.9738095,160.98
474300,0.48,0.5,0.02,0.07948876,0.06835583,0.4308018,123.71
474400,0.48,0.49,0.03,0.07637303,0.07257929,0.8498074,141.2
474500,0.45,0.51,0.04,0.08130094,0.07928396,0.9568061,152.7
474600,0.45,0.53,0.02,0.0804631,0.08926137,0.6762038,121.51
474700,0.47,0.5,0.03,0.07301233,0.06713711,0.2789998,147.76
474800,0.36,0.62,0.02,0.08161341,0.07143223,0.3790025,104.59
474900,0.37,0.59,0.04,0.07036632,0.07270873,0.8246076,147.34
475000,0.38,0.59,0.03,0.07693826,0.07365642,0.708204,146.46
475100,0.42,0.55,0.03,0.08335471,0.08459011,0.8534066,134.15
475200,0.47,0.48,0.05,0.06854754,0.06380169,1.014609,148.74
475300,0.42,0.56,0.02,0.1115315,0.1167923,0.4958021,120.11
475400,0.38,0.59,0.03,0.07797208,0.06819678,0.6818045,131.18
475500,0.45,0.53,0.02,0.08750825,0.07837412,0.3902,135.4
475600,0.43,0.56,0.01,0.07517093,0.07411621,0.2127998,112.56
475700,0.43,0.55,0.02,0.07797206,0.07590628,0.5854045,132.61
475800,0.47,0.5,0.03,0.07644324,0.07024641,0.8318042,129.83
475900,0.36,0.6,0.04,0.0639063,0.06402352,0.8540075,141.71
476000,0.53,0.46,0.01,0.07183529,0.07594438,0.6768019,126.33
476100,0.47,0.52,0.01,0.06791372,0.06086142,0.3873997,112.21
476200,0.41,0.54,0.05,0.07389689,0.08086783,1.103209,174.44
476300,0.49,0.48,0.03,0.08022195,0.08225799,1.003407,146.73
476400,0.49,0.47,0.04,0.1122056,0.115627,1.134209,134.99
476500,0.45,0.52,0.03,0.07306869,0.06782823,0.7108039,154.14
476600,0.36,0.6,0.04,0.05976244,0.0565933,0.7516071,151.57
476700,0.36,0.56,0.08,0.07606243,0.08596097,1.368212,202.99
476800,0.44,0.53,0.03,0.0745118,0.0751478,0.9368065,150.25
476900,0.47,0.51,0.02,0.09355255,0.09684998,0.7764043,125.78
477000,0.46,0.49,0.05,0.08110534,0.09028316,1.417011,167.09
477100,0.48,0.46,0.06,0.07985773,0.08721116,1.631415,163.39
477200,0.46,0.52,0.02,0.07434949,0.07361396,0.7784039,142.93
477300,0.47,0.51,0.02,0.07986183,0.08786938,0.5164018,137.91
477400,0.37,0.6,0.03,0.07551257,0.07660211,0.565604,125.65
477500,0.44,0.53,0.03,0.0697946,0.06497163,0.4850016,138.69
477600,0.42,0.57,0.01,0.06691627,0.06877975,0.3752024,121.75
477700,0.47,0.5,0.03,0.06679509,0.06150862,0.6214043,133.02
477800,0.5,0.44,0.06,0.08296869,0.07200166,1.066609,153.74
477900,0.41,0.57,0.02,0.08279384,0.08656862,0.4430025,123.73
478000,0.38,0.6,0.02,0.08074985,0.07197907,0.5126019,117.94
478100,0.5,0.46,0.04,0.07149073,0.06869742,0.453601,164.04
478200,0.46,0.52,0.02,0.0893195,0.09200022,0.5336023,118.07
478300,0.38,0.56,0.06,0.07107649,0.06546026,1.389213,152.07
478400,0.46,0.49,0.05,0.06512546,0.06305262,1.13941,163.69
478500,0.51,0.42,0.07,0.08085587,0.07241546,1.445814,185.78
478600,0.44,0.53,0.03,0.07025384,0.06665414,0.8536069,136.84
478700,0.49,0.47,0.04,0.07681846,0.07046285,1.044009,154.04
478800,0.54,0.42,0.04,0.07943907,0.07524938,0.7610041,163.33
478900,0.55,0.41,0.04,0.07646904,0.06616506,0.7742038,137.05
479000,0.47,0.53,0,0.06324737,0.06236311,0.2429998,134.07
479100,0.55,0.44,0.01,0.07606683,0.07141072,0.6046019,124.29
479200,0.42,0.54,0.04,0.07253824,0.07107027,0.7748064,129.9
479300,0.51,0.45,0.04,0.07886598,0.08036341,0.5832046,146.75
479400,0.48,0.49,0.03,0.07842225,0.08505674,0.4554025,126.66
479500,0.45,0.53,0.02,0.06823056,0.0620543,0.5162024,132.23
479600,0.46,0.52,0.02,0.09397806,0.08450824,0.7570045,130.3
479700,0.4,0.54,0.06,0.08119512,0.07073868,1.371813,176.87
479800,0.55,0.42,0.03,0.06981316,0.06440374,0.9122062,144.36
479900,0.49,0.48,0.03,0.06784034,0.06358958,0.8356045,142.29
480000,0.38,0.59,0.03,0.07820867,0.07229775,0.4124016,143.69
480100,0.4,0.56,0.04,0.07695608,0.08881737,0.7954041,151.63
480200,0.46,0.51,0.03,0.07816367,0.07913921,0.8138071,130.92
480300,0.37,0.62,0.01,0.08733311,0.08161667,0.3850024,118.76
480400,0.38,0.56,0.06,0.08817431,0.08319684,1.030812,164.6
480500,0.53,0.44,0.03,0.07559956,0.08207013,0.9674062,120.31
480600,0.43,0.55,0.02,0.08185907,0.08281925,0.6780044,138.28
480700,0.45,0.54,0.01,0.07731401,0.06912337,0.5816021,127.61
480800,0.5,0.46,0.04,0.07160934,0.07056671,1.091409,137.59
480900,0.43,0.5,0.07,0.1054878,0.09443873,1.104809,177.12
481000,0.42,0.53,0.05,0.0936617,0.1099633,1.199211,163.48
481100,0.47,0.5,0.03,0.06747616,0.0612056,0.5776042,127.8
481200,0.48,0.46,0.06,0.08702989,0.08281388,1.274409,154.58
481300,0.51,0.41,0.08,0.07218803,0.07931398,1.875419,193.43
481400,0.37,0.6,0.03,0.08316711,0.08296959,0.821006,138.8
481500,0.47,0.5,0.03,0.08166862,0.07952318,0.8136046,139.26
481600,0.46,0.5,0.04,0.0767497,0.06865912,1.19881,136.66
481700,0.47,0.5,0.03,0.09408733,0.08926405,0.6694041,123.89
481800,0.43,0.52,0.05,0.06868125,0.06575838,1.327811,146.88
481900,0.36,0.63,0.01,0.1010052,0.1105575,0.3928024,114.64
482000,0.46,0.53,0.01,0.07846302,0.07550061,0.4710025,118.93
482100,0.53,0.45,0.02,0.07946946,0.0844553,0.5864021,120.72
482200,0.49,0.47,0.04,0.07195207,0.06989294,1.081409,141.68
482300,0.38,0.57,0.05,0.08560433,0.08368052,0.6092049,162.67
482400,0.39,0.58,0.03,0.07994182,0.08352739,0.7282043,140.14
482500,0.53,0.41,0.06,0.09528228,0.09465237,0.9754094,144.3
482600,0.41,0.56,0.03,0.07194059,0.06567281,0.6480043,166.04
482700,0.41,0.52,0.07,0.09260801,0.09164891,1.541016,180.04
482800,0.45,0.52,0.03,0.08781879,0.08834838,0.6448051,123.78
482900,0.45,0.52,0.03,0.07298367,0.06817763,0.8660067,164.35
483000,0.38,0.59,0.03,0.07833038,0.07301363,0.7146043,147.26
483100,0.52,0.46,0.02,0.09074152,0.0899982,0.6228023,108.17
483200,0.5,0.49,0.01,0.07106967,0.07026207,0.4594021,120.53
483300,0.48,0.5,0.02,0.07000455,0.07811183,0.7366044,136.77
483400,0.47,0.52,0.01,0.08782388,0.07767747,0.2787998,106.93
483500,0.4,0.52,0.08,0.08261933,0.07878479,1.400413,172.44
483600,0.41,0.57,0.02,0.1101264,0.09007574,0.6726047,129.16
483700,0.5,0.49,0.01,0.1036732,0.1008964,0.541002,132.42
483800,0.54,0.39,0.07,0.0616881,0.05654509,1.749617,174.9
483900,0.47,0.48,0.05,0.07537752,0.06910253,0.8448049,166.62
484000,0.47,0.47,0.06,0.0681248,0.06223963,1.389812,172.69
484100,0.51,0.46,0.03,0.08133273,0.08302088,0.9896069,119.36
484200,0.52,0.46,0.02,0.08567307,0.07801524,0.7274047,133.57
484300,0.4,0.56,0.04,0.07090066,0.05852543,0.7370065,139.47
484400,0.36,0.59,0.05,0.06795796,0.05954917,1.098411,164.13
484500,0.46,0.54,0,0.07218769,0.0689634,0.1909999,120.9
484600,0.43,0.54,0.03,0.06887519,0.0676435,0.8070042,158.27
484700,0.46,0.51,0.03,0.08879454,0.08493625,1.172809,153.79
484800,0.52,0.46,0.02,0.1048629,0.09997697,0.7792045,115.9
484900,0.49,0.46,0.05,0.07769426,0.07398175,1.371012,164.84
485000,0.38,0.56,0.06,0.08271139,0.07473607,1.380214,159.51
485100,0.32,0.64,0.04,0.07298072,0.06522617,0.6968062,151.35
485200,0.33,0.61,0.06,0.07248312,0.07202034,0.9562092,151.11
485300,0.55,0.38,0.07,0.08242187,0.07546492,1.20181,163.55
485400,0.5,0.45,0.05,0.07329614,0.07067797,0.9496067,156.45
485500,0.47,0.49,0.04,0.09292122,0.09674259,1.068009,151.76
485600,0.43,0.54,0.03,0.06180371,0.05746584,0.9616068,141.93
485700,0.4,0.54,0.06,0.07428277,0.07065587,0.7054068,150.36
485800,0.44,0.49,0.07,0.08642333,0.07321838,0.928009,154.8
485900,0.48,0.5,0.02,0.08613286,0.07922908,0.682004,122.21
486000,0.54,0.43,0.03,0.07996417,0.07501647,0.881404,141.23
486100,0.53,0.47,0,0.08430756,0.09179197,0.4511997,87.06
486200,0.37,0.56,0.07,0.07926322,0.07490172,1.441414,159.29
486300,0.45,0.52,0.03,0.08340137,0.07935288,0.769405,140.27
486400,0.44,0.52,0.04,0.07459561,0.07461205,0.6740037,169.68
486500,0.47,0.49,0.04,0.08905128,0.08953678,0.9260079,151.75
486600,0.54,0.43,0.03,0.08566404,0.1000629,0.5642022,145.25
486700,0.47,0.47,0.06,0.1022267,0.1039186,1.047609,146.42
486800,0.42,0.53,0.05,0.09608709,0.08339062,1.063408,143.38
486900,0.5,0.44,0.06,0.09613664,0.1105966,1.360612,176.28
487000,0.4,0.56,0.04,0.06312833,0.05983553,0.9598072,156.26
487100,0.52,0.46,0.02,0.07567878,0.06917881,0.8008045,135.74
487200,0.43,0.51,0.06,0.07822983,0.07704149,1.369811,170.92
487300,0.42,0.5,0.08,0.08008411,0.08458931,1.541616,178.94
487400,0.47,0.5,0.03,0.0958961,0.08787623,0.8506067,136.25
487500,0.4,0.52,0.08,0.08514857,0.07961445,1.530012,188.59
487600,0.5,0.48,0.02,0.08724215,0.1008134,0.6774046,115.08
487700,0.49,0.45,0.06,0.07387979,0.0705964,1.21521,156.59
487800,0.39,0.54,0.07,0.09189644,0.08267798,1.518615,166.57
487900,0.43,0.55,0.02,0.08011466,0.08775555,0.6944046,145.81
488000,0.48,0.44,0.08,0.07569131,0.07776497,1.690017,203.48
488100,0.51,0.46,0.03,0.08884383,0.107293,1.090407,141.46
488200,0.48,0.48,0.04,0.07650179,0.06731094,0.7714069,148.85
488300,0.32,0.63,0.05,0.08228377,0.07679493,1.261411,158.49
488400,0.44,0.49,0.07,0.07440226,0.06839194,1.499613,163.18
488500,0.48,0.48,0.04,0.06927418,0.06156817,0.8002054,152.09
488600,0.44,0.54,0.02,0.07922185,0.07549872,0.4640022,134.21
488700,0.48,0.49,0.03,0.08631576,0.07933588,0.7786067,131.5
488800,0.55,0.44,0.01,0.07568762,0.07717475,0.7652026,158.72
488900,0.49,0.44,0.07,0.07588021,0.07046375,1.461613,168.94
489000,0.45,0.49,0.06,0.07334151,0.06718858,1.494213,166.4
489100,0.39,0.56,0.05,0.0744653,0.07860102,0.9068087,158.31
489200,0.41,0.56,0.03,0.09006011,0.09233902,0.7746065,138.46
489300,0.42,0.57,0.01,0.08886244,0.07655005,0.4016013,135.6
489400,0.37,0.56,0.07,0.0609445,0.05640998,1.424613,191.63
489500,0.48,0.48,0.04,0.07709384,0.07895105,1.117809,142.42
489600,0.4,0.56,0.04,0.07791314,0.06746935,0.8816065,146.7
489700,0.44,0.54,0.02,0.06973814,0.06577721,0.7576041,154.4
489800,0.53,0.45,0.02,0.08203384,0.07645458,0.3093997,116.55
489900,0.37,0.58,0.05,0.08432273,0.08047493,1.098411,177.8
490000,0.45,0.52,0.03,0.09381469,0.09562714,0.9176066,135.61
490100,0.56,0.41,0.03,0.07142663,0.0658721,0.943803,156.91
490200,0.48,0.48,0.04,0.1063852,0.09926914,1.010009,134.55
490300,0.47,0.47,0.06,0.07565414,0.06740039,1.212009,169.49
490400,0.44,0.54,0.02,0.07264307,0.09062795,0.6994019,142.24
490500,0.47,0.5,0.03,0.06904274,0.06633867,1.028806,160.91
490600,0.56,0.36,0.08,0.06853087,0.07336567,1.786215,183
490700,0.46,0.49,0.05,0.06490819,0.06084907,1.10601,162.7
490800,0.45,0.52,0.03,0.1024664,0.1140136,0.8850071,133.36
490900,0.52,0.46,0.02,0.1021524,0.1087043,0.8638045,143.4
491000,0.43,0.54,0.03,0.0828326,0.07584362,0.7556041,141.9
491100,0.44,0.53,0.03,0.09831728,0.111613,0.7250047,125.07
491200,0.42,0.55,0.03,0.07742868,0.0851502,0.7556068,127.24
491300,0.5,0.46,0.04,0.0839763,0.1023881,0.9774085,139.79
491400,0.5,0.43,0.07,0.09251279,0.08672822,1.595216,192.72
491500,0.51,0.46,0.03,0.07514941,0.07240164,0.667205,126.14
491600,0.52,0.45,0.03,0.06927163,0.05974082,0.7404063,132.99
491700,0.46,0.52,0.02,0.09031135,0.09294827,0.6638042,113.2
491800,0.37,0.55,0.08,0.06942371,0.06734051,1.481414,194.27
491900,0.49,0.45,0.06,0.07510521,0.06163283,1.097209,168.25
492000,0.4,0.58,0.02,0.08255076,0.07872803,0.7728043,143.13
492100,0.42,0.5,0.08,0.06924734,0.06686898,1.527811,216.45
492200,0.43,0.53,0.04,0.09412588,0.08766739,0.6744046,116.57
492300,0.44,0.53,0.03,0.07033011,0.06425247,0.7422044,154.72
492400,0.36,0.55,0.09,0.07852734,0.07083058,1.543617,190.46
492500,0.41,0.56,0.03,0.07714283,0.07031903,0.8782065,129.4
492600,0.47,0.49,0.04,0.09766201,0.1066882,0.9318068,137.62
492700,0.47,0.49,0.04,0.07101867,0.0597604,0.6762049,131.31
492800,0.35,0.62,0.03,0.06782348,0.0641948,0.8434072,137.66
492900,0.46,0.48,0.06,0.08136137,0.07846741,1.549813,166.86
493000,0.46,0.51,0.03,0.07133047,0.07062634,0.9984077,130.68
493100,0.39,0.54,0.07,0.06798018,0.06583959,1.311613,169.11
493200,0.52,0.43,0.05,0.0795975,0.09001946,1.323808,138.49
493300,0.5,0.48,0.02,0.07542393,0.06660225,0.9160042,134.74
493400,0.53,0.46,0.01,0.07460122,0.07068702,0.5398024,115.03
493500,0.47,0.5,0.03,0.07031219,0.07034495,0.7358069,129.4
493600,0.45,0.54,0.01,0.07992127,0.06990445,0.4359996,130.54
493700,0.37,0.6,0.03,0.07430714,0.07457726,0.5494041,119.32
493800,0.45,0.51,0.04,0.06442375,0.06308632,0.9100065,143.81
493900,0.47,0.49,0.04,0.08072945,0.07440706,1.178609,147.27
494000,0.45,0.5,0.05,0.07556397,0.0735205,1.181411,144.36
494100,0.43,0.52,0.05,0.06759391,0.06300264,1.374411,159.72
494200,0.48,0.51,0.01,0.07848224,0.07248037,0.4304017,107.68
494300,0.39,0.58,0.03,0.1176871,0.1090988,0.6778046,117.76
494400,0.48,0.47,0.05,0.08508005,0.08355846,0.9916089,161.25
494500,0.42,0.51,0.07,0.09533065,0.09048652,1.275011,164.89
494600,0.38,0.54,0.08,0.064981,0.06273329,0.9820085,179.55
494700,0.4,0.56,0.04,0.06948067,0.06489777,0.7618072,155.35
494800,0.39,0.53,0.08,0.07055708,0.06594005,1.385413,180.93
494900,0.48,0.5,0.02,0.08670668,0.08339635,0.6288049,126.96
495000,0.43,0.53,0.04,0.07205469,0.06821337,0.9672092,150.59
495100,0.44,0.5,0.06,0.06737193,0.06427553,1.496413,163.82
495200,0.47,0.51,0.02,0.06510825,0.05800009,0.6582042,124.51
495300,0.44,0.55,0.01,0.07668779,0.07026149,0.4808025,131.28
495400,0.31,0.62,0.07,0.06697759,0.06335772,1.477415,181.36
495500,0.38,0.55,0.07,0.0779565,0.06903719,1.325413,162.56
495600,0.48,0.47,0.05,0.08459301,0.07928953,0.6554042,162.65
495700,0.51,0.46,0.03,0.07939222,0.08059746,0.6206045,125.13
495800,0.4,0.51,0.09,0.06964442,0.06667833,1.922218,206.13
495900,0.42,0.5,0.08,0.08025403,0.07312322,1.693817,190.44
496000,0.44,0.51,0.05,0.07256425,0.07418715,0.9652094,166.24
496100,0.45,0.52,0.03,0.08603109,0.08187771,0.7608041,141.32
496200,0.42,0.55,0.03,0.09980005,0.0917074,1.041007,159.23
496300,0.54,0.41,0.05,0.07191879,0.06265116,1.228209,157.14
496400,0.51,0.44,0.05,0.0762849,0.06816152,1.191611,154.91
496500,0.38,0.55,0.07,0.07129977,0.06941684,1.259612,161.69
496600,0.42,0.53,0.05,0.07603617,0.08000234,1.014208,156.26
496700,0.45,0.51,0.04,0.07153977,0.07194808,0.845005,147.65
496800,0.48,0.46,0.06,0.08241864,0.0844681,1.146409,158.66
496900,0.43,0.55,0.02,0.06993161,0.06430862,0.6994047,137.83
497000,0.44,0.52,0.04,0.07294913,0.0794467,0.8244063,157.9
497100,0.58,0.39,0.03,0.08008084,0.07914406,0.6696018,144.74
497200,0.4,0.53,0.07,0.06916527,0.05949058,1.406612,182.69
497300,0.44,0.51,0.05,0.09260771,0.09326876,1.095809,147.87
497400,0.45,0.52,0.03,0.07625999,0.08275752,0.918207,134.77
497500,0.47,0.5,0.03,0.09115621,0.09668147,0.8532071,120.73
497600,0.42,0.55,0.03,0.07994331,0.08133242,0.8176066,128.64
497700,0.4,0.56,0.04,0.08930394,0.08748765,0.7942071,135.13
497800,0.48,0.5,0.02,0.09011079,0.09519284,0.7386042,118.51
497900,0.53,0.41,0.06,0.07680819,0.07373365,1.29041,160.98
498000,0.46,0.5,0.04,0.08941807,0.09992257,0.6404018,141.92
498100,0.44,0.5,0.06,0.08507168,0.09868624,1.072008,165.49
498200,0.46,0.45,0.09,0.08303223,0.07764502,1.321611,192.48
498300,0.52,0.42,0.06,0.08129485,0.08695231,1.269212,153.19
498400,0.43,0.53,0.04,0.09042355,0.09678005,0.9974096,133.81
498500,0.48,0.48,0.04,0.07764489,0.07426272,1.102409,148.35
498600,0.43,0.51,0.06,0.0965008,0.09866915,0.9154072,173.84
498700,0.41,0.53,0.06,0.08672557,0.08131599,1.086407,169.92
498800,0.45,0.5,0.05,0.07032472,0.0687564,1.143412,156.92
498900,0.43,0.54,0.03,0.0817894,0.08336395,0.8078066,143.49
499000,0.48,0.48,0.04,0.1230604,0.1266411,0.8886075,144.09
499100,0.44,0.51,0.05,0.07101702,0.06345977,1.142807,165.39
499200,0.55,0.42,0.03,0.09120069,0.09613269,0.8718069,135.42
499300,0.4,0.54,0.06,0.07853074,0.07196055,0.9834093,153.52
499400,0.38,0.57,0.05,0.07559697,0.06348681,1.16961,166.32
499500,0.49,0.45,0.06,0.08623151,0.07694404,1.152808,167.11
499600,0.42,0.5,0.08,0.07169721,0.06362762,0.8202065,174.5
499700,0.53,0.42,0.05,0.08256688,0.08060102,1.246409,153.79
499800,0.48,0.48,0.04,0.07345887,0.07934348,1.035609,157.02
499900,0.39,0.57,0.04,0.06732332,0.05794438,0.7148048,133.79
500000,0.57,0.38,0.05,0.08514354,0.08088116,1.264609,175.77
500100,0.45,0.53,0.02,0.1030517,0.09660221,0.7298046,113.45
500200,0.37,0.58,0.05,0.09387787,0.08778623,1.152409,148.2
500300,0.52,0.45,0.03,0.09138789,0.09285265,1.012607,141.79
500400,0.5,0.46,0.04,0.06130379,0.05811043,0.9396065,138.12
500500,0.49,0.46,0.05,0.07759255,0.07926936,1.205011,146.82
500600,0.37,0.56,0.07,0.07707522,0.0696902,1.559614,181.59
500700,0.52,0.44,0.04,0.09081438,0.09011135,1.14601,141.22
500800,0.45,0.5,0.05,0.0678159,0.06522707,1.023208,154.77
500900,0.44,0.53,0.03,0.08510076,0.08398239,0.7642042,122.01
501000,0.46,0.5,0.04,0.07383409,0.07264354,0.643,162.8
501100,0.49,0.47,0.04,0.1076505,0.1065407,0.8794069,147.52
501200,0.45,0.51,0.04,0.08058807,0.08514363,0.7892072,142.06
501300,0.41,0.55,0.04,0.07543807,0.08868388,0.7516043,139.84
501400,0.42,0.5,0.08,0.08279937,0.07892568,1.148211,184.92
501500,0.47,0.52,0.01,0.08800854,0.0844292,0.4086023,116.83
501600,0.41,0.55,0.04,0.0783677,0.07365516,0.8974072,164.57
501700,0.46,0.5,0.04,0.07724991,0.07297203,1.13361,137.27
501800,0.53,0.41,0.06,0.07960691,0.07943112,1.269011,156.06
501900,0.39,0.54,0.07,0.07840421,0.07379045,0.9720091,161.04
502000,0.38,0.54,0.08,0.06643358,0.05841476,1.704617,187.22
502100,0.41,0.51,0.08,0.06579079,0.06648589,1.134609,181.53
502200,0.42,0.53,0.05,0.07656262,0.06923552,0.962809,168.03
502300,0.43,0.54,0.03,0.07390815,0.07091197,0.8598067,140.65
502400,0.48,0.48,0.04,0.06198531,0.05964652,0.8660063,155.75
502500,0.4,0.53,0.07,0.08010723,0.07233045,1.093409,156.97
502600,0.39,0.54,0.07,0.07672568,0.07384286,1.401414,166.45
502700,0.42,0.49,0.09,0.06792109,0.06805307,1.689615,194.55
502800,0.45,0.53,0.02,0.08907856,0.08424189,0.4140018,124.59
502900,0.5,0.46,0.04,0.06880767,0.08379167,1.182608,145.56
503000,0.46,0.5,0.04,0.07786549,0.07466148,1.028206,153.4
503100,0.39,0.57,0.04,0.09776664,0.08702131,0.5240021,152.71
503200,0.38,0.57,0.05,0.07347505,0.0738243,1.308811,153.29
503300,0.4,0.57,0.03,0.07672083,0.06881693,0.9790056,144.79
503400,0.53,0.43,0.04,0.08788861,0.07319322,0.6306027,158.82
503500,0.44,0.5,0.06,0.07974999,0.09647148,1.280011,168.8
503600,0.4,0.54,0.06,0.06783202,0.06803814,0.9964095,171.46
503700,0.38,0.62,0,0.1076693,0.1120142,0.2165998,96.57
503800,0.34,0.64,0.02,0.07189006,0.07075256,0.3026,120.01
503900,0.45,0.49,0.06,0.08733088,0.1045339,1.201411,160.79
504000,0.48,0.47,0.05,0.07897659,0.07156023,0.813403,160.07
504100,0.41,0.56,0.03,0.06718054,0.06298593,0.7944044,149.92
504200,0.49,0.47,0.04,0.07709005,0.08677102,1.004209,139.72
504300,0.47,0.5,0.03,0.07053909,0.06168051,0.6740036,135.38
504400,0.5,0.48,0.02,0.07157472,0.06568231,0.831804,125.14
504500,0.37,0.58,0.05,0.06111905,0.05501199,0.8240065,160.06
504600,0.49,0.49,0.02,0.09050086,0.09350644,0.5140023,110.09
504700,0.44,0.48,0.08,0.0786745,0.07803523,1.496215,172.42
504800,0.41,0.55,0.04,0.07139703,0.06806788,1.103608,137.14
504900,0.46,0.51,0.03,0.07530064,0.06986824,0.6000036,128.53
505000,0.45,0.49,0.06,0.07718595,0.08697431,1.486413,171.65
505100,0.51,0.46,0.03,0.08269258,0.07579694,0.441602,146.75
505200,0.48,0.46,0.06,0.0656818,0.06233762,1.412813,161.6
505300,0.45,0.52,0.03,0.07028118,0.06287387,0.8364053,141.13
505400,0.43,0.55,0.02,0.08372119,0.07515252,0.808803,150.88
505500,0.43,0.55,0.02,0.07995506,0.07632861,0.5398018,137.71
505600,0.45,0.5,0.05,0.07803304,0.06635995,1.079609,151.15
505700,0.41,0.54,0.05,0.1166577,0.1182543,1.325611,158.18
505800,0.42,0.56,0.02,0.09346355,0.09456488,0.3932019,115.09
505900,0.49,0.47,0.04,0.06964395,0.06034872,0.6724049,147.22
506000,0.47,0.52,0.01,0.09341821,0.087323,0.590402,121.12
506100,0.53,0.43,0.04,0.08369269,0.09745314,0.5682023,145.04
506200,0.47,0.51,0.02,0.09257846,0.08792517,0.7436044,146.3
506300,0.45,0.54,0.01,0.09089287,0.0896961,0.5608021,114.35
506400,0.5,0.49,0.01,0.06862232,0.0658555,0.2565998,121.54
506500,0.48,0.47,0.05,0.07903354,0.07134665,0.6656048,155.2
506600,0.49,0.46,0.05,0.07324716,0.07205325,1.380412,158.85
506700,0.49,0.47,0.04,0.08850808,0.09546094,0.748802,164.28
506800,0.42,0.55,0.03,0.07523972,0.07318109,0.6322044,138.56
506900,0.49,0.49,0.02,0.09475162,0.08058283,0.8448048,127.39
507000,0.5,0.49,0.01,0.07348981,0.06921822,0.2770017,125.45
507100,0.4,0.54,0.06,0.08612015,0.09185938,1.316414,169
507200,0.53,0.44,0.03,0.08131814,0.07438363,0.5040023,128.68
507300,0.48,0.42,0.1,0.08496129,0.07792967,1.498014,189.08
507400,0.37,0.59,0.04,0.08224548,0.07318556,0.8600081,125.62
507500,0.49,0.44,0.07,0.07218678,0.07451663,1.416813,171.63
507600,0.46,0.49,0.05,0.07913563,0.07385906,0.8722066,168.21
507700,0.36,0.62,0.02,0.08094727,0.08219072,0.6600044,131.42
507800,0.41,0.51,0.08,0.08019274,0.08628787,1.587816,167.62
507900,0.4,0.56,0.04,0.07185085,0.07483148,0.9900087,148.21
508000,0.46,0.5,0.04,0.07470838,0.06513599,0.8790088,136.64
508100,0.41,0.55,0.04,0.0895799,0.07334158,0.8514074,161.59
508200,0.4,0.57,0.03,0.07740018,0.07072567,0.5494046,117.67
508300,0.37,0.56,0.07,0.09406383,0.09040251,1.211211,169.42
508400,0.48,0.47,0.05,0.1128644,0.1225395,0.7510043,157.3
508500,0.47,0.5,0.03,0.09043395,0.09016855,0.8382057,128.37
508600,0.41,0.53,0.06,0.07515554,0.08557556,0.9744091,161.27
508700,0.46,0.51,0.03,0.07023726,0.06637509,0.8678067,162.41
508800,0.45,0.47,0.08,0.06554484,0.06284588,1.532812,190.23
508900,0.48,0.5,0.02,0.07664292,0.07801456,0.6356021,129.44
509000,0.5,0.45,0.05,0.07993255,0.076136,0.855007,149.27
509100,0.44,0.49,0.07,0.07731806,0.08534836,0.9544089,181.53
509200,0.46,0.48,0.06,0.07031988,0.06971181,1.350612,180.87
509300,0.47,0.47,0.06,0.0686108,0.06221085,1.357212,157.59
509400,0.39,0.56,0.05,0.06278606,0.06318591,0.874808,152.37
509500,0.48,0.49,0.03,0.1392007,0.1487303,0.5648037,124.62
509600,0.41,0.53,0.06,0.07851341,0.07739028,1.341013,170.02
509700,0.42,0.55,0.03,0.06641839,0.06034201,0.8216076,139.38
509800,0.44,0.49,0.07,0.08495921,0.08203293,1.531216,176.76
509900,0.48,0.51,0.01,0.09359027,0.1049397,0.3878025,124.69
510000,0.39,0.58,0.03,0.09479159,0.09496184,0.9020069,143.74
510100,0.42,0.54,0.04,0.08074269,0.07950054,1.071609,146.06
510200,0.5,0.45,0.05,0.06955607,0.06853236,1.320211,166.77
510300,0.4,0.56,0.04,0.07754508,0.06745508,0.6020048,128.14
510400,0.43,0.54,0.03,0.07889692,0.08765153,0.8634069,134.9
510500,0.51,0.44,0.05,0.07185457,0.06931756,1.13061,158.99
510600,0.45,0.52,0.03,0.07647997,0.07593348,0.687003,133.9
510700,0.42,0.51,0.07,0.06745138,0.06582437,1.374613,189.37
510800,0.44,0.51,0.05,0.07306232,0.0804349,0.880207,158.65
510900,0.41,0.54,0.05,0.08677521,0.08560286,1.149412,149.46
511000,0.48,0.45,0.07,0.1048031,0.1045367,1.237212,167.33
511100,0.45,0.48,0.07,0.08215096,0.07492419,1.21561,188.01
511200,0.45,0.53,0.02,0.08908595,0.08597081,0.6472037,111.58
511300,0.47,0.49,0.04,0.1349221,0.1256225,1.017408,154.06
511400,0.47,0.5,0.03,0.07032745,0.06744868,0.7972034,128.03
511500,0.51,0.44,0.05,0.07163253,0.06782327,1.056407,161.34
511600,0.47,0.51,0.02,0.07260606,0.07492762,0.5790029,135.21
511700,0.54,0.42,0.04,0.08807449,0.09397499,0.9078072,148.44
511800,0.46,0.49,0.05,0.06877699,0.06298683,1.093009,178.1
511900,0.47,0.51,0.02,0.08965846,0.08423212,0.7698045,134.7
512000,0.45,0.48,0.07,0.08295918,0.0828587,1.356212,184.02
512100,0.55,0.38,0.07,0.08378927,0.07901264,1.21581,163.68
512200,0.5,0.44,0.06,0.07315882,0.07662914,1.532814,170.99
512300,0.45,0.54,0.01,0.07316347,0.08179535,0.4964023,114.93
512400,0.44,0.52,0.04,0.09329524,0.08644,0.9264092,139.33
512500,0.5,0.45,0.05,0.0826082,0.08430228,1.155208,145.62
512600,0.51,0.43,0.06,0.07492345,0.07018688,0.9298068,154.79
512700,0.26,0.64,0.1,0.07718574,0.08293761,1.677218,207.49
512800,0.55,0.43,0.02,0.07286847,0.06712753,0.6888049,113.79
512900,0.49,0.47,0.04,0.08591928,0.09229022,0.4427996,148.79
513000,0.46,0.47,0.07,0.07345416,0.07139938,1.289011,180.29
513100,0.43,0.51,0.06,0.09862393,0.09179486,1.520013,155.67
513200,0.41,0.54,0.05,0.068143,0.08013903,0.9118064,159.45
513300,0.45,0.49,0.06,0.08164436,0.0789561,1.133811,179.24
513400,0.42,0.55,0.03,0.07801144,0.07742999,0.5978046,137.57
513500,0.44,0.55,0.01,0.08716355,0.08571234,0.2195998,106.43
513600,0.42,0.54,0.04,0.06624888,0.06451976,0.8542054,151.81
513700,0.38,0.58,0.04,0.07134883,0.0654808,1.079409,142.33
513800,0.4,0.57,0.03,0.09136143,0.09039559,0.8018069,134.91
513900,0.56,0.39,0.05,0.07976422,0.08095527,1.213209,167.29
514000,0.44,0.54,0.02,0.08814897,0.08460058,0.6908045,139.15
514100,0.53,0.43,0.04,0.09591757,0.08774777,1.201409,141.43
514200,0.5,0.47,0.03,0.08220191,0.08735943,0.8926042,145.55
514300,0.46,0.49,0.05,0.08282784,0.08398867,1.096209,155.3
514400,0.48,0.46,0.06,0.06631058,0.0641309,1.339411,164.36
514500,0.42,0.51,0.07,0.09436417,0.09351292,1.356214,160.4
514600,0.42,0.54,0.04,0.08282576,0.07991802,0.8500059,152.22
514700,0.46,0.49,0.05,0.1033641,0.09579791,1.184211,160.6
514800,0.41,0.57,0.02,0.0657799,0.06298659,0.667203,138.36
514900,0.48,0.47,0.05,0.08130461,0.08499002,1.098809,147.4
515000,0.4,0.57,0.03,0.0857175,0.09584045,0.8140054,133.81
515100,0.46,0.46,0.08,0.09617537,0.09677143,1.479214,174.67
515200,0.48,0.47,0.05,0.07387377,0.07399001,1.106609,149.54
515300,0.38,0.58,0.04,0.07428835,0.06918785,0.8368049,167.66
515400,0.47,0.51,0.02,0.08984659,0.09398422,0.696004,119.72
515500,0.44,0.49,0.07,0.07767884,0.07232274,1.475813,170.96
515600,0.44,0.49,0.07,0.07103712,0.0573482,1.320613,167.25
515700,0.35,0.62,0.03,0.09242374,0.09819494,0.8452058,154.01
515800,0.48,0.47,0.05,0.0814378,0.07528727,1.21021,163.17
515900,0.46,0.49,0.05,0.09090083,0.1014681,1.194012,166.09
516000,0.55,0.4,0.05,0.06672151,0.06314038,1.076609,144.75
516100,0.56,0.4,0.04,0.07665374,0.08162995,1.176608,143.57
516200,0.35,0.56,0.09,0.09051228,0.09931639,1.417014,180.97
516300,0.45,0.52,0.03,0.06787007,0.06154835,0.885207,139.33
516400,0.35,0.6,0.05,0.08741502,0.08452037,1.00501,162.23
516500,0.43,0.5,0.07,0.06422168,0.06540716,1.07561,183.65
516600,0.48,0.43,0.09,0.08492776,0.07614934,1.766017,196.85
516700,0.42,0.5,0.08,0.07272084,0.06333063,1.456815,170.46
516800,0.43,0.55,0.02,0.08739767,0.08826909,0.9564045,135.53
516900,0.48,0.45,0.07,0.09431869,0.09226295,1.562214,151.29
517000,0.37,0.57,0.06,0.07010414,0.07230227,1.09761,167.19
517100,0.53,0.42,0.05,0.09186288,0.08259776,1.251208,168.52
517200,0.46,0.5,0.04,0.08174341,0.07935292,0.7760067,140.57
517300,0.45,0.48,0.07,0.07514121,0.07216087,1.453013,176.72
517400,0.52,0.46,0.02,0.07285801,0.06719343,0.8700042,127.47
517500,0.42,0.54,0.04,0.07450372,0.06688618,0.8978074,143.93
517600,0.42,0.52,0.06,0.07003758,0.0632301,1.25001,165.73
517700,0.45,0.5,0.05,0.08798906,0.08463373,0.7962058,143.39
517800,0.37,0.57,0.06,0.08143814,0.07472591,1.302615,149.33
517900,0.43,0.54,0.03,0.09455786,0.08854448,0.8890066,121.14
518000,0.46,0.49,0.05,0.08176493,0.07368425,0.9686072,141.14
518100,0.42,0.51,0.07,0.07415798,0.06438184,1.476813,154.76
518200,0.36,0.6,0.04,0.08108133,0.07735462,0.7704072,142.6
518300,0.51,0.46,0.03,0.1185697,0.1085451,1.028807,151.96
518400,0.4,0.54,0.06,0.06665949,0.06724661,1.339814,160.18
518500,0.52,0.46,0.02,0.06925986,0.0689573,0.8108041,146.9
518600,0.43,0.53,0.04,0.08261552,0.07640601,1.067609,138.1
518700,0.5,0.45,0.05,0.06946026,0.0698574,1.282611,159.22
518800,0.5,0.46,0.04,0.06986833,0.06685387,0.7484047,151.08
518900,0.45,0.49,0.06,0.09433903,0.08631066,1.11401,136.3
519000,0.41,0.54,0.05,0.08821914,0.0810663,1.050009,181.81
519100,0.45,0.51,0.04,0.09410075,0.0939886,1.146008,126.44
519200,0.38,0.59,0.03,0.09245021,0.09465207,0.8594068,142.46
519300,0.43,0.53,0.04,0.07755353,0.07400534,0.989008,138.03
519400,0.42,0.54,0.04,0.09956403,0.1022382,0.5394022,137.15
519500,0.53,0.4,0.07,0.06927533,0.07816109,1.881615,183.35
519600,0.43,0.5,0.07,0.07327705,0.0725425,1.274812,172.52
519700,0.46,0.49,0.05,0.1015404,0.1027794,1.13061,155.17
519800,0.49,0.47,0.04,0.102134,0.1012465,1.112408,135.55
519900,0.44,0.52,0.04,0.09089056,0.09093154,0.7068042,132.12
520000,0.49,0.48,0.03,0.0760923,0.08123841,0.6462042,145.06
520100,0.46,0.47,0.07,0.07732362,0.06990615,1.360012,177.74
520200,0.55,0.41,0.04,0.09481429,0.08788112,0.9032062,168.86
520300,0.45,0.5,0.05,0.09043796,0.08087008,0.8170068,132.89
520400,0.44,0.5,0.06,0.06461677,0.0600879,1.218211,162.46
520500,0.46,0.5,0.04,0.06995305,0.06569726,0.9578065,148.54
520600,0.48,0.47,0.05,0.0922498,0.08898183,1.067807,148.83
520700,0.45,0.48,0.07,0.0796743,0.07625703,1.218411,153.71
520800,0.43,0.49,0.08,0.06929971,0.06922051,1.619016,170.45
520900,0.4,0.55,0.05,0.06718792,0.06428893,1.126211,168.36
521000,0.43,0.55,0.02,0.09204347,0.08404247,0.4538018,139.45
521100,0.45,0.54,0.01,0.09619942,0.1004284,0.653602,122.4
521200,0.44,0.52,0.04,0.06570204,0.05957818,1.185809,165.36
521300,0.42,0.53,0.05,0.08163591,0.08564466,1.063009,180.56
521400,0.41,0.54,0.05,0.07188156,0.07285377,1.182612,140.37
521500,0.49,0.47,0.04,0.07721861,0.06734546,1.035809,149.52
521600,0.44,0.49,0.07,0.07987871,0.07472517,1.313212,183.15
521700,0.47,0.52,0.01,0.07145406,0.06515917,0.4470013,120.87
521800,0.41,0.53,0.06,0.09259146,0.1027153,1.309012,148.93
521900,0.43,0.51,0.06,0.072859,0.06707196,1.274412,174.96
522000,0.46,0.47,0.07,0.07090737,0.06724068,1.214213,167.87
522100,0.43,0.49,0.08,0.1021559,0.1069334,1.762819,188.37
522200,0.35,0.62,0.03,0.09336179,0.08942008,0.5912043,132.39
522300,0.41,0.53,0.06,0.06650528,0.05799137,0.9936076,172.98
522400,0.39,0.56,0.05,0.0923463,0.08451846,0.9622075,135.14
522500,0.48,0.5,0.02,0.08771946,0.09047952,0.506202,117.64
522600,0.35,0.6,0.05,0.08899052,0.0809364,0.8254046,148.21
522700,0.48,0.49,0.03,0.07853624,0.08675192,0.8478068,131.8
522800,0.39,0.54,0.07,0.07524955,0.0674744,1.303011,162.29
522900,0.46,0.48,0.06,0.07746161,0.07708816,1.025808,159.52
523000,0.51,0.43,0.06,0.0896934,0.08511305,1.48401,166.86
523100,0.41,0.54,0.05,0.07715118,0.07078808,0.9860079,144.31
523200,0.48,0.51,0.01,0.07194615,0.06547429,0.5076005,132.59
523300,0.46,0.47,0.07,0.06896443,0.06436717,1.263811,187.22
523400,0.45,0.49,0.06,0.09830506,0.1013982,1.392011,172.08
523500,0.39,0.54,0.07,0.07646219,0.07262252,1.322613,159.95
523600,0.46,0.5,0.04,0.0794754,0.07401002,0.5266022,136.22
523700,0.49,0.48,0.03,0.08003794,0.08493186,1.042207,144.01
523800,0.49,0.46,0.05,0.07687956,0.07700706,0.9912087,159.72
523900,0.46,0.52,0.02,0.08459652,0.0660264,0.702805,138.72
524000,0.43,0.49,0.08,0.07325424,0.07003126,1.495013,202.16
524100,0.47,0.49,0.04,0.07754068,0.07399896,0.7816054,145.36
524200,0.45,0.51,0.04,0.08960578,0.08825033,1.000805,176.96
524300,0.42,0.55,0.03,0.09184813,0.09886211,0.9060066,145.02
524400,0.47,0.46,0.07,0.07855535,0.07775453,1.194811,188.25
524500,0.43,0.53,0.04,0.07150721,0.06848391,1.047206,164.31
524600,0.51,0.46,0.03,0.07873451,0.06941299,0.8764062,121.73
524700,0.47,0.51,0.02,0.07939776,0.07653202,0.840405,143.73
524800,0.35,0.6,0.05,0.09933762,0.09787938,1.249012,178.77
524900,0.4,0.55,0.05,0.08888452,0.09042248,0.5646043,143.42
525000,0.42,0.51,0.07,0.07930808,0.08673273,1.483213,166.84
525100,0.54,0.4,0.06,0.06860342,0.06489447,1.476013,173.39
525200,0.43,0.47,0.1,0.06183479,0.06668314,2.262623,209.37
525300,0.42,0.5,0.08,0.07420114,0.06979303,1.770819,179.09
525400,0.41,0.55,0.04,0.0671347,0.06474693,0.9108089,148.87
525500,0.36,0.6,0.04,0.06477109,0.06299637,0.5410048,144.47
525600,0.45,0.5,0.05,0.07190599,0.06535731,0.8654063,153.15
525700,0.54,0.44,0.02,0.07871924,0.06656756,0.6416042,131.71
525800,0.38,0.53,0.09,0.07470481,0.06679136,1.609416,180.83
525900,0.46,0.5,0.04,0.0811121,0.06976185,1.007208,161.2
526000,0.44,0.55,0.01,0.08456703,0.08988529,0.5568022,121.57
526100,0.45,0.53,0.02,0.08078858,0.07447241,0.6552045,109.92
526200,0.38,0.56,0.06,0.07891003,0.07925428,0.9326062,168.54
526300,0.41,0.53,0.06,0.07043067,0.06927198,1.298014,167.07
526400,0.47,0.48,0.05,0.08618341,0.08095524,1.014408,156.43
526500,0.35,0.63,0.02,0.07578451,0.07022613,0.3854021,128.11
526600,0.4,0.51,0.09,0.07153498,0.06949455,1.513414,199
526700,0.48,0.47,0.05,0.0769029,0.07072049,0.8346071,138.63
526800,0.43,0.57,0,0.07565646,0.09044076,0.1799999,108.68
526900,0.52,0.44,0.04,0.07643192,0.07379661,1.167809,156.3
527000,0.42,0.53,0.05,0.0824452,0.08908768,0.9714092,147.5
527100,0.42,0.54,0.04,0.08309931,0.07303044,0.9136068,140.44
527200,0.42,0.53,0.05,0.07007888,0.06509823,0.9748079,164.38
527300,0.39,0.57,0.04,0.09469607,0.09156054,0.6728069,138.3
527400,0.42,0.52,0.06,0.07921597,0.06740462,1.255409,172.97
527500,0.45,0.52,0.03,0.08389191,0.1046365,0.8684065,141.29
527600,0.49,0.46,0.05,0.07977312,0.07458782,1.235811,155.39
527700,0.37,0.57,0.06,0.07042435,0.07083429,1.247413,166.11
527800,0.48,0.49,0.03,0.07627202,0.07254072,0.6376047,135.48
527900,0.44,0.53,0.03,0.07937697,0.08779519,0.8744074,131.17
528000,0.55,0.4,0.05,0.06845183,0.06365478,1.24041,149.64
528100,0.47,0.49,0.04,0.08613651,0.08930033,0.947408,148.42
528200,0.48,0.46,0.06,0.07146408,0.06841366,1.25881,165.2
528300,0.44,0.54,0.02,0.06605671,0.05953316,0.6932037,132.11
528400,0.47,0.47,0.06,0.0666218,0.06805344,1.33981,184.41
528500,0.44,0.53,0.03,0.0690085,0.06639789,0.932007,148.16
528600,0.39,0.56,0.05,0.08383124,0.07552607,0.8116044,176.29
528700,0.48,0.48,0.04,0.09344374,0.08900662,0.644204,141.79
528800,0.42,0.53,0.05,0.07710342,0.07108077,1.089408,178.29
528900,0.46,0.52,0.02,0.06352153,0.055561,0.7010046,144.69
529000,0.45,0.51,0.04,0.07975894,0.07692718,0.9546086,145.87
529100,0.51,0.46,0.03,0.06639264,0.06264457,0.9454063,143.34
529200,0.48,0.44,0.08,0.08137149,0.08435539,1.786018,183.59
529300,0.51,0.47,0.02,0.0760285,0.07024496,0.8936036,142.47
529400,0.32,0.63,0.05,0.1023488,0.09392499,0.9316084,146.86
529500,0.44,0.54,0.02,0.06932679,0.06692246,0.6340041,126.94
529600,0.42,0.51,0.07,0.07543181,0.08942686,1.639616,177.85
529700,0.39,0.57,0.04,0.08431663,0.07739581,0.6750055,140.63
529800,0.42,0.53,0.05,0.08764021,0.09358368,0.9406067,155.19
529900,0.47,0.47,0.06,0.06847931,0.05961048,1.149011,163.85
530000,0.43,0.51,0.06,0.06628133,0.05892021,1.130808,163.87
530100,0.41,0.53,0.06,0.09837029,0.0910439,1.079811,135.94
530200,0.44,0.51,0.05,0.07808176,0.08180752,1.182811,167.34
530300,0.42,0.53,0.05,0.1125787,0.0948308,1.320211,147.71
530400,0.45,0.51,0.04,0.06908926,0.06625375,0.888009,131.64
530500,0.38,0.55,0.07,0.09733264,0.09282609,1.328811,175.65
530600,0.37,0.58,0.05,0.09438938,0.09118077,1.050208,142.43
530700,0.48,0.48,0.04,0.07173058,0.06645251,0.6062035,140.92
530800,0.36,0.58,0.06,0.07057242,0.07348119,1.392612,169.17
530900,0.49,0.47,0.04,0.08226589,0.08629519,0.8032071,134.35
531000,0.35,0.6,0.05,0.06962723,0.06792673,1.092011,155.61
531100,0.56,0.38,0.06,0.08781463,0.1000233,1.129207,163.99
531200,0.36,0.61,0.03,0.07112694,0.06993049,0.7708065,160.25
531300,0.49,0.47,0.04,0.06892095,0.06345464,0.8754068,152.96
531400,0.39,0.51,0.1,0.07246713,0.0624693,1.782817,205.22
531500,0.42,0.52,0.06,0.09736009,0.09577145,1.306612,176.64
531600,0.33,0.63,0.04,0.08620586,0.09589233,0.6826068,130.53
531700,0.41,0.56,0.03,0.1287495,0.1151872,0.614404,145.32
531800,0.45,0.51,0.04,0.06825506,0.06473178,1.252212,175.16
531900,0.46,0.51,0.03,0.0742957,0.06964446,0.8772036,151.64
532000,0.42,0.54,0.04,0.07157089,0.07457819,1.08321,137.22
532100,0.5,0.45,0.05,0.06265727,0.06062266,1.18821,157.51
532200,0.44,0.48,0.08,0.09629682,0.09997009,1.586416,179.91
532300,0.52,0.47,0.01,0.07138791,0.07248782,0.7598021,132.24
532400,0.49,0.47,0.04,0.09233534,0.09376153,1.029009,131.58
532500,0.47,0.5,0.03,0.07392082,0.06410506,0.8152051,145.24
532600,0.45,0.54,0.01,0.09199291,0.08725163,0.5690024,127.48
532700,0.35,0.63,0.02,0.08683702,0.09642982,0.6326047,126.78
532800,0.49,0.45,0.06,0.06321024,0.05746209,1.281411,161.32
532900,0.45,0.49,0.06,0.07807542,0.06847003,1.318812,161.74
533000,0.38,0.56,0.06,0.07767293,0.08051123,1.424014,169.13
533100,0.53,0.43,0.04,0.06907184,0.06521331,1.057208,142.97
533200,0.47,0.45,0.08,0.0799145,0.07548235,1.445415,169.48
533300,0.38,0.6,0.02,0.07625863,0.07984753,0.9556059,150.29
533400,0.47,0.5,0.03,0.08007932,0.07369364,0.7754069,129.91
533500,0.47,0.45,0.08,0.08977181,0.07777717,1.611216,168.08
533600,0.44,0.54,0.02,0.1022108,0.1002468,0.6340041,124.48
533700,0.36,0.6,0.04,0.07418922,0.07124391,0.985608,145.64
533800,0.43,0.53,0.04,0.08618984,0.08727665,0.8746074,139.4
533900,0.45,0.5,0.05,0.07014027,0.06887824,0.6862043,162.82
534000,0.45,0.52,0.03,0.08636941,0.09492116,0.6792039,142.06
534100,0.41,0.55,0.04,0.08543059,0.08910951,0.7518036,139.2
534200,0.47,0.49,0.04,0.07692874,0.07831404,0.8458069,140.44
534300,0.47,0.49,0.04,0.1003896,0.0882921,0.9780093,136.55
534400,0.54,0.45,0.01,0.08442838,0.07744064,0.6012022,117.66
534500,0.41,0.58,0.01,0.07924922,0.07479606,0.4468023,108.64
534600,0.44,0.53,0.03,0.07909942,0.07469784,0.718406,122.93
534700,0.38,0.58,0.04,0.06432466,0.06227488,0.8710066,149.01
534800,0.45,0.5,0.05,0.08253405,0.08115152,0.9758077,155.86
534900,0.5,0.46,0.04,0.07338395,0.06161454,0.9316061,156.91
535000,0.52,0.45,0.03,0.0617617,0.06425368,1.063606,146.14
535100,0.57,0.4,0.03,0.0945833,0.09767426,0.9460065,146.14
535200,0.4,0.54,0.06,0.08496475,0.08000473,1.017209,165.16
535300,0.42,0.52,0.06,0.102728,0.1111079,1.186008,176.39
535400,0.44,0.5,0.06,0.08185105,0.07629999,0.9158087,159.25
535500,0.51,0.38,0.11,0.08401873,0.08731914,2.134823,227.45
535600,0.44,0.53,0.03,0.07210939,0.06499644,0.538804,132.07
535700,0.43,0.54,0.03,0.06671903,0.05772853,0.7572055,147.29
535800,0.4,0.55,0.05,0.0694166,0.06403297,0.9344093,170.07
535900,0.5,0.46,0.04,0.08206254,0.1014828,1.05041,154.49
536000,0.41,0.57,0.02,0.1027323,0.1087336,0.5488049,112.15
536100,0.36,0.59,0.05,0.08769871,0.09189615,1.185809,173.31
536200,0.52,0.43,0.05,0.09805823,0.08755551,1.199807,183.57
536300,0.46,0.5,0.04,0.0927263,0.0959433,0.8814059,151.12
536400,0.42,0.53,0.05,0.071856,0.07467776,1.119811,146.78
536500,0.45,0.53,0.02,0.08556944,0.08177818,0.7396041,135.37
536600,0.41,0.56,0.03,0.08982058,0.09781846,0.7422031,126.71
536700,0.48,0.46,0.06,0.08086427,0.08977157,1.255611,159.92
536800,0.47,0.51,0.02,0.09444498,0.095763,0.7812046,140.98
536900,0.53,0.44,0.03,0.0699482,0.06867014,1.108606,144.09
537000,0.48,0.52,0,0.09731896,0.1191309,0.4115997,117.13
537100,0.5,0.44,0.06,0.08570781,0.0819601,1.24701,160.09
537200,0.42,0.53,0.05,0.07051636,0.06319811,1.056407,167.97
537300,0.44,0.54,0.02,0.0780114,0.06751069,0.4820032,125.21
537400,0.49,0.47,0.04,0.07776963,0.07415107,1.078209,141.51
537500,0.48,0.47,0.05,0.08909471,0.09358673,0.871407,144.92
537600,0.39,0.53,0.08,0.07094076,0.06880269,1.501215,194.77
537700,0.42,0.55,0.03,0.08569881,0.07960949,0.7126064,124.73
537800,0.46,0.5,0.04,0.09475428,0.08327917,1.046409,128.98
537900,0.53,0.44,0.03,0.09591256,0.09266851,0.8028044,133.46
538000,0.41,0.54,0.05,0.08983492,0.07991635,1.097609,168.1
538100,0.41,0.55,0.04,0.07862817,0.07276381,1.076808,130.37
538200,0.49,0.41,0.1,0.08281033,0.09185066,1.765416,196.93
538300,0.48,0.44,0.08,0.08323372,0.08427883,1.445214,166.9
538400,0.44,0.53,0.03,0.07574521,0.07659315,0.8664069,132.99
538500,0.35,0.55,0.1,0.1204113,0.1273378,1.168411,183.94
538600,0.42,0.54,0.04,0.07202177,0.0733974,1.009608,144.37
538700,0.45,0.48,0.07,0.06521637,0.06329903,1.598814,182.48
538800,0.45,0.5,0.05,0.1111764,0.1206517,1.187609,163.8
538900,0.43,0.56,0.01,0.07830384,0.0742406,0.3275997,123.4
539000,0.45,0.51,0.04,0.09284497,0.0837908,0.8228062,134.96
539100,0.35,0.58,0.07,0.08414813,0.08233643,1.349014,183.69
539200,0.37,0.62,0.01,0.09230863,0.08309641,0.4628025,139.44
539300,0.45,0.51,0.04,0.08118401,0.0711856,0.7038048,128.94
539400,0.44,0.5,0.06,0.06313573,0.06009478,1.312011,173.26
539500,0.49,0.42,0.09,0.08581562,0.07462489,1.869019,190.06
539600,0.45,0.52,0.03,0.09769979,0.09726273,0.9204063,140.12
539700,0.48,0.5,0.02,0.07935133,0.077636,0.5638023,140.98
539800,0.48,0.45,0.07,0.08699492,0.08048122,1.21461,168.89
539900,0.51,0.46,0.03,0.07286579,0.07634552,1.033407,145.95
540000,0.44,0.49,0.07,0.08164994,0.08197236,1.296413,168.05
540100,0.44,0.47,0.09,0.08535355,0.08027413,1.857617,208.63
540200,0.44,0.53,0.03,0.1141872,0.1358459,0.8846059,153.82
540300,0.44,0.53,0.03,0.07357701,0.06724156,0.8680071,137.62
540400,0.43,0.53,0.04,0.07391234,0.06621201,0.7614048,145.67
540500,0.46,0.5,0.04,0.08481173,0.09408231,0.9602069,137.92
540600,0.44,0.54,0.02,0.06972577,0.06395881,0.3494024,129.12
540700,0.4,0.52,0.08,0.1021983,0.1079086,1.542216,180.88
540800,0.39,0.58,0.03,0.08083139,0.08634403,0.6704047,169.02
540900,0.38,0.57,0.05,0.09204153,0.1010831,0.6396038,169.3
541000,0.42,0.52,0.06,0.07186205,0.06642368,1.059206,163.15
541100,0.49,0.48,0.03,0.0901574,0.07855585,0.9084053,129.12
541200,0.38,0.57,0.05,0.07629663,0.07629974,1.07541,154.14
541300,0.46,0.52,0.02,0.09005731,0.09565006,0.6052041,129.73
541400,0.43,0.52,0.05,0.0862394,0.08627504,1.300411,148.73
541500,0.45,0.47,0.08,0.0782419,0.07240015,1.547015,167.32
541600,0.52,0.44,0.04,0.0622576,0.0619264,0.9328058,163.47
541700,0.39,0.58,0.03,0.07324743,0.07148445,0.8906071,158.23
541800,0.49,0.5,0.01,0.08084015,0.0830116,0.5938017,116.84
541900,0.41,0.54,0.05,0.06773755,0.06290197,0.9642084,170
542000,0.48,0.49,0.03,0.07691989,0.08508513,0.9952081,147.53
542100,0.47,0.5,0.03,0.08440256,0.08020916,0.582203,138.08
542200,0.56,0.39,0.05,0.07560234,0.06714956,1.296611,153.45
542300,0.42,0.55,0.03,0.08795402,0.08155619,0.902405,141.69
542400,0.45,0.53,0.02,0.08627653,0.08074566,0.6038045,120.93
542500,0.41,0.53,0.06,0.06406217,0.05973017,1.531613,190.36
542600,0.47,0.46,0.07,0.07179505,0.06520785,1.542216,171.43
542700,0.45,0.53,0.02,0.06850508,0.05992942,0.7072021,152.21
542800,0.45,0.51,0.04,0.08323738,0.08190505,1.087007,163.18
542900,0.5,0.44,0.06,0.07121862,0.06715894,1.006007,168.95
543000,0.42,0.46,0.12,0.07389043,0.09453468,2.267623,216.07
543100,0.4,0.57,0.03,0.07538859,0.0702057,0.7390063,146.9
543200,0.43,0.51,0.06,0.0885603,0.09167934,1.581214,173.76
543300,0.41,0.52,0.07,0.08498356,0.09194967,1.446213,151.39
543400,0.4,0.55,0.05,0.09452347,0.1034496,1.196812,147.73
543500,0.47,0.5,0.03,0.07447432,0.06933465,0.9776067,145.85
543600,0.48,0.47,0.05,0.09273247,0.08506083,1.462011,161.83
543700,0.43,0.55,0.02,0.07168012,0.06801103,0.7930046,133.72
543800,0.5,0.46,0.04,0.06561119,0.06172916,0.6942041,158.48
543900,0.58,0.37,0.05,0.0682374,0.0763688,0.9032069,156.91
544000,0.46,0.49,0.05,0.0730907,0.06810959,1.11641,160.35
544100,0.44,0.54,0.02,0.07539283,0.07290661,0.6538026,125.16
544200,0.42,0.56,0.02,0.09133755,0.08929273,0.910004,134.67
544300,0.37,0.6,0.03,0.081945,0.08095796,0.7306064,143.56
544400,0.45,0.52,0.03,0.08448169,0.08581137,0.5810023,120.45
544500,0.44,0.53,0.03,0.07116403,0.06621033,0.3451997,143.5
544600,0.41,0.57,0.02,0.06478425,0.06144473,0.8678039,127.95
544700,0.4,0.57,0.03,0.07810269,0.0876868,0.9756072,150.88
544800,0.51,0.43,0.06,0.06513312,0.05909747,1.24501,185.07
544900,0.45,0.52,0.03,0.069851,0.07592809,0.8910064,157.02
545000,0.38,0.57,0.05,0.08541529,0.08090068,1.078611,141.42
545100,0.45,0.53,0.02,0.06731809,0.06062705,0.6184022,143.34
545200,0.43,0.51,0.06,0.06440345,0.05873491,1.524413,179
545300,0.45,0.5,0.05,0.07714366,0.07078742,1.240811,165.75
545400,0.41,0.54,0.05,0.09319698,0.08714813,0.9616073,153.49
545500,0.41,0.53,0.06,0.07986662,0.08199736,1.131611,169.82
545600,0.45,0.5,0.05,0.08768351,0.08852317,1.150811,149.54
545700,0.48,0.47,0.05,0.07706264,0.0790125,0.863807,165.12
545800,0.4,0.6,0,0.1173931,0.1037924,0.2923998,115.91
545900,0.46,0.49,0.05,0.07520661,0.08561124,0.7300044,163.1
546000,0.45,0.53,0.02,0.08416469,0.07948577,0.699605,120.43
546100,0.51,0.46,0.03,0.08176817,0.07480041,0.9228075,149.26
546200,0.42,0.55,0.03,0.07883279,0.07128546,0.542603,138.05
546300,0.4,0.58,0.02,0.07212555,0.07264297,0.4346024,140.54
546400,0.51,0.42,0.07,0.07674458,0.0681436,1.347612,156.51
546500,0.46,0.51,0.03,0.07692788,0.06811551,0.5874046,131.83
546600,0.42,0.54,0.04,0.08619131,0.0775896,0.9142091,146.77
546700,0.44,0.52,0.04,0.06881663,0.06774264,0.9828079,152.72
546800,0.37,0.57,0.06,0.07383344,0.06734889,1.626614,175.03
546900,0.57,0.41,0.02,0.090395,0.0702816,0.8346039,126.5
547000,0.47,0.5,0.03,0.0782773,0.07395305,0.8976076,155.07
547100,0.49,0.47,0.04,0.09079909,0.08462153,0.5340016,152.63
547200,0.45,0.52,0.03,0.0709698,0.06545363,0.9872067,133.11
547300,0.46,0.5,0.04,0.0839318,0.0894885,0.8422042,149.86
547400,0.47,0.5,0.03,0.09120591,0.09980512,0.3788017,150.84
547500,0.47,0.48,0.05,0.07673926,0.08697952,0.9490068,155.34
547600,0.52,0.47,0.01,0.0815021,0.07980918,0.3924007,113.18
547700,0.35,0.55,0.1,0.08858452,0.08259865,1.891019,195.82
547800,0.55,0.4,0.05,0.09871242,0.09275346,0.8924073,146.57
547900,0.48,0.45,0.07,0.0922401,0.08774342,1.473014,157.24
548000,0.35,0.59,0.06,0.08800299,0.0928528,1.478214,184.68
548100,0.35,0.59,0.06,0.08280399,0.08783384,0.9630085,151.01
548200,0.52,0.44,0.04,0.08729302,0.07555111,0.8916051,137.28
548300,0.49,0.45,0.06,0.09821239,0.08445131,0.7474046,169.63
548400,0.4,0.55,0.05,0.06757598,0.06395945,1.244612,159.36
548500,0.6,0.32,0.08,0.084319,0.0765351,1.654814,182.37
548600,0.49,0.48,0.03,0.08071645,0.07444569,0.965007,156.7
548700,0.51,0.44,0.05,0.1064709,0.1030477,1.515411,171.88
548800,0.5,0.47,0.03,0.07075534,0.06571401,0.7520031,137.87
548900,0.48,0.48,0.04,0.06984746,0.05997007,0.8992066,158.52
549000,0.38,0.56,0.06,0.07234978,0.07693685,1.139209,170.47
549100,0.46,0.49,0.05,0.09699209,0.09520888,1.204812,140.92
549200,0.43,0.57,0,0.06582183,0.0580741,0.5215996,134.06
549300,0.45,0.52,0.03,0.0952765,0.09408277,0.6696035,141.34
549400,0.47,0.53,0,0.06963594,0.06737083,0.3329998,108.57
549500,0.47,0.51,0.02,0.07740558,0.06923927,0.499202,125.29
549600,0.39,0.57,0.04,0.1060763,0.1107193,0.8718057,129.32
549700,0.43,0.52,0.05,0.06909855,0.07770044,1.16121,176.09
549800,0.41,0.58,0.01,0.0905613,0.08095527,0.6200022,145.32
549900,0.45,0.52,0.03,0.0694702,0.06990167,0.6122043,139.65
550000,0.4,0.56,0.04,0.075228,0.06363361,0.9010058,144.66
550100,0.45,0.51,0.04,0.07089353,0.06965907,0.7618071,155.08
550200,0.5,0.43,0.07,0.06243724,0.06100757,1.240411,174.12
550300,0.45,0.51,0.04,0.06936143,0.06430171,0.9538066,156.18
550400,0.43,0.55,0.02,0.09719029,0.09707638,0.4468009,130.96
550500,0.46,0.47,0.07,0.07235543,0.07088044,1.421014,183.06
550600,0.38,0.57,0.05,0.0781822,0.07350864,1.055007,163.98
550700,0.46,0.48,0.06,0.08044134,0.07932506,0.9742066,156.33
550800,0.5,0.49,0.01,0.08644057,0.09732849,0.4340025,108.7
550900,0.46,0.51,0.03,0.07366671,0.06510483,0.7152054,128.33
551000,0.41,0.55,0.04,0.1108964,0.1153649,1.029207,144.11
551100,0.47,0.46,0.07,0.07603535,0.07525199,1.231012,183.11
551200,0.42,0.56,0.02,0.09459692,0.1015205,0.5804041,137.72
551300,0.39,0.56,0.05,0.07629326,0.1011477,0.9112069,158.62
551400,0.38,0.57,0.05,0.07455554,0.07207629,0.9814079,173.45
551500,0.42,0.56,0.02,0.06872747,0.06869949,0.6696049,132.48
551600,0.4,0.55,0.05,0.08211898,0.06988468,0.9930071,184.64
551700,0.44,0.54,0.02,0.09664065,0.09899228,0.5132023,136.33
551800,0.38,0.59,0.03,0.1039939,0.1095703,0.9222071,142.28
551900,0.45,0.52,0.03,0.05981646,0.05639751,0.7228043,152.32
552000,0.49,0.45,0.06,0.07458234,0.09254482,1.236608,164.62
552100,0.49,0.48,0.03,0.07906721,0.07958242,0.5534023,137.45
552200,0.4,0.53,0.07,0.08158924,0.09172437,1.569012,196.35
552300,0.45,0.49,0.06,0.08594812,0.07975459,1.106408,167.22
552400,0.45,0.49,0.06,0.06454634,0.07432985,1.442213,164.56
552500,0.49,0.48,0.03,0.08175582,0.07518496,0.6516023,136.77
552600,0.46,0.48,0.06,0.07970849,0.08005597,1.054408,158.1
552700,0.45,0.49,0.06,0.06728286,0.06203362,1.416611,196.54
552800,0.48,0.47,0.05,0.08725528,0.08718403,1.245209,175.45
552900,0.53,0.43,0.04,0.08256242,0.07812091,0.9538051,150.53
553000,0.48,0.48,0.04,0.06925932,0.06319728,0.8624077,153.41
553100,0.43,0.51,0.06,0.09858327,0.1060389,1.118207,179.92
553200,0.5,0.43,0.07,0.0849135,0.07543609,1.448013,178.58
553300,0.53,0.42,0.05,0.0932188,0.1050409,1.109408,152.15
553400,0.44,0.49,0.07,0.06934836,0.07545587,1.488413,185.16
553500,0.36,0.57,0.07,0.07167521,0.07128255,0.9726094,187.61
553600,0.43,0.49,0.08,0.09063139,0.08870558,1.543613,193.87
553700,0.47,0.46,0.07,0.07728299,0.07240287,1.536414,183.38
553800,0.42,0.53,0.05,0.06724328,0.07762706,0.8470044,158.48
553900,0.42,0.51,0.07,0.07438106,0.07373175,1.44681,166.63
554000,0.4,0.55,0.05,0.08100291,0.07780354,1.229612,153.95
554100,0.47,0.47,0.06,0.09803088,0.1042489,1.117608,169.73
554200,0.42,0.54,0.04,0.06691089,0.05964062,0.9884072,134.22
554300,0.43,0.54,0.03,0.08397748,0.08352154,0.9884069,155.05
554400,0.48,0.46,0.06,0.08989427,0.08166103,1.378011,161.57
554500,0.41,0.54,0.05,0.07525304,0.06563827,0.9792071,156.85
554600,0.52,0.46,0.02,0.08998433,0.08919039,0.4123997,128.07
554700,0.38,0.55,0.07,0.08093043,0.07179657,1.443215,155.2
554800,0.42,0.53,0.05,0.09498822,0.1017801,0.7514039,180.19
554900,0.47,0.51,0.02,0.07493837,0.07606186,0.7970049,141.93
555000,0.45,0.5,0.05,0.07244863,0.07156257,1.097808,159.84
555100,0.34,0.63,0.03,0.07637367,0.0719146,0.7072062,137.51
555200,0.42,0.54,0.04,0.07888825,0.07042268,0.9818088,136.88
555300,0.47,0.48,0.05,0.0853113,0.0838819,1.108409,148.17
555400,0.48,0.47,0.05,0.106176,0.09908289,0.8966051,150.45
555500,0.45,0.5,0.05,0.09725998,0.0899508,1.050008,137.39
555600,0.33,0.62,0.05,0.07958443,0.0884371,1.146609,162.79
555700,0.43,0.48,0.09,0.08766904,0.09994435,1.856819,208.9
555800,0.49,0.45,0.06,0.07617583,0.07058735,1.082809,191.68
555900,0.45,0.5,0.05,0.07732929,0.08848862,0.9716091,162.05
556000,0.42,0.52,0.06,0.07458201,0.06926662,1.521815,160.64
556100,0.5,0.44,0.06,0.07180322,0.06393363,0.8902059,161.64
556200,0.48,0.47,0.05,0.07130781,0.066556,1.218812,149.97
556300,0.54,0.41,0.05,0.08117106,0.0945203,1.472012,147.37
556400,0.55,0.44,0.01,0.07516743,0.0687666,0.7392021,139.88
556500,0.41,0.5,0.09,0.06774808,0.06553369,1.751816,195.26
556600,0.42,0.5,0.08,0.07403032,0.06952849,1.670415,190.41
556700,0.5,0.43,0.07,0.07123311,0.06370647,1.578217,178.25
556800,0.41,0.52,0.07,0.09180498,0.09728214,1.415614,157.82
556900,0.36,0.61,0.03,0.08091816,0.06820627,0.5282041,143.1
557000,0.43,0.53,0.04,0.08996263,0.08190957,0.9946096,147.55
557100,0.44,0.54,0.02,0.0686227,0.0630804,0.7974036,145.34
557200,0.54,0.44,0.02,0.07353802,0.07179273,0.7476047,130.9
557300,0.49,0.5,0.01,0.1172471,0.1220601,0.5702019,100.08
557400,0.42,0.55,0.03,0.07608716,0.06735479,0.7818047,146.16
557500,0.41,0.53,0.06,0.06331758,0.05974226,1.582413,159.14
557600,0.5,0.49,0.01,0.08018325,0.06986589,0.442802,112.7
557700,0.51,0.42,0.07,0.06887729,0.06558349,1.681612,178.6
557800,0.48,0.47,0.05,0.089697,0.09300334,0.995609,158.45
557900,0.45,0.47,0.08,0.09001721,0.09007992,1.572016,200.86
558000,0.44,0.53,0.03,0.06869702,0.06676045,1.029407,144.7
558100,0.42,0.55,0.03,0.08420048,0.07576506,0.8616066,157.55
558200,0.52,0.44,0.04,0.07365209,0.07044569,0.6730044,154.02
558300,0.43,0.53,0.04,0.07832186,0.06678313,1.034209,153.74
558400,0.44,0.53,0.03,0.08952481,0.08449974,0.5750023,140.6
558500,0.45,0.51,0.04,0.0876242,0.08090184,1.050609,163.96
558600,0.43,0.52,0.05,0.1003084,0.1015307,1.273209,159.1
558700,0.5,0.47,0.03,0.07189537,0.06684364,0.976406,142.19
558800,0.45,0.53,0.02,0.06954377,0.06093759,0.7934044,139.94
558900,0.51,0.47,0.02,0.07379649,0.07220202,0.8358042,128.65
559000,0.42,0.54,0.04,0.07385779,0.06468699,1.020409,145.74
559100,0.51,0.45,0.04,0.07057979,0.0647792,1.186209,155.56
559200,0.46,0.51,0.03,0.09017692,0.08836952,0.7204062,130.19
559300,0.42,0.57,0.01,0.1132631,0.1162,0.3900017,130.23
559400,0.45,0.53,0.02,0.06873991,0.07021151,0.6768019,138.34
559500,0.51,0.43,0.06,0.09444109,0.08629443,1.436412,163.27
559600,0.48,0.46,0.06,0.07911628,0.07804863,1.045408,173.31
559700,0.38,0.55,0.07,0.09043732,0.09331711,1.000009,172.15
559800,0.37,0.59,0.04,0.09691827,0.09279943,1.186009,156.75
559900,0.36,0.57,0.07,0.07800217,0.08353788,1.762215,192.69
560000,0.55,0.43,0.02,0.1088026,0.114899,0.6122045,130.97
560100,0.53,0.42,0.05,0.07363581,0.07053521,1.030008,152.62
560200,0.43,0.53,0.04,0.09464213,0.08391442,0.6376044,165.05
560300,0.46,0.51,0.03,0.07393529,0.07413613,0.7046065,140.8
560400,0.46,0.5,0.04,0.0773904,0.0730641,1.103209,139.64
560500,0.41,0.54,0.05,0.08306766,0.07740039,1.208011,157.4
560600,0.43,0.49,0.08,0.07653074,0.07642346,1.757618,181.36
560700,0.52,0.45,0.03,0.08629236,0.09103806,0.7696055,129.93
560800,0.39,0.56,0.05,0.08565439,0.07846114,1.08181,162.45
560900,0.43,0.47,0.1,0.09135604,0.07999316,1.771217,189.71
561000,0.45,0.5,0.05,0.07867167,0.0848925,1.361411,153.15
561100,0.39,0.52,0.09,0.07324418,0.06820968,1.482216,188.71
561200,0.39,0.56,0.05,0.09530899,0.09794142,1.110009,165.05
561300,0.43,0.56,0.01,0.08326843,0.08811885,0.5258024,129.45
561400,0.42,0.54,0.04,0.08588052,0.07330057,0.818607,146.47
561500,0.4,0.58,0.02,0.1021013,0.1153852,0.8384038,110.64
561600,0.44,0.51,0.05,0.0877922,0.07633666,0.746805,137.9
561700,0.46,0.51,0.03,0.08266044,0.06829099,0.8228068,139.32
561800,0.47,0.46,0.07,0.07866357,0.08558992,1.254211,167.58
561900,0.39,0.55,0.06,0.09443998,0.0958055,1.102608,169.25
562000,0.48,0.47,0.05,0.08441081,0.08162195,1.324411,157.84
562100,0.38,0.58,0.04,0.06588116,0.06342211,0.6882066,148.57
562200,0.35,0.57,0.08,0.07903974,0.07402508,1.187611,173.86
562300,0.41,0.56,0.03,0.07502536,0.06512408,0.7416065,142.48
562400,0.45,0.52,0.03,0.09023391,0.08021725,0.6388043,143.14
562500,0.47,0.48,0.05,0.06566044,0.05695753,1.224611,150
562600,0.54,0.42,0.04,0.09285778,0.09054653,0.9764069,132.58
562700,0.39,0.56,0.05,0.06475282,0.06445786,0.9954095,169.37
562800,0.46,0.5,0.04,0.07151177,0.06742192,0.952007,160.62
562900,0.4,0.58,0.02,0.07497124,0.07284918,0.6226015,131.5
563000,0.45,0.54,0.01,0.06527564,0.06001152,0.4522017,132.37
563100,0.42,0.52,0.06,0.0700204,0.06969132,1.345013,177.45
563200,0.33,0.58,0.09,0.08528896,0.09079207,1.732619,187.84
563300,0.46,0.51,0.03,0.08910567,0.1024675,0.826607,135.66
563400,0.42,0.52,0.06,0.0855563,0.08482261,1.19941,155.99
563500,0.4,0.54,0.06,0.06245359,0.05675954,1.057809,154.77
563600,0.5,0.48,0.02,0.08728913,0.08374891,0.6828039,117.6
563700,0.46,0.5,0.04,0.09412839,0.08689523,1.015209,137.49
563800,0.49,0.47,0.04,0.08511443,0.09119855,0.6206031,145.75
563900,0.52,0.42,0.06,0.07653489,0.06938983,1.233613,164.95
564000,0.49,0.46,0.05,0.0912934,0.08721809,1.28601,161.27
564100,0.44,0.48,0.08,0.06998616,0.06536765,1.126212,190.63
564200,0.45,0.48,0.07,0.07401566,0.08052342,1.377013,177.66
564300,0.48,0.44,0.08,0.0665494,0.06636181,1.851819,187.27
564400,0.45,0.49,0.06,0.0969405,0.09403763,0.992609,166.13
564500,0.44,0.49,0.07,0.07328225,0.07008041,1.393813,154.83
564600,0.39,0.52,0.09,0.08531749,0.08230924,1.180612,189.28
564700,0.39,0.56,0.05,0.07753718,0.0714333,1.015809,152.99
564800,0.43,0.54,0.03,0.08109487,0.08837914,0.9212046,122.96
564900,0.44,0.5,0.06,0.08488619,0.07662019,1.014407,173.12
565000,0.42,0.49,0.09,0.08069318,0.07411417,1.728219,198.09
565100,0.46,0.49,0.05,0.06602902,0.05849198,1.154411,161.81
565200,0.41,0.53,0.06,0.08602457,0.08323029,1.285212,189.79
565300,0.38,0.55,0.07,0.09082246,0.07754796,1.399216,186.07
565400,0.44,0.53,0.03,0.08143085,0.08499567,0.8516044,151.79
565500,0.39,0.55,0.06,0.09482316,0.09831895,1.154811,162.57
565600,0.4,0.55,0.05,0.08447316,0.08994437,1.122011,146.84
565700,0.47,0.49,0.04,0.07149503,0.06730495,1.159208,143.67
565800,0.5,0.47,0.03,0.06668738,0.0639623,0.6000022,133.86
565900,0.46,0.49,0.05,0.08260135,0.07476264,1.247812,157.32
566000,0.35,0.57,0.08,0.07260204,0.07217439,1.676618,195
566100,0.34,0.58,0.08,0.0930674,0.07839666,1.309613,168.6
566200,0.47,0.49,0.04,0.07201558,0.0685906,0.9522071,160.67
566300,0.44,0.51,0.05,0.06738269,0.06945212,1.236212,148.94
566400,0.46,0.51,0.03,0.07415425,0.07349818,0.9340066,129.89
566500,0.5,0.45,0.05,0.05937293,0.05781952,0.942804,176.26
566600,0.45,0.51,0.04,0.09232736,0.09721636,1.127809,149.01
566700,0.53,0.41,0.06,0.07508411,0.06767226,1.320809,173.09
566800,0.4,0.56,0.04,0.07747012,0.06992785,0.7782067,140.38
566900,0.45,0.49,0.06,0.08908109,0.08885176,1.174209,173.31
567000,0.41,0.55,0.04,0.09063923,0.0826097,0.8438074,145.92
567100,0.5,0.47,0.03,0.06595306,0.05640595,0.8582071,143.67
567200,0.44,0.53,0.03,0.07572887,0.07294285,0.8908067,145.5
567300,0.38,0.55,0.07,0.103407,0.09311531,1.146212,171.19
567400,0.45,0.51,0.04,0.09586716,0.09251073,1.144009,149.32
567500,0.43,0.55,0.02,0.08166858,0.07679194,0.5264019,124.8
567600,0.43,0.54,0.03,0.07153752,0.07270621,0.8138048,146.85
567700,0.44,0.52,0.04,0.1131888,0.09384364,0.8146052,149.51
567800,0.41,0.56,0.03,0.07307131,0.07286221,0.7430038,138.54
567900,0.47,0.51,0.02,0.0943467,0.1226532,0.5558044,111.4
568000,0.42,0.54,0.04,0.08272733,0.08501767,1.028008,138.33
568100,0.49,0.43,0.08,0.07404507,0.07185259,1.800219,171.38
568200,0.43,0.54,0.03,0.09210876,0.1025556,0.8268065,146.08
568300,0.49,0.47,0.04,0.0892807,0.09124848,1.046606,165.55
568400,0.42,0.57,0.01,0.07644366,0.06949143,0.4386023,121.18
568500,0.41,0.55,0.04,0.07215473,0.0656499,0.9324065,169.9
568600,0.49,0.47,0.04,0.08482865,0.08092353,1.127409,141.38
568700,0.44,0.55,0.01,0.07030445,0.0692625,0.5368018,125.75
568800,0.36,0.6,0.04,0.06991423,0.06412493,1.02681,145.6
568900,0.44,0.52,0.04,0.07700676,0.07209679,0.8812063,139.02
569000,0.44,0.51,0.05,0.08473509,0.08092883,1.04601,135.8
569100,0.45,0.49,0.06,0.06652693,0.06150106,1.282411,158.1
569200,0.44,0.53,0.03,0.1022319,0.09674029,0.8496055,152.49
569300,0.46,0.49,0.05,0.08933005,0.08247795,1.233212,162.18
569400,0.37,0.58,0.05,0.08038174,0.07493948,1.247612,150.35
569500,0.44,0.54,0.02,0.09352882,0.09421178,0.649804,125.14
569600,0.43,0.5,0.07,0.07774853,0.07524585,1.405614,168.85
569700,0.45,0.48,0.07,0.06951759,0.06427977,1.271411,178.78
569800,0.47,0.48,0.05,0.0826551,0.07311716,1.126011,157.51
569900,0.44,0.5,0.06,0.07109088,0.06780861,1.218809,165.87
570000,0.45,0.5,0.05,0.07893988,0.07838833,0.9718093,158.98
570100,0.48,0.51,0.01,0.07146169,0.07129235,0.4588023,113.18
570200,0.29,0.62,0.09,0.07220519,0.06678358,1.496016,179.94
570300,0.41,0.54,0.05,0.08578744,0.08212434,1.265611,162.5
570400,0.44,0.5,0.06,0.06413647,0.06457958,0.8962073,158.15
570500,0.42,0.56,0.02,0.09664993,0.09864077,0.7248048,131.78
570600,0.49,0.47,0.04,0.07821047,0.07738122,0.976608,157.05
570700,0.53,0.45,0.02,0.09364817,0.07963619,0.5360023,132.5
570800,0.51,0.45,0.04,0.08526485,0.08203388,0.9480073,142.25
570900,0.4,0.56,0.04,0.06776429,0.06532104,1.00001,141.71
571000,0.4,0.56,0.04,0.08643844,0.07369813,0.8850067,161.37
571100,0.5,0.48,0.02,0.1124228,0.1113066,0.5198016,129.1
571200,0.47,0.49,0.04,0.07392564,0.06562179,1.052008,168.12
571300,0.44,0.53,0.03,0.08735339,0.07735531,0.8556047,147.8
571400,0.4,0.57,0.03,0.08615249,0.06048132,0.8518068,142.45
571500,0.46,0.49,0.05,0.07214846,0.07354651,1.303609,152.74
571600,0.45,0.49,0.06,0.07318046,0.06923859,1.193011,162.08
571700,0.42,0.55,0.03,0.0997152,0.1034361,0.7922047,137.86
571800,0.45,0.53,0.02,0.08019302,0.07563885,0.3712025,119.63
571900,0.47,0.5,0.03,0.09223944,0.08628812,0.7310039,143.25
572000,0.42,0.55,0.03,0.08424537,0.08141794,0.8550066,136.22
572100,0.44,0.55,0.01,0.08269908,0.08721322,0.5585997,138.83
572200,0.44,0.51,0.05,0.0992324,0.09432861,1.115209,145.76
572300,0.4,0.55,0.05,0.07773152,0.07671767,1.251012,158.92
572400,0.5,0.49,0.01,0.09328567,0.09035079,0.5578022,120.58
572500,0.41,0.54,0.05,0.08259411,0.06878283,1.152609,142.09
572600,0.44,0.51,0.05,0.07294005,0.06788546,1.065809,152.3
572700,0.44,0.52,0.04,0.09006647,0.09170614,1.081008,137.06
572800,0.45,0.48,0.07,0.06544439,0.06392671,1.199611,177.06
572900,0.42,0.53,0.05,0.08123463,0.08327642,1.377412,166.66
573000,0.38,0.53,0.09,0.08318641,0.08588509,1.788819,197.75
573100,0.44,0.53,0.03,0.09035782,0.09563103,0.7120045,123.33
573200,0.44,0.55,0.01,0.07441773,0.07122733,0.5638022,124.11
573300,0.42,0.52,0.06,0.07349039,0.06839151,1.251611,162.77
573400,0.41,0.53,0.06,0.08338752,0.08704549,1.366413,170.17
573500,0.42,0.55,0.03,0.07420418,0.06396999,0.5522049,137.57
573600,0.42,0.52,0.06,0.07331705,0.07011012,1.236012,160.13
573700,0.43,0.51,0.06,0.09245643,0.09692532,1.105608,161.95
573800,0.38,0.58,0.04,0.07058431,0.0663664,0.9846096,148.21
573900,0.28,0.65,0.07,0.07384997,0.07301234,1.306012,183.95
574000,0.42,0.55,0.03,0.09583333,0.08525065,0.9824064,144.82
574100,0.43,0.51,0.06,0.07288852,0.06731416,1.20461,172.9
574200,0.36,0.58,0.06,0.1017538,0.1042133,1.466814,180.45
574300,0.45,0.5,0.05,0.07998157,0.07660542,1.153611,168.39
574400,0.4,0.56,0.04,0.09652582,0.0919717,0.9246097,155.15
574500,0.39,0.57,0.04,0.09864311,0.09996611,1.146809,157.92
574600,0.41,0.55,0.04,0.09188239,0.1000588,0.7192031,152.58
574700,0.42,0.53,0.05,0.06534495,0.06695551,1.092009,177.63
574800,0.45,0.55,0,0.08574792,0.08708583,0.2709998,116.57
574900,0.47,0.48,0.05,0.08976278,0.08577688,0.8722064,151.65
575000,0.41,0.56,0.03,0.07013057,0.06633151,0.5624034,144.99
575100,0.41,0.57,0.02,0.07562527,0.07268912,0.7508041,119.43
575200,0.44,0.51,0.05,0.08946627,0.08665,1.187811,151.22
575300,0.46,0.51,0.03,0.09917318,0.1029815,0.910405,136.52
575400,0.45,0.52,0.03,0.06411753,0.06139446,0.882207,140.66
575500,0.42,0.51,0.07,0.1005794,0.1166693,1.439615,177.97
575600,0.41,0.56,0.03,0.07785773,0.0800744,0.8188054,148.47
575700,0.4,0.56,0.04,0.06829228,0.06903967,0.6946059,147.46
575800,0.49,0.5,0.01,0.0730599,0.06863902,0.3458004,141.31
575900,0.43,0.53,0.04,0.07307023,0.07261044,1.138409,146.73
576000,0.39,0.55,0.06,0.07254644,0.06693453,1.413214,167.57
576100,0.44,0.53,0.03,0.07497703,0.0835651,0.6650047,137.84
576200,0.37,0.58,0.05,0.07550473,0.07763311,1.022209,163.71
576300,0.47,0.49,0.04,0.09126915,0.08117832,0.8046049,146.5
576400,0.44,0.5,0.06,0.06794685,0.06512779,1.304611,170.79
576500,0.47,0.48,0.05,0.08212024,0.08014924,1.147812,171.79
576600,0.41,0.52,0.07,0.09801628,0.0866601,0.9880093,178.02
576700,0.44,0.49,0.07,0.0725002,0.08782781,1.232211,166.75
576800,0.43,0.52,0.05,0.09974758,0.105007,0.9956088,153.07
576900,0.43,0.55,0.02,0.08894423,0.110088,0.7080038,148.41
577000,0.43,0.54,0.03,0.0786688,0.07803535,0.7880064,127.08
577100,0.45,0.52,0.03,0.08546406,0.08935901,0.6424043,130.16
577200,0.52,0.47,0.01,0.09936079,0.1078529,0.5926017,109.78
577300,0.47,0.48,0.05,0.0775877,0.07157485,1.409411,161.13
577400,0.44,0.48,0.08,0.08813313,0.09319107,1.622415,174.29
577500,0.43,0.52,0.05,0.08147346,0.08936285,0.9948088,143.88
577600,0.4,0.54,0.06,0.0897493,0.07625987,1.184011,167.89
577700,0.47,0.51,0.02,0.09885812,0.09730677,0.7778037,135.51
577800,0.36,0.59,0.05,0.08265261,0.08538207,1.070209,155.37
577900,0.47,0.49,0.04,0.1071872,0.1076798,0.731004,145.43
578000,0.41,0.54,0.05,0.09061909,0.09558756,1.166011,156.32
578100,0.53,0.45,0.02,0.07830686,0.07651293,0.664202,125.78
578200,0.4,0.55,0.05,0.08384055,0.08236736,0.7962067,167.29
578300,0.44,0.52,0.04,0.07948681,0.08085138,0.6848041,166.54
578400,0.44,0.54,0.02,0.08715392,0.08231108,0.5802048,113.52
578500,0.36,0.59,0.05,0.07329302,0.07112247,1.073211,152.84
578600,0.41,0.53,0.06,0.09486286,0.09317619,1.310611,180.96
578700,0.45,0.48,0.07,0.1014717,0.1131906,1.398414,176.98
578800,0.5,0.44,0.06,0.1014365,0.09865969,1.084809,153.8
578900,0.42,0.52,0.06,0.07342779,0.070384,1.561813,173.19
579000,0.45,0.51,0.04,0.07989192,0.0829635,0.7792066,129
579100,0.4,0.53,0.07,0.08062926,0.08037442,1.541816,171.37
579200,0.45,0.48,0.07,0.0849544,0.08455212,1.407014,169.92
579300,0.42,0.53,0.05,0.08390842,0.0863005,1.166011,150.33
579400,0.51,0.45,0.04,0.06882482,0.06426042,1.074207,144.95
579500,0.39,0.55,0.06,0.07908149,0.07390769,1.112411,188.4
579600,0.44,0.54,0.02,0.0786043,0.0680634,0.682205,118.62
579700,0.56,0.43,0.01,0.07242911,0.0620598,0.4061997,118.96
579800,0.43,0.5,0.07,0.08493768,0.08516478,1.431214,174.79
579900,0.42,0.52,0.06,0.1026746,0.1023492,1.015008,175.65
580000,0.36,0.6,0.04,0.09328987,0.08753851,1.028809,147.66
580100,0.39,0.57,0.04,0.08180618,0.07883964,1.123009,144.75
580200,0.53,0.44,0.03,0.08250992,0.07223518,0.4224022,129.93
580300,0.46,0.47,0.07,0.07245801,0.06424179,1.017207,180.16
580400,0.4,0.57,0.03,0.09442589,0.09893686,0.7742064,134.82
580500,0.49,0.49,0.02,0.09240913,0.08993923,0.8794046,139.91
580600,0.42,0.49,0.09,0.07545269,0.07647209,1.784616,189.03
580700,0.38,0.59,0.03,0.07489784,0.07147064,0.833807,146.27
580800,0.35,0.58,0.07,0.08238785,0.08017716,1.320612,181.4
580900,0.5,0.45,0.05,0.09694511,0.08792454,1.363611,157.58
581000,0.56,0.39,0.05,0.1196523,0.107212,1.000409,130.46
581100,0.45,0.48,0.07,0.09566081,0.09457397,1.183609,180.45
581200,0.51,0.46,0.03,0.06882251,0.08060889,0.9892071,131.13
581300,0.38,0.56,0.06,0.07711329,0.07211452,1.041409,159.84
581400,0.44,0.54,0.02,0.07136487,0.06101226,0.7418042,143.47
581500,0.45,0.54,0.01,0.08838186,0.08310881,0.1539999,97.18
581600,0.48,0.45,0.07,0.08442395,0.07578915,0.8962076,183.09
581700,0.34,0.58,0.08,0.07063642,0.06522016,1.488816,200.48
581800,0.45,0.54,0.01,0.0834404,0.07407506,0.5720021,118.08
581900,0.41,0.56,0.03,0.08622486,0.08387948,0.8664071,129.01
582000,0.46,0.45,0.09,0.07122993,0.06392398,1.294212,192.97
582100,0.4,0.54,0.06,0.09202545,0.08658507,0.8172066,156.72
582200,0.48,0.51,0.01,0.08834526,0.08127576,0.3503997,122.86
582300,0.48,0.49,0.03,0.1091793,0.121453,0.4770024,125.02
582400,0.38,0.56,0.06,0.07780411,0.07541499,1.136211,160.95
582500,0.4,0.57,0.03,0.08576598,0.09438749,1.017407,151.98
582600,0.48,0.48,0.04,0.08893859,0.09066606,0.909407,144.19
582700,0.48,0.47,0.05,0.07297108,0.06982396,1.23561,165.87
582800,0.4,0.57,0.03,0.08678668,0.09262409,0.8196067,124.7
582900,0.39,0.6,0.01,0.07628158,0.07615214,0.4130021,116.12
583000,0.35,0.55,0.1,0.07898935,0.06755335,1.595016,203.92
583100,0.46,0.51,0.03,0.07961214,0.07335395,0.5738044,128.92
583200,0.55,0.44,0.01,0.08112644,0.08760164,0.6312016,136.81
583300,0.44,0.53,0.03,0.07723138,0.07888025,0.8294067,149.51
583400,0.33,0.6,0.07,0.07869443,0.06999171,1.148812,181.06
583500,0.42,0.54,0.04,0.07345767,0.0733122,1.168209,151.8
583600,0.37,0.59,0.04,0.08507034,0.08311404,1.005209,173.53
583700,0.42,0.57,0.01,0.08066197,0.08137655,0.6670025,140.35
583800,0.43,0.52,0.05,0.0710604,0.06487876,1.104609,146.58
583900,0.43,0.51,0.06,0.07578139,0.07770681,1.143609,187.22
584000,0.34,0.59,0.07,0.06957053,0.08122092,1.443214,171.56
584100,0.38,0.58,0.04,0.09798574,0.09532078,0.9996092,139.37
584200,0.48,0.46,0.06,0.0983135,0.1051298,1.548814,176.34
584300,0.35,0.61,0.04,0.1005836,0.09618421,0.7200066,150.07
584400,0.53,0.4,0.07,0.07891623,0.08087062,1.31781,203.94
584500,0.38,0.55,0.07,0.07837361,0.06886309,1.106211,162.79
584600,0.35,0.64,0.01,0.06868012,0.06675243,0.2571998,135.16
584700,0.45,0.52,0.03,0.1078999,0.1142514,0.5884045,134.24
584800,0.35,0.56,0.09,0.08292235,0.08392217,1.128411,176.74
584900,0.37,0.57,0.06,0.08188891,0.07178912,1.154009,173.67
585000,0.45,0.51,0.04,0.07612766,0.06862572,1.075808,155.51
585100,0.37,0.56,0.07,0.0798243,0.07917982,1.505816,175.2
585200,0.33,0.61,0.06,0.09756824,0.1020583,1.403015,166.2
585300,0.42,0.56,0.02,0.08635528,0.09386906,0.4798019,121.11
585400,0.37,0.56,0.07,0.07211425,0.06464709,1.491814,172.79
585500,0.36,0.59,0.05,0.08605924,0.09338825,0.9076067,167.04
585600,0.48,0.47,0.05,0.1185027,0.1070186,0.7300065,155.84
585700,0.4,0.55,0.05,0.07789031,0.07294528,1.109809,155.1
585800,0.37,0.53,0.1,0.08614092,0.08445609,1.96182,205.93
585900,0.41,0.54,0.05,0.0886928,0.0816827,0.9216091,173.8
586000,0.47,0.52,0.01,0.07776845,0.07933122,0.4280019,112.96
586100,0.5,0.42,0.08,0.09150153,0.09992427,1.776216,199.17
586200,0.51,0.47,0.02,0.08246744,0.08198199,0.8126046,125.33
586300,0.47,0.49,0.04,0.08253361,0.07868709,0.9816071,159.52
586400,0.37,0.58,0.05,0.07275259,0.07472184,1.047411,156.3
586500,0.33,0.63,0.04,0.07808404,0.07138422,0.5122041,135.67
586600,0.48,0.49,0.03,0.09227653,0.09137709,0.8076061,133.03
586700,0.48,0.48,0.04,0.08414264,0.08071294,1.057009,162.21
586800,0.44,0.53,0.03,0.08148862,0.0743828,0.5888051,139.67
586900,0.34,0.59,0.07,0.07938648,0.07511868,1.086609,196.01
587000,0.42,0.52,0.06,0.0947237,0.1002729,1.232012,158.98
587100,0.41,0.55,0.04,0.07554258,0.07626949,1.052607,153.59
587200,0.46,0.49,0.05,0.09330745,0.08374644,1.148211,148.18
587300,0.45,0.53,0.02,0.0746483,0.07299674,0.8194046,145.33
587400,0.41,0.55,0.04,0.08571263,0.09274511,0.771807,150.62
587500,0.32,0.61,0.07,0.08440783,0.0826273,1.395615,172.32
587600,0.39,0.57,0.04,0.07266621,0.09628055,0.8660067,150.31
587700,0.41,0.57,0.02,0.08467592,0.07045399,0.5314023,135.26
587800,0.45,0.5,0.05,0.08846103,0.08217894,0.9686081,156.28
587900,0.48,0.47,0.05,0.08569162,0.09368579,1.302609,154.52
588000,0.45,0.43,0.12,0.0696109,0.06327122,1.946621,216.48
588100,0.45,0.49,0.06,0.0980569,0.08306804,1.417213,167.67
588200,0.39,0.56,0.05,0.0748887,0.06798333,1.320613,163.35
588300,0.49,0.46,0.05,0.07538302,0.07379018,1.335212,177.58
588400,0.31,0.66,0.03,0.08711468,0.07826556,0.6322048,147.17
588500,0.41,0.56,0.03,0.08620296,0.08003423,0.696004,134.81
588600,0.41,0.56,0.03,0.08280472,0.09075291,0.3335997,128.07
588700,0.49,0.5,0.01,0.09214102,0.09095342,0.5720016,135.19
588800,0.47,0.47,0.06,0.07470196,0.07463273,1.418611,166.52
588900,0.33,0.63,0.04,0.08803298,0.08454828,0.6710042,156.18
589000,0.44,0.51,0.05,0.07676776,0.06927786,1.085609,155.12
589100,0.4,0.56,0.04,0.08757069,0.09099898,0.8128064,151.78
589200,0.42,0.51,0.07,0.07833816,0.07474077,1.340813,198.37
589300,0.42,0.55,0.03,0.07581967,0.07333165,0.8584067,146.47
589400,0.41,0.53,0.06,0.07068508,0.07012263,1.209611,174.23
589500,0.4,0.56,0.04,0.09597673,0.0994777,0.8438067,144.72
589600,0.48,0.5,0.02,0.0743315,0.06500284,0.7840044,133.66
589700,0.47,0.5,0.03,0.1064973,0.09554188,0.7728044,164.34
589800,0.41,0.55,0.04,0.1049311,0.09391243,0.5640038,144.23
589900,0.4,0.57,0.03,0.07159704,0.06762579,0.3084023,121.21
590000,0.47,0.48,0.05,0.07303979,0.06749398,1.203809,168.66
590100,0.48,0.5,0.02,0.07837874,0.07842605,0.4798023,119.34
590200,0.45,0.49,0.06,0.0789311,0.08079009,1.346212,157.37
590300,0.42,0.54,0.04,0.0797817,0.07538182,0.9022067,141.87
590400,0.41,0.57,0.02,0.09839844,0.0986865,0.627405,118.7
590500,0.43,0.52,0.05,0.09207572,0.08815655,1.095011,142.38
590600,0.46,0.47,0.07,0.09301934,0.08690449,1.875818,190.78
590700,0.43,0.52,0.05,0.09251571,0.08997109,0.840807,161.92
590800,0.48,0.49,0.03,0.07982855,0.07960055,0.7596065,131.57
590900,0.48,0.5,0.02,0.06581615,0.06416802,0.5186022,130.85
591000,0.48,0.47,0.05,0.08047912,0.07306547,1.150609,162.46
591100,0.44,0.53,0.03,0.07858621,0.07746772,0.9444066,130.94
591200,0.44,0.47,0.09,0.06613436,0.07322548,1.719216,205.26
591300,0.35,0.6,0.05,0.1096027,0.1093131,1.164412,155.07
591400,0.46,0.5,0.04,0.08658879,0.07908943,1.02341,145.7
591500,0.49,0.47,0.04,0.08618167,0.07004088,1.042408,164.91
591600,0.46,0.53,0.01,0.07569981,0.06592484,0.543601,111.85
591700,0.38,0.55,0.07,0.07121157,0.06634856,1.588818,179.21
591800,0.46,0.47,0.07,0.07993418,0.07725687,1.783217,174.34
591900,0.39,0.6,0.01,0.07010192,0.0646084,0.2169998,127.29
592000,0.43,0.53,0.04,0.1036239,0.09456766,0.9328069,157.13
592100,0.42,0.57,0.01,0.06887881,0.06221351,0.7492032,126.15
592200,0.37,0.59,0.04,0.07449289,0.07780158,0.7480058,159.37
592300,0.37,0.61,0.02,0.08582618,0.07778522,0.4400001,152.17
592400,0.51,0.43,0.06,0.1139002,0.1152166,1.047208,144.63
592500,0.35,0.58,0.07,0.06867607,0.06133408,1.212612,172.44
592600,0.44,0.54,0.02,0.08707569,0.08691709,0.4510023,120.84
592700,0.55,0.42,0.03,0.06939229,0.06115718,0.8780065,135.26
592800,0.38,0.6,0.02,0.06105823,0.0585045,0.6940037,147.86
592900,0.45,0.49,0.06,0.0819223,0.08359463,1.037609,179.42
593000,0.4,0.56,0.04,0.09642403,0.09202088,1.021809,163.13
593100,0.43,0.52,0.05,0.07035524,0.07233648,0.893607,149.81
593200,0.39,0.55,0.06,0.0955157,0.08989372,1.555813,164.07
593300,0.39,0.53,0.08,0.08712482,0.08123132,1.561017,191.56
593400,0.46,0.51,0.03,0.08091497,0.07215419,0.7784045,136.59
593500,0.38,0.56,0.06,0.1240429,0.1276291,1.014609,156.87
593600,0.49,0.47,0.04,0.07549867,0.06905084,1.051408,152.14
593700,0.42,0.54,0.04,0.08054982,0.0765335,0.7026047,150.42
593800,0.4,0.59,0.01,0.07158206,0.06572255,0.5250015,125.86
593900,0.39,0.58,0.03,0.07649411,0.06973729,0.8840058,144.89
594000,0.44,0.52,0.04,0.1021046,0.1108383,0.9986096,148.68
594100,0.42,0.5,0.08,0.06724309,0.0584421,1.702019,204.21
594200,0.46,0.54,0,0.07709876,0.07437936,0.4534001,119.4
594300,0.41,0.54,0.05,0.08042639,0.0679764,1.125011,149.84
594400,0.51,0.44,0.05,0.1139014,0.1322176,1.247612,148.86
594500,0.5,0.43,0.07,0.07925044,0.08040135,1.439013,177.7
594600,0.53,0.44,0.03,0.08588553,0.0801196,0.9242069,162.65
594700,0.47,0.51,0.02,0.07386395,0.06465141,0.451602,124.31
594800,0.44,0.53,0.03,0.07146776,0.06534764,0.7004045,138.81
594900,0.4,0.52,0.08,0.08240312,0.09280457,1.335211,194.84
595000,0.53,0.44,0.03,0.09487603,0.09473795,0.8830063,136.49
595100,0.45,0.52,0.03,0.08911011,0.08076212,0.8730069,130.37
595200,0.52,0.43,0.05,0.09517762,0.09813192,1.477208,185.07
595300,0.42,0.56,0.02,0.07504378,0.06859496,0.774804,134.65
595400,0.37,0.56,0.07,0.08833203,0.0826468,1.01041,168.06
595500,0.46,0.48,0.06,0.08113923,0.08047029,1.246809,161.39
595600,0.4,0.54,0.06,0.09765313,0.09383752,1.363212,173.76
595700,0.38,0.54,0.08,0.1020102,0.09350796,1.367614,176.22
595800,0.42,0.52,0.06,0.1075729,0.09347068,1.168213,160.42
595900,0.43,0.49,0.08,0.1011722,0.08867927,1.269212,170.57
596000,0.5,0.46,0.04,0.07534207,0.07825515,1.009806,142.24
596100,0.37,0.59,0.04,0.1073994,0.1083477,0.9546091,139.19
596200,0.35,0.6,0.05,0.08188487,0.07577469,1.216411,132.46
596300,0.57,0.38,0.05,0.08872447,0.09506778,1.25341,175.26
596400,0.42,0.56,0.02,0.08474894,0.09464148,0.6430037,127
596500,0.43,0.52,0.05,0.09953299,0.1045302,0.9302087,150.13
596600,0.42,0.55,0.03,0.07925448,0.06939715,0.879407,134.79
596700,0.39,0.6,0.01,0.1001169,0.09594215,0.3887997,105.87
596800,0.45,0.51,0.04,0.07579456,0.06854495,0.8258073,141.23
596900,0.44,0.51,0.05,0.08366023,0.09538215,1.052009,151.72
597000,0.43,0.55,0.02,0.08117478,0.07845166,0.6200019,130.96
597100,0.5,0.46,0.04,0.07040741,0.06682992,0.8286067,144.92
597200,0.36,0.57,0.07,0.09225541,0.0903897,1.289213,165.37
597300,0.44,0.48,0.08,0.07988515,0.07203576,1.858617,196.16
597400,0.46,0.5,0.04,0.08326855,0.07692838,0.9062045,164.77
597500,0.52,0.45,0.03,0.08370525,0.07734996,0.6966047,138.19
597600,0.42,0.56,0.02,0.1051198,0.1136447,0.3654018,111.95
597700,0.46,0.53,0.01,0.07521257,0.06769913,0.5188024,115.06
597800,0.39,0.59,0.02,0.08600797,0.08141238,0.5528046,139.42
597900,0.44,0.5,0.06,0.09907764,0.1048337,0.770606,174.73
598000,0.43,0.55,0.02,0.08109502,0.08046252,0.7340046,130.62
598100,0.39,0.55,0.06,0.07741728,0.08431315,0.9396088,164.07
598200,0.51,0.45,0.04,0.08275443,0.07653833,1.014609,133.35
598300,0.51,0.44,0.05,0.07197737,0.07143196,1.387411,157.02
598400,0.39,0.53,0.08,0.06781881,0.06865335,1.484814,195.82
598500,0.5,0.46,0.04,0.0823262,0.0822418,1.14861,135.21
598600,0.46,0.47,0.07,0.07784817,0.07322458,1.253211,171.1
598700,0.5,0.45,0.05,0.08703512,0.08648621,1.197612,165.87
598800,0.47,0.47,0.06,0.09327614,0.08711276,1.079209,169.73
598900,0.38,0.55,0.07,0.07159533,0.06603882,1.624817,181.36
599000,0.42,0.54,0.04,0.08744254,0.08025601,1.02961,142.4
599100,0.46,0.51,0.03,0.06845802,0.06445885,0.9462066,162
599200,0.34,0.57,0.09,0.0843628,0.08379994,1.592216,222.48
599300,0.42,0.55,0.03,0.09903894,0.09053408,0.7518068,130.17
599400,0.4,0.56,0.04,0.08589359,0.07742465,0.7230042,148.71
599500,0.4,0.54,0.06,0.09935897,0.08721278,1.364211,152.59
599600,0.52,0.41,0.07,0.07674691,0.07010547,1.666814,178.3
599700,0.39,0.54,0.07,0.06675095,0.06552348,1.602216,186.74
599800,0.39,0.57,0.04,0.07511155,0.08520894,0.6318038,150.83
599900,0.43,0.46,0.11,0.07618389,0.07697377,2.02502,216.69
600000,0.45,0.53,0.02,0.09291012,0.08744784,0.6832044,131.69
600100,0.58,0.39,0.03,0.08405399,0.09311843,0.9292063,129.97
600200,0.35,0.55,0.1,0.1127519,0.09967691,1.992023,197.71
600300,0.38,0.58,0.04,0.08661455,0.0883088,0.8702068,144.23
600400,0.48,0.47,0.05,0.0652854,0.06893954,0.8814062,151.75
600500,0.4,0.52,0.08,0.09041774,0.0852526,1.565416,214.57
600600,0.41,0.54,0.05,0.08666276,0.08720237,1.221611,164.48
600700,0.46,0.45,0.09,0.07569624,0.06551253,1.13701,190.78
600800,0.43,0.53,0.04,0.07309807,0.06833443,0.9046069,156.82
600900,0.48,0.5,0.02,0.09790559,0.09601781,0.5926024,151.35
601000,0.43,0.52,0.05,0.07935872,0.08368677,1.01521,161.24
601100,0.42,0.53,0.05,0.07341547,0.06324603,0.7636054,160.21
601200,0.46,0.5,0.04,0.07282996,0.07416974,0.6688041,149.99
601300,0.51,0.47,0.02,0.08622346,0.09327836,0.7584038,140.82
601400,0.47,0.52,0.01,0.08582754,0.07767923,0.464002,131.58
601500,0.39,0.57,0.04,0.1047538,0.0994236,0.9960089,143.17
601600,0.4,0.54,0.06,0.07624397,0.07704015,1.282612,174.89
601700,0.47,0.5,0.03,0.0705586,0.06463671,0.9470072,154.29
601800,0.43,0.55,0.02,0.09068508,0.08561207,0.8138048,125.74
601900,0.51,0.43,0.06,0.0743672,0.06966531,1.505213,158.12
602000,0.4,0.57,0.03,0.08594766,0.08386216,0.9212072,124.07
602100,0.4,0.5,0.1,0.06906498,0.06153457,1.955221,211.56
602200,0.48,0.5,0.02,0.08631346,0.08605795,0.6906048,124.86
602300,0.35,0.63,0.02,0.08788528,0.08224151,0.6210042,128.08
602400,0.42,0.51,0.07,0.08502594,0.08444229,1.494015,161.78
602500,0.53,0.41,0.06,0.07502516,0.06756493,1.189011,160.4
602600,0.47,0.5,0.03,0.08919434,0.09542482,0.8060044,145.5
602700,0.43,0.53,0.04,0.08072503,0.07239341,1.144409,135.09
602800,0.46,0.51,0.03,0.1046134,0.1005981,0.5268031,127.35
602900,0.46,0.52,0.02,0.08907124,0.0766629,0.9426042,147.5
603000,0.51,0.49,0,0.07903656,0.07345475,0.3073998,112.99
603100,0.43,0.53,0.04,0.08589423,0.08079086,1.020409,154.32
603200,0.56,0.41,0.03,0.1010286,0.09143091,1.109807,149.73
603300,0.41,0.54,0.05,0.08599785,0.07181886,1.139212,143.76
603400,0.5,0.43,0.07,0.1302623,0.1221444,1.386613,166.56
603500,0.47,0.5,0.03,0.07070383,0.06610553,0.2043999,136.73
603600,0.46,0.52,0.02,0.09681821,0.09536006,0.4488022,119.51
603700,0.58,0.39,0.03,0.06180107,0.05534099,0.9924066,137.09
603800,0.43,0.53,0.04,0.07298033,0.07159598,1.03081,169.18
603900,0.53,0.43,0.04,0.06759531,0.05867689,1.175409,141.54
604000,0.38,0.54,0.08,0.07907341,0.06915969,1.709419,165.95
604100,0.45,0.47,0.08,0.09228444,0.09147705,1.356213,181.11
604200,0.38,0.57,0.05,0.09367397,0.079229,1.03521,158.18
604300,0.43,0.5,0.07,0.1250804,0.130562,1.311614,152.19
604400,0.43,0.52,0.05,0.08697503,0.08254617,1.246812,157.56
604500,0.44,0.53,0.03,0.07629892,0.07215717,0.5166019,143.17
604600,0.44,0.56,0,0.07862615,0.07172661,0.1903999,140.02
604700,0.47,0.49,0.04,0.08785588,0.08293147,0.8070036,174.85
604800,0.45,0.5,0.05,0.08352293,0.07835703,0.9552089,158.21
604900,0.45,0.52,0.03,0.07471506,0.07683639,0.8390045,129.18
605000,0.47,0.47,0.06,0.0964047,0.09544597,1.030008,175.78
605100,0.46,0.51,0.03,0.1119123,0.1158808,1.014805,145.25
605200,0.44,0.49,0.07,0.0880206,0.07749657,1.350013,163.49
605300,0.46,0.5,0.04,0.0751835,0.06617444,0.7612046,151.09
605400,0.46,0.48,0.06,0.09673905,0.08125806,1.201009,169.55
605500,0.32,0.63,0.05,0.07394377,0.06168909,1.161211,152.26
605600,0.49,0.49,0.02,0.1072934,0.10486,0.6382043,121.98
605700,0.46,0.54,0,0.08732565,0.08613313,0.5685995,120.33
605800,0.49,0.48,0.03,0.07910509,0.07101461,1.029007,145.66
605900,0.44,0.52,0.04,0.09230839,0.08724509,0.9692085,157.93
606000,0.45,0.48,0.07,0.1027814,0.08138249,1.241612,186.25
606100,0.46,0.49,0.05,0.1067548,0.1160525,1.110809,166.73
606200,0.4,0.53,0.07,0.0723614,0.06664702,1.287013,192.3
606300,0.43,0.56,0.01,0.09741211,0.08903083,0.2867998,116.47
606400,0.55,0.42,0.03,0.07589802,0.08023763,1.180608,139.69
606500,0.46,0.51,0.03,0.07650898,0.07286725,0.8802055,139.31
606600,0.43,0.53,0.04,0.09878888,0.08584779,1.056409,138.55
606700,0.47,0.48,0.05,0.07795486,0.06799051,1.217412,142.47
606800,0.47,0.48,0.05,0.08438324,0.08222805,0.7918064,151.46
606900,0.47,0.47,0.06,0.1070709,0.1044604,0.939806,168.3
607000,0.44,0.51,0.05,0.08247839,0.07741379,1.297012,146.97
607100,0.34,0.62,0.04,0.0933145,0.09601638,0.6448043,159.81
607200,0.5,0.5,0,0.08912066,0.1258058,0.4167996,121.86
607300,0.44,0.53,0.03,0.08584047,0.08044256,0.7474044,158.81
607400,0.46,0.47,0.07,0.08106034,0.08001638,1.737816,167.27
607500,0.42,0.53,0.05,0.09932818,0.1222091,1.261812,148.56
607600,0.51,0.41,0.08,0.05770045,0.05750329,1.456014,197.7
607700,0.45,0.48,0.07,0.0769501,0.08080915,1.350214,192.5
607800,0.45,0.52,0.03,0.1051221,0.09696582,0.8378072,138.47
607900,0.46,0.52,0.02,0.07115286,0.09102228,0.7046043,136.07
608000,0.42,0.52,0.06,0.09269221,0.09071808,1.182611,170.03
608100,0.35,0.57,0.08,0.08909103,0.08850544,1.422213,190.5
608200,0.46,0.48,0.06,0.07498049,0.07080292,1.184012,165.33
608300,0.44,0.52,0.04,0.07709271,0.08339486,1.104809,168.91
608400,0.57,0.41,0.02,0.08644137,0.08284406,0.8200048,137.22
608500,0.39,0.55,0.06,0.09169489,0.08757802,1.139212,161.95
608600,0.45,0.49,0.06,0.08853669,0.08237301,1.294011,159.29
608700,0.44,0.52,0.04,0.07356515,0.06998618,1.002006,157.19
608800,0.45,0.49,0.06,0.08980487,0.09209499,1.298012,167.69
608900,0.41,0.53,0.06,0.1020185,0.09045687,1.183212,151.94
609000,0.5,0.47,0.03,0.07348502,0.05882316,0.8114049,128.37
609100,0.45,0.48,0.07,0.08934778,0.07757057,1.374411,179.6
609200,0.38,0.61,0.01,0.1123529,0.1100882,0.6364021,110.76
609300,0.47,0.5,0.03,0.092958,0.07811142,0.774007,135.57
609400,0.48,0.46,0.06,0.1020016,0.09114631,1.330812,155.23
609500,0.48,0.49,0.03,0.07505736,0.08244283,0.849805,142.54
609600,0.4,0.57,0.03,0.06428213,0.05912892,0.8332067,129.8
609700,0.32,0.61,0.07,0.1093607,0.118523,1.070811,162.37
609800,0.5,0.43,0.07,0.08192192,0.07521315,1.742415,168.02
609900,0.46,0.49,0.05,0.08537283,0.07716858,1.31701,149.77
610000,0.5,0.46,0.04,0.09774475,0.09982457,0.9372074,149.86
610100,0.49,0.46,0.05,0.07270183,0.06080136,1.048009,137.49
610200,0.48,0.48,0.04,0.07608449,0.07562337,0.9216068,142.1
610300,0.38,0.58,0.04,0.09551378,0.09121207,0.9948089,158.64
610400,0.45,0.49,0.06,0.07774423,0.07154968,1.053809,151.11
610500,0.43,0.51,0.06,0.09774222,0.09165104,1.115809,169.54
610600,0.51,0.47,0.02,0.09745314,0.08490916,0.7118036,120.73
610700,0.46,0.49,0.05,0.07357918,0.06405133,1.309211,178.09
610800,0.35,0.6,0.05,0.07088058,0.066448,1.136212,177.07
610900,0.48,0.48,0.04,0.08143395,0.08134838,0.9466072,154.69
611000,0.45,0.49,0.06,0.1047469,0.0850643,1.522214,168.68
611100,0.4,0.57,0.03,0.08148572,0.08219062,0.8372064,130.49
611200,0.47,0.48,0.05,0.07671609,0.07010922,1.186011,155.11
611300,0.43,0.52,0.05,0.1150194,0.1117295,1.099611,151.07
611400,0.41,0.56,0.03,0.1111135,0.1044733,0.4544019,137.51
611500,0.41,0.53,0.06,0.08108103,0.0758874,1.157809,172.19
611600,0.31,0.65,0.04,0.07569681,0.07084158,0.8400072,148.99
611700,0.37,0.59,0.04,0.08004694,0.07910731,1.258812,161.36
611800,0.4,0.55,0.05,0.07698064,0.07209113,1.036809,152.37
611900,0.4,0.55,0.05,0.08039774,0.07089904,1.135411,144.43
612000,0.44,0.5,0.06,0.08336673,0.07496044,1.125011,162.3
612100,0.47,0.52,0.01,0.07012656,0.06578058,0.6526021,140.9
612200,0.48,0.47,0.05,0.08350788,0.08015077,0.9968073,145.91
612300,0.46,0.49,0.05,0.09030536,0.09136209,1.27101,151.05
612400,0.49,0.49,0.02,0.07702502,0.07531735,0.6838037,150.62
612500,0.4,0.59,0.01,0.09808706,0.09203129,0.3190022,104.45
612600,0.34,0.62,0.04,0.09474881,0.0881005,0.9356095,145.28
612700,0.45,0.52,0.03,0.09327068,0.08171435,0.8450069,125.92
612800,0.38,0.56,0.06,0.100453,0.09245028,1.164611,156.4
612900,0.34,0.62,0.04,0.09129997,0.0815831,0.8410072,142.08
613000,0.46,0.48,0.06,0.06901703,0.06165117,1.397013,154.78
613100,0.41,0.59,0,0.1033266,0.08729754,0.1537999,104.48
613200,0.4,0.54,0.06,0.08520951,0.09799621,1.326412,179.58
613300,0.4,0.57,0.03,0.07322388,0.06668648,0.7892067,147.42
613400,0.36,0.6,0.04,0.08569165,0.08357826,1.20761,164.01
613500,0.39,0.59,0.02,0.08764973,0.07390402,0.5692045,131.58
613600,0.49,0.44,0.07,0.1070946,0.09798826,1.008809,177.67
613700,0.39,0.56,0.05,0.09082697,0.07834856,1.130209,166.5
613800,0.4,0.52,0.08,0.07518308,0.06666031,1.627616,180.29
613900,0.51,0.46,0.03,0.07132734,0.07108507,0.7274044,133.65
614000,0.39,0.55,0.06,0.08157464,0.0857808,1.28361,166.23
614100,0.49,0.46,0.05,0.08233228,0.07734151,1.187608,144.96
614200,0.48,0.47,0.05,0.07173693,0.07224774,1.37781,161.08
614300,0.46,0.5,0.04,0.1377696,0.1441365,1.100607,140.85
614400,0.42,0.5,0.08,0.07278407,0.06797868,1.510416,189.16
614500,0.47,0.49,0.04,0.08906255,0.0824294,1.063009,125.9
614600,0.37,0.61,0.02,0.07276265,0.06838568,0.785204,144.36
614700,0.51,0.47,0.02,0.08158074,0.07958347,0.7036048,129.03
614800,0.4,0.56,0.04,0.08789897,0.09028251,0.9632088,143.97
614900,0.53,0.42,0.05,0.08436809,0.07751614,1.140409,167.07
615000,0.44,0.53,0.03,0.09791946,0.08729031,0.7588036,139.5
615100,0.4,0.54,0.06,0.09841013,0.1026095,1.198211,157.08
615200,0.46,0.48,0.06,0.1202561,0.1245786,1.072008,151.16
615300,0.47,0.49,0.04,0.07594611,0.07141705,0.9954074,150.42
615400,0.41,0.55,0.04,0.08238275,0.0858581,0.8186066,142.67
615500,0.45,0.52,0.03,0.100285,0.08285501,0.8874065,128.35
615600,0.54,0.41,0.05,0.07430612,0.06565265,0.8030038,168.95
615700,0.41,0.58,0.01,0.07103129,0.06284415,0.4664018,131.4
615800,0.47,0.46,0.07,0.07203455,0.0773307,1.500413,173.1
615900,0.37,0.61,0.02,0.1034406,0.09242751,0.6416048,133.96
616000,0.46,0.5,0.04,0.09774221,0.09624463,1.118809,144.96
616100,0.38,0.56,0.06,0.07546088,0.07589178,1.280012,170.66
616200,0.51,0.44,0.05,0.08974185,0.08480467,1.165409,162.14
616300,0.45,0.54,0.01,0.07919412,0.0645469,0.2333998,114.33
616400,0.41,0.55,0.04,0.08673037,0.09379888,1.281809,156.34
616500,0.39,0.55,0.06,0.07422155,0.06506919,1.067409,184.76
616600,0.44,0.52,0.04,0.07699693,0.07311664,0.9456072,153.3
616700,0.35,0.57,0.08,0.08222181,0.07921775,1.447017,185.51
616800,0.37,0.55,0.08,0.08197795,0.08111957,1.335413,179.69
616900,0.45,0.5,0.05,0.07304005,0.06973755,1.187409,169.21
617000,0.39,0.57,0.04,0.08503273,0.08605299,0.9658084,155.03
617100,0.35,0.61,0.04,0.09621742,0.09093574,0.8282081,134.88
617200,0.47,0.48,0.05,0.07581722,0.06989847,0.9984087,160.4
617300,0.38,0.53,0.09,0.0745169,0.06826837,1.593416,196
617400,0.41,0.55,0.04,0.08522104,0.07572059,0.6708037,139.87
617500,0.38,0.57,0.05,0.07414204,0.06899537,1.068609,152.41
617600,0.37,0.58,0.05,0.06030217,0.05437235,1.092408,160.13
617700,0.44,0.49,0.07,0.06619713,0.06241279,1.750818,183.2
617800,0.36,0.6,0.04,0.1213614,0.1228227,0.8646076,163.47
617900,0.34,0.64,0.02,0.08725828,0.08235262,0.6582047,126.05
618000,0.39,0.59,0.02,0.07655749,0.0709068,0.7488046,156.81
618100,0.47,0.52,0.01,0.09069553,0.09425259,0.5874023,142.89
618200,0.45,0.52,0.03,0.08943135,0.09285371,0.6398036,150.59
618300,0.29,0.65,0.06,0.08597646,0.08527253,1.344014,150.53
618400,0.34,0.58,0.08,0.07228988,0.07094263,0.8390071,204.55
618500,0.45,0.51,0.04,0.07194718,0.07430709,1.050006,153.98
618600,0.51,0.46,0.03,0.1086492,0.1108667,0.7922067,116.9
618700,0.49,0.46,0.05,0.0970277,0.09018822,1.348212,164.08
618800,0.42,0.52,0.06,0.09274995,0.09271202,1.507813,167.25
618900,0.44,0.54,0.02,0.1072105,0.09986939,0.6948045,121.64
619000,0.43,0.53,0.04,0.07897157,0.06737924,1.021208,135.48
619100,0.44,0.51,0.05,0.0770854,0.0733017,0.9906074,185.76
619200,0.48,0.47,0.05,0.08910593,0.08208704,1.275211,161.27
619300,0.48,0.48,0.04,0.08719817,0.100704,1.034608,169.01
619400,0.42,0.54,0.04,0.1060079,0.09356449,0.6250046,157.86
619500,0.43,0.53,0.04,0.08636308,0.07753614,0.8700069,152.99
619600,0.39,0.59,0.02,0.1116841,0.1025058,0.6498037,138.64
619700,0.37,0.57,0.06,0.07867926,0.07184058,1.269412,162.39
619800,0.4,0.55,0.05,0.0757124,0.08187379,0.9802079,143.64
619900,0.46,0.54,0,0.07364362,0.06493538,0.4192001,117.31
620000,0.47,0.49,0.04,0.07922509,0.06975958,0.8326052,143.21
620100,0.49,0.47,0.04,0.0693327,0.06275243,1.118009,150.2
620200,0.45,0.53,0.02,0.1080224,0.10879,0.7260045,117.52
620300,0.41,0.53,0.06,0.1193806,0.1215061,1.514014,155.13
620400,0.41,0.54,0.05,0.09880736,0.08518843,0.7382072,142.69
620500,0.34,0.64,0.02,0.1020096,0.09332639,0.5328041,124.87
620600,0.48,0.47,0.05,0.06673727,0.06137612,1.22821,178.13
620700,0.44,0.53,0.03,0.1129461,0.1073329,0.9738063,129.53
620800,0.49,0.5,0.01,0.09103968,0.09189194,0.509402,127.95
620900,0.43,0.53,0.04,0.07940905,0.07219511,0.6718062,137.07
621000,0.4,0.59,0.01,0.09334578,0.09808724,0.6816018,134.31
621100,0.48,0.5,0.02,0.08807847,0.07588884,0.4816022,113.76
621200,0.4,0.56,0.04,0.08464425,0.08092449,0.8846055,148.51
621300,0.39,0.56,0.05,0.0946833,0.09728783,1.183411,166.37
621400,0.48,0.47,0.05,0.09379842,0.07938211,1.192609,171.61
621500,0.42,0.51,0.07,0.09121632,0.09317362,1.358213,165.42
621600,0.45,0.53,0.02,0.1003056,0.09556478,0.5896018,118.8
621700,0.38,0.58,0.04,0.07061432,0.06725278,0.8842092,163.03
621800,0.41,0.55,0.04,0.085508,0.07146645,1.05481,141.2
621900,0.46,0.5,0.04,0.1165745,0.1109468,1.072809,142.6
622000,0.52,0.47,0.01,0.08042237,0.07176043,0.7232019,128.96
622100,0.39,0.55,0.06,0.0806786,0.07226713,1.255212,172.8
622200,0.47,0.48,0.05,0.08910372,0.08286217,1.23441,166.23
622300,0.5,0.48,0.02,0.09804296,0.08566362,0.6586028,121.08
622400,0.45,0.5,0.05,0.07717878,0.06947133,1.068809,156.82
622500,0.39,0.56,0.05,0.08891186,0.08557626,1.277612,157.14
622600,0.41,0.54,0.05,0.06787762,0.06153784,0.6872041,172.94
622700,0.48,0.45,0.07,0.07462163,0.07447001,1.352013,170.95
622800,0.38,0.55,0.07,0.09026016,0.09075066,1.544213,204.57
622900,0.43,0.51,0.06,0.1044688,0.1062213,1.188208,164.8
623000,0.47,0.51,0.02,0.0757986,0.06458236,0.7086041,128.58
623100,0.44,0.52,0.04,0.1056797,0.09648589,1.044809,151.3
623200,0.49,0.5,0.01,0.1063785,0.09377005,0.5032023,127.66
623300,0.49,0.46,0.05,0.1008816,0.1017729,1.479411,166.42
623400,0.45,0.53,0.02,0.07449982,0.06911564,0.7790046,135.76
623500,0.59,0.4,0.01,0.07614107,0.07104915,0.625602,119.89
623600,0.43,0.53,0.04,0.08181225,0.07320609,0.6450043,140.45
623700,0.41,0.57,0.02,0.09663732,0.08589063,0.4022001,140.38
623800,0.46,0.51,0.03,0.08901288,0.08233979,0.8610057,147.71
623900,0.42,0.56,0.02,0.08967168,0.08842413,0.6722043,126.89
624000,0.56,0.42,0.02,0.07590955,0.07620211,0.8266045,130.22
624100,0.57,0.4,0.03,0.0646009,0.06013027,1.028407,154.38
624200,0.43,0.54,0.03,0.08365698,0.07903618,0.7312041,130.41
624300,0.44,0.52,0.04,0.08221136,0.08404877,0.7310045,151.25
624400,0.45,0.49,0.06,0.0863698,0.07852221,0.8294066,165.48
624500,0.36,0.59,0.05,0.08273625,0.08235785,1.061009,165.44
624600,0.55,0.42,0.03,0.09344511,0.08893346,0.7346042,143.03
624700,0.42,0.56,0.02,0.0819277,0.0659173,0.5780046,124.88
624800,0.41,0.58,0.01,0.09901412,0.07936625,0.5370018,113.34
624900,0.47,0.51,0.02,0.08150993,0.07149827,0.7574036,132.76
625000,0.45,0.52,0.03,0.1017046,0.1064807,0.5036021,139.45
625100,0.45,0.5,0.05,0.07654481,0.07589341,0.8794065,167.32
625200,0.42,0.56,0.02,0.1027626,0.09207886,0.7552062,178.3
625300,0.37,0.59,0.04,0.06702255,0.06612882,1.121609,149.58
625400,0.33,0.64,0.03,0.08180422,0.0673316,0.7346066,109
625500,0.41,0.52,0.07,0.09258068,0.0847594,1.152011,181.6
625600,0.41,0.54,0.05,0.07663298,0.07386618,0.603403,165.12
625700,0.45,0.48,0.07,0.08774428,0.07516379,1.387814,177.46
625800,0.36,0.57,0.07,0.1197135,0.1095428,1.579417,165.79
625900,0.5,0.5,0,0.08122561,0.07007581,0.3321998,126.41
626000,0.39,0.59,0.02,0.08791883,0.07601283,0.5784038,125.32
626100,0.42,0.56,0.02,0.09316605,0.07901135,0.5468029,129.45
626200,0.47,0.48,0.05,0.1095954,0.1141943,1.039408,148.98
626300,0.45,0.5,0.05,0.07523871,0.06557317,1.097609,165.6
626400,0.38,0.58,0.04,0.104027,0.09998547,0.7724068,133.35
626500,0.45,0.51,0.04,0.08384147,0.08211061,0.8672068,151.35
626600,0.36,0.56,0.08,0.09173742,0.08943529,1.781018,183.02
626700,0.43,0.52,0.05,0.1013104,0.09416394,0.8360071,153.5
626800,0.41,0.55,0.04,0.07308632,0.07452874,1.106809,162.54
626900,0.42,0.55,0.03,0.09183051,0.08663929,0.9174069,138.28
627000,0.38,0.55,0.07,0.08612829,0.07247797,1.16241,164.48
627100,0.52,0.43,0.05,0.07270242,0.06627325,1.455613,160.28
627200,0.37,0.59,0.04,0.09396542,0.1008002,0.9704096,141.52
627300,0.49,0.46,0.05,0.1062987,0.0916035,1.013808,158.78
627400,0.42,0.57,0.01,0.08102693,0.07081316,0.4180015,113.27
627500,0.44,0.51,0.05,0.09311942,0.08416708,1.418611,167.18
627600,0.45,0.51,0.04,0.07727135,0.0719907,0.5080023,140.91
627700,0.36,0.6,0.04,0.09165168,0.07566889,0.6800041,147.42
627800,0.4,0.53,0.07,0.07706334,0.07041422,1.530013,169.22
627900,0.36,0.59,0.05,0.07919455,0.07157737,0.7498066,169.87
628000,0.51,0.43,0.06,0.07530999,0.06394965,1.467212,167.61
628100,0.4,0.56,0.04,0.0747223,0.08374061,0.7094068,145.76
628200,0.55,0.42,0.03,0.08986872,0.1021156,0.8104038,123.67
628300,0.41,0.53,0.06,0.07836563,0.06466383,1.315413,154.01
628400,0.45,0.52,0.03,0.07485151,0.06696966,0.7928032,145.91
628500,0.51,0.43,0.06,0.08755904,0.08108447,1.089208,172.01
628600,0.48,0.51,0.01,0.156615,0.1456087,0.5068021,101.57
628700,0.42,0.58,0,0.08289666,0.07848493,0.2761998,105.42
628800,0.41,0.51,0.08,0.07650846,0.06898771,1.821618,196.74
628900,0.47,0.51,0.02,0.08007314,0.07893753,0.8348035,136.26
629000,0.38,0.6,0.02,0.08918054,0.0912306,0.6458045,131.72
629100,0.27,0.68,0.05,0.08590411,0.08530982,1.240013,156.31
629200,0.36,0.61,0.03,0.07875717,0.07211468,0.7562066,131.94
629300,0.43,0.54,0.03,0.07470798,0.06522735,0.8402065,133.25
629400,0.49,0.47,0.04,0.07553811,0.0776211,0.8230072,134.82
629500,0.51,0.46,0.03,0.08876067,0.07997351,0.9168066,154.18
629600,0.45,0.51,0.04,0.07009931,0.06515145,0.5496029,141.98
629700,0.46,0.51,0.03,0.0954648,0.09210566,0.6374038,141.11
629800,0.4,0.55,0.05,0.09859057,0.08907554,1.026407,160.99
629900,0.37,0.59,0.04,0.08333991,0.07625665,1.044208,152.4
630000,0.53,0.45,0.02,0.09332795,0.08910225,0.8700039,137.75
630100,0.45,0.49,0.06,0.07111479,0.0706737,1.24121,161.62
630200,0.54,0.45,0.01,0.07599954,0.06087111,0.3779997,128.92
630300,0.42,0.55,0.03,0.09354973,0.09590972,0.6416041,117.31
630400,0.47,0.49,0.04,0.07940416,0.06154118,0.955407,141.49
630500,0.46,0.49,0.05,0.08982267,0.08654111,1.169409,182.72
630600,0.37,0.58,0.05,0.09582046,0.08985433,0.9864088,153.5
630700,0.44,0.54,0.02,0.08339848,0.07919074,0.8246026,145.45
630800,0.49,0.49,0.02,0.08878697,0.0817305,0.6936022,126.13
630900,0.38,0.59,0.03,0.09166252,0.07921862,0.7738066,150.97
631000,0.42,0.53,0.05,0.07858667,0.06629313,1.118611,152.62
631100,0.41,0.52,0.07,0.07586291,0.06917675,1.348015,166.73
631200,0.45,0.53,0.02,0.08610392,0.08673099,0.6348045,113.53
631300,0.39,0.54,0.07,0.08573774,0.07832965,1.502614,171.5
631400,0.46,0.5,0.04,0.06721272,0.06188114,0.9868066,152.5
631500,0.45,0.5,0.05,0.09377364,0.08304202,0.8982064,149.35
631600,0.45,0.47,0.08,0.08168434,0.07659347,1.502215,186.6
631700,0.39,0.59,0.02,0.08423413,0.07814373,0.5648043,131.08
631800,0.37,0.56,0.07,0.08953175,0.07910706,1.136612,156.39
631900,0.42,0.52,0.06,0.07080928,0.06705509,1.072609,171.27
632000,0.45,0.5,0.05,0.07807531,0.08606583,1.296411,161.76
632100,0.45,0.5,0.05,0.09882791,0.1041494,0.9478084,136.46
632200,0.42,0.53,0.05,0.1013666,0.09509962,0.8212056,156.91
632300,0.45,0.47,0.08,0.07582452,0.06924079,1.328811,173.36
632400,0.48,0.48,0.04,0.08163642,0.07680902,1.063007,159.46
632500,0.5,0.47,0.03,0.0958156,0.08854994,0.9424075,131.7
632600,0.45,0.49,0.06,0.08810268,0.08174444,1.437011,177.84
632700,0.41,0.56,0.03,0.08627823,0.08302817,0.5520037,144.17
632800,0.44,0.53,0.03,0.08326931,0.0807299,0.7842069,129.16
632900,0.44,0.49,0.07,0.08727553,0.08684574,1.27641,162.12
633000,0.45,0.52,0.03,0.09533319,0.08930087,0.7008042,141.14
633100,0.43,0.51,0.06,0.06990713,0.07770783,1.182008,189.65
633200,0.39,0.57,0.04,0.09117687,0.08247339,0.911808,133.29
633300,0.4,0.58,0.02,0.08513202,0.09031589,0.689804,121.62
633400,0.38,0.58,0.04,0.06701693,0.05936687,0.7788046,158.58
633500,0.49,0.48,0.03,0.0905255,0.07647071,0.6594042,137.76
633600,0.44,0.5,0.06,0.09899959,0.09736753,1.388414,144.67
633700,0.45,0.45,0.1,0.08719888,0.08538832,2.111623,174.73
633800,0.44,0.5,0.06,0.08851578,0.1017872,1.583613,168.7
633900,0.37,0.57,0.06,0.09241775,0.0754269,0.8566085,157.76
634000,0.44,0.5,0.06,0.08419344,0.08039999,1.167609,164.47
634100,0.38,0.61,0.01,0.08875158,0.07260243,0.5120021,119.87
634200,0.43,0.5,0.07,0.1010036,0.08515545,1.562216,163.49
634300,0.44,0.5,0.06,0.08791381,0.08046273,1.25281,150.01
634400,0.44,0.52,0.04,0.09257919,0.09770466,0.9526069,142.7
634500,0.51,0.46,0.03,0.07409883,0.0841345,0.8866069,124.13
634600,0.36,0.59,0.05,0.07772241,0.07080445,1.221611,153.09
634700,0.47,0.52,0.01,0.1017623,0.08890438,0.3431997,107.09
634800,0.47,0.5,0.03,0.09011588,0.0865351,0.9872074,140.21
634900,0.42,0.5,0.08,0.09543602,0.09406307,1.633617,169.63
635000,0.36,0.6,0.04,0.1051668,0.1400707,1.000008,143.71
635100,0.34,0.57,0.09,0.08310426,0.0736092,1.552617,178.95
635200,0.45,0.47,0.08,0.08648531,0.09085904,1.697616,184.87
635300,0.43,0.55,0.02,0.1007131,0.1088857,0.4830021,114.32
635400,0.46,0.45,0.09,0.0872855,0.0758841,1.989621,171.15
635500,0.44,0.54,0.02,0.09772345,0.07862681,0.4031997,120.47
635600,0.46,0.51,0.03,0.1152535,0.1098838,0.8502066,144.41
635700,0.47,0.49,0.04,0.0897359,0.08955099,0.9120067,140.49
635800,0.48,0.48,0.04,0.08737667,0.08562429,1.348611,170.1
635900,0.35,0.6,0.05,0.08187027,0.07831936,1.07201,148.99
636000,0.46,0.51,0.03,0.1029465,0.08663264,0.8480067,118.29
636100,0.39,0.52,0.09,0.08048414,0.07490592,1.504615,192.75
636200,0.39,0.55,0.06,0.09457949,0.09488463,1.036409,149.97
636300,0.44,0.49,0.07,0.0763458,0.06676692,1.340415,144.1
636400,0.41,0.53,0.06,0.0954209,0.1022515,1.258014,160.08
636500,0.35,0.6,0.05,0.08334102,0.07542185,0.570805,176.25
636600,0.35,0.55,0.1,0.06567439,0.062603,1.79282,186.13
636700,0.38,0.57,0.05,0.08321133,0.08899744,0.8704062,163.26
636800,0.47,0.5,0.03,0.07879809,0.07344546,1.032807,143.38
636900,0.41,0.55,0.04,0.09216361,0.08068206,0.8712076,143.49
637000,0.49,0.47,0.04,0.07982137,0.07197728,0.8370064,138.71
637100,0.39,0.58,0.03,0.1115041,0.1059514,0.8012069,115.57
637200,0.45,0.5,0.05,0.08299433,0.07342561,0.9616097,142.13
637300,0.38,0.55,0.07,0.0941036,0.09045753,1.297214,190.03
637400,0.47,0.48,0.05,0.09541753,0.0997909,0.8032055,149.15
637500,0.47,0.46,0.07,0.115031,0.1059362,1.656214,170.04
637600,0.38,0.56,0.06,0.0843173,0.08991227,1.245413,176.4
637700,0.45,0.53,0.02,0.07760008,0.0751476,0.5490023,120.06
637800,0.36,0.6,0.04,0.09128308,0.0913261,0.8340059,152.37
637900,0.48,0.47,0.05,0.07572082,0.08220448,1.234411,145.18
638000,0.39,0.58,0.03,0.08148879,0.07614961,0.7550067,133.69
638100,0.47,0.51,0.02,0.0688806,0.06536842,0.6126049,129.16
638200,0.43,0.53,0.04,0.07675116,0.06921913,0.6682042,147.36
638300,0.42,0.55,0.03,0.07576487,0.06679084,0.5314039,131.51
638400,0.37,0.58,0.05,0.1014993,0.08852699,1.011409,145.13
638500,0.47,0.51,0.02,0.08308202,0.07328036,0.4386011,124.77
638600,0.51,0.46,0.03,0.09523897,0.0904935,0.7094043,141.25
638700,0.42,0.58,0,0.07765943,0.07269519,0.1977999,104.44
638800,0.34,0.6,0.06,0.09056555,0.0936859,1.495012,171.01
638900,0.53,0.43,0.04,0.1068411,0.1055842,0.5694043,130.5
639000,0.41,0.57,0.02,0.06967749,0.06283703,0.6976041,128.67
639100,0.45,0.53,0.02,0.09904341,0.09883529,0.556404,111.84
639200,0.38,0.54,0.08,0.07305955,0.06354514,0.787207,167.19
639300,0.44,0.52,0.04,0.09428009,0.1108677,0.8516065,145.21
639400,0.46,0.53,0.01,0.101422,0.09347268,0.4692023,92.65
639500,0.54,0.46,0,0.08388474,0.0826138,0.4087997,94.34
639600,0.5,0.48,0.02,0.07145605,0.061521,0.5978037,138.46
639700,0.48,0.49,0.03,0.09030309,0.08209405,0.8152061,123.22
639800,0.42,0.51,0.07,0.09481716,0.09676518,1.491813,173.54
639900,0.42,0.52,0.06,0.08677875,0.07069854,1.167209,151.23
640000,0.52,0.46,0.02,0.08727504,0.07413245,0.9114056,111.79
640100,0.54,0.41,0.05,0.08651351,0.08099499,1.25021,162.3
640200,0.53,0.45,0.02,0.06519122,0.05702843,1.040807,143.75
640300,0.42,0.5,0.08,0.0696372,0.06383193,1.684616,200.23
640400,0.44,0.52,0.04,0.1035185,0.1066574,0.8898067,139.89
640500,0.52,0.45,0.03,0.09272024,0.08424615,0.6540042,133.2
640600,0.47,0.47,0.06,0.09195948,0.0852211,1.159811,161.36
640700,0.43,0.53,0.04,0.06955161,0.06891795,1.056007,162.64
640800,0.42,0.52,0.06,0.09838919,0.09292943,1.411813,147.19
640900,0.34,0.61,0.05,0.07329084,0.06472117,0.5540046,150.18
641000,0.44,0.54,0.02,0.09167068,0.09955063,0.5160021,133.27
641100,0.48,0.48,0.04,0.0801615,0.07105624,0.7628043,158.5
641200,0.39,0.56,0.05,0.07021639,0.07043472,1.027808,153.49
641300,0.43,0.52,0.05,0.09751229,0.09995808,1.408211,152.91
641400,0.43,0.51,0.06,0.0955975,0.08184652,1.235612,190.6
641500,0.42,0.52,0.06,0.09219719,0.09983253,1.091009,157.8
641600,0.44,0.5,0.06,0.09953115,0.08377586,1.247011,154.48
641700,0.55,0.41,0.04,0.07940749,0.06783564,1.238609,162.83
641800,0.48,0.44,0.08,0.06826925,0.0574152,1.352411,183.74
641900,0.42,0.56,0.02,0.07922383,0.0756693,0.7118044,128.55
642000,0.45,0.5,0.05,0.07494539,0.07141408,0.9562084,145.65
642100,0.45,0.46,0.09,0.07953071,0.09146883,1.855818,189.77
642200,0.46,0.49,0.05,0.07683785,0.07511541,1.063407,170.85
642300,0.46,0.5,0.04,0.09342112,0.08976418,0.9534071,141.62
642400,0.44,0.53,0.03,0.06873339,0.06058444,0.649804,127.26
642500,0.41,0.54,0.05,0.09403964,0.08551694,1.290211,142.01
642600,0.43,0.53,0.04,0.07164761,0.07012618,1.142609,160.77
642700,0.43,0.54,0.03,0.09188843,0.08921491,0.6956017,148.05
642800,0.57,0.43,0,0.08424341,0.08243916,0.2613998,85.93
642900,0.45,0.51,0.04,0.08812919,0.09532942,1.258609,154.82
643000,0.42,0.53,0.05,0.07684209,0.06482439,1.164009,152.4
643100,0.52,0.46,0.02,0.08533655,0.07641666,0.5858041,121.27
643200,0.5,0.4,0.1,0.0935809,0.08462936,1.660015,198.42
643300,0.44,0.52,0.04,0.07931874,0.07368407,0.9398062,142.04
643400,0.43,0.53,0.04,0.06943139,0.06241915,0.4546018,133.2
643500,0.48,0.5,0.02,0.1050324,0.100538,0.5854022,126.82
643600,0.41,0.56,0.03,0.08293543,0.07187395,1.014406,152.01
643700,0.35,0.63,0.02,0.09063309,0.08570006,0.6642044,118.66
643800,0.44,0.52,0.04,0.115394,0.1038656,0.7784065,123.14
643900,0.44,0.5,0.06,0.1031619,0.1088863,1.385415,148.21
644000,0.43,0.48,0.09,0.09404834,0.103133,2.10042,194.59
644100,0.48,0.47,0.05,0.0733422,0.07345243,1.291211,144.78
644200,0.33,0.62,0.05,0.09695953,0.07648496,1.075411,136.91
644300,0.44,0.5,0.06,0.0909631,0.09065349,1.475813,159.41
644400,0.48,0.45,0.07,0.08172896,0.08419149,1.752016,182.56
644500,0.44,0.49,0.07,0.07682702,0.06833874,1.391612,172.23
644600,0.46,0.46,0.08,0.09001201,0.09298373,1.801818,178.2
644700,0.49,0.46,0.05,0.09973709,0.09034262,1.139811,153.62
644800,0.51,0.46,0.03,0.09231821,0.08800032,1.012006,115.64
644900,0.34,0.61,0.05,0.07266966,0.06694136,1.349812,159.17
645000,0.36,0.59,0.05,0.08818738,0.07857344,1.314012,168.6
645100,0.49,0.44,0.07,0.07460939,0.06726465,1.772017,168.25
645200,0.53,0.44,0.03,0.06539891,0.06297448,0.964008,147.87
645300,0.42,0.54,0.04,0.07870499,0.079133,0.9098064,141.94
645400,0.48,0.5,0.02,0.1194002,0.1247092,0.6434044,108.35
645500,0.54,0.42,0.04,0.07330561,0.07315809,1.067008,134.39
645600,0.41,0.52,0.07,0.07511824,0.06635769,1.286012,161.58
645700,0.4,0.57,0.03,0.07489761,0.07662766,0.929805,141.21
645800,0.45,0.5,0.05,0.07830314,0.07479932,0.9808086,143.19
645900,0.37,0.58,0.05,0.07021477,0.06989653,1.073011,157.58
646000,0.42,0.51,0.07,0.09907112,0.09951358,1.350414,167.05
646100,0.37,0.56,0.07,0.07072426,0.06647305,1.663416,169.9
646200,0.36,0.64,0,0.09079464,0.08087613,0.3037997,96.05
646300,0.41,0.54,0.05,0.08408751,0.07941255,1.024008,169.2
646400,0.45,0.46,0.09,0.08897385,0.07934335,1.534215,171.93
646500,0.38,0.59,0.03,0.09899269,0.09974946,0.888406,145.49
646600,0.5,0.46,0.04,0.08357466,0.0807673,1.03041,147.92
646700,0.48,0.49,0.03,0.09248792,0.08188364,0.6332052,134
646800,0.42,0.52,0.06,0.1098732,0.1193106,1.124411,148.26
646900,0.5,0.47,0.03,0.08600548,0.09027382,0.6998047,124.21
647000,0.41,0.5,0.09,0.07236589,0.06608879,1.718017,178.47
647100,0.5,0.48,0.02,0.08830895,0.07725793,0.7342046,123.47
647200,0.38,0.53,0.09,0.08424126,0.08616242,1.815218,200
647300,0.38,0.56,0.06,0.08224817,0.07949537,1.362014,151.75
647400,0.47,0.49,0.04,0.08074676,0.07292418,1.090608,153.92
647500,0.42,0.54,0.04,0.08257427,0.06548845,1.024609,154.3
647600,0.42,0.5,0.08,0.0884644,0.08757132,1.563814,196.3
647700,0.47,0.48,0.05,0.07726999,0.07055021,1.040406,158.83
647800,0.47,0.52,0.01,0.09997838,0.1012442,0.5008025,116.29
647900,0.53,0.41,0.06,0.08228036,0.07375674,1.492014,160.81
648000,0.39,0.56,0.05,0.07920316,0.0802941,1.214012,144.38
648100,0.44,0.51,0.05,0.1010373,0.102311,1.024009,158.27
648200,0.53,0.46,0.01,0.07835178,0.0739122,0.5762022,127.28
648300,0.4,0.58,0.02,0.08839157,0.0859656,0.5684041,125.35
648400,0.43,0.55,0.02,0.1129468,0.1051337,0.6700041,109.81
648500,0.38,0.56,0.06,0.08642019,0.09339122,1.441812,179.27
648600,0.47,0.43,0.1,0.07587585,0.06679962,2.075223,193.82
648700,0.38,0.51,0.11,0.06830278,0.06355648,1.847821,203
648800,0.41,0.55,0.04,0.09152112,0.08325904,0.9562064,140.79
648900,0.48,0.47,0.05,0.07490074,0.06490848,0.9552068,144.57
649000,0.39,0.59,0.02,0.1107263,0.1156057,0.4712017,111.04
649100,0.5,0.49,0.01,0.09123918,0.09226662,0.4520021,107.3
649200,0.42,0.53,0.05,0.07886919,0.0735755,0.5644023,155.95
649300,0.49,0.48,0.03,0.1008093,0.08591186,1.005007,135.37
649400,0.39,0.56,0.05,0.09047655,0.08462447,1.156811,150.19
649500,0.43,0.53,0.04,0.08713759,0.08422513,0.9722074,149.85
649600,0.48,0.46,0.06,0.09059657,0.0777936,1.766816,169.67
649700,0.44,0.48,0.08,0.08121493,0.07986706,1.393013,184.42
649800,0.36,0.58,0.06,0.09493037,0.09295781,1.142409,170.78
649900,0.45,0.49,0.06,0.08541141,0.06862923,1.21221,167.43
650000,0.36,0.56,0.08,0.0774085,0.06957793,1.381412,191.4
650100,0.51,0.47,0.02,0.0846478,0.07910194,0.7826039,122.3
650200,0.41,0.54,0.05,0.09122553,0.08387634,1.097409,144.59
650300,0.39,0.53,0.08,0.09135676,0.08601342,1.315413,165.99
650400,0.43,0.49,0.08,0.1012474,0.111122,1.626216,185.27
650500,0.4,0.53,0.07,0.0804239,0.06958084,1.747618,168.98
650600,0.4,0.57,0.03,0.08462904,0.07599322,0.9896066,151.1
650700,0.48,0.49,0.03,0.08438165,0.08618634,1.112407,134.72
650800,0.4,0.55,0.05,0.09517916,0.1146406,0.9096076,143.89
650900,0.39,0.54,0.07,0.08464197,0.07594377,1.513814,169.78
651000,0.44,0.52,0.04,0.08624628,0.09120826,0.9278051,141.55
651100,0.37,0.54,0.09,0.06797753,0.06162228,1.917419,208.97
651200,0.43,0.52,0.05,0.07218786,0.07229649,1.238411,181.9
651300,0.5,0.49,0.01,0.08084419,0.0852141,0.5296005,112.68
651400,0.4,0.55,0.05,0.08987443,0.1038872,1.201412,161.88
651500,0.41,0.55,0.04,0.08558065,0.07515758,1.020608,143.56
651600,0.47,0.48,0.05,0.09194376,0.08537043,1.030408,141.01
651700,0.44,0.5,0.06,0.07570907,0.07087877,1.384213,168.47
651800,0.47,0.47,0.06,0.09101639,0.07857056,1.192009,164.23
651900,0.45,0.48,0.07,0.07509986,0.07275138,1.436813,174.99
