Episode,RunnerAcc,PursuerAcc,DrawsPercentage,RunnerJitter,PursuerJitter,NearMissTime,EpisodeStepsAvg
100,0.11,0.16,0.73,0.1381001,0.1413413,1.583609,823.42
200,0.14,0.11,0.75,0.1382108,0.1372187,3.447427,837.13
300,0.15,0.22,0.63,0.1446858,0.1421978,2.422816,792.92
400,0.23,0.3,0.47,0.1403253,0.1392721,2.629612,695.41
500,0.16,0.42,0.42,0.1435722,0.1416843,2.496014,650.04
600,0.23,0.45,0.32,0.1463827,0.1462927,2.686814,628.05
700,0.3,0.39,0.31,0.1489953,0.147766,2.772814,583.67
800,0.36,0.42,0.22,0.1467984,0.1443069,2.218613,530.94
900,0.33,0.44,0.23,0.1494075,0.1475675,2.322814,506.25
1000,0.4,0.38,0.22,0.1454496,0.1411367,3.011219,510.86
1100,0.43,0.4,0.17,0.1406773,0.1427533,2.45981,456.12
1200,0.41,0.48,0.11,0.1439281,0.148782,1.724406,455.55
1300,0.38,0.47,0.15,0.1414832,0.1396704,2.419814,450.16
1400,0.4,0.51,0.09,0.1461606,0.1458321,1.592808,378.69
1500,0.42,0.5,0.08,0.1476163,0.1429815,1.880212,334.21
1600,0.4,0.51,0.09,0.1443431,0.1424249,2.043811,396.27
1700,0.5,0.43,0.07,0.1459108,0.1446556,2.102412,378.68
1800,0.48,0.43,0.09,0.1423133,0.1425673,1.402404,400.72
1900,0.38,0.53,0.09,0.142502,0.1374426,1.91141,359.26
2000,0.4,0.52,0.08,0.1411561,0.1394233,1.394406,344.23
2100,0.45,0.48,0.07,0.1457236,0.145527,1.227206,337.28
2200,0.46,0.51,0.03,0.1449841,0.1480818,1.067003,287.68
2300,0.47,0.48,0.05,0.1407023,0.1432526,1.107801,298.46
2400,0.36,0.56,0.08,0.1473524,0.1449894,1.155207,325.29
2500,0.51,0.46,0.03,0.1526953,0.150811,1.256204,306.57
2600,0.48,0.44,0.08,0.1446775,0.1502843,1.673412,286.71
2700,0.37,0.58,0.05,0.1416126,0.140476,1.424808,343.6
2800,0.46,0.51,0.03,0.1419653,0.1432941,0.8236013,276.33
2900,0.43,0.49,0.08,0.1436878,0.1459155,1.285004,339.68
3000,0.41,0.55,0.04,0.1364931,0.1378502,1.115804,257.45
3100,0.42,0.53,0.05,0.143324,0.1413093,1.372609,260.89
3200,0.36,0.6,0.04,0.1325304,0.1331929,1.117404,313.02
3300,0.47,0.49,0.04,0.1398344,0.1384381,1.086204,319.73
3400,0.36,0.62,0.02,0.1434382,0.1441751,0.3309997,260.42
3500,0.42,0.52,0.06,0.1574091,0.1507681,1.319204,313.15
3600,0.37,0.59,0.04,0.135666,0.1394724,0.8442024,292.42
3700,0.42,0.51,0.07,0.141792,0.1419465,1.648812,291.72
3800,0.5,0.46,0.04,0.1338906,0.1364331,1.444607,266.09
3900,0.49,0.44,0.07,0.138204,0.1401024,1.578012,257.25
4000,0.4,0.53,0.07,0.1392731,0.1451017,1.538409,270.78
4100,0.52,0.47,0.01,0.1383017,0.1399086,0.8445993,270.06
4200,0.46,0.47,0.07,0.1366556,0.1354996,1.57701,273.33
4300,0.42,0.53,0.05,0.1414592,0.1460027,1.194207,254.82
4400,0.39,0.51,0.1,0.1377199,0.1328383,1.762415,306.88
4500,0.48,0.42,0.1,0.1359043,0.1354604,1.630808,321.29
4600,0.44,0.5,0.06,0.1382942,0.1386645,0.978401,294.59
4700,0.35,0.54,0.11,0.1336092,0.1330279,1.540808,290.06
4800,0.4,0.52,0.08,0.1372544,0.1378794,1.224008,293.57
4900,0.38,0.52,0.1,0.1387285,0.1413484,1.658413,272.54
5000,0.4,0.57,0.03,0.1337175,0.1347072,0.8362036,233.3
5100,0.45,0.5,0.05,0.1448976,0.1396716,1.161404,258.92
5200,0.42,0.51,0.07,0.1409482,0.1401339,1.295606,270.59
5300,0.43,0.48,0.09,0.1378184,0.1337506,1.293603,286
5400,0.42,0.54,0.04,0.1456425,0.1441667,0.8968005,263.3
5500,0.43,0.53,0.04,0.1514038,0.153527,1.446606,242.42
5600,0.34,0.6,0.06,0.1341621,0.1343175,0.8558037,268.57
5700,0.39,0.55,0.06,0.1363587,0.1390404,1.461208,266.2
5800,0.41,0.54,0.05,0.1343785,0.1379857,1.045203,269.92
5900,0.28,0.61,0.11,0.1324372,0.1271078,2.024017,341.92
6000,0.37,0.59,0.04,0.1367384,0.13759,0.8216024,243.42
6100,0.46,0.49,0.05,0.1363324,0.1448081,0.9846023,249.21
6200,0.37,0.53,0.1,0.1511067,0.1378733,1.710014,261.92
6300,0.36,0.54,0.1,0.1362846,0.130285,1.29361,281.64
6400,0.37,0.57,0.06,0.1364004,0.1384892,1.286808,257.87
6500,0.46,0.49,0.05,0.1321596,0.1340431,1.110403,249.45
6600,0.42,0.52,0.06,0.1343884,0.1338268,0.9948025,227.68
6700,0.43,0.51,0.06,0.132133,0.1368751,1.239808,242.01
6800,0.42,0.5,0.08,0.1347785,0.1289289,1.291006,266.82
6900,0.38,0.57,0.05,0.1382394,0.1358184,1.192008,241.94
7000,0.38,0.54,0.08,0.138954,0.1372084,1.179006,267.82
7100,0.34,0.62,0.04,0.1270572,0.1305585,0.7894053,240.6
7200,0.46,0.49,0.05,0.1364263,0.1273846,1.106808,222.85
7300,0.43,0.5,0.07,0.1272509,0.1328257,1.740811,254.3
7400,0.47,0.52,0.01,0.1290794,0.1352685,0.8076035,214.98
7500,0.41,0.51,0.08,0.1317335,0.1364485,1.543415,265.32
7600,0.49,0.47,0.04,0.1381422,0.1378746,1.153404,248.39
7700,0.53,0.45,0.02,0.1314183,0.1311702,0.6388011,223.48
7800,0.34,0.6,0.06,0.126637,0.1302852,1.37201,241.16
7900,0.35,0.59,0.06,0.1318763,0.1321259,1.199009,241.04
8000,0.43,0.55,0.02,0.1279131,0.128464,1.041205,240.96
8100,0.49,0.46,0.05,0.132514,0.1286901,1.106405,236.14
8200,0.34,0.6,0.06,0.1261094,0.1279846,1.128406,272.55
8300,0.41,0.55,0.04,0.1248994,0.1269561,1.080404,228.12
8400,0.41,0.58,0.01,0.1302264,0.1346899,0.8322008,193.46
8500,0.41,0.57,0.02,0.1361262,0.1370226,0.6924016,181.52
8600,0.31,0.64,0.05,0.1378208,0.1342683,1.15741,264.48
8700,0.44,0.54,0.02,0.1286341,0.1322849,0.8098035,231.7
8800,0.42,0.5,0.08,0.1306203,0.1495361,1.579813,247.4
8900,0.43,0.53,0.04,0.1349762,0.1303253,1.154408,177.4
9000,0.53,0.43,0.04,0.1286125,0.1257245,1.056204,200.55
9100,0.43,0.54,0.03,0.1344972,0.135634,0.6700015,200.86
9200,0.43,0.53,0.04,0.1456227,0.1440199,1.095207,225.4
9300,0.42,0.54,0.04,0.1340025,0.1320002,1.154607,206.24
9400,0.48,0.48,0.04,0.1245963,0.1200527,1.077208,206.43
9500,0.4,0.58,0.02,0.1262925,0.1261991,0.7242015,187.12
9600,0.48,0.47,0.05,0.128595,0.1252659,1.085806,220.2
9700,0.37,0.57,0.06,0.1326693,0.1315497,1.48421,241.75
9800,0.46,0.54,0,0.1312772,0.1315048,0.3519997,174.78
9900,0.42,0.5,0.08,0.1241504,0.1245966,1.819615,271.84
10000,0.41,0.55,0.04,0.1264452,0.1239645,0.8354026,214.7
10100,0.42,0.56,0.02,0.1235792,0.1191564,0.4926021,202.08
10200,0.46,0.51,0.03,0.1165341,0.1205095,0.8312045,216.56
10300,0.43,0.55,0.02,0.1282263,0.1243408,0.5078014,184.86
10400,0.45,0.52,0.03,0.1281113,0.1314758,1.025206,196.68
10500,0.44,0.55,0.01,0.1236903,0.1284987,0.6550023,178.15
10600,0.39,0.58,0.03,0.1137,0.1224865,0.8002042,208.73
10700,0.4,0.57,0.03,0.1195718,0.1208141,0.8630052,198.42
10800,0.38,0.58,0.04,0.1299326,0.1278773,1.037408,208.41
10900,0.48,0.51,0.01,0.1180006,0.1221839,0.4704017,161.31
11000,0.47,0.5,0.03,0.1187782,0.1222994,1.032405,195.26
11100,0.47,0.46,0.07,0.1192868,0.1203867,1.51501,244.13
11200,0.41,0.57,0.02,0.1248803,0.1243396,0.5750024,180.14
11300,0.37,0.58,0.05,0.1186461,0.1325366,1.030409,191.7
11400,0.37,0.58,0.05,0.1155803,0.1147724,1.028807,215.15
11500,0.49,0.49,0.02,0.1186574,0.1117121,0.8442042,193.69
11600,0.43,0.54,0.03,0.1199859,0.1195623,0.9068056,178.23
11700,0.38,0.6,0.02,0.1186034,0.1190613,0.7820051,181.12
11800,0.38,0.58,0.04,0.1153092,0.1177214,1.007006,196.07
11900,0.4,0.55,0.05,0.1210183,0.1229832,1.241408,193.97
12000,0.5,0.48,0.02,0.1213369,0.1329394,0.8940046,179.36
12100,0.4,0.58,0.02,0.118497,0.1180894,0.7364044,150.81
12200,0.39,0.58,0.03,0.1235118,0.1414828,0.764604,184.41
12300,0.47,0.48,0.05,0.1285762,0.1315141,1.073406,195.44
12400,0.4,0.6,0,0.1242239,0.13046,0.4673996,178.23
12500,0.36,0.61,0.03,0.1233953,0.1167367,0.8048059,182.4
12600,0.42,0.56,0.02,0.1198983,0.1194405,0.6400037,194.98
12700,0.42,0.55,0.03,0.1109069,0.1124791,0.8426061,179.14
12800,0.38,0.55,0.07,0.1118835,0.1176997,1.324613,214.89
12900,0.41,0.57,0.02,0.1211097,0.1143216,0.704404,156.6
13000,0.4,0.58,0.02,0.1157956,0.1111185,0.5000005,175.31
13100,0.45,0.52,0.03,0.1118498,0.1082334,0.8060035,171.86
13200,0.46,0.5,0.04,0.1193945,0.1154096,0.9300074,186.78
13300,0.45,0.53,0.02,0.1101113,0.1104485,0.7356035,183.78
13400,0.43,0.5,0.07,0.1097064,0.1100212,1.450813,214.01
13500,0.51,0.46,0.03,0.1155499,0.1188123,0.9882055,175.61
13600,0.44,0.54,0.02,0.117097,0.1156385,0.7336034,158.16
13700,0.45,0.52,0.03,0.1224441,0.122339,1.100806,171.9
13800,0.53,0.47,0,0.1135463,0.1157616,0.5609995,157.86
13900,0.48,0.46,0.06,0.1129748,0.1234393,1.36201,214.12
14000,0.47,0.49,0.04,0.1176926,0.1291349,1.107209,191.49
14100,0.38,0.55,0.07,0.1155251,0.1193375,1.604215,204.67
14200,0.36,0.62,0.02,0.1116405,0.1125413,0.6466038,169.29
14300,0.5,0.43,0.07,0.1176685,0.1126261,1.585815,211.73
14400,0.37,0.57,0.06,0.1132047,0.1145111,0.9818068,183.15
14500,0.48,0.52,0,0.1195502,0.1167918,0.3389997,161.33
14600,0.44,0.55,0.01,0.1119598,0.1125636,0.5058017,156.68
14700,0.38,0.6,0.02,0.1172164,0.1174173,0.6332039,163.46
14800,0.44,0.5,0.06,0.12123,0.1195625,1.324611,199.11
14900,0.45,0.52,0.03,0.1180115,0.1108825,1.015607,169.31
15000,0.46,0.53,0.01,0.112686,0.108777,0.6136023,150.73
15100,0.41,0.58,0.01,0.1115811,0.1108646,0.5310021,178.6
15200,0.46,0.52,0.02,0.1193638,0.1183447,0.8790038,162.59
15300,0.44,0.52,0.04,0.1218045,0.1115831,1.061808,189.53
15400,0.45,0.53,0.02,0.1226423,0.1262883,0.7368041,161.13
15500,0.46,0.53,0.01,0.1119341,0.1147748,0.3399998,166.27
15600,0.44,0.5,0.06,0.1071499,0.1039293,1.236008,189.18
15700,0.49,0.5,0.01,0.1127394,0.1198899,0.5194023,160.71
15800,0.5,0.49,0.01,0.1144158,0.1066603,0.5454016,152.96
15900,0.42,0.57,0.01,0.115929,0.1100881,0.8378021,174.67
16000,0.49,0.5,0.01,0.1139754,0.1096052,0.6880013,160.74
16100,0.42,0.53,0.05,0.1140651,0.1109988,1.216809,193.68
16200,0.46,0.5,0.04,0.111251,0.1065889,1.294607,187.9
16300,0.55,0.41,0.04,0.1046679,0.1062472,1.401009,201.62
16400,0.51,0.47,0.02,0.1146841,0.1145616,0.7730043,177.29
16500,0.4,0.58,0.02,0.1080354,0.1110825,0.4800021,167.34
16600,0.47,0.49,0.04,0.1117926,0.1075765,1.079008,195.99
16700,0.38,0.56,0.06,0.1151554,0.1181713,1.133808,179.8
16800,0.37,0.56,0.07,0.1087647,0.1186342,1.435015,178.77
16900,0.42,0.54,0.04,0.1150681,0.1176481,1.141408,179.78
17000,0.46,0.51,0.03,0.1124247,0.1197268,1.148806,194.7
17100,0.52,0.47,0.01,0.1166364,0.1115579,0.5266019,162.74
17200,0.41,0.54,0.05,0.1101674,0.1118675,1.252811,199.2
17300,0.45,0.52,0.03,0.101699,0.1051089,1.026006,198.14
17400,0.44,0.55,0.01,0.1113965,0.1087333,0.8070018,172.55
17500,0.43,0.56,0.01,0.1167233,0.1147025,0.6034021,174.54
17600,0.45,0.53,0.02,0.1027835,0.1065749,0.7194035,157.31
17700,0.5,0.47,0.03,0.114683,0.1124925,0.8898059,153.67
17800,0.44,0.53,0.03,0.1051721,0.1016662,1.102207,172.7
17900,0.47,0.5,0.03,0.1241349,0.1171514,1.171203,211.79
18000,0.34,0.64,0.02,0.1060285,0.1063107,0.8800035,158.61
18100,0.44,0.54,0.02,0.1078999,0.108072,0.5800014,156.31
18200,0.43,0.51,0.06,0.1119296,0.110209,1.122408,185.41
18300,0.44,0.54,0.02,0.1159103,0.114346,0.7874039,149.92
18400,0.46,0.51,0.03,0.1045727,0.1032183,0.8296061,151.27
18500,0.46,0.5,0.04,0.1158702,0.1057588,1.194209,165.13
18600,0.51,0.45,0.04,0.1094506,0.1097557,1.045204,198.88
18700,0.49,0.45,0.06,0.1024701,0.1056398,1.33921,193.76
18800,0.41,0.57,0.02,0.101186,0.1058032,0.7714042,159.29
18900,0.46,0.49,0.05,0.1055186,0.1065202,0.9830083,174.47
19000,0.36,0.61,0.03,0.1112543,0.1125227,0.8464077,170.6
19100,0.51,0.44,0.05,0.1172308,0.11503,1.176409,172.48
19200,0.36,0.63,0.01,0.1121082,0.1237853,0.5110018,172.53
19300,0.42,0.56,0.02,0.1232981,0.1186315,0.7072046,147.27
19400,0.5,0.47,0.03,0.1047032,0.1016209,0.8196021,143.58
19500,0.5,0.46,0.04,0.1001169,0.1015177,1.101809,186.89
19600,0.5,0.46,0.04,0.1062966,0.1066638,1.340609,171.3
19700,0.38,0.56,0.06,0.09910809,0.09829964,1.110408,200.63
19800,0.44,0.53,0.03,0.1016396,0.1069003,1.011806,182.23
19900,0.44,0.54,0.02,0.1002352,0.1022092,0.8264039,141.81
20000,0.36,0.61,0.03,0.1139856,0.1132213,0.8360067,172.44
20100,0.45,0.52,0.03,0.100364,0.1008354,1.052006,175.61
20200,0.51,0.43,0.06,0.1075626,0.1156827,1.582613,201.26
20300,0.46,0.52,0.02,0.1074494,0.1126487,0.6538023,192.45
20400,0.54,0.45,0.01,0.1011629,0.09941895,0.6604021,154.2
20500,0.37,0.61,0.02,0.1017426,0.1007371,0.4268025,170.66
20600,0.44,0.54,0.02,0.09886983,0.09516482,0.5948014,157.79
20700,0.51,0.44,0.05,0.09920971,0.09858829,1.370611,197.84
20800,0.47,0.52,0.01,0.1065033,0.1149843,0.4424023,138.44
20900,0.45,0.52,0.03,0.1018487,0.09578569,0.7118046,162.41
21000,0.37,0.58,0.05,0.1080677,0.1017081,1.136011,167.05
21100,0.5,0.45,0.05,0.09583248,0.09638361,0.9396059,163.21
21200,0.39,0.55,0.06,0.1063884,0.1105911,1.026409,190.01
21300,0.38,0.58,0.04,0.1155676,0.1132413,0.9612089,170.15
21400,0.42,0.56,0.02,0.1056602,0.1084545,0.8880033,166.46
21500,0.39,0.59,0.02,0.1079798,0.1077983,0.6646034,165.61
21600,0.45,0.5,0.05,0.1025186,0.09597726,1.268611,167.92
21700,0.37,0.56,0.07,0.1039774,0.09822736,1.551615,191.49
21800,0.51,0.44,0.05,0.105577,0.09778926,1.219412,167.36
21900,0.42,0.53,0.05,0.1102561,0.1028502,0.933406,180.88
22000,0.31,0.67,0.02,0.1231574,0.1200152,0.2303998,156.01
22100,0.45,0.52,0.03,0.09967841,0.1008474,0.6786046,180.98
22200,0.4,0.59,0.01,0.1064995,0.1078517,0.5230021,168.7
22300,0.39,0.56,0.05,0.1045032,0.1015351,1.05921,178.05
22400,0.54,0.43,0.03,0.1035362,0.1013342,0.6164017,151.58
22500,0.43,0.55,0.02,0.11789,0.1151303,0.5680044,146.25
22600,0.44,0.53,0.03,0.1002329,0.09575125,0.6304044,144.81
22700,0.49,0.48,0.03,0.1060962,0.1003993,1.022607,163.83
22800,0.43,0.52,0.05,0.100085,0.1039856,1.026606,164.5
22900,0.43,0.53,0.04,0.1004413,0.1013792,1.111008,158.54
23000,0.42,0.58,0,0.1098613,0.1080667,0.5333995,141.39
23100,0.48,0.48,0.04,0.1015425,0.09027409,0.9364074,148.89
23200,0.47,0.52,0.01,0.1041167,0.1170665,0.6832019,131.65
23300,0.45,0.52,0.03,0.09866909,0.1009439,0.6406037,150.81
23400,0.47,0.52,0.01,0.09555824,0.09783448,0.5920023,144.65
23500,0.38,0.58,0.04,0.1030039,0.1030603,0.9732088,165.57
23600,0.55,0.43,0.02,0.1038532,0.09987076,0.8034036,141.25
23700,0.44,0.54,0.02,0.1035382,0.1191175,0.6064018,146.65
23800,0.37,0.57,0.06,0.09591539,0.09523694,1.201411,189.72
23900,0.44,0.54,0.02,0.09403068,0.0933966,0.5079997,181.86
24000,0.45,0.53,0.02,0.09345365,0.1042918,0.690404,139.74
24100,0.4,0.57,0.03,0.09774912,0.09339584,0.5928026,144.4
24200,0.45,0.53,0.02,0.101648,0.09640817,0.8372037,159.48
24300,0.51,0.48,0.01,0.1019504,0.09832226,0.5580019,114.14
24400,0.48,0.52,0,0.09826677,0.1067241,0.3427998,131.95
24500,0.47,0.51,0.02,0.0942279,0.1179143,0.7472036,140.03
24600,0.58,0.4,0.02,0.1024589,0.1080545,0.7272041,143.55
24700,0.39,0.59,0.02,0.09830274,0.1049,0.6654044,151.23
24800,0.52,0.46,0.02,0.1049022,0.1023445,0.659404,160.24
24900,0.44,0.53,0.03,0.1009102,0.09763245,0.9308063,154.14
25000,0.4,0.58,0.02,0.09501615,0.0948718,0.727204,145.48
25100,0.39,0.58,0.03,0.1028404,0.1068229,0.9310063,161.76
25200,0.55,0.45,0,0.1029254,0.1032126,0.2353998,137.2
25300,0.51,0.47,0.02,0.09497929,0.09461322,0.7722043,150.83
25400,0.51,0.46,0.03,0.1008315,0.09931561,0.6764033,134.87
25500,0.42,0.54,0.04,0.1050889,0.1044983,0.8410069,161.79
25600,0.51,0.46,0.03,0.09544628,0.09244089,0.9386066,152.22
25700,0.42,0.52,0.06,0.09652641,0.09836218,1.453612,175.72
25800,0.42,0.53,0.05,0.09587022,0.09148517,1.334211,162.65
25900,0.51,0.49,0,0.1008309,0.1023486,0.3575997,133.22
26000,0.47,0.5,0.03,0.09906591,0.09277929,1.072005,179.25
26100,0.45,0.53,0.02,0.1152207,0.1174598,0.6796047,138.54
26200,0.38,0.58,0.04,0.09242772,0.09307046,1.28561,172.25
26300,0.38,0.6,0.02,0.109343,0.1394561,0.6802032,153.81
26400,0.42,0.56,0.02,0.1063288,0.1020096,0.5672026,131.66
26500,0.4,0.54,0.06,0.1041018,0.1173518,1.588214,184.8
26600,0.48,0.5,0.02,0.1135935,0.1085178,0.8098044,150.42
26700,0.4,0.54,0.06,0.09918158,0.08983462,1.20701,176.19
26800,0.46,0.52,0.02,0.1019447,0.1038599,0.7826039,144.5
26900,0.42,0.55,0.03,0.1067084,0.1000907,0.9168063,179.37
27000,0.41,0.54,0.05,0.0964729,0.09500748,1.099609,162.32
27100,0.5,0.45,0.05,0.09427874,0.09029301,1.264209,165.95
27200,0.49,0.51,0,0.1001745,0.09953013,0.2873998,114.7
27300,0.5,0.48,0.02,0.09918614,0.1024907,0.8982057,151.36
27400,0.42,0.55,0.03,0.09562045,0.08746178,0.691804,159.69
27500,0.39,0.6,0.01,0.0969125,0.08868095,0.4192017,129.45
27600,0.46,0.5,0.04,0.09341656,0.09251002,0.808206,149.95
27700,0.52,0.46,0.02,0.0975699,0.09607434,0.834204,144.32
27800,0.48,0.49,0.03,0.1175198,0.1179649,0.8992042,157.68
27900,0.35,0.63,0.02,0.1026203,0.1029714,0.6192047,147.78
28000,0.42,0.53,0.05,0.09640435,0.0859509,0.9046073,179.21
28100,0.43,0.55,0.02,0.09380129,0.09233075,0.7980044,149.38
28200,0.41,0.56,0.03,0.1000469,0.0968478,0.8772058,153.34
28300,0.42,0.53,0.05,0.09611864,0.08942498,0.9998085,174.4
28400,0.48,0.47,0.05,0.09106536,0.08970837,1.367211,191.14
28500,0.39,0.55,0.06,0.09369373,0.1045975,1.13641,197.19
28600,0.39,0.59,0.02,0.08931243,0.09337716,0.5414021,163.09
28700,0.39,0.57,0.04,0.09074958,0.09821736,1.090008,165.77
28800,0.43,0.54,0.03,0.1064399,0.0997901,0.4950018,140.43
28900,0.51,0.48,0.01,0.09632958,0.09510984,0.7134022,125.56
29000,0.4,0.58,0.02,0.09628287,0.09800239,0.7902042,169.07
29100,0.31,0.65,0.04,0.09648614,0.09845641,0.9358084,148.37
29200,0.4,0.55,0.05,0.09407568,0.09380914,1.001807,167.94
29300,0.42,0.57,0.01,0.09482122,0.0921056,0.4458017,142.35
29400,0.46,0.53,0.01,0.1041077,0.09785114,0.522002,126.73
29500,0.37,0.61,0.02,0.09178643,0.09684999,0.6768039,165.14
29600,0.47,0.48,0.05,0.1018226,0.09102037,1.073209,190.55
29700,0.38,0.59,0.03,0.09529233,0.1004313,0.6760036,146.71
29800,0.5,0.49,0.01,0.09907294,0.0928093,0.6018022,128.13
29900,0.45,0.49,0.06,0.09253891,0.09530639,1.390011,191.16
30000,0.48,0.49,0.03,0.09073258,0.0949879,1.068008,148.54
30100,0.45,0.54,0.01,0.09723452,0.09777948,0.4753996,165.68
30200,0.43,0.56,0.01,0.1024855,0.1167015,0.3031997,135.99
30300,0.35,0.61,0.04,0.09747074,0.09152488,0.6216043,168.39
30400,0.41,0.57,0.02,0.09469001,0.09235955,0.6298045,144.12
30500,0.4,0.59,0.01,0.09852797,0.1042732,0.4998024,156.06
30600,0.48,0.5,0.02,0.09625956,0.09301997,0.7816031,164.07
30700,0.34,0.63,0.03,0.09066196,0.09125134,0.4570016,159.61
30800,0.39,0.6,0.01,0.09245329,0.1005328,0.4374017,131.06
30900,0.45,0.54,0.01,0.09176417,0.1005626,0.414202,132.1
31000,0.37,0.58,0.05,0.1070177,0.11568,1.259612,163.46
31100,0.53,0.4,0.07,0.09243634,0.08458357,1.412212,183.39
31200,0.46,0.48,0.06,0.09684955,0.08942929,1.37901,194.78
31300,0.45,0.51,0.04,0.09726756,0.09445069,0.7878056,158.71
31400,0.4,0.57,0.03,0.08776461,0.09315989,1.102007,170.38
31500,0.4,0.58,0.02,0.09498072,0.08896587,0.6896038,124.94
31600,0.43,0.55,0.02,0.09865359,0.1080513,0.5840046,115.84
31700,0.42,0.55,0.03,0.09858989,0.1001193,1.025807,161.35
31800,0.45,0.52,0.03,0.09391523,0.08740493,0.9210061,169.83
31900,0.41,0.58,0.01,0.08983254,0.08749854,0.4867995,175.81
32000,0.52,0.45,0.03,0.09899719,0.1100341,0.9852068,170.31
32100,0.44,0.52,0.04,0.1084658,0.1117863,0.9494086,174.57
32200,0.44,0.52,0.04,0.09383658,0.08523991,0.9298054,153.53
32300,0.39,0.57,0.04,0.08817181,0.08712698,0.9970087,179.19
32400,0.46,0.52,0.02,0.09990869,0.08624772,0.5522013,155.67
32500,0.49,0.48,0.03,0.0959438,0.09232152,0.7770045,144.2
32600,0.41,0.57,0.02,0.09381791,0.09518654,0.6716041,144.19
32700,0.44,0.56,0,0.107468,0.1133778,0.2839998,137.88
32800,0.45,0.51,0.04,0.08877461,0.08569314,0.9416063,148.31
32900,0.44,0.54,0.02,0.09891088,0.09335198,0.2097999,134.7
33000,0.42,0.57,0.01,0.09539481,0.09163813,0.5368018,155.56
33100,0.52,0.43,0.05,0.08666318,0.08593012,1.34261,174.16
33200,0.37,0.6,0.03,0.09574434,0.08966426,0.7560073,158.82
33300,0.37,0.6,0.03,0.09529719,0.1066345,0.8144071,149.22
33400,0.46,0.52,0.02,0.08944075,0.08464018,0.6282036,128.56
33500,0.49,0.5,0.01,0.08974191,0.09531543,0.7740018,132.15
33600,0.52,0.46,0.02,0.09394322,0.0941802,0.732203,161.37
33700,0.44,0.54,0.02,0.1001425,0.1013274,0.7666042,158.51
33800,0.46,0.52,0.02,0.09029146,0.08147795,0.7118037,147.67
33900,0.49,0.5,0.01,0.09943506,0.08647563,0.3263998,124.39
34000,0.43,0.56,0.01,0.0879477,0.08428971,0.7338017,157.38
34100,0.52,0.47,0.01,0.09600572,0.08807714,0.3305998,126.36
34200,0.53,0.47,0,0.08763614,0.08327975,0.4045997,119.55
34300,0.42,0.55,0.03,0.09478337,0.08911376,1.245207,157.47
34400,0.49,0.48,0.03,0.09963324,0.09031569,0.5576023,140.72
34500,0.41,0.57,0.02,0.09175045,0.08700855,0.4156021,153.13
34600,0.4,0.59,0.01,0.1005382,0.09902087,0.2353998,119.64
34700,0.48,0.48,0.04,0.09597604,0.1063059,1.09621,170.29
34800,0.47,0.51,0.02,0.09884901,0.1002556,0.7884045,148.61
34900,0.48,0.48,0.04,0.08886279,0.08669817,0.8958057,163.71
35000,0.44,0.49,0.07,0.09291619,0.09846738,0.9518073,180.19
35100,0.43,0.54,0.03,0.08767509,0.09309429,0.9830058,176.85
35200,0.53,0.43,0.04,0.09439701,0.08972857,0.9826061,150.13
35300,0.46,0.52,0.02,0.08508662,0.08261234,0.7040046,143.64
35400,0.46,0.49,0.05,0.09037283,0.0879531,0.7302033,181.38
35500,0.41,0.58,0.01,0.09132436,0.09584948,0.5140022,117.77
35600,0.42,0.56,0.02,0.08552819,0.08696378,0.6428027,142.99
35700,0.49,0.48,0.03,0.08821658,0.08726433,0.8578053,163.08
35800,0.46,0.51,0.03,0.08541194,0.08719373,0.8804057,144.72
35900,0.42,0.54,0.04,0.09089211,0.09180235,1.047407,180.78
36000,0.46,0.54,0,0.08682889,0.08632018,0.3615997,114.12
36100,0.38,0.61,0.01,0.0909963,0.08732401,0.5878019,141.98
36200,0.38,0.59,0.03,0.08751208,0.08508179,0.8766062,162.48
36300,0.45,0.52,0.03,0.1007563,0.09904473,0.9748051,144.04
36400,0.41,0.55,0.04,0.09586791,0.1032565,1.175609,177.18
36500,0.57,0.41,0.02,0.09923659,0.0860073,0.4394018,150.62
36600,0.48,0.49,0.03,0.09361308,0.09126888,0.8044044,154.92
36700,0.38,0.61,0.01,0.1029752,0.11063,0.4066011,130.69
36800,0.43,0.55,0.02,0.08622961,0.08081596,0.5416042,148.54
36900,0.47,0.52,0.01,0.09269772,0.1042193,0.5774023,142.7
37000,0.44,0.54,0.02,0.0983481,0.08962444,0.5974019,151
37100,0.43,0.51,0.06,0.08904566,0.08354006,1.157211,172.52
37200,0.51,0.48,0.01,0.09588476,0.09006483,0.6306025,145.33
37300,0.52,0.47,0.01,0.09054702,0.08632963,0.7862018,128.53
37400,0.42,0.5,0.08,0.0946652,0.1020504,1.32861,203.03
37500,0.46,0.51,0.03,0.1031152,0.1040942,0.7732032,157.51
37600,0.36,0.61,0.03,0.09829748,0.08871251,0.8586066,165.15
37700,0.47,0.5,0.03,0.100271,0.09148249,0.9294056,137.85
37800,0.39,0.59,0.02,0.09840465,0.09436645,0.3464025,145.28
37900,0.43,0.54,0.03,0.09424199,0.09782241,0.8664072,170.4
38000,0.46,0.51,0.03,0.08285736,0.07982662,0.7970047,141.96
38100,0.5,0.46,0.04,0.106582,0.09951416,0.9986069,145.82
38200,0.49,0.46,0.05,0.104867,0.1113737,1.292011,159.33
38300,0.46,0.52,0.02,0.09490044,0.0919219,0.6782013,155.4
38400,0.46,0.51,0.03,0.1013694,0.1130529,0.5880044,137.5
38500,0.4,0.59,0.01,0.1008277,0.09590853,0.5682018,125.03
38600,0.46,0.49,0.05,0.09999755,0.09561443,1.040407,150.88
38700,0.46,0.51,0.03,0.09188224,0.0860939,1.003007,150.87
38800,0.5,0.47,0.03,0.1043951,0.0884551,0.7004039,144.19
38900,0.44,0.55,0.01,0.08584272,0.08359075,0.4276017,133.9
39000,0.47,0.5,0.03,0.0978741,0.110293,0.8088044,162.08
39100,0.55,0.44,0.01,0.09172412,0.09300702,0.5746023,137.97
39200,0.53,0.4,0.07,0.08597323,0.08357576,1.740615,175.51
39300,0.44,0.5,0.06,0.08952232,0.08609375,1.147007,186.56
39400,0.38,0.61,0.01,0.08906245,0.08818288,0.5242013,138.82
39500,0.52,0.47,0.01,0.09183396,0.08417528,0.5590019,137.3
39600,0.57,0.41,0.02,0.09585395,0.09469256,0.7622041,128.29
39700,0.38,0.61,0.01,0.09446907,0.1065614,0.4120025,128
39800,0.46,0.51,0.03,0.09217466,0.08952586,0.7520056,138.57
39900,0.46,0.51,0.03,0.09011954,0.09457121,0.9026064,156.82
40000,0.41,0.58,0.01,0.1018195,0.1074189,0.5648018,128.79
40100,0.46,0.52,0.02,0.1138882,0.1230972,0.7778047,144.19
40200,0.47,0.49,0.04,0.1010552,0.09505109,0.9744067,147.1
40300,0.48,0.48,0.04,0.08740082,0.09045007,0.8198071,162.81
40400,0.49,0.5,0.01,0.0941458,0.0933072,0.6092022,128.67
40500,0.42,0.56,0.02,0.09876361,0.1004345,0.6588036,147.8
40600,0.45,0.53,0.02,0.08890469,0.08777749,0.709004,119.84
40700,0.38,0.58,0.04,0.09322677,0.09887099,1.118408,165.74
40800,0.38,0.58,0.04,0.0886101,0.09003456,0.8496068,146.03
40900,0.4,0.59,0.01,0.09007575,0.08398173,0.5078017,136.89
41000,0.38,0.59,0.03,0.09579007,0.09158809,0.6680045,140.37
41100,0.42,0.56,0.02,0.102272,0.09239588,0.9430044,150.91
41200,0.41,0.54,0.05,0.08781669,0.08387787,1.082409,179.2
41300,0.35,0.62,0.03,0.09755464,0.1090929,0.8960068,148.76
41400,0.43,0.55,0.02,0.08747601,0.09453306,0.8056045,129.88
41500,0.55,0.45,0,0.09096896,0.08266721,0.5256013,126.7
41600,0.45,0.53,0.02,0.1051096,0.0981384,0.6596036,128.51
41700,0.47,0.51,0.02,0.09333456,0.1154439,0.8226048,134.99
41800,0.47,0.49,0.04,0.09827387,0.09850477,0.912407,162.52
41900,0.45,0.53,0.02,0.09228226,0.09440967,0.6142041,138.96
42000,0.52,0.46,0.02,0.09137464,0.1049342,0.7148049,130.38
42100,0.46,0.51,0.03,0.0889334,0.08104484,0.7664043,148.97
42200,0.43,0.53,0.04,0.09267446,0.08745409,0.8260057,143.35
42300,0.51,0.46,0.03,0.1008649,0.09259802,1.087006,158.77
42400,0.49,0.47,0.04,0.08521836,0.0846687,1.046807,165.17
42500,0.39,0.55,0.06,0.08571537,0.08319093,1.199611,178.51
42600,0.46,0.5,0.04,0.08975046,0.08207405,1.216208,153.47
42700,0.43,0.55,0.02,0.08551984,0.08949678,0.4900019,130.1
42800,0.47,0.5,0.03,0.08963516,0.08900616,0.7144043,146.83
42900,0.42,0.55,0.03,0.08646076,0.08532133,0.7026026,142.43
43000,0.5,0.48,0.02,0.08915918,0.08450812,0.4518021,129.74
43100,0.44,0.52,0.04,0.09109023,0.0863003,0.7918067,143
43200,0.44,0.5,0.06,0.08930098,0.08999982,1.212411,174.97
43300,0.46,0.51,0.03,0.08605411,0.08282361,0.8898064,150.79
43400,0.44,0.53,0.03,0.08497725,0.0866099,0.8178062,153.77
43500,0.45,0.49,0.06,0.0945147,0.09062257,1.376613,169.46
43600,0.39,0.56,0.05,0.08432566,0.0801688,0.9552094,164.04
43700,0.44,0.54,0.02,0.08419442,0.08915123,0.7694044,146.05
43800,0.45,0.5,0.05,0.08163387,0.08389966,1.309211,173.22
43900,0.49,0.47,0.04,0.09687278,0.1035771,1.136608,164.39
44000,0.47,0.51,0.02,0.09545837,0.09266657,0.7232034,151.12
44100,0.4,0.6,0,0.08826337,0.08217733,0.2789998,119.58
44200,0.39,0.55,0.06,0.09053827,0.1113806,1.307612,171.18
44300,0.42,0.52,0.06,0.09946395,0.08767074,1.264211,171.95
44400,0.46,0.49,0.05,0.09126756,0.08245512,1.406411,160.59
44500,0.41,0.57,0.02,0.09000714,0.09169368,0.6278037,130.31
44600,0.37,0.61,0.02,0.0969007,0.1150697,0.7170036,131.26
44700,0.39,0.61,0,0.0880274,0.08504018,0.3875997,117.96
44800,0.37,0.6,0.03,0.085542,0.08403466,0.6732042,148.46
44900,0.45,0.52,0.03,0.0835249,0.08480105,0.7122035,133.85
45000,0.43,0.53,0.04,0.09559649,0.09255295,0.8208043,165.74
45100,0.46,0.5,0.04,0.08095686,0.08410788,1.201008,162.54
45200,0.41,0.57,0.02,0.0926259,0.08940699,0.6604044,138.06
45300,0.43,0.56,0.01,0.09847488,0.09293018,0.4728023,111.07
45400,0.42,0.52,0.06,0.09455296,0.07938001,0.9568089,158.42
45500,0.44,0.55,0.01,0.08694745,0.08706529,0.8284019,139.48
45600,0.44,0.51,0.05,0.09794737,0.09373651,1.008606,189.66
45700,0.44,0.52,0.04,0.09315727,0.08569731,1.100409,151.92
45800,0.45,0.52,0.03,0.08762321,0.08340447,0.9684061,146.22
45900,0.44,0.56,0,0.08633126,0.08568194,0.3467997,108.72
46000,0.5,0.48,0.02,0.09688234,0.09399248,0.9548037,134.16
46100,0.44,0.53,0.03,0.09517108,0.08416513,0.8992065,147.7
46200,0.48,0.51,0.01,0.0853833,0.07977089,0.6916017,139.74
46300,0.41,0.57,0.02,0.09501047,0.09491143,0.5642042,130.82
46400,0.45,0.5,0.05,0.08781365,0.07739006,1.014009,144.78
46500,0.44,0.55,0.01,0.09604894,0.116333,0.4840021,118.77
46600,0.47,0.53,0,0.08749617,0.08124498,0.5165996,111.03
46700,0.36,0.57,0.07,0.09457734,0.08471703,1.609815,181.37
46800,0.41,0.55,0.04,0.0895498,0.08526987,1.093209,164.17
46900,0.43,0.56,0.01,0.1069728,0.1109483,0.4196021,107.33
47000,0.43,0.52,0.05,0.08500729,0.08330965,1.047607,149.66
47100,0.45,0.52,0.03,0.09385625,0.08835962,0.6988048,138.08
47200,0.4,0.58,0.02,0.08274789,0.07681961,0.3268024,129.56
47300,0.45,0.53,0.02,0.0963164,0.09597816,0.3962019,109.41
47400,0.46,0.51,0.03,0.09203414,0.09016684,0.6928021,148.61
47500,0.49,0.5,0.01,0.09096994,0.09518459,0.3525997,111.87
47600,0.42,0.52,0.06,0.08782401,0.08016811,1.395213,176.66
47700,0.52,0.46,0.02,0.09263571,0.08330254,0.4524018,113.87
47800,0.4,0.57,0.03,0.09349895,0.1069161,0.7800064,126.03
47900,0.46,0.47,0.07,0.08775575,0.09733722,1.499614,166.39
48000,0.52,0.45,0.03,0.09000644,0.08266891,1.049606,140.68
48100,0.44,0.52,0.04,0.09164086,0.0829244,1.043809,156.53
48200,0.42,0.55,0.03,0.08809467,0.08409758,0.8796068,137.54
48300,0.46,0.49,0.05,0.09620888,0.0844335,1.11441,155.38
48400,0.44,0.53,0.03,0.09609042,0.09216002,0.6572047,126.38
48500,0.41,0.56,0.03,0.08331704,0.08072471,1.004007,156.91
48600,0.35,0.6,0.05,0.08777813,0.08380821,1.20261,168
48700,0.41,0.55,0.04,0.09860737,0.09844262,0.8328068,134.87
48800,0.38,0.59,0.03,0.08051194,0.08880983,0.8116055,145.27
48900,0.44,0.5,0.06,0.08343066,0.07816198,1.324413,168.49
49000,0.47,0.51,0.02,0.0914344,0.09358998,0.7268044,131.69
49100,0.45,0.5,0.05,0.08095633,0.08349516,1.337411,171.44
49200,0.38,0.6,0.02,0.0916609,0.09242342,0.5938047,132.09
49300,0.51,0.44,0.05,0.1013104,0.09864653,1.290611,153.89
49400,0.37,0.61,0.02,0.08305883,0.08704267,0.7430044,138.87
49500,0.4,0.55,0.05,0.09205148,0.09885627,1.117009,160.67
49600,0.44,0.53,0.03,0.09622907,0.09264755,0.905207,151.8
49700,0.54,0.43,0.03,0.08720714,0.09190442,1.098606,153.33
49800,0.41,0.56,0.03,0.08173704,0.07980022,0.8256065,130.57
49900,0.43,0.54,0.03,0.08441725,0.07851042,0.6230043,140.01
50000,0.43,0.51,0.06,0.09281902,0.1049138,1.376211,171.39
50100,0.47,0.51,0.02,0.09184238,0.1044954,0.4364019,127.53
50200,0.44,0.54,0.02,0.08305835,0.08918513,0.6204021,127.76
50300,0.43,0.57,0,0.09273979,0.1022588,0.3326001,108.09
50400,0.42,0.53,0.05,0.09304519,0.1022244,0.9256091,155.32
50500,0.45,0.53,0.02,0.08591099,0.08716712,0.5274022,130.54
50600,0.55,0.43,0.02,0.08276285,0.08594237,0.6890047,133.98
50700,0.49,0.48,0.03,0.09966469,0.09986477,0.7402064,124.81
50800,0.45,0.54,0.01,0.0872092,0.0829206,0.3035998,115.8
50900,0.46,0.52,0.02,0.08927906,0.09960035,0.8468046,131.89
51000,0.49,0.5,0.01,0.08621463,0.08033419,0.3031998,117.37
51100,0.43,0.56,0.01,0.08859172,0.09018213,0.4255996,135.47
51200,0.41,0.58,0.01,0.081145,0.08670023,0.4534023,135.28
51300,0.54,0.41,0.05,0.08265308,0.08742198,0.8326048,164.17
51400,0.39,0.59,0.02,0.08720552,0.09160412,0.5444044,145.51
51500,0.49,0.43,0.08,0.09258315,0.08707254,1.765019,179.78
51600,0.34,0.61,0.05,0.08373813,0.08344021,0.7912072,156.26
51700,0.38,0.58,0.04,0.08616924,0.08453461,0.7854064,163.32
51800,0.32,0.65,0.03,0.08028647,0.07856123,0.4614033,165.49
51900,0.5,0.48,0.02,0.0866359,0.08545994,0.6570021,129
52000,0.47,0.47,0.06,0.08610062,0.07992205,1.480413,174.49
52100,0.42,0.56,0.02,0.09151538,0.08381239,0.7000036,152.52
52200,0.5,0.48,0.02,0.08389167,0.08329725,0.7546049,128.99
52300,0.39,0.59,0.02,0.09030942,0.1024635,0.3708025,107.87
52400,0.45,0.53,0.02,0.07957019,0.07785162,0.6820017,130.52
52500,0.5,0.5,0,0.08914787,0.09325051,0.5171996,127.67
52600,0.52,0.46,0.02,0.09477894,0.105763,0.881404,143.26
52700,0.48,0.48,0.04,0.1017447,0.1108893,1.125409,169.29
52800,0.45,0.55,0,0.08195274,0.07730927,0.4947996,124.04
52900,0.4,0.56,0.04,0.08399983,0.08442932,1.036809,148.92
53000,0.41,0.55,0.04,0.08121283,0.08213118,0.8386071,140.51
53100,0.46,0.51,0.03,0.09084161,0.08707196,0.8168068,122.52
53200,0.4,0.58,0.02,0.08638087,0.09785496,0.6302034,136.71
53300,0.46,0.52,0.02,0.08358138,0.08082069,0.7638044,159.27
53400,0.42,0.55,0.03,0.0886691,0.08531104,0.6822046,139.35
53500,0.39,0.57,0.04,0.08734929,0.08151142,0.8800079,160.13
53600,0.43,0.52,0.05,0.08373079,0.08330093,1.017409,161.78
53700,0.5,0.47,0.03,0.08367368,0.07399167,0.9156038,139.53
53800,0.42,0.56,0.02,0.08354409,0.07601839,0.6564043,142.23
53900,0.47,0.5,0.03,0.09105247,0.08250804,0.9944061,135.55
54000,0.37,0.56,0.07,0.08520248,0.08105731,1.571416,191.61
54100,0.44,0.55,0.01,0.08500951,0.08842358,0.6244023,135.94
54200,0.46,0.49,0.05,0.09040086,0.1203483,0.952807,159.62
54300,0.46,0.51,0.03,0.09703217,0.08381984,1.158607,164.89
54400,0.34,0.63,0.03,0.08721749,0.07931397,0.8734066,137.04
54500,0.4,0.55,0.05,0.09276599,0.08556551,0.9840087,138.65
54600,0.41,0.54,0.05,0.08724544,0.08384753,0.8230043,164.33
54700,0.47,0.49,0.04,0.08665214,0.078091,1.08701,157.92
54800,0.39,0.57,0.04,0.08599574,0.07925155,1.033009,136.63
54900,0.45,0.52,0.03,0.08612652,0.08206054,0.9738067,140.63
55000,0.4,0.57,0.03,0.08961044,0.09792656,0.9010066,144.77
55100,0.53,0.44,0.03,0.08958963,0.08831562,0.9632071,137.19
55200,0.42,0.58,0,0.08895336,0.0797281,0.3067997,98.78
55300,0.41,0.54,0.05,0.08264234,0.08003096,0.9600091,157.07
55400,0.49,0.51,0,0.08373322,0.07493875,0.3829997,138.75
55500,0.41,0.53,0.06,0.1030129,0.09646299,1.08161,155.72
55600,0.48,0.48,0.04,0.09142976,0.1027716,0.7204047,125.33
55700,0.43,0.55,0.02,0.09039613,0.09435211,0.6108044,115.55
55800,0.39,0.59,0.02,0.08712814,0.08773612,0.5750034,124.98
55900,0.33,0.64,0.03,0.08034512,0.08522881,0.5840051,152.97
56000,0.44,0.52,0.04,0.0903805,0.0886067,1.110008,159.83
56100,0.43,0.52,0.05,0.0891147,0.0920793,0.8766062,154.26
56200,0.49,0.5,0.01,0.08348263,0.08578381,0.6826021,118.46
56300,0.48,0.47,0.05,0.0928342,0.1043913,1.248612,161.9
56400,0.51,0.48,0.01,0.0858373,0.08189105,0.4216021,111.33
56500,0.44,0.54,0.02,0.08655932,0.0787061,0.8056046,139.81
56600,0.4,0.54,0.06,0.08550362,0.08633781,1.153811,169.47
56700,0.41,0.55,0.04,0.08241452,0.08273015,1.089209,143.51
56800,0.43,0.55,0.02,0.09439828,0.1077633,0.6376043,138.7
56900,0.35,0.59,0.06,0.08386973,0.08196858,1.394213,158.06
57000,0.45,0.53,0.02,0.08685034,0.07969533,0.7684038,135.31
57100,0.57,0.42,0.01,0.08991297,0.08404708,0.2603998,118.65
57200,0.45,0.51,0.04,0.08685779,0.09046672,0.9330071,147.45
57300,0.37,0.61,0.02,0.09616309,0.1095543,0.7144043,138.41
57400,0.35,0.62,0.03,0.09197837,0.08391476,0.8928062,142.26
57500,0.46,0.5,0.04,0.08810759,0.09125985,0.9646093,159.22
57600,0.39,0.56,0.05,0.08752393,0.08605257,1.023009,159.43
57700,0.49,0.45,0.06,0.08328363,0.09523259,1.094408,158.88
57800,0.44,0.51,0.05,0.08367234,0.0906514,0.8178063,161.16
57900,0.45,0.52,0.03,0.1010153,0.09200473,0.6484042,132.79
58000,0.42,0.57,0.01,0.08420276,0.07741568,0.6020021,127.33
58100,0.39,0.58,0.03,0.09231658,0.09239046,0.733007,145.01
58200,0.41,0.53,0.06,0.08012621,0.08261345,1.211211,171.32
58300,0.43,0.54,0.03,0.08757611,0.08093746,0.9038072,138.98
58400,0.46,0.53,0.01,0.09444517,0.1060993,0.4482017,112.85
58500,0.5,0.46,0.04,0.1028012,0.09766388,0.8640069,152.9
58600,0.48,0.49,0.03,0.08736991,0.1185044,0.8972065,149.93
58700,0.45,0.52,0.03,0.08516693,0.08324137,0.6274044,133.42
58800,0.41,0.5,0.09,0.09008473,0.09686839,1.771018,185.46
58900,0.45,0.54,0.01,0.08754969,0.08364432,0.5366017,112.98
59000,0.39,0.55,0.06,0.08115871,0.08276746,1.410015,156.5
59100,0.34,0.6,0.06,0.09093887,0.08872686,1.167811,163.91
59200,0.47,0.5,0.03,0.08922193,0.092219,0.9344062,137.68
59300,0.48,0.48,0.04,0.09237302,0.09677485,1.056009,160.56
59400,0.43,0.53,0.04,0.08396786,0.08022322,1.002409,147.17
59500,0.41,0.53,0.06,0.07687828,0.08051542,1.070209,170.66
59600,0.37,0.59,0.04,0.08911948,0.1098614,0.8452088,138
59700,0.49,0.49,0.02,0.0838414,0.0855611,0.6324019,148.09
59800,0.49,0.47,0.04,0.0913754,0.09237821,0.8542072,170.3
59900,0.45,0.54,0.01,0.1003758,0.09378443,0.2979998,132.54
60000,0.44,0.56,0,0.0965161,0.09992749,0.2869998,118.39
60100,0.45,0.5,0.05,0.09750941,0.1011917,1.232611,158.1
60200,0.43,0.56,0.01,0.08567417,0.08254706,0.3643997,113.52
60300,0.33,0.66,0.01,0.09149431,0.09591241,0.4478024,125.41
60400,0.37,0.55,0.08,0.08930529,0.08776543,1.843619,194.22
60500,0.44,0.54,0.02,0.09908897,0.08620956,0.7572046,123.78
60600,0.49,0.46,0.05,0.08501166,0.08460249,1.186609,169.76
60700,0.41,0.57,0.02,0.08190207,0.09018213,0.5780049,120.41
60800,0.37,0.62,0.01,0.08809038,0.08229763,0.4474017,141.41
60900,0.4,0.58,0.02,0.09820947,0.0950565,0.6096037,123.73
61000,0.44,0.55,0.01,0.09381427,0.0962807,0.4692019,118.24
61100,0.39,0.57,0.04,0.08121399,0.07938221,0.6418046,141.64
61200,0.44,0.53,0.03,0.08143932,0.07882631,0.7438042,142.7
61300,0.51,0.44,0.05,0.07935813,0.07146325,1.120407,158.74
61400,0.43,0.53,0.04,0.07918057,0.0809499,0.8882067,144.61
61500,0.45,0.52,0.03,0.07724758,0.07745374,0.7482048,131.73
61600,0.42,0.51,0.07,0.08471756,0.07481186,1.269211,155.16
61700,0.43,0.55,0.02,0.08333176,0.09166487,0.7336044,137.41
61800,0.36,0.59,0.05,0.08018762,0.1028463,1.063409,171.32
61900,0.45,0.49,0.06,0.08280406,0.08965352,1.309612,167.66
62000,0.43,0.56,0.01,0.09147495,0.1080925,0.3417997,116.33
62100,0.33,0.63,0.04,0.08100694,0.07893492,0.8630087,155.92
62200,0.39,0.56,0.05,0.09814212,0.09600442,0.907406,148.22
62300,0.45,0.52,0.03,0.07983027,0.08779307,0.6688045,146.09
62400,0.38,0.53,0.09,0.08568488,0.07853626,1.575016,165.56
62500,0.41,0.55,0.04,0.0821626,0.0860827,1.056009,131.56
62600,0.38,0.58,0.04,0.08197441,0.07423635,0.963607,152.9
62700,0.35,0.58,0.07,0.08117265,0.0792455,1.098211,170.6
62800,0.37,0.56,0.07,0.08653463,0.07940765,1.325813,177.59
62900,0.51,0.46,0.03,0.08867127,0.09074525,0.9086067,131.57
63000,0.44,0.52,0.04,0.104518,0.09887431,1.135609,147.16
63100,0.41,0.55,0.04,0.0828915,0.08097593,0.9400094,127.47
63200,0.43,0.49,0.08,0.08895874,0.08111514,1.518416,176.46
63300,0.37,0.6,0.03,0.08479196,0.08457156,0.5856045,125.39
63400,0.41,0.57,0.02,0.09810088,0.09562053,0.6704044,145.86
63500,0.5,0.42,0.08,0.08640938,0.09553337,1.476813,191.48
63600,0.38,0.58,0.04,0.08513805,0.07987411,1.104409,129.4
63700,0.3,0.62,0.08,0.08562895,0.1014798,1.552816,184.17
63800,0.46,0.5,0.04,0.07768513,0.07491649,0.7682043,146.28
63900,0.38,0.58,0.04,0.08550745,0.07986265,1.000409,137.83
64000,0.41,0.5,0.09,0.0863227,0.07762089,1.752418,184.04
64100,0.5,0.5,0,0.09213538,0.09483051,0.4159997,122.79
64200,0.34,0.62,0.04,0.09625752,0.09695929,0.8112066,147.84
64300,0.5,0.47,0.03,0.08332936,0.07969904,0.9968071,129.96
64400,0.41,0.54,0.05,0.0869262,0.08179887,1.152211,166.14
64500,0.41,0.52,0.07,0.09225878,0.08927789,1.336214,156.33
64600,0.36,0.6,0.04,0.07323968,0.07488362,0.7312042,148.47
64700,0.52,0.44,0.04,0.08270118,0.08764007,1.071008,148.3
64800,0.46,0.5,0.04,0.08746886,0.08504472,0.8120068,123.92
64900,0.46,0.52,0.02,0.08383165,0.08191796,0.6758044,126.14
65000,0.46,0.5,0.04,0.08282618,0.07800908,1.114809,160.49
65100,0.43,0.54,0.03,0.08521564,0.07999769,0.8382062,148.01
65200,0.27,0.67,0.06,0.1036106,0.1332718,0.7848065,144.78
65300,0.4,0.55,0.05,0.08112905,0.08033391,0.9776083,159.47
65400,0.42,0.52,0.06,0.07429853,0.0707022,1.394811,175.18
65500,0.47,0.49,0.04,0.08300979,0.09280055,1.075809,149.77
65600,0.39,0.58,0.03,0.08212809,0.07978389,0.6764033,151.82
65700,0.39,0.56,0.05,0.08673534,0.09321189,1.050809,155.01
65800,0.45,0.46,0.09,0.0761872,0.07662039,1.576416,178.96
65900,0.43,0.54,0.03,0.0884535,0.09800792,0.6074039,137.05
66000,0.42,0.57,0.01,0.0862506,0.08228509,0.5688021,136.82
66100,0.48,0.51,0.01,0.07738064,0.07558206,0.4810019,115.79
66200,0.32,0.58,0.1,0.08964816,0.0888614,2.058022,206.68
66300,0.41,0.53,0.06,0.07964012,0.07524887,1.464613,171.89
66400,0.44,0.55,0.01,0.08178052,0.08291385,0.6204016,148.57
66500,0.33,0.64,0.03,0.1038672,0.1170325,0.549205,129.18
66600,0.36,0.6,0.04,0.07702353,0.07735486,0.8338065,163.56
66700,0.44,0.52,0.04,0.07839543,0.07763299,1.043009,150.26
66800,0.35,0.62,0.03,0.07885886,0.07941233,0.8218056,152.75
66900,0.51,0.48,0.01,0.0900186,0.08521567,0.4846017,102.93
67000,0.44,0.5,0.06,0.08200578,0.08614213,1.145612,176.35
67100,0.44,0.51,0.05,0.07983238,0.09019434,1.092609,158.72
67200,0.51,0.46,0.03,0.08038974,0.0748734,1.037606,151.56
67300,0.5,0.47,0.03,0.08120339,0.08124713,0.8434069,123.94
67400,0.47,0.49,0.04,0.08844349,0.09688401,1.188609,158.27
67500,0.32,0.64,0.04,0.0803421,0.08194443,1.000409,162.04
67600,0.4,0.56,0.04,0.08636727,0.08065116,0.950006,173.04
67700,0.4,0.55,0.05,0.07985345,0.08100189,0.9852092,140.5
67800,0.36,0.58,0.06,0.0830977,0.08096571,1.269812,158.21
67900,0.47,0.47,0.06,0.08510743,0.08390754,1.135607,166.07
68000,0.41,0.57,0.02,0.08409224,0.08528148,0.6970046,137.01
68100,0.5,0.46,0.04,0.08930407,0.1079377,0.4550019,145.37
68200,0.44,0.55,0.01,0.08402858,0.07922616,0.4946019,125.71
68300,0.4,0.54,0.06,0.08187178,0.08797236,0.9202085,151.22
68400,0.28,0.67,0.05,0.08522069,0.08673374,0.9294084,161.23
68500,0.41,0.56,0.03,0.07510781,0.08264466,0.9528068,156.6
68600,0.36,0.56,0.08,0.0834591,0.07494186,1.16621,196.33
68700,0.5,0.49,0.01,0.09445423,0.09250218,0.6376017,130.24
68800,0.41,0.58,0.01,0.08669268,0.09777767,0.5354023,115.46
68900,0.42,0.55,0.03,0.08886613,0.09108673,0.6498043,155.36
69000,0.43,0.55,0.02,0.08483045,0.07894161,0.6280034,128.47
69100,0.44,0.54,0.02,0.09718602,0.09638853,0.3491997,108.06
69200,0.43,0.54,0.03,0.08503084,0.07610102,0.8904067,128.08
69300,0.51,0.44,0.05,0.08194207,0.08117067,0.9574072,164.59
69400,0.49,0.49,0.02,0.08641706,0.07556187,0.4716023,142.74
69500,0.46,0.47,0.07,0.09150982,0.09744647,1.696815,175.1
69600,0.51,0.46,0.03,0.09008721,0.08356874,0.7594044,153.19
69700,0.41,0.55,0.04,0.07978827,0.08409204,0.8950067,145.72
69800,0.49,0.47,0.04,0.07727933,0.07137191,1.052407,151.58
69900,0.34,0.64,0.02,0.07977425,0.08810344,0.4169997,146.96
70000,0.31,0.62,0.07,0.07844882,0.08393164,1.093409,174.69
70100,0.41,0.58,0.01,0.09086303,0.1004667,0.4416022,127.06
70200,0.42,0.55,0.03,0.08812323,0.0919294,0.6960046,124.01
70300,0.55,0.42,0.03,0.07513796,0.07164413,0.8448054,152.12
70400,0.47,0.48,0.05,0.07815679,0.07469725,1.309412,167.69
70500,0.49,0.42,0.09,0.09007031,0.08699059,1.702016,194.59
70600,0.5,0.45,0.05,0.09095319,0.08568279,0.9312065,153.43
70700,0.38,0.58,0.04,0.08998165,0.09387392,0.6508046,143.7
70800,0.48,0.48,0.04,0.1138886,0.1107718,0.9870066,141.71
70900,0.49,0.47,0.04,0.0908297,0.09470925,1.099409,138.99
71000,0.49,0.47,0.04,0.0769189,0.07957263,1.030407,149.54
71100,0.56,0.4,0.04,0.08145335,0.08243435,0.7838042,152.75
71200,0.4,0.57,0.03,0.09292143,0.09719859,0.5796045,113.02
71300,0.4,0.55,0.05,0.0880536,0.1015259,0.9640089,142.32
71400,0.48,0.49,0.03,0.07469343,0.07397106,1.026807,129.59
71500,0.43,0.55,0.02,0.0888809,0.1035554,0.6994045,138.86
71600,0.47,0.51,0.02,0.08687707,0.07812247,0.614802,128.23
71700,0.43,0.49,0.08,0.08773814,0.0842474,1.05761,169.49
71800,0.39,0.59,0.02,0.07804996,0.0775273,0.5964052,113.43
71900,0.46,0.5,0.04,0.09148699,0.08729844,0.8402064,127.29
72000,0.47,0.51,0.02,0.07965825,0.08701701,0.7094045,124.21
72100,0.4,0.58,0.02,0.07657963,0.07608408,0.7048042,139.77
72200,0.45,0.46,0.09,0.09166493,0.08625548,1.859818,198.9
72300,0.39,0.55,0.06,0.09528895,0.09366393,1.270012,162.65
72400,0.33,0.63,0.04,0.08480338,0.0840999,0.8684074,146.45
72500,0.44,0.52,0.04,0.09311154,0.08483353,1.071409,140.45
72600,0.37,0.6,0.03,0.09905369,0.1008525,0.704004,150.62
72700,0.36,0.6,0.04,0.08190292,0.07851668,0.846006,157.55
72800,0.49,0.46,0.05,0.08553801,0.08939824,1.228611,139.77
72900,0.38,0.59,0.03,0.08619912,0.08376271,0.7074057,137.88
73000,0.45,0.53,0.02,0.09215145,0.09916201,0.8424042,115.48
73100,0.47,0.48,0.05,0.08104374,0.07770266,1.325812,157.6
73200,0.46,0.52,0.02,0.08699448,0.09564723,0.8400047,137.91
73300,0.44,0.54,0.02,0.08040473,0.07132545,0.6338048,130.15
73400,0.5,0.47,0.03,0.09485902,0.1037745,0.6216046,117.98
73500,0.38,0.57,0.05,0.07777942,0.07911956,0.8814059,165.44
73600,0.48,0.5,0.02,0.08880632,0.09783936,0.762804,131.08
73700,0.42,0.47,0.11,0.09525079,0.1015629,1.828822,213.43
73800,0.48,0.49,0.03,0.09180366,0.08583228,0.8956068,118.57
73900,0.36,0.59,0.05,0.07967134,0.0764989,0.9296089,140.22
74000,0.46,0.51,0.03,0.0765707,0.0738453,0.6124046,144.31
74100,0.55,0.4,0.05,0.07569943,0.07128599,1.442412,170.21
74200,0.37,0.56,0.07,0.08415988,0.09476902,0.8452062,176.16
74300,0.43,0.52,0.05,0.0747574,0.07834705,0.8458067,153.69
74400,0.5,0.47,0.03,0.09069842,0.08455511,0.9482064,124.7
74500,0.5,0.47,0.03,0.08724058,0.08830499,0.9208066,141.56
74600,0.42,0.56,0.02,0.09563651,0.1099359,0.631804,116.78
74700,0.44,0.52,0.04,0.09026542,0.08189156,1.000007,155.53
74800,0.44,0.5,0.06,0.08124147,0.09330265,1.320212,166.7
74900,0.37,0.56,0.07,0.09244426,0.09009272,1.08421,170.97
75000,0.47,0.48,0.05,0.08022544,0.07366338,1.044009,157.13
75100,0.39,0.6,0.01,0.07978576,0.09402656,0.3668016,121.09
75200,0.45,0.5,0.05,0.09605345,0.08377117,1.091209,149.01
75300,0.42,0.54,0.04,0.09144271,0.07852649,0.913007,146.55
75400,0.47,0.47,0.06,0.08788462,0.08795528,1.257611,152.25
75500,0.39,0.56,0.05,0.08112144,0.07407291,0.5830047,167.61
75600,0.54,0.45,0.01,0.07828839,0.0755124,0.5136023,116.69
75700,0.52,0.45,0.03,0.08004805,0.07653396,0.7378049,136.5
75800,0.38,0.59,0.03,0.09044343,0.09096472,0.4400016,158.91
75900,0.45,0.55,0,0.07626744,0.07247158,0.3939997,115.5
76000,0.44,0.54,0.02,0.08459666,0.08529705,0.4714015,148.52
76100,0.42,0.56,0.02,0.08798699,0.1061832,0.6400043,119.86
76200,0.41,0.53,0.06,0.07427108,0.07961041,1.334213,164.35
76300,0.43,0.52,0.05,0.08232799,0.09250396,0.693204,148.3
76400,0.41,0.59,0,0.09467311,0.1090257,0.2885998,116.59
76500,0.38,0.6,0.02,0.07274108,0.06711826,0.6630051,126.93
76600,0.54,0.4,0.06,0.08370587,0.08284211,1.484012,148.3
76700,0.43,0.53,0.04,0.08418175,0.08400477,0.9594088,139.94
76800,0.44,0.5,0.06,0.08467434,0.08741257,1.349414,152.71
76900,0.39,0.55,0.06,0.09514861,0.1062747,1.154412,148.78
77000,0.43,0.56,0.01,0.07972874,0.07906707,0.592002,149.52
77100,0.44,0.53,0.03,0.08036479,0.07755793,0.7632035,148.44
77200,0.39,0.54,0.07,0.08025056,0.08241346,1.529216,160.83
77300,0.47,0.46,0.07,0.07706487,0.09257617,1.174812,163.59
77400,0.46,0.5,0.04,0.0792907,0.08591193,1.14721,156.33
77500,0.45,0.54,0.01,0.09503581,0.08556692,0.570602,129.61
77600,0.45,0.42,0.13,0.08590678,0.07985801,2.65163,220.42
77700,0.45,0.51,0.04,0.08794891,0.0899397,0.8484044,151.44
77800,0.46,0.48,0.06,0.07674409,0.08712281,1.075809,154.2
77900,0.46,0.47,0.07,0.08392112,0.08455165,1.360814,159.26
78000,0.4,0.55,0.05,0.0849171,0.09179969,1.144411,155.78
78100,0.4,0.55,0.05,0.08292359,0.08548715,1.335212,136.51
78200,0.4,0.54,0.06,0.07910023,0.08607054,1.388013,150.02
78300,0.49,0.48,0.03,0.09193234,0.09443856,0.7894067,126.43
78400,0.43,0.55,0.02,0.07012805,0.06566235,0.6664042,132.88
78500,0.43,0.56,0.01,0.08094137,0.09721028,0.467002,118.89
78600,0.42,0.51,0.07,0.08130516,0.07852441,1.516013,169.1
78700,0.42,0.54,0.04,0.08667348,0.09524865,0.9768086,145.17
78800,0.41,0.55,0.04,0.07202753,0.07275742,0.658804,144.8
78900,0.48,0.48,0.04,0.08003963,0.08515034,1.060208,136.93
79000,0.42,0.53,0.05,0.0869705,0.0833564,0.7408038,154.21
79100,0.5,0.48,0.02,0.08476184,0.08001027,0.5828019,128.01
79200,0.46,0.49,0.05,0.08148963,0.0786768,1.15301,160.18
79300,0.42,0.51,0.07,0.07782809,0.08606856,1.255811,168.67
79400,0.39,0.56,0.05,0.07616971,0.06817837,1.069209,158.54
79500,0.44,0.53,0.03,0.08616224,0.07883769,0.8576057,140.31
79600,0.38,0.54,0.08,0.08702283,0.09351195,1.466414,161.38
79700,0.44,0.54,0.02,0.08002101,0.07652348,0.4410012,131.69
79800,0.48,0.51,0.01,0.08286656,0.07874899,0.627802,137.36
79900,0.36,0.56,0.08,0.08505583,0.103981,1.020809,188.03
80000,0.44,0.48,0.08,0.08310679,0.0763808,1.436215,174.86
80100,0.43,0.51,0.06,0.0858729,0.08135904,1.10261,136.83
80200,0.39,0.53,0.08,0.09138962,0.08517446,1.499415,179.24
80300,0.43,0.49,0.08,0.08434734,0.1014499,1.366013,169.05
80400,0.41,0.53,0.06,0.0785474,0.07490484,1.407612,172.22
80500,0.47,0.5,0.03,0.07608335,0.07568367,0.6716047,142.61
80600,0.4,0.55,0.05,0.08875532,0.09953066,0.8832082,148.03
80700,0.49,0.47,0.04,0.08142121,0.07883886,0.8930046,148.81
80800,0.5,0.48,0.02,0.07648878,0.07849989,0.5840015,136.46
80900,0.28,0.67,0.05,0.08766698,0.08347658,1.249611,166.04
81000,0.3,0.62,0.08,0.07857858,0.07187513,1.588018,189.66
81100,0.41,0.52,0.07,0.07777368,0.07994703,1.559814,170.76
81200,0.44,0.49,0.07,0.07905307,0.07696742,1.491015,177
81300,0.46,0.48,0.06,0.07832905,0.07592399,1.370412,180.57
81400,0.47,0.53,0,0.0805755,0.07241976,0.3911997,125.77
81500,0.45,0.54,0.01,0.08998179,0.08776142,0.4040022,103.15
81600,0.42,0.53,0.05,0.07859427,0.07671601,1.263811,150.26
81700,0.4,0.56,0.04,0.0810929,0.09135277,0.9222074,136.44
81800,0.45,0.51,0.04,0.07294096,0.07401036,0.7136042,139.63
81900,0.37,0.58,0.05,0.08358953,0.07783068,1.239411,147.49
82000,0.39,0.56,0.05,0.08012425,0.09706415,0.9642094,154.12
82100,0.5,0.44,0.06,0.07812622,0.07715722,1.262611,157.55
82200,0.4,0.58,0.02,0.09499016,0.09224913,0.7956043,134.8
82300,0.37,0.6,0.03,0.0825489,0.08248898,0.5594018,133.5
82400,0.41,0.54,0.05,0.08617169,0.1051583,0.9768099,137.66
82500,0.45,0.51,0.04,0.07964101,0.100242,0.9502072,158.49
82600,0.36,0.61,0.03,0.08236352,0.07969257,0.5924041,145.88
82700,0.37,0.6,0.03,0.08001895,0.07463155,0.8010069,134.45
82800,0.38,0.61,0.01,0.08765756,0.1061988,0.4530019,139.14
82900,0.4,0.57,0.03,0.0725856,0.07153001,0.8454056,137.8
83000,0.48,0.48,0.04,0.07910904,0.07587853,1.12641,142.23
83100,0.43,0.56,0.01,0.08681111,0.09717026,0.4696009,103.35
83200,0.45,0.49,0.06,0.08754816,0.09059558,1.05821,160.09
83300,0.44,0.52,0.04,0.07524826,0.07895783,0.9810089,155.28
83400,0.5,0.48,0.02,0.08276781,0.07778583,0.517002,144.65
83500,0.5,0.48,0.02,0.08992423,0.09717443,0.4852022,130.35
83600,0.45,0.5,0.05,0.07352914,0.08457134,0.9910085,149.91
83700,0.42,0.54,0.04,0.07653574,0.08097015,0.7980067,124.4
83800,0.44,0.54,0.02,0.0762535,0.07384376,0.7100049,124.96
83900,0.41,0.51,0.08,0.0903931,0.08745581,1.489816,173.86
84000,0.47,0.51,0.02,0.08460845,0.08609185,0.9430046,130.17
84100,0.43,0.52,0.05,0.0834967,0.07856026,0.7948061,146.37
84200,0.41,0.54,0.05,0.07428545,0.07721666,1.109209,153.12
84300,0.39,0.58,0.03,0.08520853,0.08258315,0.5138027,140.93
84400,0.33,0.65,0.02,0.09189087,0.09562219,0.5840046,131.69
84500,0.49,0.47,0.04,0.08479571,0.0990256,0.946808,135.56
84600,0.46,0.47,0.07,0.08347403,0.08854985,1.473815,171.09
84700,0.45,0.53,0.02,0.07964685,0.09301407,0.5816042,119.54
84800,0.46,0.53,0.01,0.07897642,0.0939158,0.4547997,133.77
84900,0.44,0.54,0.02,0.09042337,0.09615571,0.4712017,127.95
85000,0.39,0.54,0.07,0.0735978,0.07199033,1.329012,185.49
85100,0.38,0.59,0.03,0.08550648,0.0907888,0.6040046,140.02
85200,0.47,0.48,0.05,0.08464754,0.09208994,1.19801,166.98
85300,0.39,0.56,0.05,0.08547588,0.08366083,0.799206,159.45
85400,0.5,0.47,0.03,0.08954955,0.09474372,0.7268047,118.63
85500,0.39,0.61,0,0.08174399,0.07827082,0.2803998,117.91
85600,0.5,0.48,0.02,0.08154549,0.0799582,0.5818022,143.47
85700,0.45,0.5,0.05,0.1009524,0.1033662,1.223812,141.53
85800,0.36,0.56,0.08,0.07529405,0.07420668,1.669416,170.3
85900,0.4,0.52,0.08,0.08625092,0.08919257,1.518216,174.85
86000,0.4,0.52,0.08,0.08564299,0.0844994,1.781816,189.31
86100,0.42,0.55,0.03,0.08123352,0.08894229,0.7798063,128.77
86200,0.4,0.56,0.04,0.08623189,0.08599725,0.9442092,142.64
86300,0.45,0.52,0.03,0.07821803,0.07504953,0.9018068,148.15
86400,0.47,0.53,0,0.08252706,0.09170801,0.2923998,105.09
86500,0.41,0.55,0.04,0.08313575,0.0889402,1.094808,147.34
86600,0.42,0.55,0.03,0.08532944,0.1033411,0.6282041,147.74
86700,0.4,0.55,0.05,0.08511677,0.08272976,0.8590065,152.64
86800,0.47,0.51,0.02,0.101656,0.1106269,0.4750023,121.49
86900,0.38,0.55,0.07,0.08536983,0.08882934,1.355213,170.83
87000,0.44,0.48,0.08,0.07579559,0.08950514,1.758417,178.5
87100,0.43,0.52,0.05,0.09982543,0.1140485,1.121811,148.38
87200,0.48,0.48,0.04,0.08487359,0.08898077,0.9428073,136.83
87300,0.5,0.48,0.02,0.08292069,0.0877241,0.6586042,115.77
87400,0.34,0.6,0.06,0.08179979,0.08394609,1.257613,155.54
87500,0.39,0.53,0.08,0.08712776,0.09865345,1.540416,195.37
87600,0.48,0.5,0.02,0.07931429,0.07697975,0.6156045,101.94
87700,0.36,0.58,0.06,0.08627564,0.1019575,1.223814,141.39
87800,0.35,0.56,0.09,0.08725748,0.09550489,1.486216,184.89
87900,0.41,0.52,0.07,0.09799453,0.1022573,1.270613,151.83
88000,0.39,0.58,0.03,0.0765693,0.07593328,0.7012065,130.23
88100,0.39,0.57,0.04,0.07932032,0.0760494,1.022806,154.31
88200,0.46,0.48,0.06,0.08562463,0.08779638,1.398015,173.66
88300,0.32,0.6,0.08,0.08130386,0.08323708,1.562617,168.81
88400,0.49,0.51,0,0.09852984,0.1034494,0.2735998,96.98
88500,0.44,0.47,0.09,0.08500737,0.07596498,1.83102,172.34
88600,0.42,0.53,0.05,0.09013107,0.08506799,1.026809,155.67
88700,0.45,0.5,0.05,0.08519822,0.07787415,0.9966071,151.91
88800,0.51,0.45,0.04,0.08008197,0.09179545,0.9138066,148.7
88900,0.41,0.52,0.07,0.09745592,0.10209,1.629216,177.52
89000,0.4,0.58,0.02,0.08924976,0.08882269,0.3920023,125.17
89100,0.46,0.47,0.07,0.09545588,0.1014508,1.431014,157.05
89200,0.51,0.43,0.06,0.07957011,0.07538296,1.560613,166.17
89300,0.46,0.51,0.03,0.07220247,0.07527826,0.7232048,132.51
89400,0.39,0.53,0.08,0.07352132,0.08419964,1.70542,175.14
89500,0.41,0.53,0.06,0.08482749,0.0814051,1.220212,151.1
89600,0.39,0.6,0.01,0.09057164,0.09488086,0.3852023,115.18
89700,0.42,0.54,0.04,0.0781897,0.08202434,0.9690067,155.35
89800,0.48,0.48,0.04,0.07890177,0.08420621,0.947407,143.8
89900,0.43,0.52,0.05,0.09283948,0.1062274,1.278612,145.22
90000,0.39,0.56,0.05,0.07759354,0.07318097,0.7614073,155.29
90100,0.56,0.4,0.04,0.08401877,0.08059078,1.166209,136.09
90200,0.36,0.61,0.03,0.08724237,0.08442474,0.3986017,135.24
90300,0.51,0.45,0.04,0.07574241,0.07532269,0.8646065,130.59
90400,0.54,0.43,0.03,0.08257196,0.07790905,0.877806,117.68
90500,0.44,0.49,0.07,0.07751631,0.07692618,1.360614,167.59
90600,0.47,0.48,0.05,0.07788317,0.07533347,1.356211,148
90700,0.49,0.49,0.02,0.079743,0.06922418,0.6556042,121.54
90800,0.39,0.49,0.12,0.07396839,0.07527444,2.328427,215.31
90900,0.54,0.44,0.02,0.07471022,0.07065488,0.7048042,124.36
91000,0.47,0.48,0.05,0.07935435,0.08075771,1.195009,162.3
91100,0.42,0.53,0.05,0.10103,0.09523576,0.9426088,141.94
91200,0.54,0.4,0.06,0.0822377,0.08154104,1.330211,158.96
91300,0.41,0.58,0.01,0.08368107,0.09277538,0.4244018,120.42
91400,0.39,0.53,0.08,0.07785302,0.07427205,1.601015,184.89
91500,0.42,0.52,0.06,0.08197858,0.08133654,0.9460089,163.63
91600,0.44,0.5,0.06,0.07497847,0.07919008,1.194811,154.71
91700,0.46,0.47,0.07,0.07673767,0.08546007,1.395813,162.42
91800,0.38,0.56,0.06,0.08465831,0.08532017,1.070011,157.57
91900,0.4,0.5,0.1,0.07220186,0.07292667,2.287023,195.97
92000,0.48,0.47,0.05,0.08251401,0.08134746,1.199411,153.06
92100,0.4,0.54,0.06,0.0738356,0.08430941,1.409413,166.08
92200,0.44,0.5,0.06,0.07672861,0.07275718,1.360214,170.34
92300,0.45,0.47,0.08,0.08414177,0.08085805,1.533615,187.68
92400,0.39,0.5,0.11,0.07936253,0.07382975,1.517215,214.08
92500,0.43,0.52,0.05,0.07715654,0.07263378,0.7900074,128.11
92600,0.43,0.53,0.04,0.08500598,0.08097807,0.9498083,140.34
92700,0.46,0.51,0.03,0.07323219,0.07037183,0.9352056,142.58
92800,0.5,0.45,0.05,0.08546574,0.08310258,1.183212,142.84
92900,0.47,0.49,0.04,0.08458816,0.0925839,1.055607,165.66
93000,0.42,0.51,0.07,0.1024105,0.107268,1.520217,163.95
93100,0.41,0.47,0.12,0.08634774,0.0954477,1.884221,204.69
93200,0.39,0.56,0.05,0.07560692,0.0663386,1.183012,150.06
93300,0.37,0.54,0.09,0.09365309,0.1129711,1.690417,164.96
93400,0.41,0.52,0.07,0.08038432,0.07659029,1.389014,155.16
93500,0.36,0.6,0.04,0.08298597,0.08766308,0.4034023,148.7
93600,0.41,0.55,0.04,0.08218305,0.08445767,0.7094073,144.41
93700,0.48,0.5,0.02,0.07970168,0.0755708,0.8076039,125.63
93800,0.46,0.5,0.04,0.0825632,0.08334644,0.7904074,149.99
93900,0.39,0.58,0.03,0.08606774,0.07804515,0.6258047,130.15
94000,0.42,0.53,0.05,0.08133094,0.08117791,1.074009,135.34
94100,0.33,0.62,0.05,0.09266341,0.1014886,0.8052089,138.81
94200,0.47,0.5,0.03,0.07919221,0.0843019,0.8540058,130.43
94300,0.43,0.49,0.08,0.08359128,0.079541,1.345814,178.22
94400,0.37,0.58,0.05,0.08057293,0.07615833,0.9104083,138.67
94500,0.42,0.51,0.07,0.08069757,0.1037153,1.438014,184.04
94600,0.4,0.55,0.05,0.09673843,0.1002757,1.037209,148.8
94700,0.41,0.52,0.07,0.07402903,0.07412235,1.249012,173.07
94800,0.41,0.52,0.07,0.08474618,0.08708971,1.300614,148.98
94900,0.32,0.61,0.07,0.08749583,0.09632145,1.590616,171.91
95000,0.29,0.65,0.06,0.07899399,0.07474079,0.9984086,170.89
95100,0.48,0.5,0.02,0.09157018,0.09761824,0.8514066,121.93
95200,0.45,0.46,0.09,0.09236114,0.09460681,1.950818,211.48
95300,0.49,0.44,0.07,0.07336883,0.06719816,1.506414,185.78
95400,0.4,0.52,0.08,0.08767422,0.09288181,1.358014,172.04
95500,0.4,0.55,0.05,0.0711491,0.07253186,1.113611,156.03
95600,0.43,0.47,0.1,0.07081638,0.07012196,1.657618,201.15
95700,0.37,0.59,0.04,0.09199081,0.1010815,0.7414057,132.23
95800,0.43,0.5,0.07,0.08106291,0.07651243,1.765616,166.8
95900,0.44,0.53,0.03,0.09562805,0.09117433,0.8792067,128.7
96000,0.35,0.58,0.07,0.08230753,0.0773909,1.358014,174.41
96100,0.46,0.48,0.06,0.0803951,0.09165681,1.06521,155.87
96200,0.46,0.45,0.09,0.07655538,0.1034122,1.356413,181.97
96300,0.4,0.53,0.07,0.08356051,0.09022208,1.437414,165.01
96400,0.47,0.5,0.03,0.08294776,0.08698905,0.7732036,129.97
96500,0.39,0.54,0.07,0.07071757,0.07357268,1.272412,170.08
96600,0.44,0.53,0.03,0.07442949,0.07250753,0.845007,120.21
96700,0.42,0.56,0.02,0.07783991,0.0748883,0.404202,130.63
96800,0.39,0.59,0.02,0.09227047,0.08932274,0.4472024,109.23
96900,0.47,0.5,0.03,0.08220686,0.08558454,0.4684022,123.8
97000,0.41,0.54,0.05,0.09303512,0.09522513,1.00901,145.27
97100,0.4,0.54,0.06,0.08286952,0.08941998,1.210012,173.62
97200,0.38,0.58,0.04,0.07929087,0.07570433,0.4976045,135.24
97300,0.45,0.47,0.08,0.07414716,0.07390168,0.9824085,181.45
97400,0.39,0.6,0.01,0.07865103,0.08231007,0.5056021,97.62
97500,0.48,0.48,0.04,0.08360824,0.1075939,0.8056047,144.4
97600,0.34,0.62,0.04,0.09157822,0.08943091,0.8946069,139.08
97700,0.36,0.55,0.09,0.08538993,0.09161871,2.055021,206.35
97800,0.33,0.6,0.07,0.08405007,0.08187746,0.9114096,173.82
97900,0.47,0.44,0.09,0.08072123,0.07464131,1.826818,186.07
98000,0.44,0.52,0.04,0.08883552,0.09182733,1.14321,152.21
98100,0.41,0.56,0.03,0.07987851,0.07310979,0.8886057,133.57
98200,0.41,0.56,0.03,0.07902766,0.07505763,0.5842045,105.82
98300,0.43,0.53,0.04,0.09555482,0.09997712,0.9516094,132.86
98400,0.46,0.47,0.07,0.07933722,0.06925035,1.301214,153.57
98500,0.46,0.5,0.04,0.07173517,0.0677288,0.8074058,136.93
98600,0.42,0.55,0.03,0.07392938,0.06817829,0.8086071,126.27
98700,0.44,0.5,0.06,0.08489121,0.08761053,1.053209,149.94
98800,0.46,0.51,0.03,0.07831537,0.08721542,0.5450016,137.44
98900,0.42,0.53,0.05,0.08542511,0.09611398,0.8238054,143.65
99000,0.35,0.64,0.01,0.07500043,0.08224706,0.3940025,115.03
99100,0.4,0.56,0.04,0.07759604,0.08101202,1.055609,135.76
99200,0.46,0.46,0.08,0.09509728,0.1115503,1.469414,169.5
99300,0.49,0.5,0.01,0.1007313,0.1251033,0.3217997,122.81
99400,0.4,0.53,0.07,0.0778381,0.07776196,0.8374073,166
99500,0.43,0.55,0.02,0.08666931,0.08985294,0.5968017,117.55
99600,0.52,0.44,0.04,0.08178667,0.09164513,1.141409,152.11
99700,0.4,0.57,0.03,0.0890969,0.09523582,0.5898045,133.03
99800,0.41,0.53,0.06,0.08017832,0.08416061,1.351411,162.75
99900,0.36,0.62,0.02,0.07877919,0.07407063,0.4506021,125.33
100000,0.47,0.48,0.05,0.07588483,0.0775572,0.9772089,144.55
100100,0.42,0.55,0.03,0.08623965,0.08414617,0.6456054,129.35
100200,0.37,0.57,0.06,0.08015867,0.08110662,1.134212,148.99
100300,0.41,0.53,0.06,0.08289501,0.09875697,1.351012,162.02
100400,0.32,0.59,0.09,0.08227544,0.08546196,1.852018,189.62
100500,0.38,0.54,0.08,0.08075446,0.07631733,1.703018,183.57
100600,0.5,0.47,0.03,0.07562076,0.07408896,0.9528065,126.75
100700,0.46,0.51,0.03,0.07862562,0.07538924,0.4588024,136.64
100800,0.45,0.47,0.08,0.07934847,0.07675835,1.548813,176.25
100900,0.41,0.5,0.09,0.07706485,0.07804307,1.897419,189.96
101000,0.38,0.57,0.05,0.08898388,0.09112095,0.9420092,149.26
101100,0.41,0.51,0.08,0.0800083,0.07340358,1.196411,172.97
101200,0.42,0.55,0.03,0.08091968,0.09876084,0.5614048,118.48
101300,0.43,0.51,0.06,0.08197161,0.07539203,1.131609,158.05
101400,0.47,0.49,0.04,0.07785156,0.0887024,1.035809,138.52
101500,0.49,0.47,0.04,0.08005504,0.07630701,1.169209,140.19
101600,0.46,0.48,0.06,0.0784041,0.09265396,1.356214,155.86
101700,0.41,0.54,0.05,0.08616843,0.1079071,1.258212,139.6
101800,0.41,0.55,0.04,0.0767983,0.0738562,0.9840083,148.87
101900,0.43,0.53,0.04,0.08202477,0.08341843,0.9694083,130.09
102000,0.45,0.49,0.06,0.07045076,0.06985769,1.399613,154.98
102100,0.48,0.46,0.06,0.07203483,0.07207174,1.548014,171.02
102200,0.44,0.52,0.04,0.08006327,0.09562223,0.9074062,145.88
102300,0.4,0.58,0.02,0.08347559,0.08248816,0.6192048,121.38
102400,0.45,0.48,0.07,0.08598794,0.07852186,1.028209,172.14
102500,0.39,0.57,0.04,0.07914564,0.0776445,0.9886091,146.05
102600,0.55,0.42,0.03,0.08751845,0.09647736,0.7948038,132.73
102700,0.43,0.51,0.06,0.07888512,0.09493709,1.177611,163.7
102800,0.42,0.54,0.04,0.07230326,0.07514401,1.048409,152.47
102900,0.42,0.57,0.01,0.07741285,0.07907549,0.5104018,124.7
103000,0.48,0.52,0,0.07889493,0.07398372,0.4918017,122.92
103100,0.53,0.44,0.03,0.09729981,0.1108194,0.5676049,124.54
103200,0.53,0.44,0.03,0.09949116,0.1079195,0.8946074,125.27
103300,0.44,0.5,0.06,0.09460265,0.09319168,0.6208048,158.43
103400,0.52,0.45,0.03,0.08053139,0.0767708,0.9696069,132.71
103500,0.39,0.54,0.07,0.07373061,0.07229533,1.675216,177.65
103600,0.43,0.56,0.01,0.1103696,0.1344082,0.3742,112.35
103700,0.37,0.6,0.03,0.08242254,0.0855424,0.8954072,144.41
103800,0.52,0.42,0.06,0.08157195,0.09314469,1.284411,155.55
103900,0.41,0.54,0.05,0.0736362,0.06900005,1.264812,154.99
104000,0.37,0.55,0.08,0.08008324,0.09019018,1.662415,187.62
104100,0.45,0.49,0.06,0.07821919,0.079331,1.293211,163.24
104200,0.48,0.46,0.06,0.08432483,0.07962849,0.6374022,154.56
104300,0.36,0.59,0.05,0.08470188,0.08574427,0.5844043,152.63
104400,0.38,0.59,0.03,0.1015092,0.1052579,0.6148047,151.27
104500,0.48,0.49,0.03,0.0899127,0.08251823,0.652805,131.13
104600,0.4,0.55,0.05,0.07937628,0.08528457,1.054409,161.14
104700,0.42,0.54,0.04,0.07530262,0.09108571,0.9314079,142.19
104800,0.38,0.59,0.03,0.08742134,0.089559,0.4366018,131.68
104900,0.36,0.6,0.04,0.08591049,0.08549162,0.8574075,118.71
105000,0.46,0.52,0.02,0.1011603,0.1035596,0.6122044,113.32
105100,0.42,0.53,0.05,0.09386304,0.1093639,1.094409,152.64
105200,0.39,0.55,0.06,0.08423544,0.08167262,1.416215,149.91
105300,0.41,0.54,0.05,0.07868367,0.07236686,0.9160089,135.05
105400,0.47,0.48,0.05,0.07210696,0.08022401,1.275612,135.71
105500,0.35,0.61,0.04,0.07154082,0.07345667,0.9228088,136.41
105600,0.33,0.63,0.04,0.08126998,0.08056296,0.949208,145.96
105700,0.45,0.47,0.08,0.0887731,0.09241015,1.419013,175.22
105800,0.35,0.59,0.06,0.09495364,0.1145848,0.9856094,150.29
105900,0.42,0.54,0.04,0.09817906,0.08331132,0.9794069,140.48
106000,0.4,0.56,0.04,0.0791503,0.08201037,0.9456089,124.23
106100,0.36,0.57,0.07,0.08002021,0.08515201,1.294011,167.77
106200,0.44,0.5,0.06,0.08445943,0.08489773,1.183611,146.22
106300,0.37,0.52,0.11,0.08507688,0.0992724,2.009019,201.38
106400,0.45,0.46,0.09,0.07780347,0.07653525,1.702818,182.14
106500,0.41,0.55,0.04,0.09004044,0.1175365,0.6604047,141.28
106600,0.47,0.47,0.06,0.07785999,0.07767246,1.442213,151.39
106700,0.43,0.53,0.04,0.07879304,0.08372178,0.8020063,148.01
106800,0.46,0.49,0.05,0.07688002,0.08697354,0.9854077,154.14
106900,0.43,0.52,0.05,0.08985468,0.08219602,0.8986068,154.44
107000,0.46,0.5,0.04,0.07184196,0.07500768,0.5982044,148.8
107100,0.49,0.47,0.04,0.08278653,0.09075532,1.13701,141.75
107200,0.39,0.57,0.04,0.07926778,0.07716224,0.6468042,165.02
107300,0.48,0.45,0.07,0.09394228,0.1078415,1.639014,164.14
107400,0.37,0.57,0.06,0.07345003,0.07225068,1.314614,177.07
107500,0.4,0.53,0.07,0.07473838,0.06985645,1.291612,178.58
107600,0.3,0.6,0.1,0.08650589,0.08846273,1.829621,197.01
107700,0.44,0.49,0.07,0.07264417,0.07209875,1.361814,167.63
107800,0.4,0.53,0.07,0.1024034,0.102201,1.410414,155.74
107900,0.48,0.47,0.05,0.08905663,0.08859123,1.294211,172.85
108000,0.42,0.51,0.07,0.07823534,0.08452184,1.464614,186.61
108100,0.39,0.56,0.05,0.07547694,0.07046087,1.144811,145.45
108200,0.43,0.52,0.05,0.08507356,0.08494856,1.191212,168.4
108300,0.4,0.54,0.06,0.07190687,0.07523458,1.297612,168.51
108400,0.43,0.46,0.11,0.07607703,0.07334802,2.254624,195.16
108500,0.45,0.5,0.05,0.07793459,0.07079986,1.202611,156.42
108600,0.38,0.51,0.11,0.07925873,0.078419,2.053821,206.18
108700,0.41,0.53,0.06,0.08728372,0.08963778,1.271613,147.9
108800,0.4,0.54,0.06,0.07980435,0.08065782,1.456814,166.9
108900,0.43,0.52,0.05,0.1015917,0.1055472,1.120009,156.83
109000,0.44,0.52,0.04,0.07655828,0.06796386,0.9968088,164.73
109100,0.47,0.5,0.03,0.0827441,0.07701156,0.6372039,121.73
109200,0.41,0.54,0.05,0.08113313,0.08966563,1.021809,144.95
109300,0.3,0.56,0.14,0.07116441,0.0761781,2.465626,243.75
109400,0.46,0.5,0.04,0.07710078,0.07329908,0.925007,148.25
109500,0.54,0.37,0.09,0.07943457,0.08243316,1.416013,171.05
109600,0.46,0.49,0.05,0.09055578,0.08334445,1.113611,139.15
109700,0.42,0.52,0.06,0.08616927,0.09048509,0.9734093,150.27
109800,0.38,0.54,0.08,0.07889856,0.0724971,1.08361,176.31
109900,0.56,0.41,0.03,0.08439686,0.07514492,0.8120041,148.39
110000,0.41,0.53,0.06,0.07936956,0.08883852,0.8704088,156.07
110100,0.38,0.53,0.09,0.07711897,0.07736466,1.897222,179.03
110200,0.45,0.52,0.03,0.08381397,0.08079308,0.939806,138.43
110300,0.37,0.58,0.05,0.07380898,0.07405218,1.259611,169.02
110400,0.49,0.47,0.04,0.110646,0.1204597,0.7574044,123.76
110500,0.44,0.48,0.08,0.07194516,0.06944594,1.207411,178.09
110600,0.4,0.55,0.05,0.0830102,0.08470355,1.05101,162.72
110700,0.42,0.51,0.07,0.07351327,0.07620146,1.383414,181.72
110800,0.4,0.54,0.06,0.07947306,0.07865992,1.144608,161.29
110900,0.51,0.44,0.05,0.07814685,0.07659283,1.299411,142.58
111000,0.45,0.51,0.04,0.07708128,0.08018276,0.9940069,144.27
111100,0.38,0.56,0.06,0.09277426,0.08567106,1.181811,146.27
111200,0.43,0.49,0.08,0.08465847,0.07394961,1.656819,159.8
111300,0.48,0.46,0.06,0.08063959,0.08328473,1.24061,150.09
111400,0.48,0.45,0.07,0.1091129,0.1170355,1.248011,160.82
111500,0.53,0.43,0.04,0.07946226,0.08610082,1.305609,144.7
111600,0.42,0.54,0.04,0.09670561,0.1062796,0.6954041,133.29
111700,0.42,0.51,0.07,0.07974699,0.08098963,0.7794045,186.83
111800,0.45,0.5,0.05,0.07947285,0.07732093,0.8688069,140.71
111900,0.56,0.4,0.04,0.0880536,0.08416998,0.8674068,137.24
112000,0.37,0.56,0.07,0.08259609,0.08169597,1.649416,174.85
112100,0.47,0.51,0.02,0.07758639,0.08838636,0.7084044,117.94
112200,0.5,0.47,0.03,0.07068332,0.07995944,0.7684047,134.26
112300,0.44,0.51,0.05,0.08127093,0.08552548,0.8424062,146.14
112400,0.46,0.51,0.03,0.08150069,0.1030293,0.8030046,132.27
112500,0.49,0.49,0.02,0.08046434,0.08631213,0.7076045,104.88
112600,0.44,0.51,0.05,0.08741451,0.09116305,1.145209,132.24
112700,0.44,0.5,0.06,0.08840135,0.09488157,1.438214,152.88
112800,0.44,0.46,0.1,0.08033926,0.08152017,1.840419,188.32
112900,0.39,0.55,0.06,0.09018775,0.09640346,1.544815,165.42
113000,0.44,0.51,0.05,0.08051153,0.08580531,0.8350068,140.54
113100,0.27,0.66,0.07,0.07664302,0.07248151,1.279413,161.92
113200,0.42,0.54,0.04,0.08044221,0.07871725,1.031209,149.78
113300,0.4,0.58,0.02,0.0800233,0.07410444,0.6514045,130.02
113400,0.55,0.41,0.04,0.06955394,0.06174908,0.3581997,156.76
113500,0.44,0.54,0.02,0.08459014,0.07905003,0.7392037,114.22
113600,0.54,0.4,0.06,0.07939214,0.07840431,1.456213,169.34
113700,0.39,0.53,0.08,0.08161721,0.09021191,1.611617,177.69
113800,0.47,0.51,0.02,0.07820871,0.07710138,0.5150037,125.37
113900,0.44,0.52,0.04,0.0704415,0.07346217,1.062807,130.89
114000,0.43,0.53,0.04,0.07844441,0.07689383,0.7714067,136.39
114100,0.48,0.41,0.11,0.0777645,0.08981365,1.727817,201
114200,0.52,0.41,0.07,0.08391524,0.08258461,1.077009,173.9
114300,0.47,0.44,0.09,0.07035692,0.06892547,1.848619,196.65
114400,0.42,0.54,0.04,0.08342931,0.08412195,0.808407,128.69
114500,0.49,0.47,0.04,0.07783812,0.07793582,1.180609,137.62
114600,0.49,0.44,0.07,0.07438447,0.07084992,1.492415,173.64
114700,0.43,0.53,0.04,0.08464312,0.07577357,0.7092062,124.17
114800,0.36,0.59,0.05,0.07773726,0.07573757,0.721607,162.15
114900,0.35,0.55,0.1,0.09028777,0.1033073,1.506616,191.13
115000,0.4,0.53,0.07,0.08582302,0.1019555,1.398414,156.35
115100,0.46,0.51,0.03,0.07446327,0.07021991,0.8542067,115.98
115200,0.42,0.55,0.03,0.07421484,0.07687275,0.7318043,140.96
115300,0.44,0.56,0,0.07994186,0.08217689,0.3177998,93.82
115400,0.37,0.61,0.02,0.08027044,0.08234088,0.4642022,121.77
115500,0.43,0.53,0.04,0.07472778,0.06728502,0.812807,132.73
115600,0.44,0.53,0.03,0.08549353,0.08676051,0.8542066,124.74
115700,0.36,0.59,0.05,0.1099287,0.1093381,1.228012,144.04
115800,0.45,0.47,0.08,0.08610688,0.09443454,1.681018,170.3
115900,0.44,0.49,0.07,0.07440507,0.0820253,1.266011,164.18
116000,0.37,0.56,0.07,0.08361623,0.08188574,1.175212,157.63
116100,0.51,0.46,0.03,0.09321803,0.09020714,0.7018046,136.68
116200,0.48,0.49,0.03,0.07399514,0.08528849,0.9562065,138.97
116300,0.41,0.55,0.04,0.08555827,0.09736653,0.9556087,123.7
116400,0.42,0.51,0.07,0.0731761,0.07708489,0.8888084,156.5
116500,0.5,0.47,0.03,0.07106929,0.06545868,0.9816076,127.7
116600,0.46,0.49,0.05,0.08782837,0.08881786,0.880207,140.13
116700,0.4,0.54,0.06,0.0719999,0.06279871,1.158811,191.03
116800,0.38,0.58,0.04,0.08456802,0.09300388,0.8234071,139.34
116900,0.38,0.51,0.11,0.08992998,0.0839671,2.053223,204.78
117000,0.36,0.59,0.05,0.08562535,0.08689968,0.764406,144.08
117100,0.36,0.59,0.05,0.07585501,0.07647105,0.725404,153.62
117200,0.46,0.51,0.03,0.07181171,0.06806336,0.4494015,148.5
117300,0.39,0.57,0.04,0.09019944,0.08642854,0.747605,144.36
117400,0.44,0.54,0.02,0.08878763,0.09122437,0.6228047,119.04
117500,0.38,0.55,0.07,0.08479634,0.08265178,1.243814,167.43
117600,0.39,0.54,0.07,0.09310552,0.09056605,1.521415,159.01
117700,0.5,0.42,0.08,0.08799298,0.08670662,1.240812,166.09
117800,0.42,0.54,0.04,0.07433154,0.07474688,0.8500057,162.02
117900,0.57,0.39,0.04,0.07790504,0.07120442,0.8654066,127.15
118000,0.38,0.56,0.06,0.06976279,0.07164858,1.220612,154.52
118100,0.41,0.53,0.06,0.07147229,0.06869155,0.9572083,163.75
118200,0.38,0.57,0.05,0.07298725,0.07069215,1.00041,159.13
118300,0.48,0.48,0.04,0.09219512,0.08714475,0.627804,139.29
118400,0.43,0.52,0.05,0.08129797,0.07521755,1.066812,149.31
118500,0.41,0.53,0.06,0.07470518,0.07342202,0.830607,154.19
118600,0.37,0.57,0.06,0.07623149,0.07949349,0.8352064,158.38
118700,0.38,0.53,0.09,0.1113869,0.0985776,1.497417,184.02
118800,0.46,0.5,0.04,0.06669217,0.06135887,1.094209,154.21
118900,0.42,0.53,0.05,0.07091767,0.06947845,1.182611,160.2
119000,0.51,0.43,0.06,0.07383227,0.08486173,1.459412,159.44
119100,0.44,0.51,0.05,0.0793004,0.07298525,0.5798042,141.48
119200,0.38,0.55,0.07,0.07410952,0.07931506,1.303812,167.23
119300,0.43,0.53,0.04,0.07937948,0.07583294,0.7930064,138.75
119400,0.44,0.5,0.06,0.08647745,0.1079333,1.257413,160.8
119500,0.45,0.5,0.05,0.07327531,0.07042241,1.173211,158.15
119600,0.45,0.52,0.03,0.08907674,0.08312076,0.7448035,143.97
119700,0.48,0.5,0.02,0.07550683,0.07294177,0.8366043,126.62
119800,0.36,0.6,0.04,0.09476514,0.08638117,0.839208,127.7
119900,0.55,0.42,0.03,0.07317765,0.06764871,0.7256047,143.63
120000,0.48,0.48,0.04,0.08191145,0.08261535,0.9244069,142.23
120100,0.36,0.55,0.09,0.07468616,0.07591006,1.408213,185.56
120200,0.46,0.51,0.03,0.0799755,0.08062389,0.6216043,126.31
120300,0.41,0.56,0.03,0.09922148,0.1109051,0.4668024,128.14
120400,0.46,0.47,0.07,0.08729818,0.08795744,1.311813,174.71
120500,0.34,0.62,0.04,0.09126578,0.1067434,0.6874062,140.89
120600,0.4,0.54,0.06,0.07937023,0.09470322,1.05321,154.57
120700,0.36,0.56,0.08,0.07888748,0.07835056,0.9064081,160.94
120800,0.39,0.57,0.04,0.09993552,0.1020754,0.6150042,133.85
120900,0.43,0.52,0.05,0.08310433,0.07738321,1.002809,148.04
121000,0.43,0.52,0.05,0.07536631,0.07388099,1.004608,153.22
121100,0.42,0.53,0.05,0.08015142,0.09623817,1.042609,139.9
121200,0.49,0.49,0.02,0.07370115,0.07696199,0.7000036,121.21
121300,0.45,0.49,0.06,0.06819511,0.07203151,1.068809,163.26
121400,0.47,0.48,0.05,0.07476649,0.07045247,1.044208,152.43
121500,0.38,0.49,0.13,0.07652308,0.0723263,2.455226,233.42
121600,0.45,0.5,0.05,0.07722616,0.07073761,1.090409,143.86
121700,0.34,0.61,0.05,0.07157607,0.09002693,0.7562057,154.69
121800,0.39,0.52,0.09,0.07464615,0.08972689,1.738217,187.2
121900,0.36,0.6,0.04,0.08521479,0.08317281,0.6684066,119.69
122000,0.38,0.6,0.02,0.07917795,0.08199444,0.5316045,102.26
122100,0.44,0.51,0.05,0.07649875,0.08134889,0.6782038,150.54
122200,0.42,0.54,0.04,0.08775527,0.07653482,1.02881,131.8
122300,0.39,0.56,0.05,0.08308337,0.07927216,1.03301,139.26
122400,0.37,0.58,0.05,0.08087399,0.08091685,0.7860066,153.52
122500,0.51,0.47,0.02,0.08380212,0.07637218,0.5422022,123.14
122600,0.47,0.5,0.03,0.07832832,0.0734531,0.6138045,139.43
122700,0.4,0.57,0.03,0.07815015,0.07299974,0.7130043,132.96
122800,0.46,0.48,0.06,0.07496106,0.1048936,1.247811,172.57
122900,0.43,0.55,0.02,0.07880612,0.08173323,0.4182023,116.8
123000,0.43,0.55,0.02,0.09130437,0.1089678,0.7360045,135.34
123100,0.48,0.5,0.02,0.07121687,0.0665158,0.7380036,127.66
123200,0.46,0.49,0.05,0.08264882,0.07679681,0.838807,149.46
123300,0.38,0.58,0.04,0.06967361,0.07085243,0.7058062,136.18
123400,0.48,0.48,0.04,0.07716952,0.09947159,0.6934044,147.34
123500,0.49,0.47,0.04,0.07928866,0.07796418,0.9234093,148.7
123600,0.38,0.55,0.07,0.0836226,0.08171956,1.182012,172.55
123700,0.5,0.46,0.04,0.08473121,0.08357307,0.6848047,146.79
123800,0.5,0.46,0.04,0.0744112,0.06643685,1.064209,140.97
123900,0.42,0.45,0.13,0.08062574,0.08033568,2.156424,231.74
124000,0.37,0.56,0.07,0.07591996,0.07223731,0.9574096,175.81
124100,0.46,0.49,0.05,0.08929051,0.0937936,1.220612,133.16
124200,0.39,0.58,0.03,0.07229646,0.06341821,0.7564071,151.4
124300,0.37,0.61,0.02,0.07696877,0.09005794,0.5880047,113.12
124400,0.53,0.45,0.02,0.07219072,0.06710748,0.4611996,120.97
124500,0.39,0.56,0.05,0.08804191,0.09057719,1.115611,158.86
124600,0.36,0.57,0.07,0.08455314,0.0941199,1.608017,170.24
124700,0.49,0.47,0.04,0.07405005,0.06822134,0.598402,139.98
124800,0.47,0.5,0.03,0.08214262,0.07898432,0.8212067,119.62
124900,0.43,0.55,0.02,0.08632027,0.0827342,0.6754048,121.06
125000,0.41,0.53,0.06,0.07315108,0.07893926,1.391613,156.95
125100,0.41,0.53,0.06,0.08531331,0.09144619,1.113411,164.64
125200,0.48,0.47,0.05,0.08541649,0.08314428,0.9994063,143.9
125300,0.32,0.64,0.04,0.07972119,0.08060359,0.9672083,136.66
125400,0.49,0.49,0.02,0.09669923,0.1017764,0.643204,111.08
125500,0.46,0.47,0.07,0.08908783,0.08195268,1.634014,169.54
125600,0.4,0.53,0.07,0.0724569,0.08122811,1.073811,155.28
125700,0.43,0.54,0.03,0.08743086,0.08454558,0.6456039,111.59
125800,0.41,0.53,0.06,0.08020077,0.07208654,0.9840091,157.87
125900,0.56,0.42,0.02,0.07103921,0.07407843,0.6818038,143.73
126000,0.45,0.49,0.06,0.0766221,0.08137104,1.21361,172
126100,0.46,0.5,0.04,0.07438879,0.07304791,1.067609,139.92
126200,0.37,0.58,0.05,0.08712043,0.09307981,0.8148069,184.26
126300,0.42,0.55,0.03,0.072984,0.06755403,0.787807,128.99
126400,0.42,0.52,0.06,0.100525,0.09571986,0.9360079,156.46
126500,0.44,0.55,0.01,0.07687351,0.07153036,0.6288022,129.61
126600,0.45,0.5,0.05,0.0783347,0.07474134,0.926205,151.88
126700,0.52,0.45,0.03,0.07975531,0.08402017,0.8824069,125.95
126800,0.45,0.51,0.04,0.08000609,0.08522305,1.05861,141.97
126900,0.36,0.59,0.05,0.07354534,0.07229526,1.212411,156.01
127000,0.4,0.53,0.07,0.07042416,0.07433995,1.308615,195.23
127100,0.35,0.6,0.05,0.078677,0.09105874,1.096008,157.39
127200,0.41,0.56,0.03,0.08338349,0.09930218,0.6100025,132.57
127300,0.46,0.46,0.08,0.08523193,0.07735597,1.486613,180.94
127400,0.43,0.54,0.03,0.07481396,0.07031383,0.7586064,115.82
127500,0.46,0.48,0.06,0.08118231,0.08892045,1.371012,156.6
127600,0.46,0.52,0.02,0.08286914,0.07424962,0.4646033,132.01
127700,0.38,0.55,0.07,0.08961616,0.1006735,1.066211,167.08
127800,0.45,0.5,0.05,0.06910362,0.07647876,0.7996072,144.55
127900,0.48,0.47,0.05,0.06718279,0.07322016,0.8710065,143.2
128000,0.43,0.54,0.03,0.07512373,0.07943067,0.6232019,145.36
128100,0.39,0.57,0.04,0.08657802,0.1007329,1.140009,166.4
128200,0.43,0.53,0.04,0.07189749,0.06720269,1.086409,130.67
128300,0.4,0.56,0.04,0.08645147,0.07801332,0.7836062,154.61
128400,0.39,0.56,0.05,0.07824277,0.07667452,0.9810079,146.5
128500,0.54,0.45,0.01,0.09151255,0.09675616,0.4964023,105.07
128600,0.44,0.52,0.04,0.09148873,0.09310141,0.926609,137.69
128700,0.4,0.56,0.04,0.07430916,0.07597248,0.5470042,146.4
128800,0.42,0.57,0.01,0.08824788,0.09509461,0.4670023,100.3
128900,0.35,0.57,0.08,0.08519861,0.09762774,0.8334062,182.36
129000,0.42,0.5,0.08,0.07772841,0.07755401,1.417017,166.53
129100,0.52,0.45,0.03,0.0867882,0.08859631,0.8866068,128.18
129200,0.41,0.57,0.02,0.08562155,0.08685221,0.6244043,118.51
129300,0.36,0.56,0.08,0.08024461,0.07946333,1.323812,177.14
129400,0.48,0.46,0.06,0.09033915,0.09251506,1.205411,143.37
129500,0.45,0.49,0.06,0.07084096,0.0709125,1.632216,173.46
129600,0.45,0.5,0.05,0.07496177,0.0787622,1.081609,164.58
129700,0.41,0.56,0.03,0.08583615,0.08729015,0.785207,130.28
129800,0.43,0.45,0.12,0.07918721,0.08123094,2.078023,206.08
129900,0.38,0.59,0.03,0.07431307,0.07909936,0.6850032,137.25
130000,0.45,0.5,0.05,0.09069295,0.08202747,0.6196041,145.64
130100,0.32,0.63,0.05,0.07779707,0.07694339,1.035011,167.54
130200,0.47,0.49,0.04,0.07471406,0.07396621,0.9806066,145.75
130300,0.39,0.56,0.05,0.07752121,0.07039247,0.9480083,154.05
130400,0.37,0.54,0.09,0.08197982,0.0757141,1.398214,176.95
130500,0.47,0.46,0.07,0.07505106,0.07717533,0.9442087,163.31
130600,0.44,0.53,0.03,0.07988324,0.07614321,0.7708073,120.59
130700,0.52,0.4,0.08,0.08458426,0.08352575,1.515213,177.01
130800,0.46,0.48,0.06,0.07339303,0.0692232,1.247012,167.1
130900,0.41,0.55,0.04,0.07937462,0.07965966,0.7416061,123.4
131000,0.39,0.56,0.05,0.08409438,0.09070861,0.8910068,129.81
131100,0.46,0.49,0.05,0.07933392,0.07539001,1.128209,153.83
131200,0.39,0.57,0.04,0.08583256,0.08370873,0.8772089,145.58
131300,0.39,0.51,0.1,0.08356728,0.08883654,2.078023,201.75
131400,0.46,0.48,0.06,0.07997357,0.07344037,1.021409,140.25
131500,0.37,0.58,0.05,0.08900657,0.1034608,0.9630091,128.22
131600,0.43,0.49,0.08,0.08535272,0.09828784,1.513816,165.06
131700,0.39,0.57,0.04,0.07706829,0.08799525,0.7724065,137.59
131800,0.54,0.41,0.05,0.09036993,0.1097333,1.476412,150.23
131900,0.41,0.54,0.05,0.105114,0.1344132,0.7448058,145.5
132000,0.36,0.56,0.08,0.07110973,0.07106803,0.9528089,170.72
132100,0.36,0.6,0.04,0.08228421,0.07880622,0.8830075,150.12
132200,0.4,0.57,0.03,0.07086098,0.06895347,0.4760021,158.16
132300,0.41,0.54,0.05,0.09086177,0.09658516,0.7694072,141.16
132400,0.37,0.55,0.08,0.07778841,0.07176472,1.383814,194.55
132500,0.41,0.53,0.06,0.07648402,0.07047889,1.11621,164.06
132600,0.46,0.47,0.07,0.08073731,0.07570802,1.545615,172.46
132700,0.48,0.48,0.04,0.0937224,0.08998568,0.7282065,135.57
132800,0.37,0.58,0.05,0.08383261,0.07720398,1.20021,135.95
132900,0.4,0.53,0.07,0.07555771,0.07719809,1.352612,179.7
133000,0.42,0.5,0.08,0.08504251,0.08295144,0.7004048,174.11
133100,0.44,0.52,0.04,0.07881341,0.07487388,0.8786063,159.83
133200,0.47,0.46,0.07,0.07887807,0.07967506,1.490814,160.99
133300,0.37,0.59,0.04,0.07131979,0.0716584,0.8362069,157.78
133400,0.3,0.61,0.09,0.1000601,0.1039094,1.571818,186.63
133500,0.47,0.46,0.07,0.1089363,0.1049012,1.530417,166.3
133600,0.43,0.54,0.03,0.08517557,0.09518878,0.6904047,132.08
133700,0.33,0.64,0.03,0.0953578,0.1238137,0.5600048,115.45
133800,0.41,0.51,0.08,0.07307529,0.07019677,1.750617,196.48
133900,0.39,0.56,0.05,0.07518569,0.07111017,0.991409,148.41
134000,0.4,0.55,0.05,0.07883492,0.07311713,1.122209,154.41
134100,0.52,0.42,0.06,0.0866763,0.07771374,1.442412,159.18
134200,0.43,0.53,0.04,0.07503074,0.07349606,0.6454048,149.88
134300,0.48,0.48,0.04,0.07204094,0.06602583,1.057409,141.42
134400,0.44,0.49,0.07,0.06589595,0.08462092,1.449614,183.37
134500,0.42,0.51,0.07,0.08443283,0.08043699,0.9204082,166.48
134600,0.41,0.51,0.08,0.07238328,0.07359226,1.490616,184.2
134700,0.43,0.51,0.06,0.07917134,0.0934433,1.024409,163.99
134800,0.39,0.57,0.04,0.08335554,0.07544278,0.9862092,122.36
134900,0.45,0.51,0.04,0.07589974,0.07176065,0.837006,131.44
135000,0.33,0.64,0.03,0.08426882,0.07973551,0.4460035,138.37
135100,0.49,0.46,0.05,0.08582845,0.08642676,1.24921,152.22
135200,0.35,0.58,0.07,0.09477955,0.09467214,1.177811,149.57
135300,0.47,0.47,0.06,0.08522449,0.1025004,1.409411,155.02
135400,0.51,0.46,0.03,0.07868909,0.07321718,0.808807,130.3
135500,0.42,0.55,0.03,0.08396993,0.08904409,0.7102041,138.69
135600,0.44,0.5,0.06,0.09033442,0.1036987,0.9566086,147.51
135700,0.43,0.53,0.04,0.08445153,0.08055384,0.8138066,128.12
135800,0.48,0.44,0.08,0.08069882,0.08239699,1.490813,187.94
135900,0.45,0.44,0.11,0.08627003,0.09060828,1.87202,188.01
136000,0.44,0.49,0.07,0.08077458,0.0798066,1.283211,177.97
136100,0.36,0.62,0.02,0.0784646,0.07507338,0.4572024,133.09
136200,0.4,0.58,0.02,0.07977742,0.07457728,0.2805998,116.88
136300,0.45,0.5,0.05,0.08745438,0.0914616,1.251212,128.88
136400,0.36,0.63,0.01,0.09957631,0.1124818,0.4474024,108.49
136500,0.44,0.45,0.11,0.08430196,0.0795702,1.319814,203.61
136600,0.4,0.54,0.06,0.06844515,0.06391473,1.05341,173.16
136700,0.4,0.57,0.03,0.07975276,0.11687,0.4494019,145.23
136800,0.37,0.58,0.05,0.0759303,0.07268057,1.130809,158.42
136900,0.44,0.5,0.06,0.08327814,0.07772201,1.15761,168.19
137000,0.41,0.55,0.04,0.07355344,0.07630519,0.7714059,138.68
137100,0.48,0.47,0.05,0.07196145,0.06945843,0.996608,146.52
137200,0.47,0.46,0.07,0.08779604,0.1064979,1.539415,166.07
137300,0.37,0.55,0.08,0.08037791,0.08708013,1.564814,183.49
137400,0.37,0.6,0.03,0.08641094,0.0805409,0.7092044,128.03
137500,0.44,0.53,0.03,0.08115844,0.06895654,0.630005,121.79
137600,0.32,0.64,0.04,0.09990747,0.09635819,0.7740071,128.92
137700,0.43,0.56,0.01,0.08626563,0.07845857,0.454002,95.26
137800,0.39,0.57,0.04,0.07036323,0.07605202,1.082809,131.06
137900,0.46,0.5,0.04,0.09238469,0.115913,0.7494047,134.87
138000,0.44,0.5,0.06,0.07658029,0.08121209,1.00301,135.96
138100,0.49,0.49,0.02,0.09630737,0.09669046,0.4106021,107.61
138200,0.5,0.48,0.02,0.07135492,0.07081085,0.5964041,121.67
138300,0.43,0.54,0.03,0.07105675,0.07429691,0.6996065,129.93
138400,0.35,0.56,0.09,0.0794935,0.07354934,1.629617,174.53
138500,0.5,0.41,0.09,0.08736386,0.09387872,1.478212,190.55
138600,0.47,0.48,0.05,0.07197665,0.07094957,1.266409,161.13
138700,0.46,0.49,0.05,0.08553279,0.09344902,1.419411,156.78
138800,0.45,0.52,0.03,0.08885271,0.1024222,0.7930057,133.54
138900,0.41,0.53,0.06,0.07232898,0.06633712,1.388214,170.65
139000,0.42,0.52,0.06,0.08721104,0.08833972,1.174212,144.77
139100,0.38,0.53,0.09,0.08298876,0.09141053,1.540218,168.38
139200,0.36,0.58,0.06,0.07162581,0.06895729,1.084008,151.41
139300,0.4,0.53,0.07,0.07494884,0.07357286,1.661016,171.46
139400,0.4,0.56,0.04,0.07498012,0.06764285,0.7562065,139.97
139500,0.4,0.57,0.03,0.08786382,0.09883556,0.5760042,127.11
139600,0.38,0.55,0.07,0.07256237,0.07329793,1.358014,162.9
139700,0.45,0.49,0.06,0.08833381,0.1058128,0.8178074,161.93
139800,0.3,0.62,0.08,0.07304172,0.06987026,1.535014,183.5
139900,0.35,0.6,0.05,0.08244068,0.0849288,1.052012,148.98
140000,0.43,0.52,0.05,0.09749852,0.09319086,1.000008,140.56
140100,0.41,0.5,0.09,0.08524407,0.09573797,1.458414,185.17
140200,0.41,0.57,0.02,0.08542115,0.08025594,0.687804,127.6
140300,0.42,0.51,0.07,0.08206478,0.07546013,1.344414,161.25
140400,0.5,0.49,0.01,0.09480941,0.1050542,0.3659998,108.68
140500,0.46,0.5,0.04,0.07531499,0.07555777,0.6670046,136.67
140600,0.47,0.48,0.05,0.08327994,0.09836256,1.152809,167.34
140700,0.39,0.57,0.04,0.08524632,0.0978069,0.7506063,137.42
140800,0.38,0.58,0.04,0.07573454,0.0731677,1.041409,151.71
140900,0.44,0.53,0.03,0.1209867,0.1173814,0.6544045,125.49
141000,0.38,0.55,0.07,0.08178537,0.08995488,1.318613,177.35
141100,0.42,0.49,0.09,0.08336973,0.07350399,1.616416,178.98
141200,0.35,0.57,0.08,0.07508938,0.0815141,0.9896098,184.34
141300,0.35,0.59,0.06,0.0791266,0.08538574,0.9120099,146.72
141400,0.44,0.52,0.04,0.0763485,0.08498362,0.6124039,134.4
141500,0.46,0.49,0.05,0.07922299,0.09026656,0.856207,140.98
141600,0.43,0.53,0.04,0.08135425,0.07819265,0.6886044,150.34
141700,0.45,0.53,0.02,0.08501776,0.07715568,0.7794037,121.92
141800,0.44,0.53,0.03,0.08085056,0.07687639,0.7924072,124.09
141900,0.5,0.48,0.02,0.07177969,0.06729418,0.8172045,122.88
142000,0.43,0.49,0.08,0.07981312,0.08904579,1.513414,168.53
142100,0.47,0.5,0.03,0.07899372,0.07585882,0.6992065,112.33
142200,0.42,0.51,0.07,0.08855792,0.08458416,1.335012,155.35
142300,0.43,0.49,0.08,0.08419523,0.0825278,1.452414,167.83
142400,0.54,0.4,0.06,0.07505925,0.07143524,1.21421,164.53
142500,0.45,0.51,0.04,0.08930561,0.09415074,0.8728069,147.39
142600,0.45,0.5,0.05,0.0863867,0.0867803,1.033208,153.88
142700,0.44,0.47,0.09,0.08148798,0.08784814,1.446814,180.81
142800,0.47,0.5,0.03,0.1153988,0.1206197,0.809404,134.77
142900,0.42,0.52,0.06,0.06953096,0.06715047,1.470413,156.19
143000,0.48,0.48,0.04,0.07446484,0.06808553,0.9374058,140.41
143100,0.44,0.52,0.04,0.08380201,0.08496282,0.6716048,133.66
143200,0.47,0.46,0.07,0.07104789,0.06898865,0.8612069,161.65
143300,0.45,0.51,0.04,0.09338409,0.0926904,0.8508083,120.99
143400,0.45,0.52,0.03,0.0720899,0.07675405,0.919407,142.32
143500,0.4,0.58,0.02,0.08035051,0.07558663,0.1999999,119.84
143600,0.43,0.55,0.02,0.07843924,0.09168063,0.5782023,136.34
143700,0.53,0.42,0.05,0.07692152,0.07107069,1.027207,142.15
143800,0.38,0.58,0.04,0.0794687,0.07976165,0.7116064,136.28
143900,0.41,0.54,0.05,0.09053305,0.09327459,0.4780018,145.3
144000,0.43,0.54,0.03,0.09930395,0.1063028,0.7034041,120.03
144100,0.44,0.48,0.08,0.08252114,0.09655578,1.765018,160.4
144200,0.44,0.49,0.07,0.0832953,0.08981677,0.7252062,154.39
144300,0.55,0.41,0.04,0.08644176,0.08091416,0.8672047,113.5
144400,0.36,0.61,0.03,0.08140779,0.07374781,0.5920044,124.75
144500,0.41,0.56,0.03,0.07468012,0.07517653,0.7458061,137.06
144600,0.43,0.53,0.04,0.08720784,0.09323779,0.8548069,153.88
144700,0.46,0.5,0.04,0.09245908,0.08240148,1.087609,149
144800,0.38,0.58,0.04,0.08695003,0.09683032,0.8500077,123.61
144900,0.43,0.53,0.04,0.08261213,0.08506614,0.8944076,122.35
145000,0.45,0.45,0.1,0.07029298,0.07357778,2.357424,199.1
145100,0.31,0.61,0.08,0.07563195,0.0698569,1.113412,168.46
145200,0.42,0.52,0.06,0.09355718,0.106571,1.156011,141.74
145300,0.46,0.5,0.04,0.07648499,0.07075755,0.470002,147.54
145400,0.38,0.58,0.04,0.08618003,0.09292777,0.9890076,134.77
145500,0.38,0.51,0.11,0.07521334,0.08088461,1.905019,209.86
145600,0.39,0.56,0.05,0.08037955,0.09950937,1.114008,154.2
145700,0.47,0.48,0.05,0.07950069,0.08115866,0.9838069,153.45
145800,0.44,0.52,0.04,0.08405117,0.09653852,0.9602086,124.3
145900,0.47,0.49,0.04,0.08525885,0.09479825,0.8772068,131.06
146000,0.35,0.54,0.11,0.08703106,0.09313934,1.960621,213.27
146100,0.46,0.5,0.04,0.08423039,0.0848196,1.024806,140.11
146200,0.41,0.53,0.06,0.08818574,0.1107254,1.204811,159.19
146300,0.38,0.57,0.05,0.07074919,0.07033934,1.152411,154.19
146400,0.4,0.51,0.09,0.08180764,0.08246838,1.949221,187.62
146500,0.41,0.52,0.07,0.09052974,0.08549917,1.317413,166.89
146600,0.47,0.46,0.07,0.07283634,0.07103471,1.20761,163.97
146700,0.47,0.5,0.03,0.08312544,0.08778459,0.5492035,118.07
146800,0.37,0.59,0.04,0.08820854,0.09571223,0.9466074,138.92
146900,0.47,0.49,0.04,0.08465726,0.1170328,0.865206,123.81
147000,0.31,0.6,0.09,0.07137993,0.07369968,1.709217,196.23
147100,0.42,0.52,0.06,0.09109912,0.09045645,1.27821,156.87
147200,0.49,0.47,0.04,0.08807673,0.08725565,0.7198051,130.46
147300,0.43,0.54,0.03,0.0753117,0.08027652,0.6572044,124.23
147400,0.42,0.55,0.03,0.08903401,0.1056413,0.6980039,141.91
147500,0.53,0.39,0.08,0.08441968,0.09712914,1.502414,170.69
147600,0.42,0.55,0.03,0.07030465,0.07188275,0.744206,126.91
147700,0.4,0.52,0.08,0.08464949,0.09167531,1.442013,171.34
147800,0.38,0.61,0.01,0.08374526,0.09026849,0.5676035,101.83
147900,0.36,0.58,0.06,0.07484055,0.07433839,1.375813,155.34
148000,0.44,0.53,0.03,0.07928023,0.08287962,0.630605,130.83
148100,0.38,0.56,0.06,0.09871069,0.1005558,1.269813,139.3
148200,0.46,0.48,0.06,0.08216205,0.07546688,0.4960024,150.65
148300,0.51,0.47,0.02,0.07383098,0.07907766,0.7984048,112.42
148400,0.37,0.59,0.04,0.1013699,0.1155435,0.7886063,147.16
148500,0.38,0.55,0.07,0.09207323,0.08781747,0.9340093,156.04
148600,0.44,0.49,0.07,0.0829607,0.08226882,1.455015,157.1
148700,0.46,0.49,0.05,0.08294779,0.1084405,0.9338071,138.27
148800,0.46,0.48,0.06,0.07346362,0.06896146,1.15701,146.27
148900,0.39,0.55,0.06,0.08164723,0.08994319,1.377412,163.68
149000,0.38,0.57,0.05,0.070759,0.06939432,1.08541,149.36
149100,0.39,0.55,0.06,0.09103853,0.0987935,1.136211,155.58
149200,0.55,0.41,0.04,0.08928761,0.0773538,1.196209,132.15
149300,0.44,0.48,0.08,0.08878925,0.0834092,0.8666088,167
149400,0.52,0.4,0.08,0.1080982,0.1122849,1.571816,166.84
149500,0.41,0.55,0.04,0.09166642,0.08973318,0.8002068,133.04
149600,0.46,0.48,0.06,0.07436623,0.07536826,1.397614,159.27
149700,0.43,0.49,0.08,0.08113559,0.07680739,1.596015,178.06
149800,0.44,0.52,0.04,0.07886928,0.09187612,0.684404,165.78
149900,0.36,0.56,0.08,0.0942217,0.0979898,1.489216,178.26
150000,0.45,0.48,0.07,0.07636935,0.07173663,1.376013,174.88
150100,0.46,0.49,0.05,0.086464,0.08775032,0.9550073,158.78
150200,0.46,0.49,0.05,0.06964186,0.06188185,0.9982093,158.77
150300,0.33,0.59,0.08,0.082827,0.08621649,1.576016,184.22
150400,0.47,0.49,0.04,0.0866549,0.09306678,0.8544064,140.3
150500,0.47,0.47,0.06,0.07419544,0.0736521,1.18541,141.12
150600,0.4,0.53,0.07,0.07882,0.09862492,1.290811,156.66
150700,0.35,0.61,0.04,0.07615156,0.07520761,0.7940072,146.79
150800,0.46,0.49,0.05,0.07125983,0.07076485,1.424013,155.06
150900,0.46,0.48,0.06,0.07572033,0.0910287,1.186409,167.17
151000,0.42,0.52,0.06,0.07313599,0.06983132,1.297412,146.98
151100,0.37,0.58,0.05,0.07912053,0.07738371,1.294412,150.63
151200,0.39,0.52,0.09,0.080833,0.0757098,1.269611,176.08
151300,0.4,0.51,0.09,0.07252023,0.06636696,1.768018,177.2
151400,0.54,0.43,0.03,0.09218191,0.107109,0.9816059,139.71
151500,0.44,0.47,0.09,0.08613534,0.08162104,1.522813,188.47
151600,0.42,0.51,0.07,0.0776239,0.0756349,1.275012,163.77
151700,0.36,0.58,0.06,0.08091953,0.0737567,1.202212,145.67
151800,0.48,0.48,0.04,0.08695459,0.08986527,0.8134071,139.17
151900,0.41,0.49,0.1,0.09624825,0.08892402,1.85522,197.82
152000,0.5,0.46,0.04,0.09045453,0.09766255,0.9366071,129.76
152100,0.44,0.49,0.07,0.09419503,0.08789121,1.286812,174.94
152200,0.52,0.45,0.03,0.07643384,0.07870939,0.5724045,119.66
152300,0.44,0.5,0.06,0.06772093,0.06984676,1.380611,175.04
152400,0.47,0.47,0.06,0.07272188,0.07349258,1.086609,156.69
152500,0.36,0.58,0.06,0.07621501,0.08931922,0.950407,161.49
152600,0.46,0.48,0.06,0.07450147,0.07235986,1.282212,169.94
152700,0.44,0.49,0.07,0.07492536,0.08767427,1.362414,162.06
152800,0.43,0.54,0.03,0.09459498,0.100963,0.6462049,125.71
152900,0.42,0.52,0.06,0.09233455,0.09227569,1.462214,146.38
153000,0.34,0.56,0.1,0.07995977,0.07910214,1.87962,200.82
153100,0.44,0.52,0.04,0.09253272,0.0844294,0.9814074,135.03
153200,0.48,0.47,0.05,0.08315328,0.09852655,1.335012,156.99
153300,0.46,0.53,0.01,0.08733702,0.08614983,0.2403998,114
153400,0.39,0.53,0.08,0.07261081,0.0746858,1.465014,183.63
153500,0.32,0.6,0.08,0.08554751,0.1026408,1.026011,193.88
153600,0.44,0.52,0.04,0.0900403,0.114667,0.5030016,152.55
153700,0.46,0.5,0.04,0.07361599,0.07310509,0.832607,143.38
153800,0.47,0.51,0.02,0.0885168,0.111392,0.8068039,124.98
153900,0.51,0.47,0.02,0.08918892,0.09739985,0.7570038,106.52
154000,0.45,0.51,0.04,0.09421321,0.1084173,0.9850087,122.01
154100,0.37,0.59,0.04,0.1025056,0.09815254,0.9236091,123.65
154200,0.48,0.47,0.05,0.07660356,0.07066723,0.7732035,141.39
154300,0.36,0.56,0.08,0.083848,0.08483256,1.195013,160.36
154400,0.42,0.5,0.08,0.09093914,0.09196556,1.324213,184.99
154500,0.45,0.51,0.04,0.07062317,0.06944199,1.019809,141.75
154600,0.4,0.55,0.05,0.09156515,0.09753671,0.9982084,129.31
154700,0.5,0.42,0.08,0.1012138,0.1034418,1.379613,171.67
154800,0.49,0.44,0.07,0.07194586,0.06808731,1.430614,185.97
154900,0.5,0.46,0.04,0.07713687,0.0753722,0.8898075,144.74
155000,0.35,0.58,0.07,0.07599197,0.07159784,0.9862067,165.19
155100,0.43,0.55,0.02,0.09752519,0.09995309,0.6822047,112.88
155200,0.44,0.5,0.06,0.07475669,0.08728611,1.328413,165.45
155300,0.39,0.53,0.08,0.08149691,0.07599679,1.131811,181.55
155400,0.39,0.56,0.05,0.07498097,0.07547401,1.091209,174.5
155500,0.43,0.52,0.05,0.08058939,0.1023768,0.7076043,158.68
155600,0.43,0.49,0.08,0.08231684,0.08051638,1.537215,173.73
155700,0.4,0.56,0.04,0.0859678,0.08190734,0.8808063,137.22
155800,0.42,0.51,0.07,0.08258673,0.08990733,1.259211,165.21
155900,0.33,0.62,0.05,0.08794573,0.09105692,0.8594061,148.05
156000,0.42,0.53,0.05,0.08125526,0.08895292,1.202209,153.37
156100,0.4,0.51,0.09,0.1007433,0.09803687,1.417415,194.68
156200,0.46,0.5,0.04,0.08660429,0.09195533,0.9650086,141.72
156300,0.4,0.57,0.03,0.08639415,0.08637574,0.9654067,131.31
156400,0.37,0.58,0.05,0.07949962,0.07971868,0.9222082,146.36
156500,0.44,0.48,0.08,0.08199333,0.07849552,1.193812,160.7
156600,0.42,0.52,0.06,0.0772467,0.08114589,1.375611,143.03
156700,0.41,0.53,0.06,0.07786146,0.08567292,1.368213,158.47
156800,0.41,0.54,0.05,0.08836599,0.1037394,1.024409,138.4
156900,0.4,0.5,0.1,0.08612193,0.08993763,1.688219,205.11
157000,0.46,0.51,0.03,0.07594143,0.07490169,0.6858047,142.67
157100,0.37,0.56,0.07,0.07751379,0.08212955,1.313213,165.83
157200,0.41,0.55,0.04,0.07061142,0.06905591,0.8112071,154.18
157300,0.33,0.61,0.06,0.09514312,0.1018874,1.00701,150.28
157400,0.35,0.61,0.04,0.07341571,0.08529023,0.5016022,142.25
157500,0.39,0.55,0.06,0.07851089,0.08021007,0.8654069,167.25
157600,0.46,0.53,0.01,0.09156278,0.1038935,0.530602,113.68
157700,0.41,0.52,0.07,0.09027335,0.1034641,1.304814,147.76
157800,0.46,0.49,0.05,0.08902349,0.09074327,0.8558077,136.23
157900,0.38,0.6,0.02,0.08494483,0.08484697,0.6762044,99.01
158000,0.41,0.51,0.08,0.08179978,0.08883482,1.539017,194.33
158100,0.54,0.46,0,0.07170597,0.07398649,0.3491997,92.09
158200,0.45,0.48,0.07,0.07433363,0.08585615,1.491813,172.69
158300,0.51,0.42,0.07,0.08433082,0.07786447,1.529214,152.9
158400,0.42,0.51,0.07,0.07432878,0.07560867,1.385814,163.72
158500,0.34,0.59,0.07,0.07159325,0.06861815,1.180611,174.26
158600,0.43,0.53,0.04,0.0726585,0.07421249,0.8626061,153.3
158700,0.45,0.52,0.03,0.07053969,0.07466644,0.9206072,123.78
158800,0.43,0.49,0.08,0.08709013,0.08816733,1.261811,177.71
158900,0.46,0.52,0.02,0.09029558,0.1035565,0.6304043,110.79
159000,0.36,0.56,0.08,0.0890356,0.1019131,1.481814,173.68
159100,0.36,0.63,0.01,0.08577034,0.1077854,0.3272019,89.22
159200,0.47,0.49,0.04,0.07541611,0.07150202,0.8282067,152.66
159300,0.45,0.51,0.04,0.09034014,0.1014166,0.9380087,127.53
159400,0.37,0.55,0.08,0.09293116,0.08816961,1.669817,177.32
159500,0.43,0.51,0.06,0.08824845,0.08722486,1.027012,145.47
159600,0.4,0.57,0.03,0.07795878,0.09215935,0.6806043,126.62
159700,0.49,0.51,0,0.09226437,0.09692064,0.2809998,83.54
159800,0.39,0.59,0.02,0.08432572,0.08055071,0.7030045,117.39
159900,0.49,0.44,0.07,0.07984607,0.0710011,1.464213,172.55
160000,0.45,0.49,0.06,0.07735774,0.08688824,0.7932073,182.61
160100,0.45,0.48,0.07,0.08081709,0.09295519,1.095209,154.01
160200,0.51,0.43,0.06,0.08613686,0.09047636,0.9768065,161.94
160300,0.43,0.55,0.02,0.07878576,0.08594574,0.7880044,130.48
160400,0.33,0.63,0.04,0.08383445,0.09460136,0.9998091,137.57
160500,0.43,0.5,0.07,0.07050312,0.07084185,1.132012,173.4
160600,0.37,0.6,0.03,0.0753936,0.07183886,0.8904064,140.84
160700,0.44,0.48,0.08,0.08648694,0.09723394,1.493216,154.03
160800,0.44,0.52,0.04,0.08374938,0.09736806,0.5648047,124.63
160900,0.49,0.45,0.06,0.07586717,0.07310984,0.8018069,165.4
161000,0.43,0.51,0.06,0.08513726,0.08089764,1.185212,171.28
161100,0.41,0.54,0.05,0.09175862,0.1092351,1.076209,139.27
161200,0.41,0.52,0.07,0.07721556,0.07631353,1.311214,158.7
161300,0.46,0.49,0.05,0.07837296,0.07588804,0.8816068,154.45
161400,0.39,0.55,0.06,0.07930702,0.07352609,1.242611,141.71
161500,0.4,0.54,0.06,0.1001525,0.1080643,1.245211,161.67
161600,0.32,0.62,0.06,0.08288906,0.09454243,1.220611,161.09
161700,0.41,0.53,0.06,0.08671069,0.1105325,0.5904043,156.73
161800,0.34,0.63,0.03,0.08042233,0.07210954,0.792407,136.06
161900,0.47,0.5,0.03,0.08615663,0.09205656,0.7960058,133.68
162000,0.42,0.52,0.06,0.07296066,0.07363769,1.354811,166.38
162100,0.46,0.48,0.06,0.07463686,0.07402188,0.9656067,169.6
162200,0.4,0.53,0.07,0.1072366,0.09764791,1.326814,177.37
162300,0.41,0.58,0.01,0.08127763,0.09643789,0.2645998,113.99
162400,0.39,0.55,0.06,0.07906552,0.07907262,1.17081,150.94
162500,0.44,0.5,0.06,0.07766824,0.08695204,1.11161,152.04
162600,0.35,0.61,0.04,0.07959548,0.07410965,0.7930072,140.85
162700,0.46,0.48,0.06,0.1096906,0.1329588,1.008808,148.96
162800,0.43,0.52,0.05,0.07077005,0.07156109,0.8706062,150.32
162900,0.41,0.54,0.05,0.08437391,0.07849566,0.819006,143.65
163000,0.4,0.53,0.07,0.09162469,0.1033688,1.291013,163.41
163100,0.47,0.49,0.04,0.07014639,0.07407438,0.8652058,138.44
163200,0.42,0.51,0.07,0.07705978,0.08297565,1.401613,178.63
163300,0.38,0.57,0.05,0.07826931,0.08668096,0.8552068,163.67
163400,0.43,0.49,0.08,0.07749309,0.07007789,1.169011,173.54
163500,0.45,0.49,0.06,0.09551477,0.1293052,0.759006,145.61
163600,0.41,0.54,0.05,0.08324939,0.07680642,1.16081,152.01
163700,0.47,0.46,0.07,0.07827048,0.07741416,1.138611,160.74
163800,0.41,0.56,0.03,0.07566638,0.07300139,0.6750044,146.31
163900,0.41,0.56,0.03,0.07604229,0.07322466,0.8672062,130.54
164000,0.45,0.5,0.05,0.07917222,0.07160044,1.302412,133.72
164100,0.46,0.51,0.03,0.0745795,0.07320351,0.5026024,124.52
164200,0.44,0.52,0.04,0.08581897,0.08507193,0.757207,128.82
164300,0.42,0.53,0.05,0.07810552,0.07867429,0.8292075,153.43
164400,0.42,0.54,0.04,0.07845953,0.07322108,0.6152051,129.94
164500,0.41,0.52,0.07,0.0839356,0.08404285,1.334813,166.32
164600,0.43,0.54,0.03,0.07259332,0.08881441,1.062806,126.65
164700,0.49,0.44,0.07,0.08850494,0.08059898,1.506414,173.5
164800,0.4,0.52,0.08,0.08221418,0.07410724,1.367414,171.31
164900,0.38,0.56,0.06,0.08100316,0.09181753,0.8400072,163.22
165000,0.4,0.53,0.07,0.08786409,0.08940481,1.634016,170.84
165100,0.39,0.55,0.06,0.07536061,0.07903851,1.293611,171.18
165200,0.5,0.45,0.05,0.07761867,0.08330467,1.198409,133.85
165300,0.42,0.53,0.05,0.07703273,0.067675,0.7194047,160.63
165400,0.42,0.53,0.05,0.09076719,0.09567866,1.026408,169.84
165500,0.41,0.55,0.04,0.07391539,0.07123219,0.8334043,146.38
165600,0.49,0.45,0.06,0.09544267,0.1056973,1.153608,150.82
165700,0.4,0.56,0.04,0.08232994,0.09337551,0.937409,153.96
165800,0.48,0.45,0.07,0.08155458,0.07582065,1.583214,180.53
165900,0.4,0.54,0.06,0.07977955,0.08062432,1.448812,157.38
166000,0.44,0.51,0.05,0.0980931,0.1061918,1.219411,150.67
166100,0.43,0.5,0.07,0.07696324,0.08456624,1.423612,169.45
166200,0.4,0.56,0.04,0.08372244,0.08656828,1.095809,161.24
166300,0.41,0.58,0.01,0.07602549,0.080513,0.4606022,109.77
166400,0.43,0.52,0.05,0.08783779,0.08957502,1.204211,143.39
166500,0.41,0.52,0.07,0.082196,0.09012464,1.266413,166.26
166600,0.44,0.5,0.06,0.07320431,0.08008619,1.330211,160.67
166700,0.47,0.46,0.07,0.07625857,0.07701171,1.353411,169.55
166800,0.46,0.51,0.03,0.0766018,0.07536915,0.4298022,131.85
166900,0.42,0.5,0.08,0.07409568,0.07195047,1.273012,171.33
167000,0.41,0.56,0.03,0.09498633,0.1092398,0.7692059,120.55
167100,0.45,0.51,0.04,0.0866533,0.08572906,0.5476048,129.65
167200,0.43,0.5,0.07,0.08899403,0.08980212,1.10961,168.58
167300,0.41,0.51,0.08,0.07513002,0.08047082,1.616615,189.8
167400,0.46,0.5,0.04,0.07563412,0.08118768,0.6630049,139.44
167500,0.36,0.61,0.03,0.07623135,0.07883037,0.3734024,121.55
167600,0.52,0.44,0.04,0.08243452,0.07689308,0.3333998,129.25
167700,0.4,0.55,0.05,0.06678468,0.06750833,1.11021,146.26
167800,0.49,0.5,0.01,0.0780903,0.07162299,0.5762019,127.45
167900,0.47,0.45,0.08,0.07733858,0.07365328,1.01141,178.65
168000,0.43,0.55,0.02,0.09025206,0.09937488,0.5468041,125.99
168100,0.48,0.47,0.05,0.07631073,0.07725065,1.095009,154.8
168200,0.36,0.59,0.05,0.09657462,0.1116249,0.4004019,145.47
168300,0.39,0.49,0.12,0.09220657,0.08863459,2.124224,201.13
168400,0.42,0.5,0.08,0.09350301,0.09729937,1.523015,193.53
168500,0.52,0.45,0.03,0.07913311,0.08131157,0.9356073,138.38
168600,0.46,0.5,0.04,0.1074627,0.1171525,0.6632042,129.34
168700,0.45,0.51,0.04,0.07233103,0.08531833,0.6734072,140.68
168800,0.44,0.55,0.01,0.06426425,0.06143426,0.4336017,123.96
168900,0.49,0.48,0.03,0.08198237,0.08789196,0.7866045,144.02
169000,0.5,0.45,0.05,0.08448634,0.07895135,1.081807,162.3
169100,0.32,0.66,0.02,0.08667016,0.09640278,0.6272044,112.26
169200,0.45,0.51,0.04,0.08516786,0.09433358,0.9170098,131.14
169300,0.36,0.56,0.08,0.07520521,0.08208783,1.341811,185.24
169400,0.46,0.47,0.07,0.0905184,0.08831409,1.488615,166.94
169500,0.43,0.52,0.05,0.08179385,0.08379765,0.9812093,146.29
169600,0.41,0.54,0.05,0.07863655,0.07444369,1.060809,151.63
169700,0.4,0.52,0.08,0.07683259,0.07831699,1.142612,179.98
169800,0.38,0.48,0.14,0.0753857,0.07450822,2.278024,215.53
169900,0.32,0.62,0.06,0.08842041,0.1060848,1.264213,148.5
170000,0.46,0.49,0.05,0.0714232,0.06723861,1.308012,158.17
170100,0.39,0.55,0.06,0.07992728,0.08486967,1.140612,158.66
170200,0.47,0.48,0.05,0.080219,0.08701095,1.053409,154.99
170300,0.38,0.56,0.06,0.08641469,0.08179102,1.279814,159.66
170400,0.46,0.49,0.05,0.07635448,0.07196076,1.169811,140.09
170500,0.42,0.54,0.04,0.06652419,0.06776334,0.862007,132.94
170600,0.45,0.48,0.07,0.07552791,0.07941911,1.226211,150.41
170700,0.41,0.49,0.1,0.07288479,0.07427634,1.714617,195.99
170800,0.51,0.45,0.04,0.07605364,0.08602146,1.057209,131.02
170900,0.42,0.53,0.05,0.07431397,0.06688528,0.5818043,150.91
171000,0.43,0.55,0.02,0.07359473,0.07171404,0.5292047,128.4
171100,0.41,0.55,0.04,0.08560655,0.09381038,1.037609,142.79
171200,0.44,0.52,0.04,0.0699406,0.06765214,0.9538076,144.34
171300,0.41,0.49,0.1,0.07253756,0.07624351,1.98422,206.28
171400,0.45,0.49,0.06,0.06460047,0.06359157,1.304611,169.11
171500,0.31,0.63,0.06,0.09438482,0.1054573,0.5326048,148.71
171600,0.38,0.57,0.05,0.06675905,0.06692126,0.8684068,154.85
171700,0.48,0.48,0.04,0.08490022,0.08607878,0.628602,129.27
171800,0.44,0.49,0.07,0.07826777,0.07176119,1.18401,178.6
171900,0.39,0.53,0.08,0.0771288,0.07209194,1.413214,179.28
172000,0.46,0.49,0.05,0.07432958,0.08183527,1.088208,150.98
172100,0.5,0.48,0.02,0.07810539,0.07382521,0.7074046,126.92
172200,0.35,0.58,0.07,0.08846776,0.09285495,0.9258083,160.17
172300,0.43,0.55,0.02,0.06842563,0.06617194,0.569802,145.31
172400,0.39,0.56,0.05,0.078357,0.07783055,0.9618083,147.03
172500,0.43,0.55,0.02,0.07759489,0.06940445,0.4160021,127.26
172600,0.47,0.47,0.06,0.09406754,0.08464153,1.15721,171.07
172700,0.43,0.53,0.04,0.08843266,0.1028131,0.8014066,134.18
172800,0.41,0.56,0.03,0.07937852,0.07778201,0.8064069,116.2
172900,0.39,0.55,0.06,0.08761191,0.08047238,1.349211,160.54
173000,0.38,0.56,0.06,0.07814714,0.07702427,1.09021,162.83
173100,0.46,0.48,0.06,0.08115105,0.08004529,1.242011,157.58
173200,0.38,0.57,0.05,0.08233187,0.07815479,1.022409,141.79
173300,0.48,0.43,0.09,0.08075666,0.1010824,1.339811,200.71
173400,0.36,0.52,0.12,0.08742464,0.08689341,2.001023,205.96
173500,0.46,0.49,0.05,0.0980628,0.09700359,0.7734068,154.71
173600,0.41,0.56,0.03,0.08592357,0.08825967,0.5206046,121.19
173700,0.38,0.52,0.1,0.07581799,0.06792343,1.668818,205.89
173800,0.45,0.51,0.04,0.09024686,0.1053443,1.063808,131.69
173900,0.44,0.53,0.03,0.1028643,0.09824024,0.7650046,140.7
174000,0.43,0.51,0.06,0.07512023,0.0748542,1.189809,167.36
174100,0.4,0.54,0.06,0.08976781,0.08453564,1.138611,157.01
174200,0.5,0.47,0.03,0.08370383,0.09153308,0.4620018,134.01
174300,0.48,0.48,0.04,0.1159924,0.1091652,0.9216064,133.24
174400,0.44,0.52,0.04,0.07846832,0.0746277,0.7988055,147.17
174500,0.47,0.49,0.04,0.0793212,0.08468852,0.7758077,152.27
174600,0.43,0.54,0.03,0.07592221,0.07989994,0.9254071,128.29
174700,0.41,0.55,0.04,0.07532559,0.07204814,0.6412044,149.04
174800,0.45,0.52,0.03,0.08623289,0.09022868,0.566204,148.33
174900,0.34,0.6,0.06,0.0786517,0.09030529,0.8184086,158.97
175000,0.43,0.53,0.04,0.08406894,0.09617257,0.6832041,148.87
175100,0.45,0.51,0.04,0.09101528,0.1080307,1.025209,151.88
175200,0.43,0.53,0.04,0.08105999,0.07576429,0.8104068,130.44
175300,0.45,0.49,0.06,0.08163609,0.0818254,1.16921,158.69
175400,0.45,0.47,0.08,0.07302069,0.07248335,1.495013,178.69
175500,0.44,0.53,0.03,0.07822537,0.07316703,0.5916036,117.91
175600,0.4,0.55,0.05,0.09660802,0.1055067,0.6184065,134.77
175700,0.43,0.53,0.04,0.09481502,0.08376472,0.7910067,140.62
175800,0.6,0.38,0.02,0.0776955,0.07172294,0.8222051,120.23
175900,0.49,0.43,0.08,0.09519942,0.1191562,1.390614,148.54
176000,0.47,0.47,0.06,0.0877936,0.08787849,0.9218066,158.24
176100,0.39,0.57,0.04,0.07775538,0.07575005,1.00021,130.5
176200,0.36,0.56,0.08,0.08969345,0.08590623,1.144611,168.95
176300,0.4,0.56,0.04,0.07380089,0.07230131,0.8060055,153.63
176400,0.39,0.57,0.04,0.07148074,0.06630436,0.5342041,142.28
176500,0.32,0.56,0.12,0.07751805,0.07349693,1.869821,197.47
176600,0.42,0.53,0.05,0.08884145,0.09153257,0.5754046,131.04
176700,0.35,0.58,0.07,0.09108692,0.103851,1.143011,160.29
176800,0.44,0.5,0.06,0.08704839,0.08584239,1.436814,151.82
176900,0.45,0.5,0.05,0.07945155,0.0912376,1.190211,143.12
177000,0.42,0.49,0.09,0.07356035,0.06926633,1.152009,180.45
177100,0.44,0.53,0.03,0.0765147,0.09490409,0.9086061,147.2
177200,0.42,0.51,0.07,0.07620697,0.07954007,0.9776093,166.66
177300,0.34,0.54,0.12,0.07370403,0.07113888,2.437028,201.85
177400,0.42,0.47,0.11,0.09751505,0.09377807,2.263024,190.42
177500,0.51,0.44,0.05,0.08959998,0.09474263,1.250611,150.26
177600,0.45,0.51,0.04,0.0799261,0.08914144,0.5610042,134.42
177700,0.43,0.51,0.06,0.08329834,0.08564187,0.9786091,147.42
177800,0.4,0.56,0.04,0.06869239,0.07255974,0.6644047,147
177900,0.39,0.56,0.05,0.08065854,0.07923541,0.8822082,141.65
178000,0.46,0.48,0.06,0.100685,0.0999774,1.396613,157.09
178100,0.42,0.54,0.04,0.07768606,0.07847236,0.5032039,135.55
178200,0.41,0.56,0.03,0.08866312,0.08644924,0.8312078,140.72
178300,0.42,0.52,0.06,0.07852948,0.07740381,0.8664087,154.2
178400,0.42,0.52,0.06,0.08385908,0.0819951,0.9620087,166.42
178500,0.44,0.53,0.03,0.09549007,0.1043862,0.4440022,127.83
178600,0.43,0.55,0.02,0.09017757,0.103034,0.4166017,104.83
178700,0.4,0.56,0.04,0.0781222,0.09275685,0.8706071,147.27
178800,0.5,0.45,0.05,0.09135144,0.1053996,0.8990066,133.74
178900,0.4,0.56,0.04,0.08598302,0.08678385,0.7864066,124
179000,0.54,0.42,0.04,0.07651574,0.08793619,1.025206,130.55
179100,0.5,0.48,0.02,0.07485035,0.08186651,0.5846024,134.31
179200,0.47,0.47,0.06,0.0895244,0.1020654,0.9858095,147.93
179300,0.46,0.51,0.03,0.08874708,0.08832587,0.7814069,130.84
179400,0.49,0.45,0.06,0.08870082,0.08426486,0.7954058,150.92
179500,0.36,0.6,0.04,0.0781011,0.07872719,0.7260069,119.49
179600,0.51,0.45,0.04,0.08383941,0.08842835,0.9822063,161.1
179700,0.45,0.5,0.05,0.07395226,0.08190731,0.9772069,165.5
179800,0.43,0.54,0.03,0.06951822,0.06557416,0.2599998,124.14
179900,0.46,0.51,0.03,0.09616475,0.09734398,0.4140018,118.23
180000,0.35,0.6,0.05,0.08953512,0.09464884,1.042211,134.29
180100,0.37,0.59,0.04,0.07127307,0.07441719,0.8194067,148.43
180200,0.44,0.48,0.08,0.08618419,0.08727405,1.408614,181.72
180300,0.46,0.52,0.02,0.09860285,0.1071879,0.4086021,111.37
180400,0.4,0.52,0.08,0.08001229,0.09275915,1.870418,172.68
180500,0.38,0.58,0.04,0.08150096,0.08119838,0.780407,134.54
180600,0.39,0.56,0.05,0.07552829,0.07877037,1.044409,141.08
180700,0.32,0.61,0.07,0.08611873,0.08625804,1.095211,176.87
180800,0.41,0.59,0,0.08989331,0.08510824,0.2801998,90.98
180900,0.38,0.56,0.06,0.08468758,0.07191622,0.9008083,169.48
181000,0.43,0.54,0.03,0.08516198,0.0801697,0.6356041,137.2
181100,0.4,0.54,0.06,0.06617981,0.06315734,1.05561,156.2
181200,0.43,0.53,0.04,0.09384424,0.08707022,0.8660071,136.99
181300,0.47,0.49,0.04,0.08644412,0.1021165,0.8986071,145.31
181400,0.44,0.51,0.05,0.1093641,0.112072,0.686205,135.08
181500,0.41,0.56,0.03,0.08083425,0.08326639,0.8502066,130.15
181600,0.49,0.46,0.05,0.07868126,0.08009547,0.7474046,166.56
181700,0.43,0.55,0.02,0.09055193,0.09153505,0.5738048,116.5
181800,0.37,0.59,0.04,0.1156449,0.1227889,0.7464047,146.19
181900,0.43,0.53,0.04,0.07829038,0.07949014,0.6390041,141.94
182000,0.44,0.53,0.03,0.07106163,0.07153041,0.5386045,121.94
182100,0.48,0.45,0.07,0.08151387,0.1252913,1.227612,163.44
182200,0.43,0.51,0.06,0.08360475,0.08207131,1.139409,159.57
182300,0.47,0.45,0.08,0.08873835,0.1022766,1.19381,168.21
182400,0.48,0.49,0.03,0.07984239,0.07679264,0.5594043,121.88
182500,0.45,0.5,0.05,0.0809251,0.08983187,1.071208,142.4
182600,0.39,0.57,0.04,0.08094918,0.09120761,0.4420024,131.7
182700,0.39,0.5,0.11,0.08167063,0.08556481,1.562417,183.18
182800,0.41,0.5,0.09,0.08049187,0.0886201,1.263011,187.2
182900,0.43,0.5,0.07,0.07700329,0.07347026,1.332614,158.87
183000,0.46,0.5,0.04,0.06928566,0.07427557,0.8062049,146.63
183100,0.41,0.53,0.06,0.06950127,0.07403102,1.452013,148.21
183200,0.4,0.58,0.02,0.08078676,0.08331143,0.6292046,106.41
183300,0.42,0.54,0.04,0.07724973,0.08162396,0.8702079,159.05
183400,0.29,0.66,0.05,0.07795778,0.07787765,1.064809,152.89
183500,0.39,0.53,0.08,0.07581723,0.0732688,1.029809,171.01
183600,0.47,0.49,0.04,0.1046342,0.1237335,0.9320069,135.16
183700,0.37,0.55,0.08,0.1053006,0.1001534,1.182612,173.3
183800,0.44,0.46,0.1,0.08948164,0.09668725,1.772619,192.36
183900,0.48,0.46,0.06,0.08173428,0.07409879,1.144211,159.61
184000,0.37,0.57,0.06,0.09665829,0.1103002,1.220212,170.1
184100,0.41,0.51,0.08,0.07046609,0.06629401,1.240811,181.65
184200,0.35,0.59,0.06,0.07626785,0.08277015,1.196212,156.04
184300,0.37,0.57,0.06,0.07156027,0.06829354,1.08701,169.2
184400,0.34,0.58,0.08,0.07924394,0.07295472,1.466215,169.5
184500,0.48,0.46,0.06,0.06933537,0.0692522,1.392013,153.67
184600,0.45,0.49,0.06,0.08350749,0.08893776,1.334011,181.98
184700,0.41,0.56,0.03,0.07138858,0.06658906,0.5770046,135.08
184800,0.43,0.55,0.02,0.09145977,0.09391809,0.2465998,118.02
184900,0.36,0.55,0.09,0.08111391,0.07472,1.527417,166.84
185000,0.45,0.47,0.08,0.07337976,0.07564083,1.750217,183.06
185100,0.46,0.5,0.04,0.07860217,0.0738849,0.8928068,145.99
185200,0.42,0.54,0.04,0.07924655,0.07898589,0.7762067,129.73
185300,0.43,0.53,0.04,0.0827255,0.09755128,0.9996095,146.15
185400,0.4,0.53,0.07,0.07333804,0.0790437,1.240412,165.41
185500,0.47,0.49,0.04,0.07790086,0.0723725,0.8304073,129.27
185600,0.38,0.57,0.05,0.07770631,0.06842241,0.8296068,146.07
185700,0.4,0.5,0.1,0.08605248,0.08540016,1.255812,189.69
185800,0.4,0.57,0.03,0.08649202,0.08203335,0.536402,127.55
185900,0.45,0.52,0.03,0.07791886,0.0812376,0.6752039,127.22
186000,0.39,0.53,0.08,0.08283561,0.08297554,1.437415,163.38
186100,0.34,0.59,0.07,0.08169974,0.07452753,1.259613,168.94
186200,0.41,0.55,0.04,0.0897579,0.1172845,0.693607,141.72
186300,0.39,0.56,0.05,0.09123933,0.09524362,1.073009,158.66
186400,0.45,0.52,0.03,0.08279058,0.07914928,0.7358046,118.61
186500,0.36,0.56,0.08,0.07477725,0.08656888,1.563016,172.99
186600,0.38,0.62,0,0.08116818,0.0746363,0.1699999,91.79
186700,0.37,0.57,0.06,0.08014482,0.06972588,1.319015,166.4
186800,0.44,0.54,0.02,0.08201616,0.07960824,0.6182043,120.53
186900,0.33,0.64,0.03,0.09046942,0.09552091,0.5122039,119.92
187000,0.39,0.55,0.06,0.07591054,0.0883916,0.9936082,153.16
187100,0.42,0.54,0.04,0.07435847,0.06742947,0.8674068,143.35
187200,0.44,0.53,0.03,0.07683508,0.09303086,0.7060046,137.11
187300,0.41,0.56,0.03,0.07624717,0.06963854,0.9656069,146.94
187400,0.42,0.51,0.07,0.08002137,0.08175053,1.437411,182.61
187500,0.41,0.53,0.06,0.08803529,0.0838775,1.038009,166.78
187600,0.54,0.45,0.01,0.08349195,0.08614907,0.5722014,112.48
187700,0.44,0.5,0.06,0.09059933,0.0958296,1.304411,150.69
187800,0.39,0.56,0.05,0.0869545,0.09206346,0.9440097,133.92
187900,0.45,0.49,0.06,0.0806564,0.07736933,0.7604046,147.27
188000,0.41,0.53,0.06,0.07705055,0.08178574,1.315013,163.86
188100,0.44,0.51,0.05,0.07214596,0.06537321,1.071611,148.16
188200,0.35,0.58,0.07,0.07866104,0.07877599,1.352014,146.66
188300,0.37,0.59,0.04,0.08368397,0.08273651,0.7988064,128.9
188400,0.51,0.47,0.02,0.08124564,0.08977154,0.5612046,110.59
188500,0.47,0.5,0.03,0.08540637,0.09107891,0.6448042,113.57
188600,0.41,0.53,0.06,0.09863845,0.09494956,0.8300064,153.29
188700,0.41,0.55,0.04,0.08576629,0.09487721,0.9472089,127.66
188800,0.52,0.45,0.03,0.08002013,0.08163545,0.9808066,139.74
188900,0.42,0.53,0.05,0.08203763,0.07946457,1.134208,143.42
189000,0.38,0.59,0.03,0.08225131,0.07902171,0.3804019,120.69
189100,0.43,0.52,0.05,0.08941004,0.1034442,1.058808,144.63
189200,0.4,0.5,0.1,0.07742585,0.07170337,1.802417,194.48
189300,0.4,0.53,0.07,0.0693231,0.06482548,1.309411,169.56
189400,0.36,0.56,0.08,0.077806,0.08267627,1.165211,169.14
189500,0.44,0.5,0.06,0.07287231,0.07731412,1.186209,161.16
189600,0.4,0.55,0.05,0.07042897,0.07446977,1.012409,146.8
189700,0.41,0.55,0.04,0.08009669,0.08485192,0.876407,139.73
189800,0.34,0.58,0.08,0.08405323,0.08724687,1.515015,172.49
189900,0.38,0.56,0.06,0.08444671,0.08950631,1.377414,148.07
190000,0.45,0.5,0.05,0.07628679,0.08749099,0.7828072,154.56
190100,0.42,0.51,0.07,0.0936603,0.09830005,1.065809,161.68
190200,0.49,0.45,0.06,0.06870899,0.06056593,0.9134066,164.58
190300,0.43,0.52,0.05,0.06977057,0.08044672,0.8200064,147.19
190400,0.43,0.51,0.06,0.09411664,0.08250758,1.02381,149.69
190500,0.41,0.53,0.06,0.06313363,0.06931192,1.153612,163.71
190600,0.47,0.49,0.04,0.07956966,0.08150333,0.6904046,133.01
190700,0.42,0.49,0.09,0.0940017,0.09087469,1.460213,191.11
190800,0.43,0.54,0.03,0.07501376,0.07132909,0.8144071,129.1
190900,0.52,0.42,0.06,0.07676125,0.07656261,0.7582062,140.56
191000,0.38,0.55,0.07,0.07016201,0.06832772,1.244013,158.35
191100,0.42,0.52,0.06,0.08129098,0.06964498,0.7416066,181.21
191200,0.34,0.56,0.1,0.07119558,0.06999157,1.978822,193.65
191300,0.42,0.52,0.06,0.08462657,0.08057365,1.180812,147.85
191400,0.34,0.59,0.07,0.07996038,0.08310458,1.231411,172.77
191500,0.44,0.54,0.02,0.07672996,0.06943213,0.4248016,107.36
191600,0.43,0.49,0.08,0.07679487,0.0744322,1.341614,158.61
191700,0.45,0.51,0.04,0.08092553,0.08184379,0.6458043,129.83
191800,0.35,0.56,0.09,0.0883816,0.085323,1.651419,177.42
191900,0.43,0.48,0.09,0.08515963,0.08406992,1.208011,167.66
192000,0.35,0.59,0.06,0.07239609,0.07076261,1.07721,174.32
192100,0.43,0.48,0.09,0.08174688,0.07738636,1.612217,175.83
192200,0.46,0.53,0.01,0.1057214,0.107474,0.2213998,99.9
192300,0.45,0.45,0.1,0.08081858,0.0883617,1.89142,175.72
192400,0.38,0.55,0.07,0.07613486,0.08493723,1.297614,156.75
192500,0.43,0.5,0.07,0.09048864,0.1004629,1.043409,166.56
192600,0.45,0.52,0.03,0.08649231,0.08734938,0.6984049,119.06
192700,0.4,0.55,0.05,0.07870519,0.07250454,1.09761,151.78
192800,0.47,0.49,0.04,0.08172155,0.08795199,0.9128065,145.31
192900,0.43,0.52,0.05,0.07120468,0.07721414,1.221212,135.26
193000,0.47,0.5,0.03,0.07682204,0.07987305,0.770805,134.48
193100,0.37,0.56,0.07,0.07780478,0.07203025,1.281415,152.78
193200,0.41,0.57,0.02,0.08270805,0.0929997,0.6276042,114.52
193300,0.45,0.5,0.05,0.06367902,0.07407159,0.6894048,140.69
193400,0.39,0.53,0.08,0.08587041,0.0875174,1.004208,161.99
193500,0.4,0.52,0.08,0.1063004,0.1116951,1.740618,161.64
193600,0.45,0.48,0.07,0.07790932,0.07160351,1.244412,163.4
193700,0.49,0.47,0.04,0.1046684,0.1025775,1.106809,132.02
193800,0.41,0.53,0.06,0.08530766,0.08205012,1.02221,135.07
193900,0.44,0.52,0.04,0.0800551,0.09766324,0.6872044,143.8
194000,0.34,0.6,0.06,0.06764635,0.06641402,1.141011,166.42
194100,0.45,0.5,0.05,0.08516617,0.09435686,1.135012,127.15
194200,0.43,0.54,0.03,0.07825779,0.08533804,0.8524071,119.22
194300,0.43,0.52,0.05,0.0847307,0.0914037,0.5176035,150.2
194400,0.4,0.57,0.03,0.08730674,0.096949,0.4682021,119.97
194500,0.39,0.56,0.05,0.06825361,0.06348682,1.02441,145.2
194600,0.43,0.53,0.04,0.08008116,0.09409101,0.356002,157.78
194700,0.4,0.56,0.04,0.07357956,0.07083908,0.6960067,144.26
194800,0.37,0.58,0.05,0.0781426,0.07954188,1.174011,136.92
194900,0.4,0.56,0.04,0.06800774,0.06807308,0.3984017,139.33
195000,0.46,0.5,0.04,0.08846907,0.08514543,1.086808,124.03
195100,0.38,0.55,0.07,0.0818259,0.0847936,1.371414,171.92
195200,0.39,0.56,0.05,0.08359495,0.07733243,0.9252073,150.36
195300,0.37,0.54,0.09,0.08860174,0.1102034,1.094809,181.65
195400,0.39,0.57,0.04,0.07329152,0.06911314,0.6168024,139.88
195500,0.4,0.56,0.04,0.07386233,0.07263695,0.7918075,129.88
195600,0.38,0.54,0.08,0.08387839,0.07969294,1.340813,172.58
195700,0.34,0.61,0.05,0.08027989,0.07386711,0.5770044,129.7
195800,0.36,0.6,0.04,0.07636671,0.07799407,0.8074082,143.93
195900,0.55,0.42,0.03,0.1060244,0.1137204,0.8376037,126.72
196000,0.53,0.44,0.03,0.09360881,0.09978171,0.973207,124.32
196100,0.41,0.54,0.05,0.09983232,0.1192771,1.136012,146.76
196200,0.43,0.52,0.05,0.07668927,0.06829583,0.8244071,134.58
196300,0.36,0.57,0.07,0.07825707,0.07511284,1.530616,165.03
196400,0.46,0.5,0.04,0.07134265,0.07161062,0.8940057,146.42
196500,0.43,0.46,0.11,0.09945423,0.110697,1.99302,207.47
196600,0.4,0.51,0.09,0.07553414,0.07321248,1.433414,201.27
196700,0.48,0.45,0.07,0.08146754,0.08421497,1.609816,160.95
196800,0.33,0.61,0.06,0.0888798,0.09058933,0.9052095,139.07
196900,0.42,0.52,0.06,0.08209953,0.08653372,0.8640082,167.66
197000,0.38,0.52,0.1,0.08102867,0.08638054,1.695419,181.27
197100,0.51,0.47,0.02,0.09718691,0.1093395,0.5530021,122.31
197200,0.39,0.52,0.09,0.08347258,0.07561874,1.331613,168.97
197300,0.37,0.59,0.04,0.08366051,0.08906651,0.9452086,121.25
197400,0.45,0.5,0.05,0.08267109,0.08099065,0.9096061,143.52
197500,0.43,0.52,0.05,0.06939252,0.06271388,1.101809,146.88
197600,0.38,0.56,0.06,0.07535437,0.07758095,0.8922086,145.89
197700,0.38,0.56,0.06,0.07280263,0.07512501,0.7696072,152.88
197800,0.34,0.56,0.1,0.07371663,0.06654096,1.659018,190.33
197900,0.34,0.61,0.05,0.07683429,0.06898625,1.116009,148.43
198000,0.44,0.55,0.01,0.08966505,0.08584302,0.412202,92.83
198100,0.5,0.41,0.09,0.07870942,0.09183033,1.700817,179.27
198200,0.36,0.56,0.08,0.09359982,0.09166794,1.069811,162.94
198300,0.4,0.55,0.05,0.06877258,0.07512381,1.070809,147.11
198400,0.45,0.46,0.09,0.07078386,0.06672186,1.777418,182.33
198500,0.35,0.6,0.05,0.09123008,0.1015918,0.9338095,135.42
198600,0.42,0.52,0.06,0.07961557,0.08081976,1.209212,146.55
198700,0.45,0.51,0.04,0.08403387,0.08576179,0.6768044,127.74
198800,0.42,0.52,0.06,0.09159984,0.09979296,1.211612,161.42
198900,0.44,0.49,0.07,0.07963745,0.07514565,1.434014,154.16
199000,0.37,0.55,0.08,0.08853957,0.09204554,1.277814,168.01
199100,0.42,0.55,0.03,0.08003557,0.08684657,0.4608023,117.64
199200,0.39,0.55,0.06,0.08271905,0.07852507,1.115211,168.49
199300,0.42,0.55,0.03,0.07425904,0.0704596,0.6632047,139.14
199400,0.43,0.53,0.04,0.0834015,0.07857168,1.051209,128.73
199500,0.38,0.58,0.04,0.07736884,0.09620956,1.017608,139.59
199600,0.35,0.6,0.05,0.1009155,0.1028142,0.9132092,140.97
199700,0.44,0.5,0.06,0.07579416,0.0730345,1.207212,151
199800,0.43,0.51,0.06,0.07988331,0.08347906,1.12561,157.67
199900,0.41,0.5,0.09,0.07898635,0.08826916,1.337612,176.92
200000,0.46,0.49,0.05,0.111,0.105096,0.8970068,143.26
200100,0.37,0.6,0.03,0.1265831,0.1460754,0.6048048,109.08
200200,0.32,0.61,0.07,0.07748215,0.06435685,1.136811,157.17
200300,0.46,0.51,0.03,0.08163327,0.08715933,0.6920047,112.28
200400,0.38,0.54,0.08,0.07873687,0.08573971,1.074012,179.4
200500,0.46,0.5,0.04,0.07333176,0.07411585,0.912407,145.49
200600,0.45,0.49,0.06,0.07965279,0.08193179,0.8138067,145.53
200700,0.46,0.48,0.06,0.08073765,0.077449,1.27861,165.23
200800,0.25,0.69,0.06,0.07441927,0.0965035,0.8810093,150.12
200900,0.43,0.52,0.05,0.08454826,0.0889369,0.5662043,146.35
201000,0.35,0.57,0.08,0.0884293,0.09486576,1.603816,163.47
201100,0.37,0.59,0.04,0.08919514,0.08322222,0.8356068,135.93
201200,0.41,0.56,0.03,0.08934291,0.08672643,0.6490043,124.96
201300,0.36,0.59,0.05,0.08742931,0.1024977,1.055009,146.07
201400,0.43,0.55,0.02,0.1048777,0.1226749,0.6896047,102.62
201500,0.44,0.5,0.06,0.06732757,0.0686608,1.103809,156.9
201600,0.32,0.58,0.1,0.08533335,0.0895948,1.882621,196.21
201700,0.4,0.48,0.12,0.07603589,0.07571539,1.514616,213.53
201800,0.41,0.57,0.02,0.09190332,0.09757426,0.5804023,109.16
201900,0.39,0.5,0.11,0.07193461,0.07481067,2.261622,210.11
202000,0.48,0.48,0.04,0.1120202,0.1149803,0.6408038,130.95
202100,0.39,0.53,0.08,0.08669455,0.08348203,1.565415,170.36
202200,0.48,0.46,0.06,0.07122715,0.06237485,1.236012,160.51
202300,0.47,0.49,0.04,0.0849872,0.09458303,0.8028065,142.63
202400,0.4,0.5,0.1,0.06999937,0.09064453,1.901017,207.35
202500,0.44,0.53,0.03,0.07791267,0.07336795,0.9014066,126.16
202600,0.4,0.52,0.08,0.09171303,0.09841015,1.564616,158.27
202700,0.49,0.4,0.11,0.08629784,0.0852629,1.853419,196.83
202800,0.5,0.48,0.02,0.09131612,0.08783942,0.2459999,100.44
202900,0.44,0.49,0.07,0.06844325,0.065433,1.223212,167.66
203000,0.38,0.58,0.04,0.07486094,0.08563504,0.6984063,143.31
203100,0.41,0.58,0.01,0.07817638,0.07224049,0.3962019,97.02
203200,0.51,0.43,0.06,0.07984199,0.07818399,1.134011,139.08
203300,0.46,0.47,0.07,0.07488296,0.0843225,1.042809,166.9
203400,0.4,0.54,0.06,0.07847758,0.075095,1.02081,152.03
203500,0.45,0.49,0.06,0.08739565,0.08469078,1.026608,150.64
203600,0.39,0.55,0.06,0.07536672,0.07324818,1.117812,168.32
203700,0.31,0.57,0.12,0.08044771,0.0781993,1.83762,197.3
203800,0.36,0.62,0.02,0.08538935,0.09055627,0.6156035,129.18
203900,0.39,0.53,0.08,0.0830758,0.1031574,1.210411,175.31
204000,0.44,0.48,0.08,0.09552553,0.09348837,1.572414,193.3
204100,0.41,0.5,0.09,0.08149765,0.07667725,1.422215,179.89
204200,0.4,0.52,0.08,0.08237758,0.0896892,1.250812,180.45
204300,0.38,0.56,0.06,0.08211762,0.08263595,1.18861,155.7
204400,0.41,0.56,0.03,0.09959111,0.1051361,0.5804045,119.99
204500,0.37,0.6,0.03,0.08692411,0.08747084,0.7884061,141.01
204600,0.39,0.54,0.07,0.07978628,0.0810553,1.365212,151.79
204700,0.48,0.45,0.07,0.07758126,0.08536346,1.637617,156.17
204800,0.45,0.5,0.05,0.07288892,0.06442047,0.8060074,149.15
204900,0.27,0.63,0.1,0.07654595,0.07363781,2.032623,173.05
205000,0.32,0.63,0.05,0.07629428,0.07213265,1.006809,146.68
205100,0.46,0.49,0.05,0.08338486,0.08192308,1.102412,132.59
205200,0.43,0.5,0.07,0.08567474,0.09687399,1.208812,169.72
205300,0.4,0.56,0.04,0.09173887,0.1039217,0.972609,132.07
205400,0.47,0.45,0.08,0.08101624,0.08103115,1.578815,173.11
205500,0.33,0.58,0.09,0.09060267,0.09591752,1.630419,196.82
205600,0.4,0.48,0.12,0.07425789,0.0675317,2.303423,218.9
205700,0.38,0.56,0.06,0.08020223,0.0813897,0.916609,150.25
205800,0.42,0.53,0.05,0.09614381,0.1037428,1.202012,147.97
205900,0.39,0.52,0.09,0.07417589,0.06508376,1.624016,188.06
206000,0.46,0.48,0.06,0.08330002,0.08724869,1.260011,169.26
206100,0.33,0.59,0.08,0.08838025,0.0858514,1.457416,163.9
206200,0.4,0.57,0.03,0.07277329,0.07338011,0.787007,133.3
206300,0.36,0.57,0.07,0.07247621,0.07425168,1.586016,151.1
206400,0.38,0.55,0.07,0.07078939,0.0664772,1.130811,159.12
206500,0.33,0.61,0.06,0.07212757,0.07119641,1.170212,167.07
206600,0.46,0.46,0.08,0.08165169,0.07941922,1.779419,174.11
206700,0.45,0.53,0.02,0.07597901,0.07294293,0.5342041,117.55
206800,0.38,0.57,0.05,0.07432266,0.07179204,1.185009,148.56
206900,0.49,0.43,0.08,0.06991815,0.06989726,1.552817,161.33
207000,0.43,0.5,0.07,0.09986971,0.1246482,1.043208,157.84
207100,0.44,0.53,0.03,0.08666621,0.07572893,0.5764045,118.16
207200,0.42,0.5,0.08,0.07731071,0.09336949,1.568616,174.2
207300,0.41,0.56,0.03,0.07576177,0.09459522,0.5486042,118
207400,0.4,0.52,0.08,0.0729531,0.07475934,1.531615,179.11
207500,0.38,0.55,0.07,0.07089622,0.07566407,0.7960069,173.36
207600,0.51,0.44,0.05,0.09169964,0.09119266,0.8760071,125.17
207700,0.38,0.58,0.04,0.07895988,0.07332692,0.9630067,133.34
207800,0.38,0.57,0.05,0.07945119,0.07923287,1.201411,143.08
207900,0.42,0.46,0.12,0.08602313,0.07907331,2.108422,209.47
208000,0.46,0.46,0.08,0.08487803,0.08099635,1.336813,165.47
208100,0.44,0.51,0.05,0.07023673,0.06468881,1.021408,159.34
208200,0.44,0.51,0.05,0.07723129,0.1077598,0.6718047,146.68
208300,0.41,0.53,0.06,0.07943141,0.07693274,1.338611,161.8
208400,0.47,0.47,0.06,0.09818172,0.1078155,0.9590089,156.82
208500,0.48,0.47,0.05,0.07383866,0.0727374,0.935007,146.52
208600,0.38,0.55,0.07,0.09651116,0.122182,1.325013,175.54
208700,0.36,0.62,0.02,0.08621823,0.08845932,0.5754047,109.7
208800,0.39,0.52,0.09,0.08237021,0.08013701,1.382416,195.94
208900,0.45,0.51,0.04,0.08332337,0.07606114,0.769807,128.14
209000,0.4,0.53,0.07,0.0786424,0.08646338,1.232411,185.94
209100,0.46,0.49,0.05,0.07902811,0.08986279,1.143811,138.53
209200,0.42,0.52,0.06,0.07791072,0.08354142,0.8750069,161.33
209300,0.37,0.56,0.07,0.08055174,0.08215163,1.286213,169.71
209400,0.4,0.51,0.09,0.08260951,0.08396798,1.417017,186.34
209500,0.38,0.52,0.1,0.08155263,0.07663114,1.863619,186.88
209600,0.43,0.52,0.05,0.0762879,0.06703444,0.5444038,152.88
209700,0.46,0.43,0.11,0.08803416,0.07745407,1.752818,203.6
209800,0.39,0.53,0.08,0.07624064,0.09957574,1.165411,179.53
209900,0.38,0.54,0.08,0.07730095,0.08757288,1.421612,178.42
210000,0.41,0.49,0.1,0.07709122,0.07083422,1.517816,176.68
210100,0.36,0.61,0.03,0.08725903,0.08693786,0.4286024,128.02
210200,0.44,0.51,0.05,0.08672108,0.08968925,1.19641,142.5
210300,0.38,0.55,0.07,0.08139578,0.07996535,1.412014,167.68
210400,0.39,0.55,0.06,0.07033579,0.07006104,1.392813,173.15
210500,0.42,0.55,0.03,0.1074309,0.1231146,0.5482042,116.69
210600,0.42,0.55,0.03,0.08837929,0.06427378,0.5872037,130.65
210700,0.43,0.5,0.07,0.08197588,0.08543354,1.430614,176.41
210800,0.41,0.51,0.08,0.08253707,0.08301875,1.560017,163.9
210900,0.39,0.55,0.06,0.07484843,0.07566867,1.285812,139.28
211000,0.41,0.54,0.05,0.06886638,0.06265911,1.309011,152.54
211100,0.37,0.55,0.08,0.07739139,0.08488064,1.273413,176.57
211200,0.38,0.58,0.04,0.08764143,0.09646764,0.8972076,133.2
211300,0.45,0.49,0.06,0.08357555,0.07743428,1.388014,153.57
211400,0.51,0.44,0.05,0.07550434,0.06760707,1.234811,147.17
211500,0.4,0.55,0.05,0.06945898,0.0635262,0.8166069,143.84
211600,0.46,0.51,0.03,0.07902766,0.0867452,0.7646067,126
211700,0.36,0.57,0.07,0.07278595,0.06991352,1.040411,166.88
211800,0.49,0.46,0.05,0.07347602,0.0680347,0.8022064,145.83
211900,0.42,0.52,0.06,0.08404617,0.1064654,1.202611,154.39
212000,0.4,0.57,0.03,0.08219892,0.08208945,0.364602,116.66
212100,0.41,0.51,0.08,0.07982476,0.07701705,1.334414,174.19
212200,0.42,0.52,0.06,0.08550393,0.08099102,1.426813,153.54
212300,0.44,0.47,0.09,0.06689379,0.06047962,1.420414,180.53
212400,0.35,0.59,0.06,0.08615415,0.09037467,0.8518067,161.77
212500,0.32,0.6,0.08,0.09313208,0.1049576,1.012611,168.76
212600,0.42,0.52,0.06,0.09351409,0.09504443,1.065811,142.93
212700,0.48,0.48,0.04,0.07534109,0.06566989,0.757007,123.12
212800,0.43,0.51,0.06,0.07631935,0.08457136,1.304811,153.25
212900,0.33,0.59,0.08,0.09777891,0.09084715,1.331014,172.78
213000,0.46,0.51,0.03,0.09185638,0.09293574,0.6982048,124.28
213100,0.46,0.48,0.06,0.07731276,0.07707939,0.941609,154.73
213200,0.44,0.48,0.08,0.08408024,0.08169603,1.241613,151.63
213300,0.4,0.59,0.01,0.09752253,0.1021688,0.5634019,112.79
213400,0.37,0.53,0.1,0.08602214,0.08660701,2.000222,213.76
213500,0.37,0.6,0.03,0.08695263,0.09752519,0.687806,112.47
213600,0.43,0.5,0.07,0.07370939,0.07288519,1.325813,151.85
213700,0.36,0.57,0.07,0.08937372,0.09250665,1.656617,159.35
213800,0.34,0.57,0.09,0.07860841,0.07467914,1.404414,174.09
213900,0.45,0.48,0.07,0.08864444,0.08618018,1.491016,147.59
214000,0.37,0.54,0.09,0.0749808,0.09118977,1.813619,179.46
214100,0.46,0.51,0.03,0.0970241,0.09251462,0.5988049,134.21
214200,0.43,0.49,0.08,0.07287526,0.06613386,0.927009,166.87
214300,0.43,0.51,0.06,0.07649952,0.07936368,1.303811,163.03
214400,0.37,0.6,0.03,0.09514549,0.08303484,0.5870043,128.57
214500,0.38,0.57,0.05,0.08453921,0.0936544,1.097011,145.88
214600,0.49,0.46,0.05,0.09242024,0.09475771,1.216412,132.42
214700,0.31,0.62,0.07,0.07739265,0.0828387,1.339414,169.52
214800,0.38,0.53,0.09,0.09328724,0.09825543,1.744817,173.72
214900,0.37,0.56,0.07,0.07556975,0.07465746,0.741807,184.51
215000,0.46,0.46,0.08,0.08175757,0.08001746,1.330214,184.26
215100,0.42,0.5,0.08,0.0821148,0.07320362,1.371413,178.7
215200,0.37,0.54,0.09,0.0811463,0.08201694,1.153211,174
215300,0.49,0.47,0.04,0.07841003,0.07280166,1.134209,143.73
215400,0.49,0.47,0.04,0.09242126,0.08861271,0.9520084,118.94
215500,0.47,0.5,0.03,0.07503103,0.07132058,0.6522048,137.09
215600,0.44,0.48,0.08,0.07466959,0.07479353,1.24861,173.58
215700,0.41,0.55,0.04,0.09494995,0.1121916,1.012809,133.26
215800,0.47,0.45,0.08,0.07650229,0.07137178,1.573613,178.2
215900,0.35,0.58,0.07,0.07863067,0.07798959,0.7966071,156.9
216000,0.42,0.51,0.07,0.06862841,0.06452606,1.593216,164.35
216100,0.44,0.51,0.05,0.07520992,0.06621133,0.6974044,144.75
216200,0.43,0.53,0.04,0.08946593,0.1018885,1.126008,155.02
216300,0.48,0.48,0.04,0.08906777,0.08351748,1.012409,134.39
216400,0.37,0.61,0.02,0.0826894,0.07819153,0.5956023,130.16
216500,0.38,0.56,0.06,0.06586442,0.06698072,1.341214,158.89
216600,0.49,0.43,0.08,0.07594305,0.06818721,0.8426072,162.17
216700,0.5,0.45,0.05,0.07634206,0.07088809,1.051809,154.22
216800,0.39,0.56,0.05,0.1196813,0.133632,0.9332088,137.57
216900,0.5,0.41,0.09,0.08306787,0.07302152,1.828618,166.08
217000,0.48,0.45,0.07,0.08535041,0.0818013,1.290813,149.78
217100,0.46,0.52,0.02,0.08667434,0.0790679,0.5736037,118.62
217200,0.41,0.57,0.02,0.07177584,0.06571699,0.6710044,113.87
217300,0.42,0.52,0.06,0.0834552,0.08877106,1.312412,163.13
217400,0.34,0.6,0.06,0.0872936,0.08998778,1.278813,149.55
217500,0.4,0.53,0.07,0.07395472,0.08304201,1.439013,159.79
217600,0.44,0.51,0.05,0.07233709,0.06684333,1.17801,156.36
217700,0.38,0.58,0.04,0.105444,0.1107097,0.6596047,125.52
217800,0.34,0.62,0.04,0.09402006,0.1198513,0.7050065,126.8
217900,0.37,0.58,0.05,0.1069805,0.1323592,0.9734095,160.16
218000,0.38,0.52,0.1,0.06917527,0.06444736,1.656218,190.97
218100,0.47,0.47,0.06,0.09667934,0.122014,1.355612,174.76
218200,0.38,0.53,0.09,0.08684437,0.0933372,1.751819,186.03
218300,0.43,0.52,0.05,0.06966288,0.07294026,0.7936075,145.97
218400,0.42,0.5,0.08,0.0801299,0.09492871,1.331814,154.96
218500,0.4,0.55,0.05,0.07718198,0.08302078,0.7098065,138.5
218600,0.36,0.62,0.02,0.08678932,0.08837097,0.6412039,124.26
218700,0.42,0.52,0.06,0.09260073,0.09332007,1.134012,145.72
218800,0.35,0.6,0.05,0.08311107,0.07669547,0.9706097,144.13
218900,0.43,0.54,0.03,0.07452826,0.07061409,0.8626066,130.18
219000,0.37,0.59,0.04,0.0814478,0.07983437,1.032009,125.59
219100,0.35,0.57,0.08,0.08249686,0.08780601,1.277213,170.47
219200,0.41,0.54,0.05,0.09550592,0.09834914,0.9090062,143.5
219300,0.48,0.45,0.07,0.07257094,0.06180469,0.8206062,155.51
219400,0.35,0.63,0.02,0.09714758,0.0957618,0.5956045,97.81
219500,0.5,0.42,0.08,0.08318652,0.07443899,1.657615,165.04
219600,0.42,0.55,0.03,0.06915433,0.06488213,0.6188046,139.55
219700,0.37,0.55,0.08,0.0934943,0.09877416,1.206012,177.75
219800,0.46,0.5,0.04,0.07323322,0.06629852,0.8718065,138.14
219900,0.46,0.49,0.05,0.08258663,0.09611364,0.8690074,141.44
220000,0.37,0.58,0.05,0.08924347,0.0910947,1.002009,136.38
220100,0.46,0.46,0.08,0.08202927,0.07712704,1.451813,179.14
220200,0.4,0.54,0.06,0.07829138,0.08393952,1.354213,158.25
220300,0.41,0.54,0.05,0.0764222,0.07654232,1.094011,145
220400,0.36,0.56,0.08,0.06912772,0.06675772,1.218213,165.66
220500,0.46,0.5,0.04,0.08573619,0.09286162,0.9492067,142.88
220600,0.4,0.57,0.03,0.09584294,0.08965236,0.8864071,122.22
220700,0.32,0.59,0.09,0.07606701,0.08157573,1.624017,187.91
220800,0.41,0.54,0.05,0.08353749,0.08543843,0.9746099,136.64
220900,0.48,0.48,0.04,0.07400168,0.07388159,0.9678067,132.72
221000,0.44,0.51,0.05,0.08272829,0.08735448,1.05041,156.09
221100,0.42,0.54,0.04,0.07364347,0.07795276,0.8612092,135.12
221200,0.46,0.47,0.07,0.09517819,0.1103133,1.180011,157.13
221300,0.38,0.55,0.07,0.08758014,0.08619519,1.042009,158.85
221400,0.47,0.46,0.07,0.08229974,0.09492653,1.378014,159.51
221500,0.37,0.6,0.03,0.07659739,0.07438406,0.7202046,127.23
221600,0.42,0.49,0.09,0.07182279,0.06981876,1.394212,186.02
221700,0.41,0.5,0.09,0.07207391,0.06780382,1.708017,190.79
221800,0.45,0.52,0.03,0.09370885,0.1088537,0.6440037,113.74
221900,0.45,0.5,0.05,0.08087242,0.08901981,1.230811,151.21
222000,0.42,0.54,0.04,0.06294703,0.05939622,0.9440087,131.93
222100,0.42,0.52,0.06,0.08376911,0.07425757,0.9100096,151.35
222200,0.41,0.5,0.09,0.09383588,0.08987034,1.785619,176.99
222300,0.39,0.58,0.03,0.07430859,0.07374614,0.6680037,134.7
222400,0.49,0.45,0.06,0.09479336,0.08160605,1.065809,161.05
222500,0.4,0.51,0.09,0.1040402,0.1208552,1.489015,170
222600,0.4,0.56,0.04,0.06954627,0.06406016,0.7530069,148.12
222700,0.47,0.47,0.06,0.09470069,0.111494,1.501413,145.89
222800,0.36,0.54,0.1,0.07719447,0.0785895,1.885019,197.17
222900,0.45,0.48,0.07,0.06827635,0.06637192,1.134809,171.83
223000,0.4,0.54,0.06,0.08669084,0.08258606,1.151212,143.28
223100,0.43,0.5,0.07,0.0762119,0.06812158,1.506216,159.57
223200,0.44,0.52,0.04,0.07214134,0.07247736,1.002807,133.97
223300,0.38,0.56,0.06,0.07374656,0.07027929,1.194212,151.64
223400,0.45,0.5,0.05,0.07962734,0.07579806,1.222012,154.56
223500,0.46,0.52,0.02,0.07689904,0.08357798,0.408602,111.97
223600,0.49,0.47,0.04,0.08048448,0.08253371,0.5302022,138.5
223700,0.38,0.56,0.06,0.07324307,0.07467337,0.9524094,156.56
223800,0.39,0.58,0.03,0.07775131,0.07158549,0.8204067,128.19
223900,0.37,0.6,0.03,0.07652336,0.07468414,0.8668073,149.72
224000,0.41,0.52,0.07,0.0816586,0.07787374,1.561413,169.11
224100,0.43,0.43,0.14,0.08030142,0.07702371,1.648017,224.57
224200,0.45,0.51,0.04,0.08466861,0.08015745,0.8532069,126.08
224300,0.42,0.52,0.06,0.07511479,0.07180969,1.363414,152.18
224400,0.42,0.51,0.07,0.0740221,0.06726405,1.08181,158.6
224500,0.42,0.5,0.08,0.1023731,0.1080105,1.457014,176.42
224600,0.36,0.59,0.05,0.07447481,0.07360782,1.13701,154.15
224700,0.42,0.54,0.04,0.07929416,0.07811379,0.9034092,129.89
224800,0.45,0.48,0.07,0.06571548,0.06478061,1.281411,179.63
224900,0.39,0.57,0.04,0.08285237,0.07864158,1.037809,152.04
225000,0.39,0.55,0.06,0.07020459,0.06806035,0.832007,164.82
225100,0.44,0.5,0.06,0.06703671,0.07160133,1.009208,170.56
225200,0.49,0.46,0.05,0.09432528,0.0910415,1.08081,143.52
225300,0.42,0.51,0.07,0.07408432,0.06856427,1.431413,173.11
225400,0.43,0.49,0.08,0.08080384,0.07726052,0.8694077,181.47
225500,0.36,0.55,0.09,0.08940851,0.08079293,1.235613,171.51
225600,0.37,0.59,0.04,0.07506126,0.07552093,0.9778087,151.88
225700,0.41,0.52,0.07,0.06808548,0.06274113,1.392814,175.74
225800,0.45,0.5,0.05,0.07430098,0.06758681,0.976209,146.04
225900,0.42,0.52,0.06,0.06690673,0.06535924,0.7836069,148.92
226000,0.34,0.61,0.05,0.08649173,0.0915304,1.167811,144.09
226100,0.33,0.6,0.07,0.07995083,0.08383413,0.9768101,152.95
226200,0.45,0.48,0.07,0.1014616,0.1057131,1.223811,164.38
226300,0.41,0.53,0.06,0.06927137,0.06236003,0.6364049,142.66
226400,0.45,0.47,0.08,0.09191098,0.0921936,1.377814,173.97
226500,0.41,0.55,0.04,0.07772037,0.07618409,0.8686085,121.15
226600,0.46,0.48,0.06,0.08495868,0.09172906,1.404613,150.87
226700,0.48,0.48,0.04,0.07983714,0.07031871,0.9410064,155.68
226800,0.37,0.53,0.1,0.09305878,0.1023921,1.729418,200.21
226900,0.32,0.57,0.11,0.07326888,0.07023573,1.773818,198.25
227000,0.47,0.5,0.03,0.08307739,0.08703491,0.7396039,135.03
227100,0.45,0.52,0.03,0.07674392,0.07968152,0.7158045,116.25
227200,0.45,0.5,0.05,0.0733221,0.06672553,0.977209,141.84
227300,0.38,0.56,0.06,0.08879528,0.08481312,1.13081,167.65
227400,0.38,0.55,0.07,0.0734057,0.06600738,1.183411,170.72
227500,0.37,0.53,0.1,0.09362368,0.09070978,1.519417,184.28
227600,0.46,0.45,0.09,0.07716823,0.07159717,1.643418,170.14
227700,0.42,0.53,0.05,0.07779044,0.07441086,0.8200068,140.66
227800,0.42,0.54,0.04,0.07539566,0.08092551,0.5874047,139.96
227900,0.41,0.52,0.07,0.07675765,0.07671763,1.203611,167.38
228000,0.41,0.52,0.07,0.08995219,0.08486431,1.506014,158.29
228100,0.39,0.49,0.12,0.09702402,0.09575163,1.648417,198.21
228200,0.42,0.52,0.06,0.0972902,0.09276156,0.8718086,135.68
228300,0.5,0.42,0.08,0.08568449,0.09079282,1.823418,182.81
228400,0.47,0.52,0.01,0.0978386,0.08585585,0.5932017,108.37
228500,0.44,0.47,0.09,0.08621251,0.09033522,1.337013,183.08
228600,0.46,0.48,0.06,0.07586511,0.08600058,1.468614,147.21
228700,0.43,0.52,0.05,0.08524755,0.106385,0.9110088,147.32
228800,0.38,0.54,0.08,0.07568862,0.08605745,1.05841,180.07
228900,0.39,0.56,0.05,0.07829039,0.07321253,0.9120086,140.35
229000,0.46,0.47,0.07,0.0827248,0.08384719,1.380212,166.16
229100,0.34,0.6,0.06,0.08192859,0.09123477,1.09121,153.15
229200,0.42,0.53,0.05,0.08772398,0.08845561,1.046009,153.29
229300,0.38,0.56,0.06,0.0858582,0.08740281,1.351813,151.33
229400,0.41,0.49,0.1,0.07553788,0.06963325,1.462616,181.03
229500,0.42,0.54,0.04,0.1095476,0.1252815,0.8740062,152.49
229600,0.29,0.57,0.14,0.07280339,0.06474547,2.336426,237.28
229700,0.41,0.52,0.07,0.09316665,0.0991511,1.132011,153.04
229800,0.45,0.5,0.05,0.0883115,0.08362481,1.314612,133.76
229900,0.39,0.56,0.05,0.09030013,0.08692595,1.036809,144.66
230000,0.38,0.52,0.1,0.07890022,0.07420571,1.692018,185.45
230100,0.43,0.49,0.08,0.07815333,0.07653661,1.428414,172.41
230200,0.37,0.53,0.1,0.08287638,0.06842712,1.95662,183.97
230300,0.4,0.48,0.12,0.08037318,0.07822929,1.963022,197.75
230400,0.37,0.53,0.1,0.0878659,0.0958462,1.645817,196.97
230500,0.32,0.64,0.04,0.0939129,0.1210796,0.7998063,133.71
230600,0.47,0.52,0.01,0.08057722,0.07240957,0.4270023,101.79
230700,0.37,0.55,0.08,0.07900532,0.07661016,1.361414,184.49
230800,0.43,0.51,0.06,0.08608335,0.08567663,1.00481,145.47
230900,0.35,0.57,0.08,0.07929382,0.06945201,1.505014,177.33
231000,0.46,0.48,0.06,0.07852039,0.08270374,1.430015,156.78
231100,0.41,0.49,0.1,0.09420051,0.1072068,1.96102,186.21
231200,0.38,0.53,0.09,0.08212309,0.08738805,1.644018,179.75
231300,0.48,0.48,0.04,0.06798908,0.06433363,0.8580064,147.92
231400,0.44,0.5,0.06,0.09016055,0.08615217,1.238011,159.1
231500,0.35,0.58,0.07,0.08569931,0.08584253,1.458416,145.31
231600,0.48,0.43,0.09,0.08080725,0.07821213,1.700018,177.11
231700,0.38,0.56,0.06,0.1080629,0.1277867,1.354214,153.87
231800,0.4,0.5,0.1,0.07131272,0.09504123,1.534616,182.49
231900,0.39,0.52,0.09,0.08516808,0.08353495,1.527616,177.91
232000,0.37,0.51,0.12,0.07287148,0.06944659,1.790818,214.16
232100,0.42,0.51,0.07,0.08860885,0.07358833,1.17481,169.65
232200,0.4,0.53,0.07,0.07758029,0.06960011,1.133812,160.29
232300,0.52,0.44,0.04,0.08328485,0.09352131,0.9756071,126.19
232400,0.37,0.61,0.02,0.1030154,0.1041212,0.8534045,125.06
232500,0.39,0.54,0.07,0.07397769,0.07443142,1.115612,153.49
232600,0.45,0.46,0.09,0.08530945,0.08590212,1.616016,180.77
232700,0.54,0.4,0.06,0.07761527,0.07862565,1.017408,153.48
232800,0.42,0.5,0.08,0.09154834,0.09069057,1.598815,172.8
232900,0.43,0.55,0.02,0.09141846,0.08299864,0.6496043,115.02
233000,0.45,0.49,0.06,0.07462458,0.06841594,1.278811,159.89
233100,0.38,0.54,0.08,0.07758594,0.07615671,1.182011,166.77
233200,0.49,0.47,0.04,0.07882922,0.07798553,0.9346092,122.17
233300,0.35,0.57,0.08,0.07354318,0.06627175,1.503416,181.13
233400,0.45,0.48,0.07,0.07515351,0.09317128,1.11241,161.38
233500,0.33,0.6,0.07,0.08006061,0.07817642,1.14941,152.68
233600,0.43,0.54,0.03,0.07079086,0.07812101,0.7448068,129.31
233700,0.43,0.52,0.05,0.07502839,0.07683239,0.9496059,141.67
233800,0.41,0.48,0.11,0.08013043,0.09043028,1.84142,197.71
233900,0.31,0.57,0.12,0.06944007,0.0761594,1.702819,207.57
234000,0.47,0.49,0.04,0.08210822,0.0754687,0.788607,127.12
234100,0.34,0.59,0.07,0.07699452,0.07482269,1.420014,171.38
234200,0.34,0.6,0.06,0.09704825,0.114484,1.312814,147.6
234300,0.45,0.46,0.09,0.0684044,0.06499387,1.743618,176.59
234400,0.4,0.59,0.01,0.09434976,0.1035779,0.2071999,120.81
234500,0.47,0.46,0.07,0.07672009,0.08443078,1.127409,164.65
234600,0.38,0.55,0.07,0.07701269,0.07487038,1.423613,159.94
234700,0.39,0.56,0.05,0.07965557,0.07793256,0.7976063,140.91
234800,0.37,0.54,0.09,0.07212991,0.07378282,1.161611,181.3
234900,0.41,0.54,0.05,0.07479426,0.06791499,1.054609,145.05
235000,0.37,0.61,0.02,0.08014649,0.07557303,0.6050044,119.57
235100,0.47,0.48,0.05,0.07975988,0.09015213,1.048609,139.19
235200,0.44,0.54,0.02,0.08714437,0.08732418,0.451402,117.7
235300,0.35,0.57,0.08,0.08228579,0.08194046,1.377014,163.36
235400,0.43,0.51,0.06,0.06702453,0.06545115,1.026209,146.12
235500,0.47,0.48,0.05,0.08065088,0.0899528,1.293811,150.13
235600,0.4,0.52,0.08,0.07901029,0.07202239,1.657017,173.41
235700,0.4,0.57,0.03,0.08365523,0.07901384,0.7334071,124.73
235800,0.37,0.61,0.02,0.08015259,0.08547655,0.5710044,121.59
235900,0.41,0.56,0.03,0.07453315,0.08221659,0.8934072,136.69
236000,0.39,0.53,0.08,0.07882149,0.09276772,1.435013,179.3
236100,0.36,0.56,0.08,0.0783098,0.08156616,0.9494081,194.44
236200,0.4,0.53,0.07,0.08603659,0.09147249,1.317413,167.5
236300,0.36,0.54,0.1,0.08982208,0.09586687,1.265212,190.5
236400,0.36,0.58,0.06,0.08594988,0.08151437,0.6384037,148.78
236500,0.34,0.58,0.08,0.1123575,0.104093,1.578817,175.73
236600,0.4,0.5,0.1,0.0699542,0.0689036,1.415013,193.83
236700,0.42,0.55,0.03,0.1010607,0.1043342,0.9320058,134.14
236800,0.39,0.51,0.1,0.08084134,0.09600275,1.599417,188.92
236900,0.44,0.55,0.01,0.07860967,0.07808182,0.2577998,112.07
237000,0.49,0.49,0.02,0.08364927,0.07401455,0.6068042,108.78
237100,0.39,0.59,0.02,0.07842327,0.08886333,0.3660024,106.03
237200,0.43,0.5,0.07,0.07865508,0.07772373,1.642616,163.87
237300,0.39,0.55,0.06,0.07584704,0.07724527,0.9200082,141.16
237400,0.35,0.63,0.02,0.09053962,0.09323291,0.3534025,113.86
237500,0.43,0.54,0.03,0.09243113,0.1050239,0.7912065,126.18
237600,0.36,0.59,0.05,0.07343598,0.07091776,0.3830022,140.04
237700,0.38,0.52,0.1,0.09487468,0.08579517,1.87902,180.29
237800,0.34,0.57,0.09,0.07666039,0.07091086,1.295212,182.96
237900,0.4,0.53,0.07,0.07774474,0.07387514,1.074609,162.03
238000,0.41,0.51,0.08,0.08309392,0.08123793,1.308015,175.78
238100,0.37,0.58,0.05,0.08183973,0.0818662,1.116012,148.68
238200,0.43,0.51,0.06,0.07809051,0.07047151,0.5478027,151.46
238300,0.4,0.53,0.07,0.07343674,0.06608867,1.617415,176.08
238400,0.41,0.52,0.07,0.0902535,0.09953497,1.394414,150.61
238500,0.41,0.53,0.06,0.0807831,0.09523446,1.178413,138.03
238600,0.42,0.53,0.05,0.07543407,0.07591197,0.6650044,143.72
238700,0.35,0.59,0.06,0.07979037,0.0794921,0.9012088,145.07
238800,0.51,0.45,0.04,0.07750788,0.08995301,0.6518048,140.65
238900,0.4,0.53,0.07,0.09184234,0.08831055,1.515816,155.99
239000,0.41,0.52,0.07,0.07990011,0.07055164,1.028409,167.98
239100,0.38,0.56,0.06,0.07559217,0.06837232,1.360214,153.78
239200,0.44,0.47,0.09,0.085444,0.09808354,1.539016,182.16
239300,0.35,0.59,0.06,0.07503411,0.07921783,1.272013,146.94
239400,0.5,0.42,0.08,0.09991182,0.110526,1.247014,156.37
239500,0.42,0.5,0.08,0.07520409,0.06785006,1.594415,182.8
239600,0.45,0.48,0.07,0.07864885,0.08794503,1.499013,164.03
239700,0.4,0.5,0.1,0.08280689,0.0754419,1.994421,186.84
239800,0.45,0.49,0.06,0.08835775,0.09331755,1.128612,139.4
239900,0.4,0.54,0.06,0.09080511,0.1158062,0.9832089,153.49
240000,0.38,0.58,0.04,0.06820271,0.06157252,0.9400082,142.35
240100,0.42,0.5,0.08,0.09328806,0.09229142,1.516615,180.6
240200,0.43,0.5,0.07,0.07518359,0.08448568,1.190611,171.72
240300,0.39,0.58,0.03,0.06704033,0.06676707,0.8036066,129.54
240400,0.42,0.53,0.05,0.08283139,0.08032547,0.9950088,154.93
240500,0.42,0.51,0.07,0.07349372,0.07446992,1.547217,150.36
240600,0.36,0.57,0.07,0.08028579,0.08401764,0.6632046,162.55
240700,0.41,0.51,0.08,0.09577361,0.1331201,1.538217,171.83
240800,0.45,0.49,0.06,0.07513402,0.07127105,1.378413,183.71
240900,0.42,0.51,0.07,0.08061437,0.07761782,1.360414,159.76
241000,0.42,0.52,0.06,0.09086567,0.08689373,1.173613,129.27
241100,0.39,0.51,0.1,0.06475925,0.06480528,1.440015,202.69
241200,0.36,0.57,0.07,0.09615878,0.1008085,1.194813,146.29
241300,0.38,0.55,0.07,0.09104476,0.1017819,1.00981,154.88
241400,0.49,0.44,0.07,0.08292267,0.08104693,1.485814,149
241500,0.45,0.51,0.04,0.06884445,0.07168334,0.9984065,154.28
241600,0.42,0.46,0.12,0.073502,0.0725686,2.283226,218.51
241700,0.5,0.48,0.02,0.07307272,0.06467099,0.4258017,127.39
241800,0.43,0.53,0.04,0.07536165,0.07404262,0.4760022,143.82
241900,0.39,0.58,0.03,0.08504906,0.08579979,0.7450071,112.02
242000,0.4,0.56,0.04,0.07076526,0.06872751,1.029809,148.05
242100,0.41,0.57,0.02,0.07428829,0.0692323,0.7158042,114.12
242200,0.43,0.49,0.08,0.06940123,0.06487627,1.595016,183.63
242300,0.39,0.58,0.03,0.07289137,0.0691172,0.5546041,114.82
242400,0.56,0.39,0.05,0.0943589,0.09590094,0.9618092,124.27
242500,0.47,0.44,0.09,0.09947103,0.103298,1.557015,187.49
242600,0.43,0.54,0.03,0.0762084,0.07787938,0.8088064,129.52
242700,0.42,0.5,0.08,0.1133569,0.1265178,1.416216,157.64
242800,0.36,0.59,0.05,0.07234538,0.08060224,1.07381,128.59
242900,0.47,0.51,0.02,0.09133697,0.08951741,0.7062044,125.04
243000,0.46,0.52,0.02,0.09212654,0.08905696,0.7390042,119.26
243100,0.42,0.51,0.07,0.08185022,0.0921187,1.544415,156.94
243200,0.41,0.55,0.04,0.08012682,0.08925387,0.8830059,147
243300,0.45,0.49,0.06,0.07753782,0.07430217,1.091811,152.59
243400,0.4,0.47,0.13,0.07602886,0.07152054,2.571429,216.23
243500,0.43,0.47,0.1,0.08682036,0.09047154,1.861621,185.44
243600,0.42,0.53,0.05,0.07846504,0.08010506,1.024209,145.44
243700,0.42,0.56,0.02,0.07818542,0.07979409,0.2125998,113.09
243800,0.4,0.53,0.07,0.08154725,0.09324504,1.331813,161.46
243900,0.39,0.49,0.12,0.0775021,0.0861388,2.107223,221.64
244000,0.46,0.47,0.07,0.07502308,0.0725904,1.471614,174.41
244100,0.43,0.54,0.03,0.1018961,0.09087642,1.010607,132.41
244200,0.33,0.54,0.13,0.08476873,0.09739611,2.185223,211.34
244300,0.36,0.59,0.05,0.06911141,0.07847719,1.058611,153.99
244400,0.36,0.57,0.07,0.0925101,0.09306262,1.373214,171.41
244500,0.45,0.51,0.04,0.07145941,0.07362822,1.040408,133.06
244600,0.51,0.42,0.07,0.07211995,0.0756137,1.616017,170.31
244700,0.37,0.56,0.07,0.07748288,0.07772105,1.169011,176.22
244800,0.27,0.68,0.05,0.08598167,0.08695576,1.148812,143.74
244900,0.38,0.55,0.07,0.07527495,0.07008302,1.10081,169.11
245000,0.38,0.55,0.07,0.08899116,0.09290146,1.501217,153.59
245100,0.45,0.54,0.01,0.08623973,0.07965282,0.4016024,109.56
245200,0.43,0.49,0.08,0.0920887,0.0819806,1.19541,161.33
245300,0.34,0.57,0.09,0.0791602,0.08972712,1.895021,178.87
245400,0.44,0.5,0.06,0.1030626,0.1090951,1.390613,142.96
245500,0.4,0.56,0.04,0.08476888,0.08990113,0.8032062,134.1
245600,0.28,0.64,0.08,0.06914722,0.06704111,1.349414,174.81
245700,0.42,0.54,0.04,0.07688801,0.07840631,0.8034068,131.63
245800,0.52,0.42,0.06,0.1164385,0.1425647,1.373214,141.92
245900,0.42,0.51,0.07,0.08188242,0.08060069,1.389213,191.75
246000,0.43,0.52,0.05,0.08375298,0.07537571,0.9346071,156.17
246100,0.35,0.61,0.04,0.07172269,0.07114607,1.032609,139.94
246200,0.33,0.58,0.09,0.07359604,0.07124182,0.9892083,180.54
246300,0.43,0.52,0.05,0.07620225,0.08034685,1.149211,133.22
246400,0.45,0.46,0.09,0.1076653,0.1320985,1.264612,173.56
246500,0.44,0.48,0.08,0.07369759,0.07646,1.582015,166.14
246600,0.38,0.56,0.06,0.07191451,0.06846859,1.384013,163.23
246700,0.41,0.54,0.05,0.1140654,0.1353507,1.191212,136.73
246800,0.42,0.55,0.03,0.06972142,0.06485443,0.7242073,135.56
246900,0.46,0.48,0.06,0.06891418,0.07565521,1.347813,153.66
247000,0.39,0.54,0.07,0.0961355,0.08827248,1.23621,159.7
247100,0.37,0.54,0.09,0.06995313,0.06747262,1.91922,177.35
247200,0.44,0.5,0.06,0.08789669,0.09494185,0.917608,143.26
247300,0.38,0.59,0.03,0.08436502,0.1046121,0.5564036,126.23
247400,0.47,0.41,0.12,0.09353165,0.1076251,2.306626,203.75
247500,0.38,0.56,0.06,0.0708538,0.06923629,0.7192066,148.56
247600,0.39,0.54,0.07,0.07670695,0.09230167,1.169011,159.02
247700,0.34,0.59,0.07,0.07341229,0.06679979,1.333413,160.3
247800,0.43,0.52,0.05,0.07746356,0.08508529,1.04901,136.61
247900,0.48,0.49,0.03,0.07766631,0.08406203,0.6566038,128.03
248000,0.43,0.55,0.02,0.079585,0.07526952,0.711404,118.65
248100,0.38,0.57,0.05,0.08364734,0.07717918,1.310812,137
248200,0.41,0.53,0.06,0.07611751,0.07351331,0.7872066,154.6
248300,0.4,0.56,0.04,0.08122635,0.09503224,1.02301,123.52
248400,0.42,0.53,0.05,0.07653791,0.09041709,0.9958097,138.59
248500,0.44,0.51,0.05,0.0841295,0.07783148,0.9460087,133.61
248600,0.39,0.57,0.04,0.09703023,0.09624385,0.9358088,120.83
248700,0.44,0.48,0.08,0.08977662,0.08757086,1.271614,152.87
248800,0.42,0.54,0.04,0.09971081,0.1075352,0.5906048,137.83
248900,0.34,0.6,0.06,0.07025579,0.08615214,1.126211,152.24
249000,0.39,0.52,0.09,0.09371231,0.1032168,1.067012,176.38
249100,0.39,0.52,0.09,0.1023982,0.109147,1.962221,170.87
249200,0.42,0.57,0.01,0.07454541,0.08389023,0.5890023,116.73
249300,0.39,0.58,0.03,0.0795912,0.08321066,0.4520022,124.69
249400,0.4,0.57,0.03,0.07662471,0.07094906,0.6460043,121.68
249500,0.43,0.53,0.04,0.09833509,0.09487276,0.810006,150.82
249600,0.37,0.55,0.08,0.0799868,0.087753,1.434813,168.15
249700,0.41,0.53,0.06,0.07870127,0.07079311,1.020809,138.66
249800,0.39,0.57,0.04,0.09250396,0.1010251,0.8880087,116.87
249900,0.51,0.44,0.05,0.07442828,0.07440274,0.6042046,137.86
250000,0.48,0.47,0.05,0.07071938,0.06786492,1.187412,143.32
250100,0.39,0.57,0.04,0.1039347,0.104311,0.7588067,127.16
250200,0.39,0.58,0.03,0.07529023,0.06846529,0.7118043,135.45
250300,0.44,0.47,0.09,0.0746453,0.07142939,0.9748066,186.57
250400,0.4,0.54,0.06,0.07285524,0.06519702,1.143411,155.83
250500,0.42,0.56,0.02,0.06863375,0.0618868,0.6670042,123.84
250600,0.42,0.52,0.06,0.07255373,0.07154779,1.374414,163.57
250700,0.46,0.5,0.04,0.07534992,0.06769315,1.260609,129.29
250800,0.39,0.58,0.03,0.07396648,0.08949299,0.629604,143.86
250900,0.42,0.5,0.08,0.07389034,0.07044008,1.216811,178.11
251000,0.45,0.48,0.07,0.07670036,0.07026106,1.305213,169.97
251100,0.51,0.45,0.04,0.07464986,0.07696578,0.9736097,136.5
251200,0.32,0.58,0.1,0.07062823,0.0660857,1.650218,203.78
251300,0.41,0.55,0.04,0.08985522,0.08404685,0.6156047,128.05
251400,0.4,0.52,0.08,0.0690143,0.06928968,1.717216,181.2
251500,0.47,0.48,0.05,0.08373901,0.08656247,0.709004,146.85
251600,0.41,0.51,0.08,0.07947829,0.08491497,1.161011,187.59
251700,0.46,0.5,0.04,0.09967837,0.1017837,0.9612092,134.86
251800,0.41,0.56,0.03,0.0763987,0.08455367,0.8368069,146.99
251900,0.33,0.62,0.05,0.08359606,0.09013592,0.7530069,150.65
252000,0.51,0.44,0.05,0.07470953,0.07684251,1.065409,158.21
252100,0.42,0.54,0.04,0.08696187,0.07906497,0.6422038,134.37
252200,0.42,0.53,0.05,0.0849651,0.08043807,0.7556064,137.2
252300,0.47,0.5,0.03,0.07548549,0.06923025,0.8492036,170.36
252400,0.39,0.55,0.06,0.07507651,0.06706896,1.293014,135.84
252500,0.39,0.55,0.06,0.0913371,0.08790677,0.9486084,156.62
252600,0.39,0.57,0.04,0.07234375,0.0688074,0.6514041,138.39
252700,0.43,0.5,0.07,0.08005231,0.07783208,1.511614,173.76
252800,0.44,0.53,0.03,0.08159488,0.08455446,0.652005,124.03
252900,0.42,0.53,0.05,0.07323463,0.06732313,0.958609,154.07
253000,0.41,0.53,0.06,0.08091173,0.07432082,1.412814,139.59
253100,0.48,0.5,0.02,0.08875836,0.09947202,0.6252039,119.98
253200,0.34,0.63,0.03,0.07842349,0.083226,0.775007,135.24
253300,0.35,0.58,0.07,0.08254614,0.08155362,1.363814,161.84
253400,0.41,0.49,0.1,0.06695142,0.0668681,1.362614,198.19
253500,0.48,0.45,0.07,0.07468934,0.07674257,1.615816,161.22
253600,0.45,0.49,0.06,0.09355055,0.09620804,1.067612,157.25
253700,0.4,0.54,0.06,0.06696345,0.06565703,1.104209,149.8
253800,0.43,0.53,0.04,0.07001568,0.0678423,0.899607,132.09
253900,0.4,0.55,0.05,0.06996311,0.06276416,0.8086066,158.76
254000,0.34,0.62,0.04,0.07890455,0.08148403,1.066409,141.62
254100,0.41,0.52,0.07,0.08926615,0.09412199,1.293013,152.97
254200,0.42,0.55,0.03,0.07413138,0.06931349,0.6102023,151.46
254300,0.43,0.49,0.08,0.07482923,0.06894543,1.369812,176.49
254400,0.32,0.62,0.06,0.07847463,0.07407148,1.019011,136.14
254500,0.39,0.56,0.05,0.08637691,0.09867664,0.8852088,163.37
254600,0.46,0.49,0.05,0.07767543,0.07251275,1.073209,135.94
254700,0.37,0.59,0.04,0.08782571,0.107668,0.4838021,135.07
254800,0.34,0.59,0.07,0.0761676,0.07457789,1.425814,179.94
254900,0.34,0.62,0.04,0.07364861,0.07530897,0.933609,130.43
255000,0.4,0.56,0.04,0.08239368,0.07769684,0.8220064,134.98
255100,0.39,0.57,0.04,0.08682006,0.09825481,0.8002061,126.08
255200,0.39,0.56,0.05,0.08218785,0.08143184,0.7120062,138.06
255300,0.48,0.44,0.08,0.07703228,0.07244827,1.388013,168.18
255400,0.48,0.49,0.03,0.08521325,0.0915776,0.8132042,137.03
255500,0.42,0.56,0.02,0.07160226,0.06447408,0.5320023,132.23
255600,0.42,0.52,0.06,0.07590506,0.07523966,1.081611,154.32
255700,0.43,0.48,0.09,0.07406642,0.07842225,1.332412,183.25
255800,0.37,0.54,0.09,0.09296659,0.08933076,1.784819,171.39
255900,0.44,0.49,0.07,0.07221046,0.06595053,1.557815,174.2
256000,0.39,0.57,0.04,0.1032051,0.1046009,0.8968096,114.24
256100,0.43,0.52,0.05,0.07314613,0.06910991,0.4834019,132.04
256200,0.4,0.51,0.09,0.09196284,0.1031293,1.247814,196.48
256300,0.44,0.52,0.04,0.1284612,0.1141464,1.100609,136.64
256400,0.36,0.6,0.04,0.0897018,0.08617794,0.5958049,142.73
256500,0.41,0.55,0.04,0.09673104,0.1092877,0.9134063,143.57
256600,0.37,0.53,0.1,0.09322576,0.0937665,1.611417,197.33
256700,0.38,0.54,0.08,0.1044814,0.08983967,1.211211,170.11
256800,0.43,0.51,0.06,0.07718673,0.06659854,1.397413,164.69
256900,0.5,0.46,0.04,0.08529366,0.09168696,0.6108049,121.96
257000,0.42,0.51,0.07,0.0754147,0.07008571,1.281811,182.02
257100,0.48,0.48,0.04,0.08250519,0.07649012,1.178409,149.89
257200,0.42,0.5,0.08,0.09564027,0.1070247,1.507016,167.84
257300,0.47,0.51,0.02,0.0737008,0.07705887,0.6600049,124.69
257400,0.41,0.57,0.02,0.07209085,0.06985159,0.2975998,115.44
257500,0.49,0.5,0.01,0.07174858,0.0661642,0.4752017,107.21
257600,0.51,0.41,0.08,0.07260378,0.07431789,1.301413,164.79
257700,0.45,0.49,0.06,0.0926055,0.09891551,0.6504046,158.26
257800,0.41,0.58,0.01,0.06832156,0.08385562,0.4778023,125.89
257900,0.47,0.45,0.08,0.08534978,0.09196036,1.336414,179.39
258000,0.34,0.56,0.1,0.07299166,0.06861291,1.816818,200.13
258100,0.37,0.56,0.07,0.08795044,0.09596634,1.404814,177.29
258200,0.36,0.62,0.02,0.07116136,0.06830119,0.5796035,120.35
258300,0.45,0.5,0.05,0.07136962,0.06437921,1.153811,139.88
258400,0.37,0.58,0.05,0.08094279,0.08218276,1.187211,139.64
258500,0.34,0.59,0.07,0.07687986,0.07368679,1.384414,169.54
258600,0.42,0.54,0.04,0.09484436,0.08941294,0.9728099,125.93
258700,0.46,0.49,0.05,0.08178952,0.07853579,1.390012,160.27
258800,0.44,0.52,0.04,0.09709154,0.09691503,0.7068042,124.58
258900,0.43,0.49,0.08,0.08864294,0.09475698,1.486216,163.71
259000,0.46,0.48,0.06,0.06971301,0.07939702,1.217611,150.17
259100,0.47,0.49,0.04,0.08801343,0.08951082,0.7824061,128.86
259200,0.39,0.56,0.05,0.07570934,0.06588855,0.7586069,154.19
259300,0.42,0.51,0.07,0.07427002,0.06666781,0.8532063,167.29
259400,0.4,0.52,0.08,0.08065174,0.0777871,1.385414,173.89
259500,0.45,0.45,0.1,0.07109074,0.06756245,1.787019,179.47
259600,0.45,0.47,0.08,0.07718668,0.07545312,1.578813,186.48
259700,0.47,0.47,0.06,0.07284467,0.06493926,1.289011,158.51
259800,0.39,0.55,0.06,0.08361182,0.08596941,1.123211,141.99
259900,0.43,0.53,0.04,0.08046681,0.07619861,0.7664062,138.23
260000,0.44,0.51,0.05,0.07374836,0.08638042,0.8750067,154.01
260100,0.4,0.54,0.06,0.08164039,0.09222929,1.260411,161.16
260200,0.43,0.56,0.01,0.07435244,0.0893195,0.2343999,98.15
260300,0.5,0.43,0.07,0.07781693,0.07271231,1.045009,173.19
260400,0.56,0.41,0.03,0.08570526,0.08099926,0.8426065,133.57
260500,0.37,0.59,0.04,0.07013195,0.06074338,1.02381,154.7
260600,0.45,0.51,0.04,0.08368438,0.07829386,0.9084069,144.43
260700,0.48,0.4,0.12,0.08090212,0.07229435,2.098421,203.04
260800,0.41,0.52,0.07,0.09200049,0.09402497,0.9682093,152.7
260900,0.44,0.49,0.07,0.08188085,0.08631101,1.094811,147.77
261000,0.43,0.54,0.03,0.07621627,0.0728581,0.8964067,115.93
261100,0.37,0.58,0.05,0.08505253,0.09089874,1.054211,153.59
261200,0.34,0.62,0.04,0.09154772,0.08198629,0.6110049,126.53
261300,0.4,0.49,0.11,0.1200312,0.1304273,1.817019,199.53
261400,0.41,0.55,0.04,0.08010364,0.09249537,0.5768034,142.12
261500,0.41,0.52,0.07,0.07203212,0.07705994,1.485015,166.96
261600,0.36,0.58,0.06,0.09655716,0.0971885,1.10321,155.76
261700,0.42,0.48,0.1,0.08422137,0.09888111,1.628216,181.42
261800,0.47,0.48,0.05,0.08224519,0.08021092,1.03041,145.9
261900,0.39,0.54,0.07,0.07962031,0.08901241,0.8752093,148.11
262000,0.38,0.56,0.06,0.07378805,0.06767008,1.059808,162.16
262100,0.48,0.46,0.06,0.05860157,0.05519244,1.060009,166.68
262200,0.46,0.45,0.09,0.08131427,0.07829857,1.616215,185.47
262300,0.4,0.56,0.04,0.09232871,0.08013623,0.6750044,119.69
262400,0.43,0.53,0.04,0.08018838,0.09447388,0.5410021,137.08
262500,0.49,0.45,0.06,0.0696696,0.07798307,1.153011,153.88
262600,0.44,0.51,0.05,0.07413429,0.07135858,0.9630089,138.17
262700,0.49,0.5,0.01,0.08016872,0.07179599,0.4436019,101.59
262800,0.49,0.43,0.08,0.08822508,0.07732344,1.558216,166.04
262900,0.5,0.45,0.05,0.08127856,0.07835796,0.8354065,144.33
263000,0.37,0.59,0.04,0.07556795,0.07494797,0.7896067,136.96
263100,0.46,0.54,0,0.08068547,0.08127315,0.3173997,92.58
263200,0.45,0.54,0.01,0.07411686,0.06319941,0.3705997,120.73
263300,0.45,0.47,0.08,0.09209626,0.09658048,1.791618,166.98
263400,0.44,0.49,0.07,0.07525157,0.07724242,1.100809,168.98
263500,0.46,0.5,0.04,0.08258867,0.08243274,0.9538084,130.93
263600,0.43,0.55,0.02,0.0831925,0.0769393,0.4928022,121.64
263700,0.5,0.44,0.06,0.08837662,0.08665678,1.26841,171.4
263800,0.34,0.56,0.1,0.08897182,0.08877431,1.88062,178.95
263900,0.46,0.46,0.08,0.0644695,0.06061337,1.558614,184.57
264000,0.46,0.51,0.03,0.09568105,0.0884414,0.6686046,143.12
264100,0.5,0.46,0.04,0.07522246,0.07313036,0.5546038,139.98
264200,0.37,0.61,0.02,0.08621297,0.08660452,0.6004046,114.8
264300,0.41,0.56,0.03,0.07131141,0.07635655,0.5766023,125.44
264400,0.48,0.5,0.02,0.0751301,0.07234167,0.6634036,133.07
264500,0.43,0.5,0.07,0.1093327,0.1378123,1.671816,168.97
264600,0.36,0.59,0.05,0.08484245,0.1111149,1.059809,149.9
264700,0.53,0.45,0.02,0.07706924,0.08227296,0.6656048,123.87
264800,0.35,0.59,0.06,0.08764327,0.08324268,0.8372081,143.11
264900,0.4,0.55,0.05,0.08245,0.08640546,0.905607,151.73
265000,0.45,0.52,0.03,0.0817975,0.07999021,0.6136047,122.88
265100,0.49,0.47,0.04,0.07575109,0.07382631,0.9758081,119.33
265200,0.46,0.51,0.03,0.1062153,0.09952076,0.7508055,138.59
265300,0.43,0.52,0.05,0.07978828,0.07837199,0.8428068,134.29
265400,0.39,0.59,0.02,0.07316815,0.06799319,0.6644047,144.7
265500,0.45,0.51,0.04,0.0837981,0.08214066,0.5370043,129.08
265600,0.43,0.51,0.06,0.09794942,0.1071711,1.319813,169.37
265700,0.4,0.55,0.05,0.07250715,0.06664746,0.8254068,163.64
265800,0.47,0.48,0.05,0.09485449,0.07750475,1.005009,138.02
265900,0.44,0.53,0.03,0.07050845,0.06907062,0.6610042,139.57
266000,0.42,0.53,0.05,0.08878086,0.08553253,0.7878067,153.77
266100,0.43,0.53,0.04,0.08279224,0.09121715,0.4494025,146.64
266200,0.34,0.62,0.04,0.07451157,0.07054285,0.9866082,127.38
266300,0.48,0.48,0.04,0.07764748,0.06920669,0.9578087,128.56
266400,0.5,0.48,0.02,0.07845853,0.07166352,0.6104022,120.82
266500,0.44,0.53,0.03,0.07372719,0.07192572,0.8936053,138.15
266600,0.49,0.44,0.07,0.08973972,0.09454805,1.337013,168.66
266700,0.41,0.52,0.07,0.09457931,0.09695753,0.8566082,179.35
266800,0.34,0.61,0.05,0.1051038,0.0905774,0.8672076,159.67
266900,0.4,0.56,0.04,0.08323311,0.07125286,1.063408,148.49
267000,0.38,0.58,0.04,0.1010167,0.101072,0.8018073,142.05
267100,0.48,0.45,0.07,0.08311666,0.08238263,1.194209,164.52
267200,0.32,0.62,0.06,0.07773526,0.07004495,0.9484087,150.53
267300,0.39,0.55,0.06,0.07921609,0.0734174,1.335013,155.4
267400,0.49,0.46,0.05,0.08070432,0.07273173,1.171609,144.4
267500,0.38,0.56,0.06,0.09563284,0.09804787,1.02361,150.6
267600,0.47,0.5,0.03,0.07852361,0.07480486,0.944807,145.88
267700,0.42,0.53,0.05,0.0978414,0.1078424,0.5146046,148.77
267800,0.41,0.54,0.05,0.07935449,0.08441449,1.075811,171.81
267900,0.42,0.48,0.1,0.08592912,0.1021875,1.610016,191.9
268000,0.37,0.54,0.09,0.07991502,0.07642215,1.00181,179.08
268100,0.34,0.61,0.05,0.07657669,0.07422357,0.8626085,143.22
268200,0.43,0.52,0.05,0.08424673,0.09352595,0.9540095,141.09
268300,0.28,0.65,0.07,0.0706258,0.06730496,1.267214,177.83
268400,0.52,0.43,0.05,0.07694976,0.07388881,1.058009,140.35
268500,0.46,0.51,0.03,0.07816374,0.07233244,0.8468059,134.12
268600,0.42,0.55,0.03,0.08845172,0.09145875,0.9022067,131.18
268700,0.39,0.56,0.05,0.0738604,0.06975245,0.925209,140.92
268800,0.54,0.44,0.02,0.06812982,0.06761999,0.861204,114.42
268900,0.54,0.43,0.03,0.07711942,0.07886931,0.6606043,141.61
269000,0.48,0.44,0.08,0.08630272,0.08837797,1.776819,179.41
269100,0.51,0.47,0.02,0.06285733,0.05415942,0.7182015,140.06
269200,0.39,0.56,0.05,0.09492467,0.1102337,1.12821,129.9
269300,0.41,0.54,0.05,0.08126878,0.07899991,1.262211,150.16
269400,0.39,0.54,0.07,0.08438914,0.07612641,0.8776094,160.68
269500,0.44,0.52,0.04,0.087106,0.09201889,1.098609,161.52
269600,0.43,0.49,0.08,0.07529066,0.07292396,1.541615,164.22
269700,0.42,0.48,0.1,0.1018181,0.1028917,1.560816,199.47
269800,0.42,0.55,0.03,0.09668311,0.08269361,0.6960071,126.13
269900,0.33,0.58,0.09,0.08859646,0.08539603,1.374414,190.46
270000,0.47,0.49,0.04,0.07415682,0.07628997,0.7692045,142.62
270100,0.43,0.52,0.05,0.0650919,0.07198307,0.7134064,148.21
270200,0.45,0.5,0.05,0.07162507,0.07313449,0.8934065,177.07
270300,0.44,0.5,0.06,0.08938131,0.112436,1.053409,168.55
270400,0.4,0.54,0.06,0.0755724,0.07551983,0.9674083,173.16
270500,0.44,0.51,0.05,0.07269257,0.07465207,1.136811,158.39
270600,0.42,0.55,0.03,0.07274482,0.07743385,0.6804038,142.32
270700,0.38,0.57,0.05,0.06817628,0.05976079,1.018809,146.66
270800,0.37,0.57,0.06,0.08897603,0.08886065,1.04721,147.78
270900,0.4,0.57,0.03,0.0689972,0.06469589,0.5304039,126.66
271000,0.47,0.51,0.02,0.07376304,0.07214906,0.7010021,121.5
271100,0.35,0.57,0.08,0.08742219,0.07948418,1.573016,178.9
271200,0.37,0.57,0.06,0.07376848,0.06632063,1.08921,164.29
271300,0.42,0.51,0.07,0.08165169,0.07970288,0.7666062,161.59
271400,0.51,0.4,0.09,0.06719445,0.06922238,1.662416,201.44
271500,0.34,0.63,0.03,0.07977955,0.07755718,0.708206,149.14
271600,0.4,0.55,0.05,0.07246435,0.06893075,1.284811,151.87
271700,0.4,0.56,0.04,0.06747919,0.06791024,0.9048069,154.02
271800,0.45,0.54,0.01,0.08490703,0.08526936,0.3055998,118.64
271900,0.42,0.56,0.02,0.0721505,0.07052892,0.5738044,119.32
272000,0.36,0.57,0.07,0.07558207,0.07434663,1.311615,164.68
272100,0.36,0.6,0.04,0.06644586,0.06598821,0.9496095,139.11
272200,0.4,0.57,0.03,0.07156605,0.06375499,0.6918045,133.55
272300,0.37,0.59,0.04,0.07855096,0.08931884,0.6196043,132.59
272400,0.38,0.59,0.03,0.07595778,0.07195903,0.8324069,120.84
272500,0.4,0.58,0.02,0.07466451,0.07063238,0.6672041,124
272600,0.33,0.62,0.05,0.08884592,0.07927112,1.032608,156.27
272700,0.49,0.47,0.04,0.07768825,0.07126755,0.9106063,136.16
272800,0.38,0.55,0.07,0.08592944,0.08426817,1.11421,160.82
272900,0.42,0.54,0.04,0.0711359,0.06769973,0.9166063,151.04
273000,0.38,0.56,0.06,0.07995817,0.09691467,0.9704072,154.7
273100,0.41,0.56,0.03,0.09553058,0.09866875,0.458002,144.69
273200,0.36,0.57,0.07,0.08470648,0.09586391,0.8558068,173.44
273300,0.42,0.54,0.04,0.07497385,0.0695109,0.7592068,145.48
273400,0.39,0.58,0.03,0.09146722,0.08807239,0.5334046,126.43
273500,0.33,0.63,0.04,0.08035536,0.07654612,0.7738063,133.24
273600,0.38,0.56,0.06,0.07486973,0.07201824,1.275812,166.79
273700,0.43,0.54,0.03,0.07721506,0.0707965,0.6290046,121.91
273800,0.43,0.5,0.07,0.08796817,0.07490111,1.211611,157.36
273900,0.49,0.44,0.07,0.08366841,0.07556861,1.190812,155.01
274000,0.5,0.43,0.07,0.06884651,0.0582921,1.521613,192.6
274100,0.37,0.56,0.07,0.07727928,0.0893552,1.283213,175.6
274200,0.41,0.5,0.09,0.07722151,0.07284422,1.821819,195.1
274300,0.39,0.55,0.06,0.07397413,0.07126902,0.9760091,158.32
274400,0.41,0.56,0.03,0.06952681,0.07256211,0.8442053,141.06
274500,0.36,0.6,0.04,0.07749502,0.07636835,0.9020082,136.85
274600,0.43,0.55,0.02,0.09443672,0.08643433,0.7196045,116.28
274700,0.5,0.45,0.05,0.07158997,0.0715654,1.282612,166.04
274800,0.45,0.5,0.05,0.0825695,0.08321033,1.245013,144.97
274900,0.33,0.63,0.04,0.08528804,0.09489224,0.8072064,144.34
275000,0.44,0.52,0.04,0.0895775,0.08542697,0.9220097,126.46
275100,0.39,0.6,0.01,0.07439958,0.07101142,0.4596016,116.49
275200,0.51,0.46,0.03,0.1054958,0.1045077,0.6436042,127.82
275300,0.39,0.53,0.08,0.09470146,0.1219184,1.311612,166.82
275400,0.34,0.62,0.04,0.07706318,0.06942673,1.048009,129.95
275500,0.53,0.45,0.02,0.09817602,0.08960196,0.5808042,111.16
275600,0.41,0.5,0.09,0.07523296,0.07131965,1.330811,185.7
275700,0.5,0.48,0.02,0.08824232,0.08396479,0.4358025,112.46
275800,0.43,0.56,0.01,0.08413891,0.08336392,0.6504024,127.21
275900,0.39,0.57,0.04,0.07597296,0.0742322,0.914808,139.3
276000,0.43,0.53,0.04,0.08216305,0.07572961,0.5650045,124
276100,0.37,0.61,0.02,0.0628506,0.05869194,0.4442022,134.22
276200,0.4,0.58,0.02,0.08056732,0.07664146,0.4742022,130.53
276300,0.45,0.53,0.02,0.09628335,0.0908054,0.5472021,119.47
276400,0.52,0.44,0.04,0.08245222,0.07661622,0.9626066,119.11
276500,0.39,0.59,0.02,0.07337002,0.07410565,0.6212046,120.82
276600,0.38,0.57,0.05,0.0741144,0.07133169,0.8460065,149.37
276700,0.46,0.47,0.07,0.07975765,0.076602,0.9058062,178.07
276800,0.34,0.63,0.03,0.09060001,0.08048824,0.6678044,147.13
276900,0.41,0.56,0.03,0.08522885,0.09687246,1.063607,141.61
277000,0.44,0.5,0.06,0.07043168,0.06975997,1.308612,161.94
277100,0.41,0.54,0.05,0.06645056,0.06820665,1.379011,149.31
277200,0.36,0.58,0.06,0.07603894,0.074701,1.406615,142
277300,0.48,0.5,0.02,0.091136,0.09208309,0.3049998,103.85
277400,0.55,0.41,0.04,0.07965494,0.08371826,0.9612077,135.93
277500,0.44,0.52,0.04,0.08534156,0.1063442,0.8166067,144.76
277600,0.44,0.52,0.04,0.07761989,0.07421121,1.121609,145.07
277700,0.49,0.46,0.05,0.07033788,0.07484964,1.007208,153.21
277800,0.43,0.47,0.1,0.08867549,0.09115434,1.669818,196.73
277900,0.46,0.47,0.07,0.07523423,0.07170112,1.440213,170.05
278000,0.36,0.61,0.03,0.09781305,0.09501261,0.763404,125.06
278100,0.36,0.54,0.1,0.09193881,0.09242762,1.642815,180.89
278200,0.4,0.54,0.06,0.06751043,0.064399,1.415615,168.83
278300,0.39,0.57,0.04,0.09544489,0.1047599,1.013809,120.3
278400,0.44,0.52,0.04,0.09455378,0.1007605,0.7574069,125.99
278500,0.37,0.6,0.03,0.09085126,0.07987696,0.6178044,139.63
278600,0.36,0.57,0.07,0.08763151,0.08328959,0.7822065,172.57
278700,0.36,0.6,0.04,0.07730593,0.0684365,0.588405,148.28
278800,0.42,0.47,0.11,0.07709527,0.09176104,1.452214,197.43
278900,0.4,0.52,0.08,0.08366325,0.1013466,1.286014,177.38
279000,0.42,0.55,0.03,0.08402156,0.07037273,0.7726067,125.96
279100,0.41,0.57,0.02,0.08892623,0.1119906,0.2029999,110.53
279200,0.47,0.46,0.07,0.08180839,0.06677264,1.303012,158.79
279300,0.35,0.62,0.03,0.08592525,0.09675492,0.4020019,131.46
279400,0.46,0.49,0.05,0.09349438,0.09410882,0.8308071,139.64
279500,0.47,0.49,0.04,0.07237175,0.08292079,0.825407,118.79
279600,0.5,0.46,0.04,0.07028887,0.06504915,1.033208,129.93
279700,0.44,0.54,0.02,0.0937849,0.1044154,0.5082046,115.16
279800,0.4,0.53,0.07,0.07554623,0.09006353,1.261813,165.32
279900,0.36,0.59,0.05,0.08527262,0.0872247,0.9724097,153.87
280000,0.36,0.57,0.07,0.06994008,0.07072092,0.779007,161.43
280100,0.36,0.57,0.07,0.0741457,0.07597217,1.259211,187.26
280200,0.41,0.54,0.05,0.09795237,0.1068886,1.036809,146.72
280300,0.39,0.55,0.06,0.06996402,0.06727814,0.8474088,144.78
280400,0.31,0.65,0.04,0.08078319,0.07390951,0.5774047,133.69
280500,0.4,0.57,0.03,0.07525051,0.07082344,0.7632073,118.92
280600,0.46,0.52,0.02,0.09077317,0.09406127,0.6174048,103.38
280700,0.41,0.53,0.06,0.07934518,0.09190141,1.358014,171.33
280800,0.41,0.5,0.09,0.07104408,0.06577026,1.85102,205.02
280900,0.44,0.54,0.02,0.08251098,0.07882144,0.6004042,110.22
281000,0.42,0.56,0.02,0.09031194,0.09107059,0.5194023,114.8
281100,0.37,0.6,0.03,0.08178807,0.07892546,0.7292066,115.07
281200,0.42,0.53,0.05,0.0727732,0.06996157,0.7680067,164.72
281300,0.42,0.55,0.03,0.08490636,0.08656105,0.5824042,135.15
281400,0.48,0.48,0.04,0.08881795,0.1065225,0.7850046,138.83
281500,0.48,0.51,0.01,0.09485759,0.08685753,0.2645998,104.05
281600,0.38,0.56,0.06,0.08075742,0.07171156,0.6878043,155.27
281700,0.42,0.51,0.07,0.09194571,0.09251712,1.228611,161.26
281800,0.41,0.54,0.05,0.08890252,0.1334803,0.5268023,142.57
281900,0.38,0.59,0.03,0.07539497,0.08257331,0.6180052,147.22
282000,0.43,0.5,0.07,0.1024562,0.1108471,1.416414,173.76
282100,0.44,0.54,0.02,0.08415832,0.08191025,0.6422043,109.56
282200,0.47,0.48,0.05,0.07349726,0.07007996,1.147011,138.33
282300,0.43,0.55,0.02,0.08172598,0.07445886,0.5752045,107.77
282400,0.43,0.51,0.06,0.09274114,0.09102116,1.103408,148.34
282500,0.44,0.51,0.05,0.07831872,0.0835155,1.041409,164.61
282600,0.42,0.54,0.04,0.07602178,0.07069986,0.9620081,140.44
282700,0.41,0.49,0.1,0.07429008,0.07385549,1.491814,198.43
282800,0.43,0.54,0.03,0.07781654,0.07755617,0.7978072,120.46
282900,0.34,0.59,0.07,0.08302733,0.08217489,1.647416,163.28
283000,0.41,0.55,0.04,0.07206541,0.0723203,0.5036045,134.2
283100,0.4,0.53,0.07,0.09129381,0.08968705,0.8908058,164.73
283200,0.38,0.59,0.03,0.08330696,0.07671604,0.7796063,129.34
283300,0.42,0.52,0.06,0.09471117,0.09857877,1.051611,163.13
283400,0.39,0.55,0.06,0.0742231,0.0728727,0.594605,158.41
283500,0.35,0.62,0.03,0.07731888,0.0720622,0.5110038,117.22
283600,0.46,0.49,0.05,0.08177219,0.07684927,1.008209,140.73
283700,0.44,0.49,0.07,0.09570932,0.1025533,1.287011,166.64
283800,0.36,0.6,0.04,0.09336434,0.09298402,0.9352096,125.13
283900,0.32,0.64,0.04,0.08546465,0.09971187,0.7062076,135.36
284000,0.39,0.56,0.05,0.0691385,0.06651535,0.6544044,153.97
284100,0.42,0.54,0.04,0.07341828,0.07723174,0.9066073,131.58
284200,0.47,0.47,0.06,0.09338889,0.09159947,1.036208,157.84
284300,0.43,0.52,0.05,0.08648099,0.0840703,1.114208,142.95
284400,0.44,0.53,0.03,0.07954594,0.0816699,0.5320043,100.15
284500,0.42,0.53,0.05,0.06908666,0.06991715,0.8338066,155.96
284600,0.27,0.65,0.08,0.07458069,0.07558259,0.6882065,185.35
284700,0.44,0.54,0.02,0.09002274,0.1045738,0.7786034,122.92
284800,0.47,0.52,0.01,0.08317483,0.07783452,0.5686024,113.06
284900,0.39,0.56,0.05,0.06971845,0.06321748,0.8592068,136.52
285000,0.49,0.46,0.05,0.07999642,0.07436356,0.8404061,140.01
285100,0.31,0.64,0.05,0.08231872,0.1048076,0.6762068,143.91
285200,0.37,0.57,0.06,0.09544836,0.09670439,0.6120044,152.29
285300,0.42,0.52,0.06,0.07733444,0.07156172,1.420415,146.43
285400,0.4,0.56,0.04,0.07940575,0.08639351,0.6566042,161.59
285500,0.4,0.54,0.06,0.08492606,0.08398568,1.055609,164.51
285600,0.41,0.53,0.06,0.07616505,0.07109929,1.16761,157.61
285700,0.4,0.54,0.06,0.06833166,0.07179138,1.001209,149.62
285800,0.37,0.6,0.03,0.08575477,0.08052751,0.7064049,136.49
285900,0.48,0.46,0.06,0.08232028,0.09706926,1.096811,165.2
286000,0.43,0.54,0.03,0.08732534,0.07829127,0.847207,126.14
286100,0.47,0.48,0.05,0.0785934,0.07553108,0.7304064,158.79
286200,0.46,0.5,0.04,0.08236447,0.08986872,0.7818067,139.3
286300,0.5,0.46,0.04,0.07767592,0.08223104,0.9216064,133.52
286400,0.47,0.44,0.09,0.08243041,0.08302549,1.762218,169.49
286500,0.28,0.66,0.06,0.07969835,0.07298297,1.004411,166.25
286600,0.46,0.5,0.04,0.1105096,0.1257321,0.8158063,123.08
286700,0.33,0.6,0.07,0.08520687,0.07903346,1.10581,153.92
286800,0.48,0.48,0.04,0.08617558,0.08221558,0.8586069,119.99
286900,0.35,0.57,0.08,0.07372994,0.06466311,1.049011,182.74
287000,0.4,0.58,0.02,0.09021126,0.08924999,0.6404042,108.64
287100,0.4,0.55,0.05,0.08059787,0.07238915,1.138012,154.19
287200,0.47,0.49,0.04,0.1011093,0.1154502,0.7526063,133.11
287300,0.4,0.59,0.01,0.101575,0.1046591,0.4138018,101.88
287400,0.39,0.56,0.05,0.09252697,0.08976823,0.9304082,138.91
287500,0.38,0.54,0.08,0.07571099,0.06993148,1.530817,178.44
287600,0.42,0.5,0.08,0.08060247,0.09031503,1.821019,170.55
287700,0.35,0.58,0.07,0.0801146,0.09399328,1.290011,181.32
287800,0.41,0.59,0,0.0726375,0.07671212,0.3729997,98.84
287900,0.4,0.55,0.05,0.09654304,0.09314192,0.9572076,151.53
288000,0.45,0.46,0.09,0.09696442,0.09819093,1.763819,173.3
288100,0.35,0.64,0.01,0.08241595,0.08053327,0.1855999,110.64
288200,0.39,0.54,0.07,0.07194118,0.06756078,1.207013,166.71
288300,0.49,0.47,0.04,0.08089359,0.09984616,0.5964046,128.93
288400,0.42,0.56,0.02,0.07701448,0.07402299,0.4704024,122.11
288500,0.36,0.59,0.05,0.07319116,0.0708409,0.7788073,157
288600,0.45,0.53,0.02,0.08822622,0.08907986,0.4390008,112.79
288700,0.38,0.54,0.08,0.0923766,0.09269172,1.178012,178.29
288800,0.44,0.53,0.03,0.08722462,0.08353049,0.5998048,104.65
288900,0.47,0.49,0.04,0.07609519,0.07152338,0.7642065,116.47
289000,0.35,0.62,0.03,0.07079068,0.07970087,0.8818066,142.98
289100,0.44,0.51,0.05,0.07068303,0.06632046,1.073209,144.95
289200,0.48,0.48,0.04,0.07165086,0.0711287,0.9568089,165.47
289300,0.38,0.59,0.03,0.07617479,0.0761247,0.864207,131.42
289400,0.38,0.61,0.01,0.08066712,0.08711733,0.3233997,115.29
289500,0.46,0.49,0.05,0.07496887,0.07452046,0.9198074,134.5
289600,0.46,0.51,0.03,0.07314662,0.07228291,0.8138058,145.7
289700,0.45,0.52,0.03,0.07288852,0.0720916,0.9478065,130.02
289800,0.44,0.5,0.06,0.07053292,0.06796761,1.563213,172.65
289900,0.43,0.54,0.03,0.08865264,0.09849528,0.6920043,131.17
290000,0.36,0.6,0.04,0.08005087,0.08044873,0.507404,145.18
290100,0.41,0.52,0.07,0.08884963,0.09116499,1.535816,160.02
290200,0.49,0.47,0.04,0.08908493,0.08533908,0.6878047,138.8
290300,0.4,0.52,0.08,0.09474144,0.09644663,1.383414,157.36
290400,0.32,0.65,0.03,0.07318702,0.07681226,0.4108025,136.31
290500,0.44,0.52,0.04,0.1119976,0.1287792,0.9524071,126.62
290600,0.38,0.53,0.09,0.093673,0.09442174,1.499015,186.2
290700,0.52,0.43,0.05,0.08921725,0.08645409,0.867606,134.12
290800,0.48,0.48,0.04,0.08775647,0.07925603,0.457802,143.75
290900,0.37,0.57,0.06,0.074609,0.07417478,1.09881,143.5
291000,0.47,0.49,0.04,0.08896872,0.09237152,0.7048043,136.2
291100,0.47,0.47,0.06,0.07419286,0.06972603,1.404413,152.17
291200,0.49,0.48,0.03,0.09844515,0.1041457,0.9244066,126.52
291300,0.47,0.51,0.02,0.08272208,0.07361419,0.5948042,107.93
291400,0.47,0.49,0.04,0.07022237,0.06082846,0.6800045,154
291500,0.43,0.54,0.03,0.07951581,0.09446109,0.5602049,126.41
291600,0.42,0.49,0.09,0.07411876,0.06794995,1.332014,167.58
291700,0.42,0.54,0.04,0.08461393,0.07930481,0.4432023,135.81
291800,0.42,0.53,0.05,0.08856434,0.0849143,1.099609,137.45
291900,0.39,0.57,0.04,0.0770421,0.08022571,0.8484075,134.29
292000,0.47,0.51,0.02,0.08670667,0.09406605,0.4962017,116.56
292100,0.51,0.46,0.03,0.07564422,0.06974027,0.853807,143.8
292200,0.32,0.64,0.04,0.07135904,0.06246674,0.8138068,140.43
292300,0.37,0.59,0.04,0.08332229,0.09773567,1.034408,146.45
292400,0.44,0.53,0.03,0.08478539,0.07699062,0.7756043,135.19
292500,0.48,0.48,0.04,0.0692229,0.05750361,0.8372042,146.63
292600,0.44,0.52,0.04,0.08618615,0.07731862,0.9132053,137.05
292700,0.42,0.53,0.05,0.0753908,0.07312457,1.15661,152.07
292800,0.44,0.5,0.06,0.07919716,0.07810985,0.9994063,157.18
292900,0.42,0.52,0.06,0.08218789,0.07677488,1.359014,174.54
293000,0.43,0.53,0.04,0.07331529,0.06780952,0.9412089,160.99
293100,0.42,0.54,0.04,0.07688402,0.08013096,1.052409,142.5
293200,0.46,0.5,0.04,0.07217241,0.07184154,0.9568089,129.58
293300,0.43,0.55,0.02,0.1184946,0.1115623,0.6416038,116.93
293400,0.39,0.56,0.05,0.1018849,0.1209262,0.7686067,165.3
293500,0.41,0.52,0.07,0.1004401,0.08758005,1.11041,167.53
293600,0.33,0.62,0.05,0.07525592,0.08928207,0.9848097,140.22
293700,0.4,0.59,0.01,0.06363502,0.06365647,0.5140019,112.98
293800,0.54,0.44,0.02,0.08184341,0.07118672,0.4880024,117.02
293900,0.46,0.47,0.07,0.09476059,0.09968617,0.889006,180.77
294000,0.48,0.48,0.04,0.06515259,0.0687355,1.044408,148.29
294100,0.49,0.43,0.08,0.06912097,0.06277258,1.497215,179.5
294200,0.55,0.43,0.02,0.07822603,0.08530277,0.6998043,126.44
294300,0.43,0.56,0.01,0.07960322,0.07434972,0.4470021,114.83
294400,0.53,0.44,0.03,0.07792119,0.08594061,0.7782044,127.79
294500,0.37,0.58,0.05,0.08173877,0.09018925,0.957809,156.44
294600,0.37,0.59,0.04,0.08826007,0.09812931,0.6832066,134.81
294700,0.47,0.48,0.05,0.08248468,0.08537678,1.106809,153.22
294800,0.44,0.48,0.08,0.07537048,0.06492428,1.302213,170.77
294900,0.38,0.59,0.03,0.07450671,0.07397386,0.7668064,129.11
295000,0.46,0.51,0.03,0.07639935,0.07835838,0.8332072,141.45
295100,0.42,0.54,0.04,0.09314279,0.09407946,0.7518064,132.02
295200,0.45,0.49,0.06,0.07163106,0.08436719,1.354411,172.9
295300,0.48,0.5,0.02,0.07742365,0.08271571,0.5466039,112.74
295400,0.33,0.61,0.06,0.08727514,0.08049302,0.982609,153.38
295500,0.45,0.51,0.04,0.07298681,0.06601882,0.9874067,165.05
295600,0.48,0.48,0.04,0.08463809,0.08395638,0.718204,145.86
295700,0.37,0.56,0.07,0.0756415,0.06995445,1.363814,157.6
295800,0.37,0.56,0.07,0.08755412,0.07692017,1.368815,164.49
295900,0.34,0.64,0.02,0.07608387,0.07515641,0.6308014,131.86
296000,0.48,0.51,0.01,0.07588286,0.08225904,0.5090019,115.12
296100,0.43,0.52,0.05,0.07817717,0.07626346,0.7844069,151.48
296200,0.4,0.54,0.06,0.079558,0.08046529,1.258611,155.28
296300,0.39,0.53,0.08,0.07427861,0.06104614,1.043809,164.76
296400,0.34,0.6,0.06,0.08546104,0.09220335,1.317014,167.78
296500,0.4,0.54,0.06,0.09580623,0.09023906,1.140811,155.97
296600,0.57,0.4,0.03,0.07601761,0.06850412,0.661005,137.32
296700,0.46,0.48,0.06,0.07917774,0.07613755,1.108406,176.83
296800,0.38,0.57,0.05,0.07707716,0.08277916,0.99001,156.44
296900,0.44,0.53,0.03,0.07838219,0.07742704,0.8002042,132.88
297000,0.37,0.56,0.07,0.07698319,0.08015709,1.298414,189.27
297100,0.47,0.51,0.02,0.08433344,0.08380681,0.4686022,106.91
297200,0.43,0.57,0,0.06160453,0.05405213,0.2323999,107.6
297300,0.4,0.56,0.04,0.102998,0.09846657,1.019409,142.5
297400,0.41,0.53,0.06,0.08268602,0.09907784,0.7990065,151.19
297500,0.39,0.58,0.03,0.07246082,0.08650776,0.1791999,139.49
297600,0.37,0.56,0.07,0.07066757,0.06235626,0.942008,173.46
297700,0.39,0.59,0.02,0.07579184,0.07047661,0.7392046,113.43
297800,0.43,0.48,0.09,0.07487617,0.0944627,1.542814,190.16
297900,0.45,0.51,0.04,0.08109855,0.07200485,1.019209,153.33
298000,0.45,0.5,0.05,0.07985186,0.07157458,1.148409,145.12
298100,0.43,0.57,0,0.1153086,0.1324008,0.2443998,106.23
298200,0.49,0.46,0.05,0.09742203,0.08805352,0.9924068,134.17
298300,0.38,0.61,0.01,0.1001704,0.1161632,0.3529997,140.74
298400,0.45,0.5,0.05,0.07080558,0.06667015,0.8086062,146.66
298500,0.32,0.63,0.05,0.08116919,0.07738154,0.851808,141.9
298600,0.41,0.56,0.03,0.09032521,0.09784976,0.6788042,128.29
298700,0.36,0.6,0.04,0.08175841,0.08232009,0.7964063,142.22
298800,0.51,0.44,0.05,0.1014333,0.09724528,1.12241,154.03
298900,0.45,0.52,0.03,0.07607223,0.07353316,0.428002,119.68
299000,0.47,0.51,0.02,0.09793428,0.09041355,0.6098045,125.52
299100,0.37,0.59,0.04,0.08671638,0.08489325,0.923608,143.12
299200,0.44,0.54,0.02,0.08011003,0.06712182,0.4244025,159.09
299300,0.5,0.49,0.01,0.1057808,0.09782364,0.3621998,115.1
299400,0.48,0.48,0.04,0.08514148,0.08115327,0.1721999,137.95
299500,0.44,0.52,0.04,0.06846766,0.06322145,0.8200065,133.48
299600,0.37,0.55,0.08,0.08731139,0.07861151,1.713817,176.44
299700,0.49,0.48,0.03,0.06807521,0.06419879,0.5296021,135.26
299800,0.52,0.45,0.03,0.09944736,0.1079503,0.9128032,131.88
299900,0.35,0.61,0.04,0.07302435,0.0830324,0.9402097,149.51
300000,0.41,0.57,0.02,0.07158315,0.067249,0.6014038,119.44
300100,0.38,0.57,0.05,0.07633847,0.07010197,1.260211,142.86
300200,0.35,0.6,0.05,0.08562857,0.09641185,0.601405,147.13
300300,0.44,0.52,0.04,0.08354241,0.0806207,1.183609,162.1
300400,0.43,0.53,0.04,0.07961427,0.08443615,0.8378086,140.73
300500,0.38,0.6,0.02,0.07661753,0.07672735,0.6482052,127.4
300600,0.44,0.54,0.02,0.07527404,0.08693068,0.6772044,127.67
300700,0.39,0.55,0.06,0.07822497,0.07536788,0.9556074,159.39
300800,0.39,0.54,0.07,0.07470251,0.08438726,1.382015,166.08
300900,0.4,0.56,0.04,0.06912105,0.07504183,0.9188066,144.34
301000,0.43,0.5,0.07,0.07541822,0.07004317,1.213411,160.43
301100,0.35,0.61,0.04,0.07892272,0.09034992,0.6320059,139.66
301200,0.41,0.54,0.05,0.07586241,0.07843062,1.061412,123.42
301300,0.47,0.48,0.05,0.077197,0.07054335,1.146012,147.28
301400,0.35,0.62,0.03,0.08317292,0.0853499,0.5040021,137.42
301500,0.5,0.42,0.08,0.07149201,0.06515502,0.8382069,178.57
301600,0.46,0.51,0.03,0.0728852,0.06663909,0.733404,132.11
301700,0.44,0.54,0.02,0.08925815,0.09617298,0.6014051,123.04
301800,0.43,0.5,0.07,0.0771061,0.08214585,1.378213,170.75
301900,0.47,0.46,0.07,0.09150052,0.09523001,1.482816,167.45
302000,0.43,0.51,0.06,0.06853255,0.06140536,1.143008,160.94
302100,0.39,0.55,0.06,0.08088984,0.09141308,1.115009,147.32
302200,0.41,0.54,0.05,0.08424911,0.08664737,0.7626069,157.4
302300,0.49,0.47,0.04,0.0823423,0.07917121,0.7050048,137.65
302400,0.41,0.5,0.09,0.07224864,0.06905698,1.73722,164.93
302500,0.38,0.57,0.05,0.09567457,0.09681537,0.7288046,142.85
302600,0.51,0.47,0.02,0.07842824,0.07353652,0.5388018,124.85
302700,0.51,0.45,0.04,0.09764545,0.1103106,1.108009,138.18
302800,0.4,0.5,0.1,0.08773177,0.07878926,1.93722,191.38
302900,0.38,0.58,0.04,0.08276603,0.07903965,0.7658071,139.04
303000,0.45,0.52,0.03,0.09376491,0.08064185,0.6670045,135.11
303100,0.46,0.52,0.02,0.06678261,0.06206701,0.5868034,120.03
303200,0.43,0.52,0.05,0.07979999,0.07037393,1.108612,148.78
303300,0.44,0.48,0.08,0.06727062,0.06238101,1.405413,180.87
303400,0.4,0.52,0.08,0.07866043,0.07482629,1.414614,166.37
303500,0.46,0.5,0.04,0.09267572,0.09155279,0.6596048,142.19
303600,0.36,0.6,0.04,0.08937151,0.09952383,0.8026071,165.81
303700,0.45,0.52,0.03,0.07844866,0.0774106,0.3944024,117.52
303800,0.47,0.52,0.01,0.091733,0.08554842,0.6446041,118.81
303900,0.45,0.49,0.06,0.07241961,0.06843803,1.337214,156.06
304000,0.46,0.52,0.02,0.08582273,0.08718906,0.7116047,129.43
304100,0.38,0.58,0.04,0.08378772,0.0833921,0.5434043,135.66
304200,0.36,0.58,0.06,0.08903456,0.09133577,1.014809,159.21
304300,0.44,0.46,0.1,0.08379341,0.07105573,1.549615,190.31
304400,0.35,0.62,0.03,0.07866947,0.0699941,0.7110071,112.41
304500,0.46,0.51,0.03,0.07806695,0.06820574,0.7744043,125.55
304600,0.39,0.56,0.05,0.08115724,0.08154662,0.8522075,164.51
304700,0.42,0.51,0.07,0.07253394,0.06936452,1.080412,151.57
304800,0.42,0.56,0.02,0.08077648,0.08132971,0.6060019,137.99
304900,0.38,0.58,0.04,0.0790488,0.07257395,0.6154045,131.79
305000,0.43,0.55,0.02,0.07909589,0.07562344,0.5132023,118.81
305100,0.49,0.49,0.02,0.07821729,0.08242256,0.7004046,135.7
305200,0.53,0.45,0.02,0.07064861,0.07410858,0.609002,131.46
305300,0.5,0.48,0.02,0.08502056,0.07471145,0.5768046,121.19
305400,0.4,0.56,0.04,0.08024424,0.0958757,1.152409,153.02
305500,0.42,0.56,0.02,0.07490063,0.08396323,0.3370023,108.61
305600,0.36,0.61,0.03,0.06903644,0.07306043,0.9010068,141.21
305700,0.42,0.55,0.03,0.07801187,0.08117422,0.6152038,129.94
305800,0.37,0.59,0.04,0.0781422,0.07410511,1.093209,146.72
305900,0.4,0.58,0.02,0.07540137,0.07733205,0.6804046,133.46
306000,0.45,0.53,0.02,0.08521673,0.08530521,0.4944022,121.6
306100,0.43,0.52,0.05,0.06648961,0.06622352,0.6214035,159.85
306200,0.5,0.48,0.02,0.09169414,0.09578302,0.5830044,110.18
306300,0.37,0.57,0.06,0.0872329,0.0893026,1.11461,173.75
306400,0.45,0.52,0.03,0.07008962,0.07082082,0.7002041,161
306500,0.44,0.54,0.02,0.06764627,0.06268912,0.8126039,135.86
306600,0.37,0.61,0.02,0.09926817,0.1065224,0.659604,117.81
306700,0.53,0.45,0.02,0.07279211,0.07045757,0.9204056,128.66
306800,0.36,0.62,0.02,0.08527129,0.08314803,0.5736043,107.7
306900,0.4,0.55,0.05,0.07488628,0.0721408,0.9020081,145.28
307000,0.38,0.6,0.02,0.08119422,0.08962162,0.646804,120.9
307100,0.45,0.51,0.04,0.06913225,0.06591114,1.037407,140.38
307200,0.43,0.56,0.01,0.07801214,0.07976869,0.5778024,133.91
307300,0.45,0.51,0.04,0.07791393,0.07555094,0.9918066,159.9
307400,0.36,0.58,0.06,0.08019352,0.07487616,1.320013,146.26
307500,0.43,0.53,0.04,0.1029373,0.1072394,0.8342068,122.63
307600,0.45,0.51,0.04,0.08728717,0.09157606,1.087406,144.3
307700,0.41,0.54,0.05,0.07986576,0.08295081,0.9174092,163.98
307800,0.46,0.52,0.02,0.07525311,0.08143578,0.4456018,127.51
307900,0.41,0.57,0.02,0.07702967,0.07865152,0.5332019,116.13
308000,0.35,0.61,0.04,0.07836601,0.07550146,0.9728094,132.03
308100,0.39,0.59,0.02,0.08446649,0.09006212,0.7112037,142.11
308200,0.48,0.5,0.02,0.07132631,0.07028201,0.778204,137.82
308300,0.39,0.59,0.02,0.06817555,0.06616477,0.5796047,135.91
308400,0.51,0.45,0.04,0.07539144,0.06949946,1.049009,125.73
308500,0.46,0.5,0.04,0.07183252,0.06562892,0.8658068,123.96
308600,0.4,0.59,0.01,0.08378384,0.08282688,0.4480016,117.61
308700,0.41,0.55,0.04,0.07800034,0.07214803,1.063009,150.99
308800,0.38,0.58,0.04,0.08641796,0.09175457,0.9796093,140.87
308900,0.39,0.55,0.06,0.09022644,0.09392367,1.432014,163.1
309000,0.4,0.58,0.02,0.08930342,0.08589411,0.4274023,120.48
309100,0.41,0.56,0.03,0.07258748,0.06870642,0.7836044,137.74
309200,0.41,0.54,0.05,0.09048054,0.0942729,0.7428069,133.23
309300,0.39,0.56,0.05,0.07448678,0.07353991,0.6510045,145.31
309400,0.37,0.59,0.04,0.08874715,0.1122619,0.6364046,153.87
309500,0.32,0.66,0.02,0.07211394,0.07164516,0.6724042,139.7
309600,0.4,0.58,0.02,0.08387628,0.08299416,0.3690021,126.92
309700,0.42,0.53,0.05,0.08142788,0.07669179,1.078008,148.02
309800,0.43,0.51,0.06,0.08933411,0.09215863,1.334212,148.2
309900,0.39,0.55,0.06,0.08604097,0.08866259,1.219211,165.21
310000,0.39,0.59,0.02,0.07531542,0.07182783,0.5340046,136.71
310100,0.47,0.52,0.01,0.07869343,0.07945779,0.5216023,96.55
310200,0.4,0.58,0.02,0.08542418,0.1183852,0.4340023,121.03
310300,0.4,0.57,0.03,0.1031119,0.08694725,0.733605,134.04
310400,0.35,0.61,0.04,0.07574735,0.07311285,1.000208,151.96
310500,0.47,0.52,0.01,0.0674855,0.06967443,0.502202,116.43
310600,0.36,0.57,0.07,0.0758297,0.07632384,1.073611,172.45
310700,0.5,0.48,0.02,0.09317461,0.09737958,0.7758043,120.26
310800,0.48,0.48,0.04,0.06963205,0.06769896,1.016008,138.42
310900,0.35,0.61,0.04,0.103661,0.1048394,0.7014077,137.6
311000,0.39,0.56,0.05,0.08264263,0.0913441,0.9744089,144.69
311100,0.41,0.58,0.01,0.08340935,0.08620808,0.3783997,139.88
311200,0.44,0.49,0.07,0.07330637,0.0646119,1.438413,168.33
311300,0.54,0.43,0.03,0.0811705,0.08173826,0.8060049,125.98
311400,0.35,0.6,0.05,0.08127157,0.07914709,0.9984091,148.52
311500,0.41,0.57,0.02,0.07504359,0.06663457,0.1789999,128.95
311600,0.38,0.58,0.04,0.0739741,0.07740615,0.7800057,132.24
311700,0.38,0.6,0.02,0.0739477,0.07337782,0.367002,121.11
311800,0.42,0.55,0.03,0.07855975,0.07596888,0.4256023,142.38
311900,0.43,0.47,0.1,0.07958593,0.07046498,2.061823,202.28
312000,0.42,0.56,0.02,0.07771704,0.07858131,0.2621998,124.94
312100,0.44,0.53,0.03,0.07295761,0.06548282,0.5958047,135.71
312200,0.48,0.48,0.04,0.08919951,0.08853994,0.8110047,145.02
312300,0.42,0.56,0.02,0.06370942,0.05952103,0.3257998,128.69
312400,0.44,0.55,0.01,0.08537754,0.0843714,0.4908022,113.91
312500,0.38,0.6,0.02,0.09496544,0.09064963,0.5052024,101.43
312600,0.52,0.43,0.05,0.09160475,0.101902,0.7560061,141.3
312700,0.46,0.49,0.05,0.08614577,0.08907043,0.7582065,147.38
312800,0.43,0.48,0.09,0.08971121,0.09606211,1.959221,178.56
312900,0.42,0.57,0.01,0.07703622,0.07910369,0.4024021,102.89
313000,0.38,0.59,0.03,0.07823469,0.07011638,0.7742063,142.66
313100,0.38,0.54,0.08,0.09119296,0.1056552,1.568216,170.9
313200,0.47,0.5,0.03,0.08971196,0.09002662,1.018007,150.61
313300,0.4,0.56,0.04,0.096962,0.09171768,0.7672057,133
313400,0.39,0.59,0.02,0.07547175,0.06832948,0.4302017,130.27
313500,0.43,0.54,0.03,0.07169558,0.07262518,0.3198007,142.6
313600,0.43,0.52,0.05,0.08016529,0.0806732,1.157212,156.97
313700,0.37,0.58,0.05,0.07172723,0.06669083,0.9576097,147.64
313800,0.47,0.51,0.02,0.07254622,0.07880244,0.4496019,116.19
313900,0.37,0.6,0.03,0.08227702,0.08996394,0.6116041,131.08
314000,0.45,0.52,0.03,0.08954675,0.0907945,0.6190043,114.83
314100,0.37,0.61,0.02,0.07747273,0.09274823,0.3420016,125.07
314200,0.49,0.45,0.06,0.1019223,0.1169778,1.19021,149.6
314300,0.43,0.51,0.06,0.09021351,0.09333988,0.8002059,163.57
314400,0.39,0.59,0.02,0.07921711,0.08091381,0.456002,130.86
314500,0.41,0.56,0.03,0.08454601,0.08647342,0.7150065,125.39
314600,0.45,0.49,0.06,0.08680864,0.08743538,1.30801,154.9
314700,0.4,0.57,0.03,0.0894757,0.0811962,0.4641997,130.91
314800,0.39,0.57,0.04,0.07482353,0.07544773,1.166609,141.3
314900,0.38,0.6,0.02,0.09787969,0.09622014,0.5902047,109.52
315000,0.51,0.46,0.03,0.09448994,0.0949831,0.8160068,119.69
315100,0.45,0.48,0.07,0.08032908,0.0922167,1.327813,176.18
315200,0.45,0.53,0.02,0.07069244,0.06348753,0.6604041,115.57
315300,0.51,0.44,0.05,0.07714514,0.07367441,0.8960076,152.33
315400,0.43,0.53,0.04,0.06418019,0.06589946,1.053809,132.76
315500,0.49,0.49,0.02,0.1036466,0.1044497,0.452002,121.16
315600,0.44,0.52,0.04,0.1124235,0.122691,1.032409,140.14
315700,0.43,0.52,0.05,0.09568413,0.1039166,1.005809,130.66
315800,0.43,0.55,0.02,0.07732663,0.0743548,0.6898041,137.1
315900,0.37,0.6,0.03,0.08049469,0.07511842,0.585804,128.08
316000,0.48,0.47,0.05,0.09268976,0.08694741,0.5994043,145.59
316100,0.41,0.51,0.08,0.08557732,0.09194013,1.175211,183.5
316200,0.45,0.54,0.01,0.08525719,0.09217983,0.4427997,103.3
316300,0.38,0.59,0.03,0.07486595,0.07310842,0.7358061,144.62
316400,0.49,0.48,0.03,0.07290703,0.07294411,0.6628045,121.4
316500,0.43,0.55,0.02,0.1021525,0.1292468,0.9744043,129.15
316600,0.39,0.6,0.01,0.08674675,0.0909216,0.5276023,110.15
316700,0.47,0.5,0.03,0.07631352,0.07383424,0.6466049,140.51
316800,0.36,0.59,0.05,0.0735724,0.07100433,0.9522095,153.47
316900,0.46,0.53,0.01,0.0875985,0.08189137,0.479202,120.51
317000,0.36,0.62,0.02,0.08867665,0.08757345,0.6808037,117.32
317100,0.44,0.51,0.05,0.08053134,0.1032243,1.213811,158.28
317200,0.46,0.54,0,0.07954869,0.07869241,0.2455998,104.94
317300,0.4,0.51,0.09,0.07074509,0.06692427,1.335412,176.02
317400,0.51,0.46,0.03,0.09271291,0.09144161,0.8276064,118.24
317500,0.41,0.54,0.05,0.08527455,0.08492763,1.170811,144.23
317600,0.39,0.58,0.03,0.08332191,0.1001623,0.4254024,124.48
317700,0.41,0.56,0.03,0.07328475,0.06506,0.6086042,118.1
317800,0.43,0.52,0.05,0.07425188,0.07945777,0.9982088,146.69
317900,0.44,0.52,0.04,0.09714779,0.09563559,0.6994046,142.83
318000,0.47,0.51,0.02,0.09181342,0.08600804,0.7264044,130.23
318100,0.34,0.6,0.06,0.06690259,0.06717478,0.9020076,167.8
318200,0.54,0.44,0.02,0.0865456,0.1008981,0.7334042,113.92
318300,0.45,0.49,0.06,0.07415819,0.06299753,1.198009,177.05
318400,0.45,0.52,0.03,0.0906556,0.09581137,0.9182064,121.36
318500,0.41,0.54,0.05,0.07814448,0.07820151,1.13161,152.28
318600,0.43,0.56,0.01,0.0867258,0.09783491,0.2885998,102.44
318700,0.37,0.59,0.04,0.08700367,0.08298378,0.5874048,134.05
318800,0.41,0.59,0,0.0881804,0.08303103,0.4219997,104.12
318900,0.44,0.52,0.04,0.08929393,0.09846176,0.7652059,136.73
319000,0.51,0.46,0.03,0.07483808,0.07226652,0.7356042,140.63
319100,0.46,0.51,0.03,0.06617816,0.06424678,0.6962046,144.04
319200,0.48,0.49,0.03,0.07920263,0.08597329,0.8256072,115.9
319300,0.39,0.56,0.05,0.07717014,0.06983843,1.015808,150.48
319400,0.38,0.57,0.05,0.07937232,0.07511474,0.9340098,149.01
319500,0.49,0.47,0.04,0.0824096,0.08175226,0.6680042,157.27
319600,0.4,0.58,0.02,0.07559437,0.08661164,0.6710044,113.15
319700,0.43,0.54,0.03,0.1172978,0.1239831,0.5686022,130.57
319800,0.43,0.53,0.04,0.07037275,0.07614105,1.004609,144.61
319900,0.4,0.51,0.09,0.06875741,0.06559297,1.374814,204.72
320000,0.42,0.52,0.06,0.06999499,0.07324632,1.267014,161.24
320100,0.53,0.47,0,0.08387354,0.0851699,0.2593998,99.87
320200,0.34,0.6,0.06,0.08022677,0.07415344,1.314213,150.88
320300,0.46,0.49,0.05,0.07684913,0.07521912,1.082009,148.12
320400,0.4,0.58,0.02,0.07139564,0.06795321,0.5036047,121.5
320500,0.47,0.51,0.02,0.08910431,0.09706092,0.5300039,111.96
320600,0.41,0.55,0.04,0.06650563,0.06324199,0.5684035,145.59
320700,0.39,0.61,0,0.07604427,0.09087909,0.3391997,114.8
320800,0.42,0.57,0.01,0.07606451,0.06530599,0.3804019,113.03
320900,0.41,0.56,0.03,0.06867258,0.07432363,0.5926039,118.82
321000,0.45,0.49,0.06,0.0751572,0.08498488,1.093808,158.98
321100,0.43,0.49,0.08,0.06644156,0.07458722,1.703616,178.94
321200,0.43,0.5,0.07,0.06892582,0.06760054,1.309611,165.2
321300,0.45,0.51,0.04,0.08969954,0.09531291,0.9034091,139.71
321400,0.33,0.63,0.04,0.08428591,0.09372354,0.4964042,119.04
321500,0.42,0.57,0.01,0.09380922,0.1011733,0.5360021,115.65
321600,0.41,0.55,0.04,0.06940037,0.06821777,0.8416058,150.3
321700,0.4,0.54,0.06,0.08527859,0.07839067,1.20221,163.59
321800,0.43,0.52,0.05,0.07462936,0.07044652,0.7980065,144.41
321900,0.35,0.62,0.03,0.07585174,0.0764235,0.6778046,112.38
322000,0.51,0.45,0.04,0.06475376,0.06090677,0.7328036,146.85
322100,0.36,0.58,0.06,0.07338591,0.07262959,0.9172074,151.83
322200,0.41,0.56,0.03,0.09034562,0.08342885,0.7148044,138.87
322300,0.41,0.53,0.06,0.08482303,0.08312403,1.07401,151.56
322400,0.41,0.53,0.06,0.0656065,0.06601544,1.18421,166.83
322500,0.38,0.6,0.02,0.09281431,0.0919813,0.447802,124.98
322600,0.43,0.52,0.05,0.07592992,0.07331278,0.7888072,146.27
322700,0.31,0.64,0.05,0.08337574,0.07715528,1.053611,139.4
322800,0.45,0.53,0.02,0.06513627,0.06178822,0.4514017,135.49
322900,0.42,0.55,0.03,0.08745888,0.08331895,0.6256045,143.56
323000,0.4,0.55,0.05,0.07694007,0.06904274,0.7604073,161.31
323100,0.37,0.59,0.04,0.08416629,0.07913492,0.9008087,131.75
323200,0.39,0.56,0.05,0.08256615,0.08291686,1.05941,147.3
323300,0.49,0.48,0.03,0.07039872,0.06672115,0.9620056,147.96
323400,0.4,0.59,0.01,0.07907499,0.07400028,0.1897998,84.59
323500,0.41,0.53,0.06,0.07820283,0.07149905,1.06021,155.7
323600,0.43,0.55,0.02,0.09855837,0.09772611,0.4386016,112.51
323700,0.4,0.57,0.03,0.08237336,0.08467787,0.6992042,137.71
323800,0.43,0.52,0.05,0.07521868,0.07100147,0.7662064,140
323900,0.49,0.45,0.06,0.08818496,0.09427785,1.154411,161.57
324000,0.37,0.57,0.06,0.0703881,0.06708169,0.7020073,148.57
324100,0.49,0.49,0.02,0.06305242,0.05651133,0.6390022,125.14
324200,0.47,0.48,0.05,0.06604178,0.06406865,1.132209,149.81
324300,0.43,0.54,0.03,0.07772901,0.06931438,0.6226043,127.39
324400,0.5,0.49,0.01,0.08901796,0.09030665,0.3208018,107.15
324500,0.43,0.5,0.07,0.08428445,0.08398369,1.198211,179.9
324600,0.45,0.5,0.05,0.08414882,0.06936378,1.019408,152.5
324700,0.45,0.5,0.05,0.07932591,0.07371544,0.8394062,142.07
324800,0.41,0.55,0.04,0.09355393,0.09552094,0.6982054,128.57
324900,0.5,0.45,0.05,0.06950659,0.06084336,0.9092066,138.46
325000,0.45,0.51,0.04,0.07494808,0.06905257,0.9016072,130.9
325100,0.44,0.53,0.03,0.07695866,0.07472491,0.5432024,130.39
325200,0.4,0.57,0.03,0.06828636,0.06255507,0.8904068,134.51
325300,0.37,0.59,0.04,0.08321485,0.07365752,0.8348038,147.7
325400,0.43,0.5,0.07,0.0911742,0.08620027,1.420612,153.31
325500,0.44,0.52,0.04,0.08789212,0.08799639,0.7718062,133.98
325600,0.44,0.47,0.09,0.07294735,0.07541978,1.422614,189.92
325700,0.34,0.6,0.06,0.06956008,0.06132424,1.291812,159.45
325800,0.41,0.54,0.05,0.08569182,0.07629782,1.214611,142.78
325900,0.44,0.51,0.05,0.07101248,0.08517458,1.203611,144.49
326000,0.39,0.58,0.03,0.06988593,0.06746976,0.4732023,148.43
326100,0.39,0.54,0.07,0.08332532,0.09273543,1.414613,162.62
326200,0.43,0.56,0.01,0.07136232,0.07011767,0.2517998,109.38
326300,0.46,0.48,0.06,0.07403311,0.06843802,1.151211,157.24
326400,0.33,0.63,0.04,0.07217547,0.07871647,0.8130057,150.17
326500,0.4,0.57,0.03,0.06227529,0.06292546,0.7040041,156
326600,0.46,0.52,0.02,0.09917124,0.08809271,0.5816038,109.74
326700,0.42,0.49,0.09,0.08032241,0.08452143,1.821017,184.02
326800,0.44,0.49,0.07,0.07160729,0.08105186,1.542814,167.87
326900,0.41,0.53,0.06,0.07657384,0.06741104,1.003408,154.08
327000,0.39,0.56,0.05,0.09192143,0.09916098,0.9598094,137.59
327100,0.37,0.57,0.06,0.07887231,0.07316084,1.209011,163.49
327200,0.46,0.53,0.01,0.09271755,0.09236421,0.483602,127.56
327300,0.36,0.57,0.07,0.06364898,0.05716104,1.068208,172.2
327400,0.46,0.5,0.04,0.07359125,0.0716954,0.9830071,131.45
327500,0.44,0.55,0.01,0.07698789,0.07422794,0.4200021,111.22
327600,0.46,0.5,0.04,0.07558793,0.08208487,0.4340022,143.42
327700,0.4,0.58,0.02,0.09180515,0.09908245,0.4022023,112.45
327800,0.48,0.48,0.04,0.0774506,0.06868001,0.8742069,149.77
327900,0.4,0.58,0.02,0.0975595,0.09532735,0.6572046,123.41
328000,0.4,0.57,0.03,0.07892402,0.07447889,0.8424055,121.36
328100,0.43,0.51,0.06,0.08595985,0.08596855,1.029009,168.95
328200,0.41,0.55,0.04,0.06883328,0.07038969,0.9878088,150.73
328300,0.41,0.57,0.02,0.06938984,0.06315632,0.5482023,135.19
328400,0.46,0.5,0.04,0.0846379,0.08161466,0.8612068,127.26
328500,0.47,0.48,0.05,0.09446841,0.1034411,0.8674068,151.49
328600,0.4,0.55,0.05,0.07628602,0.0694875,1.011009,143.35
328700,0.48,0.5,0.02,0.07529698,0.08847265,0.7698042,148.56
328800,0.49,0.5,0.01,0.09630588,0.1022005,0.4900019,119.93
328900,0.42,0.55,0.03,0.07553253,0.08700869,0.4518024,144.53
329000,0.46,0.52,0.02,0.07811767,0.07354265,0.7656042,118.39
329100,0.41,0.57,0.02,0.06921642,0.06325152,0.3758022,129.22
329200,0.4,0.57,0.03,0.08702464,0.08599296,0.6352047,121.5
329300,0.42,0.55,0.03,0.09101395,0.08904403,0.521602,130.99
329400,0.46,0.51,0.03,0.07929317,0.08719828,0.8436068,135.83
329500,0.48,0.51,0.01,0.09200346,0.08158486,0.577602,106.83
329600,0.38,0.58,0.04,0.09007907,0.08095007,0.8492078,126.11
329700,0.47,0.49,0.04,0.06420219,0.06022527,0.8896063,147.75
329800,0.44,0.55,0.01,0.08695851,0.1120837,0.5918021,108.31
329900,0.46,0.46,0.08,0.09130836,0.09598105,1.230812,166.12
330000,0.33,0.62,0.05,0.07556663,0.06499071,1.03001,154.97
330100,0.35,0.61,0.04,0.07941429,0.07452831,0.8102058,128.52
330200,0.34,0.65,0.01,0.06764881,0.06493036,0.3249997,124.9
330300,0.48,0.49,0.03,0.06532177,0.07036155,0.7992048,142.98
330400,0.35,0.61,0.04,0.08482483,0.08131739,0.815406,126.6
330500,0.36,0.61,0.03,0.09639431,0.09305844,0.8470067,119.25
330600,0.46,0.52,0.02,0.08405589,0.1072031,0.5548024,115.72
330700,0.36,0.56,0.08,0.07836781,0.06935189,1.658017,190.95
330800,0.44,0.53,0.03,0.07191528,0.07332645,0.8644063,146.33
330900,0.53,0.45,0.02,0.102514,0.1118744,0.6828043,102.9
331000,0.41,0.56,0.03,0.07528961,0.08094335,0.8366064,144.44
331100,0.39,0.56,0.05,0.08523751,0.07679734,1.013609,142.31
331200,0.42,0.52,0.06,0.06780515,0.06322333,0.8252063,143.65
331300,0.51,0.47,0.02,0.07483589,0.08457699,0.6474047,113.94
331400,0.4,0.57,0.03,0.09936214,0.0896434,0.3830016,127.23
331500,0.38,0.56,0.06,0.07473859,0.07363617,1.08361,169.58
331600,0.47,0.5,0.03,0.07792798,0.06887478,0.3523997,126.02
331700,0.45,0.55,0,0.07784221,0.06953228,0.2407998,107.13
331800,0.42,0.55,0.03,0.09448539,0.09874084,0.8248062,136.22
331900,0.43,0.54,0.03,0.08153554,0.08199003,0.6272042,134.08
332000,0.39,0.54,0.07,0.07769868,0.0808239,0.9936088,166.16
332100,0.4,0.56,0.04,0.07544214,0.06803621,0.7852072,140.87
332200,0.46,0.51,0.03,0.08364278,0.08163895,0.6402042,137.91
332300,0.42,0.56,0.02,0.07557244,0.06676058,0.5130022,123.66
332400,0.41,0.56,0.03,0.08356463,0.08186993,0.7452057,122.71
332500,0.35,0.6,0.05,0.09054574,0.09368725,0.9128094,151.74
332600,0.4,0.59,0.01,0.06912199,0.0636072,0.3262018,118.94
332700,0.43,0.55,0.02,0.07243037,0.07612719,0.6088045,108.23
332800,0.41,0.56,0.03,0.0828544,0.08339228,0.685006,120.23
332900,0.43,0.54,0.03,0.1074368,0.09705604,0.8498072,137.3
333000,0.38,0.6,0.02,0.07552067,0.07278422,0.6598043,127.51
333100,0.38,0.57,0.05,0.08390252,0.08658602,1.063211,138.22
333200,0.37,0.53,0.1,0.08600616,0.0858599,1.510016,185.87
333300,0.4,0.58,0.02,0.08779314,0.08091167,0.4130021,125.85
333400,0.43,0.55,0.02,0.06867398,0.06043093,0.3860025,111.59
333500,0.43,0.54,0.03,0.08284359,0.08267668,0.4882017,124.63
333600,0.39,0.54,0.07,0.08001916,0.07245276,1.586215,173.22
333700,0.4,0.57,0.03,0.07822181,0.07424232,0.6412038,122.2
333800,0.5,0.49,0.01,0.0990032,0.1009365,0.4574023,108.59
333900,0.38,0.56,0.06,0.07302998,0.06632784,1.107212,144.78
334000,0.4,0.56,0.04,0.0775297,0.07347453,0.718004,141.18
334100,0.46,0.52,0.02,0.07008497,0.0687932,0.6350045,130.44
334200,0.39,0.58,0.03,0.08014414,0.09377313,0.4642022,132.4
334300,0.46,0.51,0.03,0.1017031,0.1071582,0.5588043,124.48
334400,0.49,0.44,0.07,0.09150087,0.1006508,1.410413,167.38
334500,0.35,0.63,0.02,0.09171933,0.09227803,0.6138048,126.53
334600,0.47,0.5,0.03,0.07571168,0.07062808,0.7500041,128.25
334700,0.37,0.59,0.04,0.06990195,0.06006991,1.022809,143.64
334800,0.42,0.55,0.03,0.07725756,0.06964089,0.7024055,141.63
334900,0.35,0.6,0.05,0.08521852,0.08134035,1.174211,141.85
335000,0.4,0.55,0.05,0.0807064,0.102626,1.132211,145.4
335100,0.48,0.47,0.05,0.06989578,0.06785533,0.9004071,129.69
335200,0.53,0.41,0.06,0.08266467,0.09350525,0.9768082,167.21
335300,0.42,0.55,0.03,0.1018952,0.1146559,0.6976042,131.57
335400,0.39,0.54,0.07,0.07924601,0.08445694,0.6974068,160.93
335500,0.43,0.52,0.05,0.08427794,0.08197593,0.9374086,132.13
335600,0.43,0.5,0.07,0.06677797,0.05932678,1.203011,176.29
335700,0.47,0.49,0.04,0.08821216,0.08664642,0.8094065,136.69
335800,0.34,0.57,0.09,0.06494424,0.05826925,1.442416,177.79
335900,0.41,0.57,0.02,0.06775098,0.07469539,0.6450046,129.45
336000,0.4,0.56,0.04,0.07242642,0.06825354,0.3531997,150.64
336100,0.44,0.52,0.04,0.08531863,0.08890373,0.6348035,129.74
336200,0.47,0.5,0.03,0.07969982,0.07124437,0.4352025,136.35
336300,0.44,0.53,0.03,0.0673474,0.06987938,0.864805,138.58
336400,0.41,0.53,0.06,0.1373551,0.1416001,0.6344052,131.83
336500,0.36,0.56,0.08,0.07235561,0.06508413,1.557216,189.17
336600,0.46,0.53,0.01,0.08386555,0.07662398,0.3665997,114.5
336700,0.42,0.52,0.06,0.09495613,0.08967167,0.8872082,151.41
336800,0.39,0.57,0.04,0.07720563,0.06919424,0.6604037,142.16
336900,0.48,0.44,0.08,0.06741636,0.05918077,1.577816,164.12
337000,0.42,0.55,0.03,0.06680232,0.0647382,0.6268038,125.43
337100,0.39,0.56,0.05,0.07181422,0.07011951,0.8296062,149.05
337200,0.32,0.63,0.05,0.08482119,0.09898803,0.790406,140.26
337300,0.51,0.46,0.03,0.1030299,0.1101042,0.6868038,119.39
337400,0.35,0.62,0.03,0.06663414,0.06212869,0.7222064,129.62
337500,0.48,0.47,0.05,0.09057542,0.08977637,1.093809,157.11
337600,0.42,0.51,0.07,0.07454633,0.0771937,1.334211,174.25
337700,0.39,0.59,0.02,0.07829539,0.07013526,0.409202,95.73
337800,0.37,0.6,0.03,0.07504547,0.06961064,0.6448045,122.18
337900,0.55,0.4,0.05,0.08469988,0.0755697,0.9006069,165.04
338000,0.45,0.51,0.04,0.1064514,0.1015973,0.9536086,127.88
338100,0.4,0.54,0.06,0.09727736,0.0965815,1.003609,147.3
338200,0.37,0.59,0.04,0.07692191,0.07542749,0.9540089,152.28
338300,0.36,0.62,0.02,0.07692683,0.07986082,0.3462023,131.38
338400,0.46,0.52,0.02,0.0726642,0.06886675,0.6720039,129.3
338500,0.5,0.43,0.07,0.07391589,0.06608417,1.06941,160.82
338600,0.34,0.63,0.03,0.06618038,0.06508911,0.8180058,137.81
338700,0.43,0.52,0.05,0.07639007,0.07367903,1.318211,158.1
338800,0.4,0.57,0.03,0.08115502,0.07510144,0.6490061,115.06
338900,0.42,0.55,0.03,0.07769752,0.08366772,0.7786062,138.04
339000,0.39,0.57,0.04,0.08691604,0.07848816,0.7304069,130.29
339100,0.45,0.49,0.06,0.0895117,0.08576921,1.251012,144.66
339200,0.38,0.6,0.02,0.08129904,0.08050604,0.5180038,126.99
339300,0.4,0.53,0.07,0.07789704,0.06997124,1.347412,156.17
339400,0.4,0.53,0.07,0.08864275,0.1023058,1.193412,161.26
339500,0.38,0.58,0.04,0.08214514,0.09237678,0.9920098,132.43
339600,0.3,0.64,0.06,0.08201233,0.09270211,0.9202091,155.98
339700,0.34,0.64,0.02,0.07568645,0.07413849,0.6038039,111.16
339800,0.42,0.55,0.03,0.09969363,0.09984249,0.7284044,123.89
339900,0.47,0.47,0.06,0.08305597,0.08003806,1.267611,160.06
340000,0.38,0.6,0.02,0.09108343,0.08366141,0.5568022,114
340100,0.46,0.52,0.02,0.06626486,0.05692935,0.7714046,127.71
340200,0.46,0.52,0.02,0.08689551,0.08653987,0.6006044,116.26
340300,0.44,0.54,0.02,0.09206843,0.1071645,0.6508038,117.85
340400,0.46,0.5,0.04,0.06845865,0.06476373,0.6992037,145.58
340500,0.48,0.49,0.03,0.09750502,0.09477058,0.5740037,125.9
340600,0.45,0.48,0.07,0.0971981,0.1009797,1.204811,169.71
340700,0.47,0.5,0.03,0.08893885,0.09090127,0.6174042,116.25
340800,0.42,0.54,0.04,0.06931915,0.06536716,1.048609,142.71
340900,0.43,0.49,0.08,0.07983004,0.08354159,1.34621,200.8
341000,0.36,0.59,0.05,0.07079534,0.07606173,0.8400069,156.92
341100,0.4,0.51,0.09,0.07830147,0.07546665,1.558013,187.87
341200,0.43,0.54,0.03,0.07178777,0.06651782,0.4240021,146.27
341300,0.34,0.63,0.03,0.07156727,0.0714457,0.5242031,146.55
341400,0.46,0.49,0.05,0.07178828,0.06622412,1.023409,140.29
341500,0.5,0.46,0.04,0.0753056,0.06813625,0.7274041,136.61
341600,0.46,0.51,0.03,0.07294854,0.0729939,0.8012041,130.21
341700,0.35,0.63,0.02,0.0924418,0.09092504,0.391202,128.97
341800,0.44,0.48,0.08,0.07779776,0.07087436,1.363414,180.03
341900,0.32,0.63,0.05,0.09031557,0.1040682,0.9642088,147.9
342000,0.35,0.6,0.05,0.08189161,0.0844545,1.012409,146.83
342100,0.45,0.52,0.03,0.09229102,0.1042541,0.7800071,117.72
342200,0.45,0.52,0.03,0.09303502,0.08864725,0.8018062,119.4
342300,0.38,0.58,0.04,0.07006642,0.06383379,0.6688044,134.56
342400,0.49,0.47,0.04,0.08537735,0.09558336,1.149209,139.11
342500,0.39,0.6,0.01,0.07847164,0.07456353,0.3009997,124.74
342600,0.44,0.52,0.04,0.09277077,0.1032338,0.6964065,124.15
342700,0.44,0.53,0.03,0.07496618,0.06488984,0.5760042,135.25
342800,0.47,0.47,0.06,0.07556316,0.06955624,0.8284056,155.94
342900,0.43,0.55,0.02,0.08624806,0.09159058,0.661205,128.93
343000,0.37,0.54,0.09,0.06886859,0.06154246,1.916221,197.58
343100,0.34,0.62,0.04,0.08533048,0.09346373,0.9530087,133.08
343200,0.43,0.51,0.06,0.0925905,0.08466138,1.399813,148.8
343300,0.38,0.59,0.03,0.08508195,0.07952919,0.4890043,108.85
343400,0.51,0.45,0.04,0.08687837,0.08538436,0.5470017,134.77
343500,0.43,0.53,0.04,0.07308017,0.06016062,0.8334067,155.52
343600,0.38,0.58,0.04,0.08477565,0.07482807,1.025409,127.14
343700,0.46,0.44,0.1,0.08258713,0.07271737,1.742219,191.23
343800,0.47,0.48,0.05,0.08200323,0.07525054,0.9288068,151.81
343900,0.52,0.43,0.05,0.09873682,0.08881199,0.8628053,136.71
344000,0.46,0.5,0.04,0.1107133,0.1200288,0.8406056,146.09
344100,0.49,0.49,0.02,0.07484851,0.08278504,0.6858042,105.38
344200,0.42,0.54,0.04,0.07267696,0.06788755,0.5486051,133.6
344300,0.4,0.57,0.03,0.08674416,0.08400191,0.4094023,109.53
344400,0.43,0.53,0.04,0.08416861,0.09456385,0.9218063,148.66
344500,0.47,0.5,0.03,0.0827417,0.09224465,0.629005,129.13
344600,0.39,0.55,0.06,0.07707696,0.07778474,1.21541,177.06
344700,0.42,0.55,0.03,0.08966787,0.105036,0.7138044,125.31
344800,0.36,0.59,0.05,0.09658252,0.09567299,0.8936064,159.13
344900,0.36,0.57,0.07,0.07748058,0.07349574,1.465415,145.63
345000,0.48,0.48,0.04,0.07641423,0.07739082,0.8408058,131.31
345100,0.45,0.48,0.07,0.07511066,0.06898367,1.210209,155.25
345200,0.33,0.6,0.07,0.06529191,0.06416427,1.321613,166.91
345300,0.46,0.51,0.03,0.06828998,0.06629872,0.9348065,139.32
345400,0.41,0.56,0.03,0.08605459,0.08664856,0.7268041,127.04
345500,0.39,0.55,0.06,0.07528164,0.0747168,0.8316061,160.6
345600,0.42,0.53,0.05,0.08411033,0.09058798,1.323612,144.59
345700,0.5,0.46,0.04,0.0804721,0.0709037,0.9552065,146.55
345800,0.49,0.48,0.03,0.08346991,0.09146568,0.8786066,126.05
345900,0.36,0.63,0.01,0.079974,0.0734231,0.3919997,115.12
346000,0.37,0.6,0.03,0.08944351,0.09379762,0.6548065,137.31
346100,0.48,0.5,0.02,0.07599832,0.07438981,0.7684045,127.53
346200,0.48,0.51,0.01,0.09532741,0.1026988,0.2179998,104.92
346300,0.39,0.59,0.02,0.09071515,0.08146323,0.5340042,108.89
346400,0.41,0.55,0.04,0.08024392,0.075964,0.6380063,125.26
346500,0.43,0.52,0.05,0.0870383,0.08709198,0.9134068,140.3
346600,0.51,0.43,0.06,0.07619023,0.09148914,1.319612,163.22
346700,0.47,0.46,0.07,0.07349206,0.0875578,1.273411,173.98
346800,0.4,0.55,0.05,0.08103099,0.08017325,0.537204,146.62
346900,0.39,0.6,0.01,0.07960098,0.07475521,0.4602023,105.73
347000,0.45,0.51,0.04,0.07297692,0.06542816,0.8116071,146.73
347100,0.43,0.53,0.04,0.07966454,0.08358496,0.6498045,147.31
347200,0.45,0.54,0.01,0.07411215,0.07299677,0.3853997,119.02
347300,0.4,0.57,0.03,0.07185026,0.06706382,0.6494045,152.89
347400,0.42,0.52,0.06,0.07897442,0.07811338,0.9408087,151.46
347500,0.38,0.57,0.05,0.08592056,0.09534149,1.064409,155.48
347600,0.37,0.58,0.05,0.08313738,0.07806995,0.5110031,147.26
347700,0.43,0.5,0.07,0.08046691,0.08928695,1.451414,175.69
347800,0.48,0.49,0.03,0.08715463,0.1054168,0.7144043,122.86
347900,0.44,0.53,0.03,0.08489648,0.09135481,0.7668046,129.28
348000,0.44,0.51,0.05,0.08820909,0.0940635,1.293211,147.28
348100,0.34,0.61,0.05,0.08849784,0.08641458,0.878808,147.76
348200,0.43,0.52,0.05,0.1054628,0.1124544,0.9690056,140.71
348300,0.38,0.58,0.04,0.07257922,0.07601276,0.7120069,137.97
348400,0.51,0.47,0.02,0.06823586,0.06919914,0.8418043,121.47
348500,0.45,0.53,0.02,0.07722241,0.07192553,0.713404,134.29
348600,0.43,0.51,0.06,0.07977288,0.06649788,0.6650049,153.54
348700,0.4,0.56,0.04,0.0770808,0.07532358,1.028609,151.09
348800,0.41,0.5,0.09,0.09001995,0.0880735,1.479016,171.37
348900,0.47,0.5,0.03,0.07351623,0.07194981,0.7462043,119.07
349000,0.41,0.57,0.02,0.08533015,0.08530491,0.4930037,121.76
349100,0.44,0.52,0.04,0.0861944,0.09472582,0.7362041,155.67
349200,0.43,0.51,0.06,0.07096773,0.08174174,0.8708071,173.86
349300,0.46,0.51,0.03,0.07986564,0.07068071,0.6966043,132.85
349400,0.43,0.5,0.07,0.06943674,0.06256574,1.323613,155.76
349500,0.5,0.44,0.06,0.07500111,0.07140707,1.365011,157.24
349600,0.33,0.65,0.02,0.07022732,0.06954603,0.611604,114.93
349700,0.42,0.53,0.05,0.07074549,0.06531341,1.006809,149.29
349800,0.39,0.58,0.03,0.07501335,0.07735812,0.7908069,122.44
349900,0.43,0.55,0.02,0.08541458,0.09564189,0.4146023,124.07
350000,0.45,0.54,0.01,0.08264865,0.07478807,0.5868022,111.02
350100,0.45,0.52,0.03,0.1122342,0.1201368,0.654004,127.52
350200,0.4,0.51,0.09,0.0780842,0.09128495,1.522015,176.58
350300,0.49,0.47,0.04,0.07688167,0.07983093,0.4318022,133.92
350400,0.48,0.47,0.05,0.08641748,0.09737273,0.826807,167.1
350500,0.45,0.54,0.01,0.09029842,0.08371376,0.5132021,120.16
350600,0.38,0.59,0.03,0.07065801,0.06455046,0.4632021,121.74
350700,0.33,0.61,0.06,0.07290555,0.07793412,1.16021,171.65
350800,0.4,0.6,0,0.09192798,0.08683551,0.2699998,99.78
350900,0.43,0.55,0.02,0.08256547,0.07369049,0.8216048,146.91
351000,0.37,0.62,0.01,0.06469999,0.05993141,0.3141998,120.65
351100,0.46,0.51,0.03,0.1026029,0.09497741,0.5656037,117.99
351200,0.38,0.58,0.04,0.09505487,0.08975473,0.5188026,132.78
351300,0.45,0.53,0.02,0.07513427,0.07510488,0.2747998,124.91
351400,0.44,0.51,0.05,0.0883893,0.08166678,1.041209,143.46
351500,0.48,0.51,0.01,0.09916286,0.0953055,0.4282025,116.06
351600,0.48,0.48,0.04,0.07635121,0.06985708,0.819406,131.29
351700,0.43,0.54,0.03,0.08741201,0.09887055,0.7604064,122.19
351800,0.33,0.63,0.04,0.08417589,0.09695054,0.6420045,136.95
351900,0.32,0.6,0.08,0.06847559,0.08342246,1.265014,176.94
352000,0.42,0.53,0.05,0.08952542,0.09383176,1.109211,135.39
352100,0.41,0.57,0.02,0.0738003,0.08153574,0.5042018,120.67
352200,0.39,0.59,0.02,0.07787646,0.07950579,0.3494019,125.39
352300,0.48,0.46,0.06,0.08161014,0.06816272,0.7004042,156.49
352400,0.47,0.49,0.04,0.09032441,0.07484467,0.9282075,160.28
352500,0.37,0.59,0.04,0.08238894,0.07835086,0.8492067,135.61
352600,0.42,0.56,0.02,0.07735345,0.06806466,0.5484018,136.51
352700,0.48,0.49,0.03,0.09607389,0.102539,0.9354073,137.12
352800,0.4,0.54,0.06,0.1108519,0.1137814,1.151212,159.32
352900,0.46,0.5,0.04,0.07790384,0.09104729,1.040009,141.92
353000,0.38,0.55,0.07,0.08005521,0.07631005,1.341813,160.42
353100,0.46,0.5,0.04,0.1006688,0.09145913,1.015007,147.01
353200,0.38,0.61,0.01,0.06792957,0.06668906,0.4514024,140.8
353300,0.43,0.54,0.03,0.07452588,0.06939416,0.6882049,129.15
353400,0.47,0.5,0.03,0.08873634,0.09676697,0.471002,122.19
353500,0.36,0.61,0.03,0.07183772,0.07346711,0.5294044,133.78
353600,0.42,0.57,0.01,0.09459934,0.09773601,0.499402,102.96
353700,0.51,0.44,0.05,0.07427349,0.06428816,0.9818068,164.9
353800,0.45,0.53,0.02,0.08255007,0.07904534,0.6578045,109.25
353900,0.41,0.55,0.04,0.06680255,0.06010132,0.5642034,130.11
354000,0.4,0.57,0.03,0.1123071,0.1236954,0.9540061,126.34
354100,0.47,0.5,0.03,0.07908919,0.06945805,0.8338062,127.74
354200,0.37,0.58,0.05,0.07389212,0.08460984,0.8402061,157.08
354300,0.41,0.54,0.05,0.07162436,0.06807446,0.9952075,139.96
354400,0.44,0.54,0.02,0.06812924,0.06332545,0.6506047,123.24
354500,0.58,0.41,0.01,0.09097511,0.09174511,0.2965998,119.36
354600,0.45,0.53,0.02,0.09126032,0.1078148,0.7534038,136.68
354700,0.47,0.51,0.02,0.08518524,0.08396019,0.3654019,136.3
354800,0.4,0.57,0.03,0.07672685,0.0714236,0.6424045,137.86
354900,0.46,0.51,0.03,0.08784754,0.08666897,0.885806,138.32
355000,0.38,0.58,0.04,0.0739541,0.06610417,0.8286073,150.95
355100,0.46,0.49,0.05,0.08091372,0.07647527,1.004009,134.2
355200,0.45,0.49,0.06,0.0835257,0.07755216,1.000808,151.07
355300,0.46,0.52,0.02,0.08795402,0.08888082,0.3271998,129.18
355400,0.42,0.54,0.04,0.06704914,0.06264817,0.7196069,139.39
355500,0.45,0.47,0.08,0.081991,0.08493867,0.9674079,178.76
355600,0.42,0.52,0.06,0.08493491,0.08184092,0.8600083,151.26
355700,0.44,0.55,0.01,0.09494806,0.1061467,0.3799997,103.5
355800,0.46,0.52,0.02,0.0762266,0.07332101,0.614404,107.17
355900,0.45,0.53,0.02,0.06924888,0.06738917,0.4518015,117.43
356000,0.42,0.56,0.02,0.08109113,0.09397417,0.6468045,126.13
356100,0.41,0.55,0.04,0.09798077,0.09881813,0.8716083,145.13
356200,0.4,0.54,0.06,0.08123019,0.07823729,1.341212,160.94
356300,0.48,0.45,0.07,0.07192204,0.06828416,0.9804088,168.05
356400,0.48,0.51,0.01,0.08215296,0.07620887,0.5324022,127.33
356500,0.36,0.6,0.04,0.07509039,0.07569899,1.03421,136.6
356600,0.44,0.5,0.06,0.07815678,0.06829441,0.9596096,157.61
356700,0.47,0.48,0.05,0.07269362,0.06963157,0.8700065,141.79
356800,0.48,0.48,0.04,0.09490535,0.0977035,0.5836043,129.45
356900,0.48,0.47,0.05,0.07878925,0.08609062,0.8808063,138.73
357000,0.4,0.55,0.05,0.07710738,0.08582433,1.079411,150.85
357100,0.4,0.56,0.04,0.08355832,0.0757406,0.8014063,119.47
357200,0.36,0.59,0.05,0.07791016,0.07838829,0.5294042,176.25
357300,0.48,0.46,0.06,0.08027176,0.07339504,0.9768063,156.22
357400,0.35,0.63,0.02,0.09268911,0.08627404,0.2163999,139.11
357500,0.4,0.54,0.06,0.06786334,0.06735927,1.19061,166.4
357600,0.4,0.53,0.07,0.07956548,0.07403856,1.466816,151.62
357700,0.41,0.57,0.02,0.09996865,0.08919011,0.5564047,110.53
357800,0.41,0.54,0.05,0.06665573,0.06389842,0.7790072,165.55
357900,0.39,0.58,0.03,0.07314201,0.0667469,0.5636042,120.74
358000,0.52,0.45,0.03,0.08142827,0.07540919,0.8888065,128.56
358100,0.44,0.52,0.04,0.08828623,0.08341557,0.9694089,139.65
358200,0.4,0.57,0.03,0.08274065,0.08070798,0.9406062,132.11
358300,0.35,0.62,0.03,0.07753956,0.078584,0.742606,130.27
358400,0.45,0.54,0.01,0.07694706,0.06940296,0.5534021,112.47
358500,0.39,0.55,0.06,0.07376306,0.06816255,0.931408,147.2
358600,0.41,0.55,0.04,0.08758265,0.07745209,0.8732066,134.9
358700,0.42,0.54,0.04,0.0929295,0.08947577,0.8730055,134.05
358800,0.33,0.62,0.05,0.06302692,0.06238176,0.5886046,148.33
358900,0.52,0.47,0.01,0.07699554,0.07233783,0.4618016,101.65
359000,0.48,0.5,0.02,0.08034843,0.07085261,0.2401998,107.36
359100,0.46,0.51,0.03,0.07727298,0.07449278,0.544205,117.15
359200,0.42,0.53,0.05,0.1014523,0.09761545,0.7940069,131.39
359300,0.37,0.61,0.02,0.07630538,0.07419631,0.6100023,140.07
359400,0.49,0.45,0.06,0.07223411,0.08132029,1.342212,170.64
359500,0.4,0.51,0.09,0.09807632,0.1039253,0.9752091,200.29
359600,0.44,0.54,0.02,0.06433599,0.06279964,0.5294023,147.32
359700,0.45,0.5,0.05,0.08114512,0.08188946,0.9880074,156.47
359800,0.35,0.63,0.02,0.08333486,0.086764,0.586202,124.32
359900,0.45,0.5,0.05,0.09357402,0.09475037,1.012608,150.66
360000,0.39,0.56,0.05,0.08757631,0.09063067,0.9388098,134.47
360100,0.39,0.56,0.05,0.0645588,0.06712686,0.7996056,148.55
360200,0.42,0.51,0.07,0.07675119,0.07690821,1.186411,157.68
360300,0.41,0.53,0.06,0.06965582,0.06239326,0.9052094,155.24
360400,0.43,0.53,0.04,0.07369588,0.07414058,0.584204,139.56
360500,0.43,0.53,0.04,0.07409722,0.06998666,0.8830063,148.47
360600,0.47,0.49,0.04,0.0801002,0.07288479,0.8430064,137.58
360700,0.46,0.51,0.03,0.07746417,0.07245845,0.8596077,124.72
360800,0.44,0.52,0.04,0.1025163,0.116571,0.782807,141.75
360900,0.34,0.65,0.01,0.0721556,0.0825467,0.3952016,104.76
361000,0.36,0.62,0.02,0.077023,0.07368305,0.3746018,121.98
361100,0.4,0.6,0,0.07274994,0.06511078,0.1775999,96.43
361200,0.41,0.54,0.05,0.08783282,0.09437279,0.6498041,141.77
361300,0.43,0.55,0.02,0.07881622,0.07720489,0.3067997,118.53
361400,0.38,0.58,0.04,0.1119811,0.128815,0.7830064,143.93
361500,0.42,0.52,0.06,0.06511965,0.0605428,1.121009,173.19
361600,0.39,0.57,0.04,0.08982888,0.0934496,0.6990072,140.96
361700,0.5,0.49,0.01,0.08564387,0.109222,0.5110024,105.19
361800,0.44,0.52,0.04,0.07816334,0.0826275,1.181209,150.63
361900,0.37,0.57,0.06,0.1126145,0.1221999,0.5538048,167.26
362000,0.39,0.57,0.04,0.08111878,0.09092876,0.9484088,131.8
362100,0.46,0.52,0.02,0.08336356,0.08175342,0.2695998,113.57
362200,0.43,0.53,0.04,0.06957332,0.08210783,0.8522067,146.41
362300,0.37,0.56,0.07,0.06927938,0.06135456,1.058611,176.46
362400,0.42,0.52,0.06,0.07153866,0.07978919,0.8586065,161.54
362500,0.46,0.48,0.06,0.08636808,0.09125669,1.031808,149.25
362600,0.44,0.49,0.07,0.08457492,0.0769096,0.9638081,159.43
362700,0.49,0.49,0.02,0.06912355,0.06884328,0.5544022,123.55
362800,0.4,0.55,0.05,0.06864039,0.06321621,0.6276036,167.34
362900,0.5,0.48,0.02,0.07125031,0.06423832,0.6084037,113.81
363000,0.38,0.59,0.03,0.08730355,0.07904297,0.5570043,130.34
363100,0.3,0.64,0.06,0.08067928,0.08753219,0.9174095,169
363200,0.47,0.51,0.02,0.0745756,0.06407509,0.3995997,124.03
363300,0.45,0.51,0.04,0.09061762,0.1033821,0.7766066,141.21
363400,0.38,0.54,0.08,0.06528649,0.06616166,1.11401,171.58
363500,0.37,0.6,0.03,0.06561556,0.0652736,0.562404,143.14
363600,0.4,0.58,0.02,0.08080302,0.07307898,0.6986045,136.4
363700,0.43,0.56,0.01,0.08587654,0.0918078,0.4838021,106.05
363800,0.49,0.42,0.09,0.06757496,0.07956729,1.563414,189.1
363900,0.41,0.56,0.03,0.06913707,0.06169586,0.739406,127.62
364000,0.45,0.5,0.05,0.07355982,0.06337968,0.7614059,147.98
364100,0.39,0.54,0.07,0.08739073,0.08177326,0.9616084,174.03
364200,0.35,0.62,0.03,0.0762895,0.0753602,0.777407,146.32
364300,0.44,0.52,0.04,0.07100818,0.06959029,0.7776064,145.43
364400,0.42,0.54,0.04,0.07633284,0.07328521,0.9014086,132.22
364500,0.44,0.52,0.04,0.08115073,0.08314279,0.7418036,147.45
364600,0.32,0.64,0.04,0.09602602,0.1145576,0.7450076,140.59
364700,0.55,0.43,0.02,0.09566708,0.08935449,0.6206036,123.3
364800,0.4,0.55,0.05,0.0634089,0.05843587,0.8150068,148.3
364900,0.42,0.53,0.05,0.08390494,0.09563214,0.811608,151.93
365000,0.47,0.48,0.05,0.07890623,0.07552693,0.4616024,139.29
365100,0.4,0.58,0.02,0.07887374,0.09226961,0.4258022,141.46
365200,0.42,0.54,0.04,0.08435585,0.08447523,0.7926075,143.53
365300,0.39,0.58,0.03,0.07902355,0.08103,0.8456072,132.1
365400,0.36,0.58,0.06,0.07075877,0.06499743,0.992609,172.82
365500,0.47,0.5,0.03,0.09482466,0.1070555,0.6602032,136.34
365600,0.44,0.53,0.03,0.09085476,0.07947403,0.6482049,122.32
365700,0.41,0.55,0.04,0.08168514,0.08428131,1.10041,142.53
365800,0.42,0.52,0.06,0.07990615,0.06741425,1.273013,147.34
365900,0.44,0.55,0.01,0.07730334,0.07671756,0.1995999,116.61
366000,0.48,0.47,0.05,0.08031832,0.07656266,1.056009,148.43
366100,0.44,0.54,0.02,0.07086096,0.06327227,0.6266017,118.4
366200,0.43,0.52,0.05,0.08095605,0.08021248,0.9600084,137.56
366300,0.34,0.63,0.03,0.09261046,0.0948782,0.393402,126.91
366400,0.41,0.56,0.03,0.07121616,0.08260444,0.914006,135.84
366500,0.32,0.62,0.06,0.08153252,0.07399131,1.151612,164.47
366600,0.42,0.54,0.04,0.07466338,0.08411451,0.6974066,161.55
366700,0.48,0.47,0.05,0.08590279,0.08184692,0.6704044,151.15
366800,0.44,0.54,0.02,0.09816224,0.1047894,0.6854038,117.12
366900,0.43,0.54,0.03,0.08870514,0.0808194,0.5148021,136.2
367000,0.37,0.58,0.05,0.06946618,0.06174578,0.8120071,157.12
367100,0.44,0.52,0.04,0.07010654,0.07965583,0.7142073,135.54
367200,0.38,0.56,0.06,0.08852077,0.08707941,1.299013,150.46
367300,0.43,0.54,0.03,0.08063784,0.0919707,0.7322058,108.33
367400,0.41,0.57,0.02,0.09473829,0.0851859,0.3886019,126.83
367500,0.45,0.54,0.01,0.07958779,0.09973147,0.2571998,113.4
367600,0.48,0.51,0.01,0.08646369,0.09082412,0.5680024,107.43
367700,0.44,0.53,0.03,0.06375998,0.06008659,0.6476038,138.74
367800,0.37,0.57,0.06,0.07241618,0.0713452,0.808007,156.04
367900,0.44,0.54,0.02,0.08012778,0.0741193,0.3806026,128.45
368000,0.43,0.52,0.05,0.07567698,0.07350145,0.8426061,148.66
368100,0.45,0.54,0.01,0.06587416,0.06169354,0.4268025,122.98
368200,0.44,0.51,0.05,0.1105043,0.1007657,0.6138042,163.91
368300,0.42,0.56,0.02,0.07496557,0.07645245,0.2355998,130.46
368400,0.39,0.58,0.03,0.09862787,0.09167379,0.7342039,139.54
368500,0.42,0.55,0.03,0.08185121,0.07930782,0.772007,122.61
368600,0.4,0.54,0.06,0.08202551,0.08385435,0.7496049,168.04
368700,0.47,0.5,0.03,0.07764412,0.0874469,0.6446046,130.27
368800,0.36,0.58,0.06,0.08172093,0.07953536,0.6560041,145.97
368900,0.42,0.54,0.04,0.0922185,0.08401473,0.535602,149.93
369000,0.43,0.48,0.09,0.1022241,0.1165766,0.853007,188.56
369100,0.45,0.51,0.04,0.07731387,0.07372707,1.097209,141.53
369200,0.38,0.52,0.1,0.07292585,0.06936575,1.105412,200.56
369300,0.31,0.62,0.07,0.08517542,0.08419981,1.221412,165.8
369400,0.39,0.55,0.06,0.07206305,0.08705354,0.8350069,172.55
369500,0.45,0.52,0.03,0.07826544,0.08302913,0.5514045,112.35
369600,0.47,0.48,0.05,0.08038969,0.07292197,0.9600065,148.5
369700,0.47,0.51,0.02,0.08376169,0.07478236,0.5784034,111.39
369800,0.38,0.6,0.02,0.0807648,0.09164381,0.4362024,136.68
369900,0.39,0.53,0.08,0.08881497,0.08897418,1.201012,197.29
370000,0.42,0.54,0.04,0.07394844,0.08739198,0.7742065,133.15
370100,0.39,0.55,0.06,0.08856814,0.09077457,0.8942091,144.81
370200,0.42,0.53,0.05,0.08069376,0.08791239,1.070408,139.8
370300,0.46,0.51,0.03,0.08339098,0.09873591,0.4212024,133.06
370400,0.46,0.46,0.08,0.06779213,0.06580529,1.409213,192.23
370500,0.45,0.51,0.04,0.07494697,0.06884895,1.113407,174.67
370600,0.37,0.58,0.05,0.06859764,0.06558734,0.7794054,158.64
370700,0.44,0.53,0.03,0.08896068,0.07754142,0.6836047,111.39
370800,0.38,0.57,0.05,0.07665505,0.07224599,0.8728083,128.64
370900,0.44,0.55,0.01,0.08530934,0.07574133,0.590802,130.38
371000,0.44,0.51,0.05,0.08765249,0.08880146,1.013609,150.96
371100,0.39,0.56,0.05,0.07303045,0.08146793,1.255011,148.81
371200,0.42,0.52,0.06,0.08554529,0.07285658,0.9244072,165.74
371300,0.38,0.59,0.03,0.08296513,0.09346169,0.5488045,119.11
371400,0.39,0.57,0.04,0.07530525,0.06932505,0.9684081,132.77
371500,0.35,0.63,0.02,0.07962345,0.08663245,0.5336049,127.37
371600,0.4,0.53,0.07,0.07886043,0.07747307,1.340011,156.88
371700,0.38,0.59,0.03,0.07597209,0.07084528,0.2557998,135.7
371800,0.44,0.49,0.07,0.06890334,0.05963174,1.083808,169.82
371900,0.36,0.58,0.06,0.1041921,0.1143544,1.336413,155.28
372000,0.41,0.52,0.07,0.06939844,0.06005776,1.15801,182.35
372100,0.46,0.49,0.05,0.06793748,0.06509133,0.9566066,180.37
372200,0.47,0.5,0.03,0.07602745,0.07343046,0.5852034,135.4
372300,0.43,0.55,0.02,0.06818882,0.06602213,0.343802,107.86
372400,0.41,0.53,0.06,0.07991266,0.08594241,1.326414,141.3
372500,0.46,0.48,0.06,0.07932293,0.0840132,0.9654087,149.9
372600,0.49,0.44,0.07,0.08846854,0.09152139,1.445413,172.69
372700,0.58,0.39,0.03,0.07023825,0.06284615,0.9528068,143.41
372800,0.38,0.59,0.03,0.09568806,0.09642488,0.3466018,117.44
372900,0.46,0.51,0.03,0.08035807,0.07890742,0.7120035,128.15
373000,0.38,0.59,0.03,0.07739112,0.07669606,0.6068046,126.9
373100,0.47,0.48,0.05,0.06615286,0.06682719,1.167408,173.38
373200,0.38,0.56,0.06,0.06858543,0.06671928,0.9896088,158.96
373300,0.46,0.52,0.02,0.08688132,0.0819927,0.5892045,111.67
373400,0.4,0.5,0.1,0.0784288,0.07230435,1.627418,179.71
373500,0.42,0.55,0.03,0.09896541,0.09124137,0.866206,132.97
373600,0.44,0.56,0,0.110375,0.1238538,0.1943999,104.03
373700,0.42,0.55,0.03,0.09205154,0.09623741,0.8000066,123.53
373800,0.44,0.53,0.03,0.07686715,0.06770006,0.5494043,152.67
373900,0.46,0.51,0.03,0.08216804,0.09185222,0.6822047,129.39
374000,0.35,0.62,0.03,0.09219691,0.07837031,0.5662044,142.06
374100,0.52,0.43,0.05,0.08871176,0.09952671,1.066009,145.6
374200,0.31,0.66,0.03,0.0839349,0.08395904,0.7334058,125.71
374300,0.41,0.58,0.01,0.0754145,0.07736077,0.2015999,93.95
374400,0.39,0.59,0.02,0.0994406,0.09881371,0.5996042,110.41
374500,0.39,0.55,0.06,0.0766804,0.07672802,0.9910085,151.09
374600,0.48,0.49,0.03,0.1190379,0.1099919,0.555202,145.15
374700,0.48,0.48,0.04,0.06575299,0.05965358,1.111609,134.38
374800,0.55,0.4,0.05,0.08190726,0.07507684,0.9030081,140.88
374900,0.37,0.5,0.13,0.06362218,0.05529267,1.725417,225.26
375000,0.45,0.52,0.03,0.07890806,0.07249013,0.897207,126.43
375100,0.36,0.61,0.03,0.0803763,0.08336913,0.5538046,132.95
375200,0.33,0.61,0.06,0.07465925,0.07409901,1.216813,142.82
375300,0.38,0.62,0,0.07471845,0.08071351,0.1691999,105.32
375400,0.28,0.67,0.05,0.08720452,0.087007,0.6578044,139.88
375500,0.44,0.51,0.05,0.07908347,0.07923274,1.135211,156.99
375600,0.44,0.5,0.06,0.07300678,0.07332435,1.031809,167.94
375700,0.54,0.42,0.04,0.07212289,0.06194473,1.007609,126.78
375800,0.47,0.49,0.04,0.07041399,0.07085438,0.6184046,136.9
375900,0.35,0.58,0.07,0.0837544,0.08476727,1.635014,184.82
376000,0.43,0.52,0.05,0.07663876,0.07807661,1.054408,150.69
376100,0.51,0.46,0.03,0.08470398,0.09697351,0.9028065,133.28
376200,0.39,0.56,0.05,0.09176172,0.1051136,0.9658091,130.59
376300,0.35,0.61,0.04,0.09799293,0.09197342,0.597004,132.38
376400,0.45,0.52,0.03,0.06924029,0.06968655,0.5618021,131.77
376500,0.42,0.53,0.05,0.0703006,0.08074509,0.934809,142.83
376600,0.45,0.51,0.04,0.09284371,0.09810825,0.8860072,130.16
376700,0.48,0.49,0.03,0.1050129,0.09391803,0.7092034,116.97
376800,0.43,0.52,0.05,0.08627527,0.08895701,0.7200034,163.65
376900,0.42,0.55,0.03,0.0719841,0.06705787,0.6772042,122.73
377000,0.45,0.51,0.04,0.07626374,0.06890205,0.8032075,142.54
377100,0.42,0.53,0.05,0.0778267,0.07932518,1.13001,144.94
377200,0.45,0.51,0.04,0.08044443,0.07461266,1.33181,157.62
377300,0.43,0.5,0.07,0.0934815,0.09732974,1.206411,153.21
377400,0.42,0.56,0.02,0.07065354,0.06553082,0.3010019,118.49
377500,0.37,0.61,0.02,0.07781292,0.07492934,0.4922017,124.87
377600,0.47,0.49,0.04,0.108055,0.1231935,0.8448065,149.45
377700,0.37,0.57,0.06,0.07522592,0.08613225,0.5730039,148.16
377800,0.34,0.63,0.03,0.07115138,0.07196054,0.6624038,137.64
377900,0.37,0.6,0.03,0.1041364,0.1023347,0.5048046,121.04
378000,0.48,0.49,0.03,0.06312232,0.05722051,0.5966043,136.7
378100,0.43,0.52,0.05,0.07219244,0.06849463,1.10601,158.14
378200,0.38,0.54,0.08,0.08772679,0.09682059,1.204612,167.95
378300,0.38,0.57,0.05,0.09503742,0.09866662,0.360002,140.22
378400,0.45,0.5,0.05,0.07162106,0.06563482,1.237411,149.43
378500,0.5,0.48,0.02,0.1016411,0.1242122,0.6672046,120.5
378600,0.38,0.61,0.01,0.1089015,0.1308056,0.4626017,120.14
378700,0.42,0.55,0.03,0.07113747,0.0713633,0.5326043,138.43
378800,0.38,0.59,0.03,0.07030544,0.06616836,0.5988045,122.55
378900,0.4,0.58,0.02,0.09730765,0.1086998,0.6802042,117.14
379000,0.43,0.53,0.04,0.0874425,0.08256251,0.7880069,126.03
379100,0.33,0.62,0.05,0.07404026,0.07230689,0.9188071,139.83
379200,0.4,0.55,0.05,0.09051688,0.08428533,0.7476068,143.19
379300,0.38,0.55,0.07,0.06583549,0.06123561,0.9472088,156.06
379400,0.36,0.62,0.02,0.07324783,0.07455941,0.4324023,119.29
379500,0.52,0.43,0.05,0.08042094,0.09373587,1.001607,150.01
379600,0.36,0.57,0.07,0.07028572,0.06914591,1.195612,172.82
379700,0.4,0.57,0.03,0.08004037,0.08537378,0.8426064,129.53
379800,0.46,0.46,0.08,0.08526309,0.09329227,1.583214,173.13
379900,0.37,0.61,0.02,0.08387964,0.08165389,0.5218043,122.82
380000,0.45,0.46,0.09,0.07894105,0.08067683,1.636016,182.94
380100,0.48,0.46,0.06,0.0786579,0.07463243,0.8864067,163.56
380200,0.57,0.39,0.04,0.07614373,0.07194977,0.8688077,123.09
380300,0.41,0.56,0.03,0.07061498,0.07134185,0.6612066,127.3
380400,0.47,0.48,0.05,0.07364509,0.07231514,1.098809,146.72
380500,0.41,0.54,0.05,0.07729437,0.06628747,0.8640062,163.58
380600,0.41,0.55,0.04,0.08607481,0.08888746,0.5976018,141.33
380700,0.35,0.61,0.04,0.08099962,0.07543953,0.6658067,147.81
380800,0.46,0.51,0.03,0.08609521,0.1260376,0.6678044,123.81
380900,0.5,0.47,0.03,0.07377914,0.09361669,0.9946072,142.93
381000,0.31,0.63,0.06,0.07097601,0.06872194,0.9582095,154.61
381100,0.37,0.58,0.05,0.06741399,0.06754697,1.13981,153.16
381200,0.43,0.54,0.03,0.07864813,0.0795785,0.9370073,129.96
381300,0.4,0.54,0.06,0.0717567,0.06163516,0.9396095,146.68
381400,0.54,0.38,0.08,0.07706089,0.0865979,1.304612,171.35
381500,0.41,0.56,0.03,0.08081869,0.07703155,0.5762045,141.9
381600,0.43,0.54,0.03,0.06882272,0.06846588,0.6186038,140.56
381700,0.39,0.59,0.02,0.09024401,0.09999844,0.523205,109.94
381800,0.42,0.53,0.05,0.07099089,0.06468791,1.008009,146.17
381900,0.46,0.5,0.04,0.08605211,0.0850329,0.8494037,140.85
382000,0.45,0.47,0.08,0.07731441,0.07821063,0.9732078,184.95
382100,0.39,0.56,0.05,0.06945455,0.06882995,0.8146067,146.03
382200,0.5,0.48,0.02,0.07797024,0.07150789,0.5696023,121.8
382300,0.45,0.51,0.04,0.0811705,0.08087992,0.5460044,126.39
382400,0.44,0.49,0.07,0.07478419,0.06964143,0.9512093,155.91
382500,0.5,0.46,0.04,0.08486079,0.08487389,0.8696069,119.84
382600,0.5,0.48,0.02,0.08209791,0.07381052,0.5488023,122.39
382700,0.5,0.49,0.01,0.08230489,0.08560743,0.3159998,100.72
382800,0.43,0.56,0.01,0.07107688,0.06566871,0.5482022,110.89
382900,0.39,0.56,0.05,0.1086982,0.1027858,0.9634084,137.72
383000,0.47,0.48,0.05,0.06603674,0.063689,1.074208,162.85
383100,0.33,0.62,0.05,0.07709633,0.073612,0.8180062,136.48
383200,0.41,0.58,0.01,0.09207466,0.1061843,0.2167999,118.09
383300,0.42,0.54,0.04,0.09660172,0.1002465,0.8090068,137.64
383400,0.45,0.5,0.05,0.06938739,0.05934343,0.6044034,168.35
383500,0.42,0.52,0.06,0.06818287,0.06219588,0.8406062,144.19
383600,0.36,0.59,0.05,0.07710168,0.07134362,0.7784058,170.96
383700,0.38,0.6,0.02,0.09013577,0.1155952,0.4432025,120.13
383800,0.37,0.62,0.01,0.07737083,0.07164735,0.4232024,99.43
383900,0.38,0.59,0.03,0.07535287,0.06907813,0.7126071,135.84
384000,0.4,0.57,0.03,0.08765942,0.1216394,0.4910022,127.22
384100,0.37,0.57,0.06,0.08058599,0.09308525,1.198411,143.81
384200,0.42,0.55,0.03,0.09037436,0.08874765,0.4856051,127.18
384300,0.46,0.47,0.07,0.07613983,0.06757044,0.9744093,163.8
384400,0.47,0.49,0.04,0.07119951,0.06765512,1.038609,137.89
384500,0.43,0.56,0.01,0.07425359,0.06944801,0.4700018,91.75
384600,0.39,0.57,0.04,0.09356104,0.1006981,0.6664072,150.1
384700,0.44,0.54,0.02,0.0758594,0.0776674,0.6414041,134.02
384800,0.45,0.53,0.02,0.08093281,0.08244324,0.6754047,112.19
384900,0.38,0.54,0.08,0.08033106,0.07829382,1.549417,165.1
385000,0.4,0.55,0.05,0.07861169,0.0725181,0.9620095,153.48
385100,0.41,0.59,0,0.08090983,0.09144585,0.2283998,105.55
385200,0.36,0.61,0.03,0.08801769,0.09945445,0.7686073,126.67
385300,0.37,0.57,0.06,0.06857271,0.06473102,1.178411,165.25
385400,0.38,0.59,0.03,0.08922438,0.1216226,0.7914072,128.83
385500,0.36,0.59,0.05,0.08058609,0.07883204,1.238811,156.21
385600,0.43,0.5,0.07,0.0951184,0.1031887,0.9348052,186.01
385700,0.37,0.55,0.08,0.09804659,0.0736787,1.475815,185.56
385800,0.4,0.58,0.02,0.08464889,0.08557153,0.4368023,135.68
385900,0.4,0.57,0.03,0.08585725,0.08078741,0.6838065,134.89
386000,0.42,0.54,0.04,0.08624978,0.09539171,1.005609,140.13
386100,0.48,0.49,0.03,0.0997064,0.1023954,0.3961997,115.44
386200,0.3,0.68,0.02,0.07963507,0.07255036,0.6312047,129.91
386300,0.42,0.54,0.04,0.08490861,0.08431697,0.7052071,133.42
386400,0.4,0.57,0.03,0.09147781,0.08093227,0.7350056,120.74
386500,0.38,0.59,0.03,0.07659762,0.07701539,0.6198043,112.45
386600,0.34,0.59,0.07,0.0850885,0.1137756,1.09341,166.57
386700,0.49,0.45,0.06,0.06709723,0.06060686,0.9366083,164.31
386800,0.45,0.52,0.03,0.09168321,0.1024868,0.720204,125.65
386900,0.49,0.45,0.06,0.08115386,0.09125799,0.9718086,148.93
387000,0.4,0.58,0.02,0.07930125,0.08374275,0.6484045,112.71
387100,0.4,0.55,0.05,0.08226579,0.08048368,1.206012,180.72
387200,0.41,0.57,0.02,0.08280355,0.07564297,0.4456019,111.02
387300,0.34,0.62,0.04,0.07800224,0.07465876,0.8686094,139.92
387400,0.41,0.56,0.03,0.09341162,0.08821587,0.489604,118.85
387500,0.42,0.56,0.02,0.08216529,0.07956173,0.728805,129.16
387600,0.39,0.58,0.03,0.07317329,0.06551544,0.4220026,128.12
387700,0.36,0.6,0.04,0.07772135,0.09078128,1.036809,137.45
387800,0.48,0.46,0.06,0.08195839,0.08061803,0.9796088,136.91
387900,0.38,0.54,0.08,0.08151256,0.06763509,0.8302092,179.58
388000,0.41,0.51,0.08,0.07108931,0.06564014,1.050409,183.05
388100,0.4,0.57,0.03,0.08911756,0.09017699,0.3370024,116.76
388200,0.39,0.59,0.02,0.08768849,0.08527578,0.4550017,105.83
388300,0.45,0.54,0.01,0.07472321,0.06780174,0.4116021,115.45
388400,0.45,0.48,0.07,0.0971299,0.1290354,1.674618,159.83
388500,0.37,0.62,0.01,0.07352734,0.07514171,0.4310014,118.5
388600,0.43,0.48,0.09,0.08029556,0.07692423,1.13341,195.27
388700,0.42,0.55,0.03,0.07397705,0.06491721,0.6372041,128.46
388800,0.38,0.57,0.05,0.08179464,0.08104204,0.582605,142.85
388900,0.43,0.52,0.05,0.1022877,0.1122367,0.6760067,133.73
389000,0.49,0.49,0.02,0.08404065,0.07564344,0.640805,112.66
389100,0.47,0.52,0.01,0.07963476,0.0735288,0.3196023,99.8
389200,0.5,0.44,0.06,0.07104012,0.06374436,1.144011,181.55
389300,0.39,0.57,0.04,0.07687557,0.06806862,0.641604,139.43
389400,0.53,0.43,0.04,0.08339245,0.08196653,0.927209,144.5
389500,0.42,0.52,0.06,0.07510006,0.07578404,1.359814,161.93
389600,0.43,0.56,0.01,0.07638326,0.08885919,0.3564021,104.29
389700,0.5,0.46,0.04,0.06018541,0.05346745,0.8970064,146.26
389800,0.51,0.47,0.02,0.09503072,0.09850194,0.5686032,124.69
389900,0.32,0.62,0.06,0.07107666,0.06822269,1.106412,152.86
390000,0.37,0.56,0.07,0.07702452,0.07542565,1.027809,154.01
390100,0.45,0.53,0.02,0.07739542,0.07267161,0.6906047,116.31
390200,0.48,0.48,0.04,0.08155248,0.06969257,0.7290075,115.72
390300,0.39,0.55,0.06,0.07195056,0.06620455,0.7608055,154.11
390400,0.43,0.53,0.04,0.07575363,0.07107446,0.572202,136.43
390500,0.43,0.56,0.01,0.06643085,0.07057424,0.6546031,108.58
390600,0.46,0.48,0.06,0.08018199,0.08927965,0.8378062,164.55
390700,0.42,0.5,0.08,0.08216371,0.07858943,0.9144083,168.84
390800,0.4,0.58,0.02,0.07785361,0.07924679,0.6806034,114.75
390900,0.47,0.53,0,0.0933078,0.1064196,0.1851999,109.1
391000,0.39,0.59,0.02,0.08089261,0.07739015,0.6266041,111.88
391100,0.47,0.47,0.06,0.08078709,0.07780053,0.8882064,164.78
391200,0.44,0.52,0.04,0.08677128,0.1022494,0.727004,135.63
391300,0.42,0.5,0.08,0.06404927,0.06327377,1.603615,187.35
391400,0.3,0.61,0.09,0.07795234,0.07424714,1.636217,187.35
391500,0.46,0.51,0.03,0.0839896,0.084816,0.5380041,127.27
391600,0.42,0.53,0.05,0.08400048,0.09027743,0.6068044,158.06
391700,0.38,0.6,0.02,0.09185642,0.1058425,0.3246025,116.07
391800,0.38,0.58,0.04,0.1057055,0.1076116,0.761807,127.37
391900,0.42,0.5,0.08,0.07375572,0.06945185,1.337211,176.29
392000,0.34,0.61,0.05,0.08590705,0.08469551,0.9446098,144.45
392100,0.43,0.51,0.06,0.07445602,0.08808717,1.006808,153.23
392200,0.41,0.56,0.03,0.08602016,0.08414222,0.9088069,140.78
392300,0.3,0.63,0.07,0.1043707,0.09843633,1.068011,152.51
392400,0.49,0.46,0.05,0.07975298,0.08610848,1.182209,144.86
392500,0.44,0.55,0.01,0.07947212,0.06994747,0.5824039,131.48
392600,0.4,0.56,0.04,0.08688822,0.09465072,0.9424061,135.34
392700,0.38,0.53,0.09,0.07238571,0.0729759,1.543215,194.43
392800,0.4,0.55,0.05,0.09271953,0.09424639,0.7440063,154.97
392900,0.4,0.56,0.04,0.08607773,0.08314232,0.9304096,147.38
393000,0.47,0.5,0.03,0.08473801,0.08467679,0.7138041,114.81
393100,0.51,0.47,0.02,0.08598397,0.09113161,0.6712036,116.64
393200,0.46,0.51,0.03,0.07802503,0.08394415,0.7022038,124.54
393300,0.44,0.54,0.02,0.09657199,0.1128537,0.6122045,118.67
393400,0.41,0.57,0.02,0.09982447,0.1015428,0.3646019,135.49
393500,0.47,0.49,0.04,0.0675988,0.05995812,0.712204,135.28
393600,0.47,0.47,0.06,0.08484111,0.09388911,1.210811,145.1
393700,0.45,0.52,0.03,0.0718582,0.07048397,0.454602,141.32
393800,0.42,0.56,0.02,0.1028724,0.1095673,0.4624023,117.65
393900,0.36,0.57,0.07,0.06582528,0.06260452,1.134411,161.29
394000,0.44,0.5,0.06,0.06623996,0.06866737,1.086209,155.13
394100,0.36,0.58,0.06,0.07053849,0.08985075,1.317212,151.63
394200,0.41,0.56,0.03,0.08513913,0.09014108,0.4866041,124.7
394300,0.45,0.49,0.06,0.1023279,0.1252684,1.149811,146.16
394400,0.44,0.52,0.04,0.07163687,0.08310536,0.9002068,152.09
394500,0.4,0.57,0.03,0.07343142,0.07460987,0.6008044,142.23
394600,0.4,0.58,0.02,0.07995363,0.07805798,0.5368041,121.96
394700,0.42,0.51,0.07,0.07121668,0.06478971,1.137211,153.88
394800,0.44,0.51,0.05,0.07949883,0.08978867,0.7546062,151.58
394900,0.35,0.58,0.07,0.07297291,0.06875953,0.9732088,167.03
395000,0.41,0.56,0.03,0.07417584,0.07273902,0.4924019,128.29
395100,0.46,0.48,0.06,0.06031623,0.0563898,1.26741,168.87
395200,0.51,0.48,0.01,0.08516485,0.09257954,0.5582021,118.76
395300,0.46,0.52,0.02,0.06556223,0.05866555,0.4822019,141.78
395400,0.33,0.65,0.02,0.08959631,0.08974449,0.6090039,122.25
395500,0.43,0.53,0.04,0.07069287,0.06964649,0.8474059,148.34
395600,0.45,0.5,0.05,0.07070626,0.06782824,0.5432044,140.38
395700,0.43,0.52,0.05,0.07282034,0.07326231,1.063411,140.19
395800,0.45,0.53,0.02,0.07060997,0.08498005,0.6720049,110.47
395900,0.35,0.6,0.05,0.08019865,0.08304745,1.13601,150.81
396000,0.38,0.6,0.02,0.06665349,0.06791974,0.4422015,123.19
396100,0.37,0.6,0.03,0.09188469,0.1126038,0.4406019,137.21
396200,0.42,0.54,0.04,0.09595289,0.1006691,0.5650041,133.77
396300,0.47,0.51,0.02,0.07720594,0.08547978,0.3269998,137.48
396400,0.45,0.52,0.03,0.1290816,0.1440043,0.6252043,119.42
396500,0.46,0.47,0.07,0.07930155,0.07519064,1.450213,166.67
396600,0.42,0.54,0.04,0.08103427,0.08151057,1.118209,142.48
396700,0.36,0.6,0.04,0.07832491,0.08554301,0.5970051,142.85
396800,0.38,0.58,0.04,0.08152127,0.09080748,0.5752043,133.02
396900,0.4,0.59,0.01,0.0817805,0.08737967,0.4064022,117.08
397000,0.43,0.55,0.02,0.08200172,0.08216915,0.6070042,130.34
397100,0.39,0.58,0.03,0.09633075,0.1127966,0.6048046,127.79
397200,0.41,0.55,0.04,0.07854304,0.08970771,0.4268025,144.93
397300,0.45,0.48,0.07,0.08177432,0.09575491,1.031806,180.33
397400,0.4,0.58,0.02,0.07096834,0.06603013,0.3453997,127.36
397500,0.39,0.59,0.02,0.06525587,0.06307744,0.3844016,144.89
397600,0.39,0.53,0.08,0.08185717,0.07537526,0.9622069,178.78
397700,0.43,0.52,0.05,0.07227506,0.06620809,0.6922035,153.31
397800,0.3,0.64,0.06,0.08520677,0.1110567,1.046211,138.3
397900,0.36,0.62,0.02,0.07717152,0.07663747,0.4112014,118.65
398000,0.33,0.63,0.04,0.08803917,0.1098833,0.699607,121.77
398100,0.48,0.48,0.04,0.08062962,0.08756384,0.918206,150.05
398200,0.43,0.56,0.01,0.09177914,0.1062268,0.3726016,118.38
398300,0.4,0.56,0.04,0.08233257,0.08519118,0.7598065,134.05
398400,0.41,0.55,0.04,0.1114147,0.1138926,0.9548095,146.66
398500,0.43,0.51,0.06,0.06958055,0.06161748,0.8682076,156.7
398600,0.42,0.53,0.05,0.08331697,0.08141395,1.142612,163.81
398700,0.42,0.54,0.04,0.07442789,0.08437534,0.5186022,138.36
398800,0.46,0.5,0.04,0.09308057,0.08429413,0.6474043,136.14
398900,0.44,0.53,0.03,0.07825691,0.09665921,0.743206,126.2
399000,0.45,0.51,0.04,0.1231204,0.103185,0.5444044,120.96
399100,0.37,0.62,0.01,0.07314555,0.067086,0.4416023,111.91
399200,0.44,0.52,0.04,0.08823097,0.08623902,0.829607,124.61
399300,0.46,0.51,0.03,0.08864346,0.09270664,0.4634033,118.18
399400,0.33,0.64,0.03,0.06236262,0.06296128,0.806807,137.83
399500,0.41,0.54,0.05,0.08106892,0.09288256,0.6192042,135
399600,0.42,0.57,0.01,0.08145382,0.08090314,0.489002,99.59
399700,0.36,0.58,0.06,0.07349136,0.07680154,1.060011,155.8
399800,0.42,0.53,0.05,0.07207852,0.08982053,0.6490039,139.51
399900,0.46,0.49,0.05,0.0849671,0.09865882,1.048409,142.58
400000,0.38,0.57,0.05,0.1095195,0.1145229,0.9564089,150.28
400100,0.38,0.58,0.04,0.07434557,0.07986398,0.8818067,162.72
400200,0.47,0.49,0.04,0.0866593,0.09592724,0.8578063,142.7
400300,0.48,0.49,0.03,0.07937856,0.07169254,0.716804,121.09
400400,0.42,0.52,0.06,0.07209232,0.06447479,1.080808,154.95
400500,0.37,0.57,0.06,0.07332537,0.07625836,1.065011,156.27
400600,0.4,0.54,0.06,0.09230042,0.1016333,1.261214,149.45
400700,0.48,0.48,0.04,0.07651625,0.06975103,0.8622068,140.63
400800,0.51,0.47,0.02,0.09778797,0.09529809,0.5112021,120.84
400900,0.34,0.63,0.03,0.07392056,0.07301864,0.6662061,125.59
401000,0.52,0.47,0.01,0.08261958,0.08952713,0.5164021,122.28
401100,0.45,0.5,0.05,0.07134857,0.07609547,0.9806076,155.51
401200,0.47,0.47,0.06,0.0769547,0.07247745,1.418811,167.83
401300,0.44,0.49,0.07,0.06899572,0.0681027,1.17861,176.34
401400,0.46,0.52,0.02,0.08199439,0.08498293,0.3864018,122.87
401500,0.47,0.52,0.01,0.0875579,0.08579397,0.4175997,108.29
401600,0.43,0.54,0.03,0.07696722,0.07770608,0.6968065,124.79
401700,0.31,0.6,0.09,0.07895871,0.0803164,1.593017,167.55
401800,0.44,0.51,0.05,0.08473638,0.09311891,0.7492065,138.83
401900,0.36,0.58,0.06,0.07921285,0.08536512,1.153211,173.29
402000,0.5,0.47,0.03,0.07473255,0.06832593,0.8566064,122.61
402100,0.38,0.55,0.07,0.08541819,0.08311122,1.142611,171.59
402200,0.38,0.55,0.07,0.06471411,0.0668648,1.030009,152.64
402300,0.39,0.57,0.04,0.07040867,0.06669081,0.5200016,142.52
402400,0.36,0.6,0.04,0.07631672,0.074109,0.5786037,142.47
402500,0.37,0.56,0.07,0.08311427,0.08239909,1.016409,165.4
402600,0.39,0.52,0.09,0.06710979,0.07266972,1.599815,197.66
402700,0.41,0.55,0.04,0.06860058,0.06843935,0.7998085,141.12
402800,0.38,0.56,0.06,0.07582876,0.07348284,1.100211,167.99
402900,0.38,0.58,0.04,0.09096202,0.09469461,0.7248063,130.64
403000,0.43,0.51,0.06,0.08678254,0.09717794,0.7306061,153.04
403100,0.43,0.55,0.02,0.0820871,0.08421105,0.1995999,118.49
403200,0.39,0.57,0.04,0.08408172,0.08262049,0.6708044,135.1
403300,0.47,0.5,0.03,0.07691781,0.08149494,0.8948065,135.14
403400,0.39,0.55,0.06,0.07386929,0.08083943,1.200611,179.78
403500,0.47,0.52,0.01,0.07337971,0.06766865,0.3924021,107.41
403600,0.39,0.59,0.02,0.08678022,0.09651379,0.5780038,119.96
403700,0.42,0.52,0.06,0.06037246,0.05395038,0.7786044,170.82
403800,0.45,0.53,0.02,0.09792651,0.09647706,0.6246045,120.37
403900,0.44,0.53,0.03,0.08094632,0.08034886,0.619005,115.86
404000,0.42,0.53,0.05,0.07430661,0.06811018,1.152411,138.93
404100,0.52,0.4,0.08,0.08277547,0.08593535,1.308813,150.25
404200,0.47,0.51,0.02,0.07740834,0.07308032,0.5660024,135.07
404300,0.32,0.61,0.07,0.07771493,0.07475405,1.282414,161.3
404400,0.35,0.64,0.01,0.114488,0.1298969,0.3898021,112.43
404500,0.38,0.56,0.06,0.07232881,0.07077489,1.285411,156.81
404600,0.38,0.6,0.02,0.08261891,0.08685473,0.2555998,126.52
404700,0.47,0.49,0.04,0.06710878,0.06776147,1.031808,146.02
404800,0.41,0.51,0.08,0.06792256,0.07237134,1.458213,185.07
404900,0.38,0.56,0.06,0.09371094,0.1002188,0.9936098,157.71
405000,0.41,0.55,0.04,0.0768588,0.07244976,0.8004063,167.02
405100,0.42,0.57,0.01,0.09301021,0.1134881,0.387802,109.25
405200,0.39,0.57,0.04,0.078165,0.07884461,0.7014065,138.13
405300,0.47,0.51,0.02,0.08539697,0.07793299,0.6646047,123.12
405400,0.37,0.57,0.06,0.07012045,0.07031248,0.5236039,154.86
405500,0.44,0.52,0.04,0.07533062,0.06825339,0.7902044,141.88
405600,0.41,0.52,0.07,0.07731503,0.07702989,0.8096063,174.13
405700,0.48,0.48,0.04,0.07355287,0.07278309,0.7180045,140.32
405800,0.49,0.47,0.04,0.1032143,0.1046303,0.9742088,136.45
405900,0.38,0.55,0.07,0.09041919,0.08088487,1.120409,183.02
406000,0.38,0.54,0.08,0.0664012,0.05945878,1.168811,185.03
406100,0.37,0.57,0.06,0.07399621,0.06858718,1.221611,178.95
406200,0.36,0.62,0.02,0.08038479,0.07263964,0.4316022,133.22
406300,0.43,0.52,0.05,0.07522643,0.07161482,1.026409,141.61
406400,0.39,0.54,0.07,0.07879744,0.07079696,1.194411,168.41
406500,0.41,0.58,0.01,0.09210864,0.08863091,0.558202,131.91
406600,0.42,0.55,0.03,0.0833866,0.0772712,0.710404,139.24
406700,0.49,0.48,0.03,0.07883387,0.07864666,0.704604,119.25
406800,0.49,0.49,0.02,0.08729515,0.08133867,0.4580017,117.08
406900,0.52,0.43,0.05,0.102614,0.1019138,0.9606061,154.1
407000,0.48,0.47,0.05,0.09199464,0.09890133,1.202808,144.29
407100,0.4,0.54,0.06,0.08029387,0.0730097,1.23121,155.54
407200,0.5,0.47,0.03,0.07727203,0.07856619,0.9026065,111.46
407300,0.43,0.54,0.03,0.06864086,0.06658456,0.457202,137.78
407400,0.38,0.58,0.04,0.07663123,0.07237834,0.6280045,140.65
407500,0.47,0.49,0.04,0.07417053,0.07731943,0.7066041,142.13
407600,0.4,0.52,0.08,0.07938077,0.08513372,1.597416,184.04
407700,0.39,0.56,0.05,0.08364055,0.1003273,0.8470066,140.03
407800,0.3,0.65,0.05,0.07499212,0.07292416,1.013411,143.72
407900,0.38,0.6,0.02,0.07915322,0.08106047,0.3918023,122.4
408000,0.41,0.52,0.07,0.08077233,0.07247722,1.398213,170.78
408100,0.39,0.54,0.07,0.0659773,0.06740444,1.340413,190.45
408200,0.47,0.51,0.02,0.08418909,0.08337133,0.6380041,131.37
408300,0.38,0.58,0.04,0.1065015,0.1107266,0.553605,121.49
408400,0.38,0.55,0.07,0.07940722,0.07447405,1.233212,166.69
408500,0.42,0.55,0.03,0.09221826,0.09879769,0.7240042,115.38
408600,0.34,0.57,0.09,0.07264963,0.06757655,1.470415,179.18
408700,0.43,0.55,0.02,0.07526192,0.07316807,0.2429998,115.01
408800,0.46,0.52,0.02,0.06999764,0.06848285,0.6532047,110.14
408900,0.37,0.57,0.06,0.07803681,0.07844608,1.100011,144.09
409000,0.44,0.5,0.06,0.07056307,0.06438721,1.513214,170.45
409100,0.43,0.53,0.04,0.09561366,0.08405473,0.8620066,137.99
409200,0.36,0.6,0.04,0.08799127,0.08556993,0.8328081,140.09
409300,0.42,0.52,0.06,0.07160239,0.06812926,0.9476091,160.77
409400,0.38,0.57,0.05,0.071729,0.07650936,0.779807,143.58
409500,0.43,0.52,0.05,0.09581167,0.1432954,1.10501,145.16
409600,0.36,0.61,0.03,0.09751949,0.1018954,0.3738025,131.15
409700,0.37,0.57,0.06,0.07009003,0.06444317,1.010009,171.8
409800,0.48,0.5,0.02,0.06798747,0.07008659,0.6852043,117.94
409900,0.38,0.59,0.03,0.08130178,0.07495491,0.7918065,126.74
410000,0.47,0.5,0.03,0.08154672,0.07462536,0.6998022,129.62
410100,0.44,0.52,0.04,0.0723573,0.07204063,0.7934066,136.35
410200,0.43,0.47,0.1,0.08805124,0.08623569,1.573815,194.71
410300,0.43,0.5,0.07,0.07178285,0.07294875,0.7902059,172.99
410400,0.41,0.57,0.02,0.07629006,0.08127539,0.4626023,121.21
410500,0.47,0.49,0.04,0.09169304,0.09341227,0.6768057,151.47
410600,0.37,0.57,0.06,0.08108877,0.07584413,0.7932069,145.4
410700,0.41,0.54,0.05,0.07932889,0.07521738,1.103611,162.17
410800,0.36,0.55,0.09,0.08286066,0.09497047,1.285813,196.69
410900,0.36,0.58,0.06,0.07599322,0.06954346,1.059411,176.91
411000,0.37,0.6,0.03,0.07515763,0.07104528,0.6898056,125.6
411100,0.44,0.53,0.03,0.07667793,0.06990107,0.4722023,136.03
411200,0.42,0.53,0.05,0.07974246,0.0868216,0.7334043,156.3
411300,0.42,0.55,0.03,0.07201723,0.06904598,0.6378036,129.6
411400,0.37,0.59,0.04,0.07555296,0.07044733,0.9772096,139.35
411500,0.37,0.6,0.03,0.08048844,0.07614189,0.724807,117.82
411600,0.43,0.55,0.02,0.09521314,0.08839363,0.7670043,121.87
411700,0.48,0.48,0.04,0.08841654,0.09040543,0.7888062,133.42
411800,0.39,0.58,0.03,0.09029821,0.09551767,0.7768045,114.34
411900,0.42,0.51,0.07,0.08964214,0.09047852,0.9380084,159.93
412000,0.38,0.56,0.06,0.06488158,0.061965,1.185811,154.84
412100,0.47,0.51,0.02,0.08170597,0.06783482,0.7290044,146.38
412200,0.36,0.58,0.06,0.07605429,0.0850402,0.9470072,167.42
412300,0.44,0.52,0.04,0.08549656,0.0927043,0.6182039,131.65
412400,0.46,0.47,0.07,0.07878213,0.0848326,1.045408,181.12
412500,0.37,0.59,0.04,0.0681034,0.07527171,0.9320095,173.16
412600,0.35,0.6,0.05,0.08029303,0.07864065,1.14801,163.21
412700,0.49,0.49,0.02,0.0969299,0.0886932,0.3782024,123.4
412800,0.44,0.51,0.05,0.08354075,0.08270586,1.009009,168.37
412900,0.35,0.6,0.05,0.08531073,0.08740178,0.2998019,152.82
413000,0.34,0.62,0.04,0.08597231,0.08502289,0.6818061,144.48
413100,0.47,0.49,0.04,0.08770826,0.1009202,0.9326068,133.82
413200,0.49,0.43,0.08,0.09941104,0.1067511,1.566415,172.74
413300,0.5,0.45,0.05,0.07542365,0.08450983,0.8466064,142.96
413400,0.43,0.52,0.05,0.07519493,0.07431229,1.083011,151.46
413500,0.39,0.59,0.02,0.06800383,0.05866468,0.4460021,137.89
413600,0.42,0.56,0.02,0.08072319,0.08693038,0.7808051,119.52
413700,0.41,0.55,0.04,0.1041036,0.1097285,1.15301,145.89
413800,0.36,0.59,0.05,0.1008577,0.1195634,0.9662083,138.97
413900,0.46,0.51,0.03,0.07326165,0.06526213,0.6926045,139.83
414000,0.46,0.5,0.04,0.06204429,0.06491278,1.10801,153.73
414100,0.47,0.46,0.07,0.07326541,0.08026471,1.286412,174.14
414200,0.47,0.5,0.03,0.07028249,0.07839578,0.8186047,128.25
414300,0.46,0.5,0.04,0.06793962,0.06447329,0.7992061,125.88
414400,0.43,0.51,0.06,0.07506347,0.07311592,1.122009,158.42
414500,0.42,0.58,0,0.0744845,0.06714793,0.2209998,116.18
414600,0.42,0.51,0.07,0.07674178,0.07303033,1.266611,167.24
414700,0.46,0.48,0.06,0.07885476,0.07185903,0.8578063,166.23
414800,0.52,0.45,0.03,0.07360337,0.07043229,0.8936043,145.94
414900,0.51,0.46,0.03,0.08285281,0.07189383,0.7134044,127.79
415000,0.39,0.54,0.07,0.07578113,0.06938954,1.21781,170.34
415100,0.42,0.53,0.05,0.08054516,0.09241233,0.757006,151.31
415200,0.36,0.61,0.03,0.07781298,0.0681226,0.7304038,149.52
415300,0.44,0.5,0.06,0.08736455,0.09019713,0.7170051,145.72
415400,0.36,0.6,0.04,0.07994125,0.08291402,0.9752075,168.62
415500,0.45,0.53,0.02,0.09680752,0.09550902,0.4720021,120.71
415600,0.37,0.59,0.04,0.07713524,0.07603964,0.9576089,139.31
415700,0.45,0.51,0.04,0.1012799,0.1097335,0.9588073,159.64
415800,0.36,0.58,0.06,0.0730155,0.08263302,0.8410063,165.8
415900,0.43,0.53,0.04,0.089648,0.08805908,0.7820056,158.62
416000,0.41,0.54,0.05,0.07015811,0.06529262,1.268012,164.73
416100,0.32,0.62,0.06,0.06863179,0.0642495,1.203011,160.06
416200,0.5,0.48,0.02,0.08227284,0.07147342,0.5634046,118.13
416300,0.44,0.52,0.04,0.08151217,0.08560133,0.9062067,145.79
416400,0.37,0.58,0.05,0.07996517,0.07257462,1.12241,132.06
416500,0.4,0.53,0.07,0.09296107,0.104326,1.032211,170.34
416600,0.36,0.63,0.01,0.07688164,0.07371653,0.1791999,95.86
416700,0.41,0.56,0.03,0.08829557,0.09775271,0.6688048,129.23
416800,0.43,0.51,0.06,0.07867819,0.06785586,1.282412,156.21
416900,0.37,0.58,0.05,0.09252368,0.1004283,1.041409,161.77
417000,0.55,0.42,0.03,0.06549979,0.07481749,0.8902066,126.13
417100,0.42,0.53,0.05,0.06835517,0.0738745,1.112609,162.39
417200,0.4,0.53,0.07,0.07684726,0.0734791,1.12021,162.09
417300,0.5,0.46,0.04,0.1022128,0.09449711,0.6904041,137.59
417400,0.46,0.5,0.04,0.09468623,0.09328178,0.6242037,134.51
417500,0.37,0.56,0.07,0.06826613,0.06893227,0.9456086,177.19
417600,0.41,0.57,0.02,0.08628213,0.08118826,0.4220024,100.45
417700,0.52,0.44,0.04,0.09010854,0.09147957,1.245609,135.6
417800,0.4,0.55,0.05,0.08344964,0.07868658,0.8556072,153.26
417900,0.42,0.51,0.07,0.08439335,0.08312102,1.606416,162.44
418000,0.43,0.52,0.05,0.06903882,0.0682826,0.9264067,153.89
418100,0.35,0.59,0.06,0.07214762,0.06790983,1.216611,176.21
418200,0.45,0.49,0.06,0.07142089,0.07232441,1.045608,152.77
418300,0.46,0.49,0.05,0.07808711,0.07618449,1.047609,163.45
418400,0.45,0.51,0.04,0.08323514,0.08439683,0.6448042,136.28
418500,0.44,0.53,0.03,0.09476548,0.09602609,0.8232038,117.23
418600,0.45,0.5,0.05,0.06687161,0.06411722,1.075209,163.04
418700,0.37,0.58,0.05,0.07309498,0.07631252,0.9818059,161.25
418800,0.42,0.52,0.06,0.06827844,0.07029085,1.22261,154.23
418900,0.4,0.56,0.04,0.07435446,0.07300708,0.5588021,133.13
419000,0.48,0.45,0.07,0.07004093,0.08213919,1.017007,171.96
419100,0.4,0.55,0.05,0.0741718,0.07018482,1.440012,150.35
419200,0.48,0.5,0.02,0.06970393,0.06631396,0.6318018,120.7
419300,0.45,0.49,0.06,0.08024219,0.07231648,0.6982038,155.76
419400,0.42,0.55,0.03,0.07303753,0.07533388,0.8928068,145.79
419500,0.48,0.5,0.02,0.07057291,0.06700988,0.6624042,128.28
419600,0.5,0.47,0.03,0.09368969,0.09516174,0.9586067,113.48
419700,0.48,0.45,0.07,0.06652945,0.06496738,1.22861,174.1
419800,0.45,0.47,0.08,0.09308004,0.08419857,1.571415,172.38
419900,0.54,0.44,0.02,0.0637764,0.05719168,0.3933997,137.32
420000,0.41,0.53,0.06,0.07623285,0.07385918,1.124809,153.41
420100,0.43,0.53,0.04,0.07327504,0.07873286,1.019809,141.27
420200,0.42,0.53,0.05,0.07416697,0.07854846,1.18541,150.91
420300,0.44,0.51,0.05,0.09286751,0.09330606,0.4876018,146.5
420400,0.35,0.62,0.03,0.07378448,0.08288483,0.6678042,127.39
420500,0.49,0.5,0.01,0.08331742,0.08048788,0.4228017,96.26
420600,0.48,0.49,0.03,0.08198047,0.07991832,0.5968043,137.6
420700,0.35,0.63,0.02,0.0840078,0.08374316,0.3698019,100.92
420800,0.5,0.46,0.04,0.07285766,0.07393244,1.167209,131.49
420900,0.44,0.53,0.03,0.07963992,0.07597075,0.7408041,137.71
421000,0.43,0.54,0.03,0.08289579,0.08128609,0.768406,131.34
421100,0.44,0.53,0.03,0.1013082,0.09924418,0.6512037,118.47
421200,0.41,0.53,0.06,0.08144199,0.07930799,1.246011,158.85
421300,0.45,0.49,0.06,0.1020981,0.1015141,1.090212,148.33
421400,0.4,0.55,0.05,0.07186194,0.06820172,1.022008,154.4
421500,0.47,0.5,0.03,0.07337532,0.06658753,0.9134071,128.4
421600,0.48,0.49,0.03,0.08286554,0.08856426,0.6028047,111.22
421700,0.48,0.47,0.05,0.0863518,0.08038425,0.9808082,151.81
421800,0.42,0.51,0.07,0.08507851,0.1044444,0.9490085,151.37
421900,0.47,0.49,0.04,0.07393603,0.0760705,0.8630091,141.58
422000,0.46,0.51,0.03,0.07668047,0.07956418,0.5312024,138.7
422100,0.38,0.55,0.07,0.09232309,0.107424,1.341812,164.46
422200,0.47,0.47,0.06,0.08195695,0.0803034,1.037209,163.2
422300,0.46,0.51,0.03,0.08130142,0.07641427,0.786405,117.45
422400,0.49,0.47,0.04,0.09113047,0.1046708,0.7308036,136.32
422500,0.44,0.5,0.06,0.08367018,0.08617936,1.432613,157.83
422600,0.34,0.59,0.07,0.0791041,0.091442,1.239814,157.89
422700,0.54,0.44,0.02,0.09016196,0.0951482,0.8130052,132.12
422800,0.41,0.56,0.03,0.06446077,0.06255923,0.8104056,162.86
422900,0.39,0.55,0.06,0.07858524,0.08950102,1.140612,176.34
423000,0.43,0.56,0.01,0.1225197,0.1164599,0.5572024,106.55
423100,0.48,0.48,0.04,0.07256474,0.06598159,1.126208,149.98
423200,0.37,0.58,0.05,0.08317,0.08233261,0.9484074,152.52
423300,0.35,0.62,0.03,0.08620366,0.0816759,0.791606,127.48
423400,0.46,0.51,0.03,0.07723718,0.08584155,0.9884059,134.36
423500,0.48,0.5,0.02,0.06336708,0.05480085,0.5386019,116.42
423600,0.45,0.54,0.01,0.08121324,0.09331525,0.5192018,114.42
423700,0.41,0.54,0.05,0.09828832,0.09699327,1.10221,135.1
423800,0.4,0.58,0.02,0.07685517,0.08865914,0.4150023,111.29
423900,0.43,0.54,0.03,0.08382824,0.08540849,0.6116046,133.12
424000,0.37,0.58,0.05,0.08640708,0.09278621,0.6284044,141.15
424100,0.44,0.52,0.04,0.06806697,0.0767571,0.4495996,149.63
424200,0.51,0.46,0.03,0.06567267,0.05885521,0.5482019,146.48
424300,0.46,0.5,0.04,0.07507534,0.07089675,0.8980086,128.77
424400,0.43,0.53,0.04,0.09194153,0.08828381,0.795207,129.71
424500,0.38,0.57,0.05,0.08163728,0.06557215,0.7482071,151.32
424600,0.45,0.5,0.05,0.087991,0.09124647,0.9370063,158.82
424700,0.43,0.47,0.1,0.09083154,0.09904586,0.8112056,194.8
424800,0.44,0.53,0.03,0.09614748,0.09523845,0.7252038,130.03
424900,0.46,0.52,0.02,0.07137975,0.06834542,0.6468034,117.09
425000,0.38,0.6,0.02,0.0772942,0.07415549,0.5936047,126.25
425100,0.42,0.55,0.03,0.09944926,0.09586265,0.3728018,112.75
425200,0.46,0.5,0.04,0.08918309,0.09138008,0.9616088,122.37
425300,0.54,0.44,0.02,0.0958078,0.09158546,0.3918017,109.39
425400,0.42,0.53,0.05,0.08727356,0.08566314,0.5080031,139.55
425500,0.4,0.58,0.02,0.07965446,0.08164462,0.443402,122.33
425600,0.45,0.54,0.01,0.06735048,0.06597827,0.4472021,118.43
425700,0.4,0.53,0.07,0.08214775,0.07104325,1.269212,157.04
425800,0.36,0.63,0.01,0.08117326,0.07596276,0.2584026,98.26
425900,0.47,0.52,0.01,0.08410133,0.0910089,0.4682021,97.58
426000,0.53,0.46,0.01,0.0836198,0.06887317,0.4734016,98.9
426100,0.43,0.54,0.03,0.08408454,0.08777808,0.8002065,122.87
426200,0.44,0.53,0.03,0.07477012,0.0762137,0.7456038,130.86
426300,0.48,0.49,0.03,0.08078976,0.07687177,0.9682066,140.92
426400,0.3,0.63,0.07,0.08460119,0.09284325,1.390614,150.82
426500,0.48,0.5,0.02,0.08055867,0.07869952,0.3265998,122.57
426600,0.47,0.49,0.04,0.07978944,0.08829589,0.9714083,136.86
426700,0.44,0.53,0.03,0.07306857,0.07709622,0.6392038,145.23
426800,0.46,0.48,0.06,0.08950797,0.08554246,1.06701,150.46
426900,0.39,0.57,0.04,0.07484305,0.07081011,0.4122023,129.62
427000,0.42,0.52,0.06,0.07313696,0.07675341,0.9540081,165.99
427100,0.45,0.52,0.03,0.07157025,0.06510721,0.989806,137.72
427200,0.49,0.49,0.02,0.1066966,0.1172346,0.595804,125.35
427300,0.38,0.57,0.05,0.07780285,0.1085399,0.7348071,142.64
427400,0.49,0.46,0.05,0.06854372,0.07137143,1.081808,148.55
427500,0.43,0.51,0.06,0.06680446,0.06687819,1.342615,153.78
427600,0.46,0.48,0.06,0.07151262,0.07638292,1.123809,172.28
427700,0.49,0.5,0.01,0.08777446,0.09339303,0.5630021,112.59
427800,0.47,0.48,0.05,0.07701278,0.07769146,0.9158087,146.29
427900,0.44,0.53,0.03,0.06219018,0.05920567,0.9204069,136.52
428000,0.39,0.6,0.01,0.07135673,0.0698291,0.3864016,100.97
428100,0.42,0.55,0.03,0.09138948,0.09299155,0.7922063,139.6
428200,0.45,0.48,0.07,0.07991489,0.07650127,1.281413,164.44
428300,0.47,0.49,0.04,0.09343249,0.09479679,0.699404,145.73
428400,0.44,0.51,0.05,0.08625699,0.09169997,0.6646037,143.58
428500,0.42,0.55,0.03,0.07580379,0.08642326,0.8134062,147.64
428600,0.45,0.53,0.02,0.07855996,0.07059154,0.6836043,130.01
428700,0.38,0.57,0.05,0.0657597,0.05854943,1.18521,152.12
428800,0.5,0.49,0.01,0.0740833,0.08540239,0.5938016,99.53
428900,0.47,0.48,0.05,0.05775623,0.05607334,1.001609,154.72
429000,0.44,0.55,0.01,0.07407283,0.06847698,0.3986019,127.05
429100,0.48,0.45,0.07,0.07274368,0.06666358,1.087611,152.26
429200,0.37,0.58,0.05,0.06922586,0.06140958,0.8082063,146.89
429300,0.42,0.55,0.03,0.06686881,0.06196283,0.8032061,134.95
429400,0.46,0.5,0.04,0.08863809,0.09439936,0.7830061,127.58
429500,0.39,0.58,0.03,0.08309793,0.08100431,0.7838064,126.61
429600,0.4,0.53,0.07,0.08122775,0.07686871,1.249411,163.24
429700,0.4,0.55,0.05,0.08724625,0.08967971,0.7712066,137.71
429800,0.36,0.59,0.05,0.08336943,0.08147177,0.8354068,147.35
429900,0.4,0.53,0.07,0.07032681,0.07563773,1.581015,173.66
430000,0.36,0.6,0.04,0.07490553,0.06847173,0.3774019,136.1
430100,0.53,0.45,0.02,0.08594251,0.09898284,0.7132046,129.2
430200,0.43,0.53,0.04,0.06965692,0.06354297,0.8000063,158.33
430300,0.36,0.59,0.05,0.08224045,0.0919574,0.6330059,142.84
430400,0.44,0.51,0.05,0.07455344,0.08133199,1.146609,153.76
430500,0.42,0.55,0.03,0.09577097,0.1070334,0.5958046,128.99
430600,0.41,0.58,0.01,0.08251926,0.08204768,0.2397998,113.37
430700,0.36,0.58,0.06,0.08543732,0.0881139,1.403213,165.87
430800,0.44,0.55,0.01,0.08233599,0.09677584,0.5130023,105.16
430900,0.41,0.5,0.09,0.0797217,0.08638324,1.575415,186.72
431000,0.42,0.55,0.03,0.08103468,0.08365127,0.6208043,145.72
431100,0.35,0.63,0.02,0.07991814,0.07878858,0.5018039,102.03
431200,0.44,0.49,0.07,0.07220906,0.07269996,1.518016,164.37
431300,0.35,0.57,0.08,0.06335284,0.06239197,1.683215,191.04
431400,0.42,0.53,0.05,0.09335369,0.09277956,1.02721,142.21
431500,0.46,0.5,0.04,0.07030958,0.0690975,0.5794039,139.38
431600,0.27,0.69,0.04,0.07352112,0.06688586,0.8468085,140.26
431700,0.37,0.58,0.05,0.08511972,0.0746778,0.9526082,163.82
431800,0.44,0.49,0.07,0.08147419,0.08987134,1.300413,187.99
431900,0.51,0.44,0.05,0.0629507,0.05607011,0.9472094,144.38
432000,0.4,0.56,0.04,0.0742924,0.06684548,0.9868088,136.64
432100,0.39,0.57,0.04,0.0764954,0.06905232,0.7862059,140.33
432200,0.38,0.56,0.06,0.06409562,0.06409048,1.004808,171.87
432300,0.47,0.51,0.02,0.09444527,0.1110031,0.410002,112
432400,0.39,0.58,0.03,0.08364841,0.08413938,0.7776062,120.59
432500,0.42,0.57,0.01,0.1013261,0.09468409,0.4996023,99.65
432600,0.38,0.61,0.01,0.0753758,0.07053666,0.1441999,140.42
432700,0.37,0.6,0.03,0.07140432,0.06343114,0.7554064,125.24
432800,0.46,0.51,0.03,0.1013245,0.1003071,0.871206,136.23
432900,0.35,0.64,0.01,0.09023493,0.09478689,0.4890022,121.2
433000,0.41,0.52,0.07,0.06941378,0.07223725,1.20161,165.88
433100,0.41,0.54,0.05,0.07196435,0.06997898,0.9500093,138.06
433200,0.37,0.58,0.05,0.07126786,0.06263732,0.9462095,147.77
433300,0.37,0.58,0.05,0.08924896,0.1063623,1.003009,150.09
433400,0.47,0.49,0.04,0.08256559,0.1018655,0.9610085,132.48
433500,0.53,0.45,0.02,0.06874082,0.06863587,0.5002017,123.2
433600,0.44,0.54,0.02,0.07189492,0.06853573,0.5284021,128.99
433700,0.44,0.5,0.06,0.07267614,0.08581042,0.7922059,142.53
433800,0.42,0.54,0.04,0.06766383,0.06007295,1.082008,141.21
433900,0.53,0.44,0.03,0.07679503,0.06803802,0.9208065,127.24
434000,0.45,0.54,0.01,0.1227067,0.1246921,0.4730012,107.81
434100,0.47,0.5,0.03,0.06741417,0.0675341,0.6804047,141.24
434200,0.38,0.54,0.08,0.07841697,0.07013475,1.388014,159.28
434300,0.43,0.52,0.05,0.07805515,0.08940602,1.21021,142.36
434400,0.42,0.54,0.04,0.09527588,0.09849587,0.8164079,126.8
434500,0.43,0.54,0.03,0.08474981,0.08046389,0.7058042,125.67
434600,0.37,0.58,0.05,0.07591754,0.07418597,0.7290058,142.44
434700,0.42,0.53,0.05,0.07869557,0.08455611,1.257412,145.93
434800,0.48,0.45,0.07,0.07044397,0.06943552,0.9262082,164.08
434900,0.46,0.48,0.06,0.07596855,0.08244924,1.404013,142.86
435000,0.43,0.54,0.03,0.07710731,0.06960915,0.7818066,143.27
435100,0.44,0.54,0.02,0.07004898,0.06832968,0.5114025,127.14
435200,0.43,0.52,0.05,0.09297556,0.1018669,1.261611,151.49
435300,0.41,0.55,0.04,0.09288856,0.08226288,0.793007,122.46
435400,0.45,0.54,0.01,0.06732567,0.06626571,0.2653998,115.11
435500,0.41,0.56,0.03,0.06938509,0.07200018,0.6036046,133.08
435600,0.43,0.54,0.03,0.06926684,0.07032679,0.7074046,120.74
435700,0.42,0.53,0.05,0.06610405,0.060344,1.20801,180.7
435800,0.4,0.53,0.07,0.08597931,0.07544123,1.177811,173.98
435900,0.47,0.5,0.03,0.06794322,0.0623573,0.8706071,140.98
436000,0.41,0.55,0.04,0.06518228,0.06373806,0.8806068,141.95
436100,0.42,0.53,0.05,0.06403725,0.06100052,0.8388072,146.36
436200,0.4,0.53,0.07,0.07428715,0.07351043,0.9996086,158.16
436300,0.41,0.51,0.08,0.06782955,0.06453696,1.21441,169.61
436400,0.43,0.51,0.06,0.07784736,0.0842171,0.8766086,156.4
436500,0.36,0.6,0.04,0.06935081,0.06599136,0.7298053,148.5
436600,0.37,0.57,0.06,0.07615957,0.06940453,1.03481,149.05
436700,0.36,0.6,0.04,0.07007208,0.06184732,0.5842044,126.64
436800,0.38,0.55,0.07,0.1075526,0.1134513,0.3516009,149.5
436900,0.43,0.54,0.03,0.09868813,0.09331396,0.7988058,125.77
437000,0.47,0.48,0.05,0.08680776,0.0802499,1.11721,136.06
437100,0.5,0.46,0.04,0.1002821,0.09468664,0.8254048,141.66
437200,0.43,0.53,0.04,0.06980025,0.06951772,0.8222064,127.87
437300,0.43,0.55,0.02,0.07817198,0.07626954,0.7082036,136.57
437400,0.49,0.48,0.03,0.08080783,0.08215904,0.8480061,126.17
437500,0.36,0.61,0.03,0.0950772,0.1049338,0.5738044,127.19
437600,0.47,0.47,0.06,0.09419622,0.1039645,0.9654062,164.54
437700,0.45,0.51,0.04,0.08604659,0.08785047,0.7494038,147.77
437800,0.4,0.54,0.06,0.06884774,0.06012213,1.232013,146.22
437900,0.4,0.56,0.04,0.0756612,0.09107368,0.7496055,137.33
438000,0.39,0.59,0.02,0.08831594,0.09060341,0.5282035,115.3
438100,0.4,0.55,0.05,0.07351008,0.08792315,1.29721,162.02
438200,0.41,0.55,0.04,0.07863627,0.07268326,0.7646056,115.06
438300,0.38,0.59,0.03,0.06213577,0.06099299,0.5838035,146.43
438400,0.4,0.54,0.06,0.06947345,0.06964315,0.717406,151.78
438500,0.41,0.56,0.03,0.09131191,0.1022828,0.6966051,125.86
438600,0.51,0.44,0.05,0.06640566,0.06168871,0.7028044,145.31
438700,0.4,0.54,0.06,0.06873949,0.0679879,1.23401,153.56
438800,0.41,0.55,0.04,0.08137839,0.08452646,0.7968066,148.02
438900,0.36,0.58,0.06,0.08004206,0.0787527,1.049611,159.37
439000,0.37,0.58,0.05,0.07114636,0.0721459,0.7260063,142.41
439100,0.43,0.54,0.03,0.07858416,0.0897664,0.8602067,133.21
439200,0.45,0.51,0.04,0.0714251,0.06468508,1.09301,155.09
439300,0.49,0.49,0.02,0.07507606,0.06978974,0.7092041,110.84
439400,0.45,0.49,0.06,0.09437943,0.1100873,1.16461,128.89
439500,0.45,0.53,0.02,0.06282618,0.06429608,0.4720018,120.5
439600,0.41,0.51,0.08,0.07370652,0.08115039,1.248012,162
439700,0.47,0.5,0.03,0.07461922,0.06399259,0.6640043,129.63
439800,0.48,0.48,0.04,0.07548652,0.06417985,0.9368075,118.42
439900,0.44,0.52,0.04,0.07382622,0.06744178,1.120009,129.64
440000,0.37,0.58,0.05,0.08072954,0.07918055,0.7228068,141.17
440100,0.49,0.47,0.04,0.07992779,0.08884775,1.032009,136.26
440200,0.39,0.59,0.02,0.08828279,0.101771,0.3370016,124.29
440300,0.37,0.6,0.03,0.06572898,0.06095416,0.7962067,140.49
440400,0.36,0.58,0.06,0.0930654,0.09608076,0.687207,139.76
440500,0.43,0.51,0.06,0.06360701,0.0557823,1.157209,182.81
440600,0.34,0.61,0.05,0.07310812,0.06882896,0.9100093,129.79
440700,0.33,0.61,0.06,0.08342443,0.09238746,1.057012,155.55
440800,0.45,0.52,0.03,0.08699822,0.117953,0.4720018,134.23
440900,0.37,0.59,0.04,0.07173456,0.06187008,0.3984023,128.68
441000,0.31,0.62,0.07,0.1005902,0.1092035,1.208013,177.82
441100,0.42,0.53,0.05,0.0684972,0.06578887,1.367211,162.69
441200,0.33,0.61,0.06,0.06736165,0.07167469,1.009608,165.82
441300,0.46,0.5,0.04,0.06800733,0.06417871,0.7562063,154.95
441400,0.45,0.51,0.04,0.071009,0.07322687,0.8346048,137.27
441500,0.38,0.59,0.03,0.08613786,0.08884897,0.7324071,127.28
441600,0.34,0.61,0.05,0.09189896,0.09434032,0.8184078,150.34
441700,0.38,0.57,0.05,0.06781936,0.06450049,0.7856052,166.09
441800,0.49,0.48,0.03,0.1127899,0.09989323,1.003007,134.42
441900,0.47,0.51,0.02,0.07291343,0.07360516,0.376802,106.51
442000,0.43,0.5,0.07,0.07720556,0.07021462,1.049207,161.37
442100,0.45,0.54,0.01,0.07805199,0.07092686,0.4052021,111.1
442200,0.45,0.51,0.04,0.07070953,0.06425741,0.6328041,129.79
442300,0.47,0.48,0.05,0.07917204,0.08056778,0.7948046,143.07
442400,0.42,0.51,0.07,0.07333114,0.08205435,1.212611,173.54
442500,0.45,0.52,0.03,0.08390474,0.09215079,0.7944072,123.91
442600,0.36,0.6,0.04,0.08425812,0.09347548,0.9732089,137.56
442700,0.36,0.59,0.05,0.07984494,0.08580504,0.7820065,152.95
442800,0.37,0.62,0.01,0.07739117,0.07316257,0.3826021,98.42
442900,0.48,0.49,0.03,0.08051803,0.1051045,0.8048058,138.42
443000,0.46,0.51,0.03,0.09899462,0.09837784,0.6422063,127.75
443100,0.43,0.56,0.01,0.06686055,0.06651118,0.4824024,115.95
443200,0.46,0.49,0.05,0.0681442,0.06890105,1.20421,135.85
443300,0.38,0.58,0.04,0.08659063,0.08110785,0.9264088,125.53
443400,0.39,0.57,0.04,0.09235616,0.08857069,0.5212042,128.35
443500,0.46,0.5,0.04,0.0722072,0.06832566,1.065607,149.69
443600,0.41,0.48,0.11,0.06832591,0.0709342,1.683617,199.94
443700,0.49,0.47,0.04,0.08060415,0.0980434,0.930406,121.69
443800,0.44,0.54,0.02,0.09375589,0.08113579,0.5684029,124.4
443900,0.36,0.62,0.02,0.06635024,0.06153893,0.6614039,144.65
444000,0.42,0.56,0.02,0.0673817,0.09275827,0.5874045,118.57
444100,0.39,0.55,0.06,0.0789389,0.07657237,0.735205,166.33
444200,0.46,0.52,0.02,0.06475272,0.06587055,0.6994038,126.89
444300,0.42,0.55,0.03,0.07911021,0.07268871,0.6550062,130.53
444400,0.48,0.47,0.05,0.07732411,0.07775293,0.7192064,144.45
444500,0.39,0.58,0.03,0.08933493,0.07023871,0.5646046,114.54
444600,0.42,0.49,0.09,0.06517389,0.06405313,1.039008,197.03
444700,0.34,0.59,0.07,0.07639664,0.07743467,1.04761,166.34
444800,0.41,0.54,0.05,0.09073699,0.09358713,0.6862044,152.88
444900,0.43,0.54,0.03,0.0742045,0.06484951,0.426002,133.79
445000,0.46,0.51,0.03,0.07255575,0.06905271,0.468802,116.92
445100,0.46,0.51,0.03,0.08205314,0.08653686,0.7018045,139.83
445200,0.38,0.58,0.04,0.06802171,0.06425486,0.9494086,142.34
445300,0.48,0.47,0.05,0.07800464,0.0688893,0.5438033,167.87
445400,0.48,0.48,0.04,0.07431085,0.07887077,0.7320017,147.72
445500,0.41,0.54,0.05,0.07378771,0.08242982,0.9622086,160.58
445600,0.36,0.57,0.07,0.07463515,0.09043515,0.990609,172.03
445700,0.44,0.53,0.03,0.06907784,0.06437393,0.9056072,126.86
445800,0.47,0.5,0.03,0.09875481,0.1200742,0.8906063,124.36
445900,0.38,0.58,0.04,0.06305216,0.06201236,0.4966041,145.6
446000,0.41,0.57,0.02,0.08986031,0.09703943,0.1941998,118.17
446100,0.42,0.52,0.06,0.07769227,0.09321,1.188209,156.42
446200,0.49,0.49,0.02,0.08906432,0.103074,0.7330041,120.41
446300,0.39,0.56,0.05,0.07795323,0.08994168,1.16301,139.77
446400,0.45,0.49,0.06,0.06993872,0.06122161,1.217212,154.34
446500,0.49,0.45,0.06,0.07711243,0.07805784,1.524215,153.78
446600,0.44,0.53,0.03,0.07388301,0.07381566,0.8624048,127.29
446700,0.49,0.46,0.05,0.07681242,0.08095608,1.113811,140.17
446800,0.39,0.56,0.05,0.07757084,0.07601659,0.3874019,147.59
446900,0.45,0.51,0.04,0.08257566,0.08612449,0.6724032,135.11
447000,0.42,0.52,0.06,0.08036422,0.07984374,0.9552091,155.83
447100,0.41,0.57,0.02,0.06950609,0.0753587,0.379402,118.45
447200,0.41,0.56,0.03,0.08206947,0.09077772,0.8050067,148.56
447300,0.45,0.51,0.04,0.06873799,0.06810191,0.9242061,156.17
447400,0.41,0.56,0.03,0.07338063,0.07109293,0.6976044,123.97
447500,0.41,0.59,0,0.08299871,0.08185261,0.1973998,106.4
447600,0.45,0.54,0.01,0.09024215,0.09684637,0.2197998,101.33
447700,0.43,0.54,0.03,0.08986671,0.1054358,0.9228072,122.76
447800,0.42,0.54,0.04,0.07199287,0.07891978,0.8962071,136.38
447900,0.37,0.6,0.03,0.07188331,0.07340773,0.7964064,135.88
448000,0.45,0.52,0.03,0.08141191,0.08716339,0.7144055,140.51
448100,0.43,0.53,0.04,0.08080547,0.08260924,0.7382057,124.69
448200,0.46,0.5,0.04,0.08437551,0.0830816,0.7238045,135.79
448300,0.4,0.51,0.09,0.08159099,0.08583403,1.521215,181.8
448400,0.37,0.57,0.06,0.07140339,0.07726609,1.179011,155.81
448500,0.47,0.51,0.02,0.09576664,0.1002805,0.3866019,109.05
448600,0.46,0.54,0,0.07462627,0.07169684,0.1699999,106.74
448700,0.48,0.5,0.02,0.1002393,0.09967479,0.5438019,125.82
448800,0.43,0.53,0.04,0.06135289,0.06452163,0.2463998,145.82
448900,0.39,0.54,0.07,0.06640157,0.0610107,0.8618075,159.62
449000,0.46,0.49,0.05,0.0796617,0.06704375,0.9164059,145.82
449100,0.4,0.59,0.01,0.07479636,0.09058885,0.3954011,114.39
449200,0.51,0.44,0.05,0.07011925,0.06440644,0.9864088,135.16
449300,0.42,0.53,0.05,0.1042174,0.09686241,1.034609,135.07
449400,0.41,0.56,0.03,0.07705588,0.07842726,0.7638061,138.11
449500,0.45,0.5,0.05,0.07265983,0.06591467,0.6278043,151.17
449600,0.48,0.46,0.06,0.06576119,0.07179362,1.092208,172.28
449700,0.45,0.55,0,0.08118124,0.0824042,0.3109998,116.89
449800,0.49,0.48,0.03,0.08143295,0.09055938,0.4850018,133.83
449900,0.44,0.53,0.03,0.07416963,0.0701931,0.5300032,149.39
450000,0.45,0.46,0.09,0.06434576,0.06634329,1.843818,202.09
450100,0.42,0.55,0.03,0.05650364,0.05850998,0.8532058,145.81
450200,0.4,0.56,0.04,0.06227144,0.06556463,0.6488044,135.76
450300,0.44,0.5,0.06,0.07125293,0.06844335,1.348814,159.25
450400,0.45,0.54,0.01,0.09681337,0.09511778,0.5076015,149.94
450500,0.41,0.48,0.11,0.09306271,0.09436365,2.268022,215.63
450600,0.44,0.49,0.07,0.0658958,0.06017886,1.268812,160.06
450700,0.39,0.56,0.05,0.07744478,0.07954355,0.3806016,146.85
450800,0.37,0.61,0.02,0.07396757,0.07298852,0.3762025,141.36
450900,0.44,0.51,0.05,0.06680375,0.06493747,0.9914078,144.08
451000,0.48,0.5,0.02,0.07398567,0.08098116,0.615402,136.65
451100,0.39,0.59,0.02,0.09889815,0.09871832,0.6586043,123.77
451200,0.44,0.48,0.08,0.07177147,0.0707486,1.405015,176.68
451300,0.47,0.5,0.03,0.07402888,0.07444318,0.984006,134.66
451400,0.51,0.46,0.03,0.08972519,0.1018555,0.6096024,137.23
451500,0.42,0.52,0.06,0.07296211,0.07660163,0.8586072,171.95
451600,0.4,0.51,0.09,0.07372203,0.08248151,1.497616,191.08
451700,0.43,0.51,0.06,0.0734584,0.08395645,1.173011,151.33
451800,0.41,0.54,0.05,0.06226951,0.05909444,1.215011,167.32
451900,0.41,0.57,0.02,0.08576193,0.1031356,0.423602,119.17
452000,0.52,0.46,0.02,0.07809851,0.08112131,0.4119997,123.14
452100,0.37,0.58,0.05,0.08047702,0.08270981,1.17301,154.26
452200,0.45,0.52,0.03,0.07626458,0.08450794,0.8148057,129.9
452300,0.45,0.55,0,0.0708174,0.0689677,0.2459998,110.24
452400,0.44,0.49,0.07,0.104317,0.1222428,1.309213,159.09
452500,0.38,0.56,0.06,0.09728003,0.09609598,0.5292017,159.53
452600,0.37,0.59,0.04,0.07454286,0.07260256,0.8492076,146.79
452700,0.49,0.47,0.04,0.07664005,0.08056178,0.8536072,122.78
452800,0.52,0.45,0.03,0.09574962,0.1316892,0.7624043,132.78
452900,0.44,0.49,0.07,0.07222069,0.07633127,1.12741,176.35
453000,0.38,0.57,0.05,0.07087865,0.06653126,1.06741,151.72
453100,0.44,0.53,0.03,0.08944161,0.09381482,0.6914032,140.84
453200,0.51,0.46,0.03,0.09119377,0.07639459,0.646804,129.43
453300,0.42,0.52,0.06,0.06343913,0.05605481,1.337413,153.21
453400,0.41,0.54,0.05,0.06840998,0.07098092,0.6942044,144.21
453500,0.37,0.55,0.08,0.07900688,0.07811654,1.123211,173.66
453600,0.43,0.54,0.03,0.07879408,0.07501045,0.6194038,127.79
453700,0.41,0.53,0.06,0.06384747,0.06287657,1.062608,162.11
453800,0.37,0.57,0.06,0.07100939,0.06891711,1.250411,162.45
453900,0.43,0.52,0.05,0.07787596,0.08048327,0.8766049,157.44
454000,0.46,0.48,0.06,0.07063485,0.07445797,1.329413,157.31
454100,0.46,0.48,0.06,0.08456213,0.09752281,1.128209,160.05
454200,0.44,0.55,0.01,0.08122706,0.08096903,0.4996021,106.35
454300,0.45,0.51,0.04,0.07870425,0.1002067,0.9950079,132.48
454400,0.4,0.56,0.04,0.07406844,0.08102423,1.05401,151.09
454500,0.5,0.48,0.02,0.0619029,0.07430796,0.4496023,155.59
454600,0.45,0.48,0.07,0.07550374,0.07992982,1.155008,168.92
454700,0.42,0.54,0.04,0.06820609,0.06555547,0.6832049,166.09
454800,0.39,0.54,0.07,0.07998142,0.08226755,1.387612,171.2
454900,0.43,0.56,0.01,0.08007357,0.08922645,0.3085998,106.49
455000,0.45,0.49,0.06,0.08883677,0.08379322,1.039809,155.4
455100,0.35,0.62,0.03,0.06957281,0.06688698,0.6460056,131.12
455200,0.49,0.48,0.03,0.06898972,0.06377547,0.9526067,143.05
455300,0.44,0.54,0.02,0.07363114,0.07065861,0.4686023,138.29
455400,0.47,0.48,0.05,0.07938011,0.08514663,1.072809,146.95
455500,0.4,0.6,0,0.0698019,0.07273598,0.2789997,104.13
455600,0.41,0.56,0.03,0.07687757,0.08310566,0.5460015,139.05
455700,0.36,0.58,0.06,0.1129067,0.1485418,0.7216067,161.63
455800,0.51,0.44,0.05,0.06667877,0.06740947,1.012008,153.94
455900,0.4,0.58,0.02,0.07269317,0.08526032,0.4171997,137.09
456000,0.45,0.5,0.05,0.08055595,0.07446743,1.184809,166.94
456100,0.4,0.57,0.03,0.07189339,0.07065064,0.4148016,153.37
456200,0.46,0.5,0.04,0.06426764,0.06165971,0.9892069,153.32
456300,0.46,0.53,0.01,0.08529111,0.08422932,0.4948019,127.3
456400,0.41,0.56,0.03,0.08014123,0.08113765,0.503804,130.79
456500,0.4,0.56,0.04,0.06847421,0.05980847,0.6142046,143.48
456600,0.52,0.46,0.02,0.08116483,0.08922005,0.7520046,125.3
456700,0.42,0.52,0.06,0.1264717,0.133089,0.6816057,130.13
456800,0.39,0.56,0.05,0.06539401,0.0677015,0.5176039,141.34
456900,0.41,0.53,0.06,0.07924736,0.07013583,1.074608,168.59
457000,0.42,0.55,0.03,0.06735884,0.06160019,0.9380066,146.42
457100,0.43,0.54,0.03,0.0939163,0.106953,0.7746065,115.47
457200,0.45,0.55,0,0.07028845,0.06621851,0.2483998,89.96
457300,0.38,0.59,0.03,0.08791948,0.1072123,0.5916044,134.25
457400,0.45,0.47,0.08,0.07683886,0.0731863,1.331212,166.46
457500,0.52,0.43,0.05,0.07957739,0.07151211,1.21861,147.94
457600,0.45,0.5,0.05,0.07195084,0.06956534,0.4650017,148.27
457700,0.39,0.54,0.07,0.07115863,0.08256491,1.307012,163.42
457800,0.45,0.53,0.02,0.07357096,0.06624684,0.4842009,150.95
457900,0.43,0.53,0.04,0.07184321,0.06493164,0.5436015,141.02
458000,0.4,0.53,0.07,0.114411,0.1100893,1.642616,160.94
458100,0.39,0.58,0.03,0.0715466,0.0654664,0.5910044,125.2
458200,0.42,0.5,0.08,0.07558854,0.0767865,1.313214,165.68
458300,0.44,0.5,0.06,0.07852768,0.09099055,0.8366065,167.86
458400,0.43,0.52,0.05,0.07774612,0.0735555,1.302011,159.96
458500,0.4,0.55,0.05,0.07252008,0.07354016,1.06881,155.29
458600,0.43,0.56,0.01,0.09541403,0.1211034,0.5926018,107.11
458700,0.38,0.58,0.04,0.07291911,0.07235689,0.5326042,134.79
458800,0.45,0.53,0.02,0.07575148,0.08152375,0.3530024,124.01
458900,0.46,0.53,0.01,0.06575521,0.06090333,0.376402,110.79
459000,0.43,0.5,0.07,0.0716351,0.06129982,1.401814,180.23
459100,0.46,0.49,0.05,0.07603376,0.07882682,0.7710065,151.28
459200,0.4,0.54,0.06,0.07326397,0.0732156,1.26481,165.85
459300,0.41,0.54,0.05,0.08890085,0.09112225,0.9340065,149.09
459400,0.46,0.53,0.01,0.07890498,0.07701448,0.4590023,110.04
459500,0.43,0.54,0.03,0.09585427,0.1067423,0.6284025,138.89
459600,0.38,0.58,0.04,0.09226928,0.1034018,0.7546061,133.82
459700,0.48,0.47,0.05,0.07453058,0.06637722,0.9696072,158.95
459800,0.48,0.45,0.07,0.08841861,0.08506533,1.548414,159.14
459900,0.5,0.45,0.05,0.06889735,0.06573911,1.14881,159.3
460000,0.44,0.49,0.07,0.08091669,0.08750418,0.6148039,161.26
460100,0.38,0.57,0.05,0.07092891,0.07326604,0.7778063,141.49
460200,0.38,0.57,0.05,0.07781993,0.08213982,0.6476042,144.47
460300,0.46,0.48,0.06,0.06638174,0.06325371,0.8014069,156.53
460400,0.47,0.5,0.03,0.06979482,0.06227934,0.8038036,132.57
460500,0.41,0.56,0.03,0.06846134,0.06425995,0.4386023,140.45
460600,0.43,0.53,0.04,0.09116291,0.1037526,0.8082063,153.82
460700,0.39,0.56,0.05,0.07090268,0.07708392,1.012209,141.68
460800,0.44,0.52,0.04,0.06694116,0.06472882,0.7162039,146.35
460900,0.47,0.5,0.03,0.07501633,0.06876984,0.6394045,127.98
461000,0.36,0.59,0.05,0.07381046,0.08220349,0.9708085,148.41
461100,0.39,0.54,0.07,0.07394524,0.07349062,1.14161,168.21
461200,0.42,0.55,0.03,0.07043908,0.06621715,0.759407,114.44
461300,0.48,0.51,0.01,0.06917726,0.06701778,0.2435998,117.35
461400,0.45,0.52,0.03,0.1109276,0.1152581,0.7544068,128.68
461500,0.37,0.6,0.03,0.1030518,0.1117818,0.5616042,126.87
461600,0.39,0.57,0.04,0.07234637,0.06848374,0.7276045,152.13
461700,0.37,0.61,0.02,0.07046224,0.07037522,0.3938024,106.51
461800,0.45,0.51,0.04,0.07728953,0.07549929,0.8524072,134.08
461900,0.41,0.55,0.04,0.07608138,0.09307823,0.9140087,139.1
462000,0.44,0.54,0.02,0.09088945,0.1185092,0.4120024,106.33
462100,0.47,0.52,0.01,0.08919808,0.1104025,0.4997996,114.94
462200,0.41,0.53,0.06,0.07698856,0.08146743,1.085009,155.98
462300,0.46,0.52,0.02,0.08450875,0.09188601,0.4700019,112.07
462400,0.5,0.47,0.03,0.08661116,0.08727421,0.8534064,126.22
462500,0.46,0.51,0.03,0.07018325,0.07838716,0.5676014,133.91
462600,0.37,0.6,0.03,0.06562913,0.07197353,0.5150048,120.64
462700,0.47,0.49,0.04,0.08070645,0.08682895,0.9994068,137.96
462800,0.43,0.56,0.01,0.07706133,0.09219107,0.3538008,103.42
462900,0.41,0.54,0.05,0.0724043,0.06792718,1.052209,145.01
463000,0.41,0.55,0.04,0.06748685,0.06380875,0.8808088,130.3
463100,0.45,0.49,0.06,0.06053226,0.06192356,0.9854096,147.41
463200,0.38,0.59,0.03,0.07798512,0.0778278,0.751007,143.38
463300,0.48,0.48,0.04,0.06678735,0.06561516,0.8076057,130.25
463400,0.43,0.55,0.02,0.06182732,0.05727721,0.5962046,133.05
463500,0.44,0.53,0.03,0.07640347,0.07639911,0.8430065,122.82
463600,0.47,0.49,0.04,0.06437684,0.06688838,1.047609,138.36
463700,0.5,0.45,0.05,0.070209,0.06226471,0.9620092,153.96
463800,0.46,0.49,0.05,0.07326784,0.08405736,0.7092034,166.86
463900,0.41,0.58,0.01,0.06436374,0.05998034,0.550402,125.38
464000,0.41,0.51,0.08,0.08012352,0.07240397,1.259611,174.52
464100,0.46,0.52,0.02,0.08157586,0.08931418,0.5034021,117.95
464200,0.4,0.56,0.04,0.06443992,0.06200429,0.9122069,146.76
464300,0.41,0.54,0.05,0.07043486,0.07553854,0.921006,147.87
464400,0.31,0.65,0.04,0.07403129,0.06660179,0.7858062,131.29
464500,0.44,0.5,0.06,0.06878936,0.0814721,1.158012,140.97
464600,0.45,0.53,0.02,0.07756345,0.0817404,0.7872044,150.45
464700,0.45,0.54,0.01,0.07786513,0.06615712,0.2711998,105.95
464800,0.37,0.59,0.04,0.1110011,0.1056919,0.6978053,130.93
464900,0.37,0.59,0.04,0.08849917,0.09934186,1.043409,133.9
465000,0.44,0.56,0,0.09141974,0.09313799,0.2965997,104.63
465100,0.33,0.62,0.05,0.09107551,0.09541442,1.178212,150.47
465200,0.5,0.47,0.03,0.09273824,0.1021134,0.2629998,148.34
465300,0.47,0.46,0.07,0.06466048,0.06361935,1.377013,165.81
465400,0.47,0.48,0.05,0.0669044,0.06200807,0.8878068,139.82
465500,0.42,0.54,0.04,0.06839238,0.07985798,0.9114047,145.5
465600,0.35,0.61,0.04,0.07818507,0.07709626,0.7744066,149.05
465700,0.36,0.59,0.05,0.06882498,0.06662393,0.6038043,162.91
465800,0.47,0.5,0.03,0.07988486,0.08244075,0.7148042,122.57
465900,0.39,0.56,0.05,0.0719548,0.07847892,0.9440082,147.29
466000,0.43,0.56,0.01,0.08199501,0.07446513,0.4000017,115.51
466100,0.38,0.58,0.04,0.1048897,0.1111134,0.6524015,151.37
466200,0.45,0.51,0.04,0.09417734,0.09922473,0.8312066,129.95
466300,0.43,0.51,0.06,0.0619194,0.0655565,0.7314045,156.74
466400,0.43,0.54,0.03,0.0847534,0.08566144,0.5294016,125.23
466500,0.4,0.58,0.02,0.1002929,0.09140352,0.4636016,114.45
466600,0.42,0.55,0.03,0.08224136,0.08254507,0.3826018,148.36
466700,0.48,0.46,0.06,0.08356139,0.09534268,1.320011,147.86
466800,0.43,0.52,0.05,0.06709893,0.06514439,0.9462093,152.29
466900,0.42,0.57,0.01,0.06593574,0.05886671,0.2373998,113.49
467000,0.36,0.61,0.03,0.06692749,0.06288323,0.7028046,149.12
467100,0.41,0.5,0.09,0.07221793,0.07018558,0.848608,197.96
467200,0.39,0.59,0.02,0.07879283,0.0741574,0.6206043,128.39
467300,0.38,0.58,0.04,0.0641785,0.06667805,0.4016017,129.31
467400,0.41,0.57,0.02,0.08706791,0.08796903,0.3423997,120.14
467500,0.47,0.51,0.02,0.08802284,0.08027323,0.4954019,117.02
467600,0.43,0.52,0.05,0.06940834,0.06183423,1.25881,170.15
467700,0.46,0.5,0.04,0.07560814,0.07171358,0.7626051,143.15
467800,0.41,0.53,0.06,0.09038796,0.08779407,0.8954077,146.61
467900,0.41,0.55,0.04,0.07192989,0.08088211,1.133209,142.14
468000,0.37,0.59,0.04,0.07679763,0.0869523,0.6034038,136.36
468100,0.47,0.49,0.04,0.0906959,0.09749205,0.9096063,153.44
468200,0.44,0.54,0.02,0.0712451,0.06223242,0.483202,120.88
468300,0.44,0.55,0.01,0.07521307,0.07398666,0.335002,107.6
468400,0.48,0.46,0.06,0.0750429,0.09010168,1.172409,169.76
468500,0.42,0.51,0.07,0.06021526,0.06077515,1.757815,185.98
468600,0.45,0.52,0.03,0.07855545,0.08255889,0.6792045,140.47
468700,0.43,0.5,0.07,0.06649452,0.06111109,0.8604082,177.54
468800,0.4,0.55,0.05,0.07839527,0.07259382,0.8338059,143.63
468900,0.45,0.5,0.05,0.08745988,0.09087612,0.8050068,141.98
469000,0.43,0.53,0.04,0.07263709,0.07635298,0.7234073,147.87
469100,0.46,0.45,0.09,0.07512886,0.06714454,1.782618,167.25
469200,0.43,0.56,0.01,0.07767063,0.0945743,0.4740023,107.3
469300,0.39,0.59,0.02,0.08806569,0.1059941,0.5660044,107.04
469400,0.47,0.5,0.03,0.09272132,0.0871198,0.6602049,152.37
469500,0.44,0.5,0.06,0.09474675,0.09936094,0.9906087,148.89
469600,0.39,0.55,0.06,0.06968778,0.07714524,1.304211,161.56
469700,0.43,0.54,0.03,0.07017218,0.06404673,0.7610072,128.26
469800,0.36,0.6,0.04,0.08009906,0.08737101,0.5402048,129.04
469900,0.5,0.46,0.04,0.08001104,0.09038744,1.126409,145.93
470000,0.4,0.57,0.03,0.08282004,0.08978521,0.7738059,122.41
470100,0.41,0.52,0.07,0.0966082,0.1007142,0.94441,156.11
470200,0.42,0.53,0.05,0.07055283,0.06459226,0.5620022,150.18
470300,0.42,0.54,0.04,0.05996673,0.06143347,0.8706057,142.61
470400,0.41,0.54,0.05,0.07582648,0.07345408,1.126211,148.77
470500,0.41,0.55,0.04,0.08041674,0.07743222,1.036608,140.55
470600,0.48,0.48,0.04,0.06985607,0.07664144,0.8596065,136.85
470700,0.54,0.43,0.03,0.0700909,0.06975524,0.5576023,130.7
470800,0.47,0.49,0.04,0.06978104,0.0712029,0.5116023,146.43
470900,0.34,0.62,0.04,0.07829573,0.07271949,0.8450085,129.35
471000,0.4,0.54,0.06,0.09213366,0.08678332,0.9300087,160.91
471100,0.48,0.5,0.02,0.07569663,0.07462589,0.6098042,131.55
471200,0.38,0.6,0.02,0.07228563,0.06813754,0.1319999,124.9
471300,0.43,0.53,0.04,0.09766528,0.1146903,0.7394069,116.67
471400,0.39,0.57,0.04,0.06191335,0.05821572,1.028809,145.9
471500,0.51,0.39,0.1,0.09348213,0.1097561,1.160411,190.88
471600,0.39,0.55,0.06,0.09922569,0.1015379,1.367613,153.23
471700,0.42,0.53,0.05,0.06921199,0.08259808,0.6730036,153.82
471800,0.42,0.55,0.03,0.06915741,0.06183257,0.1137999,125.41
471900,0.46,0.5,0.04,0.08182393,0.09469754,0.9152091,143.12
472000,0.39,0.53,0.08,0.0765439,0.07258339,0.9140079,165.54
472100,0.42,0.55,0.03,0.08300523,0.07823014,0.381002,123.42
472200,0.43,0.51,0.06,0.07224655,0.07282587,0.9186085,162.11
472300,0.45,0.51,0.04,0.06551175,0.06125437,0.8694059,148.76
472400,0.4,0.55,0.05,0.07847025,0.07311343,0.5276046,133.83
472500,0.44,0.55,0.01,0.09272788,0.08769082,0.5014021,106.14
472600,0.37,0.58,0.05,0.0758931,0.06792109,0.6132036,139.16
472700,0.42,0.51,0.07,0.07724176,0.08544628,1.223012,168.35
472800,0.35,0.62,0.03,0.07175874,0.0676563,0.7046042,141.18
472900,0.52,0.43,0.05,0.06480204,0.05813282,1.020208,140.88
473000,0.47,0.52,0.01,0.07647136,0.07840946,0.4524021,120.81
473100,0.39,0.58,0.03,0.07273675,0.07474164,0.510404,136.93
473200,0.43,0.53,0.04,0.08443121,0.08937414,0.711804,138.7
473300,0.49,0.5,0.01,0.07065774,0.07854705,0.5734024,109.23
473400,0.34,0.59,0.07,0.0696932,0.06416174,0.990208,172.61
473500,0.38,0.58,0.04,0.07178824,0.06333172,0.6326037,160.69
473600,0.41,0.52,0.07,0.09105741,0.08678099,1.13861,162.87
473700,0.47,0.51,0.02,0.08423309,0.09657758,0.6140039,117.33
473800,0.42,0.54,0.04,0.07508076,0.07490592,0.9076058,127.35
473900,0.42,0.53,0.05,0.0686987,0.06124164,0.9548084,148.79
474000,0.42,0.56,0.02,0.07647355,0.0636059,0.5846049,139.4
474100,0.48,0.45,0.07,0.07674384,0.08071998,1.468013,174.74
474200,0.5,0.47,0.03,0.07132509,0.07085887,0.4702014,132.86
474300,0.38,0.56,0.06,0.06746927,0.06271009,0.948209,154.43
474400,0.44,0.45,0.11,0.0764916,0.07696146,1.673617,199.18
474500,0.44,0.51,0.05,0.06768747,0.06516155,1.246011,152.66
474600,0.45,0.5,0.05,0.08264919,0.093311,0.8986087,156.36
474700,0.35,0.6,0.05,0.06917243,0.0607504,1.007809,149.86
474800,0.49,0.47,0.04,0.07943154,0.09289497,0.9354082,149.5
474900,0.37,0.6,0.03,0.08623242,0.1053844,0.6958046,132
475000,0.49,0.47,0.04,0.08612378,0.08152504,1.053609,149.19
475100,0.45,0.49,0.06,0.07818847,0.08301446,1.162809,153.87
475200,0.45,0.5,0.05,0.07512864,0.07744504,0.6664049,150.44
475300,0.38,0.58,0.04,0.07755616,0.07029572,0.7868074,144.07
475400,0.45,0.5,0.05,0.06301565,0.06198018,0.9828064,171.87
475500,0.41,0.57,0.02,0.08226061,0.09176933,0.6482045,118.04
475600,0.42,0.53,0.05,0.07208371,0.06799356,0.8252068,144.32
475700,0.53,0.46,0.01,0.06989048,0.08049008,0.2707998,102
475800,0.45,0.52,0.03,0.07154105,0.06129044,0.3806022,126.95
475900,0.42,0.49,0.09,0.07646359,0.09170123,1.330812,196.35
476000,0.42,0.51,0.07,0.07510069,0.07613873,0.8370065,151.96
476100,0.49,0.49,0.02,0.07937044,0.078634,0.3471997,109.11
476200,0.43,0.54,0.03,0.0858751,0.1052254,0.4342019,128.02
476300,0.39,0.56,0.05,0.07631603,0.0858907,0.9232085,144.43
476400,0.44,0.53,0.03,0.09184822,0.09584989,0.5760014,130.83
476500,0.44,0.54,0.02,0.06978814,0.07642333,0.691403,141.02
476600,0.4,0.58,0.02,0.08262994,0.07991043,0.7212034,138.74
476700,0.44,0.5,0.06,0.07235158,0.07356074,0.6032044,157.06
476800,0.4,0.56,0.04,0.08588708,0.08930833,0.548804,153.55
476900,0.45,0.45,0.1,0.08041066,0.08197795,1.539016,190.13
477000,0.42,0.54,0.04,0.08303946,0.09622724,0.7814066,130.21
477100,0.53,0.42,0.05,0.07519241,0.09054828,1.042209,135
477200,0.41,0.55,0.04,0.08489562,0.08442071,0.8690065,155.13
477300,0.41,0.53,0.06,0.06825104,0.06833916,0.6678042,152.65
477400,0.45,0.49,0.06,0.07549154,0.07216614,1.458813,156.02
477500,0.49,0.51,0,0.0796705,0.0837358,0.3083998,123.02
477600,0.4,0.56,0.04,0.06504349,0.06433278,0.752807,140.77
477700,0.38,0.55,0.07,0.0740113,0.06702066,0.7182055,171.07
477800,0.51,0.47,0.02,0.07174493,0.06306009,0.6320019,145.62
477900,0.44,0.49,0.07,0.07257966,0.07019931,1.04361,162.86
478000,0.44,0.51,0.05,0.06473028,0.05737857,0.9804086,148.18
478100,0.53,0.46,0.01,0.07242668,0.06754133,0.2509998,96.09
478200,0.48,0.49,0.03,0.0825924,0.08836576,0.595803,134.72
478300,0.48,0.49,0.03,0.08289113,0.08947928,0.5524022,131.99
478400,0.43,0.53,0.04,0.1010696,0.1033138,0.6588048,150.65
478500,0.42,0.54,0.04,0.07151686,0.06716334,0.9604084,125.08
478600,0.45,0.52,0.03,0.07093494,0.06712143,0.6196033,140.2
478700,0.48,0.51,0.01,0.07096267,0.06417046,0.3013997,101.7
478800,0.42,0.54,0.04,0.09821401,0.1020079,0.7218047,132.88
478900,0.42,0.55,0.03,0.06839973,0.0642205,0.595204,144.54
479000,0.36,0.62,0.02,0.08743891,0.0817988,0.2583998,114.88
479100,0.39,0.56,0.05,0.07814602,0.07827929,0.8280075,120.6
479200,0.38,0.57,0.05,0.06367224,0.06525382,0.8188062,166.22
479300,0.42,0.53,0.05,0.07366266,0.0737021,1.16801,147.17
479400,0.39,0.59,0.02,0.07296792,0.1185023,0.4002006,117.94
479500,0.44,0.54,0.02,0.06498803,0.06295881,0.3546022,114.24
479600,0.49,0.47,0.04,0.07476015,0.07505362,0.7868062,126.72
479700,0.47,0.48,0.05,0.09229988,0.0995214,0.8926087,140.72
479800,0.45,0.49,0.06,0.1030513,0.1087609,1.210211,162.6
479900,0.38,0.55,0.07,0.09718107,0.111393,1.218011,158.66
480000,0.43,0.5,0.07,0.08002257,0.08887856,0.9024062,149.77
480100,0.44,0.53,0.03,0.08966892,0.08296242,0.5430048,118.17
480200,0.47,0.5,0.03,0.0941512,0.09554921,0.6800041,122.72
480300,0.45,0.52,0.03,0.06419197,0.05964044,0.7658048,145.77
480400,0.41,0.57,0.02,0.09265687,0.09704167,0.7966043,116.17
480500,0.44,0.5,0.06,0.07547039,0.07438275,0.9122084,144.49
480600,0.42,0.55,0.03,0.07387846,0.072624,0.9020066,133.88
480700,0.49,0.43,0.08,0.07891828,0.07365894,1.08661,166.25
480800,0.4,0.55,0.05,0.0684717,0.06449614,0.7918061,139.63
480900,0.37,0.6,0.03,0.07137372,0.08068226,0.2980022,134.21
481000,0.38,0.6,0.02,0.09160966,0.07876292,0.3440016,115.16
481100,0.5,0.49,0.01,0.05836325,0.05501378,0.5436021,118.5
481200,0.44,0.51,0.05,0.06651228,0.08415848,0.6150028,151.31
481300,0.43,0.54,0.03,0.07531592,0.08255651,0.6734046,133.92
481400,0.45,0.51,0.04,0.08157141,0.09022136,0.9250065,149.97
481500,0.39,0.56,0.05,0.07064571,0.0680102,0.9762089,150.89
481600,0.52,0.41,0.07,0.07718989,0.07488294,0.750405,169.42
481700,0.43,0.52,0.05,0.08996466,0.09804742,0.8958081,142.13
481800,0.43,0.54,0.03,0.06719352,0.06277148,0.7858043,136.02
481900,0.39,0.57,0.04,0.06469801,0.06183394,0.9202067,138.24
482000,0.41,0.55,0.04,0.07739168,0.06915371,0.8966064,145.74
482100,0.44,0.52,0.04,0.07782776,0.07745497,1.072408,138.51
482200,0.46,0.51,0.03,0.0735264,0.07019001,0.9098065,143.08
482300,0.5,0.47,0.03,0.09553579,0.0880954,0.6084046,108.47
482400,0.41,0.56,0.03,0.06862292,0.07407923,0.6322041,152.49
482500,0.38,0.59,0.03,0.06948268,0.08133518,0.5174019,152.76
482600,0.43,0.53,0.04,0.07829615,0.1017647,0.6924032,144.22
482700,0.41,0.56,0.03,0.08438335,0.08454921,0.4422035,131.56
482800,0.46,0.49,0.05,0.08062542,0.07049511,0.816207,155.09
482900,0.45,0.5,0.05,0.09245314,0.09398334,0.7222071,135.09
483000,0.44,0.5,0.06,0.0723443,0.0678882,1.245812,150.85
483100,0.47,0.51,0.02,0.07303713,0.08452722,0.573202,121.82
483200,0.46,0.53,0.01,0.07449564,0.1008521,0.4412016,106.22
483300,0.45,0.51,0.04,0.0658097,0.06526088,0.8928068,167.68
483400,0.43,0.54,0.03,0.07383874,0.06765067,0.7734066,135.05
483500,0.48,0.48,0.04,0.07545141,0.08270806,0.6912056,122.27
483600,0.38,0.58,0.04,0.06493237,0.06165624,0.3070019,137.07
483700,0.42,0.55,0.03,0.07266039,0.07089483,0.6348044,133.68
483800,0.39,0.57,0.04,0.08438244,0.09084762,0.7750056,149.45
483900,0.43,0.52,0.05,0.0646375,0.0656019,0.6904041,150.53
484000,0.43,0.54,0.03,0.07517455,0.0755164,0.7760066,121.66
484100,0.42,0.53,0.05,0.06818143,0.06724501,0.9246085,152.22
484200,0.42,0.51,0.07,0.07485319,0.08820117,1.048009,190.51
484300,0.53,0.41,0.06,0.07427326,0.07237212,0.9292058,156.24
484400,0.33,0.62,0.05,0.08065823,0.08519381,0.9290087,151.53
484500,0.45,0.52,0.03,0.07187042,0.0695868,0.425802,132.12
484600,0.49,0.46,0.05,0.07691473,0.08884162,0.6154045,138.56
484700,0.5,0.44,0.06,0.08980925,0.08961467,1.175809,162.6
484800,0.48,0.5,0.02,0.0711297,0.07751619,0.699604,137.7
484900,0.41,0.52,0.07,0.07039941,0.07852896,0.9710089,167.05
485000,0.39,0.56,0.05,0.06859896,0.06669781,0.8832065,157.11
485100,0.48,0.5,0.02,0.07304133,0.07282402,0.5660037,126.47
485200,0.43,0.53,0.04,0.07281545,0.07826647,0.6766047,149.69
485300,0.44,0.54,0.02,0.07554765,0.07525918,0.5306045,110.94
485400,0.47,0.47,0.06,0.07603932,0.07881597,0.6900043,148.25
485500,0.42,0.55,0.03,0.06748626,0.06548185,0.7318041,138.11
485600,0.39,0.57,0.04,0.07111863,0.07128252,0.4456023,148.4
485700,0.4,0.57,0.03,0.07697529,0.07428443,0.5522031,132.6
485800,0.42,0.54,0.04,0.1036385,0.104906,0.9176067,147.66
485900,0.47,0.52,0.01,0.08489585,0.09063904,0.4324022,107.31
486000,0.45,0.54,0.01,0.08996694,0.09386624,0.6034023,129.24
486100,0.41,0.52,0.07,0.07099678,0.06324129,1.037409,168.37
486200,0.43,0.56,0.01,0.07151558,0.06959711,0.4868022,122.17
486300,0.36,0.59,0.05,0.06958941,0.06565689,1.000009,154.63
486400,0.45,0.51,0.04,0.082807,0.08028912,1.021608,145.75
486500,0.38,0.6,0.02,0.06702389,0.06929243,0.4986022,127.56
486600,0.45,0.49,0.06,0.07310298,0.07718231,0.9694081,170.7
486700,0.36,0.62,0.02,0.07715621,0.07350938,0.6332044,123.97
486800,0.45,0.54,0.01,0.06646011,0.06832519,0.2189998,105.74
486900,0.47,0.47,0.06,0.06089815,0.05575425,0.8734065,169.1
487000,0.36,0.58,0.06,0.1013354,0.1094138,0.933609,162.48
487100,0.49,0.5,0.01,0.07902196,0.07449228,0.5300024,117.4
487200,0.38,0.53,0.09,0.07333224,0.07848279,1.332412,203.4
487300,0.41,0.56,0.03,0.06999574,0.07757953,0.767606,134.04
487400,0.42,0.57,0.01,0.07227188,0.08777135,0.6200022,106.51
487500,0.41,0.59,0,0.08784615,0.08020499,0.2991998,109.59
487600,0.5,0.45,0.05,0.08619103,0.08045921,1.485411,159.58
487700,0.34,0.61,0.05,0.07145411,0.0674096,0.7774059,154.56
487800,0.44,0.51,0.05,0.07479449,0.06881098,1.018209,154.39
487900,0.47,0.48,0.05,0.07077475,0.09397804,1.08181,157.36
488000,0.38,0.6,0.02,0.08032291,0.09339599,0.3434021,132.2
488100,0.45,0.53,0.02,0.08067881,0.07974879,0.6124042,131.42
488200,0.4,0.52,0.08,0.08677211,0.08435313,1.522614,172.97
488300,0.52,0.43,0.05,0.07264675,0.07434797,1.074008,151.66
488400,0.49,0.47,0.04,0.07000693,0.06333515,0.3124004,143.35
488500,0.47,0.52,0.01,0.07418051,0.08343379,0.2397998,113
488600,0.45,0.52,0.03,0.0711707,0.06314715,1.017207,145.81
488700,0.38,0.58,0.04,0.09548616,0.09268752,0.6550056,142.76
488800,0.49,0.5,0.01,0.09503736,0.1040009,0.6876021,103.86
488900,0.49,0.48,0.03,0.07824525,0.09367234,0.4772021,135.07
489000,0.5,0.47,0.03,0.07220419,0.08276622,0.7174042,150.72
489100,0.44,0.5,0.06,0.06802984,0.06606446,0.9876072,172.96
489200,0.27,0.69,0.04,0.07575215,0.06973445,0.7092043,143.62
489300,0.37,0.6,0.03,0.08619902,0.09262169,0.6224042,152.3
489400,0.43,0.55,0.02,0.08410777,0.0832251,0.6158019,126.71
489500,0.43,0.54,0.03,0.07846917,0.08425426,0.6880046,138.47
489600,0.49,0.47,0.04,0.05681486,0.05408568,1.258608,176.54
489700,0.41,0.56,0.03,0.08668409,0.09919249,0.2199998,139.58
489800,0.53,0.45,0.02,0.05549832,0.06216277,0.861402,126.38
489900,0.39,0.54,0.07,0.08136889,0.07839491,1.256613,177.97
490000,0.39,0.59,0.02,0.07472864,0.06846964,0.3777997,128.44
490100,0.41,0.54,0.05,0.06578026,0.065759,1.16381,160.55
490200,0.46,0.51,0.03,0.08669878,0.07980652,0.8832034,142
490300,0.39,0.58,0.03,0.07468121,0.07455907,0.5178034,118.22
490400,0.43,0.54,0.03,0.08450276,0.09336635,0.4820005,131.08
490500,0.48,0.47,0.05,0.08496971,0.09635676,1.13301,140.9
490600,0.31,0.6,0.09,0.07514267,0.07756944,1.168412,192.51
490700,0.46,0.5,0.04,0.06481755,0.05728103,0.9912084,159.64
490800,0.53,0.44,0.03,0.08208433,0.08311595,0.6356037,116.74
490900,0.47,0.51,0.02,0.0752674,0.06991627,0.4688018,121.27
491000,0.37,0.58,0.05,0.06849655,0.06494731,0.5296019,158.07
491100,0.47,0.51,0.02,0.07350117,0.06934474,0.578204,131.81
491200,0.43,0.55,0.02,0.06559053,0.07170775,0.4812019,130.63
491300,0.46,0.53,0.01,0.09983898,0.1158198,0.4576023,111.07
491400,0.56,0.41,0.03,0.07492161,0.08203062,0.8566043,141.53
491500,0.38,0.55,0.07,0.07040992,0.07613571,0.8720068,165.79
491600,0.41,0.58,0.01,0.07381926,0.07329922,0.5346023,125.44
491700,0.35,0.62,0.03,0.07643291,0.07175598,0.4154022,120.64
491800,0.38,0.55,0.07,0.08673903,0.09254978,0.9240067,160.47
491900,0.41,0.58,0.01,0.07763362,0.07585723,0.5430024,117.99
492000,0.44,0.54,0.02,0.0812727,0.08784128,0.3840021,122.02
492100,0.45,0.53,0.02,0.08648351,0.07417869,0.6654041,121.69
492200,0.42,0.55,0.03,0.06934891,0.07018869,0.670805,136.29
492300,0.36,0.57,0.07,0.08187899,0.08001074,1.061409,172.64
492400,0.38,0.61,0.01,0.06971835,0.06345394,0.1505999,104.86
492500,0.37,0.56,0.07,0.07116303,0.07032346,1.497814,167.76
492600,0.51,0.43,0.06,0.06038677,0.05253531,1.232608,167.97
492700,0.44,0.55,0.01,0.07246751,0.07112208,0.4774013,118.2
492800,0.41,0.55,0.04,0.07553471,0.07093698,0.787406,138.66
492900,0.49,0.45,0.06,0.08168401,0.09308949,1.258611,173.76
493000,0.41,0.53,0.06,0.07839147,0.09358904,1.052011,180.72
493100,0.45,0.5,0.05,0.07827404,0.07038964,0.7292048,128.18
493200,0.38,0.59,0.03,0.06011586,0.06316438,0.6106041,126.97
493300,0.3,0.63,0.07,0.06810805,0.07754681,1.430414,162.52
493400,0.44,0.52,0.04,0.07320526,0.06938934,0.7202039,130.94
493500,0.49,0.46,0.05,0.08007234,0.08180915,1.058407,155.39
493600,0.42,0.55,0.03,0.08424692,0.08701146,0.3824019,125.94
493700,0.41,0.55,0.04,0.07910764,0.07828432,0.5578039,139.34
493800,0.41,0.49,0.1,0.08888715,0.1005027,1.413211,186.62
493900,0.47,0.49,0.04,0.07435589,0.07155494,1.082209,140.56
494000,0.43,0.5,0.07,0.06815724,0.06711511,0.9550068,174.96
494100,0.41,0.57,0.02,0.09494454,0.09597806,0.4022021,107.75
494200,0.4,0.57,0.03,0.08698361,0.08502978,0.760206,132.81
494300,0.46,0.5,0.04,0.06209874,0.06395731,1.036406,150.86
494400,0.47,0.5,0.03,0.08675207,0.1011607,0.762006,136.98
494500,0.44,0.55,0.01,0.0774987,0.08011558,0.5144008,106.81
494600,0.31,0.63,0.06,0.08824331,0.08379373,0.679006,148.93
494700,0.41,0.55,0.04,0.0724622,0.07661139,0.8676072,143.16
494800,0.46,0.51,0.03,0.08154608,0.08043855,0.4700019,141.88
494900,0.4,0.57,0.03,0.080833,0.08334326,0.5054047,144.37
495000,0.42,0.52,0.06,0.07871574,0.08513828,1.388013,144.06
495100,0.46,0.51,0.03,0.06158142,0.05886401,0.6266037,139
495200,0.47,0.51,0.02,0.07397958,0.06812643,0.2383998,130.93
495300,0.41,0.54,0.05,0.06610418,0.06324265,0.6490064,141.24
495400,0.45,0.51,0.04,0.06392924,0.05749154,0.6062044,159.08
495500,0.38,0.56,0.06,0.07976465,0.08186112,0.9906087,152.96
495600,0.45,0.49,0.06,0.07650366,0.08051805,0.9374089,168.01
495700,0.52,0.43,0.05,0.07746717,0.08180884,1.192009,156.71
495800,0.42,0.54,0.04,0.07240465,0.08001753,0.8722066,129.16
495900,0.41,0.54,0.05,0.08026824,0.07876562,0.7382057,143.69
496000,0.44,0.54,0.02,0.07544999,0.07054772,0.7922042,125.06
496100,0.45,0.51,0.04,0.07507268,0.07790081,0.7916061,140.4
496200,0.4,0.56,0.04,0.07174847,0.07684463,0.981208,154.74
496300,0.44,0.53,0.03,0.07891978,0.06519639,0.8296067,131.07
496400,0.37,0.61,0.02,0.07976393,0.08496842,0.3920025,113.85
496500,0.47,0.47,0.06,0.07621548,0.06860328,1.617414,189.24
496600,0.45,0.51,0.04,0.07626577,0.07291524,0.9398085,141.06
496700,0.4,0.58,0.02,0.07383551,0.08788811,0.5446017,105.69
496800,0.47,0.48,0.05,0.05991912,0.06259722,0.9496087,160.97
496900,0.38,0.58,0.04,0.0812165,0.07956921,0.5444036,145.57
497000,0.31,0.66,0.03,0.07902776,0.07494989,0.7762067,123.95
497100,0.44,0.55,0.01,0.1209311,0.1325502,0.4456019,97.64
497200,0.43,0.52,0.05,0.08013865,0.07379031,0.7814053,143.83
497300,0.41,0.56,0.03,0.05659845,0.05523877,0.8534061,161.75
497400,0.41,0.54,0.05,0.06866674,0.07522298,0.9520081,153.93
497500,0.43,0.55,0.02,0.07408147,0.07504642,0.4982022,125.91
497600,0.53,0.45,0.02,0.05902244,0.05806376,0.8048036,116.44
497700,0.42,0.54,0.04,0.0755626,0.072814,0.9718083,133.28
497800,0.42,0.52,0.06,0.07042075,0.06956419,1.097208,160.68
497900,0.45,0.51,0.04,0.08080169,0.09551877,0.8494074,136.42
498000,0.46,0.49,0.05,0.07801503,0.07841595,0.7990062,157.22
498100,0.39,0.52,0.09,0.07759891,0.08294401,1.252812,173.55
498200,0.42,0.53,0.05,0.06840732,0.06804702,0.6270043,157.99
498300,0.47,0.46,0.07,0.1046708,0.1061941,1.255812,154.58
498400,0.43,0.53,0.04,0.07248936,0.07027774,0.9838064,143.88
498500,0.34,0.57,0.09,0.09665161,0.0897636,1.515214,183
498600,0.45,0.47,0.08,0.078759,0.1040216,1.289013,172.85
498700,0.42,0.52,0.06,0.08251143,0.07395057,1.009807,156.92
498800,0.43,0.53,0.04,0.06547622,0.06300793,0.8884071,176.55
498900,0.37,0.6,0.03,0.07473832,0.0749367,0.5704042,134.59
499000,0.43,0.56,0.01,0.08064514,0.06838258,0.563202,127.86
499100,0.42,0.53,0.05,0.07451394,0.07222766,0.8894049,143.69
499200,0.43,0.54,0.03,0.07032678,0.06987024,0.5190019,128.03
499300,0.45,0.5,0.05,0.06168412,0.06375173,0.8768055,153.15
499400,0.41,0.57,0.02,0.07662764,0.07806756,0.4476015,121.12
499500,0.42,0.51,0.07,0.09163015,0.09204266,1.189612,162.27
499600,0.48,0.51,0.01,0.06631531,0.06470297,0.4758022,102.2
499700,0.39,0.59,0.02,0.08104819,0.08568136,0.5168042,121.64
499800,0.4,0.54,0.06,0.07494655,0.07849051,0.8134072,150.3
499900,0.37,0.6,0.03,0.06923237,0.06609007,0.5790046,127.69
500000,0.36,0.57,0.07,0.07069656,0.06908329,1.274812,182.83
500100,0.46,0.5,0.04,0.07580093,0.07868925,0.6388046,137.71
500200,0.42,0.53,0.05,0.08072754,0.08622354,0.5586051,135.51
500300,0.36,0.59,0.05,0.0872563,0.07588553,0.7662054,143.78
500400,0.41,0.54,0.05,0.07067695,0.06768217,1.002209,146.5
500500,0.38,0.6,0.02,0.08963037,0.1006688,0.6710047,129.98
500600,0.45,0.51,0.04,0.07491603,0.07151487,1.113207,151.03
500700,0.41,0.55,0.04,0.07601362,0.07677867,0.705406,144.6
500800,0.38,0.54,0.08,0.06602427,0.06289028,1.236412,171.34
500900,0.55,0.41,0.04,0.07295848,0.07645514,1.070808,135.24
501000,0.42,0.54,0.04,0.08144354,0.07583639,0.7792065,124.95
501100,0.39,0.59,0.02,0.07668998,0.07577986,0.5244016,126.35
501200,0.43,0.53,0.04,0.108201,0.117197,0.634405,118.57
501300,0.39,0.55,0.06,0.07508752,0.0740565,0.756606,168.46
501400,0.45,0.53,0.02,0.0676726,0.06610508,0.770804,121.62
501500,0.52,0.47,0.01,0.06088455,0.07157061,0.4762023,99.92
501600,0.43,0.55,0.02,0.07111961,0.07257826,0.5232022,132.42
501700,0.49,0.48,0.03,0.06994216,0.06755619,1.027007,141.27
501800,0.48,0.49,0.03,0.06800947,0.06660912,0.9726064,147.12
501900,0.42,0.56,0.02,0.07828239,0.07883417,0.6098052,122.66
502000,0.35,0.62,0.03,0.08599478,0.09382202,0.7108064,122.59
502100,0.45,0.46,0.09,0.0661387,0.08613362,1.351213,197.08
502200,0.41,0.52,0.07,0.08093576,0.07159423,1.232012,161.73
502300,0.45,0.49,0.06,0.0839061,0.08850298,1.19681,159.74
502400,0.39,0.55,0.06,0.06496041,0.06181209,1.146612,154.2
502500,0.46,0.48,0.06,0.06997149,0.06776432,1.09701,157.57
502600,0.39,0.55,0.06,0.09080065,0.09417851,1.04381,146.22
502700,0.48,0.46,0.06,0.08667296,0.08714394,1.154611,150.8
502800,0.4,0.56,0.04,0.08458666,0.1015242,1.01381,145.61
502900,0.47,0.47,0.06,0.07181235,0.06802757,1.246611,140.91
503000,0.44,0.49,0.07,0.09091891,0.09053558,1.18741,156.16
503100,0.44,0.53,0.03,0.07347469,0.08320203,0.7542043,151.21
503200,0.39,0.59,0.02,0.06611813,0.06116709,0.418802,117.74
503300,0.42,0.53,0.05,0.07761657,0.08108705,0.811404,143.31
503400,0.43,0.52,0.05,0.0767292,0.07024776,0.8722051,158.48
503500,0.45,0.5,0.05,0.06919966,0.06827113,0.9146072,166.61
503600,0.41,0.56,0.03,0.06563552,0.06383585,0.6560047,126.34
503700,0.51,0.42,0.07,0.07709517,0.08028501,0.7880058,162.1
503800,0.42,0.53,0.05,0.07518777,0.07524171,0.6948044,152.4
503900,0.5,0.47,0.03,0.06394248,0.05572953,0.6870019,139.45
504000,0.52,0.47,0.01,0.06591844,0.05941305,0.5118018,111.83
504100,0.36,0.59,0.05,0.06587206,0.06499986,0.7788065,166.18
504200,0.4,0.53,0.07,0.07814616,0.08420079,1.350613,173.81
504300,0.52,0.48,0,0.07185343,0.07189604,0.3757997,121.53
504400,0.44,0.52,0.04,0.07036059,0.06498854,0.5486045,145.66
504500,0.43,0.53,0.04,0.08395026,0.08806153,1.043208,123.34
504600,0.44,0.48,0.08,0.06989827,0.0684161,1.161211,183.4
504700,0.33,0.58,0.09,0.0806408,0.07063472,1.458016,180.54
504800,0.37,0.6,0.03,0.07133399,0.06735258,0.7940063,117.96
504900,0.42,0.5,0.08,0.06740521,0.06592593,0.8030071,162.55
505000,0.49,0.46,0.05,0.06300555,0.0573825,1.065406,152.16
505100,0.42,0.52,0.06,0.08235181,0.08973575,0.7556064,153.14
505200,0.45,0.53,0.02,0.07062045,0.06683251,0.4016012,110.05
505300,0.43,0.49,0.08,0.06208251,0.05590922,1.403412,179.8
505400,0.46,0.51,0.03,0.06846751,0.06606651,0.7114038,137.17
505500,0.39,0.54,0.07,0.07267447,0.06922127,0.9706087,158.67
505600,0.55,0.4,0.05,0.07343578,0.07212377,1.033808,129.62
505700,0.34,0.62,0.04,0.09669406,0.09833375,0.8024061,153.51
505800,0.47,0.5,0.03,0.06748619,0.06100526,0.9080074,113.8
505900,0.46,0.5,0.04,0.07007653,0.08169846,0.9670097,130.77
506000,0.49,0.49,0.02,0.07159166,0.07692841,0.487801,131.71
506100,0.41,0.53,0.06,0.06817885,0.06364772,1.08941,178.16
506200,0.45,0.51,0.04,0.06626596,0.0614363,0.914809,146.11
506300,0.42,0.56,0.02,0.07098611,0.06596103,0.6984043,111.17
506400,0.37,0.6,0.03,0.08423978,0.08849216,0.5470043,133.72
506500,0.37,0.58,0.05,0.08325765,0.08426774,0.7998062,173.51
506600,0.43,0.48,0.09,0.07262389,0.06428078,1.616816,192.04
506700,0.41,0.54,0.05,0.07474247,0.06195216,1.018609,144.63
506800,0.42,0.54,0.04,0.0806084,0.07721657,0.6768045,151.92
506900,0.42,0.58,0,0.08438336,0.08478066,0.3995996,110.12
507000,0.45,0.51,0.04,0.0609506,0.06839465,0.9462081,141.91
507100,0.4,0.56,0.04,0.06064919,0.05609617,0.8628072,132.5
507200,0.38,0.6,0.02,0.07431064,0.06805498,0.5232018,132.13
507300,0.36,0.57,0.07,0.09461945,0.1005224,1.529216,161.91
507400,0.47,0.47,0.06,0.07949089,0.07386679,1.317211,151.99
507500,0.44,0.52,0.04,0.07499755,0.06892579,0.4512024,124.52
507600,0.46,0.44,0.1,0.0662218,0.06540933,1.154611,176.04
507700,0.39,0.6,0.01,0.0736843,0.07526347,0.367802,109.43
507800,0.46,0.53,0.01,0.08245806,0.1166157,0.2457998,90.49
507900,0.44,0.49,0.07,0.07218244,0.0629447,1.439813,157.97
508000,0.38,0.59,0.03,0.06284824,0.06583931,0.6898046,155.11
508100,0.36,0.58,0.06,0.08468782,0.08251098,0.6596045,159.86
508200,0.5,0.44,0.06,0.0644704,0.06701947,1.124209,164.33
508300,0.38,0.58,0.04,0.0836631,0.08392932,0.9326077,125.84
508400,0.42,0.54,0.04,0.06883401,0.07842293,0.758807,128.04
508500,0.47,0.48,0.05,0.0679808,0.06134599,0.968607,144.17
508600,0.41,0.51,0.08,0.06850729,0.06108143,0.9676062,183.43
508700,0.44,0.52,0.04,0.08240483,0.09125634,1.038409,148.35
508800,0.43,0.54,0.03,0.07987044,0.07899925,0.6160051,132.35
508900,0.43,0.5,0.07,0.07871138,0.07258278,1.218212,170.76
509000,0.37,0.6,0.03,0.08062799,0.08196953,0.8076071,131.69
509100,0.41,0.58,0.01,0.07104623,0.07085174,0.4168016,110.74
509200,0.5,0.47,0.03,0.07391253,0.06851372,0.7646042,127.65
509300,0.53,0.45,0.02,0.07692041,0.07585496,0.5840035,104.48
509400,0.5,0.45,0.05,0.08327951,0.09629975,1.260212,140.56
509500,0.34,0.6,0.06,0.0713473,0.07273991,1.340214,154.45
509600,0.5,0.45,0.05,0.08946883,0.08272188,0.6798055,134.06
509700,0.4,0.54,0.06,0.08091692,0.07903565,1.240409,155.33
509800,0.4,0.52,0.08,0.09745478,0.0980989,1.729218,177.38
509900,0.4,0.55,0.05,0.07989316,0.0786789,0.5782047,167.85
510000,0.43,0.56,0.01,0.08741753,0.07883123,0.5298017,122.1
510100,0.31,0.61,0.08,0.07793897,0.08484431,1.386014,161.89
510200,0.42,0.54,0.04,0.09369636,0.09352755,0.4646025,133.49
510300,0.49,0.45,0.06,0.06648992,0.06772169,1.006809,149.53
510400,0.46,0.5,0.04,0.08724885,0.09588564,0.4964023,122.76
510500,0.44,0.51,0.05,0.08494155,0.09531478,0.7412056,154.02
510600,0.32,0.6,0.08,0.08830895,0.1008961,1.771618,175.31
510700,0.43,0.54,0.03,0.06960817,0.06707344,0.8362067,129.88
510800,0.4,0.57,0.03,0.08113275,0.09148961,0.8186068,123.11
510900,0.43,0.5,0.07,0.07189179,0.07137238,1.225011,158.64
511000,0.41,0.54,0.05,0.07761052,0.08171566,1.14141,146.62
511100,0.51,0.41,0.08,0.07642204,0.08175267,1.474015,183.74
511200,0.4,0.52,0.08,0.08865243,0.1042992,1.543216,167.55
511300,0.46,0.49,0.05,0.0708134,0.06521685,1.007609,135.95
511400,0.39,0.58,0.03,0.06736358,0.06511986,0.8000066,148.29
511500,0.5,0.43,0.07,0.0862475,0.09916571,1.479413,160.45
511600,0.47,0.5,0.03,0.09075104,0.08635047,0.8612065,123.39
511700,0.36,0.56,0.08,0.0803752,0.07376949,1.576817,182.7
511800,0.4,0.54,0.06,0.1024999,0.09843705,1.270216,137.62
511900,0.42,0.53,0.05,0.06527213,0.06471577,0.5520043,139.27
512000,0.41,0.55,0.04,0.07608999,0.08460496,0.5842046,138.45
512100,0.51,0.44,0.05,0.08739042,0.09029821,1.076008,134.24
512200,0.48,0.46,0.06,0.0735669,0.06883075,1.136409,163.18
512300,0.4,0.55,0.05,0.06893089,0.07018837,0.7778066,155.64
512400,0.33,0.59,0.08,0.09080701,0.09923966,1.273013,162.36
512500,0.41,0.54,0.05,0.08079585,0.08133437,1.16841,166.14
512600,0.45,0.54,0.01,0.0876238,0.09126497,0.2335998,111.96
512700,0.37,0.58,0.05,0.07864314,0.07486361,0.697807,144.61
512800,0.38,0.57,0.05,0.08481987,0.09903087,0.5300043,141
512900,0.46,0.5,0.04,0.07806043,0.06821597,0.7718067,135.5
513000,0.41,0.54,0.05,0.08035444,0.0791235,1.02941,129.81
513100,0.45,0.51,0.04,0.08385392,0.07692523,1.040009,142.27
513200,0.37,0.57,0.06,0.09257512,0.09344193,0.6046045,151.91
513300,0.41,0.54,0.05,0.0857631,0.07997899,1.052011,141.34
513400,0.35,0.62,0.03,0.06938066,0.0682653,0.5366042,127.8
513500,0.44,0.48,0.08,0.07339436,0.06985339,1.719618,179.04
513600,0.44,0.52,0.04,0.0725665,0.09466218,1.136009,135.25
513700,0.48,0.51,0.01,0.07191589,0.07099333,0.6280022,116.98
513800,0.36,0.56,0.08,0.07036014,0.06459513,1.253014,178.34
513900,0.47,0.5,0.03,0.07439683,0.07474439,0.7422057,138.37
514000,0.38,0.56,0.06,0.07947965,0.1055109,1.048009,182.06
514100,0.46,0.51,0.03,0.06704379,0.0633146,0.6674045,122.96
514200,0.35,0.59,0.06,0.07674581,0.0691206,1.301013,166.61
514300,0.38,0.55,0.07,0.07093446,0.07012065,1.505815,163.76
514400,0.43,0.5,0.07,0.07225902,0.07726574,1.367413,150.61
514500,0.48,0.49,0.03,0.07334708,0.06670739,0.607004,131.41
514600,0.34,0.59,0.07,0.09289366,0.09011447,1.250213,158.39
514700,0.39,0.57,0.04,0.07877249,0.07245544,0.759207,137.62
514800,0.44,0.53,0.03,0.08100574,0.07776821,0.8348068,124.99
514900,0.4,0.53,0.07,0.06757445,0.06607027,1.444614,158.91
515000,0.45,0.52,0.03,0.08360816,0.09139937,0.6470048,123.87
515100,0.43,0.53,0.04,0.08381185,0.08454552,0.9366062,152.09
515200,0.43,0.51,0.06,0.0802458,0.08439193,1.106809,156.63
515300,0.48,0.52,0,0.06768137,0.06650004,0.2837998,92.95
515400,0.41,0.54,0.05,0.09848325,0.09847662,1.131809,143.65
515500,0.39,0.57,0.04,0.0704734,0.06819581,0.5934042,141.17
515600,0.43,0.53,0.04,0.0877516,0.0964857,0.6092044,131.88
515700,0.45,0.5,0.05,0.0855417,0.07947017,0.7048066,144.32
515800,0.49,0.48,0.03,0.08396353,0.0940107,0.5970038,121.66
515900,0.46,0.49,0.05,0.08159038,0.08260055,0.9418092,144.74
516000,0.42,0.56,0.02,0.08600943,0.08744828,0.5340043,109.19
516100,0.42,0.51,0.07,0.07511203,0.07970114,1.187212,164.65
516200,0.53,0.4,0.07,0.0806554,0.08431928,1.25121,156.13
516300,0.41,0.55,0.04,0.07191943,0.0713466,0.7128042,141.6
516400,0.46,0.49,0.05,0.06933722,0.06116956,1.186611,149.58
516500,0.4,0.58,0.02,0.06721442,0.07086157,0.6494038,141.13
516600,0.43,0.51,0.06,0.08769755,0.08745001,0.9292066,151.87
516700,0.42,0.54,0.04,0.07796159,0.07436068,0.8708069,126.95
516800,0.47,0.46,0.07,0.08307686,0.07819217,1.383614,164.67
516900,0.48,0.49,0.03,0.0733114,0.06812199,0.7472065,124.12
517000,0.45,0.5,0.05,0.09679206,0.1012039,0.6636047,132.84
517100,0.47,0.48,0.05,0.07162976,0.06880771,1.088211,140.03
517200,0.48,0.49,0.03,0.0736462,0.06411418,0.9372061,130.9
517300,0.51,0.43,0.06,0.07189033,0.06544193,1.242211,147.71
517400,0.49,0.46,0.05,0.08711767,0.08239388,0.9286067,152.38
517500,0.43,0.54,0.03,0.09013987,0.1059025,0.6030047,108.96
517600,0.45,0.49,0.06,0.07667754,0.08076958,1.391414,161.2
517700,0.43,0.55,0.02,0.07578319,0.09734303,0.6832042,109.01
517800,0.41,0.54,0.05,0.09080256,0.09475194,0.9402082,143.85
517900,0.4,0.57,0.03,0.09007948,0.1116652,0.8374072,128.36
518000,0.43,0.53,0.04,0.06674038,0.06381434,0.8164065,138.61
518100,0.42,0.53,0.05,0.07289375,0.07044077,0.9368075,139.77
518200,0.42,0.52,0.06,0.07490067,0.06707294,1.345414,145.85
518300,0.41,0.54,0.05,0.05823662,0.06279794,0.929207,163.71
518400,0.42,0.49,0.09,0.06942716,0.06865634,1.442014,185.07
518500,0.46,0.51,0.03,0.07817661,0.09029303,0.7168037,122.09
518600,0.56,0.37,0.07,0.06786037,0.05824587,0.7430053,156.02
518700,0.48,0.44,0.08,0.08164642,0.08827868,1.617015,180.27
518800,0.44,0.49,0.07,0.06677287,0.05917807,1.390813,169.53
518900,0.41,0.54,0.05,0.08396687,0.1035437,0.921409,143.48
519000,0.48,0.49,0.03,0.07301824,0.07370991,0.6852043,131.57
519100,0.49,0.46,0.05,0.07296867,0.07194111,0.7234061,143.61
519200,0.38,0.59,0.03,0.08594891,0.09360828,0.5422023,126.19
519300,0.39,0.53,0.08,0.07932306,0.08189027,1.156211,167.85
519400,0.43,0.48,0.09,0.06606025,0.0648039,1.389413,211.58
519500,0.41,0.51,0.08,0.08288393,0.08514187,1.545814,172.84
519600,0.36,0.6,0.04,0.07324575,0.06940579,0.6200042,158.47
519700,0.48,0.5,0.02,0.06547628,0.0642624,0.6340048,123.86
519800,0.43,0.55,0.02,0.07805756,0.07928396,0.6332052,111.77
519900,0.43,0.51,0.06,0.08065747,0.07503729,1.334611,170.96
520000,0.38,0.53,0.09,0.08169457,0.08556001,1.724419,179.57
520100,0.43,0.53,0.04,0.06734937,0.06401816,1.012809,133.89
520200,0.42,0.53,0.05,0.08248878,0.07818432,0.7130049,136.09
520300,0.5,0.44,0.06,0.08336142,0.0783591,1.243211,141.82
520400,0.42,0.55,0.03,0.08021381,0.07624572,0.4016024,124.62
520500,0.38,0.57,0.05,0.06306882,0.0552841,0.8200068,156.77
520600,0.46,0.49,0.05,0.06913426,0.06413381,1.014206,150.68
520700,0.43,0.53,0.04,0.08560985,0.0900352,0.826407,125.78
520800,0.4,0.55,0.05,0.07623643,0.07238746,0.5854044,127.91
520900,0.49,0.5,0.01,0.08831982,0.08802679,0.479402,124.48
521000,0.39,0.56,0.05,0.08421587,0.1055063,0.7826073,141.49
521100,0.37,0.6,0.03,0.08637407,0.08769041,0.7640041,143.15
521200,0.39,0.55,0.06,0.06386323,0.0852513,1.396213,153.39
521300,0.51,0.45,0.04,0.07328678,0.07336098,1.08761,124.95
521400,0.42,0.53,0.05,0.07658193,0.07407486,0.9626095,147.63
521500,0.43,0.53,0.04,0.08370098,0.08619145,0.7744064,126.5
521600,0.39,0.59,0.02,0.08534838,0.08921712,0.4046023,95.55
521700,0.43,0.52,0.05,0.06230096,0.06418899,1.287209,150.23
521800,0.41,0.53,0.06,0.07765347,0.07467979,1.01241,150.17
521900,0.45,0.5,0.05,0.0776012,0.07618045,1.229012,140.22
522000,0.42,0.57,0.01,0.08700477,0.08288619,0.2575997,101.55
522100,0.47,0.5,0.03,0.07155003,0.06667387,0.670005,116.42
522200,0.48,0.49,0.03,0.08103751,0.08388428,0.8436058,134.51
522300,0.4,0.5,0.1,0.06755978,0.07041496,1.453214,198.63
522400,0.45,0.47,0.08,0.09385934,0.09144951,1.25121,166.94
522500,0.39,0.55,0.06,0.09014158,0.0970216,1.278413,159.72
522600,0.45,0.52,0.03,0.07545082,0.07492445,0.6174045,132.42
522700,0.37,0.59,0.04,0.09094142,0.08044978,0.778807,152.55
522800,0.45,0.52,0.03,0.07711791,0.07409958,0.6172044,129.27
522900,0.49,0.43,0.08,0.07147688,0.08301804,1.610215,175.02
523000,0.36,0.6,0.04,0.06687245,0.06481936,0.9762093,138.23
523100,0.4,0.55,0.05,0.06855159,0.0683311,1.04661,144.4
523200,0.46,0.51,0.03,0.06418543,0.05725081,0.6908039,126.77
523300,0.44,0.51,0.05,0.06878924,0.06416763,1.184612,152.72
523400,0.41,0.52,0.07,0.07340963,0.08052328,1.531016,173.26
523500,0.37,0.57,0.06,0.06653262,0.06545361,1.365215,161.76
523600,0.45,0.49,0.06,0.06493885,0.06951395,1.261612,155.33
523700,0.41,0.53,0.06,0.06530789,0.05928138,0.9446087,162.89
523800,0.46,0.48,0.06,0.07928695,0.07853129,1.099011,152.82
523900,0.46,0.49,0.05,0.08107064,0.08764066,0.9090092,137.04
524000,0.36,0.56,0.08,0.07127473,0.06430312,1.511615,181.93
524100,0.44,0.55,0.01,0.0790309,0.0707901,0.4606022,123.06
524200,0.39,0.58,0.03,0.08716151,0.09009927,0.7756057,132.54
524300,0.49,0.48,0.03,0.06835508,0.07130799,0.8652041,122.46
524400,0.37,0.61,0.02,0.0834076,0.07230957,0.4718021,130.04
524500,0.44,0.5,0.06,0.06941904,0.06259524,1.21461,163.55
524600,0.51,0.42,0.07,0.0813943,0.08643287,1.585616,163.67
524700,0.39,0.56,0.05,0.0836563,0.08463228,1.043008,135.16
524800,0.51,0.43,0.06,0.07244484,0.08213633,1.236613,157.67
524900,0.52,0.41,0.07,0.09724467,0.1023592,1.10781,168.24
525000,0.34,0.63,0.03,0.07751782,0.08654134,0.803806,139.15
525100,0.42,0.51,0.07,0.07666405,0.06662171,1.001809,154.11
525200,0.39,0.58,0.03,0.07726915,0.08588608,0.889205,130.48
525300,0.4,0.56,0.04,0.08564267,0.0888588,0.5782049,141.07
525400,0.44,0.52,0.04,0.07508186,0.07996151,1.100409,135.47
525500,0.43,0.53,0.04,0.0631464,0.05876495,0.3950018,134.92
525600,0.44,0.48,0.08,0.09577001,0.1062474,1.173011,153.67
525700,0.4,0.57,0.03,0.07375468,0.08486548,0.8066058,126.24
525800,0.43,0.5,0.07,0.1018003,0.1043584,1.619814,159.07
525900,0.42,0.49,0.09,0.08071814,0.08885045,1.732817,186.51
526000,0.5,0.48,0.02,0.06848622,0.06364844,0.490602,120.07
526100,0.38,0.58,0.04,0.1052292,0.1217789,0.9284077,139.64
526200,0.46,0.49,0.05,0.08304626,0.08347536,0.7424074,134.39
526300,0.49,0.48,0.03,0.07638469,0.07143393,1.095406,156.14
526400,0.37,0.61,0.02,0.09069263,0.09335218,0.5570017,120.77
526500,0.5,0.47,0.03,0.06777176,0.0661167,0.5174038,126.23
526600,0.44,0.5,0.06,0.06787464,0.06653504,1.07101,162.05
526700,0.43,0.52,0.05,0.07205813,0.06383503,0.7672068,151.39
526800,0.45,0.51,0.04,0.0637255,0.06029229,1.072006,137.02
526900,0.46,0.53,0.01,0.08258156,0.1056394,0.452002,89.01
527000,0.44,0.52,0.04,0.07633848,0.07432438,0.7440065,142.12
527100,0.47,0.47,0.06,0.0831833,0.09158914,1.26221,147.51
527200,0.34,0.61,0.05,0.09648248,0.09509205,0.9776086,154.62
527300,0.48,0.49,0.03,0.07121686,0.06455043,0.8168027,131.43
527400,0.46,0.52,0.02,0.09265274,0.0978194,0.5022019,109.4
527500,0.42,0.52,0.06,0.06603484,0.06542375,1.273613,151.71
527600,0.42,0.54,0.04,0.0763619,0.08431751,0.6608046,146.52
527700,0.48,0.45,0.07,0.07225794,0.0681601,1.266211,160.76
527800,0.45,0.54,0.01,0.06644043,0.06139234,0.3850023,107.64
527900,0.47,0.51,0.02,0.08544979,0.08969805,0.6506044,117.8
528000,0.48,0.46,0.06,0.08061065,0.07622688,0.9884088,172.82
528100,0.41,0.53,0.06,0.06700139,0.07109615,1.060009,151.02
528200,0.45,0.51,0.04,0.07396218,0.06439614,0.8942065,140.99
528300,0.4,0.52,0.08,0.06195133,0.05715495,1.282211,179.26
528400,0.49,0.47,0.04,0.0773464,0.07287417,1.038409,126.95
528500,0.39,0.56,0.05,0.08368973,0.09246394,0.9060085,148.63
528600,0.42,0.51,0.07,0.08407056,0.08962247,1.378613,190.07
528700,0.45,0.49,0.06,0.07955366,0.08599842,1.021607,139.42
528800,0.41,0.51,0.08,0.06607814,0.06338057,1.283013,175.98
528900,0.47,0.47,0.06,0.06931706,0.07444182,1.441414,151.13
529000,0.47,0.49,0.04,0.09336457,0.099665,0.6188036,132.55
529100,0.49,0.43,0.08,0.076439,0.06658357,1.714416,161.64
529200,0.42,0.52,0.06,0.08980236,0.08540166,1.062009,148.05
529300,0.45,0.49,0.06,0.0686707,0.05895841,1.18741,151.66
529400,0.4,0.59,0.01,0.07321747,0.07277323,0.3035997,124.58
529500,0.42,0.51,0.07,0.06960604,0.06851181,1.280011,169.1
529600,0.5,0.48,0.02,0.06641445,0.06801119,0.4220022,124.52
529700,0.45,0.5,0.05,0.06517711,0.06176671,0.900408,151.04
529800,0.41,0.56,0.03,0.08154131,0.0878072,0.6392042,140.56
529900,0.36,0.59,0.05,0.07074802,0.08302367,0.7260066,164.73
530000,0.47,0.48,0.05,0.08587085,0.08629967,1.002008,139.43
530100,0.38,0.58,0.04,0.07322476,0.06832042,1.00941,134.34
530200,0.48,0.45,0.07,0.08312754,0.08993226,1.080209,168.02
530300,0.54,0.41,0.05,0.09498349,0.1055782,1.064209,130.55
530400,0.38,0.57,0.05,0.09016312,0.08255205,1.018209,139.38
530500,0.41,0.55,0.04,0.07467813,0.07369726,1.04301,123.7
530600,0.4,0.56,0.04,0.0944808,0.09415159,0.9820086,142.69
530700,0.47,0.49,0.04,0.07945099,0.09380185,0.9504088,137.12
530800,0.49,0.48,0.03,0.08366933,0.106178,0.9668064,140.99
530900,0.46,0.51,0.03,0.0609814,0.05848789,0.909206,135
531000,0.52,0.44,0.04,0.07599189,0.08730506,0.9248065,129.83
531100,0.37,0.58,0.05,0.07613514,0.07087189,0.7472074,137.82
531200,0.34,0.61,0.05,0.08769516,0.09843503,0.9346085,145.3
531300,0.43,0.54,0.03,0.07908328,0.07373862,0.7254072,109.16
531400,0.39,0.56,0.05,0.0685256,0.06466724,1.120608,168.98
531500,0.43,0.55,0.02,0.06742214,0.06855851,0.5836051,120.41
531600,0.37,0.6,0.03,0.06867229,0.06632823,0.8178063,130.73
531700,0.53,0.42,0.05,0.0826412,0.08431132,1.07501,138.58
531800,0.45,0.52,0.03,0.06770135,0.06165385,0.5184022,139.8
531900,0.46,0.47,0.07,0.07900587,0.0874792,1.20561,160.15
532000,0.47,0.52,0.01,0.06561749,0.06773534,0.598402,112.45
532100,0.42,0.53,0.05,0.07769739,0.08340948,1.286812,146.62
532200,0.38,0.6,0.02,0.07641996,0.07050553,0.5760044,126.84
532300,0.56,0.41,0.03,0.07072572,0.06630407,0.7436043,144.4
532400,0.36,0.59,0.05,0.06594143,0.06354181,1.149611,150.02
532500,0.44,0.51,0.05,0.08767418,0.08864858,1.071409,139.81
532600,0.52,0.43,0.05,0.06474108,0.06298289,0.7794029,158.94
532700,0.48,0.46,0.06,0.08718026,0.1020804,1.10081,148.42
532800,0.44,0.51,0.05,0.06506524,0.06068072,0.9420062,168.13
532900,0.47,0.48,0.05,0.07445622,0.07196339,0.9784083,148.98
533000,0.42,0.52,0.06,0.05970239,0.05410449,1.434613,157.61
533100,0.5,0.5,0,0.06742266,0.06251492,0.2477998,94.79
533200,0.43,0.55,0.02,0.06871559,0.06765828,0.5580039,106.02
533300,0.42,0.55,0.03,0.07225794,0.07821494,0.6942046,142.38
533400,0.4,0.55,0.05,0.06949876,0.07661322,0.8328062,153.96
533500,0.38,0.56,0.06,0.06894149,0.06813622,1.296014,150.42
533600,0.47,0.48,0.05,0.06894491,0.06358902,0.8564062,150.35
533700,0.44,0.49,0.07,0.06197912,0.06580155,1.666617,193.09
533800,0.5,0.41,0.09,0.0835918,0.0754856,1.95582,163.32
533900,0.41,0.56,0.03,0.09128705,0.08375984,0.4934025,114.09
534000,0.37,0.61,0.02,0.05552326,0.05675795,0.6750017,149.79
534100,0.45,0.52,0.03,0.06507684,0.06400317,0.8012049,136.56
534200,0.43,0.51,0.06,0.0826396,0.09386073,1.313012,146.52
534300,0.45,0.52,0.03,0.07550973,0.07722164,0.4836022,132.56
534400,0.41,0.55,0.04,0.07705708,0.08125303,0.9492081,136.5
534500,0.51,0.46,0.03,0.07916468,0.07681226,0.6364025,149.58
534600,0.38,0.52,0.1,0.07883442,0.07893824,1.474615,190.21
534700,0.4,0.57,0.03,0.08961496,0.08087417,0.7864066,132.73
534800,0.44,0.54,0.02,0.07621765,0.1000354,0.6144046,111.42
534900,0.4,0.57,0.03,0.07318506,0.07053827,0.8472067,130.53
535000,0.35,0.61,0.04,0.07994974,0.09005746,0.7438063,135.14
535100,0.4,0.55,0.05,0.06816413,0.06115178,1.082809,144.27
535200,0.49,0.44,0.07,0.06734012,0.06458946,1.405814,177.34
535300,0.41,0.54,0.05,0.08970369,0.08960079,1.051608,153.65
535400,0.42,0.55,0.03,0.09180509,0.08845003,0.7138044,120.59
535500,0.44,0.52,0.04,0.06695301,0.06449263,0.6532043,139.94
535600,0.4,0.56,0.04,0.07217145,0.07706679,1.027209,136.57
535700,0.42,0.56,0.02,0.07579507,0.08256201,0.4552021,131.06
535800,0.44,0.54,0.02,0.08058804,0.07609442,0.4696022,118.58
535900,0.4,0.51,0.09,0.07358162,0.07656156,1.354614,180.81
536000,0.5,0.47,0.03,0.07616656,0.07484201,0.6782046,115.4
536100,0.44,0.52,0.04,0.08229844,0.08056489,0.9684091,132.39
536200,0.43,0.53,0.04,0.0839463,0.08311889,0.9550072,135.73
536300,0.51,0.44,0.05,0.07744976,0.07729992,1.286212,144.52
536400,0.35,0.58,0.07,0.06867311,0.07382898,1.427613,172.79
536500,0.37,0.57,0.06,0.06289992,0.06443791,1.352212,141.14
536600,0.49,0.47,0.04,0.08710949,0.09206984,0.945807,162.55
536700,0.39,0.55,0.06,0.08935859,0.09172913,1.388814,163.03
536800,0.44,0.5,0.06,0.08935788,0.08635103,1.156812,152.17
536900,0.4,0.57,0.03,0.06728292,0.06026644,0.6742044,128.14
537000,0.44,0.51,0.05,0.08957883,0.08581571,1.106009,137.47
537100,0.39,0.53,0.08,0.06608652,0.07543589,1.734015,180.94
537200,0.45,0.54,0.01,0.08641669,0.0871146,0.3167999,115.51
537300,0.46,0.47,0.07,0.1013787,0.09705531,1.391013,172.66
537400,0.43,0.5,0.07,0.06609707,0.07431439,1.481012,177.18
537500,0.55,0.41,0.04,0.08908156,0.09376121,0.9750094,120.77
537600,0.35,0.62,0.03,0.07805703,0.07262227,0.7010065,116.55
537700,0.41,0.54,0.05,0.0735665,0.07653682,0.6672039,145.37
537800,0.42,0.5,0.08,0.07609887,0.08895094,1.344614,183.04
537900,0.49,0.46,0.05,0.07008234,0.06998813,1.26061,155.83
538000,0.48,0.44,0.08,0.09692972,0.08765177,1.577813,196.11
538100,0.41,0.58,0.01,0.07199564,0.06684874,0.371402,115.55
538200,0.48,0.52,0,0.07614056,0.07941148,0.2401998,85.68
538300,0.4,0.54,0.06,0.07265584,0.07060602,0.9810093,160.81
538400,0.42,0.55,0.03,0.0665812,0.06289921,0.4848017,134.14
538500,0.39,0.56,0.05,0.07934474,0.06601036,1.117811,141.15
538600,0.39,0.55,0.06,0.07353368,0.07436334,0.956808,146.57
538700,0.44,0.5,0.06,0.0819555,0.08450441,0.8440091,143.45
538800,0.49,0.47,0.04,0.06918829,0.06767844,0.9502062,156.45
538900,0.43,0.55,0.02,0.07388181,0.07415777,0.5210049,106.77
539000,0.46,0.5,0.04,0.07010693,0.06494615,0.9434063,138.03
539100,0.42,0.53,0.05,0.07784221,0.07221341,0.9600095,151.09
539200,0.38,0.58,0.04,0.102919,0.1006952,1.14681,125.43
539300,0.42,0.54,0.04,0.08638437,0.07919884,0.5532044,150.54
539400,0.52,0.43,0.05,0.06876758,0.06217904,0.6430044,143.8
539500,0.44,0.52,0.04,0.09451017,0.1155441,0.9666086,129.53
539600,0.37,0.56,0.07,0.08871032,0.0880366,1.412414,156.93
539700,0.46,0.52,0.02,0.07015853,0.06446905,0.6108037,132.91
539800,0.39,0.56,0.05,0.0685005,0.06554026,0.7996063,149.26
539900,0.5,0.45,0.05,0.06870104,0.07228006,1.061009,172.29
540000,0.41,0.57,0.02,0.09199146,0.08574495,0.6630044,121.29
540100,0.46,0.5,0.04,0.07111843,0.06776677,0.7444046,137.09
540200,0.5,0.47,0.03,0.07401639,0.06827768,0.8664052,140.22
540300,0.39,0.54,0.07,0.06924091,0.06582281,1.242812,164.57
540400,0.47,0.48,0.05,0.09515176,0.1065887,0.9940098,122.95
540500,0.47,0.49,0.04,0.07529351,0.083837,0.6908055,123.92
540600,0.5,0.48,0.02,0.09656611,0.08243715,1.020604,148.57
540700,0.33,0.62,0.05,0.06591919,0.0665327,1.03021,149.43
540800,0.41,0.55,0.04,0.06772832,0.06612819,0.8654093,134.32
540900,0.45,0.5,0.05,0.07518563,0.07433109,0.8224068,141.66
541000,0.33,0.62,0.05,0.06998553,0.06672987,1.11361,154.23
541100,0.43,0.52,0.05,0.06550233,0.06209849,1.005609,147.51
541200,0.37,0.61,0.02,0.08604843,0.09034556,0.4300021,135.1
541300,0.4,0.58,0.02,0.06965702,0.0662464,0.5154021,117.73
541400,0.52,0.46,0.02,0.0617055,0.06081071,0.8788049,131.07
541500,0.45,0.54,0.01,0.1177249,0.1278276,0.3796023,121.71
541600,0.5,0.48,0.02,0.08500937,0.1008842,0.5420019,123
541700,0.41,0.55,0.04,0.08293696,0.1066712,1.028208,136.83
541800,0.43,0.53,0.04,0.07326355,0.08101314,1.058007,159.54
541900,0.47,0.49,0.04,0.06215058,0.05923264,1.035606,153.23
542000,0.41,0.58,0.01,0.08558746,0.1023744,0.2665998,112.2
542100,0.53,0.46,0.01,0.09122762,0.09105066,0.5244023,102.71
542200,0.43,0.55,0.02,0.06717594,0.06483743,0.6366022,129.55
542300,0.38,0.58,0.04,0.0692767,0.07718396,1.049409,137
542400,0.47,0.47,0.06,0.08416952,0.07304204,1.146011,152.3
542500,0.44,0.53,0.03,0.06920349,0.06801162,0.8260068,134.14
542600,0.44,0.53,0.03,0.06487953,0.06158993,0.6082049,128.74
542700,0.34,0.61,0.05,0.0861236,0.09683368,0.864206,146.92
542800,0.45,0.5,0.05,0.06275064,0.06032535,0.9752064,155.62
542900,0.4,0.58,0.02,0.06994124,0.08378137,0.7592047,136.98
543000,0.43,0.51,0.06,0.06896695,0.0655621,1.039207,161.94
543100,0.47,0.52,0.01,0.08021042,0.09271839,0.5416021,122.01
543200,0.39,0.58,0.03,0.07031453,0.07251451,0.8130057,142.15
543300,0.48,0.48,0.04,0.0662004,0.06418701,0.5144022,134.01
543400,0.48,0.51,0.01,0.08067877,0.09178874,0.3481998,115.87
543500,0.49,0.48,0.03,0.07414571,0.08602069,0.6358019,141.38
543600,0.34,0.57,0.09,0.07588597,0.07212058,1.840821,185.77
543700,0.46,0.53,0.01,0.06916501,0.06561215,0.5950015,113.02
543800,0.4,0.56,0.04,0.08439582,0.08388898,1.145009,164.83
543900,0.42,0.56,0.02,0.06773002,0.08422574,0.6154044,121.54
544000,0.38,0.56,0.06,0.07672375,0.07955845,0.8684083,157.86
544100,0.45,0.51,0.04,0.06585277,0.06453161,0.9148065,132.11
544200,0.48,0.5,0.02,0.06909557,0.09828354,0.8084053,137.62
544300,0.43,0.52,0.05,0.07415818,0.07934147,0.7054042,158.42
544400,0.41,0.57,0.02,0.07534173,0.0848253,0.3644024,117.74
544500,0.44,0.54,0.02,0.09302358,0.09889691,0.6810044,120.17
544600,0.39,0.58,0.03,0.09622423,0.1091123,0.972608,137.16
544700,0.43,0.53,0.04,0.07295322,0.07901504,0.9902087,145.92
544800,0.36,0.57,0.07,0.07326762,0.07815498,0.8176059,182.07
544900,0.44,0.54,0.02,0.06455751,0.06667283,0.6936041,134.76
545000,0.39,0.56,0.05,0.0844305,0.09105108,1.14961,150.42
545100,0.32,0.63,0.05,0.07002265,0.06692976,0.5820061,150.65
545200,0.43,0.51,0.06,0.07470023,0.07343967,1.035209,145.91
545300,0.43,0.53,0.04,0.06770939,0.06360657,0.8688061,148.19
545400,0.51,0.48,0.01,0.06124481,0.05970731,0.3831997,110.71
545500,0.5,0.49,0.01,0.0718715,0.07460249,0.3029998,115.55
545600,0.45,0.53,0.02,0.08380397,0.08183449,0.6140038,110.76
545700,0.5,0.46,0.04,0.0635273,0.0582209,0.9950058,146.73
545800,0.43,0.54,0.03,0.07139935,0.07527295,0.8230065,121.48
545900,0.41,0.56,0.03,0.1011369,0.1174877,0.6938063,124.46
546000,0.44,0.52,0.04,0.07022992,0.06727929,0.6760045,134.73
546100,0.38,0.58,0.04,0.07497692,0.08452132,0.8274059,138.25
546200,0.4,0.57,0.03,0.0733544,0.06968926,0.7040058,146.14
546300,0.42,0.54,0.04,0.078093,0.08773294,0.9582084,139.91
546400,0.5,0.47,0.03,0.06872535,0.06922929,0.6848022,128.38
546500,0.38,0.58,0.04,0.09177402,0.08837387,1.041609,134.58
546600,0.39,0.56,0.05,0.08708716,0.09104951,0.9976093,132.11
546700,0.52,0.45,0.03,0.06422576,0.06730441,0.8258073,131.52
546800,0.39,0.59,0.02,0.08509208,0.08967877,0.6036046,116.88
546900,0.42,0.53,0.05,0.06335604,0.05899164,1.320212,162.14
547000,0.47,0.49,0.04,0.06080911,0.05855863,0.8502066,155.75
547100,0.44,0.53,0.03,0.07911459,0.07162955,0.5264045,135.63
547200,0.51,0.46,0.03,0.05495567,0.05155621,0.6198022,141.46
547300,0.44,0.53,0.03,0.07471117,0.07296072,0.3504024,129.67
547400,0.47,0.47,0.06,0.07191242,0.08536014,1.330611,164.25
547500,0.37,0.57,0.06,0.07591668,0.08351751,1.308412,151.14
547600,0.42,0.57,0.01,0.08049733,0.09037338,0.1845999,123.5
547700,0.38,0.58,0.04,0.09310158,0.08930009,0.9146088,148.64
547800,0.51,0.47,0.02,0.06693976,0.06763587,0.6564017,116.84
547900,0.39,0.59,0.02,0.07246842,0.07090653,0.5862049,132.95
548000,0.37,0.55,0.08,0.07879854,0.08056524,1.121211,174.98
548100,0.36,0.59,0.05,0.08108609,0.07542066,0.9892085,160.19
548200,0.39,0.59,0.02,0.0834779,0.09252346,0.6382048,106.38
548300,0.51,0.45,0.04,0.06685445,0.06050508,0.883604,158.61
548400,0.52,0.45,0.03,0.07036985,0.07254618,0.7504071,112.86
548500,0.53,0.46,0.01,0.07762622,0.07157648,0.5346011,103.48
548600,0.38,0.58,0.04,0.07681675,0.0853558,0.7054052,137.29
548700,0.41,0.56,0.03,0.08799639,0.09921172,0.4924019,126.7
548800,0.37,0.6,0.03,0.07195208,0.07322475,0.7092048,133.89
548900,0.43,0.56,0.01,0.06731565,0.06091307,0.5360015,124.9
549000,0.4,0.58,0.02,0.0683806,0.06802331,0.6900045,123.43
549100,0.37,0.61,0.02,0.08185749,0.09856895,0.5636044,124.37
549200,0.46,0.51,0.03,0.06697591,0.06727044,0.8206069,137.23
549300,0.4,0.54,0.06,0.0792056,0.08273844,1.281612,163.44
549400,0.3,0.65,0.05,0.0652216,0.06265825,1.070612,137.58
549500,0.45,0.54,0.01,0.06977491,0.07502767,0.4544017,110.23
549600,0.47,0.5,0.03,0.06485324,0.0816029,0.7004045,132.83
549700,0.44,0.52,0.04,0.09602725,0.1086863,0.6958043,126.66
549800,0.42,0.56,0.02,0.0814629,0.07832021,0.5958046,114.91
549900,0.4,0.58,0.02,0.078729,0.07252213,0.5580049,115.14
550000,0.39,0.54,0.07,0.08352435,0.1049265,0.9464065,150.86
550100,0.39,0.59,0.02,0.08819573,0.08974145,0.2893998,115.02
550200,0.45,0.53,0.02,0.07155921,0.07519361,0.9322039,123.78
550300,0.45,0.51,0.04,0.07929983,0.07914808,0.8480045,163.69
550400,0.32,0.66,0.02,0.07929428,0.08652472,0.3664025,130.06
550500,0.44,0.52,0.04,0.08502569,0.08145688,0.515003,137.58
550600,0.48,0.47,0.05,0.07065834,0.06248565,1.297012,148.72
550700,0.29,0.66,0.05,0.07461432,0.07565613,1.197811,145.27
550800,0.42,0.55,0.03,0.07452913,0.06937261,0.8326066,128.96
550900,0.4,0.56,0.04,0.07099055,0.07075092,0.9282071,138.65
551000,0.4,0.55,0.05,0.05939472,0.05391353,0.6286014,152.96
551100,0.46,0.5,0.04,0.06951936,0.06585316,0.7716056,133.7
551200,0.55,0.42,0.03,0.06574613,0.05621365,0.8238069,140.59
551300,0.5,0.49,0.01,0.07454827,0.07206291,0.3491997,118.27
551400,0.42,0.57,0.01,0.06723513,0.07860375,0.3195997,112.34
551500,0.43,0.54,0.03,0.07012332,0.06445117,0.5002023,139.12
551600,0.45,0.49,0.06,0.07827514,0.07602334,1.327011,163.36
551700,0.37,0.59,0.04,0.07837449,0.08573076,0.8170071,137.77
551800,0.4,0.55,0.05,0.06910989,0.08982041,1.004408,142.1
551900,0.39,0.58,0.03,0.08454602,0.09396429,0.8658071,131.3
552000,0.55,0.43,0.02,0.0763227,0.0778904,0.787004,121.22
552100,0.46,0.52,0.02,0.07149296,0.07150927,0.6142028,122.53
552200,0.36,0.57,0.07,0.08940177,0.1031765,1.255211,162.07
552300,0.44,0.55,0.01,0.079731,0.07335195,0.1797999,111.93
552400,0.38,0.58,0.04,0.0844608,0.09302033,0.5980042,146.99
552500,0.44,0.55,0.01,0.07229044,0.06484677,0.3611997,111.31
552600,0.4,0.54,0.06,0.08596392,0.1056862,1.259013,149.99
552700,0.43,0.52,0.05,0.07935882,0.07102773,0.9822093,139.65
552800,0.37,0.59,0.04,0.0785403,0.08834389,0.6914071,133.5
552900,0.48,0.48,0.04,0.06026047,0.05979007,0.8696062,134.64
553000,0.42,0.55,0.03,0.07664117,0.07056963,0.8070052,143.19
553100,0.34,0.61,0.05,0.07491347,0.07119973,0.7114066,160.28
553200,0.45,0.53,0.02,0.06290813,0.06074833,0.4150022,109.74
553300,0.45,0.52,0.03,0.07234614,0.06295431,0.6326044,134.21
553400,0.47,0.46,0.07,0.07244004,0.07568655,0.8804067,159.38
553500,0.43,0.52,0.05,0.09658983,0.1044962,1.024609,154.02
553600,0.35,0.6,0.05,0.07857902,0.07279596,0.9216068,163.39
553700,0.5,0.46,0.04,0.06032108,0.05761504,1.138808,172.82
553800,0.42,0.53,0.05,0.08143093,0.08456261,0.923409,153.78
553900,0.41,0.56,0.03,0.0746649,0.08071473,0.7314059,128.38
554000,0.44,0.52,0.04,0.07764589,0.08047397,0.9718083,137.32
554100,0.3,0.64,0.06,0.06561279,0.06138422,1.352614,169.24
554200,0.43,0.55,0.02,0.08792005,0.09919563,0.7320018,112.72
554300,0.4,0.56,0.04,0.07044754,0.07093964,0.4192021,148.57
554400,0.43,0.55,0.02,0.06973512,0.06502388,0.3035997,116.62
554500,0.4,0.57,0.03,0.08890282,0.07016683,0.853006,143.1
554600,0.44,0.5,0.06,0.07815026,0.07586803,1.360613,161.21
554700,0.51,0.48,0.01,0.05884836,0.05637403,0.5144024,125.08
554800,0.47,0.47,0.06,0.07150413,0.06577252,1.076212,140.53
554900,0.49,0.45,0.06,0.07840499,0.07207277,0.9868072,140.94
555000,0.5,0.46,0.04,0.0654978,0.06521706,0.8644058,144.16
555100,0.41,0.56,0.03,0.109046,0.1226436,0.7192065,133.72
555200,0.41,0.57,0.02,0.06503668,0.0686892,0.4292021,131.41
555300,0.45,0.49,0.06,0.08866229,0.09363954,1.233411,154.02
555400,0.38,0.57,0.05,0.06868423,0.0706813,0.9530067,144.57
555500,0.48,0.48,0.04,0.06847888,0.06866512,1.055409,137.61
555600,0.33,0.58,0.09,0.0791961,0.07606133,1.420014,191.99
555700,0.37,0.57,0.06,0.07998022,0.07585298,0.903608,150.17
555800,0.38,0.55,0.07,0.07506952,0.06346785,1.353014,158.61
555900,0.39,0.56,0.05,0.08646502,0.07638321,0.8696066,142.04
556000,0.38,0.59,0.03,0.07359657,0.07385916,0.888007,143.56
556100,0.51,0.45,0.04,0.08613749,0.09911197,1.075209,148.39
556200,0.42,0.57,0.01,0.08695007,0.08541788,0.4728023,116.96
556300,0.45,0.51,0.04,0.08379252,0.09324805,0.8464072,145.08
556400,0.44,0.52,0.04,0.07805365,0.08592225,0.991208,153.68
556500,0.53,0.46,0.01,0.06981083,0.08129513,0.2795998,113.27
556600,0.4,0.56,0.04,0.08099011,0.090556,0.8272054,131.1
556700,0.44,0.54,0.02,0.08758818,0.08126057,0.4684021,119.09
556800,0.37,0.56,0.07,0.07908375,0.08892799,1.395214,169.39
556900,0.49,0.48,0.03,0.06271608,0.05921946,0.4608018,129.71
557000,0.53,0.43,0.04,0.07231224,0.06518384,0.8790068,133.96
557100,0.45,0.49,0.06,0.06233614,0.05893425,0.7424046,167.37
557200,0.4,0.52,0.08,0.06425586,0.05770078,1.521214,173.63
557300,0.34,0.62,0.04,0.06147189,0.05891596,0.854807,169.12
557400,0.56,0.39,0.05,0.06661542,0.06964557,1.215811,150.78
557500,0.43,0.49,0.08,0.06041379,0.05612034,1.512415,177.92
557600,0.45,0.52,0.03,0.09051753,0.1128234,0.8036065,118.14
557700,0.42,0.54,0.04,0.08105785,0.07566062,1.241607,144.51
557800,0.41,0.53,0.06,0.07409355,0.06983627,1.172011,146.57
557900,0.42,0.53,0.05,0.08364289,0.07865197,0.9456087,142.88
558000,0.54,0.42,0.04,0.0992812,0.1212436,0.7762039,131.04
558100,0.38,0.59,0.03,0.08214699,0.08365249,0.3708022,134.92
558200,0.41,0.55,0.04,0.08633529,0.0818653,0.911607,142.19
558300,0.39,0.58,0.03,0.06732895,0.06592367,0.820607,129.64
558400,0.49,0.48,0.03,0.08332781,0.0851565,0.680005,137.41
558500,0.38,0.57,0.05,0.0684888,0.06558492,0.6816043,145.21
558600,0.4,0.58,0.02,0.07815336,0.07695033,0.7002048,116.93
558700,0.37,0.58,0.05,0.07295552,0.07664612,0.9156085,138.4
558800,0.46,0.5,0.04,0.1042523,0.09124563,0.8518051,143.73
558900,0.43,0.51,0.06,0.07932669,0.08502889,1.061008,163.23
559000,0.37,0.62,0.01,0.1052213,0.1089615,0.2890018,107.65
559100,0.45,0.49,0.06,0.08460671,0.08490672,1.15321,135.98
559200,0.48,0.51,0.01,0.07054174,0.07436512,0.4666021,123.4
559300,0.3,0.63,0.07,0.09408817,0.09929267,1.321813,169.87
559400,0.43,0.51,0.06,0.06814122,0.06210672,1.164412,148.37
559500,0.42,0.53,0.05,0.06003084,0.06397075,0.9480082,142.17
559600,0.37,0.57,0.06,0.07886002,0.08503467,1.120012,163.24
559700,0.44,0.51,0.05,0.08071198,0.08471841,1.132411,137.46
559800,0.41,0.57,0.02,0.1006624,0.125128,0.5130023,121.93
559900,0.43,0.5,0.07,0.06329881,0.05296847,0.9968086,176.38
560000,0.47,0.49,0.04,0.07908072,0.07656657,0.7268045,144.29
560100,0.39,0.56,0.05,0.1013499,0.1053578,0.8056068,135.05
560200,0.41,0.56,0.03,0.07109999,0.0647606,0.813607,143.6
560300,0.43,0.52,0.05,0.0816884,0.08094481,1.37221,164.41
560400,0.36,0.59,0.05,0.08141067,0.07580115,1.142211,138.11
560500,0.49,0.48,0.03,0.0704203,0.06503382,0.792804,125.58
560600,0.41,0.55,0.04,0.08636536,0.09359771,0.99081,132.54
560700,0.44,0.56,0,0.07771625,0.07352701,0.1899999,93.9
560800,0.41,0.53,0.06,0.08747047,0.1036069,1.053809,162.87
560900,0.43,0.52,0.05,0.08076416,0.08102394,0.9340088,137.11
561000,0.5,0.46,0.04,0.06284602,0.06351869,1.096007,151.8
561100,0.38,0.61,0.01,0.06368921,0.06015054,0.4628024,117.01
561200,0.41,0.55,0.04,0.06144438,0.05926962,0.9948093,144
561300,0.42,0.56,0.02,0.07537568,0.07432178,0.7794045,135.76
561400,0.44,0.5,0.06,0.06658842,0.06094471,1.374213,154.65
561500,0.46,0.48,0.06,0.08271458,0.09273109,1.412613,161.18
561600,0.46,0.52,0.02,0.103291,0.1124037,0.8130038,120.31
561700,0.45,0.53,0.02,0.08946336,0.08303173,0.7352044,128.97
561800,0.4,0.53,0.07,0.07123838,0.06555507,1.121011,169.41
561900,0.48,0.52,0,0.06845701,0.06821366,0.2947998,97.69
562000,0.4,0.56,0.04,0.1025155,0.1165328,0.8788095,125.96
562100,0.45,0.51,0.04,0.06635191,0.08018471,0.9232065,136.48
562200,0.46,0.51,0.03,0.08073997,0.08096094,0.7300043,139.41
562300,0.38,0.61,0.01,0.06681807,0.06088628,0.4674025,112.31
562400,0.4,0.57,0.03,0.0763534,0.07030879,0.7330062,143.86
562500,0.51,0.49,0,0.07951589,0.08924758,0.4501997,129.56
562600,0.4,0.55,0.05,0.0721533,0.08233608,0.9658083,149.73
562700,0.48,0.45,0.07,0.08713352,0.0770664,1.585013,177.01
562800,0.43,0.54,0.03,0.06499619,0.06122969,0.8160071,140.65
562900,0.42,0.54,0.04,0.06961613,0.06378952,0.8366065,162.71
563000,0.38,0.58,0.04,0.0836013,0.07654526,0.8044069,139.04
563100,0.42,0.57,0.01,0.07915505,0.08990595,0.3424021,101.13
563200,0.42,0.52,0.06,0.09108934,0.1049426,1.157212,155.92
563300,0.45,0.48,0.07,0.07639854,0.08066679,1.091009,152.14
563400,0.42,0.57,0.01,0.07088621,0.07301743,0.4610021,118.92
563500,0.41,0.55,0.04,0.08052612,0.0711709,0.8056067,135.66
563600,0.34,0.57,0.09,0.07695657,0.08007117,1.655016,188.71
563700,0.52,0.45,0.03,0.05725762,0.05262589,0.9596065,154.03
563800,0.36,0.61,0.03,0.07100002,0.06214739,0.3636025,126.54
563900,0.33,0.61,0.06,0.0840366,0.08511983,1.156811,159.68
564000,0.45,0.45,0.1,0.07526994,0.07161373,1.990823,189.95
564100,0.41,0.54,0.05,0.08308653,0.08298035,0.8624069,144.72
564200,0.41,0.55,0.04,0.07997539,0.1052815,0.6868043,141.42
564300,0.54,0.43,0.03,0.07830515,0.0758557,0.9688054,130.71
564400,0.37,0.6,0.03,0.07788546,0.07302816,0.5114045,122.24
564500,0.35,0.59,0.06,0.08414041,0.08764651,1.327812,164.67
564600,0.39,0.59,0.02,0.08263255,0.07698496,0.7100038,130.46
564700,0.41,0.55,0.04,0.06263033,0.05805203,1.027809,147.24
564800,0.41,0.51,0.08,0.07923136,0.08348704,1.285414,158.4
564900,0.45,0.49,0.06,0.074231,0.08219919,1.024409,146
565000,0.41,0.57,0.02,0.06829539,0.06533311,0.5636024,125.66
565100,0.38,0.6,0.02,0.08008961,0.09364088,0.502802,123.88
565200,0.46,0.49,0.05,0.08437779,0.08135704,1.218011,141.38
565300,0.36,0.59,0.05,0.08193558,0.07645505,1.05361,132.52
565400,0.41,0.52,0.07,0.0801929,0.08336219,1.147809,179.31
565500,0.25,0.71,0.04,0.08374149,0.09745054,0.870409,133.54
565600,0.43,0.56,0.01,0.09270575,0.1099106,0.3780018,85.95
565700,0.43,0.55,0.02,0.06830029,0.08158257,0.7010047,141.84
565800,0.41,0.55,0.04,0.07080693,0.06492677,0.8372065,152.76
565900,0.43,0.54,0.03,0.06706898,0.06743528,0.5914044,140.92
566000,0.42,0.56,0.02,0.06509119,0.06619909,0.6608037,125.6
566100,0.37,0.57,0.06,0.08213696,0.08511299,1.443414,154.19
566200,0.44,0.54,0.02,0.08951722,0.09095664,0.5714021,109.44
566300,0.44,0.53,0.03,0.06359828,0.05923347,0.7944042,144.48
566400,0.43,0.53,0.04,0.06504278,0.06849441,0.9272071,139.41
566500,0.41,0.55,0.04,0.07745833,0.06763975,0.970207,159.4
566600,0.43,0.51,0.06,0.08611836,0.09318399,0.9048061,163.23
566700,0.39,0.53,0.08,0.09216639,0.1049498,1.543614,175.55
566800,0.39,0.55,0.06,0.06795958,0.07418045,1.234213,150.55
566900,0.36,0.58,0.06,0.08727119,0.07964208,1.032411,142.63
567000,0.5,0.48,0.02,0.06465877,0.06500659,0.7114043,123.1
567100,0.52,0.44,0.04,0.08021056,0.07721195,0.9082072,128.04
567200,0.32,0.65,0.03,0.07612822,0.07966076,0.780007,126.48
567300,0.36,0.56,0.08,0.07128268,0.08468381,1.215612,176.9
567400,0.44,0.53,0.03,0.08594927,0.08693311,0.6802042,124.58
567500,0.45,0.5,0.05,0.05817073,0.05727463,1.03841,157.53
567600,0.46,0.51,0.03,0.07446768,0.07442065,0.5736018,131.68
567700,0.44,0.53,0.03,0.07464027,0.07781761,0.9152064,135.05
567800,0.4,0.54,0.06,0.08647571,0.09669505,1.284012,168.3
567900,0.48,0.47,0.05,0.07871561,0.07265686,1.04501,155.98
568000,0.48,0.48,0.04,0.0680797,0.05599242,0.9098073,139.65
568100,0.45,0.52,0.03,0.08533184,0.08573305,0.8208071,131.73
568200,0.53,0.43,0.04,0.06902299,0.06818861,0.8376055,144.8
568300,0.43,0.53,0.04,0.07474634,0.09352337,0.835405,131.48
568400,0.34,0.59,0.07,0.07296606,0.07187906,1.11181,162.42
568500,0.42,0.55,0.03,0.07301535,0.07231765,0.6358027,135.59
568600,0.46,0.52,0.02,0.07362092,0.07185201,0.6388049,122.71
568700,0.4,0.58,0.02,0.08404052,0.09702215,0.691205,104.77
568800,0.42,0.54,0.04,0.08445451,0.08437544,0.7760046,143.42
568900,0.42,0.51,0.07,0.08593896,0.07873245,1.155212,157.9
569000,0.42,0.55,0.03,0.07282814,0.07092361,0.796607,138.02
569100,0.51,0.45,0.04,0.08230096,0.08546157,0.8466065,141.83
569200,0.4,0.57,0.03,0.09095731,0.1063396,0.586805,128.04
569300,0.45,0.51,0.04,0.09994007,0.1067636,1.074408,136.96
569400,0.43,0.56,0.01,0.07569465,0.07575773,0.3507997,106.03
569500,0.36,0.6,0.04,0.07746178,0.07705453,0.9358076,128.5
569600,0.41,0.55,0.04,0.06529637,0.06100922,0.7710073,138.8
569700,0.36,0.62,0.02,0.09392994,0.08650309,0.5638043,116.89
569800,0.43,0.52,0.05,0.07745469,0.06499686,1.030409,147.27
569900,0.4,0.54,0.06,0.08040872,0.08914927,1.187211,156.81
570000,0.48,0.51,0.01,0.08292165,0.08347055,0.5718024,111.3
570100,0.46,0.5,0.04,0.08221776,0.09047729,0.9752066,149.64
570200,0.51,0.46,0.03,0.0765157,0.07037643,0.6882043,117.69
570300,0.45,0.52,0.03,0.08897975,0.08990074,0.7958068,114.49
570400,0.52,0.43,0.05,0.07455839,0.07452419,1.173412,138.68
570500,0.38,0.57,0.05,0.06907857,0.06011489,0.6880036,152.05
570600,0.43,0.51,0.06,0.06969523,0.0704815,1.135811,138.6
570700,0.43,0.52,0.05,0.07874566,0.07182003,1.275411,137.41
570800,0.42,0.54,0.04,0.0881244,0.1080472,0.9386093,157.62
570900,0.46,0.49,0.05,0.08474698,0.08647031,1.105209,139.39
571000,0.38,0.57,0.05,0.07375499,0.06448002,0.9770083,144.16
571100,0.38,0.57,0.05,0.08464649,0.08395882,0.7700071,141.15
571200,0.5,0.42,0.08,0.06897879,0.06158597,1.554214,174.34
571300,0.39,0.57,0.04,0.07726383,0.07173905,0.8528069,137.5
571400,0.41,0.55,0.04,0.07385901,0.08333278,0.8120053,140.49
571500,0.39,0.54,0.07,0.08927764,0.1051232,1.618016,179.36
571600,0.46,0.5,0.04,0.07721555,0.07472074,0.8314068,133.07
571700,0.5,0.47,0.03,0.09200434,0.09492552,0.7948062,126.29
571800,0.33,0.62,0.05,0.07624593,0.07384814,0.7488065,142.64
571900,0.39,0.57,0.04,0.09047028,0.09492519,0.2982019,126.73
572000,0.42,0.54,0.04,0.1092147,0.09885496,0.9472086,117.46
572100,0.42,0.53,0.05,0.08232611,0.08562502,1.10901,144.65
572200,0.61,0.37,0.02,0.06703704,0.06302627,0.4703997,124.18
572300,0.47,0.5,0.03,0.0612883,0.05468631,0.6846043,138.02
572400,0.45,0.48,0.07,0.06039083,0.05680881,1.618217,182.29
572500,0.37,0.59,0.04,0.07038618,0.06596052,0.9362057,148.02
572600,0.52,0.43,0.05,0.07015041,0.07295725,1.213612,141.04
572700,0.4,0.56,0.04,0.07604087,0.0775888,1.133008,142.82
572800,0.45,0.51,0.04,0.07078895,0.07086947,1.072608,139.9
572900,0.42,0.53,0.05,0.09647921,0.09855675,0.9478098,144.52
573000,0.42,0.56,0.02,0.07081886,0.07041809,0.6306049,122.6
573100,0.39,0.56,0.05,0.0764856,0.07416745,1.137011,150.18
573200,0.45,0.48,0.07,0.06877966,0.07464648,1.431015,162.82
573300,0.42,0.53,0.05,0.07953317,0.08819416,1.157612,150.87
573400,0.45,0.52,0.03,0.08117729,0.08851282,0.5448022,114.29
573500,0.4,0.58,0.02,0.0823203,0.09317218,0.502004,117.42
573600,0.49,0.45,0.06,0.05629392,0.05705813,1.472414,158.57
573700,0.41,0.57,0.02,0.09574281,0.08704492,0.6594047,122.7
573800,0.45,0.52,0.03,0.06568313,0.0639153,0.8220072,135.15
573900,0.41,0.55,0.04,0.08337797,0.1014592,0.9508061,142.73
574000,0.37,0.57,0.06,0.08864991,0.08574641,1.207611,146.55
574100,0.4,0.56,0.04,0.09865972,0.1033977,0.9230072,139.11
574200,0.38,0.54,0.08,0.08142351,0.07968734,1.318613,191.32
574300,0.44,0.53,0.03,0.07066379,0.08566546,0.8084065,130.3
574400,0.41,0.57,0.02,0.07437523,0.07265492,0.5112045,112.14
574500,0.49,0.46,0.05,0.07257648,0.07415382,0.7524071,140.93
574600,0.47,0.5,0.03,0.07105251,0.06720757,0.7152043,133.91
574700,0.5,0.48,0.02,0.06492142,0.05834004,0.4923996,127.9
574800,0.48,0.49,0.03,0.07609067,0.06789404,0.7112048,142.52
574900,0.45,0.51,0.04,0.08312707,0.09670785,0.6190045,140.13
575000,0.56,0.4,0.04,0.07262047,0.08076102,0.8646064,141.9
575100,0.44,0.53,0.03,0.09386963,0.09226033,0.692004,121.79
575200,0.44,0.5,0.06,0.08150011,0.07179689,1.004809,157.09
575300,0.47,0.49,0.04,0.07916445,0.08337429,1.115009,135.93
575400,0.46,0.53,0.01,0.09797303,0.1079684,0.3730021,106.6
575500,0.44,0.55,0.01,0.08022856,0.0899496,0.4824021,123.85
575600,0.41,0.55,0.04,0.07037728,0.07082636,0.7172064,152.5
575700,0.41,0.49,0.1,0.09054355,0.1113948,1.576813,189.27
575800,0.33,0.61,0.06,0.06642368,0.06378306,1.167211,173.43
575900,0.39,0.54,0.07,0.06975693,0.06198506,1.241613,168.23
576000,0.33,0.61,0.06,0.08780358,0.1068008,0.8194069,159.41
576100,0.47,0.49,0.04,0.08986931,0.09115373,0.9296068,148.44
576200,0.4,0.53,0.07,0.0684452,0.07009962,1.523214,172.31
576300,0.51,0.45,0.04,0.08837821,0.08574925,1.012209,122.91
576400,0.42,0.53,0.05,0.07119584,0.08577629,1.117011,155.11
576500,0.36,0.57,0.07,0.06731392,0.06401281,0.5610043,162.88
576600,0.39,0.51,0.1,0.07838783,0.0806565,1.738219,185.65
576700,0.42,0.52,0.06,0.0957033,0.09662815,1.100811,160.85
576800,0.49,0.5,0.01,0.08141217,0.07887007,0.441402,101.2
576900,0.45,0.52,0.03,0.0765447,0.08575711,0.9502065,149.84
577000,0.53,0.46,0.01,0.1041961,0.1246199,0.4688019,94.71
577100,0.47,0.5,0.03,0.08933061,0.07960434,0.7192066,137.51
577200,0.43,0.52,0.05,0.06860845,0.06253304,1.057406,155.68
577300,0.44,0.55,0.01,0.108906,0.1305798,0.4354022,106.68
577400,0.43,0.5,0.07,0.06400802,0.06040594,1.346011,178.13
577500,0.36,0.56,0.08,0.08997615,0.08439157,1.730218,165.33
577600,0.4,0.52,0.08,0.08349621,0.09260328,1.528817,174.01
577700,0.54,0.42,0.04,0.07033372,0.06553832,1.045408,139.65
577800,0.46,0.51,0.03,0.07042956,0.06290016,0.7720062,128.87
577900,0.44,0.5,0.06,0.06951582,0.07355016,1.504414,149.75
578000,0.41,0.52,0.07,0.07012887,0.06712081,1.379613,161.82
578100,0.46,0.5,0.04,0.08076116,0.09045335,0.6662039,145.44
578200,0.47,0.48,0.05,0.0695648,0.06481446,0.9072083,133.23
578300,0.38,0.52,0.1,0.07284135,0.07965168,1.651417,187.63
578400,0.4,0.55,0.05,0.06360786,0.06250615,0.7218041,155.64
578500,0.43,0.5,0.07,0.09116514,0.1027296,1.101211,148.63
578600,0.37,0.58,0.05,0.0774098,0.06990353,1.151412,150.56
578700,0.36,0.57,0.07,0.06665445,0.06332704,1.232213,162.08
578800,0.36,0.58,0.06,0.07338879,0.07625938,1.277813,150.41
578900,0.44,0.54,0.02,0.07866658,0.0877914,0.6606047,138.05
579000,0.41,0.54,0.05,0.0719284,0.07954708,1.089211,136.79
579100,0.47,0.45,0.08,0.07957857,0.07528225,1.675217,168.12
579200,0.35,0.58,0.07,0.07695375,0.07556765,1.393614,145.97
579300,0.47,0.49,0.04,0.06125541,0.05685119,1.054208,143.37
579400,0.41,0.53,0.06,0.07351257,0.0656773,1.227211,171.1
579500,0.45,0.51,0.04,0.0773326,0.08414259,1.092809,122.2
579600,0.43,0.52,0.05,0.07140569,0.06639553,1.068009,143.17
579700,0.39,0.57,0.04,0.06554354,0.06236196,0.9316083,137.93
579800,0.44,0.53,0.03,0.09429912,0.09624124,0.7108046,114.71
579900,0.54,0.44,0.02,0.07592504,0.08520265,0.5040018,112.4
580000,0.35,0.61,0.04,0.08003818,0.07411075,0.9756094,136.84
580100,0.44,0.53,0.03,0.06623624,0.06472541,0.7126045,133.23
580200,0.45,0.5,0.05,0.08006185,0.07810588,0.7996048,130.99
580300,0.42,0.53,0.05,0.0984537,0.1020898,1.173411,146.13
580400,0.46,0.49,0.05,0.07004859,0.07468701,1.093609,171.65
580500,0.49,0.48,0.03,0.05804691,0.05683047,0.9696034,143.88
580600,0.4,0.53,0.07,0.05947905,0.0543744,1.545417,170.1
580700,0.35,0.6,0.05,0.0871231,0.0900825,0.8476059,154.77
580800,0.45,0.5,0.05,0.06485198,0.06503529,1.316611,145.5
580900,0.52,0.42,0.06,0.06007954,0.05977319,1.319414,140.87
581000,0.46,0.49,0.05,0.06800608,0.07434009,1.154811,168
581100,0.45,0.5,0.05,0.07212642,0.07799465,0.9756078,132.85
581200,0.49,0.47,0.04,0.07168389,0.08635993,0.9358066,166.46
581300,0.46,0.52,0.02,0.07252334,0.07227645,0.6664047,132.02
581400,0.36,0.58,0.06,0.06556849,0.06513419,1.10441,151.21
581500,0.4,0.5,0.1,0.07061373,0.0667806,1.740617,191.77
581600,0.36,0.6,0.04,0.08120899,0.07653738,0.9656088,128.07
581700,0.49,0.42,0.09,0.06782584,0.06667037,1.924019,195.17
581800,0.31,0.66,0.03,0.07810254,0.07014932,0.573605,134.04
581900,0.49,0.43,0.08,0.07389737,0.07379781,1.339013,177.68
582000,0.39,0.55,0.06,0.06349382,0.06032353,1.156411,167.7
582100,0.41,0.58,0.01,0.06975791,0.06808268,0.4630022,108.08
582200,0.47,0.49,0.04,0.06477869,0.06910214,0.9976085,141.58
582300,0.46,0.49,0.05,0.06339263,0.06328692,0.8326074,161.37
582400,0.46,0.51,0.03,0.06591109,0.05963863,0.9294069,134.57
582500,0.47,0.48,0.05,0.106409,0.1244056,1.007008,142.31
582600,0.4,0.56,0.04,0.1001711,0.1031539,0.9282088,140.22
582700,0.45,0.52,0.03,0.06733053,0.05814964,0.5682046,127.36
582800,0.45,0.49,0.06,0.07245103,0.07619181,1.240411,163.68
582900,0.49,0.5,0.01,0.08421353,0.1042848,0.4212021,119.17
583000,0.4,0.58,0.02,0.07835943,0.07869021,0.4654025,122.51
583100,0.5,0.42,0.08,0.05080742,0.04975365,1.501413,199.96
583200,0.49,0.46,0.05,0.06953816,0.06569667,1.200812,140.66
583300,0.47,0.49,0.04,0.06973667,0.06445616,1.065609,144.84
583400,0.35,0.56,0.09,0.0821183,0.08526301,1.84062,190.21
583500,0.42,0.54,0.04,0.09318474,0.0889048,0.8104074,131.56
583600,0.36,0.6,0.04,0.07280676,0.07473078,0.7506071,135.46
583700,0.5,0.43,0.07,0.06314335,0.05598548,1.371814,151.12
583800,0.4,0.53,0.07,0.08462089,0.08883473,1.388613,162.98
583900,0.38,0.58,0.04,0.0678736,0.06297366,1.016209,140.34
584000,0.39,0.56,0.05,0.06291423,0.05458995,0.951009,145.53
584100,0.42,0.56,0.02,0.1171622,0.1097765,0.3202024,101.62
584200,0.36,0.6,0.04,0.1014373,0.1004803,0.7760063,148.3
584300,0.5,0.43,0.07,0.06235591,0.06155034,1.076009,173.16
584400,0.46,0.51,0.03,0.07824153,0.07697496,0.8834068,128.71
584500,0.43,0.51,0.06,0.0772578,0.07937243,1.481815,167.09
584600,0.52,0.43,0.05,0.1014606,0.1303124,0.9392083,151.59
584700,0.4,0.6,0,0.07972446,0.08010303,0.4833997,107.34
584800,0.49,0.47,0.04,0.07398129,0.07957231,0.9660061,136.64
584900,0.42,0.54,0.04,0.09123895,0.1034528,1.04361,135.74
585000,0.53,0.44,0.03,0.05999259,0.05829283,0.7590042,135.01
585100,0.37,0.57,0.06,0.06965633,0.06329303,1.168811,149.49
585200,0.41,0.52,0.07,0.07692446,0.1006801,1.542615,171.33
585300,0.4,0.52,0.08,0.07536926,0.06813399,1.293013,160.14
585400,0.41,0.56,0.03,0.07343312,0.07506949,1.045207,130.2
585500,0.4,0.56,0.04,0.07748725,0.07701416,0.8220068,144.3
585600,0.49,0.45,0.06,0.07058819,0.06696269,1.30061,165.13
585700,0.48,0.45,0.07,0.09046404,0.1052481,1.120611,172.28
585800,0.46,0.54,0,0.1137604,0.1198687,0.2793998,112.56
585900,0.43,0.51,0.06,0.0755676,0.09987402,1.001209,159.7
586000,0.49,0.49,0.02,0.08542129,0.09000248,0.6930043,116.15
586100,0.47,0.48,0.05,0.07044752,0.07628006,0.7878041,151.72
586200,0.44,0.49,0.07,0.06244906,0.06944463,1.494615,159.86
586300,0.43,0.53,0.04,0.07338136,0.06311287,0.9464094,126.23
586400,0.44,0.52,0.04,0.07378218,0.08698211,1.019209,123.55
586500,0.33,0.61,0.06,0.07868025,0.08450045,1.411213,165.88
586600,0.4,0.56,0.04,0.06754288,0.06326218,0.8916087,150.6
586700,0.37,0.6,0.03,0.07157376,0.07354427,0.5934049,122.91
586800,0.39,0.55,0.06,0.07096022,0.06337513,1.280013,159.66
586900,0.44,0.52,0.04,0.07238785,0.07197675,0.8242062,148.72
587000,0.45,0.52,0.03,0.09969482,0.0999578,1.005407,124.5
587100,0.45,0.49,0.06,0.068823,0.0649401,1.403613,154.83
587200,0.37,0.61,0.02,0.0853171,0.1096912,0.3940023,140.37
587300,0.42,0.52,0.06,0.06768075,0.06921896,1.198611,170.34
587400,0.39,0.56,0.05,0.0766146,0.07672305,0.9204088,144.21
587500,0.44,0.52,0.04,0.08360405,0.08700265,0.885007,143.35
587600,0.4,0.56,0.04,0.0918295,0.1045667,0.9050092,126.17
587700,0.38,0.58,0.04,0.06430543,0.05785685,0.9810088,138.31
587800,0.47,0.51,0.02,0.09356655,0.0916916,0.7236045,118.67
587900,0.42,0.55,0.03,0.0768287,0.0800631,0.8288073,111.15
588000,0.5,0.44,0.06,0.07300013,0.07683372,1.464813,162.03
588100,0.39,0.56,0.05,0.06308842,0.0604427,1.042011,142.95
588200,0.47,0.46,0.07,0.07761273,0.0735684,1.367214,162.48
588300,0.35,0.62,0.03,0.1073817,0.1085313,0.8312072,133.15
588400,0.39,0.56,0.05,0.06952311,0.06693502,1.126012,135.45
588500,0.42,0.58,0,0.08887284,0.1048449,0.3627997,110.28
588600,0.37,0.63,0,0.07700907,0.07647658,0.2317998,110.43
588700,0.39,0.55,0.06,0.06202487,0.05892604,0.9336092,169.76
588800,0.42,0.57,0.01,0.07538371,0.08449616,0.3970017,108.63
588900,0.39,0.54,0.07,0.08965415,0.1043293,1.109409,156.04
589000,0.44,0.53,0.03,0.1027206,0.1023857,0.7766065,128.98
589100,0.33,0.64,0.03,0.081213,0.08348166,0.8780072,120.53
589200,0.32,0.65,0.03,0.07334788,0.06989399,0.7804069,135.33
589300,0.45,0.51,0.04,0.06453023,0.06444833,0.6546043,150.86
589400,0.5,0.45,0.05,0.06621656,0.06308994,0.8800074,138.83
589500,0.47,0.51,0.02,0.08012024,0.08116552,0.6862047,121.09
589600,0.31,0.66,0.03,0.07426836,0.07134747,0.7372062,133.3
589700,0.35,0.61,0.04,0.07043146,0.06551481,0.9218088,136.14
589800,0.44,0.53,0.03,0.06995095,0.06042759,0.7372066,119.74
589900,0.3,0.67,0.03,0.0756905,0.07506872,0.720607,129.77
590000,0.33,0.62,0.05,0.07375621,0.06700804,0.8442066,148.6
590100,0.4,0.56,0.04,0.07164949,0.06985685,0.8900089,147.86
590200,0.42,0.5,0.08,0.09028707,0.1032496,1.493215,159.12
590300,0.43,0.51,0.06,0.08593078,0.08780576,1.349011,144.02
590400,0.43,0.55,0.02,0.07276658,0.06912221,0.4750018,126.24
590500,0.45,0.5,0.05,0.06611432,0.0638312,1.232811,161.42
590600,0.44,0.51,0.05,0.08998468,0.08860933,0.7620065,127.23
590700,0.45,0.49,0.06,0.07126601,0.07154546,1.177811,158.44
590800,0.44,0.51,0.05,0.08064308,0.07560444,0.8812068,136.54
590900,0.42,0.52,0.06,0.07202057,0.07364359,1.341613,160.21
591000,0.43,0.54,0.03,0.06789803,0.06059942,0.886207,149.65
591100,0.48,0.49,0.03,0.08423938,0.08248958,0.5626042,140.61
591200,0.42,0.52,0.06,0.07757931,0.07445809,1.506214,154.6
591300,0.4,0.54,0.06,0.08928502,0.1019959,1.07721,145.97
591400,0.4,0.54,0.06,0.09809767,0.1019396,1.138411,154.12
591500,0.48,0.48,0.04,0.07365156,0.07059428,1.052809,152.72
591600,0.38,0.59,0.03,0.08886168,0.1132478,0.5388049,126.72
591700,0.48,0.47,0.05,0.07756718,0.07885827,0.6552046,148.49
591800,0.47,0.51,0.02,0.07357833,0.07505843,0.7444043,124.76
591900,0.4,0.53,0.07,0.06533255,0.0609371,1.370213,162.87
592000,0.49,0.49,0.02,0.07915159,0.07997397,0.5468024,119.93
592100,0.43,0.51,0.06,0.08354279,0.08118983,1.304212,184.63
592200,0.38,0.54,0.08,0.07129933,0.07089159,1.366614,172.29
592300,0.43,0.54,0.03,0.07077913,0.07266081,0.3990025,123.5
592400,0.43,0.5,0.07,0.08582176,0.08215972,1.587816,167.07
592500,0.44,0.51,0.05,0.07453386,0.07260897,1.190611,158.72
592600,0.41,0.52,0.07,0.06313373,0.06101643,1.589016,171.55
592700,0.44,0.49,0.07,0.08374239,0.08494758,1.561415,145.5
592800,0.53,0.42,0.05,0.06346251,0.061308,0.8516071,165.22
592900,0.41,0.56,0.03,0.06725603,0.06619122,0.6446042,140.91
593000,0.38,0.59,0.03,0.06922497,0.06933598,0.6954041,140.92
593100,0.39,0.55,0.06,0.07796685,0.08233335,1.13801,167.09
593200,0.45,0.52,0.03,0.07703723,0.07313891,0.893207,128.82
593300,0.44,0.51,0.05,0.07336403,0.07833195,0.5668041,139.77
593400,0.37,0.6,0.03,0.09212668,0.09175075,0.8104072,118.55
593500,0.49,0.45,0.06,0.08264971,0.08338445,1.353814,150.94
593600,0.38,0.57,0.05,0.07984678,0.08673473,1.10941,142.65
593700,0.45,0.52,0.03,0.07598218,0.07406364,0.7612074,129.03
593800,0.38,0.58,0.04,0.09061499,0.09424277,0.9048086,126.56
593900,0.39,0.53,0.08,0.06197874,0.06375866,1.488216,181.72
594000,0.43,0.51,0.06,0.07642271,0.0775528,1.339215,149.88
594100,0.36,0.6,0.04,0.06442203,0.08002839,0.772407,137.26
594200,0.43,0.52,0.05,0.07034969,0.07024848,1.045609,167.95
594300,0.56,0.4,0.04,0.08076525,0.09707267,1.136009,147.98
594400,0.31,0.64,0.05,0.08482888,0.0852548,1.054611,136.39
594500,0.38,0.56,0.06,0.07639716,0.07038051,1.225412,165.14
594600,0.39,0.59,0.02,0.07477238,0.07484279,0.5604048,114.62
594700,0.45,0.5,0.05,0.0771617,0.07970268,1.141012,169.12
594800,0.39,0.56,0.05,0.06875353,0.06667555,0.6266047,163.92
594900,0.37,0.61,0.02,0.06588943,0.06383161,0.3114004,124.15
595000,0.42,0.53,0.05,0.07814803,0.07420874,0.9498084,141.62
595100,0.41,0.51,0.08,0.09781926,0.1096221,1.793018,180.08
595200,0.41,0.5,0.09,0.07366651,0.07243071,1.94602,185.07
595300,0.35,0.6,0.05,0.06049716,0.05613782,0.6984046,141.06
595400,0.45,0.5,0.05,0.07679254,0.08602919,0.7988071,135.28
595500,0.37,0.59,0.04,0.09503797,0.1043505,0.5754044,127.66
595600,0.42,0.5,0.08,0.07099207,0.0735857,1.388615,177.74
595700,0.41,0.53,0.06,0.06951524,0.05796999,1.446214,160.94
595800,0.39,0.57,0.04,0.07745653,0.07436785,0.4778021,125.96
595900,0.34,0.65,0.01,0.06906757,0.06367934,0.4632023,103.56
596000,0.43,0.52,0.05,0.07108998,0.08392316,0.9692094,126.5
596100,0.44,0.51,0.05,0.1015816,0.09141867,1.147011,142.43
596200,0.41,0.52,0.07,0.06175752,0.06267734,1.451414,157.39
596300,0.42,0.55,0.03,0.07033655,0.06137214,0.707406,146.42
596400,0.41,0.57,0.02,0.06515092,0.0634789,0.4250021,134.17
596500,0.45,0.52,0.03,0.07183585,0.08850659,0.7848074,125.01
596600,0.3,0.66,0.04,0.1093857,0.09798262,0.8996091,135.29
596700,0.39,0.57,0.04,0.06252736,0.05841676,0.860007,144.54
596800,0.38,0.56,0.06,0.0750558,0.07004897,1.102812,158.16
596900,0.39,0.58,0.03,0.06418606,0.06791431,0.6672043,130.33
597000,0.44,0.5,0.06,0.09396512,0.09505139,0.9828085,147.55
597100,0.47,0.5,0.03,0.07112074,0.06377725,0.5996043,108.58
597200,0.39,0.58,0.03,0.07172649,0.06899831,0.8152062,126.42
597300,0.4,0.53,0.07,0.05952632,0.05790713,1.083608,177.98
597400,0.38,0.55,0.07,0.06987373,0.06670273,1.406613,165.7
597500,0.41,0.54,0.05,0.08872862,0.1184256,1.174212,141.81
597600,0.39,0.57,0.04,0.08397855,0.08758897,0.9498086,130.66
597700,0.36,0.57,0.07,0.08818016,0.0939818,1.048611,167.33
597800,0.4,0.54,0.06,0.08928506,0.09173843,0.9346082,144.63
597900,0.35,0.55,0.1,0.08310021,0.08949512,1.833822,184.28
598000,0.45,0.47,0.08,0.0683599,0.05935359,1.304613,157.35
598100,0.41,0.54,0.05,0.07706968,0.0767828,0.9244089,145.93
598200,0.36,0.59,0.05,0.08423372,0.07799492,1.115611,145.65
598300,0.44,0.49,0.07,0.08705605,0.09270461,1.408813,160.56
598400,0.46,0.51,0.03,0.1061079,0.1174184,0.5960048,124.09
598500,0.45,0.45,0.1,0.07160377,0.06821072,1.501414,186.27
598600,0.38,0.58,0.04,0.08288567,0.08646896,0.9956095,133.79
598700,0.34,0.6,0.06,0.09136609,0.08860894,0.9592081,170.05
598800,0.53,0.43,0.04,0.07699017,0.07329348,0.808006,138.95
598900,0.48,0.49,0.03,0.0783201,0.08656453,0.8764069,113.24
599000,0.43,0.52,0.05,0.06626545,0.06428234,1.25521,168.17
599100,0.38,0.57,0.05,0.07876644,0.1048841,1.175811,159.87
599200,0.37,0.6,0.03,0.09673408,0.08664054,0.7038065,129.84
599300,0.51,0.4,0.09,0.07997017,0.081674,1.570615,196.02
599400,0.37,0.59,0.04,0.07259497,0.06940529,0.9482087,156.13
599500,0.42,0.52,0.06,0.07129345,0.08386793,1.183612,148.52
599600,0.33,0.63,0.04,0.06703781,0.06303474,0.9108086,151.62
599700,0.51,0.47,0.02,0.09750258,0.09948687,0.7130044,111.44
599800,0.49,0.49,0.02,0.08181896,0.08251283,0.5184032,125.61
599900,0.44,0.51,0.05,0.05599458,0.05620455,0.9772088,154.97
600000,0.42,0.53,0.05,0.09556456,0.1035432,1.040209,141.65
600100,0.47,0.5,0.03,0.07381466,0.06855774,0.702204,147.22
600200,0.52,0.42,0.06,0.07217021,0.07456781,1.330411,155.49
600300,0.43,0.51,0.06,0.0684996,0.06779177,1.288014,151.95
600400,0.41,0.54,0.05,0.07931975,0.07379419,1.183212,142.44
600500,0.42,0.53,0.05,0.07894698,0.0792053,1.118211,155.51
600600,0.49,0.5,0.01,0.08314285,0.08593506,0.404202,105.2
600700,0.51,0.47,0.02,0.09530874,0.113674,0.4716025,117.23
600800,0.34,0.59,0.07,0.07444991,0.06855133,1.610616,166.77
600900,0.45,0.5,0.05,0.0815017,0.0905061,1.085809,140.7
601000,0.47,0.5,0.03,0.08768628,0.08710094,0.8998075,128.59
601100,0.48,0.46,0.06,0.08493085,0.08945428,1.075209,154.84
601200,0.37,0.57,0.06,0.07111979,0.06863375,1.339813,157.86
601300,0.4,0.51,0.09,0.07171824,0.06463332,1.623617,176.14
601400,0.37,0.57,0.06,0.07636714,0.07801266,0.7960063,143.07
601500,0.44,0.5,0.06,0.07208277,0.07560377,1.237412,146.21
601600,0.47,0.48,0.05,0.08066528,0.1037216,1.378011,148.11
601700,0.43,0.53,0.04,0.07006492,0.06603996,0.9646094,142.76
601800,0.36,0.55,0.09,0.07493517,0.08468277,1.294414,180.65
601900,0.24,0.69,0.07,0.1052003,0.1091395,1.403816,156.92
602000,0.44,0.51,0.05,0.1080212,0.1063675,1.242211,151.9
602100,0.47,0.52,0.01,0.07902188,0.07886609,0.5598019,107.29
602200,0.42,0.55,0.03,0.09486957,0.1013838,0.7478058,142.48
602300,0.44,0.47,0.09,0.08619281,0.08199899,1.770818,187.69
602400,0.43,0.52,0.05,0.08317194,0.09928178,1.197411,154.28
602500,0.48,0.51,0.01,0.06453717,0.06151375,0.5262023,113.1
602600,0.41,0.54,0.05,0.06950714,0.07149717,1.098609,153.16
602700,0.39,0.55,0.06,0.08391304,0.08354437,0.8736086,157.94
602800,0.48,0.52,0,0.0732986,0.06885746,0.3603997,99.53
602900,0.38,0.56,0.06,0.07533183,0.07259545,1.070209,153.84
603000,0.36,0.61,0.03,0.08359838,0.09063359,0.4764022,127.52
603100,0.48,0.48,0.04,0.0736372,0.06928408,0.8490072,137.33
603200,0.4,0.54,0.06,0.09436727,0.09218764,1.060611,151.3
603300,0.39,0.58,0.03,0.08160038,0.08845141,0.7910069,124.44
603400,0.44,0.53,0.03,0.08228027,0.08829115,0.7384049,128.17
603500,0.44,0.54,0.02,0.0894868,0.09066659,0.7004039,123.65
603600,0.41,0.57,0.02,0.08079536,0.09055382,0.8286042,121.22
603700,0.41,0.56,0.03,0.08485382,0.07961074,0.755207,118.72
603800,0.47,0.53,0,0.07994031,0.08371925,0.2723998,94.57
603900,0.44,0.52,0.04,0.08704014,0.08586911,0.7874061,134.3
604000,0.45,0.5,0.05,0.07890007,0.07682318,1.11261,152.32
604100,0.42,0.57,0.01,0.07987934,0.07955392,0.3342021,94.21
604200,0.45,0.51,0.04,0.08030738,0.07560988,0.8236046,141.34
604300,0.47,0.49,0.04,0.1043092,0.09892289,0.8226067,146.32
604400,0.43,0.52,0.05,0.09493958,0.09788678,0.9604089,144.51
604500,0.43,0.52,0.05,0.07472847,0.07089755,0.5256021,145.43
604600,0.48,0.49,0.03,0.0842182,0.1079595,0.8592073,123.97
604700,0.48,0.48,0.04,0.07450319,0.0725229,0.9534068,153.86
604800,0.47,0.45,0.08,0.07882944,0.07401386,1.499814,194.34
604900,0.49,0.47,0.04,0.06492023,0.06091137,0.8288057,139.12
605000,0.42,0.53,0.05,0.09667709,0.1076141,0.540004,149.72
605100,0.49,0.47,0.04,0.07036002,0.06888376,0.9928085,140.69
605200,0.42,0.55,0.03,0.06612778,0.06179374,0.9830067,137.43
605300,0.41,0.53,0.06,0.08645048,0.08210669,0.9794083,162.78
605400,0.43,0.49,0.08,0.05888463,0.05590233,1.213212,194.13
605500,0.45,0.5,0.05,0.07131264,0.06915544,0.9524087,141.94
605600,0.41,0.54,0.05,0.09084052,0.08441117,1.071408,156.44
605700,0.44,0.51,0.05,0.06956387,0.06753963,1.111809,154.16
605800,0.42,0.53,0.05,0.06887214,0.06735811,1.016409,140.17
605900,0.4,0.55,0.05,0.07495434,0.07863934,1.032009,150.24
606000,0.46,0.5,0.04,0.08130446,0.07507216,0.7658064,130.27
606100,0.46,0.53,0.01,0.07748554,0.08173861,0.5142019,112.06
606200,0.38,0.58,0.04,0.06257518,0.06236332,0.7330067,123.97
606300,0.36,0.57,0.07,0.08456604,0.08996898,0.9152092,169.56
606400,0.4,0.56,0.04,0.07071825,0.06733784,1.10181,138.71
606500,0.43,0.52,0.05,0.07951066,0.07592729,0.9494086,138.46
606600,0.41,0.51,0.08,0.08686703,0.08318969,1.299013,172.68
606700,0.41,0.55,0.04,0.08201519,0.08238025,0.9118071,147.13
606800,0.43,0.53,0.04,0.06097758,0.06058553,1.012009,157.59
606900,0.38,0.59,0.03,0.07199936,0.08044332,0.8040077,129.62
607000,0.45,0.49,0.06,0.06868649,0.07857727,1.051611,162.13
607100,0.45,0.49,0.06,0.09549496,0.09469052,1.25221,160.39
607200,0.41,0.53,0.06,0.07886012,0.08037118,1.056609,155.16
607300,0.41,0.54,0.05,0.09323774,0.1027545,0.6932068,140.29
607400,0.35,0.58,0.07,0.08767871,0.09266328,0.9598083,151.72
607500,0.48,0.49,0.03,0.08866684,0.08756113,0.3241998,136.16
607600,0.4,0.55,0.05,0.08958094,0.09493072,0.9916086,157.71
607700,0.39,0.57,0.04,0.08305656,0.08946855,1.044609,153.66
607800,0.45,0.52,0.03,0.07860201,0.07472479,0.7472069,134.55
607900,0.46,0.49,0.05,0.06911799,0.0907295,0.8566085,146.9
608000,0.38,0.55,0.07,0.07761295,0.07723019,1.570417,153.59
608100,0.42,0.51,0.07,0.06577481,0.06900226,1.595815,164.35
608200,0.49,0.48,0.03,0.08943293,0.07403807,0.9438073,138.03
608300,0.44,0.5,0.06,0.0733955,0.08787062,0.8604063,162.43
608400,0.45,0.49,0.06,0.07463758,0.08219218,1.094211,160.36
608500,0.44,0.51,0.05,0.07603588,0.07508071,1.093809,150.23
608600,0.38,0.58,0.04,0.0812834,0.06949019,0.9400085,143.23
608700,0.47,0.5,0.03,0.06436352,0.06011673,0.9030063,118.11
608800,0.46,0.52,0.02,0.07320006,0.07025826,0.6864046,110.25
608900,0.44,0.55,0.01,0.08642657,0.07768889,0.5910022,111.29
609000,0.45,0.53,0.02,0.09564941,0.114697,0.7136034,122.66
609100,0.42,0.53,0.05,0.06740519,0.0593369,1.19141,151.97
609200,0.47,0.49,0.04,0.1043056,0.09666781,0.7878066,131.39
609300,0.48,0.49,0.03,0.0824822,0.08293885,0.7896044,138.04
609400,0.42,0.56,0.02,0.07388253,0.08448523,0.3518021,129.4
609500,0.35,0.63,0.02,0.08201152,0.1012298,0.6032049,127.11
609600,0.46,0.51,0.03,0.09191915,0.08862876,0.5418046,111.01
609700,0.46,0.49,0.05,0.07782271,0.07573942,0.9522091,145.78
609800,0.42,0.52,0.06,0.0642172,0.06162407,1.380213,162.36
609900,0.42,0.54,0.04,0.07510507,0.08991709,0.7030041,147.47
610000,0.39,0.58,0.03,0.07272994,0.07208361,0.661804,136.05
610100,0.53,0.43,0.04,0.07170849,0.07329883,1.042609,148.27
610200,0.46,0.51,0.03,0.08653611,0.08326652,0.762404,147.67
610300,0.34,0.65,0.01,0.08034036,0.07518721,0.1887999,113.32
610400,0.33,0.63,0.04,0.08950724,0.09824304,0.8402062,135.78
610500,0.41,0.53,0.06,0.1229386,0.1336095,0.9652094,149.17
610600,0.36,0.58,0.06,0.08824703,0.08620542,1.316413,145.6
610700,0.46,0.48,0.06,0.06714639,0.06727825,1.203012,162.78
610800,0.38,0.58,0.04,0.07334062,0.07632121,0.8916088,141.96
610900,0.46,0.49,0.05,0.07480728,0.07360785,0.7498041,157.88
611000,0.46,0.51,0.03,0.06445067,0.0584221,0.7976062,140.09
611100,0.39,0.55,0.06,0.07736762,0.07619319,1.174411,158.49
611200,0.45,0.51,0.04,0.07376052,0.07513808,1.015809,135.05
611300,0.5,0.46,0.04,0.07538444,0.07111138,0.593004,151.11
611400,0.43,0.55,0.02,0.07111289,0.08974481,0.7454044,129.86
611500,0.48,0.48,0.04,0.07050742,0.0702506,0.6704039,149.28
611600,0.38,0.58,0.04,0.0778869,0.079796,0.9776094,151.85
611700,0.35,0.59,0.06,0.08490369,0.09245383,1.113811,166.29
611800,0.54,0.44,0.02,0.08510885,0.07954179,0.3473997,125.81
611900,0.46,0.5,0.04,0.07396869,0.08929541,0.6830046,141.97
612000,0.46,0.49,0.05,0.07552442,0.07506651,1.183212,143.99
612100,0.45,0.51,0.04,0.09352063,0.09303389,1.004209,122.33
612200,0.42,0.56,0.02,0.07021637,0.06618294,0.4620021,114.16
612300,0.36,0.57,0.07,0.09062991,0.08905206,1.559615,164.95
612400,0.47,0.5,0.03,0.06610257,0.06279372,0.9278069,155.59
612500,0.43,0.53,0.04,0.0845513,0.08126147,0.9318078,131.11
612600,0.4,0.52,0.08,0.07814351,0.07339863,1.340811,165.02
612700,0.38,0.55,0.07,0.0749873,0.07566831,1.357814,191.44
612800,0.39,0.5,0.11,0.08049133,0.0766594,2.162623,217.47
612900,0.39,0.57,0.04,0.06147325,0.05820643,0.9182083,152.46
613000,0.4,0.52,0.08,0.08039096,0.08595309,1.506016,184.28
613100,0.36,0.54,0.1,0.09220604,0.1043002,1.927622,166.81
613200,0.51,0.48,0.01,0.06741657,0.0700755,0.4194016,107.27
613300,0.42,0.53,0.05,0.07423391,0.08206299,1.219812,144.44
613400,0.42,0.54,0.04,0.07597146,0.08642089,0.7790067,128.51
613500,0.44,0.53,0.03,0.07873316,0.08482106,0.8550057,138.48
613600,0.41,0.51,0.08,0.07803036,0.08253922,1.476016,164.47
613700,0.48,0.46,0.06,0.07039232,0.07083881,1.251612,177.34
613800,0.36,0.6,0.04,0.07067518,0.08220873,0.9600092,136.04
613900,0.45,0.47,0.08,0.07406806,0.07513737,1.880418,177.79
614000,0.51,0.45,0.04,0.1006572,0.1234738,1.150409,143.91
614100,0.39,0.54,0.07,0.07992163,0.080815,0.9478087,152.29
614200,0.38,0.58,0.04,0.08415474,0.08032972,0.7942073,144.76
614300,0.41,0.52,0.07,0.07242388,0.07885447,1.370613,162.91
614400,0.37,0.61,0.02,0.1084118,0.117901,0.3806022,114.16
614500,0.43,0.54,0.03,0.06774215,0.06450899,0.6816044,135.57
614600,0.35,0.57,0.08,0.09824033,0.1087999,1.289411,162.77
614700,0.46,0.52,0.02,0.07934538,0.07440512,0.6178039,112.47
614800,0.44,0.54,0.02,0.07574371,0.07266153,0.6420041,107.04
614900,0.45,0.51,0.04,0.0715734,0.07191232,1.066008,148.73
615000,0.37,0.6,0.03,0.07748745,0.07963994,0.7752064,135.09
615100,0.48,0.46,0.06,0.08609267,0.0882052,1.386014,149.64
615200,0.43,0.51,0.06,0.07838687,0.07621274,0.8576071,151.09
615300,0.46,0.51,0.03,0.06658645,0.05944847,0.8480061,153.23
615400,0.38,0.55,0.07,0.07288306,0.07556264,1.366014,169.06
615500,0.45,0.53,0.02,0.07450096,0.07259384,0.7816042,122.15
615600,0.43,0.5,0.07,0.07556697,0.07124327,1.099811,163.1
615700,0.49,0.48,0.03,0.07213391,0.06436218,1.027207,126.48
615800,0.51,0.48,0.01,0.07107227,0.07417671,0.5202015,132.07
615900,0.44,0.54,0.02,0.06831686,0.07381976,0.5234039,115.64
616000,0.42,0.53,0.05,0.1006624,0.09412033,0.6514053,131.01
616100,0.42,0.55,0.03,0.07229391,0.0737479,0.8396067,134.97
616200,0.42,0.54,0.04,0.09068955,0.07947856,0.3588021,134.75
616300,0.5,0.47,0.03,0.07274851,0.07068069,0.8084044,127.78
616400,0.4,0.54,0.06,0.08110408,0.09543263,1.119411,165.01
616500,0.41,0.54,0.05,0.08115892,0.09148075,0.5934038,159.08
616600,0.5,0.42,0.08,0.06403792,0.06607164,1.694416,179.15
616700,0.46,0.52,0.02,0.06711031,0.06265094,0.5142047,146.69
616800,0.43,0.54,0.03,0.08783299,0.09924547,0.9350066,133.79
616900,0.36,0.61,0.03,0.07734577,0.07484663,0.666007,141.28
617000,0.38,0.57,0.05,0.06471616,0.06533685,1.095411,147.53
617100,0.43,0.48,0.09,0.0869908,0.08262974,1.888821,179.25
617200,0.4,0.54,0.06,0.07517316,0.07224043,0.5948042,140.32
617300,0.39,0.52,0.09,0.09240699,0.08276215,1.497416,186.48
617400,0.43,0.53,0.04,0.08300768,0.08766764,0.9802082,132.16
617500,0.33,0.65,0.02,0.07557748,0.07862793,0.4152022,120.75
617600,0.46,0.53,0.01,0.09339321,0.08777382,0.6984018,122.27
617700,0.49,0.48,0.03,0.06761316,0.07863407,0.844004,138.28
617800,0.37,0.55,0.08,0.06854066,0.06302506,1.02381,177.16
617900,0.31,0.64,0.05,0.07140583,0.06192113,1.10661,152.36
618000,0.45,0.51,0.04,0.07003255,0.06399,0.6616044,133.22
618100,0.39,0.55,0.06,0.07221621,0.07321521,1.15761,166.19
618200,0.47,0.45,0.08,0.06854369,0.06332945,1.388813,174.11
618300,0.45,0.52,0.03,0.08912951,0.08518393,0.6208044,144
618400,0.5,0.47,0.03,0.07732447,0.07067286,0.8618072,140.83
618500,0.42,0.57,0.01,0.07631821,0.07159894,0.1777999,105.66
618600,0.43,0.5,0.07,0.1007673,0.08107025,0.9756083,160.24
618700,0.46,0.53,0.01,0.06752174,0.06188161,0.5098019,125.58
618800,0.54,0.4,0.06,0.09943873,0.09652274,1.263411,149.47
618900,0.41,0.55,0.04,0.06541792,0.06478009,0.8736063,156.9
619000,0.45,0.52,0.03,0.08894005,0.0827347,0.5562043,120.42
619100,0.46,0.47,0.07,0.06743488,0.06592456,1.433414,157.18
619200,0.33,0.62,0.05,0.06855977,0.07047921,0.9294091,136.59
619300,0.48,0.49,0.03,0.06582908,0.06685475,0.8220062,135.76
619400,0.46,0.51,0.03,0.08046623,0.07879768,0.8614066,139.3
619500,0.44,0.54,0.02,0.06417754,0.06075628,0.7186041,134.46
619600,0.45,0.51,0.04,0.07936764,0.08309527,0.8622046,133.25
619700,0.39,0.59,0.02,0.09917209,0.09988132,0.6758041,130.88
619800,0.41,0.55,0.04,0.06964146,0.06198014,0.7516067,138.51
619900,0.41,0.57,0.02,0.07600291,0.08618434,0.6964049,136.56
620000,0.38,0.59,0.03,0.08157828,0.08736502,0.753606,125.15
620100,0.39,0.56,0.05,0.1052379,0.1035579,0.6538047,137.82
620200,0.45,0.52,0.03,0.0956808,0.09942784,0.5614039,122.47
620300,0.43,0.5,0.07,0.09146731,0.1108121,1.367014,162.83
620400,0.49,0.46,0.05,0.07536906,0.08053736,1.175409,144.71
620500,0.48,0.5,0.02,0.07710129,0.06754963,0.6362045,120.61
620600,0.39,0.6,0.01,0.06942983,0.06842777,0.3114022,111.19
620700,0.44,0.55,0.01,0.09378853,0.09109388,0.4216014,123.9
620800,0.38,0.59,0.03,0.1050688,0.1231008,0.6760049,130.18
620900,0.41,0.56,0.03,0.08357566,0.08957127,0.8724071,141.31
621000,0.46,0.49,0.05,0.09388262,0.1236956,0.996208,164.08
621100,0.36,0.59,0.05,0.08595674,0.09543821,0.9200079,166.55
621200,0.47,0.49,0.04,0.09084883,0.113294,1.021609,123.4
621300,0.46,0.49,0.05,0.06622927,0.06687003,0.9308065,150.79
621400,0.43,0.52,0.05,0.07948328,0.0767116,1.05001,155.4
621500,0.49,0.48,0.03,0.08242825,0.09024638,0.8674069,128.71
621600,0.46,0.49,0.05,0.08447511,0.08602482,1.085811,142.69
621700,0.43,0.53,0.04,0.0869467,0.08082885,0.825607,127.19
621800,0.38,0.58,0.04,0.07052524,0.06990135,0.762207,142.78
621900,0.45,0.51,0.04,0.09822648,0.1093045,0.7394066,129.47
622000,0.42,0.55,0.03,0.08677036,0.08905561,0.8584045,133.81
622100,0.43,0.51,0.06,0.07899428,0.08839654,1.133209,149.06
622200,0.47,0.51,0.02,0.06726759,0.06261242,0.708804,126.05
622300,0.35,0.62,0.03,0.06276629,0.05552624,0.6116037,123.94
622400,0.48,0.44,0.08,0.08141132,0.07916398,1.930017,172.87
622500,0.41,0.55,0.04,0.06669621,0.066292,1.017208,150.26
622600,0.36,0.59,0.05,0.08802252,0.08711606,1.224212,128.41
622700,0.46,0.47,0.07,0.09329979,0.09453324,1.477214,154.45
622800,0.42,0.52,0.06,0.07858432,0.08002929,1.320214,148
622900,0.44,0.51,0.05,0.09120493,0.08480995,1.006609,136.38
623000,0.41,0.54,0.05,0.07657884,0.07688295,0.7852072,152.45
623100,0.42,0.56,0.02,0.07037001,0.06919315,0.4860019,138.65
623200,0.41,0.49,0.1,0.08600255,0.08961043,1.88422,172.23
623300,0.46,0.48,0.06,0.08085901,0.08496018,0.9166088,147.81
623400,0.43,0.55,0.02,0.08584998,0.09627139,0.6416038,112.36
623500,0.41,0.59,0,0.09183718,0.09686243,0.2575998,108.79
623600,0.43,0.54,0.03,0.06700979,0.06423736,0.7550066,128.66
623700,0.39,0.59,0.02,0.07661873,0.07816534,0.5408041,124.95
623800,0.35,0.63,0.02,0.07313327,0.07048877,0.7150041,137.04
623900,0.45,0.5,0.05,0.09977313,0.1061931,1.000809,145.71
624000,0.53,0.45,0.02,0.07761848,0.07523499,0.7600043,116.76
624100,0.41,0.5,0.09,0.07943766,0.07887556,1.526416,185.24
624200,0.38,0.56,0.06,0.07698077,0.06680536,0.7078043,149.84
624300,0.49,0.49,0.02,0.06711555,0.06503162,0.7324045,127.99
624400,0.41,0.5,0.09,0.08410773,0.1048138,1.574814,180.76
624500,0.45,0.5,0.05,0.07758068,0.07129138,1.117609,140.54
624600,0.44,0.52,0.04,0.07383399,0.07103546,0.9992086,132.43
624700,0.46,0.51,0.03,0.07222816,0.07029159,0.4932011,130.61
624800,0.49,0.45,0.06,0.06381322,0.05663812,1.414614,146.78
624900,0.38,0.58,0.04,0.1099606,0.1089636,0.8308069,138.21
625000,0.44,0.53,0.03,0.0954897,0.1222213,0.9348068,142.83
625100,0.46,0.5,0.04,0.06192737,0.05700626,0.8630064,147.25
625200,0.4,0.55,0.05,0.09590667,0.1233421,0.8954056,148.08
625300,0.45,0.49,0.06,0.0745985,0.07210664,1.351214,155.03
625400,0.39,0.55,0.06,0.07353108,0.09091684,1.300013,156.41
625500,0.41,0.57,0.02,0.0981302,0.09403023,0.6452045,101.05
625600,0.43,0.53,0.04,0.07080818,0.07367664,1.088409,141.47
625700,0.39,0.57,0.04,0.07617065,0.07495062,0.9690072,143.34
625800,0.47,0.45,0.08,0.07874529,0.07401201,1.635616,175.27
625900,0.48,0.46,0.06,0.08738197,0.08548332,1.17061,154.59
626000,0.44,0.52,0.04,0.07114039,0.06535413,0.877607,144.55
626100,0.44,0.49,0.07,0.07137601,0.07776187,1.20981,161.18
626200,0.44,0.52,0.04,0.08738603,0.08659277,0.8968092,131.33
626300,0.47,0.5,0.03,0.06790411,0.06510743,0.811404,134.19
626400,0.43,0.52,0.05,0.08208555,0.07825185,1.244011,152.76
626500,0.4,0.54,0.06,0.07585889,0.08073176,1.12761,133.56
626600,0.39,0.58,0.03,0.07613656,0.06541731,0.654004,138.22
626700,0.35,0.57,0.08,0.07693019,0.06295761,1.270813,179.26
626800,0.47,0.51,0.02,0.07670497,0.08216711,0.6878045,111.63
626900,0.42,0.55,0.03,0.08912903,0.09303734,0.8470069,125.16
627000,0.45,0.48,0.07,0.08876536,0.08409849,1.427215,173.6
627100,0.43,0.53,0.04,0.07980981,0.07930104,0.9226093,147.23
627200,0.48,0.49,0.03,0.0785047,0.07879052,0.9402063,139.08
627300,0.47,0.5,0.03,0.09223615,0.09231281,0.9702065,131.01
627400,0.4,0.55,0.05,0.07504871,0.06996962,1.229412,163.11
627500,0.52,0.45,0.03,0.1390058,0.1546004,0.8128073,124.09
627600,0.42,0.54,0.04,0.08066508,0.08754417,0.9192082,131.28
627700,0.42,0.54,0.04,0.1060881,0.1021945,0.7266058,131.05
627800,0.43,0.53,0.04,0.07077977,0.07003948,1.012809,120.78
627900,0.44,0.52,0.04,0.07955149,0.09468628,0.646205,126.16
628000,0.41,0.52,0.07,0.07740982,0.08468714,0.8452067,161.71
628100,0.41,0.57,0.02,0.08121549,0.08058129,0.5510046,136.94
628200,0.43,0.54,0.03,0.09860504,0.09864604,0.8482072,120.54
628300,0.42,0.52,0.06,0.07266081,0.07401838,1.369414,150.42
628400,0.3,0.63,0.07,0.0737822,0.09193481,1.352615,161.92
628500,0.37,0.61,0.02,0.07185543,0.07530148,0.6154038,111.06
628600,0.37,0.59,0.04,0.0713897,0.06704015,0.7288063,158.12
628700,0.4,0.57,0.03,0.08251408,0.08713213,0.7180058,123.78
628800,0.35,0.64,0.01,0.08296874,0.07428908,0.4184022,119.37
628900,0.4,0.57,0.03,0.06935679,0.05622329,0.8494058,137.48
629000,0.46,0.52,0.02,0.07543476,0.1014685,0.7004046,113.24
629100,0.43,0.54,0.03,0.09846053,0.1209257,0.7250042,129.35
629200,0.35,0.58,0.07,0.08333926,0.07942035,1.14701,155.59
629300,0.5,0.45,0.05,0.08116914,0.08095676,1.128409,146.18
629400,0.41,0.55,0.04,0.08420107,0.08355397,1.120409,128.34
629500,0.46,0.54,0,0.08497245,0.08859655,0.3223998,96.9
629600,0.43,0.5,0.07,0.08990899,0.1004312,1.707216,174.7
629700,0.46,0.51,0.03,0.08484033,0.09588522,0.915607,137.65
629800,0.38,0.52,0.1,0.07447051,0.07856043,1.866619,175.95
629900,0.41,0.55,0.04,0.07688772,0.1055798,1.12061,143.97
630000,0.39,0.5,0.11,0.08559541,0.08280654,1.835419,189.75
630100,0.43,0.49,0.08,0.0640044,0.06447764,1.21541,187.26
630200,0.41,0.53,0.06,0.08831308,0.09606423,1.405214,165.61
630300,0.46,0.53,0.01,0.06909571,0.06262365,0.6456019,127.78
630400,0.39,0.57,0.04,0.08222438,0.0847455,0.7942063,145.82
630500,0.4,0.53,0.07,0.07624003,0.07311555,1.14801,172.49
630600,0.4,0.54,0.06,0.06550233,0.06376334,1.100809,149.21
630700,0.53,0.44,0.03,0.0616187,0.05975756,0.7890037,136.36
630800,0.42,0.54,0.04,0.07025129,0.06977813,0.8722054,137.95
630900,0.35,0.61,0.04,0.0695226,0.06522189,0.6644049,136.23
631000,0.42,0.52,0.06,0.06477635,0.0699126,1.092609,153.02
631100,0.38,0.56,0.06,0.06866229,0.07179928,1.18941,169.26
631200,0.51,0.47,0.02,0.08299218,0.08187219,0.7188045,111.44
631300,0.43,0.54,0.03,0.06482095,0.06477236,0.6548041,131
631400,0.39,0.56,0.05,0.07972901,0.1042041,1.163811,134.59
631500,0.38,0.54,0.08,0.07654705,0.08064301,1.313013,168.6
631600,0.41,0.54,0.05,0.07468451,0.0799225,0.9752088,143.65
631700,0.5,0.48,0.02,0.1063134,0.09085111,0.7704046,118.43
631800,0.49,0.43,0.08,0.07019694,0.07495347,1.556013,166.83
631900,0.46,0.52,0.02,0.08756621,0.09463084,0.6120019,130.73
632000,0.49,0.48,0.03,0.07805905,0.08410061,0.9388071,144.02
632100,0.4,0.58,0.02,0.07219768,0.07040852,0.6056037,132.05
632200,0.53,0.43,0.04,0.08481976,0.08999391,0.955805,138.62
632300,0.46,0.51,0.03,0.08503611,0.1004597,0.7660043,125.1
632400,0.43,0.53,0.04,0.07785551,0.08204807,0.4794011,153.8
632500,0.39,0.58,0.03,0.09125406,0.0874582,0.6662042,123.17
632600,0.39,0.57,0.04,0.07678637,0.08562171,0.9468092,134.31
632700,0.4,0.57,0.03,0.07896987,0.07494809,0.8678066,141.44
632800,0.36,0.57,0.07,0.06690979,0.06175476,1.405415,170.8
632900,0.42,0.54,0.04,0.08375456,0.08674356,0.8116062,137.21
633000,0.4,0.55,0.05,0.07398329,0.07255018,1.012209,151.74
633100,0.41,0.57,0.02,0.09444942,0.1139291,0.5702043,111.62
633200,0.51,0.45,0.04,0.06574357,0.06003322,0.8876062,136.89
633300,0.47,0.47,0.06,0.07804027,0.08953939,1.147409,158.02
633400,0.4,0.55,0.05,0.07311998,0.08070929,0.8938064,162.27
633500,0.39,0.51,0.1,0.08657476,0.08744015,1.468416,186.16
633600,0.48,0.48,0.04,0.08433465,0.08192536,1.242211,133.02
633700,0.46,0.52,0.02,0.06923694,0.06688442,0.6902019,136.7
633800,0.46,0.51,0.03,0.08366572,0.08440638,0.7766061,122.18
633900,0.52,0.46,0.02,0.08585878,0.1062846,0.6420046,117.55
634000,0.45,0.52,0.03,0.08633167,0.09932334,0.816207,128.81
634100,0.45,0.51,0.04,0.06927915,0.06862796,0.9328074,150.81
634200,0.4,0.54,0.06,0.08057117,0.07743295,1.132808,158.64
634300,0.47,0.52,0.01,0.07156254,0.0731371,0.4470018,109.66
634400,0.5,0.47,0.03,0.06814414,0.08339871,0.721404,133.29
634500,0.47,0.52,0.01,0.06665072,0.05962636,0.5756023,99.63
634600,0.41,0.54,0.05,0.06739821,0.0674783,0.742406,138.97
634700,0.44,0.51,0.05,0.1012249,0.1049166,1.083009,146.16
634800,0.42,0.56,0.02,0.08369674,0.09320182,0.6694044,119.41
634900,0.33,0.61,0.06,0.06594877,0.06380989,1.001611,162.45
635000,0.41,0.53,0.06,0.09022162,0.1013942,1.261813,153.84
635100,0.43,0.5,0.07,0.08661049,0.08493325,1.413613,159.75
635200,0.32,0.62,0.06,0.09795539,0.1173048,0.7150065,143.75
635300,0.44,0.54,0.02,0.07723866,0.07928452,0.5328021,126.23
635400,0.36,0.61,0.03,0.07046607,0.06930384,0.7042072,116.2
635500,0.43,0.52,0.05,0.08573712,0.08094811,1.238811,154.1
635600,0.39,0.57,0.04,0.07117166,0.07006697,0.8500063,149.12
635700,0.5,0.46,0.04,0.08081174,0.07487462,0.9000059,142.25
635800,0.41,0.55,0.04,0.08854685,0.09496453,1.026809,135.07
635900,0.41,0.53,0.06,0.06722259,0.06837969,1.37301,163.47
636000,0.44,0.5,0.06,0.07607394,0.07072598,1.492013,165.1
636100,0.45,0.49,0.06,0.07877512,0.07213265,1.133609,152.63
636200,0.33,0.57,0.1,0.06368096,0.0607613,2.086023,183.42
636300,0.45,0.53,0.02,0.08003929,0.09265102,0.6680046,122.89
636400,0.44,0.55,0.01,0.07384326,0.08184934,0.3387998,108.28
636500,0.43,0.54,0.03,0.09032579,0.1154095,0.7328073,132.39
636600,0.45,0.47,0.08,0.06935645,0.07345396,1.387213,172.02
636700,0.42,0.55,0.03,0.08027272,0.07607638,0.7136039,113.38
636800,0.46,0.53,0.01,0.06938414,0.07937513,0.5164022,121.97
636900,0.44,0.51,0.05,0.09261116,0.09304719,1.22701,151.8
637000,0.38,0.58,0.04,0.06707756,0.06014025,0.8960095,133
637100,0.48,0.47,0.05,0.08616859,0.08172058,1.238612,148.44
637200,0.44,0.54,0.02,0.07739715,0.07693113,0.4942026,126.5
637300,0.34,0.59,0.07,0.09347905,0.1009463,1.273212,172.13
637400,0.48,0.47,0.05,0.07980245,0.09305566,0.8746063,156.14
637500,0.45,0.51,0.04,0.07887512,0.07310268,0.7656043,130.82
637600,0.43,0.54,0.03,0.09746146,0.09247586,0.829807,124.67
637700,0.47,0.5,0.03,0.05842934,0.05754174,0.8890065,146.55
637800,0.42,0.54,0.04,0.08746944,0.09587523,0.9638086,157.09
637900,0.45,0.53,0.02,0.07131319,0.06875835,0.6318036,110.72
638000,0.4,0.53,0.07,0.07678603,0.07769215,1.03321,141.49
638100,0.43,0.56,0.01,0.07575247,0.07461119,0.5028021,122.27
638200,0.45,0.53,0.02,0.08165941,0.07697164,0.6418038,111.68
638300,0.46,0.5,0.04,0.05948785,0.0581771,0.8778062,164.67
638400,0.45,0.49,0.06,0.06474285,0.06145235,1.30381,161.27
638500,0.47,0.5,0.03,0.08006679,0.09306026,0.8716055,129.46
638600,0.36,0.59,0.05,0.06658022,0.06409533,1.062009,149.32
638700,0.46,0.51,0.03,0.07064238,0.0685121,0.6658058,129.45
638800,0.48,0.49,0.03,0.08307096,0.09559844,0.638404,116.41
638900,0.46,0.51,0.03,0.09753719,0.1076044,0.8300068,121.3
639000,0.3,0.65,0.05,0.07526276,0.06564686,1.084612,145.43
639100,0.45,0.52,0.03,0.07462852,0.06672535,0.9870067,145.28
639200,0.43,0.55,0.02,0.08040918,0.09264785,0.4880018,114.06
639300,0.46,0.48,0.06,0.07215252,0.0652543,1.040008,155.21
639400,0.49,0.46,0.05,0.06593451,0.06150714,1.299411,165.29
639500,0.41,0.53,0.06,0.07338306,0.08292785,1.229009,164.56
639600,0.45,0.51,0.04,0.07310116,0.08374441,0.9536084,135.35
639700,0.44,0.49,0.07,0.06338643,0.05742623,1.352414,163.61
639800,0.44,0.53,0.03,0.08168586,0.08874382,0.7278042,138.46
639900,0.41,0.52,0.07,0.09104449,0.09634693,1.560416,168.21
640000,0.44,0.53,0.03,0.07287352,0.07681469,0.8072054,142.15
640100,0.35,0.61,0.04,0.06830382,0.0703841,0.9350092,128.31
640200,0.37,0.56,0.07,0.07259326,0.0732252,1.313814,146.65
640300,0.48,0.49,0.03,0.07005015,0.06416333,0.7298043,125.91
640400,0.37,0.61,0.02,0.07200439,0.06944909,0.6060022,127.93
640500,0.4,0.51,0.09,0.064103,0.06159532,1.603016,186.68
640600,0.38,0.58,0.04,0.08556299,0.08873453,0.6892062,143.11
640700,0.43,0.51,0.06,0.07421796,0.08084696,1.148411,161.14
640800,0.41,0.55,0.04,0.1017725,0.1103979,0.903208,124.83
640900,0.47,0.48,0.05,0.100292,0.1148199,1.228011,133.24
641000,0.4,0.57,0.03,0.09587908,0.104474,0.7886072,152.95
641100,0.41,0.57,0.02,0.07107495,0.06960841,0.6840046,115.48
641200,0.5,0.44,0.06,0.07746959,0.09512608,1.36001,163.77
641300,0.44,0.5,0.06,0.08788405,0.09422925,0.820407,148.83
641400,0.42,0.57,0.01,0.07126806,0.07190456,0.4662016,99.8
641500,0.48,0.48,0.04,0.0773642,0.0836039,0.7766063,135.11
641600,0.48,0.5,0.02,0.08292528,0.09189102,0.5538021,125.49
641700,0.49,0.42,0.09,0.07037392,0.06776222,1.576616,181.99
641800,0.44,0.5,0.06,0.07076348,0.06181299,1.349413,166.9
641900,0.44,0.55,0.01,0.07856913,0.08730282,0.3996022,101.83
642000,0.38,0.61,0.01,0.07712549,0.07678017,0.4840021,100.75
642100,0.38,0.56,0.06,0.09201189,0.1052921,0.8568066,133.37
642200,0.45,0.49,0.06,0.09471079,0.1024224,0.989009,160.57
642300,0.5,0.42,0.08,0.09147796,0.08454899,1.836817,169.67
642400,0.48,0.48,0.04,0.07086936,0.06771597,0.7756063,134.89
642500,0.47,0.48,0.05,0.09929045,0.09762995,1.118011,142.26
642600,0.4,0.56,0.04,0.08041248,0.07259305,0.7304066,135.33
642700,0.43,0.54,0.03,0.06987414,0.06236614,0.8674044,153.13
642800,0.39,0.57,0.04,0.06917301,0.06704583,0.8748059,144.44
642900,0.42,0.55,0.03,0.09304133,0.08364988,0.7400046,127.84
643000,0.43,0.52,0.05,0.0836883,0.07552099,0.9938074,143.56
643100,0.35,0.58,0.07,0.06676143,0.06593648,1.435414,189.14
643200,0.47,0.48,0.05,0.05919542,0.05841181,1.008008,157.45
643300,0.36,0.6,0.04,0.07360356,0.07686079,0.5566025,152.68
643400,0.39,0.59,0.02,0.08628906,0.08144203,0.5840045,118.16
643500,0.43,0.51,0.06,0.09285811,0.1296775,1.483615,154.15
643600,0.43,0.49,0.08,0.07985569,0.08219448,1.349211,182.85
643700,0.35,0.61,0.04,0.0940887,0.09047757,0.9210081,132.6
643800,0.46,0.5,0.04,0.08578215,0.08306982,0.9742086,136.4
643900,0.41,0.56,0.03,0.06263338,0.05684792,0.7646041,148.71
644000,0.42,0.51,0.07,0.0772989,0.07033575,1.03181,161.52
644100,0.44,0.53,0.03,0.07741403,0.08019808,0.8760074,125.94
644200,0.49,0.47,0.04,0.0705772,0.07364281,1.086208,130.62
644300,0.38,0.57,0.05,0.07104781,0.06795269,1.219211,144.79
644400,0.44,0.51,0.05,0.06819183,0.06327502,1.185812,146.9
644500,0.44,0.49,0.07,0.0781794,0.07888182,1.441414,177.42
644600,0.48,0.48,0.04,0.06577364,0.05738109,0.839805,156.9
644700,0.45,0.48,0.07,0.06383895,0.06710538,1.281811,179.43
644800,0.43,0.51,0.06,0.07594827,0.0756811,1.26261,154.13
644900,0.41,0.56,0.03,0.08676353,0.09139756,0.416202,125.89
645000,0.36,0.56,0.08,0.07862845,0.07651789,1.600218,169.32
645100,0.43,0.54,0.03,0.0728298,0.06949367,0.786207,132.19
645200,0.49,0.47,0.04,0.08352007,0.08376081,1.046008,137.89
645300,0.4,0.57,0.03,0.07895241,0.08088469,0.8256062,124.34
645400,0.43,0.56,0.01,0.07471869,0.09017508,0.5222018,103.35
645500,0.32,0.66,0.02,0.0637736,0.06100675,0.6586046,130.2
645600,0.36,0.6,0.04,0.06960164,0.06534872,0.7864062,146.75
645700,0.45,0.52,0.03,0.07928821,0.08246943,0.6186051,116.39
645800,0.43,0.51,0.06,0.07233426,0.06848026,1.335212,157.42
645900,0.34,0.59,0.07,0.07159953,0.06991936,1.276012,168.05
646000,0.48,0.48,0.04,0.06359495,0.05924686,0.9890099,131.35
646100,0.44,0.51,0.05,0.07931994,0.0999146,1.233011,159.3
646200,0.51,0.47,0.02,0.08232116,0.07458349,0.7780047,124.39
646300,0.44,0.52,0.04,0.08507993,0.1019133,0.764406,155.53
646400,0.46,0.53,0.01,0.06132955,0.0637814,0.5576023,114.48
646500,0.42,0.54,0.04,0.07406463,0.07140371,0.7554065,142.11
646600,0.36,0.6,0.04,0.08028793,0.0813583,0.782406,128.54
646700,0.41,0.57,0.02,0.06792502,0.06757956,0.7136039,131.34
646800,0.34,0.6,0.06,0.06526645,0.06483964,1.25041,158.64
646900,0.4,0.54,0.06,0.06123225,0.06317046,0.7762058,164.62
647000,0.4,0.57,0.03,0.06863428,0.06411551,0.4886019,142.47
647100,0.41,0.53,0.06,0.07079796,0.07217735,1.325013,150.89
647200,0.51,0.42,0.07,0.1068485,0.101053,1.18221,155.62
647300,0.41,0.55,0.04,0.07920945,0.0746264,0.8828065,141.05
647400,0.46,0.49,0.05,0.0729569,0.08494289,1.103011,133.14
647500,0.54,0.43,0.03,0.06976493,0.06681437,0.8928072,114.64
647600,0.51,0.46,0.03,0.07009855,0.07547488,0.7990041,140.13
647700,0.41,0.56,0.03,0.06549857,0.0664739,0.7378063,121.8
647800,0.5,0.45,0.05,0.07999794,0.07978883,1.178012,132.23
647900,0.42,0.53,0.05,0.08114997,0.08567178,1.069211,144.83
648000,0.51,0.48,0.01,0.06813359,0.06602583,0.4431996,110.65
648100,0.38,0.54,0.08,0.09412915,0.1017432,1.616017,171.24
648200,0.49,0.44,0.07,0.1034613,0.104648,1.247411,161.03
648300,0.4,0.57,0.03,0.07347678,0.07478327,0.8010054,126.28
648400,0.43,0.53,0.04,0.07434508,0.0658496,0.6862047,148.75
648500,0.39,0.56,0.05,0.07593399,0.08594906,0.953207,152.13
648600,0.51,0.4,0.09,0.07664976,0.08810407,1.483414,178.29
648700,0.39,0.56,0.05,0.06324391,0.06050261,1.146611,142.88
648800,0.47,0.47,0.06,0.0918653,0.1003218,0.9280071,150.65
648900,0.36,0.56,0.08,0.06065679,0.05406466,1.391014,178.31
649000,0.44,0.5,0.06,0.06381108,0.06529332,1.316814,181.36
649100,0.4,0.57,0.03,0.07938462,0.08171114,0.692406,135.7
649200,0.49,0.46,0.05,0.07074276,0.06897278,1.232212,151.71
649300,0.41,0.56,0.03,0.1065353,0.0949361,0.8224069,118.57
649400,0.43,0.54,0.03,0.09151554,0.09031538,0.8326062,141.11
649500,0.39,0.57,0.04,0.07694825,0.09853376,1.007609,133.05
649600,0.42,0.54,0.04,0.06498786,0.06290093,0.9850097,147.24
649700,0.4,0.55,0.05,0.06781133,0.06646394,0.937209,144.91
649800,0.46,0.52,0.02,0.08782057,0.07479255,0.7048045,136.93
649900,0.42,0.53,0.05,0.07973153,0.07543849,1.24881,156.1
650000,0.41,0.48,0.11,0.05978712,0.05457882,2.269025,197.12
650100,0.37,0.56,0.07,0.07471916,0.0783802,1.538216,165.27
650200,0.4,0.57,0.03,0.07229953,0.08623897,0.7750075,121.04
650300,0.47,0.47,0.06,0.07175351,0.06568979,1.310812,162.17
650400,0.53,0.39,0.08,0.06032264,0.06207607,1.713216,173.57
650500,0.42,0.52,0.06,0.07270451,0.09102993,1.461014,165.4
650600,0.55,0.41,0.04,0.07658461,0.07546702,0.7518039,144.72
650700,0.44,0.49,0.07,0.06806616,0.07432032,1.552615,160.2
650800,0.43,0.52,0.05,0.06492858,0.05697076,1.024409,156.39
650900,0.48,0.5,0.02,0.08466527,0.08407221,0.6758042,113.74
651000,0.53,0.43,0.04,0.06361244,0.05639567,1.130809,158.23
651100,0.42,0.54,0.04,0.06766716,0.06748597,0.9826082,140.1
651200,0.44,0.5,0.06,0.07991794,0.08303732,1.099609,146.2
651300,0.42,0.56,0.02,0.06297546,0.06230659,0.3554021,114.06
651400,0.47,0.52,0.01,0.06925942,0.06629749,0.6256018,113.75
651500,0.47,0.5,0.03,0.08653532,0.07914347,0.7870039,140.02
651600,0.47,0.47,0.06,0.07716368,0.06789953,1.073808,156.52
651700,0.42,0.55,0.03,0.0766795,0.0711788,0.693406,128
651800,0.42,0.55,0.03,0.1014665,0.1057767,0.899807,125.89
651900,0.44,0.49,0.07,0.08309605,0.09579781,1.061209,170.89
652000,0.43,0.54,0.03,0.09532258,0.09931807,0.5572019,126.99
652100,0.43,0.57,0,0.07291447,0.07024608,0.3041998,96.54
652200,0.48,0.45,0.07,0.06769148,0.06519926,1.374612,173.58
652300,0.42,0.52,0.06,0.1045869,0.09714974,1.317411,157.94
652400,0.48,0.46,0.06,0.09110563,0.09009423,1.278811,160.91
652500,0.33,0.63,0.04,0.07564551,0.07547667,0.6366046,154.27
652600,0.43,0.56,0.01,0.06675889,0.06550226,0.4030019,126.99
652700,0.4,0.58,0.02,0.09175263,0.1016855,0.7276045,114.77
652800,0.39,0.53,0.08,0.07628438,0.07327253,1.503216,168.25
652900,0.39,0.6,0.01,0.08616117,0.08278333,0.2261998,109.33
653000,0.35,0.59,0.06,0.06436409,0.05988199,1.084611,154.88
653100,0.45,0.53,0.02,0.07634725,0.07441825,0.6424047,123.15
653200,0.45,0.53,0.02,0.0723127,0.07280201,0.5500038,111.53
653300,0.48,0.46,0.06,0.08626308,0.09506985,1.426414,154.46
653400,0.39,0.52,0.09,0.1060721,0.1245448,1.966418,171.11
653500,0.49,0.49,0.02,0.06206253,0.05785014,0.6824037,132.93
653600,0.44,0.52,0.04,0.0737285,0.06472501,0.6928046,158.89
653700,0.41,0.5,0.09,0.07479689,0.07019093,1.374014,199.79
653800,0.43,0.55,0.02,0.0934156,0.1177604,0.5694037,109.64
653900,0.38,0.55,0.07,0.07595079,0.07751166,1.14141,169.23
654000,0.39,0.57,0.04,0.06954952,0.07042743,0.9854069,140.5
654100,0.38,0.56,0.06,0.06922317,0.07023139,1.449213,160.2
654200,0.49,0.48,0.03,0.06455286,0.07516643,0.9282051,131.48
654300,0.45,0.53,0.02,0.09974834,0.1191033,0.7524041,131.45
654400,0.45,0.5,0.05,0.078709,0.08511161,1.051209,152.28
654500,0.49,0.47,0.04,0.1018488,0.09498709,1.083009,142.01
654600,0.4,0.57,0.03,0.06987319,0.06614868,0.7110048,132.01
654700,0.38,0.58,0.04,0.07817683,0.08092464,0.6784047,146.5
654800,0.47,0.47,0.06,0.08593193,0.08215703,1.11741,154.3
654900,0.51,0.45,0.04,0.07057364,0.0664043,0.6416046,147.64
655000,0.32,0.61,0.07,0.08780053,0.08300555,1.281013,161.53
655100,0.41,0.54,0.05,0.06768807,0.06409188,1.02841,148.8
655200,0.35,0.63,0.02,0.06897121,0.06521276,0.5146048,137.61
655300,0.48,0.5,0.02,0.07711179,0.08895406,0.7178042,136.29
655400,0.35,0.58,0.07,0.0700213,0.08448278,1.404015,161.49
655500,0.45,0.51,0.04,0.1114692,0.1088071,0.8616077,130.78
655600,0.43,0.56,0.01,0.06720942,0.06466548,0.722802,122.95
655700,0.45,0.47,0.08,0.08038995,0.08842703,1.649016,172.2
655800,0.53,0.44,0.03,0.07879999,0.0782293,0.6042038,121.47
655900,0.42,0.57,0.01,0.07582556,0.08034628,0.528802,98.67
656000,0.43,0.53,0.04,0.07040959,0.06787805,0.9680077,145.08
656100,0.39,0.52,0.09,0.06407702,0.06267121,2.122421,211.89
656200,0.45,0.52,0.03,0.09547248,0.08852375,0.8426068,135.41
656300,0.4,0.52,0.08,0.09395229,0.0921605,1.750617,161.72
656400,0.39,0.61,0,0.09487765,0.10012,0.1979998,105.47
656500,0.42,0.55,0.03,0.07433496,0.07125159,0.8512073,121.67
656600,0.45,0.51,0.04,0.0659346,0.06559347,0.9926071,144.08
656700,0.43,0.52,0.05,0.09024291,0.08696391,0.9342084,143.03
656800,0.43,0.56,0.01,0.0627725,0.05779683,0.2557998,130.44
656900,0.51,0.47,0.02,0.06437743,0.07144217,0.7648046,134.54
657000,0.43,0.52,0.05,0.07097379,0.07501951,1.194612,143.19
657100,0.46,0.43,0.11,0.07170114,0.0736355,1.854819,192.33
657200,0.42,0.54,0.04,0.0721482,0.07609142,0.7278064,138.26
657300,0.41,0.55,0.04,0.06806421,0.06249966,0.9650089,140.49
657400,0.34,0.57,0.09,0.09303877,0.107352,1.723219,175.58
657500,0.4,0.56,0.04,0.05520923,0.05270321,1.113209,165.09
657600,0.48,0.45,0.07,0.08879457,0.08989279,1.389612,159.97
657700,0.45,0.52,0.03,0.07549142,0.07086138,0.8636065,140.02
657800,0.37,0.58,0.05,0.08110973,0.08086221,0.9680089,149.49
657900,0.39,0.55,0.06,0.07647423,0.07273247,1.149211,150.29
658000,0.41,0.51,0.08,0.06996586,0.06749006,1.196811,185.53
658100,0.35,0.63,0.02,0.1149497,0.1150229,0.5256039,111.4
658200,0.34,0.63,0.03,0.0911437,0.08990216,0.3794021,125.44
658300,0.45,0.51,0.04,0.07104629,0.07839448,1.061206,162.48
658400,0.47,0.52,0.01,0.07255535,0.08773592,0.4704022,98.91
658500,0.38,0.55,0.07,0.06884089,0.06322974,1.376013,165.03
658600,0.41,0.55,0.04,0.1044653,0.1035784,1.113209,140.33
658700,0.47,0.5,0.03,0.07489707,0.07407245,0.6696039,138.47
658800,0.41,0.51,0.08,0.08098582,0.07949319,1.462614,178.69
658900,0.45,0.54,0.01,0.06839922,0.06638651,0.469802,107.48
659000,0.44,0.5,0.06,0.07766675,0.08192029,1.167611,153.92
659100,0.5,0.46,0.04,0.07409713,0.07137568,0.9466072,133.61
659200,0.38,0.56,0.06,0.07499372,0.07194708,0.9704085,155.64
659300,0.36,0.56,0.08,0.09653757,0.09583715,1.440214,191.21
659400,0.43,0.51,0.06,0.06776836,0.06156811,1.322611,171.52
659500,0.43,0.5,0.07,0.06055987,0.06110114,1.283809,178.3
659600,0.37,0.59,0.04,0.08541091,0.09330198,0.9566083,146.48
659700,0.45,0.53,0.02,0.09906719,0.1139638,0.5374023,127.19
659800,0.41,0.56,0.03,0.08390262,0.08131079,0.7322055,131.84
659900,0.4,0.54,0.06,0.1174308,0.1144568,0.765206,142.89
660000,0.41,0.57,0.02,0.07616487,0.07991503,0.6092048,128.46
660100,0.39,0.57,0.04,0.08732709,0.08844998,0.8482065,135.36
660200,0.37,0.57,0.06,0.06797357,0.05667789,1.125411,150.54
660300,0.43,0.53,0.04,0.08890033,0.08424055,0.7674065,125.77
660400,0.42,0.54,0.04,0.05776361,0.05658799,0.7702075,122.38
660500,0.51,0.46,0.03,0.09114215,0.08628311,0.4790021,118.16
660600,0.41,0.53,0.06,0.08122039,0.08270673,1.411212,172.83
660700,0.37,0.56,0.07,0.07292761,0.07332078,1.283414,167.82
660800,0.39,0.58,0.03,0.06650997,0.06614679,0.8988062,134.79
660900,0.43,0.49,0.08,0.07742679,0.077662,1.330212,166.41
661000,0.35,0.6,0.05,0.08495341,0.07960837,1.308412,146.51
661100,0.51,0.48,0.01,0.06460481,0.06453449,0.4901996,123.94
661200,0.39,0.54,0.07,0.07782227,0.08985183,1.636017,164.12
661300,0.42,0.53,0.05,0.07973143,0.07976718,1.05361,153.8
661400,0.42,0.52,0.06,0.1123155,0.1256163,1.028609,138.61
661500,0.46,0.45,0.09,0.08488938,0.08806276,1.568217,180.13
661600,0.43,0.52,0.05,0.07906375,0.08593884,0.9572099,141.48
661700,0.41,0.53,0.06,0.1040032,0.1102901,1.365414,138.79
661800,0.47,0.49,0.04,0.08890284,0.08523007,0.7750062,130.16
661900,0.33,0.61,0.06,0.1023651,0.09942583,0.8024068,153.48
662000,0.51,0.46,0.03,0.08276623,0.07900294,0.9024065,117.56
662100,0.36,0.57,0.07,0.08449645,0.08682933,1.005611,150.59
662200,0.45,0.46,0.09,0.07796315,0.08617441,1.277611,170.7
662300,0.43,0.48,0.09,0.0713216,0.06742577,1.271012,176.06
662400,0.58,0.38,0.04,0.07400856,0.08136418,0.8572047,146.22
662500,0.33,0.63,0.04,0.07200859,0.075421,0.7324064,126.68
662600,0.55,0.38,0.07,0.07038221,0.06920919,1.447213,175.6
662700,0.53,0.41,0.06,0.07488371,0.08034223,1.322011,156.43
662800,0.39,0.57,0.04,0.0774717,0.08267194,0.9324095,138.41
662900,0.41,0.56,0.03,0.07323834,0.07096779,0.7812042,138.4
663000,0.45,0.5,0.05,0.07631388,0.06678195,0.9738055,152.94
663100,0.43,0.45,0.12,0.06518646,0.06276845,2.146822,213.96
663200,0.44,0.55,0.01,0.07528801,0.06683341,0.2751998,125
663300,0.43,0.49,0.08,0.06290565,0.06403869,1.547817,173.29
663400,0.41,0.55,0.04,0.06208931,0.06953311,0.8016071,147.34
663500,0.38,0.55,0.07,0.06250685,0.05637617,1.311613,170.99
663600,0.42,0.51,0.07,0.06494192,0.05822156,1.390214,164.81
663700,0.35,0.62,0.03,0.07615373,0.0747354,0.7476045,143.69
663800,0.37,0.59,0.04,0.07895345,0.07713482,1.006209,125.09
663900,0.43,0.52,0.05,0.08918164,0.1031672,1.278211,158.76
664000,0.35,0.6,0.05,0.06780137,0.06433852,0.9186089,152.56
664100,0.45,0.53,0.02,0.07344981,0.06450138,0.5228021,104.7
664200,0.46,0.47,0.07,0.08623832,0.09122065,1.301012,153.82
664300,0.43,0.53,0.04,0.07508419,0.08676886,0.9210071,142.76
664400,0.48,0.47,0.05,0.08954373,0.1004892,1.119211,142.31
664500,0.43,0.53,0.04,0.06462317,0.06427044,1.112208,154.17
664600,0.45,0.51,0.04,0.06915598,0.07055777,0.9512087,128.81
664700,0.46,0.49,0.05,0.08692207,0.09853959,1.178811,146.28
664800,0.47,0.51,0.02,0.07833807,0.0756065,0.6676015,129.98
664900,0.41,0.56,0.03,0.0850483,0.09622522,0.9556073,157.14
665000,0.54,0.44,0.02,0.0797095,0.07777911,0.6228042,100.04
665100,0.38,0.59,0.03,0.09789967,0.1000006,0.6774049,126.48
665200,0.41,0.57,0.02,0.06059621,0.05809948,0.2705998,116.54
665300,0.44,0.55,0.01,0.06855153,0.07351488,0.516202,115.25
665400,0.41,0.53,0.06,0.1114138,0.1393986,1.185412,143.52
665500,0.48,0.5,0.02,0.08079434,0.07300282,0.579004,112.1
665600,0.49,0.48,0.03,0.08504781,0.08684356,0.743004,118.21
665700,0.4,0.57,0.03,0.06741393,0.06263902,0.5580046,122.13
665800,0.42,0.55,0.03,0.07573321,0.0838069,0.770207,124.98
665900,0.37,0.57,0.06,0.09054218,0.09562893,1.365014,160.41
666000,0.41,0.55,0.04,0.06009322,0.05900757,0.9436066,144.84
666100,0.47,0.5,0.03,0.07167657,0.07334787,0.6824046,130.47
666200,0.44,0.51,0.05,0.08268806,0.08135683,1.075809,158.12
666300,0.34,0.59,0.07,0.07340962,0.06984192,1.357213,150.38
666400,0.34,0.62,0.04,0.07102842,0.06869926,0.9248092,125.67
666500,0.39,0.58,0.03,0.0846094,0.07563602,0.7686064,134.04
666600,0.42,0.48,0.1,0.07530291,0.0762568,2.102422,198.49
666700,0.43,0.53,0.04,0.06394149,0.06989102,0.8758072,153.4
666800,0.47,0.45,0.08,0.06790794,0.06533509,1.256612,181.21
666900,0.41,0.56,0.03,0.07233562,0.06773136,0.6036047,117.09
667000,0.43,0.5,0.07,0.07275611,0.0702423,1.430216,159.88
667100,0.34,0.62,0.04,0.07134897,0.06788531,0.8844092,130.01
667200,0.38,0.56,0.06,0.08112891,0.07701039,1.331015,164.38
667300,0.4,0.58,0.02,0.07871845,0.08066449,0.5692025,112.06
667400,0.34,0.65,0.01,0.1023901,0.09279213,0.371602,86.72
667500,0.42,0.54,0.04,0.07394496,0.06781981,0.8364068,137.67
667600,0.41,0.55,0.04,0.08938321,0.08663325,0.8744075,131.78
667700,0.43,0.5,0.07,0.07450965,0.08553842,1.412014,172.1
667800,0.43,0.5,0.07,0.06829935,0.07014664,1.164812,157.32
667900,0.38,0.58,0.04,0.0646882,0.05825421,0.6078042,142.07
668000,0.47,0.46,0.07,0.06955573,0.0649492,1.314811,149.06
668100,0.43,0.53,0.04,0.08249568,0.08505783,0.7786052,132.71
668200,0.43,0.55,0.02,0.08474674,0.08363445,0.464402,110.67
668300,0.38,0.59,0.03,0.08325699,0.07347857,0.752806,120.98
668400,0.44,0.52,0.04,0.0761765,0.07333957,0.8610065,126.53
668500,0.4,0.56,0.04,0.08015744,0.08205111,0.580205,143.87
668600,0.41,0.54,0.05,0.06428624,0.05899065,1.035411,146.11
668700,0.45,0.49,0.06,0.06074956,0.05776705,0.940606,184.05
668800,0.42,0.52,0.06,0.06650146,0.05922925,0.9918087,170.63
668900,0.45,0.5,0.05,0.06831837,0.06191773,0.9944069,158.44
669000,0.49,0.46,0.05,0.06813689,0.06341491,1.119407,149.22
669100,0.4,0.52,0.08,0.08081011,0.1029426,1.461014,180.43
669200,0.47,0.49,0.04,0.08570065,0.08619905,0.9308088,134.43
669300,0.43,0.53,0.04,0.08696684,0.1155322,0.816407,133.21
669400,0.36,0.58,0.06,0.07411955,0.08405314,1.339614,150.31
669500,0.53,0.47,0,0.07930274,0.07839871,0.3415997,85.72
669600,0.42,0.52,0.06,0.09584016,0.09511475,1.146412,148.62
669700,0.43,0.53,0.04,0.07470556,0.07733496,0.8956062,122.05
669800,0.46,0.53,0.01,0.08091803,0.0854374,0.2773998,108.38
669900,0.39,0.57,0.04,0.08637453,0.08617109,0.8882065,133.18
670000,0.47,0.53,0,0.08931398,0.09543385,0.3813997,98.93
670100,0.43,0.53,0.04,0.06605309,0.06007154,0.6830042,142.7
670200,0.52,0.45,0.03,0.07439633,0.07397256,0.7918064,114.76
670300,0.41,0.56,0.03,0.08032894,0.08075001,0.8544064,129.29
670400,0.43,0.53,0.04,0.06615619,0.06216257,0.985406,126.03
670500,0.51,0.46,0.03,0.07675335,0.08107845,0.8290064,127.75
670600,0.44,0.5,0.06,0.08562006,0.09416724,1.183811,139.74
670700,0.43,0.54,0.03,0.07665227,0.07338193,0.9144067,122.48
670800,0.45,0.52,0.03,0.07335736,0.0690803,0.6380029,126.29
670900,0.43,0.52,0.05,0.06659121,0.06200168,0.9154093,142.09
671000,0.41,0.58,0.01,0.08155455,0.08016982,0.4748025,108.87
671100,0.44,0.46,0.1,0.06861168,0.0672708,1.564817,186.12
671200,0.46,0.51,0.03,0.09246713,0.1002589,0.5456044,118.15
671300,0.44,0.52,0.04,0.08966648,0.09688327,0.9756072,136.16
671400,0.43,0.54,0.03,0.06998803,0.06508278,0.6652042,128.12
671500,0.47,0.5,0.03,0.07786354,0.07342501,0.8508066,119.98
671600,0.41,0.56,0.03,0.06765572,0.06211499,0.8786065,136.63
671700,0.48,0.49,0.03,0.0918888,0.1069919,0.478202,111.64
671800,0.43,0.53,0.04,0.0725012,0.06435737,1.02621,133.53
671900,0.53,0.44,0.03,0.07609618,0.0960322,0.9052056,119.3
672000,0.43,0.54,0.03,0.07901593,0.09088086,0.9186082,124.38
672100,0.4,0.56,0.04,0.07314923,0.07477269,0.7924064,148.49
672200,0.41,0.52,0.07,0.07849165,0.1017321,0.9760085,174.01
672300,0.37,0.59,0.04,0.08158378,0.07461903,0.6798047,145.04
672400,0.39,0.56,0.05,0.06162211,0.06242762,1.218012,146.38
672500,0.39,0.54,0.07,0.06963642,0.06825318,1.153411,163.47
672600,0.5,0.46,0.04,0.06633647,0.06603455,1.053608,135.16
672700,0.42,0.58,0,0.07268718,0.06937229,0.2113998,107.37
672800,0.41,0.55,0.04,0.07172278,0.08451315,0.7692043,132.06
