Episode,Winner,RunnerAcc,PursuerAcc,RunnerJitter,PursuerJitter,NearMissTime
1,Runner,1.000,0.000,0.761,0.501,0.00
2,Pursuer,0.500,0.500,0.153,0.159,0.00
3,Pursuer,0.333,0.667,0.158,0.166,0.00
4,Runner,0.500,0.500,0.310,0.177,0.08
5,Pursuer,0.400,0.600,0.150,0.146,0.00
6,Draw,0.333,0.500,0.158,0.152,0.00
7,Draw,0.286,0.429,0.150,0.150,0.00
8,Draw,0.250,0.375,0.145,0.152,19.96
9,Draw,0.222,0.333,0.141,0.148,0.00
10,Draw,0.200,0.300,0.149,0.151,0.00
11,Draw,0.182,0.273,0.159,0.158,11.78
12,Draw,0.167,0.250,0.149,0.143,14.26
13,Draw,0.154,0.231,0.152,0.148,0.00
14,Draw,0.143,0.214,0.136,0.157,3.92
15,Draw,0.133,0.200,0.155,0.154,0.00
16,Draw,0.125,0.188,0.148,0.155,0.00
17,Draw,0.118,0.176,0.150,0.140,0.00
18,Runner,0.167,0.167,0.000,0.000,0.00
19,Draw,0.158,0.158,0.154,0.140,9.28
20,Pursuer,0.150,0.200,0.000,0.000,0.00
21,Pursuer,0.143,0.238,0.498,0.524,0.00
22,Pursuer,0.136,0.273,0.077,0.166,0.00
23,Pursuer,0.130,0.304,0.109,0.125,0.00
24,Pursuer,0.125,0.333,0.200,0.141,0.00
25,Pursuer,0.120,0.360,0.046,0.147,0.00
26,Draw,0.115,0.346,0.159,0.154,16.98
27,Pursuer,0.111,0.370,0.000,0.000,0.00
28,Pursuer,0.107,0.393,0.144,0.171,0.00
29,Draw,0.103,0.379,0.150,0.144,0.00
30,Draw,0.100,0.367,0.147,0.141,9.24
31,Pursuer,0.097,0.387,0.000,0.000,0.00
32,Draw,0.094,0.375,0.158,0.155,0.00
33,Draw,0.091,0.364,0.142,0.152,0.00
34,Draw,0.088,0.353,0.162,0.153,12.20
35,Draw,0.086,0.343,0.149,0.143,0.00
36,Draw,0.083,0.333,0.155,0.143,0.00
37,Draw,0.081,0.324,0.150,0.153,0.00
38,Draw,0.079,0.316,0.142,0.137,15.86
39,Draw,0.077,0.308,0.145,0.144,0.00
40,Draw,0.075,0.300,0.155,0.154,11.84
41,Draw,0.073,0.293,0.150,0.151,0.00
42,Pursuer,0.071,0.310,0.152,0.347,0.00
43,Pursuer,0.070,0.326,0.152,0.157,0.00
44,Draw,0.068,0.318,0.150,0.148,0.00
45,Draw,0.067,0.311,0.142,0.149,0.00
46,Draw,0.065,0.304,0.150,0.142,0.00
47,Runner,0.085,0.298,0.154,0.128,0.00
48,Draw,0.083,0.292,0.130,0.149,0.00
49,Draw,0.082,0.286,0.142,0.150,13.14
50,Pursuer,0.080,0.300,0.127,0.149,0.00
51,Pursuer,0.078,0.314,0.149,0.175,0.00
52,Pursuer,0.077,0.327,0.133,0.196,0.00
53,Draw,0.075,0.321,0.149,0.156,0.00
54,Draw,0.074,0.315,0.153,0.148,0.00
55,Draw,0.073,0.309,0.158,0.146,0.00
56,Draw,0.071,0.304,0.151,0.146,10.40
57,Draw,0.070,0.298,0.153,0.133,0.06
58,Draw,0.069,0.293,0.154,0.148,0.00
59,Draw,0.068,0.288,0.149,0.155,16.64
60,Draw,0.067,0.283,0.152,0.147,0.00
61,Draw,0.066,0.279,0.142,0.150,9.36
62,Runner,0.081,0.274,0.000,0.000,0.00
63,Draw,0.079,0.270,0.146,0.160,9.24
64,Draw,0.078,0.266,0.149,0.152,0.00
65,Draw,0.077,0.262,0.165,0.157,0.00
66,Pursuer,0.076,0.273,0.152,0.160,0.00
67,Draw,0.075,0.269,0.156,0.163,0.00
68,Pursuer,0.074,0.279,0.117,0.142,0.00
69,Pursuer,0.072,0.290,0.133,0.140,0.00
70,Draw,0.071,0.286,0.154,0.153,0.00
71,Draw,0.070,0.282,0.149,0.142,0.00
72,Draw,0.069,0.278,0.149,0.148,12.16
73,Draw,0.068,0.274,0.156,0.140,0.00
74,Draw,0.068,0.270,0.148,0.159,4.62
75,Draw,0.067,0.267,0.151,0.154,2.26
76,Draw,0.066,0.263,0.141,0.134,0.00
77,Draw,0.065,0.260,0.150,0.136,0.00
78,Draw,0.064,0.256,0.152,0.159,0.00
79,Draw,0.063,0.253,0.148,0.155,1.48
80,Draw,0.063,0.250,0.163,0.155,5.82
81,Draw,0.062,0.247,0.148,0.148,0.00
82,Draw,0.061,0.244,0.144,0.152,0.00
83,Draw,0.060,0.241,0.144,0.148,0.00
84,Runner,0.071,0.238,0.082,0.206,0.00
85,Draw,0.071,0.235,0.154,0.150,0.00
86,Draw,0.070,0.233,0.150,0.146,0.00
87,Runner,0.080,0.230,0.140,0.160,0.00
88,Draw,0.080,0.227,0.148,0.146,0.00
89,Pursuer,0.079,0.236,0.142,0.149,0.00
90,Draw,0.078,0.233,0.152,0.143,0.02
91,Draw,0.077,0.231,0.137,0.156,0.00
92,Draw,0.076,0.228,0.153,0.142,5.78
93,Draw,0.075,0.226,0.155,0.147,0.00
94,Draw,0.074,0.223,0.146,0.151,0.00
95,Draw,0.074,0.221,0.150,0.162,0.00
96,Draw,0.073,0.219,0.148,0.144,0.00
97,Draw,0.072,0.216,0.163,0.146,0.00
98,Draw,0.071,0.214,0.150,0.158,0.00
99,Draw,0.071,0.212,0.150,0.151,0.00
100,Draw,0.070,0.210,0.147,0.148,0.00
101,Draw,0.069,0.208,0.150,0.149,0.00
102,Draw,0.069,0.206,0.145,0.146,3.46
103,Draw,0.068,0.204,0.151,0.148,0.00
104,Draw,0.067,0.202,0.141,0.154,2.92
105,Pursuer,0.067,0.210,0.139,0.142,0.00
106,Draw,0.066,0.208,0.155,0.164,1.76
107,Draw,0.065,0.206,0.145,0.159,0.00
108,Draw,0.065,0.204,0.140,0.153,7.12
109,Draw,0.064,0.202,0.143,0.138,0.00
110,Draw,0.064,0.200,0.148,0.138,0.00
111,Draw,0.063,0.198,0.145,0.151,0.10
112,Draw,0.063,0.196,0.139,0.153,0.00
113,Draw,0.062,0.195,0.144,0.159,0.00
114,Pursuer,0.061,0.202,0.000,0.000,0.00
115,Draw,0.061,0.200,0.160,0.172,2.82
116,Pursuer,0.060,0.207,0.000,0.000,0.00
117,Draw,0.060,0.205,0.152,0.145,2.92
118,Draw,0.059,0.203,0.157,0.154,0.00
119,Draw,0.059,0.202,0.148,0.144,6.70
120,Draw,0.058,0.200,0.153,0.162,10.50
121,Draw,0.058,0.198,0.159,0.151,0.00
122,Draw,0.057,0.197,0.135,0.142,0.00
123,Draw,0.057,0.195,0.152,0.150,19.70
124,Pursuer,0.056,0.202,0.161,0.117,0.00
125,Draw,0.056,0.200,0.158,0.159,0.00
126,Draw,0.056,0.198,0.150,0.165,0.00
127,Draw,0.055,0.197,0.146,0.154,0.00
128,Draw,0.055,0.195,0.154,0.151,0.00
129,Draw,0.054,0.194,0.151,0.158,0.00
130,Draw,0.054,0.192,0.165,0.143,1.08
131,Draw,0.053,0.191,0.141,0.144,4.74
132,Draw,0.053,0.189,0.147,0.157,0.00
133,Runner,0.060,0.188,0.000,0.000,0.00
134,Draw,0.060,0.187,0.146,0.152,0.00
135,Draw,0.059,0.185,0.157,0.146,19.98
136,Draw,0.059,0.184,0.155,0.145,0.00
137,Pursuer,0.058,0.190,0.151,0.147,0.00
138,Pursuer,0.058,0.196,0.404,0.197,0.00
139,Draw,0.058,0.194,0.154,0.159,0.00
140,Draw,0.057,0.193,0.152,0.152,0.00
141,Draw,0.057,0.191,0.144,0.162,0.00
142,Pursuer,0.056,0.197,0.000,0.000,0.00
143,Draw,0.056,0.196,0.150,0.148,0.00
144,Pursuer,0.056,0.201,0.154,0.155,0.00
145,Runner,0.062,0.200,0.138,0.144,9.34
146,Draw,0.062,0.199,0.143,0.149,0.00
147,Runner,0.068,0.197,0.154,0.162,0.86
148,Runner,0.074,0.196,0.190,0.077,0.24
149,Pursuer,0.074,0.201,0.000,0.000,0.00
150,Draw,0.073,0.200,0.153,0.139,0.00
151,Pursuer,0.073,0.205,0.152,0.157,0.00
152,Draw,0.072,0.204,0.151,0.138,19.86
153,Draw,0.072,0.203,0.152,0.138,1.42
154,Draw,0.071,0.201,0.155,0.145,0.00
155,Draw,0.071,0.200,0.164,0.158,19.08
156,Draw,0.071,0.199,0.145,0.153,0.00
157,Pursuer,0.070,0.204,0.154,0.159,0.00
158,Draw,0.070,0.203,0.143,0.141,19.98
159,Draw,0.069,0.201,0.150,0.155,0.00
160,Draw,0.069,0.200,0.150,0.147,0.00
161,Pursuer,0.068,0.205,0.139,0.140,0.00
162,Draw,0.068,0.204,0.155,0.162,0.00
163,Pursuer,0.067,0.209,0.146,0.155,0.00
164,Pursuer,0.067,0.213,0.161,0.139,0.00
165,Runner,0.073,0.212,0.170,0.171,9.64
166,Pursuer,0.072,0.217,0.134,0.098,0.00
167,Pursuer,0.072,0.222,0.147,0.146,0.00
168,Draw,0.071,0.220,0.154,0.144,4.08
169,Draw,0.071,0.219,0.156,0.145,18.64
170,Draw,0.071,0.218,0.149,0.154,0.00
171,Draw,0.070,0.216,0.152,0.154,0.00
172,Draw,0.070,0.215,0.154,0.141,4.36
173,Draw,0.069,0.214,0.161,0.149,0.00
174,Draw,0.069,0.213,0.141,0.142,3.68
175,Draw,0.069,0.211,0.144,0.152,0.00
176,Runner,0.074,0.210,0.000,0.000,0.00
177,Draw,0.073,0.209,0.142,0.149,0.00
178,Draw,0.073,0.208,0.148,0.167,0.00
179,Draw,0.073,0.207,0.159,0.152,0.00
180,Pursuer,0.072,0.211,0.154,0.145,0.00
181,Draw,0.072,0.210,0.156,0.163,1.18
182,Draw,0.071,0.209,0.155,0.152,0.18
183,Draw,0.071,0.208,0.148,0.143,0.00
184,Draw,0.071,0.207,0.141,0.145,0.00
185,Draw,0.070,0.205,0.144,0.154,0.00
186,Runner,0.075,0.204,0.149,0.152,0.00
187,Draw,0.075,0.203,0.146,0.146,0.00
188,Draw,0.074,0.202,0.155,0.152,0.00
189,Draw,0.074,0.201,0.161,0.146,19.64
190,Draw,0.074,0.200,0.153,0.150,0.46
191,Pursuer,0.073,0.204,0.146,0.133,0.00
192,Draw,0.073,0.203,0.129,0.153,0.00
193,Draw,0.073,0.202,0.150,0.147,0.00
194,Pursuer,0.072,0.206,0.137,0.153,0.00
195,Draw,0.072,0.205,0.153,0.155,0.00
196,Pursuer,0.071,0.209,0.144,0.154,0.00
197,Draw,0.071,0.208,0.143,0.142,0.00
198,Pursuer,0.071,0.212,0.123,0.147,0.00
199,Runner,0.075,0.211,0.152,0.126,0.00
200,Draw,0.075,0.210,0.150,0.149,6.42
201,Draw,0.075,0.209,0.146,0.161,1.22
202,Runner,0.079,0.208,0.132,0.145,8.42
203,Pursuer,0.079,0.212,0.157,0.131,0.00
204,Draw,0.078,0.211,0.167,0.159,0.00
205,Draw,0.078,0.210,0.136,0.145,9.72
206,Runner,0.083,0.209,0.148,0.164,4.52
207,Runner,0.087,0.208,0.134,0.102,0.90
208,Pursuer,0.087,0.212,0.157,0.153,0.00
209,Pursuer,0.086,0.215,0.142,0.137,0.00
210,Draw,0.086,0.214,0.159,0.138,0.00
211,Runner,0.090,0.213,0.141,0.163,0.00
212,Pursuer,0.090,0.217,0.000,0.000,0.00
213,Pursuer,0.089,0.221,0.000,0.000,0.00
214,Draw,0.089,0.220,0.159,0.147,0.00
215,Draw,0.088,0.219,0.148,0.140,0.20
216,Draw,0.088,0.218,0.138,0.137,5.62
217,Pursuer,0.088,0.221,0.149,0.153,0.00
218,Pursuer,0.087,0.225,0.161,0.153,0.00
219,Pursuer,0.087,0.228,0.145,0.149,0.00
220,Draw,0.086,0.227,0.151,0.153,1.84
221,Draw,0.086,0.226,0.156,0.144,8.78
222,Pursuer,0.086,0.230,0.138,0.144,0.00
223,Draw,0.085,0.229,0.140,0.150,0.00
224,Runner,0.089,0.228,0.000,0.000,0.00
225,Runner,0.093,0.227,0.143,0.156,6.50
226,Pursuer,0.093,0.230,0.142,0.163,0.00
227,Runner,0.097,0.229,0.000,0.000,0.00
228,Draw,0.096,0.228,0.150,0.148,15.10
229,Draw,0.096,0.227,0.149,0.153,0.00
230,Runner,0.100,0.226,0.137,0.169,0.00
231,Draw,0.100,0.225,0.138,0.145,14.82
232,Draw,0.099,0.224,0.155,0.152,0.00
233,Draw,0.099,0.223,0.150,0.151,0.00
234,Pursuer,0.098,0.226,0.155,0.160,0.00
235,Draw,0.098,0.226,0.141,0.155,5.82
236,Draw,0.097,0.225,0.146,0.152,0.00
237,Pursuer,0.097,0.228,0.160,0.154,0.00
238,Draw,0.097,0.227,0.144,0.150,2.96
239,Draw,0.096,0.226,0.137,0.152,6.04
240,Draw,0.096,0.225,0.151,0.156,0.00
241,Pursuer,0.095,0.228,0.162,0.154,0.00
242,Draw,0.095,0.227,0.156,0.133,0.00
243,Pursuer,0.095,0.230,0.000,0.000,0.00
244,Runner,0.098,0.230,0.150,0.153,0.00
245,Draw,0.098,0.229,0.158,0.154,2.72
246,Draw,0.098,0.228,0.151,0.142,0.38
247,Pursuer,0.097,0.231,0.133,0.163,0.00
248,Draw,0.097,0.230,0.143,0.143,0.00
249,Pursuer,0.096,0.233,0.179,0.140,0.00
250,Draw,0.096,0.232,0.152,0.161,0.00
251,Pursuer,0.096,0.235,0.152,0.154,0.00
252,Draw,0.095,0.234,0.140,0.159,0.00
253,Draw,0.095,0.233,0.147,0.143,4.24
254,Draw,0.094,0.232,0.157,0.140,7.38
255,Pursuer,0.094,0.235,0.152,0.157,0.00
256,Pursuer,0.094,0.238,0.156,0.149,0.00
257,Runner,0.097,0.237,0.157,0.140,0.00
258,Runner,0.101,0.236,0.148,0.138,0.06
259,Pursuer,0.100,0.239,0.137,0.150,0.00
260,Pursuer,0.100,0.242,0.130,0.140,0.00
261,Runner,0.103,0.241,0.142,0.138,4.52
262,Draw,0.103,0.240,0.158,0.158,0.00
263,Draw,0.103,0.240,0.150,0.158,8.98
264,Runner,0.106,0.239,0.120,0.154,0.00
265,Draw,0.106,0.238,0.146,0.147,0.00
266,Pursuer,0.105,0.241,0.154,0.133,0.00
267,Pursuer,0.105,0.243,0.153,0.148,0.00
268,Pursuer,0.104,0.246,0.161,0.151,0.00
269,Draw,0.104,0.245,0.159,0.148,0.00
270,Draw,0.104,0.244,0.155,0.138,0.00
271,Pursuer,0.103,0.247,0.137,0.164,0.00
272,Draw,0.103,0.246,0.152,0.146,0.00
273,Pursuer,0.103,0.249,0.154,0.158,0.00
274,Draw,0.102,0.248,0.171,0.154,9.48
275,Runner,0.105,0.247,0.160,0.152,12.68
276,Draw,0.105,0.246,0.152,0.140,17.52
277,Runner,0.108,0.245,0.161,0.131,0.50
278,Pursuer,0.108,0.248,0.000,0.000,0.00
279,Runner,0.111,0.247,0.167,0.181,0.00
280,Draw,0.111,0.246,0.136,0.153,0.00
281,Draw,0.110,0.246,0.151,0.151,12.34
282,Draw,0.110,0.245,0.145,0.152,0.00
283,Draw,0.110,0.244,0.158,0.150,15.02
284,Draw,0.109,0.243,0.154,0.149,0.00
285,Draw,0.109,0.242,0.147,0.148,0.00
286,Draw,0.108,0.241,0.155,0.151,0.00
287,Draw,0.108,0.240,0.151,0.151,6.78
288,Runner,0.111,0.240,0.148,0.137,0.00
289,Draw,0.111,0.239,0.145,0.164,3.80
290,Runner,0.114,0.238,0.158,0.150,2.72
291,Draw,0.113,0.237,0.160,0.155,8.98
292,Draw,0.113,0.236,0.137,0.147,6.10
293,Draw,0.113,0.235,0.139,0.148,0.00
294,Draw,0.112,0.235,0.140,0.158,0.00
295,Pursuer,0.112,0.237,0.140,0.153,0.00
296,Draw,0.111,0.236,0.143,0.139,7.26
297,Draw,0.111,0.236,0.144,0.149,9.72
298,Runner,0.114,0.235,0.000,0.000,0.00
299,Pursuer,0.114,0.237,0.134,0.166,0.00
300,Pursuer,0.113,0.240,0.141,0.162,0.00
301,Draw,0.113,0.239,0.159,0.139,0.00
302,Draw,0.113,0.238,0.150,0.150,0.00
303,Pursuer,0.112,0.241,0.172,0.129,0.00
304,Pursuer,0.112,0.243,0.147,0.132,0.00
305,Pursuer,0.111,0.246,0.141,0.153,0.00
306,Runner,0.114,0.245,0.132,0.125,1.48
307,Draw,0.114,0.244,0.154,0.151,0.00
308,Pursuer,0.114,0.247,0.000,0.000,0.00
309,Pursuer,0.113,0.249,0.152,0.157,0.00
310,Pursuer,0.113,0.252,0.158,0.139,0.00
311,Pursuer,0.113,0.254,0.151,0.141,0.00
312,Draw,0.112,0.253,0.158,0.150,0.00
313,Pursuer,0.112,0.256,0.144,0.141,0.00
314,Pursuer,0.111,0.258,0.158,0.147,0.00
315,Draw,0.111,0.257,0.142,0.153,0.00
316,Draw,0.111,0.256,0.145,0.140,11.40
317,Pursuer,0.110,0.259,0.141,0.181,0.00
318,Runner,0.113,0.258,0.151,0.152,7.14
319,Runner,0.116,0.257,0.161,0.168,3.16
320,Draw,0.116,0.256,0.159,0.155,0.00
321,Runner,0.118,0.255,0.000,0.000,0.00
322,Pursuer,0.118,0.258,0.146,0.145,0.00
323,Pursuer,0.118,0.260,0.146,0.145,0.00
324,Draw,0.117,0.259,0.142,0.161,0.00
325,Pursuer,0.117,0.262,0.132,0.138,0.00
326,Pursuer,0.117,0.264,0.147,0.133,0.00
327,Draw,0.116,0.263,0.146,0.144,0.00
328,Draw,0.116,0.262,0.160,0.169,0.00
329,Pursuer,0.116,0.264,0.137,0.154,0.00
330,Runner,0.118,0.264,0.000,0.000,0.00
331,Draw,0.118,0.263,0.154,0.136,0.00
332,Pursuer,0.117,0.265,0.143,0.205,0.00
333,Runner,0.120,0.264,0.137,0.146,6.80
334,Draw,0.120,0.263,0.153,0.155,4.68
335,Runner,0.122,0.263,0.143,0.143,6.30
336,Draw,0.122,0.262,0.143,0.143,7.90
337,Runner,0.125,0.261,0.154,0.141,0.00
338,Pursuer,0.124,0.263,0.156,0.143,0.00
339,Runner,0.127,0.263,0.147,0.143,3.30
340,Pursuer,0.126,0.265,0.279,0.146,0.00
341,Runner,0.129,0.264,0.145,0.146,4.02
342,Draw,0.129,0.263,0.153,0.149,0.00
343,Draw,0.128,0.262,0.148,0.152,10.70
344,Draw,0.128,0.262,0.139,0.142,3.08
345,Pursuer,0.128,0.264,0.137,0.127,0.00
346,Draw,0.127,0.263,0.160,0.144,0.00
347,Draw,0.127,0.262,0.152,0.151,18.48
348,Runner,0.129,0.261,0.186,0.125,0.00
349,Draw,0.129,0.261,0.149,0.154,9.16
350,Pursuer,0.129,0.263,0.000,0.000,0.00
351,Pursuer,0.128,0.265,0.212,0.050,0.00
352,Pursuer,0.128,0.267,0.148,0.156,0.00
353,Pursuer,0.127,0.269,0.155,0.129,0.00
354,Runner,0.130,0.268,0.124,0.144,3.82
355,Pursuer,0.130,0.270,0.149,0.151,0.00
356,Draw,0.129,0.270,0.139,0.157,1.54
357,Pursuer,0.129,0.272,0.173,0.162,0.00
358,Pursuer,0.128,0.274,0.161,0.148,0.00
359,Pursuer,0.128,0.276,0.168,0.140,0.00
360,Runner,0.131,0.275,0.169,0.144,3.06
361,Runner,0.133,0.274,0.160,0.146,4.10
362,Runner,0.135,0.273,0.138,0.158,11.44
363,Runner,0.138,0.273,0.170,0.137,0.00
364,Runner,0.140,0.272,0.167,0.147,0.00
365,Draw,0.140,0.271,0.155,0.146,9.80
366,Pursuer,0.139,0.273,0.114,0.123,0.00
367,Draw,0.139,0.272,0.150,0.155,7.44
368,Draw,0.139,0.272,0.147,0.153,14.32
369,Pursuer,0.138,0.274,0.100,0.107,0.00
370,Pursuer,0.138,0.276,0.152,0.130,0.00
371,Runner,0.140,0.275,0.060,0.170,0.00
372,Draw,0.140,0.274,0.146,0.142,0.00
373,Pursuer,0.139,0.276,0.151,0.148,0.00
374,Pursuer,0.139,0.278,0.068,0.118,0.00
375,Draw,0.139,0.277,0.157,0.156,7.56
376,Runner,0.141,0.277,0.000,0.000,0.00
377,Draw,0.141,0.276,0.154,0.146,19.98
378,Runner,0.143,0.275,0.150,0.136,8.28
379,Draw,0.142,0.274,0.149,0.139,0.06
380,Draw,0.142,0.274,0.149,0.143,8.96
381,Pursuer,0.142,0.276,0.159,0.148,0.00
382,Pursuer,0.141,0.277,0.141,0.159,0.00
383,Draw,0.141,0.277,0.146,0.146,0.00
384,Pursuer,0.141,0.279,0.146,0.154,0.00
385,Runner,0.143,0.278,0.128,0.101,0.00
386,Pursuer,0.142,0.280,0.145,0.176,0.00
387,Runner,0.145,0.279,0.068,0.077,0.00
388,Draw,0.144,0.278,0.144,0.153,15.58
389,Runner,0.147,0.278,0.140,0.146,7.96
390,Pursuer,0.146,0.279,0.156,0.128,0.00
391,Draw,0.146,0.279,0.148,0.154,6.22
392,Pursuer,0.145,0.281,0.127,0.148,0.00
393,Pursuer,0.145,0.282,0.134,0.158,0.00
394,Runner,0.147,0.282,0.145,0.161,4.58
395,Runner,0.149,0.281,0.145,0.134,0.00
396,Pursuer,0.149,0.283,0.148,0.154,0.00
397,Pursuer,0.149,0.285,0.143,0.148,0.00
398,Runner,0.151,0.284,0.000,0.000,0.00
399,Runner,0.153,0.283,0.153,0.147,3.24
400,Pursuer,0.153,0.285,0.125,0.153,0.00
401,Draw,0.152,0.284,0.143,0.158,7.82
402,Pursuer,0.152,0.286,0.139,0.130,0.00
403,Pursuer,0.151,0.288,0.167,0.160,0.00
404,Pursuer,0.151,0.290,0.154,0.150,0.00
405,Runner,0.153,0.289,0.154,0.157,13.34
406,Pursuer,0.153,0.291,0.156,0.149,0.00
407,Runner,0.155,0.290,0.148,0.147,8.52
408,Draw,0.154,0.289,0.148,0.148,9.62
409,Pursuer,0.154,0.291,0.140,0.163,0.00
410,Pursuer,0.154,0.293,0.145,0.146,0.00
411,Draw,0.153,0.292,0.139,0.149,1.74
412,Pursuer,0.153,0.294,0.000,0.000,0.00
413,Draw,0.153,0.293,0.147,0.152,1.78
414,Runner,0.155,0.292,0.142,0.142,7.98
415,Pursuer,0.154,0.294,0.152,0.128,0.00
416,Pursuer,0.154,0.296,0.136,0.152,0.00
417,Runner,0.156,0.295,0.158,0.151,8.68
418,Pursuer,0.156,0.297,0.153,0.212,0.00
419,Draw,0.155,0.296,0.150,0.155,10.06
420,Draw,0.155,0.295,0.158,0.146,0.00
421,Draw,0.154,0.295,0.142,0.147,7.32
422,Draw,0.154,0.294,0.141,0.132,16.18
423,Runner,0.156,0.293,0.153,0.163,0.00
424,Pursuer,0.156,0.295,0.000,0.000,0.00
425,Pursuer,0.155,0.296,0.145,0.129,0.00
426,Draw,0.155,0.296,0.148,0.149,13.32
427,Runner,0.157,0.295,0.157,0.147,0.00
428,Draw,0.157,0.294,0.156,0.140,19.38
429,Draw,0.156,0.294,0.146,0.154,12.78
430,Draw,0.156,0.293,0.147,0.148,8.72
431,Draw,0.155,0.292,0.149,0.161,0.00
432,Runner,0.157,0.292,0.000,0.000,0.00
433,Runner,0.159,0.291,0.137,0.136,0.00
434,Pursuer,0.159,0.293,0.149,0.172,0.00
435,Draw,0.159,0.292,0.150,0.149,12.22
436,Runner,0.161,0.291,0.154,0.158,1.80
437,Pursuer,0.160,0.293,0.000,0.000,0.00
438,Draw,0.160,0.292,0.149,0.145,2.34
439,Pursuer,0.159,0.294,0.161,0.164,0.00
440,Draw,0.159,0.293,0.145,0.148,16.66
441,Pursuer,0.159,0.295,0.161,0.143,0.00
442,Draw,0.158,0.294,0.156,0.147,0.00
443,Pursuer,0.158,0.296,0.000,0.000,0.00
444,Pursuer,0.158,0.297,0.147,0.165,0.00
445,Runner,0.160,0.297,0.161,0.148,3.90
446,Pursuer,0.159,0.298,0.127,0.139,0.00
447,Pursuer,0.159,0.300,0.158,0.139,0.00
448,Runner,0.161,0.299,0.155,0.132,0.00
449,Runner,0.163,0.298,0.148,0.162,1.40
450,Draw,0.162,0.298,0.155,0.157,11.48
451,Runner,0.164,0.297,0.154,0.143,9.08
452,Pursuer,0.164,0.299,0.145,0.148,0.00
453,Runner,0.166,0.298,0.156,0.149,0.00
454,Pursuer,0.165,0.300,0.154,0.167,0.00
455,Pursuer,0.165,0.301,0.173,0.193,0.00
456,Pursuer,0.164,0.303,0.148,0.147,0.00
457,Pursuer,0.164,0.304,0.145,0.153,0.00
458,Pursuer,0.164,0.306,0.161,0.139,0.00
459,Pursuer,0.163,0.307,0.140,0.128,0.00
460,Runner,0.165,0.307,0.158,0.150,0.00
461,Draw,0.165,0.306,0.143,0.149,0.00
462,Runner,0.167,0.305,0.157,0.149,5.76
463,Pursuer,0.166,0.307,0.147,0.159,0.00
464,Runner,0.168,0.306,0.140,0.152,4.64
465,Pursuer,0.168,0.308,0.157,0.131,0.00
466,Pursuer,0.167,0.309,0.150,0.120,0.00
467,Runner,0.169,0.308,0.151,0.150,0.00
468,Pursuer,0.169,0.310,0.156,0.162,0.00
469,Draw,0.168,0.309,0.148,0.149,0.00
470,Runner,0.170,0.309,0.158,0.149,9.04
471,Draw,0.170,0.308,0.157,0.144,2.12
472,Pursuer,0.169,0.309,0.156,0.127,0.00
473,Pursuer,0.169,0.311,0.148,0.145,0.00
474,Pursuer,0.169,0.312,0.148,0.143,0.00
475,Runner,0.171,0.312,0.169,0.144,0.00
476,Draw,0.170,0.311,0.147,0.152,18.16
477,Pursuer,0.170,0.312,0.142,0.123,0.00
478,Pursuer,0.169,0.314,0.158,0.141,0.00
479,Pursuer,0.169,0.315,0.131,0.148,0.00
480,Runner,0.171,0.315,0.148,0.154,0.00
481,Pursuer,0.170,0.316,0.156,0.157,0.00
482,Runner,0.172,0.315,0.148,0.142,0.00
483,Pursuer,0.172,0.317,0.153,0.147,0.00
484,Pursuer,0.171,0.318,0.071,0.130,0.00
485,Draw,0.171,0.318,0.146,0.147,8.98
486,Pursuer,0.171,0.319,0.177,0.155,0.00
487,Draw,0.170,0.318,0.146,0.154,0.00
488,Draw,0.170,0.318,0.142,0.158,15.34
489,Pursuer,0.170,0.319,0.148,0.165,0.00
490,Draw,0.169,0.318,0.160,0.151,0.00
491,Draw,0.169,0.318,0.165,0.144,18.94
492,Draw,0.169,0.317,0.139,0.137,7.46
493,Draw,0.168,0.316,0.151,0.137,0.00
494,Pursuer,0.168,0.318,0.142,0.151,0.00
495,Runner,0.170,0.317,0.153,0.143,1.56
496,Pursuer,0.169,0.319,0.158,0.143,0.00
497,Draw,0.169,0.318,0.146,0.138,9.42
498,Runner,0.171,0.317,0.154,0.142,0.00
499,Pursuer,0.170,0.319,0.134,0.146,0.00
500,Pursuer,0.170,0.320,0.145,0.158,0.00
501,Runner,0.172,0.319,0.156,0.135,0.52
502,Pursuer,0.171,0.321,0.151,0.111,0.00
503,Draw,0.171,0.320,0.138,0.143,0.00
504,Draw,0.171,0.319,0.150,0.142,10.70
505,Draw,0.170,0.319,0.149,0.143,0.32
506,Pursuer,0.170,0.320,0.156,0.155,0.00
507,Draw,0.170,0.320,0.149,0.137,0.00
508,Pursuer,0.169,0.321,0.000,0.000,0.00
509,Draw,0.169,0.320,0.152,0.140,8.44
510,Draw,0.169,0.320,0.150,0.150,6.36
511,Draw,0.168,0.319,0.139,0.160,0.00
512,Pursuer,0.168,0.320,0.000,0.000,0.00
513,Pursuer,0.168,0.322,0.174,0.160,0.00
514,Pursuer,0.167,0.323,0.060,0.080,0.00
515,Pursuer,0.167,0.324,0.159,0.147,0.00
516,Pursuer,0.167,0.326,0.142,0.128,0.00
517,Draw,0.166,0.325,0.136,0.154,14.20
518,Pursuer,0.166,0.326,0.121,0.142,0.00
519,Draw,0.166,0.326,0.154,0.144,10.52
520,Runner,0.167,0.325,0.158,0.138,5.52
521,Runner,0.169,0.324,0.135,0.141,1.68
522,Pursuer,0.169,0.326,0.149,0.159,0.00
523,Pursuer,0.168,0.327,0.147,0.151,0.00
524,Pursuer,0.168,0.328,0.152,0.131,0.00
525,Runner,0.170,0.328,0.000,0.000,0.00
526,Pursuer,0.169,0.329,0.173,0.144,0.00
527,Draw,0.169,0.328,0.149,0.152,8.58
528,Draw,0.169,0.328,0.152,0.143,0.00
529,Draw,0.168,0.327,0.138,0.147,19.98
530,Pursuer,0.168,0.328,0.142,0.146,0.00
531,Pursuer,0.168,0.330,0.136,0.144,0.00
532,Draw,0.167,0.329,0.141,0.148,0.00
533,Draw,0.167,0.328,0.147,0.155,0.00
534,Draw,0.167,0.328,0.152,0.151,11.40
535,Runner,0.168,0.327,0.175,0.239,0.00
536,Pursuer,0.168,0.328,0.183,0.146,0.00
537,Pursuer,0.168,0.330,0.157,0.144,0.00
538,Pursuer,0.167,0.331,0.142,0.148,0.00
539,Runner,0.169,0.330,0.275,0.077,0.00
540,Pursuer,0.169,0.331,0.142,0.153,0.00
541,Draw,0.168,0.331,0.157,0.145,13.82
542,Pursuer,0.168,0.332,0.118,0.165,0.00
543,Draw,0.168,0.331,0.151,0.148,0.00
544,Runner,0.169,0.331,0.155,0.160,11.44
545,Draw,0.169,0.330,0.151,0.154,3.64
546,Pursuer,0.168,0.332,0.157,0.151,0.00
547,Pursuer,0.168,0.333,0.147,0.140,0.00
548,Pursuer,0.168,0.334,0.152,0.150,0.00
549,Pursuer,0.168,0.335,0.156,0.178,0.00
550,Pursuer,0.167,0.336,0.172,0.142,0.00
551,Pursuer,0.167,0.338,0.134,0.122,0.00
552,Runner,0.168,0.337,0.140,0.139,0.00
553,Runner,0.170,0.336,0.150,0.139,2.44
554,Pursuer,0.170,0.338,0.000,0.000,0.00
555,Draw,0.169,0.337,0.149,0.152,2.02
556,Pursuer,0.169,0.338,0.158,0.149,0.00
557,Pursuer,0.169,0.339,0.128,0.155,0.00
558,Pursuer,0.168,0.341,0.273,0.130,0.00
559,Runner,0.170,0.340,0.134,0.132,0.00
560,Pursuer,0.170,0.341,0.138,0.146,0.00
561,Pursuer,0.169,0.342,0.136,0.144,0.00
562,Pursuer,0.169,0.343,0.145,0.142,0.00
563,Pursuer,0.169,0.345,0.149,0.160,0.00
564,Draw,0.168,0.344,0.146,0.152,12.12
565,Runner,0.170,0.343,0.000,0.000,0.00
566,Draw,0.170,0.343,0.151,0.152,0.00
567,Runner,0.171,0.342,0.156,0.137,12.52
568,Pursuer,0.171,0.343,0.137,0.161,0.00
569,Pursuer,0.170,0.344,0.148,0.139,0.00
570,Draw,0.170,0.344,0.151,0.147,1.86
571,Runner,0.172,0.343,0.161,0.149,13.54
572,Runner,0.173,0.343,0.144,0.138,4.36
573,Draw,0.173,0.342,0.155,0.144,5.86
574,Pursuer,0.172,0.343,0.140,0.143,0.00
575,Pursuer,0.172,0.344,0.145,0.156,0.00
576,Draw,0.172,0.344,0.143,0.135,7.18
577,Draw,0.172,0.343,0.141,0.153,1.76
578,Pursuer,0.171,0.344,0.147,0.155,0.00
579,Runner,0.173,0.344,0.138,0.142,0.00
580,Draw,0.172,0.343,0.153,0.156,6.78
581,Draw,0.172,0.343,0.158,0.146,7.38
582,Pursuer,0.172,0.344,0.094,0.152,0.00
583,Pursuer,0.172,0.345,0.164,0.183,0.00
584,Draw,0.171,0.344,0.143,0.151,14.24
585,Runner,0.173,0.344,0.149,0.149,0.00
586,Pursuer,0.172,0.345,0.136,0.149,0.00
587,Pursuer,0.172,0.346,0.217,0.135,0.00
588,Pursuer,0.172,0.347,0.140,0.144,0.00
589,Draw,0.171,0.346,0.147,0.140,6.72
590,Pursuer,0.171,0.347,0.136,0.108,0.00
591,Pursuer,0.171,0.349,0.052,0.097,0.00
592,Runner,0.172,0.348,0.159,0.132,0.00
593,Draw,0.172,0.347,0.154,0.142,0.32
594,Pursuer,0.172,0.348,0.129,0.153,0.00
595,Draw,0.171,0.348,0.147,0.155,0.00
596,Runner,0.173,0.347,0.146,0.148,7.36
597,Pursuer,0.173,0.348,0.153,0.147,0.00
598,Pursuer,0.172,0.349,0.148,0.147,0.00
599,Pursuer,0.172,0.351,0.153,0.151,0.00
600,Runner,0.173,0.350,0.158,0.161,4.30
601,Pursuer,0.173,0.351,0.153,0.142,0.00
602,Pursuer,0.173,0.352,0.189,0.147,0.00
603,Pursuer,0.172,0.353,0.147,0.136,0.00
604,Pursuer,0.172,0.354,0.652,0.266,0.00
605,Runner,0.174,0.354,0.151,0.160,1.14
606,Runner,0.175,0.353,0.153,0.153,9.20
607,Pursuer,0.175,0.354,0.153,0.165,0.00
608,Pursuer,0.174,0.355,0.151,0.150,0.00
609,Runner,0.176,0.355,0.140,0.145,0.00
610,Pursuer,0.175,0.356,0.163,0.160,0.00
611,Pursuer,0.175,0.357,0.139,0.162,0.00
612,Pursuer,0.175,0.358,0.140,0.159,0.00
613,Runner,0.176,0.357,0.031,0.026,0.08
614,Draw,0.176,0.357,0.161,0.142,0.94
615,Pursuer,0.176,0.358,0.154,0.150,0.00
616,Runner,0.177,0.357,0.159,0.149,2.30
617,Pursuer,0.177,0.358,0.135,0.159,0.00
618,Draw,0.176,0.358,0.138,0.144,4.56
619,Pursuer,0.176,0.359,0.152,0.161,0.00
620,Pursuer,0.176,0.360,0.132,0.153,0.00
621,Pursuer,0.176,0.361,0.140,0.139,0.00
622,Draw,0.175,0.360,0.164,0.148,6.42
623,Pursuer,0.175,0.361,0.162,0.169,0.00
624,Pursuer,0.175,0.362,0.133,0.142,0.00
625,Pursuer,0.174,0.363,0.130,0.145,0.00
626,Draw,0.174,0.363,0.147,0.161,0.40
627,Pursuer,0.174,0.364,0.143,0.144,0.00
628,Pursuer,0.174,0.365,0.155,0.148,0.00
629,Draw,0.173,0.364,0.144,0.146,13.86
630,Runner,0.175,0.363,0.142,0.151,3.94
631,Runner,0.176,0.363,0.136,0.143,0.00
632,Draw,0.176,0.362,0.156,0.144,10.70
633,Draw,0.175,0.362,0.151,0.153,4.28
634,Draw,0.175,0.361,0.147,0.150,0.00
635,Draw,0.175,0.361,0.143,0.151,0.00
636,Pursuer,0.175,0.362,0.149,0.142,0.00
637,Draw,0.174,0.361,0.160,0.142,14.42
638,Pursuer,0.174,0.362,0.145,0.159,0.00
639,Runner,0.175,0.362,0.130,0.146,3.30
640,Pursuer,0.175,0.363,0.162,0.152,0.00
641,Pursuer,0.175,0.363,0.148,0.142,0.00
642,Pursuer,0.174,0.364,0.157,0.145,0.00
643,Pursuer,0.174,0.365,0.163,0.161,0.00
644,Pursuer,0.174,0.366,0.151,0.140,0.00
645,Pursuer,0.174,0.367,0.140,0.146,0.00
646,Pursuer,0.173,0.368,0.123,0.176,0.00
647,Runner,0.175,0.368,0.166,0.118,1.66
648,Draw,0.174,0.367,0.148,0.143,1.10
649,Runner,0.176,0.367,0.155,0.140,0.00
650,Pursuer,0.175,0.368,0.154,0.144,0.00
651,Pursuer,0.175,0.369,0.149,0.154,0.00
652,Draw,0.175,0.368,0.154,0.148,0.54
653,Runner,0.176,0.368,0.147,0.142,11.98
654,Pursuer,0.176,0.369,0.139,0.119,0.00
655,Runner,0.177,0.368,0.153,0.145,7.46
656,Pursuer,0.177,0.369,0.131,0.129,0.00
657,Pursuer,0.177,0.370,0.150,0.130,0.00
658,Pursuer,0.176,0.371,0.032,0.023,0.00
659,Runner,0.178,0.370,0.121,0.139,4.62
660,Runner,0.179,0.370,0.124,0.147,2.34
661,Pursuer,0.179,0.371,0.141,0.136,0.00
662,Draw,0.178,0.370,0.156,0.143,9.74
663,Draw,0.178,0.370,0.143,0.143,8.60
664,Draw,0.178,0.369,0.141,0.146,3.30
665,Draw,0.177,0.368,0.150,0.143,0.74
666,Pursuer,0.177,0.369,0.000,0.000,0.00
667,Runner,0.178,0.369,0.164,0.147,2.58
668,Pursuer,0.178,0.370,0.164,0.151,0.00
669,Pursuer,0.178,0.371,0.160,0.171,0.00
670,Runner,0.179,0.370,0.144,0.150,0.00
671,Draw,0.179,0.370,0.146,0.142,0.00
672,Runner,0.180,0.369,0.148,0.148,0.00
673,Pursuer,0.180,0.370,0.142,0.144,0.00
674,Draw,0.180,0.369,0.162,0.149,9.78
675,Pursuer,0.179,0.370,0.123,0.144,0.00
676,Pursuer,0.179,0.371,0.147,0.146,0.00
677,Pursuer,0.179,0.372,0.144,0.137,0.00
678,Pursuer,0.178,0.373,0.165,0.157,0.00
679,Pursuer,0.178,0.374,0.156,0.122,0.00
680,Runner,0.179,0.374,0.000,0.000,0.00
681,Pursuer,0.179,0.374,0.140,0.135,0.00
682,Runner,0.180,0.374,0.155,0.127,0.56
683,Runner,0.182,0.373,0.150,0.159,4.88
684,Pursuer,0.181,0.374,0.000,0.000,0.00
685,Pursuer,0.181,0.375,0.141,0.167,0.00
686,Pursuer,0.181,0.376,0.146,0.126,0.00
687,Draw,0.180,0.376,0.160,0.151,10.80
688,Pursuer,0.180,0.376,0.155,0.146,0.00
689,Draw,0.180,0.376,0.147,0.134,17.02
690,Runner,0.181,0.375,0.141,0.179,0.00
691,Draw,0.181,0.375,0.158,0.139,0.00
692,Pursuer,0.181,0.376,0.138,0.209,0.00
693,Draw,0.180,0.375,0.164,0.151,6.32
694,Pursuer,0.180,0.376,0.150,0.119,0.00
695,Draw,0.180,0.376,0.148,0.152,10.24
696,Draw,0.180,0.375,0.149,0.154,0.00
697,Pursuer,0.179,0.376,0.000,0.000,0.00
698,Pursuer,0.179,0.377,0.149,0.144,0.00
699,Pursuer,0.179,0.378,0.155,0.168,0.00
700,Draw,0.179,0.377,0.158,0.138,6.84
701,Runner,0.180,0.377,0.153,0.138,0.76
702,Draw,0.179,0.376,0.143,0.139,19.98
703,Pursuer,0.179,0.377,0.151,0.140,0.00
704,Pursuer,0.179,0.378,0.143,0.146,0.00
705,Runner,0.180,0.377,0.152,0.158,4.24
706,Pursuer,0.180,0.378,0.146,0.151,0.00
707,Pursuer,0.180,0.379,0.150,0.135,0.00
708,Pursuer,0.179,0.380,0.113,0.104,0.00
709,Draw,0.179,0.379,0.165,0.150,19.98
710,Pursuer,0.179,0.380,0.136,0.151,0.00
711,Pursuer,0.179,0.381,0.141,0.178,0.00
712,Pursuer,0.178,0.382,0.159,0.057,0.00
713,Runner,0.180,0.381,0.151,0.147,0.70
714,Draw,0.179,0.381,0.155,0.150,2.74
715,Draw,0.179,0.380,0.144,0.141,0.00
716,Runner,0.180,0.380,0.144,0.172,0.00
717,Draw,0.180,0.379,0.147,0.159,0.00
718,Draw,0.180,0.379,0.148,0.151,14.58
719,Draw,0.179,0.378,0.147,0.149,15.34
720,Pursuer,0.179,0.379,0.175,0.147,0.00
721,Runner,0.180,0.379,0.156,0.139,4.96
722,Runner,0.181,0.378,0.145,0.143,8.48
723,Runner,0.183,0.378,0.133,0.137,5.20
724,Runner,0.184,0.377,0.164,0.161,7.58
725,Draw,0.183,0.377,0.153,0.147,2.58
726,Pursuer,0.183,0.377,0.157,0.152,0.00
727,Runner,0.184,0.377,0.142,0.124,0.76
728,Runner,0.185,0.376,0.124,0.177,0.10
729,Draw,0.185,0.376,0.155,0.148,17.46
730,Pursuer,0.185,0.377,0.166,0.149,0.00
731,Runner,0.186,0.376,0.000,0.000,0.00
732,Runner,0.187,0.376,0.175,0.152,4.90
733,Draw,0.187,0.375,0.133,0.165,5.04
734,Pursuer,0.187,0.376,0.148,0.178,0.00
735,Pursuer,0.186,0.377,0.145,0.151,0.00
736,Runner,0.188,0.376,0.158,0.145,0.00
737,Pursuer,0.187,0.377,0.087,0.159,0.00
738,Pursuer,0.187,0.378,0.170,0.152,0.00
739,Draw,0.187,0.378,0.149,0.131,12.00
740,Pursuer,0.186,0.378,0.174,0.135,0.00
741,Draw,0.186,0.378,0.139,0.133,0.00
742,Pursuer,0.186,0.379,0.135,0.143,0.00
743,Runner,0.187,0.378,0.000,0.000,0.02
744,Draw,0.187,0.378,0.140,0.142,3.32
745,Draw,0.187,0.377,0.142,0.155,19.88
746,Draw,0.186,0.377,0.143,0.148,2.26
747,Draw,0.186,0.376,0.147,0.138,6.42
748,Pursuer,0.186,0.377,0.128,0.166,0.00
749,Pursuer,0.186,0.378,0.150,0.140,0.00
750,Pursuer,0.185,0.379,0.138,0.170,0.00
751,Runner,0.186,0.378,0.153,0.140,3.38
752,Pursuer,0.186,0.379,0.148,0.148,0.00
753,Pursuer,0.186,0.380,0.153,0.145,0.00
754,Runner,0.187,0.379,0.154,0.139,4.40
755,Draw,0.187,0.379,0.163,0.143,8.80
756,Pursuer,0.187,0.380,0.130,0.153,0.00
757,Pursuer,0.186,0.380,0.175,0.147,0.00
758,Pursuer,0.186,0.381,0.148,0.134,0.00
759,Pursuer,0.186,0.382,0.157,0.150,0.00
760,Runner,0.187,0.382,0.143,0.145,7.30
761,Runner,0.188,0.381,0.183,0.111,0.00
762,Runner,0.189,0.381,0.168,0.153,5.48
763,Pursuer,0.189,0.381,0.161,0.138,0.00
764,Draw,0.188,0.381,0.147,0.160,0.94
765,Pursuer,0.188,0.382,0.144,0.155,0.00
766,Runner,0.189,0.381,0.199,0.095,0.18
767,Runner,0.190,0.381,0.125,0.171,3.30
768,Pursuer,0.190,0.382,0.000,0.000,0.00
769,Draw,0.190,0.381,0.149,0.143,13.36
770,Pursuer,0.190,0.382,0.140,0.179,0.00
771,Draw,0.189,0.381,0.148,0.157,0.00
772,Draw,0.189,0.381,0.149,0.139,4.78
773,Pursuer,0.189,0.382,0.144,0.140,0.00
774,Pursuer,0.189,0.382,0.169,0.190,0.00
775,Draw,0.188,0.382,0.151,0.145,12.52
776,Pursuer,0.188,0.383,0.000,0.000,0.00
777,Draw,0.188,0.382,0.145,0.142,12.12
778,Draw,0.188,0.382,0.149,0.142,1.14
779,Pursuer,0.187,0.383,0.161,0.134,0.00
780,Pursuer,0.187,0.383,0.148,0.134,0.00
781,Runner,0.188,0.383,0.126,0.137,3.10
782,Draw,0.188,0.382,0.159,0.152,0.00
783,Runner,0.189,0.382,0.134,0.157,0.86
784,Pursuer,0.189,0.383,0.170,0.150,0.00
785,Draw,0.189,0.382,0.147,0.155,0.00
786,Pursuer,0.188,0.383,0.142,0.149,0.00
787,Pursuer,0.188,0.384,0.159,0.130,0.00
788,Pursuer,0.188,0.385,0.154,0.155,0.00
789,Draw,0.188,0.384,0.134,0.146,0.00
790,Runner,0.189,0.384,0.153,0.161,0.00
791,Pursuer,0.188,0.384,0.118,0.150,0.00
792,Pursuer,0.188,0.385,0.139,0.134,0.00
793,Draw,0.188,0.385,0.157,0.142,15.16
794,Runner,0.189,0.384,0.141,0.138,0.00
795,Draw,0.189,0.384,0.145,0.149,9.48
796,Pursuer,0.188,0.384,0.145,0.167,0.00
797,Pursuer,0.188,0.385,0.152,0.149,0.00
798,Runner,0.189,0.385,0.159,0.147,5.22
799,Draw,0.189,0.384,0.146,0.146,14.74
800,Pursuer,0.189,0.385,0.131,0.158,0.00
801,Pursuer,0.189,0.386,0.148,0.150,0.00
802,Draw,0.188,0.385,0.155,0.134,0.00
803,Pursuer,0.188,0.386,0.148,0.155,0.00
804,Pursuer,0.188,0.387,0.111,0.153,0.00
805,Runner,0.189,0.386,0.126,0.158,0.00
806,Draw,0.189,0.386,0.146,0.147,0.00
807,Pursuer,0.188,0.387,0.156,0.145,0.00
808,Pursuer,0.188,0.387,0.139,0.104,0.00
809,Pursuer,0.188,0.388,0.142,0.151,0.00
810,Pursuer,0.188,0.389,0.147,0.124,0.00
811,Pursuer,0.187,0.390,0.151,0.146,0.00
812,Draw,0.187,0.389,0.154,0.153,10.68
813,Pursuer,0.187,0.390,0.135,0.160,0.00
814,Pursuer,0.187,0.391,0.193,0.170,0.00
815,Draw,0.187,0.390,0.157,0.145,0.00
816,Pursuer,0.186,0.391,0.137,0.138,0.00
817,Pursuer,0.186,0.392,0.133,0.121,0.00
818,Runner,0.187,0.391,0.142,0.140,6.78
819,Pursuer,0.187,0.392,0.154,0.158,0.00
820,Runner,0.188,0.391,0.000,0.000,0.00
821,Runner,0.189,0.391,0.155,0.147,9.74
822,Runner,0.190,0.391,0.148,0.129,0.00
823,Runner,0.191,0.390,0.131,0.159,2.20
824,Pursuer,0.191,0.391,0.141,0.165,0.00
825,Runner,0.192,0.390,0.165,0.117,4.66
826,Draw,0.191,0.390,0.137,0.148,0.00
827,Draw,0.191,0.389,0.145,0.147,6.36
828,Draw,0.191,0.389,0.135,0.138,11.54
829,Draw,0.191,0.388,0.151,0.153,4.62
830,Draw,0.190,0.388,0.145,0.144,2.86
831,Draw,0.190,0.387,0.141,0.150,0.00
832,Pursuer,0.190,0.388,0.166,0.147,0.00
833,Runner,0.191,0.388,0.147,0.166,0.00
834,Pursuer,0.191,0.388,0.081,0.084,0.00
835,Runner,0.192,0.388,0.148,0.136,0.74
836,Pursuer,0.191,0.389,0.135,0.122,0.00
837,Pursuer,0.191,0.389,0.119,0.136,0.00
838,Pursuer,0.191,0.390,0.151,0.154,0.00
839,Runner,0.192,0.390,0.148,0.149,0.62
840,Runner,0.193,0.389,0.151,0.142,2.70
841,Pursuer,0.193,0.390,0.000,0.000,0.00
842,Runner,0.194,0.390,0.149,0.127,0.00
843,Draw,0.193,0.389,0.150,0.139,8.32
844,Pursuer,0.193,0.390,0.153,0.135,0.00
845,Pursuer,0.193,0.391,0.144,0.157,0.00
846,Runner,0.194,0.390,0.155,0.144,0.00
847,Pursuer,0.194,0.391,0.096,0.142,0.00
848,Pursuer,0.193,0.392,0.155,0.145,0.00
849,Pursuer,0.193,0.392,0.143,0.147,0.00
850,Draw,0.193,0.392,0.145,0.150,15.46
851,Pursuer,0.193,0.392,0.147,0.166,0.00
852,Pursuer,0.192,0.393,0.129,0.139,0.00
853,Pursuer,0.192,0.394,0.144,0.153,0.00
854,Runner,0.193,0.393,0.141,0.116,3.60
855,Runner,0.194,0.393,0.139,0.149,1.80
856,Pursuer,0.194,0.394,0.149,0.151,0.00
857,Pursuer,0.194,0.394,0.157,0.153,0.00
858,Draw,0.193,0.394,0.146,0.148,3.86
859,Pursuer,0.193,0.395,0.148,0.152,0.00
860,Pursuer,0.193,0.395,0.159,0.138,0.00
861,Draw,0.193,0.395,0.158,0.151,0.16
862,Pursuer,0.193,0.396,0.164,0.133,0.00
863,Pursuer,0.192,0.396,0.155,0.146,0.00
864,Runner,0.193,0.396,0.151,0.151,2.58
865,Pursuer,0.193,0.397,0.159,0.146,0.00
866,Runner,0.194,0.396,0.147,0.123,0.38
867,Draw,0.194,0.396,0.128,0.157,0.00
868,Runner,0.195,0.395,0.148,0.146,1.26
869,Draw,0.194,0.395,0.151,0.155,8.06
870,Pursuer,0.194,0.395,0.134,0.113,0.00
871,Pursuer,0.194,0.396,0.154,0.145,0.00
872,Draw,0.194,0.396,0.141,0.143,0.00
873,Pursuer,0.194,0.396,0.173,0.156,0.00
874,Pursuer,0.193,0.397,0.170,0.160,0.00
875,Pursuer,0.193,0.398,0.149,0.130,0.00
876,Draw,0.193,0.397,0.145,0.136,2.98
877,Pursuer,0.193,0.398,0.203,0.159,0.00
878,Runner,0.194,0.397,0.135,0.149,4.68
879,Pursuer,0.193,0.398,0.162,0.144,0.00
880,Pursuer,0.193,0.399,0.150,0.155,0.00
881,Pursuer,0.193,0.400,0.137,0.162,0.00
882,Runner,0.194,0.399,0.121,0.143,0.72
883,Runner,0.195,0.399,0.157,0.134,1.78
884,Pursuer,0.195,0.399,0.133,0.074,0.00
885,Pursuer,0.194,0.400,0.144,0.149,0.00
886,Draw,0.194,0.400,0.146,0.157,4.36
887,Pursuer,0.194,0.400,0.150,0.145,0.00
888,Pursuer,0.194,0.401,0.188,0.139,0.00
889,Draw,0.193,0.400,0.144,0.135,0.00
890,Pursuer,0.193,0.401,0.123,0.158,0.00
891,Draw,0.193,0.401,0.155,0.137,8.44
892,Runner,0.194,0.400,0.179,0.016,0.00
893,Runner,0.195,0.400,0.140,0.148,3.76
894,Pursuer,0.195,0.400,0.146,0.137,0.00
895,Runner,0.196,0.400,0.139,0.159,0.00
896,Pursuer,0.195,0.401,0.000,0.000,0.00
897,Pursuer,0.195,0.401,0.142,0.158,0.00
898,Pursuer,0.195,0.402,0.139,0.152,0.00
899,Draw,0.195,0.402,0.144,0.142,4.80
900,Runner,0.196,0.401,0.121,0.147,2.50
901,Draw,0.195,0.401,0.148,0.149,6.26
902,Pursuer,0.195,0.401,0.000,0.000,0.00
903,Pursuer,0.195,0.402,0.153,0.135,0.00
904,Pursuer,0.195,0.403,0.113,0.157,0.00
905,Pursuer,0.194,0.403,0.142,0.141,0.00
906,Pursuer,0.194,0.404,0.139,0.141,0.00
907,Pursuer,0.194,0.405,0.127,0.143,0.00
908,Pursuer,0.194,0.405,0.127,0.163,0.00
909,Runner,0.195,0.405,0.152,0.148,0.00
910,Pursuer,0.195,0.405,0.246,0.209,0.00
911,Pursuer,0.194,0.406,0.154,0.147,0.00
912,Pursuer,0.194,0.407,0.133,0.150,0.00
913,Pursuer,0.194,0.407,0.127,0.140,0.00
914,Pursuer,0.194,0.408,0.176,0.143,0.00
915,Runner,0.195,0.408,0.150,0.130,6.98
916,Draw,0.194,0.407,0.137,0.162,0.00
917,Draw,0.194,0.407,0.141,0.156,8.08
918,Pursuer,0.194,0.407,0.148,0.155,0.00
919,Runner,0.195,0.407,0.162,0.140,0.00
920,Runner,0.196,0.407,0.160,0.157,0.00
921,Pursuer,0.195,0.407,0.144,0.134,0.00
922,Draw,0.195,0.407,0.138,0.148,1.68
923,Runner,0.196,0.406,0.142,0.147,4.06
924,Runner,0.197,0.406,0.133,0.134,2.22
925,Runner,0.198,0.405,0.153,0.145,2.84
926,Runner,0.199,0.405,0.141,0.142,14.16
927,Pursuer,0.198,0.406,0.122,0.158,0.00
928,Pursuer,0.198,0.406,0.146,0.162,0.00
929,Pursuer,0.198,0.407,0.091,0.126,0.00
930,Runner,0.199,0.406,0.133,0.152,8.96
931,Draw,0.199,0.406,0.145,0.153,0.00
932,Runner,0.200,0.406,0.597,0.294,0.00
933,Pursuer,0.199,0.406,0.000,0.000,0.00
934,Draw,0.199,0.406,0.153,0.150,19.98
935,Runner,0.200,0.405,0.150,0.150,0.00
936,Draw,0.200,0.405,0.146,0.155,0.06
937,Pursuer,0.200,0.406,0.151,0.149,0.00
938,Runner,0.200,0.405,0.112,0.153,0.00
939,Runner,0.201,0.405,0.176,0.138,0.00
940,Pursuer,0.201,0.405,0.157,0.149,0.00
941,Draw,0.201,0.405,0.143,0.148,0.00
942,Runner,0.202,0.404,0.104,0.113,0.00
943,Pursuer,0.201,0.405,0.133,0.152,0.00
944,Runner,0.202,0.405,0.178,0.149,0.00
945,Draw,0.202,0.404,0.149,0.154,10.30
946,Draw,0.202,0.404,0.134,0.142,0.54
947,Runner,0.203,0.403,0.149,0.162,3.36
948,Pursuer,0.203,0.404,0.151,0.137,0.00
949,Runner,0.203,0.404,0.144,0.153,4.02
950,Pursuer,0.203,0.404,0.189,0.141,0.00
951,Draw,0.203,0.404,0.151,0.139,0.92
952,Pursuer,0.203,0.404,0.147,0.154,0.00
953,Draw,0.203,0.404,0.153,0.133,14.22
954,Runner,0.203,0.404,0.165,0.144,0.00
955,Pursuer,0.203,0.404,0.139,0.147,0.00
956,Pursuer,0.203,0.405,0.147,0.159,0.00
957,Draw,0.203,0.404,0.162,0.148,0.56
958,Draw,0.203,0.404,0.144,0.151,5.04
959,Pursuer,0.202,0.405,0.147,0.155,0.00
960,Runner,0.203,0.404,0.146,0.142,2.64
961,Pursuer,0.203,0.405,0.198,0.148,0.00
962,Pursuer,0.203,0.405,0.146,0.144,0.00
963,Draw,0.202,0.405,0.154,0.153,10.64
964,Draw,0.202,0.405,0.154,0.156,4.84
965,Pursuer,0.202,0.405,0.129,0.159,0.00
966,Pursuer,0.202,0.406,0.146,0.143,0.00
967,Pursuer,0.202,0.406,0.137,0.154,0.00
968,Runner,0.202,0.406,0.163,0.156,0.00
969,Runner,0.203,0.406,0.147,0.176,0.00
970,Pursuer,0.203,0.406,0.156,0.141,0.00
971,Runner,0.204,0.406,0.149,0.143,3.86
972,Pursuer,0.204,0.406,0.123,0.150,0.00
973,Runner,0.205,0.406,0.169,0.163,0.00
974,Runner,0.205,0.406,0.149,0.141,0.00
975,Pursuer,0.205,0.406,0.154,0.146,0.00
976,Draw,0.205,0.406,0.145,0.151,6.64
977,Draw,0.205,0.405,0.143,0.155,9.82
978,Draw,0.204,0.405,0.139,0.153,0.00
979,Draw,0.204,0.404,0.144,0.152,0.86
980,Pursuer,0.204,0.405,0.158,0.158,0.00
981,Runner,0.205,0.405,0.146,0.147,1.60
982,Draw,0.205,0.404,0.141,0.142,10.92
983,Runner,0.205,0.404,0.132,0.149,14.22
984,Draw,0.205,0.403,0.146,0.147,2.86
985,Pursuer,0.205,0.404,0.132,0.062,0.00
986,Runner,0.206,0.404,0.154,0.115,0.00
987,Draw,0.206,0.403,0.143,0.139,0.00
988,Pursuer,0.205,0.404,0.150,0.141,0.00
989,Pursuer,0.205,0.404,0.142,0.140,0.00
990,Draw,0.205,0.404,0.160,0.151,2.20
991,Draw,0.205,0.404,0.143,0.151,16.04
992,Pursuer,0.205,0.404,0.157,0.151,0.00
993,Runner,0.205,0.404,0.160,0.156,0.00
994,Runner,0.206,0.403,0.120,0.173,0.00
995,Pursuer,0.206,0.404,0.152,0.135,0.00
996,Runner,0.207,0.404,0.166,0.129,0.00
997,Runner,0.208,0.403,0.164,0.159,2.62
998,Draw,0.207,0.403,0.144,0.157,5.68
999,Draw,0.207,0.402,0.145,0.135,0.00
1000,Pursuer,0.207,0.403,0.148,0.147,0.00
1001,Pursuer,0.207,0.404,0.129,0.154,0.00
1002,Pursuer,0.207,0.404,0.158,0.129,0.00
1003,Pursuer,0.206,0.405,0.154,0.127,0.00
1004,Pursuer,0.206,0.405,0.146,0.166,0.00
1005,Pursuer,0.206,0.406,0.248,0.155,0.00
1006,Pursuer,0.206,0.407,0.166,0.128,0.00
1007,Draw,0.206,0.406,0.142,0.144,4.60
1008,Runner,0.206,0.406,0.147,0.155,10.04
1009,Pursuer,0.206,0.406,0.151,0.149,0.00
1010,Pursuer,0.206,0.407,0.136,0.151,0.00
1011,Pursuer,0.206,0.408,0.148,0.142,0.00
1012,Pursuer,0.206,0.408,0.162,0.155,0.00
1013,Runner,0.206,0.408,0.102,0.183,0.08
1014,Runner,0.207,0.407,0.139,0.152,0.00
1015,Draw,0.207,0.407,0.159,0.148,0.92
1016,Draw,0.207,0.406,0.142,0.158,13.66
1017,Pursuer,0.206,0.407,0.147,0.148,0.00
1018,Pursuer,0.206,0.408,0.121,0.145,0.00
1019,Pursuer,0.206,0.408,0.148,0.136,0.00
1020,Pursuer,0.206,0.409,0.165,0.148,0.00
1021,Runner,0.207,0.408,0.133,0.146,0.00
1022,Pursuer,0.206,0.409,0.132,0.107,0.00
1023,Pursuer,0.206,0.410,0.146,0.155,0.00
1024,Pursuer,0.206,0.410,0.126,0.148,0.00
1025,Pursuer,0.206,0.411,0.144,0.145,0.00
1026,Draw,0.206,0.410,0.153,0.139,19.12
1027,Pursuer,0.205,0.411,0.140,0.124,0.00
1028,Draw,0.205,0.411,0.154,0.142,14.46
1029,Runner,0.206,0.410,0.145,0.152,2.84
1030,Runner,0.207,0.410,0.161,0.144,0.00
1031,Runner,0.208,0.409,0.157,0.140,6.58
1032,Runner,0.208,0.409,0.159,0.140,1.32
1033,Draw,0.208,0.409,0.159,0.151,3.36
1034,Pursuer,0.208,0.409,0.156,0.222,0.00
1035,Runner,0.209,0.409,0.171,0.151,1.20
1036,Pursuer,0.208,0.409,0.167,0.121,0.00
1037,Draw,0.208,0.409,0.148,0.145,3.18
1038,Pursuer,0.208,0.409,0.144,0.148,0.00
1039,Runner,0.209,0.409,0.144,0.149,1.96
1040,Pursuer,0.209,0.410,0.162,0.144,0.00
1041,Draw,0.208,0.409,0.152,0.140,0.00
1042,Pursuer,0.208,0.410,0.131,0.145,0.00
1043,Pursuer,0.208,0.410,0.157,0.148,0.00
1044,Pursuer,0.208,0.411,0.201,0.106,0.00
1045,Draw,0.208,0.411,0.145,0.139,10.12
1046,Pursuer,0.207,0.411,0.156,0.151,0.00
1047,Pursuer,0.207,0.412,0.124,0.150,0.00
1048,Pursuer,0.207,0.412,0.152,0.148,0.00
1049,Draw,0.207,0.412,0.148,0.150,13.62
1050,Draw,0.207,0.411,0.156,0.143,3.48
1051,Draw,0.206,0.411,0.146,0.147,4.74
1052,Pursuer,0.206,0.412,0.140,0.139,0.00
1053,Runner,0.207,0.411,0.121,0.139,1.54
1054,Runner,0.208,0.411,0.140,0.143,3.16
1055,Pursuer,0.208,0.411,0.135,0.134,0.00
1056,Pursuer,0.207,0.412,0.121,0.160,0.00
1057,Runner,0.208,0.412,0.155,0.140,4.18
1058,Runner,0.209,0.411,0.153,0.158,0.00
1059,Runner,0.210,0.411,0.179,0.163,1.54
1060,Runner,0.210,0.410,0.145,0.129,0.00
1061,Pursuer,0.210,0.411,0.138,0.146,0.00
1062,Draw,0.210,0.411,0.147,0.140,6.54
1063,Runner,0.211,0.410,0.147,0.142,6.42
1064,Draw,0.211,0.410,0.151,0.154,9.26
1065,Pursuer,0.210,0.410,0.136,0.143,0.00
1066,Draw,0.210,0.410,0.146,0.150,0.00
1067,Runner,0.211,0.410,0.127,0.156,0.00
1068,Pursuer,0.211,0.410,0.140,0.144,0.00
1069,Runner,0.211,0.410,0.116,0.152,0.00
1070,Pursuer,0.211,0.410,0.146,0.138,0.00
1071,Runner,0.212,0.410,0.146,0.149,10.38
1072,Draw,0.212,0.410,0.151,0.151,0.00
1073,Draw,0.212,0.409,0.139,0.146,8.40
1074,Pursuer,0.211,0.410,0.000,0.000,0.00
1075,Pursuer,0.211,0.410,0.143,0.135,0.00
1076,Draw,0.211,0.410,0.141,0.155,12.62
1077,Pursuer,0.211,0.410,0.164,0.077,0.00
1078,Runner,0.212,0.410,0.133,0.152,3.62
1079,Runner,0.212,0.410,0.171,0.128,0.88
1080,Runner,0.213,0.409,0.051,0.059,0.00
1081,Runner,0.214,0.409,0.174,0.130,0.00
1082,Runner,0.214,0.409,0.145,0.152,0.00
1083,Draw,0.214,0.408,0.152,0.150,12.94
1084,Runner,0.215,0.408,0.160,0.146,0.00
1085,Pursuer,0.215,0.408,0.143,0.154,0.00
1086,Pursuer,0.215,0.409,0.133,0.151,0.00
1087,Runner,0.215,0.408,0.137,0.135,1.04
1088,Draw,0.215,0.408,0.143,0.152,14.92
1089,Pursuer,0.215,0.409,0.158,0.152,0.00
1090,Draw,0.215,0.408,0.151,0.151,15.92
1091,Pursuer,0.214,0.409,0.165,0.151,0.00
1092,Runner,0.215,0.408,0.165,0.151,2.54
1093,Pursuer,0.215,0.409,0.125,0.134,0.00
1094,Pursuer,0.215,0.410,0.146,0.146,0.00
1095,Pursuer,0.215,0.410,0.166,0.106,0.00
1096,Draw,0.214,0.410,0.147,0.147,15.54
1097,Pursuer,0.214,0.410,0.155,0.152,0.00
1098,Runner,0.215,0.410,0.217,0.840,0.00
1099,Pursuer,0.215,0.410,0.110,0.118,0.00
1100,Draw,0.215,0.410,0.151,0.146,4.48
1101,Draw,0.214,0.410,0.148,0.140,11.68
1102,Pursuer,0.214,0.410,0.137,0.102,0.00
1103,Pursuer,0.214,0.411,0.296,0.107,0.00
1104,Pursuer,0.214,0.411,0.149,0.160,0.00
1105,Pursuer,0.214,0.412,0.137,0.143,0.00
1106,Pursuer,0.213,0.412,0.129,0.137,0.00
1107,Pursuer,0.213,0.413,0.151,0.153,0.00
1108,Runner,0.214,0.412,0.144,0.146,11.90
1109,Draw,0.214,0.412,0.140,0.143,11.32
1110,Pursuer,0.214,0.413,0.147,0.140,0.00
1111,Pursuer,0.213,0.413,0.143,0.146,0.00
1112,Pursuer,0.213,0.414,0.134,0.284,0.00
1113,Runner,0.214,0.413,0.132,0.150,0.00
1114,Pursuer,0.214,0.414,0.133,0.107,0.00
1115,Draw,0.213,0.413,0.145,0.158,11.84
1116,Pursuer,0.213,0.414,0.131,0.106,0.00
1117,Runner,0.214,0.414,0.000,0.000,0.00
1118,Pursuer,0.214,0.414,0.147,0.149,0.00
1119,Pursuer,0.214,0.415,0.134,0.144,0.00
1120,Pursuer,0.213,0.415,0.124,0.112,0.00
1121,Runner,0.214,0.415,0.132,0.147,0.00
1122,Draw,0.214,0.414,0.133,0.147,0.00
1123,Pursuer,0.214,0.415,0.152,0.147,0.00
1124,Pursuer,0.214,0.415,0.054,0.024,0.00
1125,Runner,0.214,0.415,0.153,0.163,0.00
1126,Pursuer,0.214,0.416,0.098,0.145,0.00
1127,Draw,0.214,0.415,0.145,0.153,0.00
1128,Runner,0.215,0.415,0.155,0.146,1.54
1129,Pursuer,0.214,0.415,0.142,0.166,0.00
1130,Runner,0.215,0.415,0.128,0.195,1.00
1131,Pursuer,0.215,0.416,0.132,0.151,0.00
1132,Pursuer,0.215,0.416,0.154,0.138,0.00
1133,Runner,0.215,0.416,0.146,0.156,0.00
1134,Draw,0.215,0.415,0.143,0.138,12.92
1135,Runner,0.216,0.415,0.144,0.137,0.84
1136,Draw,0.216,0.415,0.138,0.143,17.10
1137,Pursuer,0.215,0.415,0.000,0.000,0.00
1138,Runner,0.216,0.415,0.154,0.153,13.54
1139,Runner,0.217,0.414,0.168,0.156,1.22
1140,Pursuer,0.217,0.415,0.136,0.151,0.00
1141,Pursuer,0.216,0.415,0.155,0.149,0.00
1142,Runner,0.217,0.415,0.145,0.125,0.00
1143,Runner,0.218,0.415,0.144,0.111,0.74
1144,Pursuer,0.218,0.415,0.167,0.141,0.00
1145,Pursuer,0.217,0.416,0.152,0.142,0.00
1146,Pursuer,0.217,0.416,0.147,0.199,0.00
1147,Pursuer,0.217,0.417,0.140,0.139,0.00
1148,Runner,0.218,0.416,0.172,0.148,0.00
1149,Draw,0.218,0.416,0.143,0.148,18.52
1150,Pursuer,0.217,0.417,0.132,0.137,0.00
1151,Draw,0.217,0.416,0.144,0.147,15.50
1152,Pursuer,0.217,0.417,0.145,0.129,0.00
1153,Pursuer,0.217,0.417,0.138,0.141,0.00
1154,Draw,0.217,0.417,0.141,0.155,0.00
1155,Runner,0.217,0.416,0.143,0.146,0.00
1156,Runner,0.218,0.416,0.143,0.156,0.00
1157,Draw,0.218,0.416,0.159,0.155,0.00
1158,Runner,0.218,0.415,0.134,0.137,0.00
1159,Runner,0.219,0.415,0.142,0.139,4.02
1160,Pursuer,0.219,0.416,0.145,0.161,0.00
1161,Runner,0.220,0.415,0.136,0.137,0.00
1162,Pursuer,0.219,0.416,0.164,0.135,0.00
1163,Draw,0.219,0.415,0.141,0.156,12.82
1164,Pursuer,0.219,0.416,0.149,0.143,0.00
1165,Runner,0.220,0.415,0.115,0.150,0.00
1166,Pursuer,0.220,0.416,0.160,0.150,0.00
1167,Runner,0.220,0.416,0.134,0.149,0.00
1168,Pursuer,0.220,0.416,0.000,0.000,0.00
1169,Pursuer,0.220,0.417,0.138,0.169,0.00
1170,Pursuer,0.220,0.417,0.153,0.191,0.00
1171,Pursuer,0.219,0.418,0.148,0.154,0.00
1172,Runner,0.220,0.417,0.163,0.145,0.00
1173,Pursuer,0.220,0.418,0.156,0.142,0.00
1174,Runner,0.221,0.417,0.144,0.134,0.38
1175,Draw,0.220,0.417,0.141,0.150,2.04
1176,Runner,0.221,0.417,0.145,0.132,0.00
1177,Draw,0.221,0.416,0.149,0.150,0.84
1178,Pursuer,0.221,0.417,0.141,0.172,0.00
1179,Draw,0.221,0.416,0.152,0.158,2.00
1180,Runner,0.221,0.416,0.134,0.148,0.36
1181,Runner,0.222,0.416,0.150,0.126,0.00
1182,Runner,0.223,0.415,0.156,0.127,0.00
1183,Pursuer,0.222,0.416,0.174,0.119,0.00
1184,Pursuer,0.222,0.416,0.136,0.152,0.00
1185,Draw,0.222,0.416,0.152,0.156,5.20
1186,Pursuer,0.222,0.417,0.152,0.157,0.00
1187,Runner,0.222,0.416,0.149,0.149,17.96
1188,Runner,0.223,0.416,0.138,0.146,0.00
1189,Pursuer,0.223,0.416,0.135,0.159,0.00
1190,Runner,0.224,0.416,0.156,0.147,3.70
1191,Pursuer,0.223,0.416,0.097,0.136,0.00
1192,Runner,0.224,0.416,0.150,0.138,7.06
1193,Runner,0.225,0.416,0.151,0.144,0.00
1194,Pursuer,0.224,0.416,0.142,0.140,0.00
1195,Runner,0.225,0.416,0.147,0.145,0.00
1196,Pursuer,0.225,0.416,0.154,0.138,0.00
1197,Runner,0.226,0.416,0.148,0.153,0.00
1198,Runner,0.226,0.416,0.135,0.146,2.14
1199,Pursuer,0.226,0.416,0.000,0.000,0.00
1200,Runner,0.227,0.416,0.160,0.113,0.12
1201,Runner,0.227,0.415,0.141,0.139,0.00
1202,Runner,0.228,0.415,0.150,0.138,2.84
1203,Runner,0.229,0.415,0.155,0.161,6.92
1204,Pursuer,0.228,0.415,0.145,0.143,0.00
1205,Pursuer,0.228,0.416,0.116,0.127,0.00
1206,Runner,0.229,0.415,0.162,0.133,0.00
1207,Pursuer,0.229,0.416,0.140,0.152,0.00
1208,Pursuer,0.228,0.416,0.153,0.137,0.00
1209,Pursuer,0.228,0.417,0.132,0.167,0.00
1210,Pursuer,0.228,0.417,0.164,0.140,0.00
1211,Pursuer,0.228,0.418,0.149,0.162,0.00
1212,Runner,0.229,0.417,0.158,0.182,0.00
1213,Pursuer,0.228,0.418,0.147,0.140,0.00
1214,Pursuer,0.228,0.418,0.144,0.156,0.00
1215,Runner,0.229,0.418,0.153,0.149,8.66
1216,Pursuer,0.229,0.419,0.108,0.165,0.00
1217,Pursuer,0.228,0.419,0.135,0.135,0.00
1218,Runner,0.229,0.419,0.149,0.154,4.70
1219,Runner,0.230,0.418,0.145,0.141,7.76
1220,Draw,0.230,0.418,0.149,0.152,8.72
1221,Pursuer,0.229,0.419,0.000,0.000,0.00
1222,Draw,0.229,0.418,0.138,0.148,11.72
1223,Pursuer,0.229,0.419,0.148,0.152,0.00
1224,Pursuer,0.229,0.419,0.128,0.159,0.00
1225,Pursuer,0.229,0.420,0.130,0.144,0.00
1226,Runner,0.229,0.419,0.143,0.152,0.00
1227,Pursuer,0.229,0.420,0.141,0.128,0.00
1228,Pursuer,0.229,0.420,0.137,0.143,0.00
1229,Runner,0.229,0.420,0.169,0.149,0.00
1230,Pursuer,0.229,0.420,0.146,0.131,0.00
1231,Runner,0.230,0.420,0.151,0.144,0.00
1232,Pursuer,0.230,0.420,0.142,0.156,0.00
1233,Pursuer,0.230,0.421,0.169,0.150,0.00
1234,Runner,0.230,0.421,0.135,0.128,0.00
1235,Pursuer,0.230,0.421,0.117,0.181,0.00
1236,Pursuer,0.230,0.422,0.140,0.140,0.00
1237,Pursuer,0.230,0.422,0.149,0.135,0.00
1238,Pursuer,0.229,0.422,0.148,0.137,0.00
1239,Runner,0.230,0.422,0.152,0.152,2.02
1240,Runner,0.231,0.422,0.160,0.136,1.82
1241,Pursuer,0.230,0.422,0.148,0.178,0.00
1242,Draw,0.230,0.422,0.135,0.149,15.26
1243,Pursuer,0.230,0.422,0.145,0.148,0.00
1244,Pursuer,0.230,0.423,0.156,0.144,0.00
1245,Pursuer,0.230,0.423,0.209,0.137,0.00
1246,Runner,0.230,0.423,0.141,0.155,0.08
1247,Pursuer,0.230,0.423,0.145,0.147,0.00
1248,Pursuer,0.230,0.424,0.149,0.128,0.00
1249,Pursuer,0.230,0.424,0.199,0.101,0.00
1250,Runner,0.230,0.424,0.139,0.138,3.84
1251,Pursuer,0.230,0.424,0.166,0.144,0.00
1252,Pursuer,0.230,0.425,0.124,0.145,0.00
1253,Pursuer,0.230,0.425,0.168,0.149,0.00
1254,Runner,0.230,0.425,0.148,0.150,0.00
1255,Runner,0.231,0.425,0.157,0.137,1.82
1256,Pursuer,0.231,0.425,0.000,0.000,0.00
1257,Pursuer,0.231,0.426,0.240,0.049,0.00
1258,Pursuer,0.231,0.426,0.142,0.157,0.00
1259,Draw,0.230,0.426,0.147,0.134,4.70
1260,Draw,0.230,0.425,0.140,0.135,7.12
1261,Pursuer,0.230,0.426,0.148,0.150,0.00
1262,Runner,0.231,0.426,0.140,0.154,3.14
1263,Runner,0.231,0.425,0.142,0.210,0.00
1264,Runner,0.232,0.425,0.145,0.138,3.28
1265,Pursuer,0.232,0.425,0.000,0.000,0.00
1266,Pursuer,0.231,0.426,0.101,0.149,0.00
1267,Draw,0.231,0.425,0.137,0.161,2.38
1268,Pursuer,0.231,0.426,0.000,0.000,0.00
1269,Pursuer,0.231,0.426,0.166,0.095,0.00
1270,Pursuer,0.231,0.427,0.126,0.145,0.00
1271,Pursuer,0.231,0.427,0.118,0.137,0.00
1272,Pursuer,0.230,0.428,0.161,0.152,0.00
1273,Draw,0.230,0.427,0.145,0.142,10.94
1274,Draw,0.230,0.427,0.140,0.151,4.08
1275,Pursuer,0.230,0.427,0.000,0.000,0.00
1276,Pursuer,0.230,0.428,0.145,0.152,0.00
1277,Pursuer,0.229,0.428,0.140,0.134,0.00
1278,Pursuer,0.229,0.429,0.164,0.107,0.00
1279,Pursuer,0.229,0.429,0.130,0.156,0.00
1280,Pursuer,0.229,0.430,0.146,0.146,0.00
1281,Pursuer,0.229,0.430,0.144,0.178,0.00
1282,Pursuer,0.229,0.431,0.153,0.119,0.00
1283,Runner,0.229,0.430,0.138,0.137,0.00
1284,Pursuer,0.229,0.431,0.153,0.164,0.00
1285,Pursuer,0.229,0.431,0.159,0.145,0.00
1286,Pursuer,0.229,0.432,0.150,0.167,0.00
1287,Runner,0.229,0.431,0.154,0.131,5.36
1288,Runner,0.230,0.431,0.123,0.125,0.00
1289,Pursuer,0.230,0.431,0.121,0.126,0.00
1290,Pursuer,0.229,0.432,0.140,0.146,0.00
1291,Runner,0.230,0.431,0.158,0.124,1.44
1292,Runner,0.231,0.431,0.153,0.159,0.00
1293,Pursuer,0.230,0.432,0.136,0.155,0.00
1294,Pursuer,0.230,0.432,0.096,0.040,0.00
1295,Runner,0.231,0.432,0.142,0.155,7.50
1296,Pursuer,0.231,0.432,0.144,0.133,0.00
1297,Runner,0.231,0.432,0.133,0.162,0.00
1298,Pursuer,0.231,0.432,0.146,0.148,0.00
1299,Pursuer,0.231,0.433,0.119,0.139,0.00
1300,Draw,0.231,0.432,0.148,0.158,15.26
1301,Runner,0.231,0.432,0.135,0.148,3.18
1302,Pursuer,0.231,0.432,0.130,0.159,0.00
1303,Runner,0.232,0.432,0.165,0.133,0.42
1304,Draw,0.232,0.432,0.155,0.144,14.62
1305,Pursuer,0.231,0.432,0.136,0.183,0.00
1306,Runner,0.232,0.432,0.141,0.157,2.02
1307,Pursuer,0.232,0.432,0.149,0.155,0.00
1308,Pursuer,0.232,0.433,0.139,0.139,0.00
1309,Runner,0.232,0.432,0.136,0.151,0.00
1310,Pursuer,0.232,0.433,0.143,0.151,0.00
1311,Runner,0.233,0.432,0.130,0.152,0.00
1312,Pursuer,0.232,0.433,0.139,0.122,0.00
1313,Pursuer,0.232,0.433,0.180,0.205,0.00
1314,Pursuer,0.232,0.434,0.120,0.149,0.00
1315,Pursuer,0.232,0.434,0.114,0.135,0.00
1316,Pursuer,0.232,0.435,0.150,0.147,0.00
1317,Pursuer,0.232,0.435,0.147,0.145,0.00
1318,Draw,0.231,0.435,0.141,0.152,0.00
1319,Runner,0.232,0.434,0.147,0.129,0.00
1320,Pursuer,0.232,0.435,0.125,0.150,0.00
1321,Runner,0.232,0.435,0.152,0.137,2.48
1322,Draw,0.232,0.434,0.152,0.148,4.88
1323,Runner,0.233,0.434,0.143,0.141,0.00
1324,Pursuer,0.233,0.434,0.141,0.139,0.00
1325,Pursuer,0.232,0.435,0.185,0.165,0.00
1326,Pursuer,0.232,0.435,0.167,0.137,0.00
1327,Runner,0.233,0.435,0.162,0.145,0.00
1328,Pursuer,0.233,0.435,0.142,0.155,0.00
1329,Runner,0.233,0.435,0.000,0.000,0.00
1330,Pursuer,0.233,0.435,0.139,0.131,0.00
1331,Pursuer,0.233,0.436,0.186,0.109,0.00
1332,Pursuer,0.233,0.436,0.185,0.147,0.00
1333,Pursuer,0.233,0.437,0.143,0.143,0.00
1334,Pursuer,0.232,0.437,0.169,0.162,0.00
1335,Pursuer,0.232,0.437,0.130,0.157,0.00
1336,Pursuer,0.232,0.438,0.161,0.146,0.00
1337,Draw,0.232,0.438,0.145,0.151,2.56
1338,Pursuer,0.232,0.438,0.152,0.151,0.00
1339,Pursuer,0.232,0.438,0.134,0.163,0.00
1340,Pursuer,0.231,0.439,0.151,0.149,0.00
1341,Runner,0.232,0.438,0.155,0.138,10.38
1342,Draw,0.232,0.438,0.156,0.152,19.46
1343,Pursuer,0.232,0.439,0.136,0.159,0.00
1344,Pursuer,0.231,0.439,0.129,0.120,0.00
1345,Pursuer,0.231,0.439,0.143,0.135,0.00
1346,Pursuer,0.231,0.440,0.208,0.095,0.00
1347,Pursuer,0.231,0.440,0.119,0.131,0.00
1348,Pursuer,0.231,0.441,0.275,0.129,0.00
1349,Runner,0.231,0.440,0.123,0.183,0.00
1350,Runner,0.232,0.440,0.145,0.147,4.72
1351,Pursuer,0.232,0.440,0.161,0.147,0.00
1352,Pursuer,0.232,0.441,0.142,0.142,0.00
1353,Draw,0.231,0.441,0.147,0.149,0.00
1354,Pursuer,0.231,0.441,0.208,0.132,0.00
1355,Pursuer,0.231,0.441,0.173,0.152,0.00
1356,Runner,0.232,0.441,0.152,0.138,0.00
1357,Runner,0.232,0.441,0.000,0.000,0.00
1358,Pursuer,0.232,0.441,0.142,0.160,0.00
1359,Pursuer,0.232,0.442,0.149,0.171,0.00
1360,Draw,0.232,0.441,0.139,0.142,17.20
1361,Pursuer,0.231,0.442,0.138,0.150,0.00
1362,Draw,0.231,0.441,0.159,0.138,0.04
1363,Pursuer,0.231,0.442,0.160,0.159,0.00
1364,Pursuer,0.231,0.442,0.155,0.141,0.00
1365,Pursuer,0.231,0.442,0.161,0.149,0.00
1366,Draw,0.231,0.442,0.142,0.160,14.84
1367,Runner,0.231,0.442,0.154,0.131,0.66
1368,Pursuer,0.231,0.442,0.163,0.183,0.00
1369,Pursuer,0.231,0.443,0.147,0.126,0.00
1370,Pursuer,0.231,0.443,0.146,0.179,0.00
1371,Pursuer,0.230,0.443,0.147,0.156,0.00
1372,Runner,0.231,0.443,0.142,0.154,0.00
1373,Runner,0.232,0.443,0.137,0.142,0.00
1374,Pursuer,0.231,0.443,0.170,0.139,0.00
1375,Runner,0.232,0.443,0.139,0.130,0.00
1376,Pursuer,0.232,0.443,0.131,0.148,0.00
1377,Pursuer,0.232,0.444,0.151,0.138,0.00
1378,Runner,0.232,0.443,0.117,0.171,1.12
1379,Runner,0.233,0.443,0.146,0.140,0.00
1380,Pursuer,0.233,0.443,0.149,0.160,0.00
1381,Pursuer,0.232,0.444,0.151,0.140,0.00
1382,Pursuer,0.232,0.444,0.138,0.138,0.00
1383,Draw,0.232,0.444,0.143,0.144,0.00
1384,Pursuer,0.232,0.444,0.125,0.305,0.00
1385,Pursuer,0.232,0.445,0.141,0.140,0.00
1386,Pursuer,0.232,0.445,0.149,0.137,0.00
1387,Pursuer,0.231,0.446,0.185,0.195,0.00
1388,Draw,0.231,0.445,0.138,0.142,0.00
1389,Pursuer,0.231,0.446,0.143,0.142,0.00
1390,Pursuer,0.231,0.446,0.138,0.142,0.00
1391,Pursuer,0.231,0.446,0.138,0.148,0.00
1392,Pursuer,0.231,0.447,0.147,0.165,0.00
1393,Pursuer,0.230,0.447,0.134,0.142,0.00
1394,Draw,0.230,0.447,0.145,0.154,6.28
1395,Runner,0.231,0.447,0.163,0.153,4.60
1396,Draw,0.231,0.446,0.158,0.151,17.16
1397,Draw,0.230,0.446,0.156,0.146,10.44
1398,Pursuer,0.230,0.446,0.150,0.154,0.00
1399,Pursuer,0.230,0.447,0.168,0.151,0.00
1400,Runner,0.231,0.446,0.148,0.133,0.94
1401,Runner,0.231,0.446,0.151,0.153,2.40
1402,Pursuer,0.231,0.447,0.137,0.158,0.00
1403,Runner,0.232,0.446,0.146,0.148,9.72
1404,Pursuer,0.231,0.447,0.142,0.156,0.00
1405,Runner,0.232,0.446,0.156,0.131,7.90
1406,Pursuer,0.232,0.447,0.138,0.124,0.00
1407,Draw,0.232,0.446,0.146,0.149,11.38
1408,Pursuer,0.232,0.447,0.184,0.152,0.00
1409,Runner,0.232,0.446,0.157,0.162,2.56
1410,Pursuer,0.232,0.447,0.163,0.155,0.00
1411,Runner,0.232,0.446,0.140,0.151,0.90
1412,Pursuer,0.232,0.447,0.138,0.123,0.00
1413,Runner,0.233,0.447,0.147,0.150,0.00
1414,Pursuer,0.233,0.447,0.140,0.145,0.00
1415,Pursuer,0.233,0.447,0.130,0.149,0.00
1416,Runner,0.233,0.447,0.000,0.000,0.00
1417,Runner,0.234,0.447,0.132,0.166,0.00
1418,Pursuer,0.233,0.447,0.172,0.170,0.00
1419,Pursuer,0.233,0.447,0.136,0.140,0.00
1420,Pursuer,0.233,0.448,0.000,0.000,0.00
1421,Pursuer,0.233,0.448,0.230,0.147,0.00
1422,Runner,0.233,0.448,0.180,0.142,1.76
1423,Pursuer,0.233,0.448,0.188,0.148,0.00
1424,Pursuer,0.233,0.449,0.136,0.142,0.00
1425,Draw,0.233,0.448,0.148,0.165,3.22
1426,Runner,0.234,0.448,0.134,0.150,0.00
1427,Runner,0.234,0.448,0.149,0.191,0.98
1428,Runner,0.235,0.447,0.152,0.137,0.00
1429,Draw,0.234,0.447,0.149,0.146,16.40
1430,Pursuer,0.234,0.448,0.129,0.152,0.00
1431,Pursuer,0.234,0.448,0.149,0.149,0.00
1432,Runner,0.235,0.448,0.129,0.104,0.00
1433,Pursuer,0.234,0.448,0.174,0.133,0.00
1434,Runner,0.235,0.448,0.148,0.134,0.92
1435,Runner,0.236,0.447,0.134,0.153,0.00
1436,Pursuer,0.235,0.448,0.113,0.162,0.00
1437,Draw,0.235,0.447,0.144,0.146,7.28
1438,Runner,0.236,0.447,0.126,0.168,0.00
1439,Draw,0.236,0.447,0.140,0.143,13.74
1440,Runner,0.236,0.447,0.134,0.160,11.42
1441,Runner,0.237,0.446,0.141,0.142,0.00
1442,Draw,0.236,0.446,0.148,0.154,17.32
1443,Runner,0.237,0.446,0.141,0.130,0.00
1444,Pursuer,0.237,0.446,0.130,0.169,0.00
1445,Draw,0.237,0.446,0.155,0.143,5.62
1446,Runner,0.237,0.445,0.161,0.157,4.70
1447,Runner,0.238,0.445,0.158,0.134,0.00
1448,Pursuer,0.238,0.445,0.155,0.140,0.00
1449,Pursuer,0.237,0.446,0.150,0.140,0.00
1450,Pursuer,0.237,0.446,0.144,0.191,0.00
1451,Pursuer,0.237,0.447,0.156,0.136,0.00
1452,Runner,0.238,0.446,0.122,0.134,0.00
1453,Runner,0.238,0.446,0.157,0.138,10.10
1454,Pursuer,0.238,0.446,0.117,0.150,0.00
1455,Runner,0.238,0.446,0.137,0.152,0.66
1456,Pursuer,0.238,0.446,0.152,0.159,0.00
1457,Pursuer,0.238,0.447,0.121,0.165,0.00
1458,Runner,0.239,0.447,0.147,0.148,1.50
1459,Pursuer,0.239,0.447,0.150,0.145,0.00
1460,Runner,0.239,0.447,0.170,0.150,1.82
1461,Runner,0.240,0.446,0.161,0.135,2.50
1462,Runner,0.240,0.446,0.120,0.134,0.00
1463,Pursuer,0.240,0.446,0.155,0.182,0.00
1464,Runner,0.240,0.446,0.147,0.139,0.00
1465,Runner,0.241,0.446,0.146,0.151,0.10
1466,Runner,0.241,0.445,0.156,0.130,0.00
1467,Pursuer,0.241,0.446,0.142,0.130,0.00
1468,Runner,0.242,0.446,0.139,0.157,9.54
1469,Draw,0.242,0.445,0.148,0.141,19.98
1470,Runner,0.242,0.445,0.151,0.156,4.30
1471,Pursuer,0.242,0.445,0.138,0.154,0.00
1472,Pursuer,0.242,0.446,0.140,0.156,0.00
1473,Pursuer,0.242,0.446,0.165,0.140,0.00
1474,Draw,0.242,0.446,0.152,0.149,0.00
1475,Pursuer,0.241,0.446,0.145,0.147,0.00
1476,Pursuer,0.241,0.446,0.164,0.120,0.00
1477,Pursuer,0.241,0.447,0.143,0.157,0.00
1478,Pursuer,0.241,0.447,0.130,0.154,0.00
1479,Pursuer,0.241,0.448,0.133,0.136,0.00
1480,Pursuer,0.241,0.448,0.145,0.144,0.00
1481,Runner,0.241,0.448,0.125,0.112,1.66
1482,Pursuer,0.241,0.448,0.074,0.082,0.00
1483,Pursuer,0.241,0.448,0.145,0.160,0.00
1484,Pursuer,0.241,0.449,0.173,0.129,0.00
1485,Pursuer,0.240,0.449,0.130,0.154,0.00
1486,Runner,0.241,0.449,0.158,0.134,8.00
1487,Pursuer,0.241,0.449,0.149,0.151,0.00
1488,Runner,0.241,0.449,0.140,0.148,0.30
1489,Pursuer,0.241,0.449,0.153,0.163,0.00
1490,Runner,0.242,0.449,0.152,0.145,1.12
1491,Runner,0.242,0.449,0.134,0.152,1.46
1492,Runner,0.243,0.448,0.140,0.153,3.46
1493,Draw,0.242,0.448,0.138,0.147,17.06
1494,Runner,0.243,0.448,0.067,0.020,0.00
1495,Pursuer,0.243,0.448,0.123,0.128,0.00
1496,Pursuer,0.243,0.449,0.140,0.145,0.00
1497,Pursuer,0.242,0.449,0.147,0.147,0.00
1498,Pursuer,0.242,0.449,0.135,0.155,0.00
1499,Pursuer,0.242,0.450,0.000,0.000,0.00
1500,Runner,0.243,0.449,0.128,0.163,0.00
1501,Pursuer,0.243,0.450,0.140,0.169,0.00
1502,Runner,0.243,0.449,0.151,0.145,0.02
1503,Runner,0.244,0.449,0.152,0.152,0.00
1504,Pursuer,0.243,0.449,0.153,0.146,0.00
1505,Runner,0.244,0.449,0.143,0.155,0.04
1506,Pursuer,0.244,0.450,0.118,0.128,0.00
1507,Pursuer,0.244,0.450,0.148,0.127,0.00
1508,Pursuer,0.243,0.450,0.155,0.148,0.00
1509,Pursuer,0.243,0.451,0.151,0.122,0.00
1510,Pursuer,0.243,0.451,0.149,0.148,0.00
1511,Pursuer,0.243,0.451,0.161,0.154,0.00
1512,Runner,0.243,0.451,0.139,0.150,0.44
1513,Runner,0.244,0.451,0.150,0.158,5.90
1514,Pursuer,0.244,0.451,0.062,0.111,0.00
1515,Pursuer,0.244,0.451,0.152,0.139,0.00
1516,Runner,0.244,0.451,0.156,0.150,0.30
1517,Runner,0.245,0.451,0.146,0.147,0.00
1518,Runner,0.245,0.451,0.149,0.124,0.00
1519,Draw,0.245,0.450,0.137,0.153,17.60
1520,Runner,0.245,0.450,0.129,0.140,0.00
1521,Pursuer,0.245,0.450,0.882,0.215,0.00
1522,Runner,0.246,0.450,0.132,0.162,0.00
1523,Runner,0.246,0.450,0.124,0.181,4.40
1524,Pursuer,0.246,0.450,0.149,0.163,0.00
1525,Runner,0.247,0.450,0.152,0.133,1.70
1526,Pursuer,0.246,0.450,0.150,0.152,0.00
1527,Runner,0.247,0.450,0.152,0.142,0.00
1528,Pursuer,0.247,0.450,0.127,0.157,0.00
1529,Pursuer,0.247,0.451,0.146,0.135,0.00
1530,Pursuer,0.246,0.451,0.156,0.131,0.00
1531,Runner,0.247,0.451,0.156,0.136,9.00
1532,Pursuer,0.247,0.451,0.179,0.171,0.00
1533,Pursuer,0.247,0.451,0.058,0.139,0.00
1534,Runner,0.247,0.451,0.139,0.147,0.00
1535,Draw,0.247,0.451,0.140,0.151,17.00
1536,Runner,0.247,0.451,0.120,0.152,1.22
1537,Pursuer,0.247,0.451,0.143,0.116,0.00
1538,Pursuer,0.247,0.451,0.150,0.149,0.00
1539,Runner,0.248,0.451,0.146,0.146,2.02
1540,Draw,0.247,0.451,0.144,0.143,19.26
1541,Pursuer,0.247,0.451,0.152,0.139,0.00
1542,Runner,0.248,0.451,0.140,0.125,0.00
1543,Runner,0.248,0.450,0.169,0.141,0.00
1544,Runner,0.249,0.450,0.141,0.157,2.82
1545,Pursuer,0.249,0.450,0.144,0.168,0.00
1546,Pursuer,0.248,0.451,0.035,0.056,0.00
1547,Runner,0.249,0.451,0.140,0.157,3.64
1548,Pursuer,0.249,0.451,0.155,0.157,0.00
1549,Pursuer,0.249,0.451,0.145,0.152,0.00
1550,Runner,0.249,0.451,0.649,1.134,0.00
1551,Runner,0.250,0.451,0.157,0.147,0.24
1552,Pursuer,0.249,0.451,0.138,0.142,0.00
1553,Pursuer,0.249,0.451,0.156,0.155,0.00
1554,Pursuer,0.249,0.452,0.118,0.048,0.00
1555,Pursuer,0.249,0.452,0.171,0.149,0.00
1556,Runner,0.249,0.452,0.119,0.118,5.86
1557,Draw,0.249,0.452,0.153,0.155,6.54
1558,Pursuer,0.249,0.452,0.159,0.140,0.00
1559,Runner,0.250,0.452,0.157,0.108,0.00
1560,Pursuer,0.249,0.452,0.162,0.160,0.00
1561,Pursuer,0.249,0.452,0.140,0.162,0.00
1562,Runner,0.250,0.452,0.158,0.150,0.96
1563,Runner,0.250,0.452,0.125,0.137,2.66
1564,Pursuer,0.250,0.452,0.147,0.147,0.00
1565,Runner,0.250,0.452,0.160,0.125,0.00
1566,Pursuer,0.250,0.452,0.179,0.157,0.00
1567,Draw,0.250,0.452,0.149,0.142,14.82
1568,Runner,0.251,0.452,0.159,0.156,3.50
1569,Pursuer,0.250,0.452,0.131,0.148,0.00
1570,Runner,0.251,0.452,0.147,0.131,0.82
1571,Pursuer,0.251,0.452,0.142,0.152,0.00
1572,Runner,0.251,0.452,0.149,0.156,2.04
1573,Runner,0.252,0.451,0.142,0.161,2.60
1574,Runner,0.252,0.451,0.149,0.142,0.00
1575,Pursuer,0.252,0.451,0.143,0.145,0.00
1576,Runner,0.253,0.451,0.146,0.149,8.34
1577,Runner,0.253,0.451,0.141,0.152,0.00
1578,Pursuer,0.253,0.451,0.149,0.153,0.00
1579,Pursuer,0.253,0.452,0.134,0.139,0.00
1580,Runner,0.253,0.451,0.139,0.134,1.46
1581,Pursuer,0.253,0.452,0.148,0.135,0.00
1582,Runner,0.253,0.451,0.146,0.105,0.00
1583,Pursuer,0.253,0.452,0.156,0.145,0.00
1584,Pursuer,0.253,0.452,0.169,0.133,0.00
1585,Runner,0.254,0.452,0.150,0.162,1.50
1586,Pursuer,0.253,0.452,0.171,0.107,0.00
1587,Runner,0.254,0.452,0.141,0.146,0.34
1588,Pursuer,0.254,0.452,0.151,0.090,0.00
1589,Pursuer,0.254,0.452,0.141,0.153,0.00
1590,Pursuer,0.253,0.453,0.123,0.156,0.00
1591,Runner,0.254,0.453,0.131,0.149,0.20
1592,Runner,0.254,0.452,0.130,0.114,0.00
1593,Pursuer,0.254,0.453,0.135,0.151,0.00
1594,Runner,0.255,0.452,0.144,0.140,5.08
1595,Pursuer,0.255,0.453,0.154,0.139,0.00
1596,Pursuer,0.254,0.453,0.132,0.158,0.00
1597,Pursuer,0.254,0.453,0.000,0.000,0.00
1598,Pursuer,0.254,0.454,0.156,0.146,0.00
1599,Pursuer,0.254,0.454,0.258,0.203,0.00
1600,Pursuer,0.254,0.454,0.145,0.153,0.00
1601,Runner,0.254,0.454,0.154,0.139,5.98
1602,Pursuer,0.254,0.454,0.147,0.147,0.00
1603,Runner,0.255,0.454,0.141,0.133,5.30
1604,Pursuer,0.254,0.454,0.154,0.142,0.00
1605,Pursuer,0.254,0.455,0.120,0.134,0.00
1606,Pursuer,0.254,0.455,0.040,0.054,0.00
1607,Runner,0.255,0.455,0.132,0.153,2.92
1608,Pursuer,0.254,0.455,0.136,0.147,0.00
1609,Pursuer,0.254,0.456,0.139,0.143,0.00
1610,Pursuer,0.254,0.456,0.073,0.145,0.00
1611,Runner,0.255,0.456,0.166,0.121,6.38
1612,Runner,0.255,0.455,0.153,0.164,2.72
1613,Pursuer,0.255,0.456,0.162,0.147,0.00
1614,Runner,0.255,0.455,0.155,0.149,0.00
1615,Runner,0.256,0.455,0.127,0.136,0.00
1616,Draw,0.256,0.455,0.148,0.155,0.00
1617,Pursuer,0.255,0.455,0.128,0.134,0.00
1618,Pursuer,0.255,0.456,0.143,0.138,0.00
1619,Runner,0.256,0.455,0.133,0.163,0.00
1620,Runner,0.256,0.455,0.167,0.154,0.00
1621,Pursuer,0.256,0.455,0.140,0.136,0.00
1622,Runner,0.256,0.455,0.175,0.155,2.68
1623,Pursuer,0.256,0.455,0.151,0.146,0.00
1624,Runner,0.257,0.455,0.154,0.156,3.64
1625,Pursuer,0.257,0.455,0.129,0.134,0.00
1626,Pursuer,0.256,0.456,0.140,0.142,0.00
1627,Runner,0.257,0.455,0.151,0.157,0.00
1628,Pursuer,0.257,0.456,0.000,0.000,0.00
1629,Draw,0.257,0.455,0.152,0.157,19.06
1630,Draw,0.256,0.455,0.158,0.144,15.60
1631,Runner,0.257,0.455,0.066,0.106,0.00
1632,Draw,0.257,0.455,0.151,0.141,12.68
1633,Runner,0.257,0.454,0.185,0.167,0.00
1634,Pursuer,0.257,0.455,0.000,0.000,0.00
1635,Pursuer,0.257,0.455,0.163,0.142,0.00
1636,Runner,0.257,0.455,0.000,0.000,0.00
1637,Pursuer,0.257,0.455,0.143,0.160,0.00
1638,Runner,0.258,0.455,0.144,0.192,0.00
1639,Runner,0.258,0.455,0.154,0.141,0.00
1640,Pursuer,0.258,0.455,0.144,0.143,0.00
1641,Runner,0.258,0.455,0.136,0.146,0.00
1642,Pursuer,0.258,0.455,0.160,0.138,0.00
1643,Pursuer,0.258,0.455,0.137,0.151,0.00
1644,Runner,0.259,0.455,0.000,0.000,0.00
1645,Draw,0.258,0.455,0.163,0.145,13.66
1646,Pursuer,0.258,0.455,0.131,0.149,0.00
1647,Pursuer,0.258,0.455,0.142,0.149,0.00
1648,Runner,0.258,0.455,0.000,0.000,0.00
1649,Pursuer,0.258,0.455,0.131,0.074,0.00
1650,Pursuer,0.258,0.456,0.151,0.145,0.00
1651,Runner,0.259,0.455,0.161,0.136,0.00
1652,Runner,0.259,0.455,0.142,0.151,6.50
1653,Runner,0.260,0.455,0.179,0.124,1.60
1654,Pursuer,0.259,0.455,0.155,0.154,0.00
1655,Pursuer,0.259,0.456,0.158,0.129,0.00
1656,Pursuer,0.259,0.456,0.000,0.000,0.00
1657,Pursuer,0.259,0.456,0.144,0.180,0.00
1658,Draw,0.259,0.456,0.145,0.160,14.50
1659,Pursuer,0.259,0.456,0.141,0.154,0.00
1660,Pursuer,0.258,0.457,0.149,0.134,0.00
1661,Pursuer,0.258,0.457,0.127,0.149,0.00
1662,Pursuer,0.258,0.457,0.163,0.120,0.00
1663,Pursuer,0.258,0.458,0.142,0.134,0.00
1664,Pursuer,0.258,0.458,0.195,0.178,0.00
1665,Pursuer,0.258,0.458,0.167,0.153,0.00
1666,Draw,0.258,0.458,0.162,0.140,0.00
1667,Pursuer,0.257,0.458,0.186,0.130,0.00
1668,Pursuer,0.257,0.459,0.138,0.151,0.00
1669,Pursuer,0.257,0.459,0.150,0.156,0.00
1670,Pursuer,0.257,0.459,0.181,0.172,0.00
1671,Runner,0.257,0.459,0.144,0.141,3.06
1672,Pursuer,0.257,0.459,0.000,0.000,0.00
1673,Runner,0.258,0.459,0.120,0.159,0.00
1674,Runner,0.258,0.459,0.147,0.148,0.00
1675,Pursuer,0.258,0.459,0.141,0.150,0.00
1676,Pursuer,0.258,0.459,0.154,0.158,0.00
1677,Draw,0.258,0.459,0.150,0.143,17.16
1678,Draw,0.257,0.459,0.160,0.146,4.54
1679,Runner,0.258,0.459,0.134,0.150,1.06
1680,Pursuer,0.258,0.459,0.144,0.162,0.00
1681,Draw,0.258,0.459,0.145,0.137,0.00
1682,Runner,0.258,0.458,0.143,0.154,0.00
1683,Runner,0.258,0.458,0.139,0.145,3.06
1684,Runner,0.259,0.458,0.153,0.190,0.00
1685,Pursuer,0.259,0.458,0.141,0.159,0.00
1686,Runner,0.259,0.458,0.162,0.149,0.00
1687,Pursuer,0.259,0.458,0.151,0.145,0.00
1688,Pursuer,0.259,0.459,0.130,0.140,0.00
1689,Pursuer,0.259,0.459,0.156,0.147,0.00
1690,Pursuer,0.259,0.459,0.074,0.190,0.00
1691,Runner,0.259,0.459,0.069,0.116,0.06
1692,Runner,0.259,0.459,0.158,0.123,0.00
1693,Pursuer,0.259,0.459,0.145,0.135,0.00
1694,Runner,0.260,0.459,0.124,0.159,1.90
1695,Runner,0.260,0.458,0.147,0.148,1.88
1696,Pursuer,0.260,0.459,0.177,0.150,0.00
1697,Runner,0.260,0.458,0.120,0.163,0.00
1698,Pursuer,0.260,0.459,0.118,0.105,0.00
1699,Pursuer,0.260,0.459,0.154,0.140,0.00
1700,Pursuer,0.260,0.459,0.167,0.126,0.00
1701,Runner,0.260,0.459,0.161,0.168,0.00
1702,Pursuer,0.260,0.459,0.156,0.178,0.00
1703,Pursuer,0.260,0.460,0.130,0.140,0.00
1704,Runner,0.261,0.460,0.143,0.144,0.00
1705,Runner,0.261,0.459,0.112,0.216,0.00
1706,Pursuer,0.261,0.460,0.151,0.160,0.00
1707,Pursuer,0.261,0.460,0.154,0.143,0.00
1708,Runner,0.261,0.460,0.150,0.151,4.66
1709,Pursuer,0.261,0.460,0.132,0.175,0.00
1710,Pursuer,0.261,0.460,0.146,0.150,0.00
1711,Pursuer,0.261,0.461,0.153,0.160,0.00
1712,Runner,0.261,0.460,0.174,0.136,0.00
1713,Pursuer,0.261,0.461,0.154,0.149,0.00
1714,Runner,0.261,0.460,0.163,0.119,0.38
1715,Runner,0.262,0.460,0.163,0.147,4.04
1716,Pursuer,0.262,0.460,0.140,0.155,0.00
1717,Runner,0.262,0.460,0.160,0.160,3.44
1718,Draw,0.262,0.460,0.144,0.149,0.00
1719,Runner,0.262,0.460,0.139,0.146,0.00
1720,Pursuer,0.262,0.460,0.150,0.113,0.00
1721,Runner,0.263,0.460,0.141,0.142,12.68
1722,Pursuer,0.262,0.460,0.153,0.138,0.00
1723,Pursuer,0.262,0.460,0.133,0.160,0.00
1724,Runner,0.263,0.460,0.138,0.168,0.50
1725,Pursuer,0.263,0.460,0.000,0.000,0.00
1726,Pursuer,0.262,0.461,0.144,0.133,0.00
1727,Runner,0.263,0.460,0.158,0.150,0.80
1728,Pursuer,0.263,0.461,0.133,0.146,0.00
1729,Runner,0.263,0.460,0.173,0.141,0.00
1730,Pursuer,0.263,0.461,0.145,0.159,0.00
1731,Draw,0.263,0.460,0.157,0.149,19.98
1732,Draw,0.263,0.460,0.140,0.162,15.30
1733,Pursuer,0.263,0.460,0.101,0.159,0.00
1734,Pursuer,0.262,0.461,0.149,0.146,0.00
1735,Runner,0.263,0.461,0.163,0.160,0.00
1736,Runner,0.263,0.460,0.176,0.137,0.00
1737,Runner,0.264,0.460,0.133,0.141,5.04
1738,Pursuer,0.264,0.460,0.310,0.184,0.00
1739,Pursuer,0.263,0.461,0.169,0.159,0.00
1740,Draw,0.263,0.460,0.153,0.144,13.92
1741,Pursuer,0.263,0.461,0.126,0.128,0.00
1742,Pursuer,0.263,0.461,0.153,0.152,0.00
1743,Pursuer,0.263,0.461,0.147,0.153,0.00
1744,Pursuer,0.263,0.462,0.131,0.129,0.00
1745,Pursuer,0.262,0.462,0.223,0.158,0.00
1746,Pursuer,0.262,0.462,0.139,0.152,0.00
1747,Pursuer,0.262,0.463,0.056,0.042,0.00
1748,Runner,0.263,0.462,0.138,0.159,9.44
1749,Draw,0.262,0.462,0.138,0.159,12.40
1750,Runner,0.263,0.462,0.155,0.157,0.00
1751,Runner,0.263,0.461,0.124,0.143,6.08
1752,Pursuer,0.263,0.462,0.205,0.131,0.00
1753,Pursuer,0.263,0.462,0.138,0.169,0.00
1754,Pursuer,0.263,0.462,0.140,0.158,0.00
1755,Runner,0.263,0.462,0.168,0.153,1.02
1756,Runner,0.264,0.462,0.138,0.155,0.00
1757,Runner,0.264,0.462,0.151,0.161,2.36
1758,Runner,0.265,0.461,0.149,0.157,5.94
1759,Runner,0.265,0.461,0.155,0.159,0.00
1760,Draw,0.265,0.461,0.156,0.154,11.54
1761,Pursuer,0.265,0.461,0.144,0.145,0.00
1762,Draw,0.264,0.461,0.131,0.148,0.00
1763,Pursuer,0.264,0.461,0.150,0.160,0.00
1764,Pursuer,0.264,0.461,0.148,0.149,0.00
1765,Runner,0.265,0.461,0.114,0.158,0.00
1766,Draw,0.264,0.461,0.151,0.142,10.26
1767,Draw,0.264,0.461,0.142,0.151,7.84
1768,Pursuer,0.264,0.461,0.060,0.088,0.00
1769,Pursuer,0.264,0.461,0.139,0.157,0.00
1770,Runner,0.264,0.461,0.000,0.000,0.00
1771,Pursuer,0.264,0.461,0.149,0.135,0.00
1772,Runner,0.265,0.461,0.054,0.101,0.00
1773,Runner,0.265,0.461,0.134,0.129,0.98
1774,Pursuer,0.265,0.461,0.121,0.153,0.00
1775,Pursuer,0.265,0.461,0.070,0.136,0.00
1776,Pursuer,0.265,0.462,0.153,0.138,0.00
1777,Runner,0.265,0.461,0.151,0.121,0.14
1778,Pursuer,0.265,0.462,0.123,0.141,0.00
1779,Pursuer,0.265,0.462,0.139,0.131,0.00
1780,Pursuer,0.265,0.462,0.137,0.149,0.00
1781,Runner,0.265,0.462,0.144,0.134,5.22
1782,Pursuer,0.265,0.462,0.140,0.117,0.00
1783,Runner,0.265,0.462,0.150,0.155,0.00
1784,Runner,0.266,0.462,0.145,0.152,0.18
1785,Draw,0.266,0.462,0.147,0.149,2.54
1786,Runner,0.266,0.461,0.145,0.148,0.00
1787,Pursuer,0.266,0.462,0.138,0.127,0.00
1788,Draw,0.266,0.461,0.155,0.155,3.84
1789,Pursuer,0.266,0.462,0.149,0.138,0.00
1790,Pursuer,0.265,0.462,0.149,0.152,0.00
1791,Runner,0.266,0.462,0.131,0.166,3.28
1792,Draw,0.266,0.461,0.150,0.163,17.70
1793,Runner,0.266,0.461,0.128,0.161,5.10
1794,Pursuer,0.266,0.462,0.147,0.153,0.00
1795,Runner,0.266,0.461,0.131,0.148,0.00
1796,Pursuer,0.266,0.462,0.143,0.150,0.00
1797,Draw,0.266,0.461,0.151,0.146,13.18
1798,Pursuer,0.266,0.462,0.119,0.172,0.00
1799,Draw,0.266,0.461,0.141,0.149,15.90
1800,Runner,0.266,0.461,0.151,0.156,0.00
1801,Runner,0.267,0.461,0.169,0.144,3.18
1802,Pursuer,0.266,0.461,0.147,0.133,0.00
1803,Pursuer,0.266,0.461,0.162,0.157,0.00
1804,Runner,0.267,0.461,0.201,0.187,0.00
1805,Pursuer,0.266,0.461,0.136,0.148,0.00
1806,Pursuer,0.266,0.462,0.166,0.147,0.00
1807,Runner,0.267,0.462,0.127,0.147,3.58
1808,Runner,0.267,0.461,0.145,0.154,2.40
1809,Draw,0.267,0.461,0.143,0.146,16.40
1810,Draw,0.267,0.461,0.144,0.147,14.02
1811,Runner,0.267,0.461,0.140,0.156,4.18
1812,Pursuer,0.267,0.461,0.000,0.000,0.00
1813,Runner,0.268,0.461,0.132,0.147,2.50
1814,Pursuer,0.267,0.461,0.134,0.149,0.00
1815,Pursuer,0.267,0.461,0.150,0.140,0.00
1816,Draw,0.267,0.461,0.149,0.146,0.00
1817,Pursuer,0.267,0.461,0.128,0.148,0.00
1818,Pursuer,0.267,0.461,0.140,0.147,0.00
1819,Runner,0.267,0.461,0.148,0.146,0.00
1820,Pursuer,0.267,0.462,0.147,0.151,0.00
1821,Pursuer,0.267,0.462,0.148,0.143,0.00
1822,Pursuer,0.267,0.462,0.115,0.119,0.00
1823,Pursuer,0.267,0.462,0.152,0.142,0.00
1824,Runner,0.267,0.462,0.152,0.140,3.70
1825,Runner,0.267,0.462,0.144,0.146,3.44
1826,Runner,0.268,0.462,0.139,0.143,1.60
1827,Pursuer,0.268,0.462,0.151,0.133,0.00
1828,Runner,0.268,0.462,0.125,0.111,0.00
1829,Pursuer,0.268,0.462,0.144,0.151,0.00
1830,Draw,0.268,0.462,0.149,0.150,15.14
1831,Runner,0.268,0.461,0.166,0.145,0.00
1832,Pursuer,0.268,0.462,0.194,0.120,0.00
1833,Pursuer,0.268,0.462,0.157,0.153,0.00
1834,Pursuer,0.268,0.462,0.166,0.141,0.00
1835,Draw,0.268,0.462,0.151,0.136,19.16
1836,Runner,0.268,0.462,0.145,0.157,4.20
1837,Pursuer,0.268,0.462,0.139,0.155,0.00
1838,Pursuer,0.268,0.462,0.139,0.181,0.00
1839,Runner,0.268,0.462,0.150,0.152,2.86
1840,Runner,0.268,0.462,0.139,0.116,1.70
1841,Runner,0.269,0.462,0.132,0.159,0.68
1842,Pursuer,0.269,0.462,0.126,0.146,0.00
1843,Runner,0.269,0.462,0.137,0.143,1.48
1844,Runner,0.270,0.461,0.125,0.141,0.28
1845,Runner,0.270,0.461,0.139,0.130,0.00
1846,Runner,0.270,0.461,0.156,0.161,1.82
1847,Pursuer,0.270,0.461,0.125,0.139,0.00
1848,Pursuer,0.270,0.462,0.139,0.142,0.00
1849,Pursuer,0.270,0.462,0.162,0.136,0.00
1850,Pursuer,0.270,0.462,0.131,0.160,0.00
1851,Runner,0.270,0.462,0.142,0.140,6.70
1852,Pursuer,0.270,0.462,0.148,0.135,0.00
1853,Runner,0.270,0.462,0.144,0.157,0.00
1854,Draw,0.270,0.462,0.144,0.147,17.50
1855,Runner,0.271,0.461,0.145,0.143,3.06
1856,Pursuer,0.270,0.462,0.167,0.162,0.00
1857,Pursuer,0.270,0.462,0.153,0.153,0.00
1858,Runner,0.271,0.462,0.150,0.160,0.00
1859,Pursuer,0.271,0.462,0.152,0.123,0.00
1860,Pursuer,0.270,0.462,0.080,0.049,0.00
1861,Pursuer,0.270,0.463,0.139,0.130,0.00
1862,Pursuer,0.270,0.463,0.141,0.148,0.00
1863,Pursuer,0.270,0.463,0.157,0.138,0.00
1864,Pursuer,0.270,0.464,0.153,0.128,0.00
1865,Pursuer,0.270,0.464,0.149,0.150,0.00
1866,Pursuer,0.270,0.464,0.100,0.167,0.00
1867,Runner,0.270,0.464,0.173,0.118,0.00
1868,Pursuer,0.270,0.464,0.142,0.136,0.00
1869,Runner,0.270,0.464,0.144,0.158,0.00
1870,Pursuer,0.270,0.464,0.122,0.145,0.00
1871,Pursuer,0.270,0.464,0.140,0.147,0.00
1872,Runner,0.270,0.464,0.161,0.156,0.44
1873,Runner,0.271,0.464,0.152,0.172,3.98
1874,Pursuer,0.271,0.464,0.000,0.000,0.00
1875,Pursuer,0.270,0.465,0.134,0.148,0.00
1876,Pursuer,0.270,0.465,0.134,0.146,0.00
1877,Runner,0.271,0.465,0.146,0.161,4.44
1878,Runner,0.271,0.464,0.152,0.141,0.00
1879,Runner,0.271,0.464,0.149,0.147,6.32
1880,Pursuer,0.271,0.464,0.142,0.164,0.00
1881,Runner,0.272,0.464,0.125,0.217,0.00
1882,Runner,0.272,0.464,0.141,0.147,4.06
1883,Runner,0.272,0.464,0.118,0.165,0.48
1884,Runner,0.273,0.463,0.146,0.138,0.88
1885,Runner,0.273,0.463,0.143,0.152,0.86
1886,Pursuer,0.273,0.463,0.130,0.124,0.00
1887,Runner,0.273,0.463,0.148,0.142,5.10
1888,Pursuer,0.273,0.463,0.145,0.185,0.00
1889,Pursuer,0.273,0.464,0.141,0.157,0.00
1890,Pursuer,0.273,0.464,0.143,0.170,0.00
1891,Pursuer,0.273,0.464,0.178,0.143,0.00
1892,Runner,0.273,0.464,0.138,0.153,1.22
1893,Runner,0.274,0.464,0.140,0.150,0.00
1894,Pursuer,0.273,0.464,0.189,0.106,0.00
1895,Pursuer,0.273,0.464,0.146,0.150,0.00
1896,Pursuer,0.273,0.465,0.151,0.147,0.00
1897,Pursuer,0.273,0.465,0.135,0.170,0.00
1898,Runner,0.273,0.465,0.112,0.152,0.00
1899,Runner,0.274,0.464,0.123,0.134,3.12
1900,Draw,0.274,0.464,0.147,0.137,10.36
1901,Pursuer,0.274,0.464,0.128,0.133,0.00
1902,Runner,0.274,0.464,0.156,0.166,1.50
1903,Runner,0.274,0.464,0.152,0.153,7.52
1904,Draw,0.274,0.464,0.144,0.134,0.00
1905,Pursuer,0.274,0.464,0.149,0.151,0.00
1906,Draw,0.274,0.464,0.156,0.147,15.90
1907,Runner,0.274,0.464,0.137,0.167,0.00
1908,Pursuer,0.274,0.464,0.154,0.167,0.00
1909,Pursuer,0.274,0.464,0.111,0.112,0.00
1910,Runner,0.274,0.464,0.140,0.149,1.88
1911,Pursuer,0.274,0.464,0.147,0.145,0.00
1912,Pursuer,0.274,0.464,0.149,0.141,0.00
1913,Pursuer,0.274,0.465,0.147,0.176,0.00
1914,Pursuer,0.274,0.465,0.132,0.132,0.00
1915,Pursuer,0.274,0.465,0.124,0.148,0.00
1916,Pursuer,0.273,0.466,0.121,0.144,0.00
1917,Runner,0.274,0.465,0.000,0.000,0.00
1918,Draw,0.274,0.465,0.150,0.157,0.28
1919,Runner,0.274,0.465,0.114,0.142,0.34
1920,Runner,0.274,0.465,0.139,0.153,3.58
1921,Runner,0.275,0.464,0.143,0.131,0.00
1922,Pursuer,0.275,0.465,0.154,0.147,0.00
1923,Pursuer,0.275,0.465,0.152,0.146,0.00
1924,Pursuer,0.274,0.465,0.138,0.148,0.00
1925,Runner,0.275,0.465,0.131,0.151,1.98
1926,Pursuer,0.275,0.465,0.145,0.135,0.00
1927,Pursuer,0.275,0.465,0.141,0.158,0.00
1928,Runner,0.275,0.465,0.151,0.161,0.00
1929,Runner,0.275,0.465,0.147,0.148,0.00
1930,Pursuer,0.275,0.465,0.153,0.144,0.00
1931,Runner,0.276,0.465,0.178,0.208,0.06
1932,Pursuer,0.275,0.465,0.159,0.155,0.00
1933,Runner,0.276,0.465,0.151,0.137,1.18
1934,Runner,0.276,0.465,0.151,0.144,3.84
1935,Runner,0.276,0.465,0.154,0.138,0.00
1936,Pursuer,0.276,0.465,0.147,0.165,0.00
1937,Draw,0.276,0.465,0.149,0.149,12.40
1938,Runner,0.277,0.464,0.151,0.173,0.00
1939,Pursuer,0.276,0.465,0.149,0.147,0.00
1940,Pursuer,0.276,0.465,0.121,0.113,0.00
1941,Pursuer,0.276,0.465,0.128,0.133,0.00
1942,Pursuer,0.276,0.465,0.145,0.133,0.00
1943,Draw,0.276,0.465,0.134,0.153,19.98
1944,Runner,0.276,0.465,0.159,0.133,1.02
1945,Pursuer,0.276,0.465,0.127,0.163,0.00
1946,Pursuer,0.276,0.466,0.139,0.149,0.00
1947,Pursuer,0.276,0.466,0.166,0.150,0.00
1948,Pursuer,0.276,0.466,0.138,0.149,0.00
1949,Pursuer,0.276,0.466,0.010,0.061,0.00
1950,Pursuer,0.275,0.467,0.146,0.147,0.00
1951,Draw,0.275,0.466,0.144,0.148,9.76
1952,Pursuer,0.275,0.467,0.126,0.155,0.00
1953,Pursuer,0.275,0.467,0.176,0.133,0.00
1954,Runner,0.275,0.467,0.142,0.146,9.12
1955,Runner,0.276,0.466,0.149,0.137,0.00
1956,Pursuer,0.276,0.467,0.149,0.149,0.00
1957,Runner,0.276,0.467,0.159,0.112,1.16
1958,Pursuer,0.276,0.467,0.137,0.159,0.00
1959,Runner,0.276,0.467,0.184,0.145,0.00
1960,Pursuer,0.276,0.467,0.187,0.165,0.00
1961,Draw,0.276,0.467,0.149,0.150,2.20
1962,Runner,0.276,0.466,0.119,0.141,3.14
1963,Runner,0.277,0.466,0.156,0.170,0.00
1964,Pursuer,0.276,0.466,0.128,0.196,0.00
1965,Pursuer,0.276,0.467,0.161,0.146,0.00
1966,Runner,0.277,0.466,0.133,0.149,1.62
1967,Draw,0.277,0.466,0.140,0.144,1.58
1968,Pursuer,0.276,0.466,0.000,0.000,0.00
1969,Pursuer,0.276,0.467,0.153,0.136,0.00
1970,Runner,0.277,0.466,0.174,0.164,0.00
1971,Pursuer,0.277,0.467,0.129,0.136,0.00
1972,Runner,0.277,0.467,0.139,0.136,5.68
1973,Runner,0.277,0.466,0.147,0.101,0.00
1974,Runner,0.278,0.466,0.148,0.134,0.00
1975,Pursuer,0.277,0.466,0.137,0.152,0.00
1976,Runner,0.278,0.466,0.129,0.137,13.20
1977,Runner,0.278,0.466,0.161,0.143,0.00
1978,Pursuer,0.278,0.466,0.124,0.169,0.00
1979,Runner,0.278,0.466,0.143,0.145,8.96
1980,Runner,0.279,0.466,0.115,0.127,1.38
1981,Pursuer,0.279,0.466,0.154,0.146,0.00
1982,Runner,0.279,0.466,0.153,0.139,0.12
1983,Runner,0.279,0.465,0.133,0.130,0.00
1984,Pursuer,0.279,0.466,0.153,0.153,0.00
1985,Pursuer,0.279,0.466,0.145,0.164,0.00
1986,Pursuer,0.279,0.466,0.141,0.149,0.00
1987,Pursuer,0.279,0.467,0.168,0.144,0.00
1988,Runner,0.279,0.466,0.140,0.167,0.00
1989,Runner,0.280,0.466,0.127,0.150,1.36
1990,Runner,0.280,0.466,0.143,0.141,3.80
1991,Pursuer,0.280,0.466,0.165,0.140,0.00
1992,Pursuer,0.280,0.466,0.131,0.148,0.00
1993,Pursuer,0.279,0.467,0.134,0.123,0.00
1994,Pursuer,0.279,0.467,0.150,0.171,0.00
1995,Pursuer,0.279,0.467,0.148,0.142,0.00
1996,Draw,0.279,0.467,0.138,0.146,5.00
1997,Pursuer,0.279,0.467,0.000,0.000,0.00
1998,Runner,0.279,0.467,0.141,0.150,0.00
1999,Runner,0.280,0.467,0.123,0.156,3.36
2000,Pursuer,0.280,0.467,0.144,0.129,0.00
2001,Runner,0.280,0.467,0.125,0.137,0.42
2002,Pursuer,0.280,0.467,0.132,0.143,0.00
2003,Pursuer,0.280,0.467,0.168,0.140,0.00
2004,Runner,0.280,0.467,0.139,0.127,0.00
2005,Runner,0.280,0.467,0.101,0.153,0.00
2006,Pursuer,0.280,0.467,0.152,0.163,0.00
2007,Runner,0.281,0.467,1.163,0.824,0.00
2008,Runner,0.281,0.467,0.148,0.153,9.40
2009,Runner,0.281,0.466,0.160,0.152,0.00
2010,Pursuer,0.281,0.467,0.145,0.145,0.00
2011,Pursuer,0.281,0.467,0.166,0.144,0.00
2012,Pursuer,0.281,0.467,0.175,0.143,0.00
2013,Runner,0.281,0.467,0.141,0.144,6.84
2014,Pursuer,0.281,0.467,0.137,0.137,0.00
2015,Pursuer,0.281,0.467,0.140,0.157,0.00
2016,Pursuer,0.281,0.468,0.139,0.149,0.00
2017,Pursuer,0.281,0.468,0.145,0.152,0.00
2018,Runner,0.281,0.468,0.134,0.180,0.00
2019,Runner,0.281,0.468,0.139,0.135,0.00
2020,Draw,0.281,0.467,0.153,0.133,3.36
2021,Pursuer,0.281,0.468,0.153,0.057,0.00
2022,Pursuer,0.281,0.468,0.139,0.146,0.00
2023,Pursuer,0.281,0.468,0.133,0.150,0.00
2024,Runner,0.281,0.468,0.135,0.149,0.00
2025,Pursuer,0.281,0.468,0.130,0.152,0.00
2026,Pursuer,0.281,0.468,0.147,0.155,0.00
2027,Pursuer,0.281,0.469,0.082,0.135,0.00
2028,Runner,0.281,0.468,0.151,0.136,6.18
2029,Pursuer,0.281,0.469,0.160,0.145,0.00
2030,Pursuer,0.281,0.469,0.169,0.147,0.00
2031,Runner,0.281,0.469,0.165,0.131,2.18
2032,Runner,0.281,0.469,0.156,0.137,1.32
2033,Pursuer,0.281,0.469,0.144,0.143,0.00
2034,Runner,0.282,0.469,0.148,0.140,4.68
2035,Runner,0.282,0.468,0.160,0.147,0.00
2036,Runner,0.282,0.468,0.110,0.160,2.08
2037,Pursuer,0.282,0.468,0.164,0.144,0.00
2038,Runner,0.283,0.468,0.121,0.144,2.52
2039,Runner,0.283,0.468,0.132,0.148,0.00
2040,Runner,0.283,0.468,0.131,0.132,0.20
2041,Pursuer,0.283,0.468,0.140,0.151,0.00
2042,Runner,0.284,0.468,0.156,0.145,0.00
2043,Runner,0.284,0.467,0.156,0.144,3.40
2044,Pursuer,0.284,0.468,0.148,0.137,0.00
2045,Pursuer,0.284,0.468,0.195,0.057,0.00
2046,Runner,0.284,0.468,0.111,0.128,0.76
2047,Runner,0.284,0.468,0.126,0.150,1.64
2048,Pursuer,0.284,0.468,0.136,0.154,0.00
2049,Runner,0.285,0.468,0.162,0.133,13.04
2050,Pursuer,0.284,0.468,0.080,0.103,0.00
2051,Pursuer,0.284,0.468,0.161,0.153,0.00
2052,Draw,0.284,0.468,0.146,0.148,4.68
2053,Runner,0.284,0.468,0.000,0.000,0.00
2054,Pursuer,0.284,0.468,0.180,0.226,0.00
2055,Pursuer,0.284,0.468,0.154,0.143,0.00
2056,Runner,0.285,0.468,0.150,0.153,0.00
2057,Runner,0.285,0.468,0.160,0.161,1.64
2058,Draw,0.285,0.467,0.137,0.152,5.72
2059,Pursuer,0.285,0.468,0.163,0.077,0.00
2060,Pursuer,0.284,0.468,0.150,0.158,0.00
2061,Pursuer,0.284,0.468,0.146,0.144,0.00
2062,Runner,0.285,0.468,0.123,0.162,1.04
2063,Runner,0.285,0.468,0.135,0.150,0.00
2064,Runner,0.285,0.468,0.149,0.146,3.86
2065,Runner,0.286,0.467,0.138,0.179,0.00
2066,Pursuer,0.286,0.468,0.166,0.140,0.00
2067,Runner,0.286,0.467,0.132,0.107,0.00
2068,Pursuer,0.286,0.468,0.096,0.081,0.00
2069,Pursuer,0.286,0.468,0.129,0.150,0.00
2070,Pursuer,0.286,0.468,0.119,0.137,0.00
2071,Pursuer,0.285,0.468,0.143,0.144,0.00
2072,Runner,0.286,0.468,0.157,0.109,1.90
2073,Pursuer,0.286,0.468,0.143,0.153,0.00
2074,Draw,0.285,0.468,0.140,0.138,5.26
2075,Runner,0.286,0.468,0.000,0.000,0.00
2076,Runner,0.286,0.468,0.152,0.125,0.00
2077,Pursuer,0.286,0.468,0.182,0.142,0.00
2078,Runner,0.286,0.468,0.133,0.128,1.92
2079,Pursuer,0.286,0.468,0.148,0.138,0.00
2080,Runner,0.287,0.468,0.129,0.185,0.00
2081,Runner,0.287,0.468,0.153,0.148,0.14
2082,Runner,0.287,0.467,0.128,0.138,0.00
2083,Pursuer,0.287,0.468,0.128,0.148,0.00
2084,Runner,0.287,0.467,0.443,0.386,0.00
2085,Pursuer,0.287,0.468,0.145,0.134,0.00
2086,Pursuer,0.287,0.468,0.143,0.140,0.00
2087,Pursuer,0.287,0.468,0.130,0.140,0.00
2088,Runner,0.287,0.468,0.102,0.141,0.10
2089,Pursuer,0.287,0.468,0.000,0.000,0.00
2090,Pursuer,0.287,0.468,0.135,0.149,0.00
2091,Pursuer,0.287,0.469,0.140,0.123,0.00
2092,Runner,0.287,0.468,0.155,0.130,2.20
2093,Pursuer,0.287,0.469,0.115,0.162,0.00
2094,Pursuer,0.287,0.469,0.129,0.166,0.00
2095,Runner,0.287,0.469,0.141,0.148,2.20
2096,Runner,0.288,0.469,0.136,0.135,2.66
2097,Runner,0.288,0.468,0.144,0.138,1.46
2098,Pursuer,0.288,0.469,0.192,0.131,0.00
2099,Pursuer,0.288,0.469,0.115,0.159,0.00
2100,Runner,0.288,0.469,0.145,0.167,4.20
2101,Runner,0.288,0.468,0.144,0.157,0.00
2102,Runner,0.289,0.468,0.134,0.126,0.00
2103,Pursuer,0.289,0.468,0.000,0.000,0.00
2104,Runner,0.289,0.468,0.138,0.115,0.00
2105,Pursuer,0.289,0.468,0.150,0.142,0.00
2106,Draw,0.289,0.468,0.142,0.128,0.00
2107,Pursuer,0.289,0.468,0.146,0.142,0.00
2108,Runner,0.289,0.468,0.124,0.153,0.00
2109,Runner,0.289,0.468,0.157,0.128,4.54
2110,Pursuer,0.289,0.468,0.157,0.104,0.00
2111,Pursuer,0.289,0.468,0.193,0.140,0.00
2112,Pursuer,0.289,0.469,0.141,0.153,0.00
2113,Pursuer,0.289,0.469,0.153,0.149,0.00
2114,Pursuer,0.289,0.469,0.207,0.164,0.00
2115,Pursuer,0.288,0.470,0.138,0.159,0.00
2116,Pursuer,0.288,0.470,0.144,0.132,0.00
2117,Pursuer,0.288,0.470,0.127,0.117,0.00
2118,Pursuer,0.288,0.470,0.148,0.120,0.00
2119,Pursuer,0.288,0.471,0.222,0.104,0.00
2120,Runner,0.288,0.470,0.131,0.148,0.44
2121,Pursuer,0.288,0.471,0.156,0.147,0.00
2122,Pursuer,0.288,0.471,0.097,0.050,0.00
2123,Draw,0.288,0.471,0.136,0.145,5.28
2124,Pursuer,0.288,0.471,0.145,0.140,0.00
2125,Pursuer,0.288,0.471,0.141,0.152,0.00
2126,Pursuer,0.287,0.471,0.157,0.146,0.00
2127,Runner,0.288,0.471,0.139,0.124,0.00
2128,Pursuer,0.288,0.471,0.142,0.133,0.00
2129,Pursuer,0.287,0.472,0.148,0.142,0.00
2130,Pursuer,0.287,0.472,0.134,0.163,0.00
2131,Pursuer,0.287,0.472,0.129,0.135,0.00
2132,Pursuer,0.287,0.472,0.118,0.112,0.00
2133,Runner,0.287,0.472,0.154,0.144,8.80
2134,Runner,0.288,0.472,0.166,0.180,1.58
2135,Runner,0.288,0.472,0.152,0.141,3.44
2136,Pursuer,0.288,0.472,0.205,0.180,0.00
2137,Pursuer,0.288,0.472,0.148,0.131,0.00
2138,Runner,0.288,0.472,0.149,0.136,5.40
2139,Pursuer,0.288,0.472,0.187,0.294,0.00
2140,Pursuer,0.288,0.472,0.080,0.047,0.00
2141,Pursuer,0.288,0.473,0.137,0.149,0.00
2142,Pursuer,0.288,0.473,0.153,0.139,0.00
2143,Runner,0.288,0.473,0.143,0.137,0.00
2144,Runner,0.288,0.472,0.143,0.160,0.00
2145,Pursuer,0.288,0.473,0.154,0.137,0.00
2146,Runner,0.288,0.473,0.137,0.128,0.34
2147,Draw,0.288,0.472,0.146,0.147,0.00
2148,Pursuer,0.288,0.473,0.144,0.118,0.00
2149,Pursuer,0.288,0.473,0.157,0.148,0.00
2150,Pursuer,0.288,0.473,0.152,0.159,0.00
2151,Runner,0.288,0.473,0.184,0.165,1.16
2152,Pursuer,0.288,0.473,0.000,0.000,0.00
2153,Runner,0.288,0.473,0.137,0.143,0.00
2154,Pursuer,0.288,0.473,0.133,0.148,0.00
2155,Pursuer,0.288,0.473,0.123,0.116,0.00
2156,Runner,0.288,0.473,0.131,0.166,0.00
2157,Pursuer,0.288,0.473,0.140,0.154,0.00
2158,Runner,0.289,0.473,0.161,0.138,0.00
2159,Runner,0.289,0.473,0.144,0.157,0.00
2160,Pursuer,0.289,0.473,0.138,0.150,0.00
2161,Runner,0.289,0.473,0.149,0.123,0.00
2162,Pursuer,0.289,0.473,0.145,0.145,0.00
2163,Pursuer,0.289,0.473,0.105,0.164,0.00
2164,Pursuer,0.289,0.474,0.130,0.138,0.00
2165,Runner,0.289,0.473,0.108,0.150,0.06
2166,Runner,0.289,0.473,0.172,0.165,0.16
2167,Pursuer,0.289,0.473,0.145,0.140,0.00
2168,Pursuer,0.289,0.474,0.130,0.133,0.00
2169,Runner,0.290,0.473,0.135,0.148,1.82
2170,Pursuer,0.289,0.474,0.122,0.152,0.00
2171,Pursuer,0.289,0.474,0.150,0.145,0.00
2172,Runner,0.290,0.474,0.122,0.145,0.00
2173,Runner,0.290,0.474,0.169,0.160,0.00
2174,Runner,0.290,0.473,0.172,0.144,2.74
2175,Pursuer,0.290,0.474,0.112,0.132,0.00
2176,Runner,0.290,0.473,0.181,0.138,2.40
2177,Pursuer,0.290,0.474,0.147,0.137,0.00
2178,Pursuer,0.290,0.474,0.136,0.162,0.00
2179,Pursuer,0.290,0.474,0.092,0.116,0.00
2180,Pursuer,0.290,0.474,0.138,0.131,0.00
2181,Runner,0.290,0.474,0.000,0.000,0.00
2182,Runner,0.291,0.474,0.119,0.146,0.00
2183,Pursuer,0.290,0.474,0.110,0.088,0.00
2184,Runner,0.291,0.474,0.134,0.146,0.00
2185,Runner,0.291,0.474,0.155,0.133,0.00
2186,Runner,0.291,0.473,0.145,0.135,1.10
2187,Draw,0.291,0.473,0.147,0.142,10.18
2188,Runner,0.292,0.473,0.152,0.137,8.08
2189,Runner,0.292,0.473,0.136,0.127,4.66
2190,Pursuer,0.292,0.473,0.137,0.207,0.00
2191,Runner,0.292,0.473,0.120,0.129,2.48
2192,Runner,0.292,0.473,0.138,0.128,4.62
2193,Runner,0.293,0.472,0.139,0.140,1.04
2194,Runner,0.293,0.472,0.146,0.148,3.12
2195,Pursuer,0.293,0.472,0.791,0.631,0.00
2196,Pursuer,0.293,0.473,0.150,0.142,0.00
2197,Runner,0.293,0.472,0.159,0.126,3.40
2198,Pursuer,0.293,0.473,0.000,0.000,0.00
2199,Runner,0.293,0.472,0.000,0.000,0.00
2200,Pursuer,0.293,0.473,0.159,0.161,0.00
2201,Runner,0.294,0.473,0.158,0.115,0.00
2202,Pursuer,0.293,0.473,0.000,0.000,0.00
2203,Pursuer,0.293,0.473,0.164,0.157,0.00
2204,Runner,0.294,0.473,0.000,0.000,0.00
2205,Runner,0.294,0.473,0.158,0.151,3.48
2206,Runner,0.294,0.472,0.162,0.117,1.78
2207,Pursuer,0.294,0.473,0.138,0.098,0.00
2208,Pursuer,0.294,0.473,0.159,0.135,0.00
2209,Pursuer,0.294,0.473,0.153,0.174,0.00
2210,Runner,0.294,0.473,0.148,0.148,11.00
2211,Pursuer,0.294,0.473,0.125,0.158,0.00
2212,Pursuer,0.294,0.473,0.157,0.151,0.00
2213,Runner,0.294,0.473,0.132,0.116,0.00
2214,Draw,0.294,0.473,0.155,0.142,0.00
2215,Runner,0.294,0.473,0.147,0.145,0.00
2216,Pursuer,0.294,0.473,0.037,0.156,0.00
2217,Runner,0.295,0.473,0.143,0.129,0.00
2218,Pursuer,0.294,0.473,0.000,0.000,0.00
2219,Pursuer,0.294,0.473,0.157,0.126,0.00
2220,Pursuer,0.294,0.473,0.155,0.151,0.00
2221,Runner,0.294,0.473,0.145,0.147,7.42
2222,Runner,0.295,0.473,0.163,0.145,0.00
2223,Runner,0.295,0.473,0.138,0.171,0.00
2224,Pursuer,0.295,0.473,0.152,0.165,0.00
2225,Runner,0.295,0.473,0.116,0.144,0.00
2226,Draw,0.295,0.473,0.135,0.149,15.06
2227,Runner,0.295,0.472,0.144,0.133,0.00
2228,Runner,0.296,0.472,0.138,0.149,6.48
2229,Runner,0.296,0.472,0.156,0.138,1.54
2230,Pursuer,0.296,0.472,0.162,0.155,0.00
2231,Runner,0.296,0.472,0.141,0.149,0.00
2232,Draw,0.296,0.472,0.155,0.154,13.26
2233,Runner,0.296,0.472,0.119,0.114,0.00
2234,Runner,0.297,0.471,0.173,0.132,0.00
2235,Runner,0.297,0.471,0.143,0.142,0.26
2236,Runner,0.297,0.471,0.179,0.341,0.00
2237,Pursuer,0.297,0.471,0.101,0.135,0.00
2238,Runner,0.298,0.471,0.139,0.131,4.28
2239,Runner,0.298,0.471,0.145,0.142,6.06
2240,Pursuer,0.298,0.471,0.116,0.138,0.00
2241,Draw,0.298,0.471,0.148,0.139,1.76
2242,Runner,0.298,0.471,0.171,0.147,0.00
2243,Runner,0.298,0.470,0.160,0.119,0.00
2244,Pursuer,0.298,0.471,0.144,0.137,0.00
2245,Pursuer,0.298,0.471,0.133,0.150,0.00
2246,Pursuer,0.298,0.471,0.172,0.166,0.00
2247,Runner,0.298,0.471,0.101,0.133,0.00
2248,Pursuer,0.298,0.471,0.147,0.089,0.00
2249,Pursuer,0.298,0.471,0.134,0.148,0.00
2250,Runner,0.298,0.471,0.138,0.138,3.18
2251,Runner,0.299,0.471,0.129,0.133,3.06
2252,Pursuer,0.298,0.471,0.139,0.159,0.00
2253,Runner,0.299,0.471,0.141,0.145,1.44
2254,Runner,0.299,0.471,0.159,0.159,0.00
2255,Pursuer,0.299,0.471,0.000,0.000,0.00
2256,Draw,0.299,0.471,0.136,0.143,11.10
2257,Pursuer,0.299,0.471,0.137,0.145,0.00
2258,Runner,0.299,0.471,0.826,0.317,0.02
2259,Runner,0.299,0.471,0.153,0.119,0.46
2260,Runner,0.300,0.470,0.144,0.145,4.60
2261,Pursuer,0.299,0.471,0.148,0.141,0.00
2262,Runner,0.300,0.470,0.129,0.138,0.00
2263,Pursuer,0.300,0.471,0.151,0.129,0.00
2264,Pursuer,0.299,0.471,0.130,0.124,0.00
2265,Pursuer,0.299,0.471,0.120,0.198,0.00
2266,Runner,0.300,0.471,0.137,0.141,2.70
2267,Runner,0.300,0.471,0.148,0.137,0.00
2268,Runner,0.300,0.470,0.151,0.160,2.46
2269,Pursuer,0.300,0.471,0.162,0.151,0.00
2270,Pursuer,0.300,0.471,0.153,0.139,0.00
2271,Runner,0.300,0.471,0.137,0.139,5.16
2272,Pursuer,0.300,0.471,0.151,0.143,0.00
2273,Runner,0.300,0.471,0.136,0.150,0.00
2274,Pursuer,0.300,0.471,0.176,0.446,0.00
2275,Runner,0.301,0.471,0.160,0.174,3.50
2276,Pursuer,0.301,0.471,0.161,0.140,0.00
2277,Pursuer,0.300,0.471,0.167,0.127,0.00
2278,Runner,0.301,0.471,0.146,0.139,3.28
2279,Pursuer,0.301,0.471,0.000,0.000,0.00
2280,Runner,0.301,0.471,0.132,0.140,0.82
2281,Runner,0.301,0.471,0.135,0.143,0.26
2282,Runner,0.301,0.471,0.154,0.140,0.88
2283,Runner,0.302,0.470,0.107,0.145,0.00
2284,Pursuer,0.302,0.471,0.185,0.221,0.00
2285,Pursuer,0.302,0.471,0.156,0.133,0.00
2286,Pursuer,0.301,0.471,0.156,0.143,0.00
2287,Runner,0.302,0.471,0.137,0.151,6.62
2288,Runner,0.302,0.471,0.148,0.132,0.00
2289,Runner,0.302,0.471,0.180,0.159,0.00
2290,Runner,0.303,0.470,0.137,0.139,7.64
2291,Runner,0.303,0.470,0.157,0.143,0.28
2292,Pursuer,0.303,0.470,0.144,0.117,0.00
2293,Runner,0.303,0.470,0.156,0.144,0.00
2294,Pursuer,0.303,0.470,0.139,0.109,0.00
2295,Runner,0.303,0.470,0.155,0.123,1.16
2296,Runner,0.304,0.470,0.129,0.129,3.12
2297,Runner,0.304,0.470,0.147,0.132,1.06
2298,Draw,0.304,0.470,0.131,0.136,9.02
2299,Runner,0.304,0.469,0.145,0.153,4.76
2300,Pursuer,0.304,0.470,0.150,0.146,0.00
2301,Runner,0.304,0.469,0.151,0.130,0.00
2302,Runner,0.305,0.469,0.137,0.137,1.50
2303,Pursuer,0.304,0.469,0.145,0.142,0.00
2304,Pursuer,0.304,0.470,0.146,0.155,0.00
2305,Runner,0.305,0.469,0.142,0.143,2.38
2306,Runner,0.305,0.469,0.141,0.145,9.46
2307,Draw,0.305,0.469,0.151,0.135,7.32
2308,Pursuer,0.305,0.469,0.118,0.134,0.00
2309,Runner,0.305,0.469,0.145,0.129,1.90
2310,Pursuer,0.305,0.469,0.088,0.088,0.00
2311,Runner,0.305,0.469,0.155,0.144,5.10
2312,Runner,0.305,0.469,0.164,0.148,2.42
2313,Pursuer,0.305,0.469,0.093,0.076,0.00
2314,Runner,0.306,0.469,0.142,0.156,0.04
2315,Pursuer,0.305,0.469,0.136,0.150,0.00
2316,Runner,0.306,0.469,0.111,0.099,0.00
2317,Runner,0.306,0.469,0.155,0.125,5.28
2318,Pursuer,0.306,0.469,0.161,0.151,0.00
2319,Runner,0.306,0.469,0.151,0.141,7.18
2320,Pursuer,0.306,0.469,0.116,0.118,0.00
2321,Pursuer,0.306,0.469,0.170,0.115,0.00
2322,Runner,0.306,0.469,0.145,0.153,11.76
2323,Pursuer,0.306,0.469,0.123,0.181,0.00
2324,Runner,0.306,0.469,0.000,0.000,0.02
2325,Runner,0.307,0.469,0.133,0.164,6.92
2326,Pursuer,0.307,0.469,0.205,0.778,0.00
2327,Pursuer,0.306,0.469,0.148,0.149,0.00
2328,Runner,0.307,0.469,0.136,0.166,0.00
2329,Pursuer,0.307,0.469,0.132,0.126,0.00
2330,Runner,0.307,0.469,0.290,0.549,0.00
2331,Runner,0.307,0.469,0.143,0.138,4.38
2332,Pursuer,0.307,0.469,0.168,0.144,0.00
2333,Runner,0.307,0.469,0.162,0.146,1.24
2334,Runner,0.308,0.469,0.147,0.131,0.00
2335,Runner,0.308,0.469,0.152,0.119,0.00
2336,Runner,0.308,0.468,0.150,0.142,0.00
2337,Runner,0.309,0.468,0.149,0.161,4.84
2338,Draw,0.308,0.468,0.130,0.142,3.64
2339,Pursuer,0.308,0.468,0.153,0.150,0.00
2340,Pursuer,0.308,0.468,0.161,0.145,0.00
2341,Runner,0.308,0.468,0.149,0.142,0.60
2342,Runner,0.309,0.468,0.149,0.165,8.00
2343,Pursuer,0.309,0.468,0.148,0.145,0.00
2344,Pursuer,0.308,0.468,0.148,0.138,0.00
2345,Pursuer,0.308,0.469,0.142,0.108,0.00
2346,Runner,0.309,0.468,0.142,0.157,0.00
2347,Runner,0.309,0.468,0.098,0.095,0.00
2348,Runner,0.309,0.468,0.156,0.128,0.00
2349,Pursuer,0.309,0.468,0.149,0.127,0.00
2350,Runner,0.309,0.468,0.114,0.148,0.00
2351,Runner,0.310,0.468,0.160,0.143,3.30
2352,Draw,0.310,0.468,0.144,0.135,10.26
2353,Runner,0.310,0.467,0.101,0.057,0.00
2354,Runner,0.310,0.467,0.135,0.145,0.00
2355,Runner,0.310,0.467,0.149,0.137,1.50
2356,Runner,0.311,0.467,0.137,0.132,2.54
2357,Runner,0.311,0.467,0.143,0.138,0.00
2358,Pursuer,0.311,0.467,0.141,0.153,0.00
2359,Runner,0.311,0.467,0.133,0.131,0.00
2360,Runner,0.311,0.467,0.138,0.145,0.30
2361,Pursuer,0.311,0.467,0.126,0.125,0.00
2362,Runner,0.312,0.467,0.152,0.132,0.00
2363,Runner,0.312,0.466,0.124,0.171,0.00
2364,Pursuer,0.312,0.467,0.157,0.143,0.00
2365,Runner,0.312,0.466,0.120,0.123,1.92
2366,Pursuer,0.312,0.467,0.128,0.149,0.00
2367,Pursuer,0.312,0.467,0.150,0.140,0.00
2368,Runner,0.312,0.467,0.164,0.127,2.78
2369,Runner,0.312,0.466,0.170,0.120,0.00
2370,Draw,0.312,0.466,0.150,0.149,13.68
2371,Runner,0.313,0.466,0.138,0.143,0.64
2372,Pursuer,0.312,0.466,0.507,0.455,0.00
2373,Pursuer,0.312,0.466,0.103,0.190,0.00
2374,Pursuer,0.312,0.467,0.143,0.148,0.00
2375,Pursuer,0.312,0.467,0.145,0.143,0.00
2376,Runner,0.312,0.467,0.127,0.138,0.64
2377,Runner,0.313,0.467,0.135,0.162,2.88
2378,Pursuer,0.312,0.467,0.132,0.159,0.00
2379,Pursuer,0.312,0.467,0.115,0.158,0.00
2380,Pursuer,0.312,0.467,0.153,0.145,0.00
2381,Pursuer,0.312,0.467,0.143,0.151,0.00
2382,Runner,0.312,0.467,0.136,0.139,0.00
2383,Runner,0.313,0.467,0.143,0.173,0.00
2384,Pursuer,0.313,0.467,0.194,0.133,0.00
2385,Pursuer,0.312,0.468,0.195,0.099,0.00
2386,Runner,0.313,0.467,0.140,0.147,0.00
2387,Runner,0.313,0.467,0.131,0.125,0.00
2388,Runner,0.313,0.467,0.143,0.137,1.78
2389,Pursuer,0.313,0.467,0.052,0.206,0.00
2390,Runner,0.313,0.467,0.153,0.136,2.46
2391,Runner,0.314,0.467,0.129,0.148,4.10
2392,Runner,0.314,0.467,0.147,0.144,3.64
2393,Pursuer,0.314,0.467,0.154,0.151,0.00
2394,Draw,0.314,0.467,0.134,0.148,0.00
2395,Pursuer,0.314,0.467,0.145,0.141,0.00
2396,Runner,0.314,0.467,0.132,0.172,3.12
2397,Pursuer,0.314,0.467,0.124,0.117,0.00
2398,Runner,0.314,0.467,0.157,0.143,4.68
2399,Pursuer,0.314,0.467,0.124,0.164,0.00
2400,Runner,0.314,0.467,0.142,0.172,2.72
2401,Pursuer,0.314,0.467,0.146,0.175,0.00
2402,Runner,0.314,0.467,0.128,0.128,0.00
2403,Pursuer,0.314,0.467,0.136,0.201,0.00
2404,Draw,0.314,0.467,0.153,0.143,8.50
2405,Runner,0.314,0.467,0.134,0.131,3.04
2406,Runner,0.315,0.466,0.176,0.169,0.00
2407,Pursuer,0.314,0.467,0.121,0.152,0.00
2408,Pursuer,0.314,0.467,0.157,0.136,0.00
2409,Pursuer,0.314,0.467,0.124,0.134,0.00
2410,Runner,0.315,0.467,0.000,0.000,0.00
2411,Runner,0.315,0.467,0.138,0.141,0.80
2412,Pursuer,0.315,0.467,0.145,0.153,0.00
2413,Pursuer,0.315,0.467,0.134,0.137,0.00
2414,Runner,0.315,0.467,0.135,0.126,0.24
2415,Pursuer,0.315,0.467,0.147,0.146,0.00
2416,Runner,0.315,0.467,0.131,0.133,0.00
2417,Pursuer,0.315,0.467,0.147,0.127,0.00
2418,Runner,0.315,0.467,0.145,0.140,3.02
2419,Runner,0.315,0.467,0.134,0.133,0.00
2420,Pursuer,0.315,0.467,0.149,0.135,0.00
2421,Pursuer,0.315,0.467,0.146,0.151,0.00
2422,Runner,0.315,0.467,0.132,0.141,0.02
2423,Pursuer,0.315,0.467,0.162,0.146,0.00
2424,Draw,0.315,0.467,0.148,0.146,10.38
2425,Runner,0.315,0.467,0.129,0.133,0.70
2426,Pursuer,0.315,0.467,0.119,0.144,0.00
2427,Pursuer,0.315,0.467,0.148,0.123,0.00
2428,Runner,0.315,0.467,0.169,0.163,2.26
2429,Draw,0.315,0.467,0.141,0.154,16.26
2430,Runner,0.316,0.467,0.150,0.131,0.00
2431,Runner,0.316,0.466,0.147,0.137,0.52
2432,Pursuer,0.316,0.467,0.133,0.132,0.00
2433,Pursuer,0.316,0.467,0.138,0.140,0.00
2434,Runner,0.316,0.467,0.121,0.193,0.00
2435,Runner,0.316,0.467,0.139,0.101,0.00
2436,Runner,0.317,0.466,0.147,0.148,4.42
2437,Runner,0.317,0.466,0.145,0.162,0.00
2438,Pursuer,0.317,0.466,0.132,0.159,0.00
2439,Draw,0.317,0.466,0.149,0.146,8.50
2440,Draw,0.316,0.466,0.147,0.149,16.66
2441,Runner,0.317,0.466,0.119,0.144,0.00
2442,Pursuer,0.317,0.466,0.159,0.132,0.00
2443,Draw,0.316,0.466,0.142,0.143,12.66
2444,Pursuer,0.316,0.466,0.119,0.142,0.00
2445,Runner,0.317,0.466,0.137,0.122,0.00
2446,Runner,0.317,0.466,0.131,0.182,0.56
2447,Runner,0.317,0.465,0.142,0.134,0.00
2448,Pursuer,0.317,0.466,0.130,0.138,0.00
2449,Runner,0.317,0.465,0.143,0.154,0.00
2450,Pursuer,0.317,0.466,0.152,0.138,0.00
2451,Pursuer,0.317,0.466,0.136,0.150,0.00
2452,Draw,0.317,0.466,0.133,0.146,12.10
2453,Runner,0.317,0.466,0.109,0.143,0.00
2454,Pursuer,0.317,0.466,0.000,0.000,0.00
2455,Pursuer,0.317,0.466,0.152,0.140,0.00
2456,Runner,0.317,0.466,0.136,0.137,0.00
2457,Draw,0.317,0.466,0.152,0.153,16.62
2458,Draw,0.317,0.465,0.151,0.150,7.10
2459,Pursuer,0.317,0.466,0.139,0.142,0.00
2460,Pursuer,0.317,0.466,0.110,0.089,0.00
2461,Pursuer,0.317,0.466,0.138,0.138,0.00
2462,Runner,0.317,0.466,0.138,0.155,5.70
2463,Pursuer,0.317,0.466,0.156,0.154,0.00
2464,Runner,0.317,0.466,0.134,0.154,0.00
2465,Draw,0.317,0.466,0.143,0.155,14.84
2466,Pursuer,0.317,0.466,0.127,0.155,0.00
2467,Pursuer,0.317,0.466,0.149,0.142,0.00
2468,Pursuer,0.316,0.466,0.118,0.153,0.00
2469,Draw,0.316,0.466,0.147,0.155,17.44
2470,Pursuer,0.316,0.466,0.099,0.106,0.00
2471,Runner,0.316,0.466,0.136,0.156,0.00
2472,Pursuer,0.316,0.466,0.167,0.148,0.00
2473,Runner,0.317,0.466,0.161,0.155,3.98
2474,Pursuer,0.316,0.466,0.148,0.158,0.00
2475,Runner,0.317,0.466,0.152,0.170,0.00
2476,Pursuer,0.317,0.466,0.142,0.152,0.00
2477,Pursuer,0.317,0.467,0.122,0.124,0.00
2478,Pursuer,0.316,0.467,0.151,0.137,0.00
2479,Pursuer,0.316,0.467,0.155,0.156,0.00
2480,Pursuer,0.316,0.467,0.157,0.149,0.00
2481,Pursuer,0.316,0.468,0.165,0.155,0.00
2482,Pursuer,0.316,0.468,0.131,0.144,0.00
2483,Pursuer,0.316,0.468,0.156,0.128,0.00
2484,Pursuer,0.316,0.468,0.082,0.179,0.00
2485,Pursuer,0.315,0.468,0.231,0.135,0.00
2486,Pursuer,0.315,0.469,0.124,0.140,0.00
2487,Runner,0.316,0.468,0.137,0.162,0.00
2488,Pursuer,0.316,0.469,0.058,0.166,0.00
2489,Runner,0.316,0.468,0.145,0.154,0.00
2490,Pursuer,0.316,0.469,0.150,0.071,0.00
2491,Runner,0.316,0.468,0.130,0.139,0.00
2492,Pursuer,0.316,0.469,0.160,0.143,0.00
2493,Runner,0.316,0.469,0.145,0.138,3.70
2494,Pursuer,0.316,0.469,0.143,0.132,0.00
2495,Runner,0.316,0.469,0.160,0.142,0.72
2496,Pursuer,0.316,0.469,0.140,0.145,0.00
2497,Pursuer,0.316,0.469,0.097,0.060,0.00
2498,Pursuer,0.316,0.469,0.097,0.102,0.00
2499,Runner,0.316,0.469,0.142,0.150,6.10
2500,Pursuer,0.316,0.469,0.154,0.141,0.00
2501,Runner,0.316,0.469,0.656,0.444,0.02
2502,Pursuer,0.316,0.469,0.125,0.137,0.00
2503,Pursuer,0.316,0.469,0.135,0.209,0.00
2504,Pursuer,0.316,0.470,0.145,0.152,0.00
2505,Runner,0.316,0.469,0.150,0.178,0.00
2506,Pursuer,0.316,0.470,0.073,0.206,0.00
2507,Runner,0.316,0.469,0.169,0.121,1.48
2508,Pursuer,0.316,0.470,0.137,0.149,0.00
2509,Pursuer,0.316,0.470,0.133,0.147,0.00
2510,Runner,0.316,0.470,0.146,0.140,0.00
2511,Runner,0.317,0.470,0.128,0.142,0.00
2512,Pursuer,0.316,0.470,0.369,0.058,0.00
2513,Runner,0.317,0.470,0.136,0.137,11.42
2514,Pursuer,0.317,0.470,0.128,0.151,0.00
2515,Runner,0.317,0.470,0.125,0.137,1.88
2516,Runner,0.317,0.469,0.161,0.134,0.00
2517,Pursuer,0.317,0.470,0.116,0.120,0.00
2518,Pursuer,0.317,0.470,0.148,0.128,0.00
2519,Runner,0.317,0.470,0.176,0.118,0.06
2520,Pursuer,0.317,0.470,0.127,0.153,0.00
2521,Pursuer,0.317,0.470,0.160,0.128,0.00
2522,Runner,0.317,0.470,0.146,0.151,0.02
2523,Runner,0.317,0.470,0.155,0.146,7.20
2524,Pursuer,0.317,0.470,0.223,0.121,0.00
2525,Pursuer,0.317,0.470,0.135,0.171,0.00
2526,Runner,0.317,0.470,0.156,0.119,0.10
2527,Pursuer,0.317,0.470,0.133,0.128,0.00
2528,Runner,0.318,0.470,0.143,0.146,4.10
2529,Runner,0.318,0.470,0.150,0.152,4.24
2530,Runner,0.318,0.470,0.140,0.141,9.14
2531,Runner,0.318,0.469,0.125,0.121,2.24
2532,Pursuer,0.318,0.470,0.137,0.141,0.00
2533,Runner,0.319,0.469,0.146,0.147,0.14
2534,Runner,0.319,0.469,0.146,0.148,3.06
2535,Runner,0.319,0.469,0.163,0.152,1.12
2536,Pursuer,0.319,0.469,0.151,0.137,0.00
2537,Runner,0.319,0.469,0.135,0.161,0.00
2538,Pursuer,0.319,0.469,0.146,0.131,0.00
2539,Pursuer,0.319,0.469,0.142,0.139,0.00
2540,Runner,0.319,0.469,0.125,0.133,2.74
2541,Pursuer,0.319,0.470,0.175,0.153,0.00
2542,Pursuer,0.319,0.470,0.133,0.159,0.00
2543,Pursuer,0.319,0.470,0.141,0.154,0.00
2544,Runner,0.319,0.470,0.143,0.133,2.64
2545,Pursuer,0.319,0.470,0.136,0.141,0.00
2546,Pursuer,0.319,0.470,0.143,0.138,0.00
2547,Runner,0.319,0.470,0.154,0.127,0.00
2548,Pursuer,0.319,0.470,0.116,0.149,0.00
2549,Pursuer,0.319,0.470,0.148,0.161,0.00
2550,Pursuer,0.319,0.471,0.146,0.164,0.00
2551,Pursuer,0.319,0.471,0.142,0.134,0.00
2552,Runner,0.319,0.471,0.150,0.146,3.90
2553,Pursuer,0.319,0.471,0.161,0.152,0.00
2554,Runner,0.319,0.471,0.040,0.054,0.14
2555,Pursuer,0.319,0.471,0.000,0.000,0.00
2556,Pursuer,0.319,0.471,0.128,0.180,0.00
2557,Runner,0.319,0.471,0.144,0.137,0.00
2558,Runner,0.319,0.471,0.150,0.122,0.00
2559,Pursuer,0.319,0.471,0.137,0.139,0.00
2560,Pursuer,0.319,0.471,0.140,0.128,0.00
2561,Runner,0.319,0.471,0.135,0.138,0.00
2562,Runner,0.320,0.471,0.142,0.143,3.24
2563,Pursuer,0.320,0.471,0.138,0.135,0.00
2564,Pursuer,0.319,0.471,0.157,0.176,0.00
2565,Pursuer,0.319,0.471,0.119,0.074,0.00
2566,Pursuer,0.319,0.472,0.142,0.152,0.00
2567,Runner,0.319,0.471,0.147,0.120,0.90
2568,Draw,0.319,0.471,0.144,0.138,9.10
2569,Runner,0.320,0.471,0.114,0.156,0.00
2570,Pursuer,0.319,0.471,0.148,0.145,0.00
2571,Runner,0.320,0.471,0.079,0.122,0.50
2572,Runner,0.320,0.471,0.117,0.150,3.42
2573,Runner,0.320,0.471,0.127,0.136,0.00
2574,Runner,0.321,0.470,0.168,0.160,0.00
2575,Pursuer,0.320,0.471,0.115,0.121,0.00
2576,Runner,0.321,0.470,0.143,0.142,0.00
2577,Pursuer,0.321,0.471,0.149,0.136,0.00
2578,Runner,0.321,0.471,0.126,0.130,0.00
2579,Pursuer,0.321,0.471,0.185,0.110,0.00
2580,Draw,0.321,0.471,0.152,0.148,0.00
2581,Runner,0.321,0.470,0.154,0.142,2.38
2582,Pursuer,0.321,0.471,0.146,0.121,0.00
2583,Runner,0.321,0.470,0.144,0.123,0.00
2584,Runner,0.321,0.470,0.141,0.160,0.00
2585,Pursuer,0.321,0.470,0.168,0.130,0.00
2586,Pursuer,0.321,0.471,0.191,0.127,0.00
2587,Pursuer,0.321,0.471,0.140,0.157,0.00
2588,Draw,0.321,0.471,0.147,0.142,18.12
2589,Pursuer,0.321,0.471,0.156,0.161,0.00
2590,Pursuer,0.320,0.471,0.130,0.140,0.00
2591,Pursuer,0.320,0.471,0.113,0.133,0.00
2592,Runner,0.321,0.471,0.152,0.141,0.00
2593,Runner,0.321,0.471,0.135,0.134,0.00
2594,Runner,0.321,0.471,0.159,0.129,0.02
2595,Runner,0.321,0.471,0.141,0.153,0.84
2596,Runner,0.322,0.470,0.125,0.170,0.72
2597,Runner,0.322,0.470,0.136,0.138,0.00
2598,Pursuer,0.322,0.470,0.137,0.141,0.00
2599,Runner,0.322,0.470,0.142,0.151,0.34
2600,Pursuer,0.322,0.470,0.140,0.144,0.00
2601,Pursuer,0.322,0.471,0.137,0.141,0.00
2602,Runner,0.322,0.470,0.143,0.140,1.62
2603,Draw,0.322,0.470,0.156,0.139,18.84
2604,Pursuer,0.322,0.470,0.127,0.161,0.00
2605,Pursuer,0.322,0.471,0.140,0.165,0.00
2606,Pursuer,0.322,0.471,0.146,0.166,0.00
2607,Pursuer,0.321,0.471,0.130,0.182,0.00
2608,Runner,0.322,0.471,0.127,0.115,0.00
2609,Pursuer,0.322,0.471,0.152,0.148,0.00
2610,Pursuer,0.321,0.471,0.138,0.149,0.00
2611,Runner,0.322,0.471,0.128,0.141,0.00
2612,Runner,0.322,0.471,0.150,0.124,1.10
2613,Runner,0.322,0.471,0.121,0.139,0.00
2614,Runner,0.322,0.471,0.153,0.148,11.84
2615,Runner,0.323,0.470,0.145,0.143,0.00
2616,Pursuer,0.323,0.471,0.145,0.134,0.00
2617,Runner,0.323,0.470,0.176,0.142,4.18
2618,Pursuer,0.323,0.471,0.122,0.154,0.00
2619,Runner,0.323,0.470,0.151,0.127,0.00
2620,Runner,0.323,0.470,0.168,0.097,0.00
2621,Runner,0.324,0.470,0.124,0.145,0.00
2622,Pursuer,0.323,0.470,0.000,0.000,0.00
2623,Runner,0.324,0.470,0.143,0.153,0.00
2624,Runner,0.324,0.470,0.166,0.159,0.00
2625,Runner,0.324,0.470,0.138,0.145,0.36
2626,Pursuer,0.324,0.470,0.153,0.141,0.00
2627,Draw,0.324,0.470,0.148,0.148,17.76
2628,Pursuer,0.324,0.470,0.129,0.122,0.00
2629,Runner,0.324,0.470,0.133,0.147,0.00
2630,Pursuer,0.324,0.470,0.000,0.000,0.00
2631,Pursuer,0.324,0.470,0.155,0.112,0.00
2632,Pursuer,0.324,0.470,0.201,0.271,0.00
2633,Runner,0.324,0.470,0.140,0.156,2.26
2634,Runner,0.324,0.470,0.121,0.156,3.26
2635,Pursuer,0.324,0.470,0.159,0.126,0.00
2636,Runner,0.324,0.470,0.154,0.100,1.48
2637,Pursuer,0.324,0.470,0.150,0.134,0.00
2638,Runner,0.324,0.470,0.150,0.428,0.00
2639,Runner,0.325,0.470,0.143,0.158,0.00
2640,Runner,0.325,0.470,0.157,0.140,1.46
2641,Pursuer,0.325,0.470,0.150,0.159,0.00
2642,Runner,0.325,0.470,0.144,0.123,0.00
2643,Runner,0.325,0.470,0.137,0.148,9.32
2644,Runner,0.326,0.469,0.162,0.160,3.36
2645,Pursuer,0.326,0.470,0.189,0.125,0.00
2646,Pursuer,0.325,0.470,0.092,0.138,0.00
2647,Pursuer,0.325,0.470,0.132,0.140,0.00
2648,Runner,0.326,0.470,0.143,0.153,0.00
2649,Runner,0.326,0.470,0.149,0.135,1.96
2650,Runner,0.326,0.469,0.127,0.144,0.00
2651,Pursuer,0.326,0.470,0.162,0.132,0.00
2652,Runner,0.326,0.469,0.129,0.138,0.00
2653,Runner,0.326,0.469,0.130,0.141,0.12
2654,Runner,0.327,0.469,0.154,0.141,1.02
2655,Pursuer,0.327,0.469,0.132,0.153,0.00
2656,Runner,0.327,0.469,0.148,0.133,0.42
2657,Runner,0.327,0.469,0.122,0.122,0.94
2658,Pursuer,0.327,0.469,0.137,0.141,0.00
2659,Runner,0.327,0.469,0.162,0.120,0.00
2660,Runner,0.327,0.469,0.162,0.147,3.06
2661,Runner,0.328,0.469,0.138,0.142,0.64
2662,Pursuer,0.328,0.469,0.147,0.147,0.00
2663,Pursuer,0.327,0.469,0.156,0.161,0.00
2664,Pursuer,0.327,0.469,0.154,0.164,0.00
2665,Runner,0.328,0.469,0.179,0.164,2.18
2666,Runner,0.328,0.469,0.154,0.135,5.06
2667,Pursuer,0.328,0.469,0.179,0.133,0.00
2668,Runner,0.328,0.469,0.151,0.147,0.64
2669,Runner,0.328,0.469,0.129,0.146,0.00
2670,Runner,0.328,0.469,0.150,0.134,11.18
2671,Runner,0.329,0.468,0.126,0.136,2.96
2672,Runner,0.329,0.468,0.141,0.138,3.34
2673,Pursuer,0.329,0.468,0.147,0.126,0.00
2674,Pursuer,0.329,0.469,0.178,0.137,0.00
2675,Pursuer,0.329,0.469,0.144,0.147,0.00
2676,Pursuer,0.328,0.469,0.111,0.126,0.00
2677,Runner,0.329,0.469,0.138,0.148,2.46
2678,Runner,0.329,0.469,0.144,0.147,8.60
2679,Runner,0.329,0.468,0.145,0.156,2.08
2680,Runner,0.329,0.468,0.129,0.133,1.02
2681,Runner,0.330,0.468,0.153,0.133,0.00
2682,Runner,0.330,0.468,0.148,0.129,5.52
2683,Pursuer,0.330,0.468,0.161,0.139,0.00
2684,Runner,0.330,0.468,0.147,0.162,0.00
2685,Pursuer,0.330,0.468,0.156,0.130,0.00
2686,Pursuer,0.330,0.468,0.179,0.175,0.00
2687,Pursuer,0.330,0.469,0.129,0.151,0.00
2688,Pursuer,0.330,0.469,0.140,0.169,0.00
2689,Runner,0.330,0.469,0.172,0.094,0.00
2690,Pursuer,0.330,0.469,0.158,0.138,0.00
2691,Pursuer,0.330,0.469,0.151,0.141,0.00
2692,Pursuer,0.329,0.469,0.136,0.129,0.00
2693,Pursuer,0.329,0.469,0.170,0.114,0.00
2694,Pursuer,0.329,0.470,0.140,0.158,0.00
2695,Pursuer,0.329,0.470,0.153,0.154,0.00
2696,Runner,0.329,0.470,0.138,0.160,0.00
2697,Runner,0.330,0.469,0.124,0.160,2.80
2698,Pursuer,0.330,0.470,0.144,0.150,0.00
2699,Pursuer,0.329,0.470,0.137,0.138,0.00
2700,Pursuer,0.329,0.470,0.147,0.148,0.00
2701,Pursuer,0.329,0.470,0.096,0.167,0.00
2702,Pursuer,0.329,0.470,0.176,0.130,0.00
2703,Runner,0.329,0.470,0.152,0.155,0.02
2704,Runner,0.330,0.470,0.147,0.139,1.74
2705,Pursuer,0.329,0.470,0.194,0.170,0.00
2706,Pursuer,0.329,0.470,0.155,0.143,0.00
2707,Runner,0.330,0.470,0.125,0.134,6.04
2708,Runner,0.330,0.470,0.142,0.155,0.24
2709,Runner,0.330,0.470,0.155,0.138,0.68
2710,Pursuer,0.330,0.470,0.148,0.133,0.00
2711,Runner,0.330,0.470,0.141,0.135,0.46
2712,Runner,0.330,0.470,0.176,0.121,2.26
2713,Runner,0.331,0.470,0.131,0.141,0.00
2714,Runner,0.331,0.469,0.149,0.147,1.76
2715,Pursuer,0.331,0.470,0.142,0.149,0.00
2716,Pursuer,0.331,0.470,0.112,0.155,0.00
2717,Pursuer,0.331,0.470,0.159,0.155,0.00
2718,Runner,0.331,0.470,0.130,0.164,0.00
2719,Runner,0.331,0.470,0.153,0.174,2.34
2720,Pursuer,0.331,0.470,0.141,0.169,0.00
2721,Pursuer,0.331,0.470,0.134,0.175,0.00
2722,Pursuer,0.331,0.470,0.145,0.156,0.00
2723,Runner,0.331,0.470,0.114,0.156,2.00
2724,Pursuer,0.331,0.470,0.130,0.136,0.00
2725,Runner,0.331,0.470,0.144,0.158,0.00
2726,Pursuer,0.331,0.470,0.097,0.865,0.00
2727,Runner,0.331,0.470,0.127,0.109,4.28
2728,Runner,0.331,0.470,0.147,0.146,5.38
2729,Draw,0.331,0.470,0.136,0.150,0.00
2730,Pursuer,0.331,0.470,0.152,0.146,0.00
2731,Runner,0.331,0.470,0.145,0.147,2.64
2732,Pursuer,0.331,0.470,0.140,0.232,0.00
2733,Runner,0.332,0.470,0.141,0.161,5.96
2734,Draw,0.331,0.470,0.143,0.149,9.50
2735,Runner,0.332,0.469,0.162,0.140,2.18
2736,Runner,0.332,0.469,0.129,0.142,0.00
2737,Runner,0.332,0.469,0.151,0.134,4.96
2738,Runner,0.332,0.469,0.125,0.141,2.46
2739,Pursuer,0.332,0.469,0.131,0.154,0.00
2740,Runner,0.332,0.469,0.140,0.147,0.00
2741,Runner,0.333,0.469,0.137,0.196,0.00
2742,Runner,0.333,0.469,0.150,0.157,2.74
2743,Pursuer,0.333,0.469,0.138,0.133,0.00
2744,Runner,0.333,0.469,0.159,0.116,0.00
2745,Pursuer,0.333,0.469,0.126,0.173,0.00
2746,Runner,0.333,0.469,0.144,0.165,11.64
2747,Runner,0.333,0.469,0.116,0.133,0.96
2748,Runner,0.334,0.468,0.144,0.127,1.18
2749,Runner,0.334,0.468,0.131,0.167,0.00
2750,Runner,0.334,0.468,0.116,0.280,0.00
2751,Runner,0.334,0.468,0.138,0.153,0.04
2752,Pursuer,0.334,0.468,0.124,0.149,0.00
2753,Runner,0.335,0.468,0.138,0.133,0.00
2754,Pursuer,0.334,0.468,0.132,0.160,0.00
2755,Runner,0.335,0.468,0.122,0.139,0.48
2756,Pursuer,0.335,0.468,0.158,0.153,0.00
2757,Runner,0.335,0.468,0.146,0.142,2.76
2758,Pursuer,0.335,0.468,0.149,0.130,0.00
2759,Runner,0.335,0.468,0.134,0.161,0.00
2760,Runner,0.335,0.468,0.161,0.156,0.96
2761,Draw,0.335,0.468,0.136,0.142,0.00
2762,Runner,0.335,0.467,0.000,0.000,0.00
2763,Pursuer,0.335,0.468,0.000,0.000,0.00
2764,Pursuer,0.335,0.468,0.145,0.142,0.00
2765,Pursuer,0.335,0.468,0.155,0.146,0.00
2766,Pursuer,0.335,0.468,0.148,0.138,0.00
2767,Runner,0.335,0.468,0.134,0.133,1.86
2768,Runner,0.335,0.468,0.142,0.112,0.00
2769,Draw,0.335,0.468,0.148,0.143,0.00
2770,Runner,0.335,0.468,0.148,0.137,0.00
2771,Runner,0.336,0.467,0.150,0.189,1.18
2772,Draw,0.335,0.467,0.156,0.147,1.72
2773,Pursuer,0.335,0.467,0.126,0.087,0.00
2774,Draw,0.335,0.467,0.140,0.152,19.98
2775,Pursuer,0.335,0.467,0.151,0.128,0.00
2776,Runner,0.335,0.467,0.139,0.109,0.00
2777,Runner,0.336,0.467,0.184,0.141,0.00
2778,Pursuer,0.335,0.467,0.125,0.132,0.00
2779,Pursuer,0.335,0.467,0.062,0.036,0.00
2780,Pursuer,0.335,0.468,0.141,0.162,0.00
2781,Runner,0.335,0.467,0.136,0.130,0.00
2782,Pursuer,0.335,0.468,0.141,0.149,0.00
2783,Pursuer,0.335,0.468,0.146,0.137,0.00
2784,Runner,0.335,0.468,0.150,0.133,4.78
2785,Runner,0.336,0.468,0.150,0.130,1.06
2786,Pursuer,0.336,0.468,0.167,0.154,0.00
2787,Pursuer,0.335,0.468,0.139,0.158,0.00
2788,Runner,0.336,0.468,0.140,0.143,11.28
2789,Runner,0.336,0.468,0.093,0.139,0.00
2790,Pursuer,0.336,0.468,0.154,0.147,0.00
2791,Draw,0.336,0.468,0.149,0.143,11.82
2792,Pursuer,0.336,0.468,0.119,0.166,0.00
2793,Draw,0.335,0.468,0.151,0.142,12.72
2794,Pursuer,0.335,0.468,0.137,0.140,0.00
2795,Pursuer,0.335,0.468,0.124,0.136,0.00
2796,Runner,0.335,0.468,0.130,0.146,2.14
2797,Runner,0.336,0.468,0.131,0.154,0.00
2798,Pursuer,0.336,0.468,0.072,0.119,0.00
2799,Runner,0.336,0.468,0.147,0.118,2.22
2800,Pursuer,0.336,0.468,0.139,0.115,0.00
2801,Runner,0.336,0.468,0.113,0.151,0.00
2802,Draw,0.336,0.468,0.147,0.145,8.74
2803,Pursuer,0.336,0.468,0.116,0.167,0.00
2804,Runner,0.336,0.468,0.133,0.170,0.54
2805,Runner,0.336,0.467,0.141,0.154,0.00
2806,Runner,0.336,0.467,0.152,0.167,0.68
2807,Runner,0.337,0.467,0.127,0.121,0.00
2808,Pursuer,0.337,0.467,0.146,0.138,0.00
2809,Runner,0.337,0.467,0.129,0.160,4.62
2810,Runner,0.337,0.467,0.124,0.186,0.00
2811,Pursuer,0.337,0.467,0.000,0.000,0.00
2812,Pursuer,0.337,0.467,0.144,0.147,0.00
2813,Runner,0.337,0.467,0.132,0.149,0.62
2814,Runner,0.337,0.467,0.122,0.166,2.68
2815,Runner,0.337,0.467,0.136,0.132,0.56
2816,Pursuer,0.337,0.467,0.140,0.211,0.00
2817,Pursuer,0.337,0.467,0.162,0.252,0.00
2818,Pursuer,0.337,0.467,0.143,0.135,0.00
2819,Pursuer,0.337,0.468,0.182,0.159,0.00
2820,Pursuer,0.337,0.468,0.142,0.133,0.00
2821,Pursuer,0.337,0.468,0.021,0.150,0.00
2822,Runner,0.337,0.468,0.149,0.153,0.00
2823,Pursuer,0.337,0.468,0.158,0.155,0.00
2824,Runner,0.337,0.468,0.171,0.130,0.00
2825,Pursuer,0.337,0.468,0.228,0.098,0.00
2826,Pursuer,0.337,0.468,0.143,0.131,0.00
2827,Runner,0.337,0.468,0.154,0.135,0.82
2828,Runner,0.337,0.468,0.126,0.141,0.00
2829,Runner,0.338,0.468,0.145,0.139,0.00
2830,Pursuer,0.337,0.468,0.132,0.163,0.00
2831,Runner,0.338,0.468,0.151,0.116,0.00
2832,Runner,0.338,0.468,0.147,0.135,3.82
2833,Runner,0.338,0.467,0.151,0.124,0.00
2834,Runner,0.338,0.467,0.168,0.121,0.48
2835,Pursuer,0.338,0.467,0.127,0.122,0.00
2836,Pursuer,0.338,0.468,0.143,0.161,0.00
2837,Runner,0.338,0.467,0.136,0.140,0.00
2838,Runner,0.339,0.467,0.139,0.127,4.88
2839,Runner,0.339,0.467,0.145,0.178,0.42
2840,Pursuer,0.339,0.467,0.140,0.142,0.00
2841,Pursuer,0.339,0.467,0.157,0.143,0.00
2842,Pursuer,0.338,0.468,0.129,0.102,0.00
2843,Runner,0.339,0.467,0.131,0.133,0.00
2844,Runner,0.339,0.467,0.134,0.150,0.00
2845,Pursuer,0.339,0.467,0.141,0.148,0.00
2846,Pursuer,0.339,0.468,0.162,0.128,0.00
2847,Pursuer,0.339,0.468,0.172,0.149,0.00
2848,Runner,0.339,0.468,0.136,0.165,0.00
2849,Runner,0.339,0.468,0.095,0.082,0.00
2850,Runner,0.339,0.467,0.155,0.147,1.94
2851,Pursuer,0.339,0.468,0.150,0.141,0.00
2852,Runner,0.339,0.467,0.151,0.140,4.98
2853,Draw,0.339,0.467,0.139,0.155,17.06
2854,Runner,0.340,0.467,0.164,0.143,0.40
2855,Runner,0.340,0.467,0.169,0.135,3.12
2856,Runner,0.340,0.467,0.191,0.183,0.00
2857,Pursuer,0.340,0.467,0.128,0.097,0.00
2858,Pursuer,0.340,0.467,0.171,0.145,0.00
2859,Runner,0.340,0.467,0.139,0.126,0.00
2860,Runner,0.340,0.467,0.145,0.146,0.30
2861,Pursuer,0.340,0.467,0.139,0.118,0.00
2862,Runner,0.340,0.467,0.143,0.138,0.00
2863,Pursuer,0.340,0.467,0.129,0.142,0.00
2864,Runner,0.340,0.467,0.146,0.144,0.70
2865,Runner,0.341,0.467,0.147,0.141,0.00
2866,Runner,0.341,0.467,0.091,0.111,0.00
2867,Runner,0.341,0.466,0.130,0.141,6.64
2868,Pursuer,0.341,0.467,0.000,0.000,0.00
2869,Pursuer,0.341,0.467,0.134,0.169,0.00
2870,Pursuer,0.341,0.467,0.114,0.119,0.00
2871,Runner,0.341,0.467,0.144,0.156,4.16
2872,Pursuer,0.341,0.467,0.000,0.000,0.00
2873,Draw,0.341,0.467,0.149,0.143,10.90
2874,Runner,0.341,0.467,0.137,0.176,0.00
2875,Pursuer,0.341,0.467,0.139,0.138,0.00
2876,Pursuer,0.341,0.467,0.151,0.115,0.00
2877,Pursuer,0.341,0.467,0.134,0.127,0.00
2878,Runner,0.341,0.467,0.156,0.145,0.08
2879,Pursuer,0.341,0.467,0.159,0.144,0.00
2880,Pursuer,0.341,0.467,0.142,0.133,0.00
2881,Runner,0.341,0.467,0.144,0.151,0.00
2882,Runner,0.341,0.467,0.151,0.128,0.00
2883,Pursuer,0.341,0.467,0.152,0.161,0.00
2884,Runner,0.341,0.467,0.146,0.137,4.10
2885,Pursuer,0.341,0.467,0.136,0.141,0.00
2886,Runner,0.341,0.467,0.138,0.141,4.34
2887,Pursuer,0.341,0.467,0.171,0.143,0.00
2888,Runner,0.341,0.467,0.116,0.267,0.00
2889,Runner,0.342,0.467,0.136,0.150,0.50
2890,Runner,0.342,0.467,0.134,0.143,0.66
2891,Pursuer,0.342,0.467,0.137,0.131,0.00
2892,Pursuer,0.342,0.467,0.124,0.145,0.00
2893,Pursuer,0.342,0.467,0.150,0.151,0.00
2894,Runner,0.342,0.467,0.146,0.144,7.30
2895,Draw,0.342,0.467,0.143,0.138,0.00
2896,Pursuer,0.342,0.467,0.122,0.144,0.00
2897,Runner,0.342,0.467,0.093,0.151,0.00
2898,Runner,0.342,0.467,0.141,0.141,0.00
2899,Pursuer,0.342,0.467,0.161,0.144,0.00
2900,Runner,0.342,0.467,0.131,0.169,0.00
2901,Pursuer,0.342,0.467,0.148,0.126,0.00
2902,Runner,0.342,0.467,0.152,0.145,0.04
2903,Runner,0.342,0.467,0.140,0.151,8.38
2904,Pursuer,0.342,0.467,0.138,0.156,0.00
2905,Runner,0.343,0.467,0.152,0.133,0.20
2906,Pursuer,0.342,0.467,0.128,0.176,0.00
2907,Pursuer,0.342,0.467,0.134,0.148,0.00
2908,Runner,0.343,0.467,0.111,0.135,0.00
2909,Pursuer,0.342,0.467,0.142,0.143,0.00
2910,Pursuer,0.342,0.467,0.148,0.138,0.00
2911,Runner,0.342,0.467,0.140,0.148,1.02
2912,Runner,0.343,0.467,0.137,0.150,3.18
2913,Pursuer,0.343,0.467,0.130,0.148,0.00
2914,Runner,0.343,0.467,0.135,0.103,0.00
2915,Pursuer,0.343,0.467,0.149,0.144,0.00
2916,Runner,0.343,0.467,0.000,0.000,0.00
2917,Draw,0.343,0.467,0.136,0.136,0.00
2918,Pursuer,0.343,0.467,0.140,0.163,0.00
2919,Pursuer,0.343,0.467,0.188,0.175,0.00
2920,Runner,0.343,0.467,0.000,0.000,0.00
2921,Pursuer,0.343,0.467,0.133,0.140,0.00
2922,Pursuer,0.343,0.467,0.147,0.128,0.00
2923,Runner,0.343,0.467,0.138,0.133,7.16
2924,Pursuer,0.343,0.468,0.143,0.145,0.00
2925,Runner,0.343,0.467,0.171,0.128,2.86
2926,Pursuer,0.343,0.468,0.150,0.189,0.00
2927,Runner,0.343,0.467,0.160,0.137,4.44
2928,Runner,0.343,0.467,0.142,0.151,6.26
2929,Pursuer,0.343,0.467,0.157,0.143,0.00
2930,Pursuer,0.343,0.468,0.132,0.128,0.00
2931,Runner,0.343,0.467,0.080,0.076,0.00
2932,Pursuer,0.343,0.468,0.136,0.130,0.00
2933,Pursuer,0.343,0.468,0.135,0.110,0.00
2934,Runner,0.343,0.468,0.055,0.082,0.08
2935,Pursuer,0.343,0.468,0.140,0.144,0.00
2936,Pursuer,0.343,0.468,0.146,0.150,0.00
2937,Pursuer,0.343,0.468,0.128,0.141,0.00
2938,Runner,0.343,0.468,0.138,0.150,1.32
2939,Runner,0.343,0.468,0.135,0.145,0.00
2940,Pursuer,0.343,0.468,0.142,0.136,0.00
2941,Pursuer,0.343,0.468,0.180,0.218,0.00
2942,Pursuer,0.343,0.468,0.157,0.154,0.00
2943,Pursuer,0.343,0.469,0.123,0.020,0.00
2944,Runner,0.343,0.468,0.150,0.136,0.86
2945,Runner,0.343,0.468,0.130,0.132,0.00
2946,Pursuer,0.343,0.468,0.148,0.150,0.00
2947,Runner,0.343,0.468,0.136,0.136,0.76
2948,Pursuer,0.343,0.468,0.155,0.142,0.00
2949,Pursuer,0.343,0.469,0.149,0.157,0.00
2950,Pursuer,0.343,0.469,0.177,0.159,0.00
2951,Pursuer,0.343,0.469,0.145,0.117,0.00
2952,Runner,0.343,0.469,0.101,0.133,0.00
2953,Pursuer,0.343,0.469,0.594,0.252,0.00
2954,Runner,0.343,0.469,0.151,0.145,0.46
2955,Pursuer,0.343,0.469,0.125,0.149,0.00
2956,Pursuer,0.343,0.469,0.139,0.161,0.00
2957,Runner,0.343,0.469,0.146,0.146,2.18
2958,Runner,0.343,0.469,0.171,0.102,0.00
2959,Runner,0.344,0.469,0.153,0.161,1.36
2960,Pursuer,0.344,0.469,0.146,0.123,0.00
2961,Pursuer,0.343,0.469,0.132,0.140,0.00
2962,Pursuer,0.343,0.469,0.159,0.137,0.00
2963,Pursuer,0.343,0.469,0.150,0.158,0.00
2964,Runner,0.343,0.469,0.136,0.147,0.00
2965,Runner,0.344,0.469,0.119,0.148,2.66
2966,Runner,0.344,0.469,0.144,0.142,4.60
2967,Pursuer,0.344,0.469,0.133,0.142,0.00
2968,Runner,0.344,0.469,0.142,0.123,1.16
2969,Runner,0.344,0.469,0.146,0.132,4.38
2970,Pursuer,0.344,0.469,0.108,0.028,0.00
2971,Pursuer,0.344,0.469,0.160,0.139,0.00
2972,Runner,0.344,0.469,0.125,0.162,1.08
2973,Pursuer,0.344,0.469,0.130,0.132,0.00
2974,Pursuer,0.344,0.469,0.154,0.181,0.00
2975,Pursuer,0.344,0.470,0.123,0.170,0.00
2976,Pursuer,0.344,0.470,0.136,0.150,0.00
2977,Runner,0.344,0.470,0.115,0.152,0.00
2978,Pursuer,0.344,0.470,0.148,0.127,0.00
2979,Pursuer,0.344,0.470,0.161,0.136,0.00
2980,Pursuer,0.344,0.470,0.119,0.136,0.00
2981,Draw,0.344,0.470,0.154,0.130,0.00
2982,Runner,0.344,0.470,0.137,0.131,0.18
2983,Pursuer,0.344,0.470,0.150,0.135,0.00
2984,Pursuer,0.343,0.470,0.126,0.143,0.00
2985,Runner,0.344,0.470,0.139,0.139,6.42
2986,Pursuer,0.344,0.470,0.150,0.125,0.00
2987,Pursuer,0.343,0.470,0.137,0.143,0.00
2988,Runner,0.344,0.470,0.122,0.153,0.00
2989,Pursuer,0.344,0.470,0.123,0.182,0.00
2990,Pursuer,0.343,0.471,0.136,0.140,0.00
2991,Runner,0.344,0.470,0.154,0.132,0.00
2992,Pursuer,0.344,0.471,0.136,0.141,0.00
2993,Pursuer,0.343,0.471,0.072,0.294,0.00
2994,Runner,0.344,0.471,0.145,0.165,0.00
2995,Pursuer,0.344,0.471,0.149,0.123,0.00
2996,Runner,0.344,0.471,0.155,0.133,0.00
2997,Pursuer,0.344,0.471,0.125,0.152,0.00
2998,Pursuer,0.344,0.471,0.147,0.121,0.00
2999,Pursuer,0.343,0.471,0.160,0.148,0.00
3000,Pursuer,0.343,0.471,0.140,0.232,0.00
3001,Pursuer,0.343,0.472,0.155,0.150,0.00
3002,Draw,0.343,0.471,0.134,0.143,16.94
3003,Pursuer,0.343,0.472,0.105,0.168,0.00
3004,Pursuer,0.343,0.472,0.137,0.134,0.00
3005,Pursuer,0.343,0.472,0.145,0.124,0.00
3006,Runner,0.343,0.472,0.156,0.135,3.02
3007,Runner,0.343,0.472,0.178,0.133,0.00
3008,Runner,0.343,0.471,0.131,0.108,0.96
3009,Runner,0.344,0.471,0.067,0.212,0.00
3010,Draw,0.344,0.471,0.138,0.144,14.10
3011,Runner,0.344,0.471,0.146,0.160,2.24
3012,Pursuer,0.344,0.471,0.141,0.144,0.00
3013,Pursuer,0.344,0.471,0.127,0.156,0.00
3014,Pursuer,0.343,0.471,0.134,0.131,0.00
3015,Runner,0.344,0.471,0.121,0.133,1.28
3016,Runner,0.344,0.471,0.150,0.158,0.00
3017,Pursuer,0.344,0.471,0.150,0.132,0.00
3018,Pursuer,0.344,0.472,0.146,0.154,0.00
3019,Pursuer,0.343,0.472,0.155,0.145,0.00
3020,Runner,0.344,0.472,0.184,0.107,0.52
3021,Runner,0.344,0.471,0.134,0.126,0.00
3022,Runner,0.344,0.471,0.104,0.144,0.00
3023,Pursuer,0.344,0.471,0.135,0.134,0.00
3024,Runner,0.344,0.471,0.119,0.147,7.90
3025,Pursuer,0.344,0.471,0.155,0.154,0.00
3026,Pursuer,0.344,0.472,0.152,0.143,0.00
3027,Pursuer,0.344,0.472,0.163,0.129,0.00
3028,Draw,0.344,0.472,0.140,0.144,14.72
3029,Runner,0.344,0.471,0.135,0.141,2.48
3030,Pursuer,0.344,0.472,0.136,0.154,0.00
3031,Pursuer,0.344,0.472,0.134,0.146,0.00
3032,Pursuer,0.344,0.472,0.140,0.124,0.00
3033,Pursuer,0.344,0.472,0.076,0.180,0.00
3034,Pursuer,0.343,0.472,0.127,0.155,0.00
3035,Runner,0.344,0.472,0.127,0.131,5.04
3036,Runner,0.344,0.472,0.147,0.139,8.92
3037,Runner,0.344,0.472,0.135,0.151,0.00
3038,Draw,0.344,0.472,0.136,0.140,17.30
3039,Runner,0.344,0.472,0.137,0.135,2.42
3040,Pursuer,0.344,0.472,0.142,0.151,0.00
3041,Pursuer,0.344,0.472,0.081,0.136,0.00
3042,Runner,0.344,0.472,0.143,0.151,7.64
3043,Pursuer,0.344,0.472,0.073,0.056,0.00
3044,Runner,0.344,0.472,0.127,0.112,0.00
3045,Pursuer,0.344,0.472,0.144,0.149,0.00
3046,Runner,0.344,0.472,0.129,0.139,0.68
3047,Pursuer,0.344,0.472,0.000,0.000,0.00
3048,Runner,0.344,0.472,0.145,0.135,1.30
3049,Pursuer,0.344,0.472,0.156,0.147,0.00
3050,Runner,0.345,0.472,0.128,0.109,0.82
3051,Draw,0.344,0.472,0.148,0.134,14.96
3052,Pursuer,0.344,0.472,0.136,0.148,0.00
3053,Runner,0.345,0.472,0.143,0.126,1.56
3054,Pursuer,0.344,0.472,0.128,0.131,0.00
3055,Pursuer,0.344,0.472,0.136,0.145,0.00
3056,Runner,0.345,0.472,0.139,0.149,2.50
3057,Pursuer,0.344,0.472,0.143,0.146,0.00
3058,Runner,0.345,0.472,0.145,0.184,0.00
3059,Runner,0.345,0.472,0.137,0.141,7.96
3060,Runner,0.345,0.472,0.163,0.146,0.00
3061,Pursuer,0.345,0.472,0.149,0.126,0.00
3062,Runner,0.345,0.472,0.125,0.132,1.72
3063,Pursuer,0.345,0.472,0.134,0.131,0.00
3064,Draw,0.345,0.472,0.138,0.141,15.78
3065,Runner,0.345,0.471,0.185,0.157,0.00
3066,Runner,0.345,0.471,0.149,0.135,4.88
3067,Runner,0.346,0.471,0.146,0.107,1.30
3068,Pursuer,0.346,0.471,0.136,0.120,0.00
3069,Runner,0.346,0.471,0.145,0.136,0.20
3070,Pursuer,0.346,0.471,0.142,0.142,0.00
3071,Runner,0.346,0.471,0.155,0.146,6.54
3072,Pursuer,0.346,0.471,0.137,0.109,0.00
3073,Runner,0.346,0.471,0.151,0.118,6.28
3074,Pursuer,0.346,0.471,0.109,0.144,0.00
3075,Pursuer,0.346,0.472,0.135,0.235,0.00
3076,Runner,0.346,0.471,0.155,0.161,0.08
3077,Runner,0.346,0.471,0.152,0.148,0.00
3078,Runner,0.346,0.471,0.097,0.102,0.00
3079,Runner,0.347,0.471,0.145,0.120,0.86
3080,Runner,0.347,0.471,0.147,0.126,0.00
3081,Runner,0.347,0.471,0.154,0.143,2.50
3082,Pursuer,0.347,0.471,0.137,0.148,0.00
3083,Pursuer,0.347,0.471,0.157,0.160,0.00
3084,Pursuer,0.347,0.471,0.136,0.147,0.00
3085,Pursuer,0.347,0.471,0.139,0.169,0.00
3086,Runner,0.347,0.471,0.149,0.152,0.00
3087,Pursuer,0.347,0.471,0.000,0.000,0.00
3088,Pursuer,0.347,0.472,0.153,0.145,0.00
3089,Pursuer,0.346,0.472,0.118,0.119,0.00
3090,Pursuer,0.346,0.472,0.126,0.156,0.00
3091,Runner,0.346,0.472,0.144,0.150,0.38
3092,Runner,0.347,0.472,0.148,0.142,0.04
3093,Runner,0.347,0.471,0.133,0.150,0.00
3094,Pursuer,0.347,0.472,0.162,0.127,0.00
3095,Runner,0.347,0.471,0.155,0.134,0.26
3096,Pursuer,0.347,0.472,0.000,0.000,0.00
3097,Pursuer,0.347,0.472,0.140,0.157,0.00
3098,Runner,0.347,0.472,0.121,0.145,0.00
3099,Pursuer,0.347,0.472,0.150,0.151,0.00
3100,Runner,0.347,0.472,0.000,0.000,0.00
3101,Pursuer,0.347,0.472,0.000,0.000,0.00
3102,Pursuer,0.347,0.472,0.138,0.152,0.00
3103,Runner,0.347,0.472,0.147,0.142,4.66
3104,Pursuer,0.347,0.472,0.137,0.147,0.00
3105,Runner,0.347,0.472,0.143,0.140,3.30
3106,Pursuer,0.347,0.472,0.144,0.161,0.00
3107,Pursuer,0.347,0.472,0.157,0.139,0.00
3108,Runner,0.347,0.472,0.166,0.111,2.08
3109,Runner,0.347,0.472,0.121,0.139,1.40
3110,Pursuer,0.347,0.472,0.000,0.000,0.00
3111,Pursuer,0.347,0.472,0.126,0.126,0.00
3112,Runner,0.347,0.472,0.141,0.151,0.28
3113,Runner,0.348,0.472,0.148,0.124,2.54
3114,Pursuer,0.347,0.472,0.121,0.128,0.00
3115,Runner,0.348,0.472,0.140,0.136,3.96
3116,Pursuer,0.348,0.472,0.127,0.133,0.00
3117,Pursuer,0.347,0.472,0.105,0.134,0.00
3118,Runner,0.348,0.472,0.000,0.000,0.00
3119,Runner,0.348,0.472,0.131,0.147,3.72
3120,Runner,0.348,0.472,0.150,0.121,0.00
3121,Runner,0.348,0.472,0.150,0.150,5.18
3122,Pursuer,0.348,0.472,0.000,0.000,0.00
3123,Runner,0.348,0.472,0.138,0.143,5.32
3124,Pursuer,0.348,0.472,0.123,0.127,0.00
3125,Pursuer,0.348,0.472,0.237,0.988,0.00
3126,Runner,0.348,0.472,0.142,0.123,3.82
3127,Pursuer,0.348,0.472,0.137,0.133,0.00
3128,Pursuer,0.348,0.472,0.143,0.145,0.00
3129,Draw,0.348,0.472,0.132,0.142,17.82
3130,Runner,0.348,0.472,0.135,0.151,2.66
3131,Pursuer,0.348,0.472,0.130,0.130,0.00
3132,Pursuer,0.348,0.472,0.142,0.141,0.00
3133,Runner,0.348,0.472,0.155,0.133,2.76
3134,Pursuer,0.348,0.472,0.138,0.141,0.00
3135,Pursuer,0.348,0.472,0.118,0.144,0.00
3136,Runner,0.348,0.472,0.115,0.140,0.08
3137,Pursuer,0.348,0.472,0.142,0.138,0.00
3138,Pursuer,0.348,0.473,0.142,0.153,0.00
3139,Runner,0.348,0.472,0.148,0.141,0.00
3140,Runner,0.348,0.472,0.138,0.131,0.00
3141,Runner,0.349,0.472,0.145,0.166,2.08
3142,Runner,0.349,0.472,0.132,0.141,0.96
3143,Pursuer,0.349,0.472,0.138,0.127,0.00
3144,Runner,0.349,0.472,0.146,0.162,2.70
3145,Pursuer,0.349,0.472,0.131,0.127,0.00
3146,Runner,0.349,0.472,0.140,0.131,0.06
3147,Pursuer,0.349,0.472,0.151,0.122,0.00
3148,Runner,0.349,0.472,0.245,0.157,0.00
3149,Pursuer,0.349,0.472,0.145,0.125,0.00
3150,Runner,0.349,0.472,0.136,0.123,0.00
3151,Pursuer,0.349,0.472,0.118,0.151,0.00
3152,Draw,0.349,0.472,0.144,0.142,12.18
3153,Pursuer,0.349,0.472,0.147,0.148,0.00
3154,Pursuer,0.349,0.472,0.134,0.160,0.00
3155,Pursuer,0.349,0.473,0.109,0.135,0.00
3156,Pursuer,0.349,0.473,0.121,0.142,0.00
3157,Pursuer,0.348,0.473,0.138,0.144,0.00
3158,Runner,0.349,0.473,0.133,0.140,2.78
3159,Pursuer,0.349,0.473,0.117,0.141,0.00
3160,Pursuer,0.348,0.473,0.137,0.166,0.00
3161,Runner,0.349,0.473,0.000,0.000,0.00
3162,Runner,0.349,0.473,0.148,0.169,0.00
3163,Runner,0.349,0.473,0.129,0.142,0.00
3164,Pursuer,0.349,0.473,0.163,0.120,0.00
3165,Pursuer,0.349,0.473,0.173,0.150,0.00
3166,Pursuer,0.349,0.473,0.194,0.127,0.00
3167,Pursuer,0.349,0.473,0.139,0.145,0.00
3168,Runner,0.349,0.473,0.146,0.145,0.00
3169,Pursuer,0.349,0.473,0.125,0.155,0.00
3170,Runner,0.349,0.473,0.136,0.136,0.00
3171,Runner,0.349,0.473,0.140,0.127,0.00
3172,Runner,0.349,0.473,0.122,0.122,0.00
3173,Pursuer,0.349,0.473,0.137,0.162,0.00
3174,Draw,0.349,0.473,0.134,0.140,18.96
3175,Runner,0.349,0.473,0.145,0.147,3.38
3176,Runner,0.349,0.473,0.122,0.155,2.00
3177,Pursuer,0.349,0.473,0.124,0.175,0.00
3178,Pursuer,0.349,0.473,0.130,0.143,0.00
3179,Pursuer,0.349,0.473,0.153,0.141,0.00
3180,Runner,0.349,0.473,0.144,0.121,0.00
3181,Runner,0.350,0.473,0.049,0.098,0.08
3182,Pursuer,0.349,0.473,0.166,0.151,0.00
3183,Runner,0.350,0.473,0.154,0.136,0.00
3184,Runner,0.350,0.473,0.139,0.152,0.02
3185,Runner,0.350,0.473,0.140,0.154,3.62
3186,Runner,0.350,0.472,0.180,0.141,0.00
3187,Pursuer,0.350,0.473,0.000,0.000,0.00
3188,Pursuer,0.350,0.473,0.134,0.139,0.00
3189,Runner,0.350,0.473,0.150,0.151,0.00
3190,Pursuer,0.350,0.473,0.162,0.139,0.00
3191,Runner,0.350,0.473,0.154,0.149,0.56
3192,Runner,0.351,0.472,0.139,0.143,0.14
3193,Pursuer,0.350,0.473,0.153,0.140,0.00
3194,Pursuer,0.350,0.473,0.136,0.156,0.00
3195,Pursuer,0.350,0.473,0.157,0.152,0.00
3196,Runner,0.350,0.473,0.132,0.126,1.88
3197,Runner,0.351,0.473,0.156,0.142,0.72
3198,Draw,0.351,0.472,0.145,0.142,12.76
3199,Pursuer,0.350,0.473,0.125,0.145,0.00
3200,Runner,0.351,0.473,0.131,0.117,0.30
3201,Runner,0.351,0.472,0.112,0.139,1.98
3202,Pursuer,0.351,0.473,0.938,0.219,0.00
3203,Pursuer,0.351,0.473,0.148,0.148,0.00
3204,Draw,0.350,0.473,0.140,0.152,16.94
3205,Pursuer,0.350,0.473,0.125,0.129,0.00
3206,Draw,0.350,0.473,0.141,0.146,15.46
3207,Runner,0.350,0.472,0.153,0.156,8.18
3208,Runner,0.351,0.472,0.126,0.137,2.42
3209,Pursuer,0.351,0.472,0.145,0.145,0.00
3210,Draw,0.350,0.472,0.154,0.149,9.10
3211,Runner,0.351,0.472,0.000,0.000,0.00
3212,Pursuer,0.351,0.472,0.145,0.145,0.00
3213,Pursuer,0.350,0.472,0.138,0.129,0.00
3214,Pursuer,0.350,0.473,0.126,0.122,0.00
3215,Pursuer,0.350,0.473,0.163,0.132,0.00
3216,Runner,0.350,0.473,0.142,0.147,1.10
3217,Runner,0.351,0.472,0.129,0.140,0.00
3218,Runner,0.351,0.472,0.117,0.148,2.18
3219,Draw,0.351,0.472,0.132,0.147,10.42
3220,Pursuer,0.351,0.472,0.133,0.129,0.00
3221,Pursuer,0.351,0.473,0.216,0.213,0.00
3222,Pursuer,0.350,0.473,0.154,0.141,0.00
3223,Runner,0.351,0.473,0.126,0.117,0.00
3224,Pursuer,0.350,0.473,0.169,0.158,0.00
3225,Pursuer,0.350,0.473,0.141,0.158,0.00
3226,Runner,0.351,0.473,0.161,0.139,0.00
3227,Runner,0.351,0.473,0.145,0.178,0.00
3228,Pursuer,0.351,0.473,0.000,0.000,0.00
3229,Runner,0.351,0.473,0.148,0.126,0.00
3230,Pursuer,0.351,0.473,0.141,0.131,0.00
3231,Pursuer,0.351,0.473,0.132,0.140,0.00
3232,Runner,0.351,0.473,0.139,0.133,0.22
3233,Draw,0.351,0.473,0.148,0.132,15.56
3234,Pursuer,0.351,0.473,0.141,0.130,0.00
3235,Runner,0.351,0.473,0.144,0.106,2.42
3236,Pursuer,0.351,0.473,0.000,0.000,0.00
3237,Pursuer,0.351,0.473,0.154,0.131,0.00
3238,Runner,0.351,0.473,0.142,0.143,4.32
3239,Runner,0.351,0.473,0.154,0.113,0.00
3240,Pursuer,0.351,0.473,0.144,0.144,0.00
3241,Draw,0.351,0.473,0.146,0.131,0.00
3242,Pursuer,0.351,0.473,0.115,0.142,0.00
3243,Pursuer,0.351,0.473,0.134,0.147,0.00
3244,Runner,0.351,0.473,0.133,0.136,5.12
3245,Runner,0.351,0.473,0.149,0.188,0.00
3246,Pursuer,0.351,0.473,0.150,0.132,0.00
3247,Runner,0.351,0.473,0.143,0.151,0.00
3248,Runner,0.351,0.473,0.137,0.136,0.00
3249,Runner,0.351,0.472,0.159,0.139,0.00
3250,Pursuer,0.351,0.473,0.141,0.139,0.00
3251,Runner,0.352,0.472,0.087,0.110,0.00
3252,Runner,0.352,0.472,0.122,0.143,0.00
3253,Pursuer,0.352,0.472,0.140,0.165,0.00
3254,Pursuer,0.352,0.473,0.127,0.163,0.00
3255,Pursuer,0.351,0.473,0.126,0.057,0.00
3256,Pursuer,0.351,0.473,0.147,0.166,0.00
3257,Pursuer,0.351,0.473,0.143,0.138,0.00
3258,Pursuer,0.351,0.473,0.160,0.101,0.00
3259,Pursuer,0.351,0.473,0.147,0.134,0.00
3260,Runner,0.351,0.473,0.116,0.153,0.50
3261,Runner,0.351,0.473,0.139,0.154,4.22
3262,Pursuer,0.351,0.473,0.142,0.150,0.00
3263,Pursuer,0.351,0.473,0.061,0.071,0.00
3264,Pursuer,0.351,0.474,0.136,0.157,0.00
3265,Pursuer,0.351,0.474,0.136,0.135,0.00
3266,Pursuer,0.351,0.474,0.206,0.126,0.00
3267,Runner,0.351,0.474,0.142,0.117,0.38
3268,Runner,0.351,0.474,0.145,0.146,0.00
3269,Runner,0.351,0.474,0.149,0.126,0.00
3270,Runner,0.352,0.473,0.158,0.143,1.98
3271,Runner,0.352,0.473,0.132,0.129,2.26
3272,Pursuer,0.352,0.473,0.136,0.142,0.00
3273,Pursuer,0.352,0.474,0.123,0.139,0.00
3274,Runner,0.352,0.473,0.190,0.109,0.00
3275,Pursuer,0.352,0.474,0.148,0.147,0.00
3276,Runner,0.352,0.473,0.135,0.136,1.00
3277,Runner,0.352,0.473,0.148,0.128,6.98
3278,Runner,0.352,0.473,0.152,0.161,2.58
3279,Pursuer,0.352,0.473,0.132,0.146,0.00
3280,Runner,0.352,0.473,0.128,0.145,3.40
3281,Pursuer,0.352,0.473,0.144,0.142,0.00
3282,Pursuer,0.352,0.473,0.140,0.139,0.00
3283,Pursuer,0.352,0.474,0.120,0.133,0.00
3284,Pursuer,0.352,0.474,0.186,0.365,0.00
3285,Pursuer,0.352,0.474,0.145,0.134,0.00
3286,Pursuer,0.352,0.474,0.143,0.144,0.00
3287,Pursuer,0.352,0.474,0.143,0.140,0.00
3288,Pursuer,0.352,0.474,0.141,0.114,0.00
3289,Pursuer,0.351,0.475,0.147,0.142,0.00
3290,Runner,0.352,0.474,0.126,0.141,1.08
3291,Runner,0.352,0.474,0.143,0.143,0.00
3292,Runner,0.352,0.474,0.143,0.152,0.00
3293,Pursuer,0.352,0.474,0.084,0.124,0.00
3294,Pursuer,0.352,0.474,0.151,0.075,0.00
3295,Runner,0.352,0.474,0.118,0.166,0.00
3296,Pursuer,0.352,0.475,1.092,0.314,0.00
3297,Runner,0.352,0.474,0.139,0.146,0.00
3298,Runner,0.352,0.474,0.127,0.134,0.00
3299,Runner,0.353,0.474,0.106,0.175,0.00
3300,Pursuer,0.352,0.474,0.138,0.148,0.00
3301,Runner,0.353,0.474,0.132,0.138,1.22
3302,Runner,0.353,0.474,0.120,0.140,0.38
3303,Runner,0.353,0.474,0.132,0.123,2.12
3304,Pursuer,0.353,0.474,0.127,0.153,0.00
3305,Runner,0.353,0.474,0.148,0.120,0.78
3306,Draw,0.353,0.474,0.143,0.142,0.00
3307,Pursuer,0.353,0.474,0.000,0.000,0.00
3308,Pursuer,0.353,0.474,0.132,0.117,0.00
3309,Runner,0.353,0.474,0.165,0.129,0.90
3310,Pursuer,0.353,0.474,0.142,0.145,0.00
3311,Draw,0.353,0.474,0.136,0.149,15.74
3312,Pursuer,0.353,0.474,0.142,0.152,0.00
3313,Pursuer,0.353,0.474,0.137,0.119,0.00
3314,Runner,0.353,0.474,0.149,0.135,0.00
3315,Runner,0.353,0.474,0.136,0.128,0.66
3316,Runner,0.353,0.474,0.166,0.155,0.26
3317,Pursuer,0.353,0.474,0.159,0.152,0.00
3318,Pursuer,0.353,0.474,0.152,0.140,0.00
3319,Pursuer,0.353,0.474,0.163,0.136,0.00
3320,Runner,0.353,0.474,0.156,0.147,7.80
3321,Pursuer,0.353,0.474,0.118,0.098,0.00
3322,Pursuer,0.353,0.474,0.142,0.149,0.00
3323,Runner,0.353,0.474,0.158,0.163,1.00
3324,Runner,0.353,0.474,0.135,0.167,0.00
3325,Runner,0.353,0.474,0.104,0.119,1.10
3326,Pursuer,0.353,0.474,0.138,0.139,0.00
3327,Runner,0.353,0.474,0.171,0.133,4.50
3328,Runner,0.354,0.474,0.143,0.120,0.44
3329,Pursuer,0.354,0.474,0.182,0.163,0.00
3330,Pursuer,0.353,0.474,0.138,0.144,0.00
3331,Pursuer,0.353,0.474,0.144,0.147,0.00
3332,Pursuer,0.353,0.474,0.155,0.161,0.00
3333,Pursuer,0.353,0.475,0.169,0.172,0.00
3334,Pursuer,0.353,0.475,0.149,0.143,0.00
3335,Runner,0.353,0.475,0.109,0.135,0.00
3336,Runner,0.353,0.475,0.146,0.137,9.04
3337,Pursuer,0.353,0.475,0.139,0.099,0.00
3338,Pursuer,0.353,0.475,0.132,0.142,0.00
3339,Pursuer,0.353,0.475,0.099,0.134,0.00
3340,Pursuer,0.353,0.475,0.123,0.150,0.00
3341,Runner,0.353,0.475,0.000,0.000,0.02
3342,Runner,0.353,0.475,0.119,0.143,0.00
3343,Runner,0.354,0.475,0.133,0.147,0.00
3344,Pursuer,0.353,0.475,0.124,0.117,0.00
3345,Runner,0.354,0.475,0.150,0.149,5.18
3346,Pursuer,0.354,0.475,0.129,0.174,0.00
3347,Runner,0.354,0.475,0.138,0.151,0.50
3348,Pursuer,0.354,0.475,0.140,0.134,0.00
3349,Runner,0.354,0.475,0.158,0.129,0.00
3350,Pursuer,0.354,0.475,0.137,0.148,0.00
3351,Runner,0.354,0.475,0.107,0.105,0.00
3352,Pursuer,0.354,0.475,0.135,0.119,0.00
3353,Runner,0.354,0.475,0.122,0.133,0.00
3354,Runner,0.354,0.475,0.134,0.151,5.24
3355,Runner,0.354,0.475,0.126,0.136,0.00
3356,Runner,0.355,0.474,0.126,0.127,0.96
3357,Pursuer,0.354,0.475,0.107,0.148,0.00
3358,Runner,0.355,0.474,0.071,0.061,0.14
3359,Runner,0.355,0.474,0.139,0.140,1.96
3360,Pursuer,0.355,0.474,0.000,0.000,0.00
3361,Pursuer,0.355,0.475,0.155,0.146,0.00
3362,Runner,0.355,0.474,0.162,0.146,0.42
3363,Pursuer,0.355,0.475,0.133,0.138,0.00
3364,Runner,0.355,0.474,0.018,0.108,0.00
3365,Runner,0.355,0.474,0.124,0.161,0.36
3366,Pursuer,0.355,0.474,0.136,0.140,0.00
3367,Pursuer,0.355,0.475,0.153,0.134,0.00
3368,Pursuer,0.355,0.475,0.121,0.398,0.00
3369,Runner,0.355,0.475,0.138,0.157,0.00
3370,Pursuer,0.355,0.475,0.142,0.116,0.00
3371,Runner,0.355,0.475,0.164,0.124,1.02
3372,Pursuer,0.355,0.475,0.159,0.139,0.00
3373,Runner,0.355,0.475,0.119,0.127,0.96
3374,Pursuer,0.355,0.475,0.139,0.129,0.00
3375,Pursuer,0.355,0.475,0.142,0.136,0.00
3376,Runner,0.355,0.475,0.126,0.140,3.94
3377,Pursuer,0.355,0.475,0.145,0.134,0.00
3378,Runner,0.355,0.475,0.359,0.410,0.00
3379,Runner,0.355,0.475,0.147,0.115,0.32
3380,Runner,0.356,0.475,0.142,0.132,0.00
3381,Pursuer,0.356,0.475,0.582,0.146,0.00
3382,Runner,0.356,0.475,0.128,0.188,1.32
3383,Runner,0.356,0.474,0.146,0.148,9.26
3384,Runner,0.356,0.474,0.122,0.134,0.42
3385,Runner,0.356,0.474,0.137,0.142,0.00
3386,Runner,0.356,0.474,0.139,0.159,4.98
3387,Runner,0.357,0.474,0.130,0.135,7.38
3388,Runner,0.357,0.474,0.127,0.157,2.32
3389,Runner,0.357,0.474,0.137,0.143,1.72
3390,Pursuer,0.357,0.474,0.127,0.129,0.00
3391,Pursuer,0.357,0.474,0.135,0.159,0.00
3392,Runner,0.357,0.474,0.155,0.149,2.66
3393,Runner,0.357,0.474,0.159,0.141,1.36
3394,Runner,0.357,0.473,0.133,0.155,1.80
3395,Runner,0.358,0.473,0.147,0.152,2.02
3396,Runner,0.358,0.473,0.120,0.140,0.00
3397,Runner,0.358,0.473,0.157,0.143,1.90
3398,Runner,0.358,0.473,0.131,0.136,2.14
3399,Pursuer,0.358,0.473,0.099,0.165,0.00
3400,Runner,0.358,0.473,0.146,0.146,0.00
3401,Pursuer,0.358,0.473,0.144,0.925,0.00
3402,Runner,0.358,0.473,0.152,0.124,0.78
3403,Pursuer,0.358,0.473,0.154,0.112,0.00
3404,Draw,0.358,0.473,0.145,0.146,11.80
3405,Runner,0.358,0.473,0.155,0.157,3.28
3406,Pursuer,0.358,0.473,0.155,0.154,0.00
3407,Runner,0.358,0.473,0.134,0.186,0.00
3408,Runner,0.359,0.473,0.195,0.118,0.00
3409,Pursuer,0.358,0.473,0.133,0.149,0.00
3410,Pursuer,0.358,0.473,0.127,0.152,0.00
3411,Runner,0.359,0.473,0.141,0.158,1.62
3412,Runner,0.359,0.473,0.132,0.118,3.46
3413,Pursuer,0.359,0.473,0.149,0.130,0.00
3414,Runner,0.359,0.473,0.192,0.056,0.00
3415,Draw,0.359,0.473,0.136,0.139,0.00
3416,Pursuer,0.359,0.473,0.141,0.158,0.00
3417,Runner,0.359,0.473,0.148,0.127,0.00
3418,Runner,0.359,0.472,0.155,0.124,0.00
3419,Pursuer,0.359,0.473,0.000,0.000,0.00
3420,Pursuer,0.359,0.473,0.131,0.138,0.00
3421,Pursuer,0.359,0.473,0.139,0.136,0.00
3422,Runner,0.359,0.473,0.154,0.150,5.72
3423,Runner,0.359,0.473,0.147,0.142,1.28
3424,Pursuer,0.359,0.473,0.139,0.142,0.00
3425,Runner,0.359,0.473,0.102,0.098,0.34
3426,Pursuer,0.359,0.473,0.138,0.136,0.00
3427,Pursuer,0.359,0.473,0.123,0.145,0.00
3428,Runner,0.359,0.473,0.169,0.165,4.10
3429,Pursuer,0.359,0.473,0.144,0.138,0.00
3430,Pursuer,0.359,0.473,0.146,0.133,0.00
3431,Pursuer,0.359,0.473,0.143,0.148,0.00
3432,Pursuer,0.359,0.473,0.129,0.109,0.00
3433,Runner,0.359,0.473,0.153,0.130,0.54
3434,Runner,0.359,0.473,0.130,0.147,0.78
3435,Runner,0.359,0.473,0.126,0.142,0.24
3436,Draw,0.359,0.473,0.142,0.141,18.18
3437,Pursuer,0.359,0.473,0.125,0.149,0.00
3438,Runner,0.359,0.473,0.133,0.135,0.00
3439,Pursuer,0.359,0.473,0.171,0.176,0.00
3440,Pursuer,0.359,0.473,0.130,0.130,0.00
3441,Pursuer,0.359,0.473,0.160,0.135,0.00
3442,Runner,0.359,0.473,0.278,0.286,0.12
3443,Runner,0.359,0.473,0.151,0.125,0.00
3444,Runner,0.359,0.473,0.132,0.148,1.80
3445,Runner,0.360,0.473,0.137,0.138,10.34
3446,Pursuer,0.360,0.473,0.150,0.132,0.00
3447,Runner,0.360,0.473,0.142,0.147,0.26
3448,Runner,0.360,0.473,0.128,0.122,0.00
3449,Pursuer,0.360,0.473,0.172,0.182,0.00
3450,Runner,0.360,0.473,0.150,0.129,0.00
3451,Runner,0.360,0.473,0.124,0.146,0.00
3452,Pursuer,0.360,0.473,0.138,0.128,0.00
3453,Pursuer,0.360,0.473,0.141,0.140,0.00
3454,Runner,0.360,0.473,0.138,0.150,0.00
3455,Runner,0.360,0.473,0.096,0.143,0.00
3456,Runner,0.361,0.473,0.136,0.138,3.08
3457,Pursuer,0.360,0.473,0.000,0.000,0.00
3458,Pursuer,0.360,0.473,0.109,0.134,0.00
3459,Pursuer,0.360,0.473,0.148,0.150,0.00
3460,Pursuer,0.360,0.473,0.061,0.124,0.00
3461,Runner,0.360,0.473,0.129,0.146,2.40
3462,Runner,0.360,0.473,0.245,0.300,0.00
3463,Runner,0.361,0.473,0.136,0.136,0.00
3464,Runner,0.361,0.473,0.132,0.148,4.80
3465,Pursuer,0.361,0.473,0.029,0.074,0.00
3466,Runner,0.361,0.473,0.136,0.137,0.00
3467,Pursuer,0.361,0.473,0.158,0.139,0.00
3468,Runner,0.361,0.473,0.110,0.112,0.00
3469,Pursuer,0.361,0.473,0.159,0.126,0.00
3470,Pursuer,0.361,0.473,0.165,0.095,0.00
3471,Runner,0.361,0.473,0.131,0.114,0.00
3472,Pursuer,0.361,0.473,0.144,0.156,0.00
3473,Runner,0.361,0.473,0.152,0.156,0.00
3474,Runner,0.361,0.473,0.143,0.145,1.12
3475,Runner,0.361,0.473,0.164,0.130,0.00
3476,Pursuer,0.361,0.473,0.000,0.000,0.00
3477,Pursuer,0.361,0.473,0.131,0.142,0.00
3478,Pursuer,0.361,0.473,0.151,0.254,0.00
3479,Pursuer,0.361,0.473,0.147,0.126,0.00
3480,Runner,0.361,0.473,0.121,0.144,0.00
3481,Pursuer,0.361,0.473,0.149,0.150,0.00
3482,Pursuer,0.361,0.473,0.093,0.100,0.00
3483,Runner,0.361,0.473,0.151,0.140,0.00
3484,Pursuer,0.361,0.473,0.302,0.984,0.00
3485,Pursuer,0.361,0.473,0.149,0.131,0.00
3486,Pursuer,0.361,0.474,0.067,0.080,0.00
3487,Pursuer,0.361,0.474,0.163,0.137,0.00
3488,Pursuer,0.361,0.474,0.159,0.156,0.00
3489,Pursuer,0.361,0.474,0.133,0.151,0.00
3490,Pursuer,0.360,0.474,0.142,0.136,0.00
3491,Draw,0.360,0.474,0.151,0.149,13.54
3492,Pursuer,0.360,0.474,0.122,0.143,0.00
3493,Draw,0.360,0.474,0.145,0.136,11.94
3494,Pursuer,0.360,0.474,0.123,0.144,0.00
3495,Runner,0.360,0.474,0.154,0.125,2.92
3496,Pursuer,0.360,0.474,0.153,0.165,0.00
3497,Runner,0.360,0.474,0.145,0.140,3.30
3498,Pursuer,0.360,0.474,0.150,0.204,0.00
3499,Pursuer,0.360,0.474,0.145,0.142,0.00
3500,Pursuer,0.360,0.475,0.195,0.111,0.00
3501,Runner,0.360,0.474,0.141,0.146,1.72
3502,Pursuer,0.360,0.475,0.141,0.129,0.00
3503,Runner,0.360,0.474,0.104,0.161,1.40
3504,Pursuer,0.360,0.475,0.144,0.125,0.00
3505,Pursuer,0.360,0.475,0.112,0.146,0.00
3506,Pursuer,0.360,0.475,0.133,0.138,0.00
3507,Pursuer,0.360,0.475,0.138,0.130,0.00
3508,Runner,0.360,0.475,0.161,0.129,0.00
3509,Pursuer,0.360,0.475,0.000,0.000,0.00
3510,Pursuer,0.360,0.475,0.165,0.129,0.00
3511,Pursuer,0.360,0.475,0.140,0.136,0.00
3512,Runner,0.360,0.475,0.164,0.146,0.00
3513,Pursuer,0.360,0.475,0.128,0.125,0.00
3514,Runner,0.360,0.475,0.174,0.120,0.12
3515,Pursuer,0.360,0.475,0.155,0.157,0.00
3516,Pursuer,0.360,0.476,0.144,0.148,0.00
3517,Runner,0.360,0.475,0.128,0.146,0.00
3518,Pursuer,0.360,0.476,0.134,0.141,0.00
3519,Runner,0.360,0.475,0.164,0.151,0.84
3520,Pursuer,0.360,0.476,0.146,0.138,0.00
3521,Runner,0.360,0.475,0.144,0.136,3.76
3522,Runner,0.360,0.475,0.134,0.118,0.00
3523,Pursuer,0.360,0.475,0.117,0.120,0.00
3524,Runner,0.360,0.475,0.156,0.149,6.82
3525,Runner,0.361,0.475,0.151,0.150,3.38
3526,Runner,0.361,0.475,0.119,0.135,0.00
3527,Pursuer,0.361,0.475,0.144,0.142,0.00
3528,Pursuer,0.361,0.475,0.157,0.163,0.00
3529,Pursuer,0.360,0.475,0.150,0.138,0.00
3530,Runner,0.361,0.475,0.140,0.118,0.00
3531,Runner,0.361,0.475,0.126,0.136,0.00
3532,Pursuer,0.361,0.475,0.124,0.130,0.00
3533,Runner,0.361,0.475,0.148,0.138,8.46
3534,Pursuer,0.361,0.475,0.130,0.151,0.00
3535,Runner,0.361,0.475,0.128,0.127,1.92
3536,Pursuer,0.361,0.475,0.161,0.125,0.00
3537,Runner,0.361,0.475,0.156,0.119,0.00
3538,Pursuer,0.361,0.475,0.141,0.136,0.00
3539,Pursuer,0.361,0.476,0.152,0.158,0.00
3540,Pursuer,0.361,0.476,0.161,0.149,0.00
3541,Runner,0.361,0.476,0.117,0.136,1.72
3542,Pursuer,0.361,0.476,0.152,0.141,0.00
3543,Pursuer,0.361,0.476,0.155,0.169,0.00
3544,Runner,0.361,0.476,0.134,0.108,0.00
3545,Pursuer,0.361,0.476,0.161,0.092,0.00
3546,Pursuer,0.361,0.476,0.158,0.153,0.00
3547,Runner,0.361,0.476,0.142,0.151,10.16
3548,Draw,0.361,0.476,0.139,0.153,15.98
3549,Runner,0.361,0.476,0.138,0.135,1.84
3550,Pursuer,0.361,0.476,0.162,0.169,0.00
3551,Draw,0.361,0.476,0.156,0.147,19.64
3552,Runner,0.361,0.476,0.129,0.160,2.98
3553,Pursuer,0.361,0.476,0.145,0.135,0.00
3554,Pursuer,0.361,0.476,0.140,0.134,0.00
3555,Runner,0.361,0.476,0.126,0.144,1.62
3556,Pursuer,0.361,0.476,0.149,0.143,0.00
3557,Pursuer,0.361,0.476,0.130,0.147,0.00
3558,Runner,0.361,0.476,0.119,0.160,0.92
3559,Runner,0.361,0.476,0.139,0.136,0.52
3560,Runner,0.361,0.476,0.145,0.129,0.00
3561,Runner,0.361,0.475,0.151,0.138,4.40
3562,Runner,0.362,0.475,0.174,0.156,0.00
3563,Runner,0.362,0.475,0.148,0.144,4.20
3564,Runner,0.362,0.475,0.135,0.139,0.00
3565,Runner,0.362,0.475,0.135,0.152,0.90
3566,Runner,0.362,0.475,0.149,0.122,1.32
3567,Pursuer,0.362,0.475,0.144,0.135,0.00
3568,Runner,0.362,0.475,0.124,0.140,2.48
3569,Runner,0.363,0.475,0.135,0.166,3.04
3570,Runner,0.363,0.475,0.144,0.137,0.00
3571,Runner,0.363,0.474,0.152,0.119,0.00
3572,Pursuer,0.363,0.475,0.116,0.159,0.00
3573,Runner,0.363,0.474,0.145,0.133,0.00
3574,Pursuer,0.363,0.475,0.191,0.092,0.00
3575,Pursuer,0.363,0.475,0.193,0.192,0.00
3576,Runner,0.363,0.475,0.152,0.218,1.22
3577,Pursuer,0.363,0.475,0.138,0.132,0.00
3578,Pursuer,0.363,0.475,0.139,0.142,0.00
3579,Runner,0.363,0.475,0.151,0.143,0.00
3580,Runner,0.363,0.475,0.130,0.131,0.00
3581,Pursuer,0.363,0.475,0.570,0.561,0.00
3582,Runner,0.363,0.475,0.144,0.144,0.14
3583,Runner,0.363,0.474,0.135,0.130,0.00
3584,Runner,0.364,0.474,0.152,0.136,0.00
3585,Runner,0.364,0.474,0.170,0.146,0.00
3586,Pursuer,0.364,0.474,0.139,0.128,0.00
3587,Pursuer,0.364,0.474,0.157,0.123,0.00
3588,Pursuer,0.363,0.475,0.143,0.128,0.00
3589,Pursuer,0.363,0.475,0.123,0.101,0.00
3590,Pursuer,0.363,0.475,0.090,0.024,0.00
3591,Runner,0.363,0.475,0.081,0.159,1.56
3592,Runner,0.364,0.475,0.134,0.135,3.34
3593,Pursuer,0.363,0.475,0.000,0.000,0.00
3594,Runner,0.364,0.475,0.135,0.147,0.12
3595,Runner,0.364,0.475,0.135,0.154,0.56
3596,Runner,0.364,0.474,0.143,0.135,0.00
3597,Pursuer,0.364,0.475,0.000,0.000,0.00
3598,Pursuer,0.364,0.475,0.103,0.165,0.00
3599,Runner,0.364,0.475,0.123,0.140,0.00
3600,Runner,0.364,0.474,0.162,0.132,0.80
3601,Draw,0.364,0.474,0.142,0.136,16.14
3602,Draw,0.364,0.474,0.145,0.146,18.46
3603,Runner,0.364,0.474,0.141,0.126,0.00
3604,Pursuer,0.364,0.474,0.162,0.137,0.00
3605,Runner,0.364,0.474,0.000,0.000,0.02
3606,Pursuer,0.364,0.474,0.147,0.136,0.00
3607,Pursuer,0.364,0.474,0.127,0.135,0.00
3608,Runner,0.364,0.474,0.154,0.158,4.02
3609,Draw,0.364,0.474,0.144,0.144,18.08
3610,Runner,0.364,0.474,0.198,0.111,0.00
3611,Runner,0.364,0.474,0.131,0.147,0.00
3612,Runner,0.365,0.474,0.148,0.122,0.36
3613,Pursuer,0.365,0.474,0.126,0.147,0.00
3614,Draw,0.364,0.474,0.148,0.137,11.66
3615,Runner,0.365,0.474,0.173,0.120,0.00
3616,Runner,0.365,0.473,0.137,0.124,0.00
3617,Pursuer,0.365,0.474,0.150,0.176,0.00
3618,Pursuer,0.365,0.474,0.170,0.174,0.00
3619,Pursuer,0.364,0.474,0.155,0.136,0.00
3620,Runner,0.365,0.474,0.146,0.133,0.00
3621,Pursuer,0.365,0.474,0.147,0.140,0.00
3622,Runner,0.365,0.474,0.143,0.144,0.18
3623,Runner,0.365,0.474,0.143,0.141,6.44
3624,Runner,0.365,0.474,0.133,0.108,0.10
3625,Runner,0.365,0.473,0.212,0.192,0.00
3626,Pursuer,0.365,0.474,0.142,0.144,0.00
3627,Pursuer,0.365,0.474,0.159,0.138,0.00
3628,Pursuer,0.365,0.474,0.143,0.162,0.00
3629,Pursuer,0.365,0.474,0.118,0.157,0.00
3630,Runner,0.365,0.474,0.148,0.151,3.78
3631,Draw,0.365,0.474,0.149,0.146,15.86
3632,Runner,0.365,0.474,0.135,0.140,2.52
3633,Pursuer,0.365,0.474,0.136,0.116,0.00
3634,Pursuer,0.365,0.474,0.134,0.122,0.00
3635,Pursuer,0.365,0.474,0.193,0.165,0.00
3636,Pursuer,0.365,0.474,0.135,0.135,0.00
3637,Runner,0.365,0.474,0.134,0.137,0.28
3638,Runner,0.365,0.474,0.131,0.126,0.00
3639,Pursuer,0.365,0.474,0.127,0.127,0.00
3640,Pursuer,0.365,0.474,0.164,0.134,0.00
3641,Runner,0.365,0.474,0.130,0.140,3.24
3642,Runner,0.365,0.474,0.121,0.157,3.06
3643,Runner,0.365,0.474,0.145,0.156,3.02
3644,Runner,0.366,0.474,0.143,0.159,1.72
3645,Runner,0.366,0.474,0.155,0.154,2.74
3646,Runner,0.366,0.473,0.116,0.145,0.00
3647,Runner,0.366,0.473,0.132,0.124,2.06
3648,Pursuer,0.366,0.473,0.153,0.125,0.00
3649,Runner,0.366,0.473,0.137,0.146,1.44
3650,Pursuer,0.366,0.473,0.415,0.538,0.00
3651,Pursuer,0.366,0.474,0.084,0.196,0.00
3652,Pursuer,0.366,0.474,0.139,0.144,0.00
3653,Pursuer,0.366,0.474,0.159,0.142,0.00
3654,Runner,0.366,0.474,0.133,0.137,5.66
3655,Pursuer,0.366,0.474,0.140,0.117,0.00
3656,Pursuer,0.366,0.474,0.151,0.147,0.00
3657,Pursuer,0.366,0.474,0.124,0.161,0.00
3658,Draw,0.366,0.474,0.136,0.142,17.60
3659,Pursuer,0.365,0.474,0.119,0.142,0.00
3660,Runner,0.366,0.474,0.137,0.163,0.00
3661,Runner,0.366,0.474,0.132,0.138,3.38
3662,Runner,0.366,0.474,0.146,0.140,3.84
3663,Pursuer,0.366,0.474,0.149,0.151,0.00
3664,Pursuer,0.366,0.474,0.108,0.181,0.00
3665,Runner,0.366,0.474,0.127,0.141,0.00
3666,Pursuer,0.366,0.474,0.123,0.124,0.00
3667,Runner,0.366,0.474,0.153,0.149,0.00
3668,Pursuer,0.366,0.474,0.139,0.077,0.00
3669,Runner,0.366,0.474,0.128,0.174,1.76
3670,Pursuer,0.366,0.474,0.147,0.149,0.00
3671,Pursuer,0.366,0.474,0.169,0.183,0.00
3672,Runner,0.366,0.474,0.147,0.124,0.00
3673,Draw,0.366,0.474,0.152,0.139,19.98
3674,Runner,0.366,0.474,0.181,0.107,0.00
3675,Pursuer,0.366,0.474,0.142,0.147,0.00
3676,Pursuer,0.366,0.474,0.152,0.142,0.00
3677,Pursuer,0.366,0.474,0.126,0.155,0.00
3678,Runner,0.366,0.474,0.151,0.156,1.60
3679,Runner,0.366,0.474,0.155,0.144,2.52
3680,Pursuer,0.366,0.474,0.128,0.142,0.00
3681,Runner,0.366,0.474,0.144,0.155,0.00
3682,Runner,0.366,0.474,0.135,0.123,0.00
3683,Pursuer,0.366,0.474,0.191,0.154,0.00
3684,Pursuer,0.366,0.474,0.142,0.145,0.00
3685,Pursuer,0.366,0.474,0.138,0.126,0.00
3686,Pursuer,0.366,0.474,0.142,0.154,0.00
3687,Pursuer,0.366,0.475,0.167,0.130,0.00
3688,Runner,0.366,0.475,0.122,0.138,0.00
3689,Pursuer,0.366,0.475,0.037,0.218,0.00
3690,Pursuer,0.366,0.475,0.135,0.114,0.00
3691,Runner,0.366,0.475,0.149,0.161,7.88
3692,Runner,0.366,0.475,0.130,0.138,3.98
3693,Pursuer,0.366,0.475,0.120,0.143,0.00
3694,Draw,0.366,0.475,0.154,0.149,19.98
3695,Runner,0.366,0.474,0.163,0.123,1.16
3696,Runner,0.366,0.474,0.121,0.153,3.68
3697,Draw,0.366,0.474,0.141,0.150,1.96
3698,Runner,0.366,0.474,0.147,0.144,0.00
3699,Runner,0.367,0.474,0.116,0.170,0.00
3700,Pursuer,0.366,0.474,0.118,0.143,0.00
3701,Runner,0.367,0.474,0.112,0.133,0.00
3702,Runner,0.367,0.474,0.132,0.157,4.20
3703,Runner,0.367,0.474,0.139,0.146,1.42
3704,Runner,0.367,0.474,0.080,0.143,0.00
3705,Pursuer,0.367,0.474,0.139,0.143,0.00
3706,Runner,0.367,0.474,0.154,0.130,1.06
3707,Pursuer,0.367,0.474,0.147,0.130,0.00
3708,Runner,0.367,0.474,0.154,0.157,3.22
3709,Pursuer,0.367,0.474,0.093,0.171,0.00
3710,Runner,0.367,0.474,0.153,0.142,1.60
3711,Runner,0.368,0.473,0.138,0.127,0.00
3712,Pursuer,0.367,0.474,0.135,0.136,0.00
3713,Pursuer,0.367,0.474,0.144,0.132,0.00
3714,Pursuer,0.367,0.474,0.175,0.129,0.00
3715,Runner,0.367,0.474,0.127,0.142,2.00
3716,Pursuer,0.367,0.474,0.138,0.136,0.00
3717,Runner,0.368,0.474,0.144,0.144,0.00
3718,Pursuer,0.367,0.474,0.143,0.151,0.00
3719,Pursuer,0.367,0.474,0.145,0.153,0.00
3720,Runner,0.367,0.474,0.153,0.149,1.96
3721,Runner,0.368,0.474,0.155,0.142,3.06
3722,Draw,0.368,0.474,0.146,0.149,16.02
3723,Draw,0.367,0.474,0.136,0.148,19.98
3724,Runner,0.368,0.473,0.121,0.120,1.04
3725,Pursuer,0.368,0.474,0.139,0.149,0.00
3726,Draw,0.367,0.473,0.135,0.157,19.98
3727,Runner,0.368,0.473,0.173,0.081,0.76
3728,Runner,0.368,0.473,0.119,0.146,2.54
3729,Draw,0.368,0.473,0.137,0.151,15.86
3730,Runner,0.368,0.473,0.151,0.142,2.66
3731,Runner,0.368,0.473,0.148,0.144,0.00
3732,Pursuer,0.368,0.473,0.139,0.200,0.00
3733,Runner,0.368,0.473,0.144,0.126,1.34
3734,Runner,0.368,0.473,0.138,0.136,1.88
3735,Pursuer,0.368,0.473,0.116,0.125,0.00
3736,Runner,0.368,0.473,0.161,0.132,0.00
3737,Pursuer,0.368,0.473,0.139,0.152,0.00
3738,Runner,0.368,0.473,0.133,0.139,1.84
3739,Pursuer,0.368,0.473,0.129,0.115,0.00
3740,Pursuer,0.368,0.473,0.131,0.160,0.00
3741,Draw,0.368,0.473,0.146,0.142,19.32
3742,Runner,0.368,0.473,0.129,0.147,2.94
3743,Runner,0.368,0.473,0.156,0.136,1.86
3744,Runner,0.369,0.472,0.151,0.134,4.80
3745,Pursuer,0.368,0.473,0.000,0.000,0.00
3746,Pursuer,0.368,0.473,0.202,0.151,0.00
3747,Runner,0.369,0.473,0.129,0.140,0.80
3748,Runner,0.369,0.473,0.137,0.129,0.00
3749,Runner,0.369,0.472,0.126,0.118,0.00
3750,Runner,0.369,0.472,0.140,0.140,0.00
3751,Pursuer,0.369,0.472,0.127,0.158,0.00
3752,Pursuer,0.369,0.473,0.133,0.143,0.00
3753,Runner,0.369,0.472,0.151,0.116,0.00
3754,Runner,0.369,0.472,0.122,0.133,0.00
3755,Runner,0.369,0.472,0.132,0.142,0.00
3756,Runner,0.370,0.472,0.119,0.121,1.24
3757,Runner,0.370,0.472,0.141,0.145,0.74
3758,Pursuer,0.370,0.472,0.131,0.122,0.00
3759,Runner,0.370,0.472,0.131,0.163,1.58
3760,Pursuer,0.370,0.472,0.141,0.135,0.00
3761,Pursuer,0.370,0.472,0.142,0.136,0.00
3762,Runner,0.370,0.472,0.141,0.131,0.00
3763,Pursuer,0.370,0.472,0.149,0.138,0.00
3764,Runner,0.370,0.472,0.133,0.122,3.02
3765,Pursuer,0.370,0.472,0.313,0.365,0.00
3766,Runner,0.370,0.472,0.133,0.147,0.00
3767,Runner,0.370,0.472,0.146,0.139,3.16
3768,Pursuer,0.370,0.472,0.166,0.123,0.00
3769,Runner,0.370,0.472,0.000,0.000,0.00
3770,Pursuer,0.370,0.472,0.091,0.122,0.00
3771,Runner,0.370,0.472,0.141,0.147,0.00
3772,Pursuer,0.370,0.472,0.163,0.143,0.00
3773,Pursuer,0.370,0.472,0.147,0.147,0.00
3774,Runner,0.370,0.472,0.131,0.134,1.88
3775,Pursuer,0.370,0.472,0.136,0.107,0.00
3776,Runner,0.370,0.472,0.102,0.170,2.24
3777,Runner,0.370,0.472,0.132,0.150,0.46
3778,Pursuer,0.370,0.472,0.141,0.197,0.00
3779,Pursuer,0.370,0.472,0.118,0.146,0.00
3780,Runner,0.370,0.472,0.135,0.139,1.20
3781,Pursuer,0.370,0.472,0.151,0.117,0.00
3782,Runner,0.370,0.472,0.197,0.115,0.88
3783,Runner,0.371,0.472,0.141,0.149,0.38
3784,Runner,0.371,0.472,0.122,0.133,0.00
3785,Pursuer,0.371,0.472,0.168,0.139,0.00
3786,Runner,0.371,0.472,0.099,0.161,0.00
3787,Runner,0.371,0.472,0.144,0.154,1.66
3788,Pursuer,0.371,0.472,0.156,0.127,0.00
3789,Runner,0.371,0.472,0.136,0.139,2.82
3790,Pursuer,0.371,0.472,0.152,0.134,0.00
3791,Runner,0.371,0.472,0.161,0.131,0.30
3792,Runner,0.371,0.472,0.164,0.133,0.00
3793,Pursuer,0.371,0.472,0.141,0.124,0.00
3794,Runner,0.371,0.472,0.133,0.151,0.00
3795,Pursuer,0.371,0.472,0.110,0.126,0.00
3796,Runner,0.371,0.472,0.116,0.144,0.00
3797,Draw,0.371,0.472,0.139,0.131,7.46
3798,Pursuer,0.371,0.472,0.160,0.158,0.00
3799,Pursuer,0.371,0.472,0.094,0.136,0.00
3800,Runner,0.371,0.472,0.000,0.000,0.00
3801,Pursuer,0.371,0.472,0.154,0.132,0.00
3802,Runner,0.371,0.472,0.165,0.165,0.00
3803,Runner,0.372,0.472,0.108,0.132,0.00
3804,Pursuer,0.371,0.472,0.136,0.134,0.00
3805,Runner,0.372,0.472,0.150,0.119,0.90
3806,Pursuer,0.372,0.472,0.163,0.129,0.00
3807,Runner,0.372,0.472,0.146,0.161,0.00
3808,Runner,0.372,0.472,0.135,0.138,0.30
3809,Pursuer,0.372,0.472,0.165,0.148,0.00
3810,Runner,0.372,0.472,0.161,0.135,1.62
3811,Runner,0.372,0.472,0.163,0.139,0.00
3812,Pursuer,0.372,0.472,0.103,0.113,0.00
3813,Runner,0.372,0.472,0.154,0.131,0.00
3814,Runner,0.372,0.471,0.138,0.147,2.86
3815,Runner,0.372,0.471,0.145,0.142,4.98
3816,Runner,0.373,0.471,0.142,0.117,0.00
3817,Pursuer,0.373,0.471,0.222,0.104,0.00
3818,Runner,0.373,0.471,0.138,0.137,0.00
3819,Runner,0.373,0.471,0.178,0.132,0.36
3820,Runner,0.373,0.471,0.133,0.135,3.86
3821,Runner,0.373,0.471,0.143,0.162,0.48
3822,Pursuer,0.373,0.471,0.121,0.119,0.00
3823,Pursuer,0.373,0.471,0.000,0.000,0.00
3824,Draw,0.373,0.471,0.139,0.154,18.82
3825,Runner,0.373,0.471,0.153,0.125,0.00
3826,Runner,0.373,0.471,0.147,0.151,4.42
3827,Pursuer,0.373,0.471,0.060,0.143,0.00
3828,Pursuer,0.373,0.471,0.139,0.153,0.00
3829,Runner,0.373,0.471,0.137,0.116,0.00
3830,Runner,0.373,0.471,0.138,0.152,0.00
3831,Runner,0.374,0.471,0.117,0.146,6.34
3832,Pursuer,0.373,0.471,0.139,0.150,0.00
3833,Runner,0.374,0.471,0.123,0.131,2.60
3834,Runner,0.374,0.471,0.000,0.000,0.02
3835,Runner,0.374,0.470,0.159,0.143,2.20
3836,Runner,0.374,0.470,0.154,0.161,0.82
3837,Pursuer,0.374,0.470,0.130,0.153,0.00
3838,Runner,0.374,0.470,0.147,0.187,0.00
3839,Pursuer,0.374,0.470,0.113,0.144,0.00
3840,Runner,0.374,0.470,0.143,0.146,0.00
3841,Runner,0.374,0.470,0.147,0.154,2.54
3842,Pursuer,0.374,0.470,0.203,0.203,0.00
3843,Pursuer,0.374,0.470,0.153,0.144,0.00
3844,Runner,0.374,0.470,0.134,0.137,4.58
3845,Pursuer,0.374,0.470,0.189,0.156,0.00
3846,Runner,0.374,0.470,0.130,0.144,0.24
3847,Pursuer,0.374,0.470,0.131,0.166,0.00
3848,Draw,0.374,0.470,0.140,0.159,19.98
3849,Pursuer,0.374,0.471,0.141,0.126,0.00
3850,Pursuer,0.374,0.471,0.147,0.146,0.00
3851,Pursuer,0.374,0.471,0.136,0.146,0.00
3852,Runner,0.374,0.471,0.173,0.110,0.00
3853,Runner,0.374,0.471,0.154,0.141,7.86
3854,Pursuer,0.374,0.471,0.000,0.000,0.00
3855,Runner,0.374,0.471,0.119,0.119,0.38
3856,Runner,0.374,0.470,0.145,0.141,0.00
3857,Runner,0.375,0.470,0.145,0.137,0.00
3858,Pursuer,0.375,0.470,0.152,0.148,0.00
3859,Pursuer,0.374,0.471,0.139,0.122,0.00
3860,Runner,0.375,0.470,0.124,0.129,6.46
3861,Pursuer,0.375,0.471,0.147,0.114,0.00
3862,Runner,0.375,0.470,0.487,0.702,0.00
3863,Runner,0.375,0.470,0.135,0.165,6.10
3864,Runner,0.375,0.470,0.149,0.154,0.00
3865,Pursuer,0.375,0.470,0.173,0.130,0.00
3866,Runner,0.375,0.470,0.148,0.132,0.00
3867,Runner,0.375,0.470,0.146,0.140,0.00
3868,Pursuer,0.375,0.470,0.180,0.045,0.00
3869,Pursuer,0.375,0.470,0.170,0.156,0.00
3870,Pursuer,0.375,0.471,0.099,0.154,0.00
3871,Runner,0.375,0.470,0.127,0.125,0.46
3872,Pursuer,0.375,0.471,0.142,0.139,0.00
3873,Pursuer,0.375,0.471,0.151,0.092,0.00
3874,Runner,0.375,0.471,0.132,0.133,4.88
3875,Pursuer,0.375,0.471,0.139,0.159,0.00
3876,Pursuer,0.375,0.471,0.153,0.079,0.00
3877,Runner,0.375,0.471,0.119,0.179,0.26
3878,Runner,0.375,0.471,0.137,0.121,0.00
3879,Runner,0.375,0.470,0.124,0.170,0.00
3880,Pursuer,0.375,0.471,0.132,0.092,0.00
3881,Pursuer,0.375,0.471,0.139,0.131,0.00
3882,Runner,0.375,0.471,0.157,0.126,0.00
3883,Runner,0.375,0.471,0.128,0.144,0.00
3884,Pursuer,0.375,0.471,0.122,0.150,0.00
3885,Pursuer,0.375,0.471,0.158,0.137,0.00
3886,Pursuer,0.375,0.471,0.110,0.151,0.00
3887,Runner,0.375,0.471,0.120,0.142,0.00
3888,Runner,0.376,0.471,0.137,0.146,3.62
3889,Runner,0.376,0.471,0.127,0.128,2.78
3890,Pursuer,0.376,0.471,0.000,0.000,0.00
3891,Draw,0.375,0.471,0.128,0.140,18.12
3892,Draw,0.375,0.470,0.130,0.143,18.68
3893,Runner,0.376,0.470,0.128,0.130,1.38
3894,Runner,0.376,0.470,0.136,0.146,2.88
3895,Runner,0.376,0.470,0.158,0.169,3.88
3896,Pursuer,0.376,0.470,0.145,0.148,0.00
3897,Pursuer,0.376,0.470,0.145,0.135,0.00
3898,Pursuer,0.376,0.470,0.131,0.136,0.00
3899,Pursuer,0.375,0.471,0.210,0.203,0.00
3900,Runner,0.376,0.471,0.142,0.137,0.00
3901,Runner,0.376,0.470,0.154,0.134,1.20
3902,Runner,0.376,0.470,0.116,0.132,0.00
3903,Pursuer,0.376,0.470,0.133,0.140,0.00
3904,Runner,0.376,0.470,0.141,0.130,2.04
3905,Pursuer,0.376,0.470,0.147,0.149,0.00
3906,Pursuer,0.376,0.471,0.125,0.128,0.00
3907,Draw,0.376,0.470,0.147,0.143,16.36
3908,Pursuer,0.376,0.471,0.140,0.140,0.00
3909,Pursuer,0.376,0.471,0.135,0.140,0.00
3910,Runner,0.376,0.471,0.135,0.127,0.72
3911,Runner,0.376,0.470,0.143,0.140,0.00
3912,Pursuer,0.376,0.471,0.140,0.137,0.00
3913,Pursuer,0.376,0.471,0.149,0.151,0.00
3914,Runner,0.376,0.471,0.148,0.152,2.00
3915,Runner,0.376,0.470,0.141,0.143,10.38
3916,Runner,0.376,0.470,0.131,0.160,3.62
3917,Runner,0.376,0.470,0.136,0.129,4.20
3918,Pursuer,0.376,0.470,0.132,0.135,0.00
3919,Pursuer,0.376,0.471,0.139,0.137,0.00
3920,Pursuer,0.376,0.471,0.119,0.147,0.00
3921,Pursuer,0.376,0.471,0.134,0.158,0.00
3922,Draw,0.376,0.471,0.140,0.141,3.48
3923,Runner,0.376,0.471,0.135,0.115,0.00
3924,Pursuer,0.376,0.471,0.132,0.124,0.00
3925,Pursuer,0.376,0.471,0.123,0.132,0.00
3926,Runner,0.376,0.471,0.150,0.128,8.46
3927,Pursuer,0.376,0.471,0.147,0.158,0.00
3928,Pursuer,0.376,0.471,0.133,0.136,0.00
3929,Pursuer,0.376,0.471,0.158,0.144,0.00
3930,Draw,0.376,0.471,0.141,0.135,0.00
3931,Pursuer,0.375,0.471,0.126,0.154,0.00
3932,Draw,0.375,0.471,0.132,0.150,18.80
3933,Draw,0.375,0.471,0.123,0.149,8.96
3934,Runner,0.375,0.471,0.106,0.142,0.00
3935,Pursuer,0.375,0.471,0.111,0.133,0.00
3936,Runner,0.376,0.471,0.137,0.150,0.98
3937,Runner,0.376,0.471,0.138,0.142,0.48
3938,Pursuer,0.376,0.471,0.104,0.161,0.00
3939,Runner,0.376,0.471,0.136,0.121,0.92
3940,Pursuer,0.376,0.471,0.151,0.151,0.00
3941,Runner,0.376,0.471,0.164,0.135,0.64
3942,Runner,0.376,0.471,0.157,0.130,0.00
3943,Draw,0.376,0.470,0.153,0.140,0.00
3944,Pursuer,0.376,0.471,0.128,0.126,0.00
3945,Pursuer,0.376,0.471,0.160,0.151,0.00
3946,Runner,0.376,0.471,0.125,0.121,0.00
3947,Runner,0.376,0.470,0.123,0.148,6.02
3948,Pursuer,0.376,0.471,0.172,0.148,0.00
3949,Runner,0.376,0.470,0.129,0.161,6.44
3950,Pursuer,0.376,0.471,0.156,0.125,0.00
3951,Pursuer,0.376,0.471,0.124,0.156,0.00
3952,Runner,0.376,0.471,0.116,0.086,0.16
3953,Runner,0.376,0.471,0.139,0.136,0.00
3954,Pursuer,0.376,0.471,0.156,0.125,0.00
3955,Pursuer,0.376,0.471,0.125,0.155,0.00
3956,Pursuer,0.376,0.471,0.114,0.071,0.00
3957,Draw,0.376,0.471,0.147,0.143,15.74
3958,Pursuer,0.376,0.471,0.146,0.150,0.00
3959,Pursuer,0.376,0.471,0.143,0.152,0.00
3960,Runner,0.376,0.471,0.000,0.000,0.02
3961,Pursuer,0.376,0.471,0.157,0.142,0.00
3962,Runner,0.376,0.471,0.130,0.125,0.00
3963,Pursuer,0.376,0.471,0.137,0.143,0.00
3964,Pursuer,0.376,0.471,0.145,0.128,0.00
3965,Pursuer,0.376,0.471,0.230,0.121,0.00
3966,Pursuer,0.375,0.472,0.069,0.023,0.00
3967,Pursuer,0.375,0.472,0.148,0.130,0.00
3968,Draw,0.375,0.472,0.144,0.147,14.62
3969,Runner,0.375,0.471,0.149,0.162,0.00
3970,Pursuer,0.375,0.472,0.113,0.127,0.00
3971,Pursuer,0.375,0.472,0.161,0.136,0.00
3972,Runner,0.375,0.472,0.168,0.137,1.52
3973,Pursuer,0.375,0.472,0.145,0.123,0.00
3974,Runner,0.375,0.472,0.134,0.144,0.00
3975,Pursuer,0.375,0.472,0.144,0.141,0.00
3976,Runner,0.376,0.472,0.140,0.142,5.58
3977,Pursuer,0.375,0.472,0.183,0.128,0.00
3978,Pursuer,0.375,0.472,0.130,0.130,0.00
3979,Draw,0.375,0.472,0.144,0.138,14.46
3980,Runner,0.375,0.472,0.127,0.130,2.02
3981,Runner,0.376,0.471,0.159,0.120,1.32
3982,Pursuer,0.375,0.472,0.141,0.132,0.00
3983,Runner,0.376,0.472,0.163,0.167,1.10
3984,Pursuer,0.376,0.472,0.122,0.130,0.00
3985,Pursuer,0.375,0.472,0.141,0.120,0.00
3986,Draw,0.375,0.472,0.140,0.136,17.62
3987,Pursuer,0.375,0.472,0.130,0.148,0.00
3988,Runner,0.375,0.472,0.239,0.118,0.00
3989,Runner,0.376,0.472,0.136,0.153,0.00
3990,Runner,0.376,0.471,0.188,0.120,0.00
3991,Draw,0.376,0.471,0.135,0.139,18.72
3992,Runner,0.376,0.471,0.132,0.117,0.00
3993,Pursuer,0.376,0.471,0.119,0.116,0.00
3994,Runner,0.376,0.471,0.132,0.151,1.94
3995,Pursuer,0.376,0.471,0.062,0.098,0.00
3996,Runner,0.376,0.471,0.132,0.136,0.00
3997,Runner,0.376,0.471,0.130,0.124,0.68
3998,Pursuer,0.376,0.471,0.144,0.147,0.00
3999,Runner,0.376,0.471,0.134,0.119,0.08
4000,Runner,0.376,0.471,0.133,0.143,0.46
4001,Draw,0.376,0.471,0.147,0.138,18.52
4002,Runner,0.376,0.471,0.119,0.117,0.66
4003,Pursuer,0.376,0.471,0.175,0.138,0.00
4004,Runner,0.376,0.471,0.184,0.141,0.60
4005,Runner,0.377,0.471,0.139,0.161,1.98
4006,Pursuer,0.376,0.471,0.162,0.161,0.00
4007,Runner,0.377,0.471,0.118,0.129,0.00
4008,Pursuer,0.376,0.471,0.135,0.139,0.00
4009,Pursuer,0.376,0.471,0.124,0.142,0.00
4010,Runner,0.377,0.471,0.164,0.124,1.04
4011,Pursuer,0.376,0.471,0.156,0.158,0.00
4012,Pursuer,0.376,0.471,0.150,0.166,0.00
4013,Pursuer,0.376,0.471,0.157,0.140,0.00
4014,Pursuer,0.376,0.471,0.114,0.141,0.00
4015,Pursuer,0.376,0.471,0.160,0.090,0.00
4016,Pursuer,0.376,0.472,0.179,0.121,0.00
4017,Pursuer,0.376,0.472,0.141,0.141,0.00
4018,Runner,0.376,0.472,0.165,0.130,0.72
4019,Runner,0.376,0.472,0.149,0.150,0.20
4020,Runner,0.376,0.471,0.136,0.160,1.02
4021,Pursuer,0.376,0.472,0.148,0.155,0.00
4022,Runner,0.376,0.471,0.152,0.144,0.00
4023,Pursuer,0.376,0.472,0.122,0.176,0.00
4024,Runner,0.376,0.471,0.141,0.161,1.78
4025,Pursuer,0.376,0.472,0.115,0.140,0.00
4026,Pursuer,0.376,0.472,0.152,0.142,0.00
4027,Runner,0.376,0.472,1.354,0.891,0.00
4028,Pursuer,0.376,0.472,0.172,0.165,0.00
4029,Runner,0.377,0.472,0.149,0.123,0.00
4030,Pursuer,0.376,0.472,0.156,0.152,0.00
4031,Runner,0.377,0.472,0.142,0.112,0.00
4032,Runner,0.377,0.471,0.127,0.132,0.00
4033,Runner,0.377,0.471,0.135,0.168,1.78
4034,Runner,0.377,0.471,0.123,0.136,1.12
4035,Pursuer,0.377,0.471,0.145,0.141,0.00
4036,Pursuer,0.377,0.472,0.151,0.100,0.00
4037,Runner,0.377,0.471,0.139,0.120,1.78
4038,Runner,0.377,0.471,0.136,0.122,0.00
4039,Runner,0.377,0.471,0.130,0.149,0.00
4040,Pursuer,0.377,0.471,0.156,0.132,0.00
4041,Pursuer,0.377,0.471,0.115,0.123,0.00
4042,Runner,0.377,0.471,0.146,0.133,0.38
4043,Runner,0.377,0.471,0.132,0.136,4.36
4044,Pursuer,0.377,0.471,0.124,0.118,0.00
4045,Runner,0.378,0.471,0.151,0.156,4.46
4046,Runner,0.378,0.471,0.125,0.134,0.00
4047,Draw,0.378,0.471,0.136,0.149,18.34
4048,Pursuer,0.377,0.471,0.143,0.145,0.00
4049,Draw,0.377,0.471,0.141,0.159,17.48
4050,Pursuer,0.377,0.471,0.094,0.122,0.00
4051,Runner,0.377,0.471,0.132,0.141,0.00
4052,Pursuer,0.377,0.471,0.148,0.159,0.00
4053,Runner,0.377,0.471,0.154,0.128,0.00
4054,Runner,0.378,0.471,0.137,0.128,2.66
4055,Runner,0.378,0.471,0.120,0.147,1.40
4056,Pursuer,0.378,0.471,0.138,0.135,0.00
4057,Runner,0.378,0.471,0.134,0.162,4.00
4058,Pursuer,0.378,0.471,0.000,0.000,0.00
4059,Pursuer,0.378,0.471,0.141,0.124,0.00
4060,Pursuer,0.378,0.471,0.130,0.125,0.00
4061,Pursuer,0.377,0.471,0.141,0.127,0.00
4062,Pursuer,0.377,0.471,0.160,0.134,0.00
4063,Pursuer,0.377,0.472,0.148,0.105,0.00
4064,Runner,0.377,0.471,0.149,0.142,0.00
4065,Runner,0.378,0.471,0.147,0.146,0.00
4066,Pursuer,0.378,0.471,0.136,0.149,0.00
4067,Runner,0.378,0.471,0.120,0.178,2.76
4068,Runner,0.378,0.471,0.156,0.142,1.26
4069,Pursuer,0.378,0.471,0.138,0.138,0.00
4070,Pursuer,0.378,0.471,0.130,0.123,0.00
4071,Pursuer,0.378,0.472,0.145,0.135,0.00
4072,Runner,0.378,0.472,0.135,0.151,3.82
4073,Runner,0.378,0.471,0.117,0.147,0.12
4074,Pursuer,0.378,0.472,0.087,0.122,0.00
4075,Runner,0.378,0.471,0.124,0.144,6.14
4076,Runner,0.378,0.471,0.146,0.145,1.56
4077,Runner,0.378,0.471,0.124,0.121,0.00
4078,Runner,0.378,0.471,0.159,0.151,0.00
4079,Pursuer,0.378,0.471,0.159,0.121,0.00
4080,Runner,0.378,0.471,0.149,0.135,2.80
4081,Runner,0.379,0.471,0.128,0.131,8.16
4082,Runner,0.379,0.471,0.142,0.124,0.00
4083,Draw,0.379,0.471,0.133,0.152,14.50
4084,Pursuer,0.379,0.471,0.188,0.172,0.00
4085,Pursuer,0.378,0.471,0.104,0.103,0.00
4086,Draw,0.378,0.471,0.149,0.141,15.10
4087,Pursuer,0.378,0.471,0.136,0.146,0.00
4088,Runner,0.378,0.471,0.121,0.078,0.00
4089,Runner,0.379,0.471,0.138,0.137,2.10
4090,Pursuer,0.378,0.471,0.129,0.110,0.00
4091,Runner,0.379,0.471,0.133,0.143,0.00
4092,Pursuer,0.379,0.471,0.183,0.194,0.00
4093,Runner,0.379,0.471,0.133,0.129,0.60
4094,Runner,0.379,0.471,0.156,0.137,2.62
4095,Runner,0.379,0.471,0.147,0.151,3.24
4096,Draw,0.379,0.470,0.140,0.145,17.66
4097,Runner,0.379,0.470,0.157,0.161,0.00
4098,Pursuer,0.379,0.470,0.158,0.158,0.00
4099,Pursuer,0.379,0.471,0.143,0.143,0.00
4100,Runner,0.379,0.470,0.136,0.149,3.64
4101,Pursuer,0.379,0.471,0.140,0.146,0.00
4102,Pursuer,0.379,0.471,0.134,0.126,0.00
4103,Pursuer,0.379,0.471,0.139,0.134,0.00
4104,Pursuer,0.379,0.471,0.160,0.133,0.00
4105,Pursuer,0.379,0.471,0.132,0.146,0.00
4106,Pursuer,0.378,0.471,0.132,0.108,0.00
4107,Pursuer,0.378,0.471,0.131,0.156,0.00
4108,Pursuer,0.378,0.472,0.136,0.137,0.00
4109,Runner,0.378,0.471,0.111,0.137,0.00
4110,Pursuer,0.378,0.472,0.136,0.123,0.00
4111,Runner,0.378,0.471,0.161,0.171,0.44
4112,Runner,0.379,0.471,0.140,0.130,1.24
4113,Pursuer,0.379,0.471,0.131,0.129,0.00
4114,Runner,0.379,0.471,0.500,0.481,0.00
4115,Pursuer,0.379,0.471,0.127,0.032,0.00
4116,Pursuer,0.379,0.472,0.121,0.164,0.00
4117,Pursuer,0.378,0.472,0.122,0.170,0.00
4118,Runner,0.379,0.472,0.142,0.162,1.28
4119,Pursuer,0.378,0.472,0.133,0.137,0.00
4120,Pursuer,0.378,0.472,0.118,0.144,0.00
4121,Pursuer,0.378,0.472,0.120,0.140,0.00
4122,Runner,0.378,0.472,0.156,0.140,0.12
4123,Runner,0.379,0.472,0.177,0.205,0.00
4124,Runner,0.379,0.472,0.116,0.130,3.56
4125,Pursuer,0.379,0.472,0.140,0.142,0.00
4126,Pursuer,0.379,0.472,0.144,0.146,0.00
4127,Pursuer,0.378,0.472,0.180,0.148,0.00
4128,Pursuer,0.378,0.472,0.144,0.142,0.00
4129,Pursuer,0.378,0.472,0.148,0.157,0.00
4130,Pursuer,0.378,0.472,0.126,0.135,0.00
4131,Runner,0.378,0.472,0.142,0.135,5.00
4132,Runner,0.379,0.472,0.140,0.125,1.80
4133,Pursuer,0.378,0.472,0.113,0.130,0.00
4134,Runner,0.379,0.472,0.151,0.133,0.00
4135,Runner,0.379,0.472,0.150,0.193,1.80
4136,Pursuer,0.379,0.472,0.149,0.170,0.00
4137,Pursuer,0.379,0.472,0.125,0.158,0.00
4138,Runner,0.379,0.472,0.116,0.142,0.28
4139,Draw,0.379,0.472,0.135,0.147,11.70
4140,Runner,0.379,0.472,0.142,0.437,0.08
4141,Runner,0.379,0.472,0.141,0.140,0.52
4142,Pursuer,0.379,0.472,0.000,0.000,0.00
4143,Pursuer,0.379,0.472,0.150,0.127,0.00
4144,Pursuer,0.379,0.472,0.121,0.124,0.00
4145,Runner,0.379,0.472,0.123,0.159,3.22
4146,Runner,0.379,0.472,0.114,0.147,2.24
4147,Pursuer,0.379,0.472,0.095,0.178,0.00
4148,Runner,0.379,0.472,0.131,0.148,10.78
4149,Pursuer,0.379,0.472,0.147,0.096,0.00
4150,Pursuer,0.379,0.472,0.109,0.213,0.00
4151,Pursuer,0.379,0.472,0.141,0.142,0.00
4152,Runner,0.379,0.472,0.140,0.151,0.00
4153,Pursuer,0.379,0.472,0.163,0.178,0.00
4154,Pursuer,0.379,0.473,0.150,0.148,0.00
4155,Runner,0.379,0.472,0.140,0.131,5.60
4156,Pursuer,0.379,0.473,0.144,0.143,0.00
4157,Pursuer,0.379,0.473,0.133,0.134,0.00
4158,Pursuer,0.379,0.473,0.125,0.100,0.00
4159,Pursuer,0.378,0.473,0.139,0.133,0.00
4160,Runner,0.379,0.473,0.140,0.136,0.72
4161,Runner,0.379,0.473,0.141,0.120,0.00
4162,Runner,0.379,0.473,0.140,0.145,0.00
4163,Runner,0.379,0.472,0.145,0.146,7.62
4164,Runner,0.379,0.472,0.136,0.128,1.94
4165,Runner,0.379,0.472,0.107,0.126,0.22
4166,Pursuer,0.379,0.472,0.157,0.136,0.00
4167,Pursuer,0.379,0.473,0.139,0.135,0.00
4168,Runner,0.379,0.472,0.140,0.135,0.00
4169,Pursuer,0.379,0.473,0.144,0.149,0.00
4170,Pursuer,0.379,0.473,0.142,0.143,0.00
4171,Draw,0.379,0.473,0.147,0.145,16.04
4172,Pursuer,0.379,0.473,0.149,0.148,0.00
4173,Runner,0.379,0.473,0.133,0.124,5.34
4174,Runner,0.379,0.472,0.135,0.128,0.36
4175,Pursuer,0.379,0.473,0.232,0.110,0.00
4176,Pursuer,0.379,0.473,0.140,0.147,0.00
4177,Runner,0.379,0.473,0.000,0.000,0.00
4178,Pursuer,0.379,0.473,0.121,0.150,0.00
4179,Runner,0.379,0.473,0.127,0.129,6.08
4180,Pursuer,0.379,0.473,0.117,0.141,0.00
4181,Pursuer,0.379,0.473,0.147,0.148,0.00
4182,Pursuer,0.379,0.473,0.137,0.165,0.00
4183,Pursuer,0.379,0.473,0.135,0.132,0.00
4184,Pursuer,0.379,0.473,0.142,0.124,0.00
4185,Runner,0.379,0.473,0.000,0.000,0.00
4186,Draw,0.379,0.473,0.140,0.141,17.30
4187,Pursuer,0.379,0.473,0.168,0.160,0.00
4188,Draw,0.379,0.473,0.145,0.137,16.92
4189,Runner,0.379,0.473,0.139,0.124,3.50
4190,Pursuer,0.379,0.473,0.128,0.140,0.00
4191,Runner,0.379,0.473,0.161,0.142,0.00
4192,Pursuer,0.379,0.473,0.138,0.100,0.00
4193,Runner,0.379,0.473,0.170,0.149,0.78
4194,Pursuer,0.379,0.473,0.154,0.155,0.00
4195,Draw,0.379,0.473,0.135,0.129,12.46
4196,Pursuer,0.379,0.473,0.129,0.170,0.00
4197,Pursuer,0.379,0.473,0.146,0.149,0.00
4198,Runner,0.379,0.473,0.123,0.120,0.00
4199,Runner,0.379,0.473,0.136,0.145,3.84
4200,Runner,0.379,0.473,0.171,0.093,0.00
4201,Pursuer,0.379,0.473,0.134,0.152,0.00
4202,Pursuer,0.379,0.473,0.167,0.151,0.00
4203,Runner,0.379,0.473,0.185,0.178,0.00
4204,Pursuer,0.379,0.473,0.141,0.139,0.00
4205,Pursuer,0.379,0.473,0.119,0.156,0.00
4206,Pursuer,0.379,0.473,0.174,0.090,0.00
4207,Pursuer,0.379,0.473,0.161,0.156,0.00
4208,Draw,0.379,0.473,0.144,0.145,18.00
4209,Runner,0.379,0.473,0.122,0.116,1.80
4210,Runner,0.379,0.473,0.151,0.140,0.32
4211,Runner,0.379,0.473,0.136,0.144,1.06
4212,Pursuer,0.379,0.473,0.141,0.142,0.00
4213,Pursuer,0.379,0.473,0.156,0.158,0.00
4214,Runner,0.379,0.473,0.140,0.143,11.74
4215,Runner,0.379,0.473,0.152,0.154,3.20
4216,Pursuer,0.379,0.473,0.130,0.141,0.00
4217,Pursuer,0.379,0.473,0.138,0.141,0.00
4218,Pursuer,0.379,0.473,0.142,0.149,0.00
4219,Runner,0.379,0.473,0.129,0.136,2.44
4220,Runner,0.379,0.473,0.120,0.119,0.00
4221,Runner,0.379,0.473,0.141,0.111,0.00
4222,Pursuer,0.379,0.473,0.131,0.144,0.00
4223,Pursuer,0.379,0.473,0.226,0.162,0.00
4224,Runner,0.379,0.473,0.129,0.151,2.56
4225,Runner,0.379,0.473,0.150,0.147,11.58
4226,Runner,0.380,0.473,0.143,0.148,3.90
4227,Runner,0.380,0.473,0.154,0.117,0.00
4228,Runner,0.380,0.473,0.122,0.113,0.00
4229,Runner,0.380,0.473,0.143,0.110,0.00
4230,Runner,0.380,0.473,0.124,0.130,7.06
4231,Pursuer,0.380,0.473,0.135,0.158,0.00
4232,Runner,0.380,0.473,0.142,0.161,2.48
4233,Runner,0.380,0.472,0.140,0.140,3.32
4234,Runner,0.380,0.472,0.137,0.138,1.76
4235,Pursuer,0.380,0.472,0.156,0.175,0.00
4236,Pursuer,0.380,0.473,0.131,0.154,0.00
4237,Runner,0.380,0.473,0.147,0.085,0.96
4238,Runner,0.381,0.472,0.147,0.154,0.00
4239,Pursuer,0.381,0.473,0.154,0.129,0.00
4240,Pursuer,0.380,0.473,0.161,0.155,0.00
4241,Runner,0.381,0.473,0.147,0.135,10.16
4242,Runner,0.381,0.472,0.129,0.136,0.00
4243,Runner,0.381,0.472,0.120,0.150,2.54
4244,Draw,0.381,0.472,0.147,0.133,12.54
4245,Pursuer,0.381,0.472,0.137,0.138,0.00
4246,Pursuer,0.381,0.472,0.150,0.121,0.00
4247,Pursuer,0.381,0.473,0.185,0.148,0.00
4248,Runner,0.381,0.472,0.137,0.146,0.00
4249,Pursuer,0.381,0.473,0.132,0.129,0.00
4250,Pursuer,0.380,0.473,0.147,0.141,0.00
4251,Runner,0.381,0.473,0.138,0.135,3.26
4252,Runner,0.381,0.472,0.154,0.141,0.00
4253,Runner,0.381,0.472,0.139,0.142,4.66
4254,Runner,0.381,0.472,0.161,0.142,0.00
4255,Runner,0.381,0.472,0.142,0.126,0.00
4256,Pursuer,0.381,0.472,0.162,0.127,0.00
4257,Pursuer,0.381,0.472,0.140,0.163,0.00
4258,Runner,0.381,0.472,0.126,0.145,0.52
4259,Pursuer,0.381,0.472,0.163,0.133,0.00
4260,Draw,0.381,0.472,0.128,0.142,15.30
4261,Runner,0.381,0.472,0.149,0.153,1.22
4262,Runner,0.381,0.472,0.125,0.162,0.00
4263,Runner,0.381,0.472,0.136,0.137,0.04
4264,Runner,0.382,0.472,0.165,0.133,0.00
4265,Pursuer,0.381,0.472,0.146,0.134,0.00
4266,Runner,0.382,0.472,0.110,0.142,0.00
4267,Pursuer,0.382,0.472,0.145,0.143,0.00
4268,Draw,0.381,0.472,0.140,0.136,1.36
4269,Runner,0.382,0.472,0.139,0.167,2.94
4270,Runner,0.382,0.472,0.143,0.132,4.38
4271,Runner,0.382,0.472,0.110,0.129,0.00
4272,Runner,0.382,0.471,0.134,0.139,0.00
4273,Pursuer,0.382,0.472,0.148,0.177,0.00
4274,Runner,0.382,0.471,0.118,0.072,0.00
4275,Draw,0.382,0.471,0.134,0.147,15.94
4276,Pursuer,0.382,0.471,0.127,0.140,0.00
4277,Runner,0.382,0.471,0.117,0.159,0.00
4278,Runner,0.382,0.471,0.154,0.092,0.06
4279,Pursuer,0.382,0.471,0.123,0.141,0.00
4280,Pursuer,0.382,0.471,0.144,0.151,0.00
4281,Pursuer,0.382,0.472,0.130,0.154,0.00
4282,Pursuer,0.382,0.472,0.164,0.193,0.00
4283,Pursuer,0.382,0.472,0.166,0.118,0.00
4284,Pursuer,0.382,0.472,0.155,0.134,0.00
4285,Runner,0.382,0.472,0.124,0.135,3.10
4286,Runner,0.382,0.472,0.124,0.126,2.00
4287,Runner,0.382,0.472,0.142,0.142,1.38
4288,Runner,0.382,0.472,0.146,0.136,8.80
4289,Pursuer,0.382,0.472,0.160,0.138,0.00
4290,Runner,0.382,0.472,0.166,0.129,1.06
4291,Pursuer,0.382,0.472,0.083,0.140,0.00
4292,Pursuer,0.382,0.472,0.123,0.135,0.00
4293,Runner,0.382,0.472,0.164,0.137,3.56
4294,Pursuer,0.382,0.472,0.168,0.152,0.00
4295,Runner,0.382,0.472,0.132,0.122,0.00
4296,Runner,0.382,0.472,0.110,0.136,4.80
4297,Draw,0.382,0.471,0.139,0.155,17.32
4298,Pursuer,0.382,0.472,0.152,0.133,0.00
4299,Runner,0.382,0.472,0.127,0.147,0.48
4300,Runner,0.383,0.471,0.121,0.131,0.82
4301,Pursuer,0.382,0.472,0.114,0.140,0.00
4302,Pursuer,0.382,0.472,0.135,0.135,0.00
4303,Runner,0.383,0.472,0.133,0.135,0.00
4304,Pursuer,0.382,0.472,0.153,0.141,0.00
4305,Pursuer,0.382,0.472,0.147,0.155,0.00
4306,Pursuer,0.382,0.472,0.095,0.119,0.00
4307,Pursuer,0.382,0.472,0.125,0.119,0.00
4308,Runner,0.382,0.472,0.148,0.138,7.46
4309,Pursuer,0.382,0.472,0.150,0.108,0.00
4310,Pursuer,0.382,0.472,0.127,0.152,0.00
4311,Draw,0.382,0.472,0.133,0.147,0.00
4312,Runner,0.382,0.472,0.154,0.137,1.94
4313,Pursuer,0.382,0.472,0.109,0.145,0.00
4314,Pursuer,0.382,0.472,0.125,0.140,0.00
4315,Runner,0.382,0.472,0.133,0.107,0.00
4316,Runner,0.382,0.472,0.137,0.157,3.34
4317,Runner,0.382,0.472,0.125,0.140,1.98
4318,Pursuer,0.382,0.472,0.000,0.000,0.00
4319,Pursuer,0.382,0.472,0.114,0.134,0.00
4320,Runner,0.382,0.472,0.000,0.000,0.00
4321,Pursuer,0.382,0.472,0.217,0.119,0.00
4322,Pursuer,0.382,0.472,0.144,0.123,0.00
4323,Pursuer,0.382,0.472,0.102,0.427,0.00
4324,Runner,0.382,0.472,0.083,0.114,0.00
4325,Pursuer,0.382,0.472,0.138,0.132,0.00
4326,Runner,0.382,0.472,0.141,0.121,1.48
4327,Runner,0.382,0.472,0.147,0.134,0.44
4328,Runner,0.383,0.472,0.098,0.113,0.00
4329,Runner,0.383,0.472,0.130,0.120,0.00
4330,Pursuer,0.383,0.472,0.123,0.135,0.00
4331,Pursuer,0.383,0.472,0.135,0.165,0.00
4332,Pursuer,0.383,0.472,0.140,0.181,0.00
4333,Runner,0.383,0.472,0.130,0.132,0.00
4334,Runner,0.383,0.472,0.126,0.129,1.92
4335,Runner,0.383,0.472,0.145,0.177,0.24
4336,Runner,0.383,0.472,0.118,0.148,1.80
4337,Pursuer,0.383,0.472,0.103,0.114,0.00
4338,Pursuer,0.383,0.472,0.130,0.123,0.00
4339,Pursuer,0.383,0.472,0.159,0.157,0.00
4340,Pursuer,0.383,0.472,0.149,0.129,0.00
4341,Pursuer,0.383,0.472,0.132,0.136,0.00
4342,Runner,0.383,0.472,0.125,0.101,0.00
4343,Draw,0.383,0.472,0.132,0.150,18.98
4344,Pursuer,0.383,0.472,0.145,0.119,0.00
4345,Runner,0.383,0.472,0.149,0.151,2.10
4346,Runner,0.383,0.472,0.161,0.169,0.00
4347,Runner,0.383,0.472,0.153,0.163,2.88
4348,Runner,0.383,0.472,0.155,0.163,0.00
4349,Pursuer,0.383,0.472,0.150,0.078,0.00
4350,Pursuer,0.383,0.472,0.115,0.124,0.00
4351,Pursuer,0.383,0.472,0.140,0.153,0.00
4352,Runner,0.383,0.472,0.172,0.120,0.00
4353,Pursuer,0.383,0.472,0.142,0.136,0.00
4354,Pursuer,0.383,0.472,0.143,0.121,0.00
4355,Runner,0.383,0.472,0.125,0.138,1.44
4356,Runner,0.383,0.472,0.156,0.186,0.54
4357,Pursuer,0.383,0.472,0.000,0.000,0.00
4358,Pursuer,0.383,0.472,0.120,0.171,0.00
4359,Runner,0.383,0.472,0.124,0.134,3.28
4360,Pursuer,0.383,0.472,0.132,0.128,0.00
4361,Runner,0.383,0.472,0.155,0.136,0.06
4362,Runner,0.383,0.472,0.127,0.120,1.28
4363,Runner,0.383,0.472,0.120,0.150,2.94
4364,Runner,0.384,0.472,0.143,0.140,0.00
4365,Pursuer,0.384,0.472,0.136,0.124,0.00
4366,Runner,0.384,0.472,0.126,0.127,4.58
4367,Runner,0.384,0.472,0.150,0.146,1.98
4368,Runner,0.384,0.472,0.136,0.131,0.00
4369,Pursuer,0.384,0.472,0.139,0.144,0.00
4370,Runner,0.384,0.472,0.155,0.138,4.78
4371,Runner,0.384,0.472,0.151,0.139,0.00
4372,Runner,0.384,0.472,0.147,0.138,2.50
4373,Pursuer,0.384,0.472,0.141,0.147,0.00
4374,Pursuer,0.384,0.472,0.130,0.144,0.00
4375,Pursuer,0.384,0.472,0.089,0.112,0.00
4376,Runner,0.384,0.472,0.145,0.127,3.04
4377,Runner,0.384,0.472,0.139,0.118,0.00
4378,Pursuer,0.384,0.472,0.000,0.000,0.00
4379,Pursuer,0.384,0.472,0.145,0.163,0.00
4380,Runner,0.384,0.472,0.143,0.185,0.00
4381,Draw,0.384,0.472,0.144,0.151,19.00
4382,Runner,0.384,0.472,0.103,0.147,1.62
4383,Pursuer,0.384,0.472,0.164,0.126,0.00
4384,Pursuer,0.384,0.472,0.139,0.125,0.00
4385,Pursuer,0.384,0.472,0.139,0.151,0.00
4386,Pursuer,0.384,0.472,0.105,0.129,0.00
4387,Pursuer,0.384,0.472,0.151,0.112,0.00
4388,Pursuer,0.384,0.472,0.114,0.110,0.00
4389,Pursuer,0.384,0.473,0.157,0.147,0.00
4390,Runner,0.384,0.472,0.129,0.125,2.72
4391,Pursuer,0.384,0.473,0.117,0.152,0.00
4392,Runner,0.384,0.472,0.163,0.140,5.46
4393,Runner,0.384,0.472,0.132,0.144,0.00
4394,Runner,0.384,0.472,0.165,0.164,0.00
4395,Pursuer,0.384,0.472,0.144,0.133,0.00
4396,Pursuer,0.384,0.472,0.145,0.118,0.00
4397,Runner,0.384,0.472,0.105,0.154,0.00
4398,Pursuer,0.384,0.472,0.138,0.138,0.00
4399,Runner,0.384,0.472,0.151,0.141,0.74
4400,Runner,0.384,0.472,0.139,0.150,1.12
4401,Runner,0.384,0.472,0.118,0.120,4.70
4402,Pursuer,0.384,0.472,0.153,0.136,0.00
4403,Runner,0.385,0.472,0.158,0.137,0.26
4404,Runner,0.385,0.472,0.134,0.139,10.96
4405,Pursuer,0.385,0.472,0.148,0.123,0.00
4406,Pursuer,0.384,0.472,0.150,0.155,0.00
4407,Pursuer,0.384,0.472,0.130,0.155,0.00
4408,Runner,0.385,0.472,0.161,0.146,1.78
4409,Runner,0.385,0.472,0.150,0.150,0.00
4410,Pursuer,0.385,0.472,0.145,0.144,0.00
4411,Runner,0.385,0.472,0.142,0.118,0.28
4412,Pursuer,0.385,0.472,0.109,0.130,0.00
4413,Pursuer,0.385,0.472,0.131,0.124,0.00
4414,Pursuer,0.384,0.473,0.112,0.152,0.00
4415,Pursuer,0.384,0.473,0.132,0.096,0.00
4416,Pursuer,0.384,0.473,0.129,0.113,0.00
4417,Pursuer,0.384,0.473,0.184,0.157,0.00
4418,Runner,0.384,0.473,0.137,0.148,0.32
4419,Pursuer,0.384,0.473,0.157,0.130,0.00
4420,Pursuer,0.384,0.473,0.093,0.142,0.00
4421,Pursuer,0.384,0.473,0.142,0.133,0.00
4422,Runner,0.384,0.473,0.133,0.135,3.12
4423,Pursuer,0.384,0.473,0.144,0.123,0.00
4424,Pursuer,0.384,0.473,0.146,0.130,0.00
4425,Pursuer,0.384,0.473,0.141,0.152,0.00
4426,Runner,0.384,0.473,0.140,0.118,0.00
4427,Pursuer,0.384,0.473,0.131,0.123,0.00
4428,Pursuer,0.384,0.474,0.124,0.123,0.00
4429,Pursuer,0.384,0.474,0.172,0.102,0.00
4430,Pursuer,0.384,0.474,0.146,0.253,0.00
4431,Runner,0.384,0.474,0.117,0.126,0.00
4432,Runner,0.384,0.474,0.124,0.129,0.00
4433,Runner,0.384,0.473,0.153,0.125,0.00
4434,Pursuer,0.384,0.474,0.117,0.126,0.00
4435,Draw,0.384,0.474,0.140,0.137,16.64
4436,Pursuer,0.384,0.474,0.157,0.149,0.00
4437,Pursuer,0.384,0.474,0.123,0.137,0.00
4438,Pursuer,0.384,0.474,0.151,0.092,0.00
4439,Pursuer,0.384,0.474,0.130,0.145,0.00
4440,Runner,0.384,0.474,0.143,0.133,2.50
4441,Runner,0.384,0.474,0.141,0.104,0.00
4442,Pursuer,0.384,0.474,0.139,0.143,0.00
4443,Pursuer,0.384,0.474,0.183,0.140,0.00
4444,Runner,0.384,0.474,0.192,0.102,0.00
4445,Pursuer,0.384,0.474,0.039,0.058,0.00
4446,Draw,0.384,0.474,0.143,0.136,18.46
4447,Pursuer,0.384,0.474,0.124,0.113,0.00
4448,Runner,0.384,0.474,0.157,0.158,1.32
4449,Runner,0.384,0.474,0.133,0.139,0.00
4450,Pursuer,0.384,0.474,0.141,0.155,0.00
4451,Pursuer,0.384,0.474,0.153,0.104,0.00
4452,Pursuer,0.384,0.474,0.160,0.150,0.00
4453,Runner,0.384,0.474,0.133,0.132,0.72
4454,Pursuer,0.384,0.474,0.000,0.000,0.00
4455,Runner,0.384,0.474,0.138,0.158,4.60
4456,Pursuer,0.384,0.474,0.150,0.119,0.00
4457,Runner,0.384,0.474,0.140,0.139,6.08
4458,Pursuer,0.384,0.474,0.178,0.155,0.00
4459,Runner,0.384,0.474,0.145,0.154,2.16
4460,Pursuer,0.384,0.474,0.153,0.182,0.00
4461,Runner,0.384,0.474,0.139,0.138,1.24
4462,Pursuer,0.384,0.474,0.135,0.164,0.00
4463,Pursuer,0.384,0.474,0.133,0.147,0.00
4464,Runner,0.384,0.474,0.128,0.127,0.00
4465,Pursuer,0.384,0.474,0.148,0.155,0.00
4466,Pursuer,0.384,0.474,0.120,0.149,0.00
4467,Runner,0.384,0.474,0.148,0.136,1.80
4468,Runner,0.384,0.474,0.105,0.127,1.82
4469,Runner,0.384,0.474,0.163,0.122,0.00
4470,Pursuer,0.384,0.474,0.127,0.117,0.00
4471,Runner,0.384,0.474,0.135,0.102,0.00
4472,Runner,0.384,0.474,0.138,0.141,0.00
4473,Pursuer,0.384,0.474,0.156,0.140,0.00
4474,Pursuer,0.384,0.474,0.149,0.136,0.00
4475,Pursuer,0.384,0.474,0.132,0.126,0.00
4476,Pursuer,0.384,0.475,0.140,0.142,0.00
4477,Runner,0.384,0.474,0.130,0.153,0.00
4478,Runner,0.384,0.474,0.165,0.133,3.02
4479,Pursuer,0.384,0.474,0.144,0.125,0.00
4480,Pursuer,0.384,0.475,0.107,0.143,0.00
4481,Runner,0.384,0.474,0.142,0.141,10.16
4482,Pursuer,0.384,0.475,0.149,0.112,0.00
4483,Runner,0.384,0.474,0.132,0.127,2.40
4484,Pursuer,0.384,0.475,0.124,0.128,0.00
4485,Pursuer,0.384,0.475,0.144,0.137,0.00
4486,Pursuer,0.384,0.475,0.147,0.189,0.00
4487,Pursuer,0.384,0.475,0.164,0.206,0.00
4488,Pursuer,0.384,0.475,0.141,0.128,0.00
4489,Runner,0.384,0.475,0.123,0.116,0.00
4490,Pursuer,0.384,0.475,0.146,0.086,0.00
4491,Pursuer,0.384,0.475,0.147,0.158,0.00
4492,Pursuer,0.384,0.475,0.129,0.122,0.00
4493,Runner,0.384,0.475,0.144,0.113,0.96
4494,Pursuer,0.384,0.475,0.000,0.000,0.00
4495,Pursuer,0.384,0.475,0.151,0.137,0.00
4496,Pursuer,0.384,0.476,0.130,0.137,0.00
4497,Runner,0.384,0.475,0.138,0.146,4.76
4498,Runner,0.384,0.475,0.136,0.132,0.80
4499,Pursuer,0.384,0.475,0.157,0.104,0.00
4500,Runner,0.384,0.475,0.141,0.144,7.88
4501,Runner,0.384,0.475,0.127,0.140,1.62
4502,Pursuer,0.384,0.475,0.155,0.112,0.00
4503,Draw,0.384,0.475,0.134,0.156,12.50
4504,Draw,0.384,0.475,0.134,0.148,6.10
4505,Pursuer,0.384,0.475,0.144,0.130,0.00
4506,Draw,0.384,0.475,0.131,0.149,19.98
4507,Runner,0.384,0.475,0.000,0.000,0.00
4508,Pursuer,0.384,0.475,0.152,0.159,0.00
4509,Pursuer,0.384,0.475,0.117,0.138,0.00
4510,Pursuer,0.384,0.475,0.163,0.150,0.00
4511,Pursuer,0.384,0.476,0.126,0.129,0.00
4512,Runner,0.384,0.475,0.141,0.171,1.10
4513,Runner,0.384,0.475,0.152,0.146,1.34
4514,Pursuer,0.384,0.475,0.128,0.135,0.00
4515,Runner,0.384,0.475,0.132,0.136,2.04
4516,Runner,0.384,0.475,0.223,0.149,0.00
4517,Draw,0.384,0.475,0.137,0.148,19.26
4518,Pursuer,0.384,0.475,0.137,0.152,0.00
4519,Pursuer,0.384,0.475,0.124,0.154,0.00
4520,Runner,0.384,0.475,0.149,0.135,3.88
4521,Pursuer,0.384,0.475,0.149,0.127,0.00
4522,Pursuer,0.384,0.475,0.121,0.134,0.00
4523,Pursuer,0.384,0.476,0.118,0.155,0.00
4524,Runner,0.384,0.475,0.129,0.147,2.16
4525,Pursuer,0.384,0.476,0.125,0.045,0.00
4526,Runner,0.384,0.475,0.149,0.139,0.00
4527,Pursuer,0.384,0.476,0.165,0.139,0.00
4528,Pursuer,0.384,0.476,0.214,0.178,0.00
4529,Pursuer,0.384,0.476,0.133,0.132,0.00
4530,Runner,0.384,0.476,0.000,0.000,0.00
4531,Runner,0.384,0.476,0.178,0.121,0.00
4532,Pursuer,0.384,0.476,0.155,0.139,0.00
4533,Pursuer,0.384,0.476,0.130,0.163,0.00
4534,Pursuer,0.384,0.476,0.126,0.126,0.00
4535,Runner,0.384,0.476,0.120,0.089,0.00
4536,Runner,0.384,0.476,0.151,0.153,0.00
4537,Pursuer,0.384,0.476,0.143,0.140,0.00
4538,Runner,0.384,0.476,0.131,0.151,6.68
4539,Runner,0.384,0.476,0.134,0.088,0.00
4540,Runner,0.384,0.476,0.148,0.147,0.00
4541,Pursuer,0.384,0.476,0.139,0.148,0.00
4542,Runner,0.384,0.476,0.101,0.127,0.32
4543,Pursuer,0.384,0.476,0.172,0.164,0.00
4544,Runner,0.384,0.476,0.153,0.183,0.00
4545,Runner,0.384,0.475,0.133,0.109,0.70
4546,Draw,0.384,0.475,0.154,0.135,12.46
4547,Pursuer,0.384,0.475,0.000,0.000,0.00
4548,Runner,0.384,0.475,0.125,0.119,1.30
4549,Runner,0.384,0.475,0.130,0.146,5.56
4550,Runner,0.385,0.475,0.158,0.140,5.66
4551,Runner,0.385,0.475,0.127,0.176,0.00
4552,Runner,0.385,0.475,0.140,0.143,2.26
4553,Draw,0.385,0.475,0.131,0.144,13.70
4554,Pursuer,0.385,0.475,0.136,0.141,0.00
4555,Runner,0.385,0.475,0.129,0.106,0.00
4556,Pursuer,0.385,0.475,0.136,0.129,0.00
4557,Pursuer,0.385,0.475,0.152,0.130,0.00
4558,Runner,0.385,0.475,0.138,0.109,0.00
4559,Runner,0.385,0.475,0.137,0.147,0.00
4560,Pursuer,0.385,0.475,0.116,0.142,0.00
4561,Runner,0.385,0.475,0.104,0.166,1.96
4562,Runner,0.385,0.475,0.141,0.133,5.02
4563,Pursuer,0.385,0.475,0.145,0.131,0.00
4564,Runner,0.385,0.475,0.000,0.000,0.02
4565,Runner,0.385,0.475,0.130,0.168,0.00
4566,Runner,0.385,0.475,0.139,0.149,1.84
4567,Runner,0.386,0.474,0.128,0.139,2.66
4568,Pursuer,0.386,0.475,0.114,0.101,0.00
4569,Runner,0.386,0.475,0.158,0.141,0.00
4570,Runner,0.386,0.474,0.129,0.143,0.00
4571,Runner,0.386,0.474,0.117,0.144,2.72
4572,Pursuer,0.386,0.474,0.134,0.134,0.00
4573,Runner,0.386,0.474,0.147,0.141,2.26
4574,Pursuer,0.386,0.474,0.145,0.143,0.00
4575,Runner,0.386,0.474,0.141,0.163,4.60
4576,Pursuer,0.386,0.474,0.112,0.158,0.00
4577,Runner,0.386,0.474,0.137,0.122,0.00
4578,Pursuer,0.386,0.474,0.137,0.145,0.00
4579,Runner,0.386,0.474,0.150,0.137,0.26
4580,Pursuer,0.386,0.474,0.140,0.125,0.00
4581,Runner,0.386,0.474,0.168,0.144,0.00
4582,Pursuer,0.386,0.474,0.154,0.121,0.00
4583,Pursuer,0.386,0.475,0.145,0.130,0.00
4584,Pursuer,0.386,0.475,0.039,0.298,0.00
4585,Pursuer,0.386,0.475,0.155,0.139,0.00
4586,Pursuer,0.386,0.475,0.161,0.157,0.00
4587,Pursuer,0.386,0.475,0.141,0.147,0.00
4588,Runner,0.386,0.475,0.148,0.141,2.00
4589,Runner,0.386,0.475,0.115,0.198,0.18
4590,Pursuer,0.386,0.475,0.143,0.131,0.00
4591,Runner,0.386,0.475,0.142,0.136,0.08
4592,Runner,0.386,0.475,0.122,0.127,0.60
4593,Runner,0.386,0.475,0.137,0.116,0.00
4594,Runner,0.386,0.475,0.165,0.136,0.00
4595,Pursuer,0.386,0.475,0.105,0.146,0.00
4596,Pursuer,0.386,0.475,0.119,0.142,0.00
4597,Runner,0.386,0.475,0.137,0.142,1.30
4598,Pursuer,0.386,0.475,0.128,0.152,0.00
4599,Pursuer,0.386,0.475,0.140,0.130,0.00
4600,Pursuer,0.386,0.475,0.130,0.128,0.00
4601,Runner,0.386,0.475,0.122,0.139,4.22
4602,Runner,0.386,0.475,0.137,0.137,2.02
4603,Runner,0.386,0.475,0.166,0.141,0.78
4604,Runner,0.387,0.475,0.094,0.157,0.00
4605,Pursuer,0.387,0.475,0.132,0.133,0.00
4606,Pursuer,0.386,0.475,0.138,0.130,0.00
4607,Runner,0.387,0.475,0.146,0.164,1.58
4608,Pursuer,0.387,0.475,0.137,0.130,0.00
4609,Runner,0.387,0.475,0.158,0.146,2.24
4610,Draw,0.387,0.475,0.140,0.153,19.62
4611,Draw,0.386,0.475,0.155,0.145,17.86
4612,Runner,0.387,0.474,0.121,0.124,0.00
4613,Pursuer,0.387,0.475,0.128,0.131,0.00
4614,Pursuer,0.386,0.475,0.130,0.126,0.00
4615,Runner,0.387,0.475,0.155,0.141,0.00
4616,Runner,0.387,0.474,0.141,0.127,0.82
4617,Pursuer,0.387,0.475,0.040,0.173,0.00
4618,Pursuer,0.387,0.475,0.131,0.147,0.00
4619,Runner,0.387,0.475,0.184,0.142,0.00
4620,Runner,0.387,0.474,0.138,0.177,0.00
4621,Pursuer,0.387,0.475,0.163,0.134,0.00
4622,Pursuer,0.387,0.475,0.125,0.142,0.00
4623,Runner,0.387,0.475,0.125,0.139,2.76
4624,Runner,0.387,0.474,0.137,0.159,0.00
4625,Pursuer,0.387,0.475,0.138,0.147,0.00
4626,Pursuer,0.387,0.475,0.139,0.138,0.00
4627,Runner,0.387,0.475,0.138,0.156,5.08
4628,Pursuer,0.387,0.475,0.206,0.161,0.00
4629,Runner,0.387,0.475,0.149,0.141,0.82
4630,Pursuer,0.387,0.475,0.128,0.143,0.00
4631,Pursuer,0.387,0.475,0.160,0.140,0.00
4632,Pursuer,0.387,0.475,0.155,0.140,0.00
4633,Pursuer,0.387,0.475,0.154,0.155,0.00
4634,Pursuer,0.386,0.475,0.155,0.130,0.00
4635,Pursuer,0.386,0.475,0.131,0.135,0.00
4636,Pursuer,0.386,0.475,0.139,0.163,0.00
4637,Runner,0.386,0.475,0.139,0.170,2.36
4638,Pursuer,0.386,0.475,0.000,0.000,0.00
4639,Runner,0.387,0.475,0.132,0.114,0.00
4640,Pursuer,0.386,0.475,0.183,0.136,0.00
4641,Pursuer,0.386,0.476,0.121,0.145,0.00
4642,Pursuer,0.386,0.476,0.143,0.128,0.00
4643,Runner,0.386,0.476,0.127,0.194,0.84
4644,Runner,0.387,0.475,0.135,0.162,0.24
4645,Runner,0.387,0.475,0.137,0.106,2.22
4646,Runner,0.387,0.475,0.140,0.143,0.00
4647,Pursuer,0.387,0.475,0.140,0.142,0.00
4648,Runner,0.387,0.475,0.139,0.161,4.90
4649,Pursuer,0.387,0.475,0.132,0.125,0.00
4650,Pursuer,0.387,0.475,0.133,0.130,0.00
4651,Pursuer,0.387,0.476,0.152,0.156,0.00
4652,Runner,0.387,0.475,0.120,0.153,2.32
4653,Runner,0.387,0.475,0.144,0.144,6.80
4654,Pursuer,0.387,0.476,0.146,0.139,0.00
4655,Runner,0.387,0.475,0.125,0.136,0.00
4656,Runner,0.387,0.475,0.130,0.132,0.00
4657,Pursuer,0.387,0.475,0.122,0.133,0.00
4658,Runner,0.387,0.475,0.142,0.156,0.00
4659,Pursuer,0.387,0.475,0.141,0.130,0.00
4660,Pursuer,0.387,0.476,0.116,0.124,0.00
4661,Runner,0.387,0.475,0.129,0.132,1.64
4662,Runner,0.387,0.475,0.144,0.153,0.04
4663,Draw,0.387,0.475,0.143,0.148,18.94
4664,Pursuer,0.387,0.475,0.146,0.129,0.00
4665,Pursuer,0.387,0.475,0.141,0.137,0.00
4666,Pursuer,0.387,0.476,0.117,0.146,0.00
4667,Draw,0.387,0.475,0.154,0.142,17.08
4668,Pursuer,0.387,0.476,0.000,0.000,0.00
4669,Pursuer,0.387,0.476,0.181,0.171,0.00
4670,Pursuer,0.387,0.476,0.166,0.129,0.00
4671,Runner,0.387,0.476,0.118,0.131,1.80
4672,Pursuer,0.387,0.476,0.178,0.044,0.00
4673,Runner,0.387,0.476,0.121,0.144,1.94
4674,Runner,0.387,0.476,0.127,0.123,0.00
4675,Pursuer,0.387,0.476,0.104,0.099,0.00
4676,Pursuer,0.387,0.476,0.183,0.131,0.00
4677,Pursuer,0.387,0.476,0.133,0.138,0.00
4678,Runner,0.387,0.476,0.153,0.109,0.66
4679,Runner,0.387,0.476,0.156,0.158,3.38
4680,Pursuer,0.387,0.476,0.141,0.140,0.00
4681,Runner,0.387,0.476,0.150,0.137,0.00
4682,Pursuer,0.387,0.476,0.175,0.159,0.00
4683,Pursuer,0.387,0.476,0.143,0.123,0.00
4684,Runner,0.387,0.476,0.111,0.128,1.84
4685,Runner,0.387,0.476,0.157,0.145,0.16
4686,Pursuer,0.387,0.476,0.102,0.129,0.00
4687,Runner,0.387,0.476,0.163,0.085,0.02
4688,Pursuer,0.387,0.476,0.139,0.125,0.00
4689,Pursuer,0.387,0.476,0.132,0.110,0.00
4690,Pursuer,0.387,0.476,0.154,0.158,0.00
4691,Draw,0.387,0.476,0.135,0.153,17.24
4692,Pursuer,0.387,0.476,0.127,0.162,0.00
4693,Draw,0.387,0.476,0.138,0.147,19.98
4694,Pursuer,0.386,0.476,0.146,0.151,0.00
4695,Pursuer,0.386,0.476,0.154,0.182,0.00
4696,Pursuer,0.386,0.476,0.117,0.127,0.00
4697,Runner,0.386,0.476,0.155,0.138,0.00
4698,Pursuer,0.386,0.476,0.000,0.000,0.00
4699,Runner,0.386,0.476,0.135,0.138,0.00
4700,Pursuer,0.386,0.476,0.159,0.142,0.00
4701,Pursuer,0.386,0.476,0.147,0.127,0.00
4702,Pursuer,0.386,0.477,0.133,0.153,0.00
4703,Pursuer,0.386,0.477,0.131,0.132,0.00
4704,Runner,0.386,0.477,0.157,0.140,0.94
4705,Pursuer,0.386,0.477,0.138,0.136,0.00
4706,Runner,0.386,0.477,0.161,0.144,1.22
4707,Pursuer,0.386,0.477,0.131,0.141,0.00
4708,Pursuer,0.386,0.477,0.124,0.164,0.00
4709,Pursuer,0.386,0.477,0.054,0.138,0.00
4710,Pursuer,0.386,0.477,0.128,0.163,0.00
4711,Pursuer,0.386,0.477,0.112,0.145,0.00
4712,Pursuer,0.386,0.477,0.136,0.128,0.00
4713,Pursuer,0.386,0.477,0.168,0.161,0.00
4714,Runner,0.386,0.477,0.155,0.146,0.76
4715,Runner,0.386,0.477,0.130,0.148,0.00
4716,Pursuer,0.386,0.477,0.131,0.131,0.00
4717,Pursuer,0.386,0.477,0.127,0.160,0.00
4718,Runner,0.386,0.477,0.141,0.154,2.34
4719,Pursuer,0.386,0.477,0.150,0.126,0.00
4720,Pursuer,0.386,0.478,0.134,0.163,0.00
4721,Pursuer,0.386,0.478,0.144,0.169,0.00
4722,Runner,0.386,0.478,0.170,0.142,1.10
4723,Pursuer,0.386,0.478,0.000,0.000,0.00
4724,Pursuer,0.386,0.478,0.118,0.079,0.00
4725,Pursuer,0.386,0.478,0.121,0.162,0.00
4726,Pursuer,0.386,0.478,0.167,0.120,0.00
4727,Runner,0.386,0.478,0.128,0.122,0.00
4728,Pursuer,0.386,0.478,0.155,0.136,0.00
4729,Runner,0.386,0.478,0.134,0.140,0.00
4730,Runner,0.386,0.478,0.132,0.117,0.00
4731,Pursuer,0.386,0.478,0.176,0.147,0.00
4732,Runner,0.386,0.478,0.132,0.140,7.06
4733,Runner,0.386,0.478,0.107,0.122,0.00
4734,Pursuer,0.386,0.478,0.317,0.227,0.00
4735,Runner,0.386,0.478,0.137,0.125,0.94
4736,Runner,0.386,0.478,0.153,0.140,1.12
4737,Pursuer,0.386,0.478,0.135,0.146,0.00
4738,Pursuer,0.386,0.478,0.171,0.104,0.00
4739,Pursuer,0.386,0.478,0.143,0.143,0.00
4740,Pursuer,0.386,0.478,0.168,0.088,0.00
4741,Runner,0.386,0.478,0.133,0.158,3.14
4742,Runner,0.386,0.478,0.137,0.130,2.98
4743,Runner,0.386,0.478,0.142,0.143,3.02
4744,Draw,0.386,0.478,0.129,0.142,16.44
4745,Runner,0.386,0.478,0.156,0.120,0.00
4746,Pursuer,0.386,0.478,0.155,0.154,0.00
4747,Pursuer,0.386,0.478,0.176,0.141,0.00
4748,Pursuer,0.386,0.478,0.128,0.150,0.00
4749,Pursuer,0.386,0.478,0.117,0.158,0.00
4750,Pursuer,0.386,0.478,0.107,0.132,0.00
4751,Runner,0.386,0.478,0.142,0.142,0.76
4752,Runner,0.386,0.478,0.135,0.130,0.00
4753,Pursuer,0.386,0.478,0.180,0.171,0.00
4754,Runner,0.386,0.478,0.114,0.147,0.00
4755,Runner,0.386,0.478,0.116,0.135,1.08
4756,Pursuer,0.386,0.478,0.000,0.000,0.00
4757,Runner,0.386,0.478,0.163,0.159,1.58
4758,Pursuer,0.386,0.478,0.148,0.108,0.00
4759,Runner,0.386,0.478,0.136,0.133,3.42
4760,Runner,0.387,0.478,0.167,0.154,0.80
4761,Pursuer,0.386,0.478,0.162,0.148,0.00
4762,Draw,0.386,0.478,0.146,0.143,18.10
4763,Pursuer,0.386,0.478,0.150,0.106,0.00
4764,Pursuer,0.386,0.478,0.146,0.184,0.00
4765,Runner,0.386,0.478,0.110,0.125,1.10
4766,Pursuer,0.386,0.478,0.159,0.140,0.00
4767,Pursuer,0.386,0.478,0.092,0.173,0.00
4768,Pursuer,0.386,0.478,0.089,0.156,0.00
4769,Runner,0.386,0.478,0.143,0.149,3.70
4770,Pursuer,0.386,0.478,0.104,0.155,0.00
4771,Runner,0.386,0.478,0.134,0.160,4.30
4772,Pursuer,0.386,0.478,0.184,0.146,0.00
4773,Runner,0.386,0.478,0.147,0.146,0.00
4774,Runner,0.386,0.478,0.142,0.135,0.00
4775,Runner,0.387,0.478,0.123,0.146,0.52
4776,Runner,0.387,0.478,0.143,0.139,3.04
4777,Pursuer,0.387,0.478,0.108,0.125,0.00
4778,Runner,0.387,0.478,0.159,0.133,2.06
4779,Runner,0.387,0.478,0.150,0.147,0.00
4780,Pursuer,0.387,0.478,0.143,0.139,0.00
4781,Pursuer,0.387,0.478,0.130,0.150,0.00
4782,Runner,0.387,0.478,0.118,0.125,0.08
4783,Runner,0.387,0.478,0.130,0.157,3.30
4784,Pursuer,0.387,0.478,0.151,0.146,0.00
4785,Runner,0.387,0.478,0.133,0.149,1.30
4786,Pursuer,0.387,0.478,0.132,0.130,0.00
4787,Draw,0.387,0.478,0.138,0.131,0.00
4788,Runner,0.387,0.478,0.144,0.133,2.96
4789,Pursuer,0.387,0.478,0.000,0.000,0.00
4790,Runner,0.387,0.478,0.128,0.128,0.00
4791,Runner,0.387,0.478,0.165,0.133,0.00
4792,Runner,0.387,0.477,0.118,0.154,2.08
4793,Runner,0.387,0.477,0.147,0.126,0.00
4794,Runner,0.388,0.477,0.135,0.135,3.04
4795,Pursuer,0.387,0.477,0.167,0.124,0.00
4796,Runner,0.388,0.477,0.133,0.140,5.38
4797,Pursuer,0.388,0.477,0.153,0.153,0.00
4798,Runner,0.388,0.477,0.127,0.144,2.06
4799,Pursuer,0.388,0.477,0.074,0.010,0.00
4800,Pursuer,0.388,0.478,0.128,0.134,0.00
4801,Runner,0.388,0.477,0.143,0.127,3.06
4802,Pursuer,0.388,0.478,0.156,0.144,0.00
4803,Pursuer,0.387,0.478,0.142,0.152,0.00
4804,Pursuer,0.387,0.478,0.141,0.120,0.00
4805,Runner,0.388,0.478,0.122,0.103,1.18
4806,Pursuer,0.387,0.478,0.173,0.160,0.00
4807,Runner,0.388,0.478,0.149,0.143,3.60
4808,Pursuer,0.387,0.478,0.087,0.107,0.00
4809,Runner,0.388,0.478,0.132,0.131,0.62
4810,Runner,0.388,0.478,0.131,0.142,3.46
4811,Runner,0.388,0.477,0.131,0.132,0.00
4812,Pursuer,0.388,0.478,0.134,0.143,0.00
4813,Pursuer,0.388,0.478,0.130,0.174,0.00
4814,Draw,0.388,0.478,0.143,0.141,0.00
4815,Draw,0.388,0.477,0.149,0.144,18.48
4816,Runner,0.388,0.477,0.120,0.108,1.98
4817,Runner,0.388,0.477,0.131,0.153,4.28
4818,Runner,0.388,0.477,0.129,0.125,0.04
4819,Pursuer,0.388,0.477,0.000,0.000,0.00
4820,Runner,0.388,0.477,0.128,0.127,1.22
4821,Pursuer,0.388,0.477,0.113,0.123,0.00
4822,Runner,0.388,0.477,0.167,0.136,2.06
4823,Pursuer,0.388,0.477,0.144,0.128,0.00
4824,Pursuer,0.388,0.477,0.132,0.153,0.00
4825,Runner,0.388,0.477,0.136,0.139,2.48
4826,Pursuer,0.388,0.477,0.139,0.149,0.00
4827,Pursuer,0.388,0.478,0.127,0.142,0.00
4828,Pursuer,0.388,0.478,0.139,0.113,0.00
4829,Pursuer,0.388,0.478,0.185,0.146,0.00
4830,Pursuer,0.388,0.478,0.159,0.154,0.00
4831,Pursuer,0.387,0.478,0.183,0.173,0.00
4832,Runner,0.388,0.478,0.149,0.112,0.48
4833,Runner,0.388,0.478,0.134,0.134,1.74
4834,Runner,0.388,0.478,0.163,0.130,1.44
4835,Runner,0.388,0.478,0.143,0.137,2.06
4836,Pursuer,0.388,0.478,0.153,0.143,0.00
4837,Runner,0.388,0.478,0.154,0.123,0.00
4838,Draw,0.388,0.477,0.129,0.143,18.94
4839,Runner,0.388,0.477,0.166,0.155,0.00
4840,Runner,0.388,0.477,0.166,0.140,0.50
4841,Runner,0.388,0.477,0.151,0.144,0.00
4842,Pursuer,0.388,0.477,0.147,0.128,0.00
4843,Pursuer,0.388,0.477,0.170,0.091,0.00
4844,Pursuer,0.388,0.477,0.121,0.148,0.00
4845,Runner,0.388,0.477,0.116,0.130,0.00
4846,Pursuer,0.388,0.478,0.129,0.130,0.00
4847,Runner,0.388,0.477,0.139,0.157,0.00
4848,Pursuer,0.388,0.478,0.144,0.139,0.00
4849,Pursuer,0.388,0.478,0.156,0.134,0.00
4850,Runner,0.388,0.478,0.000,0.000,0.02
4851,Runner,0.388,0.477,0.130,0.146,2.76
4852,Runner,0.388,0.477,0.135,0.141,0.00
4853,Pursuer,0.388,0.477,0.170,0.104,0.00
4854,Pursuer,0.388,0.478,0.120,0.134,0.00
4855,Runner,0.388,0.477,0.157,0.151,0.00
4856,Draw,0.388,0.477,0.143,0.143,16.90
4857,Pursuer,0.388,0.477,0.127,0.142,0.00
4858,Pursuer,0.388,0.478,0.188,0.157,0.00
4859,Pursuer,0.388,0.478,0.123,0.128,0.00
4860,Runner,0.388,0.478,0.149,0.125,1.12
4861,Pursuer,0.388,0.478,0.169,0.155,0.00
4862,Pursuer,0.388,0.478,0.183,0.145,0.00
4863,Runner,0.388,0.478,0.131,0.125,2.12
4864,Pursuer,0.388,0.478,0.150,0.160,0.00
4865,Runner,0.388,0.478,0.142,0.130,1.06
4866,Pursuer,0.388,0.478,0.136,0.127,0.00
4867,Runner,0.388,0.478,0.158,0.135,0.00
4868,Runner,0.388,0.478,0.099,0.155,2.60
4869,Pursuer,0.388,0.478,0.000,0.000,0.00
4870,Pursuer,0.388,0.478,0.157,0.154,0.00
4871,Runner,0.388,0.478,0.081,0.172,0.00
4872,Pursuer,0.388,0.478,0.162,0.136,0.00
4873,Pursuer,0.388,0.478,0.168,0.126,0.00
4874,Pursuer,0.388,0.478,0.163,0.141,0.00
4875,Runner,0.388,0.478,0.138,0.133,2.28
4876,Pursuer,0.388,0.478,0.141,0.162,0.00
4877,Runner,0.388,0.478,0.136,0.145,3.30
4878,Runner,0.388,0.478,0.149,0.139,0.22
4879,Draw,0.388,0.478,0.142,0.145,14.10
4880,Runner,0.389,0.478,0.176,0.118,0.00
4881,Pursuer,0.388,0.478,0.131,0.128,0.00
4882,Runner,0.389,0.478,0.142,0.142,1.64
4883,Runner,0.389,0.478,0.152,0.117,3.28
4884,Runner,0.389,0.477,0.141,0.152,3.50
4885,Runner,0.389,0.477,0.134,0.119,0.00
4886,Pursuer,0.389,0.477,0.138,0.136,0.00
4887,Runner,0.389,0.477,0.137,0.150,6.66
4888,Runner,0.389,0.477,0.187,0.152,0.00
4889,Runner,0.389,0.477,0.144,0.112,0.00
4890,Pursuer,0.389,0.477,0.147,0.140,0.00
4891,Runner,0.389,0.477,0.128,0.116,0.00
4892,Runner,0.389,0.477,0.120,0.141,4.16
4893,Runner,0.390,0.477,0.137,0.124,0.00
4894,Runner,0.390,0.477,0.158,0.124,2.68
4895,Draw,0.390,0.477,0.144,0.152,15.40
4896,Pursuer,0.390,0.477,0.141,0.132,0.00
4897,Runner,0.390,0.477,0.111,0.108,0.30
4898,Runner,0.390,0.477,0.149,0.128,0.00
4899,Pursuer,0.390,0.477,0.151,0.122,0.00
4900,Pursuer,0.390,0.477,0.373,0.260,0.00
4901,Runner,0.390,0.477,0.133,0.167,1.96
4902,Runner,0.390,0.477,0.141,0.136,3.50
4903,Pursuer,0.390,0.477,0.128,0.142,0.00
4904,Runner,0.390,0.477,0.133,0.144,2.28
4905,Draw,0.390,0.477,0.137,0.126,7.22
4906,Runner,0.390,0.477,0.126,0.127,0.00
4907,Pursuer,0.390,0.477,0.000,0.000,0.00
4908,Runner,0.390,0.477,0.142,0.130,0.00
4909,Pursuer,0.390,0.477,0.138,0.127,0.00
4910,Pursuer,0.390,0.477,0.152,0.138,0.00
4911,Pursuer,0.390,0.477,0.125,0.149,0.00
4912,Runner,0.390,0.477,0.121,0.135,4.42
4913,Pursuer,0.390,0.477,0.000,0.000,0.00
4914,Runner,0.390,0.477,0.149,0.145,1.24
4915,Runner,0.390,0.477,0.079,0.107,0.38
4916,Runner,0.390,0.477,0.135,0.152,0.00
4917,Runner,0.390,0.477,0.124,0.126,0.00
4918,Pursuer,0.390,0.477,0.000,0.000,0.00
4919,Runner,0.390,0.477,0.153,0.166,0.00
4920,Runner,0.390,0.476,0.113,0.113,0.00
4921,Draw,0.390,0.476,0.153,0.154,16.92
4922,Runner,0.390,0.476,0.145,0.110,2.18
4923,Draw,0.390,0.476,0.142,0.150,17.90
4924,Pursuer,0.390,0.476,0.171,0.128,0.00
4925,Pursuer,0.390,0.476,0.125,0.147,0.00
4926,Pursuer,0.390,0.476,0.109,0.144,0.00
4927,Runner,0.390,0.476,0.179,0.158,0.26
4928,Runner,0.390,0.476,0.133,0.122,0.00
4929,Pursuer,0.390,0.476,0.097,0.127,0.00
4930,Runner,0.390,0.476,0.129,0.157,3.14
4931,Pursuer,0.390,0.476,0.161,0.181,0.00
4932,Runner,0.391,0.476,0.134,0.148,0.98
4933,Runner,0.391,0.476,0.163,0.130,0.00
4934,Runner,0.391,0.476,0.147,0.140,2.36
4935,Runner,0.391,0.476,0.142,0.151,1.98
4936,Pursuer,0.391,0.476,0.104,0.110,0.00
4937,Runner,0.391,0.476,0.158,0.139,0.00
4938,Runner,0.391,0.476,0.137,0.104,0.00
4939,Pursuer,0.391,0.476,0.114,0.128,0.00
4940,Runner,0.391,0.476,0.126,0.148,2.58
4941,Pursuer,0.391,0.476,0.114,0.135,0.00
4942,Pursuer,0.391,0.476,0.149,0.131,0.00
4943,Pursuer,0.391,0.476,0.163,0.143,0.00
4944,Runner,0.391,0.476,0.148,0.150,0.00
4945,Runner,0.391,0.476,0.125,0.158,0.00
4946,Draw,0.391,0.476,0.132,0.147,17.48
4947,Pursuer,0.391,0.476,0.081,0.095,0.00
4948,Pursuer,0.391,0.476,0.203,0.126,0.00
4949,Runner,0.391,0.476,0.134,0.142,6.80
4950,Runner,0.391,0.476,0.134,0.135,0.82
4951,Runner,0.391,0.476,0.145,0.135,1.16
4952,Pursuer,0.391,0.476,0.132,0.126,0.00
4953,Pursuer,0.391,0.476,0.138,0.138,0.00
4954,Runner,0.391,0.476,0.131,0.107,0.34
4955,Runner,0.391,0.476,0.116,0.118,0.72
4956,Runner,0.391,0.476,0.148,0.137,0.70
4957,Runner,0.392,0.476,0.150,0.134,0.00
4958,Pursuer,0.391,0.476,0.156,0.144,0.00
4959,Runner,0.392,0.476,0.134,0.137,0.18
4960,Runner,0.392,0.476,0.136,0.132,4.76
4961,Pursuer,0.392,0.476,0.122,0.104,0.00
4962,Runner,0.392,0.476,0.122,0.142,2.68
4963,Pursuer,0.392,0.476,0.154,0.133,0.00
4964,Pursuer,0.392,0.476,0.134,0.155,0.00
4965,Runner,0.392,0.476,0.000,0.000,0.00
4966,Pursuer,0.392,0.476,0.182,0.173,0.00
4967,Pursuer,0.392,0.476,0.152,0.133,0.00
4968,Pursuer,0.392,0.476,0.145,0.142,0.00
4969,Runner,0.392,0.476,0.141,0.123,0.00
4970,Pursuer,0.392,0.476,0.129,0.156,0.00
4971,Pursuer,0.391,0.476,0.146,0.133,0.00
4972,Runner,0.392,0.476,0.122,0.141,2.48
4973,Pursuer,0.392,0.476,0.131,0.145,0.00
4974,Runner,0.392,0.476,0.000,0.000,0.02
4975,Runner,0.392,0.476,0.143,0.156,0.00
4976,Pursuer,0.392,0.476,0.127,0.131,0.00
4977,Pursuer,0.392,0.476,0.142,0.119,0.00
4978,Pursuer,0.392,0.476,0.184,0.188,0.00
4979,Runner,0.392,0.476,0.127,0.132,0.00
4980,Pursuer,0.392,0.476,0.144,0.135,0.00
4981,Pursuer,0.391,0.476,0.147,0.137,0.00
4982,Pursuer,0.391,0.477,0.000,0.000,0.00
4983,Pursuer,0.391,0.477,0.128,0.134,0.00
4984,Pursuer,0.391,0.477,0.165,0.124,0.00
4985,Runner,0.391,0.477,0.146,0.139,2.56
4986,Runner,0.391,0.477,0.123,0.158,1.36
4987,Runner,0.392,0.476,0.124,0.176,0.00
4988,Runner,0.392,0.476,0.131,0.200,0.00
4989,Pursuer,0.392,0.476,0.144,0.146,0.00
4990,Pursuer,0.392,0.477,0.162,0.130,0.00
4991,Pursuer,0.392,0.477,0.138,0.136,0.00
4992,Runner,0.392,0.477,0.156,0.138,2.20
4993,Runner,0.392,0.476,0.116,0.189,0.00
4994,Pursuer,0.392,0.477,0.142,0.151,0.00
4995,Pursuer,0.392,0.477,0.146,0.127,0.00
4996,Runner,0.392,0.477,0.149,0.147,0.00
4997,Pursuer,0.392,0.477,0.155,0.119,0.00
4998,Runner,0.392,0.477,0.132,0.150,5.02
4999,Pursuer,0.392,0.477,0.161,0.127,0.00
5000,Runner,0.392,0.477,0.114,0.147,0.16
5001,Pursuer,0.392,0.477,0.136,0.143,0.00
5002,Runner,0.392,0.477,0.129,0.133,1.66
5003,Draw,0.392,0.477,0.140,0.143,0.00
5004,Pursuer,0.392,0.477,0.142,0.129,0.00
5005,Pursuer,0.392,0.477,0.152,0.130,0.00
5006,Draw,0.392,0.477,0.148,0.138,14.12
5007,Runner,0.392,0.477,0.145,0.121,4.04
5008,Pursuer,0.392,0.477,0.144,0.122,0.00
5009,Runner,0.392,0.477,0.136,0.093,0.00
5010,Runner,0.392,0.476,0.131,0.084,0.00
5011,Pursuer,0.392,0.477,0.164,0.147,0.00
5012,Pursuer,0.392,0.477,0.137,0.125,0.00
5013,Pursuer,0.392,0.477,0.153,0.150,0.00
5014,Pursuer,0.392,0.477,0.150,0.144,0.00
5015,Pursuer,0.391,0.477,0.133,0.146,0.00
5016,Pursuer,0.391,0.477,0.130,0.124,0.00
5017,Pursuer,0.391,0.477,0.144,0.140,0.00
5018,Runner,0.391,0.477,0.138,0.168,0.00
5019,Runner,0.392,0.477,0.135,0.148,1.88
5020,Runner,0.392,0.477,0.151,0.132,1.58
5021,Draw,0.392,0.477,0.151,0.143,18.74
5022,Pursuer,0.391,0.477,0.127,0.141,0.00
5023,Runner,0.392,0.477,0.121,0.161,2.40
5024,Pursuer,0.392,0.477,0.140,0.130,0.00
5025,Runner,0.392,0.477,0.137,0.155,0.00
5026,Pursuer,0.392,0.477,0.101,0.140,0.00
5027,Draw,0.391,0.477,0.151,0.155,18.54
5028,Pursuer,0.391,0.477,0.148,0.146,0.00
5029,Runner,0.392,0.477,0.153,0.126,2.88
5030,Pursuer,0.391,0.477,0.000,0.000,0.00
5031,Runner,0.392,0.477,0.133,0.166,0.10
5032,Runner,0.392,0.477,0.127,0.141,2.08
5033,Runner,0.392,0.477,0.129,0.123,3.08
5034,Runner,0.392,0.477,0.145,0.144,5.10
5035,Pursuer,0.392,0.477,0.125,0.135,0.00
5036,Runner,0.392,0.477,0.129,0.146,0.00
5037,Runner,0.392,0.476,0.126,0.093,0.00
5038,Pursuer,0.392,0.477,0.138,0.129,0.00
5039,Runner,0.392,0.476,0.148,0.135,1.38
5040,Pursuer,0.392,0.477,0.141,0.129,0.00
5041,Pursuer,0.392,0.477,0.142,0.185,0.00
5042,Pursuer,0.392,0.477,0.138,0.121,0.00
5043,Runner,0.392,0.477,0.121,0.129,1.72
5044,Runner,0.392,0.477,0.134,0.122,0.00
5045,Pursuer,0.392,0.477,0.132,0.124,0.00
5046,Pursuer,0.392,0.477,0.148,0.120,0.00
5047,Pursuer,0.392,0.477,0.137,0.136,0.00
5048,Runner,0.392,0.477,0.131,0.130,1.74
5049,Runner,0.392,0.477,0.118,0.127,1.90
5050,Runner,0.392,0.477,0.129,0.140,0.00
5051,Runner,0.392,0.477,0.141,0.124,4.86
5052,Runner,0.393,0.476,0.124,0.155,2.16
5053,Pursuer,0.392,0.477,0.135,0.126,0.00
5054,Pursuer,0.392,0.477,0.123,0.143,0.00
5055,Pursuer,0.392,0.477,0.142,0.133,0.00
5056,Runner,0.392,0.477,0.099,0.154,1.54
5057,Runner,0.393,0.477,0.165,0.159,0.94
5058,Pursuer,0.392,0.477,0.155,0.123,0.00
5059,Draw,0.392,0.477,0.133,0.147,15.80
5060,Pursuer,0.392,0.477,0.140,0.159,0.00
5061,Runner,0.392,0.477,0.143,0.163,0.00
5062,Runner,0.393,0.476,0.129,0.120,0.00
5063,Pursuer,0.392,0.477,0.145,0.148,0.00
5064,Runner,0.393,0.477,0.109,0.164,0.10
5065,Runner,0.393,0.476,0.133,0.158,2.34
5066,Runner,0.393,0.476,0.145,0.112,0.00
5067,Runner,0.393,0.476,0.123,0.154,5.74
5068,Draw,0.393,0.476,0.142,0.141,10.16
5069,Pursuer,0.393,0.476,0.188,0.159,0.00
5070,Pursuer,0.393,0.476,0.107,0.138,0.00
5071,Pursuer,0.393,0.476,0.142,0.133,0.00
5072,Pursuer,0.393,0.477,0.140,0.141,0.00
5073,Pursuer,0.392,0.477,0.099,0.159,0.00
5074,Runner,0.393,0.477,0.123,0.120,0.00
5075,Pursuer,0.393,0.477,0.137,0.096,0.00
5076,Runner,0.393,0.477,0.186,0.099,0.00
5077,Runner,0.393,0.476,0.134,0.131,1.66
5078,Pursuer,0.393,0.477,0.128,0.138,0.00
5079,Runner,0.393,0.476,0.135,0.102,1.82
5080,Pursuer,0.393,0.477,0.138,0.123,0.00
5081,Pursuer,0.393,0.477,0.146,0.143,0.00
5082,Pursuer,0.393,0.477,0.162,0.121,0.00
5083,Pursuer,0.392,0.477,0.161,0.129,0.00
5084,Runner,0.393,0.477,0.136,0.095,0.44
5085,Pursuer,0.393,0.477,0.135,0.143,0.00
5086,Runner,0.393,0.477,0.126,0.138,0.96
5087,Runner,0.393,0.477,0.109,0.153,0.94
5088,Pursuer,0.393,0.477,0.149,0.138,0.00
5089,Pursuer,0.393,0.477,0.121,0.163,0.00
5090,Runner,0.393,0.477,0.104,0.097,0.00
5091,Runner,0.393,0.477,0.137,0.157,4.60
5092,Runner,0.393,0.477,0.144,0.160,0.00
5093,Runner,0.393,0.477,0.123,0.128,0.00
5094,Runner,0.393,0.476,0.134,0.158,2.76
5095,Pursuer,0.393,0.477,0.000,0.000,0.00
5096,Runner,0.393,0.476,0.135,0.134,1.02
5097,Runner,0.393,0.476,0.184,0.125,1.36
5098,Pursuer,0.393,0.476,0.164,0.140,0.00
5099,Runner,0.393,0.476,0.139,0.128,1.46
5100,Pursuer,0.393,0.476,0.137,0.127,0.00
5101,Runner,0.393,0.476,0.116,0.136,0.00
5102,Pursuer,0.393,0.476,0.153,0.135,0.00
5103,Runner,0.393,0.476,0.139,0.151,0.00
5104,Pursuer,0.393,0.476,0.146,0.134,0.00
5105,Pursuer,0.393,0.477,0.166,0.140,0.00
5106,Pursuer,0.393,0.477,0.030,0.067,0.00
5107,Pursuer,0.393,0.477,0.154,0.139,0.00
5108,Pursuer,0.393,0.477,0.136,0.117,0.00
5109,Draw,0.393,0.477,0.143,0.145,15.46
5110,Runner,0.393,0.477,0.137,0.140,0.00
5111,Runner,0.393,0.477,0.157,0.140,0.82
5112,Pursuer,0.393,0.477,0.162,0.141,0.00
5113,Runner,0.393,0.477,0.140,0.114,1.42
5114,Runner,0.393,0.477,0.138,0.124,11.00
5115,Runner,0.394,0.476,0.169,0.145,0.00
5116,Runner,0.394,0.476,0.154,0.119,0.00
5117,Pursuer,0.394,0.476,0.000,0.000,0.00
5118,Runner,0.394,0.476,0.154,0.125,0.00
5119,Runner,0.394,0.476,0.165,0.159,0.00
5120,Draw,0.394,0.476,0.131,0.146,17.52
5121,Pursuer,0.394,0.476,0.135,0.148,0.00
5122,Pursuer,0.394,0.476,0.111,0.141,0.00
5123,Runner,0.394,0.476,0.155,0.140,0.00
5124,Runner,0.394,0.476,0.149,0.153,2.24
5125,Runner,0.394,0.476,0.125,0.150,0.76
5126,Pursuer,0.394,0.476,0.128,0.146,0.00
5127,Runner,0.394,0.476,0.144,0.125,0.00
5128,Pursuer,0.394,0.476,0.158,0.110,0.00
5129,Pursuer,0.394,0.476,0.095,0.116,0.00
5130,Pursuer,0.394,0.476,0.144,0.154,0.00
5131,Pursuer,0.394,0.477,0.132,0.132,0.00
5132,Pursuer,0.394,0.477,0.148,0.120,0.00
5133,Runner,0.394,0.477,0.137,0.151,0.00
5134,Runner,0.394,0.476,0.126,0.132,2.84
5135,Pursuer,0.394,0.477,0.146,0.147,0.00
5136,Runner,0.394,0.476,0.144,0.137,0.00
5137,Runner,0.394,0.476,0.138,0.154,4.38
5138,Draw,0.394,0.476,0.138,0.127,10.42
5139,Pursuer,0.394,0.476,0.147,0.153,0.00
5140,Pursuer,0.394,0.476,0.136,0.145,0.00
5141,Runner,0.394,0.476,0.147,0.132,5.68
5142,Pursuer,0.394,0.476,0.142,0.130,0.00
5143,Runner,0.394,0.476,0.105,0.137,0.00
5144,Pursuer,0.394,0.476,0.137,0.152,0.00
5145,Runner,0.394,0.476,0.144,0.127,6.96
5146,Runner,0.394,0.476,0.135,0.148,9.18
5147,Pursuer,0.394,0.476,0.154,0.129,0.00
5148,Pursuer,0.394,0.476,0.135,0.154,0.00
5149,Pursuer,0.394,0.477,0.141,0.156,0.00
5150,Runner,0.394,0.477,0.147,0.138,0.00
5151,Runner,0.394,0.476,0.150,0.149,1.36
5152,Pursuer,0.394,0.477,0.145,0.145,0.00
5153,Pursuer,0.394,0.477,0.151,0.142,0.00
5154,Pursuer,0.394,0.477,0.131,0.145,0.00
5155,Draw,0.394,0.477,0.145,0.134,12.68
5156,Pursuer,0.394,0.477,0.134,0.099,0.00
5157,Pursuer,0.394,0.477,0.136,0.129,0.00
5158,Runner,0.394,0.477,0.123,0.150,0.00
5159,Pursuer,0.394,0.477,0.150,0.171,0.00
5160,Pursuer,0.394,0.477,0.183,0.146,0.00
5161,Pursuer,0.394,0.477,0.095,0.165,0.00
5162,Runner,0.394,0.477,0.139,0.144,5.00
5163,Runner,0.394,0.477,0.145,0.147,5.64
5164,Pursuer,0.394,0.477,0.116,0.150,0.00
5165,Pursuer,0.394,0.477,0.132,0.138,0.00
5166,Runner,0.394,0.477,0.424,0.644,0.02
5167,Runner,0.394,0.477,0.146,0.130,0.00
5168,Draw,0.394,0.477,0.124,0.125,0.00
5169,Runner,0.394,0.477,0.159,0.138,1.20
5170,Runner,0.394,0.477,0.142,0.134,3.80
5171,Pursuer,0.394,0.477,0.159,0.147,0.00
5172,Runner,0.394,0.477,0.000,0.000,0.00
5173,Runner,0.394,0.477,0.121,0.126,2.60
5174,Pursuer,0.394,0.477,0.110,0.133,0.00
5175,Pursuer,0.394,0.477,0.144,0.122,0.00
5176,Runner,0.394,0.477,0.125,0.142,0.00
5177,Pursuer,0.394,0.477,0.153,0.128,0.00
5178,Runner,0.394,0.477,0.150,0.128,2.84
5179,Runner,0.394,0.477,0.161,0.136,0.54
5180,Runner,0.394,0.476,0.118,0.146,0.00
5181,Runner,0.395,0.476,0.134,0.123,2.32
5182,Pursuer,0.394,0.476,0.199,0.136,0.00
5183,Pursuer,0.394,0.477,0.162,0.139,0.00
5184,Runner,0.394,0.476,0.141,0.164,1.12
5185,Runner,0.395,0.476,0.138,0.130,0.06
5186,Runner,0.395,0.476,0.153,0.131,3.46
5187,Runner,0.395,0.476,0.089,0.080,0.00
5188,Runner,0.395,0.476,0.151,0.149,1.00
5189,Runner,0.395,0.476,0.119,0.111,3.24
5190,Pursuer,0.395,0.476,0.189,0.116,0.00
5191,Runner,0.395,0.476,0.126,0.156,1.98
5192,Runner,0.395,0.476,0.123,0.129,0.38
5193,Pursuer,0.395,0.476,0.138,0.162,0.00
5194,Runner,0.395,0.476,0.000,0.000,0.02
5195,Runner,0.395,0.476,0.145,0.134,2.12
5196,Pursuer,0.395,0.476,0.165,0.145,0.00
5197,Pursuer,0.395,0.476,0.158,0.124,0.00
5198,Pursuer,0.395,0.476,0.125,0.130,0.00
5199,Pursuer,0.395,0.476,0.135,0.102,0.00
5200,Runner,0.395,0.476,0.135,0.146,0.82
5201,Pursuer,0.395,0.476,0.230,0.173,0.00
5202,Runner,0.395,0.476,0.000,0.000,0.00
5203,Runner,0.395,0.476,0.098,0.145,0.00
5204,Pursuer,0.395,0.476,0.155,0.134,0.00
5205,Runner,0.395,0.476,0.133,0.130,3.50
5206,Runner,0.396,0.476,0.144,0.102,0.00
5207,Pursuer,0.395,0.476,0.142,0.150,0.00
5208,Pursuer,0.395,0.476,0.044,0.088,0.00
5209,Pursuer,0.395,0.476,0.161,0.132,0.00
5210,Runner,0.395,0.476,0.173,0.173,0.60
5211,Runner,0.396,0.476,0.131,0.142,2.48
5212,Runner,0.396,0.476,0.128,0.150,0.00
5213,Pursuer,0.396,0.476,0.157,0.127,0.00
5214,Pursuer,0.395,0.476,0.125,0.118,0.00
5215,Runner,0.396,0.476,0.132,0.145,2.84
5216,Runner,0.396,0.476,0.198,0.120,0.00
5217,Pursuer,0.396,0.476,0.131,0.112,0.00
5218,Runner,0.396,0.476,0.145,0.112,0.00
5219,Runner,0.396,0.476,0.067,0.073,0.00
5220,Runner,0.396,0.476,0.141,0.143,1.12
5221,Runner,0.396,0.476,0.124,0.129,1.64
5222,Pursuer,0.396,0.476,0.143,0.159,0.00
5223,Pursuer,0.396,0.476,0.119,0.148,0.00
5224,Pursuer,0.396,0.476,0.147,0.189,0.00
5225,Runner,0.396,0.476,0.126,0.121,2.26
5226,Pursuer,0.396,0.476,0.162,0.115,0.00
5227,Runner,0.396,0.476,0.157,0.157,0.00
5228,Runner,0.396,0.476,0.135,0.132,0.06
5229,Pursuer,0.396,0.476,0.147,0.105,0.00
5230,Pursuer,0.396,0.476,0.116,0.139,0.00
5231,Runner,0.396,0.476,0.154,0.124,5.08
5232,Pursuer,0.396,0.476,0.145,0.109,0.00
5233,Pursuer,0.396,0.476,0.164,0.149,0.00
5234,Runner,0.396,0.476,0.000,0.000,0.00
5235,Pursuer,0.396,0.476,0.133,0.134,0.00
5236,Runner,0.396,0.476,0.124,0.148,0.00
5237,Runner,0.396,0.476,0.079,0.161,0.00
5238,Pursuer,0.396,0.476,0.141,0.135,0.00
5239,Runner,0.396,0.476,0.125,0.110,0.00
5240,Runner,0.396,0.476,0.110,0.110,0.00
5241,Pursuer,0.396,0.476,0.122,0.127,0.00
5242,Pursuer,0.396,0.476,0.117,0.151,0.00
5243,Runner,0.396,0.476,0.128,0.122,0.86
5244,Pursuer,0.396,0.476,0.144,0.128,0.00
5245,Draw,0.396,0.476,0.149,0.145,14.72
5246,Runner,0.396,0.476,0.160,0.132,0.00
5247,Runner,0.396,0.476,0.173,0.112,0.00
5248,Runner,0.397,0.476,0.144,0.128,0.00
5249,Pursuer,0.396,0.476,0.155,0.088,0.00
5250,Pursuer,0.396,0.476,0.176,0.164,0.00
5251,Draw,0.396,0.476,0.141,0.144,18.06
5252,Runner,0.396,0.476,0.148,0.113,0.36
5253,Pursuer,0.396,0.476,0.136,0.158,0.00
5254,Runner,0.396,0.476,0.137,0.128,1.42
5255,Runner,0.397,0.476,0.116,0.180,0.00
5256,Runner,0.397,0.476,0.125,0.116,0.00
5257,Runner,0.397,0.476,0.098,0.134,2.24
5258,Pursuer,0.397,0.476,0.155,0.154,0.00
5259,Pursuer,0.397,0.476,0.115,0.303,0.00
5260,Runner,0.397,0.476,0.133,0.140,2.02
5261,Pursuer,0.397,0.476,0.141,0.156,0.00
5262,Runner,0.397,0.476,0.157,0.123,1.84
5263,Pursuer,0.397,0.476,0.143,0.148,0.00
5264,Pursuer,0.397,0.476,0.132,0.129,0.00
5265,Pursuer,0.397,0.476,0.154,0.139,0.00
5266,Draw,0.397,0.476,0.147,0.159,16.60
5267,Pursuer,0.396,0.476,0.150,0.151,0.00
5268,Runner,0.397,0.476,0.107,0.133,5.54
5269,Runner,0.397,0.476,0.131,0.152,1.58
5270,Draw,0.397,0.476,0.146,0.153,17.90
5271,Pursuer,0.397,0.476,0.114,0.144,0.00
5272,Pursuer,0.396,0.476,0.147,0.137,0.00
5273,Draw,0.396,0.476,0.132,0.143,0.00
5274,Runner,0.396,0.476,0.142,0.143,1.38
5275,Pursuer,0.396,0.476,0.128,0.119,0.00
5276,Runner,0.397,0.476,0.157,0.142,0.00
5277,Runner,0.397,0.476,0.175,0.174,0.00
5278,Pursuer,0.397,0.476,0.145,0.132,0.00
5279,Runner,0.397,0.476,0.186,0.106,0.76
5280,Pursuer,0.397,0.476,0.114,0.141,0.00
5281,Runner,0.397,0.476,0.191,0.140,0.00
5282,Pursuer,0.397,0.476,0.120,0.163,0.00
5283,Pursuer,0.397,0.476,0.166,0.134,0.00
5284,Runner,0.397,0.476,0.145,0.133,3.94
5285,Pursuer,0.397,0.476,0.128,0.126,0.00
5286,Runner,0.397,0.476,0.135,0.152,8.00
5287,Runner,0.397,0.476,0.120,0.126,0.00
5288,Pursuer,0.397,0.476,0.157,0.154,0.00
5289,Pursuer,0.397,0.476,0.204,0.217,0.00
5290,Pursuer,0.397,0.476,0.128,0.128,0.00
5291,Pursuer,0.397,0.476,0.131,0.114,0.00
5292,Pursuer,0.396,0.476,0.149,0.142,0.00
5293,Runner,0.397,0.476,0.134,0.128,4.12
5294,Pursuer,0.396,0.476,0.134,0.135,0.00
5295,Draw,0.396,0.476,0.148,0.149,16.94
5296,Pursuer,0.396,0.476,0.122,0.142,0.00
5297,Pursuer,0.396,0.476,0.138,0.155,0.00
5298,Runner,0.396,0.476,0.108,0.123,0.00
5299,Pursuer,0.396,0.476,0.154,0.125,0.00
5300,Pursuer,0.396,0.476,0.188,0.135,0.00
5301,Pursuer,0.396,0.477,0.145,0.161,0.00
5302,Runner,0.396,0.476,0.202,0.145,0.00
5303,Runner,0.396,0.476,0.148,0.123,0.00
5304,Pursuer,0.396,0.476,0.126,0.128,0.00
5305,Runner,0.396,0.476,0.153,0.112,0.00
5306,Runner,0.397,0.476,0.137,0.139,10.88
5307,Pursuer,0.396,0.476,0.142,0.152,0.00
5308,Runner,0.397,0.476,0.144,0.148,2.70
5309,Pursuer,0.396,0.476,0.121,0.137,0.00
5310,Runner,0.397,0.476,0.136,0.156,4.18
5311,Pursuer,0.397,0.476,0.106,0.159,0.00
5312,Pursuer,0.396,0.476,0.120,0.147,0.00
5313,Runner,0.397,0.476,0.166,0.127,0.42
5314,Runner,0.397,0.476,0.127,0.149,0.00
5315,Pursuer,0.397,0.476,0.141,0.149,0.00
5316,Runner,0.397,0.476,0.127,0.081,0.00
5317,Pursuer,0.397,0.476,0.121,0.146,0.00
5318,Pursuer,0.397,0.476,0.135,0.110,0.00
5319,Pursuer,0.397,0.477,0.127,0.142,0.00
5320,Pursuer,0.396,0.477,0.140,0.107,0.00
5321,Runner,0.397,0.477,0.141,0.141,3.26
5322,Pursuer,0.396,0.477,0.132,0.124,0.00
5323,Runner,0.397,0.477,0.141,0.150,2.46
5324,Pursuer,0.397,0.477,0.144,0.127,0.00
5325,Runner,0.397,0.477,0.148,0.129,0.02
5326,Pursuer,0.397,0.477,0.130,0.145,0.00
5327,Runner,0.397,0.477,0.174,0.146,0.00
5328,Runner,0.397,0.477,0.158,0.133,0.00
5329,Pursuer,0.397,0.477,0.091,0.104,0.00
5330,Runner,0.397,0.477,0.126,0.136,3.00
5331,Draw,0.397,0.476,0.148,0.143,13.82
5332,Pursuer,0.397,0.477,0.137,0.129,0.00
5333,Runner,0.397,0.476,0.142,0.144,7.58
5334,Pursuer,0.397,0.477,0.135,0.156,0.00
5335,Pursuer,0.397,0.477,0.136,0.142,0.00
5336,Pursuer,0.397,0.477,0.150,0.122,0.00
5337,Runner,0.397,0.477,0.166,0.136,1.34
5338,Runner,0.397,0.477,0.144,0.147,3.96
5339,Pursuer,0.397,0.477,0.170,0.177,0.00
5340,Pursuer,0.397,0.477,0.095,0.126,0.00
5341,Runner,0.397,0.477,0.169,0.112,0.00
5342,Pursuer,0.397,0.477,0.140,0.127,0.00
5343,Draw,0.397,0.477,0.129,0.135,14.34
5344,Pursuer,0.397,0.477,0.122,0.139,0.00
5345,Pursuer,0.396,0.477,0.139,0.145,0.00
5346,Runner,0.397,0.477,0.128,0.171,2.14
5347,Runner,0.397,0.477,0.131,0.148,2.78
5348,Pursuer,0.397,0.477,0.089,0.168,0.00
5349,Runner,0.397,0.477,0.119,0.132,2.14
5350,Runner,0.397,0.477,0.124,0.109,0.00
5351,Pursuer,0.397,0.477,0.113,0.101,0.00
5352,Pursuer,0.397,0.477,0.096,0.134,0.00
5353,Runner,0.397,0.477,0.122,0.101,0.00
5354,Runner,0.397,0.477,0.145,0.125,0.00
5355,Pursuer,0.397,0.477,0.145,0.126,0.00
5356,Runner,0.397,0.477,0.115,0.091,0.62
5357,Pursuer,0.397,0.477,0.000,0.000,0.00
5358,Pursuer,0.397,0.477,0.139,0.143,0.00
5359,Pursuer,0.397,0.477,0.148,0.160,0.00
5360,Pursuer,0.397,0.477,0.148,0.131,0.00
5361,Pursuer,0.397,0.477,0.135,0.140,0.00
5362,Pursuer,0.396,0.477,0.155,0.147,0.00
5363,Runner,0.397,0.477,0.126,0.164,4.58
5364,Pursuer,0.397,0.477,0.142,0.113,0.00
5365,Pursuer,0.396,0.477,0.133,0.153,0.00
5366,Runner,0.397,0.477,0.119,0.139,3.68
5367,Pursuer,0.396,0.477,0.000,0.000,0.00
5368,Pursuer,0.396,0.477,0.110,0.136,0.00
5369,Pursuer,0.396,0.478,0.178,0.149,0.00
5370,Pursuer,0.396,0.478,0.128,0.129,0.00
5371,Pursuer,0.396,0.478,0.134,0.155,0.00
5372,Pursuer,0.396,0.478,0.145,0.150,0.00
5373,Pursuer,0.396,0.478,0.147,0.168,0.00
5374,Pursuer,0.396,0.478,0.178,0.159,0.00
5375,Pursuer,0.396,0.478,0.124,0.138,0.00
5376,Runner,0.396,0.478,0.110,0.183,0.00
5377,Runner,0.396,0.478,0.133,0.138,0.00
5378,Pursuer,0.396,0.478,0.131,0.197,0.00
5379,Pursuer,0.396,0.478,0.141,0.133,0.00
5380,Draw,0.396,0.478,0.137,0.147,17.96
5381,Runner,0.396,0.478,0.000,0.000,0.00
5382,Runner,0.396,0.478,0.140,0.132,0.00
5383,Pursuer,0.396,0.478,0.140,0.146,0.00
5384,Runner,0.396,0.478,0.117,0.143,4.08
5385,Pursuer,0.396,0.478,0.140,0.135,0.00
5386,Runner,0.396,0.478,0.134,0.167,0.70
5387,Runner,0.396,0.478,0.145,0.145,2.54
5388,Pursuer,0.396,0.478,0.154,0.116,0.00
5389,Runner,0.396,0.478,0.177,0.139,0.00
5390,Runner,0.396,0.478,0.131,0.151,0.00
5391,Pursuer,0.396,0.478,0.143,0.118,0.00
5392,Runner,0.397,0.478,0.162,0.154,0.00
5393,Pursuer,0.396,0.478,0.120,0.136,0.00
5394,Pursuer,0.396,0.478,0.133,0.138,0.00
5395,Runner,0.396,0.478,0.169,0.148,0.00
5396,Runner,0.397,0.478,0.142,0.127,3.36
5397,Pursuer,0.397,0.478,0.185,0.234,0.00
5398,Runner,0.397,0.478,0.151,0.129,0.00
5399,Draw,0.397,0.478,0.140,0.150,18.00
5400,Runner,0.397,0.478,0.117,0.147,3.14
5401,Pursuer,0.397,0.478,0.129,0.098,0.00
5402,Pursuer,0.397,0.478,0.087,0.325,0.00
5403,Runner,0.397,0.478,0.158,0.125,0.38
5404,Runner,0.397,0.478,0.124,0.134,0.00
5405,Runner,0.397,0.478,0.140,0.141,3.74
5406,Pursuer,0.397,0.478,0.146,0.134,0.00
5407,Pursuer,0.397,0.478,0.115,0.120,0.00
5408,Runner,0.397,0.478,0.157,0.116,2.76
5409,Runner,0.397,0.478,0.120,0.140,0.00
5410,Pursuer,0.397,0.478,0.129,0.123,0.00
5411,Runner,0.397,0.478,0.123,0.164,4.18
5412,Pursuer,0.397,0.478,0.114,0.121,0.00
5413,Runner,0.397,0.478,0.148,0.143,4.18
5414,Runner,0.397,0.477,0.162,0.156,0.34
5415,Pursuer,0.397,0.478,0.000,0.000,0.00
5416,Runner,0.397,0.477,0.118,0.146,0.74
5417,Runner,0.397,0.477,0.179,0.152,0.00
5418,Runner,0.397,0.477,0.156,0.122,0.84
5419,Pursuer,0.397,0.477,0.129,0.134,0.00
5420,Runner,0.397,0.477,0.132,0.135,5.76
5421,Runner,0.398,0.477,0.151,0.133,0.00
5422,Runner,0.398,0.477,0.137,0.162,4.94
5423,Pursuer,0.398,0.477,0.129,0.154,0.00
5424,Pursuer,0.397,0.477,0.138,0.150,0.00
5425,Runner,0.398,0.477,0.141,0.151,0.00
5426,Runner,0.398,0.477,0.133,0.164,1.18
5427,Pursuer,0.398,0.477,0.127,0.147,0.00
5428,Pursuer,0.398,0.477,0.138,0.141,0.00
5429,Runner,0.398,0.477,0.123,0.134,0.00
5430,Pursuer,0.398,0.477,0.123,0.127,0.00
5431,Pursuer,0.398,0.477,0.136,0.167,0.00
5432,Runner,0.398,0.477,0.125,0.142,0.60
5433,Runner,0.398,0.477,0.147,0.123,8.96
5434,Pursuer,0.398,0.477,0.219,0.151,0.00
5435,Pursuer,0.398,0.477,0.128,0.167,0.00
5436,Pursuer,0.398,0.478,0.133,0.123,0.00
5437,Runner,0.398,0.477,0.133,0.116,1.64
5438,Pursuer,0.398,0.478,0.138,0.127,0.00
5439,Runner,0.398,0.477,0.143,0.158,3.88
5440,Pursuer,0.398,0.478,0.116,0.129,0.00
5441,Runner,0.398,0.477,0.125,0.135,1.20
5442,Pursuer,0.398,0.478,0.167,0.172,0.00
5443,Pursuer,0.398,0.478,0.151,0.141,0.00
5444,Runner,0.398,0.478,0.140,0.138,0.86
5445,Pursuer,0.398,0.478,0.183,0.164,0.00
5446,Draw,0.398,0.478,0.147,0.136,14.14
5447,Pursuer,0.397,0.478,0.135,0.122,0.00
5448,Runner,0.398,0.478,0.136,0.127,0.00
5449,Pursuer,0.398,0.478,0.149,0.135,0.00
5450,Runner,0.398,0.478,0.148,0.123,0.34
5451,Pursuer,0.398,0.478,0.152,0.164,0.00
5452,Runner,0.398,0.478,0.135,0.145,0.00
5453,Pursuer,0.398,0.478,0.143,0.138,0.00
5454,Pursuer,0.398,0.478,0.136,0.124,0.00
5455,Draw,0.397,0.478,0.139,0.134,14.92
5456,Pursuer,0.397,0.478,0.155,0.120,0.00
5457,Runner,0.397,0.478,0.122,0.177,4.82
5458,Pursuer,0.397,0.478,0.138,0.137,0.00
5459,Runner,0.398,0.478,0.095,0.123,0.00
5460,Runner,0.398,0.478,0.137,0.146,0.00
5461,Runner,0.398,0.478,0.133,0.122,2.30
5462,Runner,0.398,0.477,0.134,0.143,0.00
5463,Draw,0.398,0.477,0.147,0.138,17.98
5464,Runner,0.398,0.477,0.130,0.145,0.00
5465,Pursuer,0.398,0.477,0.145,0.157,0.00
5466,Pursuer,0.398,0.477,0.169,0.128,0.00
5467,Runner,0.398,0.477,0.125,0.153,0.00
5468,Runner,0.398,0.477,0.134,0.144,4.32
5469,Pursuer,0.398,0.477,0.171,0.144,0.00
5470,Runner,0.398,0.477,0.000,0.000,0.02
5471,Runner,0.398,0.477,0.122,0.130,3.96
5472,Pursuer,0.398,0.477,0.101,0.130,0.00
5473,Pursuer,0.398,0.477,0.156,0.150,0.00
5474,Pursuer,0.398,0.478,0.123,0.126,0.00
5475,Runner,0.398,0.477,0.130,0.124,0.00
5476,Pursuer,0.398,0.478,0.152,0.135,0.00
5477,Pursuer,0.398,0.478,0.120,0.139,0.00
5478,Pursuer,0.398,0.478,0.082,0.126,0.00
5479,Pursuer,0.398,0.478,0.138,0.145,0.00
5480,Runner,0.398,0.478,0.162,0.135,0.06
5481,Pursuer,0.398,0.478,0.131,0.137,0.00
5482,Runner,0.398,0.478,0.126,0.114,3.92
5483,Runner,0.398,0.478,0.132,0.139,3.24
5484,Pursuer,0.398,0.478,0.171,0.119,0.00
5485,Runner,0.398,0.478,0.143,0.128,0.00
5486,Pursuer,0.398,0.478,0.163,0.133,0.00
5487,Runner,0.398,0.478,0.152,0.133,1.36
5488,Runner,0.398,0.478,0.127,0.147,1.60
5489,Pursuer,0.398,0.478,0.146,0.141,0.00
5490,Runner,0.398,0.478,0.146,0.150,1.94
5491,Runner,0.398,0.478,0.141,0.126,0.00
5492,Runner,0.398,0.477,0.131,0.147,2.22
5493,Runner,0.399,0.477,0.145,0.152,0.00
5494,Runner,0.399,0.477,0.144,0.152,1.50
5495,Pursuer,0.399,0.477,0.154,0.154,0.00
5496,Pursuer,0.398,0.477,0.119,0.152,0.00
5497,Pursuer,0.398,0.478,0.137,0.129,0.00
5498,Runner,0.399,0.477,0.152,0.140,0.00
5499,Runner,0.399,0.477,0.150,0.125,5.24
5500,Pursuer,0.399,0.477,0.000,0.000,0.00
5501,Runner,0.399,0.477,0.130,0.134,2.32
5502,Pursuer,0.399,0.477,0.168,0.175,0.00
5503,Runner,0.399,0.477,0.130,0.152,7.72
5504,Runner,0.399,0.477,0.105,0.184,0.00
5505,Pursuer,0.399,0.477,0.432,0.177,0.00
5506,Runner,0.399,0.477,0.143,0.109,0.20
5507,Pursuer,0.399,0.477,0.152,0.109,0.00
5508,Runner,0.399,0.477,0.139,0.122,0.02
5509,Draw,0.399,0.477,0.164,0.144,16.82
5510,Pursuer,0.399,0.477,0.109,0.135,0.00
5511,Runner,0.399,0.477,0.137,0.111,0.00
5512,Pursuer,0.399,0.477,0.163,0.134,0.00
5513,Pursuer,0.399,0.477,0.155,0.093,0.00
5514,Pursuer,0.399,0.478,0.141,0.119,0.00
5515,Runner,0.399,0.477,0.123,0.131,2.12
5516,Pursuer,0.399,0.478,0.159,0.137,0.00
5517,Runner,0.399,0.477,0.130,0.129,1.66
5518,Runner,0.399,0.477,0.194,0.107,0.64
5519,Pursuer,0.399,0.477,0.128,0.117,0.00
5520,Pursuer,0.399,0.478,0.157,0.094,0.00
5521,Pursuer,0.399,0.478,0.139,0.114,0.00
5522,Pursuer,0.399,0.478,0.189,0.162,0.00
5523,Pursuer,0.399,0.478,0.135,0.145,0.00
5524,Pursuer,0.398,0.478,0.153,0.167,0.00
5525,Pursuer,0.398,0.478,0.069,0.192,0.00
5526,Runner,0.398,0.478,0.128,0.133,2.32
5527,Pursuer,0.398,0.478,0.153,0.138,0.00
5528,Pursuer,0.398,0.478,0.127,0.125,0.00
5529,Pursuer,0.398,0.478,0.169,0.137,0.00
5530,Runner,0.398,0.478,0.136,0.088,0.00
5531,Runner,0.398,0.478,0.267,0.647,0.00
5532,Pursuer,0.398,0.478,0.163,0.161,0.00
5533,Runner,0.399,0.478,0.136,0.107,0.82
5534,Runner,0.399,0.478,0.108,0.118,0.00
5535,Runner,0.399,0.478,0.140,0.138,7.44
5536,Pursuer,0.399,0.478,0.136,0.168,0.00
5537,Runner,0.399,0.478,0.142,0.111,3.68
5538,Draw,0.399,0.478,0.150,0.148,19.34
5539,Pursuer,0.399,0.478,0.149,0.117,0.00
5540,Pursuer,0.399,0.478,0.130,0.134,0.00
5541,Pursuer,0.398,0.478,0.134,0.143,0.00
5542,Runner,0.399,0.478,0.154,0.105,0.10
5543,Runner,0.399,0.478,0.128,0.137,5.62
5544,Runner,0.399,0.478,0.136,0.130,0.00
5545,Runner,0.399,0.478,0.093,0.134,1.82
5546,Runner,0.399,0.478,0.157,0.144,0.00
5547,Pursuer,0.399,0.478,0.128,0.080,0.00
5548,Pursuer,0.399,0.478,0.140,0.134,0.00
5549,Runner,0.399,0.478,0.169,0.149,1.40
5550,Runner,0.399,0.478,0.161,0.159,0.00
5551,Runner,0.399,0.478,0.178,0.152,0.00
5552,Runner,0.399,0.477,0.130,0.136,0.58
5553,Pursuer,0.399,0.478,0.156,0.130,0.00
5554,Pursuer,0.399,0.478,0.164,0.105,0.00
5555,Pursuer,0.399,0.478,0.115,0.126,0.00
5556,Runner,0.399,0.478,0.182,0.144,0.00
5557,Pursuer,0.399,0.478,0.146,0.102,0.00
5558,Pursuer,0.399,0.478,0.119,0.113,0.00
5559,Pursuer,0.399,0.478,0.157,0.125,0.00
5560,Pursuer,0.399,0.478,0.118,0.133,0.00
5561,Pursuer,0.399,0.478,0.126,0.126,0.00
5562,Pursuer,0.399,0.478,0.150,0.155,0.00
5563,Pursuer,0.399,0.478,0.124,0.135,0.00
5564,Runner,0.399,0.478,0.121,0.155,0.00
5565,Runner,0.399,0.478,0.146,0.112,0.00
5566,Pursuer,0.399,0.478,0.136,0.127,0.00
5567,Pursuer,0.399,0.478,0.147,0.133,0.00
5568,Runner,0.399,0.478,0.142,0.123,1.12
5569,Runner,0.399,0.478,0.143,0.148,1.54
5570,Runner,0.399,0.478,0.160,0.127,0.00
5571,Runner,0.399,0.478,0.124,0.120,0.00
5572,Pursuer,0.399,0.478,0.103,0.020,0.00
5573,Pursuer,0.399,0.478,0.220,0.123,0.00
5574,Pursuer,0.399,0.478,0.086,0.113,0.00
5575,Pursuer,0.399,0.478,0.151,0.115,0.00
5576,Pursuer,0.399,0.478,0.117,0.111,0.00
5577,Runner,0.399,0.478,0.142,0.137,0.50
5578,Runner,0.399,0.478,0.179,0.165,0.00
5579,Pursuer,0.399,0.478,0.164,0.140,0.00
5580,Runner,0.399,0.478,0.136,0.130,0.22
5581,Runner,0.399,0.478,0.133,0.135,5.38
5582,Pursuer,0.399,0.478,0.133,0.142,0.00
5583,Runner,0.399,0.478,0.120,0.138,1.66
5584,Runner,0.399,0.478,0.149,0.121,1.92
5585,Pursuer,0.399,0.478,0.137,0.145,0.00
5586,Pursuer,0.399,0.478,0.123,0.119,0.00
5587,Pursuer,0.399,0.478,0.171,0.113,0.00
5588,Pursuer,0.399,0.479,0.138,0.126,0.00
5589,Runner,0.399,0.478,0.103,0.143,0.44
5590,Runner,0.399,0.478,0.129,0.129,9.52
5591,Pursuer,0.399,0.478,0.107,0.132,0.00
5592,Runner,0.399,0.478,0.144,0.140,0.00
5593,Runner,0.399,0.478,0.162,0.135,0.00
5594,Pursuer,0.399,0.478,0.110,0.127,0.00
5595,Pursuer,0.399,0.478,0.139,0.137,0.00
5596,Pursuer,0.399,0.479,0.096,0.081,0.00
5597,Pursuer,0.399,0.479,0.143,0.117,0.00
5598,Pursuer,0.399,0.479,0.147,0.146,0.00
5599,Pursuer,0.399,0.479,0.111,0.135,0.00
5600,Runner,0.399,0.479,0.160,0.138,0.00
5601,Runner,0.399,0.479,0.140,0.120,0.00
5602,Pursuer,0.399,0.479,0.089,0.139,0.00
5603,Runner,0.399,0.479,0.125,0.152,0.36
5604,Pursuer,0.399,0.479,0.143,0.130,0.00
5605,Runner,0.399,0.479,0.121,0.132,2.18
5606,Draw,0.399,0.479,0.135,0.143,12.28
5607,Runner,0.399,0.479,0.149,0.117,0.00
5608,Pursuer,0.399,0.479,0.120,0.149,0.00
5609,Runner,0.399,0.479,0.145,0.143,1.42
5610,Runner,0.399,0.478,0.124,0.121,0.00
5611,Runner,0.400,0.478,0.125,0.142,1.66
5612,Pursuer,0.400,0.478,0.175,0.126,0.00
5613,Runner,0.400,0.478,0.126,0.151,0.00
5614,Runner,0.400,0.478,0.136,0.138,2.50
5615,Pursuer,0.400,0.478,0.115,0.106,0.00
5616,Pursuer,0.400,0.478,0.149,0.139,0.00
5617,Runner,0.400,0.478,0.156,0.146,0.00
5618,Runner,0.400,0.478,0.150,0.155,0.64
5619,Runner,0.400,0.478,0.116,0.129,0.00
5620,Runner,0.400,0.478,0.126,0.128,2.16
5621,Pursuer,0.400,0.478,0.187,0.247,0.00
5622,Runner,0.400,0.478,0.134,0.160,4.30
5623,Pursuer,0.400,0.478,0.149,0.153,0.00
5624,Pursuer,0.400,0.478,0.141,0.161,0.00
5625,Draw,0.400,0.478,0.145,0.137,14.64
5626,Runner,0.400,0.478,0.132,0.139,4.26
5627,Runner,0.400,0.478,0.120,0.120,0.54
5628,Pursuer,0.400,0.478,0.190,0.169,0.00
5629,Runner,0.400,0.478,0.125,0.121,0.00
5630,Runner,0.400,0.478,0.157,0.155,0.00
5631,Pursuer,0.400,0.478,0.176,0.106,0.00
5632,Pursuer,0.400,0.478,0.348,0.061,0.00
5633,Runner,0.400,0.478,0.138,0.126,0.00
5634,Runner,0.400,0.478,0.129,0.138,0.02
5635,Runner,0.400,0.478,0.137,0.121,2.08
5636,Runner,0.400,0.478,0.140,0.134,1.24
5637,Pursuer,0.400,0.478,0.000,0.000,0.00
5638,Pursuer,0.400,0.478,0.191,0.140,0.00
5639,Pursuer,0.400,0.478,0.122,0.150,0.00
5640,Pursuer,0.400,0.478,0.129,0.118,0.00
5641,Runner,0.400,0.478,0.124,0.143,3.50
5642,Runner,0.400,0.478,0.118,0.143,1.08
5643,Pursuer,0.400,0.478,0.000,0.000,0.00
5644,Runner,0.400,0.478,0.118,0.130,1.52
5645,Runner,0.401,0.478,0.133,0.146,1.04
5646,Pursuer,0.400,0.478,0.129,0.134,0.00
5647,Runner,0.401,0.478,0.119,0.145,3.62
5648,Runner,0.401,0.478,0.140,0.134,0.00
5649,Draw,0.401,0.478,0.149,0.142,18.34
5650,Runner,0.401,0.478,0.159,0.148,0.44
5651,Pursuer,0.401,0.478,0.000,0.000,0.00
5652,Runner,0.401,0.478,0.119,0.154,1.54
5653,Runner,0.401,0.478,0.151,0.146,0.64
5654,Runner,0.401,0.478,0.115,0.102,0.74
5655,Pursuer,0.401,0.478,0.153,0.141,0.00
5656,Pursuer,0.401,0.478,0.136,0.144,0.00
5657,Runner,0.401,0.478,0.123,0.124,0.00
5658,Runner,0.401,0.478,0.132,0.148,0.00
5659,Pursuer,0.401,0.478,0.109,0.104,0.00
5660,Runner,0.401,0.478,0.164,0.104,0.92
5661,Runner,0.401,0.477,0.145,0.125,4.72
5662,Runner,0.401,0.477,0.145,0.169,7.08
5663,Runner,0.401,0.477,0.130,0.145,0.00
5664,Runner,0.401,0.477,0.399,0.204,0.00
5665,Pursuer,0.401,0.477,0.134,0.126,0.00
5666,Runner,0.402,0.477,0.155,0.130,2.74
5667,Pursuer,0.401,0.477,0.139,0.127,0.00
5668,Runner,0.402,0.477,0.162,0.106,0.00
5669,Runner,0.402,0.477,0.120,0.111,1.40
5670,Pursuer,0.402,0.477,0.152,0.121,0.00
5671,Runner,0.402,0.477,0.154,0.118,0.00
5672,Runner,0.402,0.477,0.136,0.136,1.88
5673,Runner,0.402,0.477,0.139,0.127,0.30
5674,Runner,0.402,0.477,0.109,0.133,2.02
5675,Pursuer,0.402,0.477,0.126,0.138,0.00
5676,Runner,0.402,0.477,0.114,0.118,0.12
5677,Pursuer,0.402,0.477,0.154,0.152,0.00
5678,Runner,0.402,0.477,0.134,0.114,0.00
5679,Runner,0.402,0.477,0.132,0.112,0.00
5680,Runner,0.402,0.477,0.116,0.143,0.00
5681,Runner,0.402,0.477,0.192,0.144,0.00
5682,Pursuer,0.402,0.477,0.125,0.140,0.00
5683,Draw,0.402,0.477,0.142,0.143,12.44
5684,Pursuer,0.402,0.477,0.149,0.138,0.00
5685,Pursuer,0.402,0.477,0.131,0.102,0.00
5686,Pursuer,0.402,0.477,0.160,0.127,0.00
5687,Runner,0.402,0.477,0.146,0.123,2.22
5688,Runner,0.402,0.477,0.106,0.128,2.40
5689,Runner,0.402,0.477,0.144,0.123,1.44
5690,Draw,0.402,0.477,0.145,0.149,17.78
5691,Pursuer,0.402,0.477,0.145,0.136,0.00
5692,Runner,0.402,0.477,0.143,0.163,0.00
5693,Pursuer,0.402,0.477,0.167,0.174,0.00
5694,Pursuer,0.402,0.477,0.125,0.155,0.00
5695,Runner,0.402,0.477,0.133,0.102,0.32
5696,Runner,0.402,0.477,0.147,0.140,2.64
5697,Runner,0.402,0.477,0.180,0.124,0.00
5698,Pursuer,0.402,0.477,0.136,0.110,0.00
5699,Pursuer,0.402,0.477,0.121,0.122,0.00
5700,Runner,0.402,0.477,0.136,0.127,0.88
5701,Runner,0.403,0.477,0.140,0.158,0.00
5702,Pursuer,0.402,0.477,0.095,0.115,0.00
5703,Pursuer,0.402,0.477,0.138,0.139,0.00
5704,Runner,0.403,0.477,0.129,0.143,1.96
5705,Pursuer,0.402,0.477,0.162,0.157,0.00
5706,Pursuer,0.402,0.477,0.137,0.141,0.00
5707,Runner,0.402,0.477,0.000,0.000,0.00
5708,Pursuer,0.402,0.477,0.142,0.131,0.00
5709,Runner,0.403,0.477,0.123,0.135,0.00
5710,Pursuer,0.402,0.477,0.096,0.138,0.00
5711,Draw,0.402,0.477,0.146,0.145,13.98
5712,Pursuer,0.402,0.477,0.166,0.111,0.00
5713,Pursuer,0.402,0.477,0.133,0.102,0.00
5714,Runner,0.402,0.477,0.140,0.114,0.00
5715,Runner,0.402,0.477,0.117,0.137,1.50
5716,Runner,0.403,0.477,0.143,0.125,4.14
5717,Pursuer,0.402,0.477,0.128,0.126,0.00
5718,Pursuer,0.402,0.477,0.113,0.117,0.00
5719,Runner,0.403,0.477,0.136,0.118,0.00
5720,Pursuer,0.402,0.477,0.153,0.129,0.00
5721,Pursuer,0.402,0.477,0.132,0.139,0.00
5722,Pursuer,0.402,0.477,0.140,0.129,0.00
5723,Pursuer,0.402,0.477,0.117,0.175,0.00
5724,Runner,0.402,0.477,0.173,0.137,0.00
5725,Pursuer,0.402,0.477,0.119,0.134,0.00
5726,Runner,0.402,0.477,0.132,0.144,0.62
5727,Draw,0.402,0.477,0.137,0.152,19.62
5728,Runner,0.402,0.477,0.166,0.134,0.52
5729,Runner,0.403,0.477,0.152,0.170,2.18
5730,Pursuer,0.402,0.477,0.000,0.000,0.00
5731,Pursuer,0.402,0.477,0.140,0.119,0.00
5732,Draw,0.402,0.477,0.148,0.136,10.92
5733,Runner,0.402,0.477,0.133,0.145,0.00
5734,Pursuer,0.402,0.477,0.105,0.139,0.00
5735,Pursuer,0.402,0.477,0.152,0.209,0.00
5736,Runner,0.402,0.477,0.128,0.144,2.20
5737,Pursuer,0.402,0.477,0.072,0.031,0.00
5738,Pursuer,0.402,0.477,0.120,0.134,0.00
5739,Pursuer,0.402,0.477,0.128,0.137,0.00
5740,Pursuer,0.402,0.477,0.157,0.153,0.00
5741,Runner,0.402,0.477,0.184,0.140,0.00
5742,Pursuer,0.402,0.477,0.159,0.117,0.00
5743,Runner,0.402,0.477,0.142,0.156,0.00
5744,Runner,0.402,0.477,0.120,0.137,6.48
5745,Runner,0.402,0.477,0.200,0.133,0.00
5746,Pursuer,0.402,0.477,0.137,0.126,0.00
5747,Pursuer,0.402,0.477,0.132,0.130,0.00
5748,Runner,0.402,0.477,0.139,0.119,0.00
5749,Pursuer,0.402,0.477,0.143,0.116,0.00
5750,Pursuer,0.402,0.477,0.150,0.115,0.00
5751,Pursuer,0.402,0.477,0.029,0.087,0.00
5752,Runner,0.402,0.477,0.000,0.000,0.00
5753,Pursuer,0.402,0.477,0.151,0.127,0.00
5754,Pursuer,0.402,0.478,0.091,0.128,0.00
5755,Pursuer,0.402,0.478,0.100,0.146,0.00
5756,Pursuer,0.402,0.478,0.111,0.138,0.00
5757,Pursuer,0.402,0.478,0.146,0.123,0.00
5758,Pursuer,0.402,0.478,0.141,0.141,0.00
5759,Pursuer,0.402,0.478,0.147,0.108,0.00
5760,Runner,0.402,0.478,0.122,0.144,0.52
5761,Runner,0.402,0.478,0.139,0.118,0.00
5762,Runner,0.402,0.478,0.123,0.129,6.68
5763,Runner,0.402,0.478,0.145,0.133,3.08
5764,Runner,0.402,0.478,0.125,0.148,1.84
5765,Runner,0.402,0.478,0.103,0.166,0.00
5766,Runner,0.403,0.477,0.166,0.140,0.00
5767,Runner,0.403,0.477,0.151,0.127,1.18
5768,Runner,0.403,0.477,0.131,0.116,1.00
5769,Runner,0.403,0.477,0.116,0.103,0.00
5770,Pursuer,0.403,0.477,0.177,0.134,0.00
5771,Runner,0.403,0.477,0.146,0.165,0.00
5772,Pursuer,0.403,0.477,0.115,0.107,0.00
5773,Runner,0.403,0.477,0.136,0.083,0.06
5774,Pursuer,0.403,0.477,0.166,0.127,0.00
5775,Runner,0.403,0.477,0.107,0.127,0.78
5776,Runner,0.403,0.477,0.144,0.165,0.00
5777,Pursuer,0.403,0.477,0.141,0.098,0.00
5778,Pursuer,0.403,0.477,0.149,0.137,0.00
5779,Runner,0.403,0.477,0.136,0.134,0.00
5780,Pursuer,0.403,0.477,0.126,0.147,0.00
5781,Pursuer,0.403,0.477,0.118,0.107,0.00
5782,Runner,0.403,0.477,0.126,0.122,0.72
5783,Runner,0.403,0.477,0.151,0.185,0.80
5784,Pursuer,0.403,0.477,0.154,0.123,0.00
5785,Pursuer,0.403,0.477,0.100,0.138,0.00
5786,Runner,0.403,0.477,0.145,0.135,0.30
5787,Runner,0.403,0.477,0.120,0.135,0.00
5788,Runner,0.403,0.477,0.089,0.221,0.00
5789,Runner,0.403,0.477,0.124,0.133,0.00
5790,Runner,0.403,0.477,0.142,0.140,3.32
5791,Runner,0.404,0.477,0.157,0.121,0.08
5792,Pursuer,0.403,0.477,0.152,0.166,0.00
5793,Pursuer,0.403,0.477,0.130,0.201,0.00
5794,Pursuer,0.403,0.477,0.105,0.117,0.00
5795,Pursuer,0.403,0.477,0.120,0.120,0.00
5796,Runner,0.403,0.477,0.125,0.138,0.72
5797,Runner,0.403,0.477,0.148,0.159,1.34
5798,Runner,0.404,0.477,0.155,0.170,1.24
5799,Runner,0.404,0.477,0.130,0.137,5.24
5800,Pursuer,0.404,0.477,0.114,0.132,0.00
5801,Runner,0.404,0.477,0.096,0.144,0.00
5802,Runner,0.404,0.477,0.133,0.129,0.00
5803,Runner,0.404,0.477,0.137,0.159,1.76
5804,Runner,0.404,0.477,0.125,0.118,1.78
5805,Runner,0.404,0.477,0.066,0.196,0.20
5806,Pursuer,0.404,0.477,0.140,0.142,0.00
5807,Runner,0.404,0.477,0.129,0.147,3.72
5808,Runner,0.404,0.477,0.142,0.127,2.06
5809,Runner,0.404,0.477,0.118,0.130,0.00
5810,Draw,0.404,0.476,0.157,0.149,15.90
5811,Pursuer,0.404,0.477,0.140,0.129,0.00
5812,Runner,0.404,0.476,0.136,0.121,1.38
5813,Runner,0.404,0.476,0.166,0.144,0.84
5814,Runner,0.405,0.476,0.160,0.132,0.96
5815,Pursuer,0.404,0.476,0.110,0.118,0.00
5816,Pursuer,0.404,0.476,0.123,0.116,0.00
5817,Runner,0.405,0.476,0.127,0.147,2.52
5818,Runner,0.405,0.476,0.118,0.134,0.00
5819,Runner,0.405,0.476,0.147,0.132,0.00
5820,Pursuer,0.405,0.476,0.120,0.141,0.00
5821,Runner,0.405,0.476,0.136,0.143,2.86
5822,Runner,0.405,0.476,0.152,0.133,0.44
5823,Runner,0.405,0.476,0.116,0.144,0.00
5824,Runner,0.405,0.476,0.144,0.136,9.76
5825,Pursuer,0.405,0.476,0.124,0.130,0.00
5826,Pursuer,0.405,0.476,0.140,0.143,0.00
5827,Runner,0.405,0.476,0.131,0.138,1.18
5828,Pursuer,0.405,0.476,0.119,0.132,0.00
5829,Draw,0.405,0.476,0.135,0.139,0.20
5830,Pursuer,0.405,0.476,0.132,0.087,0.00
5831,Pursuer,0.405,0.476,0.117,0.119,0.00
5832,Draw,0.405,0.476,0.137,0.134,16.44
5833,Runner,0.405,0.476,0.110,0.149,0.00
5834,Pursuer,0.405,0.476,0.114,0.100,0.00
5835,Pursuer,0.405,0.476,0.115,0.114,0.00
5836,Pursuer,0.405,0.476,0.114,0.212,0.00
5837,Pursuer,0.404,0.476,0.090,0.044,0.00
5838,Pursuer,0.404,0.477,0.084,0.189,0.00
5839,Runner,0.405,0.476,0.135,0.142,2.24
5840,Runner,0.405,0.476,0.134,0.131,1.30
5841,Pursuer,0.405,0.476,0.000,0.000,0.00
5842,Runner,0.405,0.476,0.129,0.137,1.16
5843,Runner,0.405,0.476,0.115,0.126,0.50
5844,Runner,0.405,0.476,0.134,0.139,2.80
5845,Pursuer,0.405,0.476,0.142,0.219,0.00
5846,Runner,0.405,0.476,0.134,0.158,0.00
5847,Runner,0.405,0.476,0.124,0.139,0.00
5848,Pursuer,0.405,0.476,0.140,0.129,0.00
5849,Runner,0.405,0.476,0.147,0.102,0.94
5850,Pursuer,0.405,0.476,0.135,0.118,0.00
5851,Pursuer,0.405,0.476,0.174,0.127,0.00
5852,Runner,0.405,0.476,0.132,0.108,0.34
5853,Pursuer,0.405,0.476,0.161,0.112,0.00
5854,Pursuer,0.405,0.476,0.164,0.157,0.00
5855,Runner,0.405,0.476,0.122,0.143,0.20
5856,Pursuer,0.405,0.476,0.069,0.419,0.00
5857,Runner,0.405,0.476,0.266,0.104,0.00
5858,Pursuer,0.405,0.476,0.167,0.137,0.00
5859,Runner,0.405,0.476,0.140,0.150,0.18
5860,Runner,0.405,0.476,0.110,0.134,0.18
5861,Runner,0.405,0.476,0.140,0.160,1.88
5862,Pursuer,0.405,0.476,0.141,0.125,0.00
5863,Pursuer,0.405,0.476,0.145,0.123,0.00
5864,Runner,0.405,0.476,0.120,0.138,1.66
5865,Runner,0.405,0.476,0.112,0.179,0.26
5866,Pursuer,0.405,0.476,0.147,0.137,0.00
5867,Pursuer,0.405,0.476,0.161,0.134,0.00
5868,Pursuer,0.405,0.476,0.144,0.162,0.00
5869,Runner,0.405,0.476,0.127,0.125,0.10
5870,Pursuer,0.405,0.476,0.171,0.135,0.00
5871,Pursuer,0.405,0.477,0.120,0.138,0.00
5872,Runner,0.405,0.476,0.154,0.147,0.00
5873,Pursuer,0.405,0.477,0.145,0.130,0.00
5874,Runner,0.405,0.477,0.122,0.130,6.32
5875,Runner,0.405,0.476,0.122,0.122,0.00
5876,Pursuer,0.405,0.477,0.132,0.147,0.00
5877,Pursuer,0.405,0.477,0.158,0.138,0.00
5878,Pursuer,0.405,0.477,0.166,0.158,0.00
5879,Runner,0.405,0.477,0.124,0.131,0.00
5880,Runner,0.405,0.477,0.152,0.149,0.34
5881,Runner,0.405,0.476,0.130,0.127,3.10
5882,Runner,0.405,0.476,0.138,0.121,0.66
5883,Runner,0.406,0.476,0.105,0.157,0.96
5884,Runner,0.406,0.476,0.144,0.119,0.00
5885,Pursuer,0.406,0.476,0.110,0.118,0.00
5886,Runner,0.406,0.476,0.137,0.150,2.44
5887,Runner,0.406,0.476,0.142,0.127,0.82
5888,Runner,0.406,0.476,0.139,0.142,0.00
5889,Runner,0.406,0.476,0.148,0.141,4.86
5890,Runner,0.406,0.476,0.145,0.170,2.56
5891,Pursuer,0.406,0.476,0.137,0.143,0.00
5892,Runner,0.406,0.476,0.120,0.157,0.00
5893,Draw,0.406,0.476,0.148,0.144,15.26
5894,Runner,0.406,0.476,0.119,0.134,0.00
5895,Pursuer,0.406,0.476,0.132,0.130,0.00
5896,Pursuer,0.406,0.476,0.116,0.142,0.00
5897,Runner,0.406,0.476,0.135,0.151,0.00
5898,Runner,0.406,0.476,0.145,0.146,0.00
5899,Runner,0.406,0.476,0.160,0.161,0.00
5900,Pursuer,0.406,0.476,0.160,0.192,0.00
5901,Pursuer,0.406,0.476,0.164,0.158,0.00
5902,Pursuer,0.406,0.476,0.132,0.118,0.00
5903,Pursuer,0.406,0.476,0.109,0.192,0.00
5904,Pursuer,0.406,0.476,0.139,0.148,0.00
5905,Pursuer,0.406,0.476,0.159,0.148,0.00
5906,Runner,0.406,0.476,0.122,0.151,0.68
5907,Runner,0.406,0.476,0.148,0.126,0.00
5908,Pursuer,0.406,0.476,0.116,0.142,0.00
5909,Runner,0.406,0.476,0.140,0.141,3.02
5910,Runner,0.406,0.476,0.149,0.159,9.48
5911,Runner,0.406,0.476,0.177,0.140,0.80
5912,Pursuer,0.406,0.476,0.144,0.116,0.00
5913,Pursuer,0.406,0.476,0.166,0.126,0.00
5914,Runner,0.406,0.476,0.157,0.157,2.08
5915,Runner,0.406,0.476,0.176,0.148,0.94
5916,Pursuer,0.406,0.476,0.140,0.154,0.00
5917,Runner,0.406,0.476,0.102,0.145,0.00
5918,Runner,0.407,0.476,0.142,0.155,0.00
5919,Pursuer,0.406,0.476,0.105,0.120,0.00
5920,Pursuer,0.406,0.476,0.121,0.145,0.00
5921,Runner,0.407,0.476,0.123,0.124,0.00
5922,Pursuer,0.406,0.476,0.137,0.137,0.00
5923,Pursuer,0.406,0.476,0.156,0.103,0.00
5924,Runner,0.406,0.476,0.133,0.160,2.26
5925,Pursuer,0.406,0.476,0.147,0.143,0.00
5926,Pursuer,0.406,0.476,0.110,0.176,0.00
5927,Runner,0.406,0.476,0.146,0.133,0.00
5928,Pursuer,0.406,0.476,0.126,0.129,0.00
5929,Runner,0.406,0.476,0.148,0.143,0.00
5930,Pursuer,0.406,0.476,0.029,0.076,0.00
5931,Pursuer,0.406,0.476,0.222,0.104,0.00
5932,Pursuer,0.406,0.476,0.142,0.137,0.00
5933,Pursuer,0.406,0.476,0.128,0.183,0.00
5934,Runner,0.406,0.476,0.146,0.140,1.44
5935,Pursuer,0.406,0.476,0.135,0.141,0.00
5936,Runner,0.406,0.476,0.139,0.129,5.20
5937,Runner,0.406,0.476,0.144,0.142,0.64
5938,Runner,0.407,0.476,0.140,0.138,3.36
5939,Pursuer,0.406,0.476,0.180,0.179,0.00
5940,Runner,0.407,0.476,0.140,0.120,2.08
5941,Runner,0.407,0.476,0.138,0.133,2.44
5942,Pursuer,0.407,0.476,0.141,0.132,0.00
5943,Runner,0.407,0.476,0.133,0.126,0.00
5944,Runner,0.407,0.476,0.124,0.118,0.00
5945,Pursuer,0.407,0.476,0.102,0.187,0.00
5946,Runner,0.407,0.476,0.144,0.125,0.00
5947,Pursuer,0.407,0.476,0.125,0.135,0.00
5948,Runner,0.407,0.476,0.135,0.123,6.52
5949,Runner,0.407,0.476,0.156,0.129,0.00
5950,Pursuer,0.407,0.476,0.153,0.134,0.00
5951,Runner,0.407,0.476,0.112,0.147,0.00
5952,Runner,0.407,0.476,0.165,0.151,0.40
5953,Pursuer,0.407,0.476,0.152,0.164,0.00
5954,Runner,0.407,0.476,0.140,0.103,1.74
5955,Runner,0.407,0.476,0.125,0.132,4.22
5956,Pursuer,0.407,0.476,0.140,0.121,0.00
5957,Pursuer,0.407,0.476,0.134,0.161,0.00
5958,Pursuer,0.407,0.476,0.158,0.148,0.00
5959,Runner,0.407,0.476,0.107,0.126,0.00
5960,Runner,0.407,0.476,0.139,0.126,1.00
5961,Pursuer,0.407,0.476,0.116,0.169,0.00
5962,Runner,0.407,0.476,0.115,0.137,1.56
5963,Pursuer,0.407,0.476,0.139,0.139,0.00
5964,Pursuer,0.407,0.476,0.147,0.144,0.00
5965,Pursuer,0.407,0.476,0.113,0.135,0.00
5966,Runner,0.407,0.476,0.132,0.129,0.00
5967,Pursuer,0.407,0.476,0.134,0.170,0.00
5968,Pursuer,0.407,0.476,0.120,0.120,0.00
5969,Pursuer,0.407,0.476,0.124,0.142,0.00
5970,Runner,0.407,0.476,0.101,0.114,0.00
5971,Runner,0.407,0.476,0.105,0.142,0.00
5972,Runner,0.407,0.476,0.113,0.116,0.00
5973,Pursuer,0.407,0.476,0.157,0.169,0.00
5974,Runner,0.407,0.476,0.143,0.130,0.00
5975,Pursuer,0.407,0.476,0.135,0.101,0.00
5976,Runner,0.407,0.476,0.159,0.124,0.76
5977,Runner,0.407,0.476,0.163,0.139,0.00
5978,Pursuer,0.407,0.476,0.125,0.122,0.00
5979,Pursuer,0.407,0.476,0.125,0.153,0.00
5980,Runner,0.407,0.476,0.856,0.458,0.00
5981,Pursuer,0.407,0.476,0.000,0.000,0.00
5982,Runner,0.407,0.476,0.126,0.128,5.28
5983,Runner,0.407,0.476,0.151,0.114,0.00
5984,Runner,0.408,0.476,0.115,0.160,2.38
5985,Pursuer,0.408,0.476,0.133,0.145,0.00
5986,Runner,0.408,0.476,0.140,0.146,1.30
5987,Runner,0.408,0.476,0.116,0.153,0.18
5988,Pursuer,0.408,0.476,0.152,0.131,0.00
5989,Pursuer,0.408,0.476,0.141,0.198,0.00
5990,Runner,0.408,0.476,0.131,0.143,0.00
5991,Runner,0.408,0.476,0.130,0.151,2.76
5992,Runner,0.408,0.476,0.123,0.144,2.58
5993,Pursuer,0.408,0.476,0.159,0.127,0.00
5994,Pursuer,0.408,0.476,0.184,0.125,0.00
5995,Draw,0.408,0.476,0.137,0.138,15.12
5996,Pursuer,0.408,0.476,0.155,0.185,0.00
5997,Pursuer,0.408,0.476,0.119,0.146,0.00
5998,Pursuer,0.407,0.476,0.137,0.132,0.00
5999,Pursuer,0.407,0.476,0.136,0.120,0.00
6000,Runner,0.408,0.476,0.140,0.129,1.60
6001,Runner,0.408,0.476,0.140,0.138,0.24
6002,Pursuer,0.408,0.476,0.000,0.000,0.00
6003,Runner,0.408,0.476,0.146,0.159,0.00
6004,Runner,0.408,0.476,0.159,0.129,1.40
6005,Pursuer,0.408,0.476,0.129,0.144,0.00
6006,Runner,0.408,0.476,0.123,0.149,0.00
6007,Runner,0.408,0.476,0.102,0.096,2.00
6008,Pursuer,0.408,0.476,0.150,0.087,0.00
6009,Pursuer,0.408,0.476,0.135,0.143,0.00
6010,Pursuer,0.408,0.476,0.154,0.122,0.00
6011,Pursuer,0.408,0.476,0.170,0.138,0.00
6012,Runner,0.408,0.476,0.179,0.146,0.00
6013,Runner,0.408,0.476,0.156,0.119,0.00
6014,Runner,0.408,0.476,0.141,0.134,1.30
6015,Runner,0.408,0.476,0.126,0.124,0.00
6016,Draw,0.408,0.476,0.144,0.129,16.08
6017,Pursuer,0.408,0.476,0.162,0.121,0.00
6018,Runner,0.408,0.476,0.119,0.121,1.56
6019,Runner,0.408,0.476,0.128,0.150,3.90
6020,Pursuer,0.408,0.476,0.211,0.143,0.00
6021,Pursuer,0.408,0.476,0.138,0.144,0.00
6022,Pursuer,0.408,0.476,0.113,0.120,0.00
6023,Runner,0.408,0.476,0.141,0.140,0.28
6024,Pursuer,0.408,0.476,0.132,0.146,0.00
6025,Pursuer,0.408,0.476,0.115,0.132,0.00
6026,Runner,0.408,0.476,0.124,0.163,0.00
6027,Pursuer,0.408,0.476,0.000,0.000,0.00
6028,Runner,0.408,0.476,0.119,0.131,0.00
6029,Pursuer,0.408,0.476,0.141,0.150,0.00
6030,Runner,0.408,0.476,0.082,0.077,0.00
6031,Draw,0.408,0.476,0.155,0.153,16.24
6032,Pursuer,0.408,0.476,0.136,0.129,0.00
6033,Pursuer,0.408,0.476,0.126,0.138,0.00
6034,Runner,0.408,0.476,0.121,0.127,0.00
6035,Runner,0.408,0.476,0.137,0.144,0.00
6036,Runner,0.408,0.476,0.149,0.088,0.00
6037,Runner,0.408,0.476,0.150,0.117,1.22
6038,Runner,0.408,0.476,0.137,0.136,0.72
6039,Runner,0.408,0.476,0.105,0.164,0.00
6040,Pursuer,0.408,0.476,0.155,0.130,0.00
6041,Pursuer,0.408,0.476,0.146,0.176,0.00
6042,Pursuer,0.408,0.476,0.136,0.136,0.00
6043,Pursuer,0.408,0.476,0.142,0.158,0.00
6044,Pursuer,0.408,0.476,0.158,0.097,0.00
6045,Pursuer,0.408,0.476,0.163,0.127,0.00
6046,Pursuer,0.408,0.477,0.144,0.125,0.00
6047,Pursuer,0.408,0.477,0.121,0.146,0.00
6048,Runner,0.408,0.477,0.000,0.000,0.00
6049,Runner,0.408,0.476,0.124,0.136,2.84
6050,Runner,0.408,0.476,0.119,0.139,3.46
6051,Runner,0.408,0.476,0.132,0.129,6.76
6052,Pursuer,0.408,0.476,0.000,0.000,0.00
6053,Pursuer,0.408,0.476,0.110,0.256,0.00
6054,Pursuer,0.408,0.477,0.134,0.140,0.00
6055,Runner,0.408,0.476,0.158,0.152,0.00
6056,Pursuer,0.408,0.477,0.156,0.170,0.00
6057,Runner,0.408,0.476,0.116,0.135,0.00
6058,Runner,0.408,0.476,0.139,0.146,5.48
6059,Runner,0.408,0.476,0.142,0.156,0.94
6060,Pursuer,0.408,0.476,0.133,0.102,0.00
6061,Pursuer,0.408,0.476,0.141,0.117,0.00
6062,Pursuer,0.408,0.477,0.085,0.116,0.00
6063,Runner,0.408,0.476,0.134,0.129,1.60
6064,Runner,0.408,0.476,0.149,0.137,0.00
6065,Runner,0.408,0.476,0.120,0.136,0.00
6066,Runner,0.409,0.476,0.127,0.125,0.02
6067,Pursuer,0.408,0.476,0.142,0.131,0.00
6068,Pursuer,0.408,0.476,0.135,0.134,0.00
6069,Runner,0.408,0.476,0.154,0.142,0.00
6070,Runner,0.409,0.476,0.129,0.100,0.00
6071,Pursuer,0.408,0.476,0.125,0.147,0.00
6072,Pursuer,0.408,0.476,0.145,0.139,0.00
6073,Pursuer,0.408,0.477,0.129,0.126,0.00
6074,Runner,0.408,0.476,0.088,0.125,2.98
6075,Pursuer,0.408,0.477,0.128,0.177,0.00
6076,Pursuer,0.408,0.477,0.133,0.136,0.00
6077,Pursuer,0.408,0.477,0.153,0.171,0.00
6078,Runner,0.408,0.477,0.116,0.160,3.80
6079,Pursuer,0.408,0.477,0.150,0.128,0.00
6080,Runner,0.408,0.477,0.150,0.118,0.90
6081,Pursuer,0.408,0.477,0.146,0.114,0.00
6082,Runner,0.408,0.477,0.155,0.124,0.00
6083,Pursuer,0.408,0.477,0.133,0.119,0.00
6084,Pursuer,0.408,0.477,0.172,0.112,0.00
6085,Runner,0.408,0.477,0.122,0.163,0.90
6086,Runner,0.408,0.477,0.165,0.133,0.00
6087,Pursuer,0.408,0.477,0.154,0.227,0.00
6088,Runner,0.409,0.477,0.144,0.149,5.86
6089,Runner,0.409,0.477,0.131,0.130,2.40
6090,Pursuer,0.409,0.477,0.000,0.000,0.00
6091,Pursuer,0.408,0.477,0.146,0.136,0.00
6092,Pursuer,0.408,0.477,0.124,0.160,0.00
6093,Runner,0.409,0.477,0.128,0.128,0.00
6094,Pursuer,0.408,0.477,0.176,0.086,0.00
6095,Runner,0.409,0.477,0.125,0.153,0.60
6096,Runner,0.409,0.477,0.136,0.141,3.72
6097,Runner,0.409,0.477,0.128,0.146,1.62
6098,Runner,0.409,0.477,0.112,0.147,3.54
6099,Pursuer,0.409,0.477,0.149,0.130,0.00
6100,Pursuer,0.409,0.477,0.142,0.141,0.00
6101,Runner,0.409,0.477,0.134,0.172,0.28
6102,Pursuer,0.409,0.477,0.000,0.000,0.00
6103,Pursuer,0.409,0.477,0.126,0.129,0.00
6104,Runner,0.409,0.477,0.117,0.126,0.00
6105,Runner,0.409,0.477,0.138,0.127,1.86
6106,Pursuer,0.409,0.477,0.119,0.149,0.00
6107,Runner,0.409,0.477,0.113,0.123,0.00
6108,Pursuer,0.409,0.477,0.129,0.147,0.00
6109,Runner,0.409,0.477,0.147,0.121,0.00
6110,Runner,0.409,0.477,0.153,0.130,0.00
6111,Runner,0.409,0.477,0.136,0.128,1.46
6112,Pursuer,0.409,0.477,0.115,0.134,0.00
6113,Pursuer,0.409,0.477,0.139,0.124,0.00
6114,Pursuer,0.409,0.477,0.142,0.149,0.00
6115,Draw,0.409,0.477,0.135,0.146,12.44
6116,Pursuer,0.409,0.477,0.108,0.127,0.00
6117,Pursuer,0.409,0.477,0.135,0.132,0.00
6118,Pursuer,0.409,0.477,0.164,0.110,0.00
6119,Runner,0.409,0.477,0.122,0.171,0.00
6120,Runner,0.409,0.477,0.135,0.139,1.50
6121,Pursuer,0.409,0.477,0.140,0.140,0.00
6122,Pursuer,0.409,0.477,0.134,0.141,0.00
6123,Pursuer,0.409,0.477,0.168,0.161,0.00
6124,Runner,0.409,0.477,0.155,0.156,0.02
6125,Runner,0.409,0.477,0.140,0.144,0.00
6126,Runner,0.409,0.477,0.144,0.167,0.92
6127,Runner,0.409,0.477,0.138,0.124,1.52
6128,Pursuer,0.409,0.477,0.148,0.127,0.00
6129,Runner,0.409,0.477,0.143,0.146,0.00
6130,Runner,0.409,0.477,0.138,0.132,4.44
6131,Pursuer,0.409,0.477,0.130,0.156,0.00
6132,Pursuer,0.409,0.477,0.133,0.133,0.00
6133,Runner,0.409,0.477,0.131,0.138,0.00
6134,Runner,0.409,0.477,0.121,0.137,0.50
6135,Pursuer,0.409,0.477,0.128,0.176,0.00
6136,Runner,0.409,0.477,0.124,0.126,0.76
6137,Runner,0.409,0.477,0.128,0.132,3.28
6138,Runner,0.409,0.477,0.139,0.112,2.08
6139,Runner,0.410,0.476,0.151,0.130,0.00
6140,Runner,0.410,0.476,0.101,0.160,0.00
6141,Runner,0.410,0.476,0.134,0.140,0.62
6142,Draw,0.410,0.476,0.143,0.152,17.44
6143,Pursuer,0.410,0.476,0.128,0.169,0.00
6144,Runner,0.410,0.476,0.105,0.106,2.04
6145,Runner,0.410,0.476,0.130,0.141,0.00
6146,Runner,0.410,0.476,0.114,0.138,2.86
6147,Runner,0.410,0.476,0.132,0.130,0.10
6148,Runner,0.410,0.476,0.116,0.162,2.08
6149,Runner,0.410,0.476,0.128,0.155,2.04
6150,Pursuer,0.410,0.476,0.146,0.141,0.00
6151,Pursuer,0.410,0.476,0.165,0.124,0.00
6152,Pursuer,0.410,0.476,0.091,0.148,0.00
6153,Runner,0.410,0.476,0.120,0.126,2.04
6154,Pursuer,0.410,0.476,0.138,0.176,0.00
6155,Runner,0.410,0.476,0.134,0.132,0.00
6156,Pursuer,0.410,0.476,0.120,0.128,0.00
6157,Draw,0.410,0.476,0.135,0.150,17.94
6158,Pursuer,0.410,0.476,0.064,0.115,0.00
6159,Pursuer,0.410,0.476,0.147,0.130,0.00
6160,Pursuer,0.410,0.476,0.163,0.154,0.00
6161,Runner,0.410,0.476,0.126,0.142,0.00
6162,Runner,0.410,0.476,0.139,0.129,0.48
6163,Pursuer,0.410,0.476,0.164,0.121,0.00
6164,Pursuer,0.410,0.476,0.057,0.022,0.00
6165,Pursuer,0.410,0.476,0.126,0.105,0.00
6166,Runner,0.410,0.476,0.143,0.147,7.22
6167,Runner,0.410,0.476,0.177,0.121,2.36
6168,Pursuer,0.410,0.476,0.136,0.136,0.00
6169,Pursuer,0.410,0.476,0.121,0.073,0.00
6170,Pursuer,0.410,0.476,0.123,0.133,0.00
6171,Runner,0.410,0.476,0.133,0.124,1.68
6172,Runner,0.410,0.476,0.133,0.140,1.80
6173,Runner,0.410,0.476,0.147,0.160,0.22
6174,Pursuer,0.410,0.476,0.117,0.122,0.00
6175,Pursuer,0.410,0.476,0.155,0.146,0.00
6176,Runner,0.410,0.476,0.132,0.131,0.00
6177,Pursuer,0.410,0.476,0.150,0.138,0.00
6178,Pursuer,0.410,0.477,0.140,0.152,0.00
6179,Pursuer,0.410,0.477,0.118,0.150,0.00
6180,Runner,0.410,0.477,0.150,0.131,2.04
6181,Runner,0.410,0.476,0.105,0.128,0.82
6182,Pursuer,0.410,0.477,0.141,0.114,0.00
6183,Pursuer,0.410,0.477,0.130,0.129,0.00
6184,Pursuer,0.410,0.477,0.145,0.122,0.00
6185,Pursuer,0.410,0.477,0.136,0.125,0.00
6186,Runner,0.410,0.477,0.133,0.148,1.66
6187,Pursuer,0.410,0.477,0.161,0.124,0.00
6188,Pursuer,0.410,0.477,0.114,0.167,0.00
6189,Pursuer,0.410,0.477,0.148,0.140,0.00
6190,Draw,0.410,0.477,0.134,0.148,14.62
6191,Runner,0.410,0.477,0.127,0.139,0.00
6192,Pursuer,0.410,0.477,0.143,0.141,0.00
6193,Runner,0.410,0.477,0.147,0.135,0.30
6194,Runner,0.410,0.477,0.142,0.146,4.46
6195,Pursuer,0.410,0.477,0.000,0.000,0.00
6196,Runner,0.410,0.477,0.133,0.147,0.00
6197,Pursuer,0.410,0.477,0.133,0.142,0.00
6198,Pursuer,0.410,0.477,0.145,0.156,0.00
6199,Runner,0.410,0.477,0.120,0.126,1.52
6200,Runner,0.410,0.477,0.129,0.134,0.00
6201,Pursuer,0.410,0.477,0.174,0.114,0.00
6202,Runner,0.410,0.477,0.000,0.000,0.00
6203,Pursuer,0.410,0.477,0.148,0.150,0.00
6204,Pursuer,0.410,0.477,0.161,0.139,0.00
6205,Runner,0.410,0.477,0.125,0.133,1.20
6206,Pursuer,0.410,0.477,0.128,0.134,0.00
6207,Pursuer,0.410,0.477,0.000,0.000,0.00
6208,Runner,0.410,0.477,0.141,0.147,5.94
6209,Pursuer,0.410,0.477,0.251,0.227,0.00
6210,Runner,0.410,0.477,0.136,0.122,1.68
6211,Draw,0.410,0.477,0.134,0.139,16.32
6212,Pursuer,0.410,0.477,0.157,0.132,0.00
6213,Runner,0.410,0.477,0.134,0.146,4.66
6214,Runner,0.410,0.477,0.138,0.148,2.44
6215,Pursuer,0.410,0.477,0.154,0.112,0.00
6216,Runner,0.410,0.477,0.130,0.143,2.40
6217,Pursuer,0.410,0.477,0.151,0.122,0.00
6218,Pursuer,0.410,0.477,0.161,0.141,0.00
6219,Pursuer,0.410,0.477,0.137,0.119,0.00
6220,Pursuer,0.410,0.477,0.137,0.124,0.00
6221,Pursuer,0.410,0.477,0.143,0.132,0.00
6222,Pursuer,0.410,0.477,0.138,0.153,0.00
6223,Runner,0.410,0.477,0.144,0.108,0.00
6224,Pursuer,0.410,0.477,0.137,0.108,0.00
6225,Runner,0.410,0.477,0.135,0.113,1.54
6226,Runner,0.410,0.477,0.139,0.148,0.00
6227,Draw,0.410,0.477,0.127,0.137,15.94
6228,Runner,0.410,0.477,0.000,0.000,0.00
6229,Runner,0.410,0.477,0.135,0.114,0.00
6230,Pursuer,0.410,0.477,0.154,0.099,0.00
6231,Pursuer,0.410,0.477,0.134,0.144,0.00
6232,Runner,0.410,0.477,0.138,0.143,0.12
6233,Pursuer,0.410,0.477,0.119,0.142,0.00
6234,Runner,0.410,0.477,0.172,0.108,0.00
6235,Runner,0.410,0.477,0.124,0.133,0.00
6236,Runner,0.410,0.477,0.182,0.169,0.00
6237,Pursuer,0.410,0.477,0.128,0.118,0.00
6238,Pursuer,0.410,0.477,0.099,0.143,0.00
6239,Runner,0.410,0.477,0.115,0.121,0.00
6240,Runner,0.410,0.477,0.114,0.148,3.28
6241,Runner,0.410,0.477,0.141,0.147,0.00
6242,Pursuer,0.410,0.477,0.000,0.000,0.00
6243,Draw,0.410,0.477,0.152,0.143,15.34
6244,Pursuer,0.410,0.477,0.000,0.000,0.00
6245,Pursuer,0.410,0.477,0.129,0.136,0.00
6246,Runner,0.410,0.477,0.000,0.000,0.00
6247,Pursuer,0.410,0.477,0.132,0.131,0.00
6248,Pursuer,0.410,0.477,0.132,0.121,0.00
6249,Pursuer,0.410,0.477,0.080,0.111,0.00
6250,Runner,0.410,0.477,0.134,0.131,0.00
6251,Runner,0.410,0.477,0.144,0.141,0.00
6252,Pursuer,0.410,0.477,0.181,0.096,0.00
6253,Runner,0.410,0.477,0.130,0.137,0.00
6254,Pursuer,0.410,0.477,0.113,0.114,0.00
6255,Runner,0.410,0.477,0.126,0.143,4.62
6256,Runner,0.410,0.477,0.136,0.113,0.76
6257,Runner,0.410,0.477,0.136,0.131,0.00
6258,Pursuer,0.410,0.477,0.174,0.157,0.00
6259,Runner,0.410,0.477,0.098,0.128,0.00
6260,Draw,0.410,0.477,0.142,0.155,19.98
6261,Runner,0.410,0.477,0.118,0.145,2.64
6262,Pursuer,0.410,0.477,0.091,0.106,0.00
6263,Pursuer,0.410,0.477,0.133,0.135,0.00
6264,Pursuer,0.410,0.477,0.146,0.229,0.00
6265,Runner,0.410,0.477,0.484,0.430,0.00
6266,Pursuer,0.410,0.477,0.138,0.113,0.00
6267,Runner,0.410,0.477,0.175,0.124,1.90
6268,Runner,0.410,0.477,0.114,0.143,0.00
6269,Pursuer,0.410,0.477,0.129,0.096,0.00
6270,Runner,0.410,0.477,0.122,0.112,0.42
6271,Draw,0.410,0.477,0.143,0.144,18.56
6272,Pursuer,0.410,0.477,0.000,0.000,0.00
6273,Pursuer,0.410,0.477,0.132,0.121,0.00
6274,Pursuer,0.410,0.477,0.124,0.123,0.00
6275,Runner,0.410,0.477,0.125,0.209,1.92
6276,Pursuer,0.410,0.477,0.137,0.121,0.00
6277,Runner,0.410,0.477,0.147,0.119,0.92
6278,Runner,0.410,0.477,0.147,0.127,3.16
6279,Pursuer,0.410,0.477,0.000,0.000,0.00
6280,Runner,0.410,0.477,0.103,0.134,3.66
6281,Runner,0.410,0.477,0.107,0.141,0.16
6282,Runner,0.411,0.477,0.121,0.126,0.28
6283,Runner,0.411,0.477,0.152,0.139,2.28
6284,Pursuer,0.411,0.477,0.134,0.101,0.00
6285,Pursuer,0.411,0.477,0.131,0.124,0.00
6286,Runner,0.411,0.477,0.116,0.182,0.84
6287,Runner,0.411,0.477,0.138,0.108,0.00
6288,Runner,0.411,0.477,0.111,0.139,3.38
6289,Draw,0.411,0.477,0.134,0.139,17.78
6290,Runner,0.411,0.476,0.125,0.104,0.16
6291,Runner,0.411,0.476,0.125,0.139,0.00
6292,Pursuer,0.411,0.476,0.139,0.184,0.00
6293,Pursuer,0.411,0.477,0.132,0.128,0.00
6294,Pursuer,0.411,0.477,0.183,0.151,0.00
6295,Pursuer,0.411,0.477,0.107,0.115,0.00
6296,Runner,0.411,0.477,0.168,0.107,3.06
6297,Runner,0.411,0.477,0.150,0.162,0.50
6298,Runner,0.411,0.477,0.128,0.142,1.84
6299,Runner,0.411,0.476,0.133,0.134,0.00
6300,Pursuer,0.411,0.477,0.115,0.133,0.00
6301,Runner,0.411,0.476,0.135,0.149,1.42
6302,Runner,0.411,0.476,0.139,0.149,0.00
6303,Pursuer,0.411,0.476,0.184,0.152,0.00
6304,Pursuer,0.411,0.477,0.134,0.138,0.00
6305,Runner,0.411,0.476,0.125,0.147,0.00
6306,Pursuer,0.411,0.477,0.141,0.127,0.00
6307,Runner,0.411,0.476,0.118,0.138,4.40
6308,Draw,0.411,0.476,0.143,0.139,19.10
6309,Runner,0.411,0.476,0.142,0.130,0.00
6310,Draw,0.411,0.476,0.137,0.159,18.86
6311,Runner,0.411,0.476,0.000,0.000,0.00
6312,Pursuer,0.411,0.476,0.161,0.138,0.00
6313,Draw,0.411,0.476,0.138,0.135,0.00
6314,Runner,0.411,0.476,0.133,0.124,0.12
6315,Runner,0.411,0.476,0.161,0.114,0.00
6316,Pursuer,0.411,0.476,0.122,0.149,0.00
6317,Runner,0.411,0.476,0.140,0.142,2.72
6318,Pursuer,0.411,0.476,0.000,0.000,0.00
6319,Pursuer,0.411,0.476,0.135,0.120,0.00
6320,Runner,0.411,0.476,0.141,0.146,0.16
6321,Pursuer,0.411,0.476,0.137,0.136,0.00
6322,Runner,0.411,0.476,0.127,0.143,1.44
6323,Runner,0.411,0.476,0.128,0.136,1.10
6324,Runner,0.411,0.476,0.197,0.135,0.00
6325,Pursuer,0.411,0.476,0.121,0.121,0.00
6326,Pursuer,0.411,0.476,0.154,0.140,0.00
6327,Pursuer,0.411,0.476,0.121,0.205,0.00
6328,Pursuer,0.411,0.476,0.208,0.123,0.00
6329,Runner,0.411,0.476,0.134,0.135,1.06
6330,Runner,0.411,0.476,0.148,0.132,0.00
6331,Pursuer,0.411,0.476,0.133,0.153,0.00
6332,Pursuer,0.411,0.476,0.146,0.118,0.00
6333,Runner,0.411,0.476,0.140,0.134,5.36
6334,Pursuer,0.411,0.476,0.146,0.127,0.00
6335,Pursuer,0.411,0.476,0.118,0.126,0.00
6336,Runner,0.411,0.476,0.124,0.115,1.80
6337,Pursuer,0.411,0.476,0.148,0.136,0.00
6338,Pursuer,0.411,0.476,0.148,0.109,0.00
6339,Pursuer,0.411,0.477,0.154,0.135,0.00
6340,Pursuer,0.411,0.477,0.112,0.122,0.00
6341,Runner,0.411,0.477,0.136,0.150,0.04
6342,Pursuer,0.411,0.477,0.127,0.132,0.00
6343,Runner,0.411,0.477,0.172,0.125,1.44
6344,Pursuer,0.411,0.477,0.132,0.108,0.00
6345,Runner,0.411,0.477,0.143,0.157,1.14
6346,Runner,0.411,0.477,0.099,0.146,0.00
6347,Pursuer,0.411,0.477,0.117,0.072,0.00
6348,Pursuer,0.411,0.477,0.131,0.143,0.00
6349,Pursuer,0.411,0.477,0.136,0.133,0.00
6350,Runner,0.411,0.477,0.128,0.140,5.22
6351,Pursuer,0.411,0.477,0.148,0.155,0.00
6352,Runner,0.411,0.477,0.113,0.151,1.52
6353,Runner,0.411,0.477,0.114,0.156,0.00
6354,Pursuer,0.411,0.477,0.129,0.152,0.00
6355,Runner,0.411,0.477,0.154,0.140,0.00
6356,Draw,0.411,0.477,0.132,0.142,17.70
6357,Pursuer,0.411,0.477,0.142,0.132,0.00
6358,Runner,0.411,0.477,0.142,0.141,2.06
6359,Pursuer,0.411,0.477,0.115,0.100,0.00
6360,Pursuer,0.411,0.477,0.136,0.154,0.00
6361,Pursuer,0.411,0.477,0.095,0.164,0.00
6362,Pursuer,0.411,0.477,0.126,0.109,0.00
6363,Runner,0.411,0.477,0.142,0.141,0.26
6364,Runner,0.411,0.477,0.151,0.134,0.54
6365,Runner,0.411,0.477,0.140,0.142,0.00
6366,Pursuer,0.411,0.477,0.138,0.133,0.00
6367,Runner,0.411,0.477,0.132,0.140,1.58
6368,Runner,0.411,0.477,0.120,0.157,3.34
6369,Runner,0.412,0.477,0.143,0.127,4.70
6370,Runner,0.412,0.476,0.141,0.131,3.96
6371,Pursuer,0.412,0.477,0.135,0.128,0.00
6372,Pursuer,0.411,0.477,0.141,0.149,0.00
6373,Runner,0.412,0.477,0.156,0.121,1.28
6374,Pursuer,0.412,0.477,0.128,0.151,0.00
6375,Runner,0.412,0.477,0.145,0.132,8.02
6376,Pursuer,0.412,0.477,0.160,0.133,0.00
6377,Runner,0.412,0.477,0.128,0.162,7.46
6378,Runner,0.412,0.476,0.146,0.123,1.62
6379,Pursuer,0.412,0.477,0.150,0.125,0.00
6380,Runner,0.412,0.476,0.158,0.158,1.26
6381,Runner,0.412,0.476,0.092,0.132,0.00
6382,Pursuer,0.412,0.476,0.125,0.109,0.00
6383,Runner,0.412,0.476,0.117,0.145,0.00
6384,Runner,0.412,0.476,0.131,0.135,0.00
6385,Pursuer,0.412,0.476,0.115,0.133,0.00
6386,Draw,0.412,0.476,0.133,0.144,16.08
6387,Pursuer,0.412,0.476,0.092,0.109,0.00
6388,Runner,0.412,0.476,0.131,0.113,1.46
6389,Runner,0.412,0.476,0.130,0.133,0.00
6390,Pursuer,0.412,0.476,0.156,0.160,0.00
6391,Pursuer,0.412,0.476,0.123,0.105,0.00
6392,Runner,0.412,0.476,0.157,0.158,1.48
6393,Runner,0.412,0.476,0.139,0.106,1.12
6394,Runner,0.412,0.476,0.167,0.202,0.56
6395,Pursuer,0.412,0.476,0.147,0.139,0.00
6396,Pursuer,0.412,0.476,0.111,0.101,0.00
6397,Runner,0.412,0.476,0.096,0.158,0.00
6398,Pursuer,0.412,0.476,0.132,0.124,0.00
6399,Runner,0.412,0.476,0.107,0.151,0.00
6400,Runner,0.412,0.476,0.114,0.123,0.00
6401,Runner,0.412,0.476,0.163,0.121,0.00
6402,Runner,0.412,0.476,0.134,0.166,3.02
6403,Pursuer,0.412,0.476,0.000,0.000,0.00
6404,Runner,0.412,0.476,0.134,0.119,1.16
6405,Pursuer,0.412,0.476,0.187,0.153,0.00
6406,Runner,0.412,0.476,0.116,0.134,0.00
6407,Pursuer,0.412,0.476,0.605,0.702,0.00
6408,Pursuer,0.412,0.476,0.130,0.125,0.00
6409,Runner,0.412,0.476,0.140,0.118,1.08
6410,Pursuer,0.412,0.476,0.121,0.128,0.00
6411,Pursuer,0.412,0.476,0.148,0.184,0.00
6412,Pursuer,0.412,0.476,0.179,0.134,0.00
6413,Pursuer,0.412,0.477,0.056,0.170,0.00
6414,Runner,0.412,0.476,0.139,0.100,1.26
6415,Pursuer,0.412,0.477,0.119,0.135,0.00
6416,Runner,0.412,0.476,0.276,1.328,0.00
6417,Runner,0.412,0.476,0.178,0.122,1.22
6418,Pursuer,0.412,0.476,0.138,0.123,0.00
6419,Pursuer,0.412,0.477,0.118,0.154,0.00
6420,Pursuer,0.412,0.477,0.117,0.114,0.00
6421,Runner,0.412,0.477,0.124,0.126,0.00
6422,Pursuer,0.412,0.477,0.128,0.093,0.00
6423,Runner,0.412,0.477,0.124,0.142,0.00
6424,Pursuer,0.412,0.477,0.125,0.139,0.00
6425,Pursuer,0.412,0.477,0.186,0.056,0.00
6426,Runner,0.412,0.477,0.124,0.121,0.00
6427,Runner,0.412,0.477,0.136,0.042,0.00
6428,Pursuer,0.412,0.477,0.118,0.331,0.00
6429,Runner,0.412,0.477,0.094,0.137,2.24
6430,Pursuer,0.412,0.477,0.171,0.072,0.00
6431,Runner,0.412,0.477,0.148,0.157,1.20
6432,Runner,0.412,0.477,0.139,0.110,0.64
6433,Pursuer,0.412,0.477,0.130,0.138,0.00
6434,Runner,0.412,0.477,0.146,0.125,1.48
6435,Pursuer,0.412,0.477,0.127,0.087,0.00
6436,Pursuer,0.412,0.477,0.132,0.155,0.00
6437,Runner,0.412,0.477,0.138,0.118,0.00
6438,Pursuer,0.412,0.477,0.146,0.121,0.00
6439,Pursuer,0.412,0.477,0.135,0.151,0.00
6440,Pursuer,0.412,0.477,0.083,0.141,0.00
6441,Runner,0.412,0.477,0.140,0.134,0.00
6442,Pursuer,0.412,0.477,0.180,0.182,0.00
6443,Pursuer,0.412,0.477,0.143,0.150,0.00
6444,Pursuer,0.412,0.477,0.168,0.174,0.00
6445,Runner,0.412,0.477,0.129,0.128,0.00
6446,Pursuer,0.412,0.477,0.127,0.147,0.00
6447,Runner,0.412,0.477,0.096,0.127,1.00
6448,Runner,0.412,0.477,0.158,0.149,0.20
6449,Runner,0.412,0.477,0.140,0.138,0.00
6450,Runner,0.413,0.477,0.150,0.126,0.00
6451,Runner,0.413,0.477,0.141,0.130,0.00
6452,Pursuer,0.413,0.477,0.122,0.166,0.00
6453,Pursuer,0.413,0.477,0.143,0.122,0.00
6454,Pursuer,0.412,0.477,0.166,0.122,0.00
6455,Runner,0.413,0.477,0.135,0.144,7.08
6456,Runner,0.413,0.477,0.177,0.128,0.00
6457,Runner,0.413,0.477,0.157,0.125,0.00
6458,Pursuer,0.413,0.477,0.157,0.109,0.00
6459,Pursuer,0.413,0.477,0.132,0.150,0.00
6460,Runner,0.413,0.477,0.134,0.121,0.06
6461,Runner,0.413,0.477,0.147,0.115,0.00
6462,Pursuer,0.413,0.477,0.101,0.135,0.00
6463,Runner,0.413,0.477,0.109,0.130,0.00
6464,Pursuer,0.413,0.477,0.118,0.124,0.00
6465,Draw,0.413,0.477,0.154,0.147,15.20
6466,Runner,0.413,0.477,0.115,0.131,0.58
6467,Runner,0.413,0.477,0.124,0.123,0.52
6468,Pursuer,0.413,0.477,0.127,0.142,0.00
6469,Runner,0.413,0.477,0.139,0.131,1.14
6470,Pursuer,0.413,0.477,0.145,0.148,0.00
6471,Pursuer,0.413,0.477,0.137,0.135,0.00
6472,Pursuer,0.413,0.477,0.124,0.169,0.00
6473,Pursuer,0.413,0.477,0.141,0.151,0.00
6474,Runner,0.413,0.477,0.111,0.139,0.00
6475,Pursuer,0.413,0.477,0.146,0.146,0.00
6476,Pursuer,0.413,0.477,0.126,0.140,0.00
6477,Pursuer,0.413,0.477,0.144,0.127,0.00
6478,Pursuer,0.412,0.477,0.195,0.138,0.00
6479,Runner,0.413,0.477,0.148,0.121,0.00
6480,Runner,0.413,0.477,0.163,0.123,0.00
6481,Runner,0.413,0.477,0.054,0.060,0.00
6482,Pursuer,0.413,0.477,0.161,0.173,0.00
6483,Runner,0.413,0.477,0.143,0.130,0.00
6484,Runner,0.413,0.477,0.133,0.140,1.56
6485,Pursuer,0.413,0.477,0.139,0.114,0.00
6486,Pursuer,0.413,0.477,0.134,0.133,0.00
6487,Pursuer,0.413,0.477,0.126,0.139,0.00
6488,Pursuer,0.413,0.477,0.118,0.111,0.00
6489,Runner,0.413,0.477,0.159,0.125,0.06
6490,Runner,0.413,0.477,0.122,0.137,2.48
6491,Pursuer,0.413,0.477,0.140,0.175,0.00
6492,Pursuer,0.413,0.477,0.131,0.123,0.00
6493,Pursuer,0.413,0.477,0.083,0.141,0.00
6494,Pursuer,0.413,0.477,0.124,0.176,0.00
6495,Runner,0.413,0.477,0.146,0.114,6.72
6496,Draw,0.413,0.477,0.138,0.146,15.28
6497,Pursuer,0.412,0.477,0.167,0.137,0.00
6498,Draw,0.412,0.477,0.146,0.138,16.14
6499,Pursuer,0.412,0.477,0.145,0.124,0.00
6500,Runner,0.412,0.477,0.137,0.116,3.42
6501,Pursuer,0.412,0.477,0.130,0.109,0.00
6502,Pursuer,0.412,0.477,0.130,0.163,0.00
6503,Runner,0.412,0.477,0.125,0.129,0.00
6504,Runner,0.413,0.477,0.128,0.198,0.00
6505,Draw,0.412,0.477,0.137,0.153,19.98
6506,Runner,0.413,0.477,0.123,0.138,0.00
6507,Runner,0.413,0.477,0.174,0.126,0.32
6508,Runner,0.413,0.477,0.094,0.212,0.18
6509,Pursuer,0.413,0.477,0.132,0.146,0.00
6510,Pursuer,0.413,0.477,0.113,0.127,0.00
6511,Pursuer,0.413,0.477,0.144,0.147,0.00
6512,Runner,0.413,0.477,0.150,0.131,0.00
6513,Runner,0.413,0.477,0.133,0.176,4.28
6514,Runner,0.413,0.477,0.137,0.131,0.00
6515,Runner,0.413,0.477,0.133,0.117,0.00
6516,Runner,0.413,0.477,0.155,0.111,0.00
6517,Runner,0.413,0.477,0.122,0.122,0.76
6518,Runner,0.413,0.477,0.137,0.120,0.06
6519,Draw,0.413,0.477,0.143,0.142,16.86
6520,Runner,0.413,0.477,0.121,0.127,0.00
6521,Runner,0.413,0.476,0.138,0.162,0.62
6522,Pursuer,0.413,0.477,0.127,0.116,0.00
6523,Pursuer,0.413,0.477,0.149,0.134,0.00
6524,Runner,0.413,0.477,0.124,0.156,3.88
6525,Runner,0.413,0.476,0.097,0.167,0.58
6526,Pursuer,0.413,0.477,0.145,0.151,0.00
6527,Pursuer,0.413,0.477,0.137,0.158,0.00
6528,Pursuer,0.413,0.477,0.142,0.141,0.00
6529,Pursuer,0.413,0.477,0.111,0.156,0.00
6530,Pursuer,0.413,0.477,0.143,0.116,0.00
6531,Pursuer,0.413,0.477,0.138,0.142,0.00
6532,Pursuer,0.413,0.477,0.085,0.148,0.00
6533,Pursuer,0.413,0.477,0.135,0.139,0.00
6534,Runner,0.413,0.477,0.124,0.139,4.46
6535,Pursuer,0.413,0.477,0.116,0.138,0.00
6536,Pursuer,0.413,0.477,0.146,0.132,0.00
6537,Runner,0.413,0.477,0.114,0.148,0.54
6538,Runner,0.413,0.477,0.140,0.109,0.00
6539,Runner,0.413,0.477,0.121,0.133,0.00
6540,Pursuer,0.413,0.477,0.131,0.140,0.00
6541,Runner,0.413,0.477,0.137,0.167,1.06
6542,Pursuer,0.413,0.477,0.116,0.149,0.00
6543,Runner,0.413,0.477,0.129,0.141,0.52
6544,Pursuer,0.413,0.477,0.225,0.133,0.00
6545,Pursuer,0.413,0.477,0.132,0.124,0.00
6546,Runner,0.413,0.477,0.123,0.123,0.00
6547,Pursuer,0.413,0.477,0.116,0.137,0.00
6548,Runner,0.413,0.477,0.174,0.121,0.00
6549,Pursuer,0.413,0.477,0.121,0.136,0.00
6550,Runner,0.413,0.477,0.143,0.132,0.46
6551,Runner,0.413,0.477,0.144,0.107,2.20
6552,Pursuer,0.413,0.477,0.149,0.142,0.00
6553,Runner,0.413,0.477,0.100,0.153,0.00
6554,Runner,0.413,0.477,0.186,0.111,0.64
6555,Runner,0.413,0.477,0.133,0.131,1.74
6556,Runner,0.414,0.477,0.139,0.127,0.64
6557,Pursuer,0.413,0.477,0.135,0.135,0.00
6558,Runner,0.414,0.477,0.151,0.144,0.00
6559,Pursuer,0.413,0.477,0.132,0.134,0.00
6560,Runner,0.414,0.477,0.123,0.096,0.00
6561,Runner,0.414,0.477,0.128,0.130,2.50
6562,Runner,0.414,0.477,0.133,0.175,0.26
6563,Pursuer,0.414,0.477,0.125,0.132,0.00
6564,Runner,0.414,0.477,0.229,0.158,0.00
6565,Runner,0.414,0.477,0.192,0.139,0.62
6566,Runner,0.414,0.477,0.143,0.127,0.02
6567,Runner,0.414,0.476,0.121,0.133,0.00
6568,Pursuer,0.414,0.477,0.000,0.000,0.00
6569,Runner,0.414,0.476,0.297,0.132,0.00
6570,Runner,0.414,0.476,0.126,0.145,0.00
6571,Runner,0.414,0.476,0.115,0.123,7.36
6572,Pursuer,0.414,0.476,0.146,0.107,0.00
6573,Pursuer,0.414,0.476,0.142,0.120,0.00
6574,Runner,0.414,0.476,0.131,0.126,0.00
6575,Pursuer,0.414,0.477,0.126,0.113,0.00
6576,Pursuer,0.414,0.477,0.165,0.147,0.00
6577,Runner,0.414,0.477,0.118,0.128,1.82
6578,Runner,0.414,0.476,0.119,0.123,0.34
6579,Pursuer,0.414,0.477,0.142,0.125,0.00
6580,Runner,0.414,0.476,0.111,0.143,0.10
6581,Runner,0.414,0.476,0.103,0.148,3.42
6582,Pursuer,0.414,0.476,0.114,0.022,0.00
6583,Runner,0.414,0.476,0.127,0.130,1.10
6584,Runner,0.414,0.476,0.133,0.168,1.98
6585,Pursuer,0.414,0.476,0.152,0.109,0.00
6586,Pursuer,0.414,0.476,0.084,0.113,0.00
6587,Pursuer,0.414,0.477,0.136,0.154,0.00
6588,Pursuer,0.414,0.477,0.129,0.127,0.00
6589,Pursuer,0.414,0.477,0.143,0.131,0.00
6590,Pursuer,0.414,0.477,0.145,0.145,0.00
6591,Draw,0.414,0.477,0.133,0.138,16.96
6592,Runner,0.414,0.477,0.131,0.127,0.38
6593,Runner,0.414,0.477,0.154,0.126,2.58
6594,Runner,0.414,0.476,0.121,0.167,1.78
6595,Runner,0.414,0.476,0.134,0.134,7.48
6596,Pursuer,0.414,0.477,0.131,0.111,0.00
6597,Runner,0.414,0.476,0.097,0.118,0.00
6598,Pursuer,0.414,0.477,0.116,0.145,0.00
6599,Runner,0.414,0.476,0.124,0.147,0.92
6600,Draw,0.414,0.476,0.136,0.135,12.42
6601,Runner,0.414,0.476,0.133,0.150,0.00
6602,Pursuer,0.414,0.476,0.108,0.122,0.00
6603,Runner,0.415,0.476,0.141,0.149,0.00
6604,Pursuer,0.414,0.476,0.141,0.125,0.00
6605,Draw,0.414,0.476,0.134,0.141,15.82
6606,Pursuer,0.414,0.476,0.144,0.144,0.00
6607,Runner,0.414,0.476,0.200,0.157,0.68
6608,Pursuer,0.414,0.476,0.116,0.159,0.00
6609,Runner,0.414,0.476,0.148,0.118,1.20
6610,Pursuer,0.414,0.476,0.141,0.155,0.00
6611,Pursuer,0.414,0.476,0.135,0.126,0.00
6612,Runner,0.414,0.476,0.149,0.116,0.00
6613,Pursuer,0.414,0.476,0.107,0.124,0.00
6614,Pursuer,0.414,0.477,0.146,0.126,0.00
6615,Runner,0.414,0.476,0.135,0.143,1.56
6616,Runner,0.414,0.476,0.150,0.130,1.78
6617,Runner,0.415,0.476,0.175,0.112,0.90
6618,Runner,0.415,0.476,0.154,0.147,1.50
6619,Runner,0.415,0.476,0.128,0.120,0.88
6620,Pursuer,0.415,0.476,0.129,0.137,0.00
6621,Pursuer,0.415,0.476,0.147,0.151,0.00
6622,Pursuer,0.415,0.476,0.121,0.126,0.00
6623,Pursuer,0.414,0.477,0.131,0.133,0.00
6624,Runner,0.415,0.476,0.000,0.000,0.00
6625,Pursuer,0.414,0.477,0.138,0.170,0.00
6626,Pursuer,0.414,0.477,0.152,0.137,0.00
6627,Runner,0.415,0.477,0.110,0.133,2.90
6628,Pursuer,0.414,0.477,0.138,0.132,0.00
6629,Pursuer,0.414,0.477,0.150,0.144,0.00
6630,Pursuer,0.414,0.477,0.148,0.135,0.00
6631,Runner,0.414,0.477,0.163,0.136,0.00
6632,Pursuer,0.414,0.477,0.110,0.136,0.00
6633,Runner,0.414,0.477,0.139,0.167,0.78
6634,Runner,0.415,0.477,0.142,0.148,2.04
6635,Runner,0.415,0.477,0.153,0.117,0.36
6636,Pursuer,0.415,0.477,0.146,0.136,0.00
6637,Pursuer,0.414,0.477,0.146,0.144,0.00
6638,Pursuer,0.414,0.477,0.139,0.167,0.00
6639,Pursuer,0.414,0.477,0.138,0.142,0.00
6640,Pursuer,0.414,0.477,0.105,0.137,0.00
6641,Pursuer,0.414,0.477,0.140,0.135,0.00
6642,Runner,0.414,0.477,0.138,0.159,1.86
6643,Runner,0.414,0.477,0.113,0.121,0.02
6644,Pursuer,0.414,0.477,0.118,0.177,0.00
6645,Runner,0.414,0.477,0.139,0.119,0.00
6646,Runner,0.415,0.477,0.138,0.143,6.74
6647,Runner,0.415,0.477,0.121,0.143,2.84
6648,Pursuer,0.415,0.477,0.133,0.103,0.00
6649,Runner,0.415,0.477,0.121,0.143,0.00
6650,Runner,0.415,0.477,0.117,0.136,2.74
6651,Pursuer,0.415,0.477,0.119,0.143,0.00
6652,Pursuer,0.415,0.477,0.129,0.147,0.00
6653,Runner,0.415,0.477,0.143,0.131,2.78
6654,Pursuer,0.415,0.477,0.140,0.121,0.00
6655,Pursuer,0.415,0.477,0.150,0.142,0.00
6656,Runner,0.415,0.477,0.138,0.139,1.80
6657,Pursuer,0.415,0.477,0.108,0.127,0.00
6658,Runner,0.415,0.477,0.130,0.137,0.00
6659,Runner,0.415,0.477,0.124,0.159,5.24
6660,Pursuer,0.415,0.477,0.133,0.108,0.00
6661,Pursuer,0.415,0.477,0.110,0.147,0.00
6662,Runner,0.415,0.477,0.053,0.054,0.10
6663,Pursuer,0.415,0.477,0.000,0.000,0.00
6664,Pursuer,0.415,0.477,0.126,0.099,0.00
6665,Draw,0.415,0.477,0.153,0.142,16.72
6666,Draw,0.414,0.477,0.116,0.128,1.24
6667,Runner,0.415,0.477,0.111,0.155,0.76
6668,Runner,0.415,0.477,0.152,0.156,0.60
6669,Pursuer,0.415,0.477,0.147,0.174,0.00
6670,Pursuer,0.415,0.477,0.112,0.122,0.00
6671,Runner,0.415,0.477,0.113,0.128,1.28
6672,Pursuer,0.415,0.477,0.137,0.120,0.00
6673,Runner,0.415,0.477,0.153,0.128,0.00
6674,Pursuer,0.415,0.477,0.104,0.126,0.00
6675,Runner,0.415,0.477,0.135,0.132,0.76
6676,Pursuer,0.415,0.477,0.125,0.148,0.00
6677,Runner,0.415,0.477,0.134,0.132,0.96
6678,Runner,0.415,0.477,0.139,0.178,1.14
6679,Pursuer,0.415,0.477,0.082,0.036,0.00
6680,Pursuer,0.415,0.477,0.152,0.141,0.00
6681,Pursuer,0.415,0.477,0.133,0.150,0.00
6682,Runner,0.415,0.477,0.120,0.134,0.74
6683,Pursuer,0.415,0.477,0.133,0.144,0.00
6684,Draw,0.415,0.477,0.142,0.139,17.16
6685,Pursuer,0.415,0.477,0.124,0.139,0.00
6686,Runner,0.415,0.477,0.137,0.124,0.00
6687,Runner,0.415,0.477,0.150,0.113,0.00
6688,Pursuer,0.415,0.477,0.133,0.149,0.00
6689,Pursuer,0.415,0.477,0.133,0.149,0.00
6690,Pursuer,0.414,0.477,0.139,0.133,0.00
6691,Pursuer,0.414,0.477,0.155,0.176,0.00
6692,Runner,0.415,0.477,0.121,0.131,0.46
6693,Pursuer,0.414,0.477,0.142,0.136,0.00
6694,Pursuer,0.414,0.477,0.172,0.183,0.00
6695,Pursuer,0.414,0.477,0.124,0.134,0.00
6696,Runner,0.414,0.477,0.126,0.111,1.12
6697,Pursuer,0.414,0.477,0.000,0.000,0.00
6698,Runner,0.414,0.477,0.056,0.214,0.00
6699,Runner,0.415,0.477,0.136,0.128,1.74
6700,Runner,0.415,0.477,0.133,0.148,0.00
6701,Runner,0.415,0.477,0.134,0.165,2.74
6702,Pursuer,0.415,0.477,0.133,0.134,0.00
6703,Runner,0.415,0.477,0.148,0.155,0.82
6704,Runner,0.415,0.477,0.153,0.098,1.12
6705,Runner,0.415,0.477,0.121,0.134,5.76
6706,Pursuer,0.415,0.477,0.138,0.115,0.00
6707,Pursuer,0.415,0.477,0.107,0.121,0.00
6708,Pursuer,0.415,0.477,0.135,0.119,0.00
6709,Runner,0.415,0.477,0.152,0.117,1.24
6710,Pursuer,0.415,0.477,0.144,0.139,0.00
6711,Pursuer,0.415,0.477,0.135,0.141,0.00
6712,Runner,0.415,0.477,0.133,0.123,1.86
6713,Pursuer,0.415,0.477,0.124,0.131,0.00
6714,Runner,0.415,0.477,0.132,0.103,0.00
6715,Pursuer,0.415,0.477,0.125,0.155,0.00
6716,Pursuer,0.415,0.477,0.182,0.154,0.00
6717,Pursuer,0.415,0.477,0.158,0.127,0.00
6718,Pursuer,0.415,0.478,0.147,0.135,0.00
6719,Runner,0.415,0.477,0.137,0.114,0.06
6720,Runner,0.415,0.477,0.105,0.125,0.48
6721,Runner,0.415,0.477,0.129,0.137,0.00
6722,Pursuer,0.415,0.477,0.141,0.137,0.00
6723,Runner,0.415,0.477,0.171,0.146,1.58
6724,Pursuer,0.415,0.477,0.049,0.171,0.00
6725,Runner,0.415,0.477,0.144,0.100,0.14
6726,Runner,0.415,0.477,0.142,0.124,0.00
6727,Runner,0.415,0.477,0.111,0.146,4.06
6728,Draw,0.415,0.477,0.154,0.147,19.98
6729,Pursuer,0.415,0.477,0.150,0.136,0.00
6730,Pursuer,0.415,0.477,0.157,0.149,0.00
6731,Pursuer,0.415,0.477,0.132,0.097,0.00
6732,Runner,0.415,0.477,0.140,0.137,7.84
6733,Runner,0.415,0.477,0.110,0.165,0.00
6734,Runner,0.415,0.477,0.114,0.123,0.00
6735,Runner,0.415,0.477,0.146,0.144,0.44
6736,Pursuer,0.415,0.477,0.259,0.114,0.00
6737,Draw,0.415,0.477,0.142,0.139,0.00
6738,Runner,0.415,0.477,0.147,0.156,0.36
6739,Runner,0.415,0.477,0.120,0.127,1.40
6740,Runner,0.415,0.477,0.130,0.125,0.62
6741,Runner,0.415,0.477,0.124,0.120,1.70
6742,Pursuer,0.415,0.477,0.136,0.115,0.00
6743,Pursuer,0.415,0.477,0.136,0.114,0.00
6744,Runner,0.415,0.477,0.108,0.122,0.00
6745,Draw,0.415,0.477,0.129,0.125,4.98
6746,Runner,0.415,0.477,0.000,0.000,0.00
6747,Runner,0.415,0.477,0.131,0.142,2.20
6748,Draw,0.415,0.477,0.140,0.143,16.18
6749,Runner,0.415,0.477,0.122,0.120,1.04
6750,Pursuer,0.415,0.477,0.123,0.155,0.00
6751,Runner,0.415,0.477,0.134,0.158,2.22
6752,Pursuer,0.415,0.477,0.132,0.113,0.00
6753,Pursuer,0.415,0.477,0.136,0.121,0.00
6754,Runner,0.415,0.477,0.143,0.132,2.58
6755,Runner,0.416,0.477,0.125,0.143,4.32
6756,Runner,0.416,0.476,0.213,0.123,1.98
6757,Runner,0.416,0.476,0.143,0.119,0.74
6758,Runner,0.416,0.476,0.137,0.131,0.00
6759,Runner,0.416,0.476,0.145,0.125,0.00
6760,Runner,0.416,0.476,0.123,0.135,4.12
6761,Pursuer,0.416,0.476,0.137,0.154,0.00
6762,Runner,0.416,0.476,0.146,0.119,3.00
6763,Runner,0.416,0.476,0.137,0.124,0.00
6764,Pursuer,0.416,0.476,0.142,0.139,0.00
6765,Pursuer,0.416,0.476,0.154,0.142,0.00
6766,Pursuer,0.416,0.476,0.152,0.156,0.00
6767,Pursuer,0.416,0.476,0.150,0.118,0.00
6768,Draw,0.416,0.476,0.143,0.143,18.26
6769,Pursuer,0.416,0.476,0.143,0.126,0.00
6770,Runner,0.416,0.476,0.139,0.147,3.08
6771,Pursuer,0.416,0.476,0.000,0.000,0.00
6772,Draw,0.416,0.476,0.137,0.143,15.08
6773,Pursuer,0.416,0.476,0.139,0.132,0.00
6774,Runner,0.416,0.476,0.130,0.114,0.82
6775,Runner,0.416,0.476,0.143,0.164,0.00
6776,Runner,0.416,0.476,0.142,0.131,0.00
6777,Runner,0.416,0.476,0.119,0.164,1.64
6778,Runner,0.416,0.476,0.144,0.156,2.66
6779,Pursuer,0.416,0.476,0.176,0.138,0.00
6780,Runner,0.416,0.476,0.129,0.108,1.38
6781,Pursuer,0.416,0.476,0.131,0.138,0.00
6782,Pursuer,0.416,0.476,0.141,0.123,0.00
6783,Pursuer,0.416,0.476,0.137,0.120,0.00
6784,Pursuer,0.416,0.476,0.162,0.113,0.00
6785,Pursuer,0.416,0.476,0.110,0.110,0.00
6786,Runner,0.416,0.476,0.145,0.158,0.00
6787,Runner,0.416,0.476,0.132,0.130,0.90
6788,Runner,0.416,0.476,0.138,0.132,2.50
6789,Runner,0.416,0.476,0.133,0.153,1.64
6790,Pursuer,0.416,0.476,0.103,0.104,0.00
6791,Runner,0.416,0.476,0.156,0.126,0.44
6792,Pursuer,0.416,0.476,0.792,0.490,0.00
6793,Runner,0.416,0.476,0.000,0.000,0.00
6794,Pursuer,0.416,0.476,0.135,0.121,0.00
6795,Runner,0.416,0.476,0.105,0.170,0.00
6796,Pursuer,0.416,0.476,0.097,0.146,0.00
6797,Pursuer,0.416,0.476,0.109,0.151,0.00
6798,Pursuer,0.416,0.476,0.137,0.135,0.00
6799,Pursuer,0.416,0.477,0.147,0.123,0.00
6800,Draw,0.416,0.476,0.158,0.140,19.00
6801,Pursuer,0.416,0.477,0.139,0.147,0.00
6802,Pursuer,0.416,0.477,0.160,0.148,0.00
6803,Pursuer,0.416,0.477,0.122,0.127,0.00
6804,Runner,0.416,0.477,0.142,0.119,0.00
6805,Runner,0.416,0.477,0.120,0.148,0.58
6806,Runner,0.416,0.476,0.126,0.123,2.54
6807,Runner,0.416,0.476,0.130,0.134,7.64
6808,Pursuer,0.416,0.476,0.000,0.000,0.00
6809,Pursuer,0.416,0.477,0.267,0.180,0.00
6810,Runner,0.416,0.477,0.132,0.126,0.72
6811,Pursuer,0.416,0.477,0.129,0.167,0.00
6812,Runner,0.416,0.477,0.127,0.131,6.04
6813,Pursuer,0.416,0.477,0.138,0.137,0.00
6814,Pursuer,0.416,0.477,0.000,0.000,0.00
6815,Runner,0.416,0.477,0.158,0.105,0.66
6816,Pursuer,0.416,0.477,0.121,0.130,0.00
6817,Runner,0.416,0.477,0.144,0.140,0.00
6818,Runner,0.416,0.477,0.124,0.172,0.00
6819,Runner,0.416,0.476,0.135,0.147,3.72
6820,Pursuer,0.416,0.477,0.121,0.132,0.00
6821,Runner,0.416,0.476,0.127,0.143,2.10
6822,Pursuer,0.416,0.477,0.126,0.137,0.00
6823,Runner,0.416,0.476,0.114,0.143,0.36
6824,Draw,0.416,0.476,0.129,0.134,0.00
6825,Pursuer,0.416,0.476,0.166,0.147,0.00
6826,Pursuer,0.416,0.477,0.139,0.155,0.00
6827,Pursuer,0.416,0.477,0.136,0.127,0.00
6828,Runner,0.416,0.477,0.123,0.115,0.04
6829,Pursuer,0.416,0.477,0.155,0.148,0.00
6830,Runner,0.416,0.477,0.128,0.145,0.04
6831,Pursuer,0.416,0.477,0.115,0.163,0.00
6832,Runner,0.416,0.477,0.105,0.099,0.00
6833,Pursuer,0.416,0.477,0.038,0.115,0.00
6834,Runner,0.416,0.477,0.146,0.122,0.00
6835,Pursuer,0.416,0.477,0.126,0.134,0.00
6836,Runner,0.416,0.477,0.139,0.131,0.00
6837,Pursuer,0.416,0.477,0.130,0.134,0.00
6838,Runner,0.416,0.477,0.114,0.146,0.74
6839,Runner,0.416,0.477,0.147,0.097,0.32
6840,Pursuer,0.416,0.477,0.147,0.137,0.00
6841,Pursuer,0.416,0.477,0.154,0.118,0.00
6842,Pursuer,0.416,0.477,0.134,0.135,0.00
6843,Runner,0.416,0.477,0.144,0.148,4.96
6844,Runner,0.416,0.477,0.123,0.117,1.40
6845,Runner,0.416,0.477,0.140,0.142,0.58
6846,Pursuer,0.416,0.477,0.094,0.088,0.00
6847,Pursuer,0.416,0.477,0.126,0.118,0.00
6848,Pursuer,0.416,0.477,0.164,0.099,0.00
6849,Runner,0.416,0.477,0.132,0.134,0.00
6850,Pursuer,0.416,0.477,0.129,0.134,0.00
6851,Runner,0.416,0.477,0.149,0.149,3.88
6852,Pursuer,0.416,0.477,0.141,0.128,0.00
6853,Runner,0.416,0.477,0.117,0.125,0.00
6854,Pursuer,0.416,0.477,0.129,0.152,0.00
6855,Pursuer,0.416,0.477,0.080,0.043,0.00
6856,Pursuer,0.416,0.477,0.142,0.139,0.00
6857,Pursuer,0.416,0.477,0.140,0.153,0.00
6858,Runner,0.416,0.477,0.146,0.119,0.46
6859,Pursuer,0.416,0.477,0.143,0.138,0.00
6860,Runner,0.416,0.477,0.141,0.138,0.00
6861,Runner,0.416,0.477,0.146,0.150,0.00
6862,Pursuer,0.416,0.477,0.158,0.123,0.00
6863,Runner,0.416,0.477,0.133,0.136,2.02
6864,Pursuer,0.416,0.477,0.149,0.160,0.00
6865,Pursuer,0.416,0.477,0.137,0.133,0.00
6866,Runner,0.416,0.477,0.126,0.131,1.26
6867,Runner,0.416,0.477,0.112,0.136,4.76
6868,Pursuer,0.416,0.477,0.141,0.108,0.00
6869,Draw,0.416,0.477,0.123,0.129,0.00
6870,Runner,0.416,0.477,0.119,0.148,1.80
6871,Runner,0.416,0.477,0.133,0.104,0.00
6872,Runner,0.416,0.477,0.135,0.141,0.00
6873,Pursuer,0.416,0.477,0.126,0.083,0.00
6874,Pursuer,0.416,0.477,0.134,0.137,0.00
6875,Runner,0.416,0.477,0.161,0.165,2.14
6876,Runner,0.417,0.477,0.142,0.120,2.74
6877,Runner,0.417,0.477,0.140,0.113,0.00
6878,Runner,0.417,0.477,0.131,0.142,11.24
6879,Draw,0.417,0.477,0.137,0.146,16.94
6880,Runner,0.417,0.476,0.118,0.126,0.76
6881,Pursuer,0.417,0.477,0.217,0.073,0.00
6882,Pursuer,0.417,0.477,0.136,0.173,0.00
6883,Pursuer,0.417,0.477,0.129,0.141,0.00
6884,Runner,0.417,0.477,0.151,0.141,0.00
6885,Runner,0.417,0.477,0.154,0.115,0.00
6886,Runner,0.417,0.476,0.118,0.132,0.00
6887,Runner,0.417,0.476,0.131,0.138,2.42
6888,Pursuer,0.417,0.476,0.131,0.152,0.00
6889,Pursuer,0.417,0.477,0.103,0.119,0.00
6890,Runner,0.417,0.476,0.123,0.127,0.00
6891,Pursuer,0.417,0.477,0.135,0.112,0.00
6892,Pursuer,0.417,0.477,0.141,0.140,0.00
6893,Pursuer,0.417,0.477,0.149,0.127,0.00
6894,Pursuer,0.417,0.477,0.105,0.106,0.00
6895,Pursuer,0.417,0.477,0.134,0.111,0.00
6896,Pursuer,0.416,0.477,0.149,0.153,0.00
6897,Pursuer,0.416,0.477,0.138,0.132,0.00
6898,Pursuer,0.416,0.477,0.141,0.143,0.00
6899,Pursuer,0.416,0.477,0.127,0.144,0.00
6900,Runner,0.416,0.477,0.128,0.134,2.56
6901,Pursuer,0.416,0.477,0.152,0.119,0.00
6902,Runner,0.416,0.477,0.128,0.101,0.00
6903,Pursuer,0.416,0.477,0.130,0.137,0.00
6904,Pursuer,0.416,0.477,0.061,0.093,0.00
6905,Pursuer,0.416,0.477,0.148,0.139,0.00
6906,Pursuer,0.416,0.477,0.078,0.131,0.00
6907,Runner,0.416,0.477,0.125,0.133,2.56
6908,Runner,0.416,0.477,0.123,0.143,0.66
6909,Pursuer,0.416,0.477,0.138,0.119,0.00
6910,Pursuer,0.416,0.477,0.129,0.133,0.00
6911,Runner,0.416,0.477,0.169,0.158,0.62
6912,Pursuer,0.416,0.477,0.000,0.000,0.00
6913,Pursuer,0.416,0.478,0.125,0.157,0.00
6914,Runner,0.416,0.477,0.110,0.144,3.60
6915,Runner,0.416,0.477,0.163,0.135,2.84
6916,Pursuer,0.416,0.477,0.118,0.159,0.00
6917,Pursuer,0.416,0.478,0.108,0.101,0.00
6918,Runner,0.416,0.477,0.137,0.139,3.30
6919,Runner,0.416,0.477,0.106,0.155,2.82
6920,Runner,0.416,0.477,0.116,0.144,0.00
6921,Pursuer,0.416,0.477,0.134,0.141,0.00
6922,Pursuer,0.416,0.477,0.154,0.136,0.00
6923,Runner,0.416,0.477,0.121,0.134,0.86
6924,Draw,0.416,0.477,0.141,0.144,18.22
6925,Draw,0.416,0.477,0.135,0.150,19.98
6926,Pursuer,0.416,0.477,0.143,0.132,0.00
6927,Pursuer,0.416,0.477,0.145,0.173,0.00
6928,Pursuer,0.416,0.477,0.128,0.125,0.00
6929,Pursuer,0.416,0.478,0.141,0.128,0.00
6930,Runner,0.416,0.477,0.121,0.132,1.58
6931,Pursuer,0.416,0.478,0.150,0.146,0.00
6932,Pursuer,0.416,0.478,0.123,0.116,0.00
6933,Runner,0.416,0.478,0.104,0.132,2.22
6934,Pursuer,0.416,0.478,0.000,0.000,0.00
6935,Runner,0.416,0.478,0.130,0.110,1.32
6936,Pursuer,0.416,0.478,0.150,0.141,0.00
6937,Pursuer,0.416,0.478,0.000,0.000,0.00
6938,Runner,0.416,0.478,0.130,0.154,0.00
6939,Pursuer,0.416,0.478,0.114,0.159,0.00
6940,Runner,0.416,0.478,0.151,0.139,0.00
6941,Pursuer,0.416,0.478,0.138,0.119,0.00
6942,Runner,0.416,0.478,0.116,0.138,0.82
6943,Runner,0.416,0.478,0.137,0.160,4.34
6944,Runner,0.416,0.478,0.162,0.119,1.00
6945,Pursuer,0.416,0.478,0.000,0.000,0.00
6946,Pursuer,0.416,0.478,0.124,0.161,0.00
6947,Runner,0.416,0.478,0.151,0.171,0.28
6948,Runner,0.416,0.478,0.133,0.145,2.26
6949,Runner,0.416,0.477,0.123,0.127,0.00
6950,Pursuer,0.416,0.478,0.118,0.128,0.00
6951,Runner,0.416,0.477,0.141,0.108,4.22
6952,Pursuer,0.416,0.478,0.088,0.172,0.00
6953,Runner,0.417,0.477,0.137,0.120,0.00
6954,Draw,0.416,0.477,0.126,0.147,15.68
6955,Pursuer,0.416,0.477,0.138,0.118,0.00
6956,Runner,0.416,0.477,0.119,0.144,0.00
6957,Draw,0.416,0.477,0.138,0.124,9.88
6958,Pursuer,0.416,0.477,0.129,0.116,0.00
6959,Pursuer,0.416,0.478,0.153,0.131,0.00
6960,Pursuer,0.416,0.478,0.140,0.142,0.00
6961,Runner,0.416,0.478,0.147,0.120,0.28
6962,Runner,0.416,0.477,0.152,0.146,0.82
6963,Runner,0.416,0.477,0.132,0.148,3.78
6964,Pursuer,0.416,0.477,0.111,0.117,0.00
6965,Runner,0.417,0.477,0.130,0.149,3.18
6966,Runner,0.417,0.477,0.126,0.125,0.00
6967,Pursuer,0.417,0.477,0.145,0.143,0.00
6968,Runner,0.417,0.477,0.117,0.146,0.94
6969,Pursuer,0.417,0.477,0.166,0.129,0.00
6970,Runner,0.417,0.477,0.130,0.121,0.00
6971,Runner,0.417,0.477,0.124,0.135,2.68
6972,Runner,0.417,0.477,0.131,0.133,0.00
6973,Runner,0.417,0.477,0.123,0.113,2.36
6974,Pursuer,0.417,0.477,0.139,0.131,0.00
6975,Runner,0.417,0.477,0.147,0.137,0.22
6976,Runner,0.417,0.477,0.128,0.137,6.10
6977,Runner,0.417,0.477,0.153,0.166,0.00
6978,Pursuer,0.417,0.477,0.133,0.127,0.00
6979,Pursuer,0.417,0.477,0.139,0.133,0.00
6980,Pursuer,0.417,0.477,0.129,0.149,0.00
6981,Pursuer,0.417,0.477,0.147,0.117,0.00
6982,Pursuer,0.417,0.477,0.101,0.152,0.00
6983,Runner,0.417,0.477,0.130,0.135,3.88
6984,Pursuer,0.417,0.477,0.127,0.151,0.00
6985,Pursuer,0.417,0.477,0.110,0.143,0.00
6986,Runner,0.417,0.477,0.119,0.122,0.00
6987,Runner,0.417,0.477,0.150,0.125,0.00
6988,Runner,0.417,0.477,0.114,0.155,3.30
6989,Runner,0.417,0.477,0.112,0.120,0.68
6990,Pursuer,0.417,0.477,0.122,0.093,0.00
6991,Pursuer,0.417,0.477,0.162,0.118,0.00
6992,Pursuer,0.417,0.477,0.103,0.048,0.00
6993,Runner,0.417,0.477,0.154,0.099,0.70
6994,Pursuer,0.417,0.477,0.154,0.152,0.00
6995,Pursuer,0.417,0.477,0.160,0.141,0.00
6996,Runner,0.417,0.477,0.164,0.134,0.00
6997,Runner,0.417,0.477,0.118,0.151,0.00
6998,Runner,0.417,0.477,0.159,0.146,1.38
6999,Runner,0.417,0.477,0.133,0.144,4.24
7000,Runner,0.417,0.477,0.105,0.201,0.00
7001,Runner,0.417,0.477,0.136,0.121,2.34
7002,Pursuer,0.417,0.477,0.142,0.135,0.00
7003,Runner,0.417,0.477,0.000,0.000,0.00
7004,Pursuer,0.417,0.477,0.141,0.129,0.00
7005,Runner,0.417,0.477,0.146,0.130,4.92
7006,Runner,0.417,0.477,0.128,0.140,0.00
7007,Pursuer,0.417,0.477,0.133,0.148,0.00
7008,Pursuer,0.417,0.477,0.115,0.173,0.00
7009,Pursuer,0.417,0.477,0.152,0.145,0.00
7010,Pursuer,0.417,0.477,0.141,0.119,0.00
7011,Pursuer,0.417,0.477,0.146,0.120,0.00
7012,Runner,0.417,0.477,0.121,0.143,6.50
7013,Runner,0.417,0.477,0.118,0.122,0.96
7014,Pursuer,0.417,0.477,0.277,0.340,0.00
7015,Runner,0.417,0.477,0.127,0.172,1.34
7016,Runner,0.417,0.477,0.137,0.183,0.48
7017,Runner,0.418,0.477,0.123,0.103,1.88
7018,Runner,0.418,0.477,0.121,0.131,0.76
7019,Pursuer,0.418,0.477,0.078,0.068,0.00
7020,Pursuer,0.418,0.477,0.126,0.131,0.00
7021,Pursuer,0.417,0.477,0.135,0.128,0.00
7022,Runner,0.418,0.477,0.148,0.132,0.00
7023,Pursuer,0.417,0.477,0.129,0.130,0.00
7024,Runner,0.418,0.477,0.137,0.149,0.00
7025,Runner,0.418,0.477,0.086,0.116,0.00
7026,Pursuer,0.418,0.477,0.132,0.124,0.00
7027,Runner,0.418,0.477,0.165,0.166,1.66
7028,Runner,0.418,0.477,0.145,0.138,0.40
7029,Pursuer,0.418,0.477,0.129,0.122,0.00
7030,Pursuer,0.418,0.477,0.138,0.147,0.00
7031,Draw,0.418,0.477,0.138,0.146,19.70
7032,Runner,0.418,0.477,0.125,0.128,0.00
7033,Pursuer,0.418,0.477,0.157,0.115,0.00
7034,Runner,0.418,0.477,0.150,0.203,1.02
7035,Runner,0.418,0.477,0.114,0.156,0.00
7036,Draw,0.418,0.477,0.137,0.158,16.18
7037,Pursuer,0.418,0.477,0.000,0.000,0.00
7038,Runner,0.418,0.477,0.152,0.142,3.46
7039,Pursuer,0.418,0.477,0.108,0.114,0.00
7040,Runner,0.418,0.477,0.134,0.143,3.86
7041,Pursuer,0.418,0.477,0.140,0.133,0.00
7042,Runner,0.418,0.477,0.147,0.168,0.02
7043,Runner,0.418,0.477,0.114,0.124,1.86
7044,Runner,0.418,0.477,0.132,0.130,0.00
7045,Runner,0.418,0.477,0.127,0.130,1.40
7046,Pursuer,0.418,0.477,0.113,0.173,0.00
7047,Pursuer,0.418,0.477,0.104,0.107,0.00
7048,Pursuer,0.418,0.477,0.125,0.123,0.00
7049,Runner,0.418,0.477,0.125,0.124,2.72
7050,Runner,0.418,0.477,0.000,0.000,0.02
7051,Runner,0.418,0.477,0.149,0.129,4.68
7052,Runner,0.418,0.477,0.142,0.120,0.02
7053,Pursuer,0.418,0.477,0.119,0.106,0.00
7054,Pursuer,0.418,0.477,0.121,0.140,0.00
7055,Runner,0.418,0.477,0.146,0.116,0.00
7056,Pursuer,0.418,0.477,0.146,0.103,0.00
7057,Runner,0.418,0.477,0.130,0.128,0.90
7058,Pursuer,0.418,0.477,0.138,0.144,0.00
7059,Pursuer,0.418,0.477,0.141,0.168,0.00
7060,Pursuer,0.418,0.477,0.160,0.149,0.00
7061,Runner,0.418,0.477,0.133,0.152,6.40
7062,Pursuer,0.418,0.477,0.134,0.150,0.00
7063,Runner,0.418,0.477,0.131,0.147,4.42
7064,Pursuer,0.418,0.477,0.130,0.140,0.00
7065,Runner,0.418,0.477,0.129,0.137,0.00
7066,Runner,0.418,0.477,0.125,0.138,1.68
7067,Runner,0.418,0.477,0.129,0.130,4.48
7068,Pursuer,0.418,0.477,0.125,0.160,0.00
7069,Pursuer,0.418,0.477,0.123,0.136,0.00
7070,Draw,0.418,0.477,0.143,0.135,17.36
7071,Runner,0.418,0.477,0.123,0.175,1.16
7072,Pursuer,0.418,0.477,0.121,0.113,0.00
7073,Pursuer,0.418,0.477,0.113,0.233,0.00
7074,Runner,0.418,0.477,0.119,0.116,3.08
7075,Runner,0.418,0.477,0.152,0.127,0.00
7076,Runner,0.418,0.477,0.144,0.122,0.74
7077,Runner,0.418,0.477,0.137,0.122,0.00
7078,Pursuer,0.418,0.477,0.131,0.132,0.00
7079,Runner,0.418,0.477,0.127,0.132,0.00
7080,Pursuer,0.418,0.477,0.125,0.127,0.00
7081,Pursuer,0.418,0.477,0.144,0.111,0.00
7082,Pursuer,0.418,0.477,0.106,0.144,0.00
7083,Runner,0.418,0.477,0.119,0.142,0.00
7084,Pursuer,0.418,0.477,0.118,0.117,0.00
7085,Pursuer,0.418,0.477,0.116,0.109,0.00
7086,Pursuer,0.418,0.477,0.130,0.122,0.00
7087,Runner,0.418,0.477,0.000,0.000,0.00
7088,Runner,0.418,0.477,0.105,0.126,1.72
7089,Runner,0.418,0.477,0.141,0.149,4.62
7090,Pursuer,0.418,0.477,0.123,0.132,0.00
7091,Runner,0.418,0.477,0.055,0.216,0.32
7092,Runner,0.418,0.477,0.136,0.216,0.16
7093,Pursuer,0.418,0.477,0.000,0.000,0.00
7094,Pursuer,0.418,0.477,0.142,0.135,0.00
7095,Pursuer,0.418,0.477,0.139,0.124,0.00
7096,Pursuer,0.418,0.477,0.144,0.086,0.00
7097,Runner,0.418,0.477,0.114,0.127,4.26
7098,Runner,0.418,0.477,0.195,0.128,0.00
7099,Pursuer,0.418,0.477,0.131,0.143,0.00
7100,Runner,0.418,0.477,0.133,0.124,0.00
7101,Runner,0.419,0.477,0.155,0.135,4.88
7102,Pursuer,0.418,0.477,0.000,0.000,0.00
7103,Pursuer,0.418,0.477,0.134,0.138,0.00
7104,Pursuer,0.418,0.477,0.143,0.136,0.00
7105,Pursuer,0.418,0.477,0.114,0.132,0.00
7106,Pursuer,0.418,0.477,0.131,0.155,0.00
7107,Runner,0.418,0.477,0.101,0.146,1.30
7108,Pursuer,0.418,0.477,0.132,0.137,0.00
7109,Draw,0.418,0.477,0.142,0.130,16.68
7110,Pursuer,0.418,0.477,0.131,0.140,0.00
7111,Pursuer,0.418,0.477,0.029,0.058,0.00
7112,Runner,0.418,0.477,0.107,0.083,0.38
7113,Pursuer,0.418,0.477,0.127,0.125,0.00
7114,Pursuer,0.418,0.478,0.132,0.141,0.00
7115,Runner,0.418,0.477,0.105,0.133,0.88
7116,Runner,0.418,0.477,0.117,0.162,2.64
7117,Pursuer,0.418,0.477,0.126,0.123,0.00
7118,Runner,0.418,0.477,0.137,0.146,8.22
7119,Runner,0.418,0.477,0.122,0.126,0.58
7120,Pursuer,0.418,0.477,0.137,0.134,0.00
7121,Pursuer,0.418,0.477,0.214,0.114,0.00
7122,Runner,0.418,0.477,0.117,0.145,0.88
7123,Runner,0.418,0.477,0.115,0.120,0.26
7124,Pursuer,0.418,0.477,0.152,0.143,0.00
7125,Runner,0.418,0.477,0.128,0.125,0.86
7126,Pursuer,0.418,0.477,0.180,0.102,0.00
7127,Runner,0.418,0.477,0.095,0.138,0.00
7128,Runner,0.418,0.477,0.124,0.113,0.00
7129,Pursuer,0.418,0.477,0.150,0.088,0.00
7130,Runner,0.419,0.477,0.128,0.145,0.44
7131,Runner,0.419,0.477,0.120,0.113,1.30
7132,Runner,0.419,0.477,0.153,0.115,0.02
7133,Runner,0.419,0.477,0.114,0.112,0.00
7134,Runner,0.419,0.477,0.148,0.142,0.00
7135,Runner,0.419,0.477,0.139,0.094,0.00
7136,Runner,0.419,0.477,0.128,0.145,0.72
7137,Pursuer,0.419,0.477,0.180,0.154,0.00
7138,Runner,0.419,0.477,0.123,0.112,0.00
7139,Runner,0.419,0.477,0.068,0.141,0.00
7140,Runner,0.419,0.477,0.133,0.122,0.00
7141,Runner,0.419,0.477,0.094,0.108,0.00
7142,Runner,0.419,0.477,0.127,0.131,0.00
7143,Pursuer,0.419,0.477,0.121,0.134,0.00
7144,Pursuer,0.419,0.477,0.148,0.141,0.00
7145,Pursuer,0.419,0.477,0.114,0.097,0.00
7146,Runner,0.419,0.477,0.127,0.156,4.18
7147,Pursuer,0.419,0.477,0.149,0.126,0.00
7148,Pursuer,0.419,0.477,0.113,0.127,0.00
7149,Runner,0.419,0.477,0.132,0.144,0.00
7150,Runner,0.419,0.477,0.133,0.132,0.00
7151,Runner,0.419,0.477,0.154,0.151,0.36
7152,Runner,0.419,0.477,0.131,0.179,0.00
7153,Runner,0.420,0.477,0.107,0.163,0.58
7154,Pursuer,0.419,0.477,0.130,0.140,0.00
7155,Runner,0.420,0.477,0.121,0.151,3.04
7156,Pursuer,0.420,0.477,0.143,0.119,0.00
7157,Pursuer,0.419,0.477,0.063,0.115,0.00
7158,Pursuer,0.419,0.477,0.133,0.138,0.00
7159,Runner,0.419,0.477,0.125,0.141,0.94
7160,Runner,0.420,0.477,0.135,0.105,3.70
7161,Pursuer,0.419,0.477,0.141,0.140,0.00
7162,Runner,0.420,0.477,0.150,0.107,0.00
7163,Runner,0.420,0.477,0.090,0.130,0.00
7164,Pursuer,0.420,0.477,0.192,0.105,0.00
7165,Pursuer,0.420,0.477,0.135,0.143,0.00
7166,Draw,0.419,0.477,0.131,0.157,18.98
7167,Runner,0.420,0.477,0.131,0.128,0.78
7168,Draw,0.420,0.477,0.140,0.142,15.12
7169,Runner,0.420,0.476,0.138,0.159,0.00
7170,Pursuer,0.420,0.477,0.000,0.000,0.00
7171,Pursuer,0.419,0.477,0.150,0.122,0.00
7172,Pursuer,0.419,0.477,0.223,0.131,0.00
7173,Runner,0.419,0.477,0.121,0.143,3.56
7174,Pursuer,0.419,0.477,0.136,0.126,0.00
7175,Runner,0.420,0.477,0.117,0.114,0.00
7176,Pursuer,0.419,0.477,0.123,0.100,0.00
7177,Runner,0.420,0.477,0.152,0.162,0.32
7178,Runner,0.420,0.477,0.140,0.149,0.98
7179,Pursuer,0.420,0.477,0.153,0.135,0.00
7180,Runner,0.420,0.477,0.127,0.124,0.00
7181,Runner,0.420,0.477,0.144,0.106,2.82
7182,Runner,0.420,0.476,0.126,0.142,0.00
7183,Pursuer,0.420,0.477,0.103,0.100,0.00
7184,Runner,0.420,0.476,0.118,0.134,3.28
7185,Runner,0.420,0.476,0.137,0.147,1.34
7186,Runner,0.420,0.476,0.140,0.105,0.20
7187,Runner,0.420,0.476,0.145,0.104,0.16
7188,Runner,0.420,0.476,0.123,0.138,3.34
7189,Runner,0.420,0.476,0.117,0.164,0.00
7190,Pursuer,0.420,0.476,0.116,0.116,0.00
7191,Runner,0.420,0.476,0.143,0.143,1.16
7192,Pursuer,0.420,0.476,0.153,0.143,0.00
7193,Runner,0.420,0.476,0.131,0.176,0.00
7194,Pursuer,0.420,0.476,0.127,0.101,0.00
7195,Runner,0.420,0.476,0.120,0.114,0.00
7196,Pursuer,0.420,0.476,0.099,0.128,0.00
7197,Runner,0.420,0.476,0.101,0.136,2.76
7198,Draw,0.420,0.476,0.139,0.153,17.58
7199,Pursuer,0.420,0.476,0.154,0.170,0.00
7200,Runner,0.420,0.476,0.157,0.119,2.38
7201,Pursuer,0.420,0.476,0.109,0.118,0.00
7202,Runner,0.420,0.476,0.161,0.110,0.00
7203,Pursuer,0.420,0.476,0.144,0.112,0.00
7204,Pursuer,0.420,0.476,0.111,0.163,0.00
7205,Pursuer,0.420,0.476,0.143,0.120,0.00
7206,Runner,0.420,0.476,0.146,0.166,0.00
7207,Pursuer,0.420,0.476,0.123,0.132,0.00
7208,Runner,0.420,0.476,0.156,0.177,0.20
7209,Pursuer,0.420,0.476,0.046,0.121,0.00
7210,Runner,0.420,0.476,0.140,0.155,10.56
7211,Pursuer,0.420,0.476,0.125,0.154,0.00
7212,Runner,0.420,0.476,0.123,0.165,1.00
7213,Runner,0.420,0.476,0.141,0.143,0.50
7214,Runner,0.420,0.476,0.119,0.109,0.00
7215,Runner,0.421,0.476,0.142,0.145,3.74
7216,Runner,0.421,0.476,0.143,0.141,0.00
7217,Runner,0.421,0.476,0.148,0.150,0.00
7218,Runner,0.421,0.476,0.164,0.125,0.00
7219,Pursuer,0.421,0.476,0.117,0.109,0.00
7220,Runner,0.421,0.476,0.156,0.163,2.70
7221,Runner,0.421,0.476,0.135,0.130,1.74
7222,Pursuer,0.421,0.476,0.128,0.107,0.00
7223,Runner,0.421,0.476,0.142,0.116,0.00
7224,Runner,0.421,0.476,0.126,0.132,10.02
7225,Runner,0.421,0.476,0.129,0.134,1.64
7226,Runner,0.421,0.476,0.138,0.114,0.00
7227,Runner,0.421,0.476,0.127,0.131,0.30
7228,Pursuer,0.421,0.476,0.097,0.114,0.00
7229,Pursuer,0.421,0.476,0.112,0.114,0.00
7230,Runner,0.421,0.476,0.131,0.139,3.64
7231,Runner,0.421,0.476,0.117,0.140,0.00
7232,Pursuer,0.421,0.476,0.147,0.111,0.00
7233,Pursuer,0.421,0.476,0.134,0.149,0.00
7234,Runner,0.421,0.476,0.000,0.000,0.02
7235,Pursuer,0.421,0.476,0.094,0.099,0.00
7236,Pursuer,0.421,0.476,0.116,0.124,0.00
7237,Runner,0.421,0.476,0.000,0.000,0.00
7238,Pursuer,0.421,0.476,0.163,0.127,0.00
7239,Pursuer,0.421,0.476,0.120,0.132,0.00
7240,Pursuer,0.421,0.476,0.151,0.123,0.00
7241,Pursuer,0.421,0.476,0.156,0.158,0.00
7242,Pursuer,0.421,0.476,0.136,0.109,0.00
7243,Pursuer,0.421,0.476,0.143,0.130,0.00
7244,Pursuer,0.421,0.476,0.179,0.207,0.00
7245,Pursuer,0.421,0.476,0.136,0.133,0.00
7246,Pursuer,0.421,0.476,0.136,0.125,0.00
7247,Pursuer,0.421,0.476,0.142,0.191,0.00
7248,Runner,0.421,0.476,0.145,0.154,0.92
7249,Runner,0.421,0.476,0.134,0.139,0.12
7250,Pursuer,0.421,0.476,0.120,0.149,0.00
7251,Runner,0.421,0.476,0.144,0.156,1.44
7252,Pursuer,0.421,0.476,0.118,0.158,0.00
7253,Pursuer,0.421,0.476,0.160,0.163,0.00
7254,Pursuer,0.421,0.477,0.160,0.169,0.00
7255,Runner,0.421,0.476,0.143,0.133,5.46
7256,Pursuer,0.421,0.477,0.117,0.126,0.00
7257,Runner,0.421,0.477,0.107,0.139,0.00
7258,Runner,0.421,0.476,0.141,0.106,0.84
7259,Draw,0.421,0.476,0.118,0.137,0.00
7260,Runner,0.421,0.476,0.119,0.131,4.98
7261,Runner,0.421,0.476,0.139,0.122,0.00
7262,Runner,0.421,0.476,0.155,0.116,0.00
7263,Pursuer,0.421,0.476,0.129,0.121,0.00
7264,Pursuer,0.421,0.476,0.131,0.137,0.00
7265,Pursuer,0.421,0.476,0.146,0.134,0.00
7266,Runner,0.421,0.476,0.150,0.117,0.00
7267,Pursuer,0.421,0.476,0.123,0.146,0.00
7268,Pursuer,0.421,0.476,0.144,0.121,0.00
7269,Runner,0.421,0.476,0.111,0.167,1.04
7270,Pursuer,0.421,0.476,0.142,0.138,0.00
7271,Runner,0.421,0.476,0.131,0.121,0.00
7272,Runner,0.421,0.476,0.126,0.139,0.00
7273,Runner,0.421,0.476,0.138,0.155,0.00
7274,Pursuer,0.421,0.476,0.147,0.127,0.00
7275,Runner,0.421,0.476,0.213,0.158,0.00
7276,Runner,0.421,0.476,0.134,0.138,0.14
7277,Pursuer,0.421,0.476,0.123,0.140,0.00
7278,Runner,0.421,0.476,0.118,0.100,1.92
7279,Pursuer,0.421,0.476,0.138,0.127,0.00
7280,Pursuer,0.421,0.476,0.110,0.088,0.00
7281,Runner,0.421,0.476,0.143,0.145,0.00
7282,Runner,0.421,0.476,0.129,0.155,3.58
7283,Pursuer,0.421,0.476,0.152,0.129,0.00
7284,Runner,0.421,0.476,0.000,0.000,0.02
7285,Pursuer,0.421,0.476,0.129,0.111,0.00
7286,Runner,0.421,0.476,0.127,0.132,0.00
7287,Pursuer,0.421,0.476,0.119,0.153,0.00
7288,Pursuer,0.421,0.476,0.138,0.145,0.00
7289,Runner,0.421,0.476,0.157,0.159,2.18
7290,Runner,0.421,0.476,0.141,0.132,0.00
7291,Pursuer,0.421,0.476,0.135,0.122,0.00
7292,Runner,0.421,0.476,0.158,0.128,1.18
7293,Runner,0.421,0.476,0.137,0.137,0.00
7294,Pursuer,0.421,0.476,0.142,0.105,0.00
7295,Pursuer,0.421,0.476,0.154,0.121,0.00
7296,Runner,0.421,0.476,0.134,0.139,3.48
7297,Pursuer,0.421,0.476,0.145,0.151,0.00
7298,Pursuer,0.421,0.476,0.110,0.140,0.00
7299,Pursuer,0.421,0.477,0.160,0.143,0.00
7300,Pursuer,0.421,0.477,0.125,0.129,0.00
7301,Runner,0.421,0.477,0.138,0.138,3.36
7302,Pursuer,0.421,0.477,0.158,0.117,0.00
7303,Pursuer,0.421,0.477,0.160,0.174,0.00
7304,Pursuer,0.421,0.477,0.154,0.127,0.00
7305,Pursuer,0.421,0.477,0.138,0.155,0.00
7306,Pursuer,0.421,0.477,0.154,0.108,0.00
7307,Runner,0.421,0.477,0.147,0.153,1.98
7308,Runner,0.421,0.477,0.145,0.214,1.72
7309,Runner,0.421,0.477,0.127,0.136,0.00
7310,Runner,0.421,0.477,0.127,0.119,3.22
7311,Runner,0.421,0.477,0.115,0.145,0.00
7312,Runner,0.421,0.476,0.146,0.128,0.00
7313,Runner,0.421,0.476,0.129,0.106,0.00
7314,Pursuer,0.421,0.476,0.131,0.139,0.00
7315,Runner,0.421,0.476,0.118,0.142,0.64
7316,Runner,0.422,0.476,0.135,0.119,0.00
7317,Pursuer,0.421,0.476,0.223,0.176,0.00
7318,Runner,0.422,0.476,0.123,0.124,0.00
7319,Runner,0.422,0.476,0.148,0.134,0.00
7320,Pursuer,0.422,0.476,0.131,0.118,0.00
7321,Draw,0.422,0.476,0.127,0.156,19.32
7322,Runner,0.422,0.476,0.169,0.155,0.00
7323,Pursuer,0.422,0.476,0.125,0.152,0.00
7324,Runner,0.422,0.476,0.128,0.145,4.66
7325,Pursuer,0.422,0.476,0.075,0.094,0.00
7326,Pursuer,0.422,0.476,0.101,0.135,0.00
7327,Runner,0.422,0.476,0.125,0.129,0.00
7328,Runner,0.422,0.476,0.120,0.132,1.00
7329,Pursuer,0.422,0.476,0.156,0.113,0.00
7330,Runner,0.422,0.476,0.089,0.133,0.00
7331,Runner,0.422,0.476,0.092,0.171,0.00
7332,Runner,0.422,0.476,0.129,0.105,0.00
7333,Runner,0.422,0.476,0.149,0.110,0.00
7334,Pursuer,0.422,0.476,0.172,0.156,0.00
7335,Runner,0.422,0.476,0.145,0.145,0.66
7336,Pursuer,0.422,0.476,0.136,0.112,0.00
7337,Pursuer,0.422,0.476,0.137,0.118,0.00
7338,Pursuer,0.422,0.476,0.159,0.174,0.00
7339,Pursuer,0.422,0.476,0.115,0.144,0.00
7340,Pursuer,0.422,0.476,0.152,0.142,0.00
7341,Runner,0.422,0.476,0.000,0.000,0.00
7342,Pursuer,0.422,0.476,0.000,0.000,0.00
7343,Runner,0.422,0.476,0.055,0.163,0.00
7344,Pursuer,0.422,0.476,0.144,0.123,0.00
7345,Pursuer,0.422,0.477,0.138,0.137,0.00
7346,Pursuer,0.422,0.477,0.160,0.124,0.00
7347,Pursuer,0.422,0.477,0.129,0.125,0.00
7348,Runner,0.422,0.477,0.122,0.118,0.00
7349,Pursuer,0.422,0.477,0.123,0.114,0.00
7350,Pursuer,0.421,0.477,0.075,0.077,0.00
7351,Runner,0.422,0.477,0.117,0.140,0.00
7352,Pursuer,0.422,0.477,0.105,0.120,0.00
7353,Pursuer,0.421,0.477,0.141,0.129,0.00
7354,Runner,0.422,0.477,0.174,0.176,0.00
7355,Runner,0.422,0.477,0.134,0.091,0.00
7356,Pursuer,0.422,0.477,0.092,0.184,0.00
7357,Runner,0.422,0.477,0.137,0.129,0.08
7358,Pursuer,0.422,0.477,0.121,0.140,0.00
7359,Draw,0.422,0.477,0.142,0.148,17.44
7360,Runner,0.422,0.477,0.134,0.125,4.08
7361,Runner,0.422,0.477,0.103,0.123,0.06
7362,Pursuer,0.422,0.477,0.000,0.000,0.00
7363,Runner,0.422,0.477,0.116,0.122,1.60
7364,Runner,0.422,0.477,0.135,0.113,0.00
7365,Runner,0.422,0.476,0.105,0.152,0.00
7366,Runner,0.422,0.476,0.129,0.126,3.10
7367,Runner,0.422,0.476,0.154,0.120,2.58
7368,Runner,0.422,0.476,0.136,0.104,0.00
7369,Pursuer,0.422,0.476,0.144,0.149,0.00
7370,Pursuer,0.422,0.476,0.168,0.122,0.00
7371,Pursuer,0.422,0.476,0.223,0.207,0.00
7372,Pursuer,0.422,0.477,0.104,0.133,0.00
7373,Pursuer,0.422,0.477,0.143,0.130,0.00
7374,Pursuer,0.422,0.477,0.147,0.111,0.00
7375,Pursuer,0.422,0.477,0.165,0.110,0.00
7376,Draw,0.422,0.477,0.122,0.138,18.58
7377,Pursuer,0.422,0.477,0.131,0.132,0.00
7378,Pursuer,0.422,0.477,0.144,0.140,0.00
7379,Runner,0.422,0.477,0.121,0.135,0.00
7380,Pursuer,0.422,0.477,0.147,0.168,0.00
7381,Pursuer,0.421,0.477,0.127,0.154,0.00
7382,Runner,0.422,0.477,0.119,0.132,1.48
7383,Pursuer,0.422,0.477,0.131,0.113,0.00
7384,Pursuer,0.421,0.477,0.100,0.138,0.00
7385,Pursuer,0.421,0.477,0.097,0.088,0.00
7386,Runner,0.421,0.477,0.131,0.113,0.00
7387,Pursuer,0.421,0.477,0.151,0.135,0.00
7388,Pursuer,0.421,0.477,0.243,0.147,0.00
7389,Pursuer,0.421,0.477,0.149,0.134,0.00
7390,Runner,0.421,0.477,0.116,0.144,0.36
7391,Runner,0.421,0.477,0.110,0.147,0.44
7392,Pursuer,0.421,0.477,0.103,0.161,0.00
7393,Pursuer,0.421,0.477,0.106,0.119,0.00
7394,Runner,0.421,0.477,0.145,0.104,0.00
7395,Pursuer,0.421,0.477,0.136,0.130,0.00
7396,Draw,0.421,0.477,0.152,0.133,18.72
7397,Runner,0.421,0.477,0.116,0.131,8.08
7398,Runner,0.421,0.477,0.137,0.136,2.04
7399,Runner,0.422,0.477,0.134,0.112,2.64
7400,Runner,0.422,0.477,0.121,0.100,0.00
7401,Pursuer,0.422,0.477,0.138,0.133,0.00
7402,Pursuer,0.422,0.477,0.119,0.129,0.00
7403,Pursuer,0.421,0.477,0.148,0.137,0.00
7404,Runner,0.422,0.477,0.133,0.143,0.00
7405,Runner,0.422,0.477,0.118,0.117,1.14
7406,Pursuer,0.422,0.477,0.175,0.099,0.00
7407,Runner,0.422,0.477,0.167,0.133,1.70
7408,Runner,0.422,0.477,0.108,0.155,1.14
7409,Pursuer,0.422,0.477,0.121,0.130,0.00
7410,Pursuer,0.422,0.477,0.146,0.112,0.00
7411,Runner,0.422,0.477,0.108,0.155,0.00
7412,Pursuer,0.422,0.477,0.123,0.095,0.00
7413,Runner,0.422,0.477,0.121,0.148,4.48
7414,Pursuer,0.422,0.477,0.147,0.140,0.00
7415,Pursuer,0.422,0.477,0.135,0.103,0.00
7416,Pursuer,0.422,0.477,0.094,0.143,0.00
7417,Runner,0.422,0.477,0.123,0.106,0.78
7418,Runner,0.422,0.477,0.123,0.134,1.94
7419,Pursuer,0.422,0.477,0.142,0.150,0.00
7420,Pursuer,0.422,0.477,0.147,0.173,0.00
7421,Pursuer,0.422,0.477,0.131,0.126,0.00
7422,Pursuer,0.421,0.477,0.132,0.147,0.00
7423,Draw,0.421,0.477,0.145,0.125,0.00
7424,Runner,0.421,0.477,0.151,0.151,0.62
7425,Pursuer,0.421,0.477,0.142,0.152,0.00
7426,Pursuer,0.421,0.477,0.162,0.131,0.00
7427,Pursuer,0.421,0.477,0.087,0.182,0.00
7428,Runner,0.421,0.477,0.144,0.134,3.46
7429,Pursuer,0.421,0.477,0.149,0.139,0.00
7430,Runner,0.421,0.477,0.090,0.103,0.00
7431,Runner,0.421,0.477,0.128,0.135,1.06
7432,Draw,0.421,0.477,0.117,0.126,14.26
7433,Runner,0.421,0.477,0.000,0.000,0.00
7434,Pursuer,0.421,0.477,0.105,0.141,0.00
7435,Runner,0.422,0.477,0.117,0.139,4.08
7436,Pursuer,0.421,0.477,0.145,0.137,0.00
7437,Draw,0.421,0.477,0.123,0.138,15.52
7438,Runner,0.421,0.477,0.165,0.144,0.00
7439,Runner,0.422,0.477,0.152,0.087,0.58
7440,Runner,0.422,0.477,0.123,0.130,1.10
7441,Runner,0.422,0.477,0.088,0.129,0.00
7442,Pursuer,0.422,0.477,0.129,0.095,0.00
7443,Runner,0.422,0.477,0.162,0.182,0.00
7444,Pursuer,0.422,0.477,0.131,0.130,0.00
7445,Runner,0.422,0.477,0.135,0.112,0.30
7446,Pursuer,0.422,0.477,0.126,0.142,0.00
7447,Pursuer,0.422,0.477,0.147,0.129,0.00
7448,Runner,0.422,0.477,0.139,0.126,6.02
7449,Runner,0.422,0.477,0.133,0.132,2.10
7450,Pursuer,0.422,0.477,0.136,0.151,0.00
7451,Runner,0.422,0.477,0.130,0.123,1.18
7452,Runner,0.422,0.477,0.070,0.161,0.54
7453,Runner,0.422,0.477,0.159,0.119,0.00
7454,Runner,0.422,0.477,0.144,0.128,0.10
7455,Runner,0.422,0.477,0.148,0.123,1.94
7456,Runner,0.422,0.477,0.160,0.079,0.00
7457,Pursuer,0.422,0.477,0.130,0.095,0.00
7458,Pursuer,0.422,0.477,0.084,0.061,0.00
7459,Runner,0.422,0.477,0.119,0.123,0.00
7460,Runner,0.422,0.477,0.157,0.262,0.00
7461,Pursuer,0.422,0.477,0.134,0.139,0.00
7462,Pursuer,0.422,0.477,0.151,0.143,0.00
7463,Runner,0.422,0.477,0.158,0.102,0.90
7464,Pursuer,0.422,0.477,0.178,0.103,0.00
7465,Runner,0.422,0.477,0.137,0.122,0.54
7466,Runner,0.422,0.477,0.136,0.134,3.58
7467,Pursuer,0.422,0.477,0.149,0.147,0.00
7468,Pursuer,0.422,0.477,0.134,0.138,0.00
7469,Runner,0.422,0.477,0.141,0.133,0.00
7470,Draw,0.422,0.477,0.147,0.140,16.04
7471,Runner,0.422,0.477,0.151,0.119,3.94
7472,Pursuer,0.422,0.477,0.147,0.144,0.00
7473,Runner,0.422,0.477,0.153,0.117,3.20
7474,Pursuer,0.422,0.477,0.138,0.156,0.00
7475,Pursuer,0.422,0.477,0.102,0.135,0.00
7476,Runner,0.422,0.477,0.146,0.120,2.02
7477,Pursuer,0.422,0.477,0.109,0.125,0.00
7478,Pursuer,0.422,0.477,0.135,0.104,0.00
7479,Pursuer,0.422,0.477,0.133,0.144,0.00
7480,Runner,0.422,0.477,0.163,0.119,0.00
7481,Runner,0.422,0.477,0.139,0.111,0.00
7482,Runner,0.422,0.477,0.123,0.127,0.00
7483,Pursuer,0.422,0.477,0.000,0.000,0.00
7484,Runner,0.422,0.477,0.144,0.118,3.36
7485,Pursuer,0.422,0.477,0.139,0.104,0.00
7486,Pursuer,0.422,0.477,0.240,0.169,0.00
7487,Pursuer,0.422,0.477,0.154,0.124,0.00
7488,Runner,0.422,0.477,0.137,0.143,0.00
7489,Runner,0.422,0.477,0.110,0.122,0.42
7490,Runner,0.422,0.477,0.121,0.150,1.42
7491,Runner,0.423,0.477,0.122,0.124,0.00
7492,Runner,0.423,0.477,0.123,0.134,1.66
7493,Pursuer,0.423,0.477,0.139,0.130,0.00
7494,Pursuer,0.422,0.477,0.206,0.150,0.00
7495,Runner,0.423,0.477,0.110,0.147,0.00
7496,Runner,0.423,0.477,0.117,0.126,0.96
7497,Pursuer,0.423,0.477,0.136,0.125,0.00
7498,Pursuer,0.423,0.477,0.145,0.128,0.00
7499,Runner,0.423,0.477,0.158,0.132,0.00
7500,Runner,0.423,0.477,0.084,0.172,1.38
7501,Pursuer,0.423,0.477,0.136,0.133,0.00
7502,Runner,0.423,0.477,0.131,0.129,0.38
7503,Pursuer,0.423,0.477,0.000,0.000,0.00
7504,Runner,0.423,0.477,0.122,0.119,1.62
7505,Pursuer,0.423,0.477,0.103,0.125,0.00
7506,Runner,0.423,0.477,0.144,0.120,2.52
7507,Runner,0.423,0.477,0.151,0.127,1.42
7508,Draw,0.423,0.477,0.133,0.147,19.98
7509,Pursuer,0.423,0.477,0.176,0.140,0.00
7510,Runner,0.423,0.477,0.133,0.134,0.00
7511,Pursuer,0.423,0.477,0.111,0.143,0.00
7512,Runner,0.423,0.477,0.127,0.120,0.50
7513,Pursuer,0.423,0.477,0.120,0.100,0.00
7514,Pursuer,0.423,0.477,0.117,0.115,0.00
7515,Pursuer,0.423,0.477,0.125,0.123,0.00
7516,Runner,0.423,0.477,0.118,0.158,0.00
7517,Pursuer,0.423,0.477,0.105,0.150,0.00
7518,Runner,0.423,0.477,0.129,0.132,0.00
7519,Pursuer,0.423,0.477,0.166,0.144,0.00
7520,Runner,0.423,0.477,0.147,0.120,3.34
7521,Pursuer,0.423,0.477,0.154,0.140,0.00
7522,Runner,0.423,0.477,0.151,0.109,0.26
7523,Pursuer,0.423,0.477,0.144,0.120,0.00
7524,Pursuer,0.423,0.477,0.157,0.153,0.00
7525,Runner,0.423,0.477,0.173,0.131,0.94
7526,Runner,0.423,0.477,0.151,0.142,0.04
7527,Runner,0.423,0.477,0.151,0.156,1.50
7528,Runner,0.423,0.477,0.132,0.136,2.60
7529,Runner,0.423,0.477,0.121,0.124,0.00
7530,Runner,0.423,0.476,0.182,0.152,0.00
7531,Runner,0.423,0.476,0.131,0.120,2.32
7532,Runner,0.423,0.476,0.152,0.122,0.32
7533,Runner,0.423,0.476,0.145,0.174,0.00
7534,Runner,0.423,0.476,0.119,0.098,0.00
7535,Pursuer,0.423,0.476,0.132,0.131,0.00
7536,Runner,0.423,0.476,0.133,0.132,0.00
7537,Runner,0.424,0.476,0.158,0.140,0.00
7538,Pursuer,0.423,0.476,0.134,0.141,0.00
7539,Pursuer,0.423,0.476,0.140,0.145,0.00
7540,Runner,0.423,0.476,0.131,0.108,0.00
7541,Runner,0.424,0.476,0.102,0.119,0.52
7542,Runner,0.424,0.476,0.114,0.134,0.06
7543,Pursuer,0.424,0.476,0.118,0.121,0.00
7544,Runner,0.424,0.476,0.127,0.159,0.64
7545,Runner,0.424,0.476,0.045,0.072,0.00
7546,Runner,0.424,0.476,0.107,0.107,0.00
7547,Runner,0.424,0.476,0.142,0.110,5.30
7548,Runner,0.424,0.476,0.146,0.147,0.64
7549,Runner,0.424,0.476,0.132,0.139,6.22
7550,Pursuer,0.424,0.476,0.128,0.130,0.00
7551,Runner,0.424,0.476,0.138,0.123,0.00
7552,Pursuer,0.424,0.476,0.110,0.130,0.00
7553,Runner,0.424,0.476,0.173,0.125,0.00
7554,Pursuer,0.424,0.476,0.154,0.159,0.00
7555,Pursuer,0.424,0.476,0.127,0.143,0.00
7556,Runner,0.424,0.476,0.138,0.133,5.20
7557,Runner,0.424,0.476,0.140,0.122,0.00
7558,Pursuer,0.424,0.476,0.149,0.132,0.00
7559,Runner,0.424,0.476,0.108,0.102,0.00
7560,Runner,0.424,0.476,0.138,0.106,2.16
7561,Pursuer,0.424,0.476,0.128,0.115,0.00
7562,Runner,0.424,0.476,0.195,0.119,0.00
7563,Runner,0.424,0.476,0.118,0.115,1.08
7564,Pursuer,0.424,0.476,0.123,0.150,0.00
7565,Runner,0.424,0.476,0.128,0.126,2.22
7566,Pursuer,0.424,0.476,0.135,0.105,0.00
7567,Pursuer,0.424,0.476,0.128,0.167,0.00
7568,Runner,0.424,0.476,0.122,0.121,0.00
7569,Pursuer,0.424,0.476,0.136,0.135,0.00
7570,Pursuer,0.424,0.476,0.133,0.150,0.00
7571,Runner,0.424,0.476,0.174,0.157,0.00
7572,Pursuer,0.424,0.476,0.167,0.157,0.00
7573,Runner,0.424,0.476,0.124,0.110,0.00
7574,Runner,0.424,0.476,0.153,0.095,0.00
7575,Pursuer,0.424,0.476,0.038,0.041,0.00
7576,Runner,0.424,0.476,0.151,0.112,0.00
7577,Pursuer,0.424,0.476,0.149,0.116,0.00
7578,Runner,0.424,0.476,0.119,0.129,2.80
7579,Pursuer,0.424,0.476,0.158,0.136,0.00
7580,Runner,0.424,0.476,0.109,0.138,2.08
7581,Runner,0.424,0.476,0.133,0.146,0.00
7582,Runner,0.425,0.476,0.145,0.130,0.00
7583,Runner,0.425,0.476,0.115,0.122,2.40
7584,Runner,0.425,0.476,0.128,0.151,2.08
7585,Runner,0.425,0.476,0.129,0.142,4.82
7586,Pursuer,0.425,0.476,0.130,0.105,0.00
7587,Runner,0.425,0.476,0.122,0.132,0.00
7588,Pursuer,0.425,0.476,0.155,0.156,0.00
7589,Runner,0.425,0.476,0.145,0.176,0.00
7590,Runner,0.425,0.475,0.119,0.104,0.00
7591,Pursuer,0.425,0.476,0.140,0.125,0.00
7592,Pursuer,0.425,0.476,0.135,0.134,0.00
7593,Runner,0.425,0.476,0.133,0.129,0.00
7594,Runner,0.425,0.476,0.111,0.115,0.00
7595,Runner,0.425,0.475,0.140,0.155,0.00
7596,Runner,0.425,0.475,0.154,0.127,2.04
7597,Runner,0.425,0.475,0.141,0.121,0.56
7598,Runner,0.425,0.475,0.128,0.137,5.42
7599,Pursuer,0.425,0.475,0.135,0.156,0.00
7600,Pursuer,0.425,0.475,0.164,0.116,0.00
7601,Runner,0.425,0.475,0.206,0.185,0.00
7602,Runner,0.425,0.475,0.136,0.126,0.00
7603,Pursuer,0.425,0.475,0.944,0.266,0.00
7604,Pursuer,0.425,0.475,0.135,0.131,0.00
7605,Runner,0.425,0.475,0.146,0.146,3.84
7606,Pursuer,0.425,0.475,0.138,0.174,0.00
7607,Runner,0.425,0.475,0.107,0.139,0.00
7608,Pursuer,0.425,0.475,0.185,0.100,0.00
7609,Runner,0.425,0.475,0.144,0.121,1.00
7610,Pursuer,0.425,0.475,0.000,0.000,0.00
7611,Runner,0.425,0.475,0.130,0.111,0.00
7612,Runner,0.425,0.475,0.113,0.142,0.00
7613,Runner,0.425,0.475,0.154,0.161,0.08
7614,Runner,0.426,0.475,0.118,0.143,2.54
7615,Runner,0.426,0.475,0.162,0.143,0.00
7616,Pursuer,0.426,0.475,0.128,0.098,0.00
7617,Pursuer,0.425,0.475,0.146,0.147,0.00
7618,Runner,0.426,0.475,0.157,0.129,1.82
7619,Runner,0.426,0.475,0.144,0.131,0.70
7620,Pursuer,0.426,0.475,0.129,0.127,0.00
7621,Runner,0.426,0.475,0.137,0.161,0.66
7622,Pursuer,0.426,0.475,0.139,0.137,0.00
7623,Pursuer,0.426,0.475,0.141,0.149,0.00
7624,Runner,0.426,0.475,0.131,0.140,3.30
7625,Pursuer,0.426,0.475,0.138,0.134,0.00
7626,Pursuer,0.426,0.475,0.155,0.102,0.00
7627,Runner,0.426,0.475,0.147,0.135,0.00
7628,Runner,0.426,0.475,0.096,0.165,0.00
7629,Pursuer,0.426,0.475,0.083,0.121,0.00
7630,Runner,0.426,0.475,0.184,0.151,1.30
7631,Pursuer,0.426,0.475,0.000,0.000,0.00
7632,Runner,0.426,0.475,0.139,0.106,0.00
7633,Runner,0.426,0.475,0.138,0.111,0.00
7634,Pursuer,0.426,0.475,0.143,0.122,0.00
7635,Pursuer,0.426,0.475,0.178,0.156,0.00
7636,Runner,0.426,0.475,0.131,0.123,0.08
7637,Runner,0.426,0.475,0.132,0.121,4.20
7638,Runner,0.426,0.475,0.119,0.145,1.16
7639,Pursuer,0.426,0.475,0.139,0.135,0.00
7640,Pursuer,0.426,0.475,0.129,0.148,0.00
7641,Runner,0.426,0.475,0.128,0.136,0.00
7642,Pursuer,0.426,0.475,0.120,0.082,0.00
7643,Runner,0.426,0.475,0.147,0.129,0.00
7644,Pursuer,0.426,0.475,0.142,0.155,0.00
7645,Pursuer,0.426,0.475,0.183,0.180,0.00
7646,Pursuer,0.426,0.475,0.149,0.138,0.00
7647,Runner,0.426,0.475,0.126,0.136,0.00
7648,Runner,0.426,0.475,0.204,0.173,0.00
7649,Runner,0.426,0.475,0.162,0.085,0.00
7650,Runner,0.426,0.475,0.121,0.148,3.84
7651,Draw,0.426,0.475,0.148,0.138,15.78
7652,Runner,0.426,0.475,0.151,0.116,0.00
7653,Draw,0.426,0.475,0.127,0.148,19.98
7654,Pursuer,0.426,0.475,0.150,0.136,0.00
7655,Runner,0.426,0.475,0.140,0.140,1.60
7656,Runner,0.426,0.475,0.126,0.160,5.02
7657,Draw,0.426,0.475,0.142,0.148,14.90
7658,Runner,0.426,0.475,0.151,0.138,10.30
7659,Runner,0.426,0.475,0.118,0.142,0.00
7660,Runner,0.426,0.475,0.129,0.111,2.72
7661,Runner,0.426,0.475,0.112,0.120,3.90
7662,Pursuer,0.426,0.475,0.138,0.123,0.00
7663,Pursuer,0.426,0.475,0.140,0.129,0.00
7664,Runner,0.426,0.475,0.131,0.118,6.24
7665,Pursuer,0.426,0.475,0.145,0.151,0.00
7666,Runner,0.426,0.475,0.129,0.143,0.00
7667,Runner,0.426,0.475,0.049,0.339,0.00
7668,Runner,0.426,0.475,0.130,0.159,0.00
7669,Pursuer,0.426,0.475,0.118,0.175,0.00
7670,Runner,0.426,0.475,0.134,0.114,0.00
7671,Pursuer,0.426,0.475,0.366,0.838,0.00
7672,Runner,0.426,0.475,0.124,0.111,0.00
7673,Pursuer,0.426,0.475,0.137,0.143,0.00
7674,Runner,0.427,0.475,0.123,0.190,0.30
7675,Pursuer,0.426,0.475,0.124,0.118,0.00
7676,Runner,0.427,0.475,0.123,0.118,0.20
7677,Runner,0.427,0.475,0.131,0.137,1.08
7678,Runner,0.427,0.474,0.120,0.156,2.40
7679,Pursuer,0.427,0.475,0.000,0.000,0.00
7680,Runner,0.427,0.474,0.137,0.130,0.00
7681,Runner,0.427,0.474,0.132,0.144,2.88
7682,Pursuer,0.427,0.474,0.147,0.147,0.00
7683,Runner,0.427,0.474,0.106,0.099,0.00
7684,Runner,0.427,0.474,0.134,0.144,4.60
7685,Runner,0.427,0.474,0.133,0.117,0.00
7686,Pursuer,0.427,0.474,0.129,0.123,0.00
7687,Runner,0.427,0.474,0.258,0.278,0.00
7688,Pursuer,0.427,0.474,0.101,0.125,0.00
7689,Pursuer,0.427,0.474,0.133,0.119,0.00
7690,Runner,0.427,0.474,0.131,0.132,2.76
7691,Runner,0.427,0.474,0.132,0.181,0.76
7692,Pursuer,0.427,0.474,0.145,0.122,0.00
7693,Pursuer,0.427,0.474,0.464,0.488,0.00
7694,Pursuer,0.427,0.475,0.158,0.133,0.00
7695,Pursuer,0.427,0.475,0.136,0.160,0.00
7696,Pursuer,0.427,0.475,0.107,0.065,0.00
7697,Runner,0.427,0.475,0.137,0.158,9.02
7698,Runner,0.427,0.475,0.123,0.106,2.40
7699,Runner,0.427,0.474,0.135,0.127,0.00
7700,Pursuer,0.427,0.475,0.155,0.106,0.00
7701,Pursuer,0.427,0.475,0.152,0.135,0.00
7702,Runner,0.427,0.475,0.157,0.124,1.00
7703,Pursuer,0.427,0.475,0.130,0.107,0.00
7704,Runner,0.427,0.475,0.100,0.127,0.00
7705,Runner,0.427,0.474,0.150,0.142,0.00
7706,Runner,0.427,0.474,0.129,0.131,1.06
7707,Runner,0.427,0.474,0.133,0.135,4.26
7708,Runner,0.427,0.474,0.114,0.100,1.40
7709,Pursuer,0.427,0.474,0.134,0.119,0.00
7710,Pursuer,0.427,0.474,0.128,0.121,0.00
7711,Runner,0.427,0.474,0.116,0.153,4.26
7712,Draw,0.427,0.474,0.143,0.149,19.42
7713,Pursuer,0.427,0.474,0.161,0.141,0.00
7714,Pursuer,0.427,0.474,0.133,0.141,0.00
7715,Runner,0.427,0.474,0.133,0.161,0.90
7716,Pursuer,0.427,0.474,0.136,0.124,0.00
7717,Runner,0.427,0.474,0.116,0.157,2.84
7718,Pursuer,0.427,0.474,0.116,0.135,0.00
7719,Runner,0.427,0.474,0.106,0.134,5.10
7720,Pursuer,0.427,0.474,0.000,0.000,0.00
7721,Runner,0.427,0.474,0.125,0.129,0.00
7722,Runner,0.427,0.474,0.126,0.121,0.00
7723,Runner,0.427,0.474,0.136,0.114,2.26
7724,Pursuer,0.427,0.474,0.150,0.147,0.00
7725,Runner,0.427,0.474,0.107,0.121,0.00
7726,Pursuer,0.427,0.474,0.221,1.338,0.00
7727,Runner,0.427,0.474,0.132,0.141,0.00
7728,Runner,0.427,0.474,0.131,0.118,0.00
7729,Pursuer,0.427,0.474,0.123,0.127,0.00
7730,Pursuer,0.427,0.474,0.185,0.164,0.00
7731,Pursuer,0.427,0.474,0.120,0.133,0.00
7732,Pursuer,0.427,0.475,0.119,0.113,0.00
7733,Runner,0.427,0.474,0.118,0.121,1.18
7734,Pursuer,0.427,0.475,0.189,0.380,0.00
7735,Runner,0.427,0.474,0.126,0.122,2.02
7736,Pursuer,0.427,0.475,0.121,0.113,0.00
7737,Runner,0.427,0.474,0.148,0.112,0.00
7738,Pursuer,0.427,0.475,0.124,0.108,0.00
7739,Runner,0.427,0.474,0.123,0.132,7.72
7740,Pursuer,0.427,0.475,0.119,0.317,0.00
7741,Runner,0.427,0.474,0.135,0.113,0.00
7742,Runner,0.427,0.474,0.124,0.119,0.00
7743,Runner,0.427,0.474,0.114,0.133,2.56
7744,Runner,0.428,0.474,0.125,0.127,3.98
7745,Runner,0.428,0.474,0.114,0.131,0.86
7746,Pursuer,0.428,0.474,0.134,0.124,0.00
7747,Pursuer,0.428,0.474,0.117,0.129,0.00
7748,Pursuer,0.427,0.474,0.121,0.118,0.00
7749,Pursuer,0.427,0.475,0.148,0.124,0.00
7750,Pursuer,0.427,0.475,0.140,0.188,0.00
7751,Pursuer,0.427,0.475,0.109,0.113,0.00
7752,Pursuer,0.427,0.475,0.137,0.133,0.00
7753,Runner,0.427,0.475,0.125,0.132,0.16
7754,Pursuer,0.427,0.475,0.163,0.138,0.00
7755,Runner,0.427,0.475,0.133,0.132,0.00
7756,Runner,0.427,0.475,0.133,0.147,0.76
7757,Pursuer,0.427,0.475,0.133,0.136,0.00
7758,Draw,0.427,0.475,0.125,0.140,15.20
7759,Pursuer,0.427,0.475,0.133,0.154,0.00
7760,Pursuer,0.427,0.475,0.133,0.151,0.00
7761,Runner,0.427,0.475,0.079,0.142,0.64
7762,Runner,0.427,0.475,0.142,0.133,0.74
7763,Pursuer,0.427,0.475,0.142,0.143,0.00
7764,Pursuer,0.427,0.475,0.129,0.135,0.00
7765,Runner,0.427,0.475,0.109,0.114,0.00
7766,Pursuer,0.427,0.475,0.119,0.421,0.00
7767,Pursuer,0.427,0.475,0.143,0.103,0.00
7768,Pursuer,0.427,0.475,0.119,0.133,0.00
7769,Pursuer,0.427,0.475,0.167,0.137,0.00
7770,Pursuer,0.427,0.475,0.151,0.135,0.00
7771,Pursuer,0.427,0.475,0.133,0.147,0.00
7772,Pursuer,0.427,0.475,0.176,0.111,0.00
7773,Runner,0.427,0.475,0.159,0.105,0.00
7774,Runner,0.427,0.475,0.139,0.147,2.44
7775,Pursuer,0.427,0.475,0.119,0.141,0.00
7776,Runner,0.427,0.475,0.375,0.207,0.00
7777,Pursuer,0.427,0.475,0.135,0.141,0.00
7778,Pursuer,0.427,0.475,0.125,0.134,0.00
7779,Pursuer,0.427,0.475,0.127,0.114,0.00
7780,Pursuer,0.427,0.475,0.129,0.137,0.00
7781,Runner,0.427,0.475,0.118,0.137,0.00
7782,Pursuer,0.427,0.475,0.116,0.131,0.00
7783,Runner,0.427,0.475,0.130,0.157,1.02
7784,Runner,0.427,0.475,0.130,0.144,0.00
7785,Pursuer,0.427,0.475,0.129,0.132,0.00
7786,Runner,0.427,0.475,0.144,0.138,2.84
7787,Runner,0.427,0.475,0.143,0.136,8.06
7788,Pursuer,0.427,0.475,0.136,0.141,0.00
7789,Runner,0.427,0.475,0.135,0.166,0.00
7790,Runner,0.427,0.475,0.173,0.123,0.00
7791,Pursuer,0.427,0.475,0.150,0.133,0.00
7792,Runner,0.427,0.475,0.152,0.149,1.66
7793,Runner,0.427,0.475,0.141,0.121,2.96
7794,Pursuer,0.427,0.475,0.174,0.089,0.00
7795,Pursuer,0.427,0.475,0.141,0.132,0.00
7796,Pursuer,0.427,0.475,0.149,0.141,0.00
7797,Pursuer,0.427,0.475,0.125,0.148,0.00
7798,Runner,0.427,0.475,0.120,0.130,2.74
7799,Pursuer,0.427,0.475,0.105,0.125,0.00
7800,Runner,0.427,0.475,0.143,0.125,7.70
7801,Runner,0.427,0.475,0.112,0.143,1.02
7802,Pursuer,0.427,0.475,0.157,0.134,0.00
7803,Runner,0.427,0.475,0.135,0.137,0.00
7804,Pursuer,0.427,0.475,0.112,0.181,0.00
7805,Pursuer,0.427,0.475,0.138,0.129,0.00
7806,Runner,0.427,0.475,0.122,0.123,1.98
7807,Pursuer,0.427,0.475,0.140,0.143,0.00
7808,Runner,0.427,0.475,0.127,0.146,3.38
7809,Pursuer,0.427,0.475,0.135,0.148,0.00
7810,Runner,0.427,0.475,0.114,0.132,0.88
7811,Pursuer,0.427,0.475,0.135,0.113,0.00
7812,Pursuer,0.427,0.475,0.143,0.107,0.00
7813,Runner,0.427,0.475,0.091,0.160,3.16
7814,Runner,0.427,0.475,0.136,0.126,1.12
7815,Pursuer,0.427,0.475,0.114,0.135,0.00
7816,Pursuer,0.427,0.475,0.146,0.132,0.00
7817,Runner,0.427,0.475,0.148,0.089,0.00
7818,Pursuer,0.427,0.475,0.155,0.097,0.00
7819,Pursuer,0.427,0.476,0.124,0.142,0.00
7820,Pursuer,0.427,0.476,0.141,0.121,0.00
7821,Runner,0.427,0.476,0.158,0.116,0.04
7822,Pursuer,0.427,0.476,0.143,0.142,0.00
7823,Runner,0.427,0.476,0.121,0.114,4.28
7824,Pursuer,0.427,0.476,0.135,0.131,0.00
7825,Pursuer,0.427,0.476,0.128,0.153,0.00
7826,Pursuer,0.427,0.476,0.141,0.128,0.00
7827,Runner,0.427,0.476,0.129,0.141,2.12
7828,Runner,0.427,0.476,0.112,0.127,4.22
7829,Runner,0.427,0.476,0.138,0.138,0.00
7830,Pursuer,0.427,0.476,0.229,0.077,0.00
7831,Runner,0.427,0.476,0.121,0.131,2.10
7832,Runner,0.427,0.475,0.113,0.116,1.90
7833,Pursuer,0.427,0.476,0.107,0.117,0.00
7834,Runner,0.427,0.475,0.128,0.160,0.46
7835,Pursuer,0.427,0.476,0.119,0.138,0.00
7836,Runner,0.427,0.475,0.097,0.134,1.02
7837,Runner,0.427,0.475,0.136,0.128,1.92
7838,Pursuer,0.427,0.476,0.124,0.137,0.00
7839,Pursuer,0.427,0.476,0.153,0.114,0.00
7840,Pursuer,0.427,0.476,0.132,0.144,0.00
7841,Runner,0.427,0.476,0.130,0.135,0.14
7842,Runner,0.427,0.476,0.141,0.144,2.38
7843,Pursuer,0.427,0.476,0.124,0.139,0.00
7844,Pursuer,0.427,0.476,0.121,0.133,0.00
7845,Pursuer,0.427,0.476,0.137,0.122,0.00
7846,Pursuer,0.427,0.476,0.135,0.114,0.00
7847,Pursuer,0.427,0.476,0.117,0.128,0.00
7848,Pursuer,0.427,0.476,0.157,0.184,0.00
7849,Pursuer,0.427,0.476,0.135,0.134,0.00
7850,Pursuer,0.427,0.476,0.146,0.160,0.00
7851,Runner,0.427,0.476,0.108,0.126,1.42
7852,Pursuer,0.427,0.476,0.138,0.122,0.00
7853,Pursuer,0.427,0.476,0.139,0.139,0.00
7854,Pursuer,0.427,0.476,0.150,0.117,0.00
7855,Runner,0.427,0.476,0.131,0.138,3.66
7856,Runner,0.427,0.476,0.115,0.136,0.00
7857,Pursuer,0.427,0.476,0.141,0.155,0.00
7858,Draw,0.427,0.476,0.153,0.138,16.88
7859,Pursuer,0.427,0.476,0.148,0.162,0.00
7860,Runner,0.427,0.476,0.129,0.163,0.00
7861,Runner,0.427,0.476,0.145,0.136,2.96
7862,Runner,0.427,0.476,0.128,0.101,0.00
7863,Pursuer,0.427,0.476,0.121,0.131,0.00
7864,Runner,0.427,0.476,0.138,0.128,7.78
7865,Runner,0.427,0.476,0.119,0.137,2.50
7866,Runner,0.427,0.476,0.121,0.142,5.58
7867,Pursuer,0.427,0.476,0.143,0.142,0.00
7868,Runner,0.427,0.476,0.149,0.111,0.00
7869,Pursuer,0.427,0.476,0.130,0.139,0.00
7870,Runner,0.427,0.476,0.175,0.137,0.00
7871,Pursuer,0.427,0.476,0.147,0.127,0.00
7872,Pursuer,0.427,0.476,0.125,0.104,0.00
7873,Pursuer,0.427,0.476,0.162,0.134,0.00
7874,Pursuer,0.427,0.476,0.175,0.121,0.00
7875,Pursuer,0.427,0.476,0.123,0.120,0.00
7876,Runner,0.427,0.476,0.147,0.131,0.00
7877,Runner,0.427,0.476,0.103,0.161,0.00
7878,Runner,0.427,0.476,0.123,0.139,5.96
7879,Runner,0.427,0.476,0.121,0.167,3.00
7880,Pursuer,0.427,0.476,0.130,0.127,0.00
7881,Runner,0.427,0.476,0.137,0.139,0.04
7882,Runner,0.427,0.476,0.129,0.108,1.52
7883,Runner,0.428,0.476,0.125,0.186,0.00
7884,Pursuer,0.427,0.476,0.130,0.116,0.00
7885,Pursuer,0.427,0.476,0.151,0.143,0.00
7886,Pursuer,0.427,0.476,0.111,0.169,0.00
7887,Runner,0.427,0.476,0.151,0.137,0.00
7888,Pursuer,0.427,0.476,0.135,0.120,0.00
7889,Runner,0.427,0.476,0.584,0.589,0.02
7890,Pursuer,0.427,0.476,0.138,0.130,0.00
7891,Draw,0.427,0.476,0.132,0.148,17.58
7892,Runner,0.427,0.476,0.125,0.112,0.00
7893,Runner,0.427,0.476,0.114,0.153,0.40
7894,Pursuer,0.427,0.476,0.146,0.136,0.00
7895,Pursuer,0.427,0.476,0.107,0.113,0.00
7896,Runner,0.427,0.476,0.142,0.136,0.00
7897,Runner,0.428,0.476,0.118,0.124,0.44
7898,Pursuer,0.427,0.476,0.119,0.122,0.00
7899,Runner,0.428,0.476,0.118,0.139,4.56
7900,Pursuer,0.427,0.476,0.144,0.115,0.00
7901,Draw,0.427,0.476,0.133,0.134,0.06
7902,Runner,0.427,0.476,0.112,0.120,0.00
7903,Runner,0.428,0.476,0.144,0.122,0.00
7904,Runner,0.428,0.476,0.107,0.105,0.00
7905,Pursuer,0.428,0.476,0.123,0.109,0.00
7906,Pursuer,0.428,0.476,0.170,0.081,0.00
7907,Pursuer,0.427,0.476,0.134,0.139,0.00
7908,Runner,0.428,0.476,0.131,0.111,0.00
7909,Runner,0.428,0.476,0.126,0.134,0.00
7910,Pursuer,0.428,0.476,0.126,0.129,0.00
7911,Runner,0.428,0.476,0.154,0.179,0.00
7912,Runner,0.428,0.476,0.118,0.145,0.12
7913,Runner,0.428,0.476,0.109,0.125,3.12
7914,Runner,0.428,0.476,0.133,0.136,6.32
7915,Runner,0.428,0.476,0.105,0.129,0.00
7916,Pursuer,0.428,0.476,0.141,0.136,0.00
7917,Pursuer,0.428,0.476,0.142,0.144,0.00
7918,Runner,0.428,0.476,0.000,0.000,0.00
7919,Runner,0.428,0.476,0.135,0.120,2.74
7920,Runner,0.428,0.476,0.124,0.132,2.52
7921,Pursuer,0.428,0.476,0.107,0.136,0.00
7922,Pursuer,0.428,0.476,0.142,0.129,0.00
7923,Pursuer,0.428,0.476,0.139,0.122,0.00
7924,Pursuer,0.428,0.476,0.153,0.132,0.00
7925,Pursuer,0.428,0.476,0.133,0.144,0.00
7926,Runner,0.428,0.476,0.149,0.114,1.56
7927,Runner,0.428,0.476,0.136,0.120,0.20
7928,Runner,0.428,0.476,0.139,0.120,0.00
7929,Pursuer,0.428,0.476,0.116,0.126,0.00
7930,Pursuer,0.428,0.476,0.123,0.150,0.00
7931,Pursuer,0.428,0.476,0.125,0.124,0.00
7932,Pursuer,0.428,0.476,0.119,0.113,0.00
7933,Pursuer,0.428,0.476,0.146,0.153,0.00
7934,Pursuer,0.428,0.476,0.153,0.124,0.00
7935,Runner,0.428,0.476,0.000,0.000,0.00
7936,Pursuer,0.428,0.476,0.119,0.127,0.00
7937,Runner,0.428,0.476,0.115,0.132,2.26
7938,Pursuer,0.428,0.476,0.173,0.102,0.00
7939,Runner,0.428,0.476,0.139,0.141,0.00
7940,Pursuer,0.428,0.476,0.156,0.127,0.00
7941,Runner,0.428,0.476,0.128,0.118,0.00
7942,Pursuer,0.428,0.476,0.125,0.142,0.00
7943,Pursuer,0.428,0.476,0.088,0.056,0.00
7944,Runner,0.428,0.476,0.143,0.139,2.04
7945,Pursuer,0.428,0.476,0.165,0.157,0.00
7946,Runner,0.428,0.476,0.131,0.124,1.42
7947,Runner,0.428,0.476,0.149,0.115,0.00
7948,Pursuer,0.428,0.476,0.134,0.118,0.00
7949,Runner,0.428,0.476,0.145,0.156,0.48
7950,Runner,0.428,0.476,0.151,0.165,1.22
7951,Pursuer,0.428,0.476,0.144,0.130,0.00
7952,Pursuer,0.428,0.476,0.146,0.107,0.00
7953,Pursuer,0.428,0.476,0.130,0.150,0.00
7954,Runner,0.428,0.476,0.113,0.094,0.00
7955,Runner,0.428,0.476,0.144,0.116,0.00
7956,Runner,0.428,0.476,0.115,0.143,0.00
7957,Pursuer,0.428,0.476,0.145,0.136,0.00
7958,Pursuer,0.428,0.476,0.119,0.140,0.00
7959,Pursuer,0.428,0.476,0.105,0.121,0.00
7960,Pursuer,0.428,0.476,0.140,0.146,0.00
7961,Runner,0.428,0.476,0.115,0.158,3.14
7962,Pursuer,0.428,0.476,0.125,0.122,0.00
7963,Pursuer,0.428,0.476,0.111,0.129,0.00
7964,Runner,0.428,0.476,0.168,0.124,0.00
7965,Runner,0.428,0.476,0.129,0.137,0.34
7966,Pursuer,0.428,0.476,0.142,0.134,0.00
7967,Runner,0.428,0.476,0.124,0.138,0.02
7968,Pursuer,0.428,0.476,0.157,0.140,0.00
7969,Pursuer,0.428,0.476,0.131,0.128,0.00
7970,Pursuer,0.428,0.476,0.119,0.168,0.00
7971,Pursuer,0.428,0.476,0.137,0.174,0.00
7972,Runner,0.428,0.476,0.132,0.127,2.28
7973,Pursuer,0.428,0.476,0.133,0.143,0.00
7974,Runner,0.428,0.476,0.110,0.147,1.20
7975,Pursuer,0.428,0.476,0.107,0.136,0.00
7976,Pursuer,0.428,0.477,0.171,0.177,0.00
7977,Pursuer,0.428,0.477,0.034,0.113,0.00
7978,Pursuer,0.428,0.477,0.114,0.142,0.00
7979,Runner,0.428,0.477,0.128,0.130,4.16
7980,Pursuer,0.428,0.477,0.099,0.126,0.00
7981,Runner,0.428,0.477,0.132,0.149,0.00
7982,Pursuer,0.428,0.477,0.117,0.151,0.00
7983,Runner,0.428,0.477,0.125,0.132,0.88
7984,Runner,0.428,0.477,0.135,0.122,1.08
7985,Runner,0.428,0.477,0.131,0.121,0.00
7986,Pursuer,0.428,0.477,0.156,0.115,0.00
7987,Pursuer,0.428,0.477,0.114,0.142,0.00
7988,Pursuer,0.428,0.477,0.152,0.114,0.00
7989,Runner,0.428,0.477,0.133,0.127,1.70
7990,Runner,0.428,0.477,0.140,0.155,1.42
7991,Pursuer,0.428,0.477,0.232,0.377,0.00
7992,Runner,0.428,0.477,0.137,0.163,4.46
7993,Runner,0.428,0.477,0.129,0.132,5.22
7994,Pursuer,0.428,0.477,0.121,0.107,0.00
7995,Pursuer,0.428,0.477,0.118,0.134,0.00
7996,Pursuer,0.428,0.477,0.109,0.109,0.00
7997,Pursuer,0.428,0.477,0.131,0.132,0.00
7998,Runner,0.428,0.477,0.147,0.117,2.32
7999,Runner,0.428,0.477,0.137,0.131,0.00
8000,Pursuer,0.428,0.477,0.151,0.136,0.00
8001,Pursuer,0.428,0.477,0.156,0.130,0.00
8002,Runner,0.428,0.477,0.126,0.130,2.18
8003,Pursuer,0.428,0.477,0.139,0.153,0.00
8004,Pursuer,0.428,0.477,0.117,0.145,0.00
8005,Pursuer,0.428,0.477,0.145,0.102,0.00
8006,Draw,0.428,0.477,0.139,0.135,0.00
8007,Pursuer,0.428,0.477,0.000,0.000,0.00
8008,Pursuer,0.427,0.477,0.126,0.119,0.00
8009,Runner,0.428,0.477,0.135,0.134,1.76
8010,Pursuer,0.427,0.477,0.128,0.128,0.00
8011,Pursuer,0.427,0.477,0.144,0.123,0.00
8012,Draw,0.427,0.477,0.143,0.149,18.98
8013,Runner,0.427,0.477,0.131,0.151,0.00
8014,Pursuer,0.427,0.477,0.134,0.155,0.00
8015,Runner,0.427,0.477,0.125,0.123,0.00
8016,Pursuer,0.427,0.477,0.137,0.128,0.00
8017,Pursuer,0.427,0.477,0.146,0.116,0.00
8018,Runner,0.427,0.477,0.146,0.130,9.70
8019,Runner,0.427,0.477,0.145,0.143,0.00
8020,Runner,0.428,0.477,0.150,0.128,0.98
8021,Pursuer,0.428,0.477,0.199,0.164,0.00
8022,Pursuer,0.427,0.477,0.154,0.138,0.00
8023,Runner,0.428,0.477,0.126,0.146,0.00
8024,Runner,0.428,0.477,0.100,0.118,1.30
8025,Pursuer,0.428,0.477,0.160,0.136,0.00
8026,Runner,0.428,0.477,0.120,0.134,2.82
8027,Runner,0.428,0.477,0.130,0.130,0.18
8028,Runner,0.428,0.477,0.129,0.118,1.04
8029,Pursuer,0.428,0.477,0.139,0.150,0.00
8030,Pursuer,0.428,0.477,0.134,0.139,0.00
8031,Pursuer,0.428,0.477,0.127,0.125,0.00
8032,Pursuer,0.428,0.477,0.166,0.161,0.00
8033,Runner,0.428,0.477,0.121,0.117,0.10
8034,Pursuer,0.428,0.477,0.117,0.122,0.00
8035,Pursuer,0.428,0.477,0.173,0.106,0.00
8036,Runner,0.428,0.477,0.113,0.124,0.00
8037,Pursuer,0.428,0.477,0.147,0.145,0.00
8038,Pursuer,0.427,0.477,0.192,0.121,0.00
8039,Pursuer,0.427,0.477,0.137,0.134,0.00
8040,Pursuer,0.427,0.477,0.122,0.099,0.00
8041,Pursuer,0.427,0.477,0.140,0.117,0.00
8042,Pursuer,0.427,0.477,0.126,0.133,0.00
8043,Runner,0.427,0.477,0.139,0.134,4.90
8044,Runner,0.427,0.477,0.113,0.132,0.54
8045,Runner,0.427,0.477,0.111,0.142,0.04
8046,Runner,0.428,0.477,0.110,0.130,0.00
8047,Pursuer,0.427,0.477,0.138,0.118,0.00
8048,Runner,0.428,0.477,0.160,0.149,0.56
8049,Runner,0.428,0.477,0.131,0.130,1.80
8050,Runner,0.428,0.477,0.111,0.126,0.00
8051,Runner,0.428,0.477,0.132,0.150,0.00
8052,Pursuer,0.428,0.477,0.000,0.000,0.00
8053,Pursuer,0.428,0.477,0.143,0.130,0.00
8054,Pursuer,0.428,0.477,0.130,0.155,0.00
8055,Runner,0.428,0.477,0.124,0.139,3.60
8056,Pursuer,0.428,0.477,0.131,0.152,0.00
8057,Runner,0.428,0.477,0.165,0.157,2.74
8058,Pursuer,0.428,0.477,0.151,0.143,0.00
8059,Pursuer,0.428,0.477,0.134,0.128,0.00
8060,Pursuer,0.428,0.477,0.137,0.124,0.00
8061,Draw,0.427,0.477,0.134,0.124,16.30
8062,Pursuer,0.427,0.477,0.141,0.131,0.00
8063,Pursuer,0.427,0.477,0.140,0.127,0.00
8064,Runner,0.427,0.477,0.000,0.000,0.02
8065,Pursuer,0.427,0.477,0.184,0.128,0.00
8066,Pursuer,0.427,0.478,0.139,0.121,0.00
8067,Pursuer,0.427,0.478,0.148,0.124,0.00
8068,Runner,0.427,0.478,0.135,0.130,2.04
8069,Pursuer,0.427,0.478,0.133,0.132,0.00
8070,Pursuer,0.427,0.478,0.159,0.147,0.00
8071,Runner,0.427,0.478,0.128,0.116,0.00
8072,Pursuer,0.427,0.478,0.142,0.117,0.00
8073,Pursuer,0.427,0.478,0.129,0.111,0.00
8074,Runner,0.427,0.478,0.173,0.105,0.00
8075,Runner,0.427,0.478,0.142,0.175,0.54
8076,Runner,0.427,0.478,0.144,0.119,2.74
8077,Runner,0.428,0.478,0.124,0.130,1.32
8078,Runner,0.428,0.477,0.113,0.114,4.36
8079,Pursuer,0.428,0.478,0.127,0.159,0.00
8080,Runner,0.428,0.477,0.126,0.115,1.14
8081,Pursuer,0.428,0.478,0.132,0.143,0.00
8082,Pursuer,0.427,0.478,0.154,0.114,0.00
8083,Pursuer,0.427,0.478,0.140,0.134,0.00
8084,Pursuer,0.427,0.478,0.152,0.159,0.00
8085,Runner,0.427,0.478,0.131,0.142,2.80
8086,Pursuer,0.427,0.478,0.155,0.133,0.00
8087,Pursuer,0.427,0.478,0.139,0.147,0.00
8088,Runner,0.427,0.478,0.119,0.147,0.00
8089,Runner,0.427,0.478,0.145,0.121,0.00
8090,Pursuer,0.427,0.478,0.149,0.134,0.00
8091,Pursuer,0.427,0.478,0.100,0.136,0.00
8092,Pursuer,0.427,0.478,0.151,0.135,0.00
8093,Pursuer,0.427,0.478,0.098,0.106,0.00
8094,Pursuer,0.427,0.478,0.173,0.132,0.00
8095,Pursuer,0.427,0.478,0.000,0.000,0.00
8096,Pursuer,0.427,0.478,0.134,0.134,0.00
8097,Runner,0.427,0.478,0.128,0.145,0.00
8098,Pursuer,0.427,0.478,0.140,0.135,0.00
8099,Pursuer,0.427,0.478,0.418,0.360,0.00
8100,Pursuer,0.427,0.478,0.106,0.111,0.00
8101,Pursuer,0.427,0.478,0.160,0.142,0.00
8102,Runner,0.427,0.478,0.122,0.147,2.40
8103,Runner,0.427,0.478,0.139,0.149,0.00
8104,Runner,0.427,0.478,0.128,0.131,2.44
