Episode,Winner,RunnerAcc,PursuerAcc,RunnerJitter,PursuerJitter,NearMissTime
1,Runner,1.000,0.000,0.573,1.169,0.00
2,Pursuer,0.500,0.500,0.781,0.320,0.00
3,Pursuer,0.333,0.667,0.127,0.161,0.00
4,Pursuer,0.250,0.750,0.147,0.159,0.00
5,Draw,0.200,0.600,0.152,0.156,0.00
6,Draw,0.167,0.500,0.156,0.173,0.00
7,Draw,0.143,0.429,0.151,0.143,17.80
8,Draw,0.125,0.375,0.150,0.156,0.00
9,Draw,0.111,0.333,0.153,0.152,5.56
10,Draw,0.100,0.300,0.137,0.150,0.00
11,Draw,0.091,0.273,0.147,0.141,0.00
12,Draw,0.083,0.250,0.148,0.148,0.00
13,Draw,0.077,0.231,0.158,0.144,0.00
14,Draw,0.071,0.214,0.143,0.149,9.24
15,Draw,0.067,0.200,0.160,0.147,0.00
16,Draw,0.063,0.188,0.149,0.148,0.00
17,Draw,0.059,0.176,0.160,0.149,1.22
18,Pursuer,0.056,0.222,0.000,0.000,0.00
19,Draw,0.053,0.211,0.141,0.153,0.78
20,Draw,0.050,0.200,0.145,0.147,0.00
21,Draw,0.048,0.190,0.140,0.152,2.66
22,Runner,0.091,0.182,0.000,0.000,0.00
23,Runner,0.130,0.174,0.145,0.137,6.50
24,Pursuer,0.125,0.208,0.142,0.151,0.00
25,Runner,0.160,0.200,0.000,0.000,0.02
26,Draw,0.154,0.192,0.150,0.138,0.00
27,Draw,0.148,0.185,0.151,0.149,0.00
28,Draw,0.143,0.179,0.154,0.159,0.00
29,Draw,0.138,0.172,0.152,0.145,6.92
30,Draw,0.133,0.167,0.159,0.155,0.00
31,Draw,0.129,0.161,0.162,0.142,0.00
32,Draw,0.125,0.156,0.169,0.146,0.00
33,Draw,0.121,0.152,0.148,0.154,0.00
34,Draw,0.118,0.147,0.161,0.156,0.00
35,Draw,0.114,0.143,0.151,0.139,0.00
36,Draw,0.111,0.139,0.152,0.139,6.10
37,Draw,0.108,0.135,0.149,0.157,0.00
38,Draw,0.105,0.132,0.148,0.149,0.00
39,Draw,0.103,0.128,0.140,0.154,0.00
40,Pursuer,0.100,0.150,0.103,0.156,0.00
41,Runner,0.122,0.146,0.138,0.169,0.00
42,Draw,0.119,0.143,0.151,0.142,0.00
43,Draw,0.116,0.140,0.156,0.153,0.00
44,Pursuer,0.114,0.159,0.152,0.159,0.00
45,Draw,0.111,0.156,0.155,0.146,0.00
46,Draw,0.109,0.152,0.150,0.157,10.74
47,Draw,0.106,0.149,0.152,0.146,0.00
48,Draw,0.104,0.146,0.144,0.161,0.94
49,Draw,0.102,0.143,0.155,0.144,9.52
50,Draw,0.100,0.140,0.149,0.147,0.00
51,Draw,0.098,0.137,0.150,0.133,0.00
52,Draw,0.096,0.135,0.147,0.148,0.00
53,Draw,0.094,0.132,0.155,0.154,0.00
54,Draw,0.093,0.130,0.152,0.145,0.00
55,Draw,0.091,0.127,0.160,0.150,0.00
56,Draw,0.089,0.125,0.157,0.150,0.00
57,Draw,0.088,0.123,0.157,0.143,1.32
58,Runner,0.103,0.121,0.151,0.145,0.00
59,Draw,0.102,0.119,0.139,0.145,0.00
60,Pursuer,0.100,0.133,0.000,0.000,0.00
61,Pursuer,0.098,0.148,0.160,0.155,0.00
62,Draw,0.097,0.145,0.155,0.150,6.54
63,Pursuer,0.095,0.159,0.155,0.159,0.00
64,Runner,0.109,0.156,0.145,0.152,4.66
65,Runner,0.123,0.154,0.139,0.167,0.32
66,Draw,0.121,0.152,0.143,0.152,0.00
67,Draw,0.119,0.149,0.150,0.154,0.22
68,Draw,0.118,0.147,0.155,0.155,0.00
69,Draw,0.116,0.145,0.152,0.146,0.00
70,Draw,0.114,0.143,0.161,0.146,8.66
71,Draw,0.113,0.141,0.155,0.151,19.98
72,Draw,0.111,0.139,0.149,0.164,0.00
73,Draw,0.110,0.137,0.147,0.151,0.00
74,Draw,0.108,0.135,0.155,0.147,0.00
75,Pursuer,0.107,0.147,0.115,0.152,0.00
76,Draw,0.105,0.145,0.140,0.143,4.34
77,Draw,0.104,0.143,0.149,0.147,0.00
78,Draw,0.103,0.141,0.152,0.150,0.00
79,Draw,0.101,0.139,0.155,0.153,0.00
80,Draw,0.100,0.138,0.147,0.170,0.00
81,Draw,0.099,0.136,0.153,0.150,0.00
82,Draw,0.098,0.134,0.152,0.156,2.94
83,Draw,0.096,0.133,0.147,0.151,0.00
84,Draw,0.095,0.131,0.135,0.150,0.00
85,Draw,0.094,0.129,0.157,0.146,5.66
86,Draw,0.093,0.128,0.162,0.147,0.00
87,Draw,0.092,0.126,0.146,0.142,0.00
88,Draw,0.091,0.125,0.145,0.150,0.00
89,Draw,0.090,0.124,0.147,0.150,0.00
90,Draw,0.089,0.122,0.147,0.154,0.08
91,Draw,0.088,0.121,0.142,0.138,0.00
92,Draw,0.087,0.120,0.158,0.151,0.00
93,Draw,0.086,0.118,0.141,0.143,0.00
94,Draw,0.085,0.117,0.147,0.148,7.60
95,Runner,0.095,0.116,0.148,0.151,4.72
96,Pursuer,0.094,0.125,0.155,0.142,0.00
97,Draw,0.093,0.124,0.133,0.145,0.00
98,Runner,0.102,0.122,0.154,0.147,1.82
99,Draw,0.101,0.121,0.134,0.146,0.00
100,Draw,0.100,0.120,0.153,0.149,9.20
101,Draw,0.099,0.119,0.144,0.154,14.96
102,Draw,0.098,0.118,0.154,0.161,0.00
103,Draw,0.097,0.117,0.148,0.145,1.98
104,Draw,0.096,0.115,0.146,0.144,13.54
105,Draw,0.095,0.114,0.141,0.149,3.36
106,Draw,0.094,0.113,0.150,0.138,0.00
107,Draw,0.093,0.112,0.148,0.163,0.00
108,Runner,0.102,0.111,0.108,0.222,0.20
109,Draw,0.101,0.110,0.141,0.162,0.00
110,Draw,0.100,0.109,0.153,0.146,0.00
111,Draw,0.099,0.108,0.152,0.153,5.76
112,Draw,0.098,0.107,0.142,0.159,0.00
113,Draw,0.097,0.106,0.153,0.142,19.98
114,Draw,0.096,0.105,0.145,0.155,0.00
115,Draw,0.096,0.104,0.149,0.144,0.00
116,Draw,0.095,0.103,0.155,0.147,0.00
117,Draw,0.094,0.103,0.157,0.155,0.00
118,Draw,0.093,0.102,0.148,0.156,0.00
119,Draw,0.092,0.101,0.163,0.146,15.58
120,Draw,0.092,0.100,0.145,0.150,9.96
121,Draw,0.091,0.099,0.157,0.147,0.00
122,Draw,0.090,0.098,0.149,0.156,19.98
123,Draw,0.089,0.098,0.148,0.139,0.00
124,Pursuer,0.089,0.105,0.000,0.000,0.00
125,Runner,0.096,0.104,0.000,0.000,0.02
126,Draw,0.095,0.103,0.146,0.168,0.00
127,Draw,0.094,0.102,0.157,0.143,0.00
128,Pursuer,0.094,0.109,0.125,0.168,0.00
129,Pursuer,0.093,0.116,0.199,0.188,0.00
130,Draw,0.092,0.115,0.133,0.146,0.00
131,Draw,0.092,0.115,0.170,0.152,0.00
132,Draw,0.091,0.114,0.153,0.165,0.00
133,Pursuer,0.090,0.120,0.162,0.154,0.00
134,Draw,0.090,0.119,0.167,0.152,0.00
135,Draw,0.089,0.119,0.140,0.140,10.42
136,Pursuer,0.088,0.125,0.000,0.000,0.00
137,Draw,0.088,0.124,0.145,0.154,0.00
138,Pursuer,0.087,0.130,0.168,0.185,0.00
139,Pursuer,0.086,0.137,0.132,0.110,0.00
140,Draw,0.086,0.136,0.141,0.155,0.00
141,Draw,0.085,0.135,0.153,0.149,18.88
142,Draw,0.085,0.134,0.137,0.150,0.00
143,Draw,0.084,0.133,0.146,0.147,2.62
144,Draw,0.083,0.132,0.158,0.159,7.64
145,Draw,0.083,0.131,0.157,0.142,19.98
146,Draw,0.082,0.130,0.160,0.162,0.50
147,Draw,0.082,0.129,0.154,0.154,0.00
148,Draw,0.081,0.128,0.159,0.162,0.00
149,Draw,0.081,0.128,0.147,0.150,0.00
150,Draw,0.080,0.127,0.162,0.145,0.00
151,Pursuer,0.079,0.132,0.155,0.145,0.00
152,Pursuer,0.079,0.138,0.168,0.124,0.00
153,Draw,0.078,0.137,0.158,0.157,2.48
154,Pursuer,0.078,0.143,0.148,0.140,0.00
155,Draw,0.077,0.142,0.155,0.132,0.00
156,Draw,0.077,0.141,0.152,0.157,0.00
157,Pursuer,0.076,0.146,0.000,0.000,0.00
158,Pursuer,0.076,0.152,0.161,0.140,0.00
159,Draw,0.075,0.151,0.153,0.154,11.46
160,Pursuer,0.075,0.156,0.154,0.147,0.00
161,Draw,0.075,0.155,0.152,0.152,9.54
162,Pursuer,0.074,0.160,0.189,0.204,0.00
163,Draw,0.074,0.160,0.144,0.156,5.42
164,Draw,0.073,0.159,0.156,0.159,5.96
165,Draw,0.073,0.158,0.163,0.143,0.00
166,Draw,0.072,0.157,0.145,0.148,0.00
167,Draw,0.072,0.156,0.146,0.158,19.98
168,Draw,0.071,0.155,0.147,0.136,0.00
169,Draw,0.071,0.154,0.141,0.146,0.00
170,Draw,0.071,0.153,0.146,0.147,0.00
171,Pursuer,0.070,0.158,0.168,0.119,0.00
172,Draw,0.070,0.157,0.151,0.147,8.24
173,Draw,0.069,0.156,0.138,0.144,0.00
174,Draw,0.069,0.155,0.145,0.158,17.98
175,Runner,0.074,0.154,0.000,0.000,0.00
176,Draw,0.074,0.153,0.156,0.145,0.00
177,Pursuer,0.073,0.158,0.152,0.153,0.00
178,Pursuer,0.073,0.163,0.142,0.143,0.00
179,Pursuer,0.073,0.168,0.237,0.072,0.00
180,Draw,0.072,0.167,0.173,0.142,0.00
181,Draw,0.072,0.166,0.157,0.155,0.00
182,Pursuer,0.071,0.170,0.157,0.149,0.00
183,Draw,0.071,0.169,0.157,0.148,0.00
184,Draw,0.071,0.168,0.139,0.149,0.00
185,Draw,0.070,0.168,0.141,0.153,19.98
186,Draw,0.070,0.167,0.150,0.171,1.56
187,Draw,0.070,0.166,0.169,0.150,0.00
188,Draw,0.069,0.165,0.151,0.165,11.70
189,Runner,0.074,0.164,0.000,0.000,0.00
190,Draw,0.074,0.163,0.144,0.156,0.00
191,Draw,0.073,0.162,0.145,0.150,6.48
192,Pursuer,0.073,0.167,0.150,0.150,0.00
193,Draw,0.073,0.166,0.153,0.156,0.40
194,Pursuer,0.072,0.170,0.162,0.147,0.00
195,Draw,0.072,0.169,0.159,0.152,0.00
196,Draw,0.071,0.168,0.155,0.147,0.00
197,Draw,0.071,0.168,0.147,0.148,13.66
198,Pursuer,0.071,0.172,0.153,0.146,0.00
199,Pursuer,0.070,0.176,0.133,0.152,0.00
200,Draw,0.070,0.175,0.138,0.155,0.00
201,Draw,0.070,0.174,0.153,0.147,19.96
202,Runner,0.074,0.173,0.000,0.000,0.00
203,Draw,0.074,0.172,0.149,0.147,0.24
204,Pursuer,0.074,0.176,0.150,0.157,0.00
205,Draw,0.073,0.176,0.133,0.148,0.00
206,Pursuer,0.073,0.180,0.000,0.000,0.00
207,Draw,0.072,0.179,0.165,0.162,15.10
208,Pursuer,0.072,0.183,0.141,0.159,0.00
209,Draw,0.072,0.182,0.153,0.151,10.46
210,Draw,0.071,0.181,0.146,0.147,0.00
211,Pursuer,0.071,0.185,0.165,0.136,0.00
212,Draw,0.071,0.184,0.145,0.145,2.04
213,Pursuer,0.070,0.188,0.148,0.147,0.00
214,Draw,0.070,0.187,0.134,0.148,8.72
215,Draw,0.070,0.186,0.140,0.153,4.68
216,Draw,0.069,0.185,0.147,0.145,18.94
217,Draw,0.069,0.184,0.150,0.158,0.00
218,Pursuer,0.069,0.188,0.140,0.138,0.00
219,Pursuer,0.068,0.192,0.144,0.143,0.00
220,Draw,0.068,0.191,0.160,0.153,10.18
221,Pursuer,0.068,0.195,0.144,0.153,0.00
222,Draw,0.068,0.194,0.153,0.151,0.00
223,Draw,0.067,0.193,0.159,0.150,0.00
224,Draw,0.067,0.192,0.144,0.150,0.00
225,Runner,0.071,0.191,0.142,0.194,0.00
226,Draw,0.071,0.190,0.155,0.148,7.20
227,Draw,0.070,0.189,0.148,0.145,1.04
228,Pursuer,0.070,0.193,0.152,0.140,0.00
229,Draw,0.070,0.192,0.142,0.141,0.00
230,Pursuer,0.070,0.196,0.154,0.157,0.00
231,Draw,0.069,0.195,0.148,0.141,0.00
232,Runner,0.073,0.194,0.145,0.161,5.68
233,Draw,0.073,0.193,0.148,0.150,0.00
234,Runner,0.077,0.192,0.157,0.161,8.40
235,Draw,0.077,0.191,0.147,0.146,4.14
236,Draw,0.076,0.191,0.147,0.152,19.98
237,Pursuer,0.076,0.194,0.159,0.152,0.00
238,Draw,0.076,0.193,0.147,0.152,0.26
239,Draw,0.075,0.192,0.144,0.153,15.84
240,Draw,0.075,0.192,0.151,0.158,0.00
241,Pursuer,0.075,0.195,0.141,0.153,0.00
242,Draw,0.074,0.194,0.147,0.137,0.00
243,Pursuer,0.074,0.198,0.000,0.000,0.00
244,Runner,0.078,0.197,0.164,0.162,6.60
245,Draw,0.078,0.196,0.149,0.144,0.00
246,Draw,0.077,0.195,0.160,0.140,9.52
247,Draw,0.077,0.194,0.152,0.148,1.70
248,Draw,0.077,0.194,0.150,0.141,0.00
249,Runner,0.080,0.193,0.000,0.000,0.00
250,Pursuer,0.080,0.196,0.000,0.000,0.00
251,Pursuer,0.080,0.199,0.161,0.153,0.00
252,Pursuer,0.079,0.202,0.168,0.146,0.00
253,Draw,0.079,0.202,0.162,0.152,18.44
254,Draw,0.079,0.201,0.151,0.157,15.36
255,Draw,0.078,0.200,0.163,0.151,9.46
256,Pursuer,0.078,0.203,0.148,0.150,0.00
257,Pursuer,0.078,0.206,0.079,0.144,0.00
258,Pursuer,0.078,0.209,0.158,0.123,0.00
259,Draw,0.077,0.208,0.142,0.157,0.00
260,Draw,0.077,0.208,0.158,0.155,0.00
261,Draw,0.077,0.207,0.159,0.153,16.84
262,Draw,0.076,0.206,0.153,0.147,0.00
263,Runner,0.080,0.205,0.142,0.149,0.00
264,Draw,0.080,0.205,0.153,0.155,0.00
265,Draw,0.079,0.204,0.152,0.154,1.36
266,Draw,0.079,0.203,0.151,0.147,4.56
267,Draw,0.079,0.202,0.140,0.150,0.00
268,Draw,0.078,0.201,0.140,0.157,4.24
269,Runner,0.082,0.201,0.152,0.155,8.52
270,Draw,0.081,0.200,0.158,0.139,0.00
271,Runner,0.085,0.199,0.124,0.150,0.00
272,Runner,0.088,0.199,0.150,0.150,0.00
273,Pursuer,0.088,0.201,0.147,0.152,0.00
274,Runner,0.091,0.201,0.000,0.000,0.00
275,Draw,0.091,0.200,0.153,0.138,0.00
276,Draw,0.091,0.199,0.142,0.141,0.00
277,Pursuer,0.090,0.202,0.149,0.129,0.00
278,Draw,0.090,0.201,0.149,0.150,10.16
279,Pursuer,0.090,0.204,0.152,0.149,0.00
280,Pursuer,0.089,0.207,0.153,0.149,0.00
281,Pursuer,0.089,0.210,0.081,0.185,0.00
282,Runner,0.092,0.209,0.140,0.155,3.56
283,Draw,0.092,0.208,0.143,0.151,4.32
284,Draw,0.092,0.208,0.151,0.139,10.54
285,Draw,0.091,0.207,0.137,0.143,4.94
286,Draw,0.091,0.206,0.152,0.140,2.68
287,Draw,0.091,0.206,0.146,0.141,0.00
288,Draw,0.090,0.205,0.149,0.155,12.08
289,Draw,0.090,0.204,0.148,0.151,7.58
290,Draw,0.090,0.203,0.136,0.151,0.00
291,Draw,0.089,0.203,0.155,0.157,0.00
292,Runner,0.092,0.202,0.000,0.000,0.00
293,Draw,0.092,0.201,0.151,0.146,0.00
294,Draw,0.092,0.201,0.141,0.142,4.32
295,Pursuer,0.092,0.203,0.000,0.000,0.00
296,Draw,0.091,0.203,0.146,0.151,0.00
297,Draw,0.091,0.202,0.138,0.144,3.46
298,Runner,0.094,0.201,0.153,0.144,0.00
299,Pursuer,0.094,0.204,0.139,0.164,0.00
300,Draw,0.093,0.203,0.152,0.152,0.00
301,Runner,0.096,0.203,0.147,0.152,0.00
302,Pursuer,0.096,0.205,0.000,0.000,0.00
303,Runner,0.099,0.205,0.161,0.166,0.00
304,Draw,0.099,0.204,0.148,0.159,0.00
305,Draw,0.098,0.203,0.151,0.149,0.00
306,Draw,0.098,0.203,0.150,0.152,0.00
307,Pursuer,0.098,0.205,0.153,0.139,0.00
308,Pursuer,0.097,0.208,0.138,0.144,0.00
309,Pursuer,0.097,0.210,0.132,0.146,0.00
310,Pursuer,0.097,0.213,0.145,0.139,0.00
311,Draw,0.096,0.212,0.144,0.150,0.00
312,Draw,0.096,0.212,0.157,0.148,0.00
313,Pursuer,0.096,0.214,0.166,0.169,0.00
314,Pursuer,0.096,0.217,0.152,0.143,0.00
315,Draw,0.095,0.216,0.150,0.155,5.02
316,Runner,0.098,0.215,0.000,0.000,0.00
317,Draw,0.098,0.215,0.157,0.151,16.30
318,Draw,0.097,0.214,0.148,0.146,0.00
319,Draw,0.097,0.213,0.144,0.153,7.84
320,Draw,0.097,0.213,0.136,0.139,18.96
321,Draw,0.097,0.212,0.156,0.156,0.00
322,Runner,0.099,0.211,0.173,0.147,1.02
323,Runner,0.102,0.211,0.135,0.133,0.00
324,Draw,0.102,0.210,0.153,0.151,4.14
325,Pursuer,0.102,0.212,0.138,0.178,0.00
326,Pursuer,0.101,0.215,0.137,0.162,0.00
327,Draw,0.101,0.214,0.148,0.146,3.78
328,Draw,0.101,0.213,0.148,0.149,4.28
329,Draw,0.100,0.213,0.157,0.144,0.00
330,Pursuer,0.100,0.215,0.000,0.000,0.00
331,Draw,0.100,0.215,0.148,0.149,11.60
332,Pursuer,0.099,0.217,0.150,0.169,0.00
333,Runner,0.102,0.216,0.148,0.147,0.00
334,Pursuer,0.102,0.219,0.174,0.740,0.00
335,Runner,0.104,0.218,0.097,0.105,0.00
336,Draw,0.104,0.217,0.160,0.135,0.00
337,Runner,0.107,0.217,0.000,0.000,0.00
338,Draw,0.107,0.216,0.147,0.151,0.00
339,Runner,0.109,0.215,0.137,0.151,7.14
340,Draw,0.109,0.215,0.145,0.145,0.00
341,Draw,0.109,0.214,0.141,0.165,7.32
342,Draw,0.108,0.213,0.157,0.155,12.98
343,Draw,0.108,0.213,0.149,0.147,2.64
344,Runner,0.110,0.212,0.148,0.137,0.00
345,Draw,0.110,0.212,0.165,0.154,0.00
346,Draw,0.110,0.211,0.147,0.149,1.50
347,Draw,0.110,0.210,0.139,0.150,2.46
348,Runner,0.112,0.210,0.155,0.152,0.00
349,Draw,0.112,0.209,0.155,0.143,0.22
350,Draw,0.111,0.209,0.158,0.141,19.98
351,Draw,0.111,0.208,0.157,0.145,1.30
352,Pursuer,0.111,0.210,0.125,0.144,0.00
353,Draw,0.110,0.210,0.146,0.142,0.34
354,Draw,0.110,0.209,0.149,0.141,17.56
355,Runner,0.113,0.208,0.135,0.159,0.00
356,Runner,0.115,0.208,0.273,0.200,0.00
357,Pursuer,0.115,0.210,0.147,0.163,0.00
358,Draw,0.115,0.209,0.158,0.161,2.26
359,Pursuer,0.114,0.212,0.139,0.152,0.00
360,Runner,0.117,0.211,0.139,0.150,0.94
361,Runner,0.119,0.211,0.141,0.145,0.00
362,Draw,0.119,0.210,0.171,0.143,0.20
363,Draw,0.118,0.209,0.147,0.145,1.44
364,Draw,0.118,0.209,0.148,0.150,0.00
365,Draw,0.118,0.208,0.154,0.146,11.82
366,Draw,0.117,0.208,0.151,0.157,3.64
367,Draw,0.117,0.207,0.156,0.147,0.52
368,Pursuer,0.117,0.209,0.139,0.204,0.00
369,Pursuer,0.117,0.211,0.145,0.161,0.00
370,Pursuer,0.116,0.214,0.143,0.150,0.00
371,Draw,0.116,0.213,0.150,0.165,0.00
372,Pursuer,0.116,0.215,0.150,0.153,0.00
373,Pursuer,0.115,0.217,0.141,0.159,0.00
374,Pursuer,0.115,0.219,0.150,0.152,0.00
375,Pursuer,0.115,0.221,0.142,0.158,0.00
376,Pursuer,0.114,0.223,0.140,0.155,0.00
377,Runner,0.117,0.223,0.177,0.165,0.00
378,Draw,0.116,0.222,0.160,0.151,0.00
379,Runner,0.119,0.222,0.160,0.157,6.14
380,Runner,0.121,0.221,0.152,0.157,1.76
381,Pursuer,0.121,0.223,0.150,0.132,0.00
382,Pursuer,0.120,0.225,0.168,0.147,0.00
383,Pursuer,0.120,0.227,0.170,0.129,0.00
384,Pursuer,0.120,0.229,0.134,0.124,0.00
385,Draw,0.119,0.229,0.143,0.139,1.36
386,Draw,0.119,0.228,0.158,0.148,4.74
387,Pursuer,0.119,0.230,0.162,0.141,0.00
388,Draw,0.119,0.229,0.150,0.150,9.54
389,Pursuer,0.118,0.231,0.152,0.156,0.00
390,Draw,0.118,0.231,0.174,0.139,7.58
391,Runner,0.120,0.230,0.000,0.000,0.00
392,Runner,0.122,0.230,0.153,0.158,0.00
393,Runner,0.125,0.229,0.137,0.156,4.70
394,Draw,0.124,0.228,0.163,0.160,4.16
395,Pursuer,0.124,0.230,0.167,0.151,0.00
396,Runner,0.126,0.230,0.000,0.000,0.00
397,Pursuer,0.126,0.232,0.149,0.153,0.00
398,Draw,0.126,0.231,0.151,0.140,2.72
399,Pursuer,0.125,0.233,0.152,0.159,0.00
400,Runner,0.128,0.233,0.105,0.171,0.00
401,Pursuer,0.127,0.234,0.148,0.156,0.00
402,Pursuer,0.127,0.236,0.153,0.156,0.00
403,Pursuer,0.127,0.238,0.126,0.109,0.00
404,Draw,0.126,0.238,0.154,0.141,4.44
405,Draw,0.126,0.237,0.156,0.145,0.00
406,Draw,0.126,0.236,0.153,0.153,9.68
407,Pursuer,0.125,0.238,0.000,0.000,0.00
408,Runner,0.127,0.238,0.151,0.134,0.00
409,Pursuer,0.127,0.240,0.150,0.166,0.00
410,Draw,0.127,0.239,0.159,0.147,4.76
411,Runner,0.129,0.238,0.000,0.000,0.00
412,Pursuer,0.129,0.240,0.140,0.144,0.00
413,Runner,0.131,0.240,0.144,0.145,0.00
414,Pursuer,0.130,0.242,0.163,0.159,0.00
415,Draw,0.130,0.241,0.160,0.159,0.00
416,Pursuer,0.130,0.243,0.131,0.167,0.00
417,Pursuer,0.129,0.245,0.138,0.157,0.00
418,Pursuer,0.129,0.246,0.147,0.152,0.00
419,Draw,0.129,0.246,0.162,0.154,0.00
420,Pursuer,0.129,0.248,0.140,0.156,0.00
421,Draw,0.128,0.247,0.148,0.155,0.00
422,Draw,0.128,0.246,0.155,0.151,4.18
423,Draw,0.128,0.246,0.150,0.143,8.14
424,Pursuer,0.127,0.248,0.196,0.125,0.00
425,Runner,0.129,0.247,0.152,0.152,0.00
426,Runner,0.131,0.246,0.130,0.145,2.90
427,Pursuer,0.131,0.248,0.153,0.144,0.00
428,Pursuer,0.131,0.250,0.063,0.042,0.00
429,Runner,0.133,0.249,0.144,0.139,4.60
430,Runner,0.135,0.249,0.149,0.150,7.02
431,Pursuer,0.135,0.251,0.000,0.000,0.00
432,Draw,0.134,0.250,0.156,0.152,9.74
433,Pursuer,0.134,0.252,0.133,0.123,0.00
434,Runner,0.136,0.251,0.156,0.131,0.00
435,Runner,0.138,0.251,0.124,0.132,0.76
436,Pursuer,0.138,0.252,0.146,0.151,0.00
437,Pursuer,0.137,0.254,0.147,0.159,0.00
438,Runner,0.139,0.253,0.139,0.168,0.00
439,Draw,0.139,0.253,0.138,0.141,19.12
440,Pursuer,0.139,0.255,0.139,0.129,0.00
441,Runner,0.141,0.254,0.148,0.149,4.34
442,Runner,0.143,0.253,0.144,0.150,3.54
443,Pursuer,0.142,0.255,0.141,0.150,0.00
444,Pursuer,0.142,0.257,0.147,0.156,0.00
445,Runner,0.144,0.256,0.143,0.153,0.00
446,Pursuer,0.143,0.258,0.118,0.151,0.00
447,Runner,0.145,0.257,0.142,0.141,0.00
448,Draw,0.145,0.257,0.163,0.143,0.00
449,Draw,0.145,0.256,0.147,0.138,5.52
450,Runner,0.147,0.256,0.139,0.159,0.00
451,Pursuer,0.146,0.257,0.163,0.148,0.00
452,Pursuer,0.146,0.259,0.099,0.112,0.00
453,Draw,0.146,0.258,0.142,0.147,18.82
454,Draw,0.145,0.258,0.151,0.156,11.16
455,Pursuer,0.145,0.259,0.141,0.106,0.00
456,Pursuer,0.145,0.261,0.209,0.178,0.00
457,Pursuer,0.144,0.263,0.163,0.133,0.00
458,Runner,0.146,0.262,0.141,0.142,0.24
459,Runner,0.148,0.261,0.166,0.151,0.00
460,Pursuer,0.148,0.263,0.147,0.145,0.00
461,Draw,0.148,0.262,0.140,0.157,0.00
462,Pursuer,0.147,0.264,0.140,0.169,0.00
463,Pursuer,0.147,0.266,0.052,0.013,0.00
464,Draw,0.147,0.265,0.154,0.143,3.18
465,Pursuer,0.146,0.267,0.139,0.154,0.00
466,Pursuer,0.146,0.268,0.186,0.151,0.00
467,Runner,0.148,0.268,0.169,0.154,11.10
468,Pursuer,0.147,0.269,0.168,0.144,0.00
469,Runner,0.149,0.269,0.124,0.183,0.00
470,Draw,0.149,0.268,0.144,0.150,3.46
471,Draw,0.149,0.268,0.156,0.143,10.62
472,Runner,0.150,0.267,0.145,0.161,0.00
473,Draw,0.150,0.266,0.165,0.148,7.08
474,Runner,0.152,0.266,0.127,0.147,5.36
475,Draw,0.152,0.265,0.161,0.160,12.74
476,Draw,0.151,0.265,0.145,0.160,5.38
477,Pursuer,0.151,0.266,0.127,0.229,0.00
478,Pursuer,0.151,0.268,0.154,0.156,0.00
479,Pursuer,0.150,0.269,0.163,0.173,0.00
480,Runner,0.152,0.269,0.000,0.000,0.02
481,Runner,0.154,0.268,0.158,0.142,2.38
482,Pursuer,0.154,0.270,0.149,0.152,0.00
483,Draw,0.153,0.269,0.151,0.148,9.14
484,Runner,0.155,0.269,0.145,0.144,2.32
485,Runner,0.157,0.268,0.149,0.143,0.00
486,Pursuer,0.156,0.270,0.155,0.128,0.00
487,Pursuer,0.156,0.271,0.112,0.090,0.00
488,Runner,0.158,0.270,0.153,0.158,2.36
489,Draw,0.157,0.270,0.131,0.143,1.56
490,Runner,0.159,0.269,0.141,0.129,0.00
491,Pursuer,0.159,0.271,0.154,0.148,0.00
492,Pursuer,0.159,0.272,0.149,0.161,0.00
493,Draw,0.158,0.272,0.160,0.159,0.00
494,Pursuer,0.158,0.273,0.158,0.141,0.00
495,Draw,0.158,0.273,0.143,0.147,0.00
496,Runner,0.159,0.272,0.149,0.150,0.00
497,Runner,0.161,0.272,0.157,0.146,0.00
498,Pursuer,0.161,0.273,0.292,0.392,0.00
499,Pursuer,0.160,0.275,0.138,0.161,0.00
500,Pursuer,0.160,0.276,0.145,0.143,0.00
501,Draw,0.160,0.275,0.141,0.150,19.98
502,Runner,0.161,0.275,0.155,0.152,0.00
503,Draw,0.161,0.274,0.134,0.137,2.80
504,Runner,0.163,0.274,0.133,0.066,0.00
505,Runner,0.164,0.273,0.156,0.141,0.02
506,Pursuer,0.164,0.275,0.142,0.155,0.00
507,Draw,0.164,0.274,0.144,0.145,3.96
508,Pursuer,0.163,0.276,0.165,0.140,0.00
509,Pursuer,0.163,0.277,0.145,0.161,0.00
510,Runner,0.165,0.276,0.153,0.145,0.00
511,Runner,0.166,0.276,0.141,0.162,3.48
512,Pursuer,0.166,0.277,0.149,0.156,0.00
513,Draw,0.166,0.277,0.161,0.150,17.68
514,Draw,0.165,0.276,0.155,0.152,0.00
515,Pursuer,0.165,0.278,0.164,0.167,0.00
516,Pursuer,0.165,0.279,0.159,0.137,0.00
517,Runner,0.166,0.279,0.172,0.164,9.64
518,Draw,0.166,0.278,0.153,0.158,9.14
519,Runner,0.168,0.277,0.144,0.142,0.00
520,Pursuer,0.167,0.279,0.157,0.112,0.00
521,Runner,0.169,0.278,0.144,0.131,3.74
522,Draw,0.169,0.278,0.144,0.145,13.68
523,Pursuer,0.168,0.279,0.159,0.157,0.00
524,Pursuer,0.168,0.281,0.153,0.154,0.00
525,Pursuer,0.168,0.282,0.131,0.145,0.00
526,Draw,0.167,0.281,0.148,0.156,0.00
527,Pursuer,0.167,0.283,0.145,0.146,0.00
528,Pursuer,0.167,0.284,0.154,0.147,0.00
529,Draw,0.166,0.284,0.149,0.155,2.04
530,Pursuer,0.166,0.285,0.137,0.152,0.00
531,Draw,0.166,0.284,0.153,0.153,0.00
532,Pursuer,0.165,0.286,0.000,0.000,0.00
533,Draw,0.165,0.285,0.141,0.148,5.46
534,Pursuer,0.165,0.287,0.148,0.162,0.00
535,Runner,0.166,0.286,0.146,0.150,0.00
536,Pursuer,0.166,0.287,0.143,0.167,0.00
537,Runner,0.168,0.287,0.141,0.157,2.70
538,Runner,0.169,0.286,0.145,0.155,0.00
539,Draw,0.169,0.286,0.136,0.151,0.00
540,Runner,0.170,0.285,0.141,0.158,1.46
541,Runner,0.172,0.285,0.167,0.139,16.72
542,Runner,0.173,0.284,0.133,0.144,0.00
543,Runner,0.175,0.284,0.180,0.028,0.00
544,Runner,0.176,0.283,0.135,0.148,4.44
545,Runner,0.178,0.283,0.145,0.155,0.00
546,Draw,0.178,0.282,0.143,0.147,10.38
547,Draw,0.177,0.282,0.149,0.159,8.44
548,Draw,0.177,0.281,0.146,0.151,1.22
549,Runner,0.179,0.281,0.132,0.144,0.08
550,Pursuer,0.178,0.282,0.144,0.145,0.00
551,Runner,0.180,0.281,0.136,0.156,3.60
552,Pursuer,0.179,0.283,0.121,0.163,0.00
553,Pursuer,0.179,0.284,0.149,0.150,0.00
554,Runner,0.181,0.283,0.161,0.137,1.40
555,Draw,0.180,0.283,0.154,0.135,0.86
556,Runner,0.182,0.282,0.065,0.144,0.00
557,Pursuer,0.181,0.284,0.167,0.141,0.00
558,Runner,0.183,0.283,0.137,0.155,5.24
559,Pursuer,0.182,0.284,0.161,0.148,0.00
560,Draw,0.182,0.284,0.168,0.148,5.78
561,Pursuer,0.182,0.285,0.158,0.149,0.00
562,Runner,0.183,0.285,0.187,0.118,0.00
563,Draw,0.183,0.284,0.159,0.148,17.34
564,Draw,0.183,0.284,0.147,0.140,8.74
565,Draw,0.182,0.283,0.152,0.135,4.48
566,Runner,0.184,0.283,0.138,0.147,9.20
567,Pursuer,0.183,0.284,0.133,0.141,0.00
568,Pursuer,0.183,0.285,0.135,0.142,0.00
569,Draw,0.183,0.285,0.144,0.142,0.94
570,Draw,0.182,0.284,0.157,0.149,0.10
571,Draw,0.182,0.284,0.153,0.143,16.60
572,Pursuer,0.182,0.285,0.224,0.154,0.00
573,Pursuer,0.182,0.286,0.116,0.135,0.00
574,Draw,0.181,0.286,0.157,0.146,8.02
575,Pursuer,0.181,0.287,0.141,0.142,0.00
576,Pursuer,0.181,0.288,0.146,0.141,0.00
577,Pursuer,0.180,0.289,0.144,0.135,0.00
578,Pursuer,0.180,0.291,0.106,0.150,0.00
579,Pursuer,0.180,0.292,0.153,0.163,0.00
580,Draw,0.179,0.291,0.142,0.155,0.00
581,Pursuer,0.179,0.293,0.156,0.140,0.00
582,Pursuer,0.179,0.294,0.151,0.156,0.00
583,Runner,0.180,0.293,0.119,0.158,1.14
584,Draw,0.180,0.293,0.156,0.141,0.00
585,Draw,0.179,0.292,0.161,0.153,15.98
586,Runner,0.181,0.292,0.161,0.146,6.32
587,Pursuer,0.181,0.293,0.112,0.142,0.00
588,Runner,0.182,0.293,0.149,0.145,3.08
589,Draw,0.182,0.292,0.145,0.147,19.40
590,Pursuer,0.181,0.293,0.151,0.128,0.00
591,Runner,0.183,0.293,0.157,0.136,11.38
592,Runner,0.184,0.292,0.160,0.150,1.32
593,Pursuer,0.184,0.293,0.164,0.129,0.00
594,Pursuer,0.184,0.295,0.151,0.160,0.00
595,Pursuer,0.183,0.296,0.133,0.158,0.00
596,Runner,0.185,0.295,0.159,0.137,1.70
597,Pursuer,0.184,0.296,0.095,0.222,0.00
598,Pursuer,0.184,0.298,0.137,0.146,0.00
599,Pursuer,0.184,0.299,0.152,0.152,0.00
600,Pursuer,0.183,0.300,0.153,0.151,0.00
601,Runner,0.185,0.300,0.140,0.130,0.00
602,Runner,0.186,0.299,0.147,0.139,5.78
603,Runner,0.187,0.299,0.138,0.159,0.00
604,Pursuer,0.187,0.300,0.000,0.000,0.00
605,Pursuer,0.187,0.301,0.146,0.153,0.00
606,Draw,0.186,0.300,0.149,0.146,4.18
607,Draw,0.186,0.300,0.153,0.137,1.12
608,Draw,0.186,0.299,0.150,0.151,19.98
609,Draw,0.186,0.299,0.139,0.152,1.86
610,Pursuer,0.185,0.300,0.152,0.147,0.00
611,Runner,0.187,0.300,0.149,0.141,0.00
612,Runner,0.188,0.299,0.146,0.155,0.00
613,Runner,0.189,0.299,0.168,0.135,0.00
614,Pursuer,0.189,0.300,0.167,0.140,0.00
615,Pursuer,0.189,0.301,0.051,0.076,0.00
616,Runner,0.190,0.300,0.136,0.124,0.00
617,Pursuer,0.190,0.301,0.147,0.166,0.00
618,Draw,0.189,0.301,0.153,0.158,15.58
619,Pursuer,0.189,0.302,0.149,0.143,0.00
620,Draw,0.189,0.302,0.131,0.145,19.96
621,Runner,0.190,0.301,0.147,0.146,9.72
622,Runner,0.191,0.301,0.160,0.132,2.92
623,Pursuer,0.191,0.302,0.159,0.142,0.00
624,Pursuer,0.191,0.303,0.147,0.152,0.00
625,Draw,0.190,0.302,0.141,0.139,0.00
626,Runner,0.192,0.302,0.133,0.159,0.00
627,Runner,0.193,0.301,0.168,0.157,0.00
628,Pursuer,0.193,0.303,0.157,0.154,0.00
629,Draw,0.192,0.302,0.157,0.146,7.54
630,Runner,0.194,0.302,0.145,0.149,2.86
631,Pursuer,0.193,0.303,0.000,0.000,0.00
632,Draw,0.193,0.302,0.147,0.157,3.74
633,Draw,0.193,0.302,0.141,0.156,13.92
634,Pursuer,0.192,0.303,0.164,0.148,0.00
635,Pursuer,0.192,0.304,0.148,0.154,0.00
636,Pursuer,0.192,0.305,0.148,0.151,0.00
637,Draw,0.192,0.305,0.157,0.142,15.92
638,Pursuer,0.191,0.306,0.156,0.149,0.00
639,Runner,0.192,0.305,0.138,0.160,16.02
640,Draw,0.192,0.305,0.146,0.149,1.56
641,Pursuer,0.192,0.306,0.000,0.000,0.00
642,Draw,0.192,0.305,0.159,0.149,16.02
643,Pursuer,0.191,0.306,0.146,0.146,0.00
644,Pursuer,0.191,0.307,0.147,0.133,0.00
645,Draw,0.191,0.307,0.141,0.145,6.86
646,Draw,0.190,0.307,0.151,0.138,3.38
647,Pursuer,0.190,0.308,0.142,0.170,0.00
648,Draw,0.190,0.307,0.156,0.146,16.12
649,Draw,0.190,0.307,0.158,0.150,0.00
650,Pursuer,0.189,0.308,0.139,0.155,0.00
651,Pursuer,0.189,0.309,0.146,0.129,0.00
652,Runner,0.190,0.308,0.148,0.139,6.14
653,Draw,0.190,0.308,0.147,0.149,4.06
654,Pursuer,0.190,0.309,0.146,0.134,0.00
655,Pursuer,0.189,0.310,0.140,0.146,0.00
656,Runner,0.191,0.309,0.165,0.147,11.08
657,Pursuer,0.190,0.311,0.137,0.160,0.00
658,Pursuer,0.190,0.312,0.160,0.157,0.00
659,Draw,0.190,0.311,0.159,0.147,5.54
660,Pursuer,0.189,0.312,0.142,0.142,0.00
661,Pursuer,0.189,0.313,0.145,0.136,0.00
662,Runner,0.190,0.313,0.164,0.140,0.00
663,Draw,0.190,0.312,0.148,0.150,0.00
664,Runner,0.191,0.312,0.145,0.146,0.14
665,Draw,0.191,0.311,0.149,0.144,16.22
666,Draw,0.191,0.311,0.152,0.147,0.00
667,Pursuer,0.190,0.312,0.000,0.000,0.00
668,Pursuer,0.190,0.313,0.157,0.161,0.00
669,Pursuer,0.190,0.314,0.156,0.145,0.00
670,Runner,0.191,0.313,0.131,0.138,0.16
671,Draw,0.191,0.313,0.153,0.151,0.00
672,Pursuer,0.190,0.314,0.138,0.147,0.00
673,Draw,0.190,0.314,0.155,0.133,6.82
674,Runner,0.191,0.313,0.111,0.112,0.00
675,Draw,0.191,0.313,0.149,0.166,2.44
676,Pursuer,0.191,0.314,0.160,0.140,0.00
677,Draw,0.191,0.313,0.138,0.154,2.04
678,Runner,0.192,0.313,0.154,0.150,16.90
679,Pursuer,0.191,0.314,0.158,0.086,0.00
680,Pursuer,0.191,0.315,0.139,0.143,0.00
681,Pursuer,0.191,0.316,0.138,0.127,0.00
682,Pursuer,0.191,0.317,0.122,0.144,0.00
683,Draw,0.190,0.316,0.148,0.142,0.00
684,Draw,0.190,0.316,0.156,0.151,0.00
685,Pursuer,0.190,0.317,0.157,0.145,0.00
686,Pursuer,0.190,0.318,0.145,0.133,0.00
687,Pursuer,0.189,0.319,0.157,0.151,0.00
688,Pursuer,0.189,0.320,0.145,0.151,0.00
689,Runner,0.190,0.319,0.154,0.124,4.16
690,Runner,0.191,0.319,0.151,0.140,1.08
691,Draw,0.191,0.318,0.134,0.151,11.32
692,Runner,0.192,0.318,0.139,0.142,0.00
693,Pursuer,0.192,0.319,0.140,0.141,0.00
694,Runner,0.193,0.318,0.140,0.151,0.00
695,Draw,0.193,0.318,0.145,0.147,0.00
696,Pursuer,0.193,0.319,0.137,0.166,0.00
697,Pursuer,0.192,0.320,0.138,0.146,0.00
698,Draw,0.192,0.319,0.148,0.155,0.00
699,Pursuer,0.192,0.320,0.119,0.141,0.00
700,Draw,0.191,0.320,0.150,0.150,14.48
701,Runner,0.193,0.320,0.155,0.130,5.48
702,Pursuer,0.192,0.321,0.167,0.150,0.00
703,Pursuer,0.192,0.321,0.142,0.163,0.00
704,Pursuer,0.192,0.322,0.000,0.000,0.00
705,Runner,0.193,0.322,0.164,0.156,2.18
706,Pursuer,0.193,0.323,0.115,0.110,0.00
707,Pursuer,0.192,0.324,0.151,0.159,0.00
708,Runner,0.194,0.323,0.150,0.140,7.60
709,Runner,0.195,0.323,0.160,0.135,0.00
710,Runner,0.196,0.323,0.139,0.141,7.24
711,Runner,0.197,0.322,0.150,0.154,0.14
712,Pursuer,0.197,0.323,0.094,0.109,0.00
713,Pursuer,0.196,0.324,0.154,0.154,0.00
714,Pursuer,0.196,0.325,0.147,0.150,0.00
715,Runner,0.197,0.324,0.148,0.164,2.88
716,Pursuer,0.197,0.325,0.143,0.161,0.00
717,Draw,0.197,0.325,0.153,0.142,12.84
718,Draw,0.196,0.325,0.142,0.143,2.54
719,Pursuer,0.196,0.325,0.147,0.150,0.00
720,Draw,0.196,0.325,0.154,0.147,11.48
721,Draw,0.196,0.325,0.152,0.166,0.00
722,Pursuer,0.195,0.325,0.163,0.150,0.00
723,Pursuer,0.195,0.326,0.151,0.166,0.00
724,Pursuer,0.195,0.327,0.142,0.173,0.00
725,Runner,0.196,0.327,0.135,0.131,0.00
726,Draw,0.196,0.326,0.147,0.143,0.00
727,Runner,0.197,0.326,0.155,0.164,0.00
728,Pursuer,0.196,0.327,0.155,0.169,0.00
729,Draw,0.196,0.326,0.144,0.160,4.46
730,Pursuer,0.196,0.327,0.169,0.155,0.00
731,Runner,0.197,0.327,0.000,0.000,0.00
732,Pursuer,0.197,0.328,0.145,0.142,0.00
733,Pursuer,0.196,0.329,0.153,0.146,0.00
734,Draw,0.196,0.328,0.153,0.151,16.16
735,Draw,0.196,0.328,0.145,0.160,10.26
736,Runner,0.197,0.327,0.135,0.141,5.34
737,Runner,0.198,0.327,0.158,0.148,0.00
738,Runner,0.199,0.327,0.134,0.163,0.00
739,Pursuer,0.199,0.327,0.042,0.129,0.00
740,Pursuer,0.199,0.328,0.143,0.147,0.00
741,Pursuer,0.198,0.329,0.144,0.132,0.00
742,Pursuer,0.198,0.330,0.144,0.165,0.00
743,Pursuer,0.198,0.331,0.151,0.147,0.00
744,Pursuer,0.198,0.332,0.150,0.153,0.00
745,Draw,0.197,0.332,0.151,0.141,0.00
746,Runner,0.198,0.331,0.140,0.153,0.00
747,Pursuer,0.198,0.332,0.152,0.124,0.00
748,Draw,0.198,0.332,0.144,0.157,2.18
749,Pursuer,0.198,0.332,0.240,0.076,0.00
750,Pursuer,0.197,0.333,0.153,0.155,0.00
751,Draw,0.197,0.333,0.161,0.143,11.10
752,Pursuer,0.197,0.334,0.186,0.113,0.00
753,Runner,0.198,0.333,0.153,0.160,4.46
754,Runner,0.199,0.333,0.162,0.142,7.52
755,Draw,0.199,0.332,0.147,0.134,3.84
756,Pursuer,0.198,0.333,0.152,0.144,0.00
757,Pursuer,0.198,0.334,0.139,0.135,0.00
758,Runner,0.199,0.334,0.000,0.000,0.00
759,Pursuer,0.199,0.335,0.158,0.144,0.00
760,Pursuer,0.199,0.336,0.137,0.140,0.00
761,Draw,0.198,0.335,0.162,0.159,6.92
762,Runner,0.199,0.335,0.146,0.166,7.34
763,Pursuer,0.199,0.336,0.000,0.000,0.00
764,Runner,0.200,0.335,0.000,0.000,0.02
765,Runner,0.201,0.335,0.146,0.134,0.00
766,Runner,0.202,0.334,0.146,0.147,13.36
767,Pursuer,0.202,0.335,0.151,0.137,0.00
768,Runner,0.203,0.335,0.152,0.141,0.00
769,Runner,0.204,0.334,0.156,0.142,9.20
770,Pursuer,0.204,0.335,0.141,0.136,0.00
771,Draw,0.204,0.335,0.152,0.163,5.42
772,Pursuer,0.203,0.335,0.114,0.134,0.00
773,Pursuer,0.203,0.336,0.155,0.138,0.00
774,Pursuer,0.203,0.337,0.183,0.145,0.00
775,Pursuer,0.203,0.338,0.142,0.135,0.00
776,Draw,0.202,0.338,0.156,0.151,16.76
777,Draw,0.202,0.337,0.149,0.151,11.32
778,Runner,0.203,0.337,0.178,0.156,5.94
779,Pursuer,0.203,0.338,0.156,0.149,0.00
780,Runner,0.204,0.337,0.159,0.126,6.00
781,Draw,0.204,0.337,0.154,0.145,19.98
782,Pursuer,0.203,0.338,0.136,0.138,0.00
783,Pursuer,0.203,0.338,0.077,0.052,0.00
784,Draw,0.203,0.338,0.138,0.144,11.06
785,Draw,0.203,0.338,0.141,0.143,3.02
786,Pursuer,0.202,0.338,0.152,0.143,0.00
787,Pursuer,0.202,0.339,0.150,0.152,0.00
788,Pursuer,0.202,0.340,0.140,0.146,0.00
789,Pursuer,0.202,0.341,0.157,0.142,0.00
790,Runner,0.203,0.341,0.158,0.133,10.86
791,Runner,0.204,0.340,0.064,0.166,0.10
792,Draw,0.203,0.340,0.145,0.149,10.82
793,Pursuer,0.203,0.340,0.000,0.000,0.00
794,Pursuer,0.203,0.341,0.144,0.153,0.00
795,Runner,0.204,0.341,0.146,0.147,0.00
796,Runner,0.205,0.340,0.146,0.152,12.70
797,Pursuer,0.205,0.341,0.155,0.162,0.00
798,Runner,0.206,0.341,0.093,0.141,0.00
799,Pursuer,0.205,0.342,0.123,0.097,0.00
800,Runner,0.206,0.341,0.157,0.156,9.56
801,Runner,0.207,0.341,0.133,0.151,5.34
802,Runner,0.208,0.340,0.143,0.156,9.06
803,Runner,0.209,0.340,0.150,0.134,0.62
804,Draw,0.209,0.340,0.145,0.142,0.00
805,Pursuer,0.209,0.340,0.133,0.145,0.00
806,Runner,0.210,0.340,0.155,0.154,0.00
807,Draw,0.209,0.340,0.141,0.153,11.96
808,Pursuer,0.209,0.340,0.134,0.152,0.00
809,Runner,0.210,0.340,0.119,0.146,0.00
810,Draw,0.210,0.340,0.156,0.152,3.88
811,Pursuer,0.210,0.340,0.150,0.135,0.00
812,Runner,0.211,0.340,0.142,0.138,4.54
813,Pursuer,0.210,0.341,0.141,0.153,0.00
814,Runner,0.211,0.340,0.147,0.141,8.38
815,Pursuer,0.211,0.341,0.138,0.145,0.00
816,Pursuer,0.211,0.342,0.141,0.167,0.00
817,Draw,0.211,0.341,0.154,0.155,3.54
818,Runner,0.211,0.341,0.145,0.167,5.06
819,Pursuer,0.211,0.342,0.148,0.175,0.00
820,Runner,0.212,0.341,0.154,0.140,1.50
821,Runner,0.213,0.341,0.147,0.183,0.00
822,Draw,0.213,0.341,0.157,0.141,2.08
823,Pursuer,0.213,0.341,0.146,0.140,0.00
824,Pursuer,0.212,0.342,0.149,0.159,0.00
825,Pursuer,0.212,0.343,0.137,0.160,0.00
826,Draw,0.212,0.343,0.151,0.150,16.76
827,Draw,0.212,0.342,0.153,0.154,6.86
828,Pursuer,0.211,0.343,0.000,0.000,0.00
829,Runner,0.212,0.343,0.141,0.172,5.74
830,Runner,0.213,0.342,0.154,0.147,0.00
831,Pursuer,0.213,0.343,0.128,0.160,0.00
832,Draw,0.213,0.343,0.146,0.149,0.00
833,Runner,0.214,0.342,0.141,0.150,5.92
834,Draw,0.213,0.342,0.152,0.167,5.36
835,Pursuer,0.213,0.343,0.176,0.127,0.00
836,Draw,0.213,0.342,0.142,0.145,13.62
837,Pursuer,0.213,0.343,0.146,0.131,0.00
838,Runner,0.214,0.342,0.170,0.156,0.00
839,Pursuer,0.213,0.343,0.155,0.149,0.00
840,Runner,0.214,0.343,0.154,0.145,4.24
841,Draw,0.214,0.342,0.138,0.148,2.68
842,Draw,0.214,0.342,0.151,0.141,0.14
843,Draw,0.214,0.342,0.146,0.161,11.16
844,Runner,0.214,0.341,0.143,0.135,3.18
845,Draw,0.214,0.341,0.146,0.157,15.92
846,Runner,0.215,0.340,0.149,0.141,11.30
847,Pursuer,0.215,0.341,0.154,0.154,0.00
848,Pursuer,0.215,0.342,0.145,0.149,0.00
849,Draw,0.214,0.342,0.151,0.162,0.00
850,Runner,0.215,0.341,0.147,0.152,7.02
851,Pursuer,0.215,0.342,0.146,0.155,0.00
852,Pursuer,0.215,0.343,0.156,0.139,0.00
853,Draw,0.215,0.342,0.151,0.148,2.94
854,Pursuer,0.214,0.343,0.168,0.157,0.00
855,Pursuer,0.214,0.344,0.143,0.151,0.00
856,Draw,0.214,0.343,0.143,0.149,14.68
857,Pursuer,0.214,0.344,0.158,0.153,0.00
858,Runner,0.214,0.344,0.155,0.153,5.78
859,Pursuer,0.214,0.345,0.000,0.000,0.00
860,Runner,0.215,0.344,0.151,0.126,7.96
861,Draw,0.215,0.344,0.154,0.142,16.42
862,Runner,0.216,0.343,0.130,0.169,0.00
863,Draw,0.216,0.343,0.136,0.161,15.32
864,Runner,0.216,0.343,0.148,0.136,0.00
865,Runner,0.217,0.342,0.150,0.142,0.00
866,Pursuer,0.217,0.343,0.145,0.169,0.00
867,Draw,0.217,0.343,0.148,0.144,4.88
868,Runner,0.218,0.342,0.143,0.148,0.00
869,Pursuer,0.217,0.343,0.146,0.153,0.00
870,Pursuer,0.217,0.344,0.114,0.154,0.00
871,Pursuer,0.217,0.344,0.134,0.126,0.00
872,Draw,0.217,0.344,0.154,0.152,19.98
873,Runner,0.218,0.344,0.000,0.000,0.00
874,Pursuer,0.217,0.344,0.147,0.154,0.00
875,Draw,0.217,0.344,0.150,0.159,0.00
876,Pursuer,0.217,0.345,0.145,0.141,0.00
877,Pursuer,0.217,0.345,0.148,0.151,0.00
878,Runner,0.218,0.345,0.158,0.136,4.30
879,Pursuer,0.217,0.346,0.131,0.138,0.00
880,Pursuer,0.217,0.347,0.136,0.154,0.00
881,Pursuer,0.217,0.347,0.154,0.150,0.00
882,Pursuer,0.217,0.348,0.101,0.089,0.00
883,Pursuer,0.216,0.349,0.145,0.146,0.00
884,Pursuer,0.216,0.350,0.137,0.149,0.00
885,Runner,0.217,0.349,0.140,0.159,0.20
886,Runner,0.218,0.349,0.148,0.160,0.00
887,Runner,0.219,0.348,0.152,0.154,6.24
888,Runner,0.220,0.348,0.128,0.148,4.20
889,Runner,0.220,0.348,0.143,0.146,0.60
890,Pursuer,0.220,0.348,0.135,0.158,0.00
891,Runner,0.221,0.348,0.148,0.143,0.00
892,Runner,0.222,0.348,0.134,0.152,3.10
893,Draw,0.222,0.347,0.153,0.153,4.20
894,Pursuer,0.221,0.348,0.134,0.181,0.00
895,Pursuer,0.221,0.349,0.158,0.122,0.00
896,Draw,0.221,0.348,0.152,0.154,6.36
897,Pursuer,0.221,0.349,0.160,0.117,0.00
898,Runner,0.222,0.349,0.000,0.000,0.00
899,Pursuer,0.221,0.349,0.153,0.145,0.00
900,Pursuer,0.221,0.350,0.147,0.114,0.00
901,Runner,0.222,0.350,0.130,0.132,0.00
902,Runner,0.223,0.349,0.150,0.150,0.00
903,Pursuer,0.223,0.350,0.150,0.145,0.00
904,Runner,0.223,0.350,0.163,0.158,0.00
905,Pursuer,0.223,0.350,0.144,0.147,0.00
906,Pursuer,0.223,0.351,0.087,0.227,0.00
907,Runner,0.224,0.351,0.152,0.149,0.46
908,Pursuer,0.224,0.351,0.155,0.143,0.00
909,Draw,0.223,0.351,0.161,0.144,14.34
910,Pursuer,0.223,0.352,0.158,0.155,0.00
911,Pursuer,0.223,0.352,0.127,0.134,0.00
912,Pursuer,0.223,0.353,0.179,0.168,0.00
913,Draw,0.222,0.353,0.143,0.146,15.32
914,Runner,0.223,0.352,0.189,0.162,0.00
915,Runner,0.224,0.352,0.132,0.150,3.28
916,Runner,0.225,0.352,0.132,0.138,0.00
917,Pursuer,0.225,0.352,0.304,0.150,0.00
918,Pursuer,0.224,0.353,0.144,0.123,0.00
919,Pursuer,0.224,0.354,0.151,0.140,0.00
920,Runner,0.225,0.353,0.149,0.151,3.48
921,Pursuer,0.225,0.354,0.156,0.143,0.00
922,Runner,0.226,0.354,0.141,0.128,0.00
923,Pursuer,0.225,0.354,0.158,0.150,0.00
924,Runner,0.226,0.354,0.152,0.142,10.84
925,Runner,0.227,0.354,0.148,0.144,0.38
926,Runner,0.228,0.353,0.165,0.145,0.00
927,Runner,0.229,0.353,0.150,0.144,0.00
928,Pursuer,0.228,0.353,0.143,0.161,0.00
929,Pursuer,0.228,0.354,0.138,0.149,0.00
930,Runner,0.229,0.354,0.149,0.151,0.00
931,Pursuer,0.229,0.354,0.160,0.173,0.00
932,Draw,0.229,0.354,0.150,0.156,12.64
933,Pursuer,0.228,0.355,0.151,0.135,0.00
934,Pursuer,0.228,0.355,0.142,0.146,0.00
935,Draw,0.228,0.355,0.150,0.145,0.00
936,Pursuer,0.228,0.356,0.156,0.137,0.00
937,Pursuer,0.227,0.356,0.185,0.163,0.00
938,Runner,0.228,0.356,0.145,0.142,4.88
939,Pursuer,0.228,0.357,0.138,0.142,0.00
940,Runner,0.229,0.356,0.139,0.141,0.00
941,Runner,0.230,0.356,0.149,0.150,4.14
942,Draw,0.229,0.356,0.140,0.155,9.50
943,Runner,0.230,0.355,0.151,0.160,12.34
944,Runner,0.231,0.355,0.138,0.156,0.46
945,Draw,0.231,0.354,0.137,0.152,0.00
946,Pursuer,0.230,0.355,0.151,0.138,0.00
947,Runner,0.231,0.355,0.151,0.137,2.20
948,Runner,0.232,0.354,0.137,0.135,3.18
949,Runner,0.233,0.354,0.143,0.142,0.00
950,Runner,0.234,0.354,0.144,0.151,2.26
951,Runner,0.234,0.353,0.145,0.147,2.52
952,Runner,0.235,0.353,0.162,0.152,1.46
953,Runner,0.236,0.353,0.150,0.145,6.86
954,Runner,0.237,0.352,0.132,0.145,5.24
955,Pursuer,0.237,0.353,0.143,0.136,0.00
956,Pursuer,0.236,0.354,0.162,0.118,0.00
957,Draw,0.236,0.353,0.135,0.147,17.70
958,Runner,0.237,0.353,0.150,0.148,2.32
959,Pursuer,0.237,0.353,0.143,0.163,0.00
960,Runner,0.238,0.353,0.130,0.054,0.00
961,Pursuer,0.237,0.354,0.148,0.149,0.00
962,Draw,0.237,0.353,0.140,0.163,0.00
963,Draw,0.237,0.353,0.150,0.163,19.98
964,Pursuer,0.237,0.354,0.143,0.151,0.00
965,Pursuer,0.236,0.354,0.137,0.163,0.00
966,Pursuer,0.236,0.355,0.139,0.140,0.00
967,Pursuer,0.236,0.356,0.141,0.170,0.00
968,Pursuer,0.236,0.356,0.151,0.138,0.00
969,Runner,0.236,0.356,0.157,0.157,0.00
970,Runner,0.237,0.356,0.149,0.163,5.24
971,Pursuer,0.237,0.356,0.172,0.140,0.00
972,Runner,0.238,0.356,0.138,0.140,7.46
973,Pursuer,0.237,0.357,0.174,0.156,0.00
974,Pursuer,0.237,0.357,0.119,0.144,0.00
975,Runner,0.238,0.357,0.133,0.146,2.48
976,Draw,0.238,0.357,0.160,0.148,10.74
977,Pursuer,0.237,0.357,0.149,0.161,0.00
978,Runner,0.238,0.357,0.150,0.147,0.10
979,Pursuer,0.238,0.358,0.128,0.146,0.00
980,Pursuer,0.238,0.358,0.144,0.162,0.00
981,Runner,0.239,0.358,0.148,0.154,0.00
982,Pursuer,0.238,0.358,0.135,0.160,0.00
983,Pursuer,0.238,0.359,0.147,0.155,0.00
984,Runner,0.239,0.359,0.137,0.129,2.64
985,Draw,0.239,0.358,0.137,0.148,0.00
986,Pursuer,0.238,0.359,0.000,0.000,0.00
987,Pursuer,0.238,0.360,0.148,0.162,0.00
988,Pursuer,0.238,0.360,0.144,0.154,0.00
989,Pursuer,0.238,0.361,0.172,0.110,0.00
990,Draw,0.237,0.361,0.158,0.136,16.12
991,Pursuer,0.237,0.361,0.152,0.134,0.00
992,Pursuer,0.237,0.362,0.148,0.138,0.00
993,Runner,0.238,0.362,0.145,0.123,0.00
994,Pursuer,0.237,0.362,0.166,0.154,0.00
995,Runner,0.238,0.362,0.146,0.110,0.50
996,Runner,0.239,0.361,0.150,0.158,7.74
997,Runner,0.240,0.361,0.154,0.182,5.34
998,Pursuer,0.239,0.362,0.141,0.153,0.00
999,Runner,0.240,0.361,0.157,0.149,4.06
1000,Runner,0.241,0.361,0.161,0.197,0.00
1001,Pursuer,0.241,0.362,0.133,0.148,0.00
1002,Runner,0.242,0.361,0.154,0.137,0.00
1003,Pursuer,0.241,0.362,0.140,0.133,0.00
1004,Pursuer,0.241,0.363,0.134,0.142,0.00
1005,Pursuer,0.241,0.363,0.128,0.146,0.00
1006,Pursuer,0.241,0.364,0.121,0.150,0.00
1007,Draw,0.240,0.363,0.142,0.141,0.00
1008,Runner,0.241,0.363,0.153,0.138,0.64
1009,Runner,0.242,0.363,0.168,0.150,0.80
1010,Draw,0.242,0.362,0.146,0.147,10.04
1011,Pursuer,0.241,0.363,0.140,0.140,0.00
1012,Pursuer,0.241,0.364,0.135,0.084,0.00
1013,Pursuer,0.241,0.364,0.142,0.136,0.00
1014,Runner,0.242,0.364,0.152,0.150,0.00
1015,Pursuer,0.241,0.365,0.145,0.154,0.00
1016,Runner,0.242,0.364,0.148,0.142,2.94
1017,Pursuer,0.242,0.365,0.090,0.041,0.00
1018,Pursuer,0.242,0.365,0.138,0.140,0.00
1019,Runner,0.242,0.365,0.113,0.148,0.22
1020,Pursuer,0.242,0.366,0.147,0.179,0.00
1021,Runner,0.243,0.365,0.128,0.132,3.34
1022,Runner,0.244,0.365,0.143,0.133,3.66
1023,Runner,0.244,0.365,0.145,0.159,4.94
1024,Runner,0.245,0.364,0.161,0.154,4.48
1025,Runner,0.246,0.364,0.102,0.137,0.00
1026,Pursuer,0.246,0.365,0.132,0.141,0.00
1027,Pursuer,0.245,0.365,0.157,0.147,0.00
1028,Pursuer,0.245,0.366,0.131,0.154,0.00
1029,Pursuer,0.245,0.366,0.154,0.158,0.00
1030,Pursuer,0.245,0.367,0.128,0.136,0.00
1031,Pursuer,0.244,0.368,0.160,0.132,0.00
1032,Pursuer,0.244,0.368,0.153,0.145,0.00
1033,Pursuer,0.244,0.369,0.139,0.140,0.00
1034,Runner,0.245,0.368,0.145,0.148,2.20
1035,Runner,0.245,0.368,0.130,0.148,5.58
1036,Pursuer,0.245,0.369,0.155,0.148,0.00
1037,Pursuer,0.245,0.369,0.146,0.134,0.00
1038,Pursuer,0.245,0.370,0.168,0.146,0.00
1039,Pursuer,0.244,0.371,0.115,0.127,0.00
1040,Runner,0.245,0.370,0.156,0.132,0.00
1041,Pursuer,0.245,0.371,0.182,0.147,0.00
1042,Pursuer,0.245,0.371,0.138,0.138,0.00
1043,Pursuer,0.244,0.372,0.143,0.134,0.00
1044,Runner,0.245,0.372,0.143,0.147,0.00
1045,Runner,0.246,0.371,0.146,0.143,2.70
1046,Runner,0.247,0.371,0.138,0.141,3.80
1047,Runner,0.247,0.371,0.139,0.154,3.20
1048,Runner,0.248,0.370,0.149,0.166,0.58
1049,Runner,0.249,0.370,0.133,0.153,4.02
1050,Pursuer,0.249,0.370,0.136,0.132,0.00
1051,Runner,0.249,0.370,0.162,0.154,5.30
1052,Pursuer,0.249,0.371,0.134,0.114,0.00
1053,Runner,0.250,0.370,0.155,0.154,2.20
1054,Pursuer,0.250,0.371,0.141,0.151,0.00
1055,Runner,0.250,0.371,0.173,0.133,0.00
1056,Runner,0.251,0.370,0.162,0.144,4.30
1057,Pursuer,0.251,0.371,0.157,0.150,0.00
1058,Runner,0.251,0.371,0.137,0.174,3.80
1059,Pursuer,0.251,0.371,0.143,0.155,0.00
1060,Pursuer,0.251,0.372,0.152,0.156,0.00
1061,Runner,0.252,0.371,0.148,0.147,0.00
1062,Pursuer,0.251,0.372,0.232,0.133,0.00
1063,Runner,0.252,0.372,0.129,0.142,6.78
1064,Pursuer,0.252,0.372,0.154,0.150,0.00
1065,Draw,0.252,0.372,0.150,0.153,14.74
1066,Runner,0.252,0.371,0.132,0.154,1.80
1067,Pursuer,0.252,0.372,0.145,0.119,0.00
1068,Runner,0.253,0.372,0.162,0.147,0.00
1069,Runner,0.254,0.371,0.126,0.132,0.00
1070,Pursuer,0.253,0.372,0.137,0.154,0.00
1071,Draw,0.253,0.372,0.148,0.149,19.98
1072,Draw,0.253,0.371,0.154,0.135,0.00
1073,Pursuer,0.253,0.372,0.135,0.142,0.00
1074,Pursuer,0.252,0.372,0.155,0.147,0.00
1075,Runner,0.253,0.372,0.133,0.137,3.92
1076,Runner,0.254,0.372,0.134,0.159,0.00
1077,Runner,0.254,0.371,0.132,0.127,0.00
1078,Pursuer,0.254,0.372,0.154,0.147,0.00
1079,Runner,0.255,0.372,0.158,0.152,0.00
1080,Pursuer,0.255,0.372,0.313,0.184,0.00
1081,Pursuer,0.254,0.373,0.125,0.156,0.00
1082,Runner,0.255,0.372,0.149,0.148,9.50
1083,Runner,0.256,0.372,0.138,0.138,2.98
1084,Pursuer,0.256,0.373,0.141,0.141,0.00
1085,Pursuer,0.255,0.373,0.159,0.146,0.00
1086,Runner,0.256,0.373,0.147,0.135,1.20
1087,Pursuer,0.256,0.374,0.155,0.158,0.00
1088,Pursuer,0.256,0.374,0.159,0.137,0.00
1089,Pursuer,0.255,0.375,0.130,0.152,0.00
1090,Runner,0.256,0.374,0.140,0.151,2.76
1091,Runner,0.257,0.374,0.151,0.147,0.00
1092,Runner,0.257,0.374,0.147,0.142,0.00
1093,Runner,0.258,0.373,0.144,0.153,5.88
1094,Pursuer,0.258,0.374,0.276,0.863,0.00
1095,Runner,0.258,0.374,0.151,0.176,0.00
1096,Draw,0.258,0.373,0.155,0.148,9.30
1097,Runner,0.259,0.373,0.155,0.131,10.32
1098,Pursuer,0.259,0.373,0.144,0.142,0.00
1099,Runner,0.259,0.373,0.154,0.122,0.08
1100,Runner,0.260,0.373,0.145,0.141,2.46
1101,Runner,0.261,0.372,0.178,0.167,3.32
1102,Runner,0.261,0.372,0.157,0.159,1.28
1103,Runner,0.262,0.372,0.154,0.150,5.86
1104,Pursuer,0.262,0.372,0.161,0.158,0.00
1105,Draw,0.262,0.372,0.162,0.152,13.50
1106,Runner,0.262,0.372,0.138,0.157,7.16
1107,Pursuer,0.262,0.372,0.160,0.139,0.00
1108,Runner,0.263,0.372,0.159,0.148,3.26
1109,Pursuer,0.262,0.372,0.139,0.142,0.00
1110,Runner,0.263,0.372,0.162,0.161,0.00
1111,Pursuer,0.263,0.373,0.144,0.154,0.00
1112,Runner,0.263,0.372,0.150,0.158,0.00
1113,Pursuer,0.263,0.373,0.121,0.157,0.00
1114,Runner,0.264,0.373,0.133,0.129,0.00
1115,Runner,0.265,0.372,0.148,0.108,1.02
1116,Runner,0.265,0.372,0.164,0.140,3.26
1117,Draw,0.265,0.372,0.146,0.158,11.26
1118,Pursuer,0.265,0.372,0.135,0.150,0.00
1119,Pursuer,0.265,0.373,0.048,0.094,0.00
1120,Runner,0.265,0.372,0.151,0.128,6.30
1121,Pursuer,0.265,0.373,0.142,0.166,0.00
1122,Pursuer,0.265,0.373,0.146,0.167,0.00
1123,Runner,0.265,0.373,0.140,0.152,7.44
1124,Pursuer,0.265,0.374,0.141,0.139,0.00
1125,Pursuer,0.265,0.374,0.128,0.138,0.00
1126,Runner,0.266,0.374,0.000,0.000,0.00
1127,Pursuer,0.265,0.374,0.146,0.113,0.00
1128,Pursuer,0.265,0.375,0.149,0.118,0.00
1129,Pursuer,0.265,0.376,0.225,0.108,0.00
1130,Runner,0.265,0.375,0.149,0.151,0.00
1131,Pursuer,0.265,0.376,0.133,0.144,0.00
1132,Runner,0.266,0.375,0.148,0.143,0.00
1133,Pursuer,0.266,0.376,0.132,0.575,0.00
1134,Runner,0.266,0.376,0.131,0.150,0.00
1135,Pursuer,0.266,0.376,0.143,0.152,0.00
1136,Pursuer,0.266,0.377,0.155,0.151,0.00
1137,Pursuer,0.266,0.377,0.144,0.144,0.00
1138,Pursuer,0.265,0.378,0.101,0.137,0.00
1139,Runner,0.266,0.378,0.158,0.140,4.46
1140,Runner,0.267,0.377,0.135,0.141,1.06
1141,Pursuer,0.266,0.378,0.144,0.156,0.00
1142,Runner,0.267,0.377,0.132,0.165,1.36
1143,Draw,0.267,0.377,0.141,0.159,16.28
1144,Pursuer,0.267,0.378,0.137,0.131,0.00
1145,Pursuer,0.266,0.378,0.154,0.187,0.00
1146,Runner,0.267,0.378,0.169,0.163,0.00
1147,Runner,0.268,0.378,0.139,0.146,1.44
1148,Draw,0.267,0.377,0.135,0.151,15.36
1149,Runner,0.268,0.377,0.126,0.161,0.00
1150,Pursuer,0.268,0.377,0.149,0.138,0.00
1151,Runner,0.268,0.377,0.151,0.140,3.40
1152,Pursuer,0.268,0.378,0.180,0.156,0.00
1153,Runner,0.269,0.377,0.147,0.141,3.58
1154,Pursuer,0.269,0.378,0.118,0.043,0.00
1155,Draw,0.268,0.377,0.148,0.138,3.50
1156,Draw,0.268,0.377,0.147,0.150,9.48
1157,Runner,0.269,0.377,0.144,0.179,0.00
1158,Pursuer,0.269,0.377,0.136,0.132,0.00
1159,Pursuer,0.268,0.378,0.147,0.151,0.00
1160,Draw,0.268,0.378,0.143,0.144,10.42
1161,Pursuer,0.268,0.378,0.155,0.155,0.00
1162,Pursuer,0.268,0.379,0.154,0.161,0.00
1163,Runner,0.268,0.378,0.155,0.142,4.70
1164,Runner,0.269,0.378,0.142,0.133,0.00
1165,Runner,0.270,0.378,0.141,0.147,3.34
1166,Pursuer,0.269,0.378,0.160,0.141,0.00
1167,Draw,0.269,0.378,0.148,0.154,6.42
1168,Runner,0.270,0.378,0.136,0.153,4.96
1169,Pursuer,0.269,0.378,0.162,0.146,0.00
1170,Pursuer,0.269,0.379,0.153,0.139,0.00
1171,Draw,0.269,0.378,0.141,0.150,6.92
1172,Pursuer,0.269,0.379,0.134,0.155,0.00
1173,Pursuer,0.269,0.379,0.033,0.024,0.00
1174,Pursuer,0.268,0.380,0.144,0.134,0.00
1175,Runner,0.269,0.380,0.142,0.138,1.70
1176,Pursuer,0.269,0.380,0.149,0.158,0.00
1177,Runner,0.269,0.380,0.118,0.122,1.46
1178,Pursuer,0.269,0.380,0.120,0.170,0.00
1179,Pursuer,0.269,0.381,0.122,0.142,0.00
1180,Pursuer,0.269,0.381,0.154,0.132,0.00
1181,Pursuer,0.268,0.382,0.148,0.149,0.00
1182,Pursuer,0.268,0.382,0.127,0.168,0.00
1183,Runner,0.269,0.382,0.151,0.146,0.00
1184,Pursuer,0.269,0.383,0.132,0.138,0.00
1185,Runner,0.269,0.382,0.114,0.107,0.00
1186,Pursuer,0.269,0.383,0.148,0.161,0.00
1187,Runner,0.270,0.382,0.152,0.135,0.00
1188,Runner,0.270,0.382,0.161,0.148,0.00
1189,Pursuer,0.270,0.383,0.162,0.162,0.00
1190,Runner,0.271,0.382,0.169,0.166,1.62
1191,Pursuer,0.270,0.383,0.187,0.162,0.00
1192,Draw,0.270,0.383,0.150,0.158,6.00
1193,Pursuer,0.270,0.383,0.147,0.147,0.00
1194,Draw,0.270,0.383,0.150,0.149,0.00
1195,Runner,0.270,0.382,0.147,0.155,2.82
1196,Runner,0.271,0.382,0.126,0.146,0.12
1197,Draw,0.271,0.382,0.140,0.152,0.00
1198,Draw,0.270,0.381,0.156,0.153,19.98
1199,Pursuer,0.270,0.382,0.172,0.154,0.00
1200,Pursuer,0.270,0.383,0.158,0.108,0.00
1201,Pursuer,0.270,0.383,0.125,0.152,0.00
1202,Pursuer,0.270,0.384,0.143,0.180,0.00
1203,Pursuer,0.269,0.384,0.141,0.154,0.00
1204,Pursuer,0.269,0.385,0.156,0.142,0.00
1205,Runner,0.270,0.384,0.153,0.168,0.00
1206,Runner,0.270,0.384,0.151,0.138,5.08
1207,Pursuer,0.270,0.384,0.156,0.139,0.00
1208,Draw,0.270,0.384,0.136,0.149,19.98
1209,Draw,0.270,0.384,0.148,0.146,14.00
1210,Draw,0.269,0.383,0.147,0.152,0.00
1211,Runner,0.270,0.383,0.130,0.144,1.54
1212,Runner,0.271,0.383,0.153,0.147,0.00
1213,Runner,0.271,0.383,0.157,0.135,1.92
1214,Pursuer,0.271,0.383,0.153,0.135,0.00
1215,Runner,0.272,0.383,0.157,0.137,0.00
1216,Runner,0.272,0.382,0.140,0.148,0.00
1217,Pursuer,0.272,0.383,0.149,0.129,0.00
1218,Pursuer,0.272,0.383,0.138,0.164,0.00
1219,Runner,0.272,0.383,0.112,0.136,1.34
1220,Pursuer,0.272,0.384,0.166,0.141,0.00
1221,Runner,0.273,0.383,0.136,0.136,0.00
1222,Pursuer,0.273,0.384,0.174,0.145,0.00
1223,Pursuer,0.272,0.384,0.151,0.156,0.00
1224,Runner,0.273,0.384,0.189,0.156,0.00
1225,Runner,0.273,0.384,0.152,0.139,0.00
1226,Pursuer,0.273,0.384,0.121,0.158,0.00
1227,Runner,0.274,0.384,0.152,0.169,0.24
1228,Draw,0.274,0.384,0.146,0.144,10.40
1229,Pursuer,0.273,0.384,0.136,0.185,0.00
1230,Pursuer,0.273,0.385,0.160,0.147,0.00
1231,Runner,0.274,0.384,0.144,0.150,3.34
1232,Draw,0.274,0.384,0.150,0.164,13.66
1233,Pursuer,0.273,0.384,0.118,0.139,0.00
1234,Pursuer,0.273,0.385,0.122,0.140,0.00
1235,Pursuer,0.273,0.385,0.149,0.140,0.00
1236,Runner,0.273,0.385,0.139,0.162,0.00
1237,Pursuer,0.273,0.386,0.156,0.156,0.00
1238,Runner,0.274,0.385,0.140,0.164,4.50
1239,Runner,0.274,0.385,0.130,0.133,0.00
1240,Pursuer,0.274,0.385,0.168,0.143,0.00
1241,Runner,0.275,0.385,0.159,0.128,0.00
1242,Pursuer,0.275,0.386,0.116,0.229,0.00
1243,Pursuer,0.274,0.386,0.143,0.145,0.00
1244,Runner,0.275,0.386,0.150,0.141,11.76
1245,Pursuer,0.275,0.386,0.115,0.209,0.00
1246,Pursuer,0.274,0.387,0.112,0.153,0.00
1247,Runner,0.275,0.387,0.151,0.160,6.40
1248,Pursuer,0.275,0.387,0.270,0.091,0.00
1249,Runner,0.275,0.387,0.141,0.145,6.56
1250,Pursuer,0.275,0.387,0.141,0.123,0.00
1251,Draw,0.275,0.387,0.138,0.146,16.42
1252,Pursuer,0.275,0.387,0.146,0.154,0.00
1253,Draw,0.275,0.387,0.157,0.147,3.78
1254,Draw,0.274,0.387,0.143,0.144,0.00
1255,Runner,0.275,0.386,0.151,0.157,0.00
1256,Pursuer,0.275,0.387,0.133,0.135,0.00
1257,Pursuer,0.274,0.387,0.140,0.152,0.00
1258,Runner,0.275,0.387,0.130,0.152,0.00
1259,Runner,0.276,0.387,0.139,0.142,9.76
1260,Pursuer,0.275,0.387,0.176,0.187,0.00
1261,Pursuer,0.275,0.388,0.144,0.149,0.00
1262,Runner,0.276,0.387,0.159,0.125,4.36
1263,Pursuer,0.276,0.388,0.148,0.153,0.00
1264,Pursuer,0.275,0.388,0.126,0.184,0.00
1265,Pursuer,0.275,0.389,0.148,0.169,0.00
1266,Pursuer,0.275,0.389,0.147,0.140,0.00
1267,Pursuer,0.275,0.390,0.166,0.154,0.00
1268,Pursuer,0.274,0.390,0.159,0.143,0.00
1269,Draw,0.274,0.390,0.140,0.154,5.04
1270,Pursuer,0.274,0.391,0.136,0.155,0.00
1271,Draw,0.274,0.390,0.146,0.149,17.20
1272,Runner,0.274,0.390,0.148,0.119,0.00
1273,Pursuer,0.274,0.390,0.143,0.124,0.00
1274,Runner,0.275,0.390,0.160,0.137,0.00
1275,Pursuer,0.275,0.391,0.143,0.149,0.00
1276,Runner,0.275,0.390,0.151,0.146,1.74
1277,Draw,0.275,0.390,0.153,0.147,0.00
1278,Runner,0.275,0.390,0.143,0.149,0.00
1279,Pursuer,0.275,0.390,0.147,0.146,0.00
1280,Pursuer,0.275,0.391,0.052,0.210,0.00
1281,Runner,0.276,0.390,0.139,0.160,0.00
1282,Runner,0.276,0.390,0.137,0.138,1.40
1283,Pursuer,0.276,0.390,0.146,0.139,0.00
1284,Pursuer,0.276,0.391,0.133,0.134,0.00
1285,Pursuer,0.275,0.391,0.188,0.119,0.00
1286,Runner,0.276,0.391,0.122,0.145,0.00
1287,Pursuer,0.276,0.392,0.173,0.118,0.00
1288,Runner,0.276,0.391,0.139,0.143,0.00
1289,Pursuer,0.276,0.392,0.168,0.184,0.00
1290,Pursuer,0.276,0.392,0.154,0.147,0.00
1291,Pursuer,0.276,0.393,0.074,0.082,0.00
1292,Runner,0.276,0.392,0.155,0.125,0.00
1293,Pursuer,0.276,0.393,0.143,0.173,0.00
1294,Draw,0.276,0.393,0.141,0.145,1.58
1295,Pursuer,0.276,0.393,0.141,0.125,0.00
1296,Runner,0.276,0.393,0.000,0.000,0.00
1297,Pursuer,0.276,0.393,0.000,0.000,0.00
1298,Runner,0.277,0.393,0.000,0.000,0.00
1299,Runner,0.277,0.393,0.144,0.148,0.84
1300,Pursuer,0.277,0.393,0.174,0.139,0.00
1301,Runner,0.277,0.393,0.144,0.131,1.70
1302,Pursuer,0.277,0.393,0.149,0.142,0.00
1303,Runner,0.278,0.393,0.177,0.156,0.00
1304,Pursuer,0.278,0.393,0.158,0.142,0.00
1305,Runner,0.278,0.393,0.131,0.168,5.90
1306,Runner,0.279,0.393,0.132,0.156,0.00
1307,Pursuer,0.279,0.393,0.142,0.148,0.00
1308,Runner,0.279,0.393,0.147,0.151,0.00
1309,Pursuer,0.279,0.393,0.148,0.142,0.00
1310,Runner,0.279,0.393,0.122,0.316,0.00
1311,Runner,0.280,0.393,0.156,0.148,2.04
1312,Pursuer,0.280,0.393,0.132,0.150,0.00
1313,Runner,0.280,0.393,0.000,0.000,0.00
1314,Pursuer,0.280,0.393,0.155,0.139,0.00
1315,Runner,0.281,0.393,0.142,0.139,0.00
1316,Runner,0.281,0.393,0.153,0.137,1.44
1317,Runner,0.282,0.393,0.153,0.149,2.54
1318,Runner,0.282,0.392,0.150,0.153,7.48
1319,Pursuer,0.282,0.393,0.154,0.122,0.00
1320,Pursuer,0.282,0.393,0.145,0.146,0.00
1321,Pursuer,0.282,0.394,0.121,0.167,0.00
1322,Runner,0.282,0.393,0.195,0.138,0.00
1323,Runner,0.283,0.393,0.149,0.162,0.00
1324,Runner,0.283,0.393,0.346,0.080,0.06
1325,Draw,0.283,0.392,0.137,0.138,1.74
1326,Pursuer,0.283,0.393,0.148,0.168,0.00
1327,Runner,0.283,0.393,0.155,0.155,0.00
1328,Runner,0.284,0.392,0.135,0.138,0.00
1329,Pursuer,0.284,0.393,0.165,0.245,0.00
1330,Pursuer,0.283,0.393,0.154,0.147,0.00
1331,Draw,0.283,0.393,0.142,0.145,18.20
1332,Pursuer,0.283,0.393,0.103,0.159,0.00
1333,Pursuer,0.283,0.394,0.144,0.156,0.00
1334,Runner,0.283,0.394,0.151,0.136,2.26
1335,Pursuer,0.283,0.394,0.152,0.154,0.00
1336,Runner,0.284,0.394,0.138,0.156,6.64
1337,Draw,0.283,0.393,0.146,0.154,16.30
1338,Draw,0.283,0.393,0.145,0.150,11.86
1339,Runner,0.284,0.393,0.137,0.164,0.80
1340,Runner,0.284,0.393,0.170,0.151,3.22
1341,Runner,0.285,0.392,0.135,0.144,0.02
1342,Runner,0.285,0.392,0.144,0.151,8.10
1343,Draw,0.285,0.392,0.147,0.143,17.98
1344,Runner,0.286,0.391,0.136,0.148,2.20
1345,Runner,0.286,0.391,0.161,0.151,16.76
1346,Runner,0.287,0.391,0.145,0.138,0.00
1347,Draw,0.287,0.390,0.154,0.141,16.52
1348,Runner,0.287,0.390,0.161,0.137,0.00
1349,Pursuer,0.287,0.391,0.094,0.133,0.00
1350,Runner,0.287,0.390,0.146,0.146,0.00
1351,Runner,0.288,0.390,0.152,0.144,0.00
1352,Pursuer,0.288,0.391,0.142,0.138,0.00
1353,Pursuer,0.288,0.391,0.201,0.146,0.00
1354,Pursuer,0.287,0.391,0.148,0.140,0.00
1355,Pursuer,0.287,0.392,0.159,0.136,0.00
1356,Draw,0.287,0.392,0.155,0.146,12.94
1357,Runner,0.287,0.391,0.140,0.141,0.78
1358,Pursuer,0.287,0.392,0.205,0.141,0.00
1359,Runner,0.288,0.391,0.161,0.144,0.00
1360,Pursuer,0.288,0.392,0.104,0.087,0.00
1361,Runner,0.288,0.392,0.157,0.140,0.00
1362,Pursuer,0.288,0.392,0.161,0.141,0.00
1363,Pursuer,0.288,0.393,0.134,0.146,0.00
1364,Pursuer,0.287,0.393,0.153,0.136,0.00
1365,Runner,0.288,0.393,0.140,0.145,3.74
1366,Pursuer,0.288,0.393,0.158,0.128,0.00
1367,Runner,0.288,0.393,0.154,0.134,0.00
1368,Pursuer,0.288,0.393,0.153,0.147,0.00
1369,Pursuer,0.288,0.394,0.131,0.126,0.00
1370,Runner,0.288,0.393,0.000,0.000,0.00
1371,Pursuer,0.288,0.394,0.149,0.150,0.00
1372,Runner,0.289,0.394,0.154,0.129,0.00
1373,Runner,0.289,0.393,0.148,0.133,0.00
1374,Pursuer,0.289,0.394,0.168,0.147,0.00
1375,Pursuer,0.289,0.394,0.153,0.148,0.00
1376,Pursuer,0.289,0.395,0.153,0.141,0.00
1377,Pursuer,0.288,0.395,0.147,0.143,0.00
1378,Runner,0.289,0.395,0.149,0.165,1.04
1379,Draw,0.289,0.394,0.154,0.144,15.94
1380,Pursuer,0.288,0.395,0.162,0.152,0.00
1381,Pursuer,0.288,0.395,0.143,0.134,0.00
1382,Runner,0.289,0.395,0.156,0.169,1.78
1383,Runner,0.289,0.395,0.166,0.166,2.54
1384,Pursuer,0.289,0.395,0.169,0.156,0.00
1385,Pursuer,0.289,0.396,0.140,0.170,0.00
1386,Pursuer,0.289,0.396,0.149,0.153,0.00
1387,Pursuer,0.288,0.397,0.142,0.111,0.00
1388,Runner,0.289,0.396,0.156,0.167,4.84
1389,Runner,0.289,0.396,0.137,0.140,0.00
1390,Runner,0.290,0.396,0.118,0.159,3.78
1391,Pursuer,0.290,0.396,0.156,0.115,0.00
1392,Pursuer,0.290,0.397,0.153,0.152,0.00
1393,Pursuer,0.289,0.397,0.152,0.149,0.00
1394,Pursuer,0.289,0.397,0.170,0.161,0.00
1395,Runner,0.290,0.397,0.161,0.153,0.00
1396,Pursuer,0.289,0.398,0.154,0.150,0.00
1397,Pursuer,0.289,0.398,0.146,0.142,0.00
1398,Runner,0.290,0.398,0.140,0.170,5.52
1399,Pursuer,0.289,0.398,0.137,0.142,0.00
1400,Runner,0.290,0.398,0.148,0.150,3.64
1401,Pursuer,0.290,0.398,0.000,0.000,0.00
1402,Pursuer,0.290,0.399,0.180,0.145,0.00
1403,Pursuer,0.289,0.399,0.136,0.134,0.00
1404,Pursuer,0.289,0.400,0.158,0.155,0.00
1405,Runner,0.290,0.399,0.145,0.140,12.94
1406,Pursuer,0.289,0.400,0.139,0.130,0.00
1407,Runner,0.290,0.399,0.158,0.144,0.00
1408,Pursuer,0.290,0.400,0.154,0.156,0.00
1409,Pursuer,0.290,0.400,0.151,0.148,0.00
1410,Pursuer,0.289,0.401,0.143,0.121,0.00
1411,Runner,0.290,0.400,0.160,0.139,5.44
1412,Runner,0.290,0.400,0.124,0.139,5.12
1413,Pursuer,0.290,0.401,0.135,0.154,0.00
1414,Pursuer,0.290,0.401,0.102,0.175,0.00
1415,Pursuer,0.290,0.401,0.151,0.143,0.00
1416,Pursuer,0.290,0.402,0.119,0.160,0.00
1417,Runner,0.290,0.402,0.151,0.148,0.00
1418,Runner,0.291,0.401,0.147,0.131,1.32
1419,Runner,0.291,0.401,0.154,0.144,3.70
1420,Runner,0.292,0.401,0.131,0.137,0.00
1421,Runner,0.292,0.400,0.139,0.146,5.82
1422,Pursuer,0.292,0.401,0.173,0.157,0.00
1423,Pursuer,0.292,0.401,0.153,0.140,0.00
1424,Pursuer,0.291,0.402,0.131,0.155,0.00
1425,Pursuer,0.291,0.402,0.136,0.112,0.00
1426,Draw,0.291,0.402,0.146,0.142,9.50
1427,Pursuer,0.291,0.402,0.138,0.162,0.00
1428,Pursuer,0.291,0.403,0.173,0.120,0.00
1429,Pursuer,0.290,0.403,0.139,0.141,0.00
1430,Pursuer,0.290,0.403,0.131,0.154,0.00
1431,Pursuer,0.290,0.404,0.155,0.155,0.00
1432,Pursuer,0.290,0.404,0.154,0.146,0.00
1433,Runner,0.290,0.404,0.145,0.148,5.88
1434,Draw,0.290,0.404,0.149,0.149,15.34
1435,Draw,0.290,0.403,0.145,0.151,0.96
1436,Pursuer,0.290,0.404,0.137,0.171,0.00
1437,Runner,0.290,0.404,0.137,0.144,1.08
1438,Pursuer,0.290,0.404,0.146,0.162,0.00
1439,Runner,0.290,0.404,0.128,0.243,0.00
1440,Runner,0.291,0.403,0.117,0.145,1.26
1441,Pursuer,0.291,0.404,0.112,0.106,0.00
1442,Runner,0.291,0.404,0.120,0.153,2.92
1443,Pursuer,0.291,0.404,0.174,0.129,0.00
1444,Pursuer,0.291,0.404,0.137,0.150,0.00
1445,Pursuer,0.291,0.405,0.146,0.154,0.00
1446,Runner,0.291,0.405,0.129,0.149,0.42
1447,Runner,0.292,0.404,0.146,0.148,0.00
1448,Runner,0.292,0.404,0.137,0.142,2.32
1449,Pursuer,0.292,0.404,0.154,0.169,0.00
1450,Runner,0.292,0.404,0.136,0.146,0.02
1451,Pursuer,0.292,0.405,0.151,0.150,0.00
1452,Runner,0.293,0.404,0.138,0.152,0.00
1453,Draw,0.292,0.404,0.150,0.136,16.52
1454,Pursuer,0.292,0.404,0.168,0.158,0.00
1455,Runner,0.293,0.404,0.166,0.157,3.98
1456,Pursuer,0.293,0.405,0.123,0.151,0.00
1457,Runner,0.293,0.404,0.146,0.149,1.30
1458,Runner,0.294,0.404,0.141,0.160,0.02
1459,Pursuer,0.293,0.404,0.176,0.126,0.00
1460,Runner,0.294,0.404,0.150,0.159,1.72
1461,Runner,0.294,0.404,0.123,0.143,0.00
1462,Pursuer,0.294,0.404,0.000,0.000,0.00
1463,Pursuer,0.294,0.405,0.151,0.131,0.00
1464,Pursuer,0.294,0.405,0.150,0.134,0.00
1465,Pursuer,0.294,0.405,0.142,0.139,0.00
1466,Runner,0.294,0.405,0.151,0.168,0.00
1467,Runner,0.294,0.405,0.207,0.103,0.00
1468,Pursuer,0.294,0.405,0.147,0.144,0.00
1469,Pursuer,0.294,0.406,0.135,0.157,0.00
1470,Runner,0.295,0.405,0.278,0.745,0.00
1471,Runner,0.295,0.405,0.143,0.155,0.00
1472,Pursuer,0.295,0.406,0.000,0.000,0.00
1473,Pursuer,0.295,0.406,0.129,0.146,0.00
1474,Runner,0.295,0.406,0.136,0.145,3.08
1475,Pursuer,0.295,0.406,0.137,0.133,0.00
1476,Runner,0.295,0.406,0.106,0.140,0.00
1477,Runner,0.296,0.406,0.178,0.148,0.00
1478,Runner,0.296,0.405,0.170,0.157,0.00
1479,Runner,0.297,0.405,0.150,0.146,0.00
1480,Pursuer,0.297,0.405,0.146,0.151,0.00
1481,Pursuer,0.296,0.406,0.231,0.172,0.00
1482,Runner,0.297,0.406,0.149,0.151,5.40
1483,Pursuer,0.297,0.406,0.139,0.154,0.00
1484,Runner,0.297,0.406,0.000,0.000,0.02
1485,Runner,0.298,0.405,0.182,0.181,0.72
1486,Pursuer,0.297,0.406,0.122,0.129,0.00
1487,Runner,0.298,0.406,0.153,0.130,4.02
1488,Pursuer,0.298,0.406,0.140,0.145,0.00
1489,Runner,0.298,0.406,0.140,0.137,6.40
1490,Pursuer,0.298,0.406,0.146,0.155,0.00
1491,Runner,0.298,0.406,0.151,0.138,8.34
1492,Pursuer,0.298,0.406,0.139,0.142,0.00
1493,Pursuer,0.298,0.407,0.168,0.143,0.00
1494,Pursuer,0.298,0.407,0.138,0.151,0.00
1495,Runner,0.298,0.407,0.131,0.157,2.78
1496,Runner,0.299,0.406,0.145,0.148,0.00
1497,Draw,0.299,0.406,0.147,0.157,18.84
1498,Runner,0.299,0.406,0.140,0.136,0.00
1499,Runner,0.300,0.406,0.151,0.124,0.94
1500,Runner,0.300,0.405,0.148,0.144,0.00
1501,Pursuer,0.300,0.406,0.130,0.139,0.00
1502,Runner,0.300,0.405,0.145,0.137,3.48
1503,Pursuer,0.300,0.406,0.155,0.156,0.00
1504,Runner,0.301,0.406,0.168,0.157,3.32
1505,Pursuer,0.300,0.406,0.132,0.145,0.00
1506,Pursuer,0.300,0.406,0.146,0.145,0.00
1507,Runner,0.301,0.406,0.154,0.147,1.92
1508,Runner,0.301,0.406,0.135,0.180,0.00
1509,Pursuer,0.301,0.406,0.167,0.128,0.00
1510,Runner,0.301,0.406,0.170,0.138,0.02
1511,Runner,0.302,0.406,0.160,0.169,4.48
1512,Runner,0.302,0.405,0.120,0.143,4.72
1513,Pursuer,0.302,0.406,0.142,0.134,0.00
1514,Pursuer,0.302,0.406,0.190,0.116,0.00
1515,Pursuer,0.302,0.407,0.142,0.168,0.00
1516,Pursuer,0.301,0.407,0.158,0.143,0.00
1517,Pursuer,0.301,0.407,0.143,0.138,0.00
1518,Runner,0.302,0.407,0.137,0.141,7.56
1519,Runner,0.302,0.407,0.157,0.139,2.74
1520,Pursuer,0.302,0.407,0.127,0.129,0.00
1521,Runner,0.302,0.407,0.145,0.109,2.10
1522,Runner,0.303,0.407,0.154,0.150,10.74
1523,Pursuer,0.303,0.407,0.132,0.150,0.00
1524,Pursuer,0.302,0.407,0.146,0.150,0.00
1525,Runner,0.303,0.407,0.159,0.136,2.54
1526,Draw,0.303,0.407,0.148,0.154,4.00
1527,Pursuer,0.303,0.407,0.000,0.000,0.00
1528,Runner,0.303,0.407,0.161,0.141,0.72
1529,Pursuer,0.303,0.407,0.153,0.129,0.00
1530,Runner,0.303,0.407,0.147,0.148,0.00
1531,Runner,0.304,0.407,0.144,0.133,2.74
1532,Pursuer,0.304,0.407,0.158,0.153,0.00
1533,Runner,0.304,0.407,0.135,0.137,0.00
1534,Pursuer,0.304,0.407,0.152,0.139,0.00
1535,Runner,0.304,0.407,0.000,0.000,0.02
1536,Pursuer,0.304,0.408,0.160,0.161,0.00
1537,Runner,0.304,0.407,0.112,0.188,0.00
1538,Runner,0.305,0.407,0.141,0.146,0.00
1539,Runner,0.305,0.407,0.149,0.169,0.62
1540,Pursuer,0.305,0.407,0.149,0.144,0.00
1541,Pursuer,0.305,0.408,0.166,0.144,0.00
1542,Pursuer,0.305,0.408,0.158,0.141,0.00
1543,Runner,0.305,0.408,0.159,0.162,0.38
1544,Pursuer,0.305,0.408,0.134,0.148,0.00
1545,Runner,0.306,0.408,0.144,0.156,2.88
1546,Runner,0.306,0.408,0.125,0.141,3.78
1547,Pursuer,0.306,0.408,0.000,0.000,0.00
1548,Runner,0.306,0.408,0.144,0.135,1.06
1549,Pursuer,0.306,0.408,0.145,0.195,0.00
1550,Pursuer,0.306,0.408,0.149,0.159,0.00
1551,Runner,0.306,0.408,0.145,0.146,0.06
1552,Runner,0.307,0.408,0.141,0.159,6.14
1553,Pursuer,0.307,0.408,0.155,0.139,0.00
1554,Pursuer,0.306,0.409,0.149,0.141,0.00
1555,Draw,0.306,0.408,0.144,0.152,6.70
1556,Runner,0.307,0.408,0.000,0.000,0.00
1557,Draw,0.306,0.408,0.148,0.137,18.00
1558,Pursuer,0.306,0.408,0.109,0.118,0.00
1559,Runner,0.307,0.408,0.145,0.154,2.60
1560,Pursuer,0.306,0.408,0.000,0.000,0.00
1561,Pursuer,0.306,0.409,0.141,0.149,0.00
1562,Draw,0.306,0.408,0.148,0.144,0.00
1563,Runner,0.306,0.408,0.154,0.148,0.00
1564,Runner,0.307,0.408,0.135,0.141,1.54
1565,Pursuer,0.307,0.408,0.157,0.156,0.00
1566,Runner,0.307,0.408,0.129,0.150,0.00
1567,Pursuer,0.307,0.408,0.136,0.151,0.00
1568,Pursuer,0.307,0.409,0.125,0.142,0.00
1569,Runner,0.307,0.409,0.108,0.130,0.00
1570,Runner,0.308,0.408,0.160,0.155,6.50
1571,Runner,0.308,0.408,0.148,0.120,1.72
1572,Runner,0.309,0.408,0.157,0.121,1.52
1573,Draw,0.308,0.408,0.137,0.160,16.84
1574,Pursuer,0.308,0.408,0.145,0.147,0.00
1575,Pursuer,0.308,0.408,0.103,0.142,0.00
1576,Pursuer,0.308,0.409,0.155,0.136,0.00
1577,Pursuer,0.308,0.409,0.155,0.147,0.00
1578,Pursuer,0.307,0.409,0.158,0.147,0.00
1579,Runner,0.308,0.409,0.154,0.125,1.22
1580,Pursuer,0.308,0.409,0.000,0.000,0.00
1581,Draw,0.307,0.409,0.155,0.141,16.78
1582,Runner,0.308,0.409,0.159,0.130,6.62
1583,Runner,0.308,0.409,0.127,0.131,0.00
1584,Pursuer,0.308,0.409,0.163,0.137,0.00
1585,Runner,0.309,0.409,0.157,0.123,4.42
1586,Draw,0.308,0.409,0.147,0.150,18.48
1587,Runner,0.309,0.408,0.147,0.133,4.44
1588,Pursuer,0.309,0.409,0.146,0.113,0.00
1589,Pursuer,0.308,0.409,0.143,0.153,0.00
1590,Pursuer,0.308,0.409,0.149,0.171,0.00
1591,Runner,0.309,0.409,0.138,0.149,0.96
1592,Runner,0.309,0.409,0.156,0.132,1.02
1593,Pursuer,0.309,0.409,0.154,0.156,0.00
1594,Runner,0.309,0.409,0.153,0.130,0.00
1595,Runner,0.310,0.409,0.149,0.150,0.00
1596,Pursuer,0.310,0.409,0.163,0.165,0.00
1597,Pursuer,0.309,0.410,0.138,0.152,0.00
1598,Pursuer,0.309,0.410,0.155,0.139,0.00
1599,Runner,0.310,0.410,0.129,0.040,0.00
1600,Runner,0.310,0.409,0.138,0.151,2.04
1601,Pursuer,0.310,0.410,0.150,0.146,0.00
1602,Runner,0.310,0.409,0.147,0.131,0.00
1603,Pursuer,0.310,0.410,0.167,0.146,0.00
1604,Runner,0.310,0.410,0.165,0.148,0.00
1605,Pursuer,0.310,0.410,0.146,0.133,0.00
1606,Runner,0.311,0.410,0.122,0.114,0.00
1607,Pursuer,0.311,0.410,0.133,0.145,0.00
1608,Runner,0.311,0.410,0.144,0.134,0.62
1609,Pursuer,0.311,0.410,0.000,0.000,0.00
1610,Runner,0.311,0.410,0.150,0.160,0.00
1611,Pursuer,0.311,0.410,0.174,0.085,0.00
1612,Runner,0.311,0.410,0.145,0.154,0.04
1613,Runner,0.312,0.410,0.154,0.151,2.92
1614,Runner,0.312,0.410,0.138,0.146,0.92
1615,Pursuer,0.312,0.410,0.152,0.121,0.00
1616,Runner,0.313,0.410,0.119,0.132,1.70
1617,Pursuer,0.312,0.410,0.140,0.147,0.00
1618,Runner,0.313,0.410,0.177,0.165,2.58
1619,Pursuer,0.313,0.410,0.139,0.135,0.00
1620,Runner,0.313,0.410,0.144,0.171,3.66
1621,Runner,0.313,0.410,0.136,0.144,7.72
1622,Pursuer,0.313,0.410,0.160,0.148,0.00
1623,Runner,0.314,0.410,0.142,0.141,0.00
1624,Draw,0.313,0.409,0.137,0.146,12.84
1625,Runner,0.314,0.409,0.158,0.145,10.32
1626,Pursuer,0.314,0.410,0.145,0.149,0.00
1627,Pursuer,0.313,0.410,0.141,0.137,0.00
1628,Pursuer,0.313,0.410,0.153,0.169,0.00
1629,Pursuer,0.313,0.411,0.207,0.255,0.00
1630,Runner,0.313,0.410,0.156,0.158,3.46
1631,Runner,0.314,0.410,0.157,0.126,5.28
1632,Pursuer,0.314,0.411,0.148,0.151,0.00
1633,Runner,0.314,0.410,0.153,0.152,6.26
1634,Runner,0.315,0.410,0.128,0.132,3.06
1635,Runner,0.315,0.410,0.234,0.102,0.00
1636,Pursuer,0.315,0.410,0.140,0.147,0.00
1637,Runner,0.315,0.410,0.135,0.153,0.00
1638,Runner,0.316,0.410,0.132,0.147,6.94
1639,Draw,0.315,0.409,0.151,0.158,13.56
1640,Runner,0.316,0.409,0.143,0.127,0.00
1641,Pursuer,0.316,0.410,0.146,0.136,0.00
1642,Runner,0.316,0.409,0.153,0.194,0.00
1643,Runner,0.316,0.409,0.173,0.163,0.00
1644,Runner,0.317,0.409,0.147,0.152,2.34
1645,Runner,0.317,0.409,0.134,0.142,5.26
1646,Runner,0.318,0.408,0.140,0.151,2.44
1647,Runner,0.318,0.408,0.127,0.137,0.00
1648,Pursuer,0.318,0.408,0.150,0.149,0.00
1649,Pursuer,0.318,0.409,0.078,0.118,0.00
1650,Runner,0.318,0.408,0.152,0.162,0.00
1651,Runner,0.319,0.408,0.138,0.150,0.00
1652,Pursuer,0.318,0.409,0.131,0.156,0.00
1653,Pursuer,0.318,0.409,0.129,0.181,0.00
1654,Pursuer,0.318,0.409,0.154,0.137,0.00
1655,Runner,0.318,0.409,0.151,0.154,1.10
1656,Pursuer,0.318,0.409,0.159,0.103,0.00
1657,Pursuer,0.318,0.410,0.165,0.144,0.00
1658,Pursuer,0.318,0.410,0.139,0.131,0.00
1659,Runner,0.318,0.410,0.319,0.144,0.00
1660,Draw,0.318,0.410,0.143,0.138,8.98
1661,Runner,0.318,0.409,0.149,0.125,0.00
1662,Pursuer,0.318,0.410,0.129,0.133,0.00
1663,Runner,0.319,0.410,0.133,0.142,2.58
1664,Draw,0.319,0.409,0.139,0.141,0.34
1665,Runner,0.319,0.409,0.165,0.185,0.00
1666,Pursuer,0.319,0.409,0.156,0.165,0.00
1667,Pursuer,0.319,0.410,0.122,0.146,0.00
1668,Draw,0.318,0.409,0.144,0.152,0.00
1669,Pursuer,0.318,0.410,0.149,0.144,0.00
1670,Pursuer,0.318,0.410,0.156,0.179,0.00
1671,Pursuer,0.318,0.411,0.081,0.157,0.00
1672,Runner,0.318,0.410,0.165,0.130,0.00
1673,Runner,0.319,0.410,0.151,0.150,1.70
1674,Pursuer,0.318,0.410,0.137,0.154,0.00
1675,Runner,0.319,0.410,0.131,0.135,0.00
1676,Runner,0.319,0.410,0.150,0.116,0.00
1677,Pursuer,0.319,0.410,0.146,0.145,0.00
1678,Draw,0.319,0.410,0.150,0.154,19.98
1679,Pursuer,0.319,0.410,0.146,0.145,0.00
1680,Runner,0.319,0.410,0.186,0.125,0.00
1681,Pursuer,0.319,0.410,0.160,0.145,0.00
1682,Draw,0.319,0.410,0.142,0.166,17.46
1683,Pursuer,0.318,0.411,0.151,0.144,0.00
1684,Pursuer,0.318,0.411,0.135,0.120,0.00
1685,Pursuer,0.318,0.411,0.144,0.145,0.00
1686,Runner,0.319,0.411,0.155,0.181,0.00
1687,Pursuer,0.318,0.411,0.160,0.151,0.00
1688,Pursuer,0.318,0.412,0.144,0.144,0.00
1689,Runner,0.319,0.411,0.121,0.155,0.00
1690,Pursuer,0.318,0.412,0.146,0.162,0.00
1691,Runner,0.319,0.412,0.134,0.135,2.74
1692,Pursuer,0.319,0.412,0.142,0.155,0.00
1693,Pursuer,0.318,0.412,0.150,0.132,0.00
1694,Runner,0.319,0.412,0.141,0.140,0.54
1695,Runner,0.319,0.412,0.159,0.159,2.28
1696,Pursuer,0.319,0.412,0.145,0.122,0.00
1697,Pursuer,0.319,0.412,0.122,0.145,0.00
1698,Runner,0.319,0.412,0.146,0.148,5.84
1699,Pursuer,0.319,0.413,0.121,0.078,0.00
1700,Pursuer,0.319,0.413,0.150,0.153,0.00
1701,Runner,0.319,0.413,0.146,0.138,0.00
1702,Pursuer,0.319,0.413,0.145,0.149,0.00
1703,Pursuer,0.319,0.413,0.000,0.000,0.00
1704,Runner,0.319,0.413,0.147,0.178,0.00
1705,Draw,0.319,0.413,0.154,0.142,0.08
1706,Pursuer,0.319,0.413,0.155,0.170,0.00
1707,Draw,0.319,0.413,0.142,0.141,19.98
1708,Pursuer,0.319,0.413,0.153,0.140,0.00
1709,Pursuer,0.318,0.414,0.165,0.146,0.00
1710,Pursuer,0.318,0.414,0.133,0.162,0.00
1711,Runner,0.319,0.414,0.148,0.170,0.00
1712,Pursuer,0.318,0.414,0.130,0.145,0.00
1713,Pursuer,0.318,0.414,0.134,0.141,0.00
1714,Pursuer,0.318,0.415,0.146,0.141,0.00
1715,Runner,0.318,0.415,0.150,0.152,2.88
1716,Runner,0.319,0.414,0.137,0.168,0.00
1717,Draw,0.319,0.414,0.156,0.147,10.82
1718,Pursuer,0.318,0.414,0.146,0.145,0.00
1719,Runner,0.319,0.414,0.144,0.148,0.00
1720,Pursuer,0.319,0.415,0.134,0.149,0.00
1721,Runner,0.319,0.414,0.143,0.135,0.66
1722,Pursuer,0.319,0.415,0.134,0.173,0.00
1723,Runner,0.319,0.414,0.161,0.148,0.00
1724,Runner,0.320,0.414,0.124,0.162,0.00
1725,Pursuer,0.319,0.414,0.159,0.139,0.00
1726,Pursuer,0.319,0.415,0.048,0.101,0.00
1727,Pursuer,0.319,0.415,0.143,0.125,0.00
1728,Runner,0.319,0.415,0.096,0.120,0.00
1729,Pursuer,0.319,0.415,0.145,0.148,0.00
1730,Runner,0.320,0.415,0.140,0.160,3.16
1731,Runner,0.320,0.415,0.142,0.152,1.60
1732,Pursuer,0.320,0.415,0.145,0.143,0.00
1733,Pursuer,0.320,0.415,0.142,0.139,0.00
1734,Runner,0.320,0.415,0.143,0.135,1.58
1735,Pursuer,0.320,0.416,0.138,0.121,0.00
1736,Runner,0.320,0.415,0.161,0.148,5.20
1737,Pursuer,0.320,0.416,0.163,0.141,0.00
1738,Runner,0.320,0.415,0.134,0.143,0.00
1739,Pursuer,0.320,0.416,0.135,0.148,0.00
1740,Pursuer,0.320,0.416,0.159,0.168,0.00
1741,Pursuer,0.320,0.416,0.096,0.142,0.00
1742,Runner,0.320,0.416,0.160,0.107,0.00
1743,Runner,0.321,0.416,0.136,0.138,5.68
1744,Runner,0.321,0.416,0.129,0.147,2.36
1745,Pursuer,0.321,0.416,0.162,0.217,0.00
1746,Pursuer,0.321,0.416,0.114,0.155,0.00
1747,Runner,0.321,0.416,0.000,0.000,0.02
1748,Pursuer,0.321,0.416,0.142,0.117,0.00
1749,Pursuer,0.321,0.417,0.146,0.138,0.00
1750,Runner,0.321,0.417,0.134,0.155,0.00
1751,Runner,0.322,0.416,0.152,0.159,2.84
1752,Runner,0.322,0.416,0.122,0.183,0.00
1753,Runner,0.322,0.416,0.171,0.144,1.30
1754,Runner,0.323,0.416,0.132,0.151,1.02
1755,Pursuer,0.323,0.416,0.160,0.146,0.00
1756,Pursuer,0.322,0.416,0.147,0.129,0.00
1757,Draw,0.322,0.416,0.149,0.161,19.44
1758,Draw,0.322,0.416,0.167,0.143,7.42
1759,Runner,0.322,0.416,0.150,0.151,0.04
1760,Runner,0.323,0.415,0.145,0.145,4.60
1761,Pursuer,0.323,0.416,0.142,0.156,0.00
1762,Draw,0.322,0.415,0.142,0.156,17.02
1763,Pursuer,0.322,0.416,0.142,0.153,0.00
1764,Pursuer,0.322,0.416,0.145,0.133,0.00
1765,Pursuer,0.322,0.416,0.127,0.174,0.00
1766,Pursuer,0.322,0.417,0.152,0.167,0.00
1767,Draw,0.321,0.417,0.143,0.156,0.00
1768,Pursuer,0.321,0.417,0.167,0.148,0.00
1769,Pursuer,0.321,0.417,0.144,0.125,0.00
1770,Pursuer,0.321,0.418,0.107,0.091,0.00
1771,Runner,0.321,0.417,0.152,0.143,0.00
1772,Runner,0.322,0.417,0.148,0.143,0.00
1773,Runner,0.322,0.417,0.151,0.126,1.82
1774,Pursuer,0.322,0.417,0.124,0.087,0.00
1775,Draw,0.322,0.417,0.143,0.147,9.22
1776,Pursuer,0.322,0.417,0.142,0.156,0.00
1777,Pursuer,0.321,0.418,0.192,0.208,0.00
1778,Runner,0.322,0.417,0.143,0.159,0.00
1779,Runner,0.322,0.417,0.163,0.137,8.48
1780,Pursuer,0.322,0.417,0.129,0.237,0.00
1781,Draw,0.322,0.417,0.140,0.172,19.98
1782,Pursuer,0.322,0.418,0.145,0.138,0.00
1783,Pursuer,0.321,0.418,0.086,0.078,0.00
1784,Runner,0.322,0.418,0.139,0.139,3.98
1785,Pursuer,0.322,0.418,0.116,0.158,0.00
1786,Pursuer,0.321,0.418,0.150,0.138,0.00
1787,Draw,0.321,0.418,0.170,0.157,15.98
1788,Pursuer,0.321,0.418,0.000,0.000,0.00
1789,Runner,0.321,0.418,0.154,0.176,0.00
1790,Draw,0.321,0.418,0.142,0.150,16.42
1791,Draw,0.321,0.418,0.154,0.142,17.92
1792,Pursuer,0.321,0.418,0.114,0.136,0.00
1793,Pursuer,0.321,0.418,0.152,0.147,0.00
1794,Runner,0.321,0.418,0.149,0.150,0.00
1795,Pursuer,0.321,0.418,0.144,0.151,0.00
1796,Runner,0.321,0.418,0.131,0.141,0.58
1797,Pursuer,0.321,0.418,0.140,0.143,0.00
1798,Runner,0.321,0.418,0.118,0.141,0.00
1799,Pursuer,0.321,0.419,0.148,0.134,0.00
1800,Pursuer,0.321,0.419,0.143,0.128,0.00
1801,Pursuer,0.321,0.419,0.316,0.098,0.00
1802,Pursuer,0.321,0.420,0.140,0.138,0.00
1803,Runner,0.321,0.419,0.140,0.137,2.54
1804,Runner,0.322,0.419,0.143,0.158,0.00
1805,Pursuer,0.321,0.419,0.038,0.054,0.00
1806,Runner,0.322,0.419,0.145,0.135,7.18
1807,Runner,0.322,0.419,0.129,0.110,0.00
1808,Draw,0.322,0.419,0.137,0.162,15.42
1809,Runner,0.322,0.418,0.181,0.139,1.04
1810,Draw,0.322,0.418,0.148,0.154,3.92
1811,Runner,0.322,0.418,0.143,0.162,1.90
1812,Pursuer,0.322,0.418,0.144,0.153,0.00
1813,Pursuer,0.322,0.419,0.093,0.077,0.00
1814,Pursuer,0.322,0.419,0.147,0.149,0.00
1815,Runner,0.322,0.419,0.125,0.175,0.00
1816,Pursuer,0.322,0.419,0.120,0.103,0.00
1817,Draw,0.322,0.419,0.147,0.146,19.12
1818,Runner,0.322,0.419,0.150,0.146,5.90
1819,Pursuer,0.322,0.419,0.194,0.166,0.00
1820,Pursuer,0.322,0.419,0.148,0.146,0.00
1821,Pursuer,0.322,0.420,0.150,0.143,0.00
1822,Pursuer,0.322,0.420,0.164,0.157,0.00
1823,Runner,0.322,0.420,0.142,0.137,0.00
1824,Pursuer,0.322,0.420,0.132,0.142,0.00
1825,Draw,0.322,0.420,0.147,0.141,17.04
1826,Runner,0.322,0.419,0.114,0.125,0.00
1827,Runner,0.322,0.419,0.120,0.139,0.00
1828,Pursuer,0.322,0.420,0.164,0.146,0.00
1829,Runner,0.323,0.419,0.180,0.159,0.00
1830,Runner,0.323,0.419,0.122,0.090,0.00
1831,Runner,0.323,0.419,0.139,0.141,2.12
1832,Runner,0.324,0.419,0.075,0.135,0.00
1833,Pursuer,0.324,0.419,0.135,0.139,0.00
1834,Pursuer,0.323,0.419,0.151,0.137,0.00
1835,Runner,0.324,0.419,0.158,0.137,0.00
1836,Runner,0.324,0.419,0.121,0.138,7.42
1837,Runner,0.324,0.419,0.156,0.155,4.34
1838,Draw,0.324,0.418,0.150,0.157,15.80
1839,Runner,0.325,0.418,0.146,0.143,3.66
1840,Pursuer,0.324,0.418,0.153,0.160,0.00
1841,Runner,0.325,0.418,0.161,0.160,8.90
1842,Draw,0.325,0.418,0.146,0.141,0.00
1843,Pursuer,0.324,0.418,0.151,0.147,0.00
1844,Pursuer,0.324,0.419,0.148,0.140,0.00
1845,Pursuer,0.324,0.419,0.142,0.161,0.00
1846,Pursuer,0.324,0.419,0.153,0.158,0.00
1847,Runner,0.324,0.419,0.150,0.143,7.00
1848,Pursuer,0.324,0.419,0.156,0.137,0.00
1849,Runner,0.324,0.419,0.131,0.167,0.00
1850,Runner,0.325,0.419,0.144,0.134,0.00
1851,Runner,0.325,0.419,0.128,0.136,0.00
1852,Runner,0.326,0.418,0.124,0.158,0.00
1853,Runner,0.326,0.418,0.134,0.136,3.20
1854,Pursuer,0.326,0.419,0.152,0.131,0.00
1855,Pursuer,0.326,0.419,0.172,0.136,0.00
1856,Draw,0.325,0.419,0.154,0.162,8.50
1857,Pursuer,0.325,0.419,0.139,0.136,0.00
1858,Runner,0.326,0.419,0.148,0.156,0.12
1859,Runner,0.326,0.419,0.149,0.143,0.76
1860,Draw,0.326,0.418,0.129,0.152,14.42
1861,Pursuer,0.326,0.419,0.151,0.180,0.00
1862,Pursuer,0.325,0.419,0.113,0.116,0.00
1863,Runner,0.326,0.419,0.127,0.138,0.40
1864,Runner,0.326,0.418,0.136,0.192,0.00
1865,Runner,0.327,0.418,0.162,0.119,4.40
1866,Pursuer,0.326,0.419,0.000,0.000,0.00
1867,Runner,0.327,0.418,0.129,0.152,0.00
1868,Runner,0.327,0.418,0.140,0.137,0.00
1869,Pursuer,0.327,0.418,0.115,0.196,0.00
1870,Runner,0.327,0.418,0.171,0.137,0.00
1871,Draw,0.327,0.418,0.153,0.141,3.60
1872,Runner,0.327,0.418,0.152,0.126,0.00
1873,Pursuer,0.327,0.418,0.127,0.141,0.00
1874,Pursuer,0.327,0.418,0.133,0.133,0.00
1875,Runner,0.327,0.418,0.494,0.639,0.00
1876,Pursuer,0.327,0.418,0.000,0.000,0.00
1877,Runner,0.328,0.418,0.143,0.139,0.00
1878,Runner,0.328,0.418,0.163,0.137,0.14
1879,Runner,0.328,0.418,0.150,0.165,0.00
1880,Pursuer,0.328,0.418,0.129,0.125,0.00
1881,Runner,0.329,0.418,0.151,0.145,0.00
1882,Draw,0.328,0.418,0.152,0.135,0.00
1883,Pursuer,0.328,0.418,0.132,0.155,0.00
1884,Runner,0.329,0.418,0.181,0.132,0.00
1885,Draw,0.328,0.418,0.156,0.151,13.28
1886,Pursuer,0.328,0.418,0.138,0.154,0.00
1887,Runner,0.329,0.418,0.151,0.163,17.94
1888,Runner,0.329,0.417,0.151,0.135,3.06
1889,Runner,0.329,0.417,0.133,0.154,1.44
1890,Runner,0.330,0.417,0.181,0.125,0.00
1891,Pursuer,0.329,0.417,0.137,0.163,0.00
1892,Pursuer,0.329,0.418,0.132,0.145,0.00
1893,Runner,0.330,0.417,0.140,0.162,0.00
1894,Runner,0.330,0.417,0.138,0.147,2.82
1895,Pursuer,0.330,0.417,0.154,0.126,0.00
1896,Runner,0.330,0.417,0.175,0.172,2.80
1897,Runner,0.331,0.417,0.134,0.112,0.00
1898,Pursuer,0.330,0.417,0.116,0.144,0.00
1899,Runner,0.331,0.417,0.064,0.031,0.00
1900,Pursuer,0.331,0.417,0.153,0.173,0.00
1901,Pursuer,0.330,0.418,0.097,0.143,0.00
1902,Runner,0.331,0.417,0.148,0.129,6.44
1903,Runner,0.331,0.417,0.080,0.188,0.06
1904,Runner,0.331,0.417,0.135,0.147,3.08
1905,Pursuer,0.331,0.417,0.156,0.121,0.00
1906,Runner,0.332,0.417,0.159,0.119,1.48
1907,Pursuer,0.331,0.417,0.143,0.141,0.00
1908,Runner,0.332,0.417,0.152,0.137,0.00
1909,Runner,0.332,0.417,0.160,0.149,1.26
1910,Runner,0.332,0.417,0.141,0.154,0.00
1911,Runner,0.333,0.417,0.149,0.167,4.44
1912,Runner,0.333,0.416,0.142,0.178,5.10
1913,Pursuer,0.333,0.417,0.161,0.150,0.00
1914,Pursuer,0.333,0.417,0.147,0.155,0.00
1915,Runner,0.333,0.417,0.142,0.148,0.00
1916,Pursuer,0.333,0.417,0.000,0.000,0.00
1917,Runner,0.333,0.417,0.159,0.120,1.74
1918,Pursuer,0.333,0.417,0.000,0.000,0.00
1919,Pursuer,0.333,0.417,0.145,0.133,0.00
1920,Runner,0.333,0.417,0.155,0.134,0.00
1921,Runner,0.334,0.417,0.143,0.138,0.76
1922,Pursuer,0.334,0.417,0.150,0.147,0.00
1923,Pursuer,0.333,0.418,0.126,0.153,0.00
1924,Runner,0.334,0.417,0.123,0.139,0.00
1925,Pursuer,0.334,0.418,0.131,0.152,0.00
1926,Pursuer,0.333,0.418,0.159,0.156,0.00
1927,Runner,0.334,0.418,0.140,0.166,2.08
1928,Pursuer,0.334,0.418,0.153,0.134,0.00
1929,Runner,0.334,0.418,0.140,0.157,2.74
1930,Runner,0.334,0.418,0.141,0.162,2.66
1931,Runner,0.335,0.417,0.162,0.136,0.00
1932,Runner,0.335,0.417,0.119,0.155,0.46
1933,Pursuer,0.335,0.417,0.155,0.150,0.00
1934,Runner,0.335,0.417,0.000,0.000,0.02
1935,Runner,0.335,0.417,0.141,0.147,0.70
1936,Pursuer,0.335,0.417,0.132,0.146,0.00
1937,Pursuer,0.335,0.418,0.157,0.136,0.00
1938,Runner,0.335,0.417,0.135,0.168,1.14
1939,Pursuer,0.335,0.418,0.177,0.135,0.00
1940,Runner,0.336,0.418,0.168,0.145,0.62
1941,Runner,0.336,0.417,0.125,0.142,0.00
1942,Runner,0.336,0.417,0.118,0.160,4.00
1943,Runner,0.337,0.417,0.134,0.142,0.00
1944,Pursuer,0.336,0.417,0.123,0.115,0.00
1945,Draw,0.336,0.417,0.142,0.154,15.54
1946,Draw,0.336,0.417,0.148,0.145,18.42
1947,Pursuer,0.336,0.417,0.142,0.172,0.00
1948,Pursuer,0.336,0.417,0.092,0.193,0.00
1949,Pursuer,0.336,0.418,0.143,0.130,0.00
1950,Runner,0.336,0.417,0.141,0.164,3.10
1951,Runner,0.336,0.417,0.133,0.160,0.00
1952,Draw,0.336,0.417,0.151,0.151,18.56
1953,Draw,0.336,0.417,0.140,0.132,18.38
1954,Runner,0.336,0.417,0.131,0.161,1.60
1955,Runner,0.337,0.416,0.147,0.138,1.70
1956,Pursuer,0.336,0.417,0.148,0.146,0.00
1957,Runner,0.337,0.416,0.142,0.152,0.00
1958,Pursuer,0.337,0.417,0.142,0.134,0.00
1959,Runner,0.337,0.417,0.126,0.154,0.00
1960,Runner,0.337,0.416,0.127,0.141,0.00
1961,Pursuer,0.337,0.417,0.190,0.156,0.00
1962,Pursuer,0.337,0.417,0.162,0.137,0.00
1963,Runner,0.337,0.417,0.142,0.143,11.96
1964,Pursuer,0.337,0.417,0.126,0.163,0.00
1965,Runner,0.337,0.417,0.140,0.143,1.98
1966,Runner,0.338,0.417,0.138,0.144,0.94
1967,Runner,0.338,0.416,0.151,0.158,1.02
1968,Pursuer,0.338,0.417,0.159,0.161,0.00
1969,Runner,0.338,0.416,0.142,0.139,7.42
1970,Runner,0.339,0.416,0.135,0.082,0.00
1971,Runner,0.339,0.416,0.147,0.145,0.40
1972,Runner,0.339,0.416,0.153,0.149,4.66
1973,Pursuer,0.339,0.416,0.154,0.157,0.00
1974,Pursuer,0.339,0.416,0.140,0.135,0.00
1975,Runner,0.339,0.416,0.107,0.155,0.24
1976,Draw,0.339,0.416,0.149,0.145,0.00
1977,Runner,0.339,0.416,0.151,0.154,7.98
1978,Runner,0.340,0.416,0.142,0.168,0.06
1979,Pursuer,0.340,0.416,0.141,0.126,0.00
1980,Draw,0.339,0.416,0.144,0.149,8.14
1981,Pursuer,0.339,0.416,0.000,0.000,0.00
1982,Pursuer,0.339,0.416,0.127,0.141,0.00
1983,Runner,0.339,0.416,0.162,0.136,0.00
1984,Pursuer,0.339,0.416,0.143,0.105,0.00
1985,Pursuer,0.339,0.417,0.148,0.112,0.00
1986,Pursuer,0.339,0.417,0.143,0.163,0.00
1987,Draw,0.339,0.417,0.141,0.140,0.00
1988,Runner,0.339,0.416,0.146,0.152,0.00
1989,Draw,0.339,0.416,0.144,0.158,13.24
1990,Pursuer,0.339,0.417,0.151,0.141,0.00
1991,Runner,0.339,0.416,0.143,0.135,6.64
1992,Pursuer,0.339,0.417,0.112,0.106,0.00
1993,Runner,0.339,0.416,0.144,0.154,0.00
1994,Runner,0.340,0.416,0.128,0.128,0.00
1995,Pursuer,0.339,0.417,0.114,0.150,0.00
1996,Runner,0.340,0.416,0.117,0.167,0.00
1997,Pursuer,0.340,0.417,0.146,0.199,0.00
1998,Pursuer,0.339,0.417,0.154,0.180,0.00
1999,Runner,0.340,0.417,0.169,0.156,0.00
2000,Pursuer,0.340,0.417,0.143,0.158,0.00
2001,Pursuer,0.339,0.417,0.152,0.135,0.00
2002,Runner,0.340,0.417,0.000,0.000,0.00
2003,Runner,0.340,0.417,0.134,0.181,0.00
2004,Pursuer,0.340,0.417,0.139,0.140,0.00
2005,Pursuer,0.340,0.417,0.159,0.161,0.00
2006,Pursuer,0.339,0.418,0.165,0.142,0.00
2007,Runner,0.340,0.418,0.152,0.121,0.00
2008,Runner,0.340,0.417,0.155,0.153,0.00
2009,Pursuer,0.340,0.418,0.166,0.150,0.00
2010,Pursuer,0.340,0.418,0.162,0.121,0.00
2011,Draw,0.340,0.418,0.155,0.151,19.30
2012,Pursuer,0.339,0.418,0.113,0.148,0.00
2013,Runner,0.340,0.418,0.132,0.183,0.00
2014,Pursuer,0.340,0.418,0.137,0.154,0.00
2015,Pursuer,0.339,0.418,0.145,0.148,0.00
2016,Runner,0.340,0.418,0.188,0.139,0.00
2017,Runner,0.340,0.418,0.140,0.148,0.00
2018,Pursuer,0.340,0.418,0.135,0.135,0.00
2019,Pursuer,0.340,0.419,0.156,0.131,0.00
2020,Pursuer,0.340,0.419,0.194,0.177,0.00
2021,Runner,0.340,0.419,0.161,0.146,1.38
2022,Runner,0.340,0.418,0.137,0.141,2.04
2023,Runner,0.341,0.418,0.137,0.155,1.12
2024,Runner,0.341,0.418,0.209,0.155,0.00
2025,Runner,0.341,0.418,0.147,0.150,0.00
2026,Runner,0.342,0.418,0.156,0.140,6.96
2027,Pursuer,0.341,0.418,0.158,0.156,0.00
2028,Pursuer,0.341,0.418,0.146,0.145,0.00
2029,Runner,0.342,0.418,0.126,0.140,4.06
2030,Pursuer,0.341,0.418,0.136,0.131,0.00
2031,Pursuer,0.341,0.419,0.157,0.136,0.00
2032,Runner,0.342,0.418,0.194,0.167,0.00
2033,Pursuer,0.341,0.419,0.175,0.110,0.00
2034,Pursuer,0.341,0.419,0.097,0.114,0.00
2035,Pursuer,0.341,0.419,0.000,0.000,0.00
2036,Runner,0.341,0.419,0.157,0.185,0.72
2037,Runner,0.342,0.419,0.156,0.144,0.00
2038,Pursuer,0.342,0.419,0.142,0.151,0.00
2039,Runner,0.342,0.419,0.140,0.179,0.00
2040,Pursuer,0.342,0.419,0.138,0.111,0.00
2041,Pursuer,0.341,0.419,0.158,0.147,0.00
2042,Runner,0.342,0.419,0.177,0.141,0.90
2043,Draw,0.342,0.419,0.142,0.151,18.28
2044,Runner,0.342,0.419,0.132,0.141,3.74
2045,Draw,0.342,0.419,0.150,0.154,16.58
2046,Draw,0.342,0.418,0.155,0.151,18.12
2047,Runner,0.342,0.418,0.112,0.132,0.00
2048,Pursuer,0.342,0.418,0.000,0.000,0.00
2049,Runner,0.342,0.418,0.154,0.153,0.00
2050,Runner,0.342,0.418,0.744,0.092,0.00
2051,Pursuer,0.342,0.418,0.183,0.164,0.00
2052,Runner,0.343,0.418,0.158,0.140,0.00
2053,Runner,0.343,0.418,0.159,0.152,0.00
2054,Runner,0.343,0.418,0.152,0.161,7.04
2055,Pursuer,0.343,0.418,0.113,0.132,0.00
2056,Runner,0.343,0.418,0.154,0.137,0.00
2057,Pursuer,0.343,0.418,0.070,0.144,0.00
2058,Runner,0.344,0.418,0.141,0.157,0.00
2059,Pursuer,0.343,0.418,0.149,0.139,0.00
2060,Pursuer,0.343,0.418,0.159,0.134,0.00
2061,Runner,0.344,0.418,0.119,0.139,0.00
2062,Runner,0.344,0.418,0.117,0.122,0.00
2063,Runner,0.344,0.418,0.177,0.132,0.00
2064,Runner,0.344,0.418,0.144,0.199,0.00
2065,Runner,0.345,0.417,0.139,0.143,0.00
2066,Pursuer,0.345,0.418,0.122,0.149,0.00
2067,Runner,0.345,0.418,0.147,0.156,0.00
2068,Runner,0.345,0.417,0.122,0.164,0.56
2069,Pursuer,0.345,0.418,0.132,0.137,0.00
2070,Runner,0.345,0.417,0.163,0.156,0.00
2071,Draw,0.345,0.417,0.143,0.139,0.00
2072,Runner,0.346,0.417,0.134,0.154,2.26
2073,Runner,0.346,0.417,0.160,0.167,1.92
2074,Runner,0.346,0.417,0.139,0.154,6.22
2075,Draw,0.346,0.416,0.140,0.150,15.24
2076,Runner,0.346,0.416,0.143,0.135,0.00
2077,Pursuer,0.346,0.416,0.000,0.000,0.00
2078,Runner,0.346,0.416,0.146,0.145,11.02
2079,Pursuer,0.346,0.417,0.155,0.068,0.00
2080,Runner,0.347,0.416,0.133,0.148,4.80
2081,Pursuer,0.346,0.417,0.128,0.152,0.00
2082,Runner,0.347,0.416,0.144,0.172,0.00
2083,Pursuer,0.347,0.417,0.158,0.149,0.00
2084,Pursuer,0.346,0.417,0.175,0.112,0.00
2085,Draw,0.346,0.417,0.143,0.154,17.22
2086,Runner,0.347,0.417,0.151,0.139,0.68
2087,Draw,0.346,0.416,0.162,0.150,16.82
2088,Pursuer,0.346,0.417,0.000,0.000,0.00
2089,Runner,0.347,0.416,0.122,0.130,0.52
2090,Pursuer,0.346,0.417,0.122,0.110,0.00
2091,Runner,0.347,0.417,0.145,0.150,0.46
2092,Pursuer,0.347,0.417,0.125,0.152,0.00
2093,Runner,0.347,0.417,0.136,0.147,0.00
2094,Pursuer,0.347,0.417,0.127,0.121,0.00
2095,Runner,0.347,0.417,0.147,0.158,0.00
2096,Draw,0.347,0.417,0.148,0.141,19.16
2097,Pursuer,0.347,0.417,0.137,0.122,0.00
2098,Pursuer,0.347,0.417,0.122,0.167,0.00
2099,Pursuer,0.346,0.417,0.162,0.138,0.00
2100,Draw,0.346,0.417,0.144,0.146,17.14
2101,Pursuer,0.346,0.417,0.130,0.165,0.00
2102,Pursuer,0.346,0.418,0.124,0.193,0.00
2103,Runner,0.346,0.417,0.165,0.138,0.40
2104,Pursuer,0.346,0.418,0.129,0.145,0.00
2105,Pursuer,0.346,0.418,0.167,0.145,0.00
2106,Pursuer,0.346,0.418,0.148,0.116,0.00
2107,Runner,0.346,0.418,0.161,0.138,2.92
2108,Pursuer,0.346,0.418,0.133,0.174,0.00
2109,Draw,0.346,0.418,0.142,0.143,0.26
2110,Runner,0.346,0.418,0.155,0.157,2.68
2111,Pursuer,0.346,0.418,0.157,0.109,0.00
2112,Runner,0.346,0.418,0.138,0.154,0.00
2113,Pursuer,0.346,0.418,0.152,0.162,0.00
2114,Runner,0.346,0.418,0.138,0.152,0.00
2115,Runner,0.347,0.418,0.144,0.130,5.38
2116,Runner,0.347,0.418,0.136,0.146,5.36
2117,Runner,0.347,0.418,0.120,0.167,0.06
2118,Pursuer,0.347,0.418,0.152,0.154,0.00
2119,Runner,0.347,0.418,0.144,0.133,0.00
2120,Pursuer,0.347,0.418,0.149,0.141,0.00
2121,Pursuer,0.347,0.418,0.159,0.118,0.00
2122,Pursuer,0.347,0.418,0.094,0.121,0.00
2123,Runner,0.347,0.418,0.160,0.161,3.76
2124,Runner,0.347,0.418,0.140,0.149,0.00
2125,Runner,0.348,0.418,0.152,0.127,3.26
2126,Pursuer,0.348,0.418,0.147,0.139,0.00
2127,Pursuer,0.347,0.418,0.144,0.169,0.00
2128,Pursuer,0.347,0.419,0.088,0.244,0.00
2129,Runner,0.348,0.419,0.147,0.142,1.26
2130,Pursuer,0.347,0.419,0.157,0.156,0.00
2131,Runner,0.348,0.419,0.156,0.129,0.00
2132,Runner,0.348,0.418,0.120,0.137,3.60
2133,Runner,0.348,0.418,0.149,0.144,0.00
2134,Runner,0.349,0.418,0.133,0.142,0.62
2135,Pursuer,0.348,0.418,0.146,0.134,0.00
2136,Pursuer,0.348,0.419,0.134,0.123,0.00
2137,Runner,0.349,0.418,0.137,0.154,6.44
2138,Pursuer,0.348,0.419,0.148,0.123,0.00
2139,Pursuer,0.348,0.419,0.070,0.116,0.00
2140,Runner,0.349,0.419,0.151,0.144,2.04
2141,Runner,0.349,0.418,0.139,0.126,0.00
2142,Pursuer,0.349,0.419,0.156,0.117,0.00
2143,Runner,0.349,0.419,0.130,0.129,0.00
2144,Runner,0.349,0.418,0.144,0.144,0.00
2145,Pursuer,0.349,0.419,0.155,0.108,0.00
2146,Runner,0.349,0.418,0.152,0.126,1.42
2147,Pursuer,0.349,0.419,0.135,0.151,0.00
2148,Pursuer,0.349,0.419,0.126,0.159,0.00
2149,Pursuer,0.349,0.419,0.150,0.140,0.00
2150,Runner,0.349,0.419,0.144,0.153,3.50
2151,Pursuer,0.349,0.419,0.152,0.144,0.00
2152,Runner,0.349,0.419,0.155,0.156,0.40
2153,Runner,0.350,0.419,0.136,0.156,0.00
2154,Runner,0.350,0.419,0.147,0.147,2.72
2155,Pursuer,0.350,0.419,0.129,0.161,0.00
2156,Runner,0.350,0.419,0.130,0.135,1.38
2157,Runner,0.350,0.419,0.130,0.139,1.36
2158,Pursuer,0.350,0.419,0.152,0.150,0.00
2159,Pursuer,0.350,0.419,0.138,0.166,0.00
2160,Pursuer,0.350,0.419,0.154,0.137,0.00
2161,Pursuer,0.350,0.420,0.149,0.159,0.00
2162,Runner,0.350,0.420,0.133,0.148,0.28
2163,Pursuer,0.350,0.420,0.141,0.134,0.00
2164,Runner,0.350,0.420,0.107,0.158,0.00
2165,Runner,0.351,0.419,0.151,0.126,3.60
2166,Runner,0.351,0.419,0.145,0.141,0.00
2167,Pursuer,0.351,0.419,0.136,0.147,0.00
2168,Runner,0.351,0.419,0.141,0.146,0.00
2169,Runner,0.351,0.419,0.136,0.127,1.98
2170,Draw,0.351,0.419,0.152,0.160,0.00
2171,Pursuer,0.351,0.419,0.146,0.149,0.00
2172,Pursuer,0.351,0.419,0.151,0.179,0.00
2173,Runner,0.351,0.419,0.150,0.151,4.50
2174,Pursuer,0.351,0.420,0.030,0.144,0.00
2175,Pursuer,0.351,0.420,0.046,0.030,0.00
2176,Pursuer,0.351,0.420,0.138,0.153,0.00
2177,Runner,0.351,0.420,0.144,0.163,1.36
2178,Pursuer,0.351,0.420,0.130,0.137,0.00
2179,Draw,0.351,0.420,0.143,0.144,16.18
2180,Runner,0.351,0.420,0.140,0.158,2.68
2181,Runner,0.351,0.420,0.172,0.177,0.00
2182,Pursuer,0.351,0.420,0.150,0.137,0.00
2183,Pursuer,0.351,0.420,0.139,0.153,0.00
2184,Runner,0.351,0.420,0.138,0.138,3.20
2185,Draw,0.351,0.420,0.142,0.141,19.02
2186,Runner,0.351,0.419,0.135,0.184,0.00
2187,Pursuer,0.351,0.420,0.136,0.105,0.00
2188,Pursuer,0.351,0.420,0.164,0.154,0.00
2189,Pursuer,0.351,0.420,0.131,0.137,0.00
2190,Runner,0.351,0.420,0.152,0.132,0.14
2191,Runner,0.351,0.420,0.132,0.156,3.58
2192,Pursuer,0.351,0.420,0.163,0.173,0.00
2193,Pursuer,0.351,0.420,0.118,0.206,0.00
2194,Runner,0.351,0.420,0.137,0.135,0.00
2195,Runner,0.352,0.420,0.121,0.124,0.00
2196,Runner,0.352,0.420,0.148,0.151,5.16
2197,Runner,0.352,0.420,0.138,0.153,0.00
2198,Runner,0.353,0.419,0.149,0.144,0.00
2199,Pursuer,0.352,0.420,0.131,0.162,0.00
2200,Runner,0.353,0.420,0.153,0.139,0.36
2201,Runner,0.353,0.419,0.130,0.153,2.40
2202,Runner,0.353,0.419,0.138,0.130,1.76
2203,Pursuer,0.353,0.419,0.141,0.146,0.00
2204,Pursuer,0.353,0.420,0.165,0.142,0.00
2205,Runner,0.353,0.420,0.162,0.165,0.00
2206,Pursuer,0.353,0.420,0.124,0.142,0.00
2207,Runner,0.353,0.420,0.177,0.164,0.00
2208,Draw,0.353,0.419,0.146,0.135,18.48
2209,Pursuer,0.353,0.420,0.126,0.194,0.00
2210,Pursuer,0.353,0.420,0.136,0.155,0.00
2211,Runner,0.353,0.420,0.121,0.138,2.34
2212,Draw,0.353,0.420,0.142,0.149,15.96
2213,Pursuer,0.353,0.420,0.146,0.164,0.00
2214,Pursuer,0.353,0.420,0.312,0.110,0.00
2215,Runner,0.353,0.420,0.130,0.169,2.86
2216,Runner,0.353,0.420,0.146,0.137,2.58
2217,Runner,0.354,0.419,0.144,0.147,1.56
2218,Pursuer,0.353,0.420,0.000,0.000,0.00
2219,Pursuer,0.353,0.420,0.154,0.155,0.00
2220,Runner,0.354,0.420,0.125,0.103,0.00
2221,Runner,0.354,0.420,0.165,0.177,3.12
2222,Runner,0.354,0.419,0.159,0.124,1.32
2223,Runner,0.354,0.419,0.188,0.124,0.40
2224,Pursuer,0.354,0.420,0.143,0.166,0.00
2225,Pursuer,0.354,0.420,0.161,0.151,0.00
2226,Runner,0.354,0.420,0.155,0.142,2.90
2227,Pursuer,0.354,0.420,0.000,0.000,0.00
2228,Pursuer,0.354,0.420,0.143,0.151,0.00
2229,Pursuer,0.354,0.420,0.139,0.143,0.00
2230,Runner,0.354,0.420,0.117,0.162,0.00
2231,Draw,0.354,0.420,0.149,0.147,18.96
2232,Pursuer,0.354,0.420,0.167,0.127,0.00
2233,Pursuer,0.354,0.421,0.143,0.164,0.00
2234,Pursuer,0.354,0.421,0.156,0.154,0.00
2235,Pursuer,0.353,0.421,0.137,0.123,0.00
2236,Runner,0.354,0.421,0.163,0.178,3.72
2237,Runner,0.354,0.421,0.117,0.154,0.00
2238,Pursuer,0.354,0.421,0.120,0.140,0.00
2239,Runner,0.354,0.421,0.157,0.080,0.00
2240,Pursuer,0.354,0.421,0.147,0.151,0.00
2241,Pursuer,0.354,0.421,0.213,0.164,0.00
2242,Runner,0.354,0.421,0.134,0.142,7.02
2243,Pursuer,0.354,0.421,0.153,0.152,0.00
2244,Runner,0.354,0.421,0.138,0.133,0.00
2245,Pursuer,0.354,0.421,0.143,0.160,0.00
2246,Runner,0.354,0.421,0.139,0.150,4.56
2247,Runner,0.355,0.421,0.158,0.146,1.44
2248,Pursuer,0.355,0.421,0.163,0.141,0.00
2249,Runner,0.355,0.421,0.864,0.273,0.00
2250,Pursuer,0.355,0.421,0.147,0.142,0.00
2251,Runner,0.355,0.421,0.137,0.136,1.90
2252,Pursuer,0.355,0.421,0.141,0.148,0.00
2253,Pursuer,0.355,0.422,0.106,0.147,0.00
2254,Pursuer,0.354,0.422,0.154,0.129,0.00
2255,Runner,0.355,0.422,0.123,0.132,0.00
2256,Pursuer,0.355,0.422,0.151,0.142,0.00
2257,Pursuer,0.354,0.422,0.172,0.133,0.00
2258,Pursuer,0.354,0.422,0.125,0.139,0.00
2259,Runner,0.355,0.422,0.144,0.159,0.62
2260,Pursuer,0.354,0.423,0.141,0.170,0.00
2261,Pursuer,0.354,0.423,0.171,0.125,0.00
2262,Runner,0.355,0.423,0.000,0.000,0.00
2263,Draw,0.354,0.422,0.163,0.139,16.66
2264,Pursuer,0.354,0.423,0.145,0.141,0.00
2265,Pursuer,0.354,0.423,0.140,0.134,0.00
2266,Runner,0.354,0.423,0.116,0.111,2.14
2267,Runner,0.355,0.423,0.092,0.110,0.00
2268,Draw,0.354,0.422,0.144,0.154,18.54
2269,Runner,0.355,0.422,0.147,0.132,0.04
2270,Pursuer,0.355,0.422,0.143,0.147,0.00
2271,Pursuer,0.354,0.423,0.131,0.128,0.00
2272,Runner,0.355,0.423,0.142,0.136,4.50
2273,Runner,0.355,0.422,0.143,0.118,0.00
2274,Pursuer,0.355,0.423,0.162,0.138,0.00
2275,Pursuer,0.355,0.423,0.141,0.148,0.00
2276,Pursuer,0.355,0.423,0.146,0.146,0.00
2277,Runner,0.355,0.423,0.147,0.147,1.78
2278,Pursuer,0.355,0.423,0.141,0.168,0.00
2279,Pursuer,0.355,0.423,0.164,0.143,0.00
2280,Runner,0.355,0.423,0.138,0.152,5.56
2281,Runner,0.355,0.423,0.148,0.153,0.00
2282,Runner,0.355,0.423,0.146,0.160,1.92
2283,Pursuer,0.355,0.423,0.152,0.139,0.00
2284,Runner,0.356,0.423,0.160,0.112,0.06
2285,Pursuer,0.355,0.423,0.000,0.000,0.00
2286,Pursuer,0.355,0.423,0.110,0.172,0.00
2287,Pursuer,0.355,0.424,0.152,0.146,0.00
2288,Pursuer,0.355,0.424,0.106,0.090,0.00
2289,Pursuer,0.355,0.424,0.141,0.150,0.00
2290,Runner,0.355,0.424,0.148,0.158,0.00
2291,Runner,0.355,0.424,0.200,0.140,0.00
2292,Pursuer,0.355,0.424,0.159,0.137,0.00
2293,Pursuer,0.355,0.424,0.178,0.109,0.00
2294,Runner,0.355,0.424,0.156,0.137,1.72
2295,Pursuer,0.355,0.424,0.144,0.149,0.00
2296,Runner,0.355,0.424,0.176,0.146,1.18
2297,Pursuer,0.355,0.424,0.136,0.148,0.00
2298,Runner,0.356,0.424,0.167,0.163,0.00
2299,Pursuer,0.355,0.425,0.149,0.139,0.00
2300,Pursuer,0.355,0.425,0.073,0.081,0.00
2301,Pursuer,0.355,0.425,0.150,0.153,0.00
2302,Draw,0.355,0.425,0.140,0.152,18.48
2303,Pursuer,0.355,0.425,0.114,0.158,0.00
2304,Runner,0.355,0.425,0.156,0.159,0.00
2305,Draw,0.355,0.425,0.136,0.150,15.42
2306,Pursuer,0.355,0.425,0.153,0.155,0.00
2307,Runner,0.355,0.425,0.151,0.135,8.04
2308,Pursuer,0.355,0.425,0.141,0.132,0.00
2309,Pursuer,0.355,0.425,0.203,0.160,0.00
2310,Runner,0.355,0.425,0.150,0.129,2.32
2311,Runner,0.355,0.425,0.104,0.162,0.00
2312,Pursuer,0.355,0.425,0.160,0.174,0.00
2313,Pursuer,0.355,0.425,0.143,0.139,0.00
2314,Runner,0.355,0.425,0.140,0.151,2.00
2315,Runner,0.356,0.425,0.183,0.130,0.00
2316,Pursuer,0.355,0.425,0.144,0.103,0.00
2317,Pursuer,0.355,0.426,0.153,0.158,0.00
2318,Runner,0.355,0.425,0.115,0.165,2.40
2319,Runner,0.356,0.425,0.140,0.159,3.20
2320,Runner,0.356,0.425,0.191,0.129,0.80
2321,Runner,0.356,0.425,0.147,0.135,0.00
2322,Runner,0.357,0.425,0.079,0.120,0.22
2323,Draw,0.356,0.424,0.149,0.137,15.26
2324,Runner,0.357,0.424,0.158,0.148,0.76
2325,Pursuer,0.357,0.425,0.146,0.107,0.00
2326,Pursuer,0.356,0.425,0.892,0.230,0.00
2327,Runner,0.357,0.425,0.138,0.128,3.28
2328,Pursuer,0.357,0.425,0.105,0.170,0.00
2329,Pursuer,0.356,0.425,0.147,0.115,0.00
2330,Pursuer,0.356,0.425,0.145,0.143,0.00
2331,Runner,0.356,0.425,0.146,0.118,0.00
2332,Pursuer,0.356,0.425,0.132,0.151,0.00
2333,Pursuer,0.356,0.426,0.103,0.150,0.00
2334,Pursuer,0.356,0.426,0.143,0.196,0.00
2335,Draw,0.356,0.426,0.152,0.148,18.06
2336,Pursuer,0.356,0.426,0.133,0.165,0.00
2337,Runner,0.356,0.426,0.000,0.000,0.00
2338,Runner,0.356,0.426,0.114,0.152,0.00
2339,Runner,0.357,0.425,0.128,0.143,0.00
2340,Runner,0.357,0.425,0.158,0.127,0.00
2341,Runner,0.357,0.425,0.143,0.142,4.34
2342,Runner,0.357,0.425,0.095,0.087,0.00
2343,Runner,0.358,0.425,0.155,0.142,0.24
2344,Pursuer,0.358,0.425,0.152,0.148,0.00
2345,Pursuer,0.357,0.425,0.147,0.143,0.00
2346,Draw,0.357,0.425,0.146,0.148,0.00
2347,Runner,0.357,0.425,0.145,0.136,0.00
2348,Runner,0.358,0.425,0.099,0.035,0.08
2349,Runner,0.358,0.424,0.133,0.140,0.00
2350,Runner,0.358,0.424,0.152,0.141,0.24
2351,Runner,0.359,0.424,0.157,0.158,6.94
2352,Runner,0.359,0.424,0.144,0.156,3.10
2353,Runner,0.359,0.424,0.162,0.156,0.00
2354,Pursuer,0.359,0.424,0.177,0.130,0.00
2355,Runner,0.359,0.424,0.140,0.162,0.00
2356,Pursuer,0.359,0.424,0.147,0.136,0.00
2357,Runner,0.359,0.424,0.150,0.154,3.88
2358,Runner,0.360,0.424,0.132,0.140,1.40
2359,Pursuer,0.359,0.424,0.209,0.261,0.00
2360,Runner,0.360,0.424,0.153,0.146,0.00
2361,Pursuer,0.360,0.424,0.137,0.144,0.00
2362,Runner,0.360,0.424,0.143,0.134,0.98
2363,Pursuer,0.360,0.424,0.000,0.000,0.00
2364,Runner,0.360,0.424,0.145,0.158,2.70
2365,Pursuer,0.360,0.424,0.113,0.129,0.00
2366,Runner,0.360,0.424,0.157,0.157,0.00
2367,Draw,0.360,0.424,0.154,0.144,2.82
2368,Pursuer,0.360,0.424,0.153,0.150,0.00
2369,Pursuer,0.360,0.424,0.145,0.156,0.00
2370,Pursuer,0.359,0.424,0.165,0.150,0.00
2371,Pursuer,0.359,0.425,0.129,0.139,0.00
2372,Pursuer,0.359,0.425,0.148,0.141,0.00
2373,Runner,0.359,0.425,0.129,0.158,0.00
2374,Runner,0.360,0.425,0.150,0.128,0.00
2375,Runner,0.360,0.424,0.150,0.141,2.44
2376,Runner,0.360,0.424,0.131,0.135,0.00
2377,Runner,0.361,0.424,0.144,0.153,3.34
2378,Draw,0.360,0.424,0.132,0.150,2.50
2379,Runner,0.361,0.424,0.144,0.147,4.92
2380,Runner,0.361,0.424,0.138,0.158,2.20
2381,Pursuer,0.361,0.424,0.131,0.181,0.00
2382,Runner,0.361,0.424,0.133,0.156,0.00
2383,Pursuer,0.361,0.424,0.151,0.146,0.00
2384,Pursuer,0.361,0.424,0.150,0.147,0.00
2385,Runner,0.361,0.424,0.142,0.137,0.00
2386,Pursuer,0.361,0.424,0.149,0.163,0.00
2387,Runner,0.361,0.424,0.143,0.139,0.00
2388,Runner,0.361,0.424,0.128,0.143,0.00
2389,Pursuer,0.361,0.424,0.131,0.132,0.00
2390,Pursuer,0.361,0.424,0.137,0.130,0.00
2391,Runner,0.361,0.424,0.134,0.132,1.26
2392,Pursuer,0.361,0.424,0.143,0.139,0.00
2393,Runner,0.361,0.424,0.126,0.211,0.30
2394,Runner,0.362,0.424,0.153,0.148,0.00
2395,Runner,0.362,0.424,0.176,0.147,0.00
2396,Runner,0.362,0.424,0.143,0.152,0.00
2397,Runner,0.363,0.423,0.140,0.147,1.74
2398,Pursuer,0.362,0.424,0.148,0.134,0.00
2399,Runner,0.363,0.424,0.115,0.161,0.84
2400,Pursuer,0.363,0.424,0.000,0.000,0.00
2401,Runner,0.363,0.424,0.166,0.139,0.00
2402,Runner,0.363,0.423,0.283,0.176,0.00
2403,Pursuer,0.363,0.424,0.138,0.157,0.00
2404,Pursuer,0.363,0.424,0.139,0.134,0.00
2405,Pursuer,0.363,0.424,0.143,0.155,0.00
2406,Runner,0.363,0.424,0.093,0.113,0.00
2407,Pursuer,0.363,0.424,0.160,0.127,0.00
2408,Runner,0.363,0.424,0.130,0.121,0.00
2409,Pursuer,0.363,0.424,0.168,0.154,0.00
2410,Runner,0.363,0.424,0.081,0.139,0.60
2411,Pursuer,0.363,0.424,0.151,0.123,0.00
2412,Pursuer,0.363,0.425,0.144,0.113,0.00
2413,Pursuer,0.363,0.425,0.141,0.159,0.00
2414,Pursuer,0.362,0.425,0.142,0.131,0.00
2415,Pursuer,0.362,0.425,0.106,0.054,0.00
2416,Runner,0.363,0.425,0.135,0.143,5.34
2417,Runner,0.363,0.425,0.134,0.158,4.76
2418,Pursuer,0.363,0.425,0.154,0.156,0.00
2419,Pursuer,0.363,0.425,0.168,0.138,0.00
2420,Pursuer,0.362,0.426,0.144,0.142,0.00
2421,Pursuer,0.362,0.426,0.209,0.075,0.00
2422,Pursuer,0.362,0.426,0.130,0.112,0.00
2423,Runner,0.362,0.426,0.150,0.153,2.84
2424,Pursuer,0.362,0.426,0.000,0.000,0.00
2425,Pursuer,0.362,0.426,0.156,0.148,0.00
2426,Pursuer,0.362,0.427,0.134,0.150,0.00
2427,Pursuer,0.362,0.427,0.145,0.124,0.00
2428,Runner,0.362,0.427,0.152,0.144,0.00
2429,Runner,0.362,0.427,0.149,0.168,0.00
2430,Pursuer,0.362,0.427,0.151,0.144,0.00
2431,Runner,0.362,0.427,0.138,0.159,3.76
2432,Pursuer,0.362,0.427,0.125,0.135,0.00
2433,Pursuer,0.362,0.427,0.134,0.119,0.00
2434,Runner,0.362,0.427,0.136,0.119,0.00
2435,Runner,0.363,0.427,0.141,0.151,1.40
2436,Runner,0.363,0.427,0.139,0.140,1.42
2437,Runner,0.363,0.426,0.114,0.163,0.00
2438,Runner,0.363,0.426,0.043,0.029,0.00
2439,Pursuer,0.363,0.426,0.157,0.142,0.00
2440,Pursuer,0.363,0.427,0.168,0.125,0.00
2441,Pursuer,0.363,0.427,0.145,0.150,0.00
2442,Runner,0.363,0.427,0.147,0.144,0.00
2443,Pursuer,0.363,0.427,0.141,0.128,0.00
2444,Pursuer,0.363,0.427,0.122,0.143,0.00
2445,Runner,0.363,0.427,0.151,0.132,2.94
2446,Runner,0.363,0.427,0.130,0.121,2.94
2447,Pursuer,0.363,0.427,0.162,0.144,0.00
2448,Pursuer,0.363,0.427,0.152,0.131,0.00
2449,Runner,0.363,0.427,0.170,0.132,6.62
2450,Runner,0.364,0.427,0.127,0.156,0.00
2451,Runner,0.364,0.427,0.236,0.155,0.00
2452,Runner,0.364,0.427,0.146,0.108,0.00
2453,Draw,0.364,0.426,0.145,0.139,13.04
2454,Runner,0.364,0.426,0.154,0.152,11.98
2455,Pursuer,0.364,0.426,0.138,0.151,0.00
2456,Runner,0.364,0.426,0.142,0.166,0.90
2457,Pursuer,0.364,0.427,0.186,0.117,0.00
2458,Runner,0.365,0.426,0.161,0.182,0.00
2459,Runner,0.365,0.426,0.139,0.169,1.56
2460,Pursuer,0.365,0.426,0.144,0.112,0.00
2461,Pursuer,0.364,0.427,0.138,0.123,0.00
2462,Runner,0.365,0.426,0.130,0.162,0.00
2463,Pursuer,0.365,0.427,0.119,0.132,0.00
2464,Pursuer,0.364,0.427,0.140,0.088,0.00
2465,Pursuer,0.364,0.427,0.153,0.130,0.00
2466,Runner,0.365,0.427,0.137,0.146,0.00
2467,Runner,0.365,0.427,0.158,0.141,0.00
2468,Runner,0.365,0.427,0.146,0.179,0.00
2469,Pursuer,0.365,0.427,0.200,0.145,0.00
2470,Draw,0.365,0.427,0.139,0.154,19.98
2471,Draw,0.365,0.427,0.158,0.136,18.36
2472,Runner,0.365,0.426,0.147,0.141,8.90
2473,Pursuer,0.365,0.427,0.000,0.000,0.00
2474,Runner,0.365,0.426,0.000,0.000,0.00
2475,Runner,0.365,0.426,0.139,0.140,3.90
2476,Pursuer,0.365,0.426,0.144,0.158,0.00
2477,Draw,0.365,0.426,0.147,0.154,15.72
2478,Draw,0.365,0.426,0.135,0.142,14.80
2479,Pursuer,0.365,0.426,0.140,0.150,0.00
2480,Pursuer,0.365,0.427,0.163,0.181,0.00
2481,Runner,0.365,0.426,0.123,0.149,2.90
2482,Runner,0.365,0.426,0.122,0.138,0.58
2483,Runner,0.365,0.426,0.153,0.154,5.92
2484,Runner,0.366,0.426,0.146,0.149,1.70
2485,Pursuer,0.365,0.426,0.148,0.143,0.00
2486,Pursuer,0.365,0.426,0.162,0.133,0.00
2487,Runner,0.366,0.426,0.120,0.128,0.00
2488,Pursuer,0.365,0.426,0.064,0.108,0.00
2489,Runner,0.366,0.426,0.158,0.122,0.00
2490,Pursuer,0.365,0.427,0.142,0.105,0.00
2491,Pursuer,0.365,0.427,0.146,0.137,0.00
2492,Pursuer,0.365,0.427,0.163,0.154,0.00
2493,Pursuer,0.365,0.427,0.138,0.139,0.00
2494,Runner,0.365,0.427,0.130,0.134,2.52
2495,Pursuer,0.365,0.427,0.149,0.166,0.00
2496,Pursuer,0.365,0.427,0.162,0.137,0.00
2497,Runner,0.365,0.427,0.152,0.135,1.72
2498,Draw,0.365,0.427,0.150,0.148,6.42
2499,Pursuer,0.365,0.427,0.138,0.132,0.00
2500,Runner,0.365,0.427,0.131,0.150,8.24
2501,Pursuer,0.365,0.427,0.135,0.162,0.00
2502,Runner,0.365,0.427,0.112,0.121,0.00
2503,Runner,0.366,0.427,0.142,0.130,3.90
2504,Runner,0.366,0.427,0.154,0.146,1.32
2505,Runner,0.366,0.427,0.151,0.152,3.14
2506,Pursuer,0.366,0.427,0.144,0.153,0.00
2507,Pursuer,0.366,0.427,0.138,0.156,0.00
2508,Runner,0.366,0.427,0.150,0.145,0.00
2509,Runner,0.366,0.427,0.136,0.141,1.52
2510,Pursuer,0.366,0.427,0.133,0.145,0.00
2511,Runner,0.366,0.427,0.158,0.152,4.82
2512,Pursuer,0.366,0.427,0.139,0.139,0.00
2513,Pursuer,0.366,0.427,0.137,0.162,0.00
2514,Pursuer,0.366,0.428,0.145,0.145,0.00
2515,Runner,0.366,0.427,0.000,0.000,0.00
2516,Pursuer,0.366,0.428,0.000,0.000,0.00
2517,Runner,0.366,0.427,0.164,0.137,0.08
2518,Runner,0.367,0.427,0.151,0.146,0.00
2519,Runner,0.367,0.427,0.174,0.138,2.10
2520,Pursuer,0.367,0.427,0.140,0.147,0.00
2521,Draw,0.367,0.427,0.148,0.165,16.04
2522,Runner,0.367,0.427,0.119,0.120,0.00
2523,Pursuer,0.367,0.427,0.166,0.126,0.00
2524,Pursuer,0.366,0.427,0.140,0.141,0.00
2525,Runner,0.367,0.427,0.154,0.150,3.28
2526,Pursuer,0.367,0.428,0.133,0.151,0.00
2527,Runner,0.367,0.427,0.159,0.162,0.00
2528,Runner,0.367,0.427,0.137,0.114,0.00
2529,Pursuer,0.367,0.427,0.139,0.146,0.00
2530,Pursuer,0.367,0.428,0.136,0.113,0.00
2531,Pursuer,0.367,0.428,0.141,0.144,0.00
2532,Pursuer,0.367,0.428,0.142,0.159,0.00
2533,Pursuer,0.366,0.428,0.130,0.145,0.00
2534,Runner,0.367,0.428,0.121,0.154,1.18
2535,Draw,0.366,0.428,0.142,0.142,12.88
2536,Pursuer,0.366,0.428,0.126,0.144,0.00
2537,Pursuer,0.366,0.428,0.142,0.130,0.00
2538,Runner,0.366,0.428,0.166,0.140,0.30
2539,Pursuer,0.366,0.429,0.126,0.131,0.00
2540,Runner,0.367,0.428,0.138,0.151,5.40
2541,Pursuer,0.366,0.429,0.101,0.156,0.00
2542,Pursuer,0.366,0.429,0.143,0.081,0.00
2543,Runner,0.366,0.429,0.126,0.139,1.04
2544,Pursuer,0.366,0.429,0.165,0.161,0.00
2545,Runner,0.367,0.429,0.145,0.145,0.18
2546,Runner,0.367,0.429,0.137,0.175,0.00
2547,Runner,0.367,0.428,0.150,0.152,3.52
2548,Pursuer,0.367,0.429,0.000,0.000,0.00
2549,Pursuer,0.367,0.429,0.148,0.141,0.00
2550,Runner,0.367,0.429,0.137,0.145,3.60
2551,Runner,0.367,0.428,0.137,0.144,9.06
2552,Pursuer,0.367,0.429,0.146,0.138,0.00
2553,Pursuer,0.367,0.429,0.158,0.141,0.00
2554,Runner,0.367,0.429,0.138,0.113,0.00
2555,Pursuer,0.367,0.429,0.151,0.139,0.00
2556,Runner,0.367,0.429,0.142,0.137,6.86
2557,Pursuer,0.367,0.429,0.130,0.151,0.00
2558,Pursuer,0.367,0.429,0.168,0.161,0.00
2559,Pursuer,0.367,0.429,0.139,0.151,0.00
2560,Pursuer,0.367,0.430,0.177,0.174,0.00
2561,Runner,0.367,0.430,0.158,0.134,3.24
2562,Draw,0.367,0.429,0.148,0.146,15.34
2563,Pursuer,0.367,0.430,0.160,0.125,0.00
2564,Pursuer,0.367,0.430,0.072,0.142,0.00
2565,Runner,0.367,0.430,0.118,0.151,3.96
2566,Runner,0.367,0.429,0.127,0.143,3.68
2567,Runner,0.367,0.429,0.153,0.131,0.00
2568,Pursuer,0.367,0.430,0.142,0.163,0.00
2569,Pursuer,0.367,0.430,0.148,0.139,0.00
2570,Pursuer,0.367,0.430,0.149,0.149,0.00
2571,Runner,0.367,0.430,0.161,0.161,5.38
2572,Runner,0.367,0.430,0.145,0.142,1.20
2573,Runner,0.368,0.429,0.124,0.117,0.62
2574,Runner,0.368,0.429,0.136,0.152,4.22
2575,Runner,0.368,0.429,0.063,0.221,0.08
2576,Runner,0.368,0.429,0.171,0.144,0.00
2577,Pursuer,0.368,0.429,0.145,0.123,0.00
2578,Pursuer,0.368,0.429,0.154,0.150,0.00
2579,Runner,0.368,0.429,0.160,0.153,0.00
2580,Pursuer,0.368,0.429,0.143,0.135,0.00
2581,Runner,0.368,0.429,0.155,0.148,0.28
2582,Pursuer,0.368,0.430,0.150,0.147,0.00
2583,Runner,0.369,0.429,0.000,0.000,0.00
2584,Runner,0.369,0.429,0.171,0.170,0.56
2585,Pursuer,0.369,0.429,0.415,1.032,0.00
2586,Pursuer,0.369,0.430,0.169,0.128,0.00
2587,Draw,0.368,0.429,0.137,0.141,17.66
2588,Runner,0.369,0.429,0.146,0.141,0.00
2589,Runner,0.369,0.429,0.133,0.151,0.00
2590,Runner,0.369,0.429,0.166,0.172,0.00
2591,Runner,0.369,0.429,0.147,0.130,2.26
2592,Runner,0.370,0.429,0.141,0.146,3.78
2593,Runner,0.370,0.428,0.146,0.129,0.86
2594,Pursuer,0.370,0.429,0.133,0.152,0.00
2595,Pursuer,0.370,0.429,0.181,0.157,0.00
2596,Runner,0.370,0.429,0.126,0.137,0.00
2597,Runner,0.370,0.429,0.143,0.166,0.00
2598,Pursuer,0.370,0.429,0.000,0.000,0.00
2599,Pursuer,0.370,0.429,0.142,0.144,0.00
2600,Pursuer,0.370,0.429,0.225,0.291,0.00
2601,Runner,0.370,0.429,0.130,0.137,1.72
2602,Runner,0.370,0.429,0.149,0.183,1.46
2603,Runner,0.370,0.429,0.161,0.151,5.78
2604,Pursuer,0.370,0.429,0.115,0.102,0.00
2605,Runner,0.370,0.429,0.146,0.119,0.00
2606,Runner,0.371,0.429,0.147,0.165,1.64
2607,Runner,0.371,0.428,0.135,0.157,0.00
2608,Runner,0.371,0.428,0.150,0.155,0.00
2609,Pursuer,0.371,0.429,0.170,0.135,0.00
2610,Runner,0.371,0.428,0.131,0.152,0.00
2611,Pursuer,0.371,0.429,0.136,0.156,0.00
2612,Runner,0.371,0.428,0.144,0.163,6.04
2613,Pursuer,0.371,0.429,0.130,0.129,0.00
2614,Runner,0.371,0.428,0.151,0.150,5.58
2615,Runner,0.372,0.428,0.138,0.142,0.00
2616,Runner,0.372,0.428,0.145,0.130,0.00
2617,Pursuer,0.372,0.428,0.162,0.143,0.00
2618,Pursuer,0.372,0.429,0.177,0.125,0.00
2619,Pursuer,0.372,0.429,0.137,0.149,0.00
2620,Runner,0.372,0.429,0.162,0.135,0.00
2621,Runner,0.372,0.428,0.125,0.125,3.04
2622,Runner,0.372,0.428,0.139,0.151,5.02
2623,Draw,0.372,0.428,0.143,0.151,14.18
2624,Pursuer,0.372,0.428,0.164,0.146,0.00
2625,Pursuer,0.372,0.429,0.124,0.187,0.00
2626,Pursuer,0.372,0.429,0.158,0.132,0.00
2627,Pursuer,0.372,0.429,0.152,0.141,0.00
2628,Pursuer,0.371,0.429,0.162,0.148,0.00
2629,Pursuer,0.371,0.429,0.153,0.146,0.00
2630,Draw,0.371,0.429,0.141,0.162,18.56
2631,Pursuer,0.371,0.429,0.149,0.140,0.00
2632,Runner,0.371,0.429,0.153,0.159,0.80
2633,Runner,0.371,0.429,0.133,0.150,0.00
2634,Runner,0.372,0.429,0.133,0.149,0.00
2635,Draw,0.372,0.429,0.156,0.147,17.96
2636,Runner,0.372,0.429,0.149,0.145,1.84
2637,Pursuer,0.372,0.429,0.000,0.000,0.00
2638,Pursuer,0.371,0.429,0.151,0.145,0.00
2639,Runner,0.372,0.429,0.176,0.131,0.00
2640,Pursuer,0.372,0.429,0.144,0.158,0.00
2641,Runner,0.372,0.429,0.141,0.146,2.78
2642,Pursuer,0.372,0.429,0.114,0.149,0.00
2643,Runner,0.372,0.429,0.136,0.132,4.48
2644,Pursuer,0.372,0.429,0.116,0.144,0.00
2645,Runner,0.372,0.429,0.146,0.186,0.00
2646,Runner,0.372,0.429,0.131,0.127,0.00
2647,Runner,0.372,0.429,0.123,0.130,3.58
2648,Pursuer,0.372,0.429,0.162,0.136,0.00
2649,Runner,0.373,0.429,0.147,0.155,1.86
2650,Runner,0.373,0.429,0.134,0.140,2.72
2651,Runner,0.373,0.429,0.145,0.150,4.06
2652,Pursuer,0.373,0.429,0.147,0.131,0.00
2653,Runner,0.373,0.429,0.178,0.131,0.00
2654,Runner,0.373,0.428,0.127,0.140,2.50
2655,Draw,0.373,0.428,0.147,0.151,5.40
2656,Pursuer,0.373,0.428,0.154,0.148,0.00
2657,Pursuer,0.373,0.429,0.160,0.147,0.00
2658,Runner,0.373,0.429,0.144,0.152,0.00
2659,Runner,0.373,0.428,0.139,0.106,0.00
2660,Pursuer,0.373,0.429,0.119,0.133,0.00
2661,Runner,0.374,0.428,0.098,0.134,0.74
2662,Runner,0.374,0.428,0.155,0.125,1.82
2663,Pursuer,0.374,0.428,0.137,0.150,0.00
2664,Runner,0.374,0.428,0.159,0.161,0.00
2665,Runner,0.374,0.428,0.153,0.158,4.88
2666,Runner,0.374,0.428,0.131,0.135,0.00
2667,Runner,0.375,0.428,0.143,0.160,0.00
2668,Draw,0.374,0.428,0.138,0.157,0.00
2669,Runner,0.375,0.428,0.144,0.144,2.58
2670,Runner,0.375,0.427,0.156,0.127,0.00
2671,Runner,0.375,0.427,0.148,0.141,11.24
2672,Pursuer,0.375,0.427,0.147,0.157,0.00
2673,Runner,0.375,0.427,0.157,0.161,0.00
2674,Draw,0.375,0.427,0.134,0.143,13.46
2675,Runner,0.375,0.427,0.160,0.125,0.00
2676,Pursuer,0.375,0.427,0.163,0.132,0.00
2677,Runner,0.375,0.427,0.133,0.143,5.88
2678,Runner,0.376,0.427,0.125,0.157,2.72
2679,Pursuer,0.376,0.427,0.138,0.109,0.00
2680,Draw,0.375,0.427,0.152,0.150,16.66
2681,Pursuer,0.375,0.427,0.134,0.130,0.00
2682,Pursuer,0.375,0.427,0.152,0.141,0.00
2683,Runner,0.375,0.427,0.125,0.150,0.72
2684,Pursuer,0.375,0.427,0.158,0.142,0.00
2685,Runner,0.375,0.427,0.140,0.153,0.00
2686,Runner,0.376,0.427,0.161,0.157,1.30
2687,Runner,0.376,0.427,0.144,0.153,0.00
2688,Runner,0.376,0.427,0.143,0.126,0.00
2689,Pursuer,0.376,0.427,0.157,0.128,0.00
2690,Runner,0.376,0.427,0.157,0.145,1.66
2691,Pursuer,0.376,0.427,0.183,0.138,0.00
2692,Pursuer,0.376,0.427,0.134,0.130,0.00
2693,Pursuer,0.376,0.427,0.153,0.133,0.00
2694,Draw,0.376,0.427,0.142,0.149,16.14
2695,Runner,0.376,0.427,0.157,0.148,4.88
2696,Pursuer,0.376,0.427,0.141,0.126,0.00
2697,Runner,0.376,0.427,0.142,0.133,2.72
2698,Runner,0.376,0.427,0.142,0.144,1.02
2699,Pursuer,0.376,0.427,0.150,0.162,0.00
2700,Draw,0.376,0.427,0.146,0.154,14.90
2701,Runner,0.376,0.427,0.147,0.149,0.00
2702,Runner,0.376,0.427,0.161,0.155,3.02
2703,Pursuer,0.376,0.427,0.124,0.149,0.00
2704,Runner,0.376,0.427,0.120,0.130,1.20
2705,Runner,0.377,0.427,0.146,0.145,4.74
2706,Runner,0.377,0.426,0.103,0.105,0.00
2707,Runner,0.377,0.426,0.176,0.134,0.00
2708,Runner,0.377,0.426,0.140,0.151,2.60
2709,Runner,0.378,0.426,0.145,0.133,0.04
2710,Pursuer,0.377,0.426,0.141,0.185,0.00
2711,Pursuer,0.377,0.426,0.142,0.149,0.00
2712,Pursuer,0.377,0.427,0.081,0.080,0.00
2713,Draw,0.377,0.426,0.149,0.144,19.98
2714,Pursuer,0.377,0.427,0.000,0.000,0.00
2715,Runner,0.377,0.427,0.140,0.137,0.00
2716,Runner,0.377,0.426,0.139,0.180,1.72
2717,Pursuer,0.377,0.427,0.123,0.131,0.00
2718,Runner,0.377,0.426,0.279,0.086,0.16
2719,Runner,0.378,0.426,0.160,0.145,3.08
2720,Pursuer,0.378,0.426,0.142,0.138,0.00
2721,Pursuer,0.377,0.427,0.159,0.125,0.00
2722,Runner,0.378,0.427,0.156,0.142,0.64
2723,Runner,0.378,0.426,0.146,0.154,0.00
2724,Pursuer,0.378,0.427,0.104,0.129,0.00
2725,Runner,0.378,0.426,0.159,0.135,1.90
2726,Pursuer,0.378,0.427,0.219,0.185,0.00
2727,Pursuer,0.378,0.427,0.184,0.143,0.00
2728,Pursuer,0.378,0.427,0.150,0.148,0.00
2729,Pursuer,0.377,0.427,0.165,0.115,0.00
2730,Runner,0.378,0.427,0.115,0.149,0.00
2731,Draw,0.378,0.427,0.149,0.151,0.24
2732,Runner,0.378,0.427,0.153,0.133,0.76
2733,Runner,0.378,0.427,0.146,0.161,0.46
2734,Runner,0.378,0.426,0.162,0.152,0.00
2735,Pursuer,0.378,0.427,0.161,0.145,0.00
2736,Pursuer,0.378,0.427,0.158,0.150,0.00
2737,Draw,0.378,0.427,0.140,0.153,17.54
2738,Pursuer,0.378,0.427,0.149,0.133,0.00
2739,Runner,0.378,0.427,0.141,0.160,1.68
2740,Runner,0.378,0.427,0.173,0.134,0.00
2741,Pursuer,0.378,0.427,0.157,0.113,0.00
2742,Pursuer,0.378,0.427,0.135,0.134,0.00
2743,Pursuer,0.378,0.427,0.157,0.124,0.00
2744,Runner,0.378,0.427,0.149,0.141,0.00
2745,Pursuer,0.378,0.427,0.114,0.156,0.00
2746,Draw,0.378,0.427,0.156,0.151,16.44
2747,Pursuer,0.378,0.427,0.172,0.127,0.00
2748,Runner,0.378,0.427,0.128,0.129,1.96
2749,Runner,0.378,0.427,0.157,0.161,1.02
2750,Pursuer,0.378,0.427,0.147,0.157,0.00
2751,Pursuer,0.378,0.427,0.127,0.133,0.00
2752,Pursuer,0.378,0.428,0.157,0.125,0.00
2753,Pursuer,0.377,0.428,0.072,0.096,0.00
2754,Runner,0.378,0.428,0.127,0.152,7.36
2755,Runner,0.378,0.428,0.131,0.142,2.82
2756,Pursuer,0.378,0.428,0.139,0.142,0.00
2757,Pursuer,0.378,0.428,0.151,0.156,0.00
2758,Pursuer,0.377,0.428,0.123,0.163,0.00
2759,Pursuer,0.377,0.428,0.071,0.209,0.00
2760,Pursuer,0.377,0.429,0.163,0.152,0.00
2761,Runner,0.377,0.428,0.142,0.149,0.00
2762,Draw,0.377,0.428,0.155,0.137,17.40
2763,Pursuer,0.377,0.429,0.150,0.134,0.00
2764,Pursuer,0.377,0.429,0.197,0.234,0.00
2765,Pursuer,0.377,0.429,0.105,0.169,0.00
2766,Pursuer,0.377,0.429,0.178,0.152,0.00
2767,Pursuer,0.377,0.429,0.160,0.129,0.00
2768,Pursuer,0.376,0.430,0.146,0.128,0.00
2769,Runner,0.377,0.429,0.142,0.152,1.96
2770,Runner,0.377,0.429,0.157,0.128,2.08
2771,Pursuer,0.377,0.429,0.131,0.144,0.00
2772,Pursuer,0.377,0.430,0.164,0.161,0.00
2773,Pursuer,0.376,0.430,0.145,0.152,0.00
2774,Pursuer,0.376,0.430,0.138,0.138,0.00
2775,Runner,0.377,0.430,0.132,0.157,0.64
2776,Runner,0.377,0.430,0.136,0.144,2.06
2777,Runner,0.377,0.430,0.136,0.164,0.02
2778,Pursuer,0.377,0.430,0.136,0.153,0.00
2779,Runner,0.377,0.430,0.149,0.143,3.22
2780,Runner,0.377,0.429,0.135,0.144,0.00
2781,Runner,0.378,0.429,0.147,0.130,0.00
2782,Runner,0.378,0.429,0.133,0.153,1.48
2783,Pursuer,0.378,0.429,0.111,0.156,0.00
2784,Runner,0.378,0.429,0.128,0.130,4.76
2785,Pursuer,0.378,0.429,0.156,0.151,0.00
2786,Runner,0.378,0.429,0.154,0.158,0.00
2787,Pursuer,0.378,0.429,0.105,0.133,0.00
2788,Runner,0.378,0.429,0.129,0.132,0.00
2789,Runner,0.378,0.429,0.149,0.157,3.34
2790,Runner,0.378,0.429,0.177,0.157,0.00
2791,Pursuer,0.378,0.429,0.170,0.156,0.00
2792,Pursuer,0.378,0.429,0.141,0.159,0.00
2793,Pursuer,0.378,0.430,0.173,0.121,0.00
2794,Runner,0.378,0.429,0.131,0.122,2.20
2795,Runner,0.379,0.429,0.134,0.146,1.60
2796,Pursuer,0.378,0.430,0.156,0.141,0.00
2797,Pursuer,0.378,0.430,0.151,0.151,0.00
2798,Pursuer,0.378,0.430,0.128,0.134,0.00
2799,Pursuer,0.378,0.430,0.164,0.140,0.00
2800,Draw,0.378,0.430,0.148,0.141,16.64
2801,Pursuer,0.378,0.430,0.151,0.152,0.00
2802,Runner,0.378,0.430,0.156,0.189,0.00
2803,Pursuer,0.378,0.430,0.153,0.155,0.00
2804,Pursuer,0.378,0.430,0.095,0.144,0.00
2805,Pursuer,0.378,0.431,0.150,0.139,0.00
2806,Runner,0.378,0.431,0.132,0.164,1.30
2807,Pursuer,0.378,0.431,0.147,0.136,0.00
2808,Pursuer,0.377,0.431,0.160,0.145,0.00
2809,Pursuer,0.377,0.431,0.147,0.149,0.00
2810,Pursuer,0.377,0.431,0.157,0.138,0.00
2811,Pursuer,0.377,0.432,0.039,0.083,0.00
2812,Pursuer,0.377,0.432,0.153,0.136,0.00
2813,Pursuer,0.377,0.432,0.146,0.138,0.00
2814,Pursuer,0.377,0.432,0.156,0.146,0.00
2815,Pursuer,0.377,0.432,0.051,0.154,0.00
2816,Runner,0.377,0.432,0.132,0.165,0.00
2817,Runner,0.377,0.432,0.123,0.160,1.84
2818,Pursuer,0.377,0.432,0.145,0.164,0.00
2819,Pursuer,0.377,0.432,0.000,0.000,0.00
2820,Runner,0.377,0.432,0.117,0.203,0.00
2821,Runner,0.377,0.432,0.163,0.119,0.74
2822,Pursuer,0.377,0.432,0.140,0.154,0.00
2823,Pursuer,0.377,0.433,0.142,0.130,0.00
2824,Pursuer,0.377,0.433,0.187,0.156,0.00
2825,Runner,0.377,0.433,0.127,0.122,0.00
2826,Pursuer,0.377,0.433,0.157,0.143,0.00
2827,Runner,0.377,0.433,0.140,0.145,4.48
2828,Runner,0.377,0.432,0.126,0.162,0.00
2829,Pursuer,0.377,0.433,0.144,0.147,0.00
2830,Runner,0.377,0.433,0.156,0.147,0.00
2831,Runner,0.378,0.432,0.141,0.153,1.84
2832,Pursuer,0.377,0.433,0.127,0.186,0.00
2833,Runner,0.378,0.432,0.134,0.121,0.62
2834,Runner,0.378,0.432,0.142,0.156,1.34
2835,Runner,0.378,0.432,0.176,0.115,0.00
2836,Runner,0.378,0.432,0.147,0.151,0.00
2837,Draw,0.378,0.432,0.138,0.140,16.12
2838,Runner,0.378,0.432,0.133,0.129,0.00
2839,Draw,0.378,0.431,0.145,0.140,17.18
2840,Pursuer,0.378,0.432,0.193,0.165,0.00
2841,Runner,0.378,0.432,0.126,0.124,0.00
2842,Runner,0.379,0.431,0.135,0.168,0.00
2843,Runner,0.379,0.431,0.145,0.149,0.92
2844,Pursuer,0.379,0.431,0.125,0.164,0.00
2845,Runner,0.379,0.431,0.150,0.139,4.14
2846,Runner,0.379,0.431,0.172,0.136,0.00
2847,Runner,0.379,0.431,0.137,0.141,1.24
2848,Pursuer,0.379,0.431,0.200,0.141,0.00
2849,Pursuer,0.379,0.431,0.135,0.139,0.00
2850,Runner,0.379,0.431,0.127,0.134,0.00
2851,Runner,0.380,0.431,0.148,0.140,0.00
2852,Pursuer,0.379,0.431,0.123,0.134,0.00
2853,Pursuer,0.379,0.431,0.162,0.134,0.00
2854,Pursuer,0.379,0.432,0.129,0.153,0.00
2855,Pursuer,0.379,0.432,0.201,0.105,0.00
2856,Runner,0.379,0.432,0.133,0.138,2.56
2857,Runner,0.379,0.432,0.164,0.137,3.66
2858,Pursuer,0.379,0.432,0.000,0.000,0.00
2859,Pursuer,0.379,0.432,0.140,0.146,0.00
2860,Runner,0.379,0.432,0.000,0.000,0.00
2861,Runner,0.380,0.432,0.171,0.152,3.34
2862,Pursuer,0.379,0.432,0.000,0.000,0.00
2863,Runner,0.380,0.432,0.134,0.137,0.00
2864,Runner,0.380,0.432,0.139,0.169,1.44
2865,Pursuer,0.380,0.432,0.163,0.119,0.00
2866,Pursuer,0.380,0.432,0.099,0.066,0.00
2867,Runner,0.380,0.432,0.143,0.157,2.92
2868,Draw,0.380,0.432,0.160,0.159,17.42
2869,Runner,0.380,0.432,0.152,0.140,0.00
2870,Runner,0.380,0.431,0.000,0.000,0.00
2871,Pursuer,0.380,0.432,0.156,0.143,0.00
2872,Pursuer,0.380,0.432,0.136,0.162,0.00
2873,Runner,0.380,0.432,0.141,0.153,0.00
2874,Draw,0.380,0.431,0.150,0.150,13.12
2875,Pursuer,0.380,0.432,0.155,0.152,0.00
2876,Pursuer,0.380,0.432,0.123,0.159,0.00
2877,Pursuer,0.380,0.432,0.148,0.149,0.00
2878,Runner,0.380,0.432,0.126,0.140,0.16
2879,Pursuer,0.380,0.432,0.161,0.132,0.00
2880,Runner,0.380,0.432,0.149,0.125,0.00
2881,Pursuer,0.380,0.432,0.000,0.000,0.00
2882,Runner,0.380,0.432,0.149,0.141,0.50
2883,Pursuer,0.380,0.432,0.154,0.147,0.00
2884,Runner,0.380,0.432,0.131,0.149,0.02
2885,Runner,0.380,0.432,0.126,0.156,4.06
2886,Runner,0.380,0.432,0.145,0.155,1.48
2887,Runner,0.381,0.432,0.135,0.151,1.04
2888,Draw,0.381,0.431,0.143,0.137,0.00
2889,Runner,0.381,0.431,0.138,0.153,1.12
2890,Draw,0.381,0.431,0.140,0.141,16.82
2891,Pursuer,0.380,0.431,0.152,0.140,0.00
2892,Runner,0.381,0.431,0.137,0.148,4.44
2893,Draw,0.381,0.431,0.162,0.150,16.88
2894,Runner,0.381,0.431,0.151,0.138,17.42
2895,Runner,0.381,0.431,0.123,0.147,0.00
2896,Runner,0.381,0.431,0.219,0.109,0.00
2897,Runner,0.381,0.430,0.172,0.161,0.00
2898,Runner,0.382,0.430,0.147,0.146,11.24
2899,Pursuer,0.382,0.430,0.000,0.000,0.00
2900,Pursuer,0.381,0.431,0.136,0.144,0.00
2901,Runner,0.382,0.431,0.130,0.157,1.82
2902,Pursuer,0.381,0.431,0.149,0.155,0.00
2903,Pursuer,0.381,0.431,0.124,0.144,0.00
2904,Pursuer,0.381,0.431,0.175,0.161,0.00
2905,Pursuer,0.381,0.431,0.148,0.100,0.00
2906,Runner,0.381,0.431,0.135,0.166,0.00
2907,Pursuer,0.381,0.431,0.141,0.144,0.00
2908,Pursuer,0.381,0.432,0.056,0.021,0.00
2909,Pursuer,0.381,0.432,0.155,0.128,0.00
2910,Pursuer,0.381,0.432,0.147,0.133,0.00
2911,Runner,0.381,0.432,0.138,0.122,3.14
2912,Runner,0.381,0.432,0.138,0.142,3.04
2913,Pursuer,0.381,0.432,0.123,0.182,0.00
2914,Runner,0.381,0.432,0.142,0.129,5.94
2915,Pursuer,0.381,0.432,0.000,0.000,0.00
2916,Draw,0.381,0.432,0.151,0.147,17.52
2917,Runner,0.381,0.432,0.130,0.119,0.56
2918,Runner,0.381,0.431,0.122,0.155,0.00
2919,Runner,0.382,0.431,0.136,0.138,0.00
2920,Pursuer,0.382,0.432,0.115,0.192,0.00
2921,Runner,0.382,0.431,0.121,0.121,2.00
2922,Runner,0.382,0.431,0.148,0.150,0.00
2923,Runner,0.382,0.431,0.084,0.051,0.00
2924,Draw,0.382,0.431,0.145,0.157,17.82
2925,Pursuer,0.382,0.431,0.151,0.128,0.00
2926,Draw,0.382,0.431,0.138,0.133,7.24
2927,Pursuer,0.382,0.431,0.134,0.086,0.00
2928,Pursuer,0.381,0.431,0.151,0.154,0.00
2929,Draw,0.381,0.431,0.144,0.154,17.90
2930,Runner,0.382,0.431,0.140,0.142,0.74
2931,Pursuer,0.381,0.431,0.195,0.095,0.00
2932,Pursuer,0.381,0.431,0.145,0.147,0.00
2933,Runner,0.382,0.431,0.133,0.147,0.00
2934,Pursuer,0.381,0.431,0.158,0.141,0.00
2935,Pursuer,0.381,0.432,0.195,0.125,0.00
2936,Pursuer,0.381,0.432,0.144,0.145,0.00
2937,Pursuer,0.381,0.432,0.150,0.138,0.00
2938,Runner,0.381,0.432,0.126,0.154,0.00
2939,Runner,0.381,0.432,0.160,0.143,0.00
2940,Pursuer,0.381,0.432,0.152,0.152,0.00
2941,Pursuer,0.381,0.432,0.121,0.145,0.00
2942,Pursuer,0.381,0.432,0.155,0.148,0.00
2943,Runner,0.381,0.432,0.141,0.139,0.00
2944,Runner,0.381,0.432,0.092,0.263,0.00
2945,Pursuer,0.381,0.432,0.139,0.137,0.00
2946,Pursuer,0.381,0.432,0.135,0.150,0.00
2947,Runner,0.381,0.432,0.150,0.159,4.94
2948,Pursuer,0.381,0.432,0.139,0.179,0.00
2949,Runner,0.381,0.432,0.142,0.150,0.00
2950,Runner,0.382,0.432,0.131,0.114,0.00
2951,Runner,0.382,0.432,0.154,0.143,0.00
2952,Runner,0.382,0.432,0.128,0.140,0.52
2953,Runner,0.382,0.432,0.196,0.128,0.00
2954,Pursuer,0.382,0.432,0.147,0.140,0.00
2955,Runner,0.382,0.432,0.131,0.144,2.42
2956,Pursuer,0.382,0.432,0.164,0.154,0.00
2957,Pursuer,0.382,0.432,0.144,0.125,0.00
2958,Runner,0.382,0.432,0.154,0.146,0.00
2959,Pursuer,0.382,0.432,0.174,0.116,0.00
2960,Runner,0.382,0.432,0.160,0.152,0.00
2961,Runner,0.383,0.432,0.145,0.132,0.14
2962,Draw,0.383,0.432,0.147,0.141,15.14
2963,Pursuer,0.382,0.432,0.119,0.158,0.00
2964,Runner,0.383,0.432,0.139,0.125,0.00
2965,Pursuer,0.382,0.432,0.155,0.153,0.00
2966,Pursuer,0.382,0.432,0.060,0.272,0.00
2967,Runner,0.383,0.432,0.000,0.000,0.02
2968,Pursuer,0.382,0.432,0.157,0.150,0.00
2969,Pursuer,0.382,0.432,0.131,0.146,0.00
2970,Runner,0.382,0.432,0.145,0.156,0.00
2971,Pursuer,0.382,0.433,0.165,0.131,0.00
2972,Runner,0.383,0.432,0.152,0.165,0.18
2973,Pursuer,0.382,0.433,0.134,0.139,0.00
2974,Pursuer,0.382,0.433,0.156,0.142,0.00
2975,Runner,0.383,0.433,0.152,0.141,0.00
2976,Pursuer,0.382,0.433,0.000,0.000,0.00
2977,Pursuer,0.382,0.433,0.146,0.139,0.00
2978,Runner,0.382,0.433,0.000,0.000,0.00
2979,Runner,0.383,0.433,0.134,0.149,7.32
2980,Runner,0.383,0.433,0.167,0.120,0.00
2981,Pursuer,0.383,0.433,0.146,0.141,0.00
2982,Runner,0.383,0.433,0.126,0.146,2.40
2983,Pursuer,0.383,0.433,0.141,0.146,0.00
2984,Pursuer,0.383,0.433,0.171,0.154,0.00
2985,Runner,0.383,0.433,0.143,0.130,3.76
2986,Runner,0.383,0.433,0.155,0.151,6.64
2987,Pursuer,0.383,0.433,0.144,0.132,0.00
2988,Runner,0.383,0.433,0.144,0.143,0.34
2989,Runner,0.383,0.433,0.140,0.158,0.00
2990,Pursuer,0.383,0.433,0.132,0.131,0.00
2991,Runner,0.383,0.433,0.137,0.142,1.64
2992,Pursuer,0.383,0.433,0.211,0.070,0.00
2993,Pursuer,0.383,0.433,0.075,0.212,0.00
2994,Draw,0.383,0.433,0.148,0.141,17.82
2995,Runner,0.383,0.433,0.178,0.165,0.00
2996,Draw,0.383,0.433,0.152,0.147,0.00
2997,Runner,0.383,0.432,0.168,0.139,2.36
2998,Runner,0.384,0.432,0.183,0.176,0.00
2999,Pursuer,0.383,0.432,0.159,0.137,0.00
3000,Pursuer,0.383,0.433,0.073,0.055,0.00
3001,Runner,0.384,0.433,0.144,0.150,3.58
3002,Runner,0.384,0.432,0.122,0.166,1.52
3003,Pursuer,0.384,0.433,0.159,0.132,0.00
3004,Runner,0.384,0.432,0.148,0.171,0.16
3005,Runner,0.384,0.432,0.139,0.156,2.90
3006,Pursuer,0.384,0.432,0.176,0.147,0.00
3007,Pursuer,0.384,0.433,0.147,0.154,0.00
3008,Pursuer,0.384,0.433,0.140,0.151,0.00
3009,Runner,0.384,0.433,0.154,0.151,1.64
3010,Pursuer,0.384,0.433,0.163,0.107,0.00
3011,Runner,0.384,0.433,0.173,0.165,0.00
3012,Runner,0.384,0.433,0.127,0.115,0.00
3013,Pursuer,0.384,0.433,0.131,0.142,0.00
3014,Runner,0.384,0.433,0.139,0.139,2.58
3015,Pursuer,0.384,0.433,0.161,0.097,0.00
3016,Pursuer,0.384,0.433,0.134,0.160,0.00
3017,Pursuer,0.384,0.433,0.165,0.108,0.00
3018,Runner,0.384,0.433,0.120,0.137,3.86
3019,Pursuer,0.384,0.433,0.144,0.157,0.00
3020,Draw,0.384,0.433,0.152,0.139,0.00
3021,Runner,0.384,0.433,0.145,0.125,0.00
3022,Runner,0.384,0.433,0.161,0.151,1.02
3023,Runner,0.384,0.433,0.153,0.122,0.00
3024,Pursuer,0.384,0.433,0.157,0.159,0.00
3025,Pursuer,0.384,0.433,0.145,0.153,0.00
3026,Pursuer,0.384,0.433,0.151,0.126,0.00
3027,Runner,0.384,0.433,0.156,0.160,0.00
3028,Pursuer,0.384,0.433,0.034,0.063,0.00
3029,Pursuer,0.384,0.433,0.139,0.144,0.00
3030,Runner,0.384,0.433,0.114,0.112,0.00
3031,Runner,0.384,0.433,0.134,0.152,1.88
3032,Runner,0.385,0.433,0.160,0.150,0.00
3033,Runner,0.385,0.433,0.145,0.144,0.00
3034,Pursuer,0.385,0.433,0.153,0.148,0.00
3035,Runner,0.385,0.433,0.124,0.138,2.60
3036,Runner,0.385,0.433,0.141,0.138,8.52
3037,Runner,0.385,0.433,0.137,0.155,0.00
3038,Pursuer,0.385,0.433,0.134,0.179,0.00
3039,Pursuer,0.385,0.433,0.164,0.129,0.00
3040,Runner,0.385,0.433,0.106,0.174,0.00
3041,Draw,0.385,0.433,0.163,0.135,17.48
3042,Pursuer,0.385,0.433,0.206,0.127,0.00
3043,Runner,0.385,0.433,0.149,0.181,2.16
3044,Runner,0.385,0.433,0.152,0.164,0.58
3045,Runner,0.386,0.433,0.135,0.139,2.36
3046,Pursuer,0.385,0.433,0.143,0.150,0.00
3047,Pursuer,0.385,0.433,0.144,0.141,0.00
3048,Runner,0.385,0.433,0.133,0.157,0.52
3049,Runner,0.386,0.433,0.143,0.145,0.00
3050,Pursuer,0.386,0.433,0.129,0.116,0.00
3051,Runner,0.386,0.433,0.138,0.149,6.08
3052,Pursuer,0.386,0.433,0.145,0.157,0.00
3053,Runner,0.386,0.433,0.130,0.159,0.00
3054,Pursuer,0.386,0.433,0.146,0.155,0.00
3055,Draw,0.386,0.433,0.148,0.150,18.30
3056,Runner,0.386,0.433,0.155,0.159,1.36
3057,Pursuer,0.386,0.433,0.000,0.000,0.00
3058,Runner,0.386,0.433,0.112,0.192,0.00
3059,Pursuer,0.386,0.433,0.143,0.157,0.00
3060,Pursuer,0.386,0.433,0.142,0.129,0.00
3061,Pursuer,0.385,0.433,0.143,0.122,0.00
3062,Runner,0.386,0.433,0.132,0.133,0.00
3063,Pursuer,0.386,0.433,0.138,0.150,0.00
3064,Runner,0.386,0.433,0.117,0.129,0.00
3065,Pursuer,0.386,0.433,0.155,0.136,0.00
3066,Runner,0.386,0.433,0.149,0.103,0.48
3067,Runner,0.386,0.433,0.097,0.101,0.00
3068,Runner,0.386,0.433,0.104,0.163,0.56
3069,Runner,0.386,0.433,0.136,0.158,0.00
3070,Pursuer,0.386,0.433,0.150,0.143,0.00
3071,Runner,0.387,0.433,0.125,0.124,0.98
3072,Runner,0.387,0.433,0.126,0.134,2.98
3073,Runner,0.387,0.432,0.150,0.129,0.56
3074,Runner,0.387,0.432,0.136,0.134,0.00
3075,Runner,0.387,0.432,0.148,0.164,0.00
3076,Pursuer,0.387,0.432,0.144,0.149,0.00
3077,Runner,0.387,0.432,0.133,0.146,2.92
3078,Pursuer,0.387,0.432,0.143,0.141,0.00
3079,Pursuer,0.387,0.433,0.149,0.150,0.00
3080,Runner,0.387,0.432,0.135,0.118,2.56
3081,Pursuer,0.387,0.433,0.172,0.161,0.00
3082,Runner,0.387,0.433,0.126,0.171,0.00
3083,Pursuer,0.387,0.433,0.152,0.145,0.00
3084,Pursuer,0.387,0.433,0.160,0.120,0.00
3085,Pursuer,0.387,0.433,0.098,0.151,0.00
3086,Runner,0.387,0.433,0.149,0.158,4.56
3087,Draw,0.387,0.433,0.148,0.139,4.50
3088,Pursuer,0.387,0.433,0.149,0.141,0.00
3089,Pursuer,0.387,0.433,0.143,0.134,0.00
3090,Runner,0.387,0.433,0.162,0.149,0.00
3091,Pursuer,0.387,0.433,0.158,0.146,0.00
3092,Runner,0.387,0.433,0.130,0.165,0.00
3093,Runner,0.387,0.433,0.141,0.134,2.76
3094,Pursuer,0.387,0.433,0.175,0.144,0.00
3095,Pursuer,0.387,0.433,0.131,0.092,0.00
3096,Pursuer,0.387,0.433,0.157,0.135,0.00
3097,Pursuer,0.387,0.434,0.077,0.137,0.00
3098,Runner,0.387,0.434,0.144,0.133,0.16
3099,Runner,0.387,0.433,0.155,0.166,0.00
3100,Runner,0.387,0.433,0.155,0.142,6.16
3101,Runner,0.388,0.433,0.141,0.165,3.38
3102,Pursuer,0.387,0.433,0.124,0.122,0.00
3103,Pursuer,0.387,0.433,0.139,0.159,0.00
3104,Runner,0.388,0.433,0.154,0.135,0.00
3105,Pursuer,0.387,0.433,0.093,0.131,0.00
3106,Runner,0.388,0.433,0.141,0.120,0.32
3107,Pursuer,0.388,0.434,0.178,0.122,0.00
3108,Runner,0.388,0.433,0.142,0.180,2.66
3109,Pursuer,0.388,0.434,0.144,0.163,0.00
3110,Runner,0.388,0.433,0.116,0.124,2.86
3111,Pursuer,0.388,0.434,0.147,0.119,0.00
3112,Runner,0.388,0.433,0.170,0.146,0.00
3113,Pursuer,0.388,0.434,0.167,0.142,0.00
3114,Pursuer,0.388,0.434,0.131,0.127,0.00
3115,Runner,0.388,0.434,0.156,0.154,0.00
3116,Pursuer,0.388,0.434,0.128,0.127,0.00
3117,Pursuer,0.388,0.434,0.152,0.121,0.00
3118,Pursuer,0.387,0.434,0.143,0.144,0.00
3119,Runner,0.388,0.434,0.154,0.149,0.00
3120,Pursuer,0.388,0.434,0.131,0.192,0.00
3121,Runner,0.388,0.434,0.148,0.143,5.72
3122,Pursuer,0.388,0.434,0.000,0.000,0.00
3123,Pursuer,0.387,0.435,0.145,0.149,0.00
3124,Draw,0.387,0.434,0.152,0.149,18.48
3125,Runner,0.388,0.434,0.150,0.149,0.00
3126,Pursuer,0.387,0.434,0.138,0.140,0.00
3127,Pursuer,0.387,0.435,0.181,0.131,0.00
3128,Runner,0.387,0.434,0.165,0.131,0.88
3129,Pursuer,0.387,0.435,0.150,0.150,0.00
3130,Runner,0.388,0.435,0.142,0.174,0.58
3131,Pursuer,0.387,0.435,0.136,0.131,0.00
3132,Runner,0.388,0.435,0.147,0.131,0.00
3133,Pursuer,0.387,0.435,0.134,0.146,0.00
3134,Pursuer,0.387,0.435,0.135,0.124,0.00
3135,Pursuer,0.387,0.435,0.172,0.202,0.00
3136,Runner,0.387,0.435,0.149,0.130,0.00
3137,Runner,0.388,0.435,0.149,0.138,0.00
3138,Draw,0.388,0.435,0.137,0.146,19.72
3139,Pursuer,0.387,0.435,0.150,0.147,0.00
3140,Runner,0.388,0.435,0.000,0.000,0.02
3141,Runner,0.388,0.435,0.128,0.163,0.34
3142,Runner,0.388,0.434,0.156,0.132,8.16
3143,Pursuer,0.388,0.435,0.149,0.146,0.00
3144,Pursuer,0.388,0.435,0.147,0.149,0.00
3145,Pursuer,0.388,0.435,0.161,0.144,0.00
3146,Runner,0.388,0.435,0.108,0.132,0.00
3147,Pursuer,0.388,0.435,0.160,0.146,0.00
3148,Pursuer,0.388,0.435,0.161,0.156,0.00
3149,Pursuer,0.387,0.435,0.155,0.120,0.00
3150,Draw,0.387,0.435,0.150,0.139,0.00
3151,Runner,0.387,0.435,0.163,0.141,4.74
3152,Draw,0.387,0.435,0.155,0.156,14.74
3153,Draw,0.387,0.435,0.155,0.141,15.78
3154,Pursuer,0.387,0.435,0.132,0.112,0.00
3155,Runner,0.387,0.435,0.126,0.149,0.00
3156,Pursuer,0.387,0.435,0.135,0.120,0.00
3157,Pursuer,0.387,0.435,0.148,0.172,0.00
3158,Runner,0.387,0.435,0.121,0.135,0.00
3159,Runner,0.387,0.435,0.129,0.124,0.00
3160,Runner,0.388,0.435,0.144,0.133,4.68
3161,Runner,0.388,0.435,0.119,0.181,0.00
3162,Runner,0.388,0.435,0.049,0.298,0.00
3163,Pursuer,0.388,0.435,0.141,0.178,0.00
3164,Runner,0.388,0.435,0.152,0.134,0.58
3165,Pursuer,0.388,0.435,0.201,0.154,0.00
3166,Draw,0.388,0.435,0.143,0.152,19.98
3167,Runner,0.388,0.434,0.154,0.156,1.30
3168,Pursuer,0.388,0.435,0.132,0.135,0.00
3169,Pursuer,0.388,0.435,0.151,0.145,0.00
3170,Runner,0.388,0.435,0.142,0.110,0.00
3171,Runner,0.388,0.435,0.153,0.168,8.84
3172,Pursuer,0.388,0.435,0.142,0.144,0.00
3173,Runner,0.388,0.435,0.138,0.144,1.22
3174,Pursuer,0.388,0.435,0.178,0.149,0.00
3175,Pursuer,0.388,0.435,0.147,0.097,0.00
3176,Runner,0.388,0.435,0.152,0.160,1.84
3177,Runner,0.388,0.435,0.084,0.186,0.00
3178,Draw,0.388,0.435,0.133,0.141,17.20
3179,Pursuer,0.388,0.435,0.129,0.150,0.00
3180,Pursuer,0.388,0.435,0.165,0.145,0.00
3181,Runner,0.388,0.435,0.144,0.138,0.00
3182,Pursuer,0.388,0.435,0.284,0.111,0.00
3183,Runner,0.388,0.435,0.154,0.135,1.56
3184,Runner,0.389,0.435,0.134,0.140,1.80
3185,Pursuer,0.388,0.435,0.079,0.095,0.00
3186,Runner,0.389,0.435,0.139,0.137,0.14
3187,Pursuer,0.388,0.435,0.153,0.152,0.00
3188,Pursuer,0.388,0.435,0.050,0.101,0.00
3189,Pursuer,0.388,0.435,0.241,0.189,0.00
3190,Runner,0.388,0.435,0.140,0.152,0.58
3191,Runner,0.389,0.435,0.157,0.159,0.00
3192,Pursuer,0.388,0.435,0.134,0.139,0.00
3193,Pursuer,0.388,0.435,0.105,0.137,0.00
3194,Draw,0.388,0.435,0.138,0.155,2.18
3195,Pursuer,0.388,0.435,0.141,0.142,0.00
3196,Runner,0.388,0.435,0.136,0.152,1.44
3197,Runner,0.388,0.435,0.137,0.135,0.00
3198,Pursuer,0.388,0.435,0.126,0.157,0.00
3199,Runner,0.389,0.435,0.123,0.138,0.00
3200,Pursuer,0.388,0.435,0.152,0.161,0.00
3201,Pursuer,0.388,0.435,0.148,0.142,0.00
3202,Pursuer,0.388,0.436,0.292,0.174,0.00
3203,Pursuer,0.388,0.436,0.135,0.114,0.00
3204,Runner,0.388,0.436,0.192,0.153,1.44
3205,Runner,0.388,0.436,0.170,0.127,3.80
3206,Pursuer,0.388,0.436,0.000,0.000,0.00
3207,Runner,0.389,0.436,0.125,0.092,0.00
3208,Runner,0.389,0.435,0.138,0.160,4.64
3209,Draw,0.389,0.435,0.150,0.144,19.18
3210,Runner,0.389,0.435,0.148,0.172,0.00
3211,Pursuer,0.389,0.435,0.138,0.140,0.00
3212,Runner,0.389,0.435,0.150,0.145,0.24
3213,Pursuer,0.389,0.435,0.121,0.160,0.00
3214,Runner,0.389,0.435,0.153,0.141,1.92
3215,Runner,0.389,0.435,0.144,0.131,0.00
3216,Draw,0.389,0.435,0.146,0.154,18.74
3217,Pursuer,0.389,0.435,0.122,0.084,0.00
3218,Pursuer,0.389,0.435,0.130,0.154,0.00
3219,Pursuer,0.389,0.436,0.116,0.135,0.00
3220,Pursuer,0.389,0.436,0.152,0.148,0.00
3221,Pursuer,0.388,0.436,0.174,0.148,0.00
3222,Runner,0.389,0.436,0.154,0.157,0.12
3223,Draw,0.388,0.436,0.148,0.145,14.58
3224,Pursuer,0.388,0.436,0.166,0.135,0.00
3225,Runner,0.389,0.436,0.146,0.156,0.08
3226,Pursuer,0.388,0.436,0.144,0.154,0.00
3227,Pursuer,0.388,0.436,0.176,0.133,0.00
3228,Pursuer,0.388,0.436,0.146,0.138,0.00
3229,Pursuer,0.388,0.436,0.138,0.136,0.00
3230,Runner,0.388,0.436,0.153,0.171,0.00
3231,Runner,0.388,0.436,0.162,0.134,0.00
3232,Pursuer,0.388,0.436,0.132,0.144,0.00
3233,Runner,0.388,0.436,0.157,0.126,1.76
3234,Draw,0.388,0.436,0.152,0.158,18.30
3235,Runner,0.389,0.436,0.172,0.129,0.00
3236,Runner,0.389,0.436,0.128,0.123,0.70
3237,Runner,0.389,0.436,0.153,0.125,3.44
3238,Pursuer,0.389,0.436,0.153,0.147,0.00
3239,Pursuer,0.389,0.436,0.153,0.154,0.00
3240,Runner,0.389,0.436,0.133,0.161,2.48
3241,Runner,0.389,0.436,0.164,0.133,0.00
3242,Runner,0.389,0.436,0.127,0.161,0.00
3243,Runner,0.389,0.435,0.128,0.137,0.16
3244,Pursuer,0.389,0.436,0.143,0.154,0.00
3245,Pursuer,0.389,0.436,0.105,0.195,0.00
3246,Pursuer,0.389,0.436,0.194,0.170,0.00
3247,Runner,0.389,0.436,0.152,0.150,0.00
3248,Runner,0.389,0.436,0.151,0.145,2.14
3249,Pursuer,0.389,0.436,0.169,0.142,0.00
3250,Pursuer,0.389,0.436,0.133,0.139,0.00
3251,Runner,0.389,0.436,0.150,0.177,0.00
3252,Runner,0.390,0.436,0.142,0.159,0.00
3253,Pursuer,0.389,0.436,0.146,0.168,0.00
3254,Runner,0.390,0.436,0.149,0.152,0.00
3255,Runner,0.390,0.436,0.182,0.154,0.00
3256,Pursuer,0.390,0.436,0.140,0.138,0.00
3257,Runner,0.390,0.436,0.137,0.142,1.64
3258,Runner,0.390,0.436,0.193,0.107,0.00
3259,Pursuer,0.390,0.436,0.122,0.114,0.00
3260,Draw,0.390,0.436,0.145,0.148,16.96
3261,Pursuer,0.390,0.436,0.121,0.089,0.00
3262,Runner,0.390,0.436,0.135,0.132,0.30
3263,Pursuer,0.390,0.436,0.026,0.027,0.00
3264,Pursuer,0.390,0.436,0.133,0.146,0.00
3265,Runner,0.390,0.436,0.155,0.154,2.74
3266,Pursuer,0.390,0.436,0.108,0.117,0.00
3267,Pursuer,0.390,0.436,0.123,0.140,0.00
3268,Runner,0.390,0.436,0.142,0.155,0.56
3269,Pursuer,0.390,0.436,0.150,0.159,0.00
3270,Pursuer,0.390,0.436,0.127,0.157,0.00
3271,Runner,0.390,0.436,0.150,0.144,0.96
3272,Runner,0.390,0.436,0.144,0.158,3.68
3273,Runner,0.390,0.436,0.174,0.128,1.86
3274,Pursuer,0.390,0.436,0.161,0.146,0.00
3275,Pursuer,0.390,0.436,0.114,0.125,0.00
3276,Runner,0.390,0.436,0.147,0.131,0.00
3277,Pursuer,0.390,0.436,0.143,0.126,0.00
3278,Draw,0.390,0.436,0.142,0.151,16.50
3279,Pursuer,0.390,0.436,0.136,0.127,0.00
3280,Runner,0.390,0.436,0.150,0.136,1.08
3281,Pursuer,0.390,0.436,0.153,0.139,0.00
3282,Runner,0.390,0.436,0.132,0.121,6.22
3283,Draw,0.390,0.436,0.146,0.140,5.96
3284,Pursuer,0.390,0.436,0.217,0.191,0.00
3285,Pursuer,0.390,0.437,0.146,0.164,0.00
3286,Pursuer,0.390,0.437,0.139,0.133,0.00
3287,Pursuer,0.389,0.437,0.155,0.140,0.00
3288,Runner,0.390,0.437,0.143,0.155,4.04
3289,Runner,0.390,0.437,0.140,0.141,6.04
3290,Pursuer,0.390,0.437,0.169,0.174,0.00
3291,Runner,0.390,0.437,0.131,0.142,6.90
3292,Pursuer,0.390,0.437,0.155,0.140,0.00
3293,Pursuer,0.390,0.437,0.148,0.174,0.00
3294,Runner,0.390,0.437,0.000,0.000,0.02
3295,Pursuer,0.390,0.437,0.153,0.130,0.00
3296,Pursuer,0.390,0.437,0.137,0.158,0.00
3297,Runner,0.390,0.437,0.126,0.195,0.00
3298,Pursuer,0.390,0.437,0.149,0.163,0.00
3299,Pursuer,0.390,0.437,0.143,0.144,0.00
3300,Runner,0.390,0.437,0.150,0.124,2.56
3301,Pursuer,0.390,0.437,0.121,0.161,0.00
3302,Runner,0.390,0.437,0.144,0.160,0.70
3303,Pursuer,0.390,0.437,0.112,0.115,0.00
3304,Draw,0.390,0.437,0.154,0.155,18.40
3305,Runner,0.390,0.437,0.079,0.153,0.00
3306,Draw,0.390,0.437,0.151,0.155,12.96
3307,Pursuer,0.389,0.437,0.168,0.140,0.00
3308,Runner,0.390,0.437,0.155,0.157,0.00
3309,Runner,0.390,0.437,0.127,0.176,1.24
3310,Runner,0.390,0.437,0.147,0.127,1.24
3311,Pursuer,0.390,0.437,0.144,0.145,0.00
3312,Pursuer,0.390,0.437,0.166,0.145,0.00
3313,Draw,0.390,0.437,0.149,0.136,0.02
3314,Runner,0.390,0.437,0.169,0.171,0.00
3315,Draw,0.390,0.437,0.145,0.149,12.32
3316,Draw,0.390,0.437,0.143,0.161,18.74
3317,Pursuer,0.390,0.437,0.147,0.140,0.00
3318,Draw,0.389,0.437,0.138,0.158,15.20
3319,Draw,0.389,0.437,0.145,0.145,18.20
3320,Runner,0.389,0.436,0.148,0.104,0.00
3321,Pursuer,0.389,0.437,0.306,0.256,0.00
3322,Runner,0.390,0.436,0.138,0.154,0.00
3323,Runner,0.390,0.436,0.149,0.131,0.00
3324,Pursuer,0.390,0.437,0.116,0.139,0.00
3325,Pursuer,0.389,0.437,0.124,0.136,0.00
3326,Runner,0.390,0.437,0.109,0.154,0.10
3327,Runner,0.390,0.436,0.187,0.150,0.00
3328,Runner,0.390,0.436,0.166,0.140,1.30
3329,Runner,0.390,0.436,0.145,0.172,4.22
3330,Pursuer,0.390,0.436,0.147,0.154,0.00
3331,Runner,0.390,0.436,0.146,0.137,2.32
3332,Runner,0.390,0.436,0.153,0.137,0.00
3333,Pursuer,0.390,0.436,0.148,0.160,0.00
3334,Runner,0.391,0.436,0.158,0.165,1.88
3335,Pursuer,0.390,0.436,0.134,0.145,0.00
3336,Pursuer,0.390,0.436,0.165,0.074,0.00
3337,Pursuer,0.390,0.437,0.155,0.142,0.00
3338,Runner,0.390,0.436,0.139,0.162,5.40
3339,Pursuer,0.390,0.437,0.000,0.000,0.00
3340,Runner,0.390,0.437,0.122,0.170,0.56
3341,Runner,0.391,0.436,0.135,0.126,0.00
3342,Pursuer,0.390,0.437,0.156,0.137,0.00
3343,Runner,0.391,0.436,0.000,0.000,0.02
3344,Runner,0.391,0.436,0.164,0.110,3.18
3345,Runner,0.391,0.436,0.182,0.141,1.24
3346,Pursuer,0.391,0.436,0.164,0.154,0.00
3347,Pursuer,0.391,0.437,0.171,0.144,0.00
3348,Pursuer,0.391,0.437,0.151,0.095,0.00
3349,Runner,0.391,0.437,0.143,0.156,0.98
3350,Runner,0.391,0.436,0.174,0.169,0.00
3351,Pursuer,0.391,0.437,0.141,0.131,0.00
3352,Pursuer,0.391,0.437,0.159,0.160,0.00
3353,Runner,0.391,0.437,0.136,0.147,0.00
3354,Runner,0.391,0.436,0.115,0.167,0.00
3355,Pursuer,0.391,0.437,0.144,0.157,0.00
3356,Runner,0.391,0.437,0.147,0.141,0.00
3357,Draw,0.391,0.436,0.148,0.147,5.82
3358,Pursuer,0.391,0.437,0.150,0.145,0.00
3359,Pursuer,0.391,0.437,0.152,0.134,0.00
3360,Runner,0.391,0.437,0.140,0.137,6.10
3361,Pursuer,0.391,0.437,0.153,0.132,0.00
3362,Pursuer,0.391,0.437,0.150,0.155,0.00
3363,Runner,0.391,0.437,0.150,0.146,0.00
3364,Pursuer,0.391,0.437,0.107,0.113,0.00
3365,Pursuer,0.391,0.437,0.154,0.139,0.00
3366,Pursuer,0.391,0.437,0.136,0.156,0.00
3367,Pursuer,0.391,0.437,0.166,0.123,0.00
3368,Pursuer,0.390,0.438,0.145,0.131,0.00
3369,Pursuer,0.390,0.438,0.134,0.133,0.00
3370,Runner,0.391,0.438,0.127,0.151,0.90
3371,Draw,0.390,0.438,0.138,0.143,14.26
3372,Pursuer,0.390,0.438,0.158,0.147,0.00
3373,Runner,0.390,0.438,0.134,0.150,0.00
3374,Pursuer,0.390,0.438,0.165,0.137,0.00
3375,Pursuer,0.390,0.438,0.159,0.159,0.00
3376,Pursuer,0.390,0.438,0.160,0.146,0.00
3377,Pursuer,0.390,0.438,0.143,0.150,0.00
3378,Pursuer,0.390,0.438,0.119,0.138,0.00
3379,Runner,0.390,0.438,0.132,0.133,0.00
3380,Pursuer,0.390,0.438,0.151,0.135,0.00
3381,Runner,0.390,0.438,0.152,0.154,2.80
3382,Pursuer,0.390,0.438,0.151,0.142,0.00
3383,Runner,0.390,0.438,0.123,0.110,0.00
3384,Runner,0.390,0.438,0.134,0.142,0.00
3385,Runner,0.391,0.438,0.170,0.155,0.00
3386,Runner,0.391,0.438,0.131,0.149,0.00
3387,Runner,0.391,0.438,0.155,0.115,0.00
3388,Runner,0.391,0.438,0.149,0.143,0.00
3389,Runner,0.391,0.438,0.147,0.153,0.00
3390,Pursuer,0.391,0.438,0.135,0.168,0.00
3391,Pursuer,0.391,0.438,0.137,0.149,0.00
3392,Pursuer,0.391,0.438,0.207,0.197,0.00
3393,Runner,0.391,0.438,0.140,0.160,3.66
3394,Pursuer,0.391,0.438,0.152,0.161,0.00
3395,Pursuer,0.391,0.438,0.150,0.149,0.00
3396,Runner,0.391,0.438,0.158,0.131,3.64
3397,Pursuer,0.391,0.438,0.142,0.136,0.00
3398,Pursuer,0.391,0.438,0.146,0.135,0.00
3399,Runner,0.391,0.438,0.129,0.113,0.00
3400,Runner,0.391,0.438,0.132,0.162,3.52
3401,Runner,0.391,0.438,0.130,0.151,3.46
3402,Runner,0.392,0.438,0.126,0.147,2.16
3403,Pursuer,0.391,0.438,0.189,0.110,0.00
3404,Runner,0.392,0.438,0.155,0.125,0.00
3405,Pursuer,0.391,0.438,0.165,0.150,0.00
3406,Pursuer,0.391,0.438,0.146,0.141,0.00
3407,Runner,0.392,0.438,0.109,0.150,0.00
3408,Pursuer,0.391,0.438,0.146,0.114,0.00
3409,Pursuer,0.391,0.439,0.114,0.159,0.00
3410,Pursuer,0.391,0.439,0.131,0.115,0.00
3411,Pursuer,0.391,0.439,0.146,0.152,0.00
3412,Runner,0.391,0.439,0.137,0.177,0.70
3413,Runner,0.391,0.439,0.154,0.162,4.88
3414,Runner,0.392,0.438,0.140,0.154,3.12
3415,Runner,0.392,0.438,0.140,0.175,0.00
3416,Runner,0.392,0.438,0.133,0.146,5.70
3417,Pursuer,0.392,0.438,0.000,0.000,0.00
3418,Pursuer,0.392,0.439,0.149,0.168,0.00
3419,Pursuer,0.392,0.439,0.159,0.149,0.00
3420,Pursuer,0.392,0.439,0.131,0.148,0.00
3421,Pursuer,0.391,0.439,0.115,0.162,0.00
3422,Pursuer,0.391,0.439,0.150,0.130,0.00
3423,Pursuer,0.391,0.439,0.150,0.152,0.00
3424,Pursuer,0.391,0.440,0.134,0.151,0.00
3425,Pursuer,0.391,0.440,0.167,0.145,0.00
3426,Pursuer,0.391,0.440,0.168,0.145,0.00
3427,Runner,0.391,0.440,0.191,0.157,0.00
3428,Runner,0.391,0.440,0.137,0.130,0.00
3429,Pursuer,0.391,0.440,0.186,0.119,0.00
3430,Runner,0.391,0.440,0.126,0.124,2.80
3431,Pursuer,0.391,0.440,0.153,0.142,0.00
3432,Pursuer,0.391,0.440,0.170,0.135,0.00
3433,Runner,0.391,0.440,0.137,0.140,1.36
3434,Runner,0.391,0.440,0.248,0.176,0.00
3435,Pursuer,0.391,0.440,0.155,0.176,0.00
3436,Runner,0.391,0.440,0.146,0.172,1.84
3437,Pursuer,0.391,0.440,0.164,0.141,0.00
3438,Pursuer,0.391,0.440,0.194,0.158,0.00
3439,Pursuer,0.391,0.440,0.158,0.140,0.00
3440,Runner,0.391,0.440,0.152,0.161,0.00
3441,Pursuer,0.391,0.440,0.226,0.157,0.00
3442,Pursuer,0.391,0.440,0.136,0.148,0.00
3443,Runner,0.391,0.440,0.145,0.125,0.38
3444,Pursuer,0.391,0.440,0.153,0.136,0.00
3445,Pursuer,0.391,0.441,0.146,0.131,0.00
3446,Pursuer,0.391,0.441,0.151,0.146,0.00
3447,Pursuer,0.391,0.441,0.150,0.150,0.00
3448,Runner,0.391,0.441,0.409,0.290,0.00
3449,Draw,0.391,0.441,0.145,0.141,0.00
3450,Runner,0.391,0.441,0.065,0.082,0.22
3451,Runner,0.391,0.440,0.159,0.139,0.00
3452,Runner,0.391,0.440,0.130,0.181,1.98
3453,Runner,0.392,0.440,0.149,0.132,0.00
3454,Pursuer,0.391,0.440,0.172,0.142,0.00
3455,Runner,0.392,0.440,0.120,0.133,0.00
3456,Runner,0.392,0.440,0.141,0.125,0.00
3457,Pursuer,0.392,0.440,0.217,0.157,0.00
3458,Pursuer,0.392,0.440,0.146,0.128,0.00
3459,Runner,0.392,0.440,0.160,0.156,0.34
3460,Runner,0.392,0.440,0.140,0.144,0.00
3461,Runner,0.392,0.440,0.115,0.112,0.00
3462,Pursuer,0.392,0.440,0.155,0.121,0.00
3463,Runner,0.392,0.440,0.148,0.150,1.38
3464,Runner,0.392,0.440,0.141,0.147,1.26
3465,Pursuer,0.392,0.440,0.143,0.157,0.00
3466,Pursuer,0.392,0.440,0.148,0.121,0.00
3467,Runner,0.392,0.440,0.147,0.146,2.00
3468,Draw,0.392,0.440,0.154,0.148,0.00
3469,Pursuer,0.392,0.440,0.119,0.130,0.00
3470,Runner,0.392,0.440,0.144,0.137,1.04
3471,Runner,0.392,0.440,0.159,0.163,0.00
3472,Pursuer,0.392,0.440,0.126,0.165,0.00
3473,Runner,0.392,0.440,0.166,0.127,0.00
3474,Pursuer,0.392,0.440,0.513,0.415,0.00
3475,Pursuer,0.392,0.440,0.148,0.150,0.00
3476,Pursuer,0.392,0.440,0.169,0.140,0.00
3477,Runner,0.392,0.440,0.114,0.156,1.90
3478,Runner,0.392,0.440,0.150,0.156,0.00
3479,Runner,0.393,0.440,0.158,0.155,3.04
3480,Pursuer,0.393,0.440,0.147,0.157,0.00
3481,Runner,0.393,0.440,0.140,0.141,5.26
3482,Pursuer,0.393,0.440,0.123,0.089,0.00
3483,Runner,0.393,0.440,0.143,0.148,0.00
3484,Runner,0.393,0.440,0.160,0.148,1.86
3485,Pursuer,0.393,0.440,0.140,0.134,0.00
3486,Pursuer,0.393,0.440,0.144,0.142,0.00
3487,Runner,0.393,0.440,0.158,0.143,0.00
3488,Runner,0.393,0.440,0.139,0.126,0.84
3489,Pursuer,0.393,0.440,0.143,0.148,0.00
3490,Runner,0.393,0.440,0.140,0.116,0.00
3491,Pursuer,0.393,0.440,0.121,0.096,0.00
3492,Pursuer,0.393,0.440,0.131,0.145,0.00
3493,Pursuer,0.393,0.441,0.138,0.148,0.00
3494,Pursuer,0.393,0.441,0.132,0.140,0.00
3495,Runner,0.393,0.441,0.154,0.119,0.00
3496,Runner,0.393,0.441,0.106,0.165,0.00
3497,Runner,0.393,0.440,0.161,0.152,4.80
3498,Runner,0.393,0.440,0.108,0.133,0.32
3499,Runner,0.394,0.440,0.143,0.126,0.04
3500,Pursuer,0.393,0.440,0.123,0.098,0.00
3501,Runner,0.394,0.440,0.117,0.151,3.64
3502,Pursuer,0.393,0.440,0.132,0.129,0.00
3503,Runner,0.394,0.440,0.106,0.155,0.00
3504,Runner,0.394,0.440,0.170,0.151,0.00
3505,Draw,0.394,0.440,0.136,0.146,19.20
3506,Draw,0.394,0.440,0.145,0.143,16.50
3507,Runner,0.394,0.440,0.140,0.156,2.78
3508,Runner,0.394,0.440,0.192,0.145,0.00
3509,Pursuer,0.394,0.440,0.131,0.162,0.00
3510,Runner,0.394,0.440,0.193,0.123,0.00
3511,Runner,0.394,0.439,0.148,0.127,0.00
3512,Runner,0.394,0.439,0.164,0.135,1.02
3513,Runner,0.395,0.439,0.125,0.145,0.00
3514,Runner,0.395,0.439,0.143,0.144,2.40
3515,Pursuer,0.395,0.439,0.151,0.150,0.00
3516,Pursuer,0.394,0.439,0.147,0.198,0.00
3517,Pursuer,0.394,0.440,0.151,0.149,0.00
3518,Runner,0.395,0.439,0.112,0.139,1.56
3519,Pursuer,0.394,0.440,0.154,0.130,0.00
3520,Runner,0.395,0.439,0.137,0.182,1.04
3521,Pursuer,0.394,0.440,0.112,0.155,0.00
3522,Pursuer,0.394,0.440,0.146,0.159,0.00
3523,Pursuer,0.394,0.440,0.152,0.116,0.00
3524,Runner,0.394,0.440,0.152,0.137,0.00
3525,Runner,0.395,0.440,0.157,0.141,3.14
3526,Pursuer,0.394,0.440,0.147,0.151,0.00
3527,Pursuer,0.394,0.440,0.148,0.150,0.00
3528,Pursuer,0.394,0.440,0.152,0.149,0.00
3529,Pursuer,0.394,0.440,0.151,0.148,0.00
3530,Runner,0.394,0.440,0.151,0.126,0.00
3531,Runner,0.395,0.440,0.136,0.162,7.74
3532,Runner,0.395,0.440,0.123,0.117,0.00
3533,Runner,0.395,0.440,0.134,0.146,0.50
3534,Pursuer,0.395,0.440,0.143,0.146,0.00
3535,Runner,0.395,0.440,0.137,0.131,0.00
3536,Runner,0.395,0.440,0.153,0.137,3.88
3537,Pursuer,0.395,0.440,0.150,0.139,0.00
3538,Pursuer,0.395,0.440,0.141,0.168,0.00
3539,Runner,0.395,0.440,0.172,0.121,2.40
3540,Pursuer,0.395,0.440,0.153,0.133,0.00
3541,Pursuer,0.395,0.440,0.140,0.126,0.00
3542,Runner,0.395,0.440,0.170,0.186,0.00
3543,Pursuer,0.395,0.440,0.120,0.132,0.00
3544,Runner,0.395,0.440,0.133,0.174,0.00
3545,Pursuer,0.395,0.440,0.169,0.154,0.00
3546,Pursuer,0.395,0.440,0.138,0.118,0.00
3547,Runner,0.395,0.440,0.166,0.137,0.00
3548,Pursuer,0.395,0.441,0.000,0.000,0.00
3549,Runner,0.395,0.440,0.131,0.126,5.04
3550,Pursuer,0.395,0.441,0.150,0.140,0.00
3551,Runner,0.395,0.440,0.000,0.000,0.00
3552,Pursuer,0.395,0.441,0.146,0.135,0.00
3553,Pursuer,0.395,0.441,0.168,0.144,0.00
3554,Draw,0.395,0.441,0.147,0.155,18.38
3555,Runner,0.395,0.441,0.145,0.157,5.32
3556,Pursuer,0.395,0.441,0.146,0.155,0.00
3557,Runner,0.395,0.441,0.136,0.150,0.00
3558,Runner,0.395,0.440,0.161,0.187,0.00
3559,Runner,0.395,0.440,0.159,0.134,0.02
3560,Pursuer,0.395,0.440,0.118,0.151,0.00
3561,Pursuer,0.395,0.441,0.163,0.129,0.00
3562,Runner,0.395,0.440,0.137,0.160,2.10
3563,Pursuer,0.395,0.441,0.128,0.138,0.00
3564,Pursuer,0.395,0.441,0.145,0.173,0.00
3565,Draw,0.395,0.441,0.143,0.150,16.78
3566,Pursuer,0.395,0.441,0.130,0.148,0.00
3567,Draw,0.395,0.441,0.147,0.139,9.86
3568,Pursuer,0.395,0.441,0.154,0.123,0.00
3569,Runner,0.395,0.441,0.140,0.141,5.36
3570,Draw,0.395,0.441,0.149,0.142,18.62
3571,Runner,0.395,0.440,0.153,0.110,0.00
3572,Runner,0.395,0.440,0.138,0.154,0.00
3573,Runner,0.395,0.440,0.133,0.147,1.80
3574,Pursuer,0.395,0.440,0.168,0.143,0.00
3575,Pursuer,0.395,0.441,0.166,0.131,0.00
3576,Pursuer,0.395,0.441,0.142,0.155,0.00
3577,Pursuer,0.395,0.441,0.368,0.359,0.00
3578,Runner,0.395,0.441,0.000,0.000,0.00
3579,Pursuer,0.395,0.441,0.135,0.139,0.00
3580,Pursuer,0.395,0.441,0.138,0.139,0.00
3581,Pursuer,0.395,0.441,0.178,0.149,0.00
3582,Runner,0.395,0.441,0.161,0.133,3.74
3583,Pursuer,0.395,0.441,0.135,0.163,0.00
3584,Runner,0.395,0.441,0.156,0.172,0.00
3585,Pursuer,0.395,0.441,0.133,0.142,0.00
3586,Draw,0.395,0.441,0.149,0.160,19.98
3587,Pursuer,0.394,0.441,0.000,0.000,0.00
3588,Runner,0.395,0.441,0.150,0.142,0.00
3589,Pursuer,0.395,0.441,0.000,0.000,0.00
3590,Runner,0.395,0.441,0.230,0.151,0.00
3591,Pursuer,0.395,0.441,0.143,0.164,0.00
3592,Runner,0.395,0.441,0.155,0.162,0.90
3593,Pursuer,0.395,0.441,0.173,0.140,0.00
3594,Pursuer,0.395,0.442,0.153,0.102,0.00
3595,Pursuer,0.394,0.442,0.147,0.129,0.00
3596,Pursuer,0.394,0.442,0.147,0.162,0.00
3597,Runner,0.394,0.442,0.161,0.155,0.00
3598,Pursuer,0.394,0.442,0.134,0.146,0.00
3599,Pursuer,0.394,0.442,0.161,0.110,0.00
3600,Pursuer,0.394,0.442,0.142,0.154,0.00
3601,Draw,0.394,0.442,0.152,0.138,0.00
3602,Runner,0.394,0.442,0.174,0.142,0.00
3603,Pursuer,0.394,0.442,0.113,0.174,0.00
3604,Pursuer,0.394,0.442,0.167,0.142,0.00
3605,Runner,0.394,0.442,0.000,0.000,0.00
3606,Pursuer,0.394,0.442,0.147,0.160,0.00
3607,Runner,0.394,0.442,0.144,0.124,0.00
3608,Pursuer,0.394,0.442,0.142,0.129,0.00
3609,Runner,0.394,0.442,0.137,0.149,4.44
3610,Pursuer,0.394,0.442,0.131,0.141,0.00
3611,Runner,0.394,0.442,0.147,0.145,6.62
3612,Pursuer,0.394,0.442,0.198,0.120,0.00
3613,Runner,0.394,0.442,0.157,0.129,1.60
3614,Runner,0.395,0.442,0.145,0.129,0.00
3615,Pursuer,0.394,0.442,0.145,0.172,0.00
3616,Runner,0.395,0.442,0.151,0.148,2.14
3617,Pursuer,0.395,0.442,0.152,0.144,0.00
3618,Draw,0.394,0.442,0.146,0.154,15.58
3619,Pursuer,0.394,0.442,0.133,0.118,0.00
3620,Runner,0.394,0.442,0.144,0.137,0.34
3621,Runner,0.395,0.442,0.137,0.155,3.84
3622,Pursuer,0.395,0.442,0.132,0.159,0.00
3623,Runner,0.395,0.442,0.133,0.146,4.14
3624,Pursuer,0.395,0.442,0.147,0.146,0.00
3625,Runner,0.395,0.442,0.148,0.126,2.02
3626,Runner,0.395,0.442,0.113,0.138,0.00
3627,Runner,0.395,0.442,0.153,0.145,0.96
3628,Pursuer,0.395,0.442,0.296,0.622,0.00
3629,Pursuer,0.395,0.442,0.146,0.172,0.00
3630,Pursuer,0.395,0.442,0.123,0.140,0.00
3631,Runner,0.395,0.442,0.166,0.128,1.96
3632,Pursuer,0.395,0.442,0.119,0.125,0.00
3633,Runner,0.395,0.442,0.148,0.135,1.58
3634,Runner,0.395,0.442,0.132,0.143,2.54
3635,Draw,0.395,0.442,0.150,0.145,0.00
3636,Runner,0.395,0.442,0.133,0.163,0.00
3637,Runner,0.395,0.442,0.134,0.168,0.00
3638,Pursuer,0.395,0.442,0.150,0.133,0.00
3639,Runner,0.395,0.442,0.134,0.137,0.00
3640,Runner,0.396,0.442,0.173,0.131,0.18
3641,Pursuer,0.395,0.442,0.145,0.159,0.00
3642,Runner,0.396,0.442,0.125,0.149,0.00
3643,Runner,0.396,0.442,0.138,0.142,0.00
3644,Runner,0.396,0.442,0.150,0.155,1.88
3645,Runner,0.396,0.441,0.168,0.173,2.46
3646,Pursuer,0.396,0.442,0.150,0.137,0.00
3647,Pursuer,0.396,0.442,0.127,0.135,0.00
3648,Draw,0.396,0.442,0.150,0.137,16.64
3649,Pursuer,0.396,0.442,0.146,0.132,0.00
3650,Runner,0.396,0.442,0.153,0.157,0.00
3651,Pursuer,0.396,0.442,0.000,0.000,0.00
3652,Runner,0.396,0.442,0.156,0.144,3.62
3653,Runner,0.396,0.442,0.055,0.075,0.00
3654,Runner,0.396,0.441,0.169,0.168,0.00
3655,Pursuer,0.396,0.442,0.000,0.000,0.00
3656,Runner,0.396,0.441,0.147,0.140,0.00
3657,Runner,0.396,0.441,0.149,0.152,0.00
3658,Runner,0.397,0.441,0.138,0.148,5.48
3659,Pursuer,0.397,0.441,0.138,0.167,0.00
3660,Pursuer,0.396,0.442,0.150,0.140,0.00
3661,Runner,0.397,0.441,0.105,0.027,0.00
3662,Pursuer,0.397,0.442,0.287,1.462,0.00
3663,Pursuer,0.396,0.442,0.150,0.143,0.00
3664,Runner,0.397,0.442,0.126,0.133,0.00
3665,Pursuer,0.396,0.442,0.121,0.164,0.00
3666,Pursuer,0.396,0.442,0.149,0.150,0.00
3667,Runner,0.397,0.442,0.129,0.134,1.24
3668,Pursuer,0.396,0.442,0.129,0.141,0.00
3669,Runner,0.397,0.442,0.161,0.135,0.00
3670,Runner,0.397,0.442,0.117,0.138,3.12
3671,Pursuer,0.397,0.442,0.137,0.131,0.00
3672,Runner,0.397,0.442,0.110,0.165,0.14
3673,Runner,0.397,0.442,0.140,0.073,0.00
3674,Runner,0.397,0.441,0.153,0.129,0.00
3675,Pursuer,0.397,0.442,0.141,0.150,0.00
3676,Pursuer,0.397,0.442,0.147,0.158,0.00
3677,Draw,0.397,0.442,0.142,0.164,18.30
3678,Pursuer,0.397,0.442,0.132,0.117,0.00
3679,Pursuer,0.397,0.442,0.140,0.135,0.00
3680,Draw,0.396,0.442,0.155,0.145,19.36
3681,Pursuer,0.396,0.442,0.130,0.166,0.00
3682,Pursuer,0.396,0.442,0.151,0.150,0.00
3683,Pursuer,0.396,0.442,0.147,0.158,0.00
3684,Runner,0.396,0.442,0.169,0.141,1.64
3685,Pursuer,0.396,0.442,0.136,0.149,0.00
3686,Pursuer,0.396,0.442,0.129,0.121,0.00
3687,Runner,0.396,0.442,0.164,0.133,0.00
3688,Pursuer,0.396,0.443,0.148,0.151,0.00
3689,Pursuer,0.396,0.443,0.101,0.140,0.00
3690,Pursuer,0.396,0.443,0.220,0.128,0.00
3691,Pursuer,0.396,0.443,0.159,0.154,0.00
3692,Pursuer,0.396,0.443,0.149,0.145,0.00
3693,Runner,0.396,0.443,0.152,0.150,0.00
3694,Runner,0.396,0.443,0.150,0.155,1.88
3695,Runner,0.396,0.443,0.141,0.144,2.82
3696,Pursuer,0.396,0.443,0.141,0.136,0.00
3697,Runner,0.396,0.443,0.151,0.171,0.00
3698,Draw,0.396,0.443,0.152,0.145,18.18
3699,Pursuer,0.396,0.443,0.128,0.136,0.00
3700,Pursuer,0.396,0.443,0.151,0.136,0.00
3701,Pursuer,0.396,0.443,0.151,0.126,0.00
3702,Runner,0.396,0.443,0.133,0.144,1.74
3703,Pursuer,0.396,0.443,0.144,0.143,0.00
3704,Draw,0.396,0.443,0.135,0.158,1.82
3705,Runner,0.396,0.443,0.140,0.147,2.44
3706,Runner,0.396,0.443,0.142,0.145,5.78
3707,Runner,0.396,0.443,0.146,0.137,0.84
3708,Pursuer,0.396,0.443,0.110,0.137,0.00
3709,Pursuer,0.396,0.443,0.143,0.154,0.00
3710,Pursuer,0.396,0.443,0.149,0.152,0.00
3711,Runner,0.396,0.443,0.129,0.131,4.30
3712,Pursuer,0.396,0.443,0.149,0.157,0.00
3713,Runner,0.396,0.443,0.150,0.133,0.10
3714,Draw,0.396,0.443,0.137,0.143,16.04
3715,Pursuer,0.396,0.443,0.153,0.131,0.00
3716,Pursuer,0.396,0.443,0.152,0.146,0.00
3717,Runner,0.396,0.443,0.137,0.154,3.70
3718,Pursuer,0.396,0.443,0.151,0.161,0.00
3719,Draw,0.396,0.443,0.150,0.153,18.18
3720,Pursuer,0.396,0.443,0.124,0.135,0.00
3721,Runner,0.396,0.443,0.257,0.155,0.16
3722,Runner,0.396,0.443,0.112,0.163,0.76
3723,Pursuer,0.396,0.443,0.134,0.152,0.00
3724,Runner,0.396,0.443,0.141,0.153,6.78
3725,Pursuer,0.396,0.443,0.168,0.177,0.00
3726,Pursuer,0.396,0.443,0.141,0.152,0.00
3727,Pursuer,0.396,0.444,0.140,0.135,0.00
3728,Runner,0.396,0.443,0.125,0.169,0.00
3729,Runner,0.396,0.443,0.141,0.139,1.48
3730,Pursuer,0.396,0.443,0.140,0.127,0.00
3731,Runner,0.396,0.443,0.142,0.157,0.00
3732,Pursuer,0.396,0.443,0.000,0.000,0.00
3733,Runner,0.396,0.443,0.179,0.152,0.00
3734,Pursuer,0.396,0.443,0.125,0.150,0.00
3735,Runner,0.396,0.443,0.121,0.103,0.32
3736,Runner,0.396,0.443,0.142,0.147,0.00
3737,Runner,0.397,0.443,0.146,0.101,0.00
3738,Runner,0.397,0.443,0.138,0.131,0.00
3739,Runner,0.397,0.443,0.158,0.207,0.00
3740,Runner,0.397,0.443,0.132,0.143,0.00
3741,Runner,0.397,0.443,0.123,0.135,0.88
3742,Pursuer,0.397,0.443,0.113,0.139,0.00
3743,Pursuer,0.397,0.443,0.144,0.144,0.00
3744,Pursuer,0.397,0.443,0.123,0.127,0.00
3745,Pursuer,0.397,0.443,0.222,0.132,0.00
3746,Pursuer,0.397,0.443,0.069,0.044,0.00
3747,Pursuer,0.397,0.444,0.149,0.155,0.00
3748,Runner,0.397,0.443,0.155,0.114,0.00
3749,Runner,0.397,0.443,0.129,0.147,0.00
3750,Pursuer,0.397,0.443,0.171,0.171,0.00
3751,Draw,0.397,0.443,0.152,0.157,10.94
3752,Pursuer,0.397,0.443,0.134,0.138,0.00
3753,Draw,0.396,0.443,0.150,0.145,2.42
3754,Runner,0.397,0.443,0.129,0.127,0.04
3755,Runner,0.397,0.443,0.136,0.154,2.36
3756,Pursuer,0.397,0.443,0.137,0.146,0.00
3757,Runner,0.397,0.443,0.135,0.139,0.00
3758,Draw,0.397,0.443,0.139,0.153,18.92
3759,Runner,0.397,0.443,0.145,0.130,9.46
3760,Runner,0.397,0.443,0.131,0.141,0.00
3761,Runner,0.397,0.443,0.135,0.140,0.54
3762,Pursuer,0.397,0.443,0.147,0.105,0.00
3763,Runner,0.397,0.443,0.142,0.126,0.00
3764,Pursuer,0.397,0.443,0.128,0.176,0.00
3765,Runner,0.397,0.443,0.133,0.138,0.00
3766,Runner,0.398,0.443,0.141,0.157,1.64
3767,Runner,0.398,0.443,0.140,0.135,0.48
3768,Pursuer,0.398,0.443,0.000,0.000,0.00
3769,Runner,0.398,0.443,0.143,0.141,0.00
3770,Pursuer,0.398,0.443,0.106,0.141,0.00
3771,Runner,0.398,0.443,0.143,0.129,1.60
3772,Runner,0.398,0.442,0.144,0.139,0.00
3773,Pursuer,0.398,0.443,0.148,0.168,0.00
3774,Runner,0.398,0.443,0.130,0.125,0.00
3775,Pursuer,0.398,0.443,0.160,0.154,0.00
3776,Pursuer,0.398,0.443,0.179,0.150,0.00
3777,Draw,0.398,0.443,0.140,0.131,0.00
3778,Pursuer,0.398,0.443,0.181,0.158,0.00
3779,Runner,0.398,0.443,0.136,0.133,0.00
3780,Runner,0.398,0.443,0.145,0.186,0.00
3781,Pursuer,0.398,0.443,0.138,0.134,0.00
3782,Runner,0.398,0.443,0.148,0.144,12.02
3783,Runner,0.398,0.443,0.160,0.130,0.00
3784,Pursuer,0.398,0.443,0.156,0.139,0.00
3785,Runner,0.398,0.443,0.140,0.154,0.00
3786,Pursuer,0.398,0.443,0.149,0.141,0.00
3787,Pursuer,0.398,0.443,0.129,0.143,0.00
3788,Pursuer,0.398,0.443,0.126,0.153,0.00
3789,Runner,0.398,0.443,0.133,0.127,0.00
3790,Pursuer,0.398,0.443,0.158,0.143,0.00
3791,Pursuer,0.398,0.443,0.000,0.000,0.00
3792,Pursuer,0.398,0.443,0.152,0.137,0.00
3793,Runner,0.398,0.443,0.157,0.119,0.00
3794,Runner,0.398,0.443,0.155,0.164,10.02
3795,Pursuer,0.398,0.443,0.000,0.000,0.00
3796,Runner,0.398,0.443,0.126,0.158,0.00
3797,Runner,0.398,0.443,0.150,0.154,3.94
3798,Pursuer,0.398,0.443,0.147,0.133,0.00
3799,Runner,0.398,0.443,0.146,0.135,0.26
3800,Pursuer,0.398,0.443,0.141,0.169,0.00
3801,Runner,0.398,0.443,0.000,0.000,0.02
3802,Runner,0.398,0.443,0.155,0.155,0.40
3803,Pursuer,0.398,0.443,0.138,0.145,0.00
3804,Runner,0.399,0.443,0.146,0.167,8.10
3805,Runner,0.399,0.443,0.123,0.144,0.00
3806,Runner,0.399,0.443,0.123,0.137,0.00
3807,Pursuer,0.399,0.443,0.142,0.122,0.00
3808,Runner,0.399,0.443,0.138,0.141,0.00
3809,Draw,0.399,0.443,0.149,0.144,16.82
3810,Pursuer,0.399,0.443,0.149,0.143,0.00
3811,Runner,0.399,0.443,0.000,0.000,0.02
3812,Pursuer,0.399,0.443,0.132,0.146,0.00
3813,Runner,0.399,0.443,0.036,0.126,0.00
3814,Runner,0.399,0.443,0.143,0.119,0.00
3815,Runner,0.399,0.442,0.136,0.155,0.00
3816,Runner,0.399,0.442,0.110,0.180,0.82
3817,Pursuer,0.399,0.442,0.156,0.148,0.00
3818,Pursuer,0.399,0.443,0.139,0.146,0.00
3819,Runner,0.399,0.443,0.165,0.151,0.00
3820,Pursuer,0.399,0.443,0.158,0.143,0.00
3821,Runner,0.399,0.443,0.145,0.143,11.22
3822,Pursuer,0.399,0.443,0.126,0.152,0.00
3823,Pursuer,0.399,0.443,0.147,0.138,0.00
3824,Runner,0.399,0.443,0.140,0.138,0.00
3825,Pursuer,0.399,0.443,0.154,0.151,0.00
3826,Pursuer,0.399,0.443,0.134,0.145,0.00
3827,Runner,0.399,0.443,0.166,0.145,3.52
3828,Runner,0.399,0.443,0.163,0.140,0.00
3829,Pursuer,0.399,0.443,0.119,0.144,0.00
3830,Runner,0.399,0.443,0.152,0.170,0.00
3831,Pursuer,0.399,0.443,0.109,0.136,0.00
3832,Pursuer,0.399,0.443,0.151,0.148,0.00
3833,Pursuer,0.399,0.443,0.127,0.161,0.00
3834,Draw,0.399,0.443,0.152,0.141,7.12
3835,Pursuer,0.399,0.443,0.149,0.158,0.00
3836,Runner,0.399,0.443,0.131,0.126,0.00
3837,Pursuer,0.399,0.443,0.146,0.135,0.00
3838,Pursuer,0.399,0.443,0.136,0.164,0.00
3839,Runner,0.399,0.443,0.131,0.111,1.74
3840,Pursuer,0.399,0.443,0.183,0.127,0.00
3841,Pursuer,0.399,0.444,0.152,0.152,0.00
3842,Pursuer,0.399,0.444,0.132,0.139,0.00
3843,Runner,0.399,0.444,0.136,0.148,3.42
3844,Runner,0.399,0.444,0.142,0.179,0.18
3845,Pursuer,0.399,0.444,0.225,0.155,0.00
3846,Runner,0.399,0.444,0.141,0.144,0.60
3847,Pursuer,0.399,0.444,0.118,0.132,0.00
3848,Runner,0.399,0.444,0.126,0.134,0.00
3849,Runner,0.399,0.443,0.153,0.162,1.34
3850,Pursuer,0.399,0.444,0.153,0.140,0.00
3851,Pursuer,0.399,0.444,0.172,0.145,0.00
3852,Pursuer,0.399,0.444,0.141,0.121,0.00
3853,Pursuer,0.399,0.444,0.162,0.135,0.00
3854,Pursuer,0.399,0.444,0.151,0.161,0.00
3855,Pursuer,0.399,0.444,0.119,0.167,0.00
3856,Pursuer,0.399,0.445,0.173,0.075,0.00
3857,Pursuer,0.398,0.445,0.148,0.147,0.00
3858,Pursuer,0.398,0.445,0.194,0.164,0.00
3859,Pursuer,0.398,0.445,0.121,0.183,0.00
3860,Pursuer,0.398,0.445,0.150,0.179,0.00
3861,Runner,0.398,0.445,0.149,0.158,2.38
3862,Pursuer,0.398,0.445,0.117,0.113,0.00
3863,Runner,0.398,0.445,0.118,0.120,0.26
3864,Runner,0.399,0.445,0.144,0.127,2.56
3865,Pursuer,0.398,0.445,0.114,0.143,0.00
3866,Runner,0.399,0.445,0.000,0.000,0.00
3867,Pursuer,0.399,0.445,0.140,0.167,0.00
3868,Pursuer,0.398,0.445,0.125,0.196,0.00
3869,Draw,0.398,0.445,0.145,0.145,17.26
3870,Runner,0.398,0.445,0.193,0.160,0.00
3871,Runner,0.399,0.445,0.124,0.142,3.66
3872,Pursuer,0.399,0.445,0.125,0.134,0.00
3873,Runner,0.399,0.445,0.149,0.150,1.12
3874,Pursuer,0.399,0.445,0.145,0.138,0.00
3875,Runner,0.399,0.445,0.157,0.148,1.58
3876,Runner,0.399,0.445,0.145,0.143,0.90
3877,Runner,0.399,0.445,0.131,0.143,0.00
3878,Pursuer,0.399,0.445,0.000,0.000,0.00
3879,Runner,0.399,0.445,0.163,0.139,1.84
3880,Runner,0.399,0.445,0.133,0.147,4.22
3881,Pursuer,0.399,0.445,0.129,0.156,0.00
3882,Runner,0.399,0.445,0.155,0.152,0.54
3883,Pursuer,0.399,0.445,0.140,0.145,0.00
3884,Pursuer,0.399,0.445,0.149,0.138,0.00
3885,Runner,0.399,0.445,0.147,0.187,2.22
3886,Pursuer,0.399,0.445,0.134,0.104,0.00
3887,Runner,0.399,0.445,0.164,0.160,0.00
3888,Pursuer,0.399,0.445,0.178,0.151,0.00
3889,Pursuer,0.399,0.445,0.143,0.151,0.00
3890,Pursuer,0.399,0.445,0.142,0.140,0.00
3891,Runner,0.399,0.445,0.109,0.131,0.00
3892,Runner,0.399,0.445,0.168,0.110,0.64
3893,Pursuer,0.399,0.445,0.183,0.154,0.00
3894,Pursuer,0.399,0.445,0.090,0.212,0.00
3895,Runner,0.399,0.445,0.136,0.150,0.00
3896,Runner,0.399,0.445,0.149,0.154,4.54
3897,Runner,0.400,0.445,0.093,0.139,0.40
3898,Pursuer,0.399,0.445,0.139,0.156,0.00
3899,Draw,0.399,0.445,0.145,0.153,13.94
3900,Pursuer,0.399,0.445,0.148,0.114,0.00
3901,Pursuer,0.399,0.445,0.154,0.111,0.00
3902,Pursuer,0.399,0.445,0.138,0.150,0.00
3903,Runner,0.399,0.445,0.143,0.139,3.54
3904,Pursuer,0.399,0.445,0.170,0.136,0.00
3905,Pursuer,0.399,0.446,0.151,0.148,0.00
3906,Pursuer,0.399,0.446,0.110,0.132,0.00
3907,Pursuer,0.399,0.446,0.121,0.103,0.00
3908,Pursuer,0.399,0.446,0.120,0.135,0.00
3909,Runner,0.399,0.446,0.116,0.156,2.84
3910,Runner,0.399,0.446,0.138,0.155,0.00
3911,Runner,0.399,0.446,0.124,0.148,3.38
3912,Pursuer,0.399,0.446,0.164,0.169,0.00
3913,Runner,0.399,0.446,0.124,0.151,0.00
3914,Runner,0.399,0.446,0.107,0.119,0.00
3915,Pursuer,0.399,0.446,0.229,0.148,0.00
3916,Runner,0.399,0.446,0.146,0.126,0.00
3917,Pursuer,0.399,0.446,0.147,0.137,0.00
3918,Runner,0.399,0.446,0.109,0.142,3.36
3919,Runner,0.400,0.446,0.169,0.149,3.70
3920,Runner,0.400,0.445,0.147,0.123,5.16
3921,Runner,0.400,0.445,0.131,0.142,0.00
3922,Pursuer,0.400,0.445,0.107,0.157,0.00
3923,Pursuer,0.400,0.446,0.093,0.120,0.00
3924,Runner,0.400,0.445,0.144,0.153,2.86
3925,Pursuer,0.400,0.446,0.147,0.147,0.00
3926,Pursuer,0.400,0.446,0.141,0.161,0.00
3927,Runner,0.400,0.446,0.140,0.138,3.18
3928,Runner,0.400,0.446,0.161,0.151,1.08
3929,Pursuer,0.400,0.446,0.162,0.145,0.00
3930,Pursuer,0.400,0.446,0.134,0.162,0.00
3931,Runner,0.400,0.446,0.155,0.147,2.76
3932,Pursuer,0.400,0.446,0.156,0.102,0.00
3933,Runner,0.400,0.446,0.145,0.130,1.84
3934,Pursuer,0.400,0.446,0.139,0.137,0.00
3935,Pursuer,0.400,0.446,0.023,0.171,0.00
3936,Pursuer,0.400,0.446,0.137,0.144,0.00
3937,Runner,0.400,0.446,0.142,0.144,6.04
3938,Pursuer,0.400,0.446,0.133,0.148,0.00
3939,Pursuer,0.400,0.446,0.133,0.145,0.00
3940,Pursuer,0.399,0.446,0.125,0.130,0.00
3941,Runner,0.400,0.446,0.120,0.139,0.00
3942,Runner,0.400,0.446,0.138,0.133,0.00
3943,Pursuer,0.400,0.446,0.143,0.139,0.00
3944,Pursuer,0.400,0.447,0.148,0.142,0.00
3945,Pursuer,0.399,0.447,0.132,0.128,0.00
3946,Runner,0.400,0.447,0.118,0.136,0.00
3947,Runner,0.400,0.446,0.137,0.137,2.54
3948,Pursuer,0.400,0.447,0.147,0.134,0.00
3949,Runner,0.400,0.446,0.131,0.137,2.60
3950,Runner,0.400,0.446,0.158,0.143,0.00
3951,Pursuer,0.400,0.446,0.156,0.140,0.00
3952,Pursuer,0.400,0.447,0.139,0.150,0.00
3953,Pursuer,0.400,0.447,0.119,0.156,0.00
3954,Pursuer,0.400,0.447,0.167,0.163,0.00
3955,Runner,0.400,0.447,0.165,0.203,0.00
3956,Runner,0.400,0.447,0.173,0.125,0.46
3957,Pursuer,0.400,0.447,0.113,0.140,0.00
3958,Pursuer,0.400,0.447,0.148,0.142,0.00
3959,Runner,0.400,0.447,0.149,0.152,0.00
3960,Pursuer,0.400,0.447,0.158,0.176,0.00
3961,Pursuer,0.400,0.447,0.158,0.153,0.00
3962,Pursuer,0.400,0.447,0.164,0.114,0.00
3963,Runner,0.400,0.447,0.148,0.134,0.00
3964,Pursuer,0.400,0.447,0.165,0.137,0.00
3965,Runner,0.400,0.447,0.155,0.166,0.00
3966,Runner,0.400,0.447,0.157,0.149,0.00
3967,Pursuer,0.400,0.447,0.138,0.152,0.00
3968,Runner,0.400,0.447,0.149,0.154,0.00
3969,Pursuer,0.400,0.447,0.151,0.138,0.00
3970,Pursuer,0.400,0.447,0.155,0.154,0.00
3971,Runner,0.400,0.447,0.155,0.153,3.84
3972,Runner,0.400,0.447,0.144,0.142,0.00
3973,Pursuer,0.400,0.447,0.158,0.133,0.00
3974,Pursuer,0.400,0.447,0.138,0.191,0.00
3975,Runner,0.400,0.447,0.154,0.198,2.34
3976,Draw,0.400,0.447,0.149,0.139,19.98
3977,Runner,0.400,0.447,0.147,0.166,7.70
3978,Draw,0.400,0.447,0.155,0.141,0.00
3979,Runner,0.400,0.447,0.153,0.084,0.00
3980,Pursuer,0.400,0.447,0.144,0.158,0.00
3981,Draw,0.400,0.447,0.138,0.152,19.28
3982,Pursuer,0.400,0.447,0.149,0.119,0.00
3983,Runner,0.400,0.447,0.147,0.138,0.00
3984,Pursuer,0.400,0.447,0.141,0.123,0.00
3985,Pursuer,0.400,0.447,0.151,0.154,0.00
3986,Pursuer,0.400,0.447,0.138,0.120,0.00
3987,Pursuer,0.400,0.447,0.140,0.157,0.00
3988,Pursuer,0.399,0.448,0.119,0.149,0.00
3989,Pursuer,0.399,0.448,0.141,0.141,0.00
3990,Draw,0.399,0.448,0.154,0.139,15.16
3991,Runner,0.399,0.448,0.152,0.150,0.00
3992,Runner,0.400,0.447,0.103,0.170,0.98
3993,Runner,0.400,0.447,0.151,0.132,8.30
3994,Pursuer,0.400,0.447,0.132,0.170,0.00
3995,Runner,0.400,0.447,0.131,0.125,0.00
3996,Runner,0.400,0.447,0.124,0.146,0.00
3997,Runner,0.400,0.447,0.127,0.146,0.00
3998,Pursuer,0.400,0.447,0.000,0.000,0.00
3999,Pursuer,0.400,0.447,0.161,0.135,0.00
4000,Runner,0.400,0.447,0.119,0.249,0.00
4001,Pursuer,0.400,0.447,0.146,0.166,0.00
4002,Runner,0.400,0.447,0.130,0.134,0.00
4003,Draw,0.400,0.447,0.145,0.143,15.14
4004,Pursuer,0.400,0.447,0.170,0.149,0.00
4005,Runner,0.400,0.447,0.142,0.140,5.62
4006,Pursuer,0.400,0.447,0.113,0.159,0.00
4007,Pursuer,0.400,0.447,0.142,0.143,0.00
4008,Runner,0.400,0.447,0.106,0.161,1.82
4009,Pursuer,0.400,0.447,0.000,0.000,0.00
4010,Pursuer,0.400,0.448,0.136,0.156,0.00
4011,Runner,0.400,0.448,0.163,0.167,0.00
4012,Pursuer,0.400,0.448,0.134,0.135,0.00
4013,Runner,0.400,0.448,0.155,0.135,2.30
4014,Pursuer,0.400,0.448,0.156,0.130,0.00
4015,Pursuer,0.400,0.448,0.153,0.146,0.00
4016,Runner,0.400,0.448,0.154,0.167,0.00
4017,Pursuer,0.400,0.448,0.129,0.129,0.00
4018,Runner,0.400,0.448,0.145,0.117,0.00
4019,Runner,0.400,0.448,0.136,0.158,0.00
4020,Runner,0.400,0.448,0.133,0.157,3.30
4021,Pursuer,0.400,0.448,0.152,0.130,0.00
4022,Draw,0.400,0.448,0.136,0.138,17.28
4023,Runner,0.400,0.447,0.170,0.140,3.00
4024,Pursuer,0.400,0.448,0.146,0.156,0.00
4025,Pursuer,0.400,0.448,0.162,0.139,0.00
4026,Runner,0.400,0.448,0.156,0.151,0.00
4027,Pursuer,0.400,0.448,0.000,0.000,0.00
4028,Runner,0.400,0.448,0.144,0.148,3.14
4029,Runner,0.400,0.448,0.118,0.122,0.00
4030,Runner,0.400,0.447,0.106,0.144,0.00
4031,Pursuer,0.400,0.448,0.153,0.095,0.00
4032,Runner,0.401,0.447,0.140,0.132,0.00
4033,Pursuer,0.400,0.448,0.068,0.053,0.00
4034,Pursuer,0.400,0.448,0.142,0.142,0.00
4035,Draw,0.400,0.448,0.165,0.144,16.64
4036,Runner,0.400,0.447,0.133,0.146,2.10
4037,Runner,0.401,0.447,0.127,0.133,2.86
4038,Runner,0.401,0.447,0.169,0.135,0.00
4039,Runner,0.401,0.447,0.140,0.152,0.00
4040,Runner,0.401,0.447,0.161,0.147,2.62
4041,Pursuer,0.401,0.447,0.147,0.163,0.00
4042,Runner,0.401,0.447,0.109,0.152,3.22
4043,Pursuer,0.401,0.447,0.129,0.138,0.00
4044,Runner,0.401,0.447,0.139,0.135,0.08
4045,Pursuer,0.401,0.447,0.146,0.130,0.00
4046,Runner,0.401,0.447,0.148,0.158,6.52
4047,Pursuer,0.401,0.447,0.146,0.129,0.00
4048,Pursuer,0.401,0.447,0.113,0.133,0.00
4049,Pursuer,0.401,0.448,0.210,0.085,0.00
4050,Runner,0.401,0.447,0.151,0.149,4.12
4051,Pursuer,0.401,0.448,0.168,0.139,0.00
4052,Runner,0.401,0.447,0.173,0.117,0.00
4053,Pursuer,0.401,0.448,0.141,0.144,0.00
4054,Pursuer,0.401,0.448,0.144,0.149,0.00
4055,Runner,0.401,0.448,0.142,0.166,0.00
4056,Pursuer,0.401,0.448,0.134,0.153,0.00
4057,Pursuer,0.401,0.448,0.145,0.178,0.00
4058,Pursuer,0.401,0.448,0.138,0.134,0.00
4059,Pursuer,0.401,0.448,0.112,0.152,0.00
4060,Runner,0.401,0.448,0.141,0.142,5.14
4061,Pursuer,0.401,0.448,0.124,0.131,0.00
4062,Runner,0.401,0.448,0.000,0.000,0.00
4063,Runner,0.401,0.448,0.158,0.145,1.92
4064,Pursuer,0.401,0.448,0.152,0.156,0.00
4065,Pursuer,0.401,0.448,0.173,0.164,0.00
4066,Pursuer,0.401,0.448,0.146,0.096,0.00
4067,Runner,0.401,0.448,0.150,0.122,1.38
4068,Pursuer,0.401,0.448,0.000,0.000,0.00
4069,Draw,0.401,0.448,0.137,0.144,13.58
4070,Runner,0.401,0.448,0.120,0.154,2.24
4071,Pursuer,0.401,0.448,0.234,0.541,0.00
4072,Runner,0.401,0.448,0.160,0.165,6.34
4073,Runner,0.401,0.448,0.142,0.158,1.70
4074,Runner,0.401,0.448,0.170,0.117,0.00
4075,Pursuer,0.401,0.448,0.153,0.148,0.00
4076,Pursuer,0.401,0.448,0.131,0.141,0.00
4077,Draw,0.401,0.448,0.150,0.134,16.20
4078,Runner,0.401,0.448,0.137,0.134,1.42
4079,Pursuer,0.401,0.448,0.150,0.142,0.00
4080,Pursuer,0.401,0.448,0.161,0.117,0.00
4081,Pursuer,0.401,0.448,0.132,0.133,0.00
4082,Runner,0.401,0.448,0.135,0.123,0.82
4083,Pursuer,0.401,0.448,0.198,0.151,0.00
4084,Runner,0.401,0.448,0.134,0.142,1.86
4085,Pursuer,0.401,0.448,0.129,0.146,0.00
4086,Runner,0.401,0.448,0.148,0.154,1.58
4087,Runner,0.401,0.448,0.130,0.164,0.72
4088,Runner,0.401,0.448,0.123,0.151,2.16
4089,Runner,0.401,0.448,0.137,0.151,0.00
4090,Runner,0.401,0.448,0.149,0.148,4.04
4091,Pursuer,0.401,0.448,0.132,0.108,0.00
4092,Runner,0.402,0.448,0.135,0.139,0.00
4093,Runner,0.402,0.448,0.125,0.148,4.24
4094,Pursuer,0.402,0.448,0.139,0.136,0.00
4095,Pursuer,0.401,0.448,0.131,0.127,0.00
4096,Pursuer,0.401,0.448,0.109,0.094,0.00
4097,Pursuer,0.401,0.448,0.125,0.140,0.00
4098,Pursuer,0.401,0.449,0.140,0.151,0.00
4099,Runner,0.401,0.448,0.140,0.149,0.22
4100,Runner,0.401,0.448,0.157,0.176,2.50
4101,Pursuer,0.401,0.448,0.150,0.128,0.00
4102,Pursuer,0.401,0.449,0.136,0.136,0.00
4103,Pursuer,0.401,0.449,0.156,0.159,0.00
4104,Draw,0.401,0.449,0.140,0.148,18.58
4105,Runner,0.401,0.448,0.144,0.130,0.00
4106,Runner,0.401,0.448,0.171,0.149,0.00
4107,Runner,0.402,0.448,0.102,0.113,0.00
4108,Runner,0.402,0.448,0.148,0.138,5.60
4109,Runner,0.402,0.448,0.153,0.139,0.00
4110,Pursuer,0.402,0.448,0.130,0.171,0.00
4111,Pursuer,0.402,0.448,0.320,0.047,0.00
4112,Pursuer,0.402,0.448,0.148,0.157,0.00
4113,Runner,0.402,0.448,0.154,0.139,0.00
4114,Pursuer,0.402,0.448,0.000,0.000,0.00
4115,Runner,0.402,0.448,0.141,0.154,3.26
4116,Pursuer,0.402,0.448,0.140,0.143,0.00
4117,Runner,0.402,0.448,0.136,0.142,0.00
4118,Runner,0.402,0.448,0.143,0.107,0.00
4119,Pursuer,0.402,0.448,0.104,0.134,0.00
4120,Pursuer,0.402,0.449,0.155,0.143,0.00
4121,Runner,0.402,0.448,0.168,0.175,0.00
4122,Runner,0.402,0.448,0.144,0.143,6.88
4123,Pursuer,0.402,0.448,0.123,0.136,0.00
4124,Pursuer,0.402,0.449,0.134,0.144,0.00
4125,Pursuer,0.402,0.449,0.114,0.134,0.00
4126,Runner,0.402,0.449,0.144,0.146,4.46
4127,Runner,0.402,0.449,0.145,0.159,0.00
4128,Pursuer,0.402,0.449,0.142,0.128,0.00
4129,Runner,0.402,0.449,0.144,0.146,0.00
4130,Pursuer,0.402,0.449,0.133,0.134,0.00
4131,Runner,0.402,0.449,0.122,0.160,0.00
4132,Runner,0.402,0.448,0.128,0.158,3.18
4133,Runner,0.402,0.448,0.133,0.130,0.00
4134,Pursuer,0.402,0.448,0.161,0.133,0.00
4135,Pursuer,0.402,0.449,0.029,0.159,0.00
4136,Runner,0.402,0.449,0.124,0.123,0.00
4137,Runner,0.402,0.448,0.147,0.155,5.02
4138,Runner,0.403,0.448,0.174,0.148,0.02
4139,Runner,0.403,0.448,0.115,0.166,1.66
4140,Pursuer,0.403,0.448,0.102,0.141,0.00
4141,Runner,0.403,0.448,0.154,0.135,0.00
4142,Runner,0.403,0.448,0.153,0.126,0.00
4143,Runner,0.403,0.448,0.204,0.139,0.00
4144,Runner,0.403,0.448,0.124,0.178,1.86
4145,Pursuer,0.403,0.448,0.146,0.122,0.00
4146,Pursuer,0.403,0.448,0.167,0.140,0.00
4147,Pursuer,0.403,0.448,0.147,0.144,0.00
4148,Pursuer,0.403,0.448,0.133,0.131,0.00
4149,Runner,0.403,0.448,0.120,0.158,2.94
4150,Pursuer,0.403,0.448,0.133,0.172,0.00
4151,Pursuer,0.403,0.449,0.137,0.131,0.00
4152,Runner,0.403,0.448,0.137,0.133,4.78
4153,Runner,0.403,0.448,0.146,0.142,0.00
4154,Pursuer,0.403,0.448,0.143,0.145,0.00
4155,Runner,0.403,0.448,0.134,0.153,2.14
4156,Runner,0.403,0.448,0.094,0.087,0.00
4157,Pursuer,0.403,0.448,0.000,0.000,0.00
4158,Runner,0.403,0.448,0.142,0.137,0.00
4159,Runner,0.403,0.448,0.129,0.141,2.44
4160,Pursuer,0.403,0.448,0.154,0.134,0.00
4161,Draw,0.403,0.448,0.146,0.148,18.46
4162,Runner,0.403,0.448,0.135,0.135,0.40
4163,Runner,0.404,0.448,0.147,0.137,5.92
4164,Runner,0.404,0.448,0.153,0.150,4.46
4165,Pursuer,0.404,0.448,0.150,0.197,0.00
4166,Runner,0.404,0.448,0.163,0.134,2.42
4167,Runner,0.404,0.448,0.121,0.136,1.34
4168,Pursuer,0.404,0.448,0.145,0.135,0.00
4169,Pursuer,0.404,0.448,0.123,0.147,0.00
4170,Pursuer,0.404,0.448,0.111,0.127,0.00
4171,Pursuer,0.404,0.448,0.150,0.145,0.00
4172,Runner,0.404,0.448,0.128,0.187,1.46
4173,Pursuer,0.404,0.448,0.129,0.130,0.00
4174,Runner,0.404,0.448,0.127,0.163,2.00
4175,Pursuer,0.404,0.448,0.147,0.153,0.00
4176,Pursuer,0.403,0.449,0.147,0.116,0.00
4177,Runner,0.404,0.448,0.180,0.113,0.00
4178,Draw,0.404,0.448,0.149,0.144,19.06
4179,Runner,0.404,0.448,0.139,0.140,1.98
4180,Pursuer,0.404,0.448,0.151,0.125,0.00
4181,Pursuer,0.403,0.448,0.147,0.134,0.00
4182,Runner,0.404,0.448,0.130,0.144,0.00
4183,Pursuer,0.404,0.448,0.157,0.131,0.00
4184,Runner,0.404,0.448,0.129,0.148,5.18
4185,Pursuer,0.404,0.449,0.154,0.150,0.00
4186,Pursuer,0.403,0.449,0.132,0.147,0.00
4187,Pursuer,0.403,0.449,0.148,0.136,0.00
4188,Pursuer,0.403,0.449,0.176,0.129,0.00
4189,Pursuer,0.403,0.449,0.145,0.131,0.00
4190,Pursuer,0.403,0.449,0.124,0.120,0.00
4191,Pursuer,0.403,0.449,0.145,0.160,0.00
4192,Pursuer,0.403,0.449,0.154,0.138,0.00
4193,Pursuer,0.403,0.450,0.160,0.102,0.00
4194,Runner,0.403,0.449,0.145,0.140,3.16
4195,Pursuer,0.403,0.450,0.105,0.106,0.00
4196,Runner,0.403,0.449,0.132,0.121,0.00
4197,Runner,0.403,0.449,0.144,0.128,3.22
4198,Pursuer,0.403,0.449,0.120,0.147,0.00
4199,Runner,0.403,0.449,0.149,0.130,2.76
4200,Pursuer,0.403,0.450,0.143,0.150,0.00
4201,Runner,0.403,0.449,0.157,0.147,0.00
4202,Runner,0.403,0.449,0.148,0.170,0.00
4203,Runner,0.404,0.449,0.145,0.167,0.00
4204,Pursuer,0.403,0.449,0.115,0.095,0.00
4205,Runner,0.404,0.449,0.127,0.172,0.00
4206,Pursuer,0.403,0.449,0.157,0.136,0.00
4207,Runner,0.404,0.449,0.155,0.159,3.02
4208,Runner,0.404,0.449,0.131,0.128,0.00
4209,Pursuer,0.404,0.449,0.157,0.123,0.00
4210,Runner,0.404,0.449,0.141,0.149,0.50
4211,Runner,0.404,0.449,0.139,0.148,0.00
4212,Runner,0.404,0.449,0.133,0.154,2.28
4213,Runner,0.404,0.449,0.152,0.169,0.00
4214,Runner,0.404,0.449,0.076,0.061,0.00
4215,Runner,0.405,0.449,0.151,0.138,2.02
4216,Runner,0.405,0.449,0.137,0.165,0.00
4217,Runner,0.405,0.448,0.116,0.138,2.48
4218,Runner,0.405,0.448,0.119,0.143,0.00
4219,Runner,0.405,0.448,0.137,0.169,0.00
4220,Runner,0.405,0.448,0.118,0.127,0.76
4221,Runner,0.405,0.448,0.141,0.162,0.00
4222,Runner,0.405,0.448,0.129,0.143,0.00
4223,Pursuer,0.405,0.448,0.155,0.147,0.00
4224,Pursuer,0.405,0.448,0.105,0.124,0.00
4225,Runner,0.405,0.448,0.128,0.158,0.80
4226,Runner,0.406,0.448,0.164,0.185,0.00
4227,Pursuer,0.405,0.448,0.176,0.129,0.00
4228,Runner,0.406,0.448,0.139,0.142,0.00
4229,Runner,0.406,0.448,0.164,0.127,0.00
4230,Runner,0.406,0.448,0.128,0.105,0.00
4231,Runner,0.406,0.448,0.138,0.131,2.56
4232,Runner,0.406,0.448,0.138,0.146,1.96
4233,Pursuer,0.406,0.448,0.133,0.149,0.00
4234,Runner,0.406,0.448,0.147,0.164,4.02
4235,Pursuer,0.406,0.448,0.103,0.140,0.00
4236,Runner,0.406,0.448,0.145,0.160,0.00
4237,Pursuer,0.406,0.448,0.141,0.130,0.00
4238,Pursuer,0.406,0.448,0.134,0.132,0.00
4239,Runner,0.406,0.448,0.152,0.133,0.00
4240,Runner,0.406,0.448,0.148,0.153,0.00
4241,Runner,0.407,0.448,0.145,0.142,3.98
4242,Runner,0.407,0.447,0.119,0.149,0.00
4243,Pursuer,0.407,0.448,0.000,0.000,0.00
4244,Runner,0.407,0.447,0.131,0.132,4.00
4245,Runner,0.407,0.447,0.142,0.138,0.00
4246,Pursuer,0.407,0.447,0.134,0.150,0.00
4247,Runner,0.407,0.447,0.118,0.132,0.00
4248,Pursuer,0.407,0.448,0.168,0.148,0.00
4249,Pursuer,0.407,0.448,0.124,0.143,0.00
4250,Runner,0.407,0.448,0.141,0.112,0.70
4251,Runner,0.407,0.447,0.158,0.140,1.66
4252,Pursuer,0.407,0.448,0.161,0.103,0.00
4253,Pursuer,0.407,0.448,0.181,0.199,0.00
4254,Pursuer,0.407,0.448,0.147,0.122,0.00
4255,Pursuer,0.407,0.448,0.146,0.144,0.00
4256,Runner,0.407,0.448,0.150,0.151,0.12
4257,Pursuer,0.407,0.448,0.144,0.141,0.00
4258,Runner,0.407,0.448,0.168,0.144,1.26
4259,Pursuer,0.407,0.448,0.098,0.126,0.00
4260,Runner,0.407,0.448,0.148,0.151,0.04
4261,Runner,0.407,0.448,0.247,0.033,0.00
4262,Runner,0.407,0.448,0.147,0.137,0.00
4263,Pursuer,0.407,0.448,0.170,0.143,0.00
4264,Pursuer,0.407,0.448,0.130,0.159,0.00
4265,Pursuer,0.407,0.448,0.144,0.147,0.00
4266,Runner,0.407,0.448,0.132,0.136,0.00
4267,Pursuer,0.407,0.448,0.150,0.148,0.00
4268,Pursuer,0.407,0.448,0.151,0.125,0.00
4269,Pursuer,0.407,0.448,0.135,0.142,0.00
4270,Pursuer,0.407,0.448,0.145,0.146,0.00
4271,Runner,0.407,0.448,0.139,0.157,0.00
4272,Pursuer,0.407,0.449,0.075,0.073,0.00
4273,Runner,0.407,0.448,0.187,0.137,0.00
4274,Pursuer,0.407,0.449,0.118,0.142,0.00
4275,Pursuer,0.407,0.449,0.107,0.120,0.00
4276,Pursuer,0.406,0.449,0.153,0.138,0.00
4277,Runner,0.407,0.449,0.149,0.124,4.50
4278,Pursuer,0.406,0.449,0.143,0.121,0.00
4279,Runner,0.407,0.449,0.144,0.141,1.36
4280,Runner,0.407,0.449,0.176,0.133,0.00
4281,Pursuer,0.407,0.449,0.184,0.139,0.00
4282,Pursuer,0.407,0.449,0.120,0.143,0.00
4283,Runner,0.407,0.449,0.133,0.141,4.04
4284,Pursuer,0.407,0.449,0.000,0.000,0.00
4285,Pursuer,0.407,0.449,0.181,0.111,0.00
4286,Runner,0.407,0.449,0.146,0.157,4.00
4287,Draw,0.407,0.449,0.150,0.148,19.98
4288,Pursuer,0.406,0.449,0.141,0.160,0.00
4289,Runner,0.407,0.449,0.153,0.146,0.00
4290,Pursuer,0.407,0.449,0.000,0.000,0.00
4291,Pursuer,0.406,0.449,0.071,0.117,0.00
4292,Runner,0.407,0.449,0.139,0.116,0.00
4293,Pursuer,0.406,0.449,0.136,0.137,0.00
4294,Runner,0.407,0.449,0.155,0.138,0.00
4295,Runner,0.407,0.449,0.146,0.148,2.52
4296,Runner,0.407,0.449,0.145,0.130,3.04
4297,Runner,0.407,0.449,0.129,0.139,0.00
4298,Pursuer,0.407,0.449,0.121,0.146,0.00
4299,Pursuer,0.407,0.449,0.160,0.136,0.00
4300,Runner,0.407,0.449,0.127,0.114,0.00
4301,Pursuer,0.407,0.449,0.162,0.151,0.00
4302,Pursuer,0.407,0.449,0.132,0.142,0.00
4303,Runner,0.407,0.449,0.153,0.152,0.00
4304,Runner,0.407,0.449,0.140,0.155,2.56
4305,Pursuer,0.407,0.449,0.120,0.162,0.00
4306,Runner,0.407,0.449,0.146,0.138,3.78
4307,Pursuer,0.407,0.449,0.156,0.151,0.00
4308,Pursuer,0.407,0.449,0.139,0.128,0.00
4309,Pursuer,0.407,0.449,0.120,0.144,0.00
4310,Runner,0.407,0.449,0.123,0.180,1.16
4311,Pursuer,0.407,0.449,0.198,0.171,0.00
4312,Draw,0.407,0.449,0.148,0.144,17.58
4313,Runner,0.407,0.449,0.172,0.153,0.00
4314,Pursuer,0.407,0.449,0.189,0.130,0.00
4315,Runner,0.407,0.449,0.133,0.125,0.00
4316,Pursuer,0.407,0.449,0.152,0.127,0.00
4317,Runner,0.407,0.449,0.106,0.107,0.00
4318,Runner,0.407,0.449,0.135,0.144,3.42
4319,Pursuer,0.407,0.449,0.141,0.129,0.00
4320,Runner,0.407,0.449,0.135,0.153,3.20
4321,Runner,0.407,0.449,0.141,0.162,1.66
4322,Runner,0.407,0.449,0.156,0.141,0.00
4323,Runner,0.408,0.449,0.120,0.156,3.16
4324,Runner,0.408,0.449,0.138,0.161,0.00
4325,Runner,0.408,0.449,0.156,0.153,0.00
4326,Runner,0.408,0.448,0.149,0.152,0.00
4327,Pursuer,0.408,0.449,0.150,0.154,0.00
4328,Runner,0.408,0.448,0.180,0.165,0.30
4329,Runner,0.408,0.448,0.137,0.151,0.00
4330,Pursuer,0.408,0.448,0.111,0.112,0.00
4331,Runner,0.408,0.448,0.134,0.116,1.64
4332,Pursuer,0.408,0.449,0.197,0.136,0.00
4333,Pursuer,0.408,0.449,0.140,0.137,0.00
4334,Pursuer,0.408,0.449,0.118,0.160,0.00
4335,Runner,0.408,0.449,0.149,0.188,0.80
4336,Runner,0.408,0.449,0.152,0.140,0.00
4337,Pursuer,0.408,0.449,0.148,0.125,0.00
4338,Pursuer,0.408,0.449,0.141,0.144,0.00
4339,Runner,0.408,0.449,0.150,0.143,4.94
4340,Pursuer,0.408,0.449,0.143,0.149,0.00
4341,Runner,0.408,0.449,0.138,0.148,0.50
4342,Runner,0.408,0.449,0.146,0.147,3.00
4343,Runner,0.408,0.449,0.149,0.139,2.60
4344,Runner,0.409,0.448,0.163,0.124,0.00
4345,Pursuer,0.409,0.449,0.117,0.148,0.00
4346,Pursuer,0.408,0.449,0.155,0.154,0.00
4347,Runner,0.409,0.449,0.149,0.159,0.00
4348,Runner,0.409,0.448,0.142,0.152,0.00
4349,Pursuer,0.409,0.449,0.145,0.135,0.00
4350,Runner,0.409,0.449,0.098,0.150,0.00
4351,Runner,0.409,0.448,0.149,0.133,0.00
4352,Runner,0.409,0.448,0.134,0.171,0.24
4353,Runner,0.409,0.448,0.150,0.128,0.00
4354,Runner,0.409,0.448,0.131,0.122,0.54
4355,Pursuer,0.409,0.448,0.145,0.122,0.00
4356,Pursuer,0.409,0.448,0.153,0.149,0.00
4357,Pursuer,0.409,0.448,0.172,0.159,0.00
4358,Pursuer,0.409,0.449,0.149,0.152,0.00
4359,Pursuer,0.409,0.449,0.140,0.146,0.00
4360,Pursuer,0.409,0.449,0.155,0.160,0.00
4361,Runner,0.409,0.449,0.140,0.145,1.40
4362,Pursuer,0.409,0.449,0.146,0.135,0.00
4363,Runner,0.409,0.449,0.161,0.133,0.00
4364,Pursuer,0.409,0.449,0.129,0.134,0.00
4365,Pursuer,0.409,0.449,0.148,0.119,0.00
4366,Runner,0.409,0.449,0.141,0.164,1.10
4367,Pursuer,0.409,0.449,0.116,0.132,0.00
4368,Pursuer,0.409,0.449,0.138,0.115,0.00
4369,Runner,0.409,0.449,0.135,0.155,0.82
4370,Pursuer,0.409,0.449,0.137,0.131,0.00
4371,Pursuer,0.409,0.449,0.154,0.156,0.00
4372,Runner,0.409,0.449,0.137,0.136,0.00
4373,Runner,0.409,0.449,0.150,0.138,2.06
4374,Runner,0.409,0.449,0.139,0.179,0.00
4375,Pursuer,0.409,0.449,0.150,0.131,0.00
4376,Runner,0.409,0.449,0.125,0.161,0.00
4377,Pursuer,0.409,0.449,0.136,0.133,0.00
4378,Pursuer,0.409,0.449,0.143,0.136,0.00
4379,Runner,0.409,0.449,0.157,0.138,0.00
4380,Pursuer,0.409,0.449,0.081,0.094,0.00
4381,Runner,0.409,0.449,0.108,0.144,0.00
4382,Runner,0.409,0.449,0.136,0.125,0.06
4383,Runner,0.409,0.449,0.125,0.149,3.04
4384,Pursuer,0.409,0.449,0.135,0.138,0.00
4385,Runner,0.409,0.449,0.149,0.128,0.00
4386,Pursuer,0.409,0.449,0.135,0.156,0.00
4387,Pursuer,0.409,0.449,0.120,0.244,0.00
4388,Runner,0.409,0.449,0.125,0.150,0.00
4389,Pursuer,0.409,0.449,0.132,0.150,0.00
4390,Runner,0.409,0.449,0.155,0.156,9.22
4391,Pursuer,0.409,0.449,0.145,0.158,0.00
4392,Pursuer,0.409,0.449,0.178,0.095,0.00
4393,Pursuer,0.409,0.450,0.148,0.158,0.00
4394,Runner,0.409,0.449,0.115,0.163,2.10
4395,Runner,0.409,0.449,0.135,0.173,1.34
4396,Draw,0.409,0.449,0.160,0.144,18.20
4397,Pursuer,0.409,0.449,0.149,0.141,0.00
4398,Pursuer,0.409,0.450,0.086,0.047,0.00
4399,Pursuer,0.409,0.450,0.166,0.119,0.00
4400,Draw,0.409,0.450,0.148,0.140,15.62
4401,Runner,0.409,0.449,0.151,0.109,0.00
4402,Runner,0.409,0.449,0.159,0.155,0.00
4403,Runner,0.409,0.449,0.128,0.130,1.38
4404,Pursuer,0.409,0.449,0.154,0.136,0.00
4405,Pursuer,0.409,0.449,0.152,0.140,0.00
4406,Runner,0.409,0.449,0.146,0.161,2.68
4407,Pursuer,0.409,0.450,0.178,0.119,0.00
4408,Pursuer,0.409,0.450,0.142,0.132,0.00
4409,Runner,0.409,0.450,0.162,0.120,3.48
4410,Runner,0.409,0.449,0.129,0.121,0.00
4411,Pursuer,0.409,0.450,0.151,0.123,0.00
4412,Pursuer,0.409,0.450,0.148,0.144,0.00
4413,Runner,0.409,0.450,0.131,0.153,3.30
4414,Pursuer,0.409,0.450,0.144,0.120,0.00
4415,Runner,0.409,0.450,0.154,0.145,2.06
4416,Pursuer,0.409,0.450,0.135,0.151,0.00
4417,Runner,0.409,0.450,0.151,0.140,2.48
4418,Pursuer,0.409,0.450,0.000,0.000,0.00
4419,Pursuer,0.409,0.450,0.154,0.130,0.00
4420,Pursuer,0.409,0.450,0.149,0.142,0.00
4421,Pursuer,0.409,0.450,0.178,0.201,0.00
4422,Runner,0.409,0.450,0.128,0.126,6.12
4423,Runner,0.409,0.450,0.147,0.141,1.82
4424,Runner,0.409,0.450,0.110,0.144,0.00
4425,Pursuer,0.409,0.450,0.353,0.239,0.00
4426,Pursuer,0.409,0.450,0.109,0.173,0.00
4427,Runner,0.409,0.450,0.136,0.147,0.00
4428,Pursuer,0.409,0.450,0.147,0.134,0.00
4429,Draw,0.409,0.450,0.146,0.148,16.62
4430,Pursuer,0.409,0.450,0.151,0.171,0.00
4431,Pursuer,0.409,0.450,0.146,0.143,0.00
4432,Runner,0.409,0.450,0.164,0.102,0.00
4433,Pursuer,0.409,0.450,0.109,0.162,0.00
4434,Runner,0.409,0.450,0.148,0.131,0.00
4435,Pursuer,0.409,0.450,0.149,0.164,0.00
4436,Runner,0.409,0.450,0.145,0.160,2.26
4437,Pursuer,0.409,0.450,0.147,0.128,0.00
4438,Runner,0.409,0.450,0.128,0.132,1.68
4439,Pursuer,0.409,0.450,0.136,0.134,0.00
4440,Runner,0.409,0.450,0.129,0.134,0.42
4441,Pursuer,0.409,0.450,0.139,0.150,0.00
4442,Runner,0.409,0.450,0.127,0.159,2.96
4443,Pursuer,0.409,0.450,0.094,0.108,0.00
4444,Pursuer,0.409,0.450,0.153,0.146,0.00
4445,Pursuer,0.409,0.451,0.142,0.140,0.00
4446,Runner,0.409,0.451,0.137,0.154,0.00
4447,Runner,0.409,0.450,0.135,0.142,5.36
4448,Pursuer,0.409,0.451,0.111,0.128,0.00
4449,Pursuer,0.409,0.451,0.173,0.167,0.00
4450,Pursuer,0.409,0.451,0.151,0.140,0.00
4451,Pursuer,0.409,0.451,0.151,0.146,0.00
4452,Runner,0.409,0.451,0.130,0.129,2.44
4453,Runner,0.409,0.451,0.136,0.128,4.16
4454,Runner,0.409,0.451,0.097,0.202,0.00
4455,Runner,0.409,0.451,0.126,0.147,0.00
4456,Pursuer,0.409,0.451,0.148,0.134,0.00
4457,Runner,0.409,0.451,0.136,0.146,0.26
4458,Pursuer,0.409,0.451,0.136,0.129,0.00
4459,Runner,0.410,0.451,0.155,0.165,0.00
4460,Pursuer,0.409,0.451,0.069,0.122,0.00
4461,Draw,0.409,0.451,0.136,0.161,19.76
4462,Runner,0.409,0.450,0.152,0.143,1.12
4463,Runner,0.410,0.450,0.149,0.146,0.00
4464,Runner,0.410,0.450,0.144,0.132,0.04
4465,Pursuer,0.410,0.450,0.139,0.174,0.00
4466,Pursuer,0.410,0.451,0.170,0.122,0.00
4467,Runner,0.410,0.450,0.161,0.109,0.00
4468,Runner,0.410,0.450,0.203,0.162,0.00
4469,Pursuer,0.410,0.450,0.132,0.137,0.00
4470,Pursuer,0.410,0.451,0.154,0.152,0.00
4471,Runner,0.410,0.450,0.143,0.164,1.18
4472,Pursuer,0.410,0.451,0.144,0.115,0.00
4473,Pursuer,0.410,0.451,0.158,0.125,0.00
4474,Pursuer,0.409,0.451,0.126,0.178,0.00
4475,Pursuer,0.409,0.451,0.151,0.125,0.00
4476,Pursuer,0.409,0.451,0.148,0.132,0.00
4477,Pursuer,0.409,0.451,0.164,0.135,0.00
4478,Runner,0.409,0.451,0.126,0.141,0.00
4479,Runner,0.409,0.451,0.100,0.175,0.08
4480,Pursuer,0.409,0.451,0.137,0.146,0.00
4481,Runner,0.410,0.451,0.157,0.163,1.98
4482,Runner,0.410,0.451,0.121,0.141,0.08
4483,Runner,0.410,0.451,0.153,0.130,0.00
4484,Pursuer,0.410,0.451,0.146,0.150,0.00
4485,Runner,0.410,0.451,0.152,0.139,1.64
4486,Pursuer,0.410,0.451,0.193,0.139,0.00
4487,Runner,0.410,0.451,0.164,0.067,0.00
4488,Pursuer,0.410,0.451,0.148,0.129,0.00
4489,Pursuer,0.410,0.451,0.130,0.151,0.00
4490,Pursuer,0.410,0.451,0.163,0.140,0.00
4491,Runner,0.410,0.451,0.142,0.144,1.52
4492,Runner,0.410,0.451,0.142,0.169,0.00
4493,Pursuer,0.410,0.451,0.147,0.139,0.00
4494,Runner,0.410,0.451,0.136,0.150,0.00
4495,Pursuer,0.410,0.451,0.155,0.147,0.00
4496,Runner,0.410,0.451,0.128,0.146,0.00
4497,Runner,0.410,0.451,0.162,0.159,0.42
4498,Runner,0.410,0.451,0.121,0.235,0.00
4499,Pursuer,0.410,0.451,0.121,0.227,0.00
4500,Pursuer,0.410,0.451,0.146,0.117,0.00
4501,Pursuer,0.410,0.451,0.115,0.151,0.00
4502,Runner,0.410,0.451,0.144,0.176,1.06
4503,Pursuer,0.410,0.451,0.124,0.153,0.00
4504,Runner,0.410,0.451,0.139,0.116,1.52
4505,Runner,0.410,0.451,0.157,0.130,0.00
4506,Pursuer,0.410,0.451,0.139,0.153,0.00
4507,Pursuer,0.410,0.451,0.146,0.137,0.00
4508,Runner,0.410,0.451,0.148,0.140,6.36
4509,Runner,0.410,0.451,0.147,0.160,0.00
4510,Runner,0.410,0.451,0.132,0.126,0.54
4511,Pursuer,0.410,0.451,0.122,0.134,0.00
4512,Pursuer,0.410,0.451,0.197,0.110,0.00
4513,Pursuer,0.410,0.451,0.169,0.123,0.00
4514,Runner,0.410,0.451,0.131,0.157,2.88
4515,Runner,0.410,0.451,0.119,0.131,1.52
4516,Pursuer,0.410,0.451,0.139,0.147,0.00
4517,Pursuer,0.410,0.451,0.171,0.181,0.00
4518,Pursuer,0.410,0.452,0.120,0.131,0.00
4519,Pursuer,0.410,0.452,0.156,0.155,0.00
4520,Runner,0.410,0.452,0.252,0.797,0.00
4521,Runner,0.410,0.451,0.140,0.151,4.78
4522,Runner,0.410,0.451,0.157,0.164,0.00
4523,Pursuer,0.410,0.451,0.142,0.145,0.00
4524,Runner,0.410,0.451,0.111,0.158,3.26
4525,Draw,0.410,0.451,0.144,0.154,16.10
4526,Runner,0.411,0.451,0.263,0.210,0.00
4527,Pursuer,0.410,0.451,0.128,0.141,0.00
4528,Pursuer,0.410,0.451,0.143,0.141,0.00
4529,Runner,0.410,0.451,0.104,0.138,0.98
4530,Runner,0.411,0.451,0.133,0.159,1.30
4531,Pursuer,0.411,0.451,0.065,0.196,0.00
4532,Draw,0.410,0.451,0.148,0.150,19.34
4533,Runner,0.411,0.451,0.123,0.126,0.94
4534,Pursuer,0.410,0.451,0.147,0.121,0.00
4535,Pursuer,0.410,0.451,0.168,0.144,0.00
4536,Runner,0.410,0.451,0.164,0.139,0.00
4537,Runner,0.411,0.451,0.178,0.100,0.00
4538,Runner,0.411,0.451,0.132,0.153,3.44
4539,Runner,0.411,0.451,0.150,0.141,9.50
4540,Pursuer,0.411,0.451,0.132,0.149,0.00
4541,Pursuer,0.411,0.451,0.120,0.133,0.00
4542,Pursuer,0.411,0.451,0.153,0.171,0.00
4543,Pursuer,0.411,0.451,0.177,0.137,0.00
4544,Runner,0.411,0.451,0.119,0.131,0.00
4545,Pursuer,0.411,0.451,0.149,0.144,0.00
4546,Pursuer,0.410,0.452,0.141,0.086,0.00
4547,Runner,0.411,0.452,0.155,0.143,0.78
4548,Pursuer,0.411,0.452,0.166,0.129,0.00
4549,Pursuer,0.410,0.452,0.137,0.135,0.00
4550,Runner,0.411,0.452,0.143,0.127,0.00
4551,Pursuer,0.410,0.452,0.133,0.109,0.00
4552,Runner,0.411,0.452,0.142,0.128,0.02
4553,Runner,0.411,0.452,0.134,0.134,0.00
4554,Runner,0.411,0.451,0.155,0.165,0.00
4555,Pursuer,0.411,0.452,0.836,0.591,0.00
4556,Runner,0.411,0.451,0.135,0.122,0.86
4557,Pursuer,0.411,0.452,0.133,0.146,0.00
4558,Pursuer,0.411,0.452,0.154,0.140,0.00
4559,Runner,0.411,0.452,0.117,0.148,1.98
4560,Runner,0.411,0.452,0.136,0.149,1.48
4561,Runner,0.411,0.451,0.165,0.157,0.00
4562,Runner,0.411,0.451,0.144,0.145,0.00
4563,Runner,0.411,0.451,0.129,0.127,0.00
4564,Pursuer,0.411,0.451,0.383,0.733,0.00
4565,Runner,0.411,0.451,0.144,0.146,1.66
4566,Runner,0.412,0.451,0.138,0.156,0.00
4567,Runner,0.412,0.451,0.126,0.143,0.00
4568,Runner,0.412,0.451,0.106,0.154,0.00
4569,Pursuer,0.412,0.451,0.000,0.000,0.00
4570,Runner,0.412,0.451,0.148,0.146,4.02
4571,Pursuer,0.412,0.451,0.152,0.180,0.00
4572,Pursuer,0.412,0.451,0.146,0.130,0.00
4573,Runner,0.412,0.451,0.138,0.139,0.00
4574,Pursuer,0.412,0.451,0.173,0.118,0.00
4575,Runner,0.412,0.451,0.146,0.135,1.92
4576,Pursuer,0.412,0.451,0.146,0.136,0.00
4577,Runner,0.412,0.451,0.159,0.145,2.74
4578,Pursuer,0.412,0.451,0.159,0.158,0.00
4579,Pursuer,0.412,0.451,0.148,0.134,0.00
4580,Pursuer,0.412,0.452,0.132,0.130,0.00
4581,Runner,0.412,0.451,0.160,0.121,0.00
4582,Draw,0.412,0.451,0.141,0.152,15.46
4583,Runner,0.412,0.451,0.168,0.134,0.00
4584,Pursuer,0.412,0.451,0.151,0.169,0.00
4585,Runner,0.412,0.451,0.150,0.132,3.16
4586,Pursuer,0.412,0.451,0.118,0.134,0.00
4587,Pursuer,0.412,0.451,0.110,0.131,0.00
4588,Pursuer,0.412,0.452,0.139,0.104,0.00
4589,Pursuer,0.411,0.452,0.119,0.143,0.00
4590,Pursuer,0.411,0.452,0.211,0.120,0.00
4591,Runner,0.411,0.452,0.140,0.155,0.00
4592,Runner,0.412,0.452,0.123,0.162,0.00
4593,Runner,0.412,0.452,0.132,0.139,1.50
4594,Pursuer,0.412,0.452,0.181,0.162,0.00
4595,Pursuer,0.412,0.452,0.125,0.109,0.00
4596,Runner,0.412,0.452,0.147,0.158,2.14
4597,Runner,0.412,0.452,0.131,0.161,0.00
4598,Pursuer,0.412,0.452,0.128,0.124,0.00
4599,Runner,0.412,0.452,0.158,0.175,0.00
4600,Pursuer,0.412,0.452,0.130,0.126,0.00
4601,Pursuer,0.412,0.452,0.106,0.164,0.00
4602,Runner,0.412,0.452,0.104,0.125,0.80
4603,Runner,0.412,0.452,0.111,0.156,0.00
4604,Runner,0.412,0.452,0.143,0.150,1.12
4605,Pursuer,0.412,0.452,0.146,0.190,0.00
4606,Pursuer,0.412,0.452,0.133,0.142,0.00
4607,Pursuer,0.412,0.452,0.137,0.149,0.00
4608,Runner,0.412,0.452,0.147,0.156,0.00
4609,Runner,0.412,0.452,0.144,0.149,0.00
4610,Pursuer,0.412,0.452,0.151,0.155,0.00
4611,Pursuer,0.412,0.452,0.160,0.125,0.00
4612,Runner,0.412,0.452,0.128,0.164,0.06
4613,Pursuer,0.412,0.452,0.151,0.135,0.00
4614,Pursuer,0.412,0.452,0.122,0.172,0.00
4615,Pursuer,0.412,0.452,0.148,0.142,0.00
4616,Runner,0.412,0.452,0.157,0.127,0.00
4617,Runner,0.412,0.452,0.141,0.137,0.00
4618,Runner,0.412,0.452,0.127,0.118,4.30
4619,Pursuer,0.412,0.452,0.136,0.144,0.00
4620,Pursuer,0.412,0.452,0.135,0.154,0.00
4621,Pursuer,0.412,0.452,0.118,0.108,0.00
4622,Pursuer,0.412,0.452,0.141,0.121,0.00
4623,Pursuer,0.412,0.453,0.149,0.134,0.00
4624,Pursuer,0.412,0.453,0.188,0.184,0.00
4625,Pursuer,0.411,0.453,0.152,0.160,0.00
4626,Pursuer,0.411,0.453,0.154,0.129,0.00
4627,Pursuer,0.411,0.453,0.135,0.150,0.00
4628,Pursuer,0.411,0.453,0.131,0.120,0.00
4629,Runner,0.411,0.453,0.133,0.164,0.00
4630,Draw,0.411,0.453,0.147,0.153,17.64
4631,Pursuer,0.411,0.453,0.150,0.172,0.00
4632,Draw,0.411,0.453,0.150,0.138,18.04
4633,Runner,0.411,0.453,0.126,0.149,0.00
4634,Pursuer,0.411,0.453,0.151,0.116,0.00
4635,Runner,0.411,0.453,0.124,0.119,0.00
4636,Pursuer,0.411,0.453,0.126,0.128,0.00
4637,Runner,0.411,0.453,0.140,0.112,2.64
4638,Pursuer,0.411,0.453,0.142,0.144,0.00
4639,Draw,0.411,0.453,0.151,0.145,18.34
4640,Pursuer,0.411,0.453,0.150,0.194,0.00
4641,Pursuer,0.411,0.453,0.167,0.124,0.00
4642,Pursuer,0.411,0.453,0.126,0.136,0.00
4643,Runner,0.411,0.453,0.123,0.139,0.00
4644,Pursuer,0.411,0.453,0.000,0.000,0.00
4645,Runner,0.411,0.453,0.126,0.151,0.00
4646,Runner,0.411,0.453,0.139,0.127,0.00
4647,Pursuer,0.411,0.453,0.121,0.115,0.00
4648,Runner,0.411,0.453,0.127,0.154,0.06
4649,Runner,0.411,0.453,0.140,0.141,4.20
4650,Pursuer,0.411,0.453,0.160,0.190,0.00
4651,Pursuer,0.411,0.453,0.153,0.155,0.00
4652,Pursuer,0.411,0.453,0.159,0.138,0.00
4653,Runner,0.411,0.453,0.138,0.175,0.00
4654,Pursuer,0.411,0.453,0.179,0.060,0.00
4655,Runner,0.411,0.453,0.146,0.129,0.00
4656,Pursuer,0.411,0.453,0.144,0.111,0.00
4657,Runner,0.411,0.453,0.129,0.147,2.64
4658,Runner,0.411,0.453,0.141,0.142,13.64
4659,Pursuer,0.411,0.453,0.125,0.152,0.00
4660,Runner,0.411,0.453,0.131,0.162,0.18
4661,Runner,0.411,0.453,0.142,0.121,0.00
4662,Pursuer,0.411,0.453,0.115,0.167,0.00
4663,Runner,0.412,0.453,0.190,0.149,0.26
4664,Pursuer,0.411,0.453,0.000,0.000,0.00
4665,Pursuer,0.411,0.453,0.144,0.162,0.00
4666,Runner,0.411,0.453,0.122,0.156,2.50
4667,Pursuer,0.411,0.453,0.135,0.149,0.00
4668,Runner,0.412,0.453,0.105,0.125,2.62
4669,Runner,0.412,0.453,0.124,0.134,9.18
4670,Pursuer,0.412,0.453,0.123,0.135,0.00
4671,Runner,0.412,0.453,0.215,0.180,0.00
4672,Draw,0.412,0.453,0.145,0.152,17.60
4673,Runner,0.412,0.453,0.117,0.133,1.20
4674,Runner,0.412,0.453,0.134,0.116,2.04
4675,Runner,0.412,0.453,0.128,0.141,0.98
4676,Pursuer,0.412,0.453,0.150,0.142,0.00
4677,Pursuer,0.412,0.453,0.138,0.131,0.00
4678,Runner,0.412,0.453,0.161,0.151,0.00
4679,Pursuer,0.412,0.453,0.137,0.141,0.00
4680,Runner,0.412,0.453,0.149,0.146,0.66
4681,Pursuer,0.412,0.453,0.146,0.139,0.00
4682,Runner,0.412,0.453,0.126,0.140,0.80
4683,Pursuer,0.412,0.453,0.158,0.130,0.00
4684,Runner,0.412,0.453,0.160,0.108,0.52
4685,Runner,0.412,0.453,0.116,0.167,1.06
4686,Pursuer,0.412,0.453,0.140,0.132,0.00
4687,Pursuer,0.412,0.453,0.136,0.147,0.00
4688,Pursuer,0.412,0.453,0.143,0.130,0.00
4689,Pursuer,0.412,0.453,0.163,0.158,0.00
4690,Runner,0.412,0.453,0.370,0.703,0.00
4691,Pursuer,0.412,0.453,0.000,0.000,0.00
4692,Pursuer,0.412,0.454,0.122,0.121,0.00
4693,Runner,0.412,0.453,0.128,0.109,0.00
4694,Runner,0.412,0.453,0.135,0.154,0.00
4695,Pursuer,0.412,0.453,0.132,0.123,0.00
4696,Pursuer,0.412,0.454,0.112,0.097,0.00
4697,Runner,0.412,0.453,0.132,0.155,7.32
4698,Pursuer,0.412,0.454,0.123,0.123,0.00
4699,Runner,0.412,0.454,0.122,0.157,5.60
4700,Pursuer,0.412,0.454,0.147,0.143,0.00
4701,Pursuer,0.412,0.454,0.122,0.141,0.00
4702,Runner,0.412,0.454,0.152,0.151,0.00
4703,Pursuer,0.412,0.454,0.142,0.142,0.00
4704,Pursuer,0.412,0.454,0.124,0.145,0.00
4705,Pursuer,0.412,0.454,0.186,0.146,0.00
4706,Runner,0.412,0.454,0.140,0.138,2.58
4707,Runner,0.412,0.454,0.126,0.125,0.00
4708,Runner,0.412,0.454,0.143,0.152,3.16
4709,Pursuer,0.412,0.454,0.126,0.175,0.00
4710,Draw,0.412,0.454,0.142,0.145,14.42
4711,Pursuer,0.412,0.454,0.168,0.180,0.00
4712,Pursuer,0.412,0.454,0.159,0.157,0.00
4713,Runner,0.412,0.454,0.129,0.123,3.40
4714,Pursuer,0.412,0.454,0.181,0.129,0.00
4715,Runner,0.412,0.454,0.136,0.135,0.00
4716,Pursuer,0.412,0.454,0.149,0.105,0.00
4717,Runner,0.412,0.454,0.170,0.136,2.36
4718,Pursuer,0.412,0.454,0.105,0.139,0.00
4719,Runner,0.412,0.454,0.136,0.133,8.22
4720,Runner,0.412,0.454,0.160,0.138,0.00
4721,Runner,0.412,0.454,0.124,0.105,1.18
4722,Runner,0.412,0.454,0.141,0.147,1.14
4723,Pursuer,0.412,0.454,0.158,0.120,0.00
4724,Draw,0.412,0.454,0.151,0.153,14.16
4725,Pursuer,0.412,0.454,0.123,0.121,0.00
4726,Pursuer,0.412,0.454,0.123,0.173,0.00
4727,Pursuer,0.412,0.454,0.132,0.134,0.00
4728,Pursuer,0.412,0.454,0.207,0.269,0.00
4729,Runner,0.412,0.454,0.152,0.146,4.50
4730,Pursuer,0.412,0.454,0.133,0.126,0.00
4731,Runner,0.412,0.454,0.148,0.146,0.00
4732,Pursuer,0.412,0.454,0.139,0.135,0.00
4733,Pursuer,0.412,0.454,0.132,0.094,0.00
4734,Runner,0.412,0.454,0.132,0.150,1.40
4735,Pursuer,0.412,0.454,0.000,0.000,0.00
4736,Runner,0.412,0.454,0.155,0.228,0.00
4737,Pursuer,0.412,0.454,0.130,0.116,0.00
4738,Pursuer,0.412,0.454,0.069,0.086,0.00
4739,Pursuer,0.412,0.455,0.155,0.133,0.00
4740,Runner,0.412,0.454,0.132,0.150,7.24
4741,Pursuer,0.412,0.455,0.148,0.138,0.00
4742,Runner,0.412,0.454,0.134,0.143,0.00
4743,Runner,0.412,0.454,0.143,0.125,0.00
4744,Runner,0.412,0.454,0.154,0.139,0.00
4745,Pursuer,0.412,0.454,0.155,0.156,0.00
4746,Runner,0.412,0.454,0.150,0.126,1.70
4747,Runner,0.412,0.454,0.150,0.118,0.56
4748,Runner,0.412,0.454,0.152,0.127,0.46
4749,Runner,0.413,0.454,0.152,0.121,0.00
4750,Pursuer,0.412,0.454,0.146,0.162,0.00
4751,Runner,0.413,0.454,0.141,0.149,0.00
4752,Runner,0.413,0.454,0.178,0.143,0.00
4753,Pursuer,0.413,0.454,0.139,0.142,0.00
4754,Pursuer,0.412,0.454,0.143,0.135,0.00
4755,Pursuer,0.412,0.454,0.114,0.165,0.00
4756,Pursuer,0.412,0.454,0.135,0.166,0.00
4757,Runner,0.412,0.454,0.134,0.150,0.00
4758,Runner,0.413,0.454,0.134,0.122,0.00
4759,Runner,0.413,0.454,0.139,0.108,0.00
4760,Runner,0.413,0.454,0.138,0.164,1.74
4761,Draw,0.413,0.454,0.126,0.128,0.00
4762,Pursuer,0.413,0.454,0.153,0.129,0.00
4763,Pursuer,0.413,0.454,0.141,0.142,0.00
4764,Runner,0.413,0.454,0.131,0.125,1.52
4765,Runner,0.413,0.454,0.143,0.137,3.16
4766,Pursuer,0.413,0.454,0.248,0.190,0.00
4767,Runner,0.413,0.454,0.136,0.133,0.00
4768,Pursuer,0.413,0.454,0.147,0.148,0.00
4769,Pursuer,0.413,0.454,0.185,0.109,0.00
4770,Runner,0.413,0.454,0.155,0.134,0.00
4771,Runner,0.413,0.454,0.128,0.143,3.06
4772,Runner,0.413,0.454,0.132,0.151,5.86
4773,Pursuer,0.413,0.454,0.143,0.152,0.00
4774,Runner,0.413,0.454,0.128,0.140,3.20
4775,Pursuer,0.413,0.454,0.133,0.106,0.00
4776,Pursuer,0.413,0.454,0.149,0.125,0.00
4777,Pursuer,0.413,0.454,0.112,0.127,0.00
4778,Runner,0.413,0.454,0.000,0.000,0.02
4779,Draw,0.413,0.454,0.131,0.142,18.86
4780,Runner,0.413,0.454,0.120,0.153,3.28
4781,Pursuer,0.413,0.454,0.161,0.199,0.00
4782,Pursuer,0.413,0.454,0.191,0.080,0.00
4783,Runner,0.413,0.454,0.143,0.134,0.00
4784,Runner,0.413,0.454,0.171,0.135,0.00
4785,Runner,0.413,0.454,0.143,0.148,0.00
4786,Runner,0.413,0.454,0.160,0.152,0.00
4787,Draw,0.413,0.454,0.142,0.137,17.38
4788,Pursuer,0.413,0.454,0.166,0.137,0.00
4789,Pursuer,0.413,0.454,0.129,0.096,0.00
4790,Runner,0.413,0.454,0.149,0.105,0.00
4791,Runner,0.413,0.454,0.134,0.159,2.96
4792,Pursuer,0.413,0.454,0.132,0.133,0.00
4793,Pursuer,0.413,0.454,0.122,0.136,0.00
4794,Runner,0.413,0.454,0.123,0.141,1.16
4795,Runner,0.413,0.454,0.183,0.200,0.94
4796,Pursuer,0.413,0.454,0.118,0.168,0.00
4797,Runner,0.413,0.454,0.146,0.125,7.42
4798,Pursuer,0.413,0.454,0.112,0.144,0.00
4799,Pursuer,0.413,0.454,0.137,0.128,0.00
4800,Pursuer,0.413,0.454,0.135,0.140,0.00
4801,Runner,0.413,0.454,0.135,0.151,1.04
4802,Runner,0.413,0.454,0.169,0.121,0.00
4803,Pursuer,0.413,0.454,0.120,0.168,0.00
4804,Runner,0.413,0.454,0.137,0.105,0.00
4805,Runner,0.414,0.454,0.225,0.560,0.00
4806,Pursuer,0.413,0.454,0.189,0.151,0.00
4807,Pursuer,0.413,0.454,0.134,0.143,0.00
4808,Pursuer,0.413,0.454,0.130,0.121,0.00
4809,Pursuer,0.413,0.454,0.149,0.146,0.00
4810,Pursuer,0.413,0.454,0.137,0.137,0.00
4811,Runner,0.413,0.454,0.146,0.134,0.76
4812,Pursuer,0.413,0.454,0.150,0.119,0.00
4813,Runner,0.413,0.454,0.124,0.132,2.28
4814,Pursuer,0.413,0.455,0.100,0.170,0.00
4815,Pursuer,0.413,0.455,0.221,0.200,0.00
4816,Runner,0.413,0.455,0.124,0.154,3.14
4817,Pursuer,0.413,0.455,0.128,0.112,0.00
4818,Runner,0.413,0.455,0.149,0.151,0.86
4819,Pursuer,0.413,0.455,0.022,0.161,0.00
4820,Runner,0.413,0.455,0.151,0.152,7.40
4821,Pursuer,0.413,0.455,0.126,0.116,0.00
4822,Pursuer,0.413,0.455,0.000,0.000,0.00
4823,Pursuer,0.413,0.455,0.145,0.141,0.00
4824,Runner,0.413,0.455,0.148,0.145,0.00
4825,Runner,0.413,0.455,0.128,0.143,2.00
4826,Pursuer,0.413,0.455,0.152,0.137,0.00
4827,Runner,0.413,0.455,0.000,0.000,0.00
4828,Runner,0.413,0.455,0.129,0.127,0.00
4829,Draw,0.413,0.455,0.152,0.140,0.00
4830,Pursuer,0.413,0.455,0.137,0.159,0.00
4831,Runner,0.413,0.455,0.130,0.139,0.00
4832,Pursuer,0.413,0.455,0.000,0.000,0.00
4833,Runner,0.413,0.455,0.146,0.136,0.00
4834,Runner,0.414,0.454,0.105,0.126,0.00
4835,Runner,0.414,0.454,0.122,0.142,3.22
4836,Pursuer,0.414,0.455,0.111,0.139,0.00
4837,Runner,0.414,0.454,0.131,0.126,0.00
4838,Runner,0.414,0.454,0.187,0.151,0.04
4839,Pursuer,0.414,0.454,0.146,0.144,0.00
4840,Runner,0.414,0.454,0.134,0.145,0.00
4841,Pursuer,0.414,0.454,0.140,0.146,0.00
4842,Pursuer,0.414,0.455,0.156,0.115,0.00
4843,Pursuer,0.414,0.455,0.140,0.130,0.00
4844,Runner,0.414,0.455,0.126,0.149,5.16
4845,Pursuer,0.414,0.455,0.169,0.158,0.00
4846,Runner,0.414,0.455,0.141,0.169,0.00
4847,Runner,0.414,0.455,0.135,0.139,0.82
4848,Runner,0.414,0.454,0.140,0.123,0.00
4849,Pursuer,0.414,0.455,0.101,0.168,0.00
4850,Runner,0.414,0.454,0.141,0.134,3.32
4851,Pursuer,0.414,0.455,0.125,0.150,0.00
4852,Runner,0.414,0.454,0.143,0.132,6.34
4853,Pursuer,0.414,0.455,0.143,0.129,0.00
4854,Runner,0.414,0.454,0.091,0.155,0.00
4855,Pursuer,0.414,0.455,0.143,0.120,0.00
4856,Runner,0.414,0.454,0.167,0.143,2.18
4857,Pursuer,0.414,0.455,0.145,0.178,0.00
4858,Runner,0.414,0.455,0.138,0.138,0.00
4859,Runner,0.414,0.454,0.160,0.137,0.00
4860,Pursuer,0.414,0.455,0.727,0.620,0.00
4861,Draw,0.414,0.454,0.142,0.144,15.38
4862,Runner,0.414,0.454,0.168,0.142,0.14
4863,Runner,0.414,0.454,0.137,0.140,2.22
4864,Draw,0.414,0.454,0.138,0.144,5.30
4865,Pursuer,0.414,0.454,0.125,0.150,0.00
4866,Draw,0.414,0.454,0.141,0.155,14.68
4867,Runner,0.414,0.454,0.103,0.136,1.30
4868,Pursuer,0.414,0.454,0.120,0.123,0.00
4869,Pursuer,0.414,0.454,0.169,0.185,0.00
4870,Pursuer,0.414,0.454,0.150,0.135,0.00
4871,Pursuer,0.414,0.455,0.117,0.121,0.00
4872,Runner,0.414,0.454,0.130,0.143,0.00
4873,Pursuer,0.414,0.455,0.128,0.107,0.00
4874,Draw,0.414,0.454,0.136,0.148,0.66
4875,Pursuer,0.414,0.455,0.139,0.134,0.00
4876,Pursuer,0.414,0.455,0.160,0.082,0.00
4877,Runner,0.414,0.455,0.137,0.134,0.00
4878,Runner,0.414,0.454,0.131,0.151,10.32
4879,Runner,0.414,0.454,0.130,0.166,1.62
4880,Runner,0.414,0.454,0.135,0.150,0.00
4881,Pursuer,0.414,0.454,0.164,0.213,0.00
4882,Pursuer,0.414,0.455,0.149,0.152,0.00
4883,Pursuer,0.414,0.455,0.018,0.151,0.00
4884,Pursuer,0.414,0.455,0.146,0.149,0.00
4885,Pursuer,0.414,0.455,0.140,0.145,0.00
4886,Runner,0.414,0.455,0.128,0.127,0.00
4887,Pursuer,0.414,0.455,0.134,0.146,0.00
4888,Runner,0.414,0.455,0.153,0.141,0.00
4889,Pursuer,0.414,0.455,0.000,0.000,0.00
4890,Runner,0.414,0.455,0.133,0.145,0.00
4891,Runner,0.414,0.455,0.146,0.152,0.66
4892,Pursuer,0.414,0.455,0.119,0.110,0.00
4893,Pursuer,0.414,0.455,0.155,0.140,0.00
4894,Pursuer,0.414,0.455,0.147,0.164,0.00
4895,Runner,0.414,0.455,0.000,0.000,0.02
4896,Pursuer,0.414,0.455,0.149,0.134,0.00
4897,Runner,0.414,0.455,0.155,0.142,0.00
4898,Pursuer,0.414,0.455,0.168,0.146,0.00
4899,Runner,0.414,0.455,0.131,0.145,2.32
4900,Runner,0.414,0.455,0.167,0.131,0.00
4901,Pursuer,0.414,0.455,0.122,0.190,0.00
4902,Runner,0.414,0.455,0.183,0.149,0.32
4903,Runner,0.414,0.455,0.138,0.127,1.54
4904,Runner,0.414,0.455,0.118,0.144,0.00
4905,Pursuer,0.414,0.455,0.161,0.137,0.00
4906,Pursuer,0.414,0.455,0.177,0.144,0.00
4907,Pursuer,0.414,0.455,0.139,0.121,0.00
4908,Runner,0.414,0.455,0.142,0.140,2.56
4909,Pursuer,0.414,0.455,0.106,0.119,0.00
4910,Pursuer,0.414,0.455,0.148,0.157,0.00
4911,Runner,0.414,0.455,0.144,0.137,3.20
4912,Pursuer,0.414,0.455,0.223,0.113,0.00
4913,Pursuer,0.414,0.455,0.137,0.150,0.00
4914,Runner,0.414,0.455,0.140,0.122,0.00
4915,Pursuer,0.414,0.455,0.168,0.123,0.00
4916,Runner,0.414,0.455,0.160,0.131,0.00
4917,Runner,0.414,0.455,0.172,0.120,0.00
4918,Runner,0.414,0.455,0.129,0.186,2.06
4919,Pursuer,0.414,0.455,0.148,0.151,0.00
4920,Runner,0.414,0.455,0.129,0.107,1.02
4921,Runner,0.415,0.455,0.147,0.154,5.10
4922,Runner,0.415,0.455,0.129,0.155,0.56
4923,Runner,0.415,0.455,0.125,0.159,2.34
4924,Pursuer,0.415,0.455,0.131,0.139,0.00
4925,Runner,0.415,0.455,0.114,0.147,0.00
4926,Pursuer,0.415,0.455,0.130,0.160,0.00
4927,Pursuer,0.415,0.455,0.114,0.135,0.00
4928,Pursuer,0.415,0.455,0.122,0.144,0.00
4929,Runner,0.415,0.455,0.178,0.138,0.40
4930,Runner,0.415,0.455,0.085,0.239,0.16
4931,Draw,0.415,0.455,0.156,0.146,15.80
4932,Pursuer,0.415,0.455,0.169,0.134,0.00
4933,Draw,0.415,0.455,0.139,0.112,0.00
4934,Pursuer,0.414,0.455,0.112,0.135,0.00
4935,Runner,0.415,0.455,0.133,0.159,3.78
4936,Runner,0.415,0.455,0.104,0.147,0.00
4937,Draw,0.415,0.455,0.133,0.149,16.56
4938,Pursuer,0.415,0.455,0.145,0.173,0.00
4939,Pursuer,0.414,0.455,0.143,0.149,0.00
4940,Runner,0.415,0.455,0.147,0.127,1.16
4941,Pursuer,0.414,0.455,0.149,0.147,0.00
4942,Pursuer,0.414,0.455,0.134,0.140,0.00
4943,Pursuer,0.414,0.455,0.151,0.139,0.00
4944,Pursuer,0.414,0.455,0.127,0.138,0.00
4945,Pursuer,0.414,0.455,0.144,0.150,0.00
4946,Runner,0.414,0.455,0.158,0.142,0.88
4947,Draw,0.414,0.455,0.136,0.156,15.26
4948,Runner,0.414,0.455,0.000,0.000,0.00
4949,Runner,0.414,0.455,0.178,0.271,0.00
4950,Runner,0.415,0.455,0.152,0.146,0.36
4951,Pursuer,0.414,0.455,0.136,0.118,0.00
4952,Pursuer,0.414,0.455,0.128,0.131,0.00
4953,Pursuer,0.414,0.455,0.115,0.129,0.00
4954,Pursuer,0.414,0.455,0.146,0.163,0.00
4955,Pursuer,0.414,0.455,0.178,0.084,0.00
4956,Runner,0.414,0.455,0.127,0.138,1.88
4957,Runner,0.414,0.455,0.125,0.121,1.14
4958,Runner,0.414,0.455,0.153,0.126,0.84
4959,Runner,0.415,0.455,0.128,0.120,3.24
4960,Runner,0.415,0.455,0.179,0.131,0.00
4961,Pursuer,0.415,0.455,0.143,0.133,0.00
4962,Runner,0.415,0.455,0.136,0.151,1.64
4963,Pursuer,0.415,0.455,0.151,0.171,0.00
4964,Runner,0.415,0.455,0.140,0.115,0.00
4965,Pursuer,0.415,0.455,0.145,0.135,0.00
4966,Runner,0.415,0.455,0.112,0.140,0.46
4967,Draw,0.415,0.455,0.149,0.136,15.72
4968,Runner,0.415,0.455,0.155,0.136,0.00
4969,Runner,0.415,0.455,0.139,0.153,2.94
4970,Pursuer,0.415,0.455,0.147,0.171,0.00
4971,Pursuer,0.415,0.455,0.232,0.108,0.00
4972,Runner,0.415,0.455,0.187,0.153,0.00
4973,Runner,0.415,0.455,0.147,0.139,2.18
4974,Runner,0.415,0.455,0.144,0.118,1.44
4975,Pursuer,0.415,0.455,0.090,0.129,0.00
4976,Runner,0.415,0.455,0.147,0.133,0.00
4977,Runner,0.415,0.455,0.138,0.163,1.28
4978,Runner,0.415,0.455,0.142,0.151,0.84
4979,Pursuer,0.415,0.455,0.148,0.144,0.00
4980,Pursuer,0.415,0.455,0.161,0.166,0.00
4981,Runner,0.415,0.455,0.109,0.106,0.02
4982,Runner,0.415,0.455,0.138,0.128,2.22
4983,Pursuer,0.415,0.455,0.171,0.156,0.00
4984,Runner,0.416,0.455,0.136,0.141,2.76
4985,Runner,0.416,0.455,0.138,0.117,0.00
4986,Runner,0.416,0.454,0.112,0.123,0.00
4987,Pursuer,0.416,0.455,0.000,0.000,0.00
4988,Pursuer,0.416,0.455,0.158,0.210,0.00
4989,Runner,0.416,0.455,0.140,0.150,0.06
4990,Runner,0.416,0.455,0.144,0.162,0.50
4991,Runner,0.416,0.454,0.134,0.126,0.50
4992,Runner,0.416,0.454,0.139,0.131,1.58
4993,Runner,0.416,0.454,0.114,0.127,0.60
4994,Runner,0.416,0.454,0.158,0.149,2.34
4995,Pursuer,0.416,0.454,0.155,0.147,0.00
4996,Runner,0.416,0.454,0.146,0.072,0.00
4997,Pursuer,0.416,0.454,0.123,0.159,0.00
4998,Draw,0.416,0.454,0.152,0.136,16.16
4999,Runner,0.416,0.454,0.134,0.154,4.80
5000,Runner,0.416,0.454,0.124,0.123,0.00
5001,Runner,0.417,0.454,0.106,0.152,0.00
5002,Runner,0.417,0.454,0.152,0.141,3.26
5003,Pursuer,0.417,0.454,0.127,0.161,0.00
5004,Runner,0.417,0.454,0.119,0.129,0.02
5005,Pursuer,0.417,0.454,0.146,0.147,0.00
5006,Pursuer,0.417,0.454,0.129,0.174,0.00
5007,Runner,0.417,0.454,0.120,0.126,0.00
5008,Pursuer,0.417,0.454,0.128,0.142,0.00
5009,Pursuer,0.416,0.454,0.126,0.167,0.00
5010,Runner,0.417,0.454,0.139,0.148,8.08
5011,Runner,0.417,0.454,0.131,0.130,2.16
5012,Runner,0.417,0.454,0.153,0.132,8.64
5013,Pursuer,0.417,0.454,0.150,0.127,0.00
5014,Runner,0.417,0.454,0.143,0.150,0.00
5015,Runner,0.417,0.454,0.131,0.160,3.12
5016,Runner,0.417,0.454,0.125,0.147,1.50
5017,Pursuer,0.417,0.454,0.151,0.141,0.00
5018,Pursuer,0.417,0.454,0.136,0.143,0.00
5019,Pursuer,0.417,0.454,0.259,0.146,0.00
5020,Pursuer,0.417,0.454,0.126,0.146,0.00
5021,Runner,0.417,0.454,0.291,0.153,0.00
5022,Pursuer,0.417,0.454,0.149,0.112,0.00
5023,Runner,0.417,0.454,0.123,0.153,0.14
5024,Runner,0.417,0.454,0.127,0.147,2.92
5025,Pursuer,0.417,0.454,0.114,0.135,0.00
5026,Pursuer,0.417,0.454,0.120,0.140,0.00
5027,Pursuer,0.417,0.454,0.147,0.133,0.00
5028,Runner,0.417,0.454,0.144,0.151,0.00
5029,Runner,0.417,0.454,0.143,0.145,1.76
5030,Runner,0.417,0.454,0.162,0.151,0.00
5031,Pursuer,0.417,0.454,0.089,0.151,0.00
5032,Pursuer,0.417,0.454,0.093,0.156,0.00
5033,Pursuer,0.417,0.454,0.138,0.154,0.00
5034,Runner,0.417,0.454,0.147,0.152,0.98
5035,Runner,0.417,0.454,0.166,0.178,0.00
5036,Pursuer,0.417,0.454,0.104,0.143,0.00
5037,Pursuer,0.417,0.454,0.000,0.000,0.00
5038,Runner,0.417,0.454,0.155,0.155,0.00
5039,Pursuer,0.417,0.454,0.143,0.131,0.00
5040,Runner,0.417,0.454,0.137,0.143,2.00
5041,Runner,0.417,0.454,0.133,0.156,0.00
5042,Runner,0.417,0.454,0.135,0.131,4.44
5043,Runner,0.417,0.454,0.129,0.153,0.00
5044,Pursuer,0.417,0.454,0.163,0.159,0.00
5045,Pursuer,0.417,0.454,0.140,0.141,0.00
5046,Pursuer,0.417,0.454,0.095,0.148,0.00
5047,Runner,0.417,0.454,0.284,0.457,0.00
5048,Pursuer,0.417,0.454,0.148,0.143,0.00
5049,Pursuer,0.417,0.455,0.149,0.146,0.00
5050,Pursuer,0.417,0.455,0.141,0.139,0.00
5051,Pursuer,0.417,0.455,0.135,0.155,0.00
5052,Runner,0.417,0.455,0.034,0.229,0.00
5053,Runner,0.417,0.455,0.149,0.107,0.00
5054,Runner,0.417,0.454,0.126,0.119,0.00
5055,Pursuer,0.417,0.455,0.161,0.155,0.00
5056,Runner,0.417,0.455,0.134,0.134,4.18
5057,Runner,0.417,0.454,0.133,0.134,0.00
5058,Runner,0.418,0.454,0.145,0.137,0.00
5059,Pursuer,0.417,0.454,0.000,0.000,0.00
5060,Runner,0.418,0.454,0.165,0.271,0.00
5061,Runner,0.418,0.454,0.114,0.155,0.00
5062,Runner,0.418,0.454,0.107,0.163,0.00
5063,Pursuer,0.418,0.454,0.131,0.140,0.00
5064,Pursuer,0.418,0.454,0.146,0.135,0.00
5065,Runner,0.418,0.454,0.125,0.146,2.48
5066,Draw,0.418,0.454,0.149,0.162,17.00
5067,Runner,0.418,0.454,0.181,0.158,0.00
5068,Runner,0.418,0.454,0.149,0.155,0.00
5069,Runner,0.418,0.454,0.134,0.148,1.54
5070,Pursuer,0.418,0.454,0.000,0.000,0.00
5071,Pursuer,0.418,0.454,0.118,0.114,0.00
5072,Runner,0.418,0.454,0.142,0.148,1.82
5073,Pursuer,0.418,0.454,0.135,0.145,0.00
5074,Runner,0.418,0.454,0.161,0.164,0.02
5075,Runner,0.418,0.454,0.101,0.169,0.00
5076,Runner,0.418,0.454,0.150,0.134,2.14
5077,Runner,0.418,0.454,0.139,0.153,2.58
5078,Runner,0.418,0.454,0.147,0.139,8.64
5079,Draw,0.418,0.454,0.141,0.150,18.66
5080,Pursuer,0.418,0.454,0.139,0.153,0.00
5081,Pursuer,0.418,0.454,0.113,0.161,0.00
5082,Pursuer,0.418,0.454,0.124,0.106,0.00
5083,Runner,0.418,0.454,0.149,0.224,0.00
5084,Runner,0.418,0.454,0.134,0.145,0.78
5085,Runner,0.418,0.454,0.123,0.156,3.68
5086,Pursuer,0.418,0.454,0.143,0.159,0.00
5087,Runner,0.419,0.454,0.114,0.148,0.08
5088,Runner,0.419,0.454,0.157,0.162,2.18
5089,Pursuer,0.419,0.454,0.156,0.140,0.00
5090,Runner,0.419,0.454,0.134,0.134,0.00
5091,Pursuer,0.419,0.454,0.000,0.000,0.00
5092,Runner,0.419,0.454,0.000,0.000,0.00
5093,Runner,0.419,0.454,0.141,0.129,0.00
5094,Pursuer,0.419,0.454,0.116,0.154,0.00
5095,Runner,0.419,0.454,0.147,0.145,0.00
5096,Runner,0.419,0.453,0.158,0.118,0.12
5097,Runner,0.419,0.453,0.122,0.116,0.00
5098,Pursuer,0.419,0.454,0.132,0.144,0.00
5099,Runner,0.419,0.453,0.094,0.180,0.00
5100,Draw,0.419,0.453,0.126,0.151,2.04
5101,Runner,0.419,0.453,0.143,0.140,0.00
5102,Runner,0.419,0.453,0.154,0.161,4.94
5103,Pursuer,0.419,0.453,0.142,0.154,0.00
5104,Runner,0.419,0.453,0.162,0.174,1.22
5105,Pursuer,0.419,0.453,0.155,0.109,0.00
5106,Runner,0.419,0.453,0.130,0.114,3.46
5107,Pursuer,0.419,0.453,0.172,0.150,0.00
5108,Pursuer,0.419,0.453,0.142,0.137,0.00
5109,Pursuer,0.419,0.454,0.139,0.130,0.00
5110,Pursuer,0.419,0.454,0.137,0.156,0.00
5111,Pursuer,0.419,0.454,0.153,0.160,0.00
5112,Pursuer,0.419,0.454,0.140,0.149,0.00
5113,Pursuer,0.419,0.454,0.152,0.140,0.00
5114,Runner,0.419,0.454,0.117,0.140,2.38
5115,Pursuer,0.419,0.454,0.134,0.161,0.00
5116,Runner,0.419,0.454,0.124,0.185,0.00
5117,Pursuer,0.419,0.454,0.145,0.136,0.00
5118,Pursuer,0.419,0.454,0.136,0.147,0.00
5119,Pursuer,0.419,0.454,0.113,0.151,0.00
5120,Pursuer,0.419,0.454,0.134,0.140,0.00
5121,Pursuer,0.418,0.454,0.093,0.029,0.00
5122,Runner,0.419,0.454,0.129,0.147,1.72
5123,Pursuer,0.419,0.454,0.000,0.000,0.00
5124,Pursuer,0.418,0.455,0.105,0.107,0.00
5125,Runner,0.419,0.454,0.134,0.154,1.34
5126,Runner,0.419,0.454,0.156,0.136,0.00
5127,Pursuer,0.419,0.454,0.144,0.143,0.00
5128,Pursuer,0.418,0.455,0.151,0.137,0.00
5129,Pursuer,0.418,0.455,0.029,0.077,0.00
5130,Runner,0.419,0.455,0.161,0.120,0.00
5131,Runner,0.419,0.454,0.115,0.173,0.00
5132,Runner,0.419,0.454,0.117,0.144,0.00
5133,Runner,0.419,0.454,0.109,0.131,0.00
5134,Pursuer,0.419,0.454,0.156,0.116,0.00
5135,Pursuer,0.419,0.455,0.144,0.134,0.00
5136,Pursuer,0.419,0.455,0.320,0.150,0.00
5137,Runner,0.419,0.455,0.123,0.132,1.00
5138,Pursuer,0.419,0.455,0.138,0.130,0.00
5139,Runner,0.419,0.455,0.137,0.133,7.30
5140,Pursuer,0.419,0.455,0.156,0.296,0.00
5141,Runner,0.419,0.455,0.129,0.128,2.52
5142,Runner,0.419,0.454,0.154,0.147,0.00
5143,Runner,0.419,0.454,0.119,0.141,0.00
5144,Pursuer,0.419,0.455,0.146,0.116,0.00
5145,Runner,0.419,0.454,0.147,0.143,0.00
5146,Pursuer,0.419,0.455,0.175,0.102,0.00
5147,Pursuer,0.419,0.455,0.151,0.147,0.00
5148,Pursuer,0.419,0.455,0.115,0.122,0.00
5149,Runner,0.419,0.455,0.097,0.120,0.00
5150,Pursuer,0.419,0.455,0.126,0.146,0.00
5151,Pursuer,0.419,0.455,0.134,0.141,0.00
5152,Runner,0.419,0.455,0.150,0.178,3.48
5153,Runner,0.419,0.455,0.147,0.145,6.34
5154,Runner,0.419,0.455,0.150,0.123,0.00
5155,Runner,0.419,0.455,0.136,0.145,1.76
5156,Runner,0.419,0.454,0.119,0.132,1.44
5157,Pursuer,0.419,0.455,0.132,0.157,0.00
5158,Pursuer,0.419,0.455,0.146,0.137,0.00
5159,Runner,0.419,0.455,0.167,0.134,1.26
5160,Pursuer,0.419,0.455,0.154,0.173,0.00
5161,Runner,0.419,0.455,0.154,0.154,4.98
5162,Draw,0.419,0.454,0.143,0.139,18.84
5163,Pursuer,0.419,0.455,0.133,0.144,0.00
5164,Pursuer,0.419,0.455,0.122,0.133,0.00
5165,Draw,0.419,0.455,0.136,0.132,0.00
5166,Pursuer,0.419,0.455,0.152,0.162,0.00
5167,Runner,0.419,0.455,0.135,0.127,4.04
5168,Pursuer,0.419,0.455,0.171,0.134,0.00
5169,Pursuer,0.419,0.455,0.151,0.115,0.00
5170,Runner,0.419,0.455,0.156,0.117,2.68
5171,Runner,0.419,0.455,0.136,0.149,3.32
5172,Pursuer,0.419,0.455,0.157,0.144,0.00
5173,Runner,0.419,0.455,0.118,0.119,2.00
5174,Runner,0.419,0.455,0.126,0.138,0.00
5175,Pursuer,0.419,0.455,0.262,0.092,0.00
5176,Runner,0.419,0.455,0.125,0.132,2.32
5177,Pursuer,0.419,0.455,0.136,0.147,0.00
5178,Runner,0.419,0.455,0.135,0.185,0.00
5179,Runner,0.419,0.455,0.123,0.134,0.00
5180,Pursuer,0.419,0.455,0.163,0.141,0.00
5181,Pursuer,0.419,0.455,0.114,0.151,0.00
5182,Pursuer,0.419,0.455,0.135,0.168,0.00
5183,Pursuer,0.419,0.455,0.128,0.140,0.00
5184,Pursuer,0.419,0.455,0.047,0.106,0.00
5185,Pursuer,0.419,0.455,0.138,0.122,0.00
5186,Runner,0.419,0.455,0.130,0.147,2.80
5187,Pursuer,0.419,0.455,0.135,0.137,0.00
5188,Runner,0.419,0.455,0.000,0.000,0.00
5189,Pursuer,0.419,0.455,0.092,0.262,0.00
5190,Runner,0.419,0.455,0.162,0.132,0.00
5191,Pursuer,0.419,0.455,0.143,0.147,0.00
5192,Pursuer,0.419,0.455,0.140,0.126,0.00
5193,Pursuer,0.419,0.455,0.157,0.144,0.00
5194,Pursuer,0.419,0.456,0.161,0.126,0.00
5195,Pursuer,0.419,0.456,0.130,0.151,0.00
5196,Runner,0.419,0.456,0.146,0.141,0.00
5197,Runner,0.419,0.455,0.138,0.134,1.32
5198,Runner,0.419,0.455,0.152,0.135,0.92
5199,Runner,0.419,0.455,0.121,0.151,0.00
5200,Pursuer,0.419,0.455,0.205,0.813,0.00
5201,Pursuer,0.419,0.455,0.138,0.149,0.00
5202,Pursuer,0.419,0.456,0.138,0.142,0.00
5203,Runner,0.419,0.456,0.139,0.154,0.76
5204,Pursuer,0.419,0.456,0.157,0.148,0.00
5205,Runner,0.419,0.456,0.124,0.155,0.00
5206,Runner,0.419,0.455,0.136,0.134,1.54
5207,Runner,0.419,0.455,0.119,0.127,1.30
5208,Runner,0.419,0.455,0.136,0.151,0.32
5209,Runner,0.419,0.455,0.107,0.138,0.00
5210,Runner,0.420,0.455,0.151,0.137,1.20
5211,Runner,0.420,0.455,0.179,0.176,0.00
5212,Pursuer,0.420,0.455,0.114,0.119,0.00
5213,Pursuer,0.420,0.455,0.110,0.152,0.00
5214,Pursuer,0.419,0.455,0.134,0.135,0.00
5215,Runner,0.420,0.455,0.129,0.129,0.00
5216,Pursuer,0.419,0.455,0.181,0.127,0.00
5217,Draw,0.419,0.455,0.144,0.144,19.98
5218,Runner,0.420,0.455,0.142,0.131,0.36
5219,Runner,0.420,0.455,0.123,0.180,0.00
5220,Pursuer,0.420,0.455,0.125,0.151,0.00
5221,Runner,0.420,0.455,0.104,0.154,0.00
5222,Pursuer,0.420,0.455,0.135,0.137,0.00
5223,Pursuer,0.419,0.455,0.148,0.153,0.00
5224,Runner,0.420,0.455,0.161,0.145,0.96
5225,Pursuer,0.420,0.455,0.137,0.143,0.00
5226,Pursuer,0.419,0.455,0.126,0.127,0.00
5227,Pursuer,0.419,0.456,0.121,0.146,0.00
5228,Runner,0.419,0.455,0.152,0.129,1.64
5229,Pursuer,0.419,0.456,0.162,0.183,0.00
5230,Pursuer,0.419,0.456,0.013,0.124,0.00
5231,Runner,0.419,0.456,0.135,0.145,3.26
5232,Runner,0.420,0.455,0.144,0.132,1.58
5233,Runner,0.420,0.455,0.124,0.143,3.52
5234,Pursuer,0.420,0.455,0.147,0.141,0.00
5235,Runner,0.420,0.455,0.129,0.209,1.24
5236,Runner,0.420,0.455,0.135,0.157,0.00
5237,Pursuer,0.420,0.455,0.725,0.760,0.00
5238,Runner,0.420,0.455,0.117,0.120,5.14
5239,Runner,0.420,0.455,0.157,0.128,0.88
5240,Runner,0.420,0.455,0.118,0.138,1.44
5241,Runner,0.420,0.455,0.143,0.142,0.62
5242,Pursuer,0.420,0.455,0.167,0.113,0.00
5243,Runner,0.420,0.455,0.143,0.126,0.00
5244,Draw,0.420,0.455,0.166,0.143,16.32
5245,Runner,0.420,0.455,0.085,0.035,0.00
5246,Pursuer,0.420,0.455,0.146,0.146,0.00
5247,Pursuer,0.420,0.455,0.165,0.153,0.00
5248,Pursuer,0.420,0.455,0.133,0.144,0.00
5249,Pursuer,0.420,0.455,0.165,0.153,0.00
5250,Pursuer,0.420,0.455,0.143,0.135,0.00
5251,Runner,0.420,0.455,0.125,0.132,4.28
5252,Pursuer,0.420,0.455,0.123,0.165,0.00
5253,Pursuer,0.420,0.456,0.128,0.143,0.00
5254,Pursuer,0.420,0.456,0.146,0.097,0.00
5255,Runner,0.420,0.456,0.163,0.148,0.04
5256,Pursuer,0.420,0.456,0.000,0.000,0.00
5257,Pursuer,0.420,0.456,0.114,0.125,0.00
5258,Runner,0.420,0.456,0.142,0.124,0.00
5259,Runner,0.420,0.456,0.147,0.139,0.00
5260,Runner,0.420,0.456,0.153,0.146,0.00
5261,Pursuer,0.420,0.456,0.136,0.120,0.00
5262,Pursuer,0.420,0.456,0.157,0.137,0.00
5263,Pursuer,0.420,0.456,0.126,0.135,0.00
5264,Pursuer,0.420,0.456,0.137,0.120,0.00
5265,Runner,0.420,0.456,0.132,0.137,0.02
5266,Runner,0.420,0.456,0.154,0.128,1.88
5267,Pursuer,0.420,0.456,0.137,0.146,0.00
5268,Runner,0.420,0.456,0.139,0.152,5.72
5269,Runner,0.420,0.456,0.139,0.148,3.50
5270,Pursuer,0.420,0.456,0.160,0.118,0.00
5271,Pursuer,0.420,0.456,0.117,0.169,0.00
5272,Runner,0.420,0.456,0.144,0.118,2.16
5273,Pursuer,0.420,0.456,0.000,0.000,0.00
5274,Runner,0.420,0.456,0.181,0.160,0.00
5275,Runner,0.420,0.456,0.139,0.141,1.98
5276,Runner,0.420,0.456,0.120,0.104,0.00
5277,Runner,0.420,0.456,0.142,0.144,0.58
5278,Pursuer,0.420,0.456,0.140,0.158,0.00
5279,Pursuer,0.420,0.456,0.142,0.158,0.00
5280,Pursuer,0.420,0.456,0.142,0.120,0.00
5281,Pursuer,0.420,0.456,0.165,0.232,0.00
5282,Runner,0.420,0.456,0.147,0.136,3.12
5283,Pursuer,0.420,0.456,0.111,0.142,0.00
5284,Pursuer,0.420,0.456,0.117,0.176,0.00
5285,Pursuer,0.420,0.456,0.227,0.145,0.00
5286,Draw,0.420,0.456,0.158,0.152,19.20
5287,Pursuer,0.420,0.456,0.000,0.000,0.00
5288,Runner,0.420,0.456,0.129,0.144,3.62
5289,Runner,0.420,0.456,0.144,0.161,0.00
5290,Runner,0.420,0.456,0.129,0.150,0.00
5291,Runner,0.420,0.456,0.165,0.172,0.60
5292,Pursuer,0.420,0.456,0.130,0.128,0.00
5293,Runner,0.420,0.456,0.137,0.149,0.62
5294,Pursuer,0.420,0.456,0.000,0.000,0.00
5295,Pursuer,0.420,0.456,0.091,0.102,0.00
5296,Runner,0.420,0.456,0.132,0.136,0.54
5297,Pursuer,0.420,0.456,0.127,0.147,0.00
5298,Runner,0.420,0.456,0.154,0.103,0.00
5299,Pursuer,0.420,0.456,0.126,0.148,0.00
5300,Pursuer,0.420,0.456,0.116,0.156,0.00
5301,Runner,0.420,0.456,0.113,0.147,5.34
5302,Runner,0.420,0.456,0.164,0.152,0.00
5303,Pursuer,0.420,0.456,0.119,0.172,0.00
5304,Runner,0.420,0.456,0.132,0.203,0.00
5305,Runner,0.420,0.456,0.139,0.124,0.00
5306,Pursuer,0.420,0.456,0.112,0.238,0.00
5307,Runner,0.420,0.456,0.155,0.136,0.00
5308,Pursuer,0.420,0.456,0.120,0.165,0.00
5309,Runner,0.420,0.456,0.000,0.000,0.00
5310,Runner,0.421,0.456,0.141,0.158,0.00
5311,Pursuer,0.420,0.456,0.135,0.123,0.00
5312,Runner,0.421,0.456,0.105,0.144,2.16
5313,Runner,0.421,0.456,0.105,0.134,0.00
5314,Pursuer,0.421,0.456,0.140,0.147,0.00
5315,Pursuer,0.421,0.456,0.149,0.199,0.00
5316,Runner,0.421,0.456,0.156,0.127,0.84
5317,Runner,0.421,0.456,0.113,0.126,0.72
5318,Pursuer,0.421,0.456,0.000,0.000,0.00
5319,Runner,0.421,0.456,0.133,0.143,6.24
5320,Runner,0.421,0.456,0.148,0.155,0.00
5321,Runner,0.421,0.456,0.136,0.150,0.00
5322,Runner,0.421,0.456,0.131,0.123,0.00
5323,Runner,0.421,0.456,0.145,0.125,0.00
5324,Runner,0.421,0.455,0.134,0.128,1.66
5325,Runner,0.421,0.455,0.141,0.140,1.12
5326,Runner,0.422,0.455,0.113,0.158,0.86
5327,Runner,0.422,0.455,0.147,0.123,0.00
5328,Pursuer,0.422,0.455,0.117,0.137,0.00
5329,Pursuer,0.421,0.455,0.236,0.089,0.00
5330,Runner,0.422,0.455,0.121,0.146,0.00
5331,Runner,0.422,0.455,0.137,0.109,0.00
5332,Runner,0.422,0.455,0.128,0.162,1.28
5333,Runner,0.422,0.455,0.186,0.166,0.00
5334,Runner,0.422,0.455,0.108,0.138,0.00
5335,Draw,0.422,0.455,0.151,0.149,17.08
5336,Runner,0.422,0.455,0.156,0.333,0.00
5337,Pursuer,0.422,0.455,0.117,0.121,0.00
5338,Runner,0.422,0.455,0.146,0.158,0.00
5339,Runner,0.422,0.455,0.147,0.151,2.18
5340,Runner,0.422,0.455,0.143,0.147,0.82
5341,Pursuer,0.422,0.455,0.135,0.140,0.00
5342,Pursuer,0.422,0.455,0.140,0.176,0.00
5343,Pursuer,0.422,0.455,0.120,0.129,0.00
5344,Runner,0.422,0.455,0.137,0.153,0.00
5345,Pursuer,0.422,0.455,0.103,0.169,0.00
5346,Pursuer,0.422,0.455,0.192,0.138,0.00
5347,Runner,0.422,0.455,0.147,0.134,7.94
5348,Pursuer,0.422,0.455,0.164,0.141,0.00
5349,Runner,0.422,0.455,0.135,0.122,0.00
5350,Runner,0.422,0.455,0.063,0.099,0.04
5351,Runner,0.422,0.455,0.194,0.216,1.16
5352,Pursuer,0.422,0.455,0.147,0.145,0.00
5353,Runner,0.422,0.455,0.242,0.078,0.06
5354,Runner,0.422,0.455,0.155,0.142,0.00
5355,Pursuer,0.422,0.455,0.129,0.127,0.00
5356,Pursuer,0.422,0.455,0.135,0.154,0.00
5357,Pursuer,0.422,0.455,0.119,0.144,0.00
5358,Runner,0.422,0.455,0.133,0.156,0.00
5359,Runner,0.422,0.455,0.148,0.147,0.00
5360,Runner,0.423,0.455,0.144,0.129,0.00
5361,Runner,0.423,0.455,0.150,0.156,3.10
5362,Runner,0.423,0.455,0.142,0.133,2.00
5363,Runner,0.423,0.455,0.141,0.131,0.00
5364,Pursuer,0.423,0.455,0.129,0.144,0.00
5365,Runner,0.423,0.455,0.161,0.150,0.00
5366,Pursuer,0.423,0.455,0.136,0.146,0.00
5367,Pursuer,0.423,0.455,0.127,0.150,0.00
5368,Runner,0.423,0.455,0.167,0.162,2.08
5369,Pursuer,0.423,0.455,0.175,0.130,0.00
5370,Pursuer,0.423,0.455,0.159,0.148,0.00
5371,Pursuer,0.423,0.455,0.133,0.131,0.00
5372,Runner,0.423,0.455,0.149,0.122,0.00
5373,Pursuer,0.423,0.455,0.159,0.241,0.00
5374,Runner,0.423,0.455,0.128,0.146,5.10
5375,Pursuer,0.423,0.455,0.151,0.151,0.00
5376,Pursuer,0.423,0.455,0.150,0.139,0.00
5377,Runner,0.423,0.455,0.127,0.141,8.08
5378,Runner,0.423,0.455,0.126,0.130,0.00
5379,Pursuer,0.423,0.455,0.148,0.157,0.00
5380,Pursuer,0.423,0.455,0.133,0.125,0.00
5381,Pursuer,0.423,0.455,0.174,0.171,0.00
5382,Runner,0.423,0.455,0.139,0.216,2.28
5383,Pursuer,0.423,0.455,0.144,0.118,0.00
5384,Runner,0.423,0.455,0.136,0.136,0.60
5385,Pursuer,0.423,0.455,0.124,0.110,0.00
5386,Runner,0.423,0.455,0.142,0.163,0.00
5387,Pursuer,0.423,0.455,0.133,0.137,0.00
5388,Pursuer,0.423,0.455,0.164,0.136,0.00
5389,Pursuer,0.423,0.456,0.157,0.147,0.00
5390,Pursuer,0.422,0.456,0.133,0.149,0.00
5391,Pursuer,0.422,0.456,0.155,0.145,0.00
5392,Pursuer,0.422,0.456,0.139,0.160,0.00
5393,Pursuer,0.422,0.456,0.125,0.141,0.00
5394,Pursuer,0.422,0.456,0.144,0.146,0.00
5395,Pursuer,0.422,0.456,0.139,0.153,0.00
5396,Runner,0.422,0.456,0.161,0.145,0.00
5397,Runner,0.422,0.456,0.125,0.114,1.76
5398,Pursuer,0.422,0.456,0.162,0.172,0.00
5399,Pursuer,0.422,0.456,0.077,0.053,0.00
5400,Runner,0.422,0.456,0.000,0.000,0.02
5401,Pursuer,0.422,0.456,0.166,0.143,0.00
5402,Pursuer,0.422,0.456,0.140,0.136,0.00
5403,Draw,0.422,0.456,0.161,0.140,13.44
5404,Runner,0.422,0.456,0.146,0.140,8.30
5405,Runner,0.422,0.456,0.134,0.114,0.00
5406,Runner,0.422,0.456,0.154,0.161,0.00
5407,Draw,0.422,0.456,0.147,0.143,19.00
5408,Runner,0.422,0.456,0.115,0.119,2.98
5409,Runner,0.422,0.456,0.119,0.144,0.00
5410,Runner,0.423,0.456,0.135,0.129,0.00
5411,Runner,0.423,0.456,0.126,0.149,0.00
5412,Runner,0.423,0.455,0.182,0.114,2.36
5413,Runner,0.423,0.455,0.149,0.132,0.00
5414,Runner,0.423,0.455,0.131,0.151,5.32
5415,Runner,0.423,0.455,0.138,0.115,0.68
5416,Runner,0.423,0.455,0.132,0.131,0.00
5417,Runner,0.423,0.455,0.147,0.161,3.58
5418,Pursuer,0.423,0.455,0.130,0.144,0.00
5419,Pursuer,0.423,0.455,0.100,0.152,0.00
5420,Pursuer,0.423,0.455,0.138,0.134,0.00
5421,Pursuer,0.423,0.455,0.142,0.152,0.00
5422,Pursuer,0.423,0.456,0.145,0.146,0.00
5423,Runner,0.423,0.455,0.190,0.113,0.16
5424,Runner,0.423,0.455,0.130,0.110,0.96
5425,Pursuer,0.423,0.455,0.278,0.947,0.00
5426,Runner,0.423,0.455,0.125,0.142,0.00
5427,Pursuer,0.423,0.456,0.165,0.129,0.00
5428,Runner,0.423,0.455,0.099,0.142,0.00
5429,Runner,0.423,0.455,0.162,0.094,0.00
5430,Runner,0.423,0.455,0.127,0.147,2.24
5431,Runner,0.423,0.455,0.131,0.131,1.76
5432,Runner,0.424,0.455,0.111,0.131,0.00
5433,Runner,0.424,0.455,0.133,0.136,4.34
5434,Pursuer,0.424,0.455,0.000,0.000,0.00
5435,Runner,0.424,0.455,0.143,0.179,0.36
5436,Runner,0.424,0.455,0.156,0.122,0.00
5437,Runner,0.424,0.455,0.116,0.135,0.00
5438,Runner,0.424,0.455,0.211,0.161,0.00
5439,Runner,0.424,0.455,0.144,0.113,0.00
5440,Runner,0.424,0.455,0.140,0.150,3.78
5441,Pursuer,0.424,0.455,0.181,0.118,0.00
5442,Pursuer,0.424,0.455,0.151,0.143,0.00
5443,Runner,0.424,0.455,0.123,0.131,2.98
5444,Runner,0.424,0.455,0.140,0.128,1.96
5445,Runner,0.424,0.455,0.106,0.131,1.96
5446,Pursuer,0.424,0.455,0.128,0.199,0.00
5447,Draw,0.424,0.455,0.140,0.130,17.10
5448,Runner,0.424,0.454,0.000,0.000,0.00
5449,Runner,0.424,0.454,0.141,0.137,0.00
5450,Pursuer,0.424,0.454,0.000,0.000,0.00
5451,Draw,0.424,0.454,0.150,0.140,16.16
5452,Runner,0.424,0.454,0.000,0.000,0.00
5453,Pursuer,0.424,0.454,0.533,0.717,0.00
5454,Runner,0.424,0.454,0.124,0.155,0.00
5455,Runner,0.425,0.454,0.150,0.168,0.00
5456,Draw,0.424,0.454,0.130,0.147,17.36
5457,Runner,0.425,0.454,0.148,0.122,0.00
5458,Runner,0.425,0.454,0.150,0.120,0.26
5459,Runner,0.425,0.454,0.156,0.124,3.56
5460,Pursuer,0.425,0.454,0.112,0.128,0.00
5461,Runner,0.425,0.454,0.132,0.169,2.48
5462,Runner,0.425,0.454,0.122,0.124,0.00
5463,Draw,0.425,0.454,0.129,0.140,15.84
5464,Runner,0.425,0.454,0.134,0.139,4.04
5465,Runner,0.425,0.454,0.131,0.122,4.66
5466,Pursuer,0.425,0.454,0.115,0.172,0.00
5467,Pursuer,0.425,0.454,0.160,0.163,0.00
5468,Runner,0.425,0.454,0.147,0.147,4.16
5469,Pursuer,0.425,0.454,0.133,0.143,0.00
5470,Runner,0.425,0.454,0.145,0.156,0.00
5471,Draw,0.425,0.454,0.149,0.157,17.70
5472,Pursuer,0.425,0.454,0.131,0.127,0.00
5473,Pursuer,0.425,0.454,0.371,0.170,0.00
5474,Runner,0.425,0.454,0.132,0.166,6.20
5475,Runner,0.425,0.454,0.139,0.146,0.00
5476,Pursuer,0.425,0.454,0.114,0.135,0.00
5477,Runner,0.425,0.454,0.144,0.103,1.42
5478,Runner,0.425,0.454,0.144,0.186,0.00
5479,Pursuer,0.425,0.454,0.157,0.120,0.00
5480,Runner,0.425,0.454,0.157,0.170,2.12
5481,Runner,0.425,0.454,0.124,0.132,1.26
5482,Runner,0.425,0.453,0.144,0.109,0.00
5483,Runner,0.425,0.453,0.122,0.119,2.94
5484,Runner,0.426,0.453,0.146,0.152,0.90
5485,Runner,0.426,0.453,0.135,0.126,0.00
5486,Runner,0.426,0.453,0.155,0.144,0.00
5487,Runner,0.426,0.453,0.137,0.148,1.52
5488,Runner,0.426,0.453,0.196,0.117,0.24
5489,Pursuer,0.426,0.453,0.135,0.137,0.00
5490,Pursuer,0.426,0.453,0.147,0.106,0.00
5491,Pursuer,0.426,0.453,0.120,0.171,0.00
5492,Pursuer,0.426,0.453,0.162,0.124,0.00
5493,Runner,0.426,0.453,0.113,0.317,0.00
5494,Runner,0.426,0.453,0.126,0.142,0.00
5495,Pursuer,0.426,0.453,0.037,0.227,0.00
5496,Runner,0.426,0.453,0.132,0.150,4.68
5497,Pursuer,0.426,0.453,0.146,0.154,0.00
5498,Pursuer,0.426,0.453,0.135,0.138,0.00
5499,Runner,0.426,0.453,0.108,0.123,2.22
5500,Runner,0.426,0.453,0.123,0.093,3.12
5501,Runner,0.426,0.453,0.155,0.135,3.50
5502,Runner,0.426,0.453,0.142,0.119,0.00
5503,Pursuer,0.426,0.453,0.150,0.160,0.00
5504,Runner,0.426,0.453,0.148,0.141,0.00
5505,Pursuer,0.426,0.453,0.133,0.132,0.00
5506,Runner,0.426,0.453,0.111,0.157,4.66
5507,Pursuer,0.426,0.453,0.000,0.000,0.00
5508,Runner,0.426,0.453,0.152,0.129,0.20
5509,Pursuer,0.426,0.453,0.141,0.160,0.00
5510,Pursuer,0.426,0.453,0.142,0.156,0.00
5511,Runner,0.426,0.453,0.125,0.158,0.00
5512,Runner,0.426,0.453,0.150,0.143,1.90
5513,Pursuer,0.426,0.453,0.162,0.152,0.00
5514,Draw,0.426,0.453,0.129,0.145,0.00
5515,Runner,0.426,0.453,0.139,0.144,10.64
5516,Pursuer,0.426,0.453,0.128,0.125,0.00
5517,Pursuer,0.426,0.453,0.143,0.135,0.00
5518,Pursuer,0.426,0.453,0.155,0.147,0.00
5519,Runner,0.426,0.453,0.156,0.144,1.38
5520,Runner,0.426,0.453,0.092,0.144,0.00
5521,Runner,0.426,0.453,0.127,0.151,0.00
5522,Runner,0.426,0.453,0.145,0.144,3.82
5523,Runner,0.427,0.453,0.170,0.187,0.00
5524,Pursuer,0.427,0.453,0.119,0.133,0.00
5525,Runner,0.427,0.453,0.237,0.121,0.00
5526,Runner,0.427,0.453,0.107,0.118,1.14
5527,Runner,0.427,0.453,0.136,0.148,0.00
5528,Runner,0.427,0.453,0.119,0.146,1.00
5529,Pursuer,0.427,0.453,0.145,0.139,0.00
5530,Runner,0.427,0.453,0.146,0.125,1.66
5531,Pursuer,0.427,0.453,0.151,0.137,0.00
5532,Runner,0.427,0.453,0.174,0.252,0.00
5533,Pursuer,0.427,0.453,0.138,0.130,0.00
5534,Pursuer,0.427,0.453,0.133,0.136,0.00
5535,Pursuer,0.427,0.453,0.154,0.150,0.00
5536,Draw,0.427,0.453,0.139,0.148,12.58
5537,Runner,0.427,0.453,0.120,0.135,0.00
5538,Runner,0.427,0.453,0.143,0.140,0.80
5539,Pursuer,0.427,0.453,0.139,0.115,0.00
5540,Pursuer,0.427,0.453,0.138,0.136,0.00
5541,Pursuer,0.427,0.453,0.160,0.164,0.00
5542,Pursuer,0.427,0.453,0.135,0.142,0.00
5543,Pursuer,0.426,0.453,0.137,0.116,0.00
5544,Pursuer,0.426,0.453,0.145,0.118,0.00
5545,Pursuer,0.426,0.454,0.164,0.138,0.00
5546,Runner,0.426,0.453,0.128,0.135,2.10
5547,Pursuer,0.426,0.454,0.138,0.119,0.00
5548,Draw,0.426,0.453,0.156,0.145,14.86
5549,Draw,0.426,0.453,0.146,0.140,14.90
5550,Pursuer,0.426,0.454,0.130,0.130,0.00
5551,Runner,0.426,0.453,0.154,0.140,1.32
5552,Runner,0.426,0.453,0.143,0.146,0.00
5553,Draw,0.426,0.453,0.137,0.143,17.72
5554,Draw,0.426,0.453,0.124,0.152,0.00
5555,Runner,0.426,0.453,0.138,0.137,2.42
5556,Pursuer,0.426,0.453,0.128,0.108,0.00
5557,Pursuer,0.426,0.453,0.153,0.150,0.00
5558,Pursuer,0.426,0.453,0.130,0.139,0.00
5559,Runner,0.426,0.453,0.177,0.154,0.94
5560,Runner,0.426,0.453,0.134,0.156,0.00
5561,Pursuer,0.426,0.453,0.130,0.156,0.00
5562,Pursuer,0.426,0.453,0.154,0.127,0.00
5563,Pursuer,0.426,0.454,0.132,0.130,0.00
5564,Runner,0.426,0.453,0.111,0.133,0.00
5565,Runner,0.426,0.453,0.136,0.156,2.50
5566,Pursuer,0.426,0.453,0.128,0.125,0.00
5567,Pursuer,0.426,0.454,0.117,0.136,0.00
5568,Pursuer,0.426,0.454,0.103,0.105,0.00
5569,Runner,0.426,0.454,0.133,0.151,0.00
5570,Pursuer,0.426,0.454,0.110,0.118,0.00
5571,Pursuer,0.426,0.454,0.144,0.150,0.00
5572,Draw,0.426,0.454,0.138,0.152,12.84
5573,Pursuer,0.426,0.454,0.129,0.145,0.00
5574,Runner,0.426,0.454,0.322,0.092,0.00
5575,Pursuer,0.426,0.454,0.000,0.000,0.00
5576,Runner,0.426,0.454,0.138,0.132,0.00
5577,Pursuer,0.426,0.454,0.034,0.011,0.00
5578,Runner,0.426,0.454,0.104,0.154,0.58
5579,Pursuer,0.426,0.454,0.149,0.148,0.00
5580,Runner,0.426,0.454,0.104,0.079,0.00
5581,Pursuer,0.426,0.454,0.140,0.114,0.00
5582,Runner,0.426,0.454,0.125,0.154,4.30
5583,Pursuer,0.426,0.454,0.118,0.137,0.00
5584,Runner,0.426,0.454,0.138,0.177,1.82
5585,Runner,0.426,0.454,0.133,0.143,1.90
5586,Runner,0.426,0.454,0.132,0.175,3.12
5587,Pursuer,0.426,0.454,0.134,0.133,0.00
5588,Runner,0.426,0.454,0.149,0.144,1.56
5589,Runner,0.426,0.454,0.133,0.116,0.00
5590,Runner,0.426,0.453,0.145,0.133,3.34
5591,Runner,0.427,0.453,0.119,0.165,0.24
5592,Pursuer,0.427,0.454,0.155,0.152,0.00
5593,Pursuer,0.426,0.454,0.141,0.139,0.00
5594,Runner,0.427,0.454,0.103,0.139,0.00
5595,Pursuer,0.426,0.454,0.190,0.143,0.00
5596,Runner,0.427,0.454,0.105,0.141,0.00
5597,Runner,0.427,0.453,0.105,0.141,0.20
5598,Pursuer,0.427,0.454,0.103,0.121,0.00
5599,Runner,0.427,0.453,0.140,0.134,0.52
5600,Runner,0.427,0.453,0.150,0.138,0.00
5601,Draw,0.427,0.453,0.138,0.152,17.62
5602,Pursuer,0.427,0.453,0.154,0.116,0.00
5603,Draw,0.427,0.453,0.146,0.140,7.10
5604,Pursuer,0.426,0.453,0.127,0.151,0.00
5605,Runner,0.427,0.453,0.164,0.135,2.06
5606,Pursuer,0.427,0.453,0.183,0.200,0.00
5607,Pursuer,0.426,0.454,0.139,0.144,0.00
5608,Pursuer,0.426,0.454,0.155,0.147,0.00
5609,Pursuer,0.426,0.454,0.134,0.131,0.00
5610,Pursuer,0.426,0.454,0.155,0.151,0.00
5611,Runner,0.426,0.454,0.114,0.153,0.00
5612,Pursuer,0.426,0.454,0.158,0.113,0.00
5613,Pursuer,0.426,0.454,0.139,0.154,0.00
5614,Runner,0.426,0.454,0.112,0.146,0.00
5615,Pursuer,0.426,0.454,0.099,0.465,0.00
5616,Runner,0.426,0.454,0.131,0.133,0.86
5617,Pursuer,0.426,0.454,0.142,0.139,0.00
5618,Pursuer,0.426,0.454,0.140,0.140,0.00
5619,Pursuer,0.426,0.454,0.130,0.121,0.00
5620,Runner,0.426,0.454,0.109,0.087,0.00
5621,Pursuer,0.426,0.454,0.130,0.125,0.00
5622,Runner,0.426,0.454,0.147,0.165,0.00
5623,Pursuer,0.426,0.454,0.146,0.175,0.00
5624,Pursuer,0.426,0.454,0.160,0.114,0.00
5625,Pursuer,0.426,0.454,0.140,0.139,0.00
5626,Runner,0.426,0.454,0.136,0.148,0.04
5627,Runner,0.426,0.454,0.119,0.128,0.00
5628,Pursuer,0.426,0.454,0.113,0.148,0.00
5629,Runner,0.426,0.454,0.109,0.137,0.00
5630,Pursuer,0.426,0.454,0.126,0.118,0.00
5631,Pursuer,0.426,0.454,0.126,0.115,0.00
5632,Runner,0.426,0.454,0.146,0.110,0.00
5633,Pursuer,0.426,0.454,0.000,0.000,0.00
5634,Pursuer,0.426,0.455,0.182,0.162,0.00
5635,Runner,0.426,0.454,0.130,0.132,0.80
5636,Runner,0.426,0.454,0.169,0.128,0.00
5637,Runner,0.426,0.454,0.130,0.147,0.72
5638,Pursuer,0.426,0.454,0.143,0.138,0.00
5639,Runner,0.426,0.454,0.128,0.139,0.00
5640,Pursuer,0.426,0.454,0.136,0.107,0.00
5641,Runner,0.426,0.454,0.121,0.113,0.10
5642,Runner,0.426,0.454,0.133,0.143,0.00
5643,Runner,0.427,0.454,0.145,0.104,0.32
5644,Runner,0.427,0.454,0.138,0.138,0.40
5645,Runner,0.427,0.454,0.116,0.146,0.00
5646,Runner,0.427,0.454,0.132,0.150,1.10
5647,Pursuer,0.427,0.454,0.149,0.141,0.00
5648,Pursuer,0.427,0.454,0.115,0.125,0.00
5649,Pursuer,0.427,0.454,0.131,0.154,0.00
5650,Pursuer,0.427,0.454,0.138,0.144,0.00
5651,Pursuer,0.426,0.454,0.160,0.162,0.00
5652,Pursuer,0.426,0.455,0.134,0.131,0.00
5653,Pursuer,0.426,0.455,0.133,0.151,0.00
5654,Pursuer,0.426,0.455,0.130,0.141,0.00
5655,Runner,0.426,0.455,0.126,0.145,0.00
5656,Pursuer,0.426,0.455,0.155,0.152,0.00
5657,Pursuer,0.426,0.455,0.146,0.130,0.00
5658,Pursuer,0.426,0.455,0.137,0.144,0.00
5659,Runner,0.426,0.455,0.139,0.162,2.22
5660,Pursuer,0.426,0.455,0.111,0.139,0.00
5661,Pursuer,0.426,0.455,0.137,0.135,0.00
5662,Pursuer,0.426,0.455,0.125,0.208,0.00
5663,Runner,0.426,0.455,0.177,0.144,0.00
5664,Pursuer,0.426,0.455,0.138,0.130,0.00
5665,Pursuer,0.426,0.455,0.129,0.141,0.00
5666,Runner,0.426,0.455,0.130,0.148,0.00
5667,Runner,0.426,0.455,0.144,0.135,0.00
5668,Runner,0.426,0.455,0.147,0.131,0.00
5669,Runner,0.426,0.455,0.171,0.118,0.00
5670,Runner,0.426,0.455,0.154,0.152,0.00
5671,Runner,0.427,0.455,0.168,0.137,0.28
5672,Runner,0.427,0.455,0.147,0.139,0.00
5673,Runner,0.427,0.455,0.148,0.147,0.00
5674,Pursuer,0.427,0.455,0.124,0.135,0.00
5675,Runner,0.427,0.455,0.150,0.154,3.92
5676,Pursuer,0.427,0.455,0.174,0.134,0.00
5677,Runner,0.427,0.455,0.136,0.148,2.28
5678,Pursuer,0.427,0.455,0.143,0.151,0.00
5679,Pursuer,0.427,0.455,0.137,0.173,0.00
5680,Runner,0.427,0.455,0.124,0.155,1.80
5681,Pursuer,0.427,0.455,0.125,0.141,0.00
5682,Pursuer,0.427,0.455,0.129,0.119,0.00
5683,Runner,0.427,0.455,0.107,0.148,0.00
5684,Runner,0.427,0.455,0.138,0.188,0.62
5685,Runner,0.427,0.455,0.134,0.144,3.42
5686,Pursuer,0.427,0.455,0.142,0.152,0.00
5687,Runner,0.427,0.455,0.140,0.153,6.32
5688,Runner,0.427,0.455,0.108,0.209,0.00
5689,Draw,0.427,0.455,0.154,0.151,17.54
5690,Runner,0.427,0.454,0.118,0.139,0.86
5691,Runner,0.427,0.454,0.140,0.144,7.08
5692,Runner,0.427,0.454,0.140,0.153,4.12
5693,Draw,0.427,0.454,0.146,0.143,16.42
5694,Runner,0.427,0.454,0.137,0.160,0.00
5695,Pursuer,0.427,0.454,0.138,0.123,0.00
5696,Pursuer,0.427,0.454,0.139,0.143,0.00
5697,Runner,0.427,0.454,0.138,0.096,0.00
5698,Pursuer,0.427,0.454,0.143,0.130,0.00
5699,Runner,0.427,0.454,0.136,0.116,0.00
5700,Runner,0.427,0.454,0.151,0.125,2.36
5701,Runner,0.427,0.454,0.134,0.138,5.40
5702,Pursuer,0.427,0.454,0.119,0.150,0.00
5703,Runner,0.427,0.454,0.126,0.150,0.00
5704,Runner,0.428,0.454,0.141,0.159,2.20
5705,Pursuer,0.428,0.454,0.140,0.151,0.00
5706,Pursuer,0.427,0.454,0.120,0.081,0.00
5707,Draw,0.427,0.454,0.145,0.133,5.58
5708,Pursuer,0.427,0.454,0.087,0.373,0.00
5709,Runner,0.427,0.454,0.128,0.146,0.00
5710,Pursuer,0.427,0.454,0.134,0.127,0.00
5711,Runner,0.427,0.454,0.159,0.111,0.00
5712,Pursuer,0.427,0.454,0.132,0.123,0.00
5713,Runner,0.427,0.454,0.134,0.127,1.92
5714,Pursuer,0.427,0.454,0.140,0.154,0.00
5715,Pursuer,0.427,0.454,0.131,0.106,0.00
5716,Runner,0.427,0.454,0.146,0.128,3.60
5717,Pursuer,0.427,0.454,0.114,0.139,0.00
5718,Pursuer,0.427,0.455,0.112,0.164,0.00
5719,Runner,0.427,0.454,0.146,0.146,5.38
5720,Runner,0.427,0.454,0.161,0.122,0.00
5721,Runner,0.428,0.454,0.202,0.191,0.22
5722,Pursuer,0.427,0.454,0.150,0.135,0.00
5723,Runner,0.428,0.454,0.134,0.132,0.00
5724,Pursuer,0.427,0.454,0.141,0.162,0.00
5725,Pursuer,0.427,0.454,0.155,0.134,0.00
5726,Pursuer,0.427,0.455,0.141,0.159,0.00
5727,Runner,0.427,0.455,0.155,0.159,2.48
5728,Draw,0.427,0.454,0.145,0.149,15.28
5729,Pursuer,0.427,0.455,0.144,0.126,0.00
5730,Runner,0.427,0.454,0.147,0.135,0.00
5731,Pursuer,0.427,0.455,0.146,0.145,0.00
5732,Runner,0.427,0.454,0.141,0.145,0.00
5733,Runner,0.428,0.454,0.132,0.164,0.00
5734,Runner,0.428,0.454,0.185,0.141,0.44
5735,Runner,0.428,0.454,0.164,0.141,1.16
5736,Pursuer,0.428,0.454,0.137,0.150,0.00
5737,Runner,0.428,0.454,0.165,0.136,0.10
5738,Pursuer,0.428,0.454,0.138,0.146,0.00
5739,Runner,0.428,0.454,0.149,0.144,2.50
5740,Runner,0.428,0.454,0.127,0.158,2.30
5741,Runner,0.428,0.454,0.132,0.127,3.12
5742,Runner,0.428,0.454,0.148,0.145,3.20
5743,Pursuer,0.428,0.454,0.000,0.000,0.00
5744,Runner,0.428,0.454,0.153,0.214,1.64
5745,Runner,0.428,0.454,0.132,0.129,0.00
5746,Pursuer,0.428,0.454,0.157,0.149,0.00
5747,Runner,0.428,0.454,0.128,0.134,0.06
5748,Pursuer,0.428,0.454,0.138,0.119,0.00
5749,Runner,0.428,0.454,0.157,0.131,0.92
5750,Pursuer,0.428,0.454,0.139,0.139,0.00
5751,Pursuer,0.428,0.454,0.143,0.138,0.00
5752,Pursuer,0.428,0.454,0.108,0.154,0.00
5753,Runner,0.428,0.454,0.178,0.146,0.00
5754,Pursuer,0.428,0.454,0.149,0.149,0.00
5755,Pursuer,0.428,0.454,0.180,0.158,0.00
5756,Draw,0.428,0.454,0.138,0.150,15.92
5757,Runner,0.428,0.454,0.128,0.107,0.52
5758,Pursuer,0.428,0.454,0.000,0.000,0.00
5759,Runner,0.428,0.454,0.122,0.153,0.10
5760,Runner,0.428,0.454,0.178,0.113,0.00
5761,Runner,0.428,0.454,0.138,0.161,1.24
5762,Runner,0.428,0.454,0.147,0.136,0.00
5763,Pursuer,0.428,0.454,0.127,0.089,0.00
5764,Pursuer,0.428,0.454,0.136,0.154,0.00
5765,Pursuer,0.428,0.454,0.154,0.124,0.00
5766,Pursuer,0.428,0.454,0.152,0.116,0.00
5767,Runner,0.428,0.454,0.135,0.138,6.92
5768,Draw,0.428,0.454,0.152,0.147,7.32
5769,Runner,0.428,0.454,0.130,0.143,0.00
5770,Runner,0.428,0.454,0.115,0.133,0.00
5771,Pursuer,0.428,0.454,0.131,0.146,0.00
5772,Runner,0.428,0.454,0.151,0.124,2.60
5773,Pursuer,0.428,0.454,0.144,0.143,0.00
5774,Runner,0.428,0.454,0.141,0.114,0.00
5775,Pursuer,0.428,0.454,0.132,0.134,0.00
5776,Runner,0.428,0.454,0.140,0.122,1.20
5777,Draw,0.428,0.454,0.151,0.151,16.98
5778,Runner,0.428,0.454,0.161,0.137,0.00
5779,Pursuer,0.428,0.454,0.179,0.091,0.00
5780,Pursuer,0.428,0.454,0.132,0.139,0.00
5781,Runner,0.428,0.454,0.134,0.156,2.88
5782,Runner,0.428,0.454,0.121,0.127,5.48
5783,Pursuer,0.428,0.454,0.163,0.143,0.00
5784,Pursuer,0.428,0.454,0.119,0.135,0.00
5785,Pursuer,0.428,0.454,0.159,0.119,0.00
5786,Runner,0.428,0.454,0.131,0.169,0.46
5787,Runner,0.428,0.454,0.113,0.113,2.32
5788,Pursuer,0.428,0.454,0.284,0.148,0.00
5789,Runner,0.428,0.454,0.107,0.147,0.96
5790,Pursuer,0.428,0.454,0.152,0.146,0.00
5791,Pursuer,0.428,0.454,0.148,0.149,0.00
5792,Pursuer,0.428,0.454,0.107,0.103,0.00
5793,Draw,0.428,0.454,0.141,0.155,7.76
5794,Pursuer,0.428,0.454,0.152,0.114,0.00
5795,Draw,0.428,0.454,0.127,0.132,0.00
5796,Pursuer,0.428,0.454,0.134,0.134,0.00
5797,Pursuer,0.428,0.455,0.137,0.138,0.00
5798,Pursuer,0.428,0.455,0.106,0.138,0.00
5799,Runner,0.428,0.455,0.138,0.142,0.68
5800,Pursuer,0.428,0.455,0.131,0.140,0.00
5801,Pursuer,0.428,0.455,0.146,0.102,0.00
5802,Runner,0.428,0.455,0.149,0.104,0.00
5803,Runner,0.428,0.455,0.077,0.054,0.14
5804,Runner,0.428,0.455,0.136,0.137,0.00
5805,Pursuer,0.428,0.455,0.145,0.125,0.00
5806,Runner,0.428,0.455,0.135,0.161,0.68
5807,Runner,0.428,0.454,0.141,0.145,3.22
5808,Pursuer,0.428,0.455,0.156,0.145,0.00
5809,Pursuer,0.428,0.455,0.095,0.006,0.00
5810,Runner,0.428,0.455,0.132,0.120,0.00
5811,Pursuer,0.428,0.455,0.129,0.138,0.00
5812,Runner,0.428,0.455,0.092,0.143,0.00
5813,Pursuer,0.428,0.455,0.145,0.126,0.00
5814,Pursuer,0.428,0.455,0.121,0.116,0.00
5815,Runner,0.428,0.455,0.099,0.153,0.00
5816,Runner,0.428,0.455,0.130,0.137,1.34
5817,Runner,0.428,0.455,0.139,0.134,1.02
5818,Pursuer,0.428,0.455,0.160,0.127,0.00
5819,Runner,0.428,0.455,0.000,0.000,0.00
5820,Pursuer,0.428,0.455,0.155,0.152,0.00
5821,Pursuer,0.428,0.455,0.141,0.141,0.00
5822,Runner,0.428,0.455,0.156,0.128,0.00
5823,Runner,0.428,0.455,0.139,0.150,8.54
5824,Runner,0.428,0.454,0.121,0.140,2.56
5825,Pursuer,0.428,0.455,0.123,0.147,0.00
5826,Runner,0.428,0.455,0.165,0.137,0.00
5827,Pursuer,0.428,0.455,0.000,0.000,0.00
5828,Runner,0.428,0.455,0.161,0.133,0.00
5829,Pursuer,0.428,0.455,0.119,0.109,0.00
5830,Pursuer,0.428,0.455,0.125,0.195,0.00
5831,Runner,0.428,0.455,0.162,0.130,0.00
5832,Pursuer,0.428,0.455,0.108,0.153,0.00
5833,Runner,0.428,0.455,0.176,0.159,0.86
5834,Pursuer,0.428,0.455,0.131,0.147,0.00
5835,Runner,0.428,0.455,0.216,0.332,0.00
5836,Pursuer,0.428,0.455,0.081,0.197,0.00
5837,Runner,0.428,0.455,0.126,0.152,1.20
5838,Pursuer,0.428,0.455,0.097,0.136,0.00
5839,Pursuer,0.428,0.455,0.143,0.128,0.00
5840,Runner,0.428,0.455,0.125,0.136,0.00
5841,Pursuer,0.428,0.455,0.146,0.156,0.00
5842,Runner,0.428,0.455,0.155,0.089,0.48
5843,Pursuer,0.428,0.455,0.150,0.171,0.00
5844,Pursuer,0.428,0.455,0.118,0.194,0.00
5845,Pursuer,0.428,0.455,0.129,0.151,0.00
5846,Runner,0.428,0.455,0.172,0.156,0.00
5847,Pursuer,0.428,0.455,0.170,0.080,0.00
5848,Pursuer,0.428,0.455,0.141,0.127,0.00
5849,Draw,0.428,0.455,0.154,0.136,17.04
5850,Runner,0.428,0.455,0.154,0.168,0.00
5851,Pursuer,0.428,0.455,0.156,0.125,0.00
5852,Runner,0.428,0.455,0.146,0.129,0.00
5853,Pursuer,0.428,0.455,0.146,0.134,0.00
5854,Pursuer,0.428,0.455,0.145,0.173,0.00
5855,Runner,0.428,0.455,0.115,0.149,0.00
5856,Runner,0.428,0.455,0.205,0.170,0.00
5857,Pursuer,0.428,0.455,0.156,0.128,0.00
5858,Pursuer,0.428,0.455,0.129,0.128,0.00
5859,Runner,0.428,0.455,0.161,0.132,0.08
5860,Runner,0.428,0.455,0.177,0.133,0.98
5861,Runner,0.428,0.455,0.159,0.133,0.70
5862,Pursuer,0.428,0.455,0.000,0.000,0.00
5863,Pursuer,0.428,0.455,0.144,0.143,0.00
5864,Draw,0.428,0.455,0.148,0.142,15.40
5865,Pursuer,0.428,0.455,0.152,0.120,0.00
5866,Pursuer,0.428,0.455,0.096,0.148,0.00
5867,Runner,0.428,0.455,0.131,0.136,0.92
5868,Runner,0.428,0.455,0.156,0.140,2.98
5869,Pursuer,0.428,0.455,0.107,0.122,0.00
5870,Draw,0.428,0.455,0.156,0.138,15.46
5871,Pursuer,0.428,0.455,0.150,0.153,0.00
5872,Runner,0.428,0.455,0.117,0.117,0.54
5873,Pursuer,0.428,0.455,0.186,0.115,0.00
5874,Pursuer,0.428,0.455,0.042,0.153,0.00
5875,Pursuer,0.428,0.455,0.135,0.106,0.00
5876,Pursuer,0.428,0.456,0.143,0.137,0.00
5877,Pursuer,0.428,0.456,0.103,0.141,0.00
5878,Runner,0.428,0.456,0.133,0.141,5.20
5879,Pursuer,0.428,0.456,0.150,0.143,0.00
5880,Pursuer,0.428,0.456,0.151,0.167,0.00
5881,Pursuer,0.428,0.456,0.143,0.154,0.00
5882,Runner,0.428,0.456,0.139,0.144,0.00
5883,Pursuer,0.428,0.456,0.113,0.170,0.00
5884,Pursuer,0.428,0.456,0.123,0.139,0.00
5885,Pursuer,0.428,0.456,0.132,0.093,0.00
5886,Runner,0.428,0.456,0.147,0.161,0.42
5887,Runner,0.428,0.456,0.108,0.152,2.00
5888,Pursuer,0.428,0.456,0.135,0.113,0.00
5889,Runner,0.428,0.456,0.122,0.144,0.00
5890,Runner,0.428,0.456,0.134,0.158,0.80
5891,Pursuer,0.428,0.456,0.117,0.171,0.00
5892,Pursuer,0.428,0.456,0.145,0.143,0.00
5893,Runner,0.428,0.456,0.134,0.125,0.00
5894,Pursuer,0.428,0.456,0.176,0.085,0.00
5895,Runner,0.428,0.456,0.113,0.124,0.00
5896,Runner,0.428,0.456,0.149,0.131,3.22
5897,Draw,0.428,0.456,0.130,0.150,19.22
5898,Pursuer,0.428,0.456,0.151,0.143,0.00
5899,Pursuer,0.428,0.456,0.152,0.169,0.00
5900,Pursuer,0.428,0.456,0.121,0.138,0.00
5901,Pursuer,0.428,0.456,0.162,0.114,0.00
5902,Pursuer,0.427,0.456,0.139,0.141,0.00
5903,Pursuer,0.427,0.456,0.152,0.136,0.00
5904,Runner,0.428,0.456,0.161,0.174,0.08
5905,Runner,0.428,0.456,0.135,0.151,0.00
5906,Pursuer,0.428,0.456,0.122,0.129,0.00
5907,Runner,0.428,0.456,0.125,0.133,3.74
5908,Pursuer,0.428,0.456,0.155,0.123,0.00
5909,Draw,0.427,0.456,0.159,0.148,18.72
5910,Pursuer,0.427,0.456,0.127,0.138,0.00
5911,Pursuer,0.427,0.456,0.113,0.151,0.00
5912,Pursuer,0.427,0.457,0.127,0.145,0.00
5913,Pursuer,0.427,0.457,0.121,0.093,0.00
5914,Runner,0.427,0.457,0.143,0.126,9.26
5915,Runner,0.427,0.456,0.151,0.155,0.00
5916,Runner,0.427,0.456,0.146,0.131,2.20
5917,Pursuer,0.427,0.456,0.154,0.131,0.00
5918,Runner,0.428,0.456,0.184,0.121,4.64
5919,Runner,0.428,0.456,0.153,0.137,2.66
5920,Pursuer,0.428,0.456,0.128,0.125,0.00
5921,Runner,0.428,0.456,0.173,0.135,2.66
5922,Pursuer,0.428,0.456,0.154,0.161,0.00
5923,Pursuer,0.427,0.457,0.144,0.159,0.00
5924,Pursuer,0.427,0.457,0.128,0.141,0.00
5925,Pursuer,0.427,0.457,0.143,0.146,0.00
5926,Runner,0.427,0.457,0.148,0.167,0.00
5927,Runner,0.428,0.457,0.120,0.135,1.04
5928,Pursuer,0.427,0.457,0.153,0.144,0.00
5929,Pursuer,0.427,0.457,0.142,0.144,0.00
5930,Pursuer,0.427,0.457,0.139,0.149,0.00
5931,Pursuer,0.427,0.457,0.132,0.115,0.00
5932,Runner,0.427,0.457,0.164,0.152,0.00
5933,Pursuer,0.427,0.457,0.130,0.152,0.00
5934,Runner,0.427,0.457,0.139,0.135,3.26
5935,Pursuer,0.427,0.457,0.145,0.112,0.00
5936,Runner,0.427,0.457,0.125,0.149,5.42
5937,Pursuer,0.427,0.457,0.149,0.121,0.00
5938,Runner,0.427,0.457,0.131,0.140,0.00
5939,Runner,0.428,0.457,0.128,0.146,0.74
5940,Pursuer,0.427,0.457,0.135,0.151,0.00
5941,Pursuer,0.427,0.457,0.144,0.144,0.00
5942,Pursuer,0.427,0.457,0.110,0.160,0.00
5943,Pursuer,0.427,0.457,0.138,0.168,0.00
5944,Pursuer,0.427,0.457,0.144,0.139,0.00
5945,Runner,0.427,0.457,0.170,0.146,0.00
5946,Pursuer,0.427,0.457,0.118,0.154,0.00
5947,Pursuer,0.427,0.457,0.132,0.159,0.00
5948,Pursuer,0.427,0.457,0.130,0.122,0.00
5949,Pursuer,0.427,0.458,0.143,0.128,0.00
5950,Runner,0.427,0.457,0.131,0.137,4.42
5951,Runner,0.427,0.457,0.129,0.166,2.86
5952,Runner,0.427,0.457,0.136,0.159,0.12
5953,Pursuer,0.427,0.457,0.134,0.117,0.00
5954,Runner,0.427,0.457,0.123,0.120,0.00
5955,Pursuer,0.427,0.457,0.163,0.133,0.00
5956,Pursuer,0.427,0.458,0.134,0.132,0.00
5957,Pursuer,0.427,0.458,0.137,0.145,0.00
5958,Runner,0.427,0.458,0.133,0.133,0.00
5959,Pursuer,0.427,0.458,0.236,0.200,0.00
5960,Pursuer,0.427,0.458,0.135,0.142,0.00
5961,Pursuer,0.427,0.458,0.143,0.108,0.00
5962,Pursuer,0.427,0.458,0.154,0.136,0.00
5963,Pursuer,0.427,0.458,0.146,0.124,0.00
5964,Pursuer,0.427,0.458,0.131,0.177,0.00
5965,Runner,0.427,0.458,0.137,0.122,1.56
5966,Pursuer,0.427,0.458,0.000,0.000,0.00
5967,Pursuer,0.427,0.458,0.100,0.142,0.00
5968,Pursuer,0.427,0.458,0.138,0.130,0.00
5969,Runner,0.427,0.458,0.107,0.181,0.78
5970,Runner,0.427,0.458,0.198,0.114,0.60
5971,Runner,0.427,0.458,0.162,0.155,0.00
5972,Pursuer,0.427,0.458,0.146,0.165,0.00
5973,Pursuer,0.427,0.458,0.153,0.111,0.00
5974,Pursuer,0.427,0.458,0.143,0.141,0.00
5975,Pursuer,0.427,0.458,0.151,0.127,0.00
5976,Runner,0.427,0.458,0.140,0.129,2.22
5977,Runner,0.427,0.458,0.145,0.115,0.00
5978,Pursuer,0.427,0.458,0.151,0.146,0.00
5979,Runner,0.427,0.458,0.139,0.106,1.84
5980,Pursuer,0.427,0.458,0.151,0.153,0.00
5981,Pursuer,0.427,0.458,0.127,0.131,0.00
5982,Runner,0.427,0.458,0.141,0.145,1.10
5983,Runner,0.427,0.458,0.103,0.139,0.76
5984,Pursuer,0.427,0.458,0.148,0.112,0.00
5985,Runner,0.427,0.458,0.154,0.145,0.00
5986,Pursuer,0.427,0.458,0.126,0.181,0.00
5987,Runner,0.427,0.458,0.136,0.136,0.54
5988,Runner,0.427,0.458,0.124,0.134,5.46
5989,Runner,0.427,0.458,0.128,0.116,0.14
5990,Pursuer,0.427,0.458,0.157,0.149,0.00
5991,Runner,0.427,0.458,0.130,0.145,3.22
5992,Pursuer,0.427,0.458,0.140,0.160,0.00
5993,Pursuer,0.427,0.458,0.083,0.144,0.00
5994,Pursuer,0.427,0.458,0.146,0.138,0.00
5995,Pursuer,0.427,0.459,0.133,0.147,0.00
5996,Runner,0.427,0.458,0.138,0.147,5.98
5997,Pursuer,0.427,0.459,0.139,0.145,0.00
5998,Runner,0.427,0.458,0.396,0.247,0.00
5999,Draw,0.427,0.458,0.145,0.159,18.10
6000,Pursuer,0.427,0.459,0.155,0.149,0.00
6001,Pursuer,0.427,0.459,0.154,0.134,0.00
6002,Runner,0.427,0.459,0.128,0.131,2.12
6003,Pursuer,0.427,0.459,0.163,0.125,0.00
6004,Runner,0.427,0.459,0.000,0.000,0.00
6005,Pursuer,0.427,0.459,0.131,0.137,0.00
6006,Runner,0.427,0.459,0.145,0.124,3.30
6007,Runner,0.427,0.458,0.182,0.125,0.64
6008,Runner,0.427,0.458,0.108,0.173,0.00
6009,Runner,0.427,0.458,0.143,0.148,1.78
6010,Pursuer,0.427,0.458,0.139,0.204,0.00
6011,Runner,0.427,0.458,0.128,0.145,3.18
6012,Runner,0.427,0.458,0.133,0.173,2.04
6013,Runner,0.427,0.458,0.123,0.144,3.70
6014,Runner,0.428,0.458,0.134,0.154,0.48
6015,Pursuer,0.427,0.458,0.131,0.142,0.00
6016,Pursuer,0.427,0.458,0.059,0.073,0.00
6017,Pursuer,0.427,0.458,0.143,0.133,0.00
6018,Runner,0.427,0.458,0.131,0.138,1.70
6019,Pursuer,0.427,0.458,0.101,0.125,0.00
6020,Runner,0.427,0.458,0.108,0.119,0.00
6021,Pursuer,0.427,0.458,0.153,0.163,0.00
6022,Runner,0.427,0.458,0.133,0.158,0.08
6023,Pursuer,0.427,0.458,0.101,0.157,0.00
6024,Pursuer,0.427,0.458,0.336,0.134,0.00
6025,Pursuer,0.427,0.459,0.139,0.148,0.00
6026,Pursuer,0.427,0.459,0.176,0.124,0.00
6027,Draw,0.427,0.459,0.143,0.140,0.00
6028,Pursuer,0.427,0.459,0.114,0.157,0.00
6029,Runner,0.427,0.459,0.137,0.141,3.84
6030,Runner,0.427,0.459,0.112,0.112,0.78
6031,Pursuer,0.427,0.459,0.133,0.132,0.00
6032,Draw,0.427,0.459,0.149,0.147,16.98
6033,Pursuer,0.427,0.459,0.168,0.117,0.00
6034,Pursuer,0.427,0.459,0.125,0.146,0.00
6035,Pursuer,0.427,0.459,0.157,0.140,0.00
6036,Runner,0.427,0.459,0.151,0.146,0.00
6037,Runner,0.427,0.459,0.114,0.135,0.76
6038,Runner,0.427,0.459,0.160,0.140,2.10
6039,Runner,0.427,0.459,0.148,0.122,1.08
6040,Pursuer,0.427,0.459,0.119,0.131,0.00
6041,Pursuer,0.427,0.459,0.148,0.149,0.00
6042,Runner,0.427,0.459,0.121,0.151,0.00
6043,Pursuer,0.427,0.459,0.119,0.131,0.00
6044,Pursuer,0.427,0.459,0.099,0.107,0.00
6045,Pursuer,0.427,0.459,0.135,0.156,0.00
6046,Pursuer,0.427,0.459,0.134,0.133,0.00
6047,Draw,0.427,0.459,0.126,0.136,5.12
6048,Pursuer,0.427,0.459,0.125,0.138,0.00
6049,Pursuer,0.427,0.459,0.169,0.177,0.00
6050,Runner,0.427,0.459,0.143,0.123,0.00
6051,Pursuer,0.427,0.459,0.183,0.169,0.00
6052,Runner,0.427,0.459,0.111,0.135,0.48
6053,Pursuer,0.427,0.459,0.087,0.212,0.00
6054,Runner,0.427,0.459,0.118,0.137,2.02
6055,Pursuer,0.427,0.459,0.141,0.177,0.00
6056,Pursuer,0.427,0.459,0.129,0.163,0.00
6057,Draw,0.427,0.459,0.138,0.147,2.04
6058,Runner,0.427,0.459,0.167,0.165,3.50
6059,Pursuer,0.427,0.459,0.135,0.115,0.00
6060,Pursuer,0.427,0.459,0.131,0.149,0.00
6061,Runner,0.427,0.459,0.106,0.154,0.00
6062,Pursuer,0.427,0.459,0.132,0.122,0.00
6063,Runner,0.427,0.459,0.146,0.062,0.08
6064,Runner,0.427,0.459,0.145,0.124,0.00
6065,Pursuer,0.427,0.459,0.183,0.120,0.00
6066,Runner,0.427,0.459,0.145,0.140,7.04
6067,Pursuer,0.427,0.459,0.114,0.164,0.00
6068,Pursuer,0.427,0.459,0.141,0.108,0.00
6069,Runner,0.427,0.459,0.130,0.130,1.32
6070,Runner,0.427,0.459,0.146,0.163,2.54
6071,Pursuer,0.427,0.459,0.000,0.000,0.00
6072,Pursuer,0.427,0.459,0.147,0.140,0.00
6073,Runner,0.427,0.459,0.176,0.160,0.00
6074,Runner,0.427,0.459,0.151,0.136,0.00
6075,Pursuer,0.427,0.459,0.141,0.127,0.00
6076,Runner,0.427,0.459,0.144,0.135,0.54
6077,Pursuer,0.427,0.459,0.125,0.093,0.00
6078,Runner,0.427,0.459,0.085,0.053,0.00
6079,Pursuer,0.427,0.459,0.132,0.135,0.00
6080,Pursuer,0.427,0.459,0.135,0.111,0.00
6081,Pursuer,0.427,0.459,0.121,0.161,0.00
6082,Runner,0.427,0.459,0.140,0.149,0.00
6083,Runner,0.427,0.459,0.148,0.128,0.00
6084,Pursuer,0.427,0.459,0.105,0.178,0.00
6085,Pursuer,0.427,0.459,0.146,0.120,0.00
6086,Runner,0.427,0.459,0.129,0.140,0.00
6087,Pursuer,0.427,0.460,0.103,0.071,0.00
6088,Runner,0.427,0.459,0.098,0.112,0.00
6089,Pursuer,0.427,0.460,0.132,0.126,0.00
6090,Pursuer,0.427,0.460,0.123,0.164,0.00
6091,Draw,0.427,0.460,0.146,0.137,19.98
6092,Pursuer,0.427,0.460,0.000,0.000,0.00
6093,Pursuer,0.427,0.460,0.128,0.130,0.00
6094,Runner,0.427,0.460,0.101,0.134,0.00
6095,Runner,0.427,0.460,0.133,0.207,0.00
6096,Pursuer,0.427,0.460,0.000,0.000,0.00
6097,Runner,0.427,0.460,0.109,0.151,3.04
6098,Pursuer,0.427,0.460,0.142,0.154,0.00
6099,Pursuer,0.427,0.460,0.139,0.131,0.00
6100,Runner,0.427,0.460,0.172,0.099,0.36
6101,Pursuer,0.427,0.460,0.127,0.139,0.00
6102,Runner,0.427,0.460,0.177,0.151,0.00
6103,Runner,0.427,0.460,0.143,0.164,0.00
6104,Runner,0.427,0.460,0.165,0.145,0.38
6105,Draw,0.427,0.459,0.151,0.152,12.06
6106,Runner,0.427,0.459,0.194,0.205,0.00
6107,Pursuer,0.427,0.459,0.139,0.135,0.00
6108,Pursuer,0.427,0.460,0.139,0.140,0.00
6109,Pursuer,0.427,0.460,0.079,0.220,0.00
6110,Runner,0.427,0.460,0.132,0.132,1.90
6111,Pursuer,0.427,0.460,0.267,0.239,0.00
6112,Runner,0.427,0.460,0.131,0.141,1.26
6113,Runner,0.427,0.460,0.130,0.136,6.70
6114,Runner,0.427,0.459,0.155,0.134,0.00
6115,Runner,0.427,0.459,0.154,0.183,1.00
6116,Draw,0.427,0.459,0.144,0.158,13.62
6117,Runner,0.427,0.459,0.149,0.143,1.78
6118,Pursuer,0.427,0.459,0.123,0.156,0.00
6119,Pursuer,0.427,0.459,0.134,0.137,0.00
6120,Runner,0.427,0.459,0.132,0.140,1.08
6121,Pursuer,0.427,0.459,0.165,0.141,0.00
6122,Runner,0.427,0.459,0.132,0.124,1.22
6123,Pursuer,0.427,0.459,0.104,0.139,0.00
6124,Draw,0.427,0.459,0.154,0.141,16.78
6125,Pursuer,0.427,0.459,0.143,0.130,0.00
6126,Runner,0.427,0.459,0.131,0.133,0.00
6127,Runner,0.427,0.459,0.115,0.159,0.00
6128,Runner,0.427,0.459,0.177,0.146,0.00
6129,Draw,0.427,0.459,0.146,0.139,15.70
6130,Runner,0.427,0.459,0.000,0.000,0.00
6131,Runner,0.427,0.459,0.147,0.111,1.14
6132,Runner,0.427,0.459,0.148,0.158,0.00
6133,Runner,0.428,0.459,0.157,0.142,0.22
6134,Runner,0.428,0.459,0.094,0.111,0.32
6135,Pursuer,0.428,0.459,0.134,0.150,0.00
6136,Runner,0.428,0.459,0.128,0.146,2.16
6137,Runner,0.428,0.459,0.119,0.133,0.76
6138,Runner,0.428,0.459,0.148,0.126,1.60
6139,Pursuer,0.428,0.459,0.141,0.130,0.00
6140,Runner,0.428,0.459,0.136,0.126,0.00
6141,Runner,0.428,0.459,0.123,0.129,2.70
6142,Runner,0.428,0.458,0.149,0.125,0.00
6143,Pursuer,0.428,0.459,0.149,0.141,0.00
6144,Pursuer,0.428,0.459,0.130,0.135,0.00
6145,Pursuer,0.428,0.459,0.130,0.144,0.00
6146,Pursuer,0.428,0.459,0.127,0.129,0.00
6147,Runner,0.428,0.459,0.144,0.133,0.00
6148,Runner,0.428,0.459,0.153,0.144,0.10
6149,Pursuer,0.428,0.459,0.066,0.037,0.00
6150,Runner,0.428,0.459,0.125,0.140,1.86
6151,Runner,0.428,0.459,0.147,0.122,0.00
6152,Pursuer,0.428,0.459,0.148,0.130,0.00
6153,Runner,0.428,0.459,0.130,0.169,2.36
6154,Pursuer,0.428,0.459,0.149,0.138,0.00
6155,Pursuer,0.428,0.459,0.147,0.140,0.00
6156,Runner,0.428,0.459,0.135,0.164,1.72
6157,Pursuer,0.428,0.459,0.141,0.155,0.00
6158,Runner,0.428,0.459,0.186,0.209,0.00
6159,Draw,0.428,0.459,0.156,0.146,17.02
6160,Pursuer,0.428,0.459,0.141,0.141,0.00
6161,Runner,0.428,0.459,0.000,0.000,0.00
6162,Runner,0.428,0.459,0.196,0.172,0.14
6163,Pursuer,0.428,0.459,0.147,0.127,0.00
6164,Draw,0.428,0.459,0.141,0.143,17.76
6165,Pursuer,0.428,0.459,0.135,0.149,0.00
6166,Runner,0.428,0.459,0.146,0.144,8.50
6167,Pursuer,0.428,0.459,0.136,0.121,0.00
6168,Runner,0.428,0.459,0.125,0.121,0.60
6169,Runner,0.428,0.459,0.144,0.114,0.00
6170,Pursuer,0.428,0.459,0.152,0.133,0.00
6171,Runner,0.428,0.459,0.127,0.107,1.02
6172,Pursuer,0.428,0.459,0.127,0.131,0.00
6173,Runner,0.428,0.459,0.143,0.141,5.08
6174,Pursuer,0.428,0.459,0.141,0.128,0.00
6175,Runner,0.428,0.459,0.119,0.150,0.00
6176,Pursuer,0.428,0.459,0.000,0.000,0.00
6177,Pursuer,0.428,0.459,0.172,0.133,0.00
6178,Runner,0.428,0.459,0.149,0.126,0.00
6179,Pursuer,0.428,0.459,0.133,0.126,0.00
6180,Runner,0.428,0.459,0.112,0.113,1.38
6181,Pursuer,0.428,0.459,0.061,0.254,0.00
6182,Pursuer,0.428,0.459,0.140,0.156,0.00
6183,Runner,0.428,0.459,0.115,0.124,3.62
6184,Pursuer,0.428,0.459,0.145,0.128,0.00
6185,Pursuer,0.428,0.459,0.136,0.140,0.00
6186,Pursuer,0.428,0.459,0.122,0.125,0.00
6187,Draw,0.428,0.459,0.141,0.139,0.00
6188,Pursuer,0.428,0.459,0.176,0.158,0.00
6189,Runner,0.428,0.459,0.118,0.158,0.00
6190,Pursuer,0.428,0.459,0.137,0.147,0.00
6191,Pursuer,0.428,0.459,0.152,0.128,0.00
6192,Runner,0.428,0.459,0.165,0.167,0.72
6193,Runner,0.428,0.459,0.122,0.113,0.00
6194,Pursuer,0.428,0.459,0.128,0.163,0.00
6195,Runner,0.428,0.459,0.191,0.187,1.22
6196,Pursuer,0.428,0.459,0.176,0.198,0.00
6197,Pursuer,0.428,0.459,0.165,0.177,0.00
6198,Pursuer,0.428,0.459,0.193,0.136,0.00
6199,Draw,0.428,0.459,0.144,0.139,19.98
6200,Pursuer,0.428,0.459,0.117,0.100,0.00
6201,Pursuer,0.428,0.459,0.132,0.122,0.00
6202,Runner,0.428,0.459,0.114,0.157,4.94
6203,Runner,0.428,0.459,0.137,0.168,0.00
6204,Runner,0.428,0.459,0.131,0.129,1.18
6205,Pursuer,0.428,0.459,0.156,0.145,0.00
6206,Runner,0.428,0.459,0.132,0.133,5.90
6207,Runner,0.428,0.459,0.122,0.136,5.34
6208,Pursuer,0.428,0.459,0.044,0.187,0.00
6209,Runner,0.428,0.459,0.111,0.140,1.06
6210,Runner,0.428,0.459,0.118,0.116,0.00
6211,Pursuer,0.428,0.459,0.144,0.180,0.00
6212,Runner,0.428,0.459,0.111,0.127,0.38
6213,Runner,0.428,0.459,0.135,0.126,0.04
6214,Runner,0.428,0.459,0.136,0.144,2.16
6215,Pursuer,0.428,0.459,0.143,0.100,0.00
6216,Runner,0.428,0.459,0.155,0.133,0.00
6217,Pursuer,0.428,0.459,0.173,0.118,0.00
6218,Runner,0.428,0.459,0.160,0.143,0.00
6219,Pursuer,0.428,0.459,0.149,0.124,0.00
6220,Pursuer,0.428,0.459,0.179,0.166,0.00
6221,Pursuer,0.428,0.459,0.101,0.190,0.00
6222,Runner,0.428,0.459,0.119,0.144,1.38
6223,Draw,0.428,0.459,0.156,0.145,15.70
6224,Runner,0.428,0.459,0.147,0.127,1.06
6225,Pursuer,0.428,0.459,0.133,0.133,0.00
6226,Runner,0.428,0.459,0.113,0.123,0.00
6227,Pursuer,0.428,0.459,0.161,0.093,0.00
6228,Runner,0.428,0.459,0.114,0.120,2.58
6229,Pursuer,0.428,0.459,0.121,0.136,0.00
6230,Runner,0.428,0.459,0.113,0.139,0.00
6231,Pursuer,0.428,0.459,0.152,0.154,0.00
6232,Pursuer,0.428,0.459,0.123,0.144,0.00
6233,Pursuer,0.428,0.459,0.116,0.136,0.00
6234,Runner,0.428,0.459,0.133,0.156,4.58
6235,Pursuer,0.428,0.459,0.149,0.146,0.00
6236,Runner,0.428,0.459,0.189,0.121,0.00
6237,Runner,0.428,0.459,0.146,0.127,1.02
6238,Pursuer,0.428,0.459,0.122,0.145,0.00
6239,Runner,0.428,0.459,0.146,0.125,1.04
6240,Pursuer,0.428,0.459,0.119,0.137,0.00
6241,Runner,0.428,0.459,0.143,0.129,0.00
6242,Runner,0.428,0.459,0.546,1.097,0.00
6243,Runner,0.428,0.459,0.134,0.130,3.34
6244,Runner,0.429,0.459,0.124,0.166,3.72
6245,Pursuer,0.429,0.459,0.159,0.121,0.00
6246,Pursuer,0.428,0.459,0.136,0.124,0.00
6247,Pursuer,0.428,0.459,0.150,0.142,0.00
6248,Runner,0.428,0.459,0.133,0.137,0.00
6249,Runner,0.429,0.459,0.141,0.140,2.60
6250,Pursuer,0.428,0.459,0.111,0.130,0.00
6251,Pursuer,0.428,0.459,0.121,0.119,0.00
6252,Runner,0.429,0.459,0.131,0.128,4.90
6253,Runner,0.429,0.459,0.109,0.148,4.66
6254,Pursuer,0.429,0.459,0.129,0.172,0.00
6255,Pursuer,0.428,0.459,0.147,0.145,0.00
6256,Pursuer,0.428,0.459,0.148,0.144,0.00
6257,Runner,0.428,0.459,0.115,0.124,0.00
6258,Pursuer,0.428,0.459,0.132,0.145,0.00
6259,Pursuer,0.428,0.459,0.185,0.168,0.00
6260,Pursuer,0.428,0.460,0.026,0.304,0.00
6261,Pursuer,0.428,0.460,0.120,0.119,0.00
6262,Pursuer,0.428,0.460,0.119,0.137,0.00
6263,Pursuer,0.428,0.460,0.128,0.143,0.00
6264,Runner,0.428,0.460,0.105,0.143,1.16
6265,Runner,0.428,0.460,0.144,0.148,0.84
6266,Runner,0.428,0.460,0.137,0.136,10.34
6267,Runner,0.428,0.460,0.145,0.143,2.34
6268,Pursuer,0.428,0.460,0.142,0.062,0.00
6269,Pursuer,0.428,0.460,0.186,0.132,0.00
6270,Pursuer,0.428,0.460,0.119,0.133,0.00
6271,Pursuer,0.428,0.460,0.109,0.128,0.00
6272,Runner,0.428,0.460,0.141,0.137,0.64
6273,Runner,0.428,0.460,0.149,0.137,0.00
6274,Runner,0.428,0.460,0.166,0.125,0.82
6275,Pursuer,0.428,0.460,0.115,0.154,0.00
6276,Pursuer,0.428,0.460,0.095,0.103,0.00
6277,Pursuer,0.428,0.460,0.095,0.131,0.00
6278,Pursuer,0.428,0.460,0.249,0.330,0.00
6279,Runner,0.428,0.460,0.119,0.165,0.00
6280,Pursuer,0.428,0.460,0.187,0.154,0.00
6281,Pursuer,0.428,0.460,0.125,0.147,0.00
6282,Pursuer,0.428,0.460,0.158,0.153,0.00
6283,Pursuer,0.428,0.460,0.122,0.122,0.00
6284,Runner,0.428,0.460,0.119,0.149,0.00
6285,Runner,0.428,0.460,0.117,0.153,2.60
6286,Pursuer,0.428,0.460,0.000,0.000,0.00
6287,Pursuer,0.428,0.460,0.124,0.132,0.00
6288,Runner,0.428,0.460,0.132,0.134,0.00
6289,Pursuer,0.428,0.460,0.132,0.136,0.00
6290,Draw,0.428,0.460,0.133,0.135,15.34
6291,Runner,0.428,0.460,0.136,0.145,0.00
6292,Runner,0.428,0.460,0.127,0.120,2.78
6293,Pursuer,0.428,0.460,0.162,0.174,0.00
6294,Runner,0.428,0.460,0.136,0.151,0.00
6295,Runner,0.428,0.460,0.168,0.167,0.00
6296,Pursuer,0.428,0.460,0.133,0.137,0.00
6297,Pursuer,0.428,0.460,0.141,0.148,0.00
6298,Pursuer,0.428,0.460,0.173,0.113,0.00
6299,Pursuer,0.428,0.460,0.137,0.125,0.00
6300,Pursuer,0.428,0.460,0.136,0.125,0.00
6301,Pursuer,0.428,0.461,0.120,0.177,0.00
6302,Pursuer,0.428,0.461,0.161,0.132,0.00
6303,Pursuer,0.428,0.461,0.124,0.135,0.00
6304,Pursuer,0.428,0.461,0.116,0.132,0.00
6305,Runner,0.428,0.461,0.117,0.139,5.40
6306,Draw,0.428,0.461,0.140,0.149,19.98
6307,Runner,0.428,0.461,0.165,0.150,0.00
6308,Runner,0.428,0.461,0.148,0.153,2.96
6309,Runner,0.428,0.460,0.154,0.145,5.78
6310,Runner,0.428,0.460,0.133,0.121,0.00
6311,Pursuer,0.428,0.460,0.000,0.000,0.00
6312,Pursuer,0.428,0.461,0.151,0.105,0.00
6313,Pursuer,0.428,0.461,0.108,0.144,0.00
6314,Pursuer,0.428,0.461,0.139,0.140,0.00
6315,Pursuer,0.428,0.461,0.137,0.106,0.00
6316,Runner,0.428,0.461,0.127,0.131,2.06
6317,Pursuer,0.428,0.461,0.105,0.124,0.00
6318,Runner,0.428,0.461,0.117,0.141,0.00
6319,Runner,0.428,0.461,0.116,0.136,2.74
6320,Runner,0.428,0.461,0.164,0.118,3.94
6321,Runner,0.428,0.461,0.128,0.127,0.00
6322,Pursuer,0.428,0.461,0.170,0.151,0.00
6323,Pursuer,0.428,0.461,0.145,0.118,0.00
6324,Pursuer,0.428,0.461,0.144,0.130,0.00
6325,Runner,0.428,0.461,0.117,0.156,0.00
6326,Pursuer,0.428,0.461,0.156,0.135,0.00
6327,Runner,0.428,0.461,0.120,0.131,1.44
6328,Pursuer,0.428,0.461,0.135,0.139,0.00
6329,Pursuer,0.428,0.461,0.143,0.128,0.00
6330,Pursuer,0.428,0.461,0.142,0.148,0.00
6331,Pursuer,0.428,0.461,0.121,0.119,0.00
6332,Runner,0.428,0.461,0.147,0.098,0.00
6333,Pursuer,0.428,0.461,0.133,0.149,0.00
6334,Runner,0.428,0.461,0.223,0.086,0.00
6335,Runner,0.428,0.461,0.131,0.144,0.68
6336,Runner,0.428,0.461,0.128,0.128,3.94
6337,Pursuer,0.428,0.461,0.144,0.108,0.00
6338,Pursuer,0.428,0.461,0.122,0.093,0.00
6339,Pursuer,0.428,0.461,0.189,0.123,0.00
6340,Runner,0.428,0.461,0.130,0.117,0.00
6341,Pursuer,0.428,0.461,0.133,0.093,0.00
6342,Pursuer,0.428,0.461,0.000,0.000,0.00
6343,Pursuer,0.428,0.461,0.060,0.075,0.00
6344,Pursuer,0.428,0.461,0.080,0.138,0.00
6345,Runner,0.428,0.461,0.128,0.129,0.00
6346,Runner,0.428,0.461,0.130,0.156,0.52
6347,Pursuer,0.428,0.461,0.179,0.149,0.00
6348,Runner,0.428,0.461,0.109,0.159,0.92
6349,Runner,0.428,0.461,0.129,0.159,0.00
6350,Pursuer,0.428,0.461,0.000,0.000,0.00
6351,Runner,0.428,0.461,0.137,0.114,0.00
6352,Runner,0.428,0.461,0.131,0.153,8.20
6353,Pursuer,0.428,0.461,0.135,0.145,0.00
6354,Pursuer,0.428,0.461,0.123,0.153,0.00
6355,Pursuer,0.428,0.461,0.146,0.137,0.00
6356,Runner,0.428,0.461,0.126,0.135,1.90
6357,Runner,0.428,0.461,0.155,0.154,0.00
6358,Pursuer,0.428,0.461,0.145,0.146,0.00
6359,Runner,0.428,0.461,0.135,0.153,4.52
6360,Runner,0.428,0.461,0.134,0.166,0.32
6361,Runner,0.428,0.461,0.141,0.142,0.00
6362,Runner,0.428,0.461,0.095,0.110,0.00
6363,Runner,0.428,0.461,0.142,0.147,0.00
6364,Pursuer,0.428,0.461,0.000,0.000,0.00
6365,Pursuer,0.428,0.461,0.151,0.131,0.00
6366,Pursuer,0.428,0.461,0.140,0.135,0.00
6367,Pursuer,0.428,0.461,0.126,0.148,0.00
6368,Runner,0.428,0.461,0.114,0.127,4.36
6369,Runner,0.428,0.461,0.122,0.137,1.50
6370,Pursuer,0.428,0.461,0.112,0.133,0.00
6371,Runner,0.428,0.461,0.180,0.168,0.00
6372,Pursuer,0.428,0.461,0.137,0.155,0.00
6373,Pursuer,0.428,0.461,0.101,0.091,0.00
6374,Pursuer,0.428,0.461,0.140,0.117,0.00
6375,Pursuer,0.428,0.461,0.132,0.130,0.00
6376,Pursuer,0.428,0.462,0.123,0.141,0.00
6377,Pursuer,0.428,0.462,0.143,0.166,0.00
6378,Pursuer,0.428,0.462,0.143,0.140,0.00
6379,Pursuer,0.428,0.462,0.125,0.130,0.00
6380,Runner,0.428,0.462,0.154,0.131,0.00
6381,Runner,0.428,0.462,0.124,0.124,1.26
6382,Pursuer,0.428,0.462,0.149,0.138,0.00
6383,Pursuer,0.428,0.462,0.163,0.144,0.00
6384,Pursuer,0.428,0.462,0.135,0.107,0.00
6385,Pursuer,0.428,0.462,0.142,0.138,0.00
6386,Runner,0.428,0.462,0.651,0.630,0.00
6387,Runner,0.428,0.462,0.149,0.155,0.00
6388,Runner,0.428,0.462,0.149,0.121,1.32
6389,Runner,0.428,0.462,0.138,0.112,2.50
6390,Runner,0.428,0.462,0.125,0.125,0.00
6391,Pursuer,0.428,0.462,0.120,0.191,0.00
6392,Runner,0.428,0.462,0.138,0.140,0.00
6393,Runner,0.428,0.462,0.133,0.087,0.00
6394,Pursuer,0.428,0.462,0.135,0.173,0.00
6395,Runner,0.428,0.462,0.140,0.156,1.06
6396,Runner,0.428,0.462,0.110,0.158,0.96
6397,Pursuer,0.428,0.462,0.109,0.117,0.00
6398,Pursuer,0.428,0.462,0.134,0.119,0.00
6399,Runner,0.428,0.462,0.144,0.131,0.00
6400,Draw,0.428,0.462,0.141,0.158,19.08
6401,Pursuer,0.428,0.462,0.140,0.093,0.00
6402,Runner,0.428,0.462,0.144,0.141,0.12
6403,Pursuer,0.428,0.462,0.158,0.138,0.00
6404,Pursuer,0.428,0.462,0.129,0.102,0.00
6405,Runner,0.428,0.462,0.000,0.000,0.00
6406,Pursuer,0.428,0.462,0.129,0.139,0.00
6407,Pursuer,0.428,0.462,0.159,0.132,0.00
6408,Pursuer,0.428,0.462,0.139,0.111,0.00
6409,Runner,0.428,0.462,0.129,0.135,8.76
6410,Pursuer,0.428,0.462,0.155,0.189,0.00
6411,Runner,0.428,0.462,0.117,0.129,0.44
6412,Pursuer,0.428,0.462,0.139,0.149,0.00
6413,Pursuer,0.428,0.462,0.169,0.117,0.00
6414,Runner,0.428,0.462,0.116,0.112,0.92
6415,Pursuer,0.428,0.462,0.158,0.105,0.00
6416,Runner,0.428,0.462,0.142,0.156,3.22
6417,Pursuer,0.428,0.462,0.148,0.149,0.00
6418,Pursuer,0.428,0.462,0.168,0.111,0.00
6419,Pursuer,0.428,0.462,0.098,0.095,0.00
6420,Runner,0.428,0.462,0.145,0.160,0.00
6421,Runner,0.428,0.462,0.146,0.160,0.00
6422,Runner,0.428,0.462,0.153,0.120,0.00
6423,Runner,0.428,0.462,0.138,0.134,0.38
6424,Pursuer,0.428,0.462,0.099,0.156,0.00
6425,Pursuer,0.428,0.462,0.148,0.142,0.00
6426,Runner,0.428,0.462,0.111,0.154,1.26
6427,Pursuer,0.428,0.462,0.000,0.000,0.00
6428,Pursuer,0.428,0.462,0.150,0.135,0.00
6429,Pursuer,0.428,0.462,0.164,0.134,0.00
6430,Pursuer,0.428,0.462,0.131,0.146,0.00
6431,Pursuer,0.428,0.462,0.066,0.070,0.00
6432,Pursuer,0.428,0.463,0.164,0.188,0.00
6433,Pursuer,0.428,0.463,0.105,0.130,0.00
6434,Pursuer,0.428,0.463,0.141,0.143,0.00
6435,Runner,0.428,0.463,0.131,0.132,2.74
6436,Pursuer,0.428,0.463,0.129,0.123,0.00
6437,Runner,0.428,0.463,0.134,0.133,1.48
6438,Pursuer,0.428,0.463,0.000,0.000,0.00
6439,Pursuer,0.428,0.463,0.111,0.145,0.00
6440,Pursuer,0.428,0.463,0.140,0.143,0.00
6441,Runner,0.428,0.463,0.131,0.159,0.00
6442,Runner,0.428,0.463,0.135,0.116,0.00
6443,Runner,0.428,0.463,0.146,0.111,0.00
6444,Draw,0.428,0.463,0.134,0.160,17.28
6445,Runner,0.428,0.463,0.118,0.133,0.54
6446,Runner,0.428,0.462,0.131,0.158,0.00
6447,Pursuer,0.428,0.463,0.117,0.140,0.00
6448,Runner,0.428,0.462,0.131,0.142,1.66
6449,Runner,0.428,0.462,0.137,0.141,1.50
6450,Pursuer,0.428,0.462,0.147,0.087,0.00
6451,Draw,0.428,0.462,0.146,0.150,17.94
6452,Pursuer,0.428,0.462,0.145,0.096,0.00
6453,Runner,0.428,0.462,0.145,0.155,0.72
6454,Runner,0.428,0.462,0.122,0.122,0.00
6455,Runner,0.428,0.462,0.133,0.142,2.50
6456,Runner,0.428,0.462,0.135,0.164,1.40
6457,Runner,0.428,0.462,0.121,0.132,4.26
6458,Pursuer,0.428,0.462,0.155,0.127,0.00
6459,Runner,0.428,0.462,0.144,0.148,2.68
6460,Runner,0.428,0.462,0.109,0.153,3.02
6461,Pursuer,0.428,0.462,0.128,0.141,0.00
6462,Pursuer,0.428,0.462,0.127,0.100,0.00
6463,Runner,0.428,0.462,0.125,0.130,1.36
6464,Pursuer,0.428,0.462,0.138,0.143,0.00
6465,Runner,0.428,0.462,0.117,0.136,0.36
6466,Pursuer,0.428,0.462,0.143,0.142,0.00
6467,Pursuer,0.428,0.462,0.145,0.127,0.00
6468,Pursuer,0.428,0.462,0.135,0.159,0.00
6469,Pursuer,0.428,0.463,0.141,0.139,0.00
6470,Pursuer,0.428,0.463,0.115,0.153,0.00
6471,Runner,0.428,0.463,0.124,0.168,0.00
6472,Pursuer,0.428,0.463,0.147,0.158,0.00
6473,Draw,0.428,0.463,0.151,0.142,16.16
6474,Runner,0.428,0.462,0.128,0.140,0.10
6475,Runner,0.428,0.462,0.130,0.144,1.80
6476,Runner,0.428,0.462,0.117,0.147,0.00
6477,Runner,0.428,0.462,0.147,0.103,1.44
6478,Runner,0.429,0.462,0.130,0.135,0.00
6479,Pursuer,0.428,0.462,0.127,0.113,0.00
6480,Draw,0.428,0.462,0.149,0.153,16.40
6481,Pursuer,0.428,0.462,0.139,0.132,0.00
6482,Runner,0.428,0.462,0.188,0.128,0.00
6483,Runner,0.429,0.462,0.127,0.116,0.40
6484,Runner,0.429,0.462,0.135,0.151,0.00
6485,Pursuer,0.429,0.462,0.118,0.089,0.00
6486,Pursuer,0.428,0.462,0.146,0.123,0.00
6487,Runner,0.429,0.462,0.126,0.132,4.10
6488,Pursuer,0.428,0.462,0.053,0.046,0.00
6489,Pursuer,0.428,0.462,0.157,0.137,0.00
6490,Pursuer,0.428,0.462,0.119,0.128,0.00
6491,Runner,0.428,0.462,0.124,0.152,0.00
6492,Runner,0.429,0.462,0.150,0.162,0.68
6493,Pursuer,0.428,0.462,0.175,0.153,0.00
6494,Runner,0.429,0.462,0.172,0.110,0.00
6495,Pursuer,0.428,0.462,0.153,0.145,0.00
6496,Runner,0.429,0.462,0.141,0.137,0.28
6497,Pursuer,0.429,0.462,0.125,0.163,0.00
6498,Pursuer,0.428,0.462,0.143,0.148,0.00
6499,Runner,0.429,0.462,0.138,0.119,0.00
6500,Pursuer,0.428,0.462,0.153,0.131,0.00
6501,Runner,0.429,0.462,0.131,0.113,0.00
6502,Runner,0.429,0.462,0.133,0.141,7.56
6503,Pursuer,0.429,0.462,0.074,0.046,0.00
6504,Pursuer,0.429,0.462,0.215,0.130,0.00
6505,Runner,0.429,0.462,0.135,0.124,2.10
6506,Pursuer,0.429,0.462,0.172,0.143,0.00
6507,Runner,0.429,0.462,0.125,0.145,2.58
6508,Pursuer,0.429,0.463,0.131,0.157,0.00
6509,Runner,0.429,0.462,0.119,0.140,0.00
6510,Runner,0.429,0.462,0.173,0.149,0.00
6511,Runner,0.429,0.462,0.149,0.159,1.92
6512,Pursuer,0.429,0.462,0.121,0.139,0.00
6513,Runner,0.429,0.462,0.128,0.161,2.44
6514,Pursuer,0.429,0.462,0.128,0.134,0.00
6515,Runner,0.429,0.462,0.130,0.126,0.00
6516,Runner,0.429,0.462,0.141,0.135,0.00
6517,Runner,0.429,0.462,0.136,0.150,2.32
6518,Runner,0.429,0.462,0.131,0.133,0.00
6519,Runner,0.429,0.462,0.125,0.144,0.00
6520,Pursuer,0.429,0.462,0.151,0.137,0.00
6521,Runner,0.429,0.462,0.132,0.145,2.06
6522,Pursuer,0.429,0.462,0.137,0.128,0.00
6523,Pursuer,0.429,0.462,0.150,0.155,0.00
6524,Runner,0.429,0.462,0.173,0.130,0.00
6525,Pursuer,0.429,0.462,0.154,0.121,0.00
6526,Runner,0.429,0.462,0.129,0.141,0.96
6527,Runner,0.429,0.462,0.123,0.122,0.00
6528,Pursuer,0.429,0.462,0.185,0.129,0.00
6529,Runner,0.429,0.462,0.149,0.136,2.10
6530,Pursuer,0.429,0.462,0.134,0.148,0.00
6531,Pursuer,0.429,0.462,0.145,0.129,0.00
6532,Runner,0.429,0.462,0.151,0.130,0.00
6533,Draw,0.429,0.462,0.146,0.151,19.64
6534,Pursuer,0.429,0.462,0.143,0.156,0.00
6535,Pursuer,0.429,0.462,0.112,0.140,0.00
6536,Pursuer,0.429,0.462,0.144,0.148,0.00
6537,Pursuer,0.429,0.462,0.127,0.146,0.00
6538,Runner,0.429,0.462,0.135,0.121,1.92
6539,Runner,0.429,0.462,0.127,0.129,0.00
6540,Pursuer,0.429,0.462,0.146,0.109,0.00
6541,Runner,0.429,0.462,0.135,0.119,0.00
6542,Runner,0.429,0.462,0.156,0.142,0.00
6543,Runner,0.429,0.462,0.130,0.144,1.52
6544,Runner,0.429,0.462,0.103,0.137,0.00
6545,Pursuer,0.429,0.462,0.140,0.145,0.00
6546,Runner,0.429,0.462,0.139,0.124,0.48
6547,Runner,0.430,0.462,0.151,0.120,2.34
6548,Pursuer,0.429,0.462,0.130,0.124,0.00
6549,Pursuer,0.429,0.462,0.095,0.147,0.00
6550,Runner,0.429,0.462,0.095,0.093,0.00
6551,Pursuer,0.429,0.462,0.141,0.126,0.00
6552,Pursuer,0.429,0.462,0.115,0.136,0.00
6553,Runner,0.429,0.462,0.115,0.193,0.60
6554,Runner,0.430,0.462,0.126,0.165,0.00
6555,Runner,0.430,0.462,0.148,0.144,0.00
6556,Pursuer,0.430,0.462,0.144,0.133,0.00
6557,Runner,0.430,0.462,0.109,0.145,2.62
6558,Runner,0.430,0.462,0.128,0.160,2.88
6559,Runner,0.430,0.462,0.134,0.176,0.84
6560,Pursuer,0.430,0.462,0.155,0.143,0.00
6561,Pursuer,0.430,0.462,0.123,0.152,0.00
6562,Pursuer,0.430,0.462,0.153,0.149,0.00
6563,Pursuer,0.430,0.462,0.135,0.144,0.00
6564,Runner,0.430,0.462,0.115,0.137,3.08
6565,Runner,0.430,0.462,0.152,0.114,0.00
6566,Runner,0.430,0.462,0.139,0.145,0.14
6567,Pursuer,0.430,0.462,0.149,0.139,0.00
6568,Pursuer,0.430,0.462,0.200,0.153,0.00
6569,Pursuer,0.430,0.462,0.147,0.138,0.00
6570,Pursuer,0.430,0.462,0.134,0.136,0.00
6571,Pursuer,0.429,0.462,0.178,0.128,0.00
6572,Pursuer,0.429,0.463,0.142,0.128,0.00
6573,Runner,0.429,0.462,0.114,0.136,1.78
6574,Runner,0.430,0.462,0.141,0.134,0.00
6575,Runner,0.430,0.462,0.136,0.144,1.92
6576,Runner,0.430,0.462,0.108,0.121,1.16
6577,Runner,0.430,0.462,0.134,0.138,0.00
6578,Pursuer,0.430,0.462,0.122,0.130,0.00
6579,Pursuer,0.430,0.462,0.147,0.129,0.00
6580,Runner,0.430,0.462,0.128,0.150,4.30
6581,Runner,0.430,0.462,0.111,0.124,0.68
6582,Runner,0.430,0.462,0.119,0.139,0.00
6583,Pursuer,0.430,0.462,0.135,0.155,0.00
6584,Runner,0.430,0.462,0.119,0.121,4.46
6585,Runner,0.430,0.462,0.132,0.132,2.02
6586,Pursuer,0.430,0.462,0.124,0.131,0.00
6587,Pursuer,0.430,0.462,0.153,0.137,0.00
6588,Pursuer,0.430,0.462,0.137,0.147,0.00
6589,Runner,0.430,0.462,0.160,0.153,0.00
6590,Runner,0.430,0.462,0.122,0.137,1.76
6591,Pursuer,0.430,0.462,0.000,0.000,0.00
6592,Runner,0.430,0.462,0.142,0.168,1.04
6593,Runner,0.430,0.462,0.124,0.137,9.50
6594,Runner,0.430,0.462,0.142,0.119,5.32
6595,Runner,0.430,0.462,0.069,0.210,0.00
6596,Draw,0.430,0.462,0.132,0.151,13.64
6597,Runner,0.430,0.462,0.174,0.126,0.00
6598,Runner,0.430,0.462,0.157,0.114,0.00
6599,Runner,0.431,0.462,0.113,0.136,0.00
6600,Runner,0.431,0.462,0.126,0.143,3.98
6601,Pursuer,0.431,0.462,0.000,0.000,0.00
6602,Runner,0.431,0.462,0.125,0.125,0.80
6603,Runner,0.431,0.462,0.154,0.170,0.00
6604,Pursuer,0.431,0.462,0.151,0.133,0.00
6605,Pursuer,0.431,0.462,0.121,0.146,0.00
6606,Pursuer,0.431,0.462,0.138,0.079,0.00
6607,Pursuer,0.430,0.462,0.121,0.125,0.00
6608,Pursuer,0.430,0.462,0.139,0.140,0.00
6609,Runner,0.430,0.462,0.160,0.153,0.00
6610,Pursuer,0.430,0.462,0.000,0.000,0.00
6611,Runner,0.430,0.462,0.168,0.110,0.00
6612,Pursuer,0.430,0.462,0.147,0.115,0.00
6613,Pursuer,0.430,0.462,0.141,0.134,0.00
6614,Pursuer,0.430,0.462,0.109,0.153,0.00
6615,Runner,0.430,0.462,0.000,0.000,0.00
6616,Pursuer,0.430,0.462,0.129,0.154,0.00
6617,Pursuer,0.430,0.462,0.151,0.143,0.00
6618,Runner,0.430,0.462,0.125,0.140,1.68
6619,Pursuer,0.430,0.462,0.140,0.151,0.00
6620,Runner,0.430,0.462,0.124,0.157,0.00
6621,Pursuer,0.430,0.462,0.139,0.141,0.00
6622,Runner,0.430,0.462,0.134,0.132,5.54
6623,Runner,0.430,0.462,0.118,0.163,0.00
6624,Pursuer,0.430,0.462,0.128,0.129,0.00
6625,Pursuer,0.430,0.462,0.148,0.132,0.00
6626,Pursuer,0.430,0.462,0.133,0.139,0.00
6627,Pursuer,0.430,0.463,0.164,0.131,0.00
6628,Runner,0.430,0.462,0.115,0.154,0.00
6629,Runner,0.430,0.462,0.149,0.160,1.24
6630,Pursuer,0.430,0.462,0.137,0.125,0.00
6631,Pursuer,0.430,0.463,0.130,0.127,0.00
6632,Runner,0.430,0.462,0.155,0.138,1.68
6633,Pursuer,0.430,0.463,0.127,0.168,0.00
6634,Pursuer,0.430,0.463,0.123,0.118,0.00
6635,Runner,0.430,0.463,0.123,0.135,0.00
6636,Runner,0.430,0.462,0.151,0.128,1.98
6637,Pursuer,0.430,0.463,0.152,0.139,0.00
6638,Pursuer,0.430,0.463,0.157,0.133,0.00
6639,Pursuer,0.430,0.463,0.184,0.143,0.00
6640,Pursuer,0.430,0.463,0.184,0.146,0.00
6641,Runner,0.430,0.463,0.133,0.140,3.58
6642,Pursuer,0.430,0.463,0.142,0.151,0.00
6643,Runner,0.430,0.463,0.134,0.151,2.84
6644,Draw,0.430,0.463,0.139,0.134,16.88
6645,Pursuer,0.430,0.463,0.149,0.177,0.00
6646,Runner,0.430,0.463,0.109,0.132,3.16
6647,Runner,0.430,0.463,0.119,0.143,0.00
6648,Pursuer,0.430,0.463,0.101,0.113,0.00
6649,Runner,0.430,0.463,0.124,0.133,0.00
6650,Runner,0.430,0.463,0.122,0.122,0.00
6651,Pursuer,0.430,0.463,0.139,0.260,0.00
6652,Runner,0.430,0.463,0.151,0.130,0.00
6653,Runner,0.430,0.462,0.135,0.119,0.00
6654,Runner,0.431,0.462,0.105,0.175,1.16
6655,Runner,0.431,0.462,0.126,0.140,0.00
6656,Pursuer,0.431,0.462,0.138,0.138,0.00
6657,Pursuer,0.431,0.463,0.124,0.115,0.00
6658,Runner,0.431,0.462,0.000,0.000,0.00
6659,Runner,0.431,0.462,0.139,0.107,0.00
6660,Pursuer,0.431,0.462,0.127,0.131,0.00
6661,Runner,0.431,0.462,0.171,0.109,0.00
6662,Pursuer,0.431,0.462,0.137,0.094,0.00
6663,Pursuer,0.431,0.463,0.119,0.133,0.00
6664,Runner,0.431,0.462,0.117,0.106,0.00
6665,Pursuer,0.431,0.463,0.115,0.192,0.00
6666,Runner,0.431,0.462,0.112,0.145,0.00
6667,Runner,0.431,0.462,0.125,0.141,0.00
6668,Runner,0.431,0.462,0.132,0.157,1.38
6669,Runner,0.431,0.462,0.115,0.146,3.40
6670,Runner,0.431,0.462,0.088,0.126,0.00
6671,Pursuer,0.431,0.462,0.118,0.119,0.00
6672,Runner,0.431,0.462,0.142,0.164,0.60
6673,Runner,0.431,0.462,0.134,0.136,0.50
6674,Pursuer,0.431,0.462,0.166,0.143,0.00
6675,Runner,0.431,0.462,0.148,0.126,2.50
6676,Pursuer,0.431,0.462,0.115,0.094,0.00
6677,Pursuer,0.431,0.462,0.130,0.127,0.00
6678,Pursuer,0.431,0.462,0.140,0.152,0.00
6679,Runner,0.431,0.462,0.131,0.130,0.18
6680,Runner,0.431,0.462,0.112,0.145,0.00
6681,Runner,0.431,0.462,0.156,0.127,0.00
6682,Pursuer,0.431,0.462,0.000,0.000,0.00
6683,Pursuer,0.431,0.462,0.076,0.111,0.00
6684,Pursuer,0.431,0.462,0.111,0.145,0.00
6685,Runner,0.431,0.462,0.161,0.097,0.00
6686,Pursuer,0.431,0.462,0.000,0.000,0.00
6687,Draw,0.431,0.462,0.134,0.150,16.04
6688,Draw,0.431,0.462,0.143,0.150,17.20
6689,Pursuer,0.431,0.462,0.094,0.106,0.00
6690,Pursuer,0.431,0.462,0.121,0.153,0.00
6691,Runner,0.431,0.462,0.143,0.139,6.04
6692,Pursuer,0.431,0.462,0.170,0.121,0.00
6693,Pursuer,0.431,0.463,0.141,0.134,0.00
6694,Pursuer,0.431,0.463,0.129,0.146,0.00
6695,Runner,0.431,0.463,0.155,0.114,0.00
6696,Runner,0.431,0.463,0.134,0.180,0.00
6697,Runner,0.431,0.462,0.135,0.149,3.10
6698,Pursuer,0.431,0.463,0.109,0.114,0.00
6699,Runner,0.431,0.462,0.052,0.122,0.56
6700,Runner,0.431,0.462,0.101,0.140,0.00
6701,Pursuer,0.431,0.462,0.144,0.139,0.00
6702,Runner,0.431,0.462,0.149,0.106,0.00
6703,Runner,0.431,0.462,0.103,0.145,1.30
6704,Pursuer,0.431,0.462,0.146,0.139,0.00
6705,Runner,0.431,0.462,0.151,0.133,0.00
6706,Pursuer,0.431,0.462,0.142,0.120,0.00
6707,Runner,0.431,0.462,0.132,0.136,2.24
6708,Runner,0.431,0.462,0.129,0.140,2.00
6709,Pursuer,0.431,0.462,0.152,0.150,0.00
6710,Runner,0.431,0.462,0.129,0.140,1.84
6711,Pursuer,0.431,0.462,0.149,0.138,0.00
6712,Pursuer,0.431,0.462,0.114,0.135,0.00
6713,Pursuer,0.431,0.463,0.162,0.213,0.00
6714,Runner,0.431,0.462,0.129,0.111,0.22
6715,Pursuer,0.431,0.463,0.085,0.121,0.00
6716,Draw,0.431,0.462,0.150,0.151,13.44
6717,Runner,0.431,0.462,0.122,0.173,3.52
6718,Runner,0.431,0.462,0.125,0.134,0.06
6719,Runner,0.431,0.462,0.144,0.121,0.00
6720,Runner,0.431,0.462,0.134,0.151,8.00
6721,Pursuer,0.431,0.462,0.000,0.000,0.00
6722,Runner,0.431,0.462,0.092,0.140,0.56
6723,Pursuer,0.431,0.462,0.126,0.118,0.00
6724,Pursuer,0.431,0.462,0.120,0.161,0.00
6725,Pursuer,0.431,0.462,0.201,0.152,0.00
6726,Pursuer,0.431,0.463,0.107,0.134,0.00
6727,Runner,0.431,0.462,0.155,0.141,1.76
6728,Pursuer,0.431,0.463,0.136,0.131,0.00
6729,Pursuer,0.431,0.463,0.136,0.211,0.00
6730,Pursuer,0.431,0.463,0.088,0.158,0.00
6731,Pursuer,0.431,0.463,0.150,0.133,0.00
6732,Runner,0.431,0.463,0.114,0.130,0.00
6733,Pursuer,0.431,0.463,0.159,0.167,0.00
6734,Pursuer,0.431,0.463,0.132,0.126,0.00
6735,Pursuer,0.431,0.463,0.115,0.144,0.00
6736,Draw,0.431,0.463,0.130,0.150,18.90
6737,Pursuer,0.431,0.463,0.139,0.134,0.00
6738,Runner,0.431,0.463,0.149,0.126,0.00
6739,Pursuer,0.431,0.463,0.147,0.159,0.00
6740,Runner,0.431,0.463,0.147,0.135,9.94
6741,Pursuer,0.431,0.463,0.150,0.147,0.00
6742,Runner,0.431,0.463,0.155,0.174,1.60
6743,Runner,0.431,0.463,0.105,0.138,0.94
6744,Pursuer,0.431,0.463,0.143,0.150,0.00
6745,Runner,0.431,0.463,0.151,0.143,0.00
6746,Runner,0.431,0.463,0.122,0.145,3.20
6747,Pursuer,0.431,0.463,0.131,0.145,0.00
6748,Runner,0.431,0.463,0.134,0.182,0.00
6749,Runner,0.431,0.463,0.000,0.000,0.02
6750,Runner,0.431,0.463,0.132,0.134,7.10
6751,Pursuer,0.431,0.463,0.122,0.113,0.00
6752,Pursuer,0.431,0.463,0.142,0.130,0.00
6753,Runner,0.431,0.463,0.000,0.000,0.00
6754,Runner,0.431,0.463,0.163,0.150,0.00
6755,Pursuer,0.431,0.463,0.097,0.135,0.00
6756,Pursuer,0.431,0.463,0.164,0.193,0.00
6757,Runner,0.431,0.463,0.122,0.112,0.82
6758,Pursuer,0.431,0.463,0.124,0.124,0.00
6759,Pursuer,0.431,0.463,0.135,0.130,0.00
6760,Runner,0.431,0.463,0.135,0.135,0.92
6761,Runner,0.431,0.463,0.134,0.113,0.00
6762,Pursuer,0.431,0.463,0.125,0.136,0.00
6763,Runner,0.431,0.463,0.141,0.142,0.00
6764,Runner,0.431,0.463,0.123,0.103,0.74
6765,Runner,0.431,0.463,0.148,0.125,3.46
6766,Runner,0.432,0.463,0.120,0.143,0.36
6767,Runner,0.432,0.463,0.169,0.154,0.00
6768,Runner,0.432,0.462,0.156,0.148,2.14
6769,Runner,0.432,0.462,0.172,0.123,0.42
6770,Pursuer,0.432,0.462,0.097,0.100,0.00
6771,Draw,0.432,0.462,0.140,0.123,0.00
6772,Runner,0.432,0.462,0.146,0.133,2.30
6773,Pursuer,0.432,0.462,0.114,0.117,0.00
6774,Runner,0.432,0.462,0.165,0.134,0.00
6775,Runner,0.432,0.462,0.134,0.154,0.00
6776,Runner,0.432,0.462,0.173,0.122,0.00
6777,Runner,0.432,0.462,0.135,0.158,2.22
6778,Runner,0.432,0.462,0.133,0.146,0.00
6779,Pursuer,0.432,0.462,0.140,0.162,0.00
6780,Runner,0.432,0.462,0.130,0.161,0.00
6781,Pursuer,0.432,0.462,0.141,0.115,0.00
6782,Runner,0.432,0.462,0.126,0.128,2.10
6783,Pursuer,0.432,0.462,0.128,0.124,0.00
6784,Pursuer,0.432,0.462,0.128,0.154,0.00
6785,Pursuer,0.432,0.462,0.141,0.139,0.00
6786,Runner,0.432,0.462,0.190,0.147,0.00
6787,Runner,0.432,0.462,0.162,0.151,1.02
6788,Runner,0.432,0.462,0.152,0.098,0.54
6789,Pursuer,0.432,0.462,0.116,0.142,0.00
6790,Runner,0.432,0.462,0.128,0.130,3.30
6791,Pursuer,0.432,0.462,0.174,0.131,0.00
6792,Runner,0.432,0.462,0.147,0.134,0.00
6793,Runner,0.432,0.462,0.143,0.126,4.52
6794,Pursuer,0.432,0.462,0.154,0.125,0.00
6795,Runner,0.432,0.462,0.128,0.165,0.00
6796,Pursuer,0.432,0.462,0.144,0.120,0.00
6797,Runner,0.432,0.462,0.150,0.127,0.00
6798,Pursuer,0.432,0.462,0.149,0.147,0.00
6799,Pursuer,0.432,0.462,0.162,0.199,0.00
6800,Runner,0.432,0.462,0.185,0.150,1.16
6801,Runner,0.432,0.462,0.150,0.151,0.00
6802,Runner,0.433,0.462,0.128,0.110,0.00
6803,Pursuer,0.432,0.462,0.082,0.147,0.00
6804,Runner,0.433,0.462,0.155,0.126,0.00
6805,Pursuer,0.432,0.462,0.114,0.142,0.00
6806,Runner,0.433,0.462,0.139,0.152,3.14
6807,Runner,0.433,0.462,0.126,0.161,0.00
6808,Pursuer,0.433,0.462,0.143,0.150,0.00
6809,Runner,0.433,0.462,0.129,0.130,1.76
6810,Pursuer,0.433,0.462,0.122,0.110,0.00
6811,Pursuer,0.433,0.462,0.126,0.136,0.00
6812,Runner,0.433,0.462,0.132,0.129,0.28
6813,Pursuer,0.433,0.462,0.140,0.155,0.00
6814,Pursuer,0.432,0.462,0.110,0.129,0.00
6815,Runner,0.433,0.462,0.121,0.182,2.68
6816,Pursuer,0.433,0.462,0.140,0.139,0.00
6817,Runner,0.433,0.462,0.108,0.113,0.00
6818,Pursuer,0.433,0.462,0.121,0.131,0.00
6819,Runner,0.433,0.462,0.121,0.092,0.16
6820,Runner,0.433,0.462,0.108,0.156,0.72
6821,Runner,0.433,0.462,0.166,0.151,2.66
6822,Runner,0.433,0.462,0.125,0.150,1.26
6823,Runner,0.433,0.462,0.163,0.114,0.00
6824,Pursuer,0.433,0.462,0.133,0.143,0.00
6825,Runner,0.433,0.462,0.129,0.127,0.72
6826,Runner,0.433,0.462,0.146,0.167,2.04
6827,Pursuer,0.433,0.462,0.147,0.108,0.00
6828,Runner,0.433,0.462,0.144,0.140,2.34
6829,Pursuer,0.433,0.462,0.119,0.122,0.00
6830,Runner,0.433,0.462,0.123,0.139,1.20
6831,Pursuer,0.433,0.462,0.154,0.135,0.00
6832,Runner,0.433,0.462,0.115,0.126,2.62
6833,Pursuer,0.433,0.462,0.116,0.113,0.00
6834,Draw,0.433,0.462,0.159,0.142,16.78
6835,Pursuer,0.433,0.462,0.111,0.146,0.00
6836,Runner,0.433,0.462,0.133,0.154,2.92
6837,Runner,0.433,0.462,0.123,0.111,0.00
6838,Pursuer,0.433,0.462,0.131,0.135,0.00
6839,Runner,0.433,0.462,0.137,0.148,0.00
6840,Pursuer,0.433,0.462,0.221,0.177,0.00
6841,Pursuer,0.433,0.462,0.100,0.112,0.00
6842,Pursuer,0.433,0.462,0.146,0.140,0.00
6843,Pursuer,0.433,0.462,0.116,0.135,0.00
6844,Runner,0.433,0.462,0.177,0.118,0.64
6845,Pursuer,0.433,0.462,0.070,0.125,0.00
6846,Pursuer,0.433,0.462,0.153,0.126,0.00
6847,Runner,0.433,0.462,0.104,0.110,0.00
6848,Draw,0.433,0.462,0.132,0.148,15.56
6849,Runner,0.433,0.462,0.157,0.157,1.48
6850,Runner,0.433,0.462,0.127,0.139,1.66
6851,Pursuer,0.433,0.462,0.126,0.121,0.00
6852,Runner,0.433,0.462,0.150,0.135,10.88
6853,Pursuer,0.433,0.462,0.135,0.119,0.00
6854,Pursuer,0.433,0.462,0.139,0.149,0.00
6855,Pursuer,0.433,0.462,0.134,0.130,0.00
6856,Pursuer,0.433,0.462,0.128,0.137,0.00
6857,Runner,0.433,0.462,0.186,0.129,0.00
6858,Pursuer,0.433,0.462,0.136,0.083,0.00
6859,Pursuer,0.433,0.462,0.136,0.121,0.00
6860,Runner,0.433,0.462,0.118,0.157,0.00
6861,Pursuer,0.433,0.462,0.155,0.139,0.00
6862,Runner,0.433,0.462,0.118,0.112,0.40
6863,Pursuer,0.433,0.462,0.191,0.197,0.00
6864,Pursuer,0.433,0.463,0.121,0.160,0.00
6865,Runner,0.433,0.462,0.140,0.133,0.00
6866,Draw,0.433,0.462,0.143,0.137,17.66
6867,Pursuer,0.433,0.463,0.126,0.128,0.00
6868,Pursuer,0.433,0.463,0.131,0.116,0.00
6869,Runner,0.433,0.463,0.131,0.141,4.86
6870,Pursuer,0.433,0.463,0.165,0.168,0.00
6871,Runner,0.433,0.463,0.123,0.163,0.00
6872,Runner,0.433,0.462,0.131,0.136,6.00
6873,Pursuer,0.433,0.463,0.155,0.128,0.00
6874,Pursuer,0.433,0.463,0.105,0.134,0.00
6875,Draw,0.433,0.463,0.136,0.152,19.98
6876,Runner,0.433,0.462,0.109,0.125,0.00
6877,Pursuer,0.433,0.463,0.150,0.132,0.00
6878,Runner,0.433,0.462,0.126,0.121,2.26
6879,Runner,0.433,0.462,0.134,0.121,1.72
6880,Runner,0.433,0.462,0.162,0.109,0.00
6881,Pursuer,0.433,0.462,0.143,0.139,0.00
6882,Pursuer,0.433,0.463,0.157,0.118,0.00
6883,Runner,0.433,0.462,0.140,0.119,2.58
6884,Runner,0.433,0.462,0.158,0.137,0.94
6885,Pursuer,0.433,0.462,0.445,0.082,0.00
6886,Pursuer,0.433,0.463,0.150,0.133,0.00
6887,Runner,0.433,0.462,0.131,0.145,0.00
6888,Pursuer,0.433,0.463,0.152,0.148,0.00
6889,Pursuer,0.433,0.463,0.135,0.137,0.00
6890,Runner,0.433,0.463,0.109,0.126,3.38
6891,Runner,0.433,0.462,0.130,0.132,1.54
6892,Pursuer,0.433,0.463,0.148,0.133,0.00
6893,Runner,0.433,0.462,0.134,0.112,1.30
6894,Pursuer,0.433,0.463,0.000,0.000,0.00
6895,Runner,0.433,0.463,0.157,0.140,1.38
6896,Runner,0.433,0.462,0.116,0.147,2.44
6897,Pursuer,0.433,0.463,0.156,0.142,0.00
6898,Pursuer,0.433,0.463,0.159,0.150,0.00
6899,Runner,0.433,0.463,0.130,0.158,1.98
6900,Runner,0.433,0.462,0.128,0.121,0.44
6901,Runner,0.433,0.462,0.136,0.137,0.44
6902,Runner,0.433,0.462,0.141,0.137,5.08
6903,Runner,0.433,0.462,0.107,0.129,0.58
6904,Pursuer,0.433,0.462,0.141,0.151,0.00
6905,Runner,0.433,0.462,0.144,0.167,0.66
6906,Runner,0.433,0.462,0.140,0.134,0.06
6907,Runner,0.433,0.462,0.131,0.139,2.08
6908,Pursuer,0.433,0.462,0.128,0.146,0.00
6909,Pursuer,0.433,0.462,0.137,0.114,0.00
6910,Pursuer,0.433,0.462,0.104,0.141,0.00
6911,Runner,0.433,0.462,0.124,0.137,0.52
6912,Runner,0.433,0.462,0.134,0.130,2.22
6913,Pursuer,0.433,0.462,0.192,0.138,0.00
6914,Pursuer,0.433,0.462,0.127,0.116,0.00
6915,Pursuer,0.433,0.462,0.162,0.140,0.00
6916,Runner,0.433,0.462,0.187,0.120,0.00
6917,Pursuer,0.433,0.462,0.130,0.133,0.00
6918,Runner,0.433,0.462,0.118,0.137,1.84
6919,Pursuer,0.433,0.462,0.221,0.316,0.00
6920,Pursuer,0.433,0.463,0.128,0.131,0.00
6921,Runner,0.433,0.463,0.140,0.154,1.84
6922,Runner,0.433,0.462,0.129,0.145,3.06
6923,Runner,0.433,0.462,0.142,0.131,3.82
6924,Pursuer,0.433,0.462,0.130,0.142,0.00
6925,Pursuer,0.433,0.463,0.138,0.146,0.00
6926,Pursuer,0.433,0.463,0.153,0.138,0.00
6927,Pursuer,0.433,0.463,0.139,0.158,0.00
6928,Pursuer,0.433,0.463,0.119,0.171,0.00
6929,Runner,0.433,0.463,0.131,0.133,5.58
6930,Runner,0.433,0.463,0.164,0.055,0.00
6931,Pursuer,0.433,0.463,0.134,0.129,0.00
6932,Runner,0.433,0.463,0.139,0.123,0.26
6933,Runner,0.433,0.463,0.144,0.135,4.56
6934,Runner,0.434,0.463,0.136,0.136,2.40
6935,Pursuer,0.433,0.463,0.143,0.129,0.00
6936,Runner,0.434,0.463,0.127,0.133,0.00
6937,Pursuer,0.433,0.463,0.127,0.151,0.00
6938,Runner,0.434,0.463,0.135,0.139,3.88
6939,Pursuer,0.433,0.463,0.205,0.169,0.00
6940,Pursuer,0.433,0.463,0.125,0.135,0.00
6941,Runner,0.434,0.463,0.146,0.140,0.00
6942,Runner,0.434,0.463,0.121,0.144,0.70
6943,Pursuer,0.434,0.463,0.133,0.145,0.00
6944,Runner,0.434,0.463,0.132,0.120,0.00
6945,Runner,0.434,0.462,0.138,0.121,1.72
6946,Pursuer,0.434,0.463,0.100,0.141,0.00
6947,Pursuer,0.434,0.463,0.142,0.107,0.00
6948,Runner,0.434,0.463,0.129,0.143,1.92
6949,Runner,0.434,0.463,0.132,0.163,1.50
6950,Pursuer,0.434,0.463,0.128,0.141,0.00
6951,Pursuer,0.434,0.463,0.150,0.165,0.00
6952,Runner,0.434,0.463,0.123,0.144,0.00
6953,Pursuer,0.434,0.463,0.144,0.119,0.00
6954,Pursuer,0.434,0.463,0.219,0.200,0.00
6955,Runner,0.434,0.463,0.156,0.259,0.00
6956,Runner,0.434,0.463,0.168,0.121,0.00
6957,Draw,0.434,0.463,0.132,0.129,1.40
6958,Pursuer,0.434,0.463,0.129,0.130,0.00
6959,Runner,0.434,0.463,0.153,0.111,0.00
6960,Runner,0.434,0.463,0.172,0.155,0.00
6961,Pursuer,0.434,0.463,0.152,0.193,0.00
6962,Pursuer,0.434,0.463,0.126,0.115,0.00
6963,Pursuer,0.434,0.463,0.121,0.159,0.00
6964,Runner,0.434,0.463,0.136,0.137,0.64
6965,Runner,0.434,0.463,0.133,0.146,3.00
6966,Runner,0.434,0.463,0.117,0.093,1.54
6967,Runner,0.434,0.462,0.146,0.159,1.12
6968,Pursuer,0.434,0.463,0.129,0.120,0.00
6969,Pursuer,0.434,0.463,0.097,0.134,0.00
6970,Draw,0.434,0.463,0.153,0.144,15.66
6971,Runner,0.434,0.462,0.120,0.132,0.00
6972,Runner,0.434,0.462,0.137,0.137,0.00
6973,Pursuer,0.434,0.462,0.156,0.128,0.00
6974,Pursuer,0.434,0.463,0.142,0.143,0.00
6975,Runner,0.434,0.463,0.114,0.124,0.00
6976,Pursuer,0.434,0.463,0.150,0.098,0.00
6977,Pursuer,0.434,0.463,0.152,0.176,0.00
6978,Pursuer,0.434,0.463,0.137,0.138,0.00
6979,Runner,0.434,0.463,0.116,0.108,1.58
6980,Pursuer,0.434,0.463,0.064,0.130,0.00
6981,Pursuer,0.434,0.463,0.109,0.104,0.00
6982,Pursuer,0.434,0.463,0.148,0.126,0.00
6983,Draw,0.433,0.463,0.142,0.136,0.00
6984,Runner,0.434,0.463,0.128,0.157,1.88
6985,Runner,0.434,0.463,0.122,0.148,2.82
6986,Pursuer,0.434,0.463,0.261,0.778,0.00
6987,Pursuer,0.434,0.463,0.149,0.136,0.00
6988,Runner,0.434,0.463,0.000,0.000,0.00
6989,Runner,0.434,0.463,0.139,0.158,0.10
6990,Pursuer,0.434,0.463,0.172,0.127,0.00
6991,Runner,0.434,0.463,0.139,0.129,0.00
6992,Draw,0.434,0.463,0.153,0.137,16.12
6993,Runner,0.434,0.463,0.142,0.126,0.00
6994,Pursuer,0.434,0.463,0.182,0.136,0.00
6995,Runner,0.434,0.463,0.148,0.225,0.00
6996,Runner,0.434,0.463,0.144,0.090,0.00
6997,Runner,0.434,0.462,0.042,0.028,0.14
6998,Pursuer,0.434,0.463,0.107,0.146,0.00
6999,Runner,0.434,0.462,0.144,0.156,0.00
7000,Runner,0.434,0.462,0.122,0.129,0.00
7001,Runner,0.434,0.462,0.138,0.134,1.92
7002,Runner,0.434,0.462,0.126,0.146,0.48
7003,Pursuer,0.434,0.462,0.125,0.111,0.00
7004,Pursuer,0.434,0.462,0.090,0.119,0.00
7005,Pursuer,0.434,0.463,0.111,0.168,0.00
7006,Pursuer,0.434,0.463,0.138,0.115,0.00
7007,Runner,0.434,0.463,0.174,0.111,0.78
7008,Pursuer,0.434,0.463,0.133,0.145,0.00
7009,Pursuer,0.434,0.463,0.136,0.150,0.00
7010,Runner,0.434,0.463,0.140,0.161,0.00
7011,Pursuer,0.434,0.463,0.142,0.162,0.00
7012,Runner,0.434,0.463,0.150,0.151,2.16
7013,Pursuer,0.434,0.463,0.133,0.110,0.00
7014,Runner,0.434,0.463,0.183,0.599,0.06
7015,Runner,0.434,0.463,0.150,0.121,0.24
7016,Pursuer,0.434,0.463,0.144,0.134,0.00
7017,Runner,0.434,0.463,0.122,0.125,1.22
7018,Draw,0.434,0.463,0.141,0.131,0.00
7019,Runner,0.434,0.462,0.144,0.170,0.00
7020,Draw,0.434,0.462,0.156,0.145,15.56
7021,Pursuer,0.434,0.462,0.000,0.000,0.00
7022,Runner,0.434,0.462,0.135,0.127,0.00
7023,Pursuer,0.434,0.462,0.118,0.099,0.00
7024,Pursuer,0.434,0.463,0.158,0.163,0.00
7025,Pursuer,0.434,0.463,0.097,0.139,0.00
7026,Pursuer,0.434,0.463,0.119,0.100,0.00
7027,Pursuer,0.434,0.463,0.117,0.100,0.00
7028,Pursuer,0.434,0.463,0.155,0.116,0.00
7029,Pursuer,0.434,0.463,0.151,0.144,0.00
7030,Runner,0.434,0.463,0.129,0.140,0.00
7031,Runner,0.434,0.463,0.109,0.154,2.48
7032,Pursuer,0.434,0.463,0.121,0.132,0.00
7033,Runner,0.434,0.463,0.110,0.138,1.80
7034,Pursuer,0.434,0.463,0.138,0.140,0.00
7035,Runner,0.434,0.463,0.137,0.140,2.94
7036,Pursuer,0.434,0.463,0.154,0.092,0.00
7037,Runner,0.434,0.463,0.124,0.171,0.00
7038,Pursuer,0.434,0.463,0.149,0.140,0.00
7039,Runner,0.434,0.463,0.135,0.148,0.98
7040,Pursuer,0.434,0.463,0.137,0.127,0.00
7041,Pursuer,0.434,0.463,0.085,0.140,0.00
7042,Runner,0.434,0.463,0.133,0.130,1.44
7043,Runner,0.434,0.463,0.137,0.156,8.80
7044,Runner,0.434,0.463,0.115,0.152,0.00
7045,Pursuer,0.434,0.463,0.083,0.148,0.00
7046,Runner,0.434,0.463,0.141,0.124,0.38
7047,Pursuer,0.434,0.463,0.000,0.000,0.00
7048,Runner,0.434,0.463,0.185,0.121,0.42
7049,Runner,0.434,0.463,0.144,0.103,2.28
7050,Runner,0.434,0.463,0.144,0.148,2.94
7051,Runner,0.434,0.463,0.101,0.152,0.00
7052,Draw,0.434,0.463,0.136,0.150,17.62
7053,Pursuer,0.434,0.463,0.127,0.137,0.00
7054,Pursuer,0.434,0.463,0.133,0.144,0.00
7055,Runner,0.434,0.463,0.141,0.127,0.00
7056,Runner,0.434,0.463,0.097,0.164,1.68
7057,Pursuer,0.434,0.463,0.127,0.157,0.00
7058,Pursuer,0.434,0.463,0.141,0.115,0.00
7059,Runner,0.434,0.463,0.142,0.101,1.50
7060,Draw,0.434,0.463,0.136,0.137,17.58
7061,Runner,0.434,0.463,0.000,0.000,0.00
7062,Runner,0.434,0.462,0.110,0.114,0.00
7063,Pursuer,0.434,0.463,0.124,0.131,0.00
7064,Pursuer,0.434,0.463,0.150,0.149,0.00
7065,Runner,0.434,0.463,0.134,0.153,0.00
7066,Runner,0.434,0.462,0.123,0.131,2.14
7067,Pursuer,0.434,0.463,0.084,0.142,0.00
7068,Pursuer,0.434,0.463,0.000,0.000,0.00
7069,Runner,0.434,0.463,0.134,0.153,2.98
7070,Runner,0.434,0.463,0.150,0.117,0.00
7071,Pursuer,0.434,0.463,0.146,0.128,0.00
7072,Runner,0.434,0.463,0.115,0.123,3.54
7073,Runner,0.434,0.462,0.127,0.118,2.90
7074,Pursuer,0.434,0.463,0.155,0.151,0.00
7075,Runner,0.434,0.462,0.134,0.151,0.00
7076,Runner,0.435,0.462,0.099,0.130,1.76
7077,Runner,0.435,0.462,0.105,0.168,0.52
7078,Runner,0.435,0.462,0.112,0.119,0.00
7079,Draw,0.435,0.462,0.135,0.144,19.98
7080,Runner,0.435,0.462,0.162,0.114,2.00
7081,Runner,0.435,0.462,0.136,0.129,0.44
7082,Pursuer,0.435,0.462,0.000,0.000,0.00
7083,Pursuer,0.435,0.462,0.149,0.136,0.00
7084,Runner,0.435,0.462,0.131,0.133,0.00
7085,Runner,0.435,0.462,0.146,0.142,1.88
7086,Runner,0.435,0.462,0.172,0.113,0.00
7087,Pursuer,0.435,0.462,0.136,0.143,0.00
7088,Runner,0.435,0.462,0.132,0.132,0.00
7089,Pursuer,0.435,0.462,0.177,0.157,0.00
7090,Pursuer,0.435,0.462,0.120,0.131,0.00
7091,Pursuer,0.435,0.462,0.144,0.129,0.00
7092,Runner,0.435,0.462,0.141,0.144,0.00
7093,Pursuer,0.435,0.462,0.131,0.118,0.00
7094,Draw,0.435,0.462,0.138,0.150,17.94
7095,Runner,0.435,0.462,0.134,0.132,0.00
7096,Runner,0.435,0.462,0.143,0.135,1.38
7097,Runner,0.435,0.462,0.118,0.177,1.24
7098,Runner,0.435,0.462,0.108,0.152,0.00
7099,Runner,0.435,0.462,0.188,0.113,0.00
7100,Pursuer,0.435,0.462,0.144,0.114,0.00
7101,Runner,0.435,0.462,0.126,0.111,0.00
7102,Pursuer,0.435,0.462,0.159,0.148,0.00
7103,Pursuer,0.435,0.462,0.136,0.151,0.00
7104,Pursuer,0.435,0.462,0.134,0.130,0.00
7105,Pursuer,0.435,0.462,0.127,0.145,0.00
7106,Pursuer,0.435,0.462,0.119,0.151,0.00
7107,Draw,0.435,0.462,0.130,0.136,17.98
7108,Pursuer,0.435,0.462,0.162,0.143,0.00
7109,Runner,0.435,0.462,0.124,0.150,0.00
7110,Pursuer,0.435,0.462,0.117,0.168,0.00
7111,Pursuer,0.435,0.462,0.146,0.131,0.00
7112,Pursuer,0.435,0.462,0.084,0.141,0.00
7113,Runner,0.435,0.462,0.125,0.117,1.32
7114,Pursuer,0.435,0.462,0.149,0.203,0.00
7115,Pursuer,0.435,0.463,0.123,0.130,0.00
7116,Runner,0.435,0.462,0.117,0.126,1.84
7117,Pursuer,0.435,0.463,0.111,0.140,0.00
7118,Runner,0.435,0.462,0.117,0.134,0.00
7119,Pursuer,0.435,0.463,0.177,0.149,0.00
7120,Runner,0.435,0.463,0.128,0.121,0.42
7121,Runner,0.435,0.462,0.125,0.108,1.30
7122,Runner,0.435,0.462,0.196,0.139,0.00
7123,Pursuer,0.435,0.462,0.112,0.128,0.00
7124,Pursuer,0.435,0.463,0.092,0.109,0.00
7125,Runner,0.435,0.462,0.141,0.128,8.74
7126,Pursuer,0.435,0.463,0.150,0.131,0.00
7127,Pursuer,0.435,0.463,0.193,0.182,0.00
7128,Runner,0.435,0.463,0.147,0.140,6.78
7129,Runner,0.435,0.462,0.131,0.129,0.00
7130,Runner,0.435,0.462,0.094,0.143,0.00
7131,Runner,0.435,0.462,0.122,0.118,2.38
7132,Runner,0.435,0.462,0.149,0.138,4.96
7133,Runner,0.435,0.462,0.118,0.127,0.00
7134,Pursuer,0.435,0.462,0.126,0.181,0.00
7135,Runner,0.435,0.462,0.125,0.113,1.12
7136,Pursuer,0.435,0.462,0.161,0.158,0.00
7137,Pursuer,0.435,0.462,0.104,0.121,0.00
7138,Runner,0.435,0.462,0.123,0.125,2.86
7139,Runner,0.435,0.462,0.133,0.119,0.00
7140,Runner,0.435,0.462,0.137,0.146,0.00
7141,Pursuer,0.435,0.462,0.156,0.154,0.00
7142,Runner,0.435,0.462,0.106,0.136,0.26
7143,Pursuer,0.435,0.462,0.150,0.179,0.00
7144,Runner,0.435,0.462,0.166,0.155,0.06
7145,Pursuer,0.435,0.462,0.140,0.128,0.00
7146,Pursuer,0.435,0.462,0.157,0.127,0.00
7147,Pursuer,0.435,0.462,0.221,0.146,0.00
7148,Pursuer,0.435,0.463,0.138,0.122,0.00
7149,Runner,0.435,0.462,0.109,0.105,0.68
7150,Pursuer,0.435,0.463,0.141,0.116,0.00
7151,Runner,0.435,0.462,0.137,0.136,0.00
7152,Runner,0.435,0.462,0.150,0.134,1.32
7153,Pursuer,0.435,0.462,0.000,0.000,0.00
7154,Pursuer,0.435,0.463,0.119,0.119,0.00
7155,Runner,0.435,0.462,0.145,0.116,0.00
7156,Runner,0.435,0.462,0.145,0.128,1.90
7157,Pursuer,0.435,0.462,0.146,0.125,0.00
7158,Pursuer,0.435,0.463,0.132,0.129,0.00
7159,Pursuer,0.435,0.463,0.117,0.157,0.00
7160,Pursuer,0.435,0.463,0.157,0.121,0.00
7161,Pursuer,0.435,0.463,0.135,0.108,0.00
7162,Runner,0.435,0.463,0.000,0.000,0.00
7163,Runner,0.435,0.463,0.150,0.150,0.00
7164,Runner,0.435,0.463,0.325,0.300,0.12
7165,Runner,0.435,0.463,0.170,0.131,1.10
7166,Pursuer,0.435,0.463,0.172,0.074,0.00
7167,Pursuer,0.435,0.463,0.122,0.127,0.00
7168,Runner,0.435,0.463,0.098,0.154,0.00
7169,Runner,0.435,0.463,0.156,0.146,0.88
7170,Pursuer,0.435,0.463,0.000,0.000,0.00
7171,Pursuer,0.435,0.463,0.126,0.154,0.00
7172,Pursuer,0.435,0.463,0.145,0.120,0.00
7173,Pursuer,0.435,0.463,0.142,0.090,0.00
7174,Runner,0.435,0.463,0.151,0.154,0.00
7175,Runner,0.435,0.463,0.131,0.122,3.72
7176,Runner,0.435,0.463,0.143,0.152,1.16
7177,Runner,0.435,0.463,0.129,0.142,0.00
7178,Runner,0.435,0.463,0.123,0.145,0.06
7179,Runner,0.436,0.462,0.166,0.100,0.00
7180,Pursuer,0.436,0.463,0.146,0.131,0.00
7181,Runner,0.436,0.462,0.120,0.125,0.44
7182,Pursuer,0.436,0.463,0.160,0.134,0.00
7183,Runner,0.436,0.462,0.133,0.138,3.08
7184,Pursuer,0.436,0.463,0.128,0.102,0.00
7185,Runner,0.436,0.462,0.000,0.000,0.00
7186,Pursuer,0.436,0.463,0.154,0.112,0.00
7187,Runner,0.436,0.463,0.107,0.144,0.82
7188,Pursuer,0.436,0.463,0.177,0.145,0.00
7189,Runner,0.436,0.463,0.119,0.140,0.00
7190,Runner,0.436,0.462,0.141,0.105,0.00
7191,Runner,0.436,0.462,0.120,0.159,2.00
7192,Pursuer,0.436,0.462,0.151,0.127,0.00
7193,Pursuer,0.436,0.463,0.105,0.131,0.00
7194,Runner,0.436,0.462,0.114,0.130,2.20
7195,Pursuer,0.436,0.463,0.123,0.137,0.00
7196,Pursuer,0.436,0.463,0.130,0.149,0.00
7197,Draw,0.436,0.463,0.149,0.143,10.90
7198,Runner,0.436,0.462,0.130,0.151,0.00
7199,Pursuer,0.436,0.463,0.149,0.162,0.00
7200,Runner,0.436,0.463,0.173,0.126,0.00
7201,Runner,0.436,0.462,0.125,0.146,0.00
7202,Pursuer,0.436,0.463,0.179,0.121,0.00
7203,Runner,0.436,0.462,0.150,0.163,0.72
7204,Runner,0.436,0.462,0.127,0.128,2.04
7205,Runner,0.436,0.462,0.141,0.136,0.00
7206,Runner,0.436,0.462,0.134,0.127,2.52
7207,Pursuer,0.436,0.462,0.135,0.133,0.00
7208,Runner,0.436,0.462,0.125,0.137,10.08
7209,Runner,0.436,0.462,0.135,0.126,0.48
7210,Runner,0.436,0.462,0.141,0.114,0.00
7211,Pursuer,0.436,0.462,0.139,0.151,0.00
7212,Pursuer,0.436,0.462,0.133,0.145,0.00
7213,Pursuer,0.436,0.462,0.140,0.163,0.00
7214,Pursuer,0.436,0.462,0.113,0.089,0.00
7215,Draw,0.436,0.462,0.149,0.125,16.34
7216,Pursuer,0.436,0.462,0.150,0.113,0.00
7217,Runner,0.436,0.462,0.124,0.165,0.00
7218,Runner,0.436,0.462,0.126,0.123,0.00
7219,Pursuer,0.436,0.462,0.142,0.124,0.00
7220,Runner,0.436,0.462,0.119,0.129,2.32
7221,Pursuer,0.436,0.462,0.122,0.123,0.00
7222,Runner,0.436,0.462,0.119,0.137,0.00
7223,Runner,0.436,0.462,0.144,0.147,0.82
7224,Pursuer,0.436,0.462,0.145,0.161,0.00
7225,Pursuer,0.436,0.462,0.147,0.113,0.00
7226,Pursuer,0.436,0.462,0.141,0.133,0.00
7227,Pursuer,0.436,0.463,0.078,0.163,0.00
7228,Runner,0.436,0.463,0.182,0.122,0.20
7229,Runner,0.436,0.462,0.142,0.163,0.62
7230,Runner,0.436,0.462,0.108,0.136,1.10
7231,Pursuer,0.436,0.462,0.155,0.143,0.00
7232,Pursuer,0.436,0.463,0.119,0.171,0.00
7233,Runner,0.436,0.462,0.124,0.110,0.00
7234,Pursuer,0.436,0.463,0.154,0.178,0.00
7235,Pursuer,0.436,0.463,0.117,0.137,0.00
7236,Pursuer,0.436,0.463,0.130,0.119,0.00
7237,Runner,0.436,0.463,0.172,0.135,2.62
7238,Runner,0.436,0.463,0.155,0.139,0.58
7239,Pursuer,0.436,0.463,0.149,0.141,0.00
7240,Runner,0.436,0.463,0.159,0.133,0.00
7241,Pursuer,0.436,0.463,0.147,0.147,0.00
7242,Draw,0.436,0.463,0.154,0.144,19.98
7243,Pursuer,0.436,0.463,0.100,0.138,0.00
7244,Runner,0.436,0.463,0.134,0.123,0.00
7245,Pursuer,0.436,0.463,0.136,0.147,0.00
7246,Runner,0.436,0.463,0.123,0.145,5.88
7247,Runner,0.436,0.463,0.000,0.000,0.00
7248,Draw,0.436,0.462,0.140,0.145,17.06
7249,Runner,0.436,0.462,0.147,0.127,0.68
7250,Pursuer,0.436,0.462,0.103,0.131,0.00
7251,Pursuer,0.436,0.463,0.300,0.510,0.00
7252,Runner,0.436,0.462,0.133,0.139,2.72
7253,Runner,0.436,0.462,0.139,0.137,3.56
7254,Pursuer,0.436,0.463,0.144,0.138,0.00
7255,Pursuer,0.436,0.463,0.113,0.102,0.00
7256,Pursuer,0.436,0.463,0.158,0.120,0.00
7257,Runner,0.436,0.463,0.136,0.122,0.00
7258,Pursuer,0.436,0.463,0.124,0.157,0.00
7259,Runner,0.436,0.463,0.137,0.146,1.38
7260,Pursuer,0.436,0.463,0.153,0.131,0.00
7261,Runner,0.436,0.463,0.096,0.156,0.34
7262,Runner,0.436,0.463,0.161,0.144,0.00
7263,Pursuer,0.436,0.463,0.120,0.091,0.00
7264,Runner,0.436,0.463,0.156,0.163,1.58
7265,Runner,0.436,0.462,0.128,0.136,1.70
7266,Runner,0.436,0.462,0.122,0.160,2.46
7267,Runner,0.436,0.462,0.112,0.115,0.00
7268,Runner,0.436,0.462,0.119,0.129,1.30
7269,Runner,0.437,0.462,0.121,0.131,0.00
7270,Runner,0.437,0.462,0.147,0.102,0.00
7271,Runner,0.437,0.462,0.166,0.142,0.60
7272,Runner,0.437,0.462,0.103,0.113,0.64
7273,Runner,0.437,0.462,0.153,0.165,0.00
7274,Pursuer,0.437,0.462,0.093,0.126,0.00
7275,Pursuer,0.437,0.462,0.139,0.145,0.00
7276,Runner,0.437,0.462,0.110,0.121,0.00
7277,Pursuer,0.437,0.462,0.113,0.099,0.00
7278,Runner,0.437,0.462,0.000,0.000,0.00
7279,Runner,0.437,0.462,0.127,0.152,2.32
7280,Pursuer,0.437,0.462,0.148,0.116,0.00
7281,Pursuer,0.437,0.462,0.146,0.120,0.00
7282,Pursuer,0.437,0.462,0.161,0.120,0.00
7283,Runner,0.437,0.462,0.122,0.138,1.52
7284,Pursuer,0.437,0.462,0.132,0.141,0.00
7285,Pursuer,0.437,0.462,0.122,0.125,0.00
7286,Runner,0.437,0.462,0.145,0.155,4.58
7287,Pursuer,0.437,0.462,0.000,0.000,0.00
7288,Runner,0.437,0.462,0.126,0.124,0.00
7289,Pursuer,0.437,0.462,0.135,0.145,0.00
7290,Runner,0.437,0.462,0.116,0.122,0.00
7291,Pursuer,0.437,0.462,0.121,0.115,0.00
7292,Pursuer,0.437,0.462,0.155,0.128,0.00
7293,Pursuer,0.437,0.462,0.136,0.135,0.00
7294,Draw,0.437,0.462,0.137,0.134,8.32
7295,Runner,0.437,0.462,0.129,0.150,0.34
7296,Pursuer,0.437,0.462,0.146,0.133,0.00
7297,Pursuer,0.436,0.463,0.128,0.134,0.00
7298,Runner,0.437,0.462,0.143,0.113,0.22
7299,Draw,0.436,0.462,0.107,0.159,17.72
7300,Pursuer,0.436,0.462,0.145,0.107,0.00
7301,Pursuer,0.436,0.463,0.138,0.148,0.00
7302,Runner,0.436,0.462,0.189,0.144,0.78
7303,Pursuer,0.436,0.463,0.123,0.135,0.00
7304,Runner,0.436,0.462,0.129,0.128,1.50
7305,Pursuer,0.436,0.463,0.155,0.116,0.00
7306,Pursuer,0.436,0.463,0.121,0.147,0.00
7307,Pursuer,0.436,0.463,0.124,0.117,0.00
7308,Pursuer,0.436,0.463,0.074,0.048,0.00
7309,Runner,0.436,0.463,0.139,0.099,0.00
7310,Pursuer,0.436,0.463,0.091,0.134,0.00
7311,Pursuer,0.436,0.463,0.140,0.115,0.00
7312,Pursuer,0.436,0.463,0.122,0.102,0.00
7313,Runner,0.436,0.463,0.134,0.127,4.34
7314,Runner,0.436,0.463,0.165,0.192,0.62
7315,Pursuer,0.436,0.463,0.150,0.129,0.00
7316,Pursuer,0.436,0.463,0.130,0.138,0.00
7317,Runner,0.436,0.463,0.118,0.143,1.66
7318,Pursuer,0.436,0.463,0.122,0.141,0.00
7319,Runner,0.436,0.463,0.131,0.113,2.28
7320,Pursuer,0.436,0.463,0.167,0.132,0.00
7321,Pursuer,0.436,0.463,0.154,0.128,0.00
7322,Pursuer,0.436,0.463,0.140,0.155,0.00
7323,Runner,0.436,0.463,0.145,0.143,0.00
7324,Runner,0.436,0.463,0.122,0.130,0.44
7325,Runner,0.436,0.463,0.191,0.167,0.00
7326,Pursuer,0.436,0.463,0.090,0.142,0.00
7327,Runner,0.436,0.463,0.115,0.149,3.02
7328,Pursuer,0.436,0.463,0.122,0.114,0.00
7329,Runner,0.436,0.463,0.131,0.132,1.10
7330,Runner,0.436,0.463,0.118,0.145,0.08
7331,Runner,0.437,0.463,0.138,0.110,1.80
7332,Runner,0.437,0.463,0.086,0.159,0.62
7333,Pursuer,0.437,0.463,0.114,0.148,0.00
7334,Pursuer,0.436,0.463,0.154,0.131,0.00
7335,Runner,0.437,0.463,0.117,0.142,0.00
7336,Runner,0.437,0.463,0.168,0.112,0.88
7337,Pursuer,0.437,0.463,0.135,0.124,0.00
7338,Runner,0.437,0.463,0.139,0.099,2.34
7339,Runner,0.437,0.463,0.000,0.000,0.00
7340,Runner,0.437,0.463,0.153,0.153,3.20
7341,Runner,0.437,0.463,0.117,0.157,2.00
7342,Runner,0.437,0.463,0.160,0.129,2.72
7343,Runner,0.437,0.462,0.128,0.151,0.00
7344,Runner,0.437,0.462,0.137,0.131,6.58
7345,Pursuer,0.437,0.462,0.137,0.127,0.00
7346,Runner,0.437,0.462,0.091,0.151,0.00
7347,Runner,0.437,0.462,0.116,0.147,1.32
7348,Pursuer,0.437,0.462,0.129,0.133,0.00
7349,Runner,0.437,0.462,0.136,0.133,0.22
7350,Runner,0.437,0.462,0.146,0.140,0.00
7351,Pursuer,0.437,0.462,0.143,0.145,0.00
7352,Pursuer,0.437,0.462,0.135,0.147,0.00
7353,Runner,0.437,0.462,0.000,0.000,0.00
7354,Runner,0.437,0.462,0.131,0.116,0.08
7355,Pursuer,0.437,0.462,0.120,0.128,0.00
7356,Runner,0.437,0.462,0.153,0.156,3.74
7357,Pursuer,0.437,0.462,0.147,0.134,0.00
7358,Pursuer,0.437,0.462,0.128,0.158,0.00
7359,Pursuer,0.437,0.463,0.122,0.140,0.00
7360,Runner,0.437,0.463,0.106,0.155,0.36
7361,Pursuer,0.437,0.463,0.110,0.117,0.00
7362,Draw,0.437,0.463,0.127,0.152,17.74
7363,Pursuer,0.437,0.463,0.085,0.153,0.00
7364,Runner,0.437,0.463,0.130,0.129,0.00
7365,Pursuer,0.437,0.463,0.159,0.123,0.00
7366,Runner,0.437,0.463,0.170,0.118,0.22
7367,Pursuer,0.437,0.463,0.148,0.149,0.00
7368,Pursuer,0.437,0.463,0.116,0.162,0.00
7369,Pursuer,0.437,0.463,0.162,0.128,0.00
7370,Runner,0.437,0.463,0.142,0.145,0.00
7371,Runner,0.437,0.463,0.145,0.169,0.00
7372,Runner,0.437,0.463,0.120,0.108,0.64
7373,Runner,0.437,0.462,0.139,0.131,1.30
7374,Runner,0.437,0.462,0.118,0.127,0.00
7375,Pursuer,0.437,0.463,0.172,0.164,0.00
7376,Runner,0.437,0.462,0.174,0.123,0.00
7377,Pursuer,0.437,0.463,0.119,0.119,0.00
7378,Runner,0.437,0.462,0.112,0.152,0.00
7379,Pursuer,0.437,0.463,0.117,0.127,0.00
7380,Runner,0.437,0.462,0.140,0.136,10.14
7381,Runner,0.437,0.462,0.118,0.142,6.04
7382,Pursuer,0.437,0.462,0.140,0.131,0.00
7383,Runner,0.437,0.462,0.153,0.148,0.00
7384,Pursuer,0.437,0.462,0.086,0.151,0.00
7385,Runner,0.438,0.462,0.120,0.132,0.08
7386,Pursuer,0.437,0.462,0.130,0.124,0.00
7387,Draw,0.437,0.462,0.148,0.151,15.24
7388,Runner,0.437,0.462,0.104,0.112,0.00
7389,Pursuer,0.437,0.462,0.153,0.142,0.00
7390,Pursuer,0.437,0.463,0.125,0.140,0.00
7391,Runner,0.437,0.462,0.145,0.130,0.00
7392,Runner,0.438,0.462,0.124,0.135,4.00
7393,Runner,0.438,0.462,0.119,0.114,0.00
7394,Pursuer,0.438,0.462,0.136,0.118,0.00
7395,Runner,0.438,0.462,0.120,0.157,0.00
7396,Runner,0.438,0.462,0.108,0.162,1.30
7397,Runner,0.438,0.462,0.149,0.148,0.00
7398,Runner,0.438,0.462,0.141,0.131,0.00
7399,Pursuer,0.438,0.462,0.113,0.144,0.00
7400,Runner,0.438,0.462,0.131,0.145,1.68
7401,Pursuer,0.438,0.462,0.150,0.110,0.00
7402,Runner,0.438,0.462,0.138,0.148,1.74
7403,Pursuer,0.438,0.462,0.000,0.000,0.00
7404,Runner,0.438,0.462,0.118,0.134,0.00
7405,Pursuer,0.438,0.462,0.139,0.361,0.00
7406,Pursuer,0.438,0.462,0.130,0.119,0.00
7407,Runner,0.438,0.462,0.148,0.154,0.00
7408,Runner,0.438,0.462,0.122,0.109,0.00
7409,Runner,0.438,0.462,0.135,0.153,5.94
7410,Runner,0.438,0.462,0.094,0.119,0.00
7411,Pursuer,0.438,0.462,0.128,0.119,0.00
7412,Runner,0.438,0.462,0.135,0.144,0.00
7413,Runner,0.438,0.462,0.150,0.099,0.00
7414,Pursuer,0.438,0.462,0.137,0.142,0.00
7415,Runner,0.438,0.462,0.092,0.139,0.00
7416,Runner,0.438,0.462,0.157,0.150,2.14
7417,Pursuer,0.438,0.462,0.089,0.051,0.00
7418,Runner,0.438,0.462,0.107,0.131,3.82
7419,Pursuer,0.438,0.462,0.134,0.127,0.00
7420,Draw,0.438,0.462,0.128,0.133,0.00
7421,Runner,0.438,0.462,0.160,0.114,0.00
7422,Runner,0.438,0.462,0.132,0.151,0.00
7423,Runner,0.438,0.462,0.154,0.146,0.06
7424,Runner,0.438,0.462,0.153,0.140,0.56
7425,Runner,0.439,0.462,0.140,0.121,0.00
7426,Runner,0.439,0.462,0.124,0.127,1.48
7427,Pursuer,0.439,0.462,0.153,0.170,0.00
7428,Pursuer,0.438,0.462,0.217,0.126,0.00
7429,Pursuer,0.438,0.462,0.141,0.124,0.00
7430,Runner,0.438,0.462,0.179,0.145,1.28
7431,Pursuer,0.438,0.462,0.120,0.160,0.00
7432,Runner,0.439,0.462,0.145,0.141,0.00
7433,Pursuer,0.438,0.462,0.125,0.141,0.00
7434,Pursuer,0.438,0.462,0.138,0.107,0.00
7435,Runner,0.438,0.462,0.149,0.123,3.44
7436,Runner,0.439,0.462,0.085,0.101,0.00
7437,Pursuer,0.438,0.462,0.119,0.124,0.00
7438,Runner,0.439,0.462,0.114,0.149,1.26
7439,Pursuer,0.438,0.462,0.128,0.117,0.00
7440,Pursuer,0.438,0.462,0.168,0.126,0.00
7441,Runner,0.439,0.462,0.126,0.136,0.00
7442,Draw,0.438,0.462,0.133,0.143,17.74
7443,Pursuer,0.438,0.462,0.120,0.121,0.00
7444,Pursuer,0.438,0.462,0.239,0.105,0.00
7445,Runner,0.438,0.462,0.138,0.131,0.00
7446,Runner,0.438,0.462,0.126,0.124,2.20
7447,Runner,0.439,0.462,0.145,0.119,0.00
7448,Pursuer,0.439,0.462,0.122,0.115,0.00
7449,Pursuer,0.438,0.462,0.106,0.115,0.00
7450,Draw,0.438,0.462,0.141,0.138,14.48
7451,Runner,0.438,0.462,0.135,0.144,6.22
7452,Pursuer,0.438,0.462,0.000,0.000,0.00
7453,Pursuer,0.438,0.462,0.117,0.121,0.00
7454,Pursuer,0.438,0.462,0.144,0.155,0.00
7455,Draw,0.438,0.462,0.127,0.140,0.00
7456,Pursuer,0.438,0.462,0.147,0.138,0.00
7457,Pursuer,0.438,0.462,0.135,0.131,0.00
7458,Pursuer,0.438,0.462,0.149,0.133,0.00
7459,Runner,0.438,0.462,0.190,0.175,0.74
7460,Runner,0.438,0.462,0.179,0.119,0.00
7461,Runner,0.438,0.462,0.130,0.127,3.44
7462,Pursuer,0.438,0.462,0.152,0.150,0.00
7463,Pursuer,0.438,0.462,0.114,0.143,0.00
7464,Pursuer,0.438,0.462,0.133,0.127,0.00
7465,Runner,0.438,0.462,0.122,0.126,0.00
7466,Pursuer,0.438,0.462,0.119,0.157,0.00
7467,Pursuer,0.438,0.462,0.126,0.162,0.00
7468,Pursuer,0.438,0.462,0.131,0.135,0.00
7469,Draw,0.438,0.462,0.138,0.145,19.98
7470,Pursuer,0.438,0.462,0.156,0.153,0.00
7471,Pursuer,0.438,0.462,0.130,0.112,0.00
7472,Runner,0.438,0.462,0.130,0.147,2.92
7473,Pursuer,0.438,0.462,0.123,0.126,0.00
7474,Pursuer,0.438,0.463,0.163,0.137,0.00
7475,Pursuer,0.438,0.463,0.124,0.196,0.00
7476,Runner,0.438,0.463,0.119,0.131,0.00
7477,Pursuer,0.438,0.463,0.111,0.129,0.00
7478,Runner,0.438,0.463,0.134,0.144,3.48
7479,Pursuer,0.438,0.463,0.129,0.141,0.00
7480,Runner,0.438,0.463,0.120,0.159,5.64
7481,Pursuer,0.438,0.463,0.150,0.121,0.00
7482,Pursuer,0.438,0.463,0.121,0.149,0.00
7483,Pursuer,0.438,0.463,0.151,0.128,0.00
7484,Pursuer,0.438,0.463,0.126,0.160,0.00
7485,Pursuer,0.438,0.463,0.115,0.129,0.00
7486,Pursuer,0.437,0.463,0.117,0.162,0.00
7487,Runner,0.438,0.463,0.125,0.118,1.02
7488,Runner,0.438,0.463,0.111,0.204,0.00
7489,Pursuer,0.438,0.463,0.130,0.144,0.00
7490,Draw,0.438,0.463,0.159,0.160,17.60
7491,Pursuer,0.437,0.463,0.118,0.102,0.00
7492,Pursuer,0.437,0.463,0.140,0.128,0.00
7493,Runner,0.437,0.463,0.117,0.136,2.22
7494,Runner,0.438,0.463,0.120,0.143,4.58
7495,Runner,0.438,0.463,0.125,0.120,0.00
7496,Runner,0.438,0.463,0.118,0.135,0.20
7497,Runner,0.438,0.463,0.133,0.129,0.00
7498,Pursuer,0.438,0.463,0.131,0.125,0.00
7499,Pursuer,0.438,0.463,0.000,0.000,0.00
7500,Pursuer,0.438,0.463,0.128,0.112,0.00
7501,Runner,0.438,0.463,0.117,0.147,0.00
7502,Runner,0.438,0.463,0.137,0.143,0.00
7503,Pursuer,0.438,0.463,0.144,0.110,0.00
7504,Runner,0.438,0.463,0.139,0.155,0.40
7505,Pursuer,0.438,0.463,0.000,0.000,0.00
7506,Runner,0.438,0.463,0.483,0.175,0.00
7507,Pursuer,0.438,0.463,0.155,0.136,0.00
7508,Pursuer,0.438,0.463,0.136,0.126,0.00
7509,Pursuer,0.438,0.463,0.157,0.124,0.00
7510,Draw,0.438,0.463,0.146,0.144,14.66
7511,Pursuer,0.437,0.463,0.153,0.185,0.00
7512,Runner,0.438,0.463,0.137,0.135,0.00
7513,Pursuer,0.438,0.463,0.000,0.000,0.00
7514,Runner,0.438,0.463,0.142,0.127,0.00
7515,Runner,0.438,0.463,0.092,0.174,0.62
7516,Runner,0.438,0.463,0.126,0.128,0.86
7517,Pursuer,0.438,0.463,0.155,0.131,0.00
7518,Pursuer,0.438,0.463,0.140,0.154,0.00
7519,Runner,0.438,0.463,0.159,0.095,0.00
7520,Pursuer,0.438,0.463,0.129,0.142,0.00
7521,Runner,0.438,0.463,0.131,0.124,4.20
7522,Runner,0.438,0.463,0.105,0.155,4.00
7523,Runner,0.438,0.463,0.188,0.113,0.00
7524,Draw,0.438,0.463,0.145,0.142,19.64
7525,Runner,0.438,0.463,0.129,0.140,0.00
7526,Pursuer,0.438,0.463,0.126,0.151,0.00
7527,Pursuer,0.438,0.463,0.163,0.135,0.00
7528,Pursuer,0.438,0.463,0.142,0.156,0.00
7529,Pursuer,0.438,0.463,0.000,0.000,0.00
7530,Runner,0.438,0.463,0.132,0.154,1.34
7531,Runner,0.438,0.463,0.123,0.131,2.26
7532,Runner,0.438,0.463,0.140,0.116,1.94
7533,Draw,0.438,0.463,0.148,0.133,17.86
7534,Pursuer,0.438,0.463,0.122,0.160,0.00
7535,Runner,0.438,0.463,0.125,0.115,0.00
7536,Pursuer,0.438,0.463,0.112,0.135,0.00
7537,Pursuer,0.438,0.463,0.088,0.045,0.00
7538,Runner,0.438,0.463,0.096,0.131,0.00
7539,Runner,0.438,0.463,0.134,0.147,0.00
7540,Runner,0.438,0.463,0.128,0.130,3.12
7541,Runner,0.438,0.463,0.156,0.126,0.00
7542,Runner,0.438,0.463,0.131,0.147,0.00
7543,Pursuer,0.438,0.463,0.146,0.147,0.00
7544,Pursuer,0.438,0.463,0.140,0.120,0.00
7545,Runner,0.438,0.463,0.134,0.116,0.00
7546,Runner,0.438,0.463,0.000,0.000,0.06
7547,Runner,0.438,0.463,0.141,0.124,0.00
7548,Runner,0.438,0.463,0.134,0.130,0.00
7549,Runner,0.438,0.462,0.123,0.128,2.32
7550,Pursuer,0.438,0.463,0.138,0.129,0.00
7551,Runner,0.438,0.462,0.148,0.173,0.00
7552,Runner,0.438,0.462,0.156,0.107,0.18
7553,Pursuer,0.438,0.462,0.100,0.084,0.00
7554,Pursuer,0.438,0.463,0.115,0.113,0.00
7555,Runner,0.438,0.462,0.120,0.121,0.24
7556,Pursuer,0.438,0.463,0.155,0.147,0.00
7557,Pursuer,0.438,0.463,0.129,0.147,0.00
7558,Runner,0.438,0.463,0.130,0.141,1.78
7559,Draw,0.438,0.462,0.143,0.155,19.98
7560,Runner,0.438,0.462,0.000,0.000,0.00
7561,Pursuer,0.438,0.463,0.153,0.174,0.00
7562,Runner,0.438,0.462,0.130,0.153,6.78
7563,Pursuer,0.438,0.463,0.000,0.000,0.00
7564,Pursuer,0.438,0.463,0.131,0.124,0.00
7565,Pursuer,0.438,0.463,0.149,0.124,0.00
7566,Runner,0.438,0.463,0.133,0.147,0.00
7567,Pursuer,0.438,0.463,0.143,0.135,0.00
7568,Pursuer,0.438,0.463,0.189,0.084,0.00
7569,Pursuer,0.438,0.463,0.153,0.135,0.00
7570,Runner,0.438,0.463,0.116,0.166,0.00
7571,Runner,0.438,0.463,0.185,0.122,0.00
7572,Pursuer,0.438,0.463,0.137,0.133,0.00
7573,Runner,0.438,0.463,0.170,0.146,2.34
7574,Pursuer,0.438,0.463,0.105,0.124,0.00
7575,Pursuer,0.438,0.463,0.161,0.116,0.00
7576,Runner,0.438,0.463,0.130,0.132,4.28
7577,Draw,0.438,0.463,0.132,0.143,16.86
7578,Pursuer,0.438,0.463,0.129,0.112,0.00
7579,Pursuer,0.438,0.463,0.130,0.152,0.00
7580,Pursuer,0.438,0.463,0.166,0.132,0.00
7581,Pursuer,0.438,0.463,0.216,0.173,0.00
7582,Runner,0.438,0.463,0.141,0.103,0.00
7583,Pursuer,0.438,0.463,0.129,0.154,0.00
7584,Pursuer,0.438,0.463,0.129,0.123,0.00
7585,Pursuer,0.438,0.463,0.131,0.125,0.00
7586,Runner,0.438,0.463,0.107,0.141,0.00
7587,Pursuer,0.438,0.463,0.111,0.207,0.00
7588,Runner,0.438,0.463,0.154,0.137,1.54
7589,Runner,0.438,0.463,0.154,0.163,0.00
7590,Runner,0.438,0.463,0.137,0.192,0.00
7591,Runner,0.438,0.463,0.162,0.124,1.34
7592,Pursuer,0.438,0.463,0.131,0.133,0.00
7593,Runner,0.438,0.463,0.136,0.123,0.00
7594,Pursuer,0.438,0.463,0.148,0.130,0.00
7595,Pursuer,0.438,0.463,0.137,0.135,0.00
7596,Runner,0.438,0.463,0.000,0.000,0.00
7597,Pursuer,0.438,0.463,0.000,0.000,0.00
7598,Pursuer,0.438,0.463,0.124,0.136,0.00
7599,Pursuer,0.438,0.463,0.137,0.127,0.00
7600,Pursuer,0.438,0.463,0.129,0.157,0.00
7601,Pursuer,0.438,0.463,0.155,0.138,0.00
7602,Runner,0.438,0.463,0.153,0.145,6.18
7603,Runner,0.438,0.463,0.107,0.200,0.00
7604,Pursuer,0.438,0.463,0.146,0.115,0.00
7605,Runner,0.438,0.463,0.131,0.153,1.18
7606,Pursuer,0.438,0.463,0.138,0.125,0.00
7607,Pursuer,0.438,0.463,0.098,0.138,0.00
7608,Runner,0.438,0.463,0.144,0.131,0.16
7609,Pursuer,0.438,0.463,0.133,0.123,0.00
7610,Pursuer,0.438,0.463,0.043,0.128,0.00
7611,Runner,0.438,0.463,0.141,0.140,6.34
7612,Pursuer,0.438,0.463,0.127,0.132,0.00
7613,Pursuer,0.438,0.464,0.169,0.143,0.00
7614,Runner,0.438,0.463,0.160,0.170,0.62
7615,Pursuer,0.438,0.464,0.127,0.153,0.00
7616,Pursuer,0.438,0.464,0.247,0.085,0.00
7617,Runner,0.438,0.464,0.115,0.141,0.52
7618,Pursuer,0.438,0.464,0.169,0.115,0.00
7619,Pursuer,0.438,0.464,0.149,0.070,0.00
7620,Pursuer,0.438,0.464,0.136,0.168,0.00
7621,Pursuer,0.438,0.464,0.084,0.087,0.00
7622,Runner,0.438,0.464,0.125,0.127,0.00
7623,Draw,0.438,0.464,0.131,0.150,15.44
7624,Runner,0.438,0.464,0.125,0.205,0.54
7625,Pursuer,0.438,0.464,0.000,0.000,0.00
7626,Pursuer,0.438,0.464,0.114,0.110,0.00
7627,Runner,0.438,0.464,0.136,0.141,4.04
7628,Runner,0.438,0.464,0.146,0.143,0.00
7629,Runner,0.438,0.464,0.129,0.163,3.90
7630,Runner,0.438,0.464,0.137,0.171,0.00
7631,Pursuer,0.438,0.464,0.122,0.114,0.00
7632,Runner,0.438,0.464,0.125,0.153,0.00
7633,Runner,0.438,0.464,0.132,0.122,0.00
7634,Pursuer,0.438,0.464,0.122,0.112,0.00
7635,Runner,0.438,0.464,0.097,0.157,0.00
7636,Pursuer,0.438,0.464,0.177,0.120,0.00
7637,Runner,0.438,0.464,0.107,0.158,2.74
7638,Pursuer,0.438,0.464,0.163,0.129,0.00
7639,Runner,0.438,0.464,0.110,0.122,0.00
7640,Pursuer,0.438,0.464,0.164,0.141,0.00
7641,Pursuer,0.438,0.464,0.155,0.110,0.00
7642,Pursuer,0.438,0.464,0.120,0.154,0.00
7643,Runner,0.438,0.464,0.130,0.144,2.54
7644,Pursuer,0.438,0.464,0.103,0.120,0.00
7645,Pursuer,0.438,0.464,0.128,0.137,0.00
7646,Runner,0.438,0.464,0.153,0.144,0.00
7647,Pursuer,0.438,0.464,0.118,0.139,0.00
7648,Runner,0.438,0.464,0.118,0.133,0.78
7649,Pursuer,0.438,0.464,0.130,0.158,0.00
7650,Runner,0.438,0.464,0.136,0.144,2.02
7651,Pursuer,0.438,0.464,0.000,0.000,0.00
7652,Pursuer,0.438,0.464,0.126,0.152,0.00
7653,Runner,0.438,0.464,0.125,0.135,1.90
7654,Runner,0.438,0.464,0.135,0.143,3.42
7655,Runner,0.438,0.464,0.121,0.097,0.64
7656,Pursuer,0.438,0.464,0.083,0.156,0.00
7657,Runner,0.438,0.464,0.151,0.137,0.00
7658,Runner,0.438,0.464,0.122,0.134,3.06
7659,Pursuer,0.438,0.464,0.129,0.101,0.00
7660,Runner,0.438,0.464,0.000,0.000,0.00
7661,Pursuer,0.438,0.464,0.101,0.145,0.00
7662,Pursuer,0.438,0.464,0.104,0.169,0.00
7663,Runner,0.438,0.464,0.000,0.000,0.02
7664,Pursuer,0.438,0.464,0.130,0.129,0.00
7665,Runner,0.438,0.464,0.159,0.136,0.26
7666,Runner,0.438,0.464,0.114,0.146,1.76
7667,Runner,0.438,0.464,0.121,0.123,0.00
7668,Pursuer,0.438,0.464,0.138,0.130,0.00
7669,Draw,0.438,0.464,0.159,0.143,17.20
7670,Pursuer,0.438,0.464,0.136,0.116,0.00
7671,Pursuer,0.438,0.464,0.150,0.120,0.00
7672,Runner,0.438,0.464,0.138,0.151,0.00
7673,Pursuer,0.438,0.464,0.287,0.201,0.00
7674,Pursuer,0.438,0.464,0.144,0.143,0.00
7675,Pursuer,0.438,0.464,0.000,0.000,0.00
7676,Runner,0.438,0.464,0.272,0.453,0.00
7677,Runner,0.438,0.464,0.123,0.122,0.00
7678,Pursuer,0.438,0.464,0.135,0.109,0.00
7679,Pursuer,0.438,0.464,0.131,0.138,0.00
7680,Runner,0.438,0.464,0.105,0.128,0.62
7681,Runner,0.438,0.464,0.127,0.123,0.12
7682,Runner,0.438,0.464,0.133,0.162,0.00
7683,Runner,0.438,0.464,0.115,0.119,0.50
7684,Pursuer,0.438,0.464,0.138,0.141,0.00
7685,Pursuer,0.438,0.464,0.315,0.787,0.00
7686,Pursuer,0.438,0.464,0.139,0.135,0.00
7687,Pursuer,0.438,0.464,0.146,0.123,0.00
7688,Runner,0.438,0.464,0.114,0.127,0.00
7689,Runner,0.438,0.464,0.130,0.128,4.06
7690,Runner,0.438,0.464,0.131,0.141,0.00
7691,Pursuer,0.438,0.464,0.113,0.123,0.00
7692,Runner,0.438,0.464,0.118,0.106,0.00
7693,Pursuer,0.438,0.464,0.130,0.117,0.00
7694,Runner,0.438,0.464,0.118,0.147,0.00
7695,Runner,0.438,0.464,0.100,0.147,0.00
7696,Pursuer,0.438,0.464,0.000,0.000,0.00
7697,Runner,0.438,0.464,0.136,0.119,0.06
7698,Runner,0.438,0.464,0.134,0.122,0.00
7699,Runner,0.438,0.464,0.138,0.133,0.00
7700,Runner,0.439,0.464,0.125,0.096,0.00
7701,Runner,0.439,0.464,0.123,0.110,0.00
7702,Pursuer,0.439,0.464,0.143,0.129,0.00
7703,Pursuer,0.439,0.464,0.136,0.137,0.00
7704,Runner,0.439,0.464,0.131,0.119,0.00
7705,Runner,0.439,0.464,0.156,0.136,0.00
7706,Pursuer,0.439,0.464,0.448,0.228,0.00
7707,Pursuer,0.439,0.464,0.162,0.140,0.00
7708,Runner,0.439,0.464,0.000,0.000,0.00
7709,Pursuer,0.439,0.464,0.159,0.101,0.00
7710,Pursuer,0.439,0.464,0.125,0.101,0.00
7711,Pursuer,0.438,0.464,0.124,0.118,0.00
7712,Runner,0.439,0.464,0.089,0.135,3.40
7713,Runner,0.439,0.464,0.126,0.154,2.24
7714,Pursuer,0.439,0.464,0.160,0.142,0.00
7715,Pursuer,0.438,0.464,0.129,0.115,0.00
7716,Pursuer,0.438,0.464,0.118,0.147,0.00
7717,Pursuer,0.438,0.464,0.148,0.126,0.00
7718,Runner,0.438,0.464,0.135,0.137,2.64
7719,Pursuer,0.438,0.464,0.140,0.146,0.00
7720,Runner,0.438,0.464,0.120,0.138,0.54
7721,Pursuer,0.438,0.464,0.129,0.134,0.00
7722,Pursuer,0.438,0.464,0.137,0.134,0.00
7723,Pursuer,0.438,0.464,0.129,0.131,0.00
7724,Runner,0.438,0.464,0.120,0.146,1.98
7725,Runner,0.438,0.464,0.177,0.207,0.00
7726,Pursuer,0.438,0.464,0.000,0.000,0.00
7727,Runner,0.438,0.464,0.040,0.111,0.00
7728,Pursuer,0.438,0.464,0.134,0.132,0.00
7729,Runner,0.438,0.464,0.102,0.127,0.00
7730,Pursuer,0.438,0.464,0.107,0.110,0.00
7731,Runner,0.438,0.464,0.137,0.132,0.00
7732,Runner,0.439,0.464,0.140,0.125,0.32
7733,Runner,0.439,0.464,0.141,0.150,2.46
7734,Runner,0.439,0.464,0.150,0.147,1.38
7735,Pursuer,0.439,0.464,0.117,0.107,0.00
7736,Pursuer,0.439,0.464,0.118,0.141,0.00
7737,Pursuer,0.439,0.464,0.144,0.134,0.00
7738,Runner,0.439,0.464,0.122,0.141,0.00
7739,Runner,0.439,0.464,0.129,0.175,4.52
7740,Pursuer,0.439,0.464,0.107,0.141,0.00
7741,Runner,0.439,0.464,1.100,0.444,0.02
7742,Runner,0.439,0.464,0.122,0.136,5.14
7743,Runner,0.439,0.464,0.171,0.150,0.00
7744,Pursuer,0.439,0.464,0.148,0.131,0.00
7745,Runner,0.439,0.464,0.133,0.129,0.00
7746,Runner,0.439,0.464,0.122,0.132,0.00
7747,Pursuer,0.439,0.464,0.000,0.000,0.00
7748,Runner,0.439,0.464,0.143,0.149,5.36
7749,Pursuer,0.439,0.464,0.000,0.000,0.00
7750,Pursuer,0.439,0.464,0.151,0.176,0.00
7751,Runner,0.439,0.464,0.139,0.149,0.22
7752,Pursuer,0.439,0.464,0.134,0.134,0.00
7753,Pursuer,0.439,0.464,0.137,0.127,0.00
7754,Pursuer,0.439,0.464,0.138,0.149,0.00
7755,Runner,0.439,0.464,0.129,0.158,3.02
7756,Pursuer,0.439,0.464,0.321,0.183,0.00
7757,Pursuer,0.439,0.464,0.134,0.153,0.00
7758,Pursuer,0.439,0.464,0.144,0.095,0.00
7759,Pursuer,0.439,0.464,0.141,0.113,0.00
7760,Runner,0.439,0.464,0.114,0.126,0.32
7761,Runner,0.439,0.464,0.120,0.164,2.38
7762,Pursuer,0.439,0.464,0.118,0.110,0.00
7763,Pursuer,0.439,0.464,0.116,0.148,0.00
7764,Runner,0.439,0.464,0.127,0.146,0.00
7765,Runner,0.439,0.464,0.151,0.131,0.00
7766,Pursuer,0.439,0.464,0.136,0.142,0.00
7767,Pursuer,0.439,0.464,0.177,0.157,0.00
7768,Pursuer,0.439,0.464,0.128,0.043,0.00
7769,Runner,0.439,0.464,0.127,0.118,0.00
7770,Pursuer,0.439,0.464,0.118,0.128,0.00
7771,Pursuer,0.439,0.465,0.160,0.140,0.00
7772,Runner,0.439,0.464,0.101,0.123,0.00
7773,Runner,0.439,0.464,0.154,0.143,0.76
7774,Runner,0.439,0.464,0.105,0.133,2.10
7775,Runner,0.439,0.464,0.101,0.162,0.00
7776,Pursuer,0.439,0.464,0.153,0.131,0.00
7777,Pursuer,0.439,0.464,0.130,0.133,0.00
7778,Runner,0.439,0.464,0.141,0.154,1.58
7779,Runner,0.439,0.464,0.126,0.137,1.84
7780,Runner,0.439,0.464,0.131,0.133,0.14
7781,Runner,0.439,0.464,0.137,0.120,0.00
7782,Pursuer,0.439,0.464,0.161,0.098,0.00
7783,Runner,0.439,0.464,0.138,0.135,0.52
7784,Runner,0.439,0.464,0.124,0.128,0.28
7785,Runner,0.439,0.464,0.110,0.122,0.56
7786,Runner,0.439,0.464,0.147,0.132,4.58
7787,Runner,0.439,0.464,0.132,0.149,0.76
7788,Runner,0.439,0.464,0.142,0.128,0.00
7789,Runner,0.439,0.464,0.132,0.161,0.16
7790,Pursuer,0.439,0.464,0.154,0.137,0.00
7791,Pursuer,0.439,0.464,0.147,0.191,0.00
7792,Draw,0.439,0.464,0.144,0.147,9.26
7793,Pursuer,0.439,0.464,0.144,0.134,0.00
7794,Runner,0.439,0.464,0.122,0.140,2.90
7795,Runner,0.439,0.464,0.123,0.146,0.38
7796,Pursuer,0.439,0.464,0.122,0.128,0.00
7797,Pursuer,0.439,0.464,0.121,0.145,0.00
7798,Runner,0.439,0.464,0.128,0.141,0.00
7799,Runner,0.439,0.464,0.169,0.128,0.32
7800,Runner,0.439,0.464,0.136,0.211,1.26
7801,Runner,0.440,0.464,0.146,0.162,0.00
7802,Pursuer,0.440,0.464,0.135,0.145,0.00
7803,Pursuer,0.439,0.464,0.147,0.126,0.00
7804,Runner,0.440,0.464,0.153,0.120,0.08
7805,Runner,0.440,0.464,0.104,0.124,0.00
7806,Pursuer,0.440,0.464,0.142,0.142,0.00
7807,Runner,0.440,0.464,0.124,0.129,0.00
7808,Runner,0.440,0.464,0.134,0.121,0.00
7809,Pursuer,0.440,0.464,0.119,0.119,0.00
7810,Pursuer,0.440,0.464,0.078,0.104,0.00
7811,Runner,0.440,0.464,0.155,0.146,2.24
7812,Runner,0.440,0.464,0.168,0.135,0.00
7813,Pursuer,0.440,0.464,0.163,0.121,0.00
7814,Pursuer,0.440,0.464,0.117,0.097,0.00
7815,Pursuer,0.440,0.464,0.100,0.116,0.00
7816,Runner,0.440,0.464,0.120,0.143,1.80
7817,Pursuer,0.440,0.464,0.143,0.141,0.00
7818,Runner,0.440,0.464,0.115,0.133,0.00
7819,Pursuer,0.440,0.464,0.126,0.140,0.00
7820,Pursuer,0.440,0.464,0.158,0.083,0.00
7821,Draw,0.439,0.464,0.126,0.127,16.82
7822,Pursuer,0.439,0.464,0.125,0.095,0.00
7823,Pursuer,0.439,0.464,0.180,0.117,0.00
7824,Pursuer,0.439,0.464,0.110,0.113,0.00
7825,Runner,0.439,0.464,0.133,0.149,0.00
7826,Runner,0.439,0.464,0.126,0.116,2.40
7827,Pursuer,0.439,0.464,0.121,0.119,0.00
7828,Pursuer,0.439,0.464,0.095,0.153,0.00
7829,Runner,0.439,0.464,0.154,0.120,0.00
7830,Pursuer,0.439,0.464,0.161,0.135,0.00
7831,Runner,0.439,0.464,0.100,0.124,0.38
7832,Runner,0.439,0.464,0.105,0.162,0.00
7833,Pursuer,0.439,0.464,0.132,0.102,0.00
7834,Pursuer,0.439,0.464,0.127,0.150,0.00
7835,Runner,0.439,0.464,0.108,0.137,0.00
7836,Runner,0.440,0.464,0.136,0.148,0.00
7837,Pursuer,0.439,0.464,0.099,0.130,0.00
7838,Pursuer,0.439,0.464,0.056,0.120,0.00
7839,Runner,0.439,0.464,0.113,0.149,4.14
7840,Runner,0.440,0.464,0.134,0.118,0.00
7841,Pursuer,0.439,0.464,0.163,0.141,0.00
7842,Pursuer,0.439,0.464,0.139,0.131,0.00
7843,Pursuer,0.439,0.464,0.150,0.147,0.00
7844,Runner,0.439,0.464,0.132,0.148,0.00
7845,Pursuer,0.439,0.464,0.131,0.154,0.00
7846,Pursuer,0.439,0.464,0.143,0.129,0.00
7847,Runner,0.439,0.464,0.146,0.146,1.62
7848,Pursuer,0.439,0.464,0.165,0.134,0.00
7849,Runner,0.439,0.464,0.095,0.140,2.28
7850,Runner,0.439,0.464,0.144,0.151,0.00
7851,Pursuer,0.439,0.464,0.120,0.126,0.00
7852,Pursuer,0.439,0.464,0.126,0.145,0.00
7853,Pursuer,0.439,0.465,0.116,0.251,0.00
7854,Runner,0.439,0.464,0.119,0.135,1.60
7855,Pursuer,0.439,0.465,0.132,0.121,0.00
7856,Runner,0.439,0.464,0.130,0.151,0.00
7857,Runner,0.439,0.464,0.146,0.128,0.00
7858,Runner,0.440,0.464,0.123,0.154,2.44
7859,Pursuer,0.439,0.464,0.137,0.146,0.00
7860,Pursuer,0.439,0.465,0.134,0.211,0.00
7861,Draw,0.439,0.464,0.151,0.142,17.58
7862,Pursuer,0.439,0.465,0.129,0.082,0.00
7863,Pursuer,0.439,0.465,0.155,0.164,0.00
7864,Runner,0.439,0.465,0.133,0.122,1.48
7865,Runner,0.439,0.464,0.114,0.153,0.00
7866,Draw,0.439,0.464,0.112,0.132,0.00
7867,Pursuer,0.439,0.464,0.147,0.132,0.00
7868,Pursuer,0.439,0.465,0.147,0.161,0.00
7869,Pursuer,0.439,0.465,0.137,0.130,0.00
7870,Runner,0.439,0.465,0.136,0.157,0.00
7871,Runner,0.439,0.464,0.121,0.134,0.40
7872,Pursuer,0.439,0.465,0.135,0.144,0.00
7873,Runner,0.439,0.464,0.124,0.153,5.84
7874,Draw,0.439,0.464,0.143,0.140,17.60
7875,Pursuer,0.439,0.465,0.066,0.082,0.00
7876,Draw,0.439,0.464,0.123,0.145,15.08
7877,Pursuer,0.439,0.465,0.158,0.116,0.00
7878,Runner,0.439,0.464,0.114,0.141,0.00
7879,Pursuer,0.439,0.465,0.161,0.117,0.00
7880,Draw,0.439,0.464,0.140,0.140,17.24
7881,Runner,0.439,0.464,0.114,0.136,1.08
7882,Runner,0.439,0.464,0.145,0.126,0.74
7883,Pursuer,0.439,0.464,0.144,0.176,0.00
7884,Runner,0.439,0.464,0.133,0.167,0.00
7885,Pursuer,0.439,0.464,0.111,0.152,0.00
7886,Pursuer,0.439,0.464,0.101,0.105,0.00
7887,Pursuer,0.439,0.465,0.144,0.134,0.00
7888,Runner,0.439,0.465,0.149,0.134,0.00
7889,Runner,0.439,0.464,0.149,0.130,0.00
7890,Pursuer,0.439,0.465,0.148,0.138,0.00
7891,Pursuer,0.439,0.465,0.128,0.138,0.00
7892,Runner,0.439,0.465,0.133,0.140,4.98
7893,Pursuer,0.439,0.465,0.192,0.066,0.00
7894,Runner,0.439,0.465,0.133,0.136,1.28
7895,Pursuer,0.439,0.465,0.140,0.135,0.00
7896,Runner,0.439,0.465,0.139,0.136,1.88
7897,Pursuer,0.439,0.465,0.122,0.151,0.00
7898,Runner,0.439,0.465,0.115,0.134,2.72
7899,Runner,0.439,0.464,0.102,0.131,1.46
7900,Runner,0.439,0.464,0.128,0.129,0.66
7901,Runner,0.439,0.464,0.150,0.143,4.74
7902,Runner,0.440,0.464,0.137,0.147,0.00
7903,Runner,0.440,0.464,0.138,0.134,0.00
7904,Pursuer,0.440,0.464,0.101,0.141,0.00
7905,Runner,0.440,0.464,0.142,0.130,1.42
7906,Draw,0.440,0.464,0.111,0.141,18.34
7907,Runner,0.440,0.464,0.099,0.157,1.72
7908,Pursuer,0.440,0.464,0.139,0.130,0.00
7909,Runner,0.440,0.464,0.132,0.185,0.00
7910,Draw,0.440,0.464,0.132,0.144,16.60
7911,Runner,0.440,0.464,0.155,0.099,0.00
7912,Pursuer,0.440,0.464,0.077,0.085,0.00
7913,Pursuer,0.440,0.464,0.144,0.129,0.00
7914,Pursuer,0.439,0.464,0.124,0.133,0.00
7915,Pursuer,0.439,0.464,0.124,0.122,0.00
7916,Pursuer,0.439,0.464,0.166,0.137,0.00
7917,Pursuer,0.439,0.464,0.127,0.149,0.00
7918,Runner,0.439,0.464,0.123,0.147,0.00
7919,Draw,0.439,0.464,0.139,0.138,13.72
7920,Runner,0.439,0.464,0.155,0.091,1.26
7921,Pursuer,0.439,0.464,0.128,0.121,0.00
7922,Pursuer,0.439,0.464,0.098,0.169,0.00
7923,Runner,0.439,0.464,0.126,0.132,0.00
7924,Runner,0.439,0.464,0.104,0.136,1.28
7925,Runner,0.439,0.464,0.061,0.070,0.00
7926,Pursuer,0.439,0.464,0.129,0.130,0.00
7927,Pursuer,0.439,0.464,0.169,0.129,0.00
7928,Runner,0.439,0.464,0.134,0.149,0.60
7929,Runner,0.440,0.464,0.132,0.128,2.52
7930,Runner,0.440,0.464,0.096,0.149,0.00
7931,Pursuer,0.440,0.464,0.132,0.117,0.00
7932,Pursuer,0.439,0.464,0.135,0.155,0.00
7933,Runner,0.440,0.464,0.123,0.150,2.24
7934,Runner,0.440,0.464,0.089,0.146,2.16
7935,Runner,0.440,0.464,0.118,0.148,3.44
7936,Draw,0.440,0.464,0.135,0.151,0.00
7937,Runner,0.440,0.464,0.150,0.116,0.00
7938,Runner,0.440,0.464,0.109,0.140,0.00
7939,Runner,0.440,0.464,0.125,0.114,0.92
7940,Runner,0.440,0.464,0.148,0.138,8.94
7941,Draw,0.440,0.464,0.130,0.160,19.98
7942,Pursuer,0.440,0.464,0.179,0.142,0.00
7943,Runner,0.440,0.464,0.120,0.132,4.86
7944,Pursuer,0.440,0.464,0.119,0.147,0.00
7945,Pursuer,0.440,0.464,0.139,0.153,0.00
7946,Runner,0.440,0.464,0.125,0.140,5.14
7947,Pursuer,0.440,0.464,0.000,0.000,0.00
7948,Runner,0.440,0.464,0.109,0.126,1.60
7949,Pursuer,0.440,0.464,0.154,0.118,0.00
7950,Pursuer,0.440,0.464,0.138,0.138,0.00
7951,Pursuer,0.440,0.464,0.153,0.155,0.00
7952,Pursuer,0.440,0.464,0.138,0.144,0.00
7953,Runner,0.440,0.464,0.129,0.131,0.00
7954,Pursuer,0.440,0.464,0.140,0.166,0.00
7955,Pursuer,0.440,0.464,0.129,0.130,0.00
7956,Pursuer,0.440,0.464,0.128,0.152,0.00
7957,Pursuer,0.439,0.464,0.135,0.160,0.00
7958,Runner,0.440,0.464,0.116,0.109,0.00
7959,Pursuer,0.440,0.464,0.139,0.104,0.00
7960,Runner,0.440,0.464,0.103,0.139,0.00
7961,Runner,0.440,0.464,0.116,0.110,0.00
7962,Pursuer,0.440,0.464,0.101,0.199,0.00
7963,Pursuer,0.440,0.464,0.112,0.131,0.00
7964,Pursuer,0.439,0.464,0.139,0.132,0.00
7965,Runner,0.440,0.464,0.115,0.139,4.16
7966,Pursuer,0.439,0.464,0.137,0.133,0.00
7967,Pursuer,0.439,0.465,0.122,0.100,0.00
7968,Runner,0.440,0.464,0.138,0.144,0.00
7969,Pursuer,0.439,0.465,0.141,0.115,0.00
7970,Pursuer,0.439,0.465,0.149,0.158,0.00
7971,Runner,0.439,0.465,0.123,0.141,0.00
7972,Pursuer,0.439,0.465,0.135,0.145,0.00
7973,Pursuer,0.439,0.465,0.000,0.000,0.00
7974,Pursuer,0.439,0.465,0.146,0.118,0.00
7975,Runner,0.439,0.465,0.118,0.121,0.00
7976,Runner,0.439,0.465,0.134,0.134,0.00
7977,Pursuer,0.439,0.465,0.151,0.124,0.00
7978,Pursuer,0.439,0.465,0.131,0.104,0.00
7979,Runner,0.439,0.465,0.136,0.126,0.00
7980,Pursuer,0.439,0.465,0.114,0.141,0.00
7981,Runner,0.439,0.465,0.127,0.159,0.00
7982,Pursuer,0.439,0.465,0.124,0.152,0.00
7983,Pursuer,0.439,0.465,0.114,0.124,0.00
7984,Pursuer,0.439,0.465,0.209,0.173,0.00
7985,Pursuer,0.439,0.465,0.123,0.117,0.00
7986,Runner,0.439,0.465,0.116,0.134,0.00
7987,Runner,0.439,0.465,0.117,0.122,2.54
7988,Pursuer,0.439,0.465,0.152,0.131,0.00
7989,Pursuer,0.439,0.465,0.135,0.104,0.00
7990,Pursuer,0.439,0.465,0.129,0.102,0.00
7991,Pursuer,0.439,0.465,0.125,0.123,0.00
7992,Runner,0.439,0.465,0.145,0.152,11.18
7993,Runner,0.439,0.465,0.122,0.110,1.02
7994,Pursuer,0.439,0.465,0.118,0.161,0.00
7995,Runner,0.439,0.465,0.109,0.112,0.00
7996,Runner,0.439,0.465,0.140,0.151,0.00
7997,Runner,0.439,0.465,0.148,0.124,0.08
7998,Pursuer,0.439,0.465,0.109,0.116,0.00
7999,Runner,0.439,0.465,0.128,0.136,0.00
8000,Pursuer,0.439,0.465,0.171,0.109,0.00
8001,Runner,0.439,0.465,0.142,0.153,4.58
8002,Draw,0.439,0.465,0.139,0.145,17.82
8003,Runner,0.439,0.465,0.133,0.124,0.06
8004,Pursuer,0.439,0.465,0.135,0.121,0.00
8005,Pursuer,0.439,0.465,0.136,0.134,0.00
8006,Runner,0.439,0.465,0.116,0.122,2.06
8007,Runner,0.439,0.465,0.105,0.129,1.42
8008,Pursuer,0.439,0.465,0.130,0.118,0.00
8009,Runner,0.440,0.465,0.117,0.142,3.58
8010,Runner,0.440,0.465,0.106,0.128,0.00
8011,Runner,0.440,0.465,0.113,0.114,0.94
8012,Pursuer,0.440,0.465,0.106,0.167,0.00
8013,Runner,0.440,0.465,0.129,0.150,2.34
8014,Runner,0.440,0.465,0.158,0.174,0.70
8015,Runner,0.440,0.465,0.125,0.117,0.00
8016,Runner,0.440,0.465,0.108,0.110,0.00
8017,Runner,0.440,0.465,0.130,0.137,1.54
8018,Pursuer,0.440,0.465,0.113,0.125,0.00
8019,Pursuer,0.440,0.465,0.163,0.140,0.00
8020,Runner,0.440,0.465,0.142,0.145,1.40
8021,Pursuer,0.440,0.465,0.133,0.158,0.00
8022,Runner,0.440,0.465,0.133,0.137,6.68
8023,Runner,0.440,0.465,0.122,0.139,3.92
8024,Runner,0.440,0.464,0.176,0.148,0.60
8025,Runner,0.440,0.464,0.126,0.133,2.88
8026,Runner,0.440,0.464,0.127,0.120,0.00
8027,Pursuer,0.440,0.464,0.146,0.122,0.00
8028,Runner,0.440,0.464,0.124,0.114,0.90
8029,Pursuer,0.440,0.464,0.125,0.156,0.00
8030,Draw,0.440,0.464,0.158,0.146,18.84
8031,Pursuer,0.440,0.464,0.158,0.116,0.00
8032,Runner,0.440,0.464,0.145,0.132,2.44
8033,Runner,0.440,0.464,0.166,0.124,0.00
8034,Pursuer,0.440,0.464,0.160,0.124,0.00
8035,Draw,0.440,0.464,0.138,0.143,0.00
8036,Pursuer,0.440,0.464,0.113,0.129,0.00
8037,Runner,0.440,0.464,0.107,0.192,0.00
8038,Runner,0.440,0.464,0.105,0.150,4.52
8039,Pursuer,0.440,0.464,0.136,0.105,0.00
8040,Runner,0.440,0.464,0.139,0.126,1.12
8041,Runner,0.440,0.464,0.114,0.117,0.00
8042,Runner,0.440,0.464,0.000,0.000,0.00
8043,Pursuer,0.440,0.464,0.158,0.187,0.00
8044,Draw,0.440,0.464,0.142,0.149,17.72
8045,Runner,0.440,0.464,0.123,0.134,6.38
8046,Runner,0.440,0.464,0.132,0.177,0.00
8047,Draw,0.440,0.464,0.126,0.135,0.00
8048,Runner,0.440,0.464,0.118,0.167,0.00
8049,Runner,0.440,0.464,0.122,0.112,0.00
8050,Pursuer,0.440,0.464,0.140,0.131,0.00
8051,Pursuer,0.440,0.464,0.145,0.130,0.00
8052,Runner,0.440,0.464,0.132,0.175,0.36
8053,Runner,0.440,0.464,0.097,0.144,0.26
8054,Draw,0.440,0.464,0.140,0.138,11.18
8055,Runner,0.440,0.464,0.119,0.135,0.02
8056,Pursuer,0.440,0.464,0.193,0.130,0.00
8057,Pursuer,0.440,0.464,0.121,0.150,0.00
8058,Pursuer,0.440,0.464,0.126,0.146,0.00
8059,Pursuer,0.440,0.464,0.145,0.115,0.00
8060,Runner,0.440,0.464,0.116,0.128,0.00
8061,Pursuer,0.440,0.464,0.134,0.127,0.00
8062,Pursuer,0.440,0.464,0.171,0.096,0.00
8063,Pursuer,0.440,0.464,0.125,0.134,0.00
8064,Pursuer,0.440,0.464,0.139,0.133,0.00
8065,Runner,0.440,0.464,0.150,0.129,0.54
8066,Runner,0.440,0.464,0.304,0.112,0.00
8067,Pursuer,0.440,0.464,0.138,0.145,0.00
8068,Runner,0.440,0.464,0.143,0.133,0.00
8069,Pursuer,0.440,0.464,0.133,0.132,0.00
8070,Runner,0.440,0.464,0.126,0.134,0.32
8071,Runner,0.440,0.464,0.151,0.142,0.84
8072,Pursuer,0.440,0.464,0.113,0.143,0.00
8073,Runner,0.440,0.464,0.124,0.125,0.00
8074,Pursuer,0.440,0.464,0.145,0.156,0.00
8075,Runner,0.440,0.464,0.172,0.105,0.00
8076,Pursuer,0.440,0.464,0.137,0.129,0.00
8077,Draw,0.440,0.464,0.137,0.137,17.38
8078,Pursuer,0.440,0.464,0.118,0.175,0.00
8079,Pursuer,0.440,0.464,0.114,0.112,0.00
8080,Pursuer,0.440,0.464,0.070,0.160,0.00
8081,Runner,0.440,0.464,0.134,0.137,0.00
8082,Pursuer,0.440,0.464,0.170,0.174,0.00
8083,Pursuer,0.440,0.464,0.142,0.138,0.00
8084,Pursuer,0.440,0.464,0.157,0.138,0.00
8085,Runner,0.440,0.464,0.130,0.141,0.00
8086,Pursuer,0.440,0.465,0.108,0.117,0.00
8087,Pursuer,0.440,0.465,0.146,0.144,0.00
8088,Pursuer,0.440,0.465,0.173,0.190,0.00
8089,Runner,0.440,0.465,0.000,0.000,0.02
8090,Pursuer,0.440,0.465,0.100,0.067,0.00
8091,Runner,0.440,0.465,0.134,0.128,1.30
8092,Runner,0.440,0.465,0.138,0.128,4.06
8093,Pursuer,0.440,0.465,0.129,0.162,0.00
8094,Pursuer,0.440,0.465,0.150,0.141,0.00
8095,Runner,0.440,0.465,0.132,0.155,2.14
8096,Pursuer,0.440,0.465,0.150,0.136,0.00
8097,Pursuer,0.440,0.465,0.193,0.136,0.00
8098,Pursuer,0.440,0.465,0.267,0.185,0.00
8099,Pursuer,0.440,0.465,0.109,0.135,0.00
8100,Runner,0.440,0.465,0.160,0.159,0.00
8101,Runner,0.440,0.465,0.100,0.313,0.00
8102,Pursuer,0.440,0.465,0.147,0.124,0.00
8103,Runner,0.440,0.465,0.127,0.145,0.00
8104,Pursuer,0.440,0.465,0.126,0.165,0.00
8105,Pursuer,0.440,0.465,0.166,0.157,0.00
8106,Pursuer,0.440,0.465,0.142,0.129,0.00
8107,Pursuer,0.440,0.465,0.130,0.122,0.00
8108,Pursuer,0.440,0.465,0.120,0.135,0.00
8109,Runner,0.440,0.465,0.171,0.166,0.00
8110,Pursuer,0.440,0.465,0.132,0.135,0.00
8111,Runner,0.440,0.465,0.000,0.000,0.02
8112,Runner,0.440,0.465,0.114,0.103,0.00
8113,Pursuer,0.440,0.465,0.126,0.138,0.00
8114,Runner,0.440,0.465,0.000,0.000,0.02
8115,Runner,0.440,0.465,0.108,0.109,0.50
8116,Runner,0.440,0.465,0.204,0.192,0.00
8117,Pursuer,0.440,0.465,0.117,0.145,0.00
8118,Runner,0.440,0.465,0.144,0.137,1.34
8119,Pursuer,0.440,0.465,0.137,0.155,0.00
8120,Pursuer,0.440,0.465,0.115,0.140,0.00
8121,Runner,0.440,0.465,0.141,0.196,1.80
8122,Runner,0.440,0.465,0.155,0.133,0.00
8123,Runner,0.440,0.465,0.109,0.148,1.04
8124,Pursuer,0.440,0.465,0.196,0.160,0.00
8125,Draw,0.440,0.465,0.144,0.136,0.00
8126,Pursuer,0.440,0.465,0.142,0.172,0.00
8127,Pursuer,0.440,0.465,0.119,0.165,0.00
8128,Runner,0.440,0.465,0.106,0.132,0.00
8129,Pursuer,0.440,0.465,0.120,0.130,0.00
8130,Runner,0.440,0.465,0.113,0.157,0.00
8131,Pursuer,0.440,0.465,0.115,0.105,0.00
8132,Pursuer,0.440,0.465,0.145,0.122,0.00
8133,Runner,0.440,0.465,0.102,0.159,0.00
8134,Runner,0.440,0.465,0.134,0.140,1.78
8135,Pursuer,0.440,0.465,0.000,0.000,0.00
8136,Pursuer,0.440,0.465,0.145,0.129,0.00
8137,Runner,0.440,0.465,0.132,0.120,0.00
8138,Runner,0.440,0.465,0.151,0.214,1.38
8139,Draw,0.440,0.465,0.135,0.132,13.92
8140,Runner,0.440,0.465,0.123,0.126,1.28
8141,Pursuer,0.440,0.465,0.149,0.116,0.00
8142,Pursuer,0.440,0.465,0.159,0.221,0.00
8143,Runner,0.440,0.465,0.128,0.153,2.14
8144,Pursuer,0.440,0.465,0.000,0.000,0.00
8145,Pursuer,0.440,0.465,0.137,0.131,0.00
8146,Pursuer,0.440,0.465,0.145,0.201,0.00
8147,Runner,0.440,0.465,0.130,0.150,0.00
8148,Runner,0.440,0.465,0.155,0.098,3.74
8149,Pursuer,0.440,0.465,0.131,0.147,0.00
8150,Runner,0.440,0.465,0.127,0.124,0.00
8151,Runner,0.440,0.465,0.133,0.105,0.00
8152,Pursuer,0.440,0.465,0.145,0.106,0.00
8153,Pursuer,0.440,0.465,0.133,0.133,0.00
8154,Runner,0.440,0.465,0.122,0.132,0.00
8155,Runner,0.440,0.465,0.134,0.120,2.88
8156,Runner,0.440,0.465,0.048,0.127,0.00
8157,Runner,0.440,0.465,0.156,0.143,0.00
8158,Runner,0.440,0.465,0.112,0.127,0.00
8159,Pursuer,0.440,0.465,0.000,0.000,0.00
8160,Pursuer,0.440,0.465,0.122,0.126,0.00
8161,Runner,0.440,0.465,0.136,0.103,0.00
8162,Runner,0.440,0.465,0.111,0.158,0.00
8163,Pursuer,0.440,0.465,0.133,0.131,0.00
8164,Runner,0.440,0.465,0.120,0.144,0.14
8165,Pursuer,0.440,0.465,0.136,0.180,0.00
8166,Pursuer,0.440,0.465,0.160,0.154,0.00
8167,Runner,0.440,0.465,0.126,0.140,2.74
8168,Pursuer,0.440,0.465,0.129,0.145,0.00
8169,Runner,0.440,0.465,0.132,0.156,0.00
8170,Pursuer,0.440,0.465,0.124,0.146,0.00
8171,Pursuer,0.440,0.465,0.117,0.076,0.00
8172,Pursuer,0.440,0.465,0.109,0.112,0.00
8173,Runner,0.440,0.465,0.206,0.113,0.00
8174,Runner,0.440,0.465,0.130,0.136,0.00
8175,Pursuer,0.440,0.465,0.157,0.142,0.00
8176,Pursuer,0.440,0.465,0.128,0.128,0.00
8177,Pursuer,0.440,0.465,0.134,0.136,0.00
8178,Pursuer,0.440,0.465,0.133,0.083,0.00
8179,Pursuer,0.440,0.465,0.199,0.140,0.00
8180,Pursuer,0.440,0.465,0.118,0.123,0.00
8181,Runner,0.440,0.465,0.127,0.121,3.44
8182,Pursuer,0.440,0.465,0.118,0.130,0.00
8183,Runner,0.440,0.465,0.099,1.057,0.00
8184,Runner,0.440,0.465,0.080,0.146,1.18
8185,Runner,0.440,0.465,0.132,0.148,1.02
8186,Pursuer,0.440,0.465,0.152,0.141,0.00
8187,Pursuer,0.440,0.465,0.162,0.111,0.00
8188,Runner,0.440,0.465,0.132,0.142,4.36
8189,Pursuer,0.440,0.465,0.122,0.181,0.00
8190,Pursuer,0.440,0.465,0.132,0.141,0.00
8191,Pursuer,0.440,0.466,0.130,0.142,0.00
8192,Runner,0.440,0.465,0.159,0.104,0.00
8193,Pursuer,0.440,0.466,0.130,0.102,0.00
8194,Pursuer,0.440,0.466,0.118,0.100,0.00
8195,Pursuer,0.440,0.466,0.132,0.164,0.00
8196,Pursuer,0.440,0.466,0.137,0.126,0.00
8197,Pursuer,0.440,0.466,0.111,0.136,0.00
8198,Pursuer,0.440,0.466,0.129,0.145,0.00
8199,Runner,0.440,0.466,0.135,0.144,0.00
8200,Runner,0.440,0.466,0.125,0.131,0.10
8201,Pursuer,0.440,0.466,0.000,0.000,0.00
8202,Pursuer,0.440,0.466,0.127,0.117,0.00
8203,Pursuer,0.440,0.466,0.148,0.128,0.00
8204,Draw,0.440,0.466,0.152,0.149,0.00
8205,Runner,0.440,0.466,0.146,0.159,0.54
8206,Draw,0.440,0.466,0.136,0.144,17.48
8207,Pursuer,0.440,0.466,0.105,0.110,0.00
8208,Runner,0.440,0.466,0.104,0.121,0.00
8209,Runner,0.440,0.466,0.138,0.149,1.26
8210,Runner,0.440,0.466,0.114,0.142,1.26
8211,Runner,0.440,0.466,0.153,0.129,0.00
8212,Pursuer,0.440,0.466,0.158,0.151,0.00
8213,Runner,0.440,0.466,0.156,0.147,0.00
8214,Pursuer,0.440,0.466,0.101,0.186,0.00
8215,Draw,0.440,0.466,0.138,0.134,19.58
8216,Pursuer,0.440,0.466,0.103,0.082,0.00
8217,Runner,0.440,0.466,0.121,0.115,0.00
8218,Runner,0.440,0.466,0.117,0.128,0.00
8219,Pursuer,0.440,0.466,0.144,0.108,0.00
8220,Pursuer,0.440,0.466,0.148,0.127,0.00
8221,Pursuer,0.440,0.466,0.174,0.133,0.00
8222,Pursuer,0.440,0.466,0.124,0.186,0.00
8223,Runner,0.440,0.466,0.120,0.161,0.00
8224,Runner,0.440,0.466,0.130,0.150,1.16
8225,Pursuer,0.440,0.466,0.000,0.000,0.00
8226,Pursuer,0.440,0.466,0.083,0.338,0.00
8227,Pursuer,0.440,0.466,0.225,0.170,0.00
8228,Pursuer,0.440,0.466,0.117,0.104,0.00
8229,Pursuer,0.440,0.466,0.137,0.140,0.00
8230,Pursuer,0.439,0.466,0.103,0.098,0.00
8231,Draw,0.439,0.466,0.142,0.133,16.74
8232,Runner,0.440,0.466,0.125,0.164,0.00
8233,Runner,0.440,0.466,0.116,0.134,0.00
8234,Pursuer,0.440,0.466,0.145,0.140,0.00
8235,Runner,0.440,0.466,0.161,0.083,0.00
8236,Runner,0.440,0.466,0.147,0.133,0.00
8237,Pursuer,0.440,0.466,0.000,0.000,0.00
8238,Pursuer,0.440,0.466,0.143,0.092,0.00
8239,Runner,0.440,0.466,0.118,0.132,2.52
8240,Runner,0.440,0.466,0.226,0.176,0.00
8241,Runner,0.440,0.466,0.138,0.105,0.00
8242,Pursuer,0.440,0.466,0.145,0.138,0.00
8243,Runner,0.440,0.466,0.150,0.125,0.00
8244,Pursuer,0.440,0.466,0.130,0.114,0.00
8245,Runner,0.440,0.466,0.134,0.089,0.00
8246,Pursuer,0.440,0.466,0.122,0.135,0.00
8247,Draw,0.440,0.466,0.133,0.145,8.96
8248,Runner,0.440,0.466,0.117,0.157,0.00
8249,Pursuer,0.440,0.466,0.090,0.123,0.00
8250,Draw,0.440,0.466,0.140,0.139,16.12
8251,Runner,0.440,0.466,0.131,0.145,6.60
8252,Pursuer,0.440,0.466,0.141,0.103,0.00
8253,Runner,0.440,0.466,0.108,0.129,0.00
8254,Pursuer,0.440,0.466,0.124,0.134,0.00
8255,Runner,0.440,0.466,0.123,0.129,0.86
8256,Runner,0.440,0.466,0.161,0.125,0.00
8257,Runner,0.440,0.466,0.136,0.150,3.16
8258,Runner,0.440,0.466,0.134,0.117,0.00
8259,Pursuer,0.440,0.466,0.126,0.106,0.00
8260,Runner,0.440,0.466,0.162,0.113,0.22
8261,Pursuer,0.440,0.466,0.131,0.123,0.00
8262,Runner,0.440,0.466,0.124,0.142,0.54
8263,Pursuer,0.440,0.466,0.000,0.000,0.00
8264,Pursuer,0.440,0.466,0.146,0.140,0.00
8265,Pursuer,0.440,0.466,0.145,0.134,0.00
8266,Runner,0.440,0.466,0.148,0.131,0.00
8267,Runner,0.440,0.466,0.135,0.114,1.66
8268,Runner,0.440,0.466,0.139,0.150,0.00
8269,Runner,0.440,0.466,0.152,0.118,3.74
8270,Runner,0.440,0.466,0.142,0.141,2.14
8271,Pursuer,0.440,0.466,0.113,0.131,0.00
8272,Runner,0.440,0.466,0.165,0.165,0.00
8273,Pursuer,0.440,0.466,0.124,0.116,0.00
8274,Runner,0.440,0.466,0.116,0.113,0.00
8275,Runner,0.440,0.465,0.116,0.137,3.04
8276,Pursuer,0.440,0.466,0.158,0.127,0.00
8277,Runner,0.440,0.466,0.101,0.164,0.00
8278,Runner,0.440,0.465,0.131,0.129,0.54
8279,Pursuer,0.440,0.466,0.000,0.000,0.00
8280,Pursuer,0.440,0.466,0.132,0.124,0.00
8281,Runner,0.440,0.466,0.138,0.136,1.48
8282,Pursuer,0.440,0.466,0.168,0.114,0.00
8283,Runner,0.440,0.466,0.134,0.138,0.02
8284,Pursuer,0.440,0.466,0.126,0.119,0.00
8285,Pursuer,0.440,0.466,0.134,0.149,0.00
8286,Runner,0.440,0.466,0.000,0.000,0.00
8287,Pursuer,0.440,0.466,0.120,0.113,0.00
8288,Pursuer,0.440,0.466,0.144,0.137,0.00
8289,Pursuer,0.440,0.466,0.093,0.119,0.00
8290,Pursuer,0.440,0.466,0.140,0.141,0.00
8291,Draw,0.440,0.466,0.131,0.140,18.12
8292,Runner,0.440,0.466,0.135,0.130,6.20
8293,Runner,0.440,0.466,0.134,0.140,2.30
8294,Pursuer,0.440,0.466,0.132,0.120,0.00
8295,Pursuer,0.440,0.466,0.134,0.120,0.00
8296,Pursuer,0.440,0.466,0.154,0.120,0.00
8297,Runner,0.440,0.466,0.144,0.122,0.80
8298,Runner,0.440,0.466,0.123,0.143,0.00
8299,Pursuer,0.440,0.466,0.163,0.153,0.00
8300,Runner,0.440,0.466,0.162,0.129,0.00
8301,Pursuer,0.440,0.466,0.129,0.135,0.00
8302,Runner,0.440,0.466,0.119,0.123,0.00
8303,Runner,0.440,0.466,0.093,0.127,0.00
8304,Runner,0.440,0.466,0.135,0.115,0.00
8305,Runner,0.440,0.466,0.131,0.165,0.00
8306,Pursuer,0.440,0.466,0.135,0.123,0.00
8307,Runner,0.440,0.466,0.119,0.123,2.20
8308,Runner,0.440,0.466,0.057,0.142,0.00
8309,Pursuer,0.440,0.466,0.134,0.109,0.00
8310,Pursuer,0.440,0.466,0.141,0.112,0.00
8311,Runner,0.440,0.466,0.106,0.154,0.00
8312,Pursuer,0.440,0.466,0.000,0.000,0.00
8313,Pursuer,0.440,0.466,0.149,0.142,0.00
8314,Runner,0.440,0.466,0.121,0.130,2.68
8315,Draw,0.440,0.466,0.152,0.148,18.68
8316,Runner,0.440,0.466,0.108,0.166,0.00
8317,Pursuer,0.440,0.466,0.000,0.000,0.00
8318,Pursuer,0.440,0.466,0.146,0.112,0.00
8319,Pursuer,0.440,0.466,0.056,0.055,0.00
8320,Runner,0.440,0.466,0.131,0.133,0.06
8321,Runner,0.440,0.466,0.159,0.126,0.86
8322,Pursuer,0.440,0.466,0.110,0.166,0.00
8323,Runner,0.440,0.466,0.118,0.143,2.78
8324,Runner,0.440,0.466,0.136,0.158,0.00
8325,Runner,0.440,0.466,0.123,0.113,0.64
8326,Runner,0.441,0.466,0.155,0.151,2.68
8327,Pursuer,0.440,0.466,0.120,0.129,0.00
8328,Pursuer,0.440,0.466,0.113,0.174,0.00
8329,Pursuer,0.440,0.466,0.102,0.141,0.00
8330,Runner,0.440,0.466,0.145,0.135,1.14
8331,Runner,0.441,0.466,0.143,0.138,7.50
8332,Pursuer,0.440,0.466,0.123,0.118,0.00
8333,Pursuer,0.440,0.466,0.133,0.111,0.00
8334,Draw,0.440,0.466,0.150,0.151,19.98
8335,Runner,0.440,0.466,0.140,0.093,0.00
8336,Runner,0.440,0.466,0.141,0.148,1.52
8337,Pursuer,0.440,0.466,0.128,0.116,0.00
8338,Pursuer,0.440,0.466,0.124,0.103,0.00
8339,Pursuer,0.440,0.466,0.150,0.131,0.00
8340,Runner,0.440,0.466,0.114,0.123,0.00
8341,Runner,0.440,0.466,0.135,0.146,0.00
8342,Runner,0.441,0.466,0.105,0.157,2.78
8343,Pursuer,0.440,0.466,0.309,0.256,0.00
8344,Pursuer,0.440,0.466,0.113,0.124,0.00
8345,Pursuer,0.440,0.466,0.139,0.153,0.00
8346,Pursuer,0.440,0.466,0.122,0.151,0.00
8347,Pursuer,0.440,0.466,0.136,0.137,0.00
8348,Pursuer,0.440,0.466,0.131,0.150,0.00
8349,Runner,0.440,0.466,0.112,0.129,0.84
8350,Runner,0.440,0.466,0.112,0.141,0.00
8351,Pursuer,0.440,0.466,0.098,0.084,0.00
8352,Pursuer,0.440,0.466,0.145,0.130,0.00
8353,Draw,0.440,0.466,0.140,0.146,18.98
8354,Runner,0.440,0.466,0.133,0.169,6.34
8355,Runner,0.440,0.466,0.132,0.135,0.00
8356,Draw,0.440,0.466,0.147,0.153,19.66
8357,Runner,0.440,0.466,0.144,0.127,0.00
8358,Draw,0.440,0.466,0.139,0.146,0.02
8359,Pursuer,0.440,0.466,0.147,0.120,0.00
8360,Runner,0.440,0.466,0.108,0.132,0.00
8361,Runner,0.440,0.466,0.149,0.105,0.00
8362,Pursuer,0.440,0.466,0.140,0.132,0.00
8363,Pursuer,0.440,0.466,0.149,0.132,0.00
8364,Runner,0.440,0.466,0.123,0.175,0.24
8365,Pursuer,0.440,0.466,0.133,0.119,0.00
8366,Runner,0.440,0.466,0.122,0.124,0.44
8367,Pursuer,0.440,0.466,0.125,0.117,0.00
8368,Runner,0.440,0.466,0.109,0.117,0.00
8369,Pursuer,0.440,0.466,0.141,0.085,0.00
8370,Pursuer,0.440,0.466,0.102,0.144,0.00
8371,Pursuer,0.440,0.466,0.131,0.135,0.00
8372,Pursuer,0.440,0.466,0.146,0.114,0.00
8373,Pursuer,0.440,0.466,0.135,0.133,0.00
8374,Runner,0.440,0.466,0.119,0.141,0.00
8375,Runner,0.440,0.466,0.126,0.122,0.00
8376,Pursuer,0.440,0.466,0.091,0.189,0.00
8377,Runner,0.440,0.466,0.119,0.142,0.72
8378,Runner,0.440,0.466,0.113,0.137,0.00
8379,Runner,0.440,0.466,0.103,0.105,0.54
8380,Pursuer,0.440,0.466,0.000,0.000,0.00
8381,Runner,0.440,0.466,0.128,0.146,8.52
8382,Pursuer,0.440,0.466,0.144,0.123,0.00
8383,Runner,0.440,0.466,0.199,0.224,0.00
8384,Runner,0.440,0.466,0.131,0.169,2.14
8385,Runner,0.441,0.466,0.130,0.124,0.00
8386,Pursuer,0.440,0.466,0.099,0.129,0.00
8387,Pursuer,0.440,0.466,0.171,0.147,0.00
8388,Runner,0.441,0.466,0.143,0.144,2.10
8389,Runner,0.441,0.466,0.143,0.161,0.00
8390,Runner,0.441,0.466,0.166,0.129,1.18
8391,Pursuer,0.441,0.466,0.129,0.159,0.00
8392,Runner,0.441,0.466,0.134,0.130,1.36
8393,Runner,0.441,0.466,0.133,0.135,6.72
8394,Pursuer,0.441,0.466,0.155,0.145,0.00
8395,Pursuer,0.441,0.466,0.118,0.191,0.00
8396,Runner,0.441,0.466,0.110,0.126,0.00
8397,Pursuer,0.441,0.466,0.141,0.157,0.00
8398,Runner,0.441,0.466,0.167,0.133,2.54
8399,Pursuer,0.441,0.466,0.110,0.131,0.00
8400,Pursuer,0.441,0.466,0.147,0.148,0.00
8401,Runner,0.441,0.466,0.113,0.130,4.96
8402,Pursuer,0.441,0.466,0.103,0.149,0.00
8403,Pursuer,0.441,0.466,0.131,0.187,0.00
8404,Runner,0.441,0.466,0.118,0.136,0.00
8405,Pursuer,0.441,0.466,0.160,0.160,0.00
8406,Runner,0.441,0.466,0.123,0.164,0.00
8407,Runner,0.441,0.466,0.134,0.113,0.74
8408,Pursuer,0.441,0.466,0.124,0.144,0.00
8409,Pursuer,0.441,0.466,0.158,0.154,0.00
8410,Runner,0.441,0.466,0.130,0.128,0.00
8411,Pursuer,0.441,0.466,0.130,0.143,0.00
8412,Runner,0.441,0.466,0.115,0.114,0.00
8413,Runner,0.441,0.466,0.138,0.150,0.00
8414,Pursuer,0.441,0.466,0.126,0.133,0.00
8415,Runner,0.441,0.466,0.125,0.140,3.06
8416,Runner,0.441,0.466,0.097,0.100,0.00
8417,Pursuer,0.441,0.466,0.147,0.140,0.00
8418,Pursuer,0.441,0.466,0.144,0.140,0.00
8419,Runner,0.441,0.466,0.104,0.140,0.06
8420,Runner,0.441,0.466,0.117,0.155,0.00
8421,Runner,0.441,0.466,0.106,0.151,2.72
8422,Pursuer,0.441,0.466,0.124,0.119,0.00
8423,Runner,0.441,0.466,0.131,0.146,1.22
8424,Draw,0.441,0.466,0.131,0.136,19.76
8425,Draw,0.441,0.466,0.137,0.151,19.76
8426,Pursuer,0.441,0.466,0.159,0.146,0.00
8427,Runner,0.441,0.466,0.133,0.145,0.00
8428,Runner,0.441,0.466,0.125,0.135,4.14
8429,Runner,0.441,0.466,0.130,0.140,0.46
8430,Runner,0.441,0.465,0.094,0.151,0.44
8431,Pursuer,0.441,0.466,0.130,0.140,0.00
8432,Pursuer,0.441,0.466,0.120,0.121,0.00
8433,Runner,0.441,0.466,0.165,0.126,0.00
8434,Runner,0.441,0.465,0.123,0.136,0.00
8435,Runner,0.441,0.465,0.131,0.125,0.00
8436,Runner,0.441,0.465,0.107,0.101,0.00
8437,Runner,0.441,0.465,0.124,0.119,2.02
8438,Runner,0.441,0.465,0.137,0.134,1.62
8439,Runner,0.441,0.465,0.145,0.110,0.00
8440,Runner,0.441,0.465,0.146,0.176,0.00
8441,Runner,0.442,0.465,0.159,0.139,0.00
8442,Runner,0.442,0.465,0.134,0.170,2.26
8443,Pursuer,0.442,0.465,0.140,0.149,0.00
8444,Runner,0.442,0.465,0.123,0.139,0.00
8445,Runner,0.442,0.465,0.163,0.095,0.42
8446,Pursuer,0.442,0.465,0.127,0.118,0.00
8447,Pursuer,0.442,0.465,0.089,0.149,0.00
8448,Runner,0.442,0.465,0.134,0.141,1.78
8449,Pursuer,0.442,0.465,0.124,0.101,0.00
8450,Pursuer,0.442,0.465,0.124,0.137,0.00
8451,Runner,0.442,0.465,0.150,0.147,0.02
8452,Pursuer,0.442,0.465,0.438,0.691,0.00
8453,Pursuer,0.442,0.465,0.000,0.000,0.00
8454,Pursuer,0.441,0.465,0.155,0.146,0.00
8455,Runner,0.442,0.465,0.125,0.115,0.00
8456,Pursuer,0.441,0.465,0.146,0.131,0.00
8457,Pursuer,0.441,0.465,0.117,0.157,0.00
8458,Runner,0.441,0.465,0.126,0.123,0.42
8459,Pursuer,0.441,0.465,0.101,0.125,0.00
8460,Runner,0.441,0.465,0.106,0.113,2.06
8461,Pursuer,0.441,0.465,0.000,0.000,0.00
8462,Pursuer,0.441,0.465,0.056,0.079,0.00
8463,Runner,0.441,0.465,0.158,0.144,0.00
8464,Runner,0.442,0.465,0.095,0.145,1.54
8465,Pursuer,0.441,0.465,0.204,0.122,0.00
8466,Pursuer,0.441,0.466,0.086,0.135,0.00
8467,Pursuer,0.441,0.466,0.127,0.135,0.00
8468,Pursuer,0.441,0.466,0.130,0.148,0.00
8469,Runner,0.441,0.466,0.127,0.114,0.00
8470,Pursuer,0.441,0.466,0.110,0.101,0.00
8471,Draw,0.441,0.466,0.140,0.150,16.18
8472,Pursuer,0.441,0.466,0.141,0.141,0.00
8473,Runner,0.441,0.466,0.113,0.139,2.28
8474,Pursuer,0.441,0.466,0.173,0.119,0.00
8475,Pursuer,0.441,0.466,0.103,0.122,0.00
8476,Runner,0.441,0.466,0.112,0.150,5.24
8477,Runner,0.441,0.466,0.120,0.140,1.84
8478,Pursuer,0.441,0.466,0.132,0.132,0.00
8479,Pursuer,0.441,0.466,0.126,0.130,0.00
8480,Runner,0.441,0.466,0.138,0.107,0.00
8481,Pursuer,0.441,0.466,0.146,0.112,0.00
8482,Runner,0.441,0.466,0.123,0.112,1.96
8483,Pursuer,0.441,0.466,0.131,0.091,0.00
8484,Runner,0.441,0.466,0.132,0.150,0.08
8485,Pursuer,0.441,0.466,0.140,0.165,0.00
8486,Runner,0.441,0.466,0.109,0.132,3.80
8487,Pursuer,0.441,0.466,0.105,0.151,0.00
8488,Pursuer,0.441,0.466,0.147,0.107,0.00
8489,Draw,0.441,0.466,0.149,0.145,17.38
8490,Pursuer,0.441,0.466,0.135,0.108,0.00
8491,Runner,0.441,0.466,0.000,0.000,0.00
8492,Pursuer,0.441,0.466,0.141,0.126,0.00
8493,Pursuer,0.441,0.466,0.165,0.130,0.00
8494,Runner,0.441,0.466,0.124,0.153,0.00
8495,Pursuer,0.441,0.466,0.148,0.149,0.00
8496,Runner,0.441,0.466,0.167,0.101,0.00
8497,Runner,0.441,0.466,0.105,0.102,0.00
8498,Runner,0.441,0.466,0.133,0.144,0.00
8499,Runner,0.441,0.466,0.123,0.128,1.84
8500,Pursuer,0.441,0.466,0.135,0.120,0.00
8501,Pursuer,0.441,0.466,0.198,0.128,0.00
8502,Pursuer,0.441,0.466,0.119,0.169,0.00
8503,Pursuer,0.441,0.466,0.131,0.117,0.00
8504,Runner,0.441,0.466,0.101,0.128,3.20
8505,Runner,0.441,0.466,0.088,0.168,2.72
8506,Runner,0.441,0.466,0.126,0.145,3.44
8507,Pursuer,0.441,0.466,0.160,0.141,0.00
8508,Pursuer,0.441,0.466,0.135,0.121,0.00
8509,Runner,0.441,0.466,0.152,0.116,1.08
8510,Pursuer,0.441,0.466,0.000,0.000,0.00
8511,Runner,0.441,0.466,0.099,0.104,0.36
8512,Runner,0.441,0.466,0.114,0.163,0.00
8513,Runner,0.441,0.466,0.097,0.126,0.00
8514,Pursuer,0.441,0.466,0.129,0.120,0.00
8515,Runner,0.441,0.466,0.130,0.140,0.00
8516,Pursuer,0.441,0.466,0.160,0.096,0.00
8517,Runner,0.441,0.466,0.143,0.138,0.84
8518,Pursuer,0.441,0.466,0.124,0.149,0.00
8519,Pursuer,0.441,0.466,0.158,0.135,0.00
8520,Runner,0.441,0.466,0.094,0.137,0.86
8521,Pursuer,0.441,0.466,0.145,0.143,0.00
8522,Draw,0.441,0.466,0.105,0.143,0.00
8523,Runner,0.441,0.466,0.120,0.137,1.94
8524,Pursuer,0.441,0.466,0.159,0.122,0.00
8525,Pursuer,0.441,0.466,0.081,0.177,0.00
8526,Pursuer,0.441,0.466,0.163,0.172,0.00
8527,Pursuer,0.441,0.466,0.128,0.110,0.00
8528,Draw,0.441,0.466,0.155,0.151,15.30
8529,Pursuer,0.441,0.466,0.102,0.127,0.00
8530,Runner,0.441,0.466,0.137,0.150,1.62
8531,Draw,0.441,0.466,0.139,0.114,0.00
8532,Runner,0.441,0.466,0.113,0.134,1.56
8533,Draw,0.441,0.466,0.161,0.142,17.12
8534,Runner,0.441,0.466,0.138,0.132,0.00
8535,Pursuer,0.441,0.466,0.123,0.112,0.00
8536,Pursuer,0.441,0.466,0.144,0.073,0.00
8537,Runner,0.441,0.466,0.121,0.151,0.92
8538,Pursuer,0.441,0.466,0.158,0.128,0.00
8539,Runner,0.441,0.466,0.120,0.109,0.22
8540,Runner,0.441,0.466,0.122,0.142,0.00
8541,Pursuer,0.441,0.466,0.074,0.861,0.00
8542,Pursuer,0.441,0.466,0.161,0.149,0.00
8543,Runner,0.441,0.466,0.129,0.134,3.36
8544,Pursuer,0.441,0.466,0.151,0.111,0.00
8545,Runner,0.441,0.466,0.132,0.113,0.00
8546,Pursuer,0.441,0.466,0.131,0.159,0.00
8547,Pursuer,0.441,0.466,0.150,0.139,0.00
8548,Pursuer,0.441,0.466,0.119,0.121,0.00
8549,Pursuer,0.441,0.466,0.139,0.137,0.00
8550,Runner,0.441,0.466,0.133,0.136,0.10
8551,Pursuer,0.441,0.466,0.133,0.120,0.00
8552,Pursuer,0.441,0.466,0.140,0.150,0.00
8553,Runner,0.441,0.466,0.109,0.123,0.00
8554,Pursuer,0.441,0.466,0.138,0.158,0.00
8555,Pursuer,0.441,0.466,0.111,0.138,0.00
8556,Runner,0.441,0.466,0.107,0.149,1.42
8557,Pursuer,0.441,0.466,0.121,0.136,0.00
8558,Pursuer,0.441,0.466,0.129,0.140,0.00
8559,Pursuer,0.441,0.466,0.159,0.147,0.00
8560,Pursuer,0.441,0.466,0.162,0.150,0.00
8561,Pursuer,0.441,0.467,0.135,0.150,0.00
8562,Runner,0.441,0.466,0.170,0.129,0.00
8563,Pursuer,0.441,0.467,0.114,0.129,0.00
8564,Runner,0.441,0.466,0.141,0.132,0.00
8565,Pursuer,0.441,0.467,0.134,0.143,0.00
8566,Pursuer,0.441,0.467,0.131,0.112,0.00
8567,Runner,0.441,0.467,0.129,0.125,0.88
8568,Runner,0.441,0.467,0.142,0.152,2.34
8569,Runner,0.441,0.466,0.137,0.136,2.98
8570,Pursuer,0.441,0.467,0.130,0.172,0.00
8571,Runner,0.441,0.466,0.000,0.000,0.00
8572,Runner,0.441,0.466,0.126,0.099,0.78
8573,Pursuer,0.441,0.466,0.184,0.143,0.00
8574,Pursuer,0.441,0.467,0.125,0.140,0.00
8575,Runner,0.441,0.466,0.107,0.173,0.00
8576,Pursuer,0.441,0.467,0.130,0.122,0.00
8577,Pursuer,0.441,0.467,0.137,0.112,0.00
8578,Runner,0.441,0.467,0.120,0.147,4.80
8579,Runner,0.441,0.466,0.121,0.127,2.28
8580,Pursuer,0.441,0.467,0.120,0.102,0.00
8581,Pursuer,0.441,0.467,0.136,0.106,0.00
8582,Pursuer,0.441,0.467,0.129,0.126,0.00
8583,Runner,0.441,0.467,0.128,0.137,0.00
8584,Runner,0.441,0.467,0.106,0.161,0.08
8585,Pursuer,0.441,0.467,0.136,0.131,0.00
8586,Runner,0.441,0.467,0.139,0.155,0.06
8587,Runner,0.441,0.467,0.137,0.146,2.56
8588,Pursuer,0.441,0.467,0.128,0.136,0.00
8589,Runner,0.441,0.467,0.128,0.166,0.00
8590,Pursuer,0.441,0.467,0.131,0.122,0.00
8591,Runner,0.441,0.467,0.113,0.171,3.00
8592,Runner,0.441,0.466,0.125,0.137,0.12
8593,Draw,0.441,0.466,0.145,0.149,0.00
8594,Pursuer,0.441,0.466,0.118,0.072,0.00
8595,Pursuer,0.441,0.467,0.129,0.150,0.00
8596,Runner,0.441,0.466,0.126,0.145,1.02
8597,Pursuer,0.441,0.467,0.110,0.117,0.00
8598,Pursuer,0.441,0.467,0.119,0.115,0.00
8599,Runner,0.441,0.467,0.120,0.137,0.76
8600,Runner,0.441,0.467,0.136,0.150,0.28
8601,Runner,0.441,0.466,0.152,0.127,0.00
8602,Runner,0.441,0.466,0.192,0.155,0.00
8603,Pursuer,0.441,0.466,0.148,0.087,0.00
8604,Runner,0.441,0.466,0.143,0.157,0.00
8605,Pursuer,0.441,0.466,0.150,0.158,0.00
8606,Runner,0.441,0.466,0.153,0.159,0.00
8607,Pursuer,0.441,0.466,0.000,0.000,0.00
8608,Runner,0.441,0.466,0.121,0.133,0.00
8609,Pursuer,0.441,0.466,0.129,0.137,0.00
8610,Pursuer,0.441,0.467,0.145,0.140,0.00
8611,Runner,0.441,0.466,0.114,0.147,1.30
8612,Draw,0.441,0.466,0.152,0.145,17.10
8613,Runner,0.441,0.466,0.102,0.186,0.00
8614,Runner,0.441,0.466,0.134,0.167,0.00
8615,Pursuer,0.441,0.466,0.116,0.115,0.00
8616,Pursuer,0.441,0.466,0.135,0.153,0.00
8617,Runner,0.441,0.466,0.125,0.125,1.36
8618,Runner,0.441,0.466,0.104,0.166,2.84
8619,Runner,0.441,0.466,0.124,0.117,3.44
8620,Runner,0.441,0.466,0.133,0.130,0.34
8621,Pursuer,0.441,0.466,0.000,0.000,0.00
8622,Pursuer,0.441,0.466,0.151,0.133,0.00
8623,Pursuer,0.441,0.466,0.214,0.187,0.00
8624,Runner,0.441,0.466,0.130,0.137,2.42
8625,Draw,0.441,0.466,0.164,0.141,19.46
8626,Runner,0.441,0.466,0.164,0.109,1.52
8627,Draw,0.441,0.466,0.136,0.126,1.32
8628,Runner,0.441,0.466,0.131,0.126,0.00
8629,Pursuer,0.441,0.466,0.142,0.139,0.00
8630,Runner,0.441,0.466,0.134,0.133,0.00
8631,Runner,0.441,0.466,0.131,0.135,0.00
8632,Runner,0.441,0.466,0.129,0.133,0.14
8633,Runner,0.442,0.466,0.125,0.134,0.60
8634,Pursuer,0.442,0.466,0.127,0.110,0.00
8635,Pursuer,0.441,0.466,0.151,0.128,0.00
8636,Pursuer,0.441,0.466,0.120,0.165,0.00
8637,Pursuer,0.441,0.466,0.131,0.138,0.00
8638,Runner,0.441,0.466,0.129,0.125,0.00
8639,Runner,0.441,0.466,0.117,0.140,0.00
8640,Pursuer,0.441,0.466,0.113,0.105,0.00
8641,Pursuer,0.441,0.466,0.139,0.148,0.00
8642,Runner,0.441,0.466,0.126,0.140,0.00
8643,Runner,0.442,0.466,0.170,0.145,0.00
8644,Runner,0.442,0.466,0.146,0.141,0.00
8645,Pursuer,0.442,0.466,0.104,0.136,0.00
8646,Runner,0.442,0.466,0.126,0.141,1.94
8647,Pursuer,0.442,0.466,0.144,0.102,0.00
8648,Runner,0.442,0.466,0.126,0.114,0.56
8649,Pursuer,0.442,0.466,0.115,0.119,0.00
8650,Pursuer,0.442,0.466,0.114,0.110,0.00
8651,Runner,0.442,0.466,0.124,0.131,5.56
8652,Runner,0.442,0.466,0.118,0.121,3.04
8653,Pursuer,0.442,0.466,0.130,0.148,0.00
8654,Pursuer,0.442,0.466,0.117,0.105,0.00
8655,Runner,0.442,0.466,0.123,0.142,2.48
8656,Runner,0.442,0.466,0.142,0.120,0.00
8657,Pursuer,0.442,0.466,0.131,0.114,0.00
8658,Runner,0.442,0.466,0.108,0.143,0.22
8659,Pursuer,0.442,0.466,0.123,0.133,0.00
8660,Pursuer,0.442,0.466,0.133,0.119,0.00
8661,Runner,0.442,0.466,0.117,0.144,1.02
8662,Pursuer,0.442,0.466,0.150,0.078,0.00
8663,Draw,0.442,0.466,0.135,0.131,15.28
8664,Pursuer,0.441,0.466,0.163,0.163,0.00
8665,Runner,0.442,0.466,0.132,0.147,2.02
8666,Runner,0.442,0.466,0.135,0.133,0.14
8667,Runner,0.442,0.466,0.142,0.153,6.56
8668,Pursuer,0.442,0.466,0.132,0.142,0.00
8669,Runner,0.442,0.466,0.169,0.142,0.00
8670,Pursuer,0.442,0.466,0.097,0.139,0.00
8671,Pursuer,0.442,0.466,0.152,0.114,0.00
8672,Runner,0.442,0.466,0.139,0.151,7.26
8673,Draw,0.442,0.466,0.160,0.145,15.00
8674,Draw,0.442,0.466,0.132,0.145,6.84
8675,Runner,0.442,0.466,0.103,0.126,0.00
8676,Pursuer,0.442,0.466,0.144,0.101,0.00
8677,Pursuer,0.442,0.466,0.109,0.127,0.00
8678,Runner,0.442,0.466,0.132,0.112,0.00
8679,Runner,0.442,0.466,0.119,0.128,0.10
8680,Pursuer,0.442,0.466,0.147,0.111,0.00
8681,Runner,0.442,0.466,0.000,0.000,0.00
8682,Draw,0.442,0.466,0.146,0.142,10.88
8683,Runner,0.442,0.466,0.122,0.164,1.62
8684,Pursuer,0.442,0.466,0.123,0.114,0.00
8685,Runner,0.442,0.466,0.118,0.115,1.08
8686,Pursuer,0.442,0.466,0.145,0.146,0.00
8687,Runner,0.442,0.466,0.118,0.107,0.04
8688,Runner,0.442,0.466,0.101,0.139,1.68
8689,Runner,0.442,0.466,0.097,0.182,0.00
8690,Pursuer,0.442,0.466,0.105,0.111,0.00
8691,Pursuer,0.442,0.466,0.108,0.127,0.00
8692,Runner,0.442,0.466,0.134,0.164,5.60
8693,Pursuer,0.442,0.466,0.122,0.146,0.00
8694,Draw,0.442,0.466,0.125,0.155,0.00
8695,Runner,0.442,0.466,0.097,0.117,0.00
8696,Pursuer,0.442,0.466,0.151,0.098,0.00
8697,Pursuer,0.442,0.466,0.183,0.086,0.00
8698,Runner,0.442,0.466,0.128,0.104,2.90
8699,Draw,0.442,0.466,0.152,0.140,18.50
8700,Runner,0.442,0.466,0.264,0.034,0.00
8701,Runner,0.442,0.466,0.137,0.131,2.86
8702,Pursuer,0.442,0.466,0.140,0.138,0.00
8703,Pursuer,0.442,0.466,0.146,0.163,0.00
8704,Runner,0.442,0.466,0.118,0.126,1.12
8705,Pursuer,0.442,0.466,0.145,0.106,0.00
8706,Runner,0.442,0.466,0.000,0.000,0.02
8707,Pursuer,0.442,0.466,0.154,0.101,0.00
8708,Runner,0.442,0.466,0.138,0.136,2.96
8709,Draw,0.442,0.466,0.120,0.145,16.84
8710,Pursuer,0.442,0.466,0.122,0.148,0.00
8711,Runner,0.442,0.466,0.155,0.121,0.00
8712,Runner,0.442,0.466,0.125,0.136,2.80
8713,Pursuer,0.442,0.466,0.120,0.126,0.00
8714,Runner,0.442,0.466,0.122,0.105,0.26
8715,Runner,0.442,0.466,0.144,0.172,0.00
8716,Runner,0.442,0.466,0.135,0.149,2.26
8717,Runner,0.442,0.466,0.143,0.121,1.74
8718,Runner,0.442,0.466,0.144,0.131,2.02
8719,Pursuer,0.442,0.466,0.180,0.114,0.00
8720,Runner,0.442,0.466,0.136,0.145,0.70
8721,Pursuer,0.442,0.466,0.113,0.107,0.00
8722,Pursuer,0.442,0.466,0.119,0.126,0.00
8723,Runner,0.442,0.466,0.140,0.136,3.32
8724,Runner,0.442,0.466,0.121,0.153,0.00
8725,Draw,0.442,0.466,0.115,0.133,1.22
8726,Runner,0.442,0.466,0.114,0.147,2.64
8727,Runner,0.442,0.465,0.127,0.117,0.00
8728,Pursuer,0.442,0.466,0.132,0.122,0.00
8729,Runner,0.442,0.465,0.113,0.148,0.00
8730,Pursuer,0.442,0.466,0.000,0.000,0.00
8731,Pursuer,0.442,0.466,0.123,0.140,0.00
8732,Runner,0.442,0.466,0.112,0.123,1.48
8733,Runner,0.442,0.465,0.121,0.169,0.18
8734,Pursuer,0.442,0.466,0.000,0.000,0.00
8735,Pursuer,0.442,0.466,0.161,0.142,0.00
8736,Pursuer,0.442,0.466,0.131,0.098,0.00
8737,Runner,0.442,0.466,0.115,0.151,0.00
8738,Pursuer,0.442,0.466,0.136,0.133,0.00
8739,Runner,0.442,0.466,0.115,0.155,0.00
8740,Runner,0.442,0.466,0.134,0.134,0.98
8741,Pursuer,0.442,0.466,0.161,0.129,0.00
8742,Runner,0.442,0.466,0.132,0.129,0.00
8743,Runner,0.442,0.466,0.117,0.130,4.06
8744,Runner,0.442,0.465,0.111,0.142,0.00
8745,Runner,0.442,0.465,0.109,0.158,1.84
8746,Pursuer,0.442,0.465,0.136,0.153,0.00
8747,Runner,0.442,0.465,0.117,0.128,1.46
8748,Runner,0.443,0.465,0.131,0.142,5.76
8749,Pursuer,0.442,0.465,0.000,0.000,0.00
8750,Pursuer,0.442,0.465,0.137,0.138,0.00
8751,Pursuer,0.442,0.466,0.132,0.115,0.00
8752,Pursuer,0.442,0.466,0.126,0.117,0.00
8753,Runner,0.442,0.466,0.109,0.126,0.84
8754,Draw,0.442,0.466,0.142,0.141,14.58
8755,Pursuer,0.442,0.466,0.154,0.154,0.00
8756,Pursuer,0.442,0.466,0.119,0.140,0.00
8757,Runner,0.442,0.466,0.123,0.132,3.12
8758,Runner,0.442,0.466,0.121,0.154,0.00
8759,Runner,0.442,0.465,0.112,0.140,1.90
8760,Draw,0.442,0.465,0.160,0.145,19.16
8761,Runner,0.442,0.465,0.120,0.116,1.38
8762,Runner,0.442,0.465,0.149,0.140,2.30
8763,Runner,0.443,0.465,0.113,0.136,1.22
8764,Draw,0.442,0.465,0.147,0.149,17.62
8765,Runner,0.443,0.465,0.136,0.122,2.04
8766,Runner,0.443,0.465,0.172,0.152,0.02
8767,Pursuer,0.443,0.465,0.000,0.000,0.00
8768,Runner,0.443,0.465,0.140,0.117,0.46
8769,Runner,0.443,0.465,0.107,0.124,0.84
8770,Pursuer,0.443,0.465,0.135,0.147,0.00
8771,Pursuer,0.443,0.465,0.126,0.089,0.00
8772,Runner,0.443,0.465,0.122,0.125,0.00
8773,Runner,0.443,0.465,0.158,0.121,0.00
8774,Runner,0.443,0.465,0.140,0.135,0.00
8775,Runner,0.443,0.465,0.000,0.000,0.00
8776,Pursuer,0.443,0.465,0.137,0.123,0.00
8777,Draw,0.443,0.465,0.152,0.139,15.12
8778,Pursuer,0.443,0.465,0.184,0.135,0.00
8779,Runner,0.443,0.465,0.109,0.160,2.56
8780,Runner,0.443,0.465,0.118,0.151,0.00
8781,Runner,0.443,0.465,0.130,0.146,0.36
8782,Runner,0.443,0.465,0.124,0.119,0.00
8783,Runner,0.443,0.465,0.105,0.161,0.00
8784,Pursuer,0.443,0.465,0.132,0.138,0.00
8785,Runner,0.443,0.465,0.177,0.138,0.00
8786,Pursuer,0.443,0.465,0.183,0.186,0.00
8787,Pursuer,0.443,0.465,0.100,0.136,0.00
8788,Runner,0.443,0.465,0.129,0.133,2.04
8789,Runner,0.443,0.465,0.105,0.154,0.00
8790,Pursuer,0.443,0.465,0.165,0.146,0.00
8791,Runner,0.443,0.465,0.104,0.105,0.00
8792,Pursuer,0.443,0.465,0.000,0.000,0.00
8793,Pursuer,0.443,0.465,0.109,0.135,0.00
8794,Runner,0.443,0.465,0.160,0.126,0.52
8795,Pursuer,0.443,0.465,0.153,0.133,0.00
8796,Pursuer,0.443,0.465,0.098,0.052,0.00
8797,Pursuer,0.443,0.465,0.127,0.118,0.00
8798,Pursuer,0.443,0.465,0.124,0.150,0.00
8799,Pursuer,0.443,0.465,0.153,0.092,0.00
8800,Runner,0.443,0.465,0.178,0.133,0.22
8801,Pursuer,0.443,0.465,0.114,0.174,0.00
8802,Pursuer,0.443,0.465,0.134,0.153,0.00
8803,Draw,0.443,0.465,0.135,0.134,0.14
8804,Runner,0.443,0.465,0.115,0.151,0.00
8805,Pursuer,0.443,0.465,0.138,0.146,0.00
8806,Runner,0.443,0.465,0.137,0.120,0.00
8807,Runner,0.443,0.465,0.113,0.142,0.00
8808,Pursuer,0.443,0.465,0.000,0.000,0.00
8809,Pursuer,0.443,0.465,0.148,0.171,0.00
8810,Pursuer,0.443,0.465,0.121,0.124,0.00
8811,Runner,0.443,0.465,0.138,0.151,8.34
8812,Runner,0.443,0.465,0.138,0.132,0.80
8813,Runner,0.443,0.465,0.141,0.119,0.14
8814,Runner,0.443,0.465,0.153,0.146,3.14
8815,Pursuer,0.443,0.465,0.142,0.142,0.00
8816,Runner,0.443,0.465,0.124,0.134,0.52
8817,Pursuer,0.443,0.465,0.152,0.117,0.00
8818,Runner,0.443,0.465,0.126,0.144,0.00
8819,Pursuer,0.443,0.465,0.000,0.000,0.00
8820,Runner,0.443,0.465,0.137,0.116,5.92
8821,Pursuer,0.443,0.465,0.156,0.179,0.00
8822,Runner,0.443,0.465,0.158,0.131,0.00
8823,Pursuer,0.443,0.465,0.115,0.125,0.00
8824,Runner,0.443,0.465,0.153,0.123,0.08
8825,Runner,0.443,0.465,0.148,0.141,0.00
8826,Pursuer,0.443,0.465,0.090,0.122,0.00
8827,Pursuer,0.443,0.465,0.122,0.147,0.00
8828,Runner,0.443,0.465,0.093,0.110,1.78
8829,Runner,0.443,0.465,0.128,0.154,3.68
8830,Pursuer,0.443,0.465,0.141,0.150,0.00
8831,Runner,0.443,0.465,0.000,0.000,0.00
8832,Runner,0.443,0.465,0.103,0.133,1.68
8833,Runner,0.443,0.465,0.122,0.112,0.00
8834,Runner,0.443,0.465,0.109,0.143,0.00
8835,Runner,0.443,0.465,0.143,0.131,4.18
8836,Runner,0.443,0.465,0.137,0.144,1.98
8837,Runner,0.443,0.465,0.149,0.121,2.02
8838,Runner,0.444,0.465,0.105,0.144,0.00
8839,Pursuer,0.443,0.465,0.132,0.160,0.00
8840,Runner,0.444,0.465,0.119,0.123,2.32
8841,Runner,0.444,0.465,0.141,0.143,1.00
8842,Runner,0.444,0.465,0.110,0.144,1.30
8843,Pursuer,0.444,0.465,0.134,0.106,0.00
8844,Runner,0.444,0.465,0.118,0.150,0.02
8845,Runner,0.444,0.465,0.119,0.140,1.80
8846,Pursuer,0.444,0.465,0.000,0.000,0.00
8847,Runner,0.444,0.465,0.136,0.119,0.84
8848,Runner,0.444,0.465,0.165,0.165,0.00
8849,Pursuer,0.444,0.465,0.128,0.130,0.00
8850,Runner,0.444,0.465,0.098,0.169,2.08
8851,Runner,0.444,0.464,0.096,0.133,0.02
8852,Draw,0.444,0.464,0.133,0.145,18.44
8853,Runner,0.444,0.464,0.157,0.135,0.38
8854,Runner,0.444,0.464,0.134,0.127,0.00
8855,Runner,0.444,0.464,0.140,0.133,0.00
8856,Runner,0.444,0.464,0.111,0.145,0.38
8857,Pursuer,0.444,0.464,0.133,0.129,0.00
8858,Runner,0.444,0.464,0.116,0.170,0.00
8859,Pursuer,0.444,0.464,0.142,0.119,0.00
8860,Runner,0.444,0.464,0.000,0.000,0.00
8861,Draw,0.444,0.464,0.137,0.156,18.26
8862,Pursuer,0.444,0.464,0.136,0.131,0.00
8863,Runner,0.444,0.464,0.120,0.147,0.76
8864,Pursuer,0.444,0.464,0.151,0.137,0.00
8865,Runner,0.444,0.464,0.096,0.141,1.10
8866,Runner,0.444,0.464,0.130,0.128,3.12
8867,Pursuer,0.444,0.464,0.141,0.115,0.00
8868,Runner,0.444,0.464,0.094,0.105,0.00
8869,Draw,0.444,0.464,0.137,0.120,0.70
8870,Pursuer,0.444,0.464,0.155,0.156,0.00
8871,Pursuer,0.444,0.464,0.172,0.127,0.00
8872,Runner,0.444,0.464,0.113,0.176,0.00
8873,Runner,0.444,0.464,0.109,0.150,1.70
8874,Pursuer,0.444,0.464,0.144,0.172,0.00
8875,Pursuer,0.444,0.464,0.149,0.129,0.00
8876,Pursuer,0.444,0.464,0.105,0.124,0.00
8877,Runner,0.444,0.464,0.138,0.142,0.00
8878,Runner,0.444,0.464,0.135,0.124,0.00
8879,Pursuer,0.444,0.464,0.141,0.121,0.00
8880,Runner,0.444,0.464,0.129,0.118,0.00
8881,Runner,0.444,0.464,0.125,0.154,0.08
8882,Runner,0.444,0.464,0.103,0.158,0.00
8883,Runner,0.444,0.464,0.124,0.139,2.20
8884,Runner,0.444,0.464,0.126,0.302,0.00
8885,Pursuer,0.444,0.464,0.148,0.112,0.00
8886,Runner,0.444,0.464,0.133,0.145,0.00
8887,Pursuer,0.444,0.464,0.000,0.000,0.00
8888,Pursuer,0.444,0.464,0.141,0.128,0.00
8889,Runner,0.444,0.464,0.137,0.119,0.00
8890,Draw,0.444,0.464,0.139,0.148,17.10
8891,Runner,0.444,0.464,0.099,0.141,1.72
8892,Draw,0.444,0.464,0.132,0.146,14.12
8893,Runner,0.444,0.464,0.093,0.135,2.04
8894,Runner,0.444,0.464,0.142,0.140,0.00
8895,Runner,0.445,0.464,0.162,0.102,0.00
8896,Runner,0.445,0.464,0.140,0.160,2.76
8897,Pursuer,0.445,0.464,0.158,0.111,0.00
8898,Runner,0.445,0.464,0.139,0.152,0.00
8899,Runner,0.445,0.464,0.150,0.131,0.00
8900,Runner,0.445,0.464,0.136,0.127,4.30
8901,Pursuer,0.445,0.464,0.138,0.151,0.00
8902,Pursuer,0.445,0.464,0.162,0.123,0.00
8903,Runner,0.445,0.464,0.135,0.136,0.00
8904,Draw,0.445,0.464,0.129,0.135,17.16
8905,Runner,0.445,0.464,0.150,0.189,0.00
8906,Pursuer,0.445,0.464,0.096,0.193,0.00
8907,Pursuer,0.445,0.464,0.128,0.125,0.00
8908,Runner,0.445,0.464,0.101,0.247,0.00
8909,Pursuer,0.445,0.464,0.130,0.130,0.00
8910,Runner,0.445,0.464,0.155,0.109,1.44
8911,Pursuer,0.445,0.464,0.148,0.155,0.00
8912,Draw,0.445,0.464,0.148,0.153,15.12
8913,Runner,0.445,0.464,0.130,0.134,0.00
8914,Pursuer,0.445,0.464,0.152,0.131,0.00
8915,Pursuer,0.445,0.464,0.139,0.162,0.00
8916,Pursuer,0.444,0.464,0.144,0.144,0.00
8917,Pursuer,0.444,0.464,0.138,0.141,0.00
8918,Runner,0.444,0.464,0.161,0.149,0.00
8919,Pursuer,0.444,0.464,0.194,0.080,0.00
8920,Runner,0.445,0.464,0.000,0.000,0.02
8921,Runner,0.445,0.464,0.141,0.138,1.92
8922,Runner,0.445,0.464,0.115,0.126,0.00
8923,Runner,0.445,0.464,0.131,0.144,0.20
8924,Runner,0.445,0.464,0.147,0.107,1.22
8925,Runner,0.445,0.464,0.112,0.128,0.44
8926,Pursuer,0.445,0.464,0.095,0.030,0.00
8927,Runner,0.445,0.464,0.089,0.141,0.42
8928,Pursuer,0.445,0.464,0.228,0.181,0.00
8929,Pursuer,0.445,0.464,0.097,0.110,0.00
8930,Runner,0.445,0.464,0.147,0.171,0.90
8931,Runner,0.445,0.464,0.156,0.147,3.76
8932,Runner,0.445,0.464,0.136,0.174,0.00
8933,Runner,0.445,0.463,0.101,0.142,2.60
8934,Pursuer,0.445,0.464,0.123,0.133,0.00
8935,Runner,0.445,0.463,0.085,0.123,0.02
8936,Runner,0.445,0.463,0.149,0.155,3.64
8937,Pursuer,0.445,0.463,0.126,0.112,0.00
8938,Pursuer,0.445,0.464,0.148,0.154,0.00
8939,Runner,0.445,0.463,0.165,0.186,0.22
8940,Pursuer,0.445,0.464,0.164,0.187,0.00
8941,Runner,0.445,0.463,0.156,0.124,0.06
8942,Runner,0.445,0.463,0.134,0.138,2.76
8943,Pursuer,0.445,0.463,0.119,0.139,0.00
8944,Runner,0.445,0.463,0.110,0.135,2.34
8945,Pursuer,0.445,0.463,0.134,0.134,0.00
8946,Runner,0.445,0.463,0.123,0.145,2.76
8947,Pursuer,0.445,0.464,0.143,0.145,0.00
8948,Pursuer,0.445,0.464,0.118,0.137,0.00
8949,Pursuer,0.445,0.464,0.127,0.131,0.00
8950,Draw,0.445,0.464,0.106,0.148,0.00
8951,Draw,0.445,0.464,0.149,0.156,12.76
8952,Pursuer,0.445,0.464,0.135,0.136,0.00
8953,Pursuer,0.445,0.464,0.149,0.149,0.00
8954,Runner,0.445,0.464,0.142,0.174,3.32
8955,Runner,0.445,0.464,0.096,0.161,0.00
8956,Pursuer,0.445,0.464,0.104,0.109,0.00
8957,Draw,0.445,0.464,0.155,0.128,0.00
8958,Runner,0.445,0.463,0.000,0.000,0.00
8959,Pursuer,0.445,0.464,0.136,0.141,0.00
8960,Pursuer,0.445,0.464,0.107,0.135,0.00
8961,Pursuer,0.445,0.464,0.125,0.099,0.00
8962,Runner,0.445,0.464,0.118,0.134,0.68
8963,Pursuer,0.445,0.464,0.185,0.129,0.00
8964,Runner,0.445,0.464,0.122,0.150,0.00
8965,Pursuer,0.445,0.464,0.135,0.100,0.00
8966,Pursuer,0.445,0.464,0.117,0.142,0.00
8967,Runner,0.445,0.464,0.128,0.133,0.90
8968,Runner,0.445,0.464,0.111,0.139,0.00
8969,Pursuer,0.445,0.464,0.173,0.119,0.00
8970,Runner,0.445,0.464,0.000,0.000,0.02
8971,Runner,0.445,0.464,0.085,0.142,0.00
8972,Pursuer,0.445,0.464,0.146,0.143,0.00
8973,Runner,0.445,0.464,0.000,0.000,0.00
8974,Pursuer,0.445,0.464,0.106,0.157,0.00
8975,Runner,0.445,0.464,0.138,0.135,0.00
8976,Pursuer,0.445,0.464,0.125,0.104,0.00
8977,Pursuer,0.445,0.464,0.098,0.164,0.00
8978,Pursuer,0.445,0.464,0.146,0.143,0.00
8979,Pursuer,0.445,0.464,0.129,0.155,0.00
8980,Pursuer,0.445,0.464,0.146,0.108,0.00
8981,Runner,0.445,0.464,0.088,0.159,0.60
8982,Runner,0.445,0.464,0.127,0.152,0.18
8983,Draw,0.445,0.464,0.121,0.139,18.02
8984,Pursuer,0.445,0.464,0.131,0.116,0.00
8985,Pursuer,0.445,0.464,0.146,0.156,0.00
8986,Runner,0.445,0.464,0.152,0.167,1.26
8987,Runner,0.445,0.464,0.147,0.102,0.00
8988,Runner,0.445,0.464,0.151,0.177,0.00
8989,Pursuer,0.445,0.464,0.140,0.099,0.00
8990,Runner,0.445,0.464,0.125,0.145,0.00
8991,Runner,0.445,0.464,0.105,0.136,4.14
8992,Pursuer,0.445,0.464,0.137,0.130,0.00
8993,Runner,0.445,0.464,0.128,0.120,0.00
8994,Runner,0.445,0.464,0.101,0.182,0.00
8995,Runner,0.445,0.464,0.090,0.111,0.00
8996,Pursuer,0.445,0.464,0.104,0.145,0.00
8997,Runner,0.445,0.464,0.147,0.129,1.84
8998,Pursuer,0.445,0.464,0.113,0.168,0.00
8999,Runner,0.445,0.464,0.122,0.132,0.00
9000,Pursuer,0.445,0.464,0.181,0.184,0.00
9001,Pursuer,0.445,0.464,0.126,0.115,0.00
9002,Pursuer,0.445,0.464,0.150,0.134,0.00
9003,Runner,0.445,0.464,0.176,0.110,0.10
9004,Pursuer,0.445,0.464,0.000,0.000,0.00
9005,Pursuer,0.445,0.464,0.130,0.101,0.00
9006,Runner,0.445,0.464,0.117,0.133,5.12
9007,Pursuer,0.445,0.464,0.143,0.120,0.00
9008,Runner,0.445,0.464,0.156,0.112,1.38
9009,Pursuer,0.445,0.464,0.000,0.000,0.00
9010,Pursuer,0.445,0.464,0.124,0.092,0.00
9011,Runner,0.445,0.464,0.134,0.135,0.00
9012,Runner,0.445,0.464,0.121,0.124,0.00
9013,Draw,0.445,0.464,0.150,0.115,0.00
9014,Pursuer,0.445,0.464,0.125,0.131,0.00
9015,Pursuer,0.445,0.464,0.085,0.183,0.00
9016,Pursuer,0.445,0.464,0.129,0.122,0.00
9017,Runner,0.445,0.464,0.109,0.146,0.00
9018,Runner,0.445,0.464,0.118,0.130,4.02
9019,Pursuer,0.445,0.464,0.130,0.115,0.00
9020,Runner,0.445,0.464,0.114,0.140,2.98
9021,Runner,0.445,0.464,0.116,0.136,3.40
9022,Runner,0.445,0.464,0.144,0.143,1.10
9023,Pursuer,0.445,0.464,0.141,0.130,0.00
9024,Runner,0.445,0.464,0.140,0.168,0.52
9025,Pursuer,0.445,0.464,0.149,0.145,0.00
9026,Runner,0.445,0.464,0.118,0.139,4.40
9027,Pursuer,0.445,0.464,0.137,0.135,0.00
9028,Runner,0.445,0.464,0.133,0.106,0.00
9029,Pursuer,0.445,0.464,0.000,0.000,0.00
9030,Runner,0.445,0.464,0.130,0.107,1.42
9031,Runner,0.445,0.464,0.110,0.204,0.00
9032,Pursuer,0.445,0.464,0.109,0.150,0.00
9033,Pursuer,0.445,0.464,0.144,0.139,0.00
9034,Pursuer,0.445,0.464,0.146,0.144,0.00
9035,Draw,0.445,0.464,0.153,0.150,15.48
9036,Runner,0.445,0.464,0.140,0.141,5.42
9037,Runner,0.445,0.464,0.115,0.141,2.34
9038,Pursuer,0.445,0.464,0.120,0.151,0.00
9039,Runner,0.445,0.464,0.145,0.094,0.00
9040,Pursuer,0.445,0.464,0.100,0.131,0.00
9041,Pursuer,0.445,0.464,0.140,0.212,0.00
9042,Runner,0.445,0.464,0.147,0.121,0.00
9043,Runner,0.445,0.464,0.160,0.144,0.60
9044,Runner,0.445,0.464,0.110,0.114,0.00
9045,Runner,0.445,0.464,0.166,0.117,0.12
9046,Runner,0.445,0.464,0.126,0.121,2.08
9047,Runner,0.445,0.464,0.149,0.134,5.74
9048,Pursuer,0.445,0.464,0.135,0.125,0.00
9049,Pursuer,0.445,0.464,0.141,0.158,0.00
9050,Pursuer,0.445,0.464,0.123,0.128,0.00
9051,Runner,0.445,0.464,0.093,0.129,0.00
9052,Runner,0.445,0.464,0.166,0.120,0.00
9053,Pursuer,0.445,0.464,0.146,0.124,0.00
9054,Draw,0.445,0.464,0.146,0.144,17.80
9055,Pursuer,0.445,0.464,0.000,0.000,0.00
9056,Draw,0.445,0.464,0.103,0.151,0.00
9057,Pursuer,0.445,0.464,0.127,0.117,0.00
9058,Pursuer,0.445,0.464,0.117,0.122,0.00
9059,Pursuer,0.445,0.464,0.134,0.123,0.00
9060,Pursuer,0.445,0.464,0.114,0.141,0.00
9061,Pursuer,0.445,0.464,0.144,0.108,0.00
9062,Pursuer,0.445,0.464,0.156,0.116,0.00
9063,Pursuer,0.445,0.464,0.191,0.199,0.00
9064,Pursuer,0.445,0.464,0.161,0.117,0.00
9065,Runner,0.445,0.464,0.106,0.150,0.00
9066,Runner,0.445,0.464,0.116,0.146,0.00
9067,Pursuer,0.445,0.464,0.137,0.123,0.00
9068,Runner,0.445,0.464,0.343,0.111,0.04
9069,Draw,0.445,0.464,0.143,0.150,17.70
9070,Runner,0.445,0.464,0.093,0.142,0.76
9071,Runner,0.445,0.464,0.092,0.154,0.00
9072,Runner,0.445,0.464,0.116,0.131,1.32
9073,Runner,0.445,0.464,0.098,0.151,1.16
9074,Runner,0.445,0.464,0.129,0.149,0.00
9075,Draw,0.445,0.464,0.140,0.139,15.38
9076,Runner,0.445,0.464,0.116,0.137,2.96
9077,Runner,0.445,0.464,0.132,0.134,0.00
9078,Draw,0.445,0.464,0.153,0.138,10.94
9079,Runner,0.445,0.463,0.124,0.123,0.00
9080,Pursuer,0.445,0.464,0.176,0.080,0.00
9081,Pursuer,0.445,0.464,0.122,0.113,0.00
9082,Pursuer,0.445,0.464,0.126,0.094,0.00
9083,Pursuer,0.445,0.464,0.135,0.113,0.00
9084,Runner,0.445,0.464,0.107,0.147,0.00
9085,Pursuer,0.445,0.464,0.130,0.130,0.00
9086,Pursuer,0.445,0.464,0.160,0.193,0.00
9087,Runner,0.445,0.464,0.127,0.138,0.00
9088,Pursuer,0.445,0.464,0.177,0.133,0.00
9089,Runner,0.445,0.464,0.164,0.125,1.58
9090,Runner,0.445,0.464,0.147,0.176,0.88
9091,Pursuer,0.445,0.464,0.156,0.109,0.00
9092,Runner,0.445,0.464,0.121,0.159,0.06
9093,Runner,0.445,0.464,0.091,0.155,0.44
9094,Runner,0.445,0.464,0.112,0.152,0.00
9095,Runner,0.445,0.464,0.136,0.134,1.42
9096,Runner,0.445,0.464,0.142,0.113,0.00
9097,Pursuer,0.445,0.464,0.136,0.137,0.00
9098,Runner,0.445,0.464,0.131,0.171,0.00
9099,Runner,0.445,0.463,0.131,0.132,4.38
9100,Pursuer,0.445,0.464,0.128,0.139,0.00
9101,Runner,0.445,0.463,0.133,0.161,0.76
9102,Runner,0.446,0.463,0.128,0.150,2.40
9103,Runner,0.446,0.463,0.130,0.115,0.00
9104,Pursuer,0.446,0.463,0.144,0.114,0.00
9105,Runner,0.446,0.463,0.147,0.152,0.26
9106,Runner,0.446,0.463,0.125,0.149,3.20
9107,Pursuer,0.446,0.463,0.135,0.098,0.00
9108,Pursuer,0.446,0.463,0.069,0.020,0.00
9109,Runner,0.446,0.463,0.129,0.121,2.26
9110,Runner,0.446,0.463,0.114,0.127,0.00
9111,Runner,0.446,0.463,0.110,0.117,0.00
9112,Pursuer,0.446,0.463,0.141,0.104,0.00
9113,Pursuer,0.446,0.463,0.128,0.129,0.00
9114,Draw,0.446,0.463,0.106,0.142,0.00
9115,Pursuer,0.446,0.463,0.103,0.105,0.00
9116,Runner,0.446,0.463,0.195,0.157,0.00
9117,Pursuer,0.446,0.463,0.145,0.123,0.00
9118,Runner,0.446,0.463,0.139,0.138,1.34
9119,Draw,0.446,0.463,0.141,0.140,19.76
9120,Runner,0.446,0.463,0.171,0.138,0.00
9121,Pursuer,0.446,0.463,0.140,0.119,0.00
9122,Runner,0.446,0.463,0.141,0.153,0.00
9123,Runner,0.446,0.463,0.148,0.138,0.28
9124,Pursuer,0.446,0.463,0.500,0.390,0.00
9125,Pursuer,0.446,0.463,0.098,0.097,0.00
9126,Runner,0.446,0.463,0.143,0.168,1.10
9127,Pursuer,0.446,0.463,0.137,0.137,0.00
9128,Runner,0.446,0.463,0.130,0.119,0.62
9129,Runner,0.446,0.463,0.127,0.164,2.24
9130,Runner,0.446,0.463,0.133,0.133,2.68
9131,Runner,0.446,0.463,0.129,0.149,0.00
9132,Pursuer,0.446,0.463,0.000,0.000,0.00
9133,Runner,0.446,0.463,0.180,0.140,0.00
9134,Pursuer,0.446,0.463,0.150,0.190,0.00
9135,Pursuer,0.446,0.463,0.113,0.134,0.00
9136,Runner,0.446,0.463,0.000,0.000,0.00
9137,Pursuer,0.446,0.463,0.119,0.121,0.00
9138,Runner,0.446,0.463,0.117,0.140,0.26
9139,Pursuer,0.446,0.463,0.235,1.597,0.00
9140,Runner,0.446,0.463,0.131,0.131,7.80
9141,Runner,0.446,0.463,0.121,0.121,1.58
9142,Runner,0.446,0.463,0.096,0.130,2.08
9143,Runner,0.446,0.463,0.147,0.115,0.56
9144,Runner,0.446,0.463,0.128,0.150,0.00
9145,Pursuer,0.446,0.463,0.151,0.141,0.00
9146,Runner,0.446,0.463,0.110,0.089,0.68
9147,Pursuer,0.446,0.463,0.146,0.141,0.00
9148,Runner,0.446,0.463,0.116,0.131,2.12
9149,Runner,0.446,0.463,0.118,0.117,1.62
9150,Pursuer,0.446,0.463,0.232,0.134,0.00
9151,Pursuer,0.446,0.463,0.149,0.101,0.00
9152,Pursuer,0.446,0.463,0.160,0.103,0.00
9153,Pursuer,0.446,0.463,0.137,0.120,0.00
9154,Runner,0.446,0.463,0.126,0.167,0.00
9155,Runner,0.446,0.463,0.099,0.146,1.00
9156,Runner,0.446,0.463,0.138,0.165,0.88
9157,Pursuer,0.446,0.463,0.114,0.138,0.00
9158,Runner,0.446,0.463,0.135,0.154,7.72
9159,Pursuer,0.446,0.463,0.131,0.118,0.00
9160,Pursuer,0.446,0.463,0.131,0.129,0.00
9161,Runner,0.446,0.463,0.105,0.155,0.56
9162,Pursuer,0.446,0.463,0.114,0.117,0.00
9163,Runner,0.446,0.463,0.114,0.122,1.26
9164,Pursuer,0.446,0.463,0.108,0.155,0.00
9165,Pursuer,0.446,0.463,0.122,0.123,0.00
9166,Runner,0.446,0.463,0.141,0.147,0.06
9167,Runner,0.446,0.463,0.107,0.144,0.00
9168,Pursuer,0.446,0.463,0.114,0.129,0.00
9169,Runner,0.446,0.463,0.127,0.140,0.00
9170,Pursuer,0.446,0.463,0.130,0.111,0.00
9171,Runner,0.446,0.463,0.144,0.114,0.20
9172,Runner,0.446,0.463,0.201,0.155,0.00
9173,Pursuer,0.446,0.463,0.213,0.131,0.00
9174,Pursuer,0.446,0.463,0.149,0.167,0.00
9175,Draw,0.446,0.463,0.144,0.141,18.84
9176,Pursuer,0.446,0.463,0.257,0.248,0.00
9177,Runner,0.446,0.463,0.148,0.108,0.00
9178,Pursuer,0.446,0.463,0.147,0.116,0.00
9179,Runner,0.446,0.463,0.126,0.161,3.00
9180,Pursuer,0.446,0.463,0.125,0.144,0.00
9181,Runner,0.446,0.463,0.139,0.140,4.96
9182,Pursuer,0.446,0.463,0.150,0.137,0.00
9183,Runner,0.446,0.463,0.177,0.243,0.00
9184,Pursuer,0.446,0.463,0.114,0.116,0.00
9185,Pursuer,0.446,0.463,0.131,0.131,0.00
9186,Runner,0.446,0.463,0.135,0.120,0.00
9187,Pursuer,0.446,0.463,0.149,0.113,0.00
9188,Pursuer,0.446,0.463,0.201,0.234,0.00
9189,Pursuer,0.446,0.463,0.179,0.127,0.00
9190,Runner,0.446,0.463,0.136,0.111,0.00
9191,Pursuer,0.446,0.463,0.122,0.124,0.00
9192,Pursuer,0.446,0.464,0.123,0.133,0.00
9193,Runner,0.446,0.464,0.119,0.121,1.56
9194,Runner,0.446,0.463,0.150,0.152,0.00
9195,Runner,0.446,0.463,0.155,0.115,0.00
9196,Runner,0.446,0.463,0.118,0.136,0.00
9197,Draw,0.446,0.463,0.151,0.147,19.98
9198,Pursuer,0.446,0.463,0.000,0.000,0.00
9199,Pursuer,0.446,0.463,0.147,0.106,0.00
9200,Runner,0.446,0.463,0.127,0.164,0.00
9201,Runner,0.446,0.463,0.148,0.154,0.00
9202,Runner,0.446,0.463,0.118,0.143,1.06
9203,Pursuer,0.446,0.463,0.000,0.000,0.00
9204,Draw,0.446,0.463,0.140,0.142,0.00
9205,Runner,0.446,0.463,0.193,0.176,0.00
9206,Runner,0.446,0.463,0.175,0.156,0.00
9207,Runner,0.446,0.463,0.144,0.151,1.38
9208,Runner,0.446,0.463,0.121,0.106,0.38
9209,Runner,0.446,0.463,0.104,0.167,0.00
9210,Pursuer,0.446,0.463,0.234,0.099,0.00
9211,Pursuer,0.446,0.463,0.114,0.225,0.00
9212,Runner,0.446,0.463,0.111,0.144,0.00
9213,Pursuer,0.446,0.463,0.125,0.131,0.00
9214,Runner,0.446,0.463,0.139,0.126,0.00
9215,Pursuer,0.446,0.463,0.145,0.124,0.00
9216,Pursuer,0.446,0.463,0.149,0.146,0.00
9217,Pursuer,0.446,0.463,0.122,0.130,0.00
9218,Pursuer,0.446,0.463,0.135,0.140,0.00
9219,Runner,0.446,0.463,0.121,0.119,1.42
9220,Runner,0.446,0.463,0.122,0.136,0.00
9221,Runner,0.446,0.463,0.139,0.138,7.34
9222,Runner,0.446,0.463,0.135,0.139,0.00
9223,Pursuer,0.446,0.463,0.116,0.131,0.00
9224,Pursuer,0.446,0.463,0.147,0.125,0.00
9225,Runner,0.446,0.463,0.117,0.109,2.32
9226,Pursuer,0.446,0.463,0.114,0.120,0.00
9227,Runner,0.446,0.463,0.169,0.125,0.76
9228,Runner,0.446,0.463,0.124,0.129,0.16
9229,Runner,0.447,0.463,0.134,0.118,0.64
9230,Draw,0.446,0.463,0.148,0.149,16.92
9231,Runner,0.447,0.463,0.130,0.155,0.00
9232,Runner,0.447,0.463,0.110,0.122,0.00
9233,Runner,0.447,0.463,0.101,0.139,2.58
9234,Runner,0.447,0.463,0.144,0.164,0.44
9235,Runner,0.447,0.463,0.134,0.148,1.56
9236,Pursuer,0.447,0.463,0.130,0.111,0.00
9237,Pursuer,0.447,0.463,0.026,0.180,0.00
9238,Pursuer,0.447,0.463,0.151,0.129,0.00
9239,Pursuer,0.447,0.463,0.111,0.123,0.00
9240,Runner,0.447,0.463,0.144,0.169,0.54
9241,Runner,0.447,0.463,0.135,0.135,0.00
9242,Runner,0.447,0.463,0.101,0.128,1.94
9243,Draw,0.447,0.463,0.147,0.151,18.48
9244,Runner,0.447,0.463,0.132,0.111,0.00
9245,Pursuer,0.447,0.463,0.000,0.000,0.00
9246,Runner,0.447,0.463,0.122,0.141,0.10
9247,Runner,0.447,0.463,0.112,0.157,1.34
9248,Pursuer,0.447,0.463,0.132,0.104,0.00
9249,Runner,0.447,0.463,0.126,0.152,2.18
9250,Pursuer,0.447,0.463,0.115,0.123,0.00
9251,Runner,0.447,0.463,0.177,0.169,1.30
9252,Runner,0.447,0.463,0.137,0.137,0.00
9253,Pursuer,0.447,0.463,0.167,0.159,0.00
9254,Pursuer,0.447,0.463,0.078,0.127,0.00
9255,Pursuer,0.447,0.463,0.053,0.143,0.00
9256,Draw,0.447,0.463,0.148,0.147,18.04
9257,Pursuer,0.447,0.463,0.147,0.116,0.00
9258,Runner,0.447,0.463,0.095,0.127,0.84
9259,Pursuer,0.447,0.463,0.138,0.141,0.00
9260,Runner,0.447,0.463,0.086,0.126,0.00
9261,Pursuer,0.447,0.463,0.144,0.145,0.00
9262,Runner,0.447,0.463,0.128,0.139,0.02
9263,Pursuer,0.447,0.463,0.151,0.110,0.00
9264,Runner,0.447,0.463,0.131,0.104,0.00
9265,Pursuer,0.447,0.463,0.080,0.225,0.00
9266,Runner,0.447,0.463,0.116,0.126,0.42
9267,Runner,0.447,0.463,0.113,0.123,0.04
9268,Runner,0.447,0.463,0.125,0.142,0.00
9269,Draw,0.447,0.463,0.134,0.139,19.12
9270,Pursuer,0.447,0.463,0.000,0.000,0.00
9271,Runner,0.447,0.463,0.120,0.145,0.24
9272,Runner,0.447,0.463,0.126,0.124,0.00
9273,Pursuer,0.447,0.463,0.148,0.123,0.00
9274,Runner,0.447,0.463,0.119,0.128,1.60
9275,Runner,0.447,0.463,0.114,0.166,0.66
9276,Runner,0.447,0.463,0.186,0.101,0.56
9277,Pursuer,0.447,0.463,0.161,0.150,0.00
9278,Runner,0.447,0.463,0.097,0.132,2.62
9279,Pursuer,0.447,0.463,0.126,0.149,0.00
9280,Pursuer,0.447,0.463,0.114,0.359,0.00
9281,Runner,0.447,0.463,0.155,0.172,0.22
9282,Runner,0.447,0.463,0.254,0.060,0.00
9283,Runner,0.447,0.463,0.112,0.120,0.78
9284,Pursuer,0.447,0.463,0.151,0.140,0.00
9285,Pursuer,0.447,0.463,0.133,0.113,0.00
9286,Runner,0.447,0.463,0.152,0.106,0.00
9287,Runner,0.447,0.463,0.123,0.116,1.56
9288,Pursuer,0.447,0.463,0.137,0.089,0.00
9289,Runner,0.447,0.463,0.174,0.127,0.76
9290,Draw,0.447,0.463,0.129,0.124,0.00
9291,Draw,0.447,0.462,0.139,0.140,18.76
9292,Runner,0.447,0.462,0.124,0.119,0.62
9293,Runner,0.447,0.462,0.116,0.146,2.96
9294,Runner,0.447,0.462,0.108,0.135,2.80
9295,Runner,0.447,0.462,0.102,0.139,2.50
9296,Pursuer,0.447,0.462,0.149,0.145,0.00
9297,Runner,0.447,0.462,0.000,0.000,0.00
9298,Pursuer,0.447,0.462,0.122,0.122,0.00
9299,Runner,0.447,0.462,0.132,0.135,0.00
9300,Runner,0.447,0.462,0.143,0.136,0.00
9301,Runner,0.447,0.462,0.065,0.136,0.00
9302,Pursuer,0.447,0.462,0.152,0.130,0.00
9303,Runner,0.447,0.462,0.104,0.130,0.00
9304,Pursuer,0.447,0.462,0.124,0.098,0.00
9305,Draw,0.447,0.462,0.155,0.136,17.98
9306,Runner,0.447,0.462,0.180,0.207,0.00
9307,Pursuer,0.447,0.462,0.171,0.129,0.00
9308,Runner,0.447,0.462,0.099,0.109,0.00
9309,Pursuer,0.447,0.462,0.113,0.169,0.00
9310,Pursuer,0.447,0.462,0.147,0.129,0.00
9311,Pursuer,0.447,0.462,0.148,0.168,0.00
9312,Runner,0.447,0.462,0.000,0.000,0.02
9313,Runner,0.447,0.462,0.122,0.110,0.58
9314,Pursuer,0.447,0.462,0.133,0.133,0.00
9315,Pursuer,0.447,0.462,0.105,0.138,0.00
9316,Pursuer,0.447,0.462,0.141,0.168,0.00
9317,Runner,0.447,0.462,0.127,0.142,0.00
9318,Pursuer,0.447,0.462,0.107,0.131,0.00
9319,Runner,0.447,0.462,0.264,0.442,0.00
9320,Pursuer,0.447,0.462,0.034,0.027,0.00
9321,Runner,0.447,0.462,0.157,0.155,0.00
9322,Runner,0.447,0.462,0.133,0.143,0.36
9323,Runner,0.447,0.462,0.172,0.098,1.14
9324,Pursuer,0.447,0.462,0.146,0.150,0.00
9325,Pursuer,0.447,0.462,0.143,0.120,0.00
9326,Draw,0.447,0.462,0.121,0.145,18.16
9327,Pursuer,0.447,0.462,0.135,0.135,0.00
9328,Pursuer,0.447,0.462,0.134,0.136,0.00
9329,Runner,0.447,0.462,0.173,0.145,0.72
9330,Pursuer,0.447,0.462,0.127,0.116,0.00
9331,Runner,0.447,0.462,0.098,0.137,0.00
9332,Pursuer,0.447,0.462,0.247,0.117,0.00
9333,Runner,0.447,0.462,0.121,0.137,0.48
9334,Runner,0.447,0.462,0.140,0.125,0.00
9335,Runner,0.447,0.462,0.096,0.138,5.20
9336,Pursuer,0.447,0.462,0.000,0.000,0.00
9337,Runner,0.447,0.462,0.118,0.107,0.00
9338,Pursuer,0.447,0.462,0.134,0.138,0.00
9339,Draw,0.447,0.462,0.139,0.142,0.00
9340,Runner,0.447,0.462,0.124,0.133,2.06
9341,Pursuer,0.447,0.462,0.118,0.132,0.00
9342,Runner,0.447,0.462,0.133,0.125,2.32
9343,Runner,0.448,0.462,0.100,0.143,0.00
9344,Pursuer,0.447,0.462,0.106,0.095,0.00
9345,Runner,0.448,0.462,0.170,0.120,1.02
9346,Runner,0.448,0.462,0.125,0.141,0.00
9347,Runner,0.448,0.462,0.129,0.165,0.00
9348,Pursuer,0.448,0.462,0.125,0.144,0.00
9349,Draw,0.448,0.462,0.159,0.135,18.94
9350,Pursuer,0.447,0.462,0.000,0.000,0.00
9351,Runner,0.448,0.462,0.136,0.202,0.00
9352,Runner,0.448,0.462,0.140,0.147,1.30
9353,Runner,0.448,0.462,0.103,0.133,1.36
9354,Draw,0.448,0.462,0.152,0.136,1.64
9355,Pursuer,0.448,0.462,0.100,0.120,0.00
9356,Pursuer,0.448,0.462,0.108,0.148,0.00
9357,Runner,0.448,0.462,0.150,0.123,0.00
9358,Pursuer,0.448,0.462,0.135,0.122,0.00
9359,Runner,0.448,0.462,0.130,0.121,0.00
9360,Runner,0.448,0.462,0.077,0.122,0.00
9361,Runner,0.448,0.462,0.152,0.146,14.40
9362,Runner,0.448,0.462,0.194,0.125,0.00
9363,Runner,0.448,0.462,0.122,0.122,0.00
9364,Pursuer,0.448,0.462,0.118,0.139,0.00
9365,Pursuer,0.448,0.462,0.138,0.138,0.00
9366,Runner,0.448,0.462,0.102,0.179,0.00
9367,Runner,0.448,0.462,0.128,0.121,0.00
9368,Runner,0.448,0.462,0.124,0.106,0.00
9369,Runner,0.448,0.462,0.137,0.120,1.60
9370,Pursuer,0.448,0.462,0.132,0.168,0.00
9371,Pursuer,0.448,0.462,0.124,0.139,0.00
9372,Pursuer,0.448,0.462,0.140,0.112,0.00
9373,Runner,0.448,0.462,0.117,0.133,1.12
9374,Pursuer,0.448,0.462,0.153,0.139,0.00
9375,Runner,0.448,0.462,0.101,0.132,0.00
9376,Runner,0.448,0.462,0.115,0.149,0.00
9377,Pursuer,0.448,0.462,0.116,0.123,0.00
9378,Runner,0.448,0.462,0.117,0.104,0.00
9379,Runner,0.448,0.462,0.156,0.143,0.00
9380,Runner,0.448,0.462,0.126,0.115,0.34
9381,Pursuer,0.448,0.462,0.111,0.130,0.00
9382,Runner,0.448,0.462,0.106,0.127,3.80
9383,Draw,0.448,0.462,0.150,0.156,19.80
9384,Draw,0.448,0.462,0.144,0.135,13.54
9385,Runner,0.448,0.462,0.103,0.152,1.42
9386,Pursuer,0.448,0.462,0.000,0.000,0.00
9387,Pursuer,0.448,0.462,0.181,0.184,0.00
9388,Runner,0.448,0.462,0.144,0.155,0.00
9389,Pursuer,0.448,0.462,0.141,0.137,0.00
9390,Pursuer,0.448,0.462,0.122,0.131,0.00
9391,Runner,0.448,0.462,0.130,0.121,0.00
9392,Pursuer,0.448,0.462,0.128,0.128,0.00
9393,Runner,0.448,0.462,0.136,0.169,0.00
9394,Runner,0.448,0.462,0.099,0.133,5.48
9395,Pursuer,0.448,0.462,0.106,0.145,0.00
9396,Pursuer,0.448,0.462,0.139,0.133,0.00
9397,Runner,0.448,0.462,0.094,0.134,1.56
9398,Runner,0.448,0.462,0.124,0.147,0.46
9399,Runner,0.448,0.462,0.106,0.107,0.26
9400,Pursuer,0.448,0.462,0.147,0.143,0.00
9401,Runner,0.448,0.462,0.136,0.127,0.00
9402,Runner,0.448,0.462,0.126,0.146,8.90
9403,Pursuer,0.448,0.462,0.138,0.136,0.00
9404,Pursuer,0.448,0.462,0.128,0.092,0.00
9405,Pursuer,0.448,0.462,0.145,0.122,0.00
9406,Pursuer,0.448,0.462,0.120,0.095,0.00
9407,Runner,0.448,0.462,0.143,0.132,2.28
9408,Runner,0.448,0.462,0.154,0.153,0.00
9409,Runner,0.448,0.462,0.142,0.290,0.00
9410,Runner,0.448,0.462,0.134,0.124,0.00
9411,Pursuer,0.448,0.462,0.133,0.144,0.00
9412,Pursuer,0.448,0.462,0.130,0.137,0.00
9413,Runner,0.448,0.462,0.106,0.145,0.00
9414,Pursuer,0.448,0.462,0.158,0.093,0.00
9415,Runner,0.448,0.462,0.118,0.124,1.28
9416,Runner,0.448,0.462,0.150,0.126,0.00
9417,Pursuer,0.448,0.462,0.141,0.118,0.00
9418,Pursuer,0.448,0.462,0.127,0.105,0.00
9419,Runner,0.448,0.462,0.170,0.142,2.10
9420,Runner,0.448,0.462,0.147,0.113,0.00
9421,Pursuer,0.448,0.462,0.000,0.000,0.00
9422,Pursuer,0.448,0.462,0.164,0.123,0.00
9423,Pursuer,0.448,0.462,0.112,0.140,0.00
9424,Runner,0.448,0.462,0.149,0.142,1.70
9425,Pursuer,0.448,0.462,0.070,0.034,0.00
9426,Pursuer,0.448,0.462,0.154,0.215,0.00
9427,Runner,0.448,0.462,0.143,0.124,2.18
9428,Pursuer,0.448,0.462,0.130,0.114,0.00
9429,Runner,0.448,0.462,0.121,0.121,0.28
9430,Runner,0.448,0.462,0.136,0.124,0.04
9431,Runner,0.448,0.462,0.143,0.127,0.00
9432,Runner,0.448,0.462,0.114,0.163,0.00
9433,Runner,0.448,0.462,0.122,0.157,0.00
9434,Pursuer,0.448,0.462,0.123,0.137,0.00
9435,Runner,0.448,0.462,0.107,0.132,7.98
9436,Runner,0.448,0.462,0.158,0.150,0.00
9437,Pursuer,0.448,0.462,0.152,0.115,0.00
9438,Pursuer,0.448,0.462,0.123,0.107,0.00
9439,Pursuer,0.448,0.462,0.160,0.155,0.00
9440,Runner,0.448,0.462,0.136,0.134,1.34
9441,Pursuer,0.448,0.462,0.132,0.099,0.00
9442,Pursuer,0.448,0.462,0.133,0.146,0.00
9443,Pursuer,0.448,0.462,0.071,0.167,0.00
9444,Runner,0.448,0.462,0.114,0.131,0.00
9445,Pursuer,0.448,0.462,0.132,0.122,0.00
9446,Runner,0.448,0.462,0.111,0.126,5.08
9447,Runner,0.448,0.462,0.117,0.093,0.00
9448,Pursuer,0.448,0.462,0.096,0.085,0.00
9449,Pursuer,0.448,0.462,0.120,0.103,0.00
9450,Pursuer,0.448,0.462,0.106,0.125,0.00
9451,Pursuer,0.448,0.462,0.131,0.139,0.00
9452,Pursuer,0.448,0.462,0.170,0.123,0.00
9453,Runner,0.448,0.462,0.000,0.000,0.00
9454,Runner,0.448,0.462,0.105,0.128,0.48
9455,Runner,0.448,0.462,0.124,0.127,0.44
9456,Pursuer,0.448,0.462,0.000,0.000,0.00
9457,Runner,0.448,0.462,0.098,0.131,0.00
9458,Runner,0.448,0.462,0.173,0.118,0.00
9459,Runner,0.448,0.462,0.102,0.156,1.86
9460,Draw,0.448,0.462,0.153,0.139,15.46
9461,Pursuer,0.448,0.462,0.130,0.127,0.00
9462,Pursuer,0.448,0.462,0.151,0.158,0.00
9463,Pursuer,0.448,0.462,0.134,0.154,0.00
9464,Runner,0.448,0.462,0.111,0.162,1.20
9465,Pursuer,0.448,0.462,0.128,0.165,0.00
9466,Runner,0.448,0.462,0.000,0.000,0.00
9467,Pursuer,0.448,0.462,0.139,0.112,0.00
9468,Pursuer,0.448,0.462,0.124,0.118,0.00
9469,Draw,0.448,0.462,0.124,0.149,0.00
9470,Pursuer,0.448,0.462,0.169,0.109,0.00
9471,Pursuer,0.448,0.462,0.121,0.108,0.00
9472,Runner,0.448,0.462,0.113,0.139,0.00
9473,Pursuer,0.448,0.462,0.115,0.212,0.00
9474,Pursuer,0.448,0.462,0.154,0.116,0.00
9475,Runner,0.448,0.462,0.107,0.133,0.00
9476,Pursuer,0.448,0.462,0.107,0.134,0.00
9477,Draw,0.448,0.462,0.122,0.144,19.00
9478,Runner,0.448,0.462,0.132,0.174,0.00
9479,Pursuer,0.448,0.462,0.000,0.000,0.00
9480,Pursuer,0.448,0.462,0.060,0.202,0.00
9481,Runner,0.448,0.462,0.120,0.135,0.00
9482,Draw,0.448,0.462,0.142,0.143,19.98
9483,Pursuer,0.448,0.462,0.160,0.104,0.00
9484,Runner,0.448,0.462,0.085,0.136,0.00
9485,Pursuer,0.448,0.462,0.126,0.137,0.00
9486,Runner,0.448,0.462,0.131,0.121,1.08
9487,Runner,0.448,0.462,0.126,0.145,4.34
9488,Pursuer,0.448,0.462,0.148,0.123,0.00
9489,Runner,0.448,0.462,0.000,0.000,0.00
9490,Pursuer,0.448,0.462,0.147,0.103,0.00
9491,Runner,0.448,0.462,0.000,0.000,0.00
9492,Runner,0.448,0.462,0.148,0.109,1.26
9493,Runner,0.448,0.462,0.119,0.144,0.00
9494,Runner,0.448,0.462,0.211,0.147,0.00
9495,Runner,0.448,0.462,0.128,0.151,6.46
9496,Runner,0.448,0.462,0.131,0.155,0.00
9497,Runner,0.448,0.462,0.132,0.136,0.00
9498,Pursuer,0.448,0.462,0.095,0.161,0.00
9499,Runner,0.448,0.462,0.151,0.129,5.50
9500,Runner,0.449,0.462,0.098,0.147,2.80
9501,Runner,0.449,0.462,0.122,0.113,0.00
9502,Draw,0.449,0.462,0.138,0.145,16.52
9503,Runner,0.449,0.462,0.107,0.136,0.00
9504,Pursuer,0.449,0.462,0.132,0.122,0.00
9505,Pursuer,0.449,0.462,0.112,0.107,0.00
9506,Runner,0.449,0.462,0.137,0.114,0.70
9507,Runner,0.449,0.462,0.128,0.126,0.00
9508,Pursuer,0.449,0.462,0.177,0.129,0.00
9509,Runner,0.449,0.462,0.141,0.153,0.00
9510,Pursuer,0.449,0.462,0.000,0.000,0.00
9511,Runner,0.449,0.462,0.137,0.116,1.16
9512,Pursuer,0.449,0.462,0.000,0.000,0.00
9513,Pursuer,0.449,0.462,0.118,0.129,0.00
9514,Runner,0.449,0.462,0.119,0.120,0.00
9515,Pursuer,0.449,0.462,0.142,0.099,0.00
9516,Pursuer,0.449,0.462,0.235,0.126,0.00
9517,Pursuer,0.448,0.462,0.129,0.136,0.00
9518,Pursuer,0.448,0.462,0.105,0.174,0.00
9519,Pursuer,0.448,0.462,0.166,0.122,0.00
9520,Pursuer,0.448,0.462,0.133,0.097,0.00
9521,Runner,0.448,0.462,0.130,0.120,1.44
9522,Pursuer,0.448,0.462,0.150,0.082,0.00
9523,Runner,0.448,0.462,0.119,0.132,2.40
9524,Pursuer,0.448,0.462,0.161,0.140,0.00
9525,Runner,0.448,0.462,0.114,0.139,0.00
9526,Pursuer,0.448,0.462,0.136,0.139,0.00
9527,Pursuer,0.448,0.462,0.155,0.187,0.00
9528,Pursuer,0.448,0.462,0.132,0.205,0.00
9529,Runner,0.448,0.462,0.139,0.150,1.16
9530,Draw,0.448,0.462,0.145,0.142,14.76
9531,Runner,0.448,0.462,0.086,0.136,1.12
9532,Pursuer,0.448,0.462,0.135,0.153,0.00
9533,Runner,0.448,0.462,0.118,0.141,1.60
9534,Runner,0.448,0.462,0.121,0.141,0.00
9535,Pursuer,0.448,0.462,0.133,0.152,0.00
9536,Runner,0.448,0.462,0.123,0.126,3.08
9537,Runner,0.448,0.462,0.124,0.149,0.00
9538,Runner,0.449,0.462,0.122,0.127,1.84
9539,Runner,0.449,0.462,0.149,0.130,0.82
9540,Runner,0.449,0.462,0.113,0.135,2.10
9541,Pursuer,0.449,0.462,0.129,0.118,0.00
9542,Runner,0.449,0.462,0.088,0.140,0.00
9543,Runner,0.449,0.462,0.117,0.108,0.00
9544,Pursuer,0.449,0.462,0.156,0.140,0.00
9545,Pursuer,0.449,0.462,0.127,0.130,0.00
9546,Runner,0.449,0.462,0.153,0.135,0.00
9547,Pursuer,0.449,0.462,0.134,0.138,0.00
9548,Pursuer,0.449,0.462,0.118,0.104,0.00
9549,Pursuer,0.449,0.462,0.128,0.100,0.00
9550,Runner,0.449,0.462,0.099,0.149,0.00
9551,Pursuer,0.449,0.462,0.148,0.107,0.00
9552,Runner,0.449,0.462,0.108,0.143,3.52
9553,Pursuer,0.449,0.462,0.129,0.148,0.00
9554,Runner,0.449,0.462,0.112,0.164,0.36
9555,Pursuer,0.449,0.462,0.171,0.102,0.00
9556,Runner,0.449,0.462,0.114,0.134,0.00
9557,Runner,0.449,0.462,0.107,0.183,1.28
9558,Runner,0.449,0.462,0.164,0.097,0.00
9559,Pursuer,0.449,0.462,0.183,0.146,0.00
9560,Pursuer,0.449,0.462,0.151,0.107,0.00
9561,Runner,0.449,0.462,0.109,0.109,0.00
9562,Runner,0.449,0.462,0.118,0.124,0.16
9563,Pursuer,0.449,0.462,0.140,0.106,0.00
9564,Runner,0.449,0.462,0.120,0.139,8.80
9565,Runner,0.449,0.462,0.113,0.137,0.04
9566,Pursuer,0.449,0.462,0.118,0.101,0.00
9567,Pursuer,0.449,0.462,0.133,0.132,0.00
9568,Runner,0.449,0.462,0.134,0.125,0.00
9569,Pursuer,0.449,0.462,0.140,0.142,0.00
9570,Runner,0.449,0.462,0.142,0.116,0.00
9571,Runner,0.449,0.462,0.149,0.119,0.00
9572,Runner,0.449,0.462,0.154,0.106,0.92
9573,Runner,0.449,0.462,0.152,0.132,8.84
9574,Runner,0.449,0.462,0.116,0.127,0.00
9575,Runner,0.449,0.462,0.148,0.142,0.00
9576,Runner,0.449,0.462,0.086,0.113,0.00
9577,Runner,0.449,0.462,0.129,0.142,5.90
9578,Runner,0.449,0.462,0.136,0.128,0.00
9579,Pursuer,0.449,0.462,0.141,0.126,0.00
9580,Runner,0.449,0.462,0.119,0.110,0.00
9581,Pursuer,0.449,0.462,0.122,0.148,0.00
9582,Runner,0.449,0.462,0.083,0.065,0.26
9583,Pursuer,0.449,0.462,0.100,0.147,0.00
9584,Pursuer,0.449,0.462,0.153,0.143,0.00
9585,Runner,0.449,0.462,0.126,0.134,1.64
9586,Runner,0.449,0.462,0.156,0.100,0.00
9587,Pursuer,0.449,0.462,0.149,0.135,0.00
9588,Runner,0.449,0.462,0.103,0.129,3.34
9589,Runner,0.449,0.462,0.115,0.153,4.50
9590,Pursuer,0.449,0.462,0.150,0.120,0.00
9591,Pursuer,0.449,0.462,0.125,0.165,0.00
9592,Runner,0.449,0.462,0.143,0.136,4.06
9593,Runner,0.449,0.462,0.111,0.118,1.90
9594,Pursuer,0.449,0.462,0.000,0.000,0.00
9595,Runner,0.449,0.462,0.079,0.131,1.38
9596,Pursuer,0.449,0.462,0.119,0.145,0.00
9597,Runner,0.449,0.462,0.116,0.132,2.46
9598,Runner,0.449,0.462,0.106,0.170,0.86
9599,Pursuer,0.449,0.462,0.166,0.124,0.00
9600,Runner,0.449,0.462,0.161,0.133,0.00
9601,Pursuer,0.449,0.462,0.141,0.130,0.00
9602,Pursuer,0.449,0.462,0.145,0.134,0.00
9603,Pursuer,0.449,0.462,0.135,0.148,0.00
9604,Pursuer,0.449,0.462,0.157,0.136,0.00
9605,Runner,0.449,0.462,0.128,0.130,0.00
9606,Pursuer,0.449,0.462,0.112,0.121,0.00
9607,Runner,0.449,0.462,0.566,0.417,0.00
9608,Pursuer,0.449,0.462,0.149,0.136,0.00
9609,Runner,0.449,0.462,0.141,0.113,0.16
9610,Draw,0.449,0.462,0.135,0.144,0.00
9611,Runner,0.449,0.462,0.192,0.194,0.00
9612,Pursuer,0.449,0.462,0.137,0.149,0.00
9613,Runner,0.449,0.462,0.108,0.121,0.00
9614,Runner,0.449,0.462,0.136,0.084,0.00
9615,Runner,0.450,0.462,0.117,0.119,0.00
9616,Runner,0.450,0.462,0.119,0.114,0.00
9617,Pursuer,0.450,0.462,0.138,0.148,0.00
9618,Runner,0.450,0.462,0.119,0.156,0.00
9619,Pursuer,0.450,0.462,0.122,0.111,0.00
9620,Pursuer,0.449,0.462,0.115,0.121,0.00
9621,Pursuer,0.449,0.462,0.133,0.131,0.00
9622,Runner,0.449,0.462,0.117,0.138,0.00
9623,Pursuer,0.449,0.462,0.138,0.117,0.00
9624,Runner,0.450,0.462,0.160,0.135,0.00
9625,Runner,0.450,0.462,0.125,0.135,1.78
9626,Pursuer,0.450,0.462,0.132,0.147,0.00
9627,Runner,0.450,0.462,0.000,0.000,0.02
9628,Runner,0.450,0.462,0.128,0.142,0.18
9629,Pursuer,0.450,0.462,0.136,0.119,0.00
9630,Pursuer,0.450,0.462,0.124,0.128,0.00
9631,Pursuer,0.449,0.462,0.117,0.082,0.00
9632,Runner,0.450,0.462,0.173,0.152,0.00
9633,Runner,0.450,0.462,0.100,0.189,0.00
9634,Runner,0.450,0.462,0.124,0.131,1.58
9635,Runner,0.450,0.462,0.137,0.137,0.00
9636,Pursuer,0.450,0.462,0.119,0.118,0.00
9637,Runner,0.450,0.462,0.000,0.000,0.02
9638,Runner,0.450,0.462,0.135,0.120,0.00
9639,Runner,0.450,0.462,0.126,0.113,0.00
9640,Runner,0.450,0.462,0.103,0.117,0.00
9641,Runner,0.450,0.461,0.138,0.164,0.00
9642,Pursuer,0.450,0.462,0.137,0.148,0.00
9643,Pursuer,0.450,0.462,0.105,0.107,0.00
9644,Draw,0.450,0.462,0.137,0.149,16.54
9645,Pursuer,0.450,0.462,0.127,0.129,0.00
9646,Runner,0.450,0.462,0.145,0.130,2.92
9647,Runner,0.450,0.461,0.141,0.108,1.48
9648,Pursuer,0.450,0.462,0.134,0.098,0.00
9649,Runner,0.450,0.461,0.087,0.162,0.00
9650,Pursuer,0.450,0.462,0.156,0.153,0.00
9651,Pursuer,0.450,0.462,0.141,0.122,0.00
9652,Runner,0.450,0.462,0.152,0.147,1.68
9653,Pursuer,0.450,0.462,0.152,0.153,0.00
9654,Pursuer,0.450,0.462,0.120,0.101,0.00
9655,Pursuer,0.450,0.462,0.140,0.147,0.00
9656,Runner,0.450,0.462,0.127,0.123,0.00
9657,Pursuer,0.450,0.462,0.137,0.143,0.00
9658,Pursuer,0.450,0.462,0.138,0.145,0.00
9659,Pursuer,0.450,0.462,0.136,0.127,0.00
9660,Runner,0.450,0.462,0.108,0.114,0.56
9661,Runner,0.450,0.462,0.102,0.135,0.14
9662,Pursuer,0.450,0.462,0.150,0.140,0.00
9663,Runner,0.450,0.462,0.121,0.155,1.46
9664,Draw,0.450,0.462,0.141,0.151,12.40
9665,Runner,0.450,0.462,0.151,0.135,1.04
9666,Draw,0.450,0.462,0.144,0.150,16.52
9667,Pursuer,0.450,0.462,0.127,0.118,0.00
9668,Runner,0.450,0.462,0.137,0.132,0.00
9669,Pursuer,0.450,0.462,0.000,0.000,0.00
9670,Runner,0.450,0.462,0.106,0.103,0.50
9671,Runner,0.450,0.462,0.163,0.124,0.00
9672,Pursuer,0.450,0.462,0.131,0.157,0.00
9673,Pursuer,0.450,0.462,0.149,0.121,0.00
9674,Draw,0.450,0.462,0.144,0.143,17.06
9675,Runner,0.450,0.462,0.000,0.000,0.00
9676,Pursuer,0.450,0.462,0.158,0.133,0.00
9677,Runner,0.450,0.462,0.108,0.138,4.36
9678,Runner,0.450,0.462,0.135,0.130,7.54
9679,Pursuer,0.450,0.462,0.119,0.119,0.00
9680,Pursuer,0.450,0.462,0.157,0.135,0.00
9681,Pursuer,0.450,0.462,0.143,0.141,0.00
9682,Runner,0.450,0.462,0.150,0.181,0.00
9683,Pursuer,0.450,0.462,0.180,0.091,0.00
9684,Runner,0.450,0.462,0.128,0.141,0.00
9685,Pursuer,0.450,0.462,0.123,0.143,0.00
9686,Runner,0.450,0.462,0.136,0.119,0.00
9687,Runner,0.450,0.462,0.103,0.157,0.94
9688,Pursuer,0.450,0.462,0.135,0.105,0.00
9689,Pursuer,0.450,0.462,0.140,0.124,0.00
9690,Runner,0.450,0.462,0.117,0.120,2.84
9691,Pursuer,0.450,0.462,0.180,0.122,0.00
9692,Pursuer,0.450,0.462,0.130,0.141,0.00
9693,Pursuer,0.450,0.462,0.238,0.242,0.00
9694,Pursuer,0.450,0.462,0.150,0.116,0.00
9695,Runner,0.450,0.462,0.122,0.137,3.38
9696,Runner,0.450,0.462,0.123,0.137,1.14
9697,Runner,0.450,0.462,0.113,0.133,0.00
9698,Pursuer,0.450,0.462,0.124,0.149,0.00
9699,Pursuer,0.450,0.462,0.169,0.128,0.00
9700,Pursuer,0.450,0.462,0.142,0.125,0.00
9701,Pursuer,0.450,0.462,0.108,0.101,0.00
9702,Runner,0.450,0.462,0.146,0.145,1.64
9703,Runner,0.450,0.462,0.126,0.143,3.34
9704,Pursuer,0.450,0.462,0.137,0.143,0.00
9705,Pursuer,0.450,0.462,0.131,0.125,0.00
9706,Runner,0.450,0.462,0.107,0.103,0.54
9707,Runner,0.450,0.462,0.100,0.122,1.96
9708,Runner,0.450,0.462,0.135,0.168,0.00
9709,Runner,0.450,0.462,0.138,0.142,0.00
9710,Pursuer,0.450,0.462,0.159,0.121,0.00
9711,Pursuer,0.450,0.462,0.137,0.141,0.00
9712,Pursuer,0.450,0.462,0.123,0.115,0.00
9713,Runner,0.450,0.462,0.144,0.144,0.00
9714,Pursuer,0.450,0.462,0.149,0.119,0.00
9715,Pursuer,0.450,0.462,0.140,0.109,0.00
9716,Runner,0.450,0.462,0.137,0.123,0.00
9717,Pursuer,0.450,0.462,0.137,0.121,0.00
9718,Runner,0.450,0.462,0.108,0.114,0.88
9719,Runner,0.450,0.462,0.129,0.114,0.00
9720,Pursuer,0.450,0.462,0.000,0.000,0.00
9721,Pursuer,0.450,0.462,0.127,0.121,0.00
9722,Runner,0.450,0.462,0.138,0.107,0.56
9723,Pursuer,0.450,0.462,0.133,0.124,0.00
9724,Runner,0.450,0.462,0.092,0.109,0.00
9725,Runner,0.450,0.462,0.158,0.171,0.52
9726,Pursuer,0.450,0.462,0.000,0.000,0.00
9727,Runner,0.450,0.462,0.142,0.154,0.00
9728,Pursuer,0.450,0.462,0.000,0.000,0.00
9729,Runner,0.450,0.462,0.096,0.141,3.54
9730,Runner,0.450,0.462,0.120,0.113,1.18
9731,Pursuer,0.450,0.462,0.122,0.120,0.00
9732,Pursuer,0.450,0.462,0.146,0.120,0.00
9733,Runner,0.450,0.462,0.085,0.133,1.64
9734,Pursuer,0.450,0.462,0.146,0.126,0.00
9735,Draw,0.450,0.462,0.133,0.151,0.00
9736,Runner,0.450,0.462,0.119,0.128,0.00
9737,Pursuer,0.450,0.462,0.105,0.119,0.00
9738,Runner,0.450,0.462,0.112,0.129,1.24
9739,Pursuer,0.450,0.462,0.142,0.153,0.00
9740,Pursuer,0.450,0.462,0.136,0.116,0.00
9741,Pursuer,0.450,0.462,0.121,0.119,0.00
9742,Runner,0.450,0.462,0.109,0.140,1.16
9743,Draw,0.450,0.462,0.125,0.145,18.22
9744,Pursuer,0.450,0.462,0.148,0.139,0.00
9745,Runner,0.450,0.462,0.151,0.162,0.76
9746,Runner,0.450,0.462,0.135,0.143,1.54
9747,Pursuer,0.450,0.462,0.226,0.137,0.00
9748,Pursuer,0.450,0.462,0.119,0.137,0.00
9749,Pursuer,0.450,0.462,0.097,0.228,0.00
9750,Pursuer,0.450,0.462,0.132,0.127,0.00
9751,Pursuer,0.449,0.462,0.098,0.160,0.00
9752,Runner,0.450,0.462,0.135,0.174,0.00
9753,Runner,0.450,0.462,0.133,0.136,3.22
9754,Draw,0.450,0.462,0.109,0.141,18.86
9755,Runner,0.450,0.462,0.109,0.161,1.24
9756,Pursuer,0.450,0.462,0.144,0.092,0.00
9757,Runner,0.450,0.462,0.102,0.141,0.00
9758,Draw,0.450,0.462,0.152,0.128,0.00
9759,Pursuer,0.450,0.462,0.127,0.165,0.00
9760,Runner,0.450,0.462,0.162,0.119,0.00
9761,Runner,0.450,0.462,0.199,0.147,0.00
9762,Runner,0.450,0.462,0.127,0.134,0.00
9763,Pursuer,0.450,0.462,0.144,0.156,0.00
9764,Pursuer,0.450,0.462,0.146,0.155,0.00
9765,Pursuer,0.450,0.462,0.074,0.155,0.00
9766,Pursuer,0.450,0.462,0.116,0.122,0.00
9767,Draw,0.449,0.462,0.146,0.163,16.34
9768,Runner,0.450,0.462,0.133,0.130,3.60
9769,Pursuer,0.449,0.462,0.000,0.000,0.00
9770,Runner,0.450,0.462,0.108,0.142,1.02
9771,Runner,0.450,0.462,0.119,0.125,0.00
9772,Pursuer,0.450,0.462,0.125,0.108,0.00
9773,Pursuer,0.450,0.462,0.128,0.143,0.00
9774,Runner,0.450,0.462,0.127,0.118,3.16
9775,Runner,0.450,0.462,0.122,0.150,0.00
9776,Pursuer,0.450,0.462,0.150,0.137,0.00
9777,Runner,0.450,0.462,0.126,0.144,2.16
9778,Pursuer,0.450,0.462,0.162,0.122,0.00
9779,Pursuer,0.450,0.462,0.156,0.113,0.00
9780,Pursuer,0.449,0.462,0.140,0.105,0.00
9781,Pursuer,0.449,0.462,0.130,0.142,0.00
9782,Runner,0.449,0.462,0.141,0.138,0.00
9783,Runner,0.450,0.462,0.124,0.104,0.56
9784,Runner,0.450,0.462,0.105,0.132,0.38
9785,Runner,0.450,0.462,0.138,0.143,0.00
9786,Pursuer,0.450,0.462,0.136,0.129,0.00
9787,Pursuer,0.450,0.462,0.155,0.136,0.00
9788,Runner,0.450,0.462,0.125,0.116,0.00
9789,Pursuer,0.450,0.462,0.146,0.165,0.00
9790,Runner,0.450,0.462,0.181,0.109,0.00
9791,Runner,0.450,0.462,0.107,0.151,0.14
9792,Pursuer,0.450,0.462,0.122,0.099,0.00
9793,Pursuer,0.450,0.462,0.335,0.187,0.00
9794,Runner,0.450,0.462,0.113,0.150,0.00
9795,Runner,0.450,0.462,0.132,0.153,5.20
9796,Runner,0.450,0.462,0.167,0.164,2.28
9797,Draw,0.450,0.462,0.149,0.152,16.30
9798,Pursuer,0.450,0.462,0.135,0.098,0.00
9799,Pursuer,0.450,0.462,0.134,0.116,0.00
9800,Runner,0.450,0.462,0.091,0.168,0.00
9801,Pursuer,0.450,0.462,0.083,0.143,0.00
9802,Runner,0.450,0.462,0.119,0.151,1.44
9803,Pursuer,0.450,0.462,0.167,0.191,0.00
9804,Runner,0.450,0.462,0.128,0.166,0.10
9805,Runner,0.450,0.462,0.102,0.159,0.00
9806,Pursuer,0.450,0.462,0.124,0.102,0.00
9807,Runner,0.450,0.462,0.133,0.158,0.00
9808,Runner,0.450,0.462,0.096,0.156,0.70
9809,Runner,0.450,0.462,0.120,0.147,0.08
9810,Runner,0.450,0.462,0.135,0.136,2.42
9811,Pursuer,0.450,0.462,0.143,0.155,0.00
9812,Draw,0.450,0.462,0.143,0.146,16.86
9813,Draw,0.450,0.462,0.145,0.145,15.54
9814,Pursuer,0.450,0.462,0.125,0.143,0.00
9815,Pursuer,0.450,0.462,0.157,0.139,0.00
9816,Draw,0.450,0.462,0.128,0.140,0.00
9817,Pursuer,0.450,0.462,0.132,0.122,0.00
9818,Runner,0.450,0.462,0.145,0.157,0.00
9819,Runner,0.450,0.462,0.108,0.143,0.00
9820,Pursuer,0.450,0.462,0.125,0.110,0.00
9821,Pursuer,0.450,0.462,0.118,0.138,0.00
9822,Pursuer,0.450,0.462,0.166,0.117,0.00
9823,Runner,0.450,0.462,0.112,0.158,0.00
9824,Pursuer,0.450,0.462,0.198,0.165,0.00
9825,Pursuer,0.450,0.462,0.144,0.106,0.00
9826,Runner,0.450,0.462,0.144,0.146,2.00
9827,Pursuer,0.450,0.462,0.157,0.147,0.00
9828,Pursuer,0.450,0.462,0.125,0.103,0.00
9829,Runner,0.450,0.462,0.129,0.146,2.42
9830,Runner,0.450,0.462,0.141,0.158,0.00
9831,Pursuer,0.450,0.462,0.126,0.115,0.00
9832,Runner,0.450,0.462,0.136,0.128,0.00
9833,Pursuer,0.450,0.462,0.148,0.083,0.00
9834,Runner,0.450,0.462,0.102,0.147,1.00
9835,Pursuer,0.450,0.462,0.100,0.146,0.00
9836,Pursuer,0.450,0.462,0.137,0.108,0.00
9837,Runner,0.450,0.462,0.076,0.154,0.00
9838,Runner,0.450,0.462,0.137,0.107,1.34
9839,Pursuer,0.450,0.462,0.108,0.080,0.00
9840,Pursuer,0.450,0.462,0.147,0.120,0.00
9841,Runner,0.450,0.462,0.133,0.137,0.00
9842,Pursuer,0.450,0.462,0.161,0.114,0.00
9843,Runner,0.450,0.462,0.131,0.152,0.00
9844,Pursuer,0.450,0.462,0.000,0.000,0.00
9845,Runner,0.450,0.462,0.122,0.126,0.06
9846,Pursuer,0.450,0.462,0.126,0.104,0.00
9847,Runner,0.450,0.462,0.138,0.109,0.00
9848,Pursuer,0.450,0.462,0.157,0.137,0.00
9849,Draw,0.450,0.462,0.122,0.157,0.00
9850,Runner,0.450,0.462,0.132,0.146,6.46
9851,Pursuer,0.450,0.462,0.153,0.132,0.00
9852,Runner,0.450,0.462,0.128,0.158,0.00
9853,Pursuer,0.450,0.462,0.144,0.106,0.00
9854,Runner,0.450,0.462,0.149,0.129,1.00
9855,Pursuer,0.450,0.462,0.134,0.135,0.00
9856,Runner,0.450,0.462,0.191,0.124,0.60
9857,Pursuer,0.450,0.462,0.130,0.104,0.00
9858,Runner,0.450,0.462,0.157,0.118,0.00
9859,Runner,0.450,0.462,0.136,0.134,0.86
9860,Runner,0.450,0.462,0.141,0.107,1.00
9861,Runner,0.450,0.462,0.126,0.142,0.00
9862,Pursuer,0.450,0.462,0.124,0.121,0.00
9863,Runner,0.450,0.462,0.147,0.145,3.54
9864,Pursuer,0.450,0.462,0.045,0.026,0.00
9865,Pursuer,0.450,0.462,0.145,0.128,0.00
9866,Runner,0.450,0.462,0.098,0.128,1.36
9867,Pursuer,0.450,0.462,0.138,0.134,0.00
9868,Runner,0.450,0.462,0.143,0.154,0.00
9869,Pursuer,0.450,0.462,0.114,0.120,0.00
9870,Pursuer,0.450,0.462,0.145,0.108,0.00
9871,Runner,0.450,0.462,0.116,0.130,3.64
9872,Runner,0.450,0.462,0.105,0.133,0.00
9873,Runner,0.450,0.462,0.122,0.133,0.58
9874,Runner,0.450,0.462,0.117,0.159,0.00
9875,Pursuer,0.450,0.462,0.123,0.118,0.00
9876,Runner,0.450,0.462,0.129,0.158,2.56
9877,Pursuer,0.450,0.462,0.136,0.117,0.00
9878,Pursuer,0.450,0.462,0.121,0.127,0.00
9879,Pursuer,0.450,0.462,0.141,0.114,0.00
9880,Runner,0.450,0.462,0.098,0.126,0.56
9881,Pursuer,0.450,0.462,0.114,0.142,0.00
9882,Pursuer,0.450,0.462,0.167,0.117,0.00
9883,Runner,0.450,0.462,0.128,0.125,0.00
9884,Runner,0.450,0.462,0.131,0.142,0.80
9885,Runner,0.450,0.462,0.125,0.124,2.42
9886,Runner,0.450,0.462,0.208,0.129,1.70
9887,Runner,0.450,0.462,0.151,0.168,0.00
9888,Pursuer,0.450,0.462,0.106,0.104,0.00
9889,Pursuer,0.450,0.462,0.125,0.105,0.00
9890,Runner,0.450,0.462,0.115,0.161,4.78
9891,Runner,0.450,0.462,0.137,0.135,9.60
9892,Runner,0.450,0.462,0.116,0.119,2.32
9893,Runner,0.450,0.462,0.114,0.154,1.74
9894,Runner,0.450,0.462,0.144,0.132,0.00
9895,Pursuer,0.450,0.462,0.128,0.145,0.00
9896,Pursuer,0.450,0.462,0.135,0.134,0.00
9897,Runner,0.450,0.462,0.088,0.103,0.00
9898,Runner,0.450,0.462,0.107,0.143,1.94
9899,Pursuer,0.450,0.462,0.149,0.123,0.00
9900,Pursuer,0.450,0.462,0.151,0.108,0.00
9901,Pursuer,0.450,0.462,0.167,0.150,0.00
9902,Draw,0.450,0.462,0.138,0.139,15.66
9903,Runner,0.450,0.462,0.000,0.000,0.00
9904,Runner,0.450,0.462,0.117,0.113,5.24
9905,Runner,0.450,0.462,0.183,0.140,0.00
9906,Pursuer,0.450,0.462,0.148,0.142,0.00
9907,Pursuer,0.450,0.462,0.243,0.120,0.00
9908,Pursuer,0.450,0.462,0.125,0.121,0.00
9909,Runner,0.450,0.462,0.095,0.158,2.48
9910,Runner,0.450,0.462,0.122,0.138,0.00
9911,Runner,0.450,0.462,0.114,0.142,1.06
9912,Runner,0.450,0.462,0.100,0.151,0.00
9913,Pursuer,0.450,0.462,0.142,0.099,0.00
9914,Runner,0.450,0.462,0.113,0.126,1.48
9915,Pursuer,0.450,0.462,0.144,0.098,0.00
9916,Pursuer,0.450,0.462,0.142,0.147,0.00
9917,Runner,0.450,0.462,0.107,0.128,0.24
9918,Runner,0.450,0.462,0.129,0.147,2.82
9919,Pursuer,0.450,0.462,0.030,0.182,0.00
9920,Pursuer,0.450,0.462,0.121,0.147,0.00
9921,Runner,0.450,0.462,0.124,0.142,3.98
9922,Pursuer,0.450,0.462,0.142,0.120,0.00
9923,Pursuer,0.450,0.462,0.130,0.108,0.00
9924,Pursuer,0.450,0.462,0.131,0.103,0.00
9925,Pursuer,0.450,0.462,0.126,0.085,0.00
9926,Runner,0.450,0.462,0.114,0.141,3.52
9927,Runner,0.450,0.462,0.148,0.147,4.60
9928,Runner,0.450,0.462,0.144,0.170,1.76
9929,Runner,0.450,0.462,0.132,0.143,2.08
9930,Runner,0.450,0.462,0.117,0.139,1.80
9931,Pursuer,0.450,0.462,0.132,0.098,0.00
9932,Runner,0.450,0.462,0.121,0.131,0.00
9933,Runner,0.451,0.462,0.122,0.130,0.00
9934,Runner,0.451,0.462,0.110,0.144,3.24
9935,Runner,0.451,0.462,0.112,0.155,2.12
9936,Pursuer,0.451,0.462,0.149,0.145,0.00
9937,Runner,0.451,0.462,0.149,0.140,0.00
9938,Runner,0.451,0.462,0.138,0.145,2.30
9939,Runner,0.451,0.462,0.147,0.202,0.00
9940,Pursuer,0.451,0.462,0.138,0.134,0.00
9941,Pursuer,0.451,0.462,0.086,0.136,0.00
9942,Pursuer,0.451,0.462,0.133,0.103,0.00
9943,Runner,0.451,0.462,0.122,0.156,0.02
9944,Pursuer,0.451,0.462,0.118,0.137,0.00
9945,Draw,0.451,0.462,0.126,0.140,19.98
9946,Pursuer,0.451,0.462,0.161,0.168,0.00
9947,Pursuer,0.450,0.462,0.132,0.143,0.00
9948,Pursuer,0.450,0.462,0.144,0.126,0.00
9949,Pursuer,0.450,0.462,0.157,0.104,0.00
9950,Pursuer,0.450,0.462,0.171,0.115,0.00
9951,Pursuer,0.450,0.462,0.145,0.141,0.00
9952,Runner,0.450,0.462,0.116,0.141,0.00
9953,Pursuer,0.450,0.462,0.163,0.103,0.00
9954,Runner,0.450,0.462,0.123,0.119,0.40
9955,Runner,0.450,0.462,0.111,0.133,1.90
9956,Runner,0.450,0.462,0.108,0.127,0.00
9957,Pursuer,0.450,0.462,0.151,0.118,0.00
9958,Pursuer,0.450,0.462,0.080,0.086,0.00
9959,Pursuer,0.450,0.462,0.095,0.098,0.00
9960,Runner,0.450,0.462,0.099,0.130,2.26
9961,Pursuer,0.450,0.462,0.140,0.118,0.00
9962,Runner,0.450,0.462,0.117,0.162,0.24
9963,Pursuer,0.450,0.462,0.133,0.138,0.00
9964,Pursuer,0.450,0.462,0.139,0.169,0.00
9965,Runner,0.450,0.462,0.000,0.000,0.02
9966,Pursuer,0.450,0.462,0.122,0.119,0.00
9967,Pursuer,0.450,0.462,0.148,0.114,0.00
9968,Runner,0.450,0.462,0.107,0.135,1.66
9969,Draw,0.450,0.462,0.144,0.144,18.56
9970,Pursuer,0.450,0.462,0.149,0.116,0.00
9971,Runner,0.450,0.462,0.107,0.136,1.68
9972,Runner,0.450,0.462,0.144,0.136,0.30
9973,Runner,0.450,0.462,0.131,0.150,4.88
9974,Runner,0.450,0.462,0.120,0.128,0.00
9975,Pursuer,0.450,0.462,0.177,0.109,0.00
9976,Pursuer,0.450,0.462,0.142,0.119,0.00
9977,Pursuer,0.450,0.462,0.210,0.210,0.00
9978,Runner,0.450,0.462,0.142,0.126,0.24
9979,Pursuer,0.450,0.462,0.144,0.107,0.00
9980,Runner,0.450,0.462,0.109,0.174,0.00
9981,Pursuer,0.450,0.462,0.134,0.139,0.00
9982,Runner,0.450,0.462,0.102,0.146,0.04
9983,Pursuer,0.450,0.462,0.152,0.084,0.00
9984,Runner,0.450,0.462,0.352,1.110,0.00
9985,Pursuer,0.450,0.462,0.117,0.162,0.00
9986,Runner,0.450,0.462,0.092,0.154,3.40
9987,Pursuer,0.450,0.462,0.114,0.100,0.00
9988,Runner,0.450,0.462,0.112,0.126,2.12
9989,Pursuer,0.450,0.462,0.130,0.120,0.00
9990,Pursuer,0.450,0.462,0.126,0.111,0.00
9991,Pursuer,0.450,0.463,0.150,0.157,0.00
9992,Runner,0.450,0.462,0.130,0.143,0.00
9993,Runner,0.450,0.462,0.112,0.139,0.00
9994,Runner,0.450,0.462,0.111,0.122,2.22
9995,Pursuer,0.450,0.462,0.109,0.122,0.00
9996,Pursuer,0.450,0.462,0.127,0.122,0.00
9997,Pursuer,0.450,0.463,0.152,0.172,0.00
9998,Runner,0.450,0.462,0.135,0.098,0.00
9999,Runner,0.450,0.462,0.119,0.108,0.00
10000,Runner,0.451,0.462,0.111,0.128,1.50
10001,Draw,0.450,0.462,0.123,0.130,2.04
10002,Runner,0.451,0.462,0.129,0.137,0.00
10003,Runner,0.451,0.462,0.119,0.125,0.00
10004,Runner,0.451,0.462,0.115,0.136,0.00
10005,Pursuer,0.451,0.462,0.136,0.134,0.00
10006,Pursuer,0.451,0.462,0.128,0.135,0.00
10007,Pursuer,0.450,0.462,0.154,0.128,0.00
10008,Runner,0.451,0.462,0.125,0.115,0.00
10009,Pursuer,0.450,0.462,0.149,0.104,0.00
10010,Runner,0.451,0.462,0.134,0.158,0.00
10011,Pursuer,0.451,0.462,0.120,0.116,0.00
10012,Runner,0.451,0.462,0.118,0.124,1.40
10013,Pursuer,0.451,0.462,0.202,0.137,0.00
10014,Pursuer,0.450,0.462,0.150,0.120,0.00
10015,Pursuer,0.450,0.463,0.101,0.096,0.00
10016,Pursuer,0.450,0.463,0.138,0.157,0.00
10017,Runner,0.450,0.463,0.096,0.126,0.00
10018,Runner,0.450,0.462,0.118,0.120,0.62
10019,Pursuer,0.450,0.463,0.127,0.120,0.00
10020,Runner,0.450,0.462,0.119,0.140,1.10
10021,Pursuer,0.450,0.463,0.110,0.156,0.00
10022,Pursuer,0.450,0.463,0.035,0.053,0.00
10023,Pursuer,0.450,0.463,0.149,0.142,0.00
10024,Pursuer,0.450,0.463,0.115,0.148,0.00
10025,Pursuer,0.450,0.463,0.137,0.137,0.00
10026,Runner,0.450,0.463,0.117,0.112,0.00
10027,Runner,0.450,0.463,0.115,0.162,1.68
10028,Draw,0.450,0.463,0.111,0.146,0.00
10029,Pursuer,0.450,0.463,0.121,0.134,0.00
10030,Runner,0.450,0.463,0.171,0.168,0.00
10031,Pursuer,0.450,0.463,0.139,0.133,0.00
10032,Pursuer,0.450,0.463,0.149,0.141,0.00
10033,Runner,0.450,0.463,0.113,0.131,2.10
10034,Runner,0.450,0.463,0.107,0.124,2.56
10035,Runner,0.450,0.463,0.097,0.131,0.00
10036,Pursuer,0.450,0.463,0.155,0.161,0.00
10037,Pursuer,0.450,0.463,0.140,0.115,0.00
10038,Runner,0.450,0.463,0.131,0.139,0.04
10039,Runner,0.450,0.463,0.142,0.131,0.00
10040,Runner,0.450,0.463,0.112,0.147,1.56
10041,Runner,0.451,0.463,0.143,0.124,1.18
10042,Pursuer,0.451,0.463,0.120,0.158,0.00
10043,Pursuer,0.450,0.463,0.155,0.145,0.00
10044,Runner,0.451,0.463,0.138,0.161,2.78
10045,Runner,0.451,0.463,0.066,0.161,0.00
10046,Runner,0.451,0.462,0.165,0.157,0.00
10047,Pursuer,0.451,0.463,0.000,0.000,0.00
10048,Pursuer,0.451,0.463,0.152,0.217,0.00
10049,Pursuer,0.450,0.463,0.140,0.147,0.00
10050,Pursuer,0.450,0.463,0.234,0.144,0.00
10051,Pursuer,0.450,0.463,0.126,0.099,0.00
10052,Pursuer,0.450,0.463,0.130,0.161,0.00
10053,Pursuer,0.450,0.463,0.147,0.152,0.00
10054,Pursuer,0.450,0.463,0.137,0.128,0.00
10055,Runner,0.450,0.463,0.000,0.000,0.00
10056,Runner,0.450,0.463,0.117,0.117,4.34
10057,Runner,0.450,0.463,0.179,0.136,0.00
10058,Pursuer,0.450,0.463,0.139,0.138,0.00
10059,Runner,0.450,0.463,0.100,0.136,0.84
10060,Pursuer,0.450,0.463,0.115,0.144,0.00
10061,Pursuer,0.450,0.463,0.145,0.121,0.00
10062,Pursuer,0.450,0.463,0.173,0.117,0.00
10063,Pursuer,0.450,0.463,0.171,0.150,0.00
10064,Runner,0.450,0.463,0.119,0.120,0.00
10065,Runner,0.450,0.463,0.102,0.137,0.40
10066,Runner,0.450,0.463,0.073,0.109,0.00
10067,Pursuer,0.450,0.463,0.169,0.130,0.00
10068,Pursuer,0.450,0.463,0.146,0.151,0.00
10069,Runner,0.450,0.463,0.136,0.127,2.72
10070,Runner,0.450,0.463,0.112,0.184,1.48
10071,Pursuer,0.450,0.463,0.129,0.121,0.00
10072,Pursuer,0.450,0.463,0.105,0.130,0.00
10073,Pursuer,0.450,0.463,0.212,0.068,0.00
10074,Pursuer,0.450,0.463,0.115,0.145,0.00
10075,Pursuer,0.450,0.463,0.110,0.145,0.00
10076,Draw,0.450,0.463,0.140,0.139,17.10
10077,Pursuer,0.450,0.463,0.114,0.133,0.00
10078,Pursuer,0.450,0.463,0.143,0.130,0.00
10079,Pursuer,0.450,0.463,0.178,0.172,0.00
10080,Runner,0.450,0.463,0.134,0.147,0.00
10081,Runner,0.450,0.463,0.102,0.132,0.72
10082,Runner,0.450,0.463,0.115,0.158,0.00
10083,Pursuer,0.450,0.463,0.119,0.119,0.00
10084,Runner,0.450,0.463,0.123,0.137,2.08
10085,Pursuer,0.450,0.463,0.133,0.138,0.00
10086,Runner,0.450,0.463,0.109,0.136,3.18
10087,Runner,0.450,0.463,0.147,0.106,1.64
10088,Pursuer,0.450,0.463,0.120,0.125,0.00
10089,Pursuer,0.450,0.463,0.124,0.098,0.00
10090,Runner,0.450,0.463,0.175,0.210,1.30
10091,Pursuer,0.450,0.463,0.133,0.146,0.00
10092,Pursuer,0.450,0.463,0.134,0.140,0.00
10093,Runner,0.450,0.463,0.112,0.153,2.28
10094,Runner,0.450,0.463,0.135,0.122,0.00
10095,Runner,0.450,0.463,0.177,0.114,0.00
10096,Draw,0.450,0.463,0.143,0.146,12.12
10097,Runner,0.450,0.463,0.108,0.153,5.46
10098,Runner,0.450,0.463,0.136,0.105,0.00
10099,Pursuer,0.450,0.463,0.146,0.140,0.00
10100,Runner,0.450,0.463,0.135,0.126,0.54
10101,Pursuer,0.450,0.463,0.130,0.149,0.00
10102,Runner,0.450,0.463,0.118,0.130,4.18
10103,Runner,0.450,0.463,0.268,0.279,0.00
10104,Runner,0.451,0.463,0.134,0.103,1.02
10105,Pursuer,0.450,0.463,0.126,0.132,0.00
10106,Pursuer,0.450,0.463,0.148,0.119,0.00
10107,Pursuer,0.450,0.463,0.138,0.123,0.00
10108,Runner,0.450,0.463,0.134,0.139,1.66
10109,Pursuer,0.450,0.463,0.164,0.140,0.00
10110,Pursuer,0.450,0.463,0.000,0.000,0.00
10111,Pursuer,0.450,0.463,0.125,0.154,0.00
10112,Pursuer,0.450,0.463,0.139,0.136,0.00
10113,Pursuer,0.450,0.463,0.151,0.116,0.00
10114,Pursuer,0.450,0.463,0.123,0.146,0.00
10115,Runner,0.450,0.463,0.136,0.119,0.00
10116,Runner,0.450,0.463,0.000,0.000,0.00
10117,Pursuer,0.450,0.463,0.452,0.430,0.00
10118,Runner,0.450,0.463,0.160,0.128,0.00
10119,Pursuer,0.450,0.463,0.134,0.160,0.00
10120,Pursuer,0.450,0.463,0.000,0.000,0.00
10121,Pursuer,0.450,0.463,0.145,0.115,0.00
10122,Draw,0.450,0.463,0.153,0.146,0.00
10123,Pursuer,0.450,0.463,0.116,0.133,0.00
10124,Runner,0.450,0.463,0.118,0.095,0.00
10125,Pursuer,0.450,0.463,0.150,0.161,0.00
10126,Pursuer,0.450,0.463,0.151,0.071,0.00
10127,Runner,0.450,0.463,0.112,0.157,0.00
10128,Runner,0.450,0.463,0.142,0.121,0.00
10129,Runner,0.450,0.463,0.134,0.138,4.12
10130,Runner,0.450,0.463,0.101,0.165,0.02
10131,Runner,0.450,0.463,0.133,0.143,2.80
10132,Pursuer,0.450,0.463,0.115,0.132,0.00
10133,Pursuer,0.450,0.463,0.114,0.122,0.00
10134,Runner,0.450,0.463,0.159,0.160,0.28
10135,Pursuer,0.450,0.463,0.128,0.107,0.00
10136,Runner,0.450,0.463,0.125,0.133,0.00
10137,Runner,0.450,0.463,0.129,0.143,0.26
10138,Pursuer,0.450,0.463,0.130,0.109,0.00
10139,Pursuer,0.450,0.463,0.056,0.095,0.00
10140,Runner,0.450,0.463,0.134,0.134,0.00
10141,Runner,0.450,0.463,0.133,0.155,0.00
10142,Pursuer,0.450,0.463,0.140,0.174,0.00
10143,Pursuer,0.450,0.463,0.158,0.124,0.00
10144,Runner,0.450,0.463,0.119,0.105,0.00
10145,Pursuer,0.450,0.463,0.172,0.065,0.00
10146,Runner,0.450,0.463,0.124,0.099,0.02
10147,Pursuer,0.450,0.463,0.124,0.145,0.00
10148,Runner,0.450,0.463,0.130,0.121,4.24
10149,Runner,0.450,0.463,0.187,0.104,0.00
10150,Runner,0.450,0.463,0.123,0.141,3.70
10151,Pursuer,0.450,0.463,0.155,0.158,0.00
10152,Runner,0.450,0.463,0.092,0.125,0.00
10153,Runner,0.451,0.463,0.112,0.125,0.00
10154,Pursuer,0.450,0.463,0.153,0.148,0.00
10155,Runner,0.451,0.463,0.115,0.141,0.00
10156,Pursuer,0.450,0.463,0.174,0.115,0.00
10157,Runner,0.451,0.463,0.120,0.132,1.04
10158,Pursuer,0.450,0.463,0.187,0.148,0.00
10159,Runner,0.451,0.463,0.178,0.157,0.00
10160,Pursuer,0.450,0.463,0.154,0.092,0.00
10161,Pursuer,0.450,0.463,0.148,0.118,0.00
10162,Runner,0.451,0.463,0.121,0.127,1.82
10163,Pursuer,0.450,0.463,0.137,0.121,0.00
10164,Runner,0.451,0.463,0.107,0.144,0.02
10165,Runner,0.451,0.463,0.119,0.122,0.00
10166,Pursuer,0.451,0.463,0.125,0.113,0.00
10167,Runner,0.451,0.463,0.114,0.126,1.58
10168,Runner,0.451,0.463,0.119,0.136,0.00
10169,Pursuer,0.451,0.463,0.131,0.146,0.00
10170,Pursuer,0.451,0.463,0.137,0.155,0.00
10171,Pursuer,0.450,0.463,0.143,0.174,0.00
10172,Runner,0.451,0.463,0.107,0.158,1.40
10173,Runner,0.451,0.463,0.115,0.128,0.88
10174,Pursuer,0.451,0.463,0.100,0.101,0.00
10175,Pursuer,0.451,0.463,0.138,0.129,0.00
10176,Runner,0.451,0.463,0.138,0.142,0.10
10177,Runner,0.451,0.463,0.129,0.138,1.02
10178,Runner,0.451,0.463,0.115,0.114,0.00
10179,Pursuer,0.451,0.463,0.104,0.151,0.00
10180,Pursuer,0.451,0.463,0.131,0.140,0.00
10181,Runner,0.451,0.463,0.076,0.133,1.36
10182,Draw,0.451,0.463,0.145,0.137,18.28
10183,Runner,0.451,0.463,0.106,0.136,6.34
10184,Runner,0.451,0.463,0.138,0.153,0.68
10185,Runner,0.451,0.463,0.116,0.143,1.54
10186,Runner,0.451,0.463,0.138,0.111,0.36
10187,Runner,0.451,0.463,0.092,0.133,0.98
10188,Runner,0.451,0.463,0.129,0.146,0.00
10189,Pursuer,0.451,0.463,0.266,0.075,0.00
10190,Pursuer,0.451,0.463,0.000,0.000,0.00
10191,Runner,0.451,0.463,0.147,0.135,1.58
10192,Runner,0.451,0.463,0.143,0.107,0.00
10193,Runner,0.451,0.463,0.117,0.122,0.00
10194,Runner,0.451,0.463,0.364,0.213,0.04
10195,Runner,0.451,0.463,0.143,0.132,0.00
10196,Runner,0.451,0.463,0.100,0.115,0.00
10197,Runner,0.451,0.463,0.111,0.152,0.32
10198,Runner,0.451,0.463,0.122,0.152,2.44
10199,Pursuer,0.451,0.463,0.127,0.168,0.00
10200,Pursuer,0.451,0.463,0.141,0.127,0.00
10201,Pursuer,0.451,0.463,0.154,0.136,0.00
10202,Draw,0.451,0.463,0.137,0.153,18.48
10203,Runner,0.451,0.463,0.101,0.156,2.48
10204,Runner,0.451,0.463,0.123,0.090,0.16
10205,Runner,0.451,0.463,0.114,0.126,0.00
10206,Pursuer,0.451,0.463,0.000,0.000,0.00
10207,Pursuer,0.451,0.463,0.143,0.111,0.00
10208,Pursuer,0.451,0.463,0.131,0.120,0.00
10209,Pursuer,0.451,0.463,0.134,0.117,0.00
10210,Pursuer,0.451,0.463,0.130,0.092,0.00
10211,Pursuer,0.451,0.463,0.165,0.135,0.00
10212,Pursuer,0.451,0.463,0.040,0.174,0.00
10213,Pursuer,0.451,0.463,0.144,0.136,0.00
10214,Runner,0.451,0.463,0.092,0.126,4.94
10215,Runner,0.451,0.463,0.147,0.155,2.14
10216,Pursuer,0.451,0.463,0.081,0.112,0.00
10217,Pursuer,0.451,0.463,0.140,0.101,0.00
10218,Pursuer,0.451,0.463,0.158,0.126,0.00
10219,Pursuer,0.451,0.463,0.151,0.109,0.00
10220,Runner,0.451,0.463,0.150,0.146,0.18
10221,Pursuer,0.451,0.463,0.152,0.133,0.00
10222,Runner,0.451,0.463,0.086,0.134,0.00
10223,Pursuer,0.451,0.463,0.186,0.127,0.00
10224,Runner,0.451,0.463,0.162,0.116,0.00
10225,Runner,0.451,0.463,0.127,0.148,2.68
10226,Runner,0.451,0.463,0.157,0.172,0.00
10227,Pursuer,0.451,0.463,0.135,0.160,0.00
10228,Runner,0.451,0.463,0.128,0.150,0.00
10229,Pursuer,0.451,0.463,0.118,0.161,0.00
10230,Pursuer,0.451,0.463,0.129,0.149,0.00
10231,Runner,0.451,0.463,0.122,0.132,0.00
10232,Runner,0.451,0.463,0.120,0.095,0.00
10233,Runner,0.451,0.463,0.119,0.155,6.40
10234,Runner,0.451,0.463,0.125,0.144,2.00
10235,Runner,0.451,0.463,0.114,0.158,2.26
10236,Pursuer,0.451,0.463,0.131,0.124,0.00
10237,Runner,0.451,0.463,0.105,0.147,1.76
10238,Runner,0.451,0.463,0.121,0.138,0.48
10239,Runner,0.451,0.463,0.117,0.135,0.00
10240,Pursuer,0.451,0.463,0.154,0.092,0.00
10241,Pursuer,0.451,0.463,0.157,0.121,0.00
10242,Runner,0.451,0.463,0.154,0.150,2.22
10243,Pursuer,0.451,0.463,0.140,0.095,0.00
10244,Pursuer,0.451,0.463,0.186,0.094,0.00
10245,Runner,0.451,0.463,0.138,0.133,1.06
10246,Runner,0.451,0.463,0.115,0.109,0.00
10247,Pursuer,0.451,0.463,0.167,0.117,0.00
10248,Runner,0.451,0.463,0.154,0.076,0.78
10249,Draw,0.451,0.463,0.146,0.165,0.00
10250,Runner,0.451,0.463,0.110,0.140,2.40
10251,Runner,0.451,0.463,0.142,0.163,0.62
10252,Runner,0.451,0.463,0.120,0.151,2.36
10253,Pursuer,0.451,0.463,0.146,0.126,0.00
10254,Pursuer,0.451,0.463,0.150,0.157,0.00
10255,Runner,0.451,0.463,0.110,0.155,5.30
10256,Pursuer,0.451,0.463,0.102,0.106,0.00
10257,Runner,0.451,0.463,0.105,0.143,1.64
10258,Pursuer,0.451,0.463,0.114,0.133,0.00
10259,Pursuer,0.451,0.463,0.134,0.109,0.00
10260,Draw,0.451,0.463,0.138,0.134,0.00
10261,Runner,0.451,0.463,0.178,0.112,0.68
10262,Runner,0.451,0.463,0.121,0.131,0.00
10263,Pursuer,0.451,0.463,0.150,0.130,0.00
10264,Pursuer,0.451,0.463,0.102,0.116,0.00
10265,Runner,0.451,0.463,0.107,0.147,0.28
10266,Pursuer,0.451,0.463,0.156,0.108,0.00
10267,Runner,0.451,0.463,0.155,0.163,0.00
10268,Runner,0.451,0.463,0.144,0.139,2.88
10269,Pursuer,0.451,0.463,0.135,0.148,0.00
10270,Runner,0.451,0.463,0.141,0.134,0.00
10271,Runner,0.451,0.463,0.109,0.144,0.00
10272,Runner,0.452,0.463,0.106,0.130,3.10
10273,Pursuer,0.451,0.463,0.000,0.000,0.00
10274,Runner,0.452,0.463,0.125,0.151,3.78
10275,Runner,0.452,0.463,0.126,0.130,6.38
10276,Runner,0.452,0.463,0.131,0.135,0.00
10277,Runner,0.452,0.463,0.125,0.135,0.46
10278,Runner,0.452,0.463,0.137,0.179,0.00
10279,Runner,0.452,0.463,0.120,0.115,0.00
10280,Runner,0.452,0.463,0.135,0.151,0.00
10281,Runner,0.452,0.463,0.156,0.112,0.00
10282,Runner,0.452,0.462,0.131,0.095,0.48
10283,Runner,0.452,0.462,0.127,0.175,0.00
10284,Draw,0.452,0.462,0.115,0.154,17.00
10285,Runner,0.452,0.462,0.108,0.140,1.94
10286,Runner,0.452,0.462,0.104,0.118,2.22
10287,Runner,0.452,0.462,0.102,0.147,0.06
10288,Runner,0.452,0.462,0.130,0.147,2.06
10289,Pursuer,0.452,0.462,0.133,0.108,0.00
10290,Runner,0.452,0.462,0.109,0.120,0.00
10291,Pursuer,0.452,0.462,0.150,0.126,0.00
10292,Runner,0.452,0.462,0.110,0.150,1.20
10293,Runner,0.452,0.462,0.138,0.174,0.00
10294,Pursuer,0.452,0.462,0.138,0.133,0.00
10295,Pursuer,0.452,0.462,0.108,0.135,0.00
10296,Runner,0.452,0.462,0.120,0.112,0.66
10297,Pursuer,0.452,0.462,0.161,0.147,0.00
10298,Runner,0.452,0.462,0.133,0.149,2.86
10299,Runner,0.452,0.462,0.151,0.154,0.44
10300,Runner,0.452,0.462,0.110,0.125,1.62
10301,Runner,0.452,0.462,0.146,0.106,1.34
10302,Runner,0.452,0.462,0.110,0.136,0.00
10303,Pursuer,0.452,0.462,0.126,0.106,0.00
10304,Pursuer,0.452,0.462,0.138,0.129,0.00
10305,Runner,0.452,0.462,0.152,0.124,0.00
10306,Draw,0.452,0.462,0.148,0.155,19.68
10307,Runner,0.452,0.462,0.122,0.114,2.18
10308,Pursuer,0.452,0.462,0.101,0.110,0.00
10309,Runner,0.452,0.462,0.114,0.122,0.28
10310,Runner,0.452,0.462,0.114,0.103,0.00
10311,Runner,0.453,0.462,0.102,0.119,0.00
10312,Pursuer,0.452,0.462,0.152,0.140,0.00
10313,Runner,0.453,0.462,0.155,0.139,0.00
10314,Runner,0.453,0.462,0.118,0.127,0.06
10315,Runner,0.453,0.462,0.127,0.157,0.00
10316,Pursuer,0.453,0.462,0.120,0.114,0.00
10317,Runner,0.453,0.462,0.123,0.146,2.12
10318,Pursuer,0.453,0.462,0.135,0.137,0.00
10319,Pursuer,0.453,0.462,0.132,0.125,0.00
10320,Runner,0.453,0.462,0.124,0.120,1.62
10321,Runner,0.453,0.462,0.137,0.119,0.00
10322,Runner,0.453,0.462,0.098,0.176,0.00
10323,Pursuer,0.453,0.462,0.000,0.000,0.00
10324,Runner,0.453,0.462,0.105,0.148,0.64
10325,Pursuer,0.453,0.462,0.134,0.115,0.00
10326,Pursuer,0.453,0.462,0.109,0.053,0.00
10327,Pursuer,0.453,0.462,0.192,0.128,0.00
10328,Pursuer,0.453,0.462,0.145,0.124,0.00
10329,Pursuer,0.453,0.462,0.135,0.151,0.00
10330,Runner,0.453,0.462,0.116,0.134,0.00
10331,Pursuer,0.453,0.462,0.000,0.000,0.00
10332,Pursuer,0.452,0.462,0.117,0.110,0.00
10333,Runner,0.453,0.462,0.140,0.118,0.08
10334,Pursuer,0.452,0.462,0.139,0.149,0.00
10335,Pursuer,0.452,0.462,0.152,0.089,0.00
10336,Pursuer,0.452,0.462,0.106,0.116,0.00
10337,Pursuer,0.452,0.462,0.116,0.127,0.00
10338,Runner,0.452,0.462,0.107,0.137,1.60
10339,Pursuer,0.452,0.462,0.042,0.114,0.00
10340,Pursuer,0.452,0.462,0.149,0.139,0.00
10341,Runner,0.452,0.462,0.090,0.122,0.00
10342,Runner,0.452,0.462,0.278,0.598,0.00
10343,Runner,0.452,0.462,0.113,0.125,0.24
10344,Pursuer,0.452,0.462,0.000,0.000,0.00
10345,Runner,0.452,0.462,0.000,0.000,0.02
10346,Pursuer,0.452,0.462,0.141,0.128,0.00
10347,Pursuer,0.452,0.462,0.137,0.122,0.00
10348,Runner,0.452,0.462,0.129,0.153,3.12
10349,Pursuer,0.452,0.462,0.136,0.113,0.00
10350,Runner,0.452,0.462,0.106,0.154,0.00
10351,Runner,0.453,0.462,0.140,0.150,0.00
10352,Pursuer,0.452,0.462,0.125,0.136,0.00
10353,Runner,0.453,0.462,0.144,0.124,0.60
10354,Runner,0.453,0.462,0.142,0.119,0.00
10355,Pursuer,0.453,0.462,0.140,0.107,0.00
10356,Pursuer,0.452,0.462,0.147,0.132,0.00
10357,Pursuer,0.452,0.462,0.171,0.215,0.00
10358,Pursuer,0.452,0.462,0.133,0.137,0.00
10359,Runner,0.452,0.462,0.112,0.109,2.08
10360,Runner,0.453,0.462,0.121,0.145,0.00
10361,Pursuer,0.452,0.462,0.131,0.095,0.00
10362,Runner,0.453,0.462,0.128,0.136,0.00
10363,Runner,0.453,0.462,0.158,0.128,0.00
10364,Pursuer,0.453,0.462,0.208,0.655,0.00
10365,Runner,0.453,0.462,0.093,0.144,1.52
10366,Runner,0.453,0.462,0.104,0.158,0.00
10367,Pursuer,0.453,0.462,0.123,0.132,0.00
10368,Pursuer,0.453,0.462,0.150,0.102,0.00
10369,Runner,0.453,0.462,0.124,0.120,0.00
10370,Runner,0.453,0.462,0.101,0.128,1.60
10371,Runner,0.453,0.462,0.151,0.140,0.00
10372,Runner,0.453,0.462,0.161,0.086,0.12
10373,Pursuer,0.453,0.462,0.130,0.107,0.00
10374,Runner,0.453,0.462,0.131,0.140,4.58
10375,Runner,0.453,0.462,0.103,0.189,0.88
10376,Pursuer,0.453,0.462,0.136,0.140,0.00
10377,Runner,0.453,0.462,0.101,0.150,0.00
10378,Pursuer,0.453,0.462,0.113,0.107,0.00
10379,Runner,0.453,0.462,0.125,0.145,4.60
10380,Runner,0.453,0.462,0.130,0.149,0.00
10381,Runner,0.453,0.462,0.178,0.120,0.00
10382,Pursuer,0.453,0.462,0.121,0.289,0.00
10383,Runner,0.453,0.462,0.123,0.140,2.74
10384,Runner,0.453,0.462,0.133,0.144,0.00
10385,Pursuer,0.453,0.462,0.131,0.157,0.00
10386,Pursuer,0.453,0.462,0.149,0.140,0.00
10387,Pursuer,0.453,0.462,0.141,0.119,0.00
10388,Runner,0.453,0.462,0.135,0.110,0.00
10389,Pursuer,0.453,0.462,0.129,0.120,0.00
10390,Pursuer,0.453,0.462,0.149,0.125,0.00
10391,Pursuer,0.453,0.462,0.126,0.147,0.00
10392,Pursuer,0.453,0.462,0.129,0.140,0.00
10393,Runner,0.453,0.462,0.106,0.124,0.00
10394,Runner,0.453,0.462,0.105,0.131,1.62
10395,Pursuer,0.453,0.462,0.137,0.142,0.00
10396,Runner,0.453,0.462,0.141,0.135,0.00
10397,Pursuer,0.453,0.462,0.127,0.111,0.00
10398,Runner,0.453,0.462,0.107,0.150,5.80
10399,Runner,0.453,0.462,0.102,0.088,0.98
10400,Pursuer,0.453,0.462,0.124,0.098,0.00
10401,Runner,0.453,0.462,0.172,0.135,0.00
10402,Pursuer,0.453,0.462,0.116,0.162,0.00
10403,Pursuer,0.453,0.462,0.116,0.108,0.00
10404,Runner,0.453,0.462,0.152,0.150,2.70
10405,Runner,0.453,0.462,0.139,0.129,0.90
10406,Draw,0.453,0.462,0.153,0.131,18.62
10407,Runner,0.453,0.462,0.132,0.135,6.64
10408,Runner,0.453,0.462,0.111,0.136,1.52
10409,Runner,0.453,0.462,0.125,0.146,2.28
10410,Runner,0.453,0.462,0.112,0.151,2.44
10411,Runner,0.453,0.462,0.103,0.148,2.24
10412,Pursuer,0.453,0.462,0.115,0.126,0.00
10413,Pursuer,0.453,0.462,0.123,0.111,0.00
10414,Draw,0.453,0.462,0.138,0.138,10.98
10415,Runner,0.453,0.462,0.101,0.095,0.00
10416,Runner,0.453,0.462,0.144,0.151,0.00
10417,Runner,0.453,0.462,0.137,0.117,0.00
10418,Pursuer,0.453,0.462,0.127,0.172,0.00
10419,Pursuer,0.453,0.462,0.126,0.112,0.00
10420,Draw,0.453,0.462,0.145,0.142,16.76
10421,Pursuer,0.453,0.462,0.118,0.105,0.00
10422,Runner,0.453,0.462,0.120,0.121,2.32
10423,Runner,0.453,0.462,0.112,0.159,3.04
10424,Pursuer,0.453,0.462,0.145,0.114,0.00
10425,Pursuer,0.453,0.462,0.153,0.121,0.00
10426,Pursuer,0.453,0.462,0.126,0.098,0.00
10427,Runner,0.453,0.462,0.135,0.178,1.12
10428,Runner,0.453,0.462,0.161,0.114,0.00
10429,Runner,0.453,0.462,0.089,0.174,0.10
10430,Pursuer,0.453,0.462,0.133,0.135,0.00
10431,Runner,0.453,0.462,0.000,0.000,0.00
10432,Pursuer,0.453,0.462,0.109,0.129,0.00
10433,Runner,0.453,0.462,0.137,0.140,4.50
10434,Pursuer,0.453,0.462,0.147,0.149,0.00
10435,Pursuer,0.453,0.462,0.144,0.110,0.00
10436,Runner,0.453,0.462,0.113,0.133,0.00
10437,Runner,0.453,0.462,0.110,0.148,0.00
10438,Pursuer,0.453,0.462,0.129,0.119,0.00
10439,Runner,0.453,0.462,0.104,0.127,0.00
10440,Runner,0.453,0.462,0.113,0.146,6.82
10441,Runner,0.453,0.462,0.131,0.135,0.00
10442,Runner,0.453,0.462,0.104,0.177,0.84
10443,Runner,0.453,0.462,0.105,0.131,1.28
10444,Pursuer,0.453,0.462,0.127,0.163,0.00
10445,Runner,0.453,0.462,0.116,0.125,0.00
10446,Runner,0.453,0.462,0.146,0.138,0.00
10447,Runner,0.454,0.462,0.131,0.186,0.00
10448,Pursuer,0.453,0.462,0.129,0.148,0.00
10449,Runner,0.454,0.462,0.113,0.118,2.08
10450,Runner,0.454,0.462,0.145,0.140,0.28
10451,Runner,0.454,0.462,0.169,0.192,1.12
10452,Pursuer,0.454,0.462,0.158,0.152,0.00
10453,Runner,0.454,0.462,0.113,0.130,4.48
10454,Runner,0.454,0.462,0.130,0.145,0.00
10455,Pursuer,0.454,0.462,0.131,0.096,0.00
10456,Runner,0.454,0.462,0.085,0.169,0.00
10457,Pursuer,0.454,0.462,0.124,0.145,0.00
10458,Runner,0.454,0.462,0.127,0.148,0.00
10459,Pursuer,0.454,0.462,0.150,0.166,0.00
10460,Runner,0.454,0.462,0.130,0.104,0.00
10461,Pursuer,0.454,0.462,0.126,0.140,0.00
10462,Runner,0.454,0.462,0.149,0.135,1.62
10463,Runner,0.454,0.462,0.197,0.136,0.74
10464,Runner,0.454,0.462,0.093,0.128,0.00
10465,Pursuer,0.454,0.462,0.133,0.137,0.00
10466,Runner,0.454,0.462,0.113,0.117,0.00
10467,Draw,0.454,0.462,0.118,0.154,0.02
10468,Pursuer,0.454,0.462,0.149,0.104,0.00
10469,Runner,0.454,0.462,0.109,0.136,0.00
10470,Pursuer,0.454,0.462,0.139,0.158,0.00
10471,Pursuer,0.454,0.462,0.133,0.120,0.00
10472,Pursuer,0.454,0.462,0.151,0.125,0.00
10473,Runner,0.454,0.462,0.107,0.098,0.00
10474,Runner,0.454,0.462,0.066,0.099,0.00
10475,Draw,0.454,0.462,0.138,0.146,13.14
10476,Runner,0.454,0.462,0.142,0.143,1.78
10477,Runner,0.454,0.461,0.123,0.130,5.18
10478,Pursuer,0.454,0.462,0.132,0.158,0.00
10479,Runner,0.454,0.461,0.106,0.154,0.00
10480,Pursuer,0.454,0.462,0.134,0.135,0.00
10481,Pursuer,0.454,0.462,0.118,0.150,0.00
10482,Runner,0.454,0.462,0.134,0.126,1.64
10483,Pursuer,0.454,0.462,0.151,0.118,0.00
10484,Runner,0.454,0.462,0.101,0.115,0.02
10485,Pursuer,0.454,0.462,0.130,0.141,0.00
10486,Draw,0.454,0.462,0.138,0.143,19.44
10487,Runner,0.454,0.462,0.140,0.164,2.60
10488,Runner,0.454,0.461,0.161,0.145,0.00
10489,Runner,0.454,0.461,0.107,0.148,0.00
10490,Runner,0.454,0.461,0.148,0.143,1.20
10491,Draw,0.454,0.461,0.133,0.141,19.98
10492,Runner,0.454,0.461,0.157,0.148,0.00
10493,Runner,0.454,0.461,0.112,0.130,0.00
10494,Runner,0.454,0.461,0.121,0.130,1.06
10495,Pursuer,0.454,0.461,0.173,0.105,0.00
10496,Pursuer,0.454,0.461,0.182,0.086,0.00
10497,Runner,0.454,0.461,0.111,0.148,0.44
10498,Runner,0.454,0.461,0.127,0.146,4.62
10499,Runner,0.454,0.461,0.112,0.127,0.00
10500,Pursuer,0.454,0.461,0.152,0.120,0.00
10501,Pursuer,0.454,0.461,0.122,0.109,0.00
10502,Draw,0.454,0.461,0.129,0.136,0.00
10503,Pursuer,0.454,0.461,0.125,0.142,0.00
10504,Runner,0.454,0.461,0.124,0.141,0.02
10505,Runner,0.454,0.461,0.162,0.133,0.00
10506,Pursuer,0.454,0.461,0.139,0.117,0.00
10507,Pursuer,0.454,0.461,0.142,0.139,0.00
10508,Runner,0.454,0.461,0.135,0.120,0.00
10509,Draw,0.454,0.461,0.142,0.145,18.94
10510,Runner,0.454,0.461,0.116,0.114,2.26
10511,Runner,0.454,0.461,0.109,0.102,1.58
10512,Pursuer,0.454,0.461,0.132,0.137,0.00
10513,Runner,0.454,0.461,0.115,0.126,1.78
10514,Runner,0.454,0.461,0.134,0.132,4.52
10515,Runner,0.454,0.461,0.141,0.138,1.04
10516,Pursuer,0.454,0.461,0.145,0.130,0.00
10517,Runner,0.454,0.461,0.257,0.144,0.54
10518,Pursuer,0.454,0.461,0.113,0.114,0.00
10519,Runner,0.454,0.461,0.117,0.128,0.00
10520,Runner,0.454,0.461,0.173,0.151,0.00
10521,Runner,0.454,0.461,0.097,0.127,1.94
10522,Pursuer,0.454,0.461,0.130,0.105,0.00
10523,Runner,0.454,0.461,0.136,0.113,0.94
10524,Runner,0.454,0.461,0.163,0.125,0.00
10525,Pursuer,0.454,0.461,0.164,0.131,0.00
10526,Runner,0.454,0.461,0.111,0.148,3.48
10527,Pursuer,0.454,0.461,0.052,0.332,0.00
10528,Pursuer,0.454,0.461,0.118,0.108,0.00
10529,Runner,0.454,0.461,0.133,0.146,0.00
10530,Pursuer,0.454,0.461,0.151,0.143,0.00
10531,Pursuer,0.454,0.461,0.118,0.143,0.00
10532,Pursuer,0.454,0.461,0.118,0.128,0.00
10533,Pursuer,0.454,0.461,0.106,0.280,0.00
10534,Runner,0.454,0.461,0.130,0.118,0.32
10535,Pursuer,0.454,0.461,0.133,0.158,0.00
10536,Runner,0.454,0.461,0.141,0.130,0.48
10537,Pursuer,0.454,0.461,0.000,0.000,0.00
10538,Pursuer,0.454,0.461,0.138,0.232,0.00
10539,Pursuer,0.454,0.461,0.094,0.121,0.00
10540,Runner,0.454,0.461,0.130,0.154,0.46
10541,Draw,0.454,0.461,0.121,0.126,0.00
10542,Runner,0.454,0.461,0.115,0.152,3.36
10543,Pursuer,0.454,0.461,0.000,0.000,0.00
10544,Pursuer,0.454,0.461,0.164,0.135,0.00
10545,Runner,0.454,0.461,0.104,0.116,1.50
10546,Runner,0.454,0.461,0.118,0.129,1.84
10547,Pursuer,0.454,0.461,0.125,0.102,0.00
10548,Pursuer,0.454,0.461,0.151,0.092,0.00
10549,Runner,0.454,0.461,0.072,0.106,0.00
10550,Runner,0.454,0.461,0.089,0.137,2.20
10551,Runner,0.454,0.461,0.119,0.142,0.00
10552,Pursuer,0.454,0.461,0.151,0.121,0.00
10553,Runner,0.454,0.461,0.111,0.132,2.40
10554,Runner,0.454,0.461,0.122,0.157,0.00
10555,Pursuer,0.454,0.461,0.129,0.113,0.00
10556,Runner,0.454,0.461,0.124,0.121,0.82
10557,Pursuer,0.454,0.461,0.122,0.126,0.00
10558,Runner,0.454,0.461,0.136,0.108,0.00
10559,Pursuer,0.454,0.461,0.191,0.174,0.00
10560,Runner,0.454,0.461,0.109,0.144,1.12
10561,Pursuer,0.454,0.461,0.144,0.123,0.00
10562,Pursuer,0.454,0.461,0.135,0.117,0.00
10563,Runner,0.454,0.461,0.124,0.087,1.04
10564,Runner,0.454,0.461,0.116,0.168,0.00
10565,Runner,0.454,0.461,0.127,0.119,0.00
10566,Runner,0.454,0.461,0.149,0.133,0.00
10567,Pursuer,0.454,0.461,0.165,0.122,0.00
10568,Runner,0.454,0.461,0.137,0.132,0.00
10569,Pursuer,0.454,0.461,0.144,0.103,0.00
10570,Pursuer,0.454,0.461,0.124,0.128,0.00
10571,Draw,0.454,0.461,0.143,0.154,16.48
10572,Runner,0.454,0.461,0.133,0.115,0.36
10573,Pursuer,0.454,0.461,0.148,0.144,0.00
10574,Pursuer,0.454,0.461,0.114,0.134,0.00
10575,Runner,0.454,0.461,0.110,0.145,2.36
10576,Runner,0.454,0.461,0.123,0.097,0.24
10577,Runner,0.454,0.461,0.152,0.157,0.00
10578,Runner,0.455,0.461,0.141,0.133,1.38
10579,Pursuer,0.454,0.461,0.126,0.151,0.00
10580,Runner,0.455,0.461,0.134,0.124,1.12
10581,Pursuer,0.454,0.461,0.146,0.112,0.00
10582,Runner,0.455,0.461,0.000,0.000,0.00
10583,Pursuer,0.455,0.461,0.139,0.125,0.00
10584,Pursuer,0.454,0.461,0.249,0.104,0.00
10585,Pursuer,0.454,0.461,0.000,0.000,0.00
10586,Draw,0.454,0.461,0.137,0.154,0.02
10587,Pursuer,0.454,0.461,0.102,0.150,0.00
10588,Runner,0.454,0.461,0.119,0.116,0.00
10589,Runner,0.454,0.461,0.109,0.130,0.00
10590,Pursuer,0.454,0.461,0.560,0.636,0.00
10591,Pursuer,0.454,0.461,0.105,0.098,0.00
10592,Runner,0.454,0.461,0.119,0.117,1.06
10593,Pursuer,0.454,0.461,0.184,0.139,0.00
10594,Runner,0.454,0.461,0.143,0.063,0.00
10595,Pursuer,0.454,0.461,0.126,0.114,0.00
10596,Pursuer,0.454,0.461,0.133,0.101,0.00
10597,Runner,0.454,0.461,0.145,0.132,0.00
10598,Pursuer,0.454,0.461,0.133,0.116,0.00
10599,Runner,0.454,0.461,0.143,0.133,4.44
10600,Runner,0.454,0.461,0.117,0.126,1.86
10601,Pursuer,0.454,0.461,0.130,0.152,0.00
10602,Runner,0.454,0.461,0.142,0.144,1.24
10603,Draw,0.454,0.461,0.108,0.146,17.34
10604,Pursuer,0.454,0.461,0.000,0.000,0.00
10605,Pursuer,0.454,0.461,0.152,0.106,0.00
10606,Pursuer,0.454,0.461,0.115,0.104,0.00
10607,Runner,0.454,0.461,0.000,0.000,0.02
10608,Pursuer,0.454,0.461,0.171,0.127,0.00
10609,Runner,0.454,0.461,0.130,0.114,2.74
10610,Pursuer,0.454,0.461,0.130,0.128,0.00
10611,Runner,0.454,0.461,0.091,0.149,0.00
10612,Pursuer,0.454,0.461,0.000,0.000,0.00
10613,Runner,0.454,0.461,0.000,0.000,0.02
10614,Pursuer,0.454,0.461,0.132,0.135,0.00
10615,Runner,0.454,0.461,0.141,0.115,1.96
10616,Runner,0.454,0.461,0.096,0.137,0.00
10617,Pursuer,0.454,0.461,0.130,0.133,0.00
10618,Runner,0.454,0.461,0.128,0.145,0.00
10619,Pursuer,0.454,0.461,0.151,0.151,0.00
10620,Pursuer,0.454,0.461,0.129,0.177,0.00
10621,Draw,0.454,0.461,0.140,0.139,16.48
10622,Runner,0.454,0.461,0.149,0.139,0.00
10623,Pursuer,0.454,0.461,0.121,0.117,0.00
10624,Pursuer,0.454,0.461,0.142,0.093,0.00
10625,Runner,0.454,0.461,0.125,0.130,0.88
10626,Runner,0.454,0.461,0.153,0.164,0.78
10627,Pursuer,0.454,0.461,0.153,0.144,0.00
10628,Pursuer,0.454,0.461,0.112,0.111,0.00
10629,Runner,0.454,0.461,0.121,0.145,1.02
10630,Pursuer,0.454,0.461,0.147,0.165,0.00
10631,Pursuer,0.454,0.461,0.119,0.126,0.00
10632,Pursuer,0.454,0.462,0.172,0.119,0.00
10633,Runner,0.454,0.461,0.154,0.138,0.00
10634,Runner,0.454,0.461,0.103,0.163,3.16
10635,Pursuer,0.454,0.461,0.113,0.131,0.00
10636,Runner,0.454,0.461,0.116,0.126,1.48
10637,Runner,0.454,0.461,0.173,0.161,0.00
10638,Draw,0.454,0.461,0.111,0.140,15.58
10639,Pursuer,0.454,0.461,0.099,0.141,0.00
10640,Runner,0.454,0.461,0.145,0.124,3.00
10641,Pursuer,0.454,0.461,0.166,0.115,0.00
10642,Pursuer,0.454,0.461,0.129,0.141,0.00
10643,Pursuer,0.454,0.462,0.113,0.109,0.00
10644,Runner,0.454,0.461,0.113,0.129,1.08
10645,Runner,0.454,0.461,0.125,0.125,1.30
10646,Runner,0.454,0.461,0.113,0.122,5.58
10647,Pursuer,0.454,0.461,0.140,0.151,0.00
10648,Draw,0.454,0.461,0.146,0.155,16.08
10649,Runner,0.454,0.461,0.107,0.139,3.24
10650,Pursuer,0.454,0.461,0.000,0.000,0.00
10651,Draw,0.454,0.461,0.146,0.143,16.54
10652,Pursuer,0.454,0.461,0.149,0.130,0.00
10653,Runner,0.454,0.461,0.125,0.138,3.20
10654,Runner,0.454,0.461,0.134,0.133,2.06
10655,Runner,0.454,0.461,0.112,0.111,0.00
10656,Pursuer,0.454,0.461,0.084,0.109,0.00
10657,Pursuer,0.454,0.461,0.131,0.121,0.00
10658,Pursuer,0.454,0.461,0.108,0.173,0.00
10659,Runner,0.454,0.461,0.112,0.135,2.54
10660,Pursuer,0.454,0.461,0.130,0.118,0.00
10661,Runner,0.454,0.461,0.111,0.136,0.00
10662,Runner,0.454,0.461,0.104,0.137,3.12
10663,Runner,0.454,0.461,0.112,0.148,0.00
10664,Runner,0.454,0.461,0.102,0.133,2.38
10665,Runner,0.454,0.461,0.107,0.120,3.70
10666,Pursuer,0.454,0.461,0.136,0.130,0.00
10667,Pursuer,0.454,0.461,0.150,0.132,0.00
10668,Draw,0.454,0.461,0.135,0.139,0.00
10669,Runner,0.454,0.461,0.124,0.138,0.00
10670,Runner,0.454,0.461,0.111,0.133,0.00
10671,Pursuer,0.454,0.461,0.127,0.136,0.00
10672,Pursuer,0.454,0.461,0.167,0.260,0.00
10673,Runner,0.454,0.461,0.110,0.140,0.00
10674,Pursuer,0.454,0.461,0.133,0.126,0.00
10675,Runner,0.454,0.461,0.093,0.157,2.94
10676,Runner,0.454,0.461,0.134,0.199,0.04
10677,Runner,0.455,0.461,0.111,0.130,4.08
10678,Runner,0.455,0.461,0.113,0.143,0.00
10679,Runner,0.455,0.461,0.166,0.117,0.00
10680,Pursuer,0.455,0.461,0.135,0.097,0.00
10681,Runner,0.455,0.461,0.106,0.142,0.80
10682,Runner,0.455,0.461,0.133,0.142,2.24
10683,Runner,0.455,0.461,0.157,0.147,0.00
10684,Pursuer,0.455,0.461,0.144,0.157,0.00
10685,Pursuer,0.455,0.461,0.117,0.126,0.00
10686,Runner,0.455,0.461,0.105,0.132,0.00
10687,Runner,0.455,0.461,0.108,0.116,1.92
10688,Runner,0.455,0.461,0.150,0.157,0.00
10689,Runner,0.455,0.461,0.150,0.211,0.02
10690,Draw,0.455,0.461,0.135,0.121,4.60
10691,Draw,0.455,0.461,0.148,0.150,19.98
10692,Runner,0.455,0.461,0.136,0.132,1.96
10693,Runner,0.455,0.461,0.129,0.151,0.86
10694,Runner,0.455,0.461,0.115,0.154,1.46
10695,Pursuer,0.455,0.461,0.127,0.110,0.00
10696,Pursuer,0.455,0.461,0.123,0.098,0.00
10697,Draw,0.455,0.461,0.145,0.145,18.28
10698,Draw,0.455,0.461,0.146,0.142,15.90
10699,Runner,0.455,0.461,0.134,0.135,0.00
10700,Runner,0.455,0.461,0.107,0.151,0.10
10701,Runner,0.455,0.461,0.135,0.142,0.00
10702,Runner,0.455,0.461,0.109,0.144,0.00
10703,Runner,0.455,0.461,0.170,0.134,0.00
10704,Pursuer,0.455,0.461,0.131,0.134,0.00
10705,Runner,0.455,0.461,0.120,0.134,0.00
10706,Pursuer,0.455,0.461,0.136,0.156,0.00
10707,Draw,0.455,0.461,0.123,0.143,16.12
10708,Runner,0.455,0.460,0.144,0.151,0.00
10709,Runner,0.455,0.460,0.143,0.163,0.00
10710,Pursuer,0.455,0.461,0.151,0.118,0.00
10711,Runner,0.455,0.460,0.122,0.142,0.00
10712,Runner,0.455,0.460,0.148,0.120,0.00
10713,Pursuer,0.455,0.460,0.123,0.152,0.00
10714,Runner,0.455,0.460,0.114,0.123,1.92
10715,Pursuer,0.455,0.460,0.179,0.173,0.00
10716,Runner,0.455,0.460,0.114,0.138,0.00
10717,Runner,0.455,0.460,0.100,0.117,0.00
10718,Runner,0.455,0.460,0.107,0.127,0.00
10719,Runner,0.455,0.460,0.090,0.156,0.00
10720,Runner,0.455,0.460,0.139,0.089,0.00
10721,Pursuer,0.455,0.460,0.140,0.117,0.00
10722,Runner,0.455,0.460,0.143,0.120,0.00
10723,Pursuer,0.455,0.460,0.158,0.139,0.00
10724,Pursuer,0.455,0.460,0.155,0.312,0.00
10725,Runner,0.455,0.460,0.165,0.122,0.74
10726,Runner,0.455,0.460,0.107,0.136,1.08
10727,Runner,0.455,0.460,0.115,0.124,1.78
10728,Pursuer,0.455,0.460,0.132,0.133,0.00
10729,Runner,0.455,0.460,0.110,0.129,0.14
10730,Runner,0.455,0.460,0.107,0.143,0.00
10731,Pursuer,0.455,0.460,0.000,0.000,0.00
10732,Pursuer,0.455,0.460,0.132,0.129,0.00
10733,Pursuer,0.455,0.460,0.119,0.113,0.00
10734,Pursuer,0.455,0.460,0.118,0.136,0.00
10735,Runner,0.455,0.460,0.128,0.112,1.88
10736,Runner,0.455,0.460,0.103,0.211,0.00
10737,Pursuer,0.455,0.460,0.150,0.139,0.00
10738,Pursuer,0.455,0.460,0.134,0.078,0.00
10739,Runner,0.455,0.460,0.077,0.134,0.44
10740,Pursuer,0.455,0.460,0.275,0.120,0.00
10741,Runner,0.455,0.460,0.123,0.137,4.50
10742,Pursuer,0.455,0.460,0.000,0.000,0.00
10743,Pursuer,0.455,0.460,0.154,0.141,0.00
10744,Runner,0.455,0.460,0.123,0.103,0.00
10745,Runner,0.455,0.460,0.101,0.125,3.44
10746,Draw,0.455,0.460,0.149,0.151,19.98
10747,Pursuer,0.455,0.460,0.123,0.120,0.00
10748,Pursuer,0.455,0.460,0.135,0.140,0.00
10749,Pursuer,0.455,0.461,0.138,0.135,0.00
10750,Runner,0.455,0.460,0.132,0.157,0.12
10751,Draw,0.455,0.460,0.142,0.134,14.94
10752,Runner,0.455,0.460,0.124,0.095,0.00
10753,Pursuer,0.455,0.460,0.153,0.145,0.00
10754,Runner,0.455,0.460,0.096,0.138,0.00
10755,Runner,0.455,0.460,0.140,0.142,1.14
10756,Runner,0.455,0.460,0.136,0.109,0.00
10757,Runner,0.455,0.460,0.125,0.143,2.50
10758,Pursuer,0.455,0.460,0.295,0.294,0.00
10759,Runner,0.455,0.460,0.000,0.000,0.00
10760,Runner,0.455,0.460,0.120,0.152,2.12
10761,Draw,0.455,0.460,0.147,0.155,0.00
10762,Runner,0.455,0.460,0.110,0.141,3.22
10763,Runner,0.456,0.460,0.098,0.153,1.20
10764,Pursuer,0.455,0.460,0.135,0.117,0.00
10765,Runner,0.456,0.460,0.126,0.130,0.70
10766,Runner,0.456,0.460,0.106,0.109,0.00
10767,Pursuer,0.456,0.460,0.000,0.000,0.00
10768,Pursuer,0.456,0.460,0.119,0.119,0.00
10769,Pursuer,0.455,0.460,0.158,0.162,0.00
10770,Pursuer,0.455,0.460,0.141,0.135,0.00
10771,Pursuer,0.455,0.460,0.111,0.140,0.00
10772,Pursuer,0.455,0.460,0.129,0.318,0.00
10773,Pursuer,0.455,0.460,0.164,0.099,0.00
10774,Pursuer,0.455,0.460,0.123,0.093,0.00
10775,Runner,0.455,0.460,0.096,0.154,0.00
10776,Runner,0.455,0.460,0.139,0.121,0.38
10777,Pursuer,0.455,0.460,0.149,0.150,0.00
10778,Runner,0.455,0.460,0.137,0.143,0.00
10779,Runner,0.455,0.460,0.166,0.117,1.58
10780,Pursuer,0.455,0.460,0.130,0.141,0.00
10781,Runner,0.455,0.460,0.130,0.138,0.16
10782,Runner,0.455,0.460,0.154,0.111,0.00
10783,Pursuer,0.455,0.460,0.147,0.110,0.00
10784,Pursuer,0.455,0.460,0.176,0.098,0.00
10785,Pursuer,0.455,0.460,0.148,0.150,0.00
10786,Runner,0.455,0.460,0.141,0.139,0.00
10787,Pursuer,0.455,0.460,0.132,0.112,0.00
10788,Runner,0.455,0.460,0.106,0.129,0.00
10789,Pursuer,0.455,0.460,0.100,0.122,0.00
10790,Runner,0.455,0.460,0.125,0.169,0.00
10791,Pursuer,0.455,0.460,0.120,0.117,0.00
10792,Pursuer,0.455,0.461,0.078,0.104,0.00
10793,Pursuer,0.455,0.461,0.163,0.144,0.00
10794,Runner,0.455,0.461,0.118,0.110,0.08
10795,Runner,0.455,0.460,0.141,0.133,0.16
10796,Runner,0.455,0.460,0.109,0.139,0.80
10797,Pursuer,0.455,0.460,0.120,0.098,0.00
10798,Runner,0.455,0.460,0.119,0.180,0.00
10799,Pursuer,0.455,0.461,0.083,0.105,0.00
10800,Runner,0.455,0.460,0.124,0.121,5.38
10801,Runner,0.456,0.460,0.129,0.122,0.00
10802,Runner,0.456,0.460,0.151,0.125,1.36
10803,Runner,0.456,0.460,0.135,0.158,0.00
10804,Pursuer,0.456,0.460,0.154,0.155,0.00
10805,Runner,0.456,0.460,0.122,0.160,2.16
10806,Pursuer,0.456,0.460,0.114,0.124,0.00
10807,Runner,0.456,0.460,0.115,0.134,0.84
10808,Draw,0.456,0.460,0.154,0.144,17.94
10809,Pursuer,0.456,0.460,0.142,0.114,0.00
10810,Runner,0.456,0.460,0.191,0.125,0.00
10811,Pursuer,0.456,0.460,0.163,0.165,0.00
10812,Pursuer,0.456,0.460,0.144,0.130,0.00
10813,Runner,0.456,0.460,0.108,0.124,3.62
10814,Pursuer,0.456,0.460,0.120,0.125,0.00
10815,Runner,0.456,0.460,0.000,0.000,0.00
10816,Pursuer,0.456,0.460,0.101,0.150,0.00
10817,Pursuer,0.455,0.460,0.128,0.133,0.00
10818,Pursuer,0.455,0.461,0.162,0.160,0.00
10819,Runner,0.455,0.460,0.152,0.139,0.00
10820,Pursuer,0.455,0.461,0.181,0.120,0.00
10821,Pursuer,0.455,0.461,0.088,0.180,0.00
10822,Runner,0.455,0.461,0.156,0.111,0.00
10823,Runner,0.456,0.461,0.130,0.170,1.98
10824,Runner,0.456,0.460,0.117,0.132,0.00
10825,Runner,0.456,0.460,0.128,0.141,0.00
10826,Runner,0.456,0.460,0.106,0.117,2.04
10827,Pursuer,0.456,0.460,0.127,0.104,0.00
10828,Pursuer,0.456,0.460,0.144,0.115,0.00
10829,Runner,0.456,0.460,0.112,0.126,0.00
10830,Pursuer,0.456,0.460,0.000,0.000,0.00
10831,Runner,0.456,0.460,0.112,0.149,0.00
10832,Runner,0.456,0.460,0.124,0.115,1.74
10833,Runner,0.456,0.460,0.144,0.146,0.00
10834,Pursuer,0.456,0.460,0.148,0.113,0.00
10835,Runner,0.456,0.460,0.187,0.121,0.00
10836,Runner,0.456,0.460,0.148,0.156,1.38
10837,Runner,0.456,0.460,0.129,0.128,0.00
10838,Pursuer,0.456,0.460,0.109,0.144,0.00
10839,Pursuer,0.456,0.460,0.146,0.173,0.00
10840,Pursuer,0.456,0.460,0.134,0.140,0.00
10841,Pursuer,0.456,0.460,0.131,0.113,0.00
10842,Pursuer,0.456,0.461,0.131,0.131,0.00
10843,Pursuer,0.456,0.461,0.208,0.128,0.00
10844,Runner,0.456,0.461,0.125,0.147,0.48
10845,Runner,0.456,0.460,0.105,0.125,0.54
10846,Runner,0.456,0.460,0.103,0.129,0.00
10847,Runner,0.456,0.460,0.107,0.153,0.00
10848,Draw,0.456,0.460,0.140,0.139,16.86
10849,Pursuer,0.456,0.460,0.000,0.000,0.00
10850,Runner,0.456,0.460,0.130,0.141,0.00
10851,Pursuer,0.456,0.460,0.138,0.145,0.00
10852,Runner,0.456,0.460,0.124,0.128,0.00
10853,Runner,0.456,0.460,0.161,0.152,2.20
10854,Runner,0.456,0.460,0.075,0.136,0.00
10855,Pursuer,0.456,0.460,0.129,0.196,0.00
10856,Runner,0.456,0.460,0.127,0.147,2.12
10857,Runner,0.456,0.460,0.120,0.131,1.58
10858,Runner,0.456,0.460,0.118,0.134,0.00
10859,Pursuer,0.456,0.460,0.135,0.124,0.00
10860,Pursuer,0.456,0.460,0.101,0.108,0.00
10861,Draw,0.456,0.460,0.115,0.153,0.00
10862,Runner,0.456,0.460,0.120,0.121,7.56
10863,Runner,0.456,0.460,0.116,0.142,2.98
10864,Runner,0.456,0.460,0.127,0.133,6.02
10865,Pursuer,0.456,0.460,0.120,0.137,0.00
10866,Runner,0.456,0.460,0.134,0.159,2.16
10867,Runner,0.456,0.460,0.125,0.139,0.00
10868,Runner,0.456,0.460,0.141,0.120,0.58
10869,Draw,0.456,0.460,0.134,0.135,18.26
10870,Pursuer,0.456,0.460,0.196,0.071,0.00
10871,Runner,0.456,0.460,0.121,0.134,2.34
10872,Pursuer,0.456,0.460,0.157,0.157,0.00
10873,Runner,0.456,0.460,0.114,0.141,0.00
10874,Runner,0.456,0.460,0.127,0.129,2.48
10875,Pursuer,0.456,0.460,0.109,0.136,0.00
10876,Pursuer,0.456,0.460,0.134,0.130,0.00
10877,Runner,0.456,0.460,0.131,0.136,0.00
10878,Pursuer,0.456,0.460,0.117,0.136,0.00
10879,Draw,0.456,0.460,0.155,0.145,16.14
10880,Runner,0.456,0.460,0.111,0.135,0.00
10881,Runner,0.456,0.460,0.154,0.178,0.00
10882,Pursuer,0.456,0.460,0.133,0.116,0.00
10883,Pursuer,0.456,0.460,0.124,0.104,0.00
10884,Runner,0.456,0.460,0.108,0.132,0.00
10885,Pursuer,0.456,0.460,0.146,0.116,0.00
10886,Runner,0.456,0.460,0.094,0.111,0.50
10887,Pursuer,0.456,0.460,0.146,0.105,0.00
10888,Runner,0.456,0.460,0.108,0.099,1.20
10889,Pursuer,0.456,0.460,0.136,0.117,0.00
10890,Pursuer,0.456,0.460,0.115,0.108,0.00
10891,Pursuer,0.456,0.460,0.126,0.079,0.00
10892,Runner,0.456,0.460,0.117,0.130,1.84
10893,Runner,0.456,0.460,0.130,0.129,5.98
10894,Pursuer,0.456,0.460,0.140,0.114,0.00
10895,Pursuer,0.456,0.460,0.116,0.123,0.00
10896,Runner,0.456,0.460,0.134,0.146,1.32
10897,Runner,0.456,0.460,0.107,0.159,1.82
10898,Runner,0.456,0.460,0.099,0.137,0.00
10899,Runner,0.456,0.460,0.110,0.122,0.00
10900,Runner,0.456,0.460,0.126,0.139,3.48
10901,Pursuer,0.456,0.460,0.000,0.000,0.00
10902,Runner,0.456,0.460,0.142,0.141,1.00
10903,Runner,0.456,0.460,0.123,0.139,0.00
10904,Runner,0.456,0.460,0.091,0.128,1.12
10905,Runner,0.456,0.460,0.106,0.134,2.18
10906,Runner,0.456,0.460,0.133,0.146,0.00
10907,Pursuer,0.456,0.460,0.126,0.139,0.00
10908,Runner,0.456,0.460,0.111,0.139,0.00
10909,Runner,0.457,0.460,0.143,0.121,0.00
10910,Runner,0.457,0.460,0.147,0.146,1.56
10911,Runner,0.457,0.460,0.123,0.126,0.00
10912,Pursuer,0.457,0.460,0.127,0.106,0.00
10913,Pursuer,0.457,0.460,0.132,0.117,0.00
10914,Pursuer,0.456,0.460,0.096,0.093,0.00
10915,Pursuer,0.456,0.460,0.137,0.130,0.00
10916,Pursuer,0.456,0.460,0.120,0.149,0.00
10917,Pursuer,0.456,0.460,0.203,0.069,0.00
10918,Pursuer,0.456,0.460,0.128,0.122,0.00
10919,Runner,0.456,0.460,0.098,0.155,0.56
10920,Runner,0.456,0.460,0.106,0.135,2.14
10921,Pursuer,0.456,0.460,0.139,0.123,0.00
10922,Pursuer,0.456,0.460,0.122,0.152,0.00
10923,Runner,0.456,0.460,0.137,0.127,1.76
10924,Runner,0.456,0.460,0.131,0.155,0.00
10925,Pursuer,0.456,0.460,0.146,0.118,0.00
10926,Runner,0.456,0.460,0.091,0.141,0.12
10927,Pursuer,0.456,0.460,0.000,0.000,0.00
10928,Runner,0.456,0.460,0.116,0.163,0.56
10929,Runner,0.456,0.460,0.131,0.135,1.62
10930,Pursuer,0.456,0.460,0.147,0.136,0.00
10931,Pursuer,0.456,0.460,0.136,0.124,0.00
10932,Runner,0.456,0.460,0.136,0.160,2.34
10933,Pursuer,0.456,0.460,0.151,0.108,0.00
10934,Runner,0.456,0.460,0.118,0.125,1.12
10935,Runner,0.457,0.460,0.098,0.145,1.48
10936,Pursuer,0.456,0.460,0.151,0.185,0.00
10937,Runner,0.457,0.460,0.099,0.113,0.02
10938,Runner,0.457,0.460,0.137,0.169,0.00
10939,Runner,0.457,0.460,0.093,0.144,0.00
10940,Runner,0.457,0.460,0.102,0.133,1.22
10941,Pursuer,0.457,0.460,0.170,0.107,0.00
10942,Runner,0.457,0.460,0.130,0.146,0.00
10943,Pursuer,0.457,0.460,0.166,0.101,0.00
10944,Pursuer,0.457,0.460,0.150,0.151,0.00
10945,Runner,0.457,0.460,0.136,0.140,1.86
10946,Pursuer,0.457,0.460,0.347,0.396,0.00
10947,Draw,0.457,0.460,0.139,0.127,15.86
10948,Runner,0.457,0.460,0.144,0.144,0.26
10949,Pursuer,0.457,0.460,0.138,0.179,0.00
10950,Draw,0.457,0.460,0.142,0.153,19.38
10951,Draw,0.456,0.460,0.133,0.153,0.02
10952,Runner,0.457,0.460,0.120,0.097,0.40
10953,Runner,0.457,0.460,0.160,0.157,0.62
10954,Draw,0.457,0.460,0.143,0.141,18.64
10955,Draw,0.457,0.460,0.145,0.145,16.14
10956,Pursuer,0.456,0.460,0.143,0.127,0.00
10957,Pursuer,0.456,0.460,0.125,0.138,0.00
10958,Pursuer,0.456,0.460,0.193,0.124,0.00
10959,Pursuer,0.456,0.460,0.159,0.144,0.00
10960,Runner,0.456,0.460,0.134,0.121,1.26
10961,Runner,0.456,0.460,0.110,0.161,1.36
10962,Runner,0.456,0.460,0.126,0.124,0.00
10963,Runner,0.457,0.460,0.119,0.134,2.20
10964,Pursuer,0.456,0.460,0.129,0.098,0.00
10965,Pursuer,0.456,0.460,0.136,0.131,0.00
10966,Runner,0.457,0.460,0.097,0.112,0.16
10967,Pursuer,0.456,0.460,0.125,0.135,0.00
10968,Runner,0.457,0.460,0.146,0.159,1.00
10969,Pursuer,0.456,0.460,0.160,0.130,0.00
10970,Pursuer,0.456,0.460,0.151,0.129,0.00
10971,Runner,0.456,0.460,0.175,0.153,0.42
10972,Runner,0.457,0.460,0.140,0.108,0.00
10973,Runner,0.457,0.460,0.140,0.137,0.00
10974,Pursuer,0.457,0.460,0.127,0.112,0.00
10975,Pursuer,0.456,0.460,0.086,0.117,0.00
10976,Runner,0.457,0.460,0.113,0.179,0.96
10977,Pursuer,0.457,0.460,0.135,0.156,0.00
10978,Pursuer,0.456,0.460,0.160,0.126,0.00
10979,Pursuer,0.456,0.460,0.192,0.122,0.00
10980,Runner,0.456,0.460,0.146,0.148,0.00
10981,Runner,0.457,0.460,0.113,0.160,0.00
10982,Runner,0.457,0.460,0.131,0.117,0.00
10983,Runner,0.457,0.460,0.124,0.147,0.22
10984,Runner,0.457,0.460,0.123,0.139,2.54
10985,Draw,0.457,0.460,0.134,0.152,19.98
10986,Runner,0.457,0.460,0.172,0.125,1.50
10987,Runner,0.457,0.460,0.108,0.156,3.22
10988,Runner,0.457,0.460,0.130,0.154,0.00
10989,Runner,0.457,0.460,0.134,0.155,0.00
10990,Runner,0.457,0.460,0.000,0.000,0.02
10991,Runner,0.457,0.459,0.123,0.155,2.52
10992,Runner,0.457,0.459,0.141,0.131,0.00
10993,Runner,0.457,0.459,0.138,0.136,0.94
10994,Pursuer,0.457,0.459,0.000,0.000,0.00
10995,Pursuer,0.457,0.459,0.249,0.159,0.00
10996,Runner,0.457,0.459,0.121,0.117,0.00
10997,Pursuer,0.457,0.459,0.116,0.137,0.00
10998,Runner,0.457,0.459,0.152,0.149,4.52
10999,Pursuer,0.457,0.459,0.171,0.108,0.00
11000,Pursuer,0.457,0.460,0.128,0.107,0.00
11001,Draw,0.457,0.460,0.148,0.133,16.40
11002,Pursuer,0.457,0.460,0.149,0.132,0.00
11003,Runner,0.457,0.460,0.108,0.127,1.44
11004,Pursuer,0.457,0.460,0.127,0.089,0.00
11005,Runner,0.457,0.460,0.142,0.137,2.18
11006,Runner,0.457,0.459,0.116,0.133,6.50
11007,Pursuer,0.457,0.460,0.154,0.124,0.00
11008,Pursuer,0.457,0.460,0.130,0.127,0.00
11009,Runner,0.457,0.460,0.126,0.162,1.98
11010,Pursuer,0.457,0.460,0.146,0.113,0.00
11011,Runner,0.457,0.460,0.123,0.152,0.00
11012,Runner,0.457,0.459,0.150,0.120,0.00
11013,Pursuer,0.457,0.460,0.109,0.144,0.00
11014,Draw,0.457,0.460,0.142,0.137,16.92
11015,Runner,0.457,0.459,0.111,0.119,2.88
11016,Pursuer,0.457,0.460,0.125,0.142,0.00
11017,Pursuer,0.457,0.460,0.125,0.131,0.00
11018,Pursuer,0.457,0.460,0.158,0.132,0.00
11019,Pursuer,0.457,0.460,0.125,0.122,0.00
11020,Pursuer,0.457,0.460,0.137,0.122,0.00
11021,Runner,0.457,0.460,0.148,0.098,0.00
11022,Pursuer,0.457,0.460,0.131,0.149,0.00
11023,Runner,0.457,0.460,0.068,0.157,0.00
11024,Runner,0.457,0.460,0.179,0.174,1.22
11025,Pursuer,0.457,0.460,0.139,0.104,0.00
11026,Runner,0.457,0.460,0.106,0.141,0.66
11027,Pursuer,0.457,0.460,0.110,0.127,0.00
11028,Pursuer,0.457,0.460,0.102,0.151,0.00
11029,Pursuer,0.457,0.460,0.071,0.198,0.00
11030,Pursuer,0.457,0.460,0.105,0.089,0.00
11031,Pursuer,0.457,0.460,0.147,0.118,0.00
11032,Pursuer,0.457,0.460,0.180,0.129,0.00
11033,Pursuer,0.457,0.460,0.110,0.144,0.00
11034,Pursuer,0.456,0.460,0.122,0.116,0.00
11035,Pursuer,0.456,0.460,0.141,0.146,0.00
11036,Pursuer,0.456,0.460,0.126,0.106,0.00
11037,Runner,0.456,0.460,0.119,0.127,1.64
11038,Runner,0.457,0.460,0.132,0.114,1.70
11039,Runner,0.457,0.460,0.131,0.122,0.80
11040,Runner,0.457,0.460,0.091,0.162,0.00
11041,Draw,0.457,0.460,0.149,0.147,17.60
11042,Runner,0.457,0.460,0.129,0.123,5.06
11043,Draw,0.457,0.460,0.142,0.127,18.10
11044,Runner,0.457,0.460,0.121,0.157,1.04
11045,Pursuer,0.457,0.460,0.124,0.113,0.00
11046,Pursuer,0.457,0.460,0.110,0.141,0.00
11047,Pursuer,0.457,0.460,0.199,0.148,0.00
11048,Runner,0.457,0.460,0.126,0.146,2.96
11049,Runner,0.457,0.460,0.128,0.114,2.44
11050,Runner,0.457,0.460,0.118,0.138,5.78
11051,Runner,0.457,0.460,0.112,0.125,1.88
11052,Pursuer,0.457,0.460,0.158,0.115,0.00
11053,Pursuer,0.457,0.460,0.140,0.120,0.00
11054,Runner,0.457,0.460,0.114,0.146,0.00
11055,Runner,0.457,0.460,0.150,0.121,0.88
11056,Runner,0.457,0.460,0.103,0.123,0.00
11057,Runner,0.457,0.460,0.092,0.125,1.26
11058,Runner,0.457,0.460,0.126,0.134,4.08
11059,Pursuer,0.457,0.460,0.050,0.058,0.00
11060,Pursuer,0.457,0.460,0.139,0.118,0.00
11061,Runner,0.457,0.460,0.121,0.128,2.44
11062,Runner,0.457,0.460,0.114,0.139,2.44
11063,Pursuer,0.457,0.460,0.144,0.101,0.00
11064,Runner,0.457,0.460,0.000,0.000,0.00
11065,Pursuer,0.457,0.460,0.123,0.129,0.00
11066,Pursuer,0.457,0.460,0.155,0.136,0.00
11067,Runner,0.457,0.460,0.159,0.162,0.00
11068,Pursuer,0.457,0.460,0.089,0.164,0.00
11069,Runner,0.457,0.460,0.098,0.130,1.88
11070,Pursuer,0.457,0.460,0.000,0.000,0.00
11071,Runner,0.457,0.460,0.116,0.119,0.00
11072,Runner,0.457,0.460,0.103,0.136,0.00
11073,Pursuer,0.457,0.460,0.147,0.114,0.00
11074,Pursuer,0.457,0.460,0.142,0.152,0.00
11075,Pursuer,0.457,0.460,0.105,0.079,0.00
11076,Draw,0.457,0.460,0.125,0.140,17.94
11077,Pursuer,0.457,0.460,0.000,0.000,0.00
11078,Runner,0.457,0.460,0.100,0.134,0.00
11079,Draw,0.457,0.460,0.135,0.151,0.00
11080,Pursuer,0.457,0.460,0.107,0.162,0.00
11081,Pursuer,0.457,0.460,0.064,0.137,0.00
11082,Pursuer,0.457,0.460,0.156,0.221,0.00
11083,Pursuer,0.457,0.460,0.182,0.109,0.00
11084,Runner,0.457,0.460,0.152,0.125,0.00
11085,Runner,0.457,0.460,0.130,0.106,0.00
11086,Pursuer,0.457,0.460,0.153,0.350,0.00
11087,Pursuer,0.457,0.460,0.143,0.127,0.00
11088,Pursuer,0.457,0.460,0.160,0.135,0.00
11089,Runner,0.457,0.460,0.138,0.120,0.00
11090,Runner,0.457,0.460,0.118,0.135,0.22
11091,Runner,0.457,0.460,0.113,0.133,0.00
11092,Pursuer,0.457,0.460,0.127,0.125,0.00
11093,Pursuer,0.457,0.460,0.129,0.160,0.00
11094,Pursuer,0.457,0.460,0.133,0.095,0.00
11095,Pursuer,0.457,0.460,0.101,0.134,0.00
11096,Draw,0.456,0.460,0.143,0.150,16.12
11097,Runner,0.457,0.460,0.126,0.157,6.84
11098,Pursuer,0.456,0.460,0.147,0.135,0.00
11099,Pursuer,0.456,0.460,0.180,0.146,0.00
11100,Pursuer,0.456,0.460,0.092,0.065,0.00
11101,Pursuer,0.456,0.460,0.090,0.106,0.00
11102,Runner,0.456,0.460,0.136,0.133,0.00
11103,Runner,0.456,0.460,0.088,0.118,0.44
11104,Pursuer,0.456,0.460,0.132,0.111,0.00
11105,Pursuer,0.456,0.460,0.140,0.138,0.00
11106,Runner,0.456,0.460,0.125,0.147,3.74
11107,Draw,0.456,0.460,0.122,0.138,19.02
11108,Pursuer,0.456,0.460,0.176,0.132,0.00
11109,Runner,0.456,0.460,0.106,0.123,1.72
11110,Pursuer,0.456,0.460,0.137,0.128,0.00
11111,Pursuer,0.456,0.460,0.106,0.130,0.00
11112,Runner,0.456,0.460,0.126,0.148,0.00
11113,Runner,0.456,0.460,0.105,0.172,2.32
11114,Draw,0.456,0.460,0.147,0.145,18.84
11115,Pursuer,0.456,0.460,0.141,0.156,0.00
11116,Pursuer,0.456,0.460,0.129,0.096,0.00
11117,Pursuer,0.456,0.460,0.135,0.075,0.00
11118,Runner,0.456,0.460,0.085,0.124,0.00
11119,Pursuer,0.456,0.460,0.141,0.131,0.00
11120,Runner,0.456,0.460,0.141,0.131,0.00
11121,Runner,0.456,0.460,0.109,0.131,0.68
11122,Pursuer,0.456,0.460,0.125,0.158,0.00
11123,Pursuer,0.456,0.460,0.142,0.142,0.00
11124,Runner,0.456,0.460,0.120,0.124,0.00
11125,Runner,0.456,0.460,0.000,0.000,0.00
11126,Pursuer,0.456,0.460,0.121,0.110,0.00
11127,Pursuer,0.456,0.460,0.126,0.114,0.00
11128,Pursuer,0.456,0.460,0.131,0.119,0.00
11129,Pursuer,0.456,0.460,0.154,0.188,0.00
11130,Pursuer,0.456,0.460,0.133,0.059,0.00
11131,Pursuer,0.456,0.461,0.145,0.311,0.00
11132,Runner,0.456,0.460,0.128,0.155,0.90
11133,Runner,0.456,0.460,0.141,0.163,1.72
11134,Runner,0.456,0.460,0.125,0.118,0.04
11135,Pursuer,0.456,0.460,0.107,0.128,0.00
11136,Runner,0.456,0.460,0.141,0.138,0.80
11137,Pursuer,0.456,0.460,0.139,0.125,0.00
11138,Pursuer,0.456,0.460,0.136,0.124,0.00
11139,Pursuer,0.456,0.461,0.156,0.118,0.00
11140,Pursuer,0.456,0.461,0.126,0.099,0.00
11141,Runner,0.456,0.461,0.125,0.166,2.18
11142,Pursuer,0.456,0.461,0.146,0.144,0.00
11143,Runner,0.456,0.461,0.000,0.000,0.00
11144,Pursuer,0.456,0.461,0.142,0.141,0.00
11145,Runner,0.456,0.461,0.141,0.170,0.00
11146,Pursuer,0.456,0.461,0.115,0.125,0.00
11147,Runner,0.456,0.461,0.120,0.136,1.26
11148,Pursuer,0.456,0.461,0.158,0.135,0.00
11149,Pursuer,0.456,0.461,0.151,0.145,0.00
11150,Runner,0.456,0.461,0.210,0.179,0.08
11151,Pursuer,0.456,0.461,0.123,0.110,0.00
11152,Pursuer,0.456,0.461,0.147,0.161,0.00
11153,Runner,0.456,0.461,0.197,0.128,0.00
11154,Pursuer,0.456,0.461,0.090,0.109,0.00
11155,Pursuer,0.456,0.461,0.167,0.136,0.00
11156,Runner,0.456,0.461,0.138,0.136,0.00
11157,Draw,0.456,0.461,0.149,0.146,18.50
11158,Pursuer,0.456,0.461,0.133,0.116,0.00
11159,Pursuer,0.456,0.461,0.108,0.138,0.00
11160,Draw,0.456,0.461,0.132,0.139,0.00
11161,Pursuer,0.456,0.461,0.162,0.191,0.00
11162,Pursuer,0.456,0.461,0.124,0.077,0.00
11163,Runner,0.456,0.461,0.114,0.123,0.00
11164,Runner,0.456,0.461,0.124,0.132,3.52
11165,Runner,0.456,0.461,0.125,0.141,2.44
11166,Pursuer,0.456,0.461,0.138,0.124,0.00
11167,Pursuer,0.456,0.461,0.132,0.128,0.00
11168,Runner,0.456,0.461,0.187,0.136,0.00
11169,Runner,0.456,0.461,0.164,0.124,0.12
11170,Pursuer,0.456,0.461,0.153,0.090,0.00
11171,Runner,0.456,0.461,0.120,0.131,0.00
11172,Runner,0.456,0.461,0.136,0.203,1.26
11173,Runner,0.456,0.461,0.132,0.139,0.00
11174,Pursuer,0.456,0.461,0.136,0.131,0.00
11175,Runner,0.456,0.461,0.113,0.139,1.94
11176,Pursuer,0.456,0.461,0.140,0.131,0.00
11177,Pursuer,0.456,0.461,0.238,0.188,0.00
11178,Runner,0.456,0.461,0.135,0.083,0.28
11179,Pursuer,0.456,0.461,0.168,0.109,0.00
11180,Runner,0.456,0.461,0.133,0.150,0.00
11181,Runner,0.456,0.461,0.143,0.139,0.00
11182,Pursuer,0.456,0.461,0.000,0.000,0.00
11183,Runner,0.456,0.461,0.096,0.154,5.42
11184,Runner,0.456,0.461,0.134,0.139,0.00
11185,Runner,0.456,0.461,0.107,0.145,0.04
11186,Pursuer,0.456,0.461,0.104,0.133,0.00
11187,Runner,0.456,0.461,0.130,0.146,0.22
11188,Pursuer,0.456,0.461,0.296,0.192,0.00
11189,Runner,0.456,0.461,0.102,0.148,0.00
11190,Runner,0.456,0.461,0.148,0.136,2.18
11191,Runner,0.456,0.461,0.101,0.127,0.04
11192,Pursuer,0.456,0.461,0.134,0.117,0.00
11193,Runner,0.456,0.461,0.146,0.131,1.00
11194,Pursuer,0.456,0.461,0.124,0.090,0.00
11195,Runner,0.456,0.461,0.119,0.117,0.00
11196,Runner,0.456,0.461,0.131,0.151,0.00
11197,Runner,0.456,0.460,0.131,0.150,3.52
11198,Runner,0.457,0.460,0.106,0.107,0.62
11199,Runner,0.457,0.460,0.137,0.153,0.50
11200,Runner,0.457,0.460,0.127,0.153,0.00
11201,Runner,0.457,0.460,0.140,0.155,1.56
11202,Pursuer,0.457,0.460,0.134,0.133,0.00
11203,Pursuer,0.457,0.460,0.130,0.108,0.00
11204,Runner,0.457,0.460,0.132,0.141,7.36
11205,Runner,0.457,0.460,0.128,0.165,0.00
11206,Runner,0.457,0.460,0.170,0.131,1.30
11207,Pursuer,0.457,0.460,0.133,0.131,0.00
11208,Runner,0.457,0.460,0.133,0.107,0.00
11209,Runner,0.457,0.460,0.117,0.138,1.08
11210,Runner,0.457,0.460,0.128,0.142,0.00
11211,Pursuer,0.457,0.460,0.120,0.096,0.00
11212,Runner,0.457,0.460,0.117,0.131,0.70
11213,Pursuer,0.457,0.460,0.128,0.156,0.00
11214,Runner,0.457,0.460,0.109,0.130,0.00
11215,Pursuer,0.457,0.460,0.141,0.147,0.00
11216,Pursuer,0.457,0.460,0.130,0.136,0.00
11217,Runner,0.457,0.460,0.114,0.146,1.52
11218,Runner,0.457,0.460,0.110,0.085,0.00
11219,Runner,0.457,0.460,0.142,0.142,0.00
11220,Pursuer,0.457,0.460,0.141,0.119,0.00
11221,Pursuer,0.457,0.460,0.154,0.141,0.00
11222,Pursuer,0.457,0.460,0.121,0.111,0.00
11223,Runner,0.457,0.460,0.139,0.142,0.84
11224,Runner,0.457,0.460,0.125,0.154,0.02
11225,Runner,0.457,0.460,0.131,0.135,0.00
11226,Runner,0.457,0.460,0.138,0.119,0.00
11227,Pursuer,0.457,0.460,0.147,0.149,0.00
11228,Runner,0.457,0.460,0.117,0.126,2.14
11229,Runner,0.457,0.460,0.115,0.148,0.00
11230,Runner,0.457,0.460,0.108,0.102,0.88
11231,Runner,0.457,0.460,0.129,0.129,0.00
11232,Runner,0.457,0.460,0.195,0.196,0.00
11233,Pursuer,0.457,0.460,0.133,0.117,0.00
11234,Pursuer,0.457,0.460,0.134,0.118,0.00
11235,Pursuer,0.457,0.460,0.115,0.132,0.00
11236,Runner,0.457,0.460,0.173,0.189,0.00
11237,Runner,0.457,0.460,0.094,0.152,2.30
11238,Runner,0.457,0.460,0.089,0.118,0.00
11239,Pursuer,0.457,0.460,0.082,0.117,0.00
11240,Pursuer,0.457,0.460,0.129,0.164,0.00
11241,Pursuer,0.457,0.460,0.152,0.118,0.00
11242,Pursuer,0.457,0.460,0.122,0.109,0.00
11243,Runner,0.457,0.460,0.125,0.117,0.00
11244,Runner,0.457,0.460,0.121,0.136,4.18
11245,Runner,0.457,0.460,0.114,0.131,2.28
11246,Pursuer,0.457,0.460,0.128,0.126,0.00
11247,Runner,0.457,0.460,0.137,0.150,0.74
11248,Pursuer,0.457,0.460,0.152,0.106,0.00
11249,Pursuer,0.457,0.460,0.147,0.152,0.00
11250,Draw,0.457,0.460,0.145,0.160,17.04
11251,Pursuer,0.457,0.460,0.120,0.134,0.00
11252,Runner,0.457,0.460,0.126,0.136,0.00
11253,Runner,0.457,0.460,0.147,0.158,1.32
11254,Draw,0.457,0.460,0.139,0.156,16.04
11255,Pursuer,0.457,0.460,0.143,0.127,0.00
11256,Pursuer,0.457,0.460,0.140,0.127,0.00
11257,Runner,0.457,0.460,0.095,0.155,0.42
11258,Pursuer,0.457,0.460,0.165,0.136,0.00
11259,Runner,0.457,0.460,0.127,0.144,5.28
11260,Pursuer,0.457,0.460,0.747,0.573,0.00
11261,Runner,0.457,0.460,0.098,0.136,1.66
11262,Pursuer,0.457,0.460,0.116,0.106,0.00
11263,Pursuer,0.457,0.460,0.146,0.134,0.00
11264,Runner,0.457,0.460,0.107,0.149,2.48
11265,Runner,0.457,0.460,0.189,0.151,0.00
11266,Pursuer,0.457,0.460,0.142,0.147,0.00
11267,Pursuer,0.457,0.460,0.181,0.133,0.00
11268,Runner,0.457,0.460,0.113,0.143,0.00
11269,Pursuer,0.457,0.460,0.112,0.111,0.00
11270,Runner,0.457,0.460,0.094,0.131,0.00
11271,Draw,0.457,0.460,0.152,0.140,15.18
11272,Pursuer,0.457,0.460,0.137,0.149,0.00
11273,Runner,0.457,0.460,0.110,0.126,0.00
11274,Pursuer,0.457,0.460,0.132,0.126,0.00
11275,Pursuer,0.457,0.460,0.157,0.196,0.00
11276,Pursuer,0.457,0.460,0.144,0.128,0.00
11277,Runner,0.457,0.460,0.104,0.163,0.00
11278,Runner,0.457,0.460,0.118,0.117,0.00
11279,Runner,0.457,0.460,0.134,0.139,5.02
11280,Pursuer,0.457,0.460,0.145,0.109,0.00
11281,Pursuer,0.457,0.460,0.153,0.284,0.00
11282,Pursuer,0.457,0.460,0.158,0.123,0.00
11283,Runner,0.457,0.460,0.147,0.104,1.12
11284,Pursuer,0.457,0.460,0.129,0.138,0.00
11285,Pursuer,0.457,0.460,0.141,0.112,0.00
11286,Runner,0.457,0.460,0.000,0.000,0.00
11287,Pursuer,0.457,0.460,0.140,0.184,0.00
11288,Runner,0.457,0.460,0.110,0.126,0.30
11289,Runner,0.457,0.460,0.093,0.119,0.84
11290,Pursuer,0.457,0.460,0.192,0.126,0.00
11291,Runner,0.457,0.460,0.109,0.135,0.00
11292,Pursuer,0.457,0.460,0.109,0.143,0.00
11293,Runner,0.457,0.460,0.125,0.142,0.00
11294,Runner,0.457,0.460,0.122,0.159,0.00
11295,Pursuer,0.457,0.460,0.133,0.143,0.00
11296,Draw,0.457,0.460,0.135,0.152,0.00
11297,Runner,0.457,0.460,0.123,0.130,0.00
11298,Runner,0.457,0.460,0.131,0.147,1.62
11299,Pursuer,0.457,0.460,0.082,0.156,0.00
11300,Runner,0.457,0.460,0.140,0.162,0.00
11301,Runner,0.457,0.460,0.133,0.127,0.48
11302,Runner,0.457,0.460,0.071,0.117,1.92
11303,Pursuer,0.457,0.460,0.136,0.127,0.00
11304,Pursuer,0.457,0.460,0.128,0.137,0.00
11305,Runner,0.457,0.460,0.104,0.146,1.50
11306,Runner,0.457,0.460,0.107,0.149,0.74
11307,Runner,0.457,0.460,0.177,0.174,0.00
11308,Runner,0.457,0.460,0.125,0.129,1.82
11309,Runner,0.457,0.460,0.094,0.127,2.02
11310,Runner,0.457,0.460,0.112,0.142,0.40
11311,Runner,0.457,0.460,0.127,0.124,1.46
11312,Runner,0.457,0.460,0.108,0.139,0.52
11313,Runner,0.458,0.460,0.150,0.139,0.00
11314,Pursuer,0.457,0.460,0.136,0.090,0.00
11315,Pursuer,0.457,0.460,0.140,0.126,0.00
11316,Pursuer,0.457,0.460,0.156,0.126,0.00
11317,Runner,0.457,0.460,0.138,0.177,0.24
11318,Pursuer,0.457,0.460,0.138,0.119,0.00
11319,Runner,0.457,0.460,0.108,0.144,0.00
11320,Pursuer,0.457,0.460,0.149,0.120,0.00
11321,Runner,0.457,0.460,0.132,0.088,0.00
11322,Pursuer,0.457,0.460,0.152,0.134,0.00
11323,Runner,0.457,0.460,0.112,0.183,0.02
11324,Pursuer,0.457,0.460,0.133,0.111,0.00
11325,Pursuer,0.457,0.460,0.132,0.108,0.00
11326,Runner,0.457,0.460,0.132,0.127,0.00
11327,Runner,0.457,0.460,0.103,0.144,1.22
11328,Pursuer,0.457,0.460,0.121,0.095,0.00
11329,Runner,0.457,0.460,0.088,0.163,0.00
11330,Pursuer,0.457,0.460,0.139,0.123,0.00
11331,Pursuer,0.457,0.460,0.130,0.130,0.00
11332,Pursuer,0.457,0.460,0.109,0.098,0.00
11333,Runner,0.457,0.460,0.096,0.143,0.00
11334,Pursuer,0.457,0.460,0.000,0.000,0.00
11335,Runner,0.457,0.460,0.147,0.143,0.00
11336,Pursuer,0.457,0.460,0.124,0.118,0.00
11337,Runner,0.457,0.460,0.121,0.153,0.00
11338,Runner,0.457,0.460,0.120,0.116,0.00
11339,Runner,0.458,0.460,0.071,0.121,0.04
11340,Runner,0.458,0.460,0.130,0.118,0.80
11341,Runner,0.458,0.460,0.139,0.136,6.80
11342,Runner,0.458,0.460,0.126,0.138,0.12
11343,Runner,0.458,0.460,0.139,0.139,0.84
11344,Runner,0.458,0.460,0.166,0.099,0.00
11345,Runner,0.458,0.460,0.148,0.135,0.00
11346,Pursuer,0.458,0.460,0.124,0.075,0.00
11347,Runner,0.458,0.460,0.155,0.138,0.90
11348,Runner,0.458,0.460,0.127,0.159,0.00
11349,Runner,0.458,0.460,0.119,0.148,4.48
11350,Pursuer,0.458,0.460,0.105,0.125,0.00
11351,Runner,0.458,0.460,0.119,0.124,1.24
11352,Pursuer,0.458,0.460,0.137,0.107,0.00
11353,Pursuer,0.458,0.460,0.149,0.110,0.00
11354,Runner,0.458,0.460,0.132,0.088,0.00
11355,Runner,0.458,0.460,0.138,0.138,0.44
11356,Pursuer,0.458,0.460,0.197,0.142,0.00
11357,Pursuer,0.458,0.460,0.145,0.118,0.00
11358,Runner,0.458,0.460,0.094,0.131,1.84
11359,Runner,0.458,0.460,0.145,0.125,3.54
11360,Pursuer,0.458,0.460,0.155,0.130,0.00
11361,Runner,0.458,0.460,0.168,0.121,0.00
11362,Runner,0.458,0.460,0.171,0.212,0.80
11363,Runner,0.458,0.460,0.128,0.143,6.94
11364,Pursuer,0.458,0.460,0.138,0.132,0.00
11365,Runner,0.458,0.460,0.116,0.137,7.34
11366,Pursuer,0.458,0.460,0.141,0.115,0.00
11367,Runner,0.458,0.460,0.163,0.158,0.00
11368,Pursuer,0.458,0.460,0.141,0.123,0.00
11369,Runner,0.458,0.460,0.152,0.117,0.00
11370,Runner,0.458,0.460,0.100,0.122,0.58
11371,Runner,0.458,0.460,0.109,0.113,2.32
11372,Pursuer,0.458,0.460,0.126,0.128,0.00
11373,Runner,0.458,0.460,0.119,0.120,0.30
11374,Runner,0.458,0.460,0.149,0.121,0.00
11375,Pursuer,0.458,0.460,0.142,0.103,0.00
11376,Runner,0.458,0.460,0.138,0.121,0.56
11377,Runner,0.458,0.460,0.111,0.168,0.00
11378,Pursuer,0.458,0.460,0.141,0.139,0.00
11379,Pursuer,0.458,0.460,0.168,0.127,0.00
11380,Draw,0.458,0.460,0.149,0.151,18.28
11381,Runner,0.458,0.460,0.127,0.140,0.00
11382,Draw,0.458,0.460,0.140,0.133,13.98
11383,Runner,0.458,0.460,0.121,0.126,0.00
11384,Runner,0.458,0.460,0.000,0.000,0.00
11385,Pursuer,0.458,0.460,0.115,0.150,0.00
11386,Pursuer,0.458,0.460,0.148,0.131,0.00
11387,Runner,0.458,0.460,0.169,0.125,2.06
11388,Runner,0.458,0.460,0.113,0.169,0.00
11389,Pursuer,0.458,0.460,0.000,0.000,0.00
11390,Runner,0.458,0.460,0.100,0.118,0.00
11391,Runner,0.458,0.459,0.126,0.148,1.30
11392,Pursuer,0.458,0.460,0.106,0.136,0.00
11393,Runner,0.458,0.459,0.113,0.145,1.40
11394,Pursuer,0.458,0.460,0.150,0.100,0.00
11395,Runner,0.458,0.459,0.116,0.157,0.00
11396,Runner,0.458,0.459,0.119,0.137,0.00
11397,Pursuer,0.458,0.460,0.111,0.119,0.00
11398,Pursuer,0.458,0.460,0.105,0.099,0.00
11399,Pursuer,0.458,0.460,0.132,0.142,0.00
11400,Pursuer,0.458,0.460,0.125,0.160,0.00
11401,Runner,0.458,0.460,0.198,0.097,0.36
11402,Pursuer,0.458,0.460,0.126,0.130,0.00
11403,Runner,0.458,0.460,0.132,0.130,1.58
11404,Pursuer,0.458,0.460,0.141,0.148,0.00
11405,Pursuer,0.458,0.460,0.140,0.122,0.00
11406,Pursuer,0.458,0.460,0.136,0.124,0.00
11407,Runner,0.458,0.460,0.130,0.110,0.00
11408,Runner,0.458,0.460,0.107,0.144,0.48
11409,Draw,0.458,0.460,0.123,0.155,0.00
11410,Pursuer,0.458,0.460,0.139,0.162,0.00
11411,Runner,0.458,0.460,0.135,0.123,1.50
11412,Runner,0.458,0.460,0.093,0.119,0.00
11413,Pursuer,0.458,0.460,0.150,0.131,0.00
11414,Pursuer,0.458,0.460,0.153,0.115,0.00
11415,Runner,0.458,0.460,0.180,0.128,0.68
11416,Pursuer,0.458,0.460,0.129,0.128,0.00
11417,Pursuer,0.458,0.460,0.146,0.117,0.00
11418,Runner,0.458,0.460,0.133,0.142,3.24
11419,Pursuer,0.458,0.460,0.132,0.141,0.00
11420,Pursuer,0.458,0.460,0.136,0.094,0.00
11421,Draw,0.458,0.460,0.150,0.155,17.60
11422,Pursuer,0.458,0.460,0.102,0.115,0.00
11423,Runner,0.458,0.460,0.138,0.165,0.34
11424,Pursuer,0.458,0.460,0.180,0.129,0.00
11425,Draw,0.458,0.460,0.144,0.150,19.42
11426,Runner,0.458,0.460,0.175,0.174,0.00
11427,Pursuer,0.458,0.460,0.147,0.090,0.00
11428,Runner,0.458,0.460,0.120,0.103,0.00
11429,Pursuer,0.458,0.460,0.138,0.156,0.00
11430,Runner,0.458,0.460,0.135,0.102,3.60
11431,Runner,0.458,0.460,0.139,0.120,0.00
11432,Runner,0.458,0.460,0.107,0.145,0.06
11433,Pursuer,0.458,0.460,0.000,0.000,0.00
11434,Draw,0.458,0.460,0.152,0.157,19.42
11435,Runner,0.458,0.460,0.119,0.131,0.54
11436,Runner,0.458,0.460,0.143,0.139,1.14
11437,Runner,0.458,0.460,0.121,0.164,6.82
11438,Pursuer,0.458,0.460,0.115,0.087,0.00
11439,Pursuer,0.458,0.460,0.138,0.098,0.00
11440,Pursuer,0.458,0.460,0.158,0.152,0.00
11441,Pursuer,0.458,0.460,0.138,0.140,0.00
11442,Runner,0.458,0.460,0.156,0.118,0.14
11443,Pursuer,0.458,0.460,0.153,0.141,0.00
11444,Runner,0.458,0.460,0.124,0.129,0.00
11445,Pursuer,0.458,0.460,0.107,0.126,0.00
11446,Runner,0.458,0.460,0.148,0.109,0.00
11447,Pursuer,0.458,0.460,0.134,0.120,0.00
11448,Runner,0.458,0.460,0.128,0.108,0.00
11449,Runner,0.458,0.460,0.102,0.097,0.00
11450,Pursuer,0.458,0.460,0.131,0.113,0.00
11451,Pursuer,0.458,0.460,0.120,0.096,0.00
11452,Runner,0.458,0.460,0.100,0.138,1.64
11453,Runner,0.458,0.460,0.176,0.159,0.00
11454,Runner,0.458,0.460,0.098,0.159,2.16
11455,Pursuer,0.458,0.460,0.134,0.109,0.00
11456,Runner,0.458,0.460,0.116,0.117,0.00
11457,Pursuer,0.458,0.460,0.163,0.105,0.00
11458,Runner,0.458,0.460,0.169,0.100,0.00
11459,Runner,0.458,0.460,0.138,0.096,0.26
11460,Pursuer,0.458,0.460,0.133,0.111,0.00
11461,Runner,0.458,0.460,0.093,0.158,2.34
11462,Runner,0.458,0.460,0.122,0.107,1.90
11463,Pursuer,0.458,0.460,0.122,0.112,0.00
11464,Pursuer,0.458,0.460,0.147,0.161,0.00
11465,Runner,0.458,0.460,0.123,0.093,0.84
11466,Runner,0.458,0.460,0.106,0.123,2.56
11467,Pursuer,0.458,0.460,0.123,0.147,0.00
11468,Pursuer,0.458,0.460,0.158,0.111,0.00
11469,Pursuer,0.458,0.460,0.152,0.180,0.00
11470,Runner,0.458,0.460,0.174,0.136,2.68
11471,Pursuer,0.458,0.460,0.197,0.122,0.00
11472,Runner,0.458,0.460,0.132,0.158,0.00
11473,Runner,0.458,0.460,0.106,0.148,3.04
11474,Pursuer,0.458,0.460,0.139,0.115,0.00
11475,Pursuer,0.458,0.460,0.145,0.128,0.00
11476,Pursuer,0.458,0.460,0.169,0.091,0.00
11477,Runner,0.458,0.460,0.114,0.119,0.32
11478,Runner,0.458,0.460,0.099,0.131,0.00
11479,Runner,0.458,0.460,0.082,0.111,0.36
11480,Runner,0.458,0.460,0.132,0.156,0.32
11481,Runner,0.458,0.460,0.138,0.174,0.68
11482,Runner,0.459,0.460,0.136,0.146,0.00
11483,Pursuer,0.459,0.460,0.000,0.000,0.00
11484,Runner,0.459,0.460,0.093,0.120,2.12
11485,Draw,0.459,0.460,0.160,0.155,14.74
11486,Draw,0.458,0.460,0.149,0.142,0.00
11487,Pursuer,0.458,0.460,0.000,0.000,0.00
11488,Runner,0.458,0.460,0.129,0.126,1.04
11489,Pursuer,0.458,0.460,0.123,0.127,0.00
11490,Draw,0.458,0.460,0.146,0.141,16.86
11491,Runner,0.458,0.459,0.121,0.134,0.04
11492,Pursuer,0.458,0.460,0.098,0.119,0.00
11493,Runner,0.458,0.459,0.158,0.148,0.00
11494,Pursuer,0.458,0.460,0.153,0.132,0.00
11495,Pursuer,0.458,0.460,0.142,0.105,0.00
11496,Runner,0.458,0.460,0.144,0.163,0.00
11497,Runner,0.458,0.460,0.105,0.136,3.06
11498,Runner,0.459,0.459,0.110,0.170,0.00
11499,Runner,0.459,0.459,0.123,0.143,0.00
11500,Pursuer,0.459,0.459,0.108,0.135,0.00
11501,Pursuer,0.458,0.460,0.130,0.121,0.00
11502,Pursuer,0.458,0.460,0.185,0.107,0.00
11503,Pursuer,0.458,0.460,0.128,0.120,0.00
11504,Runner,0.458,0.460,0.088,0.157,0.00
11505,Runner,0.458,0.460,0.119,0.170,0.00
11506,Pursuer,0.458,0.460,0.131,0.123,0.00
11507,Pursuer,0.458,0.460,0.138,0.079,0.00
11508,Pursuer,0.458,0.460,0.125,0.099,0.00
11509,Pursuer,0.458,0.460,0.135,0.125,0.00
11510,Pursuer,0.458,0.460,0.125,0.127,0.00
11511,Runner,0.458,0.460,0.119,0.125,0.00
11512,Runner,0.458,0.460,0.117,0.159,4.74
11513,Runner,0.458,0.460,0.128,0.141,3.22
11514,Runner,0.458,0.460,0.107,0.144,0.00
11515,Runner,0.459,0.460,0.104,0.137,0.00
11516,Runner,0.459,0.460,0.234,0.074,0.12
11517,Pursuer,0.459,0.460,0.135,0.091,0.00
11518,Pursuer,0.458,0.460,0.097,0.130,0.00
11519,Runner,0.459,0.460,0.162,0.122,0.00
11520,Pursuer,0.459,0.460,0.148,0.113,0.00
11521,Pursuer,0.458,0.460,0.097,0.154,0.00
11522,Runner,0.459,0.460,0.106,0.151,2.36
11523,Pursuer,0.458,0.460,0.114,0.146,0.00
11524,Runner,0.459,0.460,0.091,0.109,3.08
11525,Runner,0.459,0.460,0.129,0.098,1.22
11526,Runner,0.459,0.460,0.135,0.118,0.00
11527,Pursuer,0.459,0.460,0.160,0.178,0.00
11528,Pursuer,0.459,0.460,0.127,0.112,0.00
11529,Runner,0.459,0.460,0.143,0.116,0.00
11530,Runner,0.459,0.460,0.135,0.147,2.74
11531,Runner,0.459,0.460,0.123,0.149,1.52
11532,Pursuer,0.459,0.460,0.156,0.099,0.00
11533,Runner,0.459,0.460,0.105,0.127,0.00
11534,Runner,0.459,0.460,0.129,0.141,0.00
11535,Pursuer,0.459,0.460,0.148,0.149,0.00
11536,Pursuer,0.459,0.460,0.141,0.115,0.00
11537,Runner,0.459,0.460,0.123,0.154,0.00
11538,Pursuer,0.459,0.460,0.098,0.102,0.00
11539,Pursuer,0.459,0.460,0.149,0.163,0.00
11540,Runner,0.459,0.460,0.092,0.126,0.50
11541,Pursuer,0.459,0.460,0.000,0.000,0.00
11542,Pursuer,0.459,0.460,0.149,0.120,0.00
11543,Runner,0.459,0.460,0.120,0.127,0.00
11544,Runner,0.459,0.460,0.111,0.129,1.28
11545,Pursuer,0.459,0.460,0.140,0.176,0.00
11546,Runner,0.459,0.460,0.098,0.095,0.00
11547,Pursuer,0.459,0.460,0.159,0.148,0.00
11548,Pursuer,0.459,0.460,0.149,0.141,0.00
11549,Runner,0.459,0.460,0.122,0.148,1.60
11550,Pursuer,0.459,0.460,0.142,0.110,0.00
11551,Runner,0.459,0.460,0.135,0.120,0.00
11552,Pursuer,0.459,0.460,0.000,0.000,0.00
11553,Draw,0.459,0.460,0.151,0.142,18.16
11554,Runner,0.459,0.460,0.149,0.173,1.20
11555,Runner,0.459,0.460,0.139,0.175,0.00
11556,Runner,0.459,0.460,0.179,0.143,1.38
11557,Pursuer,0.459,0.460,0.174,0.138,0.00
11558,Runner,0.459,0.460,0.170,0.171,0.28
11559,Runner,0.459,0.460,0.122,0.171,0.00
11560,Runner,0.459,0.460,0.108,0.123,0.00
11561,Pursuer,0.459,0.460,0.000,0.000,0.00
11562,Runner,0.459,0.460,0.112,0.158,5.12
11563,Runner,0.459,0.459,0.152,0.158,3.20
11564,Runner,0.459,0.459,0.136,0.128,0.00
11565,Runner,0.459,0.459,0.223,0.107,0.00
11566,Pursuer,0.459,0.459,0.122,0.103,0.00
11567,Pursuer,0.459,0.459,0.137,0.110,0.00
11568,Pursuer,0.459,0.460,0.151,0.086,0.00
11569,Pursuer,0.459,0.460,0.112,0.100,0.00
11570,Pursuer,0.459,0.460,0.195,0.119,0.00
11571,Runner,0.459,0.460,0.101,0.128,0.00
11572,Pursuer,0.459,0.460,0.115,0.185,0.00
11573,Runner,0.459,0.460,0.205,0.114,0.00
11574,Pursuer,0.459,0.460,0.150,0.156,0.00
11575,Runner,0.459,0.460,0.112,0.131,2.38
11576,Pursuer,0.459,0.460,0.130,0.121,0.00
11577,Runner,0.459,0.460,0.122,0.159,2.00
11578,Runner,0.459,0.460,0.132,0.132,2.66
11579,Pursuer,0.459,0.460,0.131,0.103,0.00
11580,Pursuer,0.459,0.460,0.135,0.164,0.00
11581,Pursuer,0.459,0.460,0.157,0.110,0.00
11582,Pursuer,0.459,0.460,0.136,0.119,0.00
11583,Pursuer,0.459,0.460,0.146,0.128,0.00
11584,Pursuer,0.459,0.460,0.079,0.137,0.00
11585,Pursuer,0.459,0.460,0.120,0.133,0.00
11586,Runner,0.459,0.460,0.106,0.145,0.42
11587,Runner,0.459,0.460,0.113,0.150,0.00
11588,Pursuer,0.459,0.460,0.137,0.119,0.00
11589,Pursuer,0.459,0.460,0.150,0.115,0.00
11590,Pursuer,0.459,0.460,0.209,0.319,0.00
11591,Pursuer,0.459,0.460,0.138,0.127,0.00
11592,Runner,0.459,0.460,0.135,0.121,0.00
11593,Pursuer,0.459,0.460,0.320,1.019,0.00
11594,Runner,0.459,0.460,0.118,0.142,0.98
11595,Pursuer,0.459,0.460,0.162,0.146,0.00
11596,Draw,0.459,0.460,0.147,0.162,0.00
11597,Pursuer,0.458,0.460,0.122,0.123,0.00
11598,Runner,0.459,0.460,0.106,0.160,0.66
11599,Runner,0.459,0.460,0.148,0.100,0.00
11600,Pursuer,0.459,0.460,0.091,0.136,0.00
11601,Pursuer,0.458,0.460,0.138,0.118,0.00
11602,Runner,0.459,0.460,0.171,0.129,0.66
11603,Pursuer,0.459,0.460,0.175,0.103,0.00
11604,Runner,0.459,0.460,0.111,0.123,0.00
11605,Draw,0.459,0.460,0.162,0.153,19.42
11606,Pursuer,0.458,0.460,0.148,0.120,0.00
11607,Runner,0.459,0.460,0.098,0.128,2.04
11608,Pursuer,0.458,0.460,0.000,0.000,0.00
11609,Runner,0.459,0.460,0.094,0.124,0.00
11610,Pursuer,0.458,0.460,0.159,0.158,0.00
11611,Runner,0.459,0.460,0.100,0.121,0.00
11612,Runner,0.459,0.460,0.135,0.148,0.90
11613,Pursuer,0.459,0.460,0.131,0.107,0.00
11614,Runner,0.459,0.460,0.103,0.107,1.36
11615,Pursuer,0.459,0.460,0.139,0.154,0.00
11616,Pursuer,0.459,0.460,0.147,0.112,0.00
11617,Pursuer,0.458,0.460,0.147,0.158,0.00
11618,Runner,0.459,0.460,0.134,0.117,1.64
11619,Runner,0.459,0.460,0.113,0.134,1.60
11620,Pursuer,0.459,0.460,0.100,0.101,0.00
11621,Runner,0.459,0.460,0.158,0.123,0.00
11622,Pursuer,0.459,0.460,0.101,0.114,0.00
11623,Runner,0.459,0.460,0.122,0.181,0.00
11624,Runner,0.459,0.460,0.130,0.145,1.28
11625,Runner,0.459,0.460,0.114,0.153,0.00
11626,Runner,0.459,0.460,0.098,0.130,0.00
11627,Runner,0.459,0.460,0.110,0.153,0.18
11628,Runner,0.459,0.460,0.098,0.129,2.38
11629,Pursuer,0.459,0.460,0.129,0.086,0.00
11630,Runner,0.459,0.460,0.099,0.146,2.60
11631,Runner,0.459,0.460,0.130,0.103,1.60
11632,Pursuer,0.459,0.460,0.127,0.114,0.00
11633,Pursuer,0.459,0.460,0.141,0.120,0.00
11634,Runner,0.459,0.460,0.099,0.150,0.02
11635,Pursuer,0.459,0.460,0.164,0.109,0.00
11636,Runner,0.459,0.460,0.137,0.132,1.44
11637,Pursuer,0.459,0.460,0.147,0.124,0.00
11638,Runner,0.459,0.460,0.120,0.141,2.70
11639,Runner,0.459,0.460,0.126,0.139,0.00
11640,Pursuer,0.459,0.460,0.135,0.078,0.00
11641,Draw,0.459,0.460,0.117,0.140,16.68
11642,Runner,0.459,0.460,0.139,0.098,0.00
11643,Runner,0.459,0.460,0.110,0.122,0.00
11644,Runner,0.459,0.460,0.097,0.119,0.56
11645,Pursuer,0.459,0.460,0.094,0.067,0.00
11646,Pursuer,0.459,0.460,0.133,0.101,0.00
11647,Pursuer,0.459,0.460,0.144,0.130,0.00
11648,Runner,0.459,0.460,0.101,0.123,2.22
11649,Pursuer,0.459,0.460,0.138,0.142,0.00
11650,Pursuer,0.459,0.460,0.097,0.142,0.00
11651,Pursuer,0.459,0.460,0.144,0.128,0.00
11652,Runner,0.459,0.460,0.135,0.130,0.06
11653,Pursuer,0.459,0.460,0.145,0.133,0.00
11654,Runner,0.459,0.460,0.117,0.145,2.14
11655,Runner,0.459,0.460,0.118,0.121,0.00
11656,Runner,0.459,0.460,0.124,0.121,0.00
11657,Pursuer,0.459,0.460,0.116,0.110,0.00
11658,Pursuer,0.459,0.460,0.164,0.117,0.00
11659,Runner,0.459,0.460,0.153,0.125,1.24
11660,Pursuer,0.459,0.460,0.163,0.113,0.00
11661,Pursuer,0.459,0.460,0.144,0.102,0.00
11662,Runner,0.459,0.460,0.138,0.128,0.82
11663,Pursuer,0.459,0.460,0.176,0.136,0.00
11664,Pursuer,0.459,0.460,0.117,0.116,0.00
11665,Runner,0.459,0.460,0.093,0.147,0.00
11666,Runner,0.459,0.460,0.116,0.132,0.00
11667,Draw,0.459,0.460,0.160,0.149,12.78
11668,Runner,0.459,0.460,0.088,0.135,0.00
11669,Pursuer,0.459,0.460,0.152,0.122,0.00
11670,Pursuer,0.459,0.460,1.025,0.733,0.00
11671,Runner,0.459,0.460,0.115,0.163,0.00
11672,Runner,0.459,0.460,0.143,0.139,0.00
11673,Pursuer,0.459,0.460,0.189,0.079,0.00
11674,Runner,0.459,0.460,0.118,0.114,1.44
11675,Pursuer,0.459,0.460,0.138,0.137,0.00
11676,Pursuer,0.459,0.460,0.119,0.144,0.00
11677,Runner,0.459,0.460,0.141,0.137,0.00
11678,Pursuer,0.459,0.460,0.156,0.103,0.00
11679,Pursuer,0.459,0.460,0.107,0.126,0.00
11680,Runner,0.459,0.460,0.126,0.123,0.00
11681,Pursuer,0.459,0.460,0.160,0.141,0.00
11682,Pursuer,0.459,0.460,0.084,0.083,0.00
11683,Runner,0.459,0.460,0.113,0.144,0.00
11684,Runner,0.459,0.460,0.116,0.158,0.12
11685,Runner,0.459,0.460,0.100,0.134,3.02
11686,Pursuer,0.459,0.460,0.124,0.107,0.00
11687,Pursuer,0.459,0.460,0.140,0.135,0.00
11688,Pursuer,0.459,0.460,0.132,0.121,0.00
11689,Runner,0.459,0.460,0.122,0.147,1.26
11690,Runner,0.459,0.460,0.098,0.140,3.36
11691,Runner,0.459,0.460,0.132,0.115,0.00
11692,Pursuer,0.459,0.460,0.186,0.190,0.00
11693,Runner,0.459,0.460,0.134,0.178,0.00
11694,Runner,0.459,0.460,0.115,0.122,0.00
11695,Pursuer,0.459,0.460,0.122,0.148,0.00
11696,Pursuer,0.459,0.460,0.111,0.084,0.00
11697,Runner,0.459,0.460,0.108,0.125,6.10
11698,Pursuer,0.459,0.460,0.134,0.143,0.00
11699,Pursuer,0.459,0.460,0.165,0.114,0.00
11700,Pursuer,0.459,0.460,0.125,0.114,0.00
11701,Pursuer,0.459,0.460,0.108,0.107,0.00
11702,Runner,0.459,0.460,0.109,0.110,0.02
11703,Pursuer,0.459,0.460,0.121,0.101,0.00
11704,Pursuer,0.459,0.460,0.161,0.130,0.00
11705,Runner,0.459,0.460,0.139,0.157,3.74
11706,Runner,0.459,0.460,0.097,0.249,0.00
11707,Draw,0.459,0.460,0.126,0.147,0.00
11708,Runner,0.459,0.460,0.140,0.159,0.00
11709,Runner,0.459,0.460,0.101,0.076,0.00
11710,Pursuer,0.459,0.460,0.133,0.138,0.00
11711,Pursuer,0.459,0.460,0.189,0.144,0.00
11712,Draw,0.459,0.460,0.165,0.151,19.60
11713,Runner,0.459,0.460,0.079,0.192,0.20
11714,Runner,0.459,0.460,0.180,0.152,2.80
11715,Pursuer,0.459,0.460,0.115,0.157,0.00
11716,Runner,0.459,0.460,0.121,0.119,0.00
11717,Pursuer,0.459,0.460,0.041,0.134,0.00
11718,Pursuer,0.459,0.460,0.122,0.129,0.00
11719,Runner,0.459,0.460,0.121,0.123,0.00
11720,Draw,0.459,0.460,0.151,0.155,19.48
11721,Pursuer,0.459,0.460,0.158,0.140,0.00
11722,Pursuer,0.459,0.460,0.071,0.100,0.00
11723,Runner,0.459,0.460,0.101,0.149,0.44
11724,Pursuer,0.459,0.460,0.146,0.155,0.00
11725,Runner,0.459,0.460,0.127,0.103,0.00
11726,Runner,0.459,0.460,0.112,0.137,0.00
11727,Runner,0.459,0.460,0.127,0.115,0.22
11728,Pursuer,0.459,0.460,0.116,0.086,0.00
11729,Pursuer,0.459,0.460,0.115,0.135,0.00
11730,Pursuer,0.459,0.460,0.132,0.111,0.00
11731,Runner,0.459,0.460,0.114,0.138,6.20
11732,Runner,0.459,0.460,0.125,0.128,2.02
11733,Pursuer,0.459,0.460,0.150,0.149,0.00
11734,Draw,0.459,0.460,0.147,0.146,19.16
11735,Runner,0.459,0.460,0.108,0.128,0.00
11736,Pursuer,0.459,0.460,0.148,0.133,0.00
11737,Runner,0.459,0.460,0.111,0.125,0.68
11738,Runner,0.459,0.460,0.123,0.163,0.00
11739,Runner,0.459,0.460,0.127,0.146,3.10
11740,Draw,0.459,0.460,0.129,0.136,15.82
11741,Pursuer,0.459,0.460,0.151,0.098,0.00
11742,Pursuer,0.459,0.460,0.128,0.125,0.00
11743,Runner,0.459,0.460,0.084,0.155,1.94
11744,Pursuer,0.459,0.460,0.169,0.121,0.00
11745,Runner,0.459,0.460,0.112,0.148,0.00
11746,Runner,0.459,0.460,0.099,0.141,0.94
11747,Runner,0.459,0.460,0.115,0.129,0.52
11748,Runner,0.459,0.460,0.105,0.116,1.04
11749,Runner,0.459,0.460,0.169,0.125,0.00
11750,Runner,0.459,0.460,0.129,0.143,2.32
11751,Runner,0.459,0.460,0.128,0.146,0.48
11752,Runner,0.459,0.460,0.099,0.130,0.00
11753,Runner,0.459,0.460,0.131,0.117,0.42
11754,Pursuer,0.459,0.460,0.134,0.129,0.00
11755,Runner,0.459,0.460,0.116,0.110,0.00
11756,Pursuer,0.459,0.460,0.139,0.110,0.00
11757,Runner,0.459,0.460,0.134,0.146,0.00
11758,Pursuer,0.459,0.460,0.118,0.104,0.00
11759,Runner,0.459,0.460,0.145,0.134,0.00
11760,Pursuer,0.459,0.460,0.112,0.166,0.00
11761,Runner,0.459,0.460,0.082,0.128,0.00
11762,Runner,0.459,0.460,0.114,0.099,0.00
11763,Pursuer,0.459,0.460,0.132,0.126,0.00
11764,Pursuer,0.459,0.460,0.142,0.153,0.00
11765,Pursuer,0.459,0.460,0.156,0.137,0.00
11766,Pursuer,0.459,0.460,0.000,0.000,0.00
11767,Runner,0.459,0.460,0.749,1.129,0.00
11768,Runner,0.459,0.460,0.106,0.120,0.00
11769,Runner,0.459,0.460,0.090,0.144,0.00
11770,Runner,0.459,0.460,0.102,0.151,1.36
11771,Runner,0.459,0.460,0.133,0.134,0.40
11772,Runner,0.459,0.460,0.115,0.133,0.14
11773,Runner,0.459,0.460,0.111,0.133,0.00
11774,Runner,0.459,0.460,0.138,0.144,3.28
11775,Runner,0.460,0.460,0.124,0.163,0.00
11776,Pursuer,0.459,0.460,0.180,0.112,0.00
11777,Runner,0.460,0.460,0.123,0.111,0.00
11778,Runner,0.460,0.460,0.087,0.128,0.00
11779,Runner,0.460,0.459,0.124,0.134,1.60
11780,Pursuer,0.460,0.460,0.142,0.118,0.00
11781,Runner,0.460,0.459,0.103,0.118,2.44
11782,Draw,0.460,0.459,0.133,0.146,0.02
11783,Pursuer,0.460,0.459,0.000,0.000,0.00
11784,Draw,0.460,0.459,0.142,0.144,15.50
11785,Pursuer,0.459,0.459,0.128,0.126,0.00
11786,Runner,0.460,0.459,0.000,0.000,0.00
11787,Pursuer,0.459,0.459,0.148,0.110,0.00
11788,Pursuer,0.459,0.460,0.129,0.086,0.00
11789,Runner,0.459,0.459,0.088,0.125,0.00
11790,Pursuer,0.459,0.460,0.166,0.200,0.00
11791,Runner,0.460,0.460,0.000,0.000,0.00
11792,Runner,0.460,0.459,0.146,0.143,2.30
11793,Pursuer,0.460,0.460,0.139,0.159,0.00
11794,Pursuer,0.459,0.460,0.157,0.148,0.00
11795,Runner,0.460,0.460,0.119,0.132,0.00
11796,Runner,0.460,0.459,0.117,0.121,2.24
11797,Runner,0.460,0.459,0.120,0.151,4.56
11798,Runner,0.460,0.459,0.108,0.122,0.02
11799,Runner,0.460,0.459,0.100,0.156,2.08
11800,Pursuer,0.460,0.459,0.130,0.137,0.00
11801,Runner,0.460,0.459,0.129,0.141,1.26
11802,Pursuer,0.460,0.459,0.184,0.108,0.00
11803,Draw,0.460,0.459,0.144,0.147,16.92
11804,Runner,0.460,0.459,0.100,0.198,0.00
11805,Runner,0.460,0.459,0.120,0.140,2.44
11806,Pursuer,0.460,0.459,0.139,0.175,0.00
11807,Pursuer,0.460,0.459,0.151,0.118,0.00
11808,Runner,0.460,0.459,0.119,0.150,0.40
11809,Runner,0.460,0.459,0.170,0.127,0.00
11810,Runner,0.460,0.459,0.113,0.134,0.00
11811,Pursuer,0.460,0.459,0.132,0.134,0.00
11812,Runner,0.460,0.459,0.106,0.166,0.00
11813,Runner,0.460,0.459,0.112,0.149,2.88
11814,Pursuer,0.460,0.459,0.133,0.090,0.00
11815,Runner,0.460,0.459,0.137,0.119,0.00
11816,Pursuer,0.460,0.459,0.731,0.874,0.00
11817,Runner,0.460,0.459,0.115,0.143,0.00
11818,Pursuer,0.460,0.459,0.130,0.125,0.00
11819,Pursuer,0.460,0.459,0.140,0.137,0.00
11820,Pursuer,0.460,0.459,0.168,0.152,0.00
11821,Pursuer,0.460,0.459,0.169,0.129,0.00
11822,Runner,0.460,0.459,0.117,0.152,0.02
11823,Pursuer,0.460,0.459,0.174,0.188,0.00
11824,Runner,0.460,0.459,0.122,0.118,0.00
11825,Runner,0.460,0.459,0.126,0.125,0.82
11826,Pursuer,0.460,0.459,0.135,0.111,0.00
11827,Pursuer,0.460,0.459,0.123,0.127,0.00
11828,Runner,0.460,0.459,0.190,0.122,1.22
11829,Runner,0.460,0.459,0.130,0.124,1.74
11830,Runner,0.460,0.459,0.141,0.077,0.00
11831,Runner,0.460,0.459,0.143,0.121,1.46
11832,Pursuer,0.460,0.459,0.145,0.125,0.00
11833,Pursuer,0.460,0.459,0.166,0.137,0.00
11834,Runner,0.460,0.459,0.141,0.128,0.44
11835,Pursuer,0.460,0.459,0.130,0.127,0.00
11836,Draw,0.460,0.459,0.115,0.129,0.00
11837,Pursuer,0.460,0.459,0.126,0.107,0.00
11838,Pursuer,0.460,0.459,0.163,0.098,0.00
11839,Runner,0.460,0.459,0.123,0.181,0.00
11840,Pursuer,0.460,0.459,0.156,0.164,0.00
11841,Runner,0.460,0.459,0.121,0.146,0.00
11842,Pursuer,0.460,0.459,0.151,0.117,0.00
11843,Pursuer,0.460,0.460,0.119,0.143,0.00
11844,Runner,0.460,0.459,0.136,0.127,0.00
11845,Pursuer,0.460,0.460,0.137,0.097,0.00
11846,Runner,0.460,0.459,0.000,0.000,0.00
11847,Draw,0.460,0.459,0.141,0.141,18.74
11848,Runner,0.460,0.459,0.143,0.130,0.00
11849,Pursuer,0.460,0.459,0.128,0.098,0.00
11850,Pursuer,0.460,0.459,0.142,0.120,0.00
11851,Runner,0.460,0.459,0.124,0.135,9.76
11852,Runner,0.460,0.459,0.164,0.113,0.00
11853,Pursuer,0.460,0.459,0.133,0.073,0.00
11854,Pursuer,0.460,0.460,0.146,0.088,0.00
11855,Pursuer,0.460,0.460,0.127,0.130,0.00
11856,Pursuer,0.460,0.460,0.144,0.166,0.00
11857,Pursuer,0.460,0.460,0.132,0.139,0.00
11858,Runner,0.460,0.460,0.143,0.113,0.00
11859,Runner,0.460,0.460,0.126,0.151,2.82
11860,Runner,0.460,0.460,0.104,0.108,1.06
11861,Runner,0.460,0.459,0.160,0.138,0.14
11862,Draw,0.460,0.459,0.145,0.145,17.28
11863,Runner,0.460,0.459,0.000,0.000,0.00
11864,Pursuer,0.460,0.459,0.130,0.135,0.00
11865,Runner,0.460,0.459,0.128,0.160,1.28
11866,Draw,0.460,0.459,0.112,0.145,15.32
11867,Runner,0.460,0.459,0.117,0.122,0.00
11868,Draw,0.460,0.459,0.149,0.148,16.62
11869,Pursuer,0.460,0.459,0.140,0.121,0.00
11870,Pursuer,0.460,0.459,0.132,0.106,0.00
11871,Runner,0.460,0.459,0.117,0.097,0.00
11872,Pursuer,0.460,0.459,0.155,0.123,0.00
11873,Pursuer,0.460,0.459,0.153,0.166,0.00
11874,Draw,0.460,0.459,0.155,0.152,15.78
11875,Runner,0.460,0.459,0.000,0.000,0.00
11876,Pursuer,0.460,0.459,0.128,0.155,0.00
11877,Pursuer,0.460,0.459,0.148,0.115,0.00
11878,Pursuer,0.460,0.460,0.147,0.126,0.00
11879,Pursuer,0.459,0.460,0.145,0.162,0.00
11880,Runner,0.460,0.460,0.106,0.137,0.72
11881,Runner,0.460,0.459,0.111,0.130,0.50
11882,Runner,0.460,0.459,0.111,0.132,0.00
11883,Draw,0.460,0.459,0.149,0.149,12.92
11884,Runner,0.460,0.459,0.107,0.128,0.00
11885,Runner,0.460,0.459,0.082,0.143,0.00
11886,Pursuer,0.460,0.459,0.145,0.127,0.00
11887,Runner,0.460,0.459,0.161,0.109,0.52
11888,Pursuer,0.460,0.459,0.128,0.083,0.00
11889,Pursuer,0.460,0.459,0.136,0.137,0.00
11890,Pursuer,0.460,0.459,0.124,0.159,0.00
11891,Runner,0.460,0.459,0.112,0.141,3.28
11892,Pursuer,0.460,0.459,0.145,0.110,0.00
11893,Pursuer,0.460,0.460,0.153,0.100,0.00
11894,Runner,0.460,0.459,0.106,0.120,0.02
11895,Draw,0.460,0.459,0.131,0.147,0.00
11896,Runner,0.460,0.459,0.114,0.153,0.00
11897,Pursuer,0.460,0.459,0.166,0.094,0.00
11898,Runner,0.460,0.459,0.125,0.120,0.74
11899,Runner,0.460,0.459,0.092,0.164,1.90
11900,Runner,0.460,0.459,0.113,0.112,1.26
11901,Runner,0.460,0.459,0.113,0.152,0.00
11902,Pursuer,0.460,0.459,0.128,0.099,0.00
11903,Runner,0.460,0.459,0.152,0.146,0.00
11904,Pursuer,0.460,0.459,0.102,0.106,0.00
11905,Pursuer,0.460,0.459,0.246,0.151,0.00
11906,Pursuer,0.460,0.459,0.134,0.118,0.00
11907,Runner,0.460,0.459,0.122,0.145,7.78
11908,Pursuer,0.460,0.459,0.141,0.125,0.00
11909,Pursuer,0.460,0.459,0.140,0.123,0.00
11910,Runner,0.460,0.459,0.139,0.126,0.10
11911,Runner,0.460,0.459,0.151,0.186,0.00
11912,Pursuer,0.460,0.459,0.122,0.142,0.00
11913,Runner,0.460,0.459,0.118,0.133,0.00
11914,Runner,0.460,0.459,0.120,0.155,0.00
11915,Pursuer,0.460,0.459,0.133,0.145,0.00
11916,Runner,0.460,0.459,0.120,0.159,1.96
11917,Runner,0.460,0.459,0.157,0.156,0.82
11918,Runner,0.460,0.459,0.141,0.140,0.00
11919,Runner,0.460,0.459,0.219,0.124,0.00
11920,Runner,0.460,0.459,0.123,0.103,0.00
11921,Pursuer,0.460,0.459,0.161,0.170,0.00
11922,Pursuer,0.460,0.459,0.143,0.113,0.00
11923,Pursuer,0.460,0.459,0.127,0.122,0.00
11924,Pursuer,0.460,0.459,0.177,0.118,0.00
11925,Pursuer,0.460,0.459,0.125,0.092,0.00
11926,Runner,0.460,0.459,0.124,0.143,0.00
11927,Runner,0.460,0.459,0.098,0.113,0.64
11928,Pursuer,0.460,0.459,0.150,0.127,0.00
11929,Runner,0.460,0.459,0.121,0.114,0.00
11930,Pursuer,0.460,0.459,0.135,0.144,0.00
11931,Runner,0.460,0.459,0.096,0.166,1.14
11932,Runner,0.460,0.459,0.122,0.143,2.18
11933,Pursuer,0.460,0.459,0.118,0.149,0.00
11934,Draw,0.460,0.459,0.141,0.151,19.48
11935,Runner,0.460,0.459,0.100,0.143,0.00
11936,Runner,0.460,0.459,0.121,0.148,0.52
11937,Runner,0.460,0.459,0.112,0.121,2.90
11938,Pursuer,0.460,0.459,0.118,0.119,0.00
11939,Pursuer,0.460,0.459,0.120,0.129,0.00
11940,Pursuer,0.460,0.459,0.132,0.158,0.00
11941,Draw,0.460,0.459,0.140,0.154,15.42
11942,Runner,0.460,0.459,0.128,0.140,0.16
11943,Pursuer,0.460,0.459,0.105,0.117,0.00
11944,Pursuer,0.460,0.459,0.125,0.140,0.00
11945,Pursuer,0.460,0.459,0.127,0.094,0.00
11946,Pursuer,0.460,0.459,0.152,0.129,0.00
11947,Pursuer,0.460,0.460,0.142,0.105,0.00
11948,Draw,0.460,0.459,0.148,0.153,16.38
11949,Runner,0.460,0.459,0.107,0.155,0.00
11950,Pursuer,0.460,0.459,0.150,0.144,0.00
11951,Pursuer,0.460,0.460,0.171,0.176,0.00
11952,Runner,0.460,0.460,0.145,0.140,0.00
11953,Runner,0.460,0.459,0.134,0.183,0.00
11954,Runner,0.460,0.459,0.147,0.217,0.00
11955,Runner,0.460,0.459,0.134,0.132,2.40
11956,Draw,0.460,0.459,0.148,0.135,17.42
11957,Runner,0.460,0.459,0.000,0.000,0.00
11958,Pursuer,0.460,0.459,0.000,0.000,0.00
11959,Runner,0.460,0.459,0.128,0.148,1.42
11960,Runner,0.460,0.459,0.207,0.328,0.00
11961,Runner,0.460,0.459,0.140,0.145,2.04
11962,Runner,0.460,0.459,0.096,0.148,0.00
11963,Runner,0.460,0.459,0.117,0.124,0.10
11964,Pursuer,0.460,0.459,0.150,0.128,0.00
11965,Runner,0.460,0.459,0.146,0.120,0.50
11966,Pursuer,0.460,0.459,0.178,0.075,0.00
11967,Pursuer,0.460,0.459,0.105,0.126,0.00
11968,Runner,0.460,0.459,0.097,0.115,0.00
11969,Pursuer,0.460,0.459,0.139,0.113,0.00
11970,Runner,0.460,0.459,0.139,0.141,4.02
11971,Pursuer,0.460,0.459,0.000,0.000,0.00
11972,Pursuer,0.460,0.459,0.129,0.137,0.00
11973,Runner,0.460,0.459,0.121,0.146,0.00
11974,Pursuer,0.460,0.459,0.119,0.221,0.00
11975,Runner,0.460,0.459,0.142,0.176,0.56
11976,Pursuer,0.460,0.459,0.093,0.117,0.00
11977,Runner,0.460,0.459,0.000,0.000,0.00
11978,Pursuer,0.460,0.459,0.377,0.448,0.00
11979,Runner,0.460,0.459,0.130,0.145,3.16
11980,Runner,0.460,0.459,0.104,0.143,0.00
11981,Pursuer,0.460,0.459,0.126,0.138,0.00
11982,Runner,0.460,0.459,0.096,0.134,1.52
11983,Runner,0.460,0.459,0.129,0.131,1.92
11984,Pursuer,0.460,0.459,0.138,0.123,0.00
11985,Draw,0.460,0.459,0.154,0.139,17.08
11986,Runner,0.460,0.459,0.094,0.123,0.00
11987,Pursuer,0.460,0.459,0.152,0.120,0.00
11988,Pursuer,0.460,0.459,0.064,0.157,0.00
11989,Runner,0.460,0.459,0.130,0.136,1.20
11990,Draw,0.460,0.459,0.140,0.151,17.28
11991,Runner,0.460,0.459,0.129,0.148,0.84
11992,Runner,0.460,0.459,0.134,0.137,0.00
11993,Runner,0.460,0.459,0.106,0.157,0.00
11994,Pursuer,0.460,0.459,0.117,0.123,0.00
11995,Pursuer,0.460,0.459,0.142,0.137,0.00
11996,Pursuer,0.460,0.459,0.121,0.147,0.00
11997,Runner,0.460,0.459,0.097,0.135,0.46
11998,Runner,0.460,0.459,0.142,0.126,0.60
11999,Runner,0.460,0.459,0.162,0.151,0.64
12000,Pursuer,0.460,0.459,0.124,0.138,0.00
12001,Runner,0.460,0.459,0.130,0.118,3.04
12002,Pursuer,0.460,0.459,0.180,0.105,0.00
12003,Runner,0.460,0.459,0.103,0.114,1.24
12004,Pursuer,0.460,0.459,0.154,0.112,0.00
12005,Runner,0.460,0.459,0.084,0.131,0.04
12006,Runner,0.460,0.459,0.119,0.125,0.00
12007,Runner,0.460,0.459,0.103,0.136,0.02
12008,Runner,0.460,0.459,0.148,0.141,0.62
12009,Pursuer,0.460,0.459,0.141,0.147,0.00
12010,Pursuer,0.460,0.459,0.183,0.133,0.00
12011,Pursuer,0.460,0.459,0.141,0.139,0.00
12012,Pursuer,0.460,0.459,0.130,0.123,0.00
12013,Pursuer,0.460,0.459,0.077,0.166,0.00
12014,Pursuer,0.460,0.459,0.122,0.140,0.00
12015,Pursuer,0.460,0.459,0.151,0.150,0.00
12016,Draw,0.460,0.459,0.112,0.125,0.00
12017,Runner,0.460,0.459,0.136,0.131,0.00
12018,Runner,0.460,0.459,0.118,0.135,0.00
12019,Runner,0.460,0.459,0.144,0.125,0.04
12020,Draw,0.460,0.459,0.117,0.142,19.62
12021,Runner,0.460,0.459,0.123,0.172,4.94
12022,Pursuer,0.460,0.459,0.143,0.112,0.00
12023,Pursuer,0.460,0.459,0.157,0.107,0.00
12024,Pursuer,0.460,0.459,0.145,0.111,0.00
12025,Pursuer,0.460,0.459,0.179,0.160,0.00
12026,Runner,0.460,0.459,0.184,0.114,0.00
12027,Draw,0.460,0.459,0.137,0.156,17.80
12028,Runner,0.460,0.459,0.192,0.137,1.16
12029,Runner,0.460,0.459,0.106,0.160,0.00
12030,Pursuer,0.460,0.459,0.165,0.122,0.00
12031,Pursuer,0.460,0.459,0.159,0.101,0.00
12032,Runner,0.460,0.459,0.111,0.135,1.74
12033,Runner,0.460,0.459,0.137,0.159,1.24
12034,Pursuer,0.460,0.459,0.168,0.141,0.00
12035,Runner,0.460,0.459,0.145,0.130,1.12
12036,Runner,0.460,0.459,0.129,0.132,3.72
12037,Runner,0.460,0.459,0.100,0.117,1.16
12038,Draw,0.460,0.459,0.116,0.113,0.38
12039,Runner,0.460,0.459,0.138,0.101,0.00
12040,Pursuer,0.460,0.459,0.156,0.127,0.00
12041,Pursuer,0.460,0.459,0.147,0.117,0.00
12042,Pursuer,0.460,0.459,0.119,0.106,0.00
12043,Runner,0.460,0.459,0.095,0.112,0.66
12044,Runner,0.460,0.459,0.125,0.150,1.62
12045,Pursuer,0.460,0.459,0.127,0.117,0.00
12046,Runner,0.460,0.459,0.000,0.000,0.00
12047,Pursuer,0.460,0.459,0.119,0.123,0.00
12048,Runner,0.460,0.459,0.101,0.118,0.88
12049,Pursuer,0.460,0.459,0.143,0.091,0.00
12050,Pursuer,0.460,0.459,0.139,0.119,0.00
12051,Runner,0.460,0.459,0.137,0.124,0.16
12052,Runner,0.460,0.459,0.112,0.122,0.12
12053,Pursuer,0.460,0.459,0.151,0.123,0.00
12054,Draw,0.460,0.459,0.103,0.150,0.00
12055,Runner,0.460,0.459,0.146,0.158,0.00
12056,Pursuer,0.460,0.459,0.146,0.110,0.00
12057,Runner,0.460,0.459,0.134,0.039,0.00
12058,Runner,0.460,0.459,0.101,0.141,0.00
12059,Runner,0.460,0.459,0.094,0.151,0.00
12060,Pursuer,0.460,0.459,0.141,0.114,0.00
12061,Draw,0.460,0.459,0.159,0.153,18.02
12062,Runner,0.460,0.459,0.125,0.132,0.58
12063,Runner,0.460,0.459,0.124,0.132,0.00
12064,Runner,0.460,0.459,0.156,0.137,0.00
12065,Runner,0.460,0.459,0.131,0.144,2.86
12066,Runner,0.460,0.459,0.136,0.105,0.00
12067,Runner,0.460,0.459,0.136,0.136,0.00
12068,Runner,0.460,0.459,0.088,0.109,0.00
12069,Pursuer,0.460,0.459,0.146,0.137,0.00
12070,Pursuer,0.460,0.459,0.064,0.213,0.00
12071,Runner,0.460,0.459,0.118,0.170,0.90
12072,Runner,0.460,0.459,0.118,0.161,1.06
12073,Pursuer,0.460,0.459,0.115,0.162,0.00
12074,Runner,0.460,0.459,0.109,0.124,2.18
12075,Pursuer,0.460,0.459,0.170,0.117,0.00
12076,Runner,0.460,0.459,0.112,0.137,1.04
12077,Pursuer,0.460,0.459,0.143,0.138,0.00
12078,Runner,0.460,0.459,0.132,0.139,0.00
12079,Pursuer,0.460,0.459,0.106,0.101,0.00
12080,Pursuer,0.460,0.459,0.118,0.120,0.00
12081,Pursuer,0.460,0.459,0.141,0.108,0.00
12082,Pursuer,0.460,0.459,0.134,0.099,0.00
12083,Runner,0.460,0.459,0.116,0.146,0.00
12084,Runner,0.460,0.459,0.129,0.125,0.00
12085,Pursuer,0.460,0.459,0.113,0.087,0.00
12086,Pursuer,0.460,0.459,0.113,0.111,0.00
12087,Pursuer,0.460,0.459,0.187,0.149,0.00
12088,Pursuer,0.460,0.459,0.154,0.110,0.00
12089,Runner,0.460,0.459,0.121,0.119,0.00
12090,Pursuer,0.460,0.459,0.138,0.090,0.00
12091,Runner,0.460,0.459,0.123,0.111,0.20
12092,Runner,0.460,0.459,0.124,0.135,0.00
12093,Pursuer,0.460,0.459,0.132,0.178,0.00
12094,Runner,0.460,0.459,0.089,0.139,1.02
12095,Runner,0.460,0.459,0.153,0.145,0.00
12096,Pursuer,0.460,0.459,0.171,0.173,0.00
12097,Pursuer,0.460,0.459,0.203,0.129,0.00
12098,Runner,0.460,0.459,0.139,0.149,3.78
12099,Runner,0.460,0.459,0.105,0.103,0.00
12100,Runner,0.460,0.459,0.126,0.110,0.54
12101,Runner,0.460,0.459,0.113,0.129,0.04
12102,Runner,0.461,0.459,0.092,0.101,0.08
12103,Runner,0.461,0.459,0.104,0.128,0.00
12104,Pursuer,0.461,0.459,0.131,0.112,0.00
12105,Pursuer,0.460,0.459,0.100,0.122,0.00
12106,Runner,0.461,0.459,0.132,0.136,0.06
12107,Pursuer,0.460,0.459,0.111,0.109,0.00
12108,Pursuer,0.460,0.459,0.147,0.130,0.00
12109,Pursuer,0.460,0.459,0.138,0.114,0.00
12110,Runner,0.460,0.459,0.112,0.122,0.00
12111,Pursuer,0.460,0.459,0.144,0.116,0.00
12112,Pursuer,0.460,0.459,0.142,0.132,0.00
12113,Runner,0.460,0.459,0.128,0.154,0.00
12114,Runner,0.460,0.459,0.112,0.141,0.90
12115,Pursuer,0.460,0.459,0.165,0.089,0.00
12116,Pursuer,0.460,0.459,0.136,0.133,0.00
12117,Runner,0.460,0.459,0.084,0.146,0.98
12118,Runner,0.460,0.459,0.106,0.125,0.00
12119,Runner,0.461,0.459,0.105,0.133,0.26
12120,Runner,0.461,0.459,0.142,0.195,0.00
12121,Pursuer,0.461,0.459,0.140,0.109,0.00
12122,Runner,0.461,0.459,0.134,0.136,0.50
12123,Pursuer,0.461,0.459,0.170,0.143,0.00
12124,Runner,0.461,0.459,0.107,0.117,2.74
12125,Pursuer,0.461,0.459,0.104,0.170,0.00
12126,Runner,0.461,0.459,0.000,0.000,0.00
12127,Runner,0.461,0.459,0.095,0.123,1.76
12128,Pursuer,0.461,0.459,0.153,0.133,0.00
12129,Pursuer,0.461,0.459,0.134,0.127,0.00
12130,Pursuer,0.461,0.459,0.150,0.166,0.00
12131,Runner,0.461,0.459,0.113,0.120,1.42
12132,Runner,0.461,0.459,0.109,0.121,2.32
12133,Runner,0.461,0.459,0.105,0.108,0.66
12134,Runner,0.461,0.459,0.136,0.160,0.00
12135,Pursuer,0.461,0.459,0.142,0.189,0.00
12136,Runner,0.461,0.459,0.180,0.131,0.54
12137,Pursuer,0.461,0.459,0.116,0.109,0.00
12138,Runner,0.461,0.459,0.130,0.152,0.00
12139,Runner,0.461,0.459,0.106,0.138,2.46
12140,Runner,0.461,0.459,0.144,0.148,0.00
12141,Pursuer,0.461,0.459,0.128,0.100,0.00
12142,Runner,0.461,0.459,0.000,0.000,0.02
12143,Pursuer,0.461,0.459,0.154,0.130,0.00
12144,Runner,0.461,0.459,0.111,0.130,0.00
12145,Runner,0.461,0.459,0.114,0.117,1.80
12146,Pursuer,0.461,0.459,0.141,0.137,0.00
12147,Pursuer,0.461,0.459,0.180,0.027,0.00
12148,Pursuer,0.461,0.459,0.127,0.122,0.00
12149,Runner,0.461,0.459,0.082,0.166,0.00
12150,Runner,0.461,0.459,0.114,0.173,0.00
12151,Pursuer,0.461,0.459,0.125,0.143,0.00
12152,Runner,0.461,0.459,0.174,0.120,0.18
12153,Runner,0.461,0.459,0.139,0.126,2.08
12154,Pursuer,0.461,0.459,0.126,0.122,0.00
12155,Runner,0.461,0.459,0.145,0.155,0.68
12156,Pursuer,0.461,0.459,0.162,0.129,0.00
12157,Runner,0.461,0.459,0.000,0.000,0.00
12158,Pursuer,0.461,0.459,0.135,0.107,0.00
12159,Runner,0.461,0.459,0.105,0.190,0.74
12160,Runner,0.461,0.459,0.120,0.114,4.80
12161,Runner,0.461,0.459,0.148,0.143,0.00
12162,Pursuer,0.461,0.459,0.000,0.000,0.00
12163,Runner,0.461,0.459,0.118,0.137,5.70
12164,Pursuer,0.461,0.459,0.128,0.122,0.00
12165,Pursuer,0.461,0.459,0.077,0.173,0.00
12166,Runner,0.461,0.459,0.123,0.127,2.48
12167,Pursuer,0.461,0.459,0.160,0.134,0.00
12168,Runner,0.461,0.459,0.132,0.125,3.20
12169,Runner,0.461,0.459,0.132,0.139,0.00
12170,Runner,0.461,0.459,0.092,0.142,1.20
12171,Runner,0.461,0.459,0.123,0.164,0.00
12172,Pursuer,0.461,0.459,0.151,0.113,0.00
12173,Runner,0.461,0.459,0.115,0.156,2.40
12174,Pursuer,0.461,0.459,0.129,0.115,0.00
12175,Runner,0.461,0.459,0.111,0.154,0.00
12176,Draw,0.461,0.459,0.157,0.151,19.20
12177,Pursuer,0.461,0.459,0.133,0.135,0.00
12178,Pursuer,0.461,0.459,0.112,0.123,0.00
12179,Runner,0.461,0.459,0.242,0.192,0.24
12180,Runner,0.461,0.459,0.125,0.129,0.04
12181,Draw,0.461,0.459,0.125,0.142,16.86
12182,Pursuer,0.461,0.459,0.113,0.107,0.00
12183,Pursuer,0.461,0.459,0.124,0.106,0.00
12184,Pursuer,0.461,0.459,0.131,0.111,0.00
12185,Runner,0.461,0.459,0.154,0.155,0.00
12186,Runner,0.461,0.459,0.119,0.141,0.14
12187,Runner,0.461,0.459,0.131,0.152,1.80
12188,Pursuer,0.461,0.459,0.119,0.143,0.00
12189,Pursuer,0.461,0.459,0.138,0.100,0.00
12190,Runner,0.461,0.459,0.124,0.128,0.54
12191,Runner,0.461,0.459,0.166,0.134,0.62
12192,Runner,0.461,0.459,0.135,0.153,0.00
12193,Pursuer,0.461,0.459,1.132,0.496,0.00
12194,Runner,0.461,0.459,0.129,0.144,2.66
12195,Runner,0.461,0.459,0.130,0.130,0.00
12196,Runner,0.461,0.459,0.117,0.126,0.64
12197,Runner,0.461,0.459,0.134,0.139,8.02
12198,Runner,0.461,0.459,0.119,0.118,0.00
12199,Pursuer,0.461,0.459,0.110,0.153,0.00
12200,Pursuer,0.461,0.459,0.137,0.111,0.00
12201,Pursuer,0.461,0.459,0.141,0.100,0.00
12202,Pursuer,0.461,0.459,0.127,0.131,0.00
12203,Runner,0.461,0.459,0.112,0.131,1.30
12204,Runner,0.461,0.459,0.104,0.146,0.00
12205,Draw,0.461,0.459,0.151,0.150,16.38
12206,Runner,0.461,0.459,0.130,0.125,2.44
12207,Pursuer,0.461,0.459,1.451,1.313,0.00
12208,Pursuer,0.461,0.459,0.110,0.116,0.00
12209,Pursuer,0.461,0.459,0.123,0.140,0.00
12210,Runner,0.461,0.459,0.115,0.136,0.00
12211,Draw,0.461,0.459,0.114,0.146,17.86
12212,Pursuer,0.461,0.459,0.132,0.113,0.00
12213,Runner,0.461,0.459,0.124,0.097,0.00
12214,Runner,0.461,0.459,0.138,0.152,0.00
12215,Draw,0.461,0.459,0.133,0.135,16.80
12216,Pursuer,0.461,0.459,0.124,0.159,0.00
12217,Runner,0.461,0.459,0.134,0.117,0.00
12218,Pursuer,0.461,0.459,0.132,0.154,0.00
12219,Pursuer,0.461,0.459,0.122,0.110,0.00
12220,Runner,0.461,0.459,0.244,0.374,0.00
12221,Pursuer,0.461,0.459,0.124,0.140,0.00
12222,Runner,0.461,0.459,0.134,0.126,2.32
12223,Pursuer,0.461,0.459,0.144,0.095,0.00
12224,Pursuer,0.461,0.459,0.164,0.113,0.00
12225,Runner,0.461,0.459,0.110,0.138,0.00
12226,Runner,0.461,0.459,0.091,0.129,2.04
12227,Pursuer,0.461,0.459,0.160,0.124,0.00
12228,Pursuer,0.461,0.459,0.116,0.131,0.00
12229,Draw,0.461,0.459,0.138,0.153,19.60
12230,Runner,0.461,0.459,0.107,0.127,0.00
12231,Runner,0.461,0.459,0.082,0.122,0.00
12232,Runner,0.461,0.459,0.098,0.142,0.00
12233,Runner,0.461,0.459,0.109,0.130,0.36
12234,Draw,0.461,0.458,0.136,0.156,18.24
12235,Pursuer,0.461,0.459,0.144,0.134,0.00
12236,Pursuer,0.461,0.459,0.140,0.065,0.00
12237,Pursuer,0.461,0.459,0.155,0.115,0.00
12238,Pursuer,0.461,0.459,0.162,0.094,0.00
12239,Pursuer,0.461,0.459,0.146,0.119,0.00
12240,Runner,0.461,0.459,0.080,0.146,0.00
12241,Runner,0.461,0.459,0.134,0.135,0.44
12242,Runner,0.461,0.459,0.147,0.119,0.00
12243,Runner,0.461,0.459,0.128,0.098,0.46
12244,Pursuer,0.461,0.459,0.171,0.136,0.00
12245,Pursuer,0.461,0.459,0.141,0.095,0.00
12246,Pursuer,0.461,0.459,0.112,0.095,0.00
12247,Runner,0.461,0.459,0.120,0.139,5.26
12248,Runner,0.461,0.459,0.152,0.159,0.00
12249,Pursuer,0.461,0.459,0.000,0.000,0.00
12250,Pursuer,0.461,0.459,0.109,0.124,0.00
12251,Pursuer,0.461,0.459,0.082,0.135,0.00
12252,Runner,0.461,0.459,0.132,0.123,1.96
12253,Pursuer,0.461,0.459,0.142,0.127,0.00
12254,Pursuer,0.461,0.459,0.128,0.106,0.00
12255,Runner,0.461,0.459,0.114,0.142,2.96
12256,Runner,0.461,0.459,0.092,0.134,1.82
12257,Runner,0.461,0.459,0.109,0.128,1.56
12258,Runner,0.461,0.459,0.126,0.134,0.00
12259,Runner,0.461,0.459,0.112,0.143,1.30
12260,Runner,0.461,0.459,0.107,0.139,0.34
12261,Pursuer,0.461,0.459,0.122,0.105,0.00
12262,Runner,0.461,0.459,0.127,0.134,2.44
12263,Runner,0.461,0.459,0.106,0.133,2.32
12264,Runner,0.461,0.458,0.110,0.189,0.00
12265,Draw,0.461,0.458,0.104,0.159,0.00
12266,Pursuer,0.461,0.459,0.127,0.120,0.00
12267,Runner,0.461,0.458,0.168,0.163,0.00
12268,Runner,0.461,0.458,0.127,0.147,1.56
12269,Runner,0.461,0.458,0.104,0.150,1.68
12270,Pursuer,0.461,0.458,0.259,0.128,0.00
12271,Pursuer,0.461,0.458,0.156,0.119,0.00
12272,Pursuer,0.461,0.459,0.145,0.104,0.00
12273,Runner,0.461,0.458,0.118,0.132,0.00
12274,Runner,0.461,0.458,0.115,0.129,0.94
12275,Runner,0.461,0.458,0.098,0.123,2.78
12276,Runner,0.461,0.458,0.097,0.108,0.00
12277,Runner,0.462,0.458,0.111,0.118,0.00
12278,Pursuer,0.461,0.458,0.097,0.619,0.00
12279,Runner,0.462,0.458,0.112,0.132,3.86
12280,Runner,0.462,0.458,0.108,0.136,0.00
12281,Runner,0.462,0.458,0.090,0.138,1.08
12282,Runner,0.462,0.458,0.088,0.127,1.48
12283,Runner,0.462,0.458,0.000,0.000,0.08
12284,Pursuer,0.462,0.458,0.160,0.110,0.00
12285,Draw,0.462,0.458,0.120,0.140,13.26
12286,Pursuer,0.462,0.458,0.176,0.134,0.00
12287,Runner,0.462,0.458,0.119,0.147,0.00
12288,Runner,0.462,0.458,0.159,0.118,0.00
12289,Runner,0.462,0.458,0.096,0.133,0.00
12290,Runner,0.462,0.458,0.113,0.174,0.14
12291,Draw,0.462,0.458,0.107,0.144,17.16
12292,Pursuer,0.462,0.458,0.233,0.923,0.00
12293,Runner,0.462,0.458,0.136,0.152,1.10
12294,Runner,0.462,0.458,0.154,0.130,0.00
12295,Runner,0.462,0.458,0.137,0.135,0.00
12296,Runner,0.462,0.458,0.127,0.122,0.00
12297,Pursuer,0.462,0.458,0.131,0.115,0.00
12298,Pursuer,0.462,0.458,0.111,0.138,0.00
12299,Pursuer,0.462,0.458,0.141,0.130,0.00
12300,Pursuer,0.462,0.458,0.117,0.177,0.00
12301,Pursuer,0.462,0.458,0.106,0.184,0.00
12302,Runner,0.462,0.458,0.128,0.116,1.78
12303,Runner,0.462,0.458,0.125,0.097,0.66
12304,Pursuer,0.462,0.458,0.123,0.145,0.00
12305,Runner,0.462,0.458,0.090,0.115,0.00
12306,Runner,0.462,0.458,0.111,0.120,0.00
12307,Runner,0.462,0.458,0.097,0.108,0.00
12308,Runner,0.462,0.458,0.119,0.152,0.00
12309,Pursuer,0.462,0.458,0.130,0.106,0.00
12310,Runner,0.462,0.458,0.133,0.140,0.00
12311,Runner,0.462,0.458,0.143,0.179,0.00
12312,Runner,0.462,0.458,0.099,0.109,0.14
12313,Runner,0.462,0.458,0.112,0.137,0.00
12314,Draw,0.462,0.458,0.147,0.145,18.46
12315,Pursuer,0.462,0.458,0.103,0.112,0.00
12316,Pursuer,0.462,0.458,0.129,0.110,0.00
12317,Draw,0.462,0.458,0.132,0.137,1.68
12318,Runner,0.462,0.458,0.150,0.135,0.00
12319,Draw,0.462,0.458,0.115,0.143,18.60
12320,Runner,0.462,0.458,0.142,0.127,0.00
12321,Pursuer,0.462,0.458,0.134,0.093,0.00
12322,Runner,0.462,0.458,0.116,0.194,0.00
12323,Pursuer,0.462,0.458,0.128,0.094,0.00
12324,Runner,0.462,0.458,0.192,0.126,0.00
12325,Draw,0.462,0.458,0.141,0.126,11.16
12326,Runner,0.462,0.458,0.129,0.186,0.00
12327,Pursuer,0.462,0.458,0.048,0.052,0.00
12328,Pursuer,0.462,0.458,0.149,0.103,0.00
12329,Pursuer,0.462,0.458,0.188,0.142,0.00
12330,Runner,0.462,0.458,0.141,0.150,0.00
12331,Runner,0.462,0.458,0.097,0.078,0.00
12332,Runner,0.462,0.458,0.119,0.136,0.00
12333,Runner,0.462,0.458,0.133,0.130,0.00
12334,Runner,0.462,0.458,0.099,0.123,0.76
12335,Pursuer,0.462,0.458,0.149,0.121,0.00
12336,Runner,0.462,0.458,0.130,0.145,0.30
12337,Pursuer,0.462,0.458,0.147,0.122,0.00
12338,Pursuer,0.462,0.458,0.136,0.122,0.00
12339,Runner,0.462,0.458,0.133,0.166,1.36
12340,Runner,0.462,0.458,0.104,0.173,0.00
12341,Runner,0.462,0.458,0.122,0.115,1.22
12342,Runner,0.462,0.458,0.091,0.127,1.86
12343,Runner,0.462,0.458,0.125,0.151,0.64
12344,Pursuer,0.462,0.458,0.153,0.133,0.00
12345,Runner,0.462,0.458,0.000,0.000,0.00
12346,Pursuer,0.462,0.458,0.141,0.127,0.00
12347,Pursuer,0.462,0.458,0.082,0.126,0.00
12348,Pursuer,0.462,0.458,0.133,0.109,0.00
12349,Pursuer,0.462,0.458,0.164,0.109,0.00
12350,Pursuer,0.462,0.458,0.154,0.133,0.00
12351,Runner,0.462,0.458,0.093,0.120,0.00
12352,Runner,0.462,0.458,0.096,0.153,0.00
12353,Pursuer,0.462,0.458,0.125,0.099,0.00
12354,Runner,0.462,0.458,0.112,0.136,2.18
12355,Runner,0.462,0.458,0.115,0.122,0.00
12356,Runner,0.462,0.458,0.118,0.121,1.94
12357,Pursuer,0.462,0.458,0.070,0.090,0.00
12358,Pursuer,0.462,0.458,0.126,0.123,0.00
12359,Runner,0.462,0.458,0.149,0.100,0.00
12360,Draw,0.462,0.458,0.135,0.141,18.84
12361,Runner,0.462,0.458,0.106,0.138,2.00
12362,Pursuer,0.462,0.458,0.193,0.109,0.00
12363,Pursuer,0.462,0.458,0.143,0.151,0.00
12364,Pursuer,0.462,0.458,0.072,0.223,0.00
12365,Runner,0.462,0.458,0.129,0.108,0.00
12366,Pursuer,0.462,0.458,0.135,0.132,0.00
12367,Pursuer,0.462,0.458,0.169,0.126,0.00
12368,Runner,0.462,0.458,0.119,0.145,0.00
12369,Pursuer,0.462,0.458,0.121,0.086,0.00
12370,Runner,0.462,0.458,0.174,0.100,0.00
12371,Runner,0.462,0.458,0.104,0.146,2.28
12372,Runner,0.462,0.458,0.152,0.149,0.00
12373,Pursuer,0.462,0.458,0.148,0.157,0.00
12374,Runner,0.462,0.458,0.131,0.141,0.00
12375,Runner,0.462,0.458,0.103,0.147,1.82
12376,Pursuer,0.462,0.458,0.139,0.111,0.00
12377,Pursuer,0.462,0.458,0.159,0.099,0.00
12378,Pursuer,0.462,0.458,0.202,0.165,0.00
12379,Runner,0.462,0.458,0.106,0.117,0.00
12380,Runner,0.462,0.458,0.142,0.181,0.00
12381,Pursuer,0.462,0.458,0.135,0.098,0.00
12382,Pursuer,0.462,0.458,0.124,0.126,0.00
12383,Pursuer,0.462,0.458,0.146,0.131,0.00
12384,Runner,0.462,0.458,0.097,0.144,2.44
12385,Runner,0.462,0.458,0.141,0.336,0.00
12386,Runner,0.462,0.458,0.136,0.117,0.00
12387,Runner,0.462,0.458,0.126,0.134,0.38
12388,Pursuer,0.462,0.458,0.139,0.107,0.00
12389,Draw,0.462,0.458,0.142,0.139,16.34
12390,Pursuer,0.462,0.458,0.153,0.105,0.00
12391,Runner,0.462,0.458,0.101,0.137,0.00
12392,Runner,0.462,0.458,0.128,0.108,0.00
12393,Pursuer,0.462,0.458,0.140,0.123,0.00
12394,Runner,0.462,0.458,0.109,0.127,2.78
12395,Runner,0.462,0.458,0.089,0.149,1.96
12396,Runner,0.462,0.458,0.151,0.122,0.00
12397,Pursuer,0.462,0.458,0.135,0.137,0.00
12398,Runner,0.462,0.458,0.109,0.120,0.28
12399,Runner,0.462,0.458,0.168,0.131,0.00
12400,Runner,0.462,0.458,0.107,0.125,0.00
12401,Runner,0.462,0.458,0.153,0.146,0.96
12402,Pursuer,0.462,0.458,0.133,0.125,0.00
12403,Pursuer,0.462,0.458,0.153,0.110,0.00
12404,Runner,0.462,0.458,0.106,0.117,0.00
12405,Draw,0.462,0.458,0.134,0.128,13.46
12406,Draw,0.462,0.458,0.141,0.148,0.00
12407,Runner,0.462,0.457,0.114,0.173,1.54
12408,Pursuer,0.462,0.458,0.000,0.000,0.00
12409,Pursuer,0.462,0.458,0.103,0.172,0.00
12410,Runner,0.462,0.458,0.102,0.147,3.68
12411,Runner,0.462,0.457,0.090,0.139,0.94
12412,Runner,0.462,0.457,0.116,0.140,0.00
12413,Runner,0.462,0.457,0.132,0.145,14.28
12414,Pursuer,0.462,0.457,0.130,0.098,0.00
12415,Runner,0.463,0.457,0.100,0.143,1.58
12416,Pursuer,0.462,0.457,0.133,0.151,0.00
12417,Pursuer,0.462,0.458,0.144,0.121,0.00
12418,Runner,0.462,0.457,0.108,0.160,1.88
12419,Runner,0.463,0.457,0.116,0.115,0.00
12420,Runner,0.463,0.457,0.111,0.142,0.56
12421,Runner,0.463,0.457,0.117,0.139,0.00
12422,Runner,0.463,0.457,0.108,0.131,2.20
12423,Pursuer,0.463,0.457,0.140,0.150,0.00
12424,Runner,0.463,0.457,0.162,0.130,2.84
12425,Pursuer,0.463,0.457,0.144,0.108,0.00
12426,Pursuer,0.463,0.457,0.166,0.139,0.00
12427,Pursuer,0.463,0.457,0.129,0.126,0.00
12428,Pursuer,0.463,0.458,0.161,0.124,0.00
12429,Runner,0.463,0.457,0.123,0.126,1.40
12430,Runner,0.463,0.457,0.104,0.124,1.24
12431,Runner,0.463,0.457,0.107,0.147,0.00
12432,Runner,0.463,0.457,0.096,0.153,2.06
12433,Runner,0.463,0.457,0.105,0.153,0.00
12434,Runner,0.463,0.457,0.132,0.135,0.00
12435,Pursuer,0.463,0.457,0.020,0.080,0.00
12436,Runner,0.463,0.457,0.108,0.146,1.64
12437,Pursuer,0.463,0.457,0.137,0.117,0.00
12438,Runner,0.463,0.457,0.085,0.128,0.00
12439,Runner,0.463,0.457,0.092,0.158,1.84
12440,Runner,0.463,0.457,0.123,0.150,0.00
12441,Runner,0.463,0.457,0.102,0.131,3.34
12442,Pursuer,0.463,0.457,0.138,0.101,0.00
12443,Runner,0.463,0.457,0.115,0.140,5.02
12444,Pursuer,0.463,0.457,0.116,0.112,0.00
12445,Pursuer,0.463,0.457,0.137,0.131,0.00
12446,Pursuer,0.463,0.457,0.160,0.124,0.00
12447,Pursuer,0.463,0.457,0.141,0.131,0.00
12448,Pursuer,0.463,0.457,0.192,0.131,0.00
12449,Runner,0.463,0.457,0.148,0.096,0.00
12450,Pursuer,0.463,0.457,0.125,0.121,0.00
12451,Runner,0.463,0.457,0.086,0.147,0.00
12452,Pursuer,0.463,0.457,0.139,0.143,0.00
12453,Runner,0.463,0.457,0.141,0.115,0.00
12454,Pursuer,0.463,0.457,0.114,0.133,0.00
12455,Pursuer,0.463,0.457,0.144,0.133,0.00
12456,Runner,0.463,0.457,0.149,0.135,1.90
12457,Runner,0.463,0.457,0.104,0.119,0.00
12458,Pursuer,0.463,0.457,0.139,0.123,0.00
12459,Pursuer,0.463,0.458,0.123,0.095,0.00
12460,Pursuer,0.463,0.458,0.144,0.079,0.00
12461,Runner,0.463,0.458,0.114,0.136,5.18
12462,Pursuer,0.463,0.458,0.167,0.121,0.00
12463,Pursuer,0.463,0.458,0.120,0.121,0.00
12464,Pursuer,0.463,0.458,0.087,0.116,0.00
12465,Pursuer,0.463,0.458,0.113,0.084,0.00
12466,Pursuer,0.463,0.458,0.154,0.088,0.00
12467,Pursuer,0.463,0.458,0.130,0.116,0.00
12468,Pursuer,0.462,0.458,0.103,0.092,0.00
12469,Runner,0.463,0.458,0.100,0.123,0.76
12470,Pursuer,0.462,0.458,0.128,0.107,0.00
12471,Runner,0.463,0.458,0.089,0.151,0.74
12472,Pursuer,0.462,0.458,0.129,0.143,0.00
12473,Pursuer,0.462,0.458,0.129,0.116,0.00
12474,Runner,0.462,0.458,0.132,0.162,2.38
12475,Pursuer,0.462,0.458,0.000,0.000,0.00
12476,Runner,0.462,0.458,0.085,0.148,1.02
12477,Draw,0.462,0.458,0.128,0.111,0.00
12478,Runner,0.462,0.458,0.155,0.137,2.82
12479,Runner,0.463,0.458,0.097,0.135,2.04
12480,Runner,0.463,0.458,0.093,0.120,0.00
12481,Runner,0.463,0.458,0.122,0.129,0.00
12482,Runner,0.463,0.458,0.099,0.141,4.70
12483,Pursuer,0.463,0.458,0.142,0.151,0.00
12484,Runner,0.463,0.458,0.087,0.194,0.00
12485,Runner,0.463,0.458,0.111,0.124,0.70
12486,Runner,0.463,0.458,0.107,0.121,0.00
12487,Runner,0.463,0.458,0.127,0.151,2.30
12488,Runner,0.463,0.457,0.106,0.141,0.00
12489,Runner,0.463,0.457,0.114,0.135,0.00
12490,Runner,0.463,0.457,0.124,0.135,3.62
12491,Runner,0.463,0.457,0.138,0.137,1.66
12492,Runner,0.463,0.457,0.124,0.143,0.00
12493,Runner,0.463,0.457,0.114,0.138,0.00
12494,Runner,0.463,0.457,0.088,0.125,0.00
12495,Runner,0.463,0.457,0.122,0.132,0.00
12496,Runner,0.463,0.457,0.113,0.132,0.08
12497,Draw,0.463,0.457,0.134,0.155,17.88
12498,Runner,0.463,0.457,0.102,0.177,0.00
12499,Runner,0.463,0.457,0.155,0.195,0.00
12500,Pursuer,0.463,0.457,0.156,0.109,0.00
12501,Runner,0.463,0.457,0.137,0.125,0.00
12502,Runner,0.463,0.457,0.103,0.152,3.60
12503,Runner,0.463,0.457,0.091,0.117,0.98
12504,Pursuer,0.463,0.457,0.148,0.159,0.00
12505,Runner,0.463,0.457,0.153,0.168,0.00
12506,Runner,0.463,0.457,0.154,0.079,0.00
12507,Runner,0.463,0.457,0.155,0.141,6.54
12508,Runner,0.463,0.457,0.154,0.129,0.00
12509,Runner,0.464,0.457,0.109,0.107,0.00
12510,Runner,0.464,0.457,0.097,0.145,1.82
12511,Pursuer,0.464,0.457,0.131,0.119,0.00
12512,Runner,0.464,0.457,0.114,0.157,1.58
12513,Pursuer,0.464,0.457,0.127,0.139,0.00
12514,Draw,0.463,0.457,0.105,0.151,0.00
12515,Runner,0.464,0.457,0.109,0.134,1.80
12516,Runner,0.464,0.457,0.111,0.121,0.58
12517,Pursuer,0.464,0.457,0.149,0.106,0.00
12518,Runner,0.464,0.457,0.138,0.157,0.00
12519,Runner,0.464,0.457,0.156,0.106,0.00
12520,Pursuer,0.464,0.457,0.213,0.108,0.00
12521,Runner,0.464,0.457,0.162,0.153,0.00
12522,Pursuer,0.464,0.457,0.144,0.093,0.00
12523,Pursuer,0.464,0.457,0.140,0.101,0.00
12524,Pursuer,0.464,0.457,0.120,0.128,0.00
12525,Pursuer,0.463,0.457,0.125,0.139,0.00
12526,Pursuer,0.463,0.457,0.154,0.143,0.00
12527,Pursuer,0.463,0.457,0.151,0.113,0.00
12528,Pursuer,0.463,0.457,0.000,0.000,0.00
12529,Runner,0.463,0.457,0.092,0.122,0.86
12530,Runner,0.463,0.457,0.125,0.105,0.32
12531,Pursuer,0.463,0.457,0.133,0.116,0.00
12532,Pursuer,0.463,0.457,0.143,0.137,0.00
12533,Runner,0.463,0.457,0.134,0.147,0.74
12534,Pursuer,0.463,0.457,0.186,0.097,0.00
12535,Pursuer,0.463,0.457,0.114,0.118,0.00
12536,Pursuer,0.463,0.457,0.145,0.125,0.00
12537,Pursuer,0.463,0.457,0.110,0.071,0.00
12538,Runner,0.463,0.457,0.193,0.164,0.00
12539,Pursuer,0.463,0.457,0.134,0.073,0.00
12540,Pursuer,0.463,0.457,0.142,0.121,0.00
12541,Runner,0.463,0.457,0.151,0.121,0.00
12542,Runner,0.463,0.457,0.118,0.118,0.00
12543,Pursuer,0.463,0.457,0.141,0.103,0.00
12544,Pursuer,0.463,0.457,0.228,0.154,0.00
12545,Runner,0.463,0.457,0.083,0.128,0.00
12546,Pursuer,0.463,0.457,0.162,0.106,0.00
12547,Runner,0.463,0.457,0.123,0.131,2.54
12548,Runner,0.463,0.457,0.111,0.125,1.06
12549,Runner,0.463,0.457,0.135,0.102,0.00
12550,Pursuer,0.463,0.457,0.126,0.123,0.00
12551,Runner,0.463,0.457,0.093,0.140,1.90
12552,Runner,0.463,0.457,0.145,0.173,0.00
12553,Pursuer,0.463,0.457,0.100,0.104,0.00
12554,Pursuer,0.463,0.457,0.155,0.107,0.00
12555,Runner,0.463,0.457,0.104,0.115,0.00
12556,Runner,0.463,0.457,0.106,0.181,1.34
12557,Draw,0.463,0.457,0.133,0.141,17.26
12558,Pursuer,0.463,0.457,0.124,0.114,0.00
12559,Runner,0.463,0.457,0.142,0.141,0.00
12560,Pursuer,0.463,0.457,0.080,0.127,0.00
12561,Pursuer,0.463,0.457,0.150,0.128,0.00
12562,Pursuer,0.463,0.457,0.102,0.102,0.00
12563,Runner,0.463,0.457,0.107,0.152,0.92
12564,Runner,0.463,0.457,0.108,0.133,1.68
12565,Runner,0.463,0.457,0.105,0.130,2.80
12566,Pursuer,0.463,0.457,0.095,0.083,0.00
12567,Runner,0.463,0.457,0.102,0.101,1.14
12568,Pursuer,0.463,0.457,0.102,0.096,0.00
12569,Draw,0.463,0.457,0.115,0.144,18.74
12570,Runner,0.463,0.457,0.112,0.104,0.02
12571,Pursuer,0.463,0.457,0.148,0.150,0.00
12572,Runner,0.463,0.457,0.099,0.131,1.66
12573,Pursuer,0.463,0.457,0.111,0.425,0.00
12574,Pursuer,0.463,0.457,0.143,0.076,0.00
12575,Runner,0.463,0.457,0.114,0.159,0.26
12576,Pursuer,0.463,0.457,0.135,0.140,0.00
12577,Pursuer,0.463,0.457,0.093,0.151,0.00
12578,Runner,0.463,0.457,0.118,0.149,0.00
12579,Runner,0.463,0.457,0.135,0.113,0.00
12580,Runner,0.463,0.457,0.137,0.160,0.86
12581,Pursuer,0.463,0.457,0.169,0.099,0.00
12582,Pursuer,0.463,0.457,0.145,0.127,0.00
12583,Pursuer,0.463,0.457,0.139,0.143,0.00
12584,Pursuer,0.463,0.457,0.121,0.133,0.00
12585,Runner,0.463,0.457,0.130,0.110,1.86
12586,Runner,0.463,0.457,0.112,0.115,0.00
12587,Runner,0.463,0.457,0.125,0.145,2.40
12588,Pursuer,0.463,0.457,0.000,0.000,0.00
12589,Runner,0.463,0.457,0.098,0.147,0.30
12590,Pursuer,0.463,0.457,0.155,0.073,0.00
12591,Runner,0.463,0.457,0.066,0.200,0.00
12592,Runner,0.463,0.457,0.136,0.122,2.64
12593,Runner,0.464,0.457,0.113,0.109,0.00
12594,Pursuer,0.463,0.457,0.132,0.145,0.00
12595,Pursuer,0.463,0.457,0.154,0.129,0.00
12596,Runner,0.463,0.457,0.097,0.175,0.00
12597,Draw,0.463,0.457,0.126,0.162,0.00
12598,Pursuer,0.463,0.457,0.133,0.103,0.00
12599,Pursuer,0.463,0.457,0.132,0.119,0.00
12600,Pursuer,0.463,0.457,0.155,0.147,0.00
12601,Runner,0.463,0.457,0.104,0.130,0.00
12602,Runner,0.463,0.457,0.110,0.093,0.00
12603,Runner,0.463,0.457,0.111,0.145,5.22
12604,Pursuer,0.463,0.457,0.128,0.089,0.00
12605,Runner,0.463,0.457,0.133,0.110,0.00
12606,Runner,0.464,0.457,0.125,0.132,0.00
12607,Runner,0.464,0.457,0.100,0.154,0.00
12608,Runner,0.464,0.457,0.171,0.149,0.00
12609,Pursuer,0.464,0.457,0.129,0.136,0.00
12610,Pursuer,0.464,0.457,0.136,0.087,0.00
12611,Runner,0.464,0.457,0.103,0.165,0.00
12612,Pursuer,0.464,0.457,0.139,0.144,0.00
12613,Runner,0.464,0.457,0.113,0.157,3.36
12614,Pursuer,0.464,0.457,0.140,0.142,0.00
12615,Runner,0.464,0.457,0.115,0.133,2.60
12616,Runner,0.464,0.457,0.153,0.135,0.00
12617,Runner,0.464,0.457,0.122,0.109,0.00
12618,Runner,0.464,0.457,0.112,0.138,0.00
12619,Pursuer,0.464,0.457,0.099,0.083,0.00
12620,Runner,0.464,0.457,0.151,0.135,1.10
12621,Runner,0.464,0.457,0.117,0.139,2.62
12622,Pursuer,0.464,0.457,0.151,0.111,0.00
12623,Runner,0.464,0.457,0.166,0.126,0.56
12624,Runner,0.464,0.457,0.075,0.034,0.00
12625,Runner,0.464,0.457,0.093,0.141,4.54
12626,Pursuer,0.464,0.457,0.171,0.097,0.00
12627,Pursuer,0.464,0.457,0.005,0.051,0.00
12628,Pursuer,0.464,0.457,0.130,0.134,0.00
12629,Draw,0.464,0.457,0.136,0.146,18.12
12630,Pursuer,0.464,0.457,0.050,0.079,0.00
12631,Runner,0.464,0.457,0.113,0.132,2.18
12632,Runner,0.464,0.457,0.124,0.152,0.00
12633,Pursuer,0.464,0.457,0.125,0.141,0.00
12634,Pursuer,0.464,0.457,0.135,0.138,0.00
12635,Pursuer,0.464,0.457,0.150,0.170,0.00
12636,Runner,0.464,0.457,0.090,0.111,0.22
12637,Pursuer,0.464,0.457,0.140,0.123,0.00
12638,Runner,0.464,0.457,0.114,0.160,0.02
12639,Pursuer,0.464,0.457,0.131,0.112,0.00
12640,Runner,0.464,0.457,0.095,0.119,0.00
12641,Runner,0.464,0.457,0.109,0.167,1.64
12642,Pursuer,0.464,0.457,0.108,0.092,0.00
12643,Runner,0.464,0.457,0.106,0.128,0.00
12644,Runner,0.464,0.457,0.123,0.130,0.00
12645,Runner,0.464,0.457,0.113,0.130,3.94
12646,Runner,0.464,0.457,0.108,0.145,0.00
12647,Runner,0.464,0.457,0.118,0.133,0.00
12648,Runner,0.464,0.457,0.114,0.135,0.00
12649,Draw,0.464,0.457,0.124,0.151,19.06
12650,Runner,0.464,0.457,0.118,0.153,0.00
12651,Pursuer,0.464,0.457,0.163,0.095,0.00
12652,Pursuer,0.464,0.457,0.177,0.110,0.00
12653,Runner,0.464,0.457,0.097,0.145,0.00
12654,Pursuer,0.464,0.457,0.140,0.126,0.00
12655,Runner,0.464,0.457,0.124,0.133,0.00
12656,Runner,0.464,0.457,0.121,0.142,3.20
12657,Pursuer,0.464,0.457,0.000,0.000,0.00
12658,Pursuer,0.464,0.457,0.119,0.123,0.00
12659,Runner,0.464,0.457,0.109,0.113,0.00
12660,Runner,0.464,0.457,0.111,0.111,0.00
12661,Pursuer,0.464,0.457,0.135,0.094,0.00
12662,Pursuer,0.464,0.457,0.126,0.100,0.00
12663,Pursuer,0.464,0.457,0.116,0.141,0.00
12664,Runner,0.464,0.457,0.119,0.126,1.06
12665,Pursuer,0.464,0.457,0.139,0.095,0.00
12666,Pursuer,0.464,0.457,0.135,0.111,0.00
12667,Draw,0.464,0.457,0.141,0.134,16.28
12668,Pursuer,0.464,0.457,0.000,0.000,0.00
12669,Pursuer,0.464,0.457,0.137,0.131,0.00
12670,Runner,0.464,0.457,0.148,0.120,1.68
12671,Draw,0.464,0.457,0.128,0.142,17.36
12672,Pursuer,0.464,0.457,0.139,0.101,0.00
12673,Pursuer,0.464,0.457,0.141,0.114,0.00
12674,Runner,0.464,0.457,0.129,0.126,0.00
12675,Pursuer,0.464,0.457,0.125,0.118,0.00
12676,Runner,0.464,0.457,0.137,0.116,0.00
12677,Pursuer,0.464,0.457,0.141,0.122,0.00
12678,Pursuer,0.464,0.457,0.152,0.115,0.00
12679,Runner,0.464,0.457,0.186,0.086,0.00
12680,Runner,0.464,0.457,0.105,0.127,0.00
12681,Pursuer,0.464,0.457,0.084,0.223,0.00
12682,Runner,0.464,0.457,0.133,0.106,0.86
12683,Pursuer,0.464,0.457,0.129,0.120,0.00
12684,Runner,0.464,0.457,0.095,0.155,0.00
12685,Pursuer,0.464,0.457,0.128,0.154,0.00
12686,Pursuer,0.464,0.457,0.157,0.105,0.00
12687,Runner,0.464,0.457,0.143,0.147,1.38
12688,Runner,0.464,0.457,0.097,0.186,2.24
12689,Pursuer,0.464,0.457,0.151,0.119,0.00
12690,Runner,0.464,0.457,0.128,0.128,0.00
12691,Runner,0.464,0.457,0.123,0.141,4.22
12692,Pursuer,0.464,0.457,0.142,0.090,0.00
12693,Runner,0.464,0.457,0.162,0.119,0.88
12694,Runner,0.464,0.457,0.141,0.134,1.50
12695,Pursuer,0.464,0.457,0.146,0.105,0.00
12696,Pursuer,0.464,0.457,0.109,0.135,0.00
12697,Pursuer,0.464,0.457,0.124,0.154,0.00
12698,Runner,0.464,0.457,0.106,0.115,0.00
12699,Runner,0.464,0.457,0.173,0.126,0.00
12700,Runner,0.464,0.457,0.111,0.138,0.00
12701,Runner,0.464,0.457,0.104,0.129,2.28
12702,Pursuer,0.464,0.457,0.177,0.111,0.00
12703,Pursuer,0.464,0.457,0.181,0.124,0.00
12704,Draw,0.464,0.457,0.143,0.150,16.78
12705,Pursuer,0.464,0.457,0.146,0.160,0.00
12706,Runner,0.464,0.457,0.132,0.136,1.58
12707,Pursuer,0.464,0.457,0.140,0.113,0.00
12708,Runner,0.464,0.457,0.112,0.133,0.00
12709,Pursuer,0.464,0.457,0.122,0.116,0.00
12710,Pursuer,0.464,0.457,0.114,0.112,0.00
12711,Draw,0.464,0.457,0.153,0.134,16.30
12712,Pursuer,0.464,0.457,0.153,0.094,0.00
12713,Runner,0.464,0.457,0.140,0.129,1.14
12714,Runner,0.464,0.457,0.124,0.122,1.72
12715,Runner,0.464,0.457,0.114,0.134,2.80
12716,Pursuer,0.464,0.457,0.142,0.103,0.00
12717,Pursuer,0.464,0.457,0.135,0.128,0.00
12718,Draw,0.464,0.457,0.137,0.156,18.88
12719,Pursuer,0.464,0.457,0.142,0.105,0.00
12720,Pursuer,0.464,0.457,0.111,0.087,0.00
12721,Pursuer,0.464,0.457,0.115,0.145,0.00
12722,Runner,0.464,0.457,0.113,0.169,5.82
12723,Pursuer,0.464,0.457,0.486,0.743,0.00
12724,Runner,0.464,0.457,0.104,0.147,1.34
12725,Runner,0.464,0.457,0.104,0.135,2.10
12726,Runner,0.464,0.457,0.154,0.159,0.00
12727,Pursuer,0.464,0.457,0.142,0.103,0.00
12728,Pursuer,0.464,0.457,0.124,0.156,0.00
12729,Pursuer,0.464,0.457,0.160,0.122,0.00
12730,Pursuer,0.464,0.457,0.115,0.141,0.00
12731,Runner,0.464,0.457,0.084,0.151,3.38
12732,Runner,0.464,0.457,0.093,0.130,0.40
12733,Runner,0.464,0.457,0.156,0.138,0.00
12734,Pursuer,0.464,0.457,0.091,0.113,0.00
12735,Pursuer,0.464,0.457,0.169,0.126,0.00
12736,Pursuer,0.464,0.457,0.160,0.093,0.00
12737,Runner,0.464,0.457,0.113,0.108,0.02
12738,Pursuer,0.464,0.457,0.106,0.104,0.00
12739,Runner,0.464,0.457,0.105,0.124,1.62
12740,Pursuer,0.464,0.457,0.148,0.111,0.00
12741,Draw,0.464,0.457,0.158,0.153,0.00
12742,Runner,0.464,0.457,0.120,0.119,2.94
12743,Pursuer,0.464,0.457,0.000,0.000,0.00
12744,Runner,0.464,0.457,0.101,0.090,0.00
12745,Pursuer,0.464,0.457,0.111,0.126,0.00
12746,Runner,0.464,0.457,0.000,0.000,0.00
12747,Runner,0.464,0.457,0.079,0.139,1.68
12748,Runner,0.464,0.457,0.137,0.148,4.58
12749,Runner,0.464,0.457,0.102,0.103,0.00
12750,Runner,0.464,0.457,0.084,0.107,0.16
12751,Runner,0.464,0.457,0.147,0.120,1.26
12752,Runner,0.464,0.457,0.112,0.129,0.46
12753,Runner,0.464,0.457,0.113,0.124,0.00
12754,Pursuer,0.464,0.457,0.124,0.138,0.00
12755,Runner,0.464,0.457,0.104,0.125,2.22
12756,Pursuer,0.464,0.457,0.132,0.146,0.00
12757,Runner,0.464,0.457,0.094,0.129,0.60
12758,Runner,0.464,0.457,0.137,0.108,0.00
12759,Runner,0.464,0.457,0.108,0.149,4.06
12760,Runner,0.464,0.457,0.098,0.160,0.00
12761,Pursuer,0.464,0.457,0.115,0.323,0.00
12762,Runner,0.464,0.457,0.123,0.147,4.98
12763,Pursuer,0.464,0.457,0.133,0.164,0.00
12764,Pursuer,0.464,0.457,0.132,0.143,0.00
12765,Runner,0.464,0.457,0.136,0.134,2.36
12766,Runner,0.464,0.457,0.123,0.163,0.26
12767,Pursuer,0.464,0.457,0.140,0.113,0.00
12768,Pursuer,0.464,0.457,0.098,0.139,0.00
12769,Pursuer,0.464,0.457,0.137,0.104,0.00
12770,Pursuer,0.464,0.457,0.134,0.074,0.00
12771,Runner,0.464,0.457,0.130,0.122,1.16
12772,Runner,0.464,0.457,0.110,0.160,0.00
12773,Runner,0.464,0.457,0.151,0.138,1.72
12774,Pursuer,0.464,0.457,0.000,0.000,0.00
12775,Runner,0.464,0.457,0.104,0.123,0.00
12776,Pursuer,0.464,0.457,0.152,0.091,0.00
12777,Runner,0.464,0.457,0.124,0.169,0.92
12778,Runner,0.464,0.457,0.146,0.142,2.72
12779,Pursuer,0.464,0.457,0.145,0.114,0.00
12780,Runner,0.464,0.457,0.118,0.127,0.00
12781,Draw,0.464,0.457,0.121,0.156,19.98
12782,Runner,0.464,0.457,0.144,0.130,5.80
12783,Runner,0.464,0.457,0.115,0.134,0.00
12784,Runner,0.464,0.457,0.121,0.114,0.00
12785,Pursuer,0.464,0.457,0.146,0.121,0.00
12786,Pursuer,0.464,0.457,0.087,0.090,0.00
12787,Pursuer,0.464,0.457,0.269,0.147,0.00
12788,Runner,0.464,0.457,0.122,0.124,0.20
12789,Pursuer,0.464,0.457,0.139,0.129,0.00
12790,Pursuer,0.464,0.457,0.143,0.105,0.00
12791,Runner,0.464,0.457,0.137,0.159,12.32
12792,Runner,0.464,0.457,0.117,0.139,0.00
12793,Runner,0.464,0.457,0.141,0.152,0.92
12794,Pursuer,0.464,0.457,0.109,0.104,0.00
12795,Runner,0.464,0.457,0.131,0.142,1.78
12796,Pursuer,0.464,0.457,0.125,0.138,0.00
12797,Runner,0.464,0.457,0.119,0.114,0.00
12798,Pursuer,0.464,0.457,0.092,0.099,0.00
12799,Runner,0.464,0.457,0.129,0.142,2.14
12800,Pursuer,0.464,0.457,0.130,0.161,0.00
12801,Runner,0.464,0.457,0.158,0.125,0.00
12802,Pursuer,0.464,0.457,0.135,0.121,0.00
12803,Runner,0.464,0.457,0.100,0.146,0.00
12804,Pursuer,0.464,0.457,0.137,0.128,0.00
12805,Pursuer,0.464,0.457,0.143,0.161,0.00
12806,Runner,0.464,0.457,0.147,0.134,0.00
12807,Pursuer,0.464,0.457,0.111,0.127,0.00
12808,Runner,0.464,0.457,0.100,0.148,0.00
12809,Runner,0.464,0.457,0.095,0.143,0.90
12810,Runner,0.464,0.457,0.099,0.125,0.32
12811,Runner,0.464,0.457,0.100,0.131,0.54
12812,Pursuer,0.464,0.457,0.000,0.000,0.00
12813,Runner,0.464,0.457,0.110,0.135,1.26
12814,Runner,0.464,0.457,0.108,0.194,0.00
12815,Pursuer,0.464,0.457,0.185,0.183,0.00
12816,Pursuer,0.464,0.457,0.194,0.139,0.00
12817,Runner,0.464,0.457,0.109,0.138,1.26
12818,Pursuer,0.464,0.457,0.131,0.105,0.00
12819,Runner,0.464,0.457,0.826,0.232,0.00
12820,Pursuer,0.464,0.457,0.175,0.103,0.00
12821,Draw,0.464,0.457,0.145,0.148,17.48
12822,Runner,0.464,0.457,0.140,0.120,0.00
12823,Runner,0.464,0.457,0.131,0.139,4.88
12824,Runner,0.464,0.457,0.092,0.163,1.02
12825,Runner,0.464,0.457,0.131,0.143,0.72
12826,Pursuer,0.464,0.457,0.127,0.172,0.00
12827,Runner,0.464,0.457,0.144,0.132,2.02
12828,Pursuer,0.464,0.457,0.149,0.166,0.00
12829,Pursuer,0.464,0.457,0.119,0.120,0.00
12830,Runner,0.464,0.457,0.211,0.134,0.00
12831,Pursuer,0.464,0.457,0.118,0.107,0.00
12832,Pursuer,0.464,0.457,0.139,0.087,0.00
12833,Runner,0.464,0.457,0.107,0.142,0.00
12834,Runner,0.464,0.457,0.137,0.138,0.00
12835,Draw,0.464,0.457,0.143,0.153,18.16
12836,Pursuer,0.464,0.457,0.167,0.131,0.00
12837,Runner,0.464,0.457,0.131,0.111,0.00
12838,Pursuer,0.464,0.457,0.141,0.103,0.00
12839,Pursuer,0.464,0.457,0.131,0.134,0.00
12840,Pursuer,0.464,0.457,0.109,0.127,0.00
12841,Runner,0.464,0.457,0.000,0.000,0.00
12842,Pursuer,0.464,0.457,0.213,0.093,0.00
12843,Runner,0.464,0.457,0.118,0.157,1.10
12844,Draw,0.464,0.457,0.145,0.143,13.18
12845,Runner,0.464,0.457,0.113,0.135,3.28
12846,Runner,0.464,0.457,0.163,0.074,0.00
12847,Pursuer,0.464,0.457,0.144,0.098,0.00
12848,Pursuer,0.464,0.457,0.198,0.103,0.00
12849,Pursuer,0.464,0.457,0.135,0.123,0.00
12850,Runner,0.464,0.457,0.093,0.122,3.00
12851,Runner,0.464,0.457,0.113,0.173,1.66
12852,Pursuer,0.464,0.457,0.110,0.110,0.00
12853,Runner,0.464,0.457,0.109,0.138,0.00
12854,Runner,0.464,0.457,0.178,0.139,0.00
12855,Pursuer,0.464,0.457,0.143,0.109,0.00
12856,Runner,0.464,0.457,0.114,0.137,0.00
12857,Pursuer,0.464,0.457,0.000,0.000,0.00
12858,Runner,0.464,0.457,0.157,0.218,0.48
12859,Runner,0.464,0.457,0.117,0.149,0.00
12860,Pursuer,0.464,0.457,0.000,0.000,0.00
12861,Runner,0.464,0.457,0.075,0.138,1.62
12862,Runner,0.464,0.457,0.145,0.134,1.22
12863,Runner,0.465,0.457,0.127,0.116,2.98
12864,Runner,0.465,0.457,0.100,0.146,0.00
12865,Runner,0.465,0.457,0.146,0.180,0.00
12866,Runner,0.465,0.457,0.104,0.147,0.18
12867,Draw,0.465,0.457,0.143,0.152,14.68
12868,Pursuer,0.465,0.457,0.104,0.119,0.00
12869,Draw,0.465,0.457,0.101,0.154,0.00
12870,Runner,0.465,0.457,0.082,0.155,0.00
12871,Pursuer,0.465,0.457,0.131,0.106,0.00
12872,Pursuer,0.464,0.457,0.124,0.136,0.00
12873,Runner,0.465,0.457,0.112,0.117,1.60
12874,Runner,0.465,0.457,0.092,0.162,0.84
12875,Pursuer,0.465,0.457,0.138,0.108,0.00
12876,Pursuer,0.465,0.457,0.128,0.113,0.00
12877,Runner,0.465,0.457,0.111,0.157,0.00
12878,Runner,0.465,0.457,0.130,0.148,3.46
12879,Runner,0.465,0.457,0.000,0.000,0.04
12880,Runner,0.465,0.457,0.122,0.149,1.80
12881,Runner,0.465,0.457,0.123,0.137,2.86
12882,Pursuer,0.465,0.457,0.000,0.000,0.00
12883,Draw,0.465,0.457,0.138,0.146,0.00
12884,Pursuer,0.465,0.457,0.281,0.278,0.00
12885,Runner,0.465,0.457,0.087,0.142,0.00
12886,Runner,0.465,0.457,0.105,0.135,0.00
12887,Runner,0.465,0.457,0.096,0.111,0.86
12888,Pursuer,0.465,0.457,0.126,0.151,0.00
12889,Pursuer,0.465,0.457,0.194,0.179,0.00
12890,Pursuer,0.465,0.457,0.119,0.114,0.00
12891,Pursuer,0.465,0.457,0.148,0.146,0.00
12892,Runner,0.465,0.457,0.127,0.144,0.00
12893,Pursuer,0.465,0.457,0.191,0.145,0.00
12894,Pursuer,0.465,0.457,0.130,0.092,0.00
12895,Pursuer,0.465,0.457,0.221,0.218,0.00
12896,Runner,0.465,0.457,0.092,0.120,0.00
12897,Runner,0.465,0.457,0.115,0.119,0.00
12898,Pursuer,0.465,0.457,0.160,0.120,0.00
12899,Runner,0.465,0.457,0.127,0.162,0.00
12900,Runner,0.465,0.457,0.000,0.000,0.00
12901,Runner,0.465,0.457,0.119,0.129,3.40
12902,Runner,0.465,0.457,0.138,0.141,0.66
12903,Runner,0.465,0.457,0.145,0.151,0.00
12904,Pursuer,0.465,0.457,0.122,0.171,0.00
12905,Pursuer,0.465,0.457,0.156,0.122,0.00
12906,Pursuer,0.465,0.457,0.113,0.142,0.00
12907,Runner,0.465,0.457,0.000,0.000,0.00
12908,Runner,0.465,0.457,0.108,0.129,1.68
12909,Runner,0.465,0.457,0.130,0.138,5.90
12910,Runner,0.465,0.457,0.109,0.136,0.30
12911,Pursuer,0.465,0.457,0.087,0.132,0.00
12912,Pursuer,0.465,0.457,0.129,0.116,0.00
12913,Runner,0.465,0.457,0.172,0.136,0.94
12914,Runner,0.465,0.457,0.122,0.123,0.56
12915,Runner,0.465,0.457,0.139,0.141,5.92
12916,Runner,0.465,0.456,0.109,0.166,0.00
12917,Runner,0.465,0.456,0.105,0.083,0.00
12918,Pursuer,0.465,0.456,0.159,0.089,0.00
12919,Runner,0.465,0.456,0.087,0.138,0.00
12920,Pursuer,0.465,0.457,0.146,0.117,0.00
12921,Runner,0.465,0.456,0.000,0.000,0.00
12922,Runner,0.465,0.456,0.102,0.136,2.16
12923,Pursuer,0.465,0.456,0.125,0.092,0.00
12924,Runner,0.465,0.456,0.108,0.137,0.00
12925,Pursuer,0.465,0.456,0.126,0.122,0.00
12926,Runner,0.465,0.456,0.089,0.147,2.22
12927,Runner,0.465,0.456,0.128,0.158,0.64
12928,Runner,0.465,0.456,0.147,0.121,0.00
12929,Runner,0.465,0.456,0.133,0.130,0.00
12930,Pursuer,0.465,0.456,0.189,0.106,0.00
12931,Runner,0.465,0.456,0.211,0.053,0.00
12932,Pursuer,0.465,0.456,0.000,0.000,0.00
12933,Runner,0.465,0.456,0.103,0.172,0.02
12934,Draw,0.465,0.456,0.107,0.129,0.86
12935,Draw,0.465,0.456,0.147,0.146,17.56
12936,Runner,0.465,0.456,0.129,0.136,0.00
12937,Pursuer,0.465,0.456,0.150,0.107,0.00
12938,Runner,0.465,0.456,0.117,0.131,4.54
12939,Runner,0.465,0.456,0.117,0.146,5.48
12940,Pursuer,0.465,0.456,0.133,0.197,0.00
12941,Pursuer,0.465,0.456,0.150,0.114,0.00
12942,Runner,0.465,0.456,0.102,0.118,1.78
12943,Runner,0.465,0.456,0.158,0.127,0.06
12944,Pursuer,0.465,0.456,0.107,0.154,0.00
12945,Runner,0.465,0.456,0.117,0.131,0.36
12946,Runner,0.465,0.456,0.115,0.125,1.52
12947,Draw,0.465,0.456,0.155,0.156,0.00
12948,Pursuer,0.465,0.456,0.103,0.122,0.00
12949,Runner,0.465,0.456,0.112,0.157,0.22
12950,Runner,0.465,0.456,0.139,0.152,0.00
12951,Runner,0.465,0.456,0.120,0.124,0.00
12952,Pursuer,0.465,0.456,0.135,0.114,0.00
12953,Pursuer,0.465,0.456,0.165,0.106,0.00
12954,Pursuer,0.465,0.456,0.144,0.130,0.00
12955,Runner,0.465,0.456,0.131,0.168,0.52
12956,Draw,0.465,0.456,0.140,0.142,18.62
12957,Runner,0.465,0.456,0.112,0.135,0.00
12958,Runner,0.465,0.456,0.084,0.116,0.56
12959,Pursuer,0.465,0.456,0.136,0.101,0.00
12960,Runner,0.465,0.456,0.136,0.138,0.00
12961,Pursuer,0.465,0.456,0.000,0.000,0.00
12962,Runner,0.465,0.456,0.145,0.132,0.00
12963,Pursuer,0.465,0.456,0.131,0.118,0.00
12964,Pursuer,0.465,0.456,0.105,0.113,0.00
12965,Draw,0.465,0.456,0.144,0.135,16.84
12966,Runner,0.465,0.456,0.110,0.119,0.00
12967,Pursuer,0.465,0.456,0.158,0.115,0.00
12968,Runner,0.465,0.456,0.111,0.126,0.00
12969,Pursuer,0.465,0.456,0.000,0.000,0.00
12970,Runner,0.465,0.456,0.100,0.165,1.72
12971,Runner,0.465,0.456,0.108,0.129,0.00
12972,Runner,0.465,0.456,0.129,0.162,0.02
12973,Runner,0.465,0.456,0.158,0.129,0.00
12974,Runner,0.465,0.456,0.022,0.128,0.00
12975,Runner,0.465,0.456,0.106,0.126,1.24
12976,Pursuer,0.465,0.456,0.567,0.523,0.00
12977,Runner,0.465,0.456,0.181,0.148,0.00
12978,Runner,0.465,0.456,0.129,0.149,1.88
12979,Runner,0.466,0.456,0.107,0.115,0.02
12980,Pursuer,0.465,0.456,0.000,0.000,0.00
12981,Draw,0.465,0.456,0.119,0.144,17.80
12982,Pursuer,0.465,0.456,0.110,0.083,0.00
12983,Pursuer,0.465,0.456,0.144,0.191,0.00
12984,Runner,0.465,0.456,0.098,0.132,0.22
12985,Runner,0.465,0.456,0.094,0.077,0.00
12986,Runner,0.466,0.456,0.094,0.154,0.00
12987,Runner,0.466,0.456,0.108,0.097,0.00
12988,Runner,0.466,0.456,0.125,0.152,1.06
12989,Pursuer,0.466,0.456,0.157,0.134,0.00
12990,Runner,0.466,0.456,0.137,0.107,0.00
12991,Runner,0.466,0.456,0.103,0.119,0.44
12992,Runner,0.466,0.456,0.097,0.135,0.00
12993,Runner,0.466,0.456,0.095,0.122,0.00
12994,Runner,0.466,0.456,0.135,0.156,0.00
12995,Pursuer,0.466,0.456,0.134,0.124,0.00
12996,Runner,0.466,0.456,0.090,0.107,2.26
12997,Runner,0.466,0.456,0.116,0.154,0.00
12998,Runner,0.466,0.456,0.097,0.132,1.68
12999,Pursuer,0.466,0.456,0.132,0.102,0.00
13000,Runner,0.466,0.456,0.093,0.158,0.00
13001,Pursuer,0.466,0.456,0.152,0.120,0.00
13002,Draw,0.466,0.456,0.141,0.150,14.10
13003,Pursuer,0.466,0.456,0.139,0.117,0.00
13004,Runner,0.466,0.456,0.092,0.164,0.84
13005,Pursuer,0.466,0.456,0.436,0.183,0.00
13006,Runner,0.466,0.456,0.091,0.114,0.00
13007,Runner,0.466,0.456,0.106,0.084,0.00
13008,Runner,0.466,0.456,0.114,0.125,1.60
13009,Runner,0.466,0.456,0.119,0.128,1.28
13010,Pursuer,0.466,0.456,0.137,0.099,0.00
13011,Pursuer,0.466,0.456,0.152,0.130,0.00
13012,Runner,0.466,0.456,0.090,0.129,0.00
13013,Runner,0.466,0.456,0.129,0.143,0.00
13014,Pursuer,0.466,0.456,0.133,0.165,0.00
13015,Runner,0.466,0.456,0.145,0.130,1.92
13016,Runner,0.466,0.456,0.114,0.143,0.00
13017,Runner,0.466,0.455,0.117,0.141,2.64
13018,Runner,0.466,0.455,0.106,0.110,0.04
13019,Runner,0.466,0.455,0.156,0.124,0.00
13020,Runner,0.466,0.455,0.110,0.130,2.34
13021,Runner,0.466,0.455,0.174,0.138,0.00
13022,Pursuer,0.466,0.455,0.125,0.114,0.00
13023,Pursuer,0.466,0.455,0.143,0.097,0.00
13024,Pursuer,0.466,0.455,0.117,0.100,0.00
13025,Runner,0.466,0.455,0.164,0.090,0.00
13026,Pursuer,0.466,0.455,0.160,0.096,0.00
13027,Runner,0.466,0.455,0.114,0.115,0.00
13028,Runner,0.466,0.455,0.129,0.147,2.16
13029,Runner,0.466,0.455,0.099,0.172,1.26
13030,Runner,0.466,0.455,0.140,0.148,0.00
13031,Pursuer,0.466,0.455,0.133,0.106,0.00
13032,Pursuer,0.466,0.455,0.131,0.112,0.00
13033,Pursuer,0.466,0.455,0.122,0.112,0.00
13034,Runner,0.466,0.455,0.124,0.133,0.00
13035,Runner,0.466,0.455,0.115,0.156,0.00
13036,Pursuer,0.466,0.455,0.127,0.113,0.00
13037,Runner,0.466,0.455,0.160,0.133,4.98
13038,Pursuer,0.466,0.455,0.141,0.113,0.00
13039,Pursuer,0.466,0.455,0.150,0.083,0.00
13040,Pursuer,0.466,0.456,0.121,0.350,0.00
13041,Pursuer,0.466,0.456,0.218,0.238,0.00
13042,Runner,0.466,0.456,0.105,0.141,0.32
13043,Pursuer,0.466,0.456,0.072,0.130,0.00
13044,Runner,0.466,0.456,0.119,0.127,4.20
13045,Runner,0.466,0.456,0.133,0.141,0.18
13046,Pursuer,0.466,0.456,0.130,0.136,0.00
13047,Runner,0.466,0.456,0.116,0.145,0.00
13048,Pursuer,0.466,0.456,0.221,0.218,0.00
13049,Runner,0.466,0.456,0.115,0.161,0.00
13050,Pursuer,0.466,0.456,0.111,0.120,0.00
13051,Pursuer,0.466,0.456,0.135,0.140,0.00
13052,Pursuer,0.466,0.456,0.125,0.090,0.00
13053,Runner,0.466,0.456,0.127,0.128,1.24
13054,Runner,0.466,0.456,0.091,0.119,2.98
13055,Runner,0.466,0.456,0.122,0.118,2.30
13056,Runner,0.466,0.455,0.105,0.096,0.16
13057,Pursuer,0.466,0.456,0.118,0.116,0.00
13058,Pursuer,0.466,0.456,0.142,0.090,0.00
13059,Runner,0.466,0.456,0.132,0.114,0.00
13060,Runner,0.466,0.456,0.100,0.129,0.00
13061,Pursuer,0.466,0.456,0.145,0.084,0.00
13062,Runner,0.466,0.456,0.121,0.187,0.00
13063,Pursuer,0.466,0.456,0.155,0.094,0.00
13064,Pursuer,0.466,0.456,0.160,0.134,0.00
13065,Runner,0.466,0.456,0.128,0.137,2.64
13066,Pursuer,0.466,0.456,0.000,0.000,0.00
13067,Runner,0.466,0.456,0.106,0.132,1.00
13068,Pursuer,0.466,0.456,0.142,0.141,0.00
13069,Pursuer,0.466,0.456,0.135,0.088,0.00
13070,Pursuer,0.466,0.456,0.105,0.120,0.00
13071,Runner,0.466,0.456,0.142,0.127,0.00
13072,Pursuer,0.466,0.456,0.144,0.092,0.00
13073,Runner,0.466,0.456,0.135,0.128,1.02
13074,Pursuer,0.466,0.456,0.103,0.184,0.00
13075,Runner,0.466,0.456,0.148,0.145,0.00
13076,Runner,0.466,0.456,0.113,0.142,0.38
13077,Runner,0.466,0.456,0.100,0.123,1.18
13078,Runner,0.466,0.456,0.118,0.125,5.42
13079,Pursuer,0.466,0.456,0.146,0.087,0.00
13080,Draw,0.466,0.456,0.137,0.143,0.00
13081,Pursuer,0.466,0.456,0.126,0.099,0.00
13082,Runner,0.466,0.456,0.115,0.145,0.90
13083,Runner,0.466,0.456,0.092,0.156,2.44
13084,Runner,0.466,0.456,0.077,0.134,0.00
13085,Runner,0.466,0.455,0.126,0.150,0.00
13086,Pursuer,0.466,0.456,0.110,0.103,0.00
13087,Runner,0.466,0.455,0.102,0.113,1.54
13088,Runner,0.466,0.455,0.106,0.123,0.00
13089,Pursuer,0.466,0.455,0.134,0.142,0.00
13090,Pursuer,0.466,0.456,0.152,0.125,0.00
13091,Runner,0.466,0.456,0.119,0.132,0.00
13092,Runner,0.466,0.455,0.098,0.101,2.02
13093,Runner,0.466,0.455,0.114,0.156,0.94
13094,Runner,0.466,0.455,0.099,0.134,0.00
13095,Runner,0.467,0.455,0.099,0.135,0.00
13096,Pursuer,0.466,0.455,0.140,0.121,0.00
13097,Runner,0.467,0.455,0.116,0.120,0.44
13098,Runner,0.467,0.455,0.000,0.000,0.00
13099,Pursuer,0.467,0.455,0.000,0.000,0.00
13100,Runner,0.467,0.455,0.112,0.144,0.00
13101,Runner,0.467,0.455,0.111,0.145,0.10
13102,Runner,0.467,0.455,0.130,0.116,0.00
13103,Runner,0.467,0.455,0.138,0.105,0.00
13104,Pursuer,0.467,0.455,0.142,0.129,0.00
13105,Runner,0.467,0.455,0.124,0.093,0.00
13106,Runner,0.467,0.455,0.118,0.146,2.18
13107,Runner,0.467,0.455,0.124,0.100,0.00
13108,Draw,0.467,0.455,0.129,0.149,5.40
13109,Runner,0.467,0.455,0.132,0.119,0.24
13110,Runner,0.467,0.455,0.153,0.164,1.38
13111,Draw,0.467,0.455,0.146,0.140,16.56
13112,Runner,0.467,0.455,0.125,0.137,2.82
13113,Runner,0.467,0.455,0.115,0.136,0.00
13114,Runner,0.467,0.455,0.132,0.139,0.00
13115,Runner,0.467,0.455,0.151,0.124,0.00
13116,Runner,0.467,0.455,0.107,0.140,2.56
13117,Runner,0.467,0.455,0.138,0.154,2.28
13118,Runner,0.467,0.455,0.130,0.118,0.00
13119,Runner,0.467,0.455,0.128,0.152,5.06
13120,Runner,0.467,0.455,0.131,0.122,0.02
13121,Runner,0.467,0.455,0.144,0.121,0.86
13122,Runner,0.467,0.455,0.117,0.127,0.00
13123,Runner,0.467,0.455,0.130,0.140,1.64
13124,Runner,0.467,0.455,0.052,0.012,0.00
13125,Runner,0.467,0.455,0.119,0.141,1.40
13126,Pursuer,0.467,0.455,0.157,0.203,0.00
13127,Pursuer,0.467,0.455,0.124,0.118,0.00
13128,Pursuer,0.467,0.455,0.168,0.092,0.00
13129,Pursuer,0.467,0.455,0.155,0.085,0.00
13130,Pursuer,0.467,0.455,0.156,0.108,0.00
13131,Pursuer,0.467,0.455,0.146,0.111,0.00
13132,Runner,0.467,0.455,0.000,0.000,0.00
13133,Runner,0.467,0.455,0.134,0.121,0.00
13134,Pursuer,0.467,0.455,0.136,0.126,0.00
13135,Runner,0.467,0.455,0.122,0.141,0.52
13136,Pursuer,0.467,0.455,0.000,0.000,0.00
13137,Runner,0.467,0.455,0.119,0.143,0.00
13138,Runner,0.467,0.455,0.084,0.123,0.00
13139,Pursuer,0.467,0.455,0.131,0.091,0.00
13140,Runner,0.467,0.455,0.122,0.130,1.58
13141,Pursuer,0.467,0.455,0.127,0.138,0.00
13142,Runner,0.467,0.455,0.087,0.163,0.12
13143,Runner,0.467,0.455,0.155,0.128,1.34
13144,Pursuer,0.467,0.455,0.153,0.094,0.00
13145,Pursuer,0.467,0.455,0.160,0.106,0.00
13146,Draw,0.467,0.455,0.141,0.152,19.56
13147,Pursuer,0.467,0.455,0.113,0.087,0.00
13148,Pursuer,0.467,0.455,0.121,0.097,0.00
13149,Runner,0.467,0.455,0.142,0.138,0.00
13150,Pursuer,0.467,0.455,0.133,0.131,0.00
13151,Pursuer,0.467,0.455,0.190,0.098,0.00
13152,Runner,0.467,0.455,0.123,0.156,2.98
13153,Pursuer,0.467,0.455,0.140,0.121,0.00
13154,Pursuer,0.467,0.455,0.139,0.142,0.00
13155,Runner,0.467,0.455,0.129,0.155,3.50
13156,Pursuer,0.467,0.455,0.101,0.118,0.00
13157,Pursuer,0.467,0.455,0.145,0.097,0.00
13158,Pursuer,0.467,0.455,0.123,0.113,0.00
13159,Pursuer,0.467,0.455,0.112,0.073,0.00
13160,Runner,0.467,0.455,0.101,0.124,0.12
13161,Pursuer,0.467,0.455,0.128,0.084,0.00
13162,Runner,0.467,0.455,0.083,0.115,1.38
13163,Pursuer,0.467,0.455,0.131,0.117,0.00
13164,Runner,0.467,0.455,0.000,0.000,0.02
13165,Runner,0.467,0.455,0.139,0.102,0.00
13166,Runner,0.467,0.455,0.109,0.137,0.00
13167,Pursuer,0.467,0.455,0.128,0.123,0.00
13168,Runner,0.467,0.455,0.080,0.089,0.10
13169,Pursuer,0.467,0.455,0.081,0.161,0.00
13170,Pursuer,0.467,0.455,0.126,0.139,0.00
13171,Pursuer,0.467,0.455,0.181,0.079,0.00
13172,Pursuer,0.467,0.455,0.123,0.098,0.00
13173,Runner,0.467,0.455,0.117,0.147,1.38
13174,Pursuer,0.467,0.455,0.113,0.138,0.00
13175,Pursuer,0.467,0.455,0.157,0.144,0.00
13176,Draw,0.467,0.455,0.139,0.141,16.80
13177,Runner,0.467,0.455,0.157,0.162,0.64
13178,Pursuer,0.467,0.455,0.109,0.131,0.00
13179,Runner,0.467,0.455,0.114,0.138,0.00
13180,Runner,0.467,0.455,0.146,0.151,0.00
13181,Runner,0.467,0.455,0.099,0.119,1.50
13182,Runner,0.467,0.455,0.134,0.124,1.58
13183,Draw,0.467,0.455,0.142,0.142,18.94
13184,Runner,0.467,0.455,0.111,0.128,2.10
13185,Pursuer,0.467,0.455,0.116,0.154,0.00
13186,Pursuer,0.467,0.455,0.084,0.119,0.00
13187,Pursuer,0.467,0.455,0.132,0.148,0.00
13188,Runner,0.467,0.455,0.000,0.000,0.00
13189,Pursuer,0.467,0.455,0.602,0.214,0.00
13190,Pursuer,0.467,0.455,0.111,0.105,0.00
13191,Pursuer,0.467,0.455,0.134,0.107,0.00
13192,Runner,0.467,0.455,0.130,0.151,4.26
13193,Runner,0.467,0.455,0.106,0.155,0.00
13194,Runner,0.467,0.455,0.093,0.129,0.00
13195,Pursuer,0.467,0.455,0.168,0.092,0.00
13196,Runner,0.467,0.455,0.102,0.146,0.00
13197,Pursuer,0.467,0.455,0.149,0.127,0.00
13198,Runner,0.467,0.455,0.109,0.125,0.78
13199,Runner,0.467,0.455,0.117,0.128,2.22
13200,Draw,0.467,0.455,0.163,0.150,15.84
13201,Pursuer,0.467,0.455,0.162,0.137,0.00
13202,Pursuer,0.467,0.455,0.117,0.136,0.00
13203,Runner,0.467,0.455,0.138,0.129,0.00
13204,Runner,0.467,0.455,0.100,0.146,2.18
13205,Pursuer,0.467,0.455,0.126,0.102,0.00
13206,Pursuer,0.467,0.455,0.122,0.113,0.00
13207,Pursuer,0.467,0.455,0.140,0.092,0.00
13208,Draw,0.467,0.455,0.152,0.142,16.18
13209,Runner,0.467,0.455,0.127,0.141,0.32
13210,Pursuer,0.467,0.455,0.131,0.099,0.00
13211,Runner,0.467,0.455,0.159,0.360,0.14
13212,Pursuer,0.467,0.455,0.137,0.101,0.00
13213,Runner,0.467,0.455,0.118,0.151,0.00
13214,Pursuer,0.467,0.455,0.166,0.155,0.00
13215,Pursuer,0.467,0.455,0.125,0.107,0.00
13216,Pursuer,0.467,0.455,0.139,0.102,0.00
13217,Runner,0.467,0.455,0.137,0.112,0.18
13218,Pursuer,0.467,0.455,0.175,0.118,0.00
13219,Draw,0.467,0.455,0.107,0.133,17.86
13220,Runner,0.467,0.455,0.151,0.136,0.00
13221,Runner,0.467,0.455,0.121,0.124,2.96
13222,Pursuer,0.467,0.455,0.110,0.090,0.00
13223,Pursuer,0.467,0.455,0.131,0.136,0.00
13224,Runner,0.467,0.455,0.175,0.125,0.38
13225,Pursuer,0.467,0.455,0.105,0.147,0.00
13226,Runner,0.467,0.455,0.110,0.154,2.06
13227,Runner,0.467,0.455,0.116,0.133,1.38
13228,Runner,0.467,0.455,0.086,0.168,0.00
13229,Pursuer,0.467,0.455,0.123,0.134,0.00
13230,Draw,0.467,0.455,0.153,0.151,19.98
13231,Pursuer,0.467,0.455,0.125,0.128,0.00
13232,Runner,0.467,0.455,0.117,0.137,0.00
13233,Runner,0.467,0.455,0.126,0.122,0.74
13234,Runner,0.467,0.455,0.152,0.101,0.00
13235,Runner,0.467,0.455,0.114,0.106,0.00
13236,Runner,0.467,0.455,0.135,0.131,1.06
13237,Pursuer,0.467,0.455,0.138,0.130,0.00
13238,Pursuer,0.467,0.455,0.083,0.193,0.00
13239,Pursuer,0.467,0.455,0.138,0.127,0.00
13240,Pursuer,0.467,0.455,0.087,0.088,0.00
13241,Draw,0.467,0.455,0.115,0.151,19.44
13242,Pursuer,0.467,0.455,0.106,0.093,0.00
13243,Pursuer,0.467,0.455,0.129,0.094,0.00
13244,Runner,0.467,0.455,0.134,0.142,0.76
13245,Runner,0.467,0.455,0.104,0.100,0.00
13246,Runner,0.467,0.455,0.132,0.113,1.22
13247,Runner,0.467,0.455,0.104,0.123,1.82
13248,Runner,0.467,0.455,0.110,0.112,1.22
13249,Pursuer,0.467,0.455,0.104,0.106,0.00
13250,Runner,0.467,0.455,0.936,0.531,0.00
13251,Runner,0.467,0.455,0.143,0.138,4.74
13252,Runner,0.467,0.455,0.141,0.105,0.00
13253,Runner,0.467,0.455,0.104,0.147,0.00
13254,Runner,0.467,0.455,0.102,0.148,0.00
13255,Runner,0.467,0.455,0.140,0.127,0.00
13256,Runner,0.467,0.455,0.112,0.135,1.44
13257,Runner,0.467,0.455,0.120,0.101,0.00
13258,Pursuer,0.467,0.455,0.000,0.000,0.00
13259,Runner,0.467,0.455,0.164,0.167,0.10
13260,Runner,0.467,0.455,0.102,0.142,0.00
13261,Runner,0.467,0.455,0.108,0.123,0.96
13262,Pursuer,0.467,0.455,0.168,0.175,0.00
13263,Runner,0.467,0.455,0.115,0.123,0.00
13264,Pursuer,0.467,0.455,0.146,0.106,0.00
13265,Runner,0.467,0.455,0.120,0.133,0.38
13266,Pursuer,0.467,0.455,0.153,0.109,0.00
13267,Runner,0.467,0.455,0.105,0.128,0.00
13268,Pursuer,0.467,0.455,0.120,0.145,0.00
13269,Runner,0.467,0.455,0.137,0.153,0.82
13270,Runner,0.467,0.455,0.115,0.113,0.22
13271,Pursuer,0.467,0.455,0.111,0.150,0.00
13272,Runner,0.467,0.455,0.079,0.161,0.20
13273,Runner,0.467,0.455,0.111,0.141,0.00
13274,Pursuer,0.467,0.455,0.179,0.091,0.00
13275,Draw,0.467,0.455,0.118,0.151,17.10
13276,Runner,0.467,0.455,0.140,0.159,0.00
13277,Pursuer,0.467,0.455,0.132,0.105,0.00
13278,Pursuer,0.467,0.455,0.147,0.139,0.00
13279,Pursuer,0.467,0.455,0.131,0.112,0.00
13280,Pursuer,0.467,0.455,0.120,0.102,0.00
13281,Runner,0.467,0.455,0.105,0.137,0.00
13282,Pursuer,0.467,0.455,0.175,0.112,0.00
13283,Draw,0.467,0.455,0.169,0.118,0.00
13284,Draw,0.467,0.455,0.149,0.155,19.88
13285,Runner,0.467,0.455,0.122,0.136,0.00
13286,Pursuer,0.467,0.455,0.134,0.105,0.00
13287,Runner,0.467,0.455,0.112,0.207,0.00
13288,Pursuer,0.467,0.455,0.151,0.121,0.00
13289,Runner,0.467,0.455,1.005,0.830,0.00
13290,Pursuer,0.467,0.455,0.077,0.120,0.00
13291,Pursuer,0.467,0.455,0.138,0.122,0.00
13292,Runner,0.467,0.455,0.131,0.162,0.00
13293,Runner,0.467,0.455,0.125,0.114,0.00
13294,Runner,0.467,0.455,0.120,0.158,1.70
13295,Pursuer,0.467,0.455,0.131,0.107,0.00
13296,Pursuer,0.467,0.455,0.144,0.062,0.00
13297,Runner,0.467,0.455,0.135,0.151,0.00
13298,Pursuer,0.467,0.455,0.115,0.099,0.00
13299,Pursuer,0.467,0.455,0.131,0.086,0.00
13300,Pursuer,0.467,0.455,0.123,0.126,0.00
13301,Runner,0.467,0.455,0.132,0.144,0.92
13302,Pursuer,0.467,0.455,0.138,0.109,0.00
13303,Runner,0.467,0.455,0.000,0.000,0.00
13304,Runner,0.467,0.455,0.093,0.153,0.62
13305,Runner,0.467,0.455,0.112,0.153,0.02
13306,Pursuer,0.467,0.455,0.180,0.154,0.00
13307,Runner,0.467,0.455,0.145,0.147,1.12
13308,Runner,0.467,0.455,0.116,0.108,1.12
13309,Pursuer,0.467,0.455,0.152,0.111,0.00
13310,Pursuer,0.467,0.455,0.149,0.105,0.00
13311,Draw,0.467,0.455,0.112,0.141,16.78
13312,Pursuer,0.467,0.455,0.106,0.085,0.00
13313,Pursuer,0.467,0.455,0.133,0.145,0.00
13314,Runner,0.467,0.455,0.000,0.000,0.00
13315,Runner,0.467,0.455,0.124,0.133,0.00
13316,Pursuer,0.467,0.455,0.054,0.062,0.00
13317,Pursuer,0.467,0.455,0.256,0.156,0.00
13318,Runner,0.467,0.455,0.170,0.132,0.00
13319,Draw,0.467,0.455,0.123,0.149,17.86
13320,Runner,0.467,0.455,0.128,0.146,0.74
13321,Runner,0.467,0.455,0.108,0.141,2.56
13322,Runner,0.467,0.455,0.090,0.153,1.28
13323,Runner,0.467,0.455,0.127,0.144,0.60
13324,Runner,0.467,0.455,0.122,0.153,2.88
13325,Pursuer,0.467,0.455,0.000,0.000,0.00
13326,Runner,0.467,0.455,0.126,0.146,3.32
13327,Runner,0.467,0.455,0.121,0.138,4.78
13328,Pursuer,0.467,0.455,0.000,0.000,0.00
13329,Pursuer,0.467,0.455,0.143,0.085,0.00
13330,Runner,0.467,0.455,0.112,0.146,1.84
13331,Runner,0.467,0.455,0.152,0.103,0.30
13332,Pursuer,0.467,0.455,0.120,0.126,0.00
13333,Runner,0.467,0.455,0.000,0.000,0.00
13334,Pursuer,0.467,0.455,0.130,0.099,0.00
13335,Runner,0.467,0.455,0.105,0.155,0.98
13336,Runner,0.468,0.455,0.118,0.123,0.54
13337,Runner,0.468,0.455,0.112,0.126,0.68
13338,Runner,0.468,0.455,0.125,0.142,9.62
13339,Runner,0.468,0.455,0.116,0.168,0.62
13340,Pursuer,0.468,0.455,0.116,0.096,0.00
13341,Runner,0.468,0.455,0.187,0.125,0.00
13342,Runner,0.468,0.455,0.137,0.115,0.00
13343,Draw,0.468,0.454,0.143,0.143,12.42
13344,Pursuer,0.468,0.455,0.133,0.115,0.00
13345,Pursuer,0.468,0.455,0.141,0.097,0.00
13346,Pursuer,0.468,0.455,0.156,0.117,0.00
13347,Pursuer,0.468,0.455,0.107,0.176,0.00
13348,Pursuer,0.467,0.455,0.162,0.119,0.00
13349,Pursuer,0.467,0.455,0.131,0.107,0.00
13350,Pursuer,0.467,0.455,0.144,0.106,0.00
13351,Runner,0.467,0.455,0.088,0.110,0.00
13352,Pursuer,0.467,0.455,0.116,0.134,0.00
13353,Runner,0.467,0.455,0.108,0.132,3.50
13354,Runner,0.468,0.455,0.118,0.127,0.60
13355,Pursuer,0.467,0.455,0.000,0.000,0.00
13356,Pursuer,0.467,0.455,0.145,0.134,0.00
13357,Pursuer,0.467,0.455,0.143,0.090,0.00
13358,Pursuer,0.467,0.455,0.096,0.115,0.00
13359,Pursuer,0.467,0.455,0.164,0.114,0.00
13360,Pursuer,0.467,0.455,0.130,0.136,0.00
13361,Pursuer,0.467,0.455,0.115,0.091,0.00
13362,Runner,0.467,0.455,0.128,0.115,0.00
13363,Pursuer,0.467,0.455,0.122,0.125,0.00
13364,Pursuer,0.467,0.455,0.154,0.103,0.00
13365,Runner,0.467,0.455,0.150,0.174,0.00
13366,Pursuer,0.467,0.455,0.142,0.123,0.00
13367,Draw,0.467,0.455,0.129,0.142,17.32
13368,Draw,0.467,0.455,0.143,0.137,0.00
13369,Runner,0.467,0.455,0.122,0.142,2.26
13370,Runner,0.467,0.455,0.160,0.115,0.00
13371,Pursuer,0.467,0.455,0.120,0.082,0.00
13372,Pursuer,0.467,0.455,0.129,0.121,0.00
13373,Draw,0.467,0.455,0.136,0.160,15.46
13374,Runner,0.467,0.455,0.115,0.154,0.48
13375,Runner,0.467,0.455,0.118,0.166,2.68
13376,Runner,0.467,0.455,0.118,0.143,0.00
13377,Runner,0.467,0.455,0.104,0.151,0.00
13378,Runner,0.467,0.455,0.124,0.132,1.78
13379,Runner,0.467,0.455,0.134,0.125,0.00
13380,Runner,0.467,0.455,0.107,0.145,1.64
13381,Runner,0.467,0.455,0.102,0.166,1.90
13382,Pursuer,0.467,0.455,0.114,0.122,0.00
13383,Pursuer,0.467,0.455,0.181,0.127,0.00
13384,Pursuer,0.467,0.455,0.121,0.099,0.00
13385,Runner,0.467,0.455,0.113,0.102,0.00
13386,Pursuer,0.467,0.455,0.112,0.149,0.00
13387,Runner,0.467,0.455,0.130,0.163,0.00
13388,Pursuer,0.467,0.455,0.130,0.121,0.00
13389,Runner,0.467,0.455,0.086,0.141,5.32
13390,Pursuer,0.467,0.455,0.129,0.116,0.00
13391,Runner,0.467,0.455,0.114,0.141,0.00
13392,Pursuer,0.467,0.455,0.131,0.165,0.00
13393,Pursuer,0.467,0.455,0.111,0.085,0.00
13394,Pursuer,0.467,0.455,0.140,0.118,0.00
13395,Runner,0.467,0.455,0.000,0.000,0.00
13396,Runner,0.467,0.455,0.082,0.137,1.90
13397,Draw,0.467,0.455,0.151,0.143,19.98
13398,Runner,0.467,0.455,0.136,0.128,1.32
13399,Pursuer,0.467,0.455,1.398,0.036,0.00
13400,Pursuer,0.467,0.455,0.186,0.114,0.00
13401,Runner,0.467,0.455,0.125,0.157,1.68
13402,Runner,0.467,0.455,0.125,0.132,0.12
13403,Runner,0.467,0.455,0.090,0.126,0.00
13404,Pursuer,0.467,0.455,0.167,0.106,0.00
13405,Draw,0.467,0.455,0.103,0.118,0.00
13406,Runner,0.467,0.455,0.114,0.148,0.78
13407,Pursuer,0.467,0.455,0.158,0.100,0.00
13408,Pursuer,0.467,0.455,0.154,0.093,0.00
13409,Runner,0.467,0.455,0.122,0.135,0.36
13410,Pursuer,0.467,0.455,0.134,0.146,0.00
13411,Pursuer,0.467,0.455,0.138,0.116,0.00
13412,Runner,0.467,0.455,0.110,0.144,1.70
13413,Runner,0.467,0.455,0.116,0.099,0.62
13414,Runner,0.467,0.455,0.079,0.103,0.76
13415,Runner,0.467,0.455,0.096,0.144,2.34
13416,Draw,0.467,0.455,0.138,0.140,18.80
13417,Draw,0.467,0.455,0.141,0.162,17.30
13418,Pursuer,0.467,0.455,0.135,0.129,0.00
13419,Pursuer,0.467,0.455,0.090,0.134,0.00
13420,Pursuer,0.467,0.455,0.133,0.128,0.00
13421,Runner,0.467,0.455,0.101,0.183,0.00
13422,Runner,0.467,0.455,0.100,0.149,1.32
13423,Pursuer,0.467,0.455,0.177,0.072,0.00
13424,Runner,0.467,0.455,0.114,0.150,2.62
13425,Pursuer,0.467,0.455,0.142,0.133,0.00
13426,Draw,0.467,0.455,0.109,0.133,16.16
13427,Runner,0.467,0.455,0.089,0.138,0.00
13428,Pursuer,0.467,0.455,0.143,0.117,0.00
13429,Runner,0.467,0.455,0.121,0.168,1.56
13430,Pursuer,0.467,0.455,0.121,0.127,0.00
13431,Runner,0.467,0.455,0.125,0.125,0.70
13432,Runner,0.467,0.455,0.111,0.130,0.00
13433,Runner,0.467,0.455,0.166,0.137,0.80
13434,Runner,0.467,0.455,0.099,0.121,0.00
13435,Runner,0.468,0.455,0.115,0.140,0.00
13436,Pursuer,0.467,0.455,0.207,0.133,0.00
13437,Runner,0.468,0.455,0.123,0.150,0.00
13438,Pursuer,0.467,0.455,0.147,0.118,0.00
13439,Runner,0.468,0.455,0.115,0.153,0.06
13440,Pursuer,0.467,0.455,0.136,0.120,0.00
13441,Runner,0.468,0.455,0.134,0.169,0.10
13442,Pursuer,0.467,0.455,0.147,0.136,0.00
13443,Runner,0.468,0.455,0.127,0.156,1.22
13444,Pursuer,0.467,0.455,0.108,0.099,0.00
13445,Runner,0.468,0.455,0.075,0.125,1.00
13446,Runner,0.468,0.455,0.136,0.131,0.00
13447,Pursuer,0.468,0.455,0.086,0.070,0.00
13448,Runner,0.468,0.455,0.131,0.123,0.00
13449,Runner,0.468,0.455,0.118,0.090,0.00
13450,Pursuer,0.468,0.455,0.128,0.124,0.00
13451,Pursuer,0.468,0.455,0.125,0.093,0.00
13452,Pursuer,0.468,0.455,0.137,0.104,0.00
13453,Pursuer,0.467,0.455,0.153,0.112,0.00
13454,Runner,0.468,0.455,0.150,0.165,0.76
13455,Pursuer,0.467,0.455,0.136,0.112,0.00
13456,Runner,0.468,0.455,0.109,0.130,0.00
13457,Runner,0.468,0.455,0.098,0.132,1.08
13458,Pursuer,0.468,0.455,0.126,0.134,0.00
13459,Pursuer,0.467,0.455,0.146,0.119,0.00
13460,Draw,0.467,0.455,0.111,0.149,19.98
13461,Draw,0.467,0.455,0.145,0.147,0.00
13462,Runner,0.467,0.455,0.128,0.138,0.18
13463,Pursuer,0.467,0.455,0.000,0.000,0.00
13464,Runner,0.467,0.455,0.110,0.149,2.16
13465,Runner,0.468,0.455,0.138,0.152,0.00
13466,Runner,0.468,0.455,0.108,0.132,0.02
13467,Runner,0.468,0.455,0.095,0.106,0.00
13468,Pursuer,0.468,0.455,0.128,0.123,0.00
13469,Runner,0.468,0.455,0.138,0.103,0.00
13470,Runner,0.468,0.454,0.096,0.119,0.00
13471,Pursuer,0.468,0.455,0.485,0.554,0.00
13472,Pursuer,0.468,0.455,0.089,0.170,0.00
13473,Runner,0.468,0.455,0.167,0.162,0.00
13474,Pursuer,0.468,0.455,0.147,0.121,0.00
13475,Pursuer,0.468,0.455,0.148,0.134,0.00
13476,Runner,0.468,0.455,0.111,0.131,0.00
13477,Pursuer,0.468,0.455,0.116,0.114,0.00
13478,Pursuer,0.468,0.455,0.119,0.131,0.00
13479,Runner,0.468,0.455,0.127,0.131,0.38
13480,Pursuer,0.468,0.455,0.178,0.108,0.00
13481,Pursuer,0.467,0.455,0.207,0.114,0.00
13482,Runner,0.468,0.455,0.126,0.148,0.00
13483,Runner,0.468,0.455,0.117,0.154,0.00
13484,Pursuer,0.468,0.455,0.134,0.108,0.00
13485,Pursuer,0.467,0.455,0.124,0.115,0.00
13486,Runner,0.468,0.455,0.093,0.129,0.00
13487,Pursuer,0.467,0.455,0.325,0.178,0.00
13488,Runner,0.468,0.455,0.111,0.173,0.92
13489,Runner,0.468,0.455,0.123,0.129,1.96
13490,Runner,0.468,0.455,0.124,0.150,0.00
13491,Draw,0.468,0.455,0.144,0.152,16.36
13492,Pursuer,0.468,0.455,0.000,0.000,0.00
13493,Runner,0.468,0.455,0.098,0.125,1.58
13494,Runner,0.468,0.455,0.098,0.135,0.00
13495,Runner,0.468,0.455,0.094,0.142,0.00
13496,Pursuer,0.468,0.455,0.154,0.107,0.00
13497,Pursuer,0.468,0.455,0.123,0.122,0.00
13498,Runner,0.468,0.455,0.128,0.156,0.00
13499,Pursuer,0.468,0.455,0.131,0.073,0.00
13500,Draw,0.468,0.455,0.137,0.147,16.00
13501,Runner,0.468,0.455,0.093,0.146,2.76
13502,Runner,0.468,0.455,0.138,0.128,0.64
13503,Runner,0.468,0.454,0.095,0.134,2.26
13504,Pursuer,0.468,0.455,0.000,0.000,0.00
13505,Runner,0.468,0.454,0.117,0.139,3.46
13506,Runner,0.468,0.454,0.148,0.136,1.84
13507,Pursuer,0.468,0.455,0.098,0.126,0.00
13508,Runner,0.468,0.454,0.081,0.123,0.00
13509,Runner,0.468,0.454,0.165,0.136,0.00
13510,Pursuer,0.468,0.454,0.141,0.122,0.00
13511,Runner,0.468,0.454,0.092,0.101,0.44
13512,Runner,0.468,0.454,0.132,0.133,0.90
13513,Pursuer,0.468,0.454,0.139,0.107,0.00
13514,Pursuer,0.468,0.454,0.156,0.070,0.00
13515,Pursuer,0.468,0.455,0.139,0.129,0.00
13516,Runner,0.468,0.454,0.153,0.093,0.00
13517,Runner,0.468,0.454,0.130,0.141,2.92
13518,Runner,0.468,0.454,0.126,0.153,1.58
13519,Pursuer,0.468,0.454,0.129,0.113,0.00
13520,Runner,0.468,0.454,0.084,0.122,1.08
13521,Pursuer,0.468,0.454,0.161,0.117,0.00
13522,Runner,0.468,0.454,0.103,0.124,0.48
13523,Pursuer,0.468,0.454,0.137,0.128,0.00
13524,Runner,0.468,0.454,0.102,0.126,2.16
13525,Pursuer,0.468,0.454,0.145,0.077,0.00
13526,Pursuer,0.468,0.455,0.137,0.121,0.00
13527,Runner,0.468,0.454,0.114,0.123,1.86
13528,Pursuer,0.468,0.455,0.127,0.161,0.00
13529,Runner,0.468,0.455,0.122,0.106,1.00
13530,Pursuer,0.468,0.455,0.115,0.093,0.00
13531,Runner,0.468,0.455,0.087,0.117,0.70
13532,Runner,0.468,0.454,0.088,0.137,1.64
13533,Runner,0.468,0.454,0.102,0.124,2.16
13534,Pursuer,0.468,0.454,0.126,0.093,0.00
13535,Runner,0.468,0.454,0.110,0.130,1.28
13536,Runner,0.468,0.454,0.136,0.113,0.00
13537,Pursuer,0.468,0.454,0.150,0.113,0.00
13538,Runner,0.468,0.454,0.150,0.122,4.04
13539,Pursuer,0.468,0.454,0.139,0.125,0.00
13540,Runner,0.468,0.454,0.133,0.173,3.30
13541,Runner,0.468,0.454,0.100,0.114,0.00
13542,Pursuer,0.468,0.454,0.121,0.159,0.00
13543,Pursuer,0.468,0.454,0.160,0.140,0.00
13544,Pursuer,0.468,0.455,0.132,0.126,0.00
13545,Runner,0.468,0.454,0.156,0.109,0.00
13546,Runner,0.468,0.454,0.128,0.116,0.16
13547,Runner,0.468,0.454,0.099,0.136,3.06
13548,Runner,0.468,0.454,0.175,0.164,0.00
13549,Runner,0.468,0.454,0.119,0.122,2.16
13550,Runner,0.468,0.454,0.105,0.140,0.00
13551,Pursuer,0.468,0.454,0.132,0.118,0.00
13552,Runner,0.468,0.454,0.133,0.108,0.00
13553,Pursuer,0.468,0.454,0.170,0.108,0.00
13554,Runner,0.468,0.454,0.076,0.138,4.32
13555,Runner,0.468,0.454,0.112,0.159,1.26
13556,Pursuer,0.468,0.454,0.000,0.000,0.00
13557,Draw,0.468,0.454,0.144,0.159,18.40
13558,Pursuer,0.468,0.454,0.139,0.136,0.00
13559,Runner,0.468,0.454,0.197,0.147,0.62
13560,Runner,0.468,0.454,0.147,0.160,0.96
13561,Pursuer,0.468,0.454,0.114,0.147,0.00
13562,Pursuer,0.468,0.454,0.139,0.094,0.00
13563,Runner,0.468,0.454,0.100,0.129,0.00
13564,Runner,0.468,0.454,0.087,0.153,0.40
13565,Runner,0.468,0.454,0.164,0.121,0.34
13566,Runner,0.468,0.454,0.101,0.125,0.00
13567,Runner,0.468,0.454,0.150,0.125,7.50
13568,Pursuer,0.468,0.454,0.000,0.000,0.00
13569,Runner,0.468,0.454,0.155,0.146,0.52
13570,Runner,0.468,0.454,0.199,0.083,0.16
13571,Pursuer,0.468,0.454,0.172,0.118,0.00
13572,Draw,0.468,0.454,0.146,0.143,18.54
13573,Runner,0.468,0.454,0.000,0.000,0.00
13574,Pursuer,0.468,0.454,0.061,0.032,0.00
13575,Runner,0.468,0.454,0.118,0.119,0.00
13576,Runner,0.468,0.454,0.100,0.146,3.08
13577,Pursuer,0.468,0.454,0.094,0.099,0.00
13578,Pursuer,0.468,0.454,0.093,0.102,0.00
13579,Pursuer,0.468,0.454,0.130,0.145,0.00
13580,Pursuer,0.468,0.454,0.121,0.131,0.00
13581,Runner,0.468,0.454,0.117,0.123,1.42
13582,Draw,0.468,0.454,0.142,0.146,0.00
13583,Pursuer,0.468,0.454,0.124,0.125,0.00
13584,Runner,0.468,0.454,0.122,0.125,0.00
13585,Pursuer,0.468,0.454,0.000,0.000,0.00
13586,Runner,0.468,0.454,0.111,0.131,1.10
13587,Pursuer,0.468,0.454,0.123,0.142,0.00
13588,Pursuer,0.468,0.454,0.123,0.108,0.00
13589,Runner,0.468,0.454,0.129,0.136,0.00
13590,Pursuer,0.468,0.454,0.146,0.127,0.00
13591,Pursuer,0.468,0.454,0.163,0.139,0.00
13592,Runner,0.468,0.454,0.089,0.132,0.22
13593,Pursuer,0.468,0.454,0.124,0.116,0.00
13594,Pursuer,0.468,0.454,0.141,0.101,0.00
13595,Pursuer,0.468,0.454,0.134,0.122,0.00
13596,Runner,0.468,0.454,0.126,0.122,0.00
13597,Pursuer,0.468,0.454,0.132,0.119,0.00
13598,Runner,0.468,0.454,0.112,0.141,2.64
13599,Runner,0.468,0.454,0.120,0.162,3.74
13600,Runner,0.468,0.454,0.156,0.110,0.94
13601,Runner,0.468,0.454,0.102,0.141,1.92
13602,Runner,0.468,0.454,0.099,0.117,2.46
13603,Runner,0.468,0.454,0.117,0.144,2.36
13604,Pursuer,0.468,0.454,0.125,0.112,0.00
13605,Runner,0.468,0.454,0.102,0.169,0.00
13606,Runner,0.468,0.454,0.132,0.161,6.02
13607,Pursuer,0.468,0.454,0.099,0.087,0.00
13608,Runner,0.468,0.454,0.107,0.147,0.00
13609,Pursuer,0.468,0.454,0.175,0.126,0.00
13610,Runner,0.468,0.454,0.147,0.152,0.54
13611,Runner,0.468,0.454,0.032,0.078,0.14
13612,Runner,0.468,0.454,0.113,0.148,0.00
13613,Pursuer,0.468,0.454,0.128,0.125,0.00
13614,Runner,0.468,0.454,0.093,0.180,0.96
13615,Pursuer,0.468,0.454,0.000,0.000,0.00
13616,Pursuer,0.468,0.454,0.139,0.103,0.00
13617,Pursuer,0.468,0.454,0.121,0.111,0.00
13618,Pursuer,0.468,0.454,0.156,0.138,0.00
13619,Pursuer,0.468,0.454,0.138,0.138,0.00
13620,Pursuer,0.468,0.454,0.090,0.121,0.00
13621,Runner,0.468,0.454,0.131,0.090,0.00
13622,Runner,0.468,0.454,0.080,0.146,2.40
13623,Runner,0.468,0.454,0.094,0.129,0.00
13624,Pursuer,0.468,0.454,0.175,0.120,0.00
13625,Runner,0.468,0.454,0.149,0.119,0.00
13626,Pursuer,0.468,0.454,0.099,0.129,0.00
13627,Runner,0.468,0.454,0.111,0.166,1.76
13628,Pursuer,0.468,0.454,0.057,0.081,0.00
13629,Runner,0.468,0.454,0.120,0.126,0.00
13630,Pursuer,0.468,0.454,0.175,0.083,0.00
13631,Pursuer,0.468,0.454,0.121,0.121,0.00
13632,Runner,0.468,0.454,0.119,0.137,0.00
13633,Runner,0.468,0.454,0.122,0.132,1.84
13634,Pursuer,0.468,0.454,0.225,0.145,0.00
13635,Pursuer,0.468,0.454,0.128,0.105,0.00
13636,Pursuer,0.468,0.454,0.143,0.081,0.00
13637,Pursuer,0.468,0.454,0.149,0.111,0.00
13638,Runner,0.468,0.454,0.102,0.120,0.50
13639,Pursuer,0.468,0.455,0.168,0.125,0.00
13640,Runner,0.468,0.454,0.160,0.139,0.40
13641,Runner,0.468,0.454,0.117,0.132,1.20
13642,Runner,0.468,0.454,0.223,0.180,0.00
13643,Pursuer,0.468,0.454,0.145,0.117,0.00
13644,Runner,0.468,0.454,0.130,0.158,4.76
13645,Draw,0.468,0.454,0.137,0.141,17.90
13646,Pursuer,0.468,0.454,0.132,0.093,0.00
13647,Draw,0.468,0.454,0.142,0.138,12.12
13648,Pursuer,0.468,0.454,0.088,0.169,0.00
13649,Pursuer,0.468,0.454,0.125,0.139,0.00
13650,Pursuer,0.468,0.455,0.138,0.116,0.00
13651,Draw,0.468,0.454,0.112,0.137,15.88
13652,Runner,0.468,0.454,0.091,0.115,0.00
13653,Pursuer,0.468,0.454,0.130,0.102,0.00
13654,Runner,0.468,0.454,0.113,0.137,0.44
13655,Runner,0.468,0.454,0.140,0.155,0.54
13656,Pursuer,0.468,0.454,0.156,0.120,0.00
13657,Runner,0.468,0.454,0.098,0.119,2.50
13658,Runner,0.468,0.454,0.126,0.142,1.06
13659,Runner,0.468,0.454,0.099,0.091,0.00
13660,Pursuer,0.468,0.454,0.130,0.130,0.00
13661,Pursuer,0.468,0.454,0.146,0.139,0.00
13662,Runner,0.468,0.454,0.134,0.166,4.46
13663,Pursuer,0.468,0.454,0.040,0.015,0.00
13664,Runner,0.468,0.454,0.161,0.124,0.82
13665,Pursuer,0.468,0.454,0.111,0.091,0.00
13666,Runner,0.468,0.454,0.103,0.162,0.70
13667,Pursuer,0.468,0.454,0.147,0.119,0.00
13668,Runner,0.468,0.454,0.115,0.136,2.02
13669,Runner,0.468,0.454,0.115,0.158,2.30
13670,Runner,0.468,0.454,0.111,0.169,1.74
13671,Runner,0.468,0.454,0.075,0.177,0.06
13672,Pursuer,0.468,0.454,0.139,0.179,0.00
13673,Runner,0.468,0.454,0.125,0.106,0.88
13674,Pursuer,0.468,0.454,0.207,0.119,0.00
13675,Pursuer,0.468,0.454,0.194,0.106,0.00
13676,Runner,0.468,0.454,0.117,0.128,2.34
13677,Runner,0.468,0.454,0.134,0.134,1.78
13678,Pursuer,0.468,0.454,0.105,0.103,0.00
13679,Pursuer,0.468,0.454,0.126,0.162,0.00
13680,Runner,0.468,0.454,0.000,0.000,0.00
13681,Runner,0.468,0.454,0.103,0.138,0.58
13682,Pursuer,0.468,0.454,0.137,0.113,0.00
13683,Pursuer,0.468,0.454,0.120,0.109,0.00
13684,Runner,0.468,0.454,0.102,0.139,0.00
13685,Pursuer,0.468,0.454,0.127,0.114,0.00
13686,Pursuer,0.468,0.454,0.155,0.111,0.00
13687,Pursuer,0.468,0.455,0.133,0.113,0.00
13688,Runner,0.468,0.454,0.094,0.134,0.00
13689,Draw,0.468,0.454,0.139,0.129,0.02
13690,Runner,0.468,0.454,0.112,0.122,1.56
13691,Pursuer,0.468,0.454,0.000,0.000,0.00
13692,Runner,0.468,0.454,0.143,0.124,0.00
13693,Pursuer,0.468,0.454,0.133,0.107,0.00
13694,Runner,0.468,0.454,0.099,0.140,0.00
13695,Pursuer,0.468,0.454,0.145,0.086,0.00
13696,Pursuer,0.468,0.455,0.132,0.094,0.00
13697,Runner,0.468,0.454,0.131,0.122,5.26
13698,Runner,0.468,0.454,0.113,0.131,2.72
13699,Pursuer,0.468,0.454,0.142,0.103,0.00
13700,Pursuer,0.468,0.455,0.138,0.125,0.00
13701,Pursuer,0.468,0.455,0.000,0.000,0.00
13702,Runner,0.468,0.455,0.154,0.131,0.00
13703,Pursuer,0.468,0.455,0.140,0.139,0.00
13704,Runner,0.468,0.455,0.140,0.196,0.00
13705,Pursuer,0.468,0.455,0.144,0.119,0.00
13706,Pursuer,0.468,0.455,0.148,0.122,0.00
13707,Pursuer,0.468,0.455,0.156,0.151,0.00
13708,Pursuer,0.468,0.455,0.125,0.110,0.00
13709,Runner,0.468,0.455,0.000,0.000,0.00
13710,Pursuer,0.468,0.455,0.115,0.116,0.00
13711,Pursuer,0.468,0.455,0.143,0.129,0.00
13712,Runner,0.468,0.455,0.106,0.165,0.78
13713,Runner,0.468,0.455,0.112,0.124,1.48
13714,Pursuer,0.468,0.455,0.148,0.109,0.00
13715,Pursuer,0.468,0.455,0.153,0.200,0.00
13716,Pursuer,0.468,0.455,0.142,0.108,0.00
13717,Pursuer,0.468,0.455,0.121,0.109,0.00
13718,Runner,0.468,0.455,0.113,0.128,0.00
13719,Runner,0.468,0.455,0.147,0.120,0.00
13720,Runner,0.468,0.455,0.121,0.139,0.00
13721,Runner,0.468,0.455,0.114,0.138,2.74
13722,Pursuer,0.468,0.455,0.109,0.092,0.00
13723,Runner,0.468,0.455,0.132,0.141,0.00
13724,Pursuer,0.468,0.455,0.172,0.120,0.00
13725,Pursuer,0.468,0.455,0.123,0.190,0.00
13726,Runner,0.468,0.455,0.205,0.129,0.00
13727,Runner,0.468,0.455,0.112,0.127,0.00
13728,Runner,0.468,0.455,0.112,0.156,3.38
13729,Runner,0.468,0.455,0.133,0.142,0.00
13730,Runner,0.468,0.455,0.128,0.149,0.24
13731,Runner,0.468,0.455,0.112,0.135,4.62
13732,Runner,0.468,0.455,0.099,0.135,0.00
13733,Pursuer,0.468,0.455,0.000,0.000,0.00
13734,Pursuer,0.468,0.455,0.143,0.147,0.00
13735,Runner,0.468,0.455,0.133,0.155,0.00
13736,Runner,0.468,0.455,0.101,0.114,0.00
13737,Runner,0.468,0.455,0.099,0.127,3.22
13738,Pursuer,0.468,0.455,0.000,0.000,0.00
13739,Runner,0.468,0.455,0.140,0.135,2.78
13740,Pursuer,0.468,0.455,0.358,0.327,0.00
13741,Pursuer,0.468,0.455,0.154,0.151,0.00
13742,Pursuer,0.468,0.455,0.103,0.263,0.00
13743,Pursuer,0.468,0.455,0.127,0.117,0.00
13744,Pursuer,0.468,0.455,0.125,0.163,0.00
13745,Pursuer,0.468,0.455,0.013,0.026,0.00
13746,Pursuer,0.468,0.455,0.126,0.093,0.00
13747,Runner,0.468,0.455,0.090,0.152,3.24
13748,Pursuer,0.468,0.455,0.132,0.090,0.00
13749,Pursuer,0.468,0.455,0.150,0.135,0.00
13750,Pursuer,0.468,0.455,0.104,0.088,0.00
13751,Runner,0.468,0.455,0.148,0.092,0.30
13752,Pursuer,0.468,0.455,0.097,0.136,0.00
13753,Pursuer,0.468,0.455,0.120,0.112,0.00
13754,Runner,0.468,0.455,0.115,0.196,0.00
13755,Runner,0.468,0.455,0.103,0.115,0.00
13756,Draw,0.468,0.455,0.104,0.132,19.56
13757,Pursuer,0.468,0.455,0.118,0.085,0.00
13758,Runner,0.468,0.455,0.127,0.146,0.64
13759,Runner,0.468,0.455,0.126,0.113,0.00
13760,Pursuer,0.468,0.455,0.102,0.148,0.00
13761,Runner,0.468,0.455,0.093,0.119,0.42
13762,Pursuer,0.468,0.455,0.144,0.118,0.00
13763,Runner,0.468,0.455,0.128,0.149,2.60
13764,Pursuer,0.468,0.455,0.160,0.119,0.00
13765,Runner,0.468,0.455,0.212,0.136,0.16
13766,Pursuer,0.468,0.455,0.121,0.136,0.00
13767,Pursuer,0.468,0.455,0.144,0.132,0.00
13768,Runner,0.468,0.455,0.170,0.140,0.00
13769,Runner,0.468,0.455,0.101,0.131,1.20
13770,Draw,0.468,0.455,0.120,0.147,18.78
13771,Pursuer,0.468,0.455,0.154,0.092,0.00
13772,Draw,0.468,0.455,0.148,0.140,0.00
13773,Runner,0.468,0.455,0.000,0.000,0.00
13774,Runner,0.468,0.455,0.093,0.136,0.00
13775,Pursuer,0.468,0.455,0.123,0.125,0.00
13776,Runner,0.468,0.455,0.168,0.149,0.00
13777,Pursuer,0.468,0.455,0.141,0.101,0.00
13778,Runner,0.468,0.455,0.153,0.158,0.64
13779,Pursuer,0.468,0.455,0.133,0.129,0.00
13780,Pursuer,0.468,0.455,0.137,0.133,0.00
13781,Runner,0.468,0.455,0.094,0.123,0.00
13782,Runner,0.468,0.455,0.117,0.134,0.00
13783,Pursuer,0.468,0.455,0.157,0.128,0.00
13784,Pursuer,0.468,0.455,0.169,0.126,0.00
13785,Runner,0.468,0.455,0.000,0.000,0.00
13786,Runner,0.468,0.455,0.091,0.126,0.00
13787,Runner,0.468,0.455,0.104,0.128,5.12
13788,Pursuer,0.468,0.455,0.188,0.096,0.00
13789,Pursuer,0.468,0.455,0.137,0.106,0.00
13790,Runner,0.468,0.455,0.113,0.116,0.00
13791,Runner,0.468,0.455,0.133,0.112,0.00
13792,Runner,0.468,0.455,0.086,0.135,1.84
13793,Runner,0.468,0.455,0.131,0.127,0.00
13794,Draw,0.468,0.455,0.121,0.149,16.10
13795,Runner,0.468,0.455,0.100,0.150,0.26
13796,Pursuer,0.468,0.455,0.025,0.064,0.00
13797,Runner,0.468,0.455,0.092,0.159,0.00
13798,Runner,0.468,0.455,0.139,0.154,0.52
13799,Pursuer,0.468,0.455,0.105,0.175,0.00
13800,Runner,0.468,0.455,0.129,0.160,1.90
13801,Pursuer,0.468,0.455,0.147,0.155,0.00
13802,Pursuer,0.468,0.455,0.138,0.110,0.00
13803,Runner,0.468,0.455,0.129,0.139,0.00
13804,Pursuer,0.468,0.455,0.141,0.125,0.00
13805,Pursuer,0.468,0.455,0.133,0.136,0.00
13806,Runner,0.468,0.455,0.091,0.148,2.82
13807,Runner,0.468,0.455,0.102,0.113,0.00
13808,Pursuer,0.468,0.455,0.160,0.201,0.00
13809,Pursuer,0.468,0.455,0.041,0.063,0.00
13810,Pursuer,0.468,0.455,0.129,0.100,0.00
13811,Pursuer,0.468,0.455,0.145,0.093,0.00
13812,Runner,0.468,0.455,0.089,0.099,0.00
13813,Pursuer,0.468,0.455,0.122,0.130,0.00
13814,Pursuer,0.468,0.455,0.156,0.103,0.00
13815,Runner,0.468,0.455,0.162,0.121,0.00
13816,Runner,0.468,0.455,0.119,0.140,0.00
13817,Runner,0.468,0.455,0.221,0.131,0.00
13818,Pursuer,0.468,0.455,0.127,0.089,0.00
13819,Draw,0.468,0.455,0.155,0.139,19.44
13820,Runner,0.468,0.455,0.119,0.126,2.12
13821,Draw,0.468,0.455,0.133,0.128,15.00
13822,Runner,0.468,0.455,0.151,0.109,0.00
13823,Pursuer,0.468,0.455,0.130,0.080,0.00
13824,Runner,0.468,0.455,0.117,0.141,0.76
13825,Runner,0.468,0.455,0.198,0.127,0.00
13826,Runner,0.468,0.455,0.162,0.116,0.00
13827,Runner,0.468,0.455,0.106,0.151,0.00
13828,Draw,0.468,0.455,0.134,0.141,14.00
13829,Runner,0.468,0.455,0.127,0.128,0.00
13830,Runner,0.468,0.455,0.117,0.120,0.00
13831,Draw,0.468,0.454,0.141,0.138,14.60
13832,Runner,0.468,0.454,0.084,0.113,0.72
13833,Runner,0.469,0.454,0.111,0.114,0.00
13834,Runner,0.469,0.454,0.108,0.114,0.00
13835,Draw,0.469,0.454,0.141,0.129,15.48
13836,Runner,0.469,0.454,0.109,0.152,3.66
13837,Runner,0.469,0.454,0.126,0.153,7.52
13838,Runner,0.469,0.454,0.148,0.103,0.00
13839,Runner,0.469,0.454,0.163,0.123,2.16
13840,Pursuer,0.469,0.454,0.113,0.083,0.00
13841,Runner,0.469,0.454,0.146,0.130,3.38
13842,Runner,0.469,0.454,0.111,0.133,3.68
13843,Draw,0.469,0.454,0.147,0.142,16.64
13844,Pursuer,0.469,0.454,0.169,0.138,0.00
13845,Pursuer,0.469,0.454,0.109,0.146,0.00
13846,Runner,0.469,0.454,0.000,0.000,0.02
13847,Runner,0.469,0.454,0.089,0.142,0.84
13848,Runner,0.469,0.454,0.103,0.140,3.24
13849,Pursuer,0.469,0.454,0.119,0.117,0.00
13850,Pursuer,0.469,0.454,0.120,0.130,0.00
13851,Runner,0.469,0.454,0.112,0.122,1.30
13852,Pursuer,0.469,0.454,0.137,0.080,0.00
13853,Pursuer,0.469,0.454,0.212,0.250,0.00
13854,Pursuer,0.469,0.454,0.144,0.131,0.00
13855,Pursuer,0.469,0.454,0.131,0.113,0.00
13856,Pursuer,0.469,0.454,0.068,0.081,0.00
13857,Runner,0.469,0.454,0.142,0.143,1.08
13858,Runner,0.469,0.454,0.088,0.144,0.00
13859,Draw,0.469,0.454,0.106,0.144,14.74
13860,Draw,0.469,0.454,0.104,0.137,16.62
13861,Runner,0.469,0.454,0.127,0.135,1.08
13862,Pursuer,0.469,0.454,0.144,0.069,0.00
13863,Runner,0.469,0.454,0.100,0.143,1.28
13864,Runner,0.469,0.454,0.124,0.115,2.12
13865,Pursuer,0.469,0.454,0.144,0.582,0.00
13866,Runner,0.469,0.454,0.108,0.129,2.66
13867,Runner,0.469,0.454,0.114,0.129,2.78
13868,Runner,0.469,0.454,0.123,0.143,0.22
13869,Pursuer,0.469,0.454,0.136,0.114,0.00
13870,Runner,0.469,0.454,0.140,0.168,0.00
13871,Runner,0.469,0.454,0.150,0.102,0.00
13872,Draw,0.469,0.454,0.136,0.129,1.04
13873,Draw,0.469,0.454,0.151,0.155,18.64
13874,Runner,0.469,0.454,0.126,0.138,2.34
13875,Pursuer,0.469,0.454,0.142,0.091,0.00
13876,Pursuer,0.469,0.454,0.131,0.088,0.00
13877,Draw,0.469,0.454,0.147,0.148,18.08
13878,Draw,0.469,0.454,0.136,0.156,0.00
13879,Pursuer,0.469,0.454,0.123,0.090,0.00
13880,Runner,0.469,0.454,0.082,0.147,0.80
13881,Runner,0.469,0.454,0.127,0.106,0.00
13882,Runner,0.469,0.454,0.116,0.144,0.00
13883,Pursuer,0.469,0.454,0.146,0.109,0.00
13884,Runner,0.469,0.454,0.115,0.119,0.86
13885,Draw,0.469,0.454,0.146,0.161,16.72
13886,Pursuer,0.469,0.454,0.128,0.107,0.00
13887,Runner,0.469,0.454,0.132,0.084,0.00
13888,Pursuer,0.469,0.454,0.107,0.170,0.00
13889,Runner,0.469,0.454,0.154,0.119,0.00
13890,Runner,0.469,0.454,0.099,0.153,4.26
13891,Runner,0.469,0.454,0.172,0.114,0.00
13892,Pursuer,0.469,0.454,0.000,0.000,0.00
13893,Runner,0.469,0.454,0.120,0.162,2.06
13894,Pursuer,0.469,0.454,0.000,0.000,0.00
13895,Pursuer,0.469,0.454,0.143,0.095,0.00
13896,Pursuer,0.469,0.454,0.115,0.080,0.00
13897,Runner,0.469,0.454,0.079,0.137,0.00
13898,Runner,0.469,0.454,0.086,0.126,2.20
13899,Pursuer,0.469,0.454,0.128,0.118,0.00
13900,Runner,0.469,0.454,0.115,0.125,2.68
13901,Runner,0.469,0.454,0.152,0.153,3.02
13902,Pursuer,0.469,0.454,0.154,0.118,0.00
13903,Pursuer,0.469,0.454,0.122,0.098,0.00
13904,Pursuer,0.469,0.454,0.134,0.136,0.00
13905,Runner,0.469,0.454,0.104,0.134,0.38
13906,Draw,0.469,0.454,0.128,0.150,19.06
13907,Runner,0.469,0.454,0.127,0.093,0.00
13908,Pursuer,0.469,0.454,0.094,0.253,0.00
13909,Pursuer,0.469,0.454,0.161,0.105,0.00
13910,Runner,0.469,0.454,0.129,0.120,0.52
13911,Runner,0.469,0.454,0.115,0.118,0.00
13912,Pursuer,0.469,0.454,0.137,0.118,0.00
13913,Runner,0.469,0.454,0.120,0.117,0.00
13914,Runner,0.469,0.454,0.125,0.118,0.28
13915,Pursuer,0.469,0.454,0.109,0.105,0.00
13916,Runner,0.469,0.454,0.113,0.127,0.00
13917,Runner,0.469,0.454,0.115,0.133,1.86
13918,Pursuer,0.469,0.454,0.112,0.130,0.00
13919,Runner,0.469,0.454,0.102,0.127,1.66
13920,Pursuer,0.469,0.454,0.000,0.000,0.00
13921,Runner,0.469,0.454,0.129,0.140,0.00
13922,Runner,0.469,0.454,0.208,0.171,0.18
13923,Pursuer,0.469,0.454,0.127,0.154,0.00
13924,Pursuer,0.469,0.454,0.127,0.135,0.00
13925,Pursuer,0.469,0.454,0.129,0.137,0.00
13926,Pursuer,0.469,0.454,0.094,0.080,0.00
13927,Runner,0.469,0.454,0.000,0.000,0.00
13928,Pursuer,0.469,0.454,0.070,0.192,0.00
13929,Runner,0.469,0.454,0.076,0.158,2.64
13930,Pursuer,0.469,0.454,0.111,0.119,0.00
13931,Runner,0.469,0.454,0.154,0.147,0.00
13932,Pursuer,0.469,0.454,0.116,0.108,0.00
13933,Draw,0.469,0.454,0.143,0.138,16.72
13934,Runner,0.469,0.454,0.131,0.194,0.58
13935,Pursuer,0.469,0.454,0.118,0.133,0.00
13936,Runner,0.469,0.454,0.131,0.132,0.00
13937,Runner,0.469,0.454,0.167,0.195,0.00
13938,Runner,0.469,0.454,0.104,0.116,1.16
13939,Runner,0.469,0.454,0.138,0.120,0.00
13940,Pursuer,0.469,0.454,0.104,0.108,0.00
13941,Pursuer,0.469,0.454,0.130,0.124,0.00
13942,Pursuer,0.469,0.454,0.109,0.074,0.00
13943,Pursuer,0.469,0.454,0.191,0.108,0.00
13944,Pursuer,0.469,0.454,0.125,0.261,0.00
13945,Draw,0.469,0.454,0.141,0.132,15.88
13946,Runner,0.469,0.454,0.109,0.130,1.58
13947,Draw,0.469,0.454,0.137,0.155,18.88
13948,Runner,0.469,0.454,0.096,0.124,0.04
13949,Runner,0.469,0.454,0.090,0.144,2.34
13950,Pursuer,0.469,0.454,0.008,0.112,0.00
13951,Runner,0.469,0.454,0.114,0.149,1.20
13952,Runner,0.469,0.454,0.112,0.143,0.00
13953,Runner,0.469,0.454,0.160,0.152,0.00
13954,Runner,0.469,0.454,0.104,0.128,0.00
13955,Draw,0.469,0.454,0.137,0.142,0.02
13956,Runner,0.469,0.454,0.125,0.121,0.00
13957,Runner,0.469,0.454,0.085,0.139,0.00
13958,Pursuer,0.469,0.454,0.134,0.093,0.00
13959,Pursuer,0.469,0.454,0.138,0.121,0.00
13960,Pursuer,0.469,0.454,0.120,0.122,0.00
13961,Pursuer,0.469,0.454,0.125,0.073,0.00
13962,Runner,0.469,0.454,0.123,0.121,0.00
13963,Pursuer,0.469,0.454,0.122,0.144,0.00
13964,Draw,0.469,0.454,0.152,0.137,16.44
13965,Runner,0.469,0.454,0.096,0.120,0.00
13966,Runner,0.469,0.454,0.154,0.169,0.00
13967,Runner,0.469,0.454,0.107,0.140,0.00
13968,Runner,0.469,0.454,0.093,0.129,0.98
13969,Runner,0.469,0.454,0.140,0.136,0.00
13970,Pursuer,0.469,0.454,0.103,0.102,0.00
13971,Runner,0.469,0.454,0.191,0.221,0.00
13972,Runner,0.469,0.454,0.110,0.125,0.00
13973,Pursuer,0.469,0.454,0.164,0.091,0.00
13974,Runner,0.469,0.454,0.135,0.144,0.00
13975,Pursuer,0.469,0.454,0.132,0.127,0.00
13976,Runner,0.469,0.454,0.124,0.111,0.00
13977,Runner,0.469,0.454,0.137,0.177,0.00
13978,Pursuer,0.469,0.454,0.138,0.138,0.00
13979,Runner,0.469,0.454,0.129,0.080,0.34
13980,Runner,0.469,0.454,0.108,0.133,0.28
13981,Draw,0.469,0.454,0.129,0.142,19.98
13982,Pursuer,0.469,0.454,0.148,0.121,0.00
13983,Runner,0.469,0.454,0.167,0.127,0.70
13984,Runner,0.469,0.454,0.107,0.126,1.66
13985,Runner,0.469,0.454,0.114,0.136,0.00
13986,Runner,0.469,0.454,0.110,0.160,1.98
13987,Runner,0.469,0.453,0.136,0.126,0.26
13988,Runner,0.469,0.453,0.145,0.142,0.00
13989,Runner,0.469,0.453,0.111,0.125,0.00
13990,Pursuer,0.469,0.453,0.135,0.121,0.00
13991,Pursuer,0.469,0.454,0.083,0.096,0.00
13992,Runner,0.469,0.453,0.090,0.133,1.82
13993,Runner,0.469,0.453,0.121,0.123,4.52
13994,Runner,0.469,0.453,0.142,0.136,0.00
13995,Pursuer,0.469,0.453,0.144,0.115,0.00
13996,Runner,0.469,0.453,0.107,0.150,0.00
13997,Runner,0.469,0.453,0.109,0.147,2.82
13998,Runner,0.469,0.453,0.104,0.142,1.50
13999,Pursuer,0.469,0.453,0.153,0.104,0.00
14000,Pursuer,0.469,0.453,0.203,0.156,0.00
14001,Pursuer,0.469,0.453,0.134,0.112,0.00
14002,Pursuer,0.469,0.454,0.152,0.126,0.00
14003,Runner,0.469,0.453,0.153,0.136,0.00
14004,Pursuer,0.469,0.454,0.000,0.000,0.00
14005,Pursuer,0.469,0.454,0.149,0.131,0.00
14006,Runner,0.469,0.454,0.000,0.000,0.02
14007,Runner,0.469,0.453,0.113,0.119,0.66
14008,Runner,0.469,0.453,0.109,0.171,0.00
14009,Runner,0.469,0.453,0.097,0.152,0.00
14010,Runner,0.469,0.453,0.171,0.188,0.54
14011,Runner,0.469,0.453,0.098,0.116,0.00
14012,Pursuer,0.469,0.453,0.134,0.121,0.00
14013,Pursuer,0.469,0.453,0.133,0.164,0.00
14014,Runner,0.469,0.453,0.154,0.138,0.00
14015,Pursuer,0.469,0.453,0.176,0.110,0.00
14016,Runner,0.469,0.453,0.157,0.134,0.46
14017,Pursuer,0.469,0.453,0.142,0.098,0.00
14018,Runner,0.469,0.453,0.000,0.000,0.00
14019,Draw,0.469,0.453,0.134,0.134,17.14
14020,Runner,0.469,0.453,0.166,0.146,0.00
14021,Runner,0.469,0.453,0.108,0.144,0.00
14022,Runner,0.469,0.453,0.138,0.187,0.44
14023,Runner,0.470,0.453,0.135,0.137,0.00
14024,Runner,0.470,0.453,0.125,0.149,2.34
14025,Runner,0.470,0.453,0.143,0.125,0.00
14026,Runner,0.470,0.453,0.102,0.162,0.00
14027,Pursuer,0.470,0.453,0.135,0.104,0.00
14028,Runner,0.470,0.453,0.126,0.106,0.00
14029,Runner,0.470,0.453,0.129,0.137,0.00
14030,Runner,0.470,0.453,0.115,0.135,1.38
14031,Pursuer,0.470,0.453,0.151,0.109,0.00
14032,Runner,0.470,0.453,0.659,0.190,0.02
14033,Pursuer,0.470,0.453,0.122,0.062,0.00
14034,Runner,0.470,0.453,0.119,0.129,5.18
14035,Runner,0.470,0.453,0.164,0.198,0.00
14036,Pursuer,0.470,0.453,0.143,0.135,0.00
14037,Runner,0.470,0.453,0.125,0.152,0.00
14038,Runner,0.470,0.453,0.103,0.141,1.24
14039,Pursuer,0.470,0.453,0.000,0.000,0.00
14040,Runner,0.470,0.453,0.237,0.030,0.08
14041,Pursuer,0.470,0.453,0.126,0.110,0.00
14042,Runner,0.470,0.453,0.108,0.124,2.54
14043,Runner,0.470,0.453,0.118,0.137,0.00
14044,Runner,0.470,0.453,0.129,0.140,1.62
14045,Pursuer,0.470,0.453,0.109,0.091,0.00
14046,Pursuer,0.470,0.453,0.192,0.090,0.00
14047,Pursuer,0.470,0.453,0.125,0.120,0.00
14048,Pursuer,0.470,0.453,0.143,0.108,0.00
14049,Runner,0.470,0.453,0.106,0.130,1.02
14050,Pursuer,0.470,0.453,0.145,0.076,0.00
14051,Pursuer,0.470,0.453,0.093,0.139,0.00
14052,Runner,0.470,0.453,0.114,0.106,0.00
14053,Pursuer,0.470,0.453,0.120,0.116,0.00
14054,Runner,0.470,0.453,0.182,0.083,0.00
14055,Runner,0.470,0.453,0.121,0.097,0.00
14056,Runner,0.470,0.453,0.091,0.155,1.22
14057,Runner,0.470,0.453,0.116,0.100,0.00
14058,Runner,0.470,0.453,0.138,0.119,0.12
14059,Pursuer,0.470,0.453,0.000,0.000,0.00
14060,Pursuer,0.470,0.453,0.153,0.131,0.00
14061,Runner,0.470,0.453,0.139,0.124,0.24
14062,Runner,0.470,0.453,0.097,0.154,0.02
14063,Pursuer,0.470,0.453,0.130,0.106,0.00
14064,Runner,0.470,0.453,0.132,0.150,0.00
14065,Pursuer,0.470,0.453,0.126,0.105,0.00
14066,Runner,0.470,0.453,0.171,0.147,0.00
14067,Pursuer,0.470,0.453,0.157,0.116,0.00
14068,Runner,0.470,0.453,0.145,0.138,0.04
14069,Pursuer,0.470,0.453,0.151,0.102,0.00
14070,Runner,0.470,0.453,0.091,0.147,1.90
14071,Pursuer,0.470,0.453,0.139,0.127,0.00
14072,Pursuer,0.470,0.453,0.129,0.105,0.00
14073,Runner,0.470,0.453,0.115,0.154,1.96
14074,Runner,0.470,0.453,0.093,0.122,3.96
14075,Runner,0.470,0.453,0.126,0.113,0.04
14076,Runner,0.470,0.453,0.113,0.139,2.02
14077,Pursuer,0.470,0.453,0.110,0.134,0.00
14078,Runner,0.470,0.453,0.115,0.156,0.78
14079,Runner,0.470,0.453,0.114,0.135,0.40
14080,Draw,0.470,0.453,0.101,0.146,16.48
14081,Runner,0.470,0.453,0.110,0.146,2.00
14082,Runner,0.470,0.453,0.150,0.155,1.34
14083,Pursuer,0.470,0.453,0.124,0.115,0.00
14084,Runner,0.470,0.453,0.086,0.128,0.00
14085,Pursuer,0.470,0.453,0.000,0.000,0.00
14086,Runner,0.470,0.453,0.130,0.130,0.00
14087,Pursuer,0.470,0.453,0.176,0.098,0.00
14088,Runner,0.470,0.453,0.138,0.095,0.00
14089,Pursuer,0.470,0.453,0.161,0.175,0.00
14090,Pursuer,0.470,0.453,0.147,0.116,0.00
14091,Runner,0.470,0.453,0.108,0.147,1.42
14092,Runner,0.470,0.453,0.092,0.136,1.48
14093,Runner,0.470,0.453,0.155,0.097,0.44
14094,Runner,0.470,0.453,0.130,0.126,0.78
14095,Pursuer,0.470,0.453,0.147,0.113,0.00
14096,Pursuer,0.470,0.453,0.147,0.134,0.00
14097,Pursuer,0.470,0.453,0.143,0.125,0.00
14098,Runner,0.470,0.453,0.148,0.158,0.00
14099,Pursuer,0.470,0.453,0.144,0.128,0.00
14100,Runner,0.470,0.453,0.114,0.164,0.00
14101,Pursuer,0.470,0.453,0.000,0.000,0.00
14102,Pursuer,0.470,0.453,0.100,0.062,0.00
14103,Runner,0.470,0.453,0.114,0.149,2.64
14104,Pursuer,0.470,0.453,0.113,0.128,0.00
14105,Runner,0.470,0.453,0.137,0.109,0.00
14106,Pursuer,0.470,0.453,0.167,0.100,0.00
14107,Runner,0.470,0.453,0.111,0.119,0.00
14108,Runner,0.470,0.453,0.108,0.139,2.02
14109,Runner,0.470,0.453,0.130,0.134,0.02
14110,Runner,0.470,0.453,0.083,0.137,3.06
14111,Pursuer,0.470,0.453,0.113,0.119,0.00
14112,Runner,0.470,0.453,0.115,0.129,0.52
14113,Draw,0.470,0.453,0.142,0.142,19.34
14114,Runner,0.470,0.453,0.106,0.144,0.00
14115,Pursuer,0.470,0.453,0.132,0.103,0.00
14116,Runner,0.470,0.453,0.140,0.226,0.00
14117,Pursuer,0.470,0.453,0.188,0.136,0.00
14118,Pursuer,0.470,0.453,0.140,0.140,0.00
14119,Runner,0.470,0.453,0.130,0.118,0.46
14120,Pursuer,0.470,0.453,0.109,0.111,0.00
14121,Pursuer,0.470,0.453,0.107,0.081,0.00
14122,Runner,0.470,0.453,0.099,0.088,0.00
14123,Pursuer,0.470,0.453,0.059,0.099,0.00
14124,Pursuer,0.470,0.453,0.124,0.096,0.00
14125,Runner,0.470,0.453,0.000,0.000,0.00
14126,Pursuer,0.470,0.453,0.132,0.118,0.00
14127,Runner,0.470,0.453,0.117,0.123,0.00
14128,Pursuer,0.470,0.453,0.145,0.132,0.00
14129,Runner,0.470,0.453,0.099,0.106,0.00
14130,Pursuer,0.470,0.453,0.194,0.240,0.00
14131,Pursuer,0.470,0.453,0.153,0.092,0.00
14132,Pursuer,0.470,0.453,0.132,0.083,0.00
14133,Pursuer,0.470,0.453,0.151,0.112,0.00
14134,Runner,0.470,0.453,0.131,0.087,0.08
14135,Runner,0.470,0.453,0.108,0.142,0.78
14136,Runner,0.470,0.453,0.126,0.114,1.52
14137,Pursuer,0.470,0.453,0.000,0.000,0.00
14138,Pursuer,0.470,0.453,0.106,0.097,0.00
14139,Runner,0.470,0.453,0.088,0.126,0.00
14140,Runner,0.470,0.453,0.086,0.123,0.00
14141,Runner,0.470,0.453,0.130,0.103,0.00
14142,Runner,0.470,0.453,0.112,0.141,2.46
14143,Runner,0.470,0.453,0.137,0.127,1.80
14144,Runner,0.470,0.453,0.109,0.112,0.00
14145,Pursuer,0.470,0.453,0.095,0.100,0.00
14146,Runner,0.470,0.453,0.135,0.132,0.78
14147,Runner,0.470,0.453,0.121,0.125,2.60
14148,Runner,0.470,0.453,0.129,0.117,0.00
14149,Runner,0.470,0.453,0.135,0.128,0.00
14150,Pursuer,0.470,0.453,0.130,0.157,0.00
14151,Runner,0.470,0.453,0.165,0.162,0.00
14152,Pursuer,0.470,0.453,0.140,0.085,0.00
14153,Pursuer,0.470,0.453,0.129,0.125,0.00
14154,Runner,0.470,0.453,0.105,0.158,4.90
14155,Draw,0.470,0.453,0.133,0.142,0.04
14156,Runner,0.470,0.453,0.092,0.152,0.00
14157,Runner,0.470,0.453,0.161,0.135,1.24
14158,Pursuer,0.470,0.453,0.116,0.156,0.00
14159,Pursuer,0.470,0.453,0.136,0.126,0.00
14160,Runner,0.470,0.453,0.115,0.150,0.00
14161,Pursuer,0.470,0.453,0.166,0.116,0.00
14162,Runner,0.470,0.453,0.134,0.156,0.00
14163,Runner,0.470,0.453,0.121,0.129,0.00
14164,Runner,0.470,0.453,0.112,0.118,0.00
14165,Runner,0.471,0.453,0.110,0.117,1.28
14166,Runner,0.471,0.453,0.102,0.136,0.88
14167,Pursuer,0.471,0.453,0.093,0.074,0.00
14168,Runner,0.471,0.453,0.101,0.130,1.82
14169,Runner,0.471,0.453,0.130,0.138,0.00
14170,Runner,0.471,0.453,0.126,0.153,8.04
14171,Runner,0.471,0.453,0.108,0.143,1.58
14172,Runner,0.471,0.453,0.133,0.208,0.08
14173,Runner,0.471,0.453,0.103,0.061,0.00
14174,Pursuer,0.471,0.453,0.000,0.000,0.00
14175,Runner,0.471,0.453,0.117,0.140,5.32
14176,Pursuer,0.471,0.453,0.132,0.125,0.00
14177,Runner,0.471,0.453,0.102,0.149,0.00
14178,Pursuer,0.471,0.453,0.130,0.142,0.00
14179,Runner,0.471,0.453,0.113,0.136,0.00
14180,Pursuer,0.471,0.453,0.162,0.106,0.00
14181,Runner,0.471,0.453,0.108,0.126,0.00
14182,Runner,0.471,0.453,0.118,0.149,2.84
14183,Pursuer,0.471,0.453,0.121,0.088,0.00
14184,Runner,0.471,0.453,0.101,0.109,0.16
14185,Pursuer,0.471,0.453,0.125,0.110,0.00
14186,Runner,0.471,0.453,0.112,0.124,1.08
14187,Pursuer,0.471,0.453,0.111,0.143,0.00
14188,Pursuer,0.471,0.453,0.164,0.135,0.00
14189,Pursuer,0.471,0.453,0.107,0.157,0.00
14190,Runner,0.471,0.453,0.132,0.140,1.54
14191,Draw,0.471,0.453,0.154,0.142,12.32
14192,Runner,0.471,0.453,0.106,0.158,0.00
14193,Runner,0.471,0.453,0.133,0.160,0.00
14194,Pursuer,0.471,0.453,0.124,0.102,0.00
14195,Pursuer,0.471,0.453,0.141,0.127,0.00
14196,Pursuer,0.471,0.453,0.144,0.073,0.00
14197,Runner,0.471,0.453,0.113,0.152,5.54
14198,Pursuer,0.471,0.453,0.043,0.134,0.00
14199,Draw,0.471,0.453,0.148,0.146,0.00
14200,Runner,0.471,0.453,0.209,0.240,0.22
14201,Runner,0.471,0.453,0.146,0.138,0.80
14202,Runner,0.471,0.453,0.135,0.136,0.00
14203,Pursuer,0.471,0.453,0.151,0.143,0.00
14204,Runner,0.471,0.453,0.097,0.137,0.70
14205,Runner,0.471,0.453,0.120,0.121,1.34
14206,Pursuer,0.471,0.453,0.000,0.000,0.00
14207,Runner,0.471,0.453,0.108,0.151,0.00
14208,Runner,0.471,0.453,0.105,0.117,0.00
14209,Pursuer,0.471,0.453,0.153,0.129,0.00
14210,Pursuer,0.471,0.453,0.105,0.181,0.00
14211,Runner,0.471,0.453,0.084,0.130,0.00
14212,Runner,0.471,0.453,0.084,0.108,0.58
14213,Pursuer,0.471,0.453,0.122,0.158,0.00
14214,Runner,0.471,0.453,0.101,0.138,2.32
14215,Pursuer,0.471,0.453,0.143,0.106,0.00
14216,Pursuer,0.471,0.453,0.105,0.127,0.00
14217,Pursuer,0.471,0.453,0.176,0.117,0.00
14218,Pursuer,0.471,0.453,0.154,0.155,0.00
14219,Pursuer,0.471,0.453,0.117,0.104,0.00
14220,Runner,0.471,0.453,0.174,0.102,0.00
14221,Pursuer,0.471,0.453,0.156,0.114,0.00
14222,Pursuer,0.471,0.453,0.128,0.108,0.00
14223,Draw,0.471,0.453,0.150,0.143,18.80
14224,Runner,0.471,0.453,0.097,0.129,0.00
14225,Pursuer,0.471,0.453,0.128,0.089,0.00
14226,Runner,0.471,0.453,0.116,0.173,0.00
14227,Pursuer,0.471,0.453,0.131,0.151,0.00
14228,Runner,0.471,0.453,0.102,0.132,2.04
14229,Pursuer,0.471,0.453,0.000,0.000,0.00
14230,Runner,0.471,0.453,0.082,0.128,0.00
14231,Runner,0.471,0.453,0.088,0.126,1.34
14232,Runner,0.471,0.453,0.108,0.125,0.00
14233,Runner,0.471,0.453,0.112,0.162,0.00
14234,Pursuer,0.471,0.453,0.147,0.129,0.00
14235,Pursuer,0.471,0.453,0.137,0.077,0.00
14236,Runner,0.471,0.453,0.157,0.155,0.00
14237,Pursuer,0.471,0.453,0.181,0.155,0.00
14238,Pursuer,0.471,0.453,0.031,0.021,0.00
14239,Pursuer,0.471,0.453,0.128,0.123,0.00
14240,Pursuer,0.471,0.453,0.127,0.140,0.00
14241,Runner,0.471,0.453,0.128,0.115,2.08
14242,Runner,0.471,0.453,0.115,0.131,0.30
14243,Runner,0.471,0.453,0.137,0.140,0.00
14244,Pursuer,0.471,0.453,0.127,0.085,0.00
14245,Pursuer,0.471,0.453,0.126,0.125,0.00
14246,Draw,0.471,0.453,0.137,0.145,17.42
14247,Runner,0.471,0.453,0.122,0.150,0.00
14248,Runner,0.471,0.453,0.098,0.142,0.02
14249,Pursuer,0.471,0.453,0.129,0.119,0.00
14250,Runner,0.471,0.453,0.157,0.132,6.92
14251,Runner,0.471,0.453,0.131,0.104,0.00
14252,Pursuer,0.471,0.453,0.131,0.111,0.00
14253,Runner,0.471,0.453,0.145,0.155,0.00
14254,Runner,0.471,0.453,0.083,0.112,0.00
14255,Pursuer,0.471,0.453,0.180,0.147,0.00
14256,Draw,0.471,0.453,0.101,0.150,17.68
14257,Runner,0.471,0.453,0.116,0.134,4.36
14258,Runner,0.471,0.453,0.106,0.155,0.00
14259,Runner,0.471,0.453,0.164,0.102,0.00
14260,Pursuer,0.471,0.453,0.135,0.123,0.00
14261,Pursuer,0.471,0.453,0.137,0.148,0.00
14262,Pursuer,0.471,0.453,0.151,0.113,0.00
14263,Pursuer,0.471,0.453,0.000,0.000,0.00
14264,Runner,0.471,0.453,0.079,0.149,2.06
14265,Runner,0.471,0.453,0.091,0.135,2.96
14266,Runner,0.471,0.453,0.089,0.133,4.92
14267,Runner,0.471,0.453,0.129,0.131,0.02
14268,Runner,0.471,0.453,0.155,0.134,0.00
14269,Pursuer,0.471,0.453,0.156,0.113,0.00
14270,Runner,0.471,0.453,0.173,0.142,0.44
14271,Pursuer,0.471,0.453,0.133,0.110,0.00
14272,Runner,0.471,0.453,0.149,0.120,1.32
14273,Pursuer,0.471,0.453,0.172,0.120,0.00
14274,Pursuer,0.471,0.453,0.132,0.133,0.00
14275,Runner,0.471,0.453,0.181,0.095,0.00
14276,Runner,0.471,0.453,0.095,0.134,0.00
14277,Pursuer,0.471,0.453,0.429,0.157,0.00
14278,Runner,0.471,0.453,0.116,0.137,0.00
14279,Runner,0.471,0.453,0.146,0.141,0.00
14280,Runner,0.471,0.453,0.155,0.174,0.00
14281,Runner,0.471,0.453,0.090,0.129,1.08
14282,Runner,0.471,0.453,0.075,0.114,0.00
14283,Runner,0.471,0.452,0.121,0.137,0.36
14284,Draw,0.471,0.452,0.136,0.148,19.72
14285,Draw,0.471,0.452,0.099,0.143,14.14
14286,Runner,0.471,0.452,0.113,0.216,0.02
14287,Runner,0.471,0.452,0.135,0.103,0.00
14288,Runner,0.471,0.452,0.099,0.139,0.00
14289,Runner,0.471,0.452,0.127,0.152,1.24
14290,Runner,0.471,0.452,0.116,0.129,0.00
14291,Pursuer,0.471,0.452,0.154,0.124,0.00
14292,Runner,0.471,0.452,0.094,0.143,0.00
14293,Draw,0.471,0.452,0.148,0.155,17.04
14294,Draw,0.471,0.452,0.134,0.143,15.20
14295,Draw,0.471,0.452,0.139,0.140,17.42
14296,Runner,0.471,0.452,0.139,0.156,1.30
14297,Pursuer,0.471,0.452,0.132,0.188,0.00
14298,Runner,0.471,0.452,0.154,0.153,0.00
14299,Pursuer,0.471,0.452,0.132,0.111,0.00
14300,Runner,0.471,0.452,0.119,0.113,0.00
14301,Runner,0.471,0.452,0.126,0.153,0.00
14302,Pursuer,0.471,0.452,0.121,0.103,0.00
14303,Pursuer,0.471,0.452,0.115,0.123,0.00
14304,Runner,0.471,0.452,0.111,0.140,0.06
14305,Runner,0.471,0.452,0.117,0.137,0.00
14306,Pursuer,0.471,0.452,0.147,0.158,0.00
14307,Pursuer,0.471,0.452,0.117,0.120,0.00
14308,Runner,0.471,0.452,0.134,0.112,1.00
14309,Pursuer,0.471,0.452,0.107,0.100,0.00
14310,Runner,0.471,0.452,0.113,0.135,0.88
14311,Pursuer,0.471,0.452,0.134,0.209,0.00
14312,Runner,0.471,0.452,0.129,0.157,0.00
14313,Runner,0.471,0.452,0.154,0.193,0.58
14314,Runner,0.471,0.452,0.144,0.129,2.06
14315,Runner,0.471,0.452,0.100,0.197,0.00
14316,Pursuer,0.471,0.452,0.114,0.128,0.00
14317,Pursuer,0.471,0.452,0.200,0.107,0.00
14318,Runner,0.471,0.452,0.160,0.152,0.38
14319,Pursuer,0.471,0.452,0.150,0.151,0.00
14320,Pursuer,0.471,0.452,0.074,0.434,0.00
14321,Pursuer,0.471,0.452,0.129,0.134,0.00
14322,Pursuer,0.471,0.452,0.110,0.132,0.00
14323,Runner,0.471,0.452,0.130,0.140,1.66
14324,Runner,0.471,0.452,0.111,0.140,1.78
14325,Runner,0.471,0.452,0.105,0.130,0.00
14326,Runner,0.471,0.452,0.110,0.139,0.00
14327,Runner,0.471,0.452,0.113,0.132,0.00
14328,Runner,0.471,0.452,0.126,0.147,2.20
14329,Pursuer,0.471,0.452,0.149,0.079,0.00
14330,Runner,0.471,0.452,0.122,0.154,0.00
14331,Pursuer,0.471,0.452,0.167,0.087,0.00
14332,Pursuer,0.471,0.452,0.119,0.157,0.00
14333,Runner,0.471,0.452,0.102,0.140,0.14
14334,Runner,0.471,0.452,0.098,0.174,0.38
14335,Runner,0.471,0.452,0.176,0.148,0.00
14336,Pursuer,0.471,0.452,0.155,0.087,0.00
14337,Pursuer,0.471,0.452,0.101,0.075,0.00
14338,Runner,0.471,0.452,0.000,0.000,0.00
14339,Runner,0.471,0.452,0.118,0.141,3.68
14340,Pursuer,0.471,0.452,0.138,0.101,0.00
14341,Runner,0.471,0.452,0.106,0.179,2.40
14342,Pursuer,0.471,0.452,0.160,0.185,0.00
14343,Pursuer,0.471,0.452,0.130,0.133,0.00
14344,Draw,0.471,0.452,0.149,0.135,16.60
14345,Runner,0.471,0.452,0.095,0.132,2.82
14346,Runner,0.471,0.452,0.126,0.114,0.00
14347,Runner,0.471,0.452,0.122,0.150,0.82
14348,Pursuer,0.471,0.452,0.106,0.217,0.00
14349,Runner,0.471,0.452,0.119,0.129,0.08
14350,Runner,0.471,0.452,0.072,0.130,0.20
14351,Runner,0.472,0.452,0.109,0.123,0.06
14352,Pursuer,0.472,0.452,0.142,0.148,0.00
14353,Pursuer,0.471,0.452,0.122,0.118,0.00
14354,Runner,0.472,0.452,0.104,0.127,1.16
14355,Runner,0.472,0.452,0.114,0.111,0.00
14356,Pursuer,0.472,0.452,0.172,0.092,0.00
14357,Runner,0.472,0.452,0.117,0.137,1.06
14358,Pursuer,0.472,0.452,0.138,0.119,0.00
14359,Runner,0.472,0.452,0.110,0.177,0.00
14360,Runner,0.472,0.452,0.091,0.141,4.62
14361,Pursuer,0.472,0.452,0.077,0.129,0.00
14362,Runner,0.472,0.452,0.119,0.131,0.20
14363,Pursuer,0.472,0.452,0.413,0.912,0.00
14364,Runner,0.472,0.452,0.143,0.147,0.00
14365,Pursuer,0.472,0.452,0.000,0.000,0.00
14366,Runner,0.472,0.452,0.123,0.151,5.06
14367,Pursuer,0.472,0.452,0.139,0.108,0.00
14368,Pursuer,0.472,0.452,0.116,0.146,0.00
14369,Pursuer,0.472,0.452,0.134,0.117,0.00
14370,Runner,0.472,0.452,0.099,0.155,1.72
14371,Pursuer,0.472,0.452,0.120,0.159,0.00
14372,Runner,0.472,0.452,0.090,0.122,0.00
14373,Draw,0.472,0.452,0.146,0.147,19.98
14374,Runner,0.472,0.452,0.117,0.142,0.00
14375,Runner,0.472,0.452,0.108,0.135,0.00
14376,Runner,0.472,0.452,0.139,0.084,1.42
14377,Pursuer,0.472,0.452,0.121,0.120,0.00
14378,Pursuer,0.472,0.452,0.188,0.092,0.00
14379,Pursuer,0.472,0.452,0.142,0.093,0.00
14380,Runner,0.472,0.452,0.084,0.125,2.10
14381,Pursuer,0.472,0.452,0.146,0.127,0.00
14382,Pursuer,0.471,0.452,0.149,0.120,0.00
14383,Runner,0.472,0.452,0.111,0.102,0.00
14384,Pursuer,0.471,0.452,0.093,0.103,0.00
14385,Runner,0.472,0.452,0.414,0.181,0.02
14386,Runner,0.472,0.452,0.187,0.100,0.00
14387,Pursuer,0.472,0.452,0.111,0.129,0.00
14388,Pursuer,0.472,0.452,0.147,0.114,0.00
14389,Pursuer,0.471,0.452,0.173,0.123,0.00
14390,Runner,0.472,0.452,0.130,0.130,0.68
14391,Runner,0.472,0.452,0.101,0.146,0.00
14392,Pursuer,0.472,0.452,0.249,0.108,0.00
14393,Runner,0.472,0.452,0.119,0.145,0.00
14394,Runner,0.472,0.452,0.133,0.084,0.52
14395,Pursuer,0.472,0.452,0.081,0.079,0.00
14396,Runner,0.472,0.452,0.090,0.158,0.94
14397,Runner,0.472,0.452,0.093,0.137,0.00
14398,Pursuer,0.472,0.452,0.049,0.270,0.00
14399,Runner,0.472,0.452,0.148,0.192,0.00
14400,Pursuer,0.472,0.452,0.127,0.109,0.00
14401,Runner,0.472,0.452,0.116,0.171,0.00
14402,Pursuer,0.472,0.452,0.076,0.106,0.00
14403,Runner,0.472,0.452,0.149,0.136,2.28
14404,Draw,0.472,0.452,0.127,0.143,18.04
14405,Runner,0.472,0.452,0.109,0.143,0.00
14406,Pursuer,0.472,0.452,0.147,0.129,0.00
14407,Pursuer,0.472,0.452,0.119,0.176,0.00
14408,Runner,0.472,0.452,0.086,0.130,0.72
14409,Runner,0.472,0.452,0.124,0.151,0.00
14410,Pursuer,0.472,0.452,0.143,0.150,0.00
14411,Runner,0.472,0.452,0.094,0.127,0.98
14412,Runner,0.472,0.452,0.133,0.133,0.00
14413,Runner,0.472,0.452,0.124,0.143,0.76
14414,Draw,0.472,0.452,0.149,0.135,16.14
14415,Pursuer,0.472,0.452,0.000,0.000,0.00
14416,Pursuer,0.472,0.452,0.120,0.129,0.00
14417,Runner,0.472,0.452,0.132,0.142,0.00
14418,Pursuer,0.472,0.452,0.139,0.116,0.00
14419,Runner,0.472,0.452,0.177,0.125,0.00
14420,Runner,0.472,0.452,0.108,0.130,0.56
14421,Runner,0.472,0.452,0.126,0.125,2.60
14422,Draw,0.472,0.452,0.148,0.144,19.98
14423,Pursuer,0.472,0.452,0.127,0.128,0.00
14424,Pursuer,0.472,0.452,0.042,0.105,0.00
14425,Pursuer,0.472,0.452,0.105,0.096,0.00
14426,Runner,0.472,0.452,0.115,0.128,0.74
14427,Runner,0.472,0.452,0.125,0.142,4.58
14428,Runner,0.472,0.452,0.134,0.185,0.00
14429,Pursuer,0.472,0.452,0.138,0.096,0.00
14430,Runner,0.472,0.452,0.067,0.116,0.32
14431,Pursuer,0.472,0.452,0.135,0.107,0.00
14432,Runner,0.472,0.452,0.118,0.138,0.00
14433,Pursuer,0.472,0.452,0.125,0.102,0.00
14434,Runner,0.472,0.452,0.097,0.125,1.80
14435,Runner,0.472,0.452,0.122,0.128,0.00
14436,Pursuer,0.472,0.452,0.130,0.100,0.00
14437,Runner,0.472,0.452,0.105,0.131,0.00
14438,Draw,0.472,0.452,0.131,0.131,19.98
14439,Pursuer,0.472,0.452,0.147,0.108,0.00
14440,Runner,0.472,0.452,0.120,0.134,0.00
14441,Pursuer,0.472,0.452,0.127,0.126,0.00
14442,Pursuer,0.472,0.452,0.136,0.117,0.00
14443,Runner,0.472,0.452,0.149,0.192,3.92
14444,Runner,0.472,0.452,0.130,0.120,0.00
14445,Pursuer,0.472,0.452,0.177,0.100,0.00
14446,Pursuer,0.472,0.452,0.140,0.095,0.00
14447,Pursuer,0.472,0.452,0.108,0.126,0.00
14448,Runner,0.472,0.452,0.092,0.159,0.00
14449,Pursuer,0.472,0.452,0.116,0.476,0.00
14450,Draw,0.472,0.452,0.113,0.138,15.30
14451,Runner,0.472,0.452,0.106,0.131,0.84
14452,Pursuer,0.472,0.452,0.161,0.100,0.00
14453,Runner,0.472,0.452,0.095,0.110,0.00
14454,Runner,0.472,0.452,0.106,0.122,0.00
14455,Runner,0.472,0.452,0.104,0.172,1.10
14456,Runner,0.472,0.452,0.083,0.170,1.62
14457,Pursuer,0.472,0.452,0.089,0.110,0.00
14458,Runner,0.472,0.452,0.096,0.130,0.00
14459,Pursuer,0.472,0.452,0.156,0.120,0.00
14460,Pursuer,0.472,0.452,0.107,0.126,0.00
14461,Pursuer,0.472,0.452,0.130,0.115,0.00
14462,Runner,0.472,0.452,0.133,0.128,0.44
14463,Runner,0.472,0.452,0.117,0.123,1.48
14464,Runner,0.472,0.452,0.152,0.155,5.32
14465,Runner,0.472,0.452,0.097,0.127,1.80
14466,Runner,0.472,0.452,0.187,0.118,0.00
14467,Runner,0.472,0.452,0.137,0.113,0.02
14468,Runner,0.472,0.452,0.128,0.124,0.00
14469,Runner,0.472,0.452,0.139,0.150,0.00
14470,Runner,0.472,0.452,0.124,0.125,0.00
14471,Pursuer,0.472,0.452,0.129,0.131,0.00
14472,Pursuer,0.472,0.452,0.147,0.102,0.00
14473,Pursuer,0.472,0.452,0.124,0.159,0.00
14474,Runner,0.472,0.452,0.165,0.180,0.00
14475,Draw,0.472,0.452,0.151,0.142,17.82
14476,Runner,0.472,0.452,0.107,0.140,2.86
14477,Runner,0.472,0.452,0.098,0.137,2.56
14478,Pursuer,0.472,0.452,0.230,0.416,0.00
14479,Runner,0.472,0.452,0.112,0.110,1.54
14480,Pursuer,0.472,0.452,0.141,0.089,0.00
14481,Runner,0.472,0.452,0.095,0.094,0.20
14482,Runner,0.472,0.452,0.103,0.075,0.00
14483,Runner,0.472,0.452,0.120,0.140,1.12
14484,Pursuer,0.472,0.452,0.130,0.127,0.00
14485,Runner,0.472,0.452,0.085,0.134,0.00
14486,Pursuer,0.472,0.452,0.223,0.235,0.00
14487,Runner,0.472,0.452,0.122,0.129,0.48
14488,Pursuer,0.472,0.452,0.087,0.128,0.00
14489,Pursuer,0.472,0.452,0.126,0.082,0.00
14490,Runner,0.472,0.452,0.189,0.202,1.30
14491,Pursuer,0.472,0.452,0.083,0.122,0.00
14492,Runner,0.472,0.452,0.087,0.140,0.00
14493,Pursuer,0.472,0.452,0.151,0.124,0.00
14494,Runner,0.472,0.452,0.000,0.000,0.00
14495,Pursuer,0.472,0.452,0.138,0.129,0.00
14496,Runner,0.472,0.452,0.150,0.112,0.00
14497,Runner,0.472,0.452,0.120,0.130,2.14
14498,Runner,0.472,0.452,0.174,0.154,0.00
14499,Runner,0.472,0.452,0.117,0.110,0.00
14500,Runner,0.472,0.452,0.084,0.135,0.00
14501,Pursuer,0.472,0.452,0.097,0.102,0.00
14502,Runner,0.472,0.452,0.094,0.110,0.44
14503,Runner,0.472,0.452,0.151,0.111,0.00
14504,Runner,0.472,0.452,0.129,0.106,0.70
14505,Pursuer,0.472,0.452,0.163,0.099,0.00
14506,Pursuer,0.472,0.452,0.108,0.114,0.00
14507,Pursuer,0.472,0.452,0.133,0.121,0.00
14508,Runner,0.472,0.452,0.134,0.169,2.04
14509,Runner,0.472,0.452,0.089,0.147,0.00
14510,Runner,0.472,0.452,0.115,0.152,0.00
14511,Pursuer,0.472,0.452,0.158,0.150,0.00
14512,Draw,0.472,0.452,0.146,0.149,19.00
14513,Pursuer,0.472,0.452,0.139,0.156,0.00
14514,Runner,0.472,0.452,0.117,0.144,0.20
14515,Pursuer,0.472,0.452,0.112,0.079,0.00
14516,Pursuer,0.472,0.452,0.125,0.110,0.00
14517,Pursuer,0.472,0.452,0.134,0.093,0.00
14518,Runner,0.472,0.452,0.101,0.154,1.68
14519,Runner,0.472,0.452,0.114,0.151,0.00
14520,Pursuer,0.472,0.452,0.000,0.000,0.00
14521,Runner,0.472,0.452,0.091,0.157,0.00
14522,Runner,0.472,0.452,0.077,0.132,4.02
14523,Runner,0.472,0.452,0.119,0.142,0.28
14524,Runner,0.472,0.452,0.129,0.109,0.00
14525,Runner,0.472,0.452,0.106,0.149,1.70
14526,Pursuer,0.472,0.452,0.041,0.279,0.00
14527,Pursuer,0.472,0.452,0.126,0.120,0.00
14528,Runner,0.472,0.452,0.111,0.142,0.00
14529,Pursuer,0.472,0.452,0.114,0.089,0.00
14530,Runner,0.472,0.452,0.131,0.102,0.00
14531,Runner,0.472,0.452,0.104,0.176,0.70
14532,Pursuer,0.472,0.452,0.120,0.122,0.00
14533,Runner,0.472,0.452,0.110,0.134,1.78
14534,Runner,0.472,0.452,0.101,0.127,0.00
14535,Runner,0.472,0.452,0.097,0.149,1.24
14536,Pursuer,0.472,0.452,0.164,0.073,0.00
14537,Runner,0.472,0.452,0.112,0.130,2.52
14538,Pursuer,0.472,0.452,0.146,0.110,0.00
14539,Runner,0.472,0.452,0.113,0.126,0.02
14540,Pursuer,0.472,0.452,0.130,0.117,0.00
14541,Runner,0.472,0.452,0.100,0.146,0.00
14542,Runner,0.472,0.452,0.104,0.135,0.00
14543,Runner,0.473,0.451,0.079,0.150,2.72
14544,Pursuer,0.472,0.452,0.102,0.163,0.00
14545,Pursuer,0.472,0.452,0.147,0.110,0.00
14546,Runner,0.473,0.452,0.140,0.162,1.48
14547,Runner,0.473,0.452,0.118,0.169,0.62
14548,Runner,0.473,0.451,0.101,0.156,3.00
14549,Pursuer,0.473,0.452,0.118,0.093,0.00
14550,Runner,0.473,0.451,0.100,0.160,0.00
14551,Pursuer,0.473,0.452,0.000,0.000,0.00
14552,Runner,0.473,0.451,0.135,0.139,0.00
14553,Runner,0.473,0.451,0.099,0.146,2.34
14554,Pursuer,0.473,0.451,0.144,0.109,0.00
14555,Runner,0.473,0.451,0.122,0.131,1.28
14556,Runner,0.473,0.451,0.136,0.157,1.34
14557,Runner,0.473,0.451,0.109,0.133,2.16
14558,Pursuer,0.473,0.451,0.165,0.065,0.00
14559,Runner,0.473,0.451,0.000,0.000,0.00
14560,Runner,0.473,0.451,0.112,0.124,0.88
14561,Pursuer,0.473,0.451,0.117,0.118,0.00
14562,Runner,0.473,0.451,0.118,0.137,0.00
14563,Runner,0.473,0.451,0.109,0.142,0.00
14564,Runner,0.473,0.451,0.104,0.146,0.00
14565,Runner,0.473,0.451,0.096,0.137,1.52
14566,Runner,0.473,0.451,0.073,0.160,0.00
14567,Runner,0.473,0.451,0.083,0.133,1.42
14568,Pursuer,0.473,0.451,0.138,0.101,0.00
14569,Runner,0.473,0.451,0.106,0.155,0.32
14570,Pursuer,0.473,0.451,0.168,0.182,0.00
14571,Pursuer,0.473,0.451,0.125,0.138,0.00
14572,Runner,0.473,0.451,0.108,0.139,2.82
14573,Pursuer,0.473,0.451,0.000,0.000,0.00
14574,Draw,0.473,0.451,0.151,0.155,19.72
14575,Runner,0.473,0.451,0.121,0.146,4.12
14576,Pursuer,0.473,0.451,0.139,0.158,0.00
14577,Runner,0.473,0.451,0.087,0.120,0.00
14578,Runner,0.473,0.451,0.111,0.127,1.86
14579,Pursuer,0.473,0.451,0.132,0.132,0.00
14580,Runner,0.473,0.451,0.184,0.123,0.00
14581,Pursuer,0.473,0.451,0.121,0.138,0.00
14582,Pursuer,0.473,0.451,0.131,0.113,0.00
14583,Runner,0.473,0.451,0.097,0.127,0.00
14584,Runner,0.473,0.451,0.118,0.111,1.58
14585,Pursuer,0.473,0.451,0.108,0.092,0.00
14586,Runner,0.473,0.451,0.129,0.157,4.26
14587,Runner,0.473,0.451,0.112,0.158,0.00
14588,Runner,0.473,0.451,0.077,0.134,1.40
14589,Runner,0.473,0.451,0.082,0.161,2.18
14590,Pursuer,0.473,0.451,0.136,0.129,0.00
14591,Runner,0.473,0.451,0.103,0.096,0.00
14592,Runner,0.473,0.451,0.099,0.148,0.00
14593,Pursuer,0.473,0.451,0.173,0.106,0.00
14594,Runner,0.473,0.451,0.131,0.142,1.80
14595,Runner,0.473,0.451,0.160,0.151,0.00
14596,Pursuer,0.473,0.451,0.142,0.100,0.00
14597,Pursuer,0.473,0.451,0.121,0.155,0.00
14598,Pursuer,0.473,0.451,0.146,0.110,0.00
14599,Pursuer,0.473,0.451,0.130,0.101,0.00
14600,Pursuer,0.473,0.451,0.123,0.096,0.00
14601,Runner,0.473,0.451,0.110,0.141,0.54
14602,Runner,0.473,0.451,0.112,0.148,0.68
14603,Runner,0.473,0.451,0.132,0.175,0.00
14604,Runner,0.473,0.451,0.123,0.148,0.00
14605,Pursuer,0.473,0.451,0.106,0.083,0.00
14606,Runner,0.473,0.451,0.092,0.153,1.90
14607,Runner,0.473,0.451,0.083,0.112,2.58
14608,Runner,0.473,0.451,0.080,0.131,2.26
14609,Draw,0.473,0.451,0.149,0.130,15.72
14610,Pursuer,0.473,0.451,0.143,0.080,0.00
14611,Runner,0.473,0.451,0.226,0.204,0.00
14612,Pursuer,0.473,0.451,0.138,0.175,0.00
14613,Runner,0.473,0.451,0.122,0.114,2.72
14614,Pursuer,0.473,0.451,0.000,0.000,0.00
14615,Runner,0.473,0.451,0.142,0.196,0.72
14616,Pursuer,0.473,0.451,0.141,0.097,0.00
14617,Draw,0.473,0.451,0.144,0.163,19.32
14618,Runner,0.473,0.451,0.093,0.161,1.44
14619,Runner,0.473,0.451,0.073,0.163,0.00
14620,Runner,0.473,0.451,0.126,0.115,2.90
14621,Draw,0.473,0.451,0.132,0.150,0.02
14622,Runner,0.473,0.451,0.000,0.000,0.00
14623,Pursuer,0.473,0.451,0.123,0.092,0.00
14624,Runner,0.473,0.451,0.098,0.131,1.60
14625,Pursuer,0.473,0.451,0.133,0.095,0.00
14626,Runner,0.473,0.451,0.087,0.105,0.40
14627,Runner,0.473,0.451,0.037,0.061,0.00
14628,Pursuer,0.473,0.451,0.461,0.798,0.00
14629,Pursuer,0.473,0.451,0.138,0.136,0.00
14630,Runner,0.473,0.451,0.099,0.168,2.18
14631,Draw,0.473,0.451,0.147,0.147,19.98
14632,Runner,0.473,0.451,0.103,0.149,0.00
14633,Runner,0.473,0.451,0.000,0.000,0.00
14634,Runner,0.473,0.451,0.105,0.139,2.58
14635,Runner,0.473,0.451,0.094,0.122,1.34
14636,Pursuer,0.473,0.451,0.146,0.098,0.00
14637,Pursuer,0.473,0.451,0.161,0.103,0.00
14638,Pursuer,0.473,0.451,0.125,0.155,0.00
14639,Runner,0.473,0.451,0.095,0.187,0.00
14640,Draw,0.473,0.451,0.141,0.141,16.76
14641,Pursuer,0.473,0.451,0.147,0.169,0.00
14642,Runner,0.473,0.451,0.116,0.127,0.00
14643,Runner,0.473,0.451,0.090,0.120,0.00
14644,Pursuer,0.473,0.451,0.156,0.108,0.00
14645,Runner,0.473,0.451,0.156,0.151,0.02
14646,Runner,0.473,0.451,0.112,0.124,1.36
14647,Pursuer,0.473,0.451,0.150,0.426,0.00
14648,Runner,0.473,0.451,0.105,0.128,0.78
14649,Pursuer,0.473,0.451,0.134,0.123,0.00
14650,Runner,0.473,0.451,0.112,0.104,0.00
14651,Pursuer,0.473,0.451,0.140,0.101,0.00
14652,Draw,0.473,0.451,0.128,0.146,15.02
14653,Runner,0.473,0.451,0.112,0.134,2.30
14654,Pursuer,0.473,0.451,0.160,0.103,0.00
14655,Runner,0.473,0.451,0.110,0.232,0.00
14656,Runner,0.473,0.451,0.086,0.149,0.78
14657,Runner,0.473,0.451,0.112,0.131,1.14
14658,Pursuer,0.473,0.451,0.156,0.139,0.00
14659,Pursuer,0.473,0.451,0.121,0.091,0.00
14660,Runner,0.473,0.451,0.139,0.132,0.72
14661,Runner,0.473,0.451,0.117,0.134,0.00
14662,Runner,0.473,0.451,0.132,0.153,0.00
14663,Runner,0.473,0.451,0.144,0.126,0.00
14664,Runner,0.473,0.451,0.117,0.124,0.00
14665,Runner,0.474,0.451,0.101,0.146,1.04
14666,Runner,0.474,0.451,0.088,0.118,0.00
14667,Pursuer,0.474,0.451,0.178,0.112,0.00
14668,Pursuer,0.473,0.451,0.136,0.082,0.00
14669,Runner,0.474,0.451,0.113,0.151,0.00
14670,Runner,0.474,0.451,0.105,0.156,3.64
14671,Pursuer,0.474,0.451,0.129,0.108,0.00
14672,Runner,0.474,0.451,0.103,0.144,0.00
14673,Pursuer,0.474,0.451,0.141,0.120,0.00
14674,Runner,0.474,0.451,0.099,0.165,0.00
14675,Runner,0.474,0.451,0.113,0.159,0.74
14676,Runner,0.474,0.451,0.070,0.158,1.98
14677,Runner,0.474,0.451,0.098,0.122,3.14
14678,Pursuer,0.474,0.451,0.151,0.077,0.00
14679,Runner,0.474,0.451,0.092,0.154,1.16
14680,Runner,0.474,0.451,0.110,0.116,1.02
14681,Runner,0.474,0.451,0.085,0.097,0.00
14682,Pursuer,0.474,0.451,0.000,0.000,0.00
14683,Pursuer,0.474,0.451,0.154,0.100,0.00
14684,Runner,0.474,0.451,0.119,0.146,1.14
14685,Pursuer,0.474,0.451,0.162,0.144,0.00
14686,Runner,0.474,0.451,0.020,0.145,0.00
14687,Runner,0.474,0.451,0.110,0.131,0.00
14688,Pursuer,0.474,0.451,0.023,0.055,0.00
14689,Runner,0.474,0.451,0.118,0.172,0.00
14690,Pursuer,0.474,0.451,0.159,0.144,0.00
14691,Runner,0.474,0.451,0.140,0.113,0.24
14692,Pursuer,0.474,0.451,0.126,0.096,0.00
14693,Runner,0.474,0.451,0.098,0.141,1.98
14694,Pursuer,0.474,0.451,0.161,0.127,0.00
14695,Runner,0.474,0.451,0.133,0.151,1.66
14696,Runner,0.474,0.451,0.127,0.098,1.74
14697,Runner,0.474,0.451,0.104,0.128,0.00
14698,Runner,0.474,0.450,0.179,0.198,0.00
14699,Runner,0.474,0.450,0.094,0.123,0.84
14700,Runner,0.474,0.450,0.129,0.106,1.22
14701,Pursuer,0.474,0.450,0.126,0.078,0.00
14702,Runner,0.474,0.450,0.166,0.195,0.70
14703,Runner,0.474,0.450,0.093,0.153,2.74
14704,Runner,0.474,0.450,0.108,0.158,0.00
14705,Runner,0.474,0.450,0.129,0.127,0.76
14706,Pursuer,0.474,0.450,0.135,0.139,0.00
14707,Runner,0.474,0.450,0.104,0.156,4.86
14708,Pursuer,0.474,0.450,0.116,0.095,0.00
14709,Runner,0.474,0.450,0.084,0.122,1.88
14710,Runner,0.474,0.450,0.096,0.154,0.78
14711,Pursuer,0.474,0.450,0.137,0.111,0.00
14712,Runner,0.474,0.450,0.099,0.134,3.12
14713,Runner,0.474,0.450,0.103,0.139,0.00
14714,Pursuer,0.474,0.450,0.181,0.129,0.00
14715,Pursuer,0.474,0.450,0.152,0.122,0.00
14716,Runner,0.474,0.450,0.130,0.126,3.14
14717,Runner,0.474,0.450,0.122,0.138,0.00
14718,Pursuer,0.474,0.450,0.103,0.146,0.00
14719,Runner,0.474,0.450,0.066,0.139,0.00
14720,Pursuer,0.474,0.450,0.000,0.000,0.00
14721,Pursuer,0.474,0.450,0.127,0.118,0.00
14722,Runner,0.474,0.450,0.120,0.146,2.48
14723,Runner,0.474,0.450,0.112,0.148,0.00
14724,Runner,0.474,0.450,0.097,0.134,1.20
14725,Runner,0.474,0.450,0.100,0.151,2.76
14726,Runner,0.474,0.450,0.123,0.145,0.18
14727,Runner,0.474,0.450,0.146,0.156,0.00
14728,Pursuer,0.474,0.450,0.139,0.094,0.00
14729,Pursuer,0.474,0.450,0.108,0.107,0.00
14730,Pursuer,0.474,0.450,0.121,0.087,0.00
14731,Pursuer,0.474,0.450,0.154,0.111,0.00
14732,Runner,0.474,0.450,0.115,0.138,4.56
14733,Runner,0.474,0.450,0.127,0.119,0.56
14734,Runner,0.474,0.450,0.118,0.124,0.00
14735,Runner,0.474,0.450,0.120,0.157,0.00
14736,Runner,0.474,0.450,0.185,0.106,0.00
14737,Draw,0.474,0.450,0.144,0.141,19.44
14738,Runner,0.474,0.450,0.152,0.119,0.00
14739,Runner,0.474,0.450,0.092,0.139,1.20
14740,Draw,0.474,0.450,0.129,0.128,2.30
14741,Pursuer,0.474,0.450,0.117,0.077,0.00
14742,Pursuer,0.474,0.450,0.139,0.097,0.00
14743,Runner,0.474,0.450,0.111,0.115,0.00
14744,Runner,0.474,0.450,0.071,0.143,0.00
14745,Runner,0.474,0.450,0.093,0.115,0.00
14746,Pursuer,0.474,0.450,0.136,0.057,0.00
14747,Pursuer,0.474,0.450,0.167,0.140,0.00
14748,Pursuer,0.474,0.450,0.148,0.108,0.00
14749,Runner,0.474,0.450,0.114,0.133,0.00
14750,Pursuer,0.474,0.450,0.144,0.097,0.00
14751,Runner,0.474,0.450,0.116,0.104,0.00
14752,Runner,0.474,0.450,0.110,0.131,0.00
14753,Pursuer,0.474,0.450,0.149,0.090,0.00
14754,Runner,0.474,0.450,0.114,0.128,0.00
14755,Pursuer,0.474,0.450,0.121,0.115,0.00
14756,Pursuer,0.474,0.450,0.133,0.112,0.00
14757,Pursuer,0.474,0.450,0.111,0.084,0.00
14758,Pursuer,0.474,0.450,0.239,0.119,0.00
14759,Runner,0.474,0.450,0.098,0.148,2.78
14760,Runner,0.474,0.450,0.106,0.134,3.66
14761,Runner,0.474,0.450,0.135,0.120,0.26
14762,Runner,0.474,0.450,0.082,0.131,0.50
14763,Pursuer,0.474,0.450,0.000,0.000,0.00
14764,Runner,0.474,0.450,0.104,0.120,2.54
14765,Pursuer,0.474,0.450,0.129,0.075,0.00
14766,Runner,0.474,0.450,0.094,0.134,0.00
14767,Pursuer,0.474,0.450,0.103,0.100,0.00
14768,Pursuer,0.474,0.450,0.085,0.116,0.00
14769,Pursuer,0.474,0.450,0.121,0.159,0.00
14770,Runner,0.474,0.450,0.121,0.154,0.00
14771,Runner,0.474,0.450,0.120,0.111,0.98
14772,Runner,0.474,0.450,0.109,0.142,3.06
14773,Runner,0.474,0.450,0.130,0.126,0.00
14774,Runner,0.474,0.450,0.117,0.085,0.00
14775,Pursuer,0.474,0.450,0.143,0.137,0.00
14776,Pursuer,0.474,0.450,0.135,0.142,0.00
14777,Runner,0.474,0.450,0.098,0.145,0.00
14778,Runner,0.474,0.450,0.119,0.136,3.26
14779,Pursuer,0.474,0.450,0.140,0.150,0.00
14780,Runner,0.474,0.450,0.095,0.165,0.00
14781,Draw,0.474,0.450,0.149,0.140,15.18
14782,Pursuer,0.474,0.450,0.072,0.133,0.00
14783,Runner,0.474,0.450,0.095,0.125,1.98
14784,Pursuer,0.474,0.450,0.000,0.000,0.00
14785,Runner,0.474,0.450,0.118,0.133,0.00
14786,Runner,0.475,0.450,0.095,0.128,0.00
14787,Pursuer,0.474,0.450,0.122,0.163,0.00
14788,Runner,0.475,0.450,0.145,0.148,0.00
14789,Runner,0.475,0.450,0.110,0.151,0.00
14790,Runner,0.475,0.450,0.140,0.129,0.94
14791,Runner,0.475,0.450,0.164,0.127,0.00
14792,Pursuer,0.475,0.450,0.150,0.061,0.00
14793,Runner,0.475,0.450,0.120,0.144,0.00
14794,Draw,0.475,0.450,0.123,0.135,10.80
14795,Pursuer,0.475,0.450,0.234,0.513,0.00
14796,Pursuer,0.475,0.450,0.127,0.115,0.00
14797,Runner,0.475,0.450,0.109,0.105,0.00
14798,Draw,0.475,0.450,0.156,0.148,18.90
14799,Pursuer,0.474,0.450,0.138,0.082,0.00
14800,Pursuer,0.474,0.450,0.136,0.114,0.00
14801,Runner,0.474,0.450,0.130,0.108,0.00
14802,Pursuer,0.474,0.450,0.000,0.000,0.00
14803,Runner,0.474,0.450,0.097,0.164,4.78
14804,Pursuer,0.474,0.450,0.139,0.135,0.00
14805,Runner,0.475,0.450,0.121,0.126,1.00
14806,Runner,0.475,0.450,0.141,0.143,0.00
14807,Pursuer,0.475,0.450,0.129,0.103,0.00
14808,Runner,0.475,0.450,0.145,0.151,0.00
14809,Runner,0.475,0.450,0.130,0.138,0.00
14810,Runner,0.475,0.450,0.123,0.153,0.00
14811,Runner,0.475,0.450,0.108,0.153,0.00
14812,Draw,0.475,0.450,0.141,0.152,18.54
14813,Draw,0.475,0.450,0.148,0.141,19.06
14814,Runner,0.475,0.450,0.102,0.132,0.96
14815,Pursuer,0.475,0.450,0.042,0.714,0.00
14816,Pursuer,0.475,0.450,0.101,0.102,0.00
14817,Pursuer,0.475,0.450,0.117,0.142,0.00
14818,Pursuer,0.474,0.450,0.171,0.076,0.00
14819,Pursuer,0.474,0.450,0.136,0.110,0.00
14820,Pursuer,0.474,0.450,0.130,0.144,0.00
14821,Runner,0.474,0.450,0.120,0.154,0.00
14822,Runner,0.474,0.450,0.082,0.115,1.86
14823,Runner,0.475,0.450,0.138,0.135,0.00
14824,Draw,0.475,0.450,0.107,0.139,17.40
14825,Runner,0.475,0.450,0.101,0.110,0.68
14826,Runner,0.475,0.450,0.091,0.153,0.00
14827,Pursuer,0.475,0.450,0.154,0.144,0.00
14828,Runner,0.475,0.450,0.092,0.132,0.46
14829,Runner,0.475,0.450,0.131,0.167,0.00
14830,Runner,0.475,0.450,0.105,0.141,0.34
14831,Runner,0.475,0.450,0.099,0.164,0.00
14832,Runner,0.475,0.450,0.182,0.082,0.00
14833,Draw,0.475,0.450,0.138,0.147,19.48
14834,Pursuer,0.475,0.450,0.144,0.117,0.00
14835,Runner,0.475,0.450,0.089,0.133,1.48
14836,Draw,0.475,0.450,0.110,0.128,0.00
14837,Pursuer,0.475,0.450,0.150,0.127,0.00
14838,Runner,0.475,0.450,0.093,0.142,0.70
14839,Runner,0.475,0.450,0.115,0.151,2.88
14840,Runner,0.475,0.450,0.147,0.150,0.32
14841,Pursuer,0.475,0.450,0.136,0.095,0.00
14842,Pursuer,0.475,0.450,0.117,0.112,0.00
14843,Runner,0.475,0.450,0.143,0.099,0.02
14844,Runner,0.475,0.450,0.116,0.104,0.00
14845,Pursuer,0.475,0.450,0.000,0.000,0.00
14846,Pursuer,0.475,0.450,0.144,0.117,0.00
14847,Pursuer,0.475,0.450,0.125,0.088,0.00
14848,Pursuer,0.475,0.450,0.146,0.135,0.00
14849,Pursuer,0.475,0.450,0.144,0.082,0.00
14850,Runner,0.475,0.450,0.131,0.100,0.00
14851,Pursuer,0.475,0.450,0.133,0.117,0.00
14852,Runner,0.475,0.450,0.178,0.171,0.00
14853,Pursuer,0.475,0.450,0.132,0.108,0.00
14854,Runner,0.475,0.450,0.120,0.145,0.00
14855,Pursuer,0.475,0.450,0.093,0.126,0.00
14856,Runner,0.475,0.450,0.114,0.145,0.08
14857,Runner,0.475,0.450,0.089,0.127,0.00
14858,Runner,0.475,0.450,0.117,0.119,3.02
14859,Runner,0.475,0.450,0.113,0.114,3.62
14860,Pursuer,0.475,0.450,0.128,0.103,0.00
14861,Runner,0.475,0.450,0.168,0.180,0.78
14862,Pursuer,0.475,0.450,0.130,0.135,0.00
14863,Runner,0.475,0.450,0.136,0.126,0.00
14864,Runner,0.475,0.450,0.094,0.140,0.00
14865,Runner,0.475,0.450,0.117,0.127,0.00
14866,Runner,0.475,0.450,0.100,0.131,0.00
14867,Pursuer,0.475,0.450,0.122,0.093,0.00
14868,Runner,0.475,0.450,0.112,0.129,1.84
14869,Runner,0.475,0.450,0.090,0.133,0.00
14870,Runner,0.475,0.450,0.241,0.159,0.34
14871,Pursuer,0.475,0.450,0.119,0.131,0.00
14872,Runner,0.475,0.450,0.104,0.190,1.72
14873,Runner,0.475,0.450,0.000,0.000,0.02
14874,Runner,0.475,0.450,0.150,0.157,0.94
14875,Runner,0.475,0.450,0.072,0.109,2.48
14876,Pursuer,0.475,0.450,0.098,0.100,0.00
14877,Runner,0.475,0.450,0.133,0.098,0.00
14878,Runner,0.475,0.450,0.100,0.146,0.00
14879,Pursuer,0.475,0.450,0.123,0.134,0.00
14880,Runner,0.475,0.450,0.089,0.126,2.18
14881,Pursuer,0.475,0.450,0.132,0.150,0.00
14882,Draw,0.475,0.450,0.161,0.142,17.18
14883,Pursuer,0.475,0.450,0.000,0.000,0.00
14884,Pursuer,0.475,0.450,0.135,0.105,0.00
14885,Runner,0.475,0.450,0.118,0.124,0.00
14886,Runner,0.475,0.450,0.109,0.134,1.26
14887,Runner,0.475,0.450,0.142,0.142,0.00
14888,Runner,0.475,0.449,0.076,0.152,0.00
14889,Runner,0.475,0.449,0.107,0.150,1.72
14890,Pursuer,0.475,0.449,0.112,0.086,0.00
14891,Runner,0.475,0.449,0.129,0.155,3.94
14892,Pursuer,0.475,0.450,0.137,0.123,0.00
14893,Runner,0.475,0.449,0.105,0.095,0.00
14894,Runner,0.475,0.449,0.179,0.180,0.00
14895,Pursuer,0.475,0.449,0.171,0.103,0.00
14896,Runner,0.475,0.449,0.867,0.433,0.00
14897,Runner,0.475,0.449,0.090,0.154,0.00
14898,Pursuer,0.475,0.449,0.064,0.388,0.00
14899,Pursuer,0.475,0.449,0.191,0.128,0.00
14900,Runner,0.475,0.449,0.092,0.129,2.06
14901,Runner,0.475,0.449,0.143,0.175,1.00
14902,Runner,0.475,0.449,0.145,0.151,0.00
14903,Pursuer,0.475,0.449,0.091,0.050,0.00
14904,Runner,0.475,0.449,0.135,0.114,2.02
14905,Runner,0.475,0.449,0.132,0.205,0.00
14906,Runner,0.475,0.449,0.112,0.125,0.00
14907,Runner,0.475,0.449,0.107,0.143,0.00
14908,Pursuer,0.475,0.449,0.135,0.132,0.00
14909,Runner,0.475,0.449,0.090,0.170,3.48
14910,Runner,0.475,0.449,0.098,0.146,0.00
14911,Pursuer,0.475,0.449,0.138,0.113,0.00
14912,Draw,0.475,0.449,0.142,0.149,0.00
14913,Runner,0.475,0.449,0.140,0.105,0.00
14914,Runner,0.475,0.449,0.106,0.137,1.06
14915,Pursuer,0.475,0.449,0.153,0.125,0.00
14916,Pursuer,0.475,0.449,0.129,0.097,0.00
14917,Pursuer,0.475,0.449,0.111,0.115,0.00
14918,Runner,0.475,0.449,0.135,0.133,3.12
14919,Runner,0.475,0.449,0.130,0.125,0.00
14920,Runner,0.475,0.449,0.098,0.115,0.00
14921,Runner,0.475,0.449,0.084,0.140,0.00
14922,Runner,0.475,0.449,0.121,0.121,0.30
14923,Pursuer,0.475,0.449,0.130,0.097,0.00
14924,Pursuer,0.475,0.449,0.115,0.126,0.00
14925,Runner,0.475,0.449,0.115,0.124,0.00
14926,Runner,0.475,0.449,0.143,0.145,0.00
14927,Pursuer,0.475,0.449,0.126,0.095,0.00
14928,Pursuer,0.475,0.449,0.132,0.131,0.00
14929,Runner,0.475,0.449,0.128,0.125,0.82
14930,Pursuer,0.475,0.449,0.144,0.086,0.00
14931,Pursuer,0.475,0.449,0.140,0.115,0.00
14932,Pursuer,0.475,0.449,0.154,0.135,0.00
14933,Draw,0.475,0.449,0.148,0.146,17.14
14934,Pursuer,0.475,0.449,0.000,0.000,0.00
14935,Pursuer,0.475,0.449,0.080,0.063,0.00
14936,Pursuer,0.475,0.449,0.185,0.143,0.00
14937,Runner,0.475,0.449,0.126,0.118,1.42
14938,Pursuer,0.475,0.449,0.144,0.146,0.00
14939,Runner,0.475,0.449,0.077,0.119,0.00
14940,Runner,0.475,0.449,0.118,0.132,0.00
14941,Runner,0.475,0.449,0.117,0.112,1.92
14942,Runner,0.475,0.449,0.106,0.157,2.70
14943,Pursuer,0.475,0.449,0.155,0.086,0.00
14944,Runner,0.475,0.449,0.100,0.144,0.00
14945,Pursuer,0.475,0.449,0.136,0.081,0.00
14946,Runner,0.475,0.449,0.108,0.126,0.00
14947,Runner,0.475,0.449,0.087,0.128,0.00
14948,Pursuer,0.475,0.449,0.177,0.088,0.00
14949,Runner,0.475,0.449,0.118,0.132,0.00
14950,Runner,0.475,0.449,0.092,0.120,0.00
14951,Runner,0.475,0.449,0.106,0.155,1.60
14952,Pursuer,0.475,0.449,0.164,0.131,0.00
14953,Pursuer,0.475,0.449,0.131,0.144,0.00
14954,Draw,0.475,0.449,0.151,0.143,16.52
14955,Pursuer,0.475,0.449,0.133,0.098,0.00
14956,Runner,0.475,0.449,0.465,0.223,0.00
14957,Runner,0.475,0.449,0.083,0.129,0.00
14958,Pursuer,0.475,0.449,0.130,0.117,0.00
14959,Runner,0.475,0.449,0.140,0.148,0.72
14960,Pursuer,0.475,0.449,0.131,0.129,0.00
14961,Pursuer,0.475,0.449,0.148,0.135,0.00
14962,Pursuer,0.475,0.449,0.166,0.133,0.00
14963,Pursuer,0.475,0.449,0.140,0.110,0.00
14964,Pursuer,0.475,0.449,0.179,0.070,0.00
14965,Runner,0.475,0.449,0.109,0.155,5.92
14966,Runner,0.475,0.449,0.104,0.108,1.20
14967,Pursuer,0.475,0.449,0.113,0.120,0.00
14968,Runner,0.475,0.449,0.112,0.122,1.12
14969,Pursuer,0.475,0.449,0.157,0.112,0.00
14970,Runner,0.475,0.449,0.082,0.122,0.00
14971,Runner,0.475,0.449,0.099,0.157,0.00
14972,Runner,0.475,0.449,0.097,0.156,1.96
14973,Pursuer,0.475,0.449,0.187,0.165,0.00
14974,Pursuer,0.475,0.449,0.141,0.149,0.00
14975,Draw,0.475,0.449,0.082,0.124,0.00
14976,Runner,0.475,0.449,0.149,0.120,0.00
14977,Runner,0.475,0.449,0.112,0.144,2.56
14978,Pursuer,0.475,0.449,0.130,0.118,0.00
14979,Runner,0.475,0.449,0.000,0.000,0.00
14980,Pursuer,0.475,0.449,0.074,0.096,0.00
14981,Runner,0.475,0.449,0.142,0.142,0.00
14982,Runner,0.475,0.449,0.105,0.124,2.16
14983,Runner,0.475,0.449,0.121,0.126,0.00
14984,Runner,0.476,0.449,0.090,0.132,0.48
14985,Runner,0.476,0.449,0.244,0.134,0.32
14986,Pursuer,0.476,0.449,0.154,0.189,0.00
14987,Pursuer,0.475,0.449,0.151,0.132,0.00
14988,Draw,0.475,0.449,0.111,0.136,0.00
14989,Runner,0.475,0.449,0.118,0.128,0.04
14990,Runner,0.476,0.449,0.102,0.122,0.00
14991,Pursuer,0.475,0.449,0.171,0.228,0.00
14992,Pursuer,0.475,0.449,0.124,0.131,0.00
14993,Runner,0.475,0.449,0.080,0.122,1.00
14994,Pursuer,0.475,0.449,0.157,0.119,0.00
14995,Runner,0.475,0.449,0.096,0.142,0.00
14996,Runner,0.476,0.449,0.100,0.145,0.00
14997,Runner,0.476,0.449,0.102,0.112,2.48
14998,Pursuer,0.476,0.449,0.128,0.128,0.00
14999,Runner,0.476,0.449,0.104,0.111,0.00
15000,Pursuer,0.476,0.449,0.175,0.127,0.00
15001,Runner,0.476,0.449,0.125,0.190,0.00
15002,Pursuer,0.476,0.449,0.140,0.118,0.00
15003,Runner,0.476,0.449,0.131,0.093,0.00
15004,Pursuer,0.476,0.449,0.138,0.130,0.00
15005,Runner,0.476,0.449,0.000,0.000,0.00
15006,Pursuer,0.476,0.449,0.134,0.116,0.00
15007,Runner,0.476,0.449,0.086,0.136,0.04
15008,Runner,0.476,0.449,0.128,0.151,1.34
15009,Pursuer,0.476,0.449,0.134,0.129,0.00
15010,Runner,0.476,0.449,0.102,0.110,0.00
15011,Runner,0.476,0.449,0.103,0.147,2.40
15012,Runner,0.476,0.449,0.180,0.137,0.24
15013,Pursuer,0.476,0.449,0.175,0.202,0.00
15014,Pursuer,0.476,0.449,0.124,0.096,0.00
15015,Pursuer,0.476,0.449,0.120,0.097,0.00
15016,Pursuer,0.476,0.449,0.142,0.114,0.00
15017,Runner,0.476,0.449,0.122,0.140,0.10
15018,Runner,0.476,0.449,0.095,0.121,0.00
15019,Draw,0.476,0.449,0.111,0.155,0.02
15020,Pursuer,0.476,0.449,0.000,0.000,0.00
15021,Draw,0.476,0.449,0.147,0.148,18.78
15022,Runner,0.476,0.449,0.096,0.146,0.52
15023,Runner,0.476,0.449,0.104,0.107,0.20
15024,Runner,0.476,0.449,0.098,0.156,2.66
15025,Pursuer,0.476,0.449,0.136,0.094,0.00
15026,Pursuer,0.476,0.449,0.132,0.110,0.00
15027,Runner,0.476,0.449,0.086,0.135,0.00
15028,Runner,0.476,0.449,0.113,0.161,3.02
15029,Runner,0.476,0.449,0.084,0.148,1.12
15030,Pursuer,0.476,0.449,0.125,0.122,0.00
15031,Runner,0.476,0.449,0.106,0.123,2.62
15032,Pursuer,0.476,0.449,0.105,0.131,0.00
15033,Runner,0.476,0.449,0.108,0.137,1.44
15034,Runner,0.476,0.449,0.142,0.099,0.00
15035,Pursuer,0.476,0.449,0.175,0.105,0.00
15036,Runner,0.476,0.449,0.126,0.133,0.00
15037,Runner,0.476,0.449,0.146,0.115,0.20
15038,Runner,0.476,0.449,0.132,0.164,0.90
15039,Pursuer,0.476,0.449,0.157,0.183,0.00
15040,Runner,0.476,0.449,0.128,0.163,2.00
15041,Runner,0.476,0.449,0.093,0.126,0.00
15042,Runner,0.476,0.449,0.120,0.113,0.00
15043,Pursuer,0.476,0.449,0.129,0.114,0.00
15044,Runner,0.476,0.449,0.105,0.130,0.00
15045,Runner,0.476,0.449,0.115,0.105,0.00
15046,Pursuer,0.476,0.449,0.143,0.095,0.00
15047,Runner,0.476,0.449,0.098,0.131,1.74
15048,Runner,0.476,0.449,0.109,0.153,1.20
15049,Runner,0.476,0.449,0.149,0.081,0.00
15050,Runner,0.476,0.449,0.107,0.152,1.66
15051,Runner,0.476,0.449,0.081,0.190,0.00
15052,Runner,0.476,0.449,0.094,0.150,2.22
15053,Pursuer,0.476,0.449,0.139,0.134,0.00
15054,Runner,0.476,0.449,0.094,0.124,0.00
15055,Pursuer,0.476,0.449,0.095,0.112,0.00
15056,Runner,0.476,0.449,0.098,0.111,1.90
15057,Runner,0.476,0.449,0.118,0.142,5.78
15058,Runner,0.476,0.449,0.117,0.197,0.78
15059,Runner,0.476,0.449,0.078,0.156,0.10
15060,Pursuer,0.476,0.449,0.129,0.136,0.00
15061,Runner,0.476,0.449,0.530,0.516,0.00
15062,Pursuer,0.476,0.449,0.124,0.119,0.00
15063,Runner,0.476,0.449,0.134,0.122,0.00
15064,Runner,0.476,0.449,0.117,0.125,1.16
15065,Runner,0.476,0.449,0.114,0.143,3.26
15066,Pursuer,0.476,0.449,0.129,0.104,0.00
15067,Runner,0.476,0.449,0.100,0.141,0.00
15068,Pursuer,0.476,0.449,0.072,0.144,0.00
15069,Pursuer,0.476,0.449,0.143,0.145,0.00
15070,Runner,0.476,0.449,0.101,0.152,2.44
15071,Pursuer,0.476,0.449,0.139,0.088,0.00
15072,Pursuer,0.476,0.449,0.161,0.089,0.00
15073,Pursuer,0.476,0.449,0.169,0.139,0.00
15074,Runner,0.476,0.449,0.140,0.119,4.78
15075,Pursuer,0.476,0.449,0.144,0.096,0.00
15076,Runner,0.476,0.449,0.129,0.129,0.00
15077,Runner,0.476,0.449,0.095,0.137,0.00
15078,Runner,0.476,0.449,0.101,0.142,0.26
15079,Pursuer,0.476,0.449,0.000,0.000,0.00
15080,Draw,0.476,0.449,0.082,0.134,0.00
15081,Pursuer,0.476,0.449,0.154,0.098,0.00
15082,Runner,0.476,0.449,0.102,0.138,2.00
15083,Runner,0.476,0.449,0.104,0.130,0.00
15084,Runner,0.476,0.449,0.185,0.155,0.00
15085,Runner,0.476,0.449,0.107,0.141,4.02
15086,Runner,0.476,0.449,0.158,0.137,0.48
15087,Runner,0.476,0.449,0.136,0.123,3.28
15088,Pursuer,0.476,0.449,0.193,0.872,0.00
15089,Runner,0.476,0.449,0.000,0.000,0.00
15090,Runner,0.476,0.449,0.107,0.110,0.00
15091,Runner,0.476,0.449,0.106,0.141,1.06
15092,Runner,0.476,0.449,0.103,0.152,0.00
15093,Runner,0.477,0.449,0.105,0.129,0.00
15094,Runner,0.477,0.449,0.114,0.141,0.00
15095,Pursuer,0.477,0.449,0.103,0.160,0.00
15096,Runner,0.477,0.449,0.113,0.147,0.48
15097,Pursuer,0.477,0.449,0.133,0.124,0.00
15098,Pursuer,0.476,0.449,0.140,0.160,0.00
15099,Runner,0.477,0.449,0.176,0.124,0.00
15100,Pursuer,0.476,0.449,0.135,0.134,0.00
15101,Runner,0.477,0.449,0.139,0.106,0.00
15102,Pursuer,0.476,0.449,1.042,0.273,0.00
15103,Draw,0.476,0.449,0.145,0.151,12.46
15104,Pursuer,0.476,0.449,0.155,0.091,0.00
15105,Runner,0.476,0.449,0.102,0.136,4.20
15106,Runner,0.476,0.449,0.094,0.116,0.00
15107,Pursuer,0.476,0.449,0.144,0.086,0.00
15108,Pursuer,0.476,0.449,0.129,0.127,0.00
15109,Runner,0.476,0.449,0.127,0.107,0.64
15110,Pursuer,0.476,0.449,0.114,0.103,0.00
15111,Runner,0.476,0.449,0.103,0.121,0.00
15112,Runner,0.477,0.449,0.095,0.120,0.04
15113,Pursuer,0.476,0.449,0.154,0.076,0.00
15114,Runner,0.477,0.449,0.111,0.133,0.00
15115,Pursuer,0.476,0.449,0.134,0.067,0.00
15116,Pursuer,0.476,0.449,0.155,0.152,0.00
15117,Pursuer,0.476,0.449,0.120,0.120,0.00
15118,Runner,0.476,0.449,0.107,0.133,0.00
15119,Pursuer,0.476,0.449,0.117,0.087,0.00
15120,Runner,0.476,0.449,0.092,0.120,0.10
15121,Pursuer,0.476,0.449,0.094,0.106,0.00
15122,Runner,0.476,0.449,0.122,0.138,3.50
15123,Runner,0.476,0.449,0.093,0.131,1.16
15124,Pursuer,0.476,0.449,0.160,0.138,0.00
15125,Runner,0.476,0.449,0.112,0.125,0.00
15126,Runner,0.477,0.449,0.129,0.132,0.00
15127,Pursuer,0.476,0.449,0.109,0.111,0.00
15128,Draw,0.476,0.449,0.136,0.144,0.00
15129,Runner,0.477,0.449,0.092,0.146,0.00
15130,Pursuer,0.476,0.449,0.117,0.072,0.00
15131,Runner,0.477,0.449,0.096,0.123,1.70
15132,Pursuer,0.476,0.449,0.146,0.143,0.00
15133,Pursuer,0.476,0.449,0.127,0.095,0.00
15134,Pursuer,0.476,0.449,0.155,0.095,0.00
15135,Runner,0.476,0.449,0.108,0.127,1.18
15136,Pursuer,0.476,0.449,0.104,0.099,0.00
15137,Pursuer,0.476,0.449,0.148,0.120,0.00
15138,Runner,0.476,0.449,0.122,0.145,0.76
15139,Pursuer,0.476,0.449,0.165,0.115,0.00
15140,Pursuer,0.476,0.449,0.114,0.094,0.00
15141,Draw,0.476,0.449,0.164,0.139,16.90
15142,Pursuer,0.476,0.449,0.140,0.122,0.00
15143,Runner,0.476,0.449,0.103,0.125,1.12
15144,Runner,0.476,0.449,0.096,0.128,0.00
15145,Runner,0.476,0.449,0.102,0.133,0.00
15146,Draw,0.476,0.449,0.110,0.141,0.00
15147,Runner,0.476,0.449,0.140,0.147,5.22
15148,Pursuer,0.476,0.449,0.144,0.091,0.00
15149,Runner,0.476,0.449,0.096,0.105,0.00
15150,Pursuer,0.476,0.449,0.140,0.128,0.00
15151,Draw,0.476,0.449,0.125,0.148,17.74
15152,Pursuer,0.476,0.449,0.104,0.118,0.00
15153,Pursuer,0.476,0.449,0.151,0.088,0.00
15154,Pursuer,0.476,0.449,0.138,0.149,0.00
15155,Runner,0.476,0.449,0.098,0.131,0.00
15156,Pursuer,0.476,0.449,0.136,0.111,0.00
15157,Runner,0.476,0.449,0.081,0.108,0.00
15158,Pursuer,0.476,0.449,0.185,0.126,0.00
15159,Runner,0.476,0.449,0.142,0.117,0.50
15160,Runner,0.476,0.449,0.123,0.154,0.00
15161,Pursuer,0.476,0.449,0.122,0.104,0.00
15162,Runner,0.476,0.449,0.102,0.100,2.12
15163,Runner,0.476,0.449,0.089,0.125,0.00
15164,Runner,0.476,0.449,0.136,0.181,0.00
15165,Runner,0.476,0.449,0.114,0.118,0.34
15166,Pursuer,0.476,0.449,0.125,0.106,0.00
15167,Pursuer,0.476,0.449,0.187,0.161,0.00
15168,Pursuer,0.476,0.449,0.144,0.111,0.00
15169,Runner,0.476,0.449,0.132,0.140,0.00
15170,Runner,0.476,0.449,0.137,0.152,3.70
15171,Runner,0.476,0.449,0.075,0.152,0.00
15172,Runner,0.476,0.449,0.118,0.218,0.36
15173,Pursuer,0.476,0.449,0.181,0.083,0.00
15174,Runner,0.476,0.449,0.201,0.147,0.00
15175,Pursuer,0.476,0.449,0.114,0.132,0.00
15176,Runner,0.476,0.449,0.115,0.133,0.00
15177,Pursuer,0.476,0.449,0.107,0.071,0.00
15178,Pursuer,0.476,0.449,0.186,0.110,0.00
15179,Runner,0.476,0.449,0.159,0.152,0.00
15180,Pursuer,0.476,0.449,0.000,0.000,0.00
15181,Runner,0.476,0.449,0.845,0.834,0.00
15182,Pursuer,0.476,0.449,0.000,0.000,0.00
15183,Runner,0.476,0.449,0.128,0.145,0.00
15184,Pursuer,0.476,0.449,0.000,0.000,0.00
15185,Pursuer,0.476,0.449,0.162,0.077,0.00
15186,Pursuer,0.476,0.449,0.119,0.117,0.00
15187,Draw,0.476,0.449,0.115,0.140,16.66
15188,Runner,0.476,0.449,0.107,0.141,0.00
15189,Pursuer,0.476,0.449,0.088,0.113,0.00
15190,Runner,0.476,0.449,0.077,0.103,1.82
15191,Runner,0.476,0.449,0.098,0.116,1.10
15192,Runner,0.476,0.449,0.085,0.120,0.98
15193,Runner,0.476,0.449,0.109,0.148,0.00
15194,Pursuer,0.476,0.449,0.120,0.148,0.00
15195,Runner,0.476,0.449,0.117,0.142,0.00
15196,Pursuer,0.476,0.449,0.161,0.108,0.00
15197,Pursuer,0.476,0.449,0.116,0.538,0.00
15198,Pursuer,0.476,0.449,0.155,0.096,0.00
15199,Pursuer,0.476,0.449,0.121,0.158,0.00
15200,Pursuer,0.476,0.449,0.154,0.162,0.00
15201,Runner,0.476,0.449,0.101,0.157,1.10
15202,Runner,0.476,0.449,0.088,0.117,0.00
15203,Pursuer,0.476,0.449,0.000,0.000,0.00
15204,Runner,0.476,0.449,0.130,0.126,0.00
15205,Pursuer,0.476,0.449,0.137,0.102,0.00
15206,Runner,0.476,0.449,0.092,0.152,0.32
15207,Pursuer,0.476,0.449,0.142,0.112,0.00
15208,Runner,0.476,0.449,0.101,0.184,3.28
15209,Runner,0.476,0.449,0.142,0.140,2.44
15210,Runner,0.476,0.449,0.125,0.155,0.00
15211,Runner,0.476,0.449,0.208,0.180,0.00
15212,Pursuer,0.476,0.449,0.155,0.122,0.00
15213,Runner,0.477,0.449,0.081,0.156,0.00
15214,Pursuer,0.476,0.449,0.000,0.000,0.00
15215,Pursuer,0.476,0.449,0.107,0.098,0.00
15216,Pursuer,0.476,0.449,0.127,0.107,0.00
15217,Pursuer,0.476,0.449,0.127,0.099,0.00
15218,Runner,0.476,0.449,0.106,0.132,3.58
15219,Pursuer,0.476,0.449,0.145,0.139,0.00
15220,Runner,0.476,0.449,0.092,0.150,0.00
15221,Pursuer,0.476,0.449,0.157,0.115,0.00
15222,Runner,0.476,0.449,0.094,0.116,0.00
15223,Runner,0.476,0.449,0.080,0.144,0.00
15224,Pursuer,0.476,0.449,0.219,0.187,0.00
15225,Runner,0.476,0.449,0.107,0.109,2.36
15226,Pursuer,0.476,0.449,0.138,0.134,0.00
15227,Runner,0.476,0.449,0.107,0.158,1.06
15228,Pursuer,0.476,0.449,0.089,0.122,0.00
15229,Runner,0.476,0.449,0.120,0.118,0.00
15230,Runner,0.476,0.449,0.087,0.154,1.06
15231,Runner,0.477,0.449,0.112,0.161,0.88
15232,Draw,0.476,0.449,0.134,0.152,19.12
15233,Pursuer,0.476,0.449,0.132,0.115,0.00
15234,Runner,0.476,0.449,0.101,0.156,0.00
15235,Runner,0.477,0.449,0.149,0.136,0.36
15236,Runner,0.477,0.449,0.129,0.111,1.64
15237,Pursuer,0.477,0.449,0.129,0.109,0.00
15238,Pursuer,0.477,0.449,0.180,0.083,0.00
15239,Runner,0.477,0.449,0.100,0.108,0.00
15240,Pursuer,0.477,0.449,0.141,0.115,0.00
15241,Pursuer,0.476,0.449,0.132,0.106,0.00
15242,Runner,0.477,0.449,0.103,0.113,0.00
15243,Runner,0.477,0.449,0.131,0.129,0.58
15244,Runner,0.477,0.449,0.092,0.136,2.96
15245,Pursuer,0.477,0.449,0.000,0.000,0.00
15246,Runner,0.477,0.449,0.114,0.146,1.28
15247,Pursuer,0.477,0.449,0.000,0.000,0.00
15248,Runner,0.477,0.449,0.102,0.129,0.00
15249,Runner,0.477,0.449,0.221,0.176,0.00
15250,Pursuer,0.477,0.449,0.167,0.087,0.00
15251,Pursuer,0.477,0.449,0.123,0.147,0.00
15252,Pursuer,0.477,0.449,0.156,0.126,0.00
15253,Pursuer,0.476,0.449,0.124,0.111,0.00
15254,Runner,0.477,0.449,0.099,0.137,0.00
15255,Runner,0.477,0.449,0.095,0.147,2.78
15256,Runner,0.477,0.449,0.117,0.144,1.96
15257,Runner,0.477,0.449,0.111,0.145,0.00
15258,Draw,0.477,0.449,0.135,0.138,17.20
15259,Runner,0.477,0.449,0.135,0.152,2.66
15260,Runner,0.477,0.449,0.160,0.177,0.00
15261,Runner,0.477,0.449,0.122,0.188,0.00
15262,Runner,0.477,0.449,0.116,0.134,0.14
15263,Pursuer,0.477,0.449,0.131,0.124,0.00
15264,Pursuer,0.477,0.449,0.135,0.117,0.00
15265,Pursuer,0.477,0.449,0.164,0.086,0.00
15266,Runner,0.477,0.449,0.156,0.154,0.00
15267,Pursuer,0.477,0.449,0.096,0.114,0.00
15268,Runner,0.477,0.449,0.108,0.125,0.00
15269,Pursuer,0.477,0.449,0.139,0.135,0.00
15270,Runner,0.477,0.449,0.127,0.137,0.00
15271,Runner,0.477,0.449,0.113,0.162,1.62
15272,Runner,0.477,0.449,0.156,0.137,0.00
15273,Runner,0.477,0.449,0.103,0.139,2.32
15274,Runner,0.477,0.449,0.115,0.112,1.66
15275,Runner,0.477,0.449,0.092,0.126,0.00
15276,Pursuer,0.477,0.449,0.145,0.118,0.00
15277,Pursuer,0.477,0.449,0.111,0.127,0.00
15278,Runner,0.477,0.449,0.512,0.280,0.00
15279,Pursuer,0.477,0.449,0.151,0.130,0.00
15280,Runner,0.477,0.449,0.138,0.139,0.00
15281,Pursuer,0.477,0.449,0.142,0.100,0.00
15282,Pursuer,0.477,0.449,0.147,0.163,0.00
15283,Pursuer,0.477,0.449,0.136,0.140,0.00
15284,Pursuer,0.477,0.449,0.134,0.071,0.00
15285,Runner,0.477,0.449,0.000,0.000,0.00
15286,Runner,0.477,0.449,0.085,0.161,0.00
15287,Runner,0.477,0.449,0.105,0.131,0.00
15288,Pursuer,0.477,0.449,0.142,0.093,0.00
15289,Runner,0.477,0.449,0.088,0.126,0.30
15290,Draw,0.477,0.449,0.142,0.138,17.66
15291,Runner,0.477,0.449,0.129,0.137,1.24
15292,Draw,0.477,0.449,0.147,0.139,10.36
15293,Runner,0.477,0.449,0.092,0.133,0.00
15294,Pursuer,0.477,0.449,0.130,0.158,0.00
15295,Runner,0.477,0.449,0.113,0.125,0.00
15296,Runner,0.477,0.449,0.112,0.165,0.00
15297,Pursuer,0.477,0.449,0.129,0.146,0.00
15298,Runner,0.477,0.449,0.103,0.136,0.00
15299,Pursuer,0.477,0.449,0.140,0.135,0.00
15300,Pursuer,0.477,0.449,0.145,0.103,0.00
15301,Runner,0.477,0.449,0.000,0.000,0.02
15302,Runner,0.477,0.449,0.107,0.156,1.10
15303,Runner,0.477,0.449,0.130,0.083,0.00
15304,Runner,0.477,0.449,0.147,0.150,0.00
15305,Runner,0.477,0.448,0.114,0.163,0.00
15306,Pursuer,0.477,0.449,0.138,0.135,0.00
15307,Runner,0.477,0.448,0.094,0.122,0.62
15308,Pursuer,0.477,0.449,0.245,0.176,0.00
15309,Runner,0.477,0.448,0.110,0.135,2.36
15310,Runner,0.477,0.448,0.117,0.138,3.30
15311,Draw,0.477,0.448,0.134,0.140,19.98
15312,Pursuer,0.477,0.448,0.135,0.141,0.00
15313,Runner,0.477,0.448,0.124,0.173,0.06
15314,Runner,0.477,0.448,0.129,0.123,0.84
15315,Runner,0.477,0.448,0.086,0.159,0.00
15316,Runner,0.477,0.448,0.080,0.130,0.00
15317,Runner,0.477,0.448,0.147,0.128,0.00
15318,Pursuer,0.477,0.448,0.121,0.095,0.00
15319,Runner,0.477,0.448,0.150,0.169,0.00
15320,Pursuer,0.477,0.448,0.142,0.098,0.00
15321,Pursuer,0.477,0.448,0.145,0.115,0.00
15322,Pursuer,0.477,0.448,0.070,0.128,0.00
15323,Draw,0.477,0.448,0.115,0.156,0.02
15324,Pursuer,0.477,0.448,0.120,0.137,0.00
15325,Runner,0.477,0.448,0.101,0.128,0.58
15326,Pursuer,0.477,0.448,0.173,0.116,0.00
15327,Runner,0.477,0.448,0.096,0.152,1.70
15328,Runner,0.477,0.448,0.112,0.132,1.92
15329,Pursuer,0.477,0.448,0.145,0.069,0.00
15330,Runner,0.477,0.448,0.089,0.155,0.00
15331,Runner,0.477,0.448,0.134,0.114,0.46
15332,Runner,0.477,0.448,0.109,0.099,0.00
15333,Runner,0.477,0.448,0.097,0.132,0.28
15334,Runner,0.477,0.448,0.104,0.151,2.86
15335,Runner,0.477,0.448,0.098,0.134,2.42
15336,Runner,0.477,0.448,0.097,0.130,0.00
15337,Runner,0.477,0.448,0.101,0.141,0.00
15338,Runner,0.477,0.448,0.116,0.140,0.00
15339,Runner,0.477,0.448,0.106,0.167,0.84
15340,Runner,0.477,0.448,0.140,0.145,0.00
15341,Pursuer,0.477,0.448,0.139,0.122,0.00
15342,Runner,0.477,0.448,0.184,0.125,0.70
15343,Runner,0.477,0.448,0.101,0.158,0.00
15344,Runner,0.477,0.448,0.095,0.134,2.80
15345,Runner,0.477,0.448,0.104,0.174,0.90
15346,Pursuer,0.477,0.448,0.138,0.094,0.00
15347,Runner,0.477,0.448,0.104,0.132,3.50
15348,Runner,0.478,0.448,0.110,0.112,0.00
15349,Runner,0.478,0.448,0.155,0.113,0.78
15350,Pursuer,0.478,0.448,0.112,0.145,0.00
15351,Runner,0.478,0.448,0.058,0.143,0.18
15352,Runner,0.478,0.448,0.099,0.108,0.26
15353,Pursuer,0.478,0.448,0.574,0.571,0.00
15354,Pursuer,0.478,0.448,0.139,0.069,0.00
15355,Runner,0.478,0.448,0.105,0.134,3.16
15356,Runner,0.478,0.448,0.125,0.164,0.00
15357,Pursuer,0.478,0.448,0.117,0.117,0.00
15358,Runner,0.478,0.448,0.109,0.140,3.80
15359,Runner,0.478,0.448,0.103,0.121,0.00
15360,Runner,0.478,0.448,0.125,0.104,0.00
15361,Runner,0.478,0.448,0.144,0.113,0.00
15362,Runner,0.478,0.448,0.100,0.151,0.00
15363,Pursuer,0.478,0.448,0.000,0.000,0.00
15364,Runner,0.478,0.448,0.142,0.129,0.00
15365,Pursuer,0.478,0.448,0.149,0.100,0.00
15366,Runner,0.478,0.448,0.134,0.116,1.16
15367,Runner,0.478,0.448,0.096,0.130,4.94
15368,Pursuer,0.478,0.448,0.157,0.102,0.00
15369,Runner,0.478,0.448,0.122,0.123,0.00
15370,Pursuer,0.478,0.448,0.144,0.094,0.00
15371,Pursuer,0.478,0.448,0.129,0.118,0.00
15372,Pursuer,0.478,0.448,0.153,0.076,0.00
15373,Runner,0.478,0.448,0.103,0.159,0.00
15374,Runner,0.478,0.448,0.106,0.126,1.34
15375,Runner,0.478,0.448,0.156,0.123,0.00
15376,Pursuer,0.478,0.448,0.112,0.161,0.00
15377,Runner,0.478,0.448,0.097,0.146,1.80
15378,Runner,0.478,0.448,0.138,0.119,1.08
15379,Pursuer,0.478,0.448,0.110,0.095,0.00
15380,Runner,0.478,0.448,0.097,0.144,0.00
15381,Runner,0.478,0.448,0.166,0.129,0.00
15382,Pursuer,0.478,0.448,0.126,0.110,0.00
15383,Draw,0.478,0.448,0.114,0.130,11.74
15384,Pursuer,0.478,0.448,0.140,0.088,0.00
15385,Pursuer,0.478,0.448,0.113,0.107,0.00
15386,Draw,0.478,0.448,0.138,0.147,19.94
15387,Runner,0.478,0.448,0.122,0.137,0.00
15388,Pursuer,0.478,0.448,0.147,0.146,0.00
15389,Runner,0.478,0.448,0.102,0.109,0.00
15390,Pursuer,0.478,0.448,0.135,0.113,0.00
15391,Pursuer,0.478,0.448,0.128,0.105,0.00
15392,Pursuer,0.478,0.448,0.118,0.124,0.00
15393,Pursuer,0.478,0.448,0.137,0.106,0.00
15394,Draw,0.478,0.448,0.146,0.142,15.84
15395,Pursuer,0.478,0.448,0.155,0.130,0.00
15396,Pursuer,0.478,0.448,0.214,0.172,0.00
15397,Pursuer,0.477,0.448,0.139,0.123,0.00
15398,Pursuer,0.477,0.448,0.158,0.118,0.00
15399,Runner,0.477,0.448,0.097,0.163,1.68
15400,Pursuer,0.477,0.448,0.132,0.141,0.00
15401,Runner,0.478,0.448,0.150,0.128,0.00
15402,Runner,0.478,0.448,0.130,0.143,0.80
15403,Runner,0.478,0.448,0.133,0.141,5.36
15404,Pursuer,0.478,0.448,0.157,0.137,0.00
15405,Pursuer,0.478,0.448,0.187,0.158,0.00
15406,Runner,0.478,0.448,0.129,0.141,0.00
15407,Pursuer,0.478,0.448,0.000,0.000,0.00
15408,Pursuer,0.477,0.448,0.148,0.131,0.00
15409,Pursuer,0.477,0.448,0.127,0.139,0.00
15410,Runner,0.477,0.448,0.198,0.128,0.00
15411,Runner,0.478,0.448,0.118,0.195,0.56
15412,Pursuer,0.477,0.448,0.091,0.081,0.00
15413,Runner,0.478,0.448,0.100,0.126,0.00
15414,Draw,0.477,0.448,0.139,0.154,15.26
15415,Pursuer,0.477,0.448,0.000,0.000,0.00
15416,Runner,0.477,0.448,0.125,0.138,0.04
15417,Pursuer,0.477,0.448,0.150,0.210,0.00
15418,Pursuer,0.477,0.448,0.138,0.115,0.00
15419,Runner,0.477,0.448,0.101,0.116,0.00
15420,Runner,0.477,0.448,0.101,0.148,2.10
15421,Runner,0.478,0.448,0.096,0.128,0.00
15422,Runner,0.478,0.448,0.117,0.154,0.00
15423,Draw,0.478,0.448,0.132,0.145,0.00
15424,Pursuer,0.478,0.448,0.000,0.000,0.00
15425,Draw,0.477,0.448,0.135,0.148,16.88
15426,Runner,0.478,0.448,0.100,0.144,0.00
15427,Runner,0.478,0.448,0.092,0.134,1.16
15428,Runner,0.478,0.448,0.100,0.137,0.00
15429,Runner,0.478,0.448,0.082,0.171,0.58
15430,Pursuer,0.478,0.448,0.158,0.159,0.00
15431,Pursuer,0.478,0.448,0.117,0.133,0.00
15432,Runner,0.478,0.448,0.139,0.120,0.00
15433,Pursuer,0.478,0.448,0.144,0.141,0.00
15434,Pursuer,0.478,0.448,0.133,0.104,0.00
15435,Draw,0.477,0.448,0.149,0.142,16.88
15436,Runner,0.478,0.448,0.118,0.179,1.08
15437,Runner,0.478,0.448,0.112,0.132,0.74
15438,Pursuer,0.478,0.448,0.143,0.138,0.00
15439,Runner,0.478,0.448,0.111,0.138,2.20
15440,Runner,0.478,0.448,0.119,0.145,0.00
15441,Runner,0.478,0.448,0.099,0.123,0.00
15442,Runner,0.478,0.448,0.141,0.115,0.00
15443,Runner,0.478,0.448,0.094,0.130,0.92
15444,Runner,0.478,0.448,0.121,0.154,0.90
15445,Runner,0.478,0.448,0.098,0.154,0.00
15446,Runner,0.478,0.448,0.108,0.130,0.00
15447,Pursuer,0.478,0.448,0.153,0.125,0.00
15448,Runner,0.478,0.448,0.112,0.113,0.00
15449,Draw,0.478,0.448,0.140,0.141,19.54
15450,Pursuer,0.478,0.448,0.139,0.128,0.00
15451,Runner,0.478,0.448,0.127,0.159,0.00
15452,Pursuer,0.478,0.448,0.129,0.109,0.00
15453,Runner,0.478,0.448,0.061,0.165,1.00
15454,Runner,0.478,0.448,0.115,0.150,3.14
15455,Runner,0.478,0.448,0.114,0.150,0.00
15456,Pursuer,0.478,0.448,0.115,0.130,0.00
15457,Pursuer,0.478,0.448,0.143,0.131,0.00
15458,Runner,0.478,0.448,0.125,0.143,0.00
15459,Runner,0.478,0.448,0.114,0.118,0.80
15460,Runner,0.478,0.448,0.114,0.153,2.88
15461,Draw,0.478,0.448,0.106,0.155,19.22
15462,Runner,0.478,0.448,0.120,0.131,5.88
15463,Runner,0.478,0.448,0.093,0.181,0.00
15464,Draw,0.478,0.448,0.112,0.135,17.08
15465,Runner,0.478,0.448,0.120,0.109,0.00
15466,Runner,0.478,0.447,0.104,0.134,0.00
15467,Runner,0.478,0.447,0.121,0.153,0.00
15468,Runner,0.478,0.447,0.133,0.114,0.48
15469,Runner,0.478,0.447,0.109,0.158,4.02
15470,Draw,0.478,0.447,0.112,0.149,19.22
15471,Runner,0.478,0.447,0.000,0.000,0.00
15472,Pursuer,0.478,0.447,0.000,0.000,0.00
15473,Runner,0.478,0.447,0.102,0.147,2.46
15474,Runner,0.478,0.447,0.105,0.123,2.16
15475,Draw,0.478,0.447,0.154,0.156,15.44
15476,Draw,0.478,0.447,0.149,0.154,0.00
15477,Pursuer,0.478,0.447,0.151,0.113,0.00
15478,Draw,0.478,0.447,0.141,0.145,18.08
15479,Pursuer,0.478,0.447,0.111,0.110,0.00
15480,Pursuer,0.478,0.447,0.142,0.123,0.00
15481,Pursuer,0.478,0.447,0.065,0.212,0.00
15482,Runner,0.478,0.447,0.102,0.109,0.70
15483,Runner,0.478,0.447,0.093,0.144,2.06
15484,Runner,0.478,0.447,0.103,0.127,2.96
15485,Pursuer,0.478,0.447,0.134,0.125,0.00
15486,Pursuer,0.478,0.447,0.000,0.000,0.00
15487,Runner,0.478,0.447,0.000,0.000,0.00
15488,Pursuer,0.478,0.447,0.145,0.135,0.00
15489,Draw,0.478,0.447,0.115,0.134,17.56
15490,Runner,0.478,0.447,0.000,0.000,0.00
15491,Pursuer,0.478,0.447,0.168,0.119,0.00
15492,Pursuer,0.478,0.447,0.143,0.077,0.00
15493,Runner,0.478,0.447,0.112,0.128,0.00
15494,Runner,0.478,0.447,0.099,0.157,1.08
15495,Pursuer,0.478,0.447,0.155,0.100,0.00
15496,Pursuer,0.478,0.447,0.121,0.115,0.00
15497,Pursuer,0.478,0.447,0.115,0.112,0.00
15498,Runner,0.478,0.447,0.109,0.126,0.00
15499,Runner,0.478,0.447,0.120,0.140,1.10
15500,Runner,0.478,0.447,0.103,0.131,1.96
15501,Runner,0.478,0.447,0.185,0.116,0.00
15502,Pursuer,0.478,0.447,0.103,0.109,0.00
15503,Runner,0.478,0.447,0.086,0.128,0.84
15504,Runner,0.478,0.447,0.105,0.154,0.70
15505,Pursuer,0.478,0.447,0.129,0.105,0.00
15506,Runner,0.478,0.447,0.138,0.124,0.00
15507,Pursuer,0.478,0.447,0.118,0.146,0.00
15508,Runner,0.478,0.447,0.088,0.110,0.00
15509,Pursuer,0.478,0.447,0.150,0.141,0.00
15510,Runner,0.478,0.447,0.118,0.135,1.82
15511,Runner,0.478,0.447,0.086,0.082,0.00
15512,Runner,0.478,0.447,0.100,0.129,0.00
15513,Pursuer,0.478,0.447,0.122,0.170,0.00
15514,Runner,0.478,0.447,0.103,0.131,2.16
15515,Runner,0.478,0.447,0.116,0.156,0.00
15516,Runner,0.478,0.447,0.117,0.133,0.00
15517,Pursuer,0.478,0.447,0.144,0.126,0.00
15518,Runner,0.478,0.447,0.154,0.144,0.00
15519,Runner,0.478,0.447,0.121,0.122,0.00
15520,Runner,0.478,0.447,0.112,0.110,0.00
15521,Runner,0.478,0.447,0.121,0.145,0.76
15522,Runner,0.478,0.447,0.115,0.142,0.00
15523,Runner,0.478,0.447,0.118,0.126,1.88
15524,Runner,0.478,0.447,0.078,0.138,2.04
15525,Pursuer,0.478,0.447,0.145,0.073,0.00
15526,Runner,0.478,0.447,0.113,0.139,0.86
15527,Runner,0.478,0.447,0.153,0.100,0.00
15528,Runner,0.478,0.447,0.126,0.192,0.00
15529,Pursuer,0.478,0.447,0.000,0.000,0.00
15530,Runner,0.478,0.447,0.106,0.149,0.00
15531,Pursuer,0.478,0.447,0.120,0.174,0.00
15532,Runner,0.478,0.447,0.086,0.107,0.00
15533,Runner,0.478,0.447,0.101,0.134,0.00
15534,Runner,0.478,0.447,0.122,0.167,0.00
15535,Runner,0.479,0.447,0.119,0.195,2.22
15536,Runner,0.479,0.447,0.107,0.128,0.00
15537,Pursuer,0.479,0.447,0.144,0.122,0.00
15538,Pursuer,0.479,0.447,0.126,0.141,0.00
15539,Runner,0.479,0.447,0.099,0.125,0.00
15540,Runner,0.479,0.447,0.115,0.137,0.50
15541,Runner,0.479,0.447,0.095,0.152,0.26
15542,Runner,0.479,0.447,0.092,0.145,3.68
15543,Runner,0.479,0.447,0.157,0.130,0.00
15544,Runner,0.479,0.447,0.135,0.126,0.92
15545,Runner,0.479,0.447,0.101,0.188,0.00
15546,Runner,0.479,0.447,0.104,0.137,3.70
15547,Runner,0.479,0.447,0.108,0.116,1.96
15548,Draw,0.479,0.447,0.130,0.136,17.62
15549,Runner,0.479,0.447,0.104,0.106,0.22
15550,Runner,0.479,0.447,0.088,0.107,0.18
15551,Runner,0.479,0.447,0.127,0.128,1.72
15552,Runner,0.479,0.447,0.113,0.128,3.52
15553,Runner,0.479,0.447,0.244,0.120,1.00
15554,Pursuer,0.479,0.447,0.578,1.891,0.00
15555,Runner,0.479,0.447,0.144,0.112,0.00
15556,Runner,0.479,0.447,0.106,0.178,0.00
15557,Runner,0.479,0.446,0.123,0.125,0.98
15558,Runner,0.479,0.446,0.081,0.128,0.30
15559,Runner,0.479,0.446,0.108,0.155,0.00
15560,Pursuer,0.479,0.446,0.147,0.146,0.00
15561,Runner,0.479,0.446,0.129,0.128,4.66
15562,Runner,0.479,0.446,0.103,0.166,0.00
15563,Runner,0.479,0.446,0.104,0.118,0.00
15564,Runner,0.479,0.446,0.099,0.167,0.00
15565,Draw,0.479,0.446,0.143,0.157,19.14
15566,Pursuer,0.479,0.446,0.141,0.101,0.00
15567,Pursuer,0.479,0.446,0.136,0.097,0.00
15568,Runner,0.479,0.446,0.139,0.128,0.00
15569,Runner,0.479,0.446,0.145,0.136,0.02
15570,Runner,0.479,0.446,0.109,0.143,0.00
15571,Runner,0.479,0.446,0.106,0.128,0.92
15572,Pursuer,0.479,0.446,0.122,0.095,0.00
15573,Pursuer,0.479,0.446,0.117,0.199,0.00
15574,Pursuer,0.479,0.446,0.139,0.125,0.00
15575,Pursuer,0.479,0.446,0.151,0.160,0.00
15576,Runner,0.479,0.446,0.117,0.135,0.00
15577,Runner,0.479,0.446,0.119,0.146,0.00
15578,Runner,0.479,0.446,0.099,0.146,0.00
15579,Runner,0.479,0.446,0.118,0.087,0.00
15580,Runner,0.479,0.446,0.137,0.107,0.00
15581,Runner,0.479,0.446,0.117,0.140,2.58
15582,Runner,0.479,0.446,0.113,0.119,0.00
15583,Pursuer,0.479,0.446,0.132,0.093,0.00
15584,Runner,0.479,0.446,0.121,0.155,0.90
15585,Draw,0.479,0.446,0.145,0.152,17.30
15586,Runner,0.479,0.446,0.102,0.115,0.00
15587,Pursuer,0.479,0.446,0.127,0.095,0.00
15588,Runner,0.479,0.446,0.122,0.130,0.92
15589,Runner,0.479,0.446,0.113,0.113,0.00
15590,Pursuer,0.479,0.446,0.143,0.116,0.00
15591,Runner,0.479,0.446,0.082,0.157,2.82
15592,Pursuer,0.479,0.446,0.162,0.139,0.00
15593,Pursuer,0.479,0.446,0.173,0.149,0.00
15594,Pursuer,0.479,0.446,0.161,0.109,0.00
15595,Pursuer,0.479,0.446,0.128,0.152,0.00
15596,Pursuer,0.479,0.446,0.084,0.110,0.00
15597,Runner,0.479,0.446,0.100,0.141,0.00
15598,Runner,0.479,0.446,0.121,0.144,0.00
15599,Runner,0.479,0.446,0.113,0.147,1.70
15600,Runner,0.479,0.446,0.126,0.158,0.00
15601,Runner,0.479,0.446,0.094,0.119,3.22
15602,Runner,0.479,0.446,0.098,0.136,1.78
15603,Pursuer,0.479,0.446,0.140,0.101,0.00
15604,Runner,0.479,0.446,0.165,0.116,0.00
15605,Pursuer,0.479,0.446,0.167,0.107,0.00
15606,Runner,0.479,0.446,0.124,0.084,0.62
15607,Runner,0.479,0.446,0.104,0.149,1.04
15608,Runner,0.479,0.446,0.124,0.101,1.42
15609,Pursuer,0.479,0.446,0.175,0.116,0.00
15610,Runner,0.480,0.446,0.125,0.120,0.00
15611,Pursuer,0.479,0.446,0.176,0.118,0.00
15612,Runner,0.480,0.446,0.125,0.163,0.58
15613,Draw,0.479,0.446,0.149,0.152,17.70
15614,Pursuer,0.479,0.446,0.144,0.119,0.00
15615,Runner,0.479,0.446,0.124,0.124,0.70
15616,Pursuer,0.479,0.446,0.127,0.087,0.00
15617,Pursuer,0.479,0.446,0.112,0.119,0.00
15618,Pursuer,0.479,0.446,0.130,0.087,0.00
15619,Pursuer,0.479,0.446,0.208,0.090,0.00
15620,Runner,0.479,0.446,0.123,0.116,0.34
15621,Runner,0.479,0.446,0.133,0.108,0.00
15622,Runner,0.479,0.446,0.103,0.197,0.74
15623,Pursuer,0.479,0.446,0.117,0.098,0.00
15624,Runner,0.479,0.446,0.103,0.133,5.74
15625,Pursuer,0.479,0.446,0.114,0.080,0.00
15626,Runner,0.479,0.446,0.093,0.121,0.00
15627,Runner,0.479,0.446,0.162,0.127,0.00
15628,Pursuer,0.479,0.446,0.148,0.169,0.00
15629,Runner,0.479,0.446,0.000,0.000,0.00
15630,Runner,0.480,0.446,0.090,0.160,2.08
15631,Runner,0.480,0.446,0.158,0.122,0.66
15632,Pursuer,0.480,0.446,0.121,0.130,0.00
15633,Runner,0.480,0.446,0.114,0.130,0.00
15634,Pursuer,0.480,0.446,0.118,0.127,0.00
15635,Runner,0.480,0.446,0.083,0.114,1.80
15636,Runner,0.480,0.446,0.110,0.109,0.00
15637,Pursuer,0.480,0.446,0.121,0.171,0.00
15638,Pursuer,0.480,0.446,0.125,0.112,0.00
15639,Pursuer,0.480,0.446,0.140,0.153,0.00
15640,Runner,0.480,0.446,0.145,0.156,0.00
15641,Runner,0.480,0.446,0.118,0.150,2.36
15642,Runner,0.480,0.446,0.150,0.139,0.00
15643,Runner,0.480,0.446,0.087,0.122,1.70
15644,Runner,0.480,0.446,0.105,0.180,1.96
15645,Runner,0.480,0.446,0.109,0.134,0.00
15646,Draw,0.480,0.446,0.135,0.159,0.02
15647,Pursuer,0.480,0.446,0.119,0.114,0.00
15648,Pursuer,0.480,0.446,0.162,0.103,0.00
15649,Pursuer,0.480,0.446,0.134,0.109,0.00
15650,Pursuer,0.480,0.446,0.139,0.103,0.00
15651,Pursuer,0.480,0.446,0.152,0.094,0.00
15652,Runner,0.480,0.446,0.091,0.136,0.00
15653,Pursuer,0.480,0.446,0.131,0.125,0.00
15654,Runner,0.480,0.446,0.139,0.100,0.00
15655,Runner,0.480,0.446,0.092,0.144,0.00
15656,Pursuer,0.480,0.446,0.133,0.116,0.00
15657,Runner,0.480,0.446,0.122,0.121,0.00
15658,Runner,0.480,0.446,0.089,0.127,0.32
15659,Pursuer,0.480,0.446,0.164,0.130,0.00
15660,Runner,0.480,0.446,0.110,0.103,0.00
15661,Pursuer,0.480,0.446,0.122,0.128,0.00
15662,Runner,0.480,0.446,0.112,0.160,2.56
15663,Runner,0.480,0.446,0.124,0.146,0.66
15664,Draw,0.480,0.446,0.150,0.150,18.06
15665,Pursuer,0.480,0.446,0.157,0.140,0.00
15666,Runner,0.480,0.446,0.113,0.134,0.76
15667,Runner,0.480,0.446,0.124,0.143,0.00
15668,Runner,0.480,0.446,0.145,0.120,0.00
15669,Pursuer,0.480,0.446,0.129,0.115,0.00
15670,Runner,0.480,0.446,0.108,0.146,2.02
15671,Pursuer,0.480,0.446,0.126,0.115,0.00
15672,Runner,0.480,0.446,0.098,0.134,2.84
15673,Runner,0.480,0.446,0.071,0.113,1.32
15674,Pursuer,0.480,0.446,0.176,0.113,0.00
15675,Pursuer,0.480,0.446,0.144,0.143,0.00
15676,Runner,0.480,0.446,0.141,0.132,0.00
15677,Runner,0.480,0.446,0.088,0.111,0.00
15678,Pursuer,0.480,0.446,0.087,0.117,0.00
15679,Pursuer,0.480,0.446,0.105,0.151,0.00
15680,Runner,0.480,0.446,0.089,0.128,1.26
15681,Runner,0.480,0.446,0.121,0.129,0.00
15682,Pursuer,0.480,0.446,0.155,0.107,0.00
15683,Runner,0.480,0.446,0.115,0.132,0.12
15684,Runner,0.480,0.446,0.093,0.134,2.14
15685,Pursuer,0.480,0.446,0.132,0.108,0.00
15686,Pursuer,0.480,0.446,0.115,0.097,0.00
15687,Pursuer,0.480,0.446,0.112,0.197,0.00
15688,Runner,0.480,0.446,0.098,0.150,0.96
15689,Runner,0.480,0.446,0.100,0.153,3.12
15690,Runner,0.480,0.446,0.099,0.108,0.00
15691,Runner,0.480,0.446,0.097,0.089,0.00
15692,Runner,0.480,0.446,0.159,0.154,1.10
15693,Runner,0.480,0.446,0.078,0.119,1.64
15694,Runner,0.480,0.446,0.147,0.187,1.84
15695,Runner,0.480,0.446,0.118,0.149,0.00
15696,Pursuer,0.480,0.446,0.121,0.113,0.00
15697,Runner,0.480,0.446,0.112,0.126,0.00
15698,Draw,0.480,0.446,0.098,0.150,14.82
15699,Pursuer,0.480,0.446,0.160,0.104,0.00
15700,Runner,0.480,0.446,0.123,0.129,0.00
15701,Runner,0.480,0.446,0.107,0.145,0.00
15702,Pursuer,0.480,0.446,0.132,0.092,0.00
15703,Pursuer,0.480,0.446,0.150,0.097,0.00
15704,Runner,0.480,0.446,0.128,0.123,0.00
15705,Pursuer,0.480,0.446,0.133,0.086,0.00
15706,Pursuer,0.480,0.446,0.151,0.080,0.00
15707,Pursuer,0.480,0.446,0.139,0.138,0.00
15708,Runner,0.480,0.446,0.087,0.159,0.00
15709,Pursuer,0.480,0.446,0.227,0.174,0.00
15710,Runner,0.480,0.446,0.105,0.131,1.36
15711,Runner,0.480,0.446,0.088,0.127,0.02
15712,Pursuer,0.480,0.446,0.198,0.093,0.00
15713,Pursuer,0.480,0.446,0.129,0.130,0.00
15714,Pursuer,0.480,0.446,0.130,0.118,0.00
15715,Pursuer,0.480,0.446,0.198,0.137,0.00
15716,Pursuer,0.480,0.446,0.123,0.122,0.00
15717,Pursuer,0.480,0.446,0.127,0.091,0.00
15718,Pursuer,0.480,0.446,0.170,0.115,0.00
15719,Runner,0.480,0.446,0.119,0.137,0.00
15720,Pursuer,0.480,0.446,0.148,0.122,0.00
15721,Pursuer,0.480,0.446,0.000,0.000,0.00
15722,Runner,0.480,0.446,0.054,0.140,0.00
15723,Pursuer,0.480,0.446,0.132,0.114,0.00
15724,Pursuer,0.480,0.446,0.155,0.108,0.00
15725,Runner,0.480,0.446,0.125,0.128,2.68
15726,Runner,0.480,0.446,0.098,0.134,1.48
15727,Runner,0.480,0.446,0.091,0.135,0.06
15728,Pursuer,0.480,0.446,0.147,0.144,0.00
15729,Draw,0.480,0.446,0.136,0.153,0.00
15730,Runner,0.480,0.446,0.139,0.128,0.00
15731,Pursuer,0.480,0.446,0.165,0.124,0.00
15732,Runner,0.480,0.446,0.096,0.143,2.54
15733,Runner,0.480,0.446,0.094,0.146,0.90
15734,Pursuer,0.480,0.446,0.000,0.000,0.00
15735,Runner,0.480,0.446,0.122,0.146,0.84
15736,Runner,0.480,0.446,0.104,0.151,0.68
15737,Pursuer,0.480,0.446,0.000,0.000,0.00
15738,Runner,0.480,0.446,0.088,0.140,0.00
15739,Pursuer,0.480,0.446,0.118,0.125,0.00
15740,Draw,0.480,0.446,0.150,0.142,14.20
15741,Pursuer,0.480,0.446,0.139,0.095,0.00
15742,Pursuer,0.480,0.446,0.143,0.126,0.00
15743,Runner,0.480,0.446,0.097,0.135,0.00
15744,Runner,0.480,0.446,0.139,0.106,0.50
15745,Runner,0.480,0.446,0.086,0.138,1.34
15746,Pursuer,0.480,0.446,0.197,0.153,0.00
15747,Draw,0.480,0.446,0.144,0.152,17.56
15748,Runner,0.480,0.446,0.124,0.112,0.20
15749,Runner,0.480,0.446,0.112,0.131,0.00
15750,Runner,0.480,0.446,0.114,0.131,2.58
15751,Runner,0.480,0.446,0.094,0.192,0.74
15752,Pursuer,0.480,0.446,0.136,0.098,0.00
15753,Runner,0.480,0.446,0.093,0.125,0.24
15754,Pursuer,0.480,0.446,0.155,0.115,0.00
15755,Pursuer,0.480,0.446,0.107,0.117,0.00
15756,Pursuer,0.480,0.446,0.153,0.124,0.00
15757,Runner,0.480,0.446,0.088,0.128,1.28
15758,Pursuer,0.480,0.446,0.134,0.096,0.00
15759,Pursuer,0.480,0.446,0.125,0.095,0.00
15760,Pursuer,0.480,0.446,0.128,0.108,0.00
15761,Pursuer,0.480,0.446,0.142,0.104,0.00
15762,Runner,0.480,0.446,0.090,0.180,0.04
15763,Pursuer,0.480,0.446,0.151,0.120,0.00
15764,Runner,0.480,0.446,0.127,0.142,3.08
15765,Runner,0.480,0.446,0.109,0.128,0.00
15766,Pursuer,0.480,0.446,0.143,0.111,0.00
15767,Runner,0.480,0.446,0.099,0.144,0.00
15768,Runner,0.480,0.446,0.073,0.113,0.00
15769,Runner,0.480,0.446,0.118,0.127,0.00
15770,Pursuer,0.480,0.446,0.000,0.000,0.00
15771,Runner,0.480,0.446,0.095,0.148,0.98
15772,Pursuer,0.480,0.446,0.165,0.135,0.00
15773,Pursuer,0.480,0.446,0.091,0.147,0.00
15774,Runner,0.480,0.446,0.102,0.118,0.18
15775,Runner,0.480,0.446,0.095,0.140,2.68
15776,Runner,0.480,0.446,0.134,0.149,0.00
15777,Pursuer,0.480,0.446,0.129,0.141,0.00
15778,Runner,0.480,0.446,0.207,0.357,0.00
15779,Pursuer,0.480,0.446,0.127,0.132,0.00
15780,Runner,0.480,0.446,0.084,0.153,1.32
15781,Pursuer,0.480,0.446,0.148,0.088,0.00
15782,Runner,0.480,0.446,0.146,0.095,0.00
15783,Runner,0.480,0.446,0.106,0.151,0.00
15784,Runner,0.480,0.446,0.110,0.116,0.00
15785,Runner,0.480,0.446,0.073,0.204,0.00
15786,Runner,0.480,0.446,0.104,0.123,0.00
15787,Runner,0.480,0.446,0.151,0.136,0.04
15788,Pursuer,0.480,0.446,0.151,0.132,0.00
15789,Pursuer,0.480,0.446,0.157,0.102,0.00
15790,Runner,0.480,0.446,0.149,0.148,0.00
15791,Pursuer,0.480,0.446,0.131,0.112,0.00
15792,Runner,0.480,0.446,0.098,0.143,0.00
15793,Runner,0.480,0.446,0.046,0.082,0.12
15794,Runner,0.480,0.446,0.100,0.142,1.76
15795,Runner,0.480,0.446,0.125,0.163,0.00
15796,Runner,0.480,0.446,0.093,0.135,0.00
15797,Runner,0.480,0.446,0.102,0.147,1.56
15798,Runner,0.480,0.446,0.094,0.105,0.00
15799,Runner,0.480,0.446,0.131,0.138,2.54
15800,Runner,0.480,0.446,0.118,0.108,0.72
15801,Runner,0.480,0.446,0.157,0.123,0.00
15802,Pursuer,0.480,0.446,0.171,0.135,0.00
15803,Runner,0.480,0.446,0.107,0.132,7.54
15804,Pursuer,0.480,0.446,0.131,0.110,0.00
15805,Runner,0.480,0.446,0.100,0.145,1.74
15806,Runner,0.480,0.446,0.114,0.149,0.00
15807,Pursuer,0.480,0.446,0.159,0.111,0.00
15808,Runner,0.480,0.446,0.141,0.161,0.00
15809,Pursuer,0.480,0.446,0.158,0.099,0.00
15810,Pursuer,0.480,0.446,0.167,0.082,0.00
15811,Pursuer,0.480,0.446,0.150,0.087,0.00
15812,Runner,0.480,0.446,0.086,0.150,1.16
15813,Runner,0.480,0.446,0.108,0.129,0.00
15814,Runner,0.480,0.446,0.155,0.098,0.00
15815,Pursuer,0.480,0.446,0.146,0.117,0.00
15816,Runner,0.480,0.446,0.153,0.109,0.00
15817,Runner,0.480,0.446,0.137,0.152,0.98
15818,Runner,0.480,0.446,0.129,0.153,0.34
15819,Runner,0.480,0.446,0.094,0.118,0.00
15820,Draw,0.480,0.446,0.147,0.142,13.96
15821,Pursuer,0.480,0.446,0.119,0.094,0.00
15822,Runner,0.480,0.446,0.110,0.101,1.88
15823,Runner,0.480,0.446,0.113,0.134,3.04
15824,Runner,0.480,0.446,0.095,0.145,0.52
15825,Runner,0.481,0.446,0.150,0.142,2.20
15826,Runner,0.481,0.446,0.075,0.109,0.00
15827,Pursuer,0.481,0.446,0.158,0.100,0.00
15828,Pursuer,0.480,0.446,0.107,0.079,0.00
15829,Pursuer,0.480,0.446,0.126,0.130,0.00
15830,Runner,0.480,0.446,0.147,0.130,0.34
15831,Runner,0.481,0.446,0.108,0.160,0.00
15832,Pursuer,0.480,0.446,0.121,0.096,0.00
15833,Pursuer,0.480,0.446,0.334,0.276,0.00
15834,Pursuer,0.480,0.446,0.122,0.109,0.00
15835,Pursuer,0.480,0.446,0.161,0.082,0.00
15836,Pursuer,0.480,0.446,0.154,0.130,0.00
15837,Runner,0.480,0.446,0.097,0.131,0.00
15838,Runner,0.480,0.446,0.076,0.124,2.92
15839,Runner,0.480,0.446,0.122,0.132,2.50
15840,Runner,0.480,0.446,0.116,0.127,0.00
15841,Runner,0.481,0.446,0.173,0.172,0.00
15842,Runner,0.481,0.446,0.091,0.146,1.48
15843,Runner,0.481,0.446,0.161,0.146,0.00
15844,Runner,0.481,0.446,0.121,0.161,0.00
15845,Pursuer,0.481,0.446,0.131,0.132,0.00
15846,Pursuer,0.481,0.446,0.221,0.199,0.00
15847,Pursuer,0.481,0.446,0.129,0.102,0.00
15848,Pursuer,0.481,0.446,0.165,0.104,0.00
15849,Pursuer,0.480,0.446,0.053,0.201,0.00
15850,Draw,0.480,0.446,0.151,0.142,16.16
15851,Pursuer,0.480,0.446,0.117,0.123,0.00
15852,Runner,0.480,0.446,0.105,0.161,0.00
15853,Pursuer,0.480,0.446,0.140,0.127,0.00
15854,Pursuer,0.480,0.446,0.125,0.111,0.00
15855,Draw,0.480,0.446,0.148,0.136,19.70
15856,Runner,0.480,0.446,0.130,0.103,0.00
15857,Pursuer,0.480,0.446,0.159,0.155,0.00
15858,Pursuer,0.480,0.446,0.145,0.103,0.00
15859,Pursuer,0.480,0.446,0.231,0.342,0.00
15860,Pursuer,0.480,0.446,0.147,0.134,0.00
15861,Runner,0.480,0.446,0.095,0.103,0.46
15862,Pursuer,0.480,0.446,0.116,0.150,0.00
15863,Pursuer,0.480,0.446,0.196,0.222,0.00
15864,Pursuer,0.480,0.446,0.151,0.143,0.00
15865,Pursuer,0.480,0.446,0.130,0.113,0.00
15866,Runner,0.480,0.446,0.097,0.124,0.00
15867,Runner,0.480,0.446,0.098,0.118,0.00
15868,Runner,0.480,0.446,0.098,0.143,0.00
15869,Runner,0.480,0.446,0.096,0.146,0.00
15870,Pursuer,0.480,0.446,0.154,0.170,0.00
15871,Pursuer,0.480,0.446,0.133,0.118,0.00
15872,Pursuer,0.480,0.446,0.134,0.149,0.00
15873,Runner,0.480,0.446,0.129,0.136,1.24
15874,Runner,0.480,0.446,0.134,0.081,0.00
15875,Runner,0.480,0.446,0.105,0.144,0.02
15876,Runner,0.480,0.446,0.102,0.143,4.48
15877,Runner,0.480,0.446,0.129,0.134,1.88
15878,Draw,0.480,0.446,0.151,0.146,14.22
15879,Runner,0.480,0.446,0.000,0.000,0.00
15880,Pursuer,0.480,0.446,0.000,0.000,0.00
15881,Pursuer,0.480,0.446,0.130,0.103,0.00
15882,Runner,0.480,0.446,0.071,0.151,2.18
15883,Pursuer,0.480,0.446,0.166,0.177,0.00
15884,Pursuer,0.480,0.446,0.124,0.117,0.00
15885,Pursuer,0.480,0.446,0.136,0.124,0.00
15886,Runner,0.480,0.446,0.115,0.145,3.04
15887,Draw,0.480,0.446,0.111,0.144,18.60
15888,Runner,0.480,0.446,0.116,0.130,1.46
15889,Runner,0.480,0.446,0.070,0.142,0.00
15890,Pursuer,0.480,0.446,0.155,0.086,0.00
15891,Runner,0.480,0.446,0.098,0.106,1.58
15892,Draw,0.480,0.446,0.152,0.151,15.54
15893,Runner,0.480,0.446,0.121,0.125,0.90
15894,Pursuer,0.480,0.446,0.172,0.093,0.00
15895,Runner,0.480,0.446,0.114,0.104,0.00
15896,Pursuer,0.480,0.446,0.152,0.074,0.00
15897,Pursuer,0.480,0.446,0.119,0.069,0.00
15898,Draw,0.480,0.446,0.135,0.148,12.00
15899,Runner,0.480,0.446,0.101,0.140,1.94
15900,Pursuer,0.480,0.446,0.152,0.136,0.00
15901,Pursuer,0.480,0.446,0.127,0.128,0.00
15902,Pursuer,0.480,0.446,0.060,0.118,0.00
15903,Pursuer,0.480,0.446,0.142,0.100,0.00
15904,Runner,0.480,0.446,0.088,0.148,0.00
15905,Pursuer,0.480,0.446,0.160,0.124,0.00
15906,Runner,0.480,0.446,0.112,0.155,0.00
15907,Pursuer,0.480,0.446,0.000,0.000,0.00
15908,Runner,0.480,0.446,0.159,0.133,1.34
15909,Pursuer,0.480,0.446,0.143,0.131,0.00
15910,Pursuer,0.480,0.446,0.151,0.088,0.00
15911,Runner,0.480,0.446,0.080,0.118,0.00
15912,Pursuer,0.480,0.446,0.163,0.156,0.00
15913,Runner,0.480,0.446,0.097,0.146,1.54
15914,Runner,0.480,0.446,0.104,0.148,1.48
15915,Runner,0.480,0.446,0.110,0.109,0.16
15916,Pursuer,0.480,0.446,0.000,0.000,0.00
15917,Pursuer,0.480,0.446,0.153,0.082,0.00
15918,Runner,0.480,0.446,0.083,0.153,0.00
15919,Pursuer,0.480,0.446,0.126,0.106,0.00
15920,Runner,0.480,0.446,0.093,0.161,1.26
15921,Runner,0.480,0.446,0.123,0.146,0.00
15922,Pursuer,0.480,0.446,0.117,0.129,0.00
15923,Pursuer,0.480,0.446,0.104,0.204,0.00
15924,Pursuer,0.480,0.446,0.148,0.128,0.00
15925,Pursuer,0.480,0.446,0.133,0.118,0.00
15926,Draw,0.480,0.446,0.145,0.137,18.04
15927,Pursuer,0.480,0.446,0.128,0.158,0.00
15928,Runner,0.480,0.446,0.117,0.127,0.00
15929,Runner,0.480,0.446,0.136,0.151,3.26
15930,Pursuer,0.480,0.446,0.142,0.100,0.00
15931,Pursuer,0.480,0.446,0.083,0.234,0.00
15932,Pursuer,0.480,0.446,0.158,0.110,0.00
15933,Runner,0.480,0.446,0.088,0.149,1.30
15934,Runner,0.480,0.446,0.094,0.140,1.60
15935,Runner,0.480,0.446,0.112,0.156,0.00
15936,Runner,0.480,0.446,0.105,0.125,0.18
15937,Runner,0.480,0.446,0.130,0.153,0.22
15938,Pursuer,0.480,0.446,0.144,0.141,0.00
15939,Pursuer,0.480,0.446,0.130,0.133,0.00
15940,Pursuer,0.480,0.446,0.142,0.128,0.00
15941,Runner,0.480,0.446,0.109,0.172,0.00
15942,Runner,0.480,0.446,0.125,0.136,2.48
15943,Pursuer,0.480,0.446,0.154,0.122,0.00
15944,Runner,0.480,0.446,0.115,0.148,0.12
15945,Runner,0.480,0.446,0.130,0.148,2.48
15946,Runner,0.480,0.446,0.114,0.113,0.00
15947,Pursuer,0.480,0.446,0.118,0.129,0.00
15948,Pursuer,0.480,0.446,0.093,0.061,0.00
15949,Pursuer,0.480,0.446,0.132,0.105,0.00
15950,Runner,0.480,0.446,0.101,0.115,2.06
15951,Runner,0.480,0.446,0.122,0.121,0.06
15952,Runner,0.480,0.446,0.143,0.150,0.88
15953,Runner,0.480,0.446,0.108,0.147,0.00
15954,Runner,0.480,0.446,0.144,0.114,0.80
15955,Runner,0.480,0.446,0.100,0.085,0.00
15956,Pursuer,0.480,0.446,0.145,0.112,0.00
15957,Runner,0.480,0.446,0.000,0.000,0.02
15958,Pursuer,0.480,0.446,0.130,0.146,0.00
15959,Pursuer,0.480,0.446,0.119,0.159,0.00
15960,Runner,0.480,0.446,0.121,0.131,0.90
15961,Runner,0.480,0.446,0.107,0.137,2.20
15962,Runner,0.480,0.446,0.100,0.142,4.04
15963,Runner,0.480,0.446,0.103,0.131,1.76
15964,Pursuer,0.480,0.446,0.139,0.149,0.00
15965,Runner,0.480,0.446,0.128,0.136,0.00
15966,Pursuer,0.480,0.446,0.153,0.154,0.00
15967,Runner,0.480,0.446,0.148,0.158,0.00
15968,Pursuer,0.480,0.446,0.139,0.103,0.00
15969,Runner,0.480,0.446,0.106,0.133,0.26
15970,Runner,0.480,0.446,0.132,0.117,0.00
15971,Pursuer,0.480,0.446,0.116,0.118,0.00
15972,Runner,0.480,0.446,0.138,0.137,0.00
15973,Pursuer,0.480,0.446,0.126,0.081,0.00
15974,Runner,0.480,0.446,0.121,0.129,1.14
15975,Runner,0.481,0.446,0.101,0.152,0.00
15976,Pursuer,0.480,0.446,0.115,0.102,0.00
15977,Runner,0.481,0.446,0.123,0.146,0.00
15978,Pursuer,0.480,0.446,0.134,0.113,0.00
15979,Pursuer,0.480,0.446,0.104,0.102,0.00
15980,Runner,0.480,0.446,0.119,0.166,0.74
15981,Runner,0.481,0.446,0.144,0.152,0.00
15982,Runner,0.481,0.446,0.117,0.148,1.18
15983,Pursuer,0.481,0.446,0.161,0.131,0.00
15984,Runner,0.481,0.446,0.123,0.096,0.00
15985,Runner,0.481,0.446,0.062,0.145,0.00
15986,Runner,0.481,0.446,0.100,0.202,1.06
15987,Pursuer,0.481,0.446,0.170,0.125,0.00
15988,Runner,0.481,0.446,0.206,0.119,0.80
15989,Pursuer,0.481,0.446,0.012,0.169,0.00
15990,Pursuer,0.481,0.446,0.081,0.120,0.00
15991,Runner,0.481,0.446,0.091,0.159,0.00
15992,Pursuer,0.481,0.446,0.162,0.107,0.00
15993,Runner,0.481,0.446,0.107,0.157,0.00
15994,Runner,0.481,0.446,0.137,0.152,0.16
15995,Runner,0.481,0.446,0.128,0.100,0.00
15996,Pursuer,0.481,0.446,0.137,0.102,0.00
15997,Runner,0.481,0.446,0.097,0.110,1.58
15998,Pursuer,0.481,0.446,0.131,0.110,0.00
15999,Pursuer,0.481,0.446,0.117,0.141,0.00
16000,Pursuer,0.481,0.446,0.121,0.113,0.00
16001,Runner,0.481,0.446,0.147,0.166,0.00
16002,Runner,0.481,0.446,0.093,0.152,0.00
16003,Runner,0.481,0.446,0.128,0.193,0.98
16004,Pursuer,0.481,0.446,0.148,0.096,0.00
16005,Runner,0.481,0.446,0.123,0.095,0.06
16006,Runner,0.481,0.446,0.113,0.126,0.96
16007,Runner,0.481,0.446,0.114,0.130,0.00
16008,Pursuer,0.481,0.446,0.136,0.135,0.00
16009,Runner,0.481,0.446,0.112,0.150,1.24
16010,Pursuer,0.481,0.446,0.137,0.139,0.00
16011,Runner,0.481,0.446,0.102,0.123,0.00
16012,Pursuer,0.481,0.446,0.216,0.082,0.00
16013,Pursuer,0.481,0.446,0.104,0.071,0.00
16014,Runner,0.481,0.446,0.101,0.143,0.70
16015,Pursuer,0.481,0.446,0.171,0.151,0.00
16016,Runner,0.481,0.446,0.131,0.094,0.00
16017,Runner,0.481,0.446,0.110,0.128,0.00
16018,Pursuer,0.481,0.446,0.128,0.074,0.00
16019,Runner,0.481,0.446,0.098,0.114,0.00
16020,Pursuer,0.481,0.446,0.132,0.139,0.00
16021,Runner,0.481,0.446,0.124,0.148,1.40
16022,Runner,0.481,0.446,0.076,0.118,0.52
16023,Runner,0.481,0.446,0.113,0.136,0.00
16024,Runner,0.481,0.446,0.114,0.120,0.00
16025,Pursuer,0.481,0.446,0.125,0.115,0.00
16026,Pursuer,0.481,0.446,0.106,0.097,0.00
16027,Runner,0.481,0.446,0.109,0.129,0.00
16028,Runner,0.481,0.446,0.182,0.261,0.00
16029,Pursuer,0.481,0.446,0.131,0.176,0.00
16030,Runner,0.481,0.446,0.138,0.117,1.10
16031,Pursuer,0.481,0.446,0.000,0.000,0.00
16032,Runner,0.481,0.446,0.127,0.107,0.00
16033,Runner,0.481,0.446,0.102,0.138,0.50
16034,Pursuer,0.481,0.446,0.126,0.094,0.00
16035,Pursuer,0.481,0.446,0.092,0.086,0.00
16036,Pursuer,0.481,0.446,0.085,0.140,0.00
16037,Runner,0.481,0.446,0.160,0.185,0.00
16038,Runner,0.481,0.446,0.101,0.116,0.22
16039,Runner,0.481,0.446,0.090,0.141,1.00
16040,Runner,0.481,0.446,0.158,0.097,0.00
16041,Runner,0.481,0.446,0.087,0.143,0.42
16042,Runner,0.481,0.446,0.143,0.143,1.62
16043,Runner,0.481,0.446,0.139,0.134,0.00
16044,Pursuer,0.481,0.446,0.140,0.116,0.00
16045,Runner,0.481,0.446,0.100,0.163,1.90
16046,Runner,0.481,0.446,0.113,0.132,0.16
16047,Runner,0.481,0.446,0.162,0.135,0.00
16048,Runner,0.481,0.446,0.120,0.109,1.74
16049,Pursuer,0.481,0.446,0.133,0.152,0.00
16050,Runner,0.481,0.446,0.132,0.141,3.34
16051,Pursuer,0.481,0.446,0.153,0.069,0.00
16052,Runner,0.481,0.446,0.150,0.122,0.00
16053,Pursuer,0.481,0.446,0.152,0.153,0.00
16054,Runner,0.481,0.446,0.139,0.130,2.58
16055,Pursuer,0.481,0.446,0.131,0.111,0.00
16056,Pursuer,0.481,0.446,0.143,0.122,0.00
16057,Runner,0.481,0.446,0.118,0.126,0.80
16058,Pursuer,0.481,0.446,0.139,0.127,0.00
16059,Runner,0.481,0.446,0.104,0.151,0.00
16060,Pursuer,0.481,0.446,0.141,0.137,0.00
16061,Runner,0.481,0.446,0.120,0.128,0.30
16062,Pursuer,0.481,0.446,0.018,0.229,0.00
16063,Pursuer,0.481,0.446,0.115,0.134,0.00
16064,Runner,0.481,0.446,0.199,0.097,0.34
16065,Draw,0.481,0.446,0.125,0.136,16.68
16066,Pursuer,0.481,0.446,0.146,0.164,0.00
16067,Runner,0.481,0.446,0.109,0.151,0.00
16068,Pursuer,0.481,0.446,0.139,0.098,0.00
16069,Pursuer,0.481,0.446,0.148,0.105,0.00
16070,Pursuer,0.481,0.446,0.202,0.091,0.00
16071,Pursuer,0.481,0.446,0.204,0.139,0.00
16072,Pursuer,0.481,0.446,0.139,0.105,0.00
16073,Runner,0.481,0.446,0.127,0.117,0.00
16074,Pursuer,0.481,0.446,0.144,0.136,0.00
16075,Pursuer,0.481,0.446,0.120,0.113,0.00
16076,Pursuer,0.481,0.446,0.120,0.134,0.00
16077,Runner,0.481,0.446,0.108,0.106,0.24
16078,Pursuer,0.481,0.446,0.156,0.107,0.00
16079,Pursuer,0.481,0.446,0.125,0.128,0.00
16080,Pursuer,0.481,0.446,0.132,0.153,0.00
16081,Runner,0.481,0.446,0.089,0.162,2.26
16082,Runner,0.481,0.446,0.137,0.133,2.08
16083,Runner,0.481,0.446,0.165,0.115,0.38
16084,Runner,0.481,0.446,0.129,0.181,0.00
16085,Runner,0.481,0.446,0.110,0.155,2.64
16086,Runner,0.481,0.446,0.161,0.159,0.00
16087,Pursuer,0.481,0.446,0.119,0.091,0.00
16088,Runner,0.481,0.446,0.115,0.164,0.00
16089,Runner,0.481,0.446,0.116,0.142,0.62
16090,Runner,0.481,0.446,0.082,0.108,0.00
16091,Runner,0.481,0.446,0.138,0.138,1.42
16092,Runner,0.481,0.446,0.110,0.129,1.56
16093,Pursuer,0.481,0.446,0.132,0.129,0.00
16094,Pursuer,0.481,0.446,0.177,0.137,0.00
16095,Pursuer,0.481,0.446,0.123,0.143,0.00
16096,Pursuer,0.481,0.446,0.109,0.109,0.00
16097,Pursuer,0.481,0.446,0.145,0.110,0.00
16098,Pursuer,0.481,0.446,0.188,0.153,0.00
16099,Pursuer,0.481,0.446,0.138,0.108,0.00
16100,Runner,0.481,0.446,0.103,0.177,0.00
16101,Pursuer,0.481,0.446,0.176,0.093,0.00
16102,Pursuer,0.481,0.446,0.123,0.125,0.00
16103,Runner,0.481,0.446,0.092,0.138,1.90
16104,Pursuer,0.481,0.446,0.121,0.150,0.00
16105,Runner,0.481,0.446,0.128,0.152,4.96
16106,Pursuer,0.481,0.446,0.161,0.154,0.00
16107,Runner,0.481,0.446,0.089,0.131,2.90
16108,Runner,0.481,0.446,0.155,0.149,0.00
16109,Pursuer,0.481,0.446,0.231,0.314,0.00
16110,Runner,0.481,0.446,0.091,0.124,0.84
16111,Runner,0.481,0.446,0.119,0.174,0.00
16112,Runner,0.481,0.446,0.127,0.164,2.44
16113,Pursuer,0.481,0.446,0.121,0.121,0.00
16114,Runner,0.481,0.446,0.107,0.159,0.76
16115,Runner,0.481,0.446,0.088,0.129,0.56
16116,Runner,0.481,0.446,0.090,0.213,0.00
16117,Pursuer,0.481,0.446,0.129,0.104,0.00
16118,Runner,0.481,0.446,0.117,0.140,0.00
16119,Runner,0.481,0.446,0.113,0.153,1.06
16120,Runner,0.481,0.446,0.164,0.145,0.70
16121,Pursuer,0.481,0.446,0.153,0.152,0.00
16122,Runner,0.481,0.446,0.101,0.141,0.60
16123,Runner,0.481,0.446,0.094,0.113,0.00
16124,Pursuer,0.481,0.446,0.120,0.120,0.00
16125,Runner,0.481,0.446,0.280,0.238,0.00
16126,Pursuer,0.481,0.446,0.133,0.129,0.00
16127,Pursuer,0.481,0.446,0.125,0.192,0.00
16128,Runner,0.481,0.446,0.075,0.176,0.00
16129,Pursuer,0.481,0.446,0.000,0.000,0.00
16130,Runner,0.481,0.446,0.108,0.130,0.00
16131,Pursuer,0.481,0.446,0.000,0.000,0.00
16132,Runner,0.481,0.446,0.106,0.139,0.00
16133,Pursuer,0.481,0.446,0.066,0.092,0.00
16134,Runner,0.481,0.446,0.094,0.129,0.00
16135,Pursuer,0.481,0.446,0.301,0.521,0.00
16136,Runner,0.481,0.446,0.149,0.184,0.00
16137,Runner,0.481,0.446,0.098,0.103,0.00
16138,Runner,0.481,0.446,0.129,0.084,0.00
16139,Runner,0.481,0.446,0.109,0.130,0.94
16140,Runner,0.481,0.446,0.090,0.135,2.10
16141,Pursuer,0.481,0.446,0.116,0.119,0.00
16142,Runner,0.481,0.446,0.142,0.082,0.76
16143,Runner,0.481,0.446,0.125,0.100,0.00
16144,Pursuer,0.481,0.446,0.123,0.157,0.00
16145,Runner,0.481,0.446,0.170,0.179,0.18
16146,Runner,0.481,0.446,0.132,0.139,0.00
16147,Runner,0.481,0.446,0.093,0.145,0.00
16148,Runner,0.481,0.446,0.087,0.147,2.24
16149,Runner,0.481,0.446,0.110,0.110,3.86
16150,Runner,0.481,0.446,0.133,0.125,0.00
16151,Pursuer,0.481,0.446,0.122,0.101,0.00
16152,Runner,0.481,0.446,0.172,0.162,0.72
16153,Runner,0.482,0.446,0.145,0.162,0.00
16154,Runner,0.482,0.446,0.148,0.113,1.06
16155,Runner,0.482,0.446,0.094,0.162,1.90
16156,Runner,0.482,0.446,0.122,0.136,0.00
16157,Runner,0.482,0.446,0.159,0.161,0.00
16158,Runner,0.482,0.445,0.090,0.113,1.74
16159,Runner,0.482,0.445,0.099,0.133,0.00
16160,Pursuer,0.482,0.445,0.114,0.179,0.00
16161,Runner,0.482,0.445,0.105,0.153,1.38
16162,Runner,0.482,0.445,0.075,0.138,0.00
16163,Pursuer,0.482,0.445,0.000,0.000,0.00
16164,Runner,0.482,0.445,0.123,0.142,1.12
16165,Pursuer,0.482,0.445,0.196,0.166,0.00
16166,Runner,0.482,0.445,0.101,0.127,0.00
16167,Pursuer,0.482,0.445,0.129,0.085,0.00
16168,Runner,0.482,0.445,0.155,0.112,0.00
16169,Runner,0.482,0.445,0.127,0.142,0.00
16170,Pursuer,0.482,0.445,0.141,0.122,0.00
16171,Runner,0.482,0.445,0.118,0.123,2.00
16172,Pursuer,0.482,0.445,0.222,0.100,0.00
16173,Pursuer,0.482,0.445,0.195,0.121,0.00
16174,Runner,0.482,0.445,0.116,0.150,1.70
16175,Draw,0.482,0.445,0.142,0.144,16.84
16176,Pursuer,0.482,0.445,0.133,0.133,0.00
16177,Runner,0.482,0.445,0.152,0.128,0.00
16178,Pursuer,0.482,0.445,0.146,0.107,0.00
16179,Pursuer,0.482,0.446,0.141,0.126,0.00
16180,Pursuer,0.482,0.446,0.156,0.114,0.00
16181,Pursuer,0.482,0.446,0.149,0.122,0.00
16182,Pursuer,0.482,0.446,0.153,0.115,0.00
16183,Draw,0.482,0.446,0.141,0.146,19.48
16184,Runner,0.482,0.446,0.092,0.134,0.00
16185,Runner,0.482,0.446,0.102,0.147,0.00
16186,Runner,0.482,0.446,0.107,0.120,0.00
16187,Runner,0.482,0.445,0.155,0.124,0.60
16188,Runner,0.482,0.445,0.144,0.188,0.00
16189,Pursuer,0.482,0.445,0.130,0.108,0.00
16190,Runner,0.482,0.445,0.098,0.104,2.08
16191,Runner,0.482,0.445,0.109,0.140,1.12
16192,Runner,0.482,0.445,0.078,0.176,0.80
16193,Runner,0.482,0.445,0.135,0.155,0.00
16194,Runner,0.482,0.445,0.089,0.135,0.98
16195,Pursuer,0.482,0.445,0.091,0.101,0.00
16196,Draw,0.482,0.445,0.141,0.150,13.80
16197,Runner,0.482,0.445,0.000,0.000,0.00
16198,Pursuer,0.482,0.445,0.133,0.159,0.00
16199,Runner,0.482,0.445,0.087,0.095,1.38
16200,Runner,0.482,0.445,0.090,0.158,0.00
16201,Runner,0.482,0.445,0.105,0.117,0.00
16202,Runner,0.482,0.445,0.092,0.133,1.98
16203,Draw,0.482,0.445,0.122,0.147,0.00
16204,Pursuer,0.482,0.445,0.108,0.109,0.00
16205,Runner,0.482,0.445,0.151,0.134,3.64
16206,Pursuer,0.482,0.445,0.142,0.127,0.00
16207,Pursuer,0.482,0.445,0.113,0.159,0.00
16208,Runner,0.482,0.445,0.101,0.126,0.44
16209,Runner,0.482,0.445,0.086,0.164,0.00
16210,Runner,0.482,0.445,0.096,0.141,2.60
16211,Pursuer,0.482,0.445,0.141,0.131,0.00
16212,Runner,0.482,0.445,0.120,0.123,1.08
16213,Pursuer,0.482,0.445,0.208,0.113,0.00
16214,Pursuer,0.482,0.445,0.129,0.150,0.00
16215,Runner,0.482,0.445,0.117,0.117,1.10
16216,Pursuer,0.482,0.445,0.121,0.126,0.00
16217,Runner,0.482,0.445,0.106,0.090,0.00
16218,Runner,0.482,0.445,0.109,0.121,0.00
16219,Runner,0.482,0.445,0.089,0.114,0.26
16220,Pursuer,0.482,0.445,0.131,0.123,0.00
16221,Runner,0.482,0.445,0.103,0.133,5.64
16222,Draw,0.482,0.445,0.104,0.145,19.78
16223,Pursuer,0.482,0.445,0.151,0.151,0.00
16224,Runner,0.482,0.445,0.190,0.126,0.00
16225,Runner,0.482,0.445,0.177,0.164,0.00
16226,Pursuer,0.482,0.445,0.145,0.094,0.00
16227,Runner,0.482,0.445,0.098,0.128,0.00
16228,Runner,0.482,0.445,0.111,0.119,1.98
16229,Pursuer,0.482,0.445,0.101,0.153,0.00
16230,Runner,0.482,0.445,0.135,0.135,0.00
16231,Runner,0.482,0.445,0.096,0.140,0.00
16232,Pursuer,0.482,0.445,0.118,0.085,0.00
16233,Pursuer,0.482,0.445,0.122,0.191,0.00
16234,Runner,0.482,0.445,0.133,0.145,0.00
16235,Pursuer,0.482,0.445,0.126,0.109,0.00
16236,Runner,0.482,0.445,0.107,0.127,2.18
16237,Pursuer,0.482,0.445,0.173,0.102,0.00
16238,Runner,0.482,0.445,0.102,0.158,1.02
16239,Runner,0.482,0.445,0.121,0.131,0.80
16240,Runner,0.482,0.445,0.104,0.107,0.00
16241,Pursuer,0.482,0.445,0.148,0.107,0.00
16242,Runner,0.482,0.445,0.111,0.125,0.74
16243,Runner,0.482,0.445,0.120,0.146,1.36
16244,Pursuer,0.482,0.445,0.172,0.138,0.00
16245,Runner,0.482,0.445,0.104,0.149,0.00
16246,Runner,0.482,0.445,0.122,0.144,0.00
16247,Pursuer,0.482,0.445,0.142,0.088,0.00
16248,Runner,0.482,0.445,0.116,0.145,0.00
16249,Pursuer,0.482,0.445,0.124,0.115,0.00
16250,Runner,0.482,0.445,0.121,0.132,0.00
16251,Pursuer,0.482,0.445,0.000,0.000,0.00
16252,Runner,0.482,0.445,0.155,0.155,0.18
16253,Pursuer,0.482,0.445,0.147,0.166,0.00
16254,Runner,0.482,0.445,0.078,0.128,0.00
16255,Runner,0.482,0.445,0.093,0.148,0.74
16256,Pursuer,0.482,0.445,0.120,0.098,0.00
16257,Runner,0.482,0.445,0.089,0.114,1.44
16258,Pursuer,0.482,0.445,0.000,0.000,0.00
16259,Runner,0.482,0.445,0.097,0.145,1.68
16260,Runner,0.482,0.445,0.114,0.149,2.10
16261,Pursuer,0.482,0.445,0.076,0.127,0.00
16262,Runner,0.482,0.445,0.169,0.173,0.00
16263,Runner,0.482,0.445,0.133,0.132,0.00
16264,Pursuer,0.482,0.445,0.139,0.145,0.00
16265,Pursuer,0.482,0.445,0.143,0.106,0.00
16266,Runner,0.482,0.445,0.120,0.144,0.00
16267,Pursuer,0.482,0.445,0.109,0.101,0.00
16268,Runner,0.482,0.445,0.098,0.140,0.00
16269,Runner,0.482,0.445,0.105,0.139,1.74
16270,Runner,0.482,0.445,0.133,0.173,0.00
16271,Pursuer,0.482,0.445,0.192,0.112,0.00
16272,Pursuer,0.482,0.445,0.129,0.132,0.00
16273,Pursuer,0.482,0.445,0.116,0.082,0.00
16274,Runner,0.482,0.445,0.082,0.124,0.00
16275,Runner,0.482,0.445,0.115,0.132,1.78
16276,Pursuer,0.482,0.445,0.000,0.000,0.00
16277,Runner,0.482,0.445,0.129,0.165,0.00
16278,Runner,0.482,0.445,0.089,0.148,0.00
16279,Runner,0.482,0.445,0.110,0.117,0.96
16280,Runner,0.482,0.445,0.118,0.133,1.32
16281,Pursuer,0.482,0.445,0.130,0.129,0.00
16282,Pursuer,0.482,0.445,0.172,0.121,0.00
16283,Draw,0.482,0.445,0.113,0.137,15.70
16284,Pursuer,0.482,0.445,0.101,0.077,0.00
16285,Runner,0.482,0.445,0.104,0.164,0.00
16286,Runner,0.482,0.445,0.090,0.101,1.92
16287,Pursuer,0.482,0.445,0.080,0.120,0.00
16288,Runner,0.482,0.445,0.081,0.132,0.00
16289,Pursuer,0.482,0.445,0.128,0.069,0.00
16290,Runner,0.482,0.445,0.085,0.125,1.80
16291,Pursuer,0.482,0.445,0.115,0.144,0.00
16292,Runner,0.482,0.445,0.106,0.130,0.00
16293,Runner,0.482,0.445,0.107,0.129,0.00
16294,Pursuer,0.482,0.445,0.000,0.000,0.00
16295,Pursuer,0.482,0.445,0.115,0.111,0.00
16296,Pursuer,0.482,0.445,0.119,0.131,0.00
16297,Pursuer,0.482,0.445,0.144,0.135,0.00
16298,Pursuer,0.482,0.445,0.102,0.080,0.00
16299,Runner,0.482,0.445,0.091,0.117,0.98
16300,Runner,0.482,0.445,0.086,0.133,0.00
16301,Draw,0.482,0.445,0.144,0.155,18.98
16302,Runner,0.482,0.445,0.081,0.142,0.00
16303,Pursuer,0.482,0.445,0.141,0.098,0.00
16304,Runner,0.482,0.445,0.121,0.138,0.08
16305,Pursuer,0.482,0.445,0.163,0.107,0.00
16306,Runner,0.482,0.445,0.121,0.126,0.00
16307,Runner,0.482,0.445,0.108,0.174,2.00
16308,Draw,0.482,0.445,0.083,0.140,17.80
16309,Pursuer,0.482,0.445,0.134,0.095,0.00
16310,Runner,0.482,0.445,0.109,0.143,0.00
16311,Pursuer,0.482,0.445,0.133,0.120,0.00
16312,Runner,0.482,0.445,0.181,0.154,0.00
16313,Runner,0.482,0.445,0.150,0.120,0.00
16314,Pursuer,0.482,0.445,0.087,0.019,0.00
16315,Pursuer,0.482,0.445,0.144,0.091,0.00
16316,Draw,0.482,0.445,0.144,0.152,19.36
16317,Runner,0.482,0.445,0.101,0.096,0.74
16318,Pursuer,0.482,0.445,0.145,0.087,0.00
16319,Pursuer,0.482,0.445,0.140,0.099,0.00
16320,Pursuer,0.482,0.445,0.130,0.149,0.00
16321,Runner,0.482,0.445,0.087,0.112,0.00
16322,Draw,0.482,0.445,0.111,0.147,15.18
16323,Pursuer,0.482,0.445,0.152,0.163,0.00
16324,Pursuer,0.482,0.445,0.144,0.110,0.00
16325,Pursuer,0.482,0.445,0.153,0.124,0.00
16326,Runner,0.482,0.445,0.121,0.096,0.24
16327,Pursuer,0.482,0.445,0.000,0.000,0.00
16328,Runner,0.482,0.445,0.130,0.151,3.02
16329,Runner,0.482,0.445,0.129,0.124,1.68
16330,Runner,0.482,0.445,0.106,0.138,0.56
16331,Runner,0.482,0.445,0.132,0.136,0.00
16332,Pursuer,0.482,0.445,0.136,0.126,0.00
16333,Pursuer,0.482,0.445,0.107,0.095,0.00
16334,Draw,0.482,0.445,0.106,0.141,17.22
16335,Runner,0.482,0.445,0.092,0.132,0.00
16336,Runner,0.482,0.445,0.116,0.131,0.00
16337,Pursuer,0.482,0.445,0.121,0.132,0.00
16338,Pursuer,0.482,0.445,0.129,0.136,0.00
16339,Runner,0.482,0.445,0.110,0.088,0.00
16340,Pursuer,0.482,0.445,0.093,0.073,0.00
16341,Runner,0.482,0.445,0.146,0.127,1.36
16342,Runner,0.482,0.445,0.099,0.161,0.00
16343,Runner,0.482,0.445,0.133,0.108,0.00
16344,Runner,0.482,0.445,0.148,0.190,0.36
16345,Runner,0.482,0.445,0.094,0.118,1.42
16346,Draw,0.482,0.445,0.111,0.149,17.00
16347,Draw,0.482,0.445,0.120,0.149,0.02
16348,Runner,0.482,0.445,0.125,0.115,0.60
16349,Runner,0.482,0.445,0.118,0.126,0.00
16350,Runner,0.482,0.445,0.117,0.128,0.00
16351,Runner,0.482,0.445,0.098,0.142,2.58
16352,Runner,0.482,0.445,0.065,0.149,0.00
16353,Runner,0.482,0.445,0.088,0.125,2.80
16354,Pursuer,0.482,0.445,0.143,0.106,0.00
16355,Pursuer,0.482,0.445,0.145,0.116,0.00
16356,Runner,0.482,0.445,0.085,0.108,0.64
16357,Pursuer,0.482,0.445,0.125,0.572,0.00
16358,Runner,0.482,0.445,0.120,0.140,0.00
16359,Runner,0.482,0.445,0.104,0.151,3.08
16360,Pursuer,0.482,0.445,0.154,0.102,0.00
16361,Runner,0.482,0.445,0.091,0.161,1.30
16362,Pursuer,0.482,0.445,0.149,0.096,0.00
16363,Runner,0.482,0.445,0.100,0.157,2.22
16364,Runner,0.482,0.445,0.115,0.159,0.66
16365,Runner,0.482,0.445,0.108,0.131,0.62
16366,Pursuer,0.482,0.445,0.135,0.176,0.00
16367,Pursuer,0.482,0.445,0.000,0.000,0.00
16368,Runner,0.482,0.445,0.111,0.138,2.34
16369,Runner,0.482,0.445,0.101,0.145,1.38
16370,Runner,0.483,0.445,0.128,0.148,0.00
16371,Pursuer,0.482,0.445,0.162,0.108,0.00
16372,Runner,0.483,0.445,0.102,0.154,3.08
16373,Runner,0.483,0.445,0.108,0.130,3.30
16374,Pursuer,0.483,0.445,0.166,0.111,0.00
16375,Pursuer,0.483,0.445,0.140,0.124,0.00
16376,Runner,0.483,0.445,0.114,0.137,2.32
16377,Runner,0.483,0.445,0.090,0.148,2.72
16378,Runner,0.483,0.445,0.087,0.100,0.00
16379,Pursuer,0.483,0.445,0.167,0.153,0.00
16380,Draw,0.483,0.445,0.105,0.151,18.24
16381,Pursuer,0.483,0.445,0.124,0.097,0.00
16382,Pursuer,0.482,0.445,0.138,0.123,0.00
16383,Draw,0.482,0.445,0.133,0.155,19.52
16384,Pursuer,0.482,0.445,0.114,0.083,0.00
16385,Pursuer,0.482,0.445,0.156,0.100,0.00
16386,Runner,0.482,0.445,0.129,0.125,0.00
16387,Runner,0.482,0.445,0.119,0.136,0.00
16388,Pursuer,0.482,0.445,0.154,0.114,0.00
16389,Runner,0.482,0.445,0.189,0.119,0.00
16390,Pursuer,0.482,0.445,0.000,0.000,0.00
16391,Runner,0.482,0.445,0.086,0.139,0.00
16392,Pursuer,0.482,0.445,0.146,0.209,0.00
16393,Runner,0.482,0.445,0.096,0.147,2.44
16394,Runner,0.482,0.445,0.099,0.132,0.36
16395,Pursuer,0.482,0.445,0.137,0.130,0.00
16396,Runner,0.482,0.445,0.132,0.145,0.00
16397,Runner,0.483,0.445,0.106,0.140,0.00
16398,Pursuer,0.482,0.445,0.141,0.106,0.00
16399,Pursuer,0.482,0.445,0.147,0.114,0.00
16400,Pursuer,0.482,0.445,0.210,0.103,0.00
16401,Runner,0.482,0.445,0.120,0.172,0.00
16402,Runner,0.483,0.445,0.122,0.151,0.00
16403,Pursuer,0.482,0.445,0.100,0.109,0.00
16404,Runner,0.483,0.445,0.110,0.132,3.68
16405,Runner,0.483,0.445,0.077,0.174,0.00
16406,Runner,0.483,0.445,0.151,0.126,0.00
16407,Runner,0.483,0.445,0.117,0.120,0.00
16408,Pursuer,0.483,0.445,0.147,0.155,0.00
16409,Pursuer,0.483,0.445,0.160,0.060,0.00
16410,Runner,0.483,0.445,0.105,0.147,0.00
16411,Pursuer,0.483,0.445,0.124,0.119,0.00
16412,Draw,0.483,0.445,0.149,0.139,19.98
16413,Pursuer,0.482,0.445,0.150,0.088,0.00
16414,Pursuer,0.482,0.445,0.119,0.083,0.00
16415,Runner,0.482,0.445,0.109,0.099,0.00
16416,Runner,0.483,0.445,0.093,0.170,1.10
16417,Pursuer,0.482,0.445,0.062,0.120,0.00
16418,Runner,0.483,0.445,0.080,0.139,3.56
16419,Runner,0.483,0.445,0.103,0.151,1.10
16420,Runner,0.483,0.445,0.105,0.123,0.00
16421,Runner,0.483,0.445,0.097,0.100,0.00
16422,Runner,0.483,0.445,0.088,0.128,2.34
16423,Pursuer,0.483,0.445,0.125,0.126,0.00
16424,Pursuer,0.483,0.445,0.123,0.113,0.00
16425,Runner,0.483,0.445,0.259,0.215,0.20
16426,Runner,0.483,0.445,0.081,0.100,0.00
16427,Runner,0.483,0.445,0.118,0.147,0.00
16428,Runner,0.483,0.445,0.092,0.099,0.00
16429,Runner,0.483,0.445,0.078,0.102,0.00
16430,Draw,0.483,0.445,0.131,0.142,0.02
16431,Pursuer,0.483,0.445,0.134,0.106,0.00
16432,Draw,0.483,0.445,0.142,0.141,18.38
16433,Runner,0.483,0.445,0.121,0.126,3.64
16434,Runner,0.483,0.445,0.103,0.135,2.04
16435,Pursuer,0.483,0.445,0.129,0.129,0.00
16436,Pursuer,0.483,0.445,0.133,0.121,0.00
16437,Runner,0.483,0.445,0.122,0.111,0.00
16438,Pursuer,0.483,0.445,0.145,0.138,0.00
16439,Pursuer,0.483,0.445,0.146,0.131,0.00
16440,Pursuer,0.483,0.445,0.158,0.110,0.00
16441,Pursuer,0.483,0.445,0.116,0.079,0.00
16442,Pursuer,0.483,0.445,0.127,0.112,0.00
16443,Pursuer,0.483,0.445,0.142,0.119,0.00
16444,Runner,0.483,0.445,0.000,0.000,0.02
16445,Pursuer,0.483,0.445,0.119,0.128,0.00
16446,Runner,0.483,0.445,0.119,0.140,2.08
16447,Pursuer,0.483,0.445,0.136,0.132,0.00
16448,Pursuer,0.482,0.445,0.131,0.109,0.00
16449,Runner,0.483,0.445,0.118,0.105,0.00
16450,Runner,0.483,0.445,0.090,0.123,1.18
16451,Pursuer,0.483,0.445,0.130,0.117,0.00
16452,Runner,0.483,0.445,0.098,0.126,0.48
16453,Runner,0.483,0.445,0.133,0.109,0.00
16454,Runner,0.483,0.445,0.119,0.130,0.00
16455,Pursuer,0.483,0.445,0.152,0.065,0.00
16456,Runner,0.483,0.445,0.211,0.092,0.02
16457,Runner,0.483,0.445,0.087,0.135,0.52
16458,Runner,0.483,0.445,0.093,0.138,0.16
16459,Runner,0.483,0.445,0.143,0.134,0.00
16460,Runner,0.483,0.445,0.115,0.132,0.00
16461,Runner,0.483,0.445,0.124,0.127,0.00
16462,Runner,0.483,0.445,0.117,0.140,2.44
16463,Pursuer,0.483,0.445,0.142,0.094,0.00
16464,Pursuer,0.483,0.445,0.143,0.118,0.00
16465,Runner,0.483,0.445,0.087,0.142,0.00
16466,Pursuer,0.483,0.445,0.129,0.142,0.00
16467,Pursuer,0.483,0.445,0.156,0.103,0.00
16468,Pursuer,0.483,0.445,0.149,0.125,0.00
16469,Runner,0.483,0.445,0.132,0.179,0.00
16470,Pursuer,0.483,0.445,0.138,0.083,0.00
16471,Draw,0.483,0.445,0.144,0.148,18.50
16472,Runner,0.483,0.445,0.110,0.117,0.00
16473,Runner,0.483,0.445,0.120,0.159,2.52
16474,Runner,0.483,0.445,0.095,0.070,0.00
16475,Pursuer,0.483,0.445,0.123,0.127,0.00
16476,Runner,0.483,0.445,0.114,0.105,0.00
16477,Runner,0.483,0.445,0.113,0.124,0.00
16478,Pursuer,0.483,0.445,0.619,0.719,0.00
16479,Pursuer,0.483,0.445,0.127,0.092,0.00
16480,Draw,0.483,0.445,0.142,0.140,17.92
16481,Runner,0.483,0.445,0.128,0.131,1.68
16482,Pursuer,0.483,0.445,0.150,0.114,0.00
16483,Pursuer,0.483,0.445,0.116,0.142,0.00
16484,Runner,0.483,0.445,0.132,0.223,0.00
16485,Runner,0.483,0.445,0.116,0.152,0.72
16486,Pursuer,0.483,0.445,0.132,0.125,0.00
16487,Runner,0.483,0.445,0.120,0.137,2.02
16488,Runner,0.483,0.445,0.126,0.106,0.54
16489,Runner,0.483,0.445,0.124,0.080,0.00
16490,Pursuer,0.483,0.445,0.174,0.116,0.00
16491,Runner,0.483,0.445,0.111,0.121,0.00
16492,Pursuer,0.483,0.445,0.116,0.111,0.00
16493,Runner,0.483,0.445,0.000,0.000,0.02
16494,Pursuer,0.483,0.445,0.165,0.090,0.00
16495,Pursuer,0.483,0.445,0.120,0.129,0.00
16496,Runner,0.483,0.445,0.152,0.126,0.00
16497,Pursuer,0.483,0.445,0.295,0.262,0.00
16498,Pursuer,0.483,0.445,0.151,0.104,0.00
16499,Runner,0.483,0.445,0.122,0.150,1.68
16500,Runner,0.483,0.445,0.145,0.132,0.84
16501,Runner,0.483,0.445,0.084,0.131,0.00
16502,Runner,0.483,0.445,0.135,0.141,5.06
16503,Pursuer,0.483,0.445,0.147,0.094,0.00
16504,Runner,0.483,0.445,0.093,0.138,2.08
16505,Pursuer,0.483,0.445,0.134,0.130,0.00
16506,Runner,0.483,0.445,0.174,0.132,0.00
16507,Runner,0.483,0.445,0.088,0.131,0.00
16508,Runner,0.483,0.445,0.076,0.147,3.80
16509,Pursuer,0.483,0.445,0.127,0.107,0.00
16510,Pursuer,0.483,0.445,0.132,0.136,0.00
16511,Runner,0.483,0.445,0.117,0.145,0.00
16512,Runner,0.483,0.445,0.067,0.125,3.06
16513,Runner,0.483,0.445,0.165,0.105,0.66
16514,Pursuer,0.483,0.445,0.118,0.138,0.00
16515,Runner,0.483,0.445,0.096,0.156,0.00
16516,Pursuer,0.483,0.445,0.174,0.117,0.00
16517,Pursuer,0.483,0.445,0.098,0.148,0.00
16518,Pursuer,0.483,0.445,0.129,0.138,0.00
16519,Runner,0.483,0.445,0.113,0.136,0.00
16520,Pursuer,0.483,0.445,0.143,0.125,0.00
16521,Runner,0.483,0.445,0.110,0.170,0.26
16522,Runner,0.483,0.445,0.102,0.135,0.52
16523,Pursuer,0.483,0.445,0.136,0.094,0.00
16524,Pursuer,0.483,0.445,0.121,0.084,0.00
16525,Pursuer,0.483,0.445,0.142,0.089,0.00
16526,Pursuer,0.483,0.445,0.146,0.144,0.00
16527,Runner,0.483,0.445,0.137,0.171,1.20
16528,Runner,0.483,0.445,0.073,0.080,0.00
16529,Pursuer,0.483,0.445,0.127,0.105,0.00
16530,Pursuer,0.483,0.445,0.117,0.139,0.00
16531,Runner,0.483,0.445,0.139,0.115,0.00
16532,Runner,0.483,0.445,0.083,0.089,0.66
16533,Runner,0.483,0.445,0.096,0.132,2.72
16534,Runner,0.483,0.445,0.106,0.109,0.00
16535,Runner,0.483,0.445,0.080,0.128,1.78
16536,Pursuer,0.483,0.445,0.000,0.000,0.00
16537,Runner,0.483,0.445,0.108,0.144,0.02
16538,Runner,0.483,0.445,0.121,0.145,1.12
16539,Runner,0.483,0.445,0.093,0.141,1.74
16540,Pursuer,0.483,0.445,0.122,0.106,0.00
16541,Runner,0.483,0.445,0.117,0.152,0.00
16542,Runner,0.483,0.445,0.109,0.130,0.52
16543,Pursuer,0.483,0.445,0.124,0.137,0.00
16544,Runner,0.483,0.445,0.105,0.139,1.06
16545,Runner,0.483,0.445,0.137,0.152,0.00
16546,Pursuer,0.483,0.445,0.162,0.135,0.00
16547,Pursuer,0.483,0.445,0.110,0.104,0.00
16548,Pursuer,0.483,0.445,0.151,0.115,0.00
16549,Runner,0.483,0.445,0.163,0.170,5.50
16550,Runner,0.483,0.445,0.094,0.138,3.82
16551,Runner,0.483,0.445,0.164,0.135,0.00
16552,Pursuer,0.483,0.445,0.000,0.000,0.00
16553,Runner,0.483,0.445,0.119,0.158,0.00
16554,Runner,0.483,0.445,0.214,0.142,0.00
16555,Runner,0.483,0.445,0.311,0.177,0.00
16556,Runner,0.483,0.444,0.104,0.152,2.40
16557,Pursuer,0.483,0.445,0.116,0.122,0.00
16558,Runner,0.483,0.444,0.168,0.159,0.00
16559,Runner,0.483,0.444,0.135,0.156,1.44
16560,Runner,0.483,0.444,0.129,0.159,0.00
16561,Pursuer,0.483,0.444,0.138,0.094,0.00
16562,Pursuer,0.483,0.445,0.152,0.145,0.00
16563,Runner,0.483,0.444,0.050,0.272,0.00
16564,Pursuer,0.483,0.445,0.000,0.000,0.00
16565,Runner,0.483,0.444,0.112,0.146,6.54
16566,Runner,0.483,0.444,0.122,0.144,0.28
16567,Runner,0.483,0.444,0.102,0.151,8.28
16568,Runner,0.483,0.444,0.113,0.145,2.06
16569,Runner,0.483,0.444,0.080,0.099,0.24
16570,Runner,0.483,0.444,0.101,0.162,0.00
16571,Pursuer,0.483,0.444,0.103,0.134,0.00
16572,Draw,0.483,0.444,0.140,0.138,16.76
16573,Runner,0.483,0.444,0.128,0.121,0.00
16574,Runner,0.483,0.444,0.088,0.131,0.00
16575,Runner,0.483,0.444,0.139,0.125,0.00
16576,Runner,0.483,0.444,0.092,0.129,1.82
16577,Draw,0.483,0.444,0.140,0.146,18.12
16578,Pursuer,0.483,0.444,0.142,0.137,0.00
16579,Pursuer,0.483,0.444,0.109,0.109,0.00
16580,Runner,0.483,0.444,0.100,0.203,0.52
16581,Runner,0.483,0.444,0.130,0.118,1.06
16582,Runner,0.483,0.444,0.154,0.145,0.00
16583,Runner,0.484,0.444,0.129,0.131,0.00
16584,Runner,0.484,0.444,0.109,0.157,1.00
16585,Runner,0.484,0.444,0.124,0.123,5.40
16586,Runner,0.484,0.444,0.153,0.189,1.10
16587,Runner,0.484,0.444,0.149,0.144,0.00
16588,Runner,0.484,0.444,0.125,0.141,0.68
16589,Pursuer,0.484,0.444,0.115,0.117,0.00
16590,Runner,0.484,0.444,0.119,0.149,2.54
16591,Pursuer,0.484,0.444,0.139,0.103,0.00
16592,Runner,0.484,0.444,0.103,0.148,0.14
16593,Pursuer,0.484,0.444,0.110,0.091,0.00
16594,Runner,0.484,0.444,0.105,0.110,0.00
16595,Pursuer,0.484,0.444,0.211,0.155,0.00
16596,Pursuer,0.484,0.444,0.149,0.095,0.00
16597,Draw,0.484,0.444,0.109,0.145,19.04
16598,Runner,0.484,0.444,0.134,0.145,2.44
16599,Runner,0.484,0.444,0.131,0.124,1.74
16600,Runner,0.484,0.444,0.139,0.150,0.00
16601,Runner,0.484,0.444,0.085,0.109,2.42
16602,Pursuer,0.484,0.444,0.142,0.117,0.00
16603,Runner,0.484,0.444,0.089,0.133,0.00
16604,Pursuer,0.484,0.444,0.131,0.117,0.00
16605,Pursuer,0.484,0.444,0.103,0.156,0.00
16606,Runner,0.484,0.444,0.086,0.157,1.86
16607,Runner,0.484,0.444,0.095,0.113,0.00
16608,Pursuer,0.484,0.444,0.122,0.097,0.00
16609,Runner,0.484,0.444,0.256,0.231,0.00
16610,Runner,0.484,0.444,0.089,0.157,0.00
16611,Runner,0.484,0.444,0.125,0.140,0.00
16612,Pursuer,0.484,0.444,0.111,0.166,0.00
16613,Pursuer,0.484,0.444,0.126,0.114,0.00
16614,Runner,0.484,0.444,0.114,0.185,0.50
16615,Runner,0.484,0.444,0.091,0.111,0.52
16616,Pursuer,0.484,0.444,0.129,0.131,0.00
16617,Runner,0.484,0.444,0.105,0.132,1.60
16618,Runner,0.484,0.444,0.121,0.165,2.28
16619,Pursuer,0.484,0.444,0.154,0.111,0.00
16620,Runner,0.484,0.444,0.095,0.147,1.22
16621,Pursuer,0.484,0.444,0.155,0.103,0.00
16622,Pursuer,0.484,0.444,0.204,0.059,0.00
16623,Pursuer,0.484,0.444,0.109,0.204,0.00
16624,Runner,0.484,0.444,0.075,0.128,0.00
16625,Runner,0.484,0.444,0.115,0.120,0.20
16626,Pursuer,0.484,0.444,0.097,0.085,0.00
16627,Pursuer,0.484,0.444,0.159,0.109,0.00
16628,Runner,0.484,0.444,0.123,0.134,2.06
16629,Pursuer,0.484,0.444,0.143,0.095,0.00
16630,Runner,0.484,0.444,0.098,0.152,1.48
16631,Runner,0.484,0.444,0.099,0.130,1.20
16632,Runner,0.484,0.444,0.145,0.139,0.28
16633,Runner,0.484,0.444,0.091,0.147,0.00
16634,Pursuer,0.484,0.444,0.125,0.108,0.00
16635,Runner,0.484,0.444,0.125,0.176,0.44
16636,Runner,0.484,0.444,0.075,0.124,0.00
16637,Runner,0.484,0.444,0.151,0.115,0.00
16638,Runner,0.484,0.444,0.144,0.106,0.00
16639,Runner,0.484,0.444,0.095,0.098,1.08
16640,Runner,0.484,0.444,0.141,0.171,0.00
16641,Runner,0.484,0.444,0.117,0.116,1.40
16642,Pursuer,0.484,0.444,0.141,0.174,0.00
16643,Runner,0.484,0.444,0.079,0.140,1.90
16644,Runner,0.484,0.444,0.128,0.131,1.64
16645,Draw,0.484,0.444,0.161,0.125,0.00
16646,Runner,0.484,0.444,0.137,0.133,0.00
16647,Pursuer,0.484,0.444,0.125,0.126,0.00
16648,Pursuer,0.484,0.444,0.057,0.046,0.00
16649,Pursuer,0.484,0.444,0.136,0.089,0.00
16650,Pursuer,0.484,0.444,0.131,0.129,0.00
16651,Runner,0.484,0.444,0.097,0.131,2.40
16652,Pursuer,0.484,0.444,0.153,0.096,0.00
16653,Pursuer,0.484,0.444,0.163,0.103,0.00
16654,Runner,0.484,0.444,0.155,0.104,0.00
16655,Runner,0.484,0.444,0.087,0.107,0.30
16656,Pursuer,0.484,0.444,0.129,0.112,0.00
16657,Pursuer,0.484,0.444,0.160,0.131,0.00
16658,Pursuer,0.484,0.444,0.147,0.155,0.00
16659,Draw,0.484,0.444,0.132,0.160,15.58
16660,Pursuer,0.484,0.444,0.178,0.161,0.00
16661,Pursuer,0.484,0.444,0.085,0.391,0.00
16662,Runner,0.484,0.444,0.097,0.129,3.68
16663,Runner,0.484,0.444,0.126,0.113,8.34
16664,Runner,0.484,0.444,0.085,0.130,0.00
16665,Runner,0.484,0.444,0.094,0.157,2.26
16666,Runner,0.484,0.444,0.112,0.153,0.58
16667,Runner,0.484,0.444,0.144,0.114,0.92
16668,Runner,0.484,0.444,0.000,0.000,0.04
16669,Pursuer,0.484,0.444,0.137,0.106,0.00
16670,Runner,0.484,0.444,0.122,0.163,2.90
16671,Runner,0.484,0.444,0.133,0.140,0.88
16672,Pursuer,0.484,0.444,0.138,0.141,0.00
16673,Runner,0.484,0.444,0.097,0.144,0.00
16674,Runner,0.484,0.444,0.111,0.146,2.10
16675,Pursuer,0.484,0.444,0.179,0.091,0.00
16676,Runner,0.484,0.444,0.112,0.113,0.92
16677,Pursuer,0.484,0.444,0.145,0.109,0.00
16678,Pursuer,0.484,0.444,0.102,0.108,0.00
16679,Pursuer,0.484,0.444,0.182,0.056,0.00
16680,Runner,0.484,0.444,0.125,0.122,0.00
16681,Runner,0.484,0.444,0.122,0.147,0.86
16682,Pursuer,0.484,0.444,0.134,0.085,0.00
16683,Runner,0.484,0.444,0.093,0.126,1.66
16684,Pursuer,0.484,0.444,0.000,0.000,0.00
16685,Runner,0.484,0.444,0.120,0.129,0.00
16686,Runner,0.484,0.444,0.093,0.135,0.00
16687,Pursuer,0.484,0.444,0.145,0.120,0.00
16688,Runner,0.484,0.444,0.121,0.149,6.66
16689,Pursuer,0.484,0.444,0.119,0.131,0.00
16690,Runner,0.484,0.444,0.082,0.159,0.66
16691,Pursuer,0.484,0.444,0.127,0.104,0.00
16692,Pursuer,0.484,0.444,0.142,0.101,0.00
16693,Pursuer,0.484,0.444,0.161,0.102,0.00
16694,Pursuer,0.484,0.444,0.141,0.111,0.00
16695,Runner,0.484,0.444,0.101,0.125,0.00
16696,Pursuer,0.484,0.444,0.691,0.693,0.00
16697,Runner,0.484,0.444,0.131,0.139,0.00
16698,Runner,0.484,0.444,0.089,0.128,2.08
16699,Pursuer,0.484,0.444,0.126,0.108,0.00
16700,Pursuer,0.484,0.444,0.123,0.093,0.00
16701,Runner,0.484,0.444,0.084,0.111,4.06
16702,Pursuer,0.484,0.444,0.152,0.117,0.00
16703,Pursuer,0.484,0.444,0.125,0.140,0.00
16704,Runner,0.484,0.444,0.091,0.161,0.00
16705,Runner,0.484,0.444,0.111,0.120,0.00
16706,Pursuer,0.484,0.444,0.135,0.104,0.00
16707,Pursuer,0.484,0.444,0.150,0.113,0.00
16708,Draw,0.484,0.444,0.125,0.156,0.00
16709,Pursuer,0.484,0.444,0.209,0.261,0.00
16710,Pursuer,0.484,0.444,0.168,0.066,0.00
16711,Runner,0.484,0.444,0.190,0.277,0.00
16712,Runner,0.484,0.444,0.097,0.151,1.28
16713,Pursuer,0.484,0.444,0.125,0.096,0.00
16714,Pursuer,0.484,0.444,0.124,0.165,0.00
16715,Runner,0.484,0.444,0.000,0.000,0.00
16716,Runner,0.484,0.444,0.090,0.148,1.86
16717,Pursuer,0.484,0.444,0.141,0.129,0.00
16718,Pursuer,0.484,0.444,0.117,0.144,0.00
16719,Pursuer,0.484,0.444,0.101,0.122,0.00
16720,Pursuer,0.484,0.444,0.159,0.126,0.00
16721,Pursuer,0.484,0.444,0.120,0.127,0.00
16722,Pursuer,0.484,0.444,0.133,0.104,0.00
16723,Runner,0.484,0.444,0.148,0.111,1.16
16724,Runner,0.484,0.444,0.058,0.341,0.00
16725,Runner,0.484,0.444,0.089,0.139,0.00
16726,Runner,0.484,0.444,0.106,0.134,0.00
16727,Runner,0.484,0.444,0.114,0.142,0.92
16728,Runner,0.484,0.444,0.096,0.141,3.18
16729,Pursuer,0.484,0.444,0.167,0.073,0.00
16730,Runner,0.484,0.444,0.111,0.130,0.00
16731,Pursuer,0.484,0.444,0.144,0.106,0.00
16732,Draw,0.484,0.444,0.145,0.148,19.98
16733,Runner,0.484,0.444,0.086,0.127,1.30
16734,Runner,0.484,0.444,0.123,0.163,0.00
16735,Runner,0.484,0.444,0.114,0.121,2.32
16736,Pursuer,0.484,0.444,0.138,0.121,0.00
16737,Pursuer,0.484,0.444,0.170,0.137,0.00
16738,Runner,0.484,0.444,0.100,0.127,0.00
16739,Pursuer,0.484,0.444,0.156,0.132,0.00
16740,Runner,0.484,0.444,0.090,0.168,2.04
16741,Pursuer,0.484,0.444,0.149,0.099,0.00
16742,Runner,0.484,0.444,0.125,0.135,0.00
16743,Runner,0.484,0.444,0.120,0.153,0.00
16744,Pursuer,0.484,0.444,0.120,0.159,0.00
16745,Runner,0.484,0.444,0.137,0.134,0.92
16746,Runner,0.484,0.444,0.109,0.112,0.00
16747,Pursuer,0.484,0.444,0.114,0.091,0.00
16748,Draw,0.484,0.444,0.158,0.151,19.82
16749,Runner,0.484,0.444,0.075,0.050,0.00
16750,Pursuer,0.484,0.444,0.134,0.174,0.00
16751,Runner,0.484,0.444,0.113,0.133,1.36
16752,Runner,0.484,0.444,0.106,0.142,0.00
16753,Runner,0.484,0.444,0.118,0.118,3.24
16754,Runner,0.484,0.444,0.099,0.116,0.66
16755,Draw,0.484,0.444,0.136,0.141,8.10
16756,Runner,0.484,0.444,0.119,0.153,0.00
16757,Runner,0.484,0.444,0.088,0.138,1.30
16758,Runner,0.484,0.444,0.103,0.142,5.50
16759,Runner,0.484,0.444,0.115,0.150,3.54
16760,Runner,0.484,0.444,0.101,0.164,0.00
16761,Runner,0.484,0.444,0.123,0.139,1.28
16762,Pursuer,0.484,0.444,0.160,0.142,0.00
16763,Runner,0.484,0.444,0.097,0.116,0.00
16764,Runner,0.484,0.444,0.098,0.137,0.00
16765,Runner,0.484,0.444,0.097,0.155,0.44
16766,Pursuer,0.484,0.444,0.098,0.082,0.00
16767,Pursuer,0.484,0.444,0.118,0.084,0.00
16768,Runner,0.484,0.444,0.135,0.115,0.00
16769,Pursuer,0.484,0.444,0.143,0.135,0.00
16770,Pursuer,0.484,0.444,0.150,0.100,0.00
16771,Runner,0.484,0.444,0.072,0.180,0.24
16772,Runner,0.484,0.444,0.126,0.115,0.00
16773,Runner,0.484,0.444,0.122,0.156,0.72
16774,Pursuer,0.484,0.444,0.128,0.111,0.00
16775,Pursuer,0.484,0.444,0.147,0.066,0.00
16776,Pursuer,0.484,0.444,0.142,0.139,0.00
16777,Pursuer,0.484,0.444,0.162,0.092,0.00
16778,Runner,0.484,0.444,0.111,0.143,1.38
16779,Runner,0.484,0.444,0.147,0.097,0.00
16780,Runner,0.484,0.444,0.090,0.127,0.00
16781,Runner,0.484,0.444,0.114,0.076,0.12
16782,Runner,0.484,0.444,0.122,0.142,1.42
16783,Runner,0.484,0.444,0.093,0.104,0.00
16784,Pursuer,0.484,0.444,0.136,0.124,0.00
16785,Runner,0.484,0.444,0.117,0.090,0.72
16786,Pursuer,0.484,0.444,0.114,0.091,0.00
16787,Draw,0.484,0.444,0.137,0.143,19.98
16788,Pursuer,0.484,0.444,0.157,0.188,0.00
16789,Pursuer,0.484,0.444,0.123,0.137,0.00
16790,Pursuer,0.484,0.444,0.138,0.142,0.00
16791,Runner,0.484,0.444,0.127,0.155,0.00
16792,Pursuer,0.484,0.444,0.125,0.158,0.00
16793,Runner,0.484,0.444,0.126,0.108,0.78
16794,Runner,0.484,0.444,0.111,0.099,0.00
16795,Runner,0.484,0.444,0.109,0.142,0.00
16796,Runner,0.484,0.444,0.112,0.126,0.00
16797,Pursuer,0.484,0.444,0.095,0.115,0.00
16798,Pursuer,0.484,0.444,0.117,0.092,0.00
16799,Runner,0.484,0.444,0.091,0.128,0.00
16800,Pursuer,0.484,0.444,0.121,0.098,0.00
16801,Pursuer,0.484,0.444,0.194,0.122,0.00
16802,Runner,0.484,0.444,0.079,0.177,0.24
16803,Runner,0.484,0.444,0.088,0.119,0.54
16804,Runner,0.484,0.444,0.100,0.148,2.10
16805,Pursuer,0.484,0.444,0.130,0.092,0.00
16806,Runner,0.484,0.444,0.083,0.124,0.00
16807,Pursuer,0.484,0.444,0.123,0.086,0.00
16808,Pursuer,0.484,0.444,0.136,0.116,0.00
16809,Pursuer,0.484,0.444,0.136,0.080,0.00
16810,Runner,0.484,0.444,0.097,0.155,1.96
16811,Pursuer,0.484,0.444,0.195,0.113,0.00
16812,Runner,0.484,0.444,0.080,0.162,1.32
16813,Pursuer,0.484,0.444,0.132,0.127,0.00
16814,Runner,0.484,0.444,0.120,0.125,0.00
16815,Pursuer,0.484,0.444,0.139,0.124,0.00
16816,Runner,0.484,0.444,0.109,0.110,0.02
16817,Runner,0.484,0.444,0.102,0.127,1.88
16818,Pursuer,0.484,0.444,0.151,0.095,0.00
16819,Runner,0.484,0.444,0.152,0.148,0.00
16820,Runner,0.484,0.444,0.089,0.160,2.94
16821,Runner,0.484,0.444,0.085,0.126,0.00
16822,Pursuer,0.484,0.444,0.158,0.140,0.00
16823,Pursuer,0.484,0.444,0.137,0.115,0.00
16824,Runner,0.484,0.444,0.100,0.095,1.16
16825,Runner,0.484,0.444,0.184,0.102,0.00
16826,Pursuer,0.484,0.444,0.121,0.087,0.00
16827,Runner,0.484,0.444,0.030,0.090,0.00
16828,Pursuer,0.484,0.444,0.147,0.085,0.00
16829,Runner,0.484,0.444,0.156,0.146,0.00
16830,Pursuer,0.484,0.444,0.000,0.000,0.00
16831,Runner,0.484,0.444,0.160,0.135,0.00
16832,Runner,0.484,0.444,0.157,0.128,0.00
16833,Runner,0.485,0.444,0.109,0.117,1.58
16834,Runner,0.485,0.444,0.094,0.123,0.00
16835,Runner,0.485,0.444,0.021,0.044,0.00
16836,Runner,0.485,0.444,0.139,0.123,0.46
16837,Pursuer,0.485,0.444,0.125,0.101,0.00
16838,Runner,0.485,0.444,0.095,0.138,0.00
16839,Runner,0.485,0.444,0.104,0.144,2.44
16840,Runner,0.485,0.444,0.106,0.155,0.00
16841,Runner,0.485,0.444,0.151,0.108,0.00
16842,Runner,0.485,0.444,0.106,0.159,7.94
16843,Draw,0.485,0.444,0.143,0.155,0.00
16844,Draw,0.485,0.444,0.110,0.118,0.00
16845,Pursuer,0.485,0.444,0.000,0.000,0.00
16846,Runner,0.485,0.444,0.102,0.146,3.68
16847,Pursuer,0.485,0.444,0.114,0.097,0.00
16848,Pursuer,0.485,0.444,0.141,0.148,0.00
16849,Runner,0.485,0.444,0.096,0.134,0.00
16850,Pursuer,0.485,0.444,0.124,0.101,0.00
16851,Pursuer,0.485,0.444,0.124,0.110,0.00
16852,Draw,0.485,0.444,0.155,0.156,18.64
16853,Pursuer,0.485,0.444,0.129,0.095,0.00
16854,Runner,0.485,0.444,0.222,0.151,0.60
16855,Runner,0.485,0.444,0.132,0.139,2.00
16856,Runner,0.485,0.444,0.147,0.140,0.62
16857,Pursuer,0.485,0.444,0.109,0.070,0.00
16858,Runner,0.485,0.444,0.129,0.154,0.00
16859,Runner,0.485,0.444,0.105,0.124,0.00
16860,Runner,0.485,0.444,0.094,0.141,0.94
16861,Runner,0.485,0.444,0.138,0.167,0.00
16862,Runner,0.485,0.443,0.150,0.140,0.00
16863,Runner,0.485,0.443,0.138,0.170,0.00
16864,Runner,0.485,0.443,0.105,0.153,0.00
16865,Runner,0.485,0.443,0.095,0.136,0.56
16866,Pursuer,0.485,0.443,0.139,0.101,0.00
16867,Runner,0.485,0.443,0.104,0.128,0.06
16868,Runner,0.485,0.443,0.068,0.120,2.04
16869,Runner,0.485,0.443,0.128,0.098,0.02
16870,Runner,0.485,0.443,0.117,0.190,0.00
16871,Draw,0.485,0.443,0.103,0.141,19.98
16872,Pursuer,0.485,0.443,0.126,0.122,0.00
16873,Runner,0.485,0.443,0.118,0.121,0.00
16874,Pursuer,0.485,0.443,0.121,0.138,0.00
16875,Runner,0.485,0.443,0.120,0.161,0.00
16876,Runner,0.485,0.443,0.092,0.115,0.00
16877,Pursuer,0.485,0.443,0.132,0.106,0.00
16878,Draw,0.485,0.443,0.147,0.141,18.16
16879,Runner,0.485,0.443,0.101,0.127,0.82
16880,Runner,0.485,0.443,0.182,0.102,0.00
16881,Runner,0.485,0.443,0.093,0.161,0.00
16882,Pursuer,0.485,0.443,0.116,0.105,0.00
16883,Pursuer,0.485,0.443,0.117,0.051,0.00
16884,Pursuer,0.485,0.443,0.131,0.091,0.00
16885,Pursuer,0.485,0.443,0.000,0.000,0.00
16886,Runner,0.485,0.443,0.212,0.159,0.00
16887,Pursuer,0.485,0.443,0.110,0.100,0.00
16888,Pursuer,0.485,0.443,0.145,0.166,0.00
16889,Runner,0.485,0.443,0.116,0.119,0.42
16890,Pursuer,0.485,0.443,0.151,0.140,0.00
16891,Runner,0.485,0.443,0.122,0.153,0.00
16892,Pursuer,0.485,0.443,0.152,0.078,0.00
16893,Pursuer,0.485,0.443,0.127,0.112,0.00
16894,Pursuer,0.485,0.443,0.155,0.132,0.00
16895,Runner,0.485,0.443,0.146,0.132,0.00
16896,Runner,0.485,0.443,0.109,0.112,0.00
16897,Pursuer,0.485,0.443,0.172,0.135,0.00
16898,Runner,0.485,0.443,0.000,0.000,0.02
16899,Runner,0.485,0.443,0.114,0.127,1.58
16900,Pursuer,0.485,0.443,0.144,0.084,0.00
16901,Pursuer,0.485,0.443,0.102,0.122,0.00
16902,Pursuer,0.485,0.443,0.173,0.154,0.00
16903,Runner,0.485,0.443,0.084,0.121,0.00
16904,Draw,0.485,0.443,0.154,0.139,16.40
16905,Runner,0.485,0.443,0.120,0.127,1.44
16906,Runner,0.485,0.443,0.170,0.234,0.36
16907,Pursuer,0.485,0.443,0.136,0.123,0.00
16908,Pursuer,0.485,0.443,0.143,0.165,0.00
16909,Runner,0.485,0.443,0.116,0.119,0.00
16910,Runner,0.485,0.443,0.094,0.158,1.48
16911,Pursuer,0.485,0.443,0.141,0.100,0.00
16912,Runner,0.485,0.443,0.187,0.083,0.00
16913,Runner,0.485,0.443,0.086,0.168,0.00
16914,Runner,0.485,0.443,0.078,0.103,0.34
16915,Pursuer,0.485,0.443,0.145,0.126,0.00
16916,Pursuer,0.485,0.443,0.136,0.098,0.00
16917,Pursuer,0.485,0.443,0.136,0.110,0.00
16918,Runner,0.485,0.443,0.128,0.120,1.14
16919,Pursuer,0.485,0.443,0.200,0.122,0.00
16920,Runner,0.485,0.443,0.093,0.128,0.10
16921,Pursuer,0.485,0.443,0.175,0.084,0.00
16922,Draw,0.485,0.443,0.116,0.137,19.98
16923,Runner,0.485,0.443,0.000,0.000,0.00
16924,Pursuer,0.485,0.443,0.214,0.255,0.00
16925,Pursuer,0.485,0.443,0.136,0.137,0.00
16926,Draw,0.485,0.443,0.146,0.143,16.76
16927,Runner,0.485,0.443,0.099,0.129,4.34
16928,Runner,0.485,0.443,0.097,0.140,1.04
16929,Pursuer,0.485,0.443,0.494,1.134,0.00
16930,Pursuer,0.485,0.443,0.127,0.146,0.00
16931,Runner,0.485,0.443,0.112,0.159,0.02
16932,Runner,0.485,0.443,0.125,0.161,0.44
16933,Pursuer,0.485,0.443,0.110,0.094,0.00
16934,Pursuer,0.485,0.443,0.108,0.084,0.00
16935,Pursuer,0.485,0.444,0.135,0.081,0.00
16936,Pursuer,0.485,0.444,0.103,0.092,0.00
16937,Runner,0.485,0.444,0.105,0.137,2.08
16938,Runner,0.485,0.443,0.091,0.158,1.84
16939,Runner,0.485,0.443,0.112,0.137,0.00
16940,Pursuer,0.485,0.444,0.145,0.118,0.00
16941,Runner,0.485,0.443,0.115,0.123,0.00
16942,Pursuer,0.485,0.444,0.139,0.133,0.00
16943,Runner,0.485,0.443,0.104,0.125,0.00
16944,Runner,0.485,0.443,0.100,0.130,0.00
16945,Runner,0.485,0.443,0.124,0.124,0.00
16946,Runner,0.485,0.443,0.110,0.164,1.92
16947,Pursuer,0.485,0.443,0.147,0.084,0.00
16948,Pursuer,0.485,0.443,0.141,0.132,0.00
16949,Pursuer,0.485,0.444,0.022,0.026,0.00
16950,Runner,0.485,0.443,0.104,0.154,2.48
16951,Pursuer,0.485,0.444,0.134,0.135,0.00
16952,Runner,0.485,0.443,0.121,0.157,0.00
16953,Pursuer,0.485,0.444,0.135,0.130,0.00
16954,Runner,0.485,0.443,0.111,0.122,3.64
16955,Runner,0.485,0.443,0.106,0.189,0.00
16956,Runner,0.485,0.443,0.110,0.121,1.50
16957,Runner,0.485,0.443,0.088,0.124,0.00
16958,Runner,0.485,0.443,0.138,0.142,0.00
16959,Runner,0.485,0.443,0.116,0.097,0.00
16960,Pursuer,0.485,0.443,0.145,0.125,0.00
16961,Runner,0.485,0.443,0.126,0.133,0.00
16962,Runner,0.485,0.443,0.122,0.130,1.06
16963,Runner,0.485,0.443,0.096,0.123,1.80
16964,Runner,0.485,0.443,0.130,0.127,2.48
16965,Pursuer,0.485,0.443,0.124,0.103,0.00
16966,Pursuer,0.485,0.443,0.133,0.141,0.00
16967,Runner,0.485,0.443,0.111,0.128,2.12
16968,Runner,0.485,0.443,0.129,0.121,2.60
16969,Runner,0.485,0.443,0.120,0.136,0.00
16970,Runner,0.485,0.443,0.182,0.187,0.00
16971,Draw,0.485,0.443,0.133,0.141,0.00
16972,Pursuer,0.485,0.443,0.694,0.274,0.00
16973,Runner,0.485,0.443,0.078,0.105,0.04
16974,Runner,0.485,0.443,0.137,0.106,3.88
16975,Runner,0.485,0.443,0.109,0.157,0.00
16976,Runner,0.485,0.443,0.118,0.116,0.00
16977,Runner,0.485,0.443,0.141,0.137,0.80
16978,Runner,0.485,0.443,0.084,0.132,1.20
16979,Pursuer,0.485,0.443,0.099,0.133,0.00
16980,Runner,0.485,0.443,0.109,0.131,1.76
16981,Runner,0.485,0.443,0.093,0.152,0.00
16982,Runner,0.485,0.443,0.106,0.120,1.14
16983,Runner,0.485,0.443,0.148,0.107,0.00
16984,Runner,0.485,0.443,0.123,0.125,2.46
16985,Pursuer,0.485,0.443,0.164,0.141,0.00
16986,Pursuer,0.485,0.443,0.148,0.087,0.00
16987,Pursuer,0.485,0.443,0.101,0.084,0.00
16988,Runner,0.485,0.443,0.104,0.138,0.00
16989,Runner,0.485,0.443,0.128,0.116,0.00
16990,Runner,0.485,0.443,0.087,0.128,0.00
16991,Pursuer,0.485,0.443,0.104,0.108,0.00
16992,Runner,0.485,0.443,0.087,0.121,0.26
16993,Pursuer,0.485,0.443,0.126,0.418,0.00
16994,Runner,0.485,0.443,0.079,0.131,0.50
16995,Runner,0.485,0.443,0.122,0.149,1.94
16996,Draw,0.485,0.443,0.160,0.133,14.20
16997,Pursuer,0.485,0.443,0.175,0.153,0.00
16998,Runner,0.485,0.443,0.102,0.137,0.00
16999,Runner,0.485,0.443,0.084,0.136,2.60
17000,Draw,0.485,0.443,0.081,0.134,15.52
17001,Pursuer,0.485,0.443,0.156,0.117,0.00
17002,Runner,0.485,0.443,0.131,0.162,0.30
17003,Pursuer,0.485,0.443,0.065,0.155,0.00
17004,Runner,0.485,0.443,0.091,0.134,1.32
17005,Pursuer,0.485,0.443,0.105,0.091,0.00
17006,Runner,0.485,0.443,0.146,0.136,0.00
17007,Pursuer,0.485,0.443,0.138,0.124,0.00
17008,Runner,0.485,0.443,0.123,0.146,0.00
17009,Runner,0.485,0.443,0.141,0.113,0.56
17010,Runner,0.485,0.443,0.095,0.136,2.54
17011,Runner,0.486,0.443,0.113,0.106,2.00
17012,Runner,0.486,0.443,0.110,0.122,1.76
17013,Pursuer,0.486,0.443,0.112,0.110,0.00
17014,Pursuer,0.485,0.443,0.135,0.125,0.00
17015,Pursuer,0.485,0.443,0.128,0.147,0.00
17016,Draw,0.485,0.443,0.110,0.117,0.58
17017,Runner,0.485,0.443,0.161,0.146,0.00
17018,Runner,0.485,0.443,0.136,0.147,0.00
17019,Pursuer,0.485,0.443,0.150,0.133,0.00
17020,Pursuer,0.485,0.443,0.130,0.115,0.00
17021,Runner,0.485,0.443,0.127,0.161,1.18
17022,Runner,0.485,0.443,0.088,0.122,0.00
17023,Pursuer,0.485,0.443,0.105,0.107,0.00
17024,Draw,0.485,0.443,0.144,0.145,3.42
17025,Pursuer,0.485,0.443,0.151,0.133,0.00
17026,Pursuer,0.485,0.443,0.133,0.049,0.00
17027,Runner,0.485,0.443,0.158,0.176,0.00
17028,Runner,0.485,0.443,0.126,0.112,0.00
17029,Pursuer,0.485,0.443,0.143,0.088,0.00
17030,Runner,0.485,0.443,0.095,0.146,1.44
17031,Runner,0.485,0.443,0.104,0.133,0.00
17032,Runner,0.485,0.443,0.083,0.135,1.48
17033,Pursuer,0.485,0.443,0.103,0.152,0.00
17034,Pursuer,0.485,0.443,0.151,0.107,0.00
17035,Runner,0.485,0.443,0.152,0.090,0.00
17036,Pursuer,0.485,0.443,0.112,0.079,0.00
17037,Draw,0.485,0.443,0.147,0.144,19.04
17038,Runner,0.485,0.443,0.146,0.130,2.40
17039,Runner,0.485,0.443,0.099,0.151,0.00
17040,Pursuer,0.485,0.443,0.150,0.118,0.00
17041,Runner,0.485,0.443,0.098,0.146,4.92
17042,Runner,0.486,0.443,0.169,0.137,0.00
17043,Pursuer,0.485,0.443,0.154,0.129,0.00
17044,Runner,0.486,0.443,0.108,0.141,2.56
17045,Runner,0.486,0.443,0.151,0.137,0.78
17046,Pursuer,0.486,0.443,0.164,0.159,0.00
17047,Pursuer,0.485,0.443,0.152,0.101,0.00
17048,Runner,0.486,0.443,0.133,0.102,0.12
17049,Runner,0.486,0.443,0.176,0.146,0.00
17050,Runner,0.486,0.443,0.136,0.134,0.86
17051,Draw,0.486,0.443,0.130,0.140,0.00
17052,Runner,0.486,0.443,0.000,0.000,0.00
17053,Runner,0.486,0.443,0.120,0.133,0.00
17054,Pursuer,0.486,0.443,0.134,0.161,0.00
17055,Runner,0.486,0.443,0.124,0.144,0.00
17056,Runner,0.486,0.443,0.123,0.133,0.00
17057,Pursuer,0.486,0.443,0.110,0.132,0.00
17058,Runner,0.486,0.443,0.081,0.105,1.50
17059,Runner,0.486,0.443,0.101,0.103,0.00
17060,Pursuer,0.486,0.443,0.146,0.118,0.00
17061,Runner,0.486,0.443,0.157,0.111,0.00
17062,Runner,0.486,0.443,0.137,0.136,0.72
17063,Pursuer,0.486,0.443,0.114,0.239,0.00
17064,Pursuer,0.486,0.443,0.098,0.122,0.00
17065,Pursuer,0.486,0.443,0.138,0.101,0.00
17066,Runner,0.486,0.443,0.106,0.171,0.00
17067,Runner,0.486,0.443,0.077,0.130,3.70
17068,Runner,0.486,0.443,0.119,0.141,0.00
17069,Runner,0.486,0.443,0.086,0.155,0.00
17070,Runner,0.486,0.443,0.117,0.121,0.00
17071,Runner,0.486,0.443,0.093,0.152,1.48
17072,Runner,0.486,0.443,0.133,0.121,0.00
17073,Pursuer,0.486,0.443,0.143,0.182,0.00
17074,Runner,0.486,0.443,0.105,0.093,0.22
17075,Runner,0.486,0.443,0.105,0.127,0.00
17076,Runner,0.486,0.443,0.107,0.120,0.92
17077,Runner,0.486,0.443,0.092,0.154,1.12
17078,Runner,0.486,0.442,0.109,0.136,1.54
17079,Runner,0.486,0.442,0.101,0.135,0.00
17080,Runner,0.486,0.442,0.089,0.156,1.20
17081,Pursuer,0.486,0.442,0.131,0.160,0.00
17082,Runner,0.486,0.442,0.132,0.126,0.00
17083,Runner,0.486,0.442,0.131,0.169,0.00
17084,Runner,0.486,0.442,0.088,0.119,0.64
17085,Pursuer,0.486,0.442,0.135,0.150,0.00
17086,Runner,0.486,0.442,0.082,0.119,0.00
17087,Runner,0.486,0.442,0.162,0.149,0.00
17088,Runner,0.486,0.442,0.121,0.111,0.00
17089,Runner,0.486,0.442,0.085,0.124,2.72
17090,Runner,0.486,0.442,0.115,0.116,0.00
17091,Runner,0.486,0.442,0.251,0.559,0.00
17092,Pursuer,0.486,0.442,0.167,0.075,0.00
17093,Draw,0.486,0.442,0.100,0.148,19.88
17094,Pursuer,0.486,0.442,0.142,0.098,0.00
17095,Runner,0.486,0.442,0.103,0.118,0.00
17096,Pursuer,0.486,0.442,0.134,0.138,0.00
17097,Runner,0.486,0.442,0.126,0.101,0.00
17098,Pursuer,0.486,0.442,0.083,0.113,0.00
17099,Draw,0.486,0.442,0.143,0.141,16.22
17100,Pursuer,0.486,0.442,0.155,0.146,0.00
17101,Runner,0.486,0.442,0.107,0.137,1.58
17102,Runner,0.486,0.442,0.092,0.130,0.00
17103,Runner,0.486,0.442,0.094,0.126,0.00
17104,Pursuer,0.486,0.442,0.151,0.123,0.00
17105,Runner,0.486,0.442,0.119,0.127,0.00
17106,Runner,0.486,0.442,0.138,0.163,0.00
17107,Runner,0.486,0.442,0.221,0.137,0.00
17108,Runner,0.486,0.442,0.102,0.126,1.58
17109,Pursuer,0.486,0.442,0.151,0.142,0.00
17110,Pursuer,0.486,0.442,0.108,0.171,0.00
17111,Runner,0.486,0.442,0.168,0.163,0.00
17112,Pursuer,0.486,0.442,0.118,0.128,0.00
17113,Runner,0.486,0.442,0.144,0.142,2.08
17114,Pursuer,0.486,0.442,0.183,0.116,0.00
17115,Pursuer,0.486,0.442,0.157,0.144,0.00
17116,Runner,0.486,0.442,0.144,0.113,0.00
17117,Pursuer,0.486,0.442,0.151,0.125,0.00
17118,Pursuer,0.486,0.442,0.089,0.103,0.00
17119,Pursuer,0.486,0.442,0.105,0.094,0.00
17120,Pursuer,0.486,0.442,0.139,0.120,0.00
17121,Runner,0.486,0.442,0.111,0.120,0.34
17122,Runner,0.486,0.442,0.107,0.179,0.00
17123,Runner,0.486,0.442,0.110,0.177,0.52
17124,Runner,0.486,0.442,0.142,0.117,0.00
17125,Runner,0.486,0.442,0.114,0.114,0.00
17126,Pursuer,0.486,0.442,0.133,0.129,0.00
17127,Runner,0.486,0.442,0.089,0.128,0.00
17128,Draw,0.486,0.442,0.151,0.148,19.50
17129,Runner,0.486,0.442,0.112,0.116,0.00
17130,Runner,0.486,0.442,0.090,0.157,2.66
17131,Pursuer,0.486,0.442,0.152,0.141,0.00
17132,Runner,0.486,0.442,0.141,0.128,1.32
17133,Runner,0.486,0.442,0.108,0.121,0.00
17134,Runner,0.486,0.442,0.123,0.177,0.00
17135,Runner,0.486,0.442,0.108,0.110,0.00
17136,Pursuer,0.486,0.442,0.135,0.147,0.00
17137,Runner,0.486,0.442,0.125,0.146,0.00
17138,Runner,0.486,0.442,0.120,0.135,1.18
17139,Runner,0.486,0.442,0.104,0.130,2.30
17140,Pursuer,0.486,0.442,0.135,0.138,0.00
17141,Runner,0.486,0.442,0.120,0.117,1.10
17142,Pursuer,0.486,0.442,0.129,0.173,0.00
17143,Pursuer,0.486,0.442,0.155,0.088,0.00
17144,Pursuer,0.486,0.442,0.147,0.128,0.00
17145,Pursuer,0.486,0.442,0.136,0.132,0.00
17146,Runner,0.486,0.442,0.159,0.135,0.80
17147,Runner,0.486,0.442,0.128,0.158,0.00
17148,Pursuer,0.486,0.442,0.109,0.148,0.00
17149,Runner,0.486,0.442,0.154,0.201,0.02
17150,Runner,0.486,0.442,0.119,0.129,0.40
17151,Pursuer,0.486,0.442,0.157,0.117,0.00
17152,Pursuer,0.486,0.442,0.113,0.182,0.00
17153,Runner,0.486,0.442,0.111,0.137,0.00
17154,Pursuer,0.486,0.442,0.132,0.139,0.00
17155,Runner,0.486,0.442,0.073,0.147,0.24
17156,Runner,0.486,0.442,0.095,0.137,0.70
17157,Runner,0.486,0.442,0.159,0.148,0.00
17158,Pursuer,0.486,0.442,0.141,0.118,0.00
17159,Runner,0.486,0.442,0.000,0.000,0.00
17160,Pursuer,0.486,0.442,0.122,0.051,0.00
17161,Pursuer,0.486,0.442,0.186,0.110,0.00
17162,Runner,0.486,0.442,0.127,0.138,0.00
17163,Runner,0.486,0.442,0.210,0.142,0.00
17164,Runner,0.486,0.442,0.137,0.134,0.00
17165,Runner,0.487,0.442,0.085,0.164,3.54
17166,Runner,0.487,0.442,0.133,0.127,0.00
17167,Runner,0.487,0.442,0.101,0.142,0.00
17168,Runner,0.487,0.442,0.101,0.144,2.30
17169,Runner,0.487,0.442,0.129,0.148,0.00
17170,Runner,0.487,0.442,0.184,0.111,0.00
17171,Runner,0.487,0.442,0.080,0.126,2.72
17172,Pursuer,0.487,0.442,0.000,0.000,0.00
17173,Pursuer,0.487,0.442,0.180,0.128,0.00
17174,Runner,0.487,0.442,0.134,0.142,7.06
17175,Pursuer,0.487,0.442,0.129,0.138,0.00
17176,Draw,0.487,0.442,0.127,0.144,17.04
17177,Pursuer,0.487,0.442,0.148,0.192,0.00
17178,Pursuer,0.487,0.442,0.095,0.132,0.00
17179,Pursuer,0.487,0.442,0.141,0.119,0.00
17180,Pursuer,0.486,0.442,0.145,0.109,0.00
17181,Pursuer,0.486,0.442,0.129,0.094,0.00
17182,Runner,0.486,0.442,0.115,0.113,0.36
17183,Pursuer,0.486,0.442,0.153,0.108,0.00
17184,Pursuer,0.486,0.442,0.170,0.233,0.00
17185,Pursuer,0.486,0.442,0.214,0.133,0.00
17186,Draw,0.486,0.442,0.147,0.159,17.74
17187,Pursuer,0.486,0.442,0.000,0.000,0.00
17188,Runner,0.486,0.442,0.098,0.141,0.30
17189,Runner,0.486,0.442,0.109,0.122,0.00
17190,Runner,0.486,0.442,0.123,0.131,0.00
17191,Pursuer,0.486,0.442,0.136,0.149,0.00
17192,Draw,0.486,0.442,0.144,0.151,18.64
17193,Runner,0.486,0.442,0.109,0.126,0.44
17194,Pursuer,0.486,0.442,0.127,0.086,0.00
17195,Runner,0.486,0.442,0.113,0.140,6.46
17196,Runner,0.486,0.442,0.131,0.142,0.00
17197,Draw,0.486,0.442,0.145,0.151,16.96
17198,Pursuer,0.486,0.442,0.163,0.124,0.00
17199,Runner,0.486,0.442,0.089,0.157,2.08
17200,Pursuer,0.486,0.442,0.137,0.082,0.00
17201,Pursuer,0.486,0.442,0.162,0.199,0.00
17202,Pursuer,0.486,0.442,0.128,0.128,0.00
17203,Pursuer,0.486,0.442,0.121,0.128,0.00
17204,Runner,0.486,0.442,0.097,0.141,0.00
17205,Runner,0.486,0.442,0.131,0.155,1.22
17206,Pursuer,0.486,0.442,0.137,0.108,0.00
17207,Runner,0.486,0.442,0.128,0.135,0.00
17208,Pursuer,0.486,0.442,0.117,0.095,0.00
17209,Runner,0.486,0.442,0.122,0.143,0.00
17210,Pursuer,0.486,0.442,0.182,0.106,0.00
17211,Pursuer,0.486,0.442,0.077,0.111,0.00
17212,Runner,0.486,0.442,0.103,0.118,0.00
17213,Pursuer,0.486,0.442,0.112,0.118,0.00
17214,Pursuer,0.486,0.442,0.142,0.104,0.00
17215,Runner,0.486,0.442,0.145,0.136,0.00
17216,Draw,0.486,0.442,0.143,0.133,19.16
17217,Runner,0.486,0.442,0.098,0.136,0.46
17218,Runner,0.486,0.442,0.147,0.102,1.40
17219,Runner,0.486,0.442,0.087,0.141,0.00
17220,Runner,0.486,0.442,0.097,0.126,0.00
17221,Pursuer,0.486,0.442,0.151,0.124,0.00
17222,Runner,0.486,0.442,0.117,0.150,0.00
17223,Pursuer,0.486,0.442,0.000,0.000,0.00
17224,Runner,0.486,0.442,0.115,0.143,0.00
17225,Runner,0.486,0.442,0.117,0.132,0.00
17226,Draw,0.486,0.442,0.122,0.147,19.94
17227,Runner,0.486,0.442,0.125,0.169,0.00
17228,Draw,0.486,0.442,0.147,0.153,0.00
17229,Runner,0.486,0.442,0.105,0.131,0.24
17230,Pursuer,0.486,0.442,0.135,0.103,0.00
17231,Runner,0.486,0.442,0.117,0.138,1.28
17232,Pursuer,0.486,0.442,0.128,0.137,0.00
17233,Pursuer,0.486,0.442,0.126,0.103,0.00
17234,Runner,0.486,0.442,0.222,0.120,0.00
17235,Pursuer,0.486,0.442,0.156,0.134,0.00
17236,Pursuer,0.486,0.442,0.150,0.173,0.00
17237,Runner,0.486,0.442,0.119,0.118,0.00
17238,Pursuer,0.486,0.442,0.130,0.134,0.00
17239,Pursuer,0.486,0.442,0.126,0.126,0.00
17240,Pursuer,0.486,0.442,0.125,0.104,0.00
17241,Pursuer,0.486,0.442,0.127,0.135,0.00
17242,Runner,0.486,0.442,0.000,0.000,0.00
17243,Pursuer,0.486,0.442,0.133,0.115,0.00
17244,Pursuer,0.486,0.442,0.134,0.111,0.00
17245,Runner,0.486,0.442,0.162,0.157,0.00
17246,Pursuer,0.486,0.442,0.127,0.129,0.00
17247,Pursuer,0.486,0.442,0.136,0.143,0.00
17248,Runner,0.486,0.442,0.134,0.132,2.72
17249,Pursuer,0.486,0.442,0.116,0.111,0.00
17250,Pursuer,0.486,0.442,0.135,0.142,0.00
17251,Pursuer,0.486,0.442,0.115,0.127,0.00
17252,Pursuer,0.486,0.442,0.135,0.112,0.00
17253,Pursuer,0.486,0.442,0.145,0.127,0.00
17254,Pursuer,0.486,0.443,0.113,0.110,0.00
17255,Runner,0.486,0.442,0.131,0.102,0.00
17256,Runner,0.486,0.442,0.102,0.151,0.00
17257,Pursuer,0.486,0.442,0.121,0.107,0.00
17258,Runner,0.486,0.442,0.096,0.145,6.20
17259,Pursuer,0.486,0.442,0.116,0.144,0.00
17260,Pursuer,0.486,0.443,0.135,0.130,0.00
17261,Pursuer,0.486,0.443,0.143,0.118,0.00
17262,Runner,0.486,0.443,0.116,0.168,1.06
17263,Pursuer,0.486,0.443,0.110,0.121,0.00
17264,Runner,0.486,0.443,0.114,0.136,0.00
17265,Runner,0.486,0.443,0.146,0.132,1.18
17266,Pursuer,0.486,0.443,0.000,0.000,0.00
17267,Runner,0.486,0.443,0.105,0.127,2.28
17268,Pursuer,0.486,0.443,0.141,0.077,0.00
17269,Runner,0.486,0.443,0.086,0.149,2.16
17270,Pursuer,0.486,0.443,0.128,0.131,0.00
17271,Runner,0.486,0.443,0.099,0.137,4.02
17272,Runner,0.486,0.443,0.107,0.155,0.26
17273,Runner,0.486,0.442,0.100,0.117,0.00
17274,Pursuer,0.486,0.443,0.142,0.086,0.00
17275,Runner,0.486,0.442,0.171,0.124,0.68
17276,Draw,0.486,0.442,0.153,0.149,18.82
17277,Runner,0.486,0.442,0.093,0.153,0.00
17278,Pursuer,0.486,0.442,0.168,0.089,0.00
17279,Runner,0.486,0.442,0.101,0.146,1.62
17280,Pursuer,0.486,0.442,0.137,0.124,0.00
17281,Runner,0.486,0.442,0.142,0.119,0.00
17282,Pursuer,0.486,0.442,0.068,0.147,0.00
17283,Pursuer,0.486,0.443,0.122,0.142,0.00
17284,Runner,0.486,0.442,0.133,0.137,0.00
17285,Runner,0.486,0.442,0.102,0.128,0.88
17286,Runner,0.486,0.442,0.083,0.139,0.72
17287,Pursuer,0.486,0.442,0.176,0.121,0.00
17288,Pursuer,0.486,0.443,0.138,0.106,0.00
17289,Runner,0.486,0.442,0.112,0.046,0.00
17290,Pursuer,0.486,0.443,0.136,0.132,0.00
17291,Runner,0.486,0.442,0.111,0.106,0.00
17292,Runner,0.486,0.442,0.076,0.137,0.86
17293,Runner,0.486,0.442,0.104,0.138,0.54
17294,Pursuer,0.486,0.442,0.149,0.089,0.00
17295,Runner,0.486,0.442,0.108,0.174,0.00
17296,Pursuer,0.486,0.442,0.117,0.144,0.00
17297,Pursuer,0.486,0.443,0.141,0.134,0.00
17298,Runner,0.486,0.442,0.085,0.156,0.00
17299,Runner,0.486,0.442,0.129,0.122,2.08
17300,Pursuer,0.486,0.442,0.132,0.094,0.00
17301,Pursuer,0.486,0.443,0.135,0.078,0.00
17302,Pursuer,0.486,0.443,0.137,0.097,0.00
17303,Pursuer,0.486,0.443,0.132,0.126,0.00
17304,Runner,0.486,0.443,0.128,0.142,0.46
17305,Runner,0.486,0.443,0.100,0.126,0.92
17306,Runner,0.486,0.443,0.063,0.122,0.00
17307,Runner,0.486,0.442,0.105,0.129,1.00
17308,Runner,0.486,0.442,0.100,0.130,0.00
17309,Runner,0.486,0.442,0.081,0.123,0.00
17310,Pursuer,0.486,0.442,0.129,0.088,0.00
17311,Pursuer,0.486,0.442,0.157,0.146,0.00
17312,Draw,0.486,0.442,0.152,0.145,17.52
17313,Runner,0.486,0.442,0.098,0.121,0.00
17314,Runner,0.486,0.442,0.154,0.113,0.00
17315,Runner,0.486,0.442,0.113,0.152,0.40
17316,Pursuer,0.486,0.442,0.130,0.115,0.00
17317,Pursuer,0.486,0.442,0.118,0.104,0.00
17318,Runner,0.486,0.442,0.117,0.178,0.00
17319,Runner,0.486,0.442,0.091,0.125,3.02
17320,Pursuer,0.486,0.442,0.148,0.124,0.00
17321,Pursuer,0.486,0.442,0.000,0.000,0.00
17322,Pursuer,0.486,0.443,0.129,0.113,0.00
17323,Pursuer,0.486,0.443,0.112,0.094,0.00
17324,Runner,0.486,0.443,0.100,0.138,0.00
17325,Runner,0.486,0.442,0.151,0.122,0.00
17326,Pursuer,0.486,0.443,0.125,0.115,0.00
17327,Runner,0.486,0.442,0.100,0.139,6.76
17328,Pursuer,0.486,0.443,0.135,0.117,0.00
17329,Runner,0.486,0.442,0.141,0.157,0.72
17330,Pursuer,0.486,0.443,0.118,0.077,0.00
17331,Runner,0.486,0.443,0.100,0.190,0.00
17332,Runner,0.486,0.442,0.157,0.146,0.02
17333,Runner,0.486,0.442,0.109,0.119,0.92
17334,Runner,0.486,0.442,0.118,0.163,0.00
17335,Draw,0.486,0.442,0.144,0.145,16.20
17336,Runner,0.486,0.442,0.112,0.156,6.64
17337,Runner,0.486,0.442,0.073,0.137,1.94
17338,Pursuer,0.486,0.442,0.131,0.103,0.00
17339,Runner,0.486,0.442,0.100,0.148,0.06
17340,Pursuer,0.486,0.442,0.095,0.116,0.00
17341,Runner,0.486,0.442,0.129,0.169,0.00
17342,Runner,0.486,0.442,0.087,0.128,1.70
17343,Pursuer,0.486,0.442,0.126,0.090,0.00
17344,Runner,0.486,0.442,0.000,0.000,0.00
17345,Pursuer,0.486,0.442,0.000,0.000,0.00
17346,Pursuer,0.486,0.442,0.125,0.124,0.00
17347,Pursuer,0.486,0.442,0.154,0.092,0.00
17348,Draw,0.486,0.442,0.085,0.134,13.54
17349,Runner,0.486,0.442,0.130,0.167,4.86
17350,Runner,0.486,0.442,0.105,0.162,0.00
17351,Pursuer,0.486,0.442,0.143,0.108,0.00
17352,Runner,0.486,0.442,0.000,0.000,0.00
17353,Pursuer,0.486,0.442,0.153,0.309,0.00
17354,Pursuer,0.486,0.442,0.095,0.141,0.00
17355,Runner,0.486,0.442,0.083,0.136,1.46
17356,Runner,0.486,0.442,0.099,0.121,0.00
17357,Runner,0.486,0.442,0.081,0.135,0.00
17358,Runner,0.486,0.442,0.107,0.126,0.00
17359,Pursuer,0.486,0.442,0.131,0.099,0.00
17360,Runner,0.486,0.442,0.095,0.120,3.38
17361,Runner,0.486,0.442,0.118,0.162,0.00
17362,Pursuer,0.486,0.442,0.151,0.152,0.00
17363,Runner,0.486,0.442,0.094,0.132,1.62
17364,Runner,0.487,0.442,0.228,0.060,0.00
17365,Runner,0.487,0.442,0.138,0.123,0.00
17366,Runner,0.487,0.442,0.149,0.156,1.56
17367,Runner,0.487,0.442,0.139,0.168,0.00
17368,Runner,0.487,0.442,0.150,0.186,1.26
17369,Pursuer,0.487,0.442,0.134,0.128,0.00
17370,Runner,0.487,0.442,0.087,0.126,0.00
17371,Runner,0.487,0.442,0.125,0.136,0.00
17372,Pursuer,0.487,0.442,0.137,0.100,0.00
17373,Runner,0.487,0.442,0.113,0.164,0.32
17374,Runner,0.487,0.442,0.136,0.143,1.84
17375,Runner,0.487,0.442,0.122,0.143,2.18
17376,Pursuer,0.487,0.442,0.139,0.091,0.00
17377,Draw,0.487,0.442,0.095,0.138,19.84
17378,Runner,0.487,0.442,0.085,0.117,0.00
17379,Draw,0.487,0.442,0.150,0.150,17.12
17380,Runner,0.487,0.442,0.143,0.119,0.00
17381,Runner,0.487,0.442,0.114,0.155,1.26
17382,Pursuer,0.487,0.442,0.117,0.116,0.00
17383,Pursuer,0.487,0.442,0.119,0.129,0.00
17384,Pursuer,0.487,0.442,0.106,0.099,0.00
17385,Pursuer,0.487,0.442,0.129,0.080,0.00
17386,Pursuer,0.487,0.442,0.112,0.110,0.00
17387,Pursuer,0.487,0.442,0.117,0.145,0.00
17388,Runner,0.487,0.442,0.091,0.146,2.36
17389,Runner,0.487,0.442,0.114,0.123,0.00
17390,Pursuer,0.487,0.442,0.102,0.095,0.00
17391,Pursuer,0.487,0.442,0.000,0.000,0.00
17392,Runner,0.487,0.442,0.000,0.000,0.00
17393,Pursuer,0.487,0.442,0.126,0.085,0.00
17394,Runner,0.487,0.442,0.117,0.129,3.00
17395,Pursuer,0.487,0.442,0.125,0.097,0.00
17396,Pursuer,0.487,0.442,0.114,0.113,0.00
17397,Pursuer,0.487,0.442,0.136,0.104,0.00
17398,Runner,0.487,0.442,0.160,0.146,0.00
17399,Runner,0.487,0.442,0.097,0.137,0.00
17400,Runner,0.487,0.442,0.108,0.125,1.44
17401,Runner,0.487,0.442,0.110,0.150,3.08
17402,Pursuer,0.487,0.442,0.144,0.114,0.00
17403,Runner,0.487,0.442,0.088,0.118,1.72
17404,Draw,0.487,0.442,0.108,0.148,19.98
17405,Pursuer,0.487,0.442,0.181,0.094,0.00
17406,Runner,0.487,0.442,0.126,0.153,0.00
17407,Runner,0.487,0.442,0.113,0.116,1.58
17408,Pursuer,0.487,0.442,0.135,0.094,0.00
17409,Runner,0.487,0.442,0.116,0.135,0.00
17410,Runner,0.487,0.442,0.151,0.178,0.00
17411,Runner,0.487,0.442,0.069,0.150,0.36
17412,Draw,0.487,0.442,0.143,0.142,0.00
17413,Pursuer,0.487,0.442,0.136,0.099,0.00
17414,Runner,0.487,0.442,0.100,0.145,1.72
17415,Runner,0.487,0.442,0.132,0.139,0.00
17416,Runner,0.487,0.442,0.111,0.131,0.00
17417,Runner,0.487,0.442,0.106,0.142,0.00
17418,Pursuer,0.487,0.442,0.030,0.069,0.00
17419,Runner,0.487,0.442,0.132,0.073,0.40
17420,Draw,0.487,0.442,0.157,0.141,15.66
17421,Runner,0.487,0.442,0.080,0.146,2.08
17422,Pursuer,0.487,0.442,0.198,0.165,0.00
17423,Pursuer,0.487,0.442,0.131,0.115,0.00
17424,Pursuer,0.487,0.442,0.144,0.129,0.00
17425,Pursuer,0.487,0.442,0.110,0.087,0.00
17426,Runner,0.487,0.442,0.086,0.152,3.00
17427,Pursuer,0.487,0.442,0.114,0.104,0.00
17428,Runner,0.487,0.442,0.145,0.150,0.00
17429,Pursuer,0.487,0.442,0.000,0.000,0.00
17430,Runner,0.487,0.442,0.095,0.126,0.00
17431,Pursuer,0.487,0.442,0.089,0.101,0.00
17432,Pursuer,0.487,0.442,0.118,0.107,0.00
17433,Runner,0.487,0.442,0.146,0.090,0.00
17434,Runner,0.487,0.442,0.108,0.106,1.46
17435,Runner,0.487,0.442,0.097,0.124,4.66
17436,Runner,0.487,0.442,0.120,0.122,0.72
17437,Runner,0.487,0.442,0.129,0.124,0.16
17438,Runner,0.487,0.442,0.125,0.083,0.00
17439,Runner,0.487,0.442,0.123,0.144,8.80
17440,Pursuer,0.487,0.442,0.145,0.098,0.00
17441,Runner,0.487,0.442,0.104,0.145,0.00
17442,Pursuer,0.487,0.442,0.117,0.138,0.00
17443,Runner,0.487,0.442,0.151,0.127,0.00
17444,Draw,0.487,0.442,0.099,0.135,16.62
17445,Runner,0.487,0.442,0.110,0.127,1.12
17446,Pursuer,0.487,0.442,0.086,0.121,0.00
17447,Pursuer,0.487,0.442,0.133,0.103,0.00
17448,Pursuer,0.487,0.442,0.128,0.107,0.00
17449,Pursuer,0.487,0.442,0.109,0.121,0.00
17450,Pursuer,0.487,0.442,0.132,0.079,0.00
17451,Runner,0.487,0.442,0.115,0.155,0.00
17452,Pursuer,0.487,0.442,0.135,0.110,0.00
17453,Runner,0.487,0.442,0.118,0.110,1.54
17454,Runner,0.487,0.442,0.131,0.142,0.00
17455,Pursuer,0.487,0.442,0.128,0.126,0.00
17456,Pursuer,0.487,0.442,0.142,0.082,0.00
17457,Runner,0.487,0.442,0.137,0.142,5.84
17458,Runner,0.487,0.442,0.104,0.143,1.26
17459,Runner,0.487,0.442,0.099,0.136,3.28
17460,Runner,0.487,0.442,0.094,0.131,0.80
17461,Runner,0.487,0.442,0.076,0.131,0.00
17462,Pursuer,0.487,0.442,0.152,0.111,0.00
17463,Runner,0.487,0.442,0.103,0.148,0.00
17464,Pursuer,0.487,0.442,0.215,0.111,0.00
17465,Runner,0.487,0.442,0.100,0.140,4.34
17466,Runner,0.487,0.442,0.072,0.156,0.00
17467,Runner,0.487,0.442,0.109,0.117,0.00
17468,Runner,0.487,0.442,0.105,0.149,1.64
17469,Pursuer,0.487,0.442,0.119,0.113,0.00
17470,Runner,0.487,0.442,0.121,0.131,0.26
17471,Runner,0.487,0.442,0.222,0.093,0.00
17472,Pursuer,0.487,0.442,0.127,0.104,0.00
17473,Pursuer,0.487,0.442,0.122,0.137,0.00
17474,Runner,0.487,0.442,0.135,0.157,0.28
17475,Pursuer,0.487,0.442,0.193,0.143,0.00
17476,Runner,0.487,0.442,0.142,0.186,0.00
17477,Runner,0.487,0.442,0.155,0.185,0.00
17478,Pursuer,0.487,0.442,0.182,0.113,0.00
17479,Runner,0.487,0.442,0.125,0.161,0.00
17480,Pursuer,0.487,0.442,0.077,0.156,0.00
17481,Pursuer,0.487,0.442,0.105,0.088,0.00
17482,Runner,0.487,0.442,0.096,0.145,1.84
17483,Runner,0.487,0.442,0.145,0.114,0.00
17484,Runner,0.487,0.442,0.079,0.143,0.10
17485,Runner,0.487,0.442,0.114,0.139,0.00
17486,Runner,0.487,0.442,0.134,0.106,0.36
17487,Draw,0.487,0.442,0.137,0.159,16.16
17488,Runner,0.487,0.442,0.074,0.141,2.40
17489,Runner,0.487,0.442,0.144,0.125,1.90
17490,Runner,0.487,0.442,0.130,0.143,0.16
17491,Draw,0.487,0.442,0.131,0.151,0.00
17492,Pursuer,0.487,0.442,0.141,0.133,0.00
17493,Runner,0.487,0.442,0.121,0.164,0.16
17494,Pursuer,0.487,0.442,0.145,0.118,0.00
17495,Pursuer,0.487,0.442,0.118,0.134,0.00
17496,Runner,0.487,0.442,0.132,0.128,0.00
17497,Runner,0.487,0.442,0.139,0.131,0.00
17498,Pursuer,0.487,0.442,0.156,0.116,0.00
17499,Runner,0.487,0.442,0.115,0.120,0.00
17500,Pursuer,0.487,0.442,0.116,0.135,0.00
17501,Runner,0.487,0.442,0.121,0.137,4.74
17502,Runner,0.487,0.442,0.082,0.133,0.14
17503,Pursuer,0.487,0.442,0.142,0.085,0.00
17504,Pursuer,0.487,0.442,0.130,0.109,0.00
17505,Pursuer,0.487,0.442,0.147,0.223,0.00
17506,Pursuer,0.487,0.442,0.141,0.134,0.00
17507,Runner,0.487,0.442,0.093,0.144,0.00
17508,Runner,0.487,0.442,0.125,0.140,0.24
17509,Pursuer,0.487,0.442,0.127,0.092,0.00
17510,Pursuer,0.487,0.442,0.374,0.066,0.00
17511,Runner,0.487,0.442,0.097,0.127,1.52
17512,Runner,0.487,0.442,0.131,0.118,0.00
17513,Runner,0.487,0.442,0.088,0.129,1.68
17514,Runner,0.487,0.442,0.127,0.114,0.00
17515,Pursuer,0.487,0.442,0.146,0.143,0.00
17516,Draw,0.487,0.442,0.110,0.135,0.00
17517,Runner,0.487,0.442,0.125,0.104,0.74
17518,Pursuer,0.487,0.442,0.139,0.146,0.00
17519,Runner,0.487,0.442,0.123,0.149,0.00
17520,Pursuer,0.487,0.442,0.137,0.140,0.00
17521,Pursuer,0.487,0.442,0.184,0.130,0.00
17522,Pursuer,0.487,0.442,0.114,0.116,0.00
17523,Pursuer,0.487,0.442,0.139,0.094,0.00
17524,Runner,0.487,0.442,0.176,0.137,0.00
17525,Runner,0.487,0.442,0.105,0.161,1.12
17526,Pursuer,0.487,0.442,0.138,0.108,0.00
17527,Runner,0.487,0.442,0.090,0.149,3.28
17528,Runner,0.487,0.442,0.090,0.141,2.02
17529,Runner,0.487,0.442,0.102,0.139,0.26
17530,Runner,0.487,0.442,0.108,0.101,0.00
17531,Runner,0.487,0.442,0.085,0.132,3.46
17532,Pursuer,0.487,0.442,0.150,0.149,0.00
17533,Pursuer,0.487,0.442,0.114,0.176,0.00
17534,Pursuer,0.487,0.442,0.072,0.049,0.00
17535,Pursuer,0.487,0.442,0.151,0.115,0.00
17536,Pursuer,0.487,0.442,0.147,0.111,0.00
17537,Pursuer,0.487,0.442,0.132,0.100,0.00
17538,Runner,0.487,0.442,0.395,0.900,0.00
17539,Pursuer,0.487,0.442,0.000,0.000,0.00
17540,Runner,0.487,0.442,0.099,0.123,0.00
17541,Runner,0.487,0.442,0.133,0.128,4.38
17542,Pursuer,0.487,0.442,0.116,0.091,0.00
17543,Draw,0.487,0.442,0.102,0.136,0.00
17544,Pursuer,0.487,0.442,0.138,0.106,0.00
17545,Runner,0.487,0.442,0.072,0.148,2.02
17546,Pursuer,0.487,0.442,0.119,0.104,0.00
17547,Runner,0.487,0.442,0.120,0.146,1.00
17548,Runner,0.487,0.442,0.093,0.131,0.00
17549,Runner,0.487,0.442,0.064,0.142,0.00
17550,Pursuer,0.487,0.442,0.116,0.106,0.00
17551,Runner,0.487,0.442,0.105,0.123,2.72
17552,Pursuer,0.487,0.442,0.130,0.146,0.00
17553,Pursuer,0.487,0.442,0.143,0.164,0.00
17554,Pursuer,0.487,0.442,0.139,0.140,0.00
17555,Pursuer,0.487,0.442,0.178,0.141,0.00
17556,Pursuer,0.487,0.442,0.172,0.067,0.00
17557,Pursuer,0.487,0.442,0.114,0.124,0.00
17558,Pursuer,0.487,0.442,0.123,0.120,0.00
17559,Runner,0.487,0.442,0.123,0.151,0.00
17560,Runner,0.487,0.442,0.169,0.119,0.00
17561,Runner,0.487,0.442,0.124,0.125,1.06
17562,Runner,0.487,0.442,0.093,0.126,0.00
17563,Pursuer,0.487,0.442,0.000,0.000,0.00
17564,Pursuer,0.487,0.442,0.133,0.137,0.00
17565,Pursuer,0.487,0.442,0.133,0.320,0.00
17566,Runner,0.487,0.442,0.105,0.142,2.30
17567,Runner,0.487,0.442,0.125,0.111,0.00
17568,Pursuer,0.487,0.442,0.122,0.151,0.00
17569,Pursuer,0.487,0.442,0.094,0.104,0.00
17570,Runner,0.487,0.442,0.117,0.100,0.00
17571,Runner,0.487,0.442,0.127,0.151,0.00
17572,Pursuer,0.487,0.442,0.135,0.095,0.00
17573,Draw,0.487,0.442,0.101,0.144,0.00
17574,Runner,0.487,0.442,0.094,0.119,1.82
17575,Pursuer,0.487,0.442,0.134,0.115,0.00
17576,Pursuer,0.487,0.442,0.113,0.132,0.00
17577,Pursuer,0.487,0.442,0.132,0.125,0.00
17578,Pursuer,0.487,0.442,0.121,0.157,0.00
17579,Pursuer,0.487,0.442,0.137,0.118,0.00
17580,Runner,0.487,0.442,0.144,0.118,0.00
17581,Pursuer,0.487,0.442,0.134,0.134,0.00
17582,Runner,0.487,0.442,0.096,0.134,0.00
17583,Runner,0.487,0.442,0.095,0.192,0.00
17584,Pursuer,0.487,0.442,0.121,0.103,0.00
17585,Pursuer,0.487,0.442,0.193,0.086,0.00
17586,Runner,0.487,0.442,0.111,0.141,0.00
17587,Pursuer,0.487,0.442,0.132,0.085,0.00
17588,Pursuer,0.487,0.442,0.144,0.138,0.00
17589,Pursuer,0.487,0.442,0.119,0.091,0.00
17590,Runner,0.487,0.442,0.084,0.136,0.00
17591,Runner,0.487,0.442,0.094,0.144,0.62
17592,Draw,0.487,0.442,0.147,0.153,18.32
17593,Pursuer,0.487,0.442,0.174,0.096,0.00
17594,Runner,0.487,0.442,0.130,0.152,2.22
17595,Pursuer,0.487,0.442,0.096,0.144,0.00
17596,Runner,0.487,0.442,0.126,0.120,0.00
17597,Pursuer,0.487,0.442,0.124,0.141,0.00
17598,Runner,0.487,0.442,0.106,0.150,0.00
17599,Pursuer,0.487,0.442,0.000,0.000,0.00
17600,Runner,0.487,0.442,0.108,0.126,2.02
17601,Pursuer,0.487,0.442,0.153,0.066,0.00
17602,Pursuer,0.487,0.442,0.138,0.129,0.00
17603,Runner,0.487,0.442,0.116,0.154,1.94
17604,Pursuer,0.487,0.442,0.107,0.137,0.00
17605,Runner,0.487,0.442,0.097,0.121,2.80
17606,Pursuer,0.487,0.442,0.129,0.096,0.00
17607,Pursuer,0.487,0.442,0.130,0.097,0.00
17608,Pursuer,0.487,0.442,0.127,0.102,0.00
17609,Draw,0.487,0.442,0.138,0.141,18.34
17610,Runner,0.487,0.442,0.108,0.128,1.08
17611,Runner,0.487,0.442,0.162,0.165,0.00
17612,Pursuer,0.487,0.442,0.105,0.078,0.00
17613,Runner,0.487,0.442,0.121,0.156,0.00
17614,Runner,0.487,0.442,0.107,0.107,1.82
17615,Pursuer,0.487,0.442,0.159,0.124,0.00
17616,Draw,0.487,0.442,0.138,0.149,19.36
17617,Runner,0.487,0.442,0.189,0.132,0.00
17618,Runner,0.487,0.442,0.128,0.137,0.00
17619,Pursuer,0.487,0.442,0.112,0.110,0.00
17620,Runner,0.487,0.442,0.101,0.133,3.66
17621,Runner,0.487,0.442,0.102,0.127,0.00
17622,Runner,0.487,0.442,0.103,0.136,2.58
17623,Pursuer,0.487,0.442,0.143,0.082,0.00
17624,Runner,0.487,0.442,0.120,0.155,0.00
17625,Pursuer,0.487,0.442,0.118,0.138,0.00
17626,Runner,0.487,0.442,0.116,0.136,0.78
17627,Runner,0.487,0.442,0.093,0.130,0.00
17628,Runner,0.487,0.442,0.137,0.153,1.30
17629,Pursuer,0.487,0.442,0.000,0.000,0.00
17630,Pursuer,0.487,0.442,0.158,0.114,0.00
17631,Pursuer,0.487,0.442,0.187,0.110,0.00
17632,Runner,0.487,0.442,0.088,0.121,0.00
17633,Pursuer,0.487,0.442,0.127,0.129,0.00
17634,Runner,0.487,0.442,0.175,0.179,0.26
17635,Pursuer,0.487,0.442,0.320,0.042,0.00
17636,Pursuer,0.487,0.442,0.171,0.088,0.00
17637,Pursuer,0.487,0.442,0.142,0.116,0.00
17638,Runner,0.487,0.442,0.144,0.125,2.64
17639,Pursuer,0.487,0.442,0.136,0.112,0.00
17640,Draw,0.487,0.442,0.127,0.138,16.48
17641,Draw,0.487,0.442,0.145,0.155,19.20
17642,Runner,0.487,0.442,0.098,0.123,0.00
17643,Runner,0.487,0.442,0.127,0.125,1.56
17644,Draw,0.487,0.442,0.147,0.144,19.82
17645,Pursuer,0.487,0.442,0.137,0.186,0.00
17646,Pursuer,0.487,0.442,0.139,0.140,0.00
17647,Runner,0.487,0.442,0.120,0.134,0.12
17648,Runner,0.487,0.442,0.133,0.115,1.24
17649,Runner,0.487,0.442,0.105,0.156,0.00
17650,Runner,0.487,0.442,0.123,0.095,0.00
17651,Draw,0.487,0.442,0.152,0.147,17.04
17652,Pursuer,0.487,0.442,0.140,0.127,0.00
17653,Pursuer,0.487,0.442,0.137,0.123,0.00
17654,Runner,0.487,0.442,0.106,0.105,3.16
17655,Pursuer,0.487,0.442,0.126,0.130,0.00
17656,Runner,0.487,0.442,0.116,0.113,0.00
17657,Runner,0.487,0.442,0.117,0.143,2.98
17658,Pursuer,0.487,0.442,0.126,0.121,0.00
17659,Runner,0.487,0.442,0.082,0.122,2.10
17660,Draw,0.487,0.442,0.093,0.145,0.02
17661,Runner,0.487,0.442,0.126,0.124,0.00
17662,Runner,0.487,0.442,0.153,0.189,0.00
17663,Runner,0.487,0.442,0.119,0.151,6.94
17664,Runner,0.487,0.442,0.092,0.154,1.58
17665,Runner,0.487,0.442,0.149,0.137,0.00
17666,Runner,0.487,0.442,0.085,0.131,1.42
17667,Runner,0.487,0.442,0.119,0.131,0.00
17668,Pursuer,0.487,0.442,0.093,0.095,0.00
17669,Pursuer,0.487,0.442,0.158,0.094,0.00
17670,Pursuer,0.487,0.442,0.138,0.147,0.00
17671,Pursuer,0.487,0.442,0.109,0.150,0.00
17672,Runner,0.487,0.442,0.116,0.158,0.12
17673,Pursuer,0.487,0.442,0.142,0.100,0.00
17674,Pursuer,0.487,0.442,0.137,0.181,0.00
17675,Runner,0.487,0.442,0.129,0.132,0.00
17676,Runner,0.487,0.442,0.106,0.118,0.00
17677,Pursuer,0.487,0.442,0.121,0.114,0.00
17678,Runner,0.487,0.442,0.118,0.128,4.30
17679,Pursuer,0.487,0.442,0.139,0.124,0.00
17680,Runner,0.487,0.442,0.107,0.141,3.96
17681,Pursuer,0.487,0.442,0.163,0.122,0.00
17682,Runner,0.487,0.442,0.120,0.138,0.00
17683,Pursuer,0.487,0.442,0.159,0.100,0.00
17684,Runner,0.487,0.442,0.105,0.136,2.04
17685,Runner,0.487,0.442,0.110,0.135,1.88
17686,Pursuer,0.487,0.442,0.116,0.122,0.00
17687,Runner,0.487,0.442,0.153,0.128,0.80
17688,Pursuer,0.487,0.442,0.107,0.097,0.00
17689,Runner,0.487,0.442,0.123,0.134,0.08
17690,Pursuer,0.487,0.442,0.133,0.132,0.00
17691,Runner,0.487,0.442,0.106,0.110,0.00
17692,Runner,0.487,0.442,0.165,0.151,0.00
17693,Pursuer,0.487,0.442,0.148,0.111,0.00
17694,Runner,0.487,0.442,0.148,0.121,0.00
17695,Pursuer,0.487,0.442,0.148,0.139,0.00
17696,Pursuer,0.487,0.442,0.105,0.132,0.00
17697,Pursuer,0.487,0.442,0.101,0.144,0.00
17698,Runner,0.487,0.442,1.019,0.392,0.00
17699,Pursuer,0.487,0.442,0.136,0.089,0.00
17700,Runner,0.487,0.442,0.133,0.142,1.82
17701,Runner,0.487,0.442,0.081,0.151,0.22
17702,Runner,0.487,0.442,0.135,0.172,0.00
17703,Runner,0.487,0.442,0.136,0.128,0.00
17704,Runner,0.487,0.442,0.094,0.154,0.02
17705,Runner,0.487,0.442,0.125,0.147,0.44
17706,Pursuer,0.487,0.442,0.000,0.000,0.00
17707,Runner,0.487,0.442,0.125,0.151,0.00
17708,Pursuer,0.487,0.442,0.106,0.110,0.00
17709,Runner,0.487,0.442,0.111,0.109,0.10
17710,Runner,0.487,0.442,0.103,0.149,2.14
17711,Draw,0.487,0.442,0.119,0.139,18.24
17712,Runner,0.487,0.442,0.098,0.135,0.00
17713,Runner,0.487,0.442,0.092,0.150,0.00
17714,Pursuer,0.487,0.442,0.128,0.107,0.00
17715,Pursuer,0.487,0.442,0.111,0.103,0.00
17716,Pursuer,0.487,0.442,0.147,0.099,0.00
17717,Pursuer,0.487,0.442,0.172,0.145,0.00
17718,Runner,0.487,0.442,0.095,0.112,0.00
17719,Pursuer,0.487,0.442,0.146,0.102,0.00
17720,Pursuer,0.487,0.442,0.156,0.101,0.00
17721,Draw,0.487,0.442,0.090,0.154,19.98
17722,Runner,0.487,0.442,0.142,0.145,0.00
17723,Draw,0.487,0.442,0.132,0.150,15.62
17724,Pursuer,0.487,0.442,0.131,0.136,0.00
17725,Pursuer,0.487,0.442,0.115,0.101,0.00
17726,Runner,0.487,0.442,0.113,0.132,0.00
17727,Runner,0.487,0.442,0.126,0.144,0.00
17728,Runner,0.487,0.442,0.107,0.150,0.00
17729,Runner,0.487,0.442,0.116,0.128,0.50
17730,Runner,0.487,0.442,0.105,0.137,2.18
17731,Runner,0.487,0.442,0.109,0.124,3.16
17732,Pursuer,0.487,0.442,0.140,0.133,0.00
17733,Draw,0.487,0.442,0.156,0.136,19.98
17734,Pursuer,0.487,0.442,0.146,0.080,0.00
17735,Pursuer,0.487,0.442,0.113,0.114,0.00
17736,Runner,0.487,0.442,0.090,0.142,1.20
17737,Pursuer,0.487,0.442,0.135,0.133,0.00
17738,Runner,0.487,0.442,0.072,0.153,0.00
17739,Pursuer,0.487,0.442,0.153,0.098,0.00
17740,Pursuer,0.487,0.442,0.125,0.064,0.00
17741,Runner,0.487,0.442,0.105,0.109,0.00
17742,Pursuer,0.487,0.442,0.131,0.107,0.00
17743,Runner,0.487,0.442,0.112,0.139,0.40
17744,Runner,0.487,0.442,0.147,0.147,8.96
17745,Runner,0.487,0.442,0.099,0.126,2.52
17746,Runner,0.487,0.442,0.123,0.149,1.80
17747,Pursuer,0.487,0.442,0.150,0.135,0.00
17748,Pursuer,0.487,0.442,0.102,0.173,0.00
17749,Runner,0.487,0.442,0.097,0.138,4.12
17750,Runner,0.487,0.442,0.142,0.096,0.00
17751,Pursuer,0.487,0.442,0.180,0.132,0.00
17752,Pursuer,0.487,0.442,0.125,0.127,0.00
17753,Pursuer,0.487,0.442,0.160,0.079,0.00
17754,Pursuer,0.487,0.442,0.140,0.110,0.00
17755,Pursuer,0.487,0.442,0.125,0.117,0.00
17756,Runner,0.487,0.442,0.112,0.122,0.00
17757,Pursuer,0.487,0.442,0.109,0.130,0.00
17758,Pursuer,0.487,0.442,0.153,0.142,0.00
17759,Pursuer,0.487,0.442,0.178,0.109,0.00
17760,Runner,0.487,0.442,0.068,0.115,0.00
17761,Pursuer,0.487,0.442,0.137,0.117,0.00
17762,Runner,0.487,0.442,0.116,0.112,0.16
17763,Pursuer,0.487,0.442,0.124,0.105,0.00
17764,Runner,0.487,0.442,0.124,0.142,0.00
17765,Runner,0.487,0.442,0.093,0.118,0.00
17766,Runner,0.487,0.442,0.119,0.142,0.28
17767,Runner,0.487,0.442,0.107,0.152,0.00
17768,Runner,0.487,0.442,0.157,0.141,0.32
17769,Pursuer,0.487,0.442,0.133,0.105,0.00
17770,Pursuer,0.487,0.442,0.131,0.098,0.00
17771,Runner,0.487,0.442,0.100,0.126,0.00
17772,Runner,0.487,0.442,0.114,0.140,0.00
17773,Pursuer,0.487,0.442,0.125,0.113,0.00
17774,Pursuer,0.487,0.442,0.140,0.109,0.00
17775,Pursuer,0.487,0.442,0.112,0.172,0.00
17776,Draw,0.487,0.442,0.104,0.136,18.08
17777,Runner,0.487,0.442,0.210,0.183,0.00
17778,Pursuer,0.487,0.442,0.120,0.085,0.00
17779,Runner,0.487,0.442,0.108,0.141,1.00
17780,Runner,0.487,0.442,0.091,0.156,0.00
17781,Pursuer,0.487,0.442,0.120,0.150,0.00
17782,Pursuer,0.487,0.442,0.000,0.000,0.00
17783,Runner,0.487,0.442,0.196,0.739,0.00
17784,Pursuer,0.487,0.442,0.136,0.322,0.00
17785,Runner,0.487,0.442,0.158,0.189,0.02
17786,Runner,0.487,0.442,0.109,0.124,0.42
17787,Runner,0.487,0.442,0.131,0.117,0.98
17788,Draw,0.487,0.442,0.139,0.144,16.32
17789,Pursuer,0.487,0.442,0.134,0.124,0.00
17790,Pursuer,0.487,0.442,0.168,0.078,0.00
17791,Runner,0.487,0.442,0.184,0.158,0.00
17792,Runner,0.487,0.442,0.110,0.135,7.98
17793,Runner,0.487,0.442,0.118,0.140,1.28
17794,Runner,0.487,0.442,0.087,0.145,0.00
17795,Runner,0.487,0.442,0.111,0.122,0.00
17796,Pursuer,0.487,0.442,0.157,0.102,0.00
17797,Pursuer,0.487,0.442,0.116,0.099,0.00
17798,Runner,0.487,0.442,0.112,0.122,0.18
17799,Pursuer,0.487,0.442,0.127,0.098,0.00
17800,Runner,0.487,0.442,0.120,0.120,0.00
17801,Runner,0.487,0.442,0.178,0.168,0.00
17802,Pursuer,0.487,0.442,0.137,0.098,0.00
17803,Runner,0.487,0.442,0.090,0.144,1.22
17804,Runner,0.487,0.442,0.086,0.145,1.64
17805,Runner,0.487,0.442,0.105,0.121,1.68
17806,Pursuer,0.487,0.442,0.127,0.116,0.00
17807,Pursuer,0.487,0.442,0.147,0.130,0.00
17808,Runner,0.487,0.442,0.133,0.105,0.00
17809,Runner,0.487,0.442,0.096,0.137,0.12
17810,Pursuer,0.487,0.442,0.132,0.078,0.00
17811,Pursuer,0.487,0.442,0.122,0.107,0.00
17812,Pursuer,0.487,0.442,0.129,0.145,0.00
17813,Runner,0.487,0.442,0.187,0.159,0.82
17814,Runner,0.487,0.442,0.141,0.108,0.32
17815,Pursuer,0.487,0.442,0.128,0.087,0.00
17816,Runner,0.487,0.442,0.085,0.141,0.92
17817,Pursuer,0.487,0.442,0.058,0.235,0.00
17818,Runner,0.487,0.442,0.114,0.128,1.56
17819,Runner,0.487,0.442,0.148,0.171,0.26
17820,Pursuer,0.487,0.442,0.115,0.078,0.00
17821,Runner,0.487,0.442,0.079,0.128,0.00
17822,Pursuer,0.487,0.442,0.148,0.116,0.00
17823,Runner,0.487,0.442,0.101,0.133,0.00
17824,Pursuer,0.487,0.442,0.141,0.123,0.00
17825,Runner,0.487,0.442,0.085,0.165,0.54
17826,Runner,0.487,0.442,0.144,0.129,0.00
17827,Draw,0.487,0.442,0.157,0.139,16.90
17828,Pursuer,0.487,0.442,0.100,0.153,0.00
17829,Runner,0.487,0.442,0.098,0.152,0.00
17830,Pursuer,0.487,0.442,0.152,0.116,0.00
17831,Pursuer,0.487,0.442,0.125,0.092,0.00
17832,Runner,0.487,0.442,0.105,0.125,0.00
17833,Pursuer,0.487,0.442,0.130,0.138,0.00
17834,Runner,0.487,0.442,0.110,0.116,0.28
17835,Runner,0.487,0.442,0.085,0.131,0.00
17836,Runner,0.487,0.442,0.390,0.089,0.00
17837,Runner,0.487,0.442,0.125,0.130,4.74
17838,Pursuer,0.487,0.442,0.176,0.097,0.00
17839,Pursuer,0.487,0.442,0.125,0.093,0.00
17840,Runner,0.487,0.442,0.097,0.129,0.74
17841,Runner,0.487,0.442,0.091,0.114,0.00
17842,Pursuer,0.487,0.442,0.116,0.160,0.00
17843,Runner,0.487,0.442,0.090,0.122,0.32
17844,Pursuer,0.487,0.442,0.129,0.090,0.00
17845,Runner,0.487,0.442,0.166,0.239,0.00
17846,Runner,0.487,0.442,0.077,0.135,2.46
17847,Runner,0.487,0.442,0.115,0.137,3.42
17848,Runner,0.487,0.442,0.111,0.148,4.36
17849,Runner,0.487,0.442,0.113,0.122,2.32
17850,Runner,0.487,0.442,0.092,0.142,1.88
17851,Runner,0.487,0.442,0.115,0.124,0.00
17852,Pursuer,0.487,0.442,0.128,0.135,0.00
17853,Pursuer,0.487,0.442,0.141,0.106,0.00
17854,Pursuer,0.487,0.442,0.170,0.163,0.00
17855,Runner,0.487,0.442,0.127,0.111,0.00
17856,Pursuer,0.487,0.442,0.139,0.121,0.00
17857,Runner,0.487,0.442,0.106,0.148,3.22
17858,Draw,0.487,0.442,0.147,0.148,0.02
17859,Runner,0.487,0.442,0.086,0.124,0.00
17860,Runner,0.487,0.442,0.251,0.234,0.00
17861,Draw,0.487,0.442,0.151,0.127,19.02
17862,Runner,0.487,0.442,0.116,0.118,0.00
17863,Runner,0.487,0.442,0.101,0.146,0.00
17864,Runner,0.487,0.442,0.096,0.101,0.46
17865,Pursuer,0.487,0.442,0.123,0.081,0.00
17866,Pursuer,0.487,0.442,0.207,0.205,0.00
17867,Pursuer,0.487,0.442,0.144,0.135,0.00
17868,Runner,0.487,0.442,0.000,0.000,0.00
17869,Runner,0.487,0.442,0.063,0.192,0.00
17870,Pursuer,0.487,0.442,0.176,0.122,0.00
17871,Runner,0.487,0.442,0.095,0.140,0.00
17872,Runner,0.487,0.442,0.122,0.146,2.92
17873,Runner,0.487,0.442,0.110,0.140,3.36
17874,Pursuer,0.487,0.442,0.178,0.095,0.00
17875,Pursuer,0.487,0.442,0.141,0.159,0.00
17876,Pursuer,0.487,0.442,0.130,0.115,0.00
17877,Runner,0.487,0.442,0.104,0.141,1.70
17878,Pursuer,0.487,0.442,0.180,0.085,0.00
17879,Runner,0.487,0.442,0.131,0.179,0.00
17880,Runner,0.487,0.442,0.107,0.113,0.00
17881,Runner,0.487,0.442,0.127,0.145,2.96
17882,Pursuer,0.487,0.442,0.148,0.097,0.00
17883,Runner,0.487,0.442,0.094,0.105,0.40
17884,Runner,0.487,0.442,0.103,0.087,0.00
17885,Draw,0.487,0.442,0.148,0.140,19.38
17886,Runner,0.487,0.442,0.118,0.104,0.50
17887,Pursuer,0.487,0.442,0.129,0.135,0.00
17888,Runner,0.487,0.442,0.108,0.131,0.00
17889,Runner,0.488,0.442,0.070,0.135,0.00
17890,Runner,0.488,0.442,0.080,0.141,0.00
17891,Runner,0.488,0.442,0.135,0.133,0.00
17892,Runner,0.488,0.442,0.102,0.127,3.60
17893,Pursuer,0.488,0.442,0.121,0.101,0.00
17894,Runner,0.488,0.442,0.116,0.142,7.38
17895,Runner,0.488,0.442,0.134,0.146,0.08
17896,Runner,0.488,0.442,0.103,0.117,0.00
17897,Pursuer,0.488,0.442,0.133,0.108,0.00
17898,Runner,0.488,0.442,0.127,0.136,2.54
17899,Runner,0.488,0.442,0.083,0.127,1.74
17900,Pursuer,0.488,0.442,0.137,0.098,0.00
17901,Runner,0.488,0.442,0.117,0.140,0.00
17902,Runner,0.488,0.442,0.110,0.119,0.02
17903,Pursuer,0.488,0.442,0.118,0.140,0.00
17904,Pursuer,0.488,0.442,0.146,0.105,0.00
17905,Pursuer,0.488,0.442,0.135,0.147,0.00
17906,Runner,0.488,0.442,0.099,0.146,0.00
17907,Runner,0.488,0.442,0.088,0.112,0.00
17908,Runner,0.488,0.442,0.132,0.112,0.04
17909,Draw,0.488,0.442,0.140,0.152,17.36
17910,Runner,0.488,0.442,0.118,0.152,0.86
17911,Pursuer,0.488,0.442,0.125,0.114,0.00
17912,Runner,0.488,0.442,0.131,0.125,0.46
17913,Runner,0.488,0.442,0.109,0.153,0.00
17914,Pursuer,0.488,0.442,0.123,0.150,0.00
17915,Draw,0.488,0.442,0.144,0.145,16.40
17916,Pursuer,0.488,0.442,0.157,0.087,0.00
17917,Runner,0.488,0.442,0.095,0.134,0.00
17918,Runner,0.488,0.442,0.123,0.131,0.00
17919,Pursuer,0.488,0.442,0.124,0.101,0.00
17920,Pursuer,0.488,0.442,0.090,0.119,0.00
17921,Runner,0.488,0.442,0.107,0.120,0.70
17922,Runner,0.488,0.442,0.097,0.141,0.00
17923,Pursuer,0.488,0.442,0.129,0.134,0.00
17924,Runner,0.488,0.442,0.115,0.127,1.44
17925,Runner,0.488,0.442,0.112,0.156,2.06
17926,Runner,0.488,0.442,0.109,0.166,0.00
17927,Pursuer,0.488,0.442,0.109,0.125,0.00
17928,Pursuer,0.488,0.442,0.156,0.126,0.00
17929,Runner,0.488,0.442,0.192,0.140,0.68
17930,Runner,0.488,0.442,0.089,0.120,0.00
17931,Runner,0.488,0.442,0.091,0.156,0.48
17932,Pursuer,0.488,0.442,0.132,0.138,0.00
17933,Pursuer,0.488,0.442,0.000,0.000,0.00
17934,Runner,0.488,0.442,0.087,0.076,0.00
17935,Pursuer,0.488,0.442,0.170,0.080,0.00
17936,Runner,0.488,0.442,0.105,0.129,0.46
17937,Runner,0.488,0.442,0.122,0.139,0.04
17938,Runner,0.488,0.442,0.080,0.146,2.72
17939,Runner,0.488,0.441,0.116,0.104,1.10
17940,Runner,0.488,0.441,0.121,0.127,0.00
17941,Pursuer,0.488,0.442,0.158,0.098,0.00
17942,Pursuer,0.488,0.442,0.000,0.000,0.00
17943,Runner,0.488,0.442,0.105,0.114,0.90
17944,Pursuer,0.488,0.442,0.115,0.153,0.00
17945,Runner,0.488,0.442,0.097,0.143,0.26
17946,Pursuer,0.488,0.442,0.000,0.000,0.00
17947,Runner,0.488,0.442,0.119,0.118,0.00
17948,Runner,0.488,0.441,0.099,0.142,2.26
17949,Runner,0.488,0.441,0.122,0.124,0.00
17950,Pursuer,0.488,0.442,0.177,0.162,0.00
17951,Runner,0.488,0.441,0.116,0.157,0.24
17952,Runner,0.488,0.441,0.105,0.128,0.40
17953,Pursuer,0.488,0.441,0.058,0.149,0.00
17954,Pursuer,0.488,0.442,0.115,0.090,0.00
17955,Runner,0.488,0.441,0.110,0.162,1.68
17956,Runner,0.488,0.441,0.166,0.124,0.00
17957,Runner,0.488,0.441,0.121,0.150,5.02
17958,Runner,0.488,0.441,0.131,0.148,0.00
17959,Pursuer,0.488,0.441,0.137,0.120,0.00
17960,Runner,0.488,0.441,0.114,0.128,0.00
17961,Draw,0.488,0.441,0.114,0.141,18.12
17962,Runner,0.488,0.441,0.146,0.102,0.08
17963,Pursuer,0.488,0.441,0.000,0.000,0.00
17964,Runner,0.488,0.441,0.107,0.135,2.08
17965,Runner,0.488,0.441,0.118,0.136,3.70
17966,Pursuer,0.488,0.441,0.123,0.102,0.00
17967,Draw,0.488,0.441,0.139,0.151,0.00
17968,Pursuer,0.488,0.441,0.176,0.146,0.00
17969,Runner,0.488,0.441,0.098,0.154,0.00
17970,Runner,0.488,0.441,0.097,0.168,0.00
17971,Pursuer,0.488,0.441,0.120,0.151,0.00
17972,Runner,0.488,0.441,0.103,0.138,0.00
17973,Runner,0.488,0.441,0.123,0.178,0.00
17974,Pursuer,0.488,0.441,0.146,0.112,0.00
17975,Pursuer,0.488,0.441,0.143,0.081,0.00
17976,Draw,0.488,0.441,0.138,0.127,16.58
17977,Runner,0.488,0.441,0.141,0.144,0.00
17978,Draw,0.488,0.441,0.114,0.125,0.00
17979,Pursuer,0.488,0.441,0.138,0.111,0.00
17980,Runner,0.488,0.441,0.101,0.145,1.12
17981,Pursuer,0.488,0.441,0.147,0.128,0.00
17982,Runner,0.488,0.441,0.120,0.153,0.00
17983,Runner,0.488,0.441,0.103,0.135,0.00
17984,Runner,0.488,0.441,0.143,0.153,0.18
17985,Pursuer,0.488,0.441,0.146,0.126,0.00
17986,Runner,0.488,0.441,0.144,0.174,2.76
17987,Runner,0.488,0.441,0.126,0.145,2.88
17988,Runner,0.488,0.441,0.149,0.140,1.70
17989,Draw,0.488,0.441,0.146,0.145,8.22
17990,Pursuer,0.488,0.441,0.159,0.129,0.00
17991,Pursuer,0.488,0.441,0.133,0.109,0.00
17992,Pursuer,0.488,0.441,0.144,0.120,0.00
17993,Pursuer,0.488,0.441,0.120,0.142,0.00
17994,Runner,0.488,0.441,0.099,0.110,0.00
17995,Pursuer,0.488,0.441,0.155,0.091,0.00
17996,Runner,0.488,0.441,0.115,0.132,2.88
17997,Runner,0.488,0.441,0.115,0.144,0.00
17998,Runner,0.488,0.441,0.110,0.173,0.00
17999,Runner,0.488,0.441,0.098,0.140,0.30
18000,Pursuer,0.488,0.441,0.145,0.149,0.00
18001,Runner,0.488,0.441,0.093,0.127,0.02
18002,Runner,0.488,0.441,0.154,0.140,0.42
18003,Draw,0.488,0.441,0.136,0.135,15.64
18004,Runner,0.488,0.441,0.165,0.138,0.40
18005,Runner,0.488,0.441,0.112,0.131,3.42
18006,Pursuer,0.488,0.441,0.156,0.128,0.00
18007,Pursuer,0.488,0.441,0.064,0.139,0.00
18008,Runner,0.488,0.441,0.052,0.099,0.00
18009,Runner,0.488,0.441,0.074,0.137,0.00
18010,Pursuer,0.488,0.441,0.150,0.105,0.00
18011,Pursuer,0.488,0.441,0.124,0.120,0.00
18012,Runner,0.488,0.441,0.099,0.141,2.18
18013,Pursuer,0.488,0.441,0.000,0.000,0.00
18014,Runner,0.488,0.441,0.103,0.133,1.52
18015,Pursuer,0.488,0.441,0.197,0.148,0.00
18016,Runner,0.488,0.441,0.137,0.170,0.00
18017,Runner,0.488,0.441,0.085,0.124,0.00
18018,Runner,0.488,0.441,0.125,0.152,1.66
18019,Runner,0.488,0.441,0.145,0.136,0.00
18020,Pursuer,0.488,0.441,0.177,0.148,0.00
18021,Draw,0.488,0.441,0.143,0.141,18.04
18022,Runner,0.488,0.441,0.122,0.126,0.00
18023,Runner,0.488,0.441,0.204,0.139,0.00
18024,Pursuer,0.488,0.441,0.081,0.173,0.00
18025,Pursuer,0.488,0.441,0.149,0.119,0.00
18026,Draw,0.488,0.441,0.113,0.117,0.40
18027,Runner,0.488,0.441,0.097,0.140,0.00
18028,Pursuer,0.488,0.441,0.120,0.128,0.00
18029,Runner,0.488,0.441,0.129,0.110,0.00
18030,Runner,0.488,0.441,0.110,0.130,1.64
18031,Runner,0.488,0.441,0.068,0.135,0.00
18032,Runner,0.488,0.441,0.076,0.136,1.24
18033,Runner,0.488,0.441,0.136,0.150,0.00
18034,Pursuer,0.488,0.441,0.129,0.101,0.00
18035,Runner,0.488,0.441,0.074,0.143,1.84
18036,Runner,0.488,0.441,0.129,0.138,4.42
18037,Pursuer,0.488,0.441,0.144,0.128,0.00
18038,Runner,0.488,0.441,0.088,0.163,3.02
18039,Runner,0.488,0.441,0.091,0.122,0.00
18040,Runner,0.488,0.441,0.096,0.169,1.66
18041,Pursuer,0.488,0.441,0.188,0.208,0.00
18042,Runner,0.488,0.441,0.130,0.109,0.00
18043,Runner,0.488,0.441,0.120,0.149,0.00
18044,Runner,0.488,0.441,0.112,0.147,0.00
18045,Pursuer,0.488,0.441,0.000,0.000,0.00
18046,Runner,0.488,0.441,0.117,0.151,0.00
18047,Runner,0.488,0.441,0.046,0.111,0.00
18048,Runner,0.488,0.441,0.097,0.142,1.32
18049,Runner,0.489,0.441,0.180,0.124,0.00
18050,Pursuer,0.488,0.441,0.106,0.096,0.00
18051,Pursuer,0.488,0.441,0.145,0.094,0.00
18052,Runner,0.488,0.441,0.145,0.136,0.32
18053,Runner,0.489,0.441,0.113,0.117,0.00
18054,Pursuer,0.488,0.441,0.103,0.114,0.00
18055,Runner,0.489,0.441,0.093,0.105,0.00
18056,Runner,0.489,0.441,0.099,0.213,0.00
18057,Draw,0.489,0.441,0.145,0.117,0.00
18058,Runner,0.489,0.441,0.171,0.129,0.00
18059,Runner,0.489,0.441,0.128,0.128,0.00
18060,Pursuer,0.489,0.441,0.103,0.163,0.00
18061,Pursuer,0.489,0.441,0.139,0.114,0.00
18062,Runner,0.489,0.441,0.089,0.137,0.00
18063,Runner,0.489,0.441,0.135,0.120,0.04
18064,Pursuer,0.489,0.441,0.139,0.139,0.00
18065,Runner,0.489,0.441,0.121,0.106,0.68
18066,Pursuer,0.489,0.441,0.124,0.083,0.00
18067,Pursuer,0.489,0.441,0.148,0.087,0.00
18068,Runner,0.489,0.441,0.110,0.113,4.76
18069,Draw,0.489,0.441,0.131,0.141,14.42
18070,Runner,0.489,0.441,0.081,0.107,0.84
18071,Pursuer,0.489,0.441,0.150,0.138,0.00
18072,Pursuer,0.488,0.441,0.133,0.133,0.00
18073,Runner,0.489,0.441,0.128,0.132,0.00
18074,Runner,0.489,0.441,0.090,0.118,0.88
18075,Runner,0.489,0.441,0.092,0.151,0.00
18076,Pursuer,0.489,0.441,0.145,0.117,0.00
18077,Runner,0.489,0.441,0.000,0.000,0.00
18078,Runner,0.489,0.441,0.147,0.149,0.00
18079,Pursuer,0.489,0.441,0.125,0.160,0.00
18080,Runner,0.489,0.441,0.123,0.107,0.92
18081,Pursuer,0.489,0.441,0.107,0.106,0.00
18082,Runner,0.489,0.441,0.070,0.168,0.00
18083,Runner,0.489,0.441,0.120,0.151,0.00
18084,Draw,0.489,0.441,0.152,0.148,0.00
18085,Pursuer,0.489,0.441,0.000,0.000,0.00
18086,Runner,0.489,0.441,0.127,0.121,0.00
18087,Pursuer,0.489,0.441,0.153,0.121,0.00
18088,Runner,0.489,0.441,0.087,0.142,2.82
18089,Pursuer,0.489,0.441,0.118,0.137,0.00
18090,Pursuer,0.489,0.441,0.124,0.097,0.00
18091,Runner,0.489,0.441,0.108,0.115,0.00
18092,Runner,0.489,0.441,0.132,0.124,1.98
18093,Runner,0.489,0.441,0.069,0.113,3.22
18094,Pursuer,0.489,0.441,0.142,0.095,0.00
18095,Runner,0.489,0.441,0.095,0.114,0.00
18096,Pursuer,0.489,0.441,0.109,0.084,0.00
18097,Runner,0.489,0.441,0.108,0.127,4.94
18098,Pursuer,0.489,0.441,0.149,0.114,0.00
18099,Pursuer,0.489,0.441,0.132,0.117,0.00
18100,Runner,0.489,0.441,0.111,0.148,1.36
18101,Runner,0.489,0.441,0.082,0.135,0.02
18102,Runner,0.489,0.441,0.109,0.155,0.00
18103,Runner,0.489,0.441,0.084,0.132,0.00
18104,Runner,0.489,0.441,0.093,0.142,0.66
18105,Pursuer,0.489,0.441,0.154,0.113,0.00
18106,Runner,0.489,0.441,0.103,0.141,1.96
18107,Runner,0.489,0.441,0.100,0.113,1.12
18108,Runner,0.489,0.441,0.102,0.177,0.00
18109,Runner,0.489,0.441,0.117,0.110,0.00
18110,Runner,0.489,0.441,0.138,0.096,0.00
18111,Pursuer,0.489,0.441,0.121,0.162,0.00
18112,Runner,0.489,0.441,0.096,0.136,0.68
18113,Runner,0.489,0.441,0.100,0.143,0.02
18114,Runner,0.489,0.441,0.086,0.139,0.00
18115,Pursuer,0.489,0.441,0.147,0.107,0.00
18116,Draw,0.489,0.441,0.110,0.144,18.44
18117,Runner,0.489,0.441,0.116,0.155,0.20
18118,Pursuer,0.489,0.441,0.138,0.129,0.00
18119,Pursuer,0.489,0.441,0.174,0.146,0.00
18120,Pursuer,0.489,0.441,0.112,0.088,0.00
18121,Pursuer,0.489,0.441,0.130,0.129,0.00
18122,Pursuer,0.489,0.441,0.152,0.152,0.00
18123,Pursuer,0.489,0.441,0.147,0.101,0.00
18124,Runner,0.489,0.441,0.192,0.115,0.00
18125,Draw,0.489,0.441,0.146,0.143,16.20
18126,Pursuer,0.489,0.441,0.110,0.119,0.00
18127,Pursuer,0.489,0.441,0.157,0.110,0.00
18128,Runner,0.489,0.441,0.105,0.140,2.38
18129,Runner,0.489,0.441,0.105,0.151,2.48
18130,Draw,0.489,0.441,0.099,0.144,16.24
18131,Pursuer,0.489,0.441,0.118,0.118,0.00
18132,Runner,0.489,0.441,0.088,0.131,0.00
18133,Draw,0.489,0.441,0.150,0.142,15.62
18134,Runner,0.489,0.441,0.086,0.097,0.00
18135,Runner,0.489,0.441,0.121,0.104,0.00
18136,Pursuer,0.489,0.441,0.122,0.088,0.00
18137,Runner,0.489,0.441,0.104,0.129,3.46
18138,Runner,0.489,0.441,0.150,0.160,0.00
18139,Runner,0.489,0.441,0.096,0.139,0.00
18140,Pursuer,0.489,0.441,0.114,0.120,0.00
18141,Runner,0.489,0.441,0.108,0.137,0.00
18142,Pursuer,0.489,0.441,0.000,0.000,0.00
18143,Runner,0.489,0.441,0.105,0.176,0.50
18144,Pursuer,0.489,0.441,0.134,0.149,0.00
18145,Pursuer,0.489,0.441,0.121,0.107,0.00
18146,Runner,0.489,0.441,0.124,0.076,0.00
18147,Runner,0.489,0.441,0.113,0.102,1.02
18148,Runner,0.489,0.441,0.102,0.144,0.00
18149,Runner,0.489,0.441,0.087,0.151,0.00
18150,Pursuer,0.489,0.441,0.124,0.114,0.00
18151,Runner,0.489,0.441,0.076,0.155,0.00
18152,Pursuer,0.489,0.441,0.130,0.119,0.00
18153,Pursuer,0.489,0.441,0.141,0.114,0.00
18154,Runner,0.489,0.441,0.126,0.134,0.00
18155,Pursuer,0.489,0.441,0.140,0.093,0.00
18156,Runner,0.489,0.441,0.117,0.151,2.58
18157,Runner,0.489,0.441,0.117,0.102,0.12
18158,Runner,0.489,0.441,0.124,0.141,0.00
18159,Runner,0.489,0.440,0.094,0.117,0.00
18160,Pursuer,0.489,0.441,0.120,0.133,0.00
18161,Runner,0.489,0.441,0.068,0.133,0.00
18162,Runner,0.489,0.440,0.143,0.129,2.48
18163,Pursuer,0.489,0.441,0.135,0.115,0.00
18164,Pursuer,0.489,0.441,0.069,0.064,0.00
18165,Runner,0.489,0.441,0.000,0.000,0.00
18166,Pursuer,0.489,0.441,0.132,0.127,0.00
18167,Pursuer,0.489,0.441,0.130,0.128,0.00
18168,Runner,0.489,0.441,0.100,0.137,0.00
18169,Runner,0.489,0.441,0.086,0.124,0.78
18170,Runner,0.489,0.441,0.106,0.148,0.72
18171,Pursuer,0.489,0.441,0.160,0.144,0.00
18172,Draw,0.489,0.441,0.136,0.153,18.46
18173,Runner,0.489,0.440,0.129,0.109,0.00
18174,Runner,0.489,0.440,0.108,0.134,0.00
18175,Pursuer,0.489,0.440,0.114,0.089,0.00
18176,Pursuer,0.489,0.441,0.167,0.089,0.00
18177,Runner,0.489,0.441,0.179,0.116,1.30
18178,Pursuer,0.489,0.441,0.134,0.085,0.00
18179,Runner,0.489,0.441,0.094,0.121,0.00
18180,Pursuer,0.489,0.441,0.149,0.074,0.00
18181,Pursuer,0.489,0.441,0.137,0.134,0.00
18182,Runner,0.489,0.441,0.114,0.139,0.00
18183,Runner,0.489,0.441,0.140,0.133,0.32
18184,Pursuer,0.489,0.441,0.137,0.139,0.00
18185,Draw,0.489,0.441,0.146,0.147,19.20
18186,Runner,0.489,0.441,0.113,0.148,0.76
18187,Pursuer,0.489,0.441,0.159,0.093,0.00
18188,Runner,0.489,0.441,0.113,0.138,0.00
18189,Pursuer,0.489,0.441,0.128,0.120,0.00
18190,Runner,0.489,0.441,0.117,0.123,0.00
18191,Pursuer,0.489,0.441,0.000,0.000,0.00
18192,Runner,0.489,0.441,0.123,0.127,0.86
18193,Draw,0.489,0.440,0.143,0.143,19.98
18194,Runner,0.489,0.440,0.131,0.105,0.32
18195,Pursuer,0.489,0.441,0.138,0.134,0.00
18196,Pursuer,0.489,0.441,0.128,0.114,0.00
18197,Pursuer,0.489,0.441,0.160,0.124,0.00
18198,Pursuer,0.489,0.441,0.037,0.086,0.00
18199,Runner,0.489,0.441,0.209,0.139,0.00
18200,Runner,0.489,0.441,0.109,0.142,1.66
18201,Pursuer,0.489,0.441,0.156,0.101,0.00
18202,Pursuer,0.489,0.441,0.154,0.147,0.00
18203,Pursuer,0.489,0.441,0.143,0.109,0.00
18204,Pursuer,0.489,0.441,0.148,0.111,0.00
18205,Pursuer,0.489,0.441,0.127,0.086,0.00
18206,Pursuer,0.489,0.441,0.119,0.103,0.00
18207,Runner,0.489,0.441,0.129,0.170,0.00
18208,Pursuer,0.489,0.441,0.138,0.073,0.00
18209,Runner,0.489,0.441,0.118,0.149,0.00
18210,Runner,0.489,0.441,0.118,0.124,0.00
18211,Runner,0.489,0.441,0.128,0.164,1.48
18212,Pursuer,0.489,0.441,0.198,0.166,0.00
18213,Runner,0.489,0.441,0.131,0.136,0.20
18214,Runner,0.489,0.441,0.079,0.270,0.00
18215,Runner,0.489,0.441,0.107,0.113,0.00
18216,Runner,0.489,0.441,0.123,0.107,0.00
18217,Pursuer,0.489,0.441,0.122,0.112,0.00
18218,Runner,0.489,0.441,0.107,0.146,2.30
18219,Runner,0.489,0.441,0.091,0.141,2.34
18220,Pursuer,0.489,0.441,0.154,0.144,0.00
18221,Runner,0.489,0.441,0.132,0.111,0.00
18222,Runner,0.489,0.441,0.088,0.134,0.68
18223,Runner,0.489,0.441,0.096,0.136,3.56
18224,Runner,0.489,0.441,0.129,0.148,1.56
18225,Runner,0.489,0.440,0.092,0.104,0.00
18226,Pursuer,0.489,0.441,0.110,0.114,0.00
18227,Pursuer,0.489,0.441,0.000,0.000,0.00
18228,Runner,0.489,0.441,0.107,0.117,0.68
18229,Pursuer,0.489,0.441,0.129,0.137,0.00
18230,Runner,0.489,0.441,0.111,0.126,1.50
18231,Runner,0.489,0.441,0.128,0.144,0.20
18232,Runner,0.489,0.440,0.108,0.152,0.74
18233,Pursuer,0.489,0.441,0.157,0.114,0.00
18234,Pursuer,0.489,0.441,0.100,0.111,0.00
18235,Runner,0.489,0.441,0.073,0.152,0.00
18236,Pursuer,0.489,0.441,0.135,0.147,0.00
18237,Pursuer,0.489,0.441,0.100,0.190,0.00
18238,Runner,0.489,0.441,0.125,0.143,0.00
18239,Runner,0.489,0.441,0.121,0.125,0.00
18240,Pursuer,0.489,0.441,0.129,0.096,0.00
18241,Pursuer,0.489,0.441,0.139,0.096,0.00
18242,Runner,0.489,0.441,0.118,0.144,0.00
18243,Runner,0.489,0.441,0.099,0.149,0.84
18244,Runner,0.489,0.441,0.142,0.153,0.00
18245,Pursuer,0.489,0.441,0.126,0.135,0.00
18246,Pursuer,0.489,0.441,0.152,0.201,0.00
18247,Pursuer,0.489,0.441,0.141,0.153,0.00
18248,Pursuer,0.489,0.441,0.163,0.175,0.00
18249,Runner,0.489,0.441,0.127,0.150,0.12
18250,Runner,0.489,0.441,0.098,0.134,0.02
18251,Runner,0.489,0.441,0.084,0.130,1.30
18252,Runner,0.489,0.441,0.151,0.186,0.00
18253,Runner,0.489,0.441,0.113,0.135,0.00
18254,Runner,0.489,0.441,0.111,0.178,1.30
18255,Pursuer,0.489,0.441,0.111,0.107,0.00
18256,Pursuer,0.489,0.441,0.093,0.142,0.00
18257,Runner,0.489,0.441,0.094,0.090,0.62
18258,Runner,0.489,0.441,0.088,0.156,0.00
18259,Pursuer,0.489,0.441,0.132,0.197,0.00
18260,Runner,0.489,0.441,0.141,0.129,2.02
18261,Runner,0.489,0.441,0.089,0.082,0.00
18262,Runner,0.489,0.440,0.139,0.147,0.00
18263,Pursuer,0.489,0.441,0.114,0.101,0.00
18264,Pursuer,0.489,0.441,0.121,0.132,0.00
18265,Pursuer,0.489,0.441,0.142,0.101,0.00
18266,Pursuer,0.489,0.441,0.199,0.082,0.00
18267,Pursuer,0.489,0.441,0.131,0.105,0.00
18268,Runner,0.489,0.441,0.082,0.158,0.72
18269,Runner,0.489,0.441,0.112,0.161,0.00
18270,Runner,0.489,0.441,0.078,0.128,0.00
18271,Pursuer,0.489,0.441,0.130,0.096,0.00
18272,Pursuer,0.489,0.441,0.115,0.138,0.00
18273,Runner,0.489,0.441,0.099,0.126,0.30
18274,Draw,0.489,0.441,0.143,0.150,19.12
18275,Pursuer,0.489,0.441,0.000,0.000,0.00
18276,Runner,0.489,0.441,0.128,0.127,3.58
18277,Pursuer,0.489,0.441,0.147,0.135,0.00
18278,Pursuer,0.489,0.441,0.129,0.106,0.00
18279,Runner,0.489,0.441,0.136,0.160,0.00
18280,Runner,0.489,0.441,0.130,0.145,0.00
18281,Runner,0.489,0.441,0.131,0.083,0.00
18282,Runner,0.489,0.441,0.107,0.104,0.36
18283,Runner,0.489,0.441,0.144,0.124,0.00
18284,Pursuer,0.489,0.441,0.161,0.126,0.00
18285,Pursuer,0.489,0.441,0.145,0.074,0.00
18286,Draw,0.489,0.441,0.151,0.129,17.66
18287,Runner,0.489,0.441,0.155,0.121,0.28
18288,Runner,0.489,0.441,0.084,0.104,0.02
18289,Runner,0.489,0.440,0.099,0.148,0.00
18290,Pursuer,0.489,0.441,0.119,0.117,0.00
18291,Runner,0.489,0.440,0.096,0.132,1.62
18292,Runner,0.489,0.440,0.136,0.102,0.00
18293,Runner,0.489,0.440,0.114,0.134,0.00
18294,Runner,0.489,0.440,0.104,0.112,0.00
18295,Runner,0.489,0.440,0.073,0.127,1.04
18296,Pursuer,0.489,0.440,0.151,0.100,0.00
18297,Pursuer,0.489,0.440,0.109,0.118,0.00
18298,Runner,0.489,0.440,0.111,0.135,0.00
18299,Runner,0.489,0.440,0.135,0.146,1.62
18300,Pursuer,0.489,0.440,0.146,0.142,0.00
18301,Runner,0.489,0.440,0.110,0.140,1.42
18302,Runner,0.489,0.440,0.127,0.160,0.00
18303,Runner,0.489,0.440,0.211,0.127,0.00
18304,Draw,0.489,0.440,0.131,0.150,19.98
18305,Pursuer,0.489,0.440,0.113,0.092,0.00
18306,Pursuer,0.489,0.440,0.092,0.119,0.00
18307,Draw,0.489,0.440,0.151,0.145,19.98
18308,Runner,0.489,0.440,0.141,0.160,1.88
18309,Pursuer,0.489,0.440,0.132,0.131,0.00
18310,Runner,0.489,0.440,0.122,0.122,0.00
18311,Pursuer,0.489,0.440,0.154,0.131,0.00
18312,Runner,0.489,0.440,0.090,0.156,2.48
18313,Pursuer,0.489,0.440,0.164,0.101,0.00
18314,Runner,0.489,0.440,0.088,0.082,0.00
18315,Pursuer,0.489,0.440,0.106,0.117,0.00
18316,Runner,0.489,0.440,0.099,0.171,1.78
18317,Pursuer,0.489,0.440,0.164,0.146,0.00
18318,Pursuer,0.489,0.440,0.157,0.094,0.00
18319,Pursuer,0.489,0.440,0.139,0.120,0.00
18320,Pursuer,0.489,0.441,0.115,0.298,0.00
18321,Pursuer,0.489,0.441,0.160,0.105,0.00
18322,Pursuer,0.489,0.441,0.137,0.112,0.00
18323,Pursuer,0.489,0.441,0.151,0.138,0.00
18324,Pursuer,0.489,0.441,0.148,0.140,0.00
18325,Runner,0.489,0.441,0.104,0.126,0.24
18326,Runner,0.489,0.441,0.133,0.119,1.94
18327,Pursuer,0.489,0.441,0.112,0.087,0.00
18328,Pursuer,0.489,0.441,0.123,0.115,0.00
18329,Runner,0.489,0.441,0.117,0.149,3.24
18330,Runner,0.489,0.441,0.114,0.128,0.96
18331,Pursuer,0.489,0.441,0.154,0.147,0.00
18332,Pursuer,0.489,0.441,0.145,0.142,0.00
18333,Pursuer,0.489,0.441,0.132,0.093,0.00
18334,Runner,0.489,0.441,0.082,0.142,0.00
18335,Runner,0.489,0.441,0.131,0.134,0.00
18336,Runner,0.489,0.441,0.138,0.125,0.00
18337,Pursuer,0.489,0.441,0.132,0.083,0.00
18338,Pursuer,0.489,0.441,0.129,0.108,0.00
18339,Pursuer,0.489,0.441,0.161,0.130,0.00
18340,Pursuer,0.489,0.441,0.132,0.147,0.00
18341,Runner,0.489,0.441,0.127,0.123,0.34
18342,Pursuer,0.489,0.441,0.157,0.145,0.00
18343,Pursuer,0.489,0.441,0.100,0.089,0.00
18344,Runner,0.489,0.441,0.093,0.123,1.96
18345,Runner,0.489,0.441,0.157,0.141,0.00
18346,Runner,0.489,0.441,0.101,0.121,3.00
18347,Runner,0.489,0.441,0.094,0.125,0.00
18348,Pursuer,0.489,0.441,0.140,0.091,0.00
18349,Pursuer,0.489,0.441,0.151,0.146,0.00
18350,Runner,0.489,0.441,0.125,0.137,0.00
18351,Pursuer,0.489,0.441,0.135,0.113,0.00
18352,Pursuer,0.489,0.441,0.130,0.116,0.00
18353,Pursuer,0.489,0.441,0.148,0.159,0.00
18354,Pursuer,0.489,0.441,0.142,0.113,0.00
18355,Pursuer,0.489,0.441,0.137,0.094,0.00
18356,Runner,0.489,0.441,0.114,0.134,0.54
18357,Runner,0.489,0.441,0.102,0.126,1.58
18358,Runner,0.489,0.441,0.096,0.152,5.84
18359,Runner,0.489,0.441,0.122,0.138,0.00
18360,Runner,0.489,0.441,0.124,0.160,0.26
18361,Runner,0.489,0.441,0.084,0.136,0.42
18362,Runner,0.489,0.441,0.109,0.104,1.00
18363,Pursuer,0.489,0.441,0.124,0.085,0.00
18364,Draw,0.489,0.441,0.146,0.146,0.00
18365,Pursuer,0.489,0.441,0.130,0.143,0.00
18366,Pursuer,0.489,0.441,0.121,0.114,0.00
18367,Pursuer,0.489,0.441,0.104,0.095,0.00
18368,Runner,0.489,0.441,0.086,0.114,0.00
18369,Pursuer,0.489,0.441,0.139,0.090,0.00
18370,Pursuer,0.489,0.441,0.127,0.082,0.00
18371,Draw,0.489,0.441,0.149,0.129,16.14
18372,Runner,0.489,0.441,0.092,0.158,2.06
18373,Pursuer,0.489,0.441,0.119,0.171,0.00
18374,Runner,0.489,0.441,0.092,0.152,2.88
18375,Runner,0.489,0.441,0.128,0.107,0.00
18376,Runner,0.489,0.441,0.145,0.156,0.00
18377,Pursuer,0.489,0.441,0.104,0.122,0.00
18378,Pursuer,0.489,0.441,0.149,0.123,0.00
18379,Pursuer,0.489,0.441,0.127,0.134,0.00
18380,Runner,0.489,0.441,0.096,0.144,0.00
18381,Runner,0.489,0.441,0.122,0.129,3.88
18382,Runner,0.489,0.441,0.074,0.147,1.62
18383,Runner,0.489,0.441,0.162,0.168,0.00
18384,Runner,0.489,0.441,0.078,0.136,1.50
18385,Runner,0.489,0.441,0.114,0.133,0.84
18386,Pursuer,0.489,0.441,0.101,0.083,0.00
18387,Pursuer,0.489,0.441,0.174,0.072,0.00
18388,Pursuer,0.489,0.441,0.202,0.082,0.00
18389,Runner,0.489,0.441,0.079,0.120,0.44
18390,Pursuer,0.489,0.441,0.180,0.075,0.00
18391,Draw,0.489,0.441,0.136,0.129,13.18
18392,Pursuer,0.489,0.441,0.131,0.112,0.00
18393,Pursuer,0.489,0.441,0.154,0.084,0.00
18394,Pursuer,0.489,0.441,0.145,0.078,0.00
18395,Pursuer,0.489,0.441,0.117,0.128,0.00
18396,Pursuer,0.489,0.441,0.124,0.092,0.00
18397,Runner,0.489,0.441,0.109,0.115,0.00
18398,Runner,0.489,0.441,0.109,0.149,0.02
18399,Pursuer,0.489,0.441,0.146,0.093,0.00
18400,Runner,0.489,0.441,0.124,0.147,0.00
18401,Runner,0.489,0.441,0.082,0.134,0.00
18402,Pursuer,0.489,0.441,0.125,0.094,0.00
18403,Pursuer,0.489,0.441,0.667,0.552,0.00
18404,Runner,0.489,0.441,0.129,0.153,0.00
18405,Runner,0.489,0.441,0.120,0.132,0.00
18406,Runner,0.489,0.441,0.114,0.140,0.00
18407,Runner,0.489,0.441,0.109,0.124,4.44
18408,Runner,0.489,0.441,0.093,0.211,0.00
18409,Runner,0.489,0.441,0.118,0.118,1.70
18410,Pursuer,0.489,0.441,0.127,0.112,0.00
18411,Runner,0.489,0.441,0.134,0.104,0.00
18412,Pursuer,0.489,0.441,0.141,0.103,0.00
18413,Pursuer,0.489,0.441,0.125,0.067,0.00
18414,Pursuer,0.489,0.441,0.106,0.124,0.00
18415,Runner,0.489,0.441,0.078,0.148,0.00
18416,Pursuer,0.489,0.441,0.000,0.000,0.00
18417,Runner,0.489,0.441,0.120,0.215,0.00
18418,Runner,0.489,0.441,0.088,0.143,0.00
18419,Pursuer,0.489,0.441,0.131,0.135,0.00
18420,Runner,0.489,0.441,0.120,0.149,1.62
18421,Runner,0.489,0.441,0.139,0.136,0.00
18422,Runner,0.489,0.441,0.093,0.147,0.00
18423,Pursuer,0.489,0.441,0.132,0.201,0.00
18424,Pursuer,0.489,0.441,0.120,0.161,0.00
18425,Pursuer,0.489,0.441,0.091,0.147,0.00
18426,Runner,0.489,0.441,0.109,0.124,0.00
18427,Runner,0.489,0.441,0.105,0.136,0.00
18428,Runner,0.489,0.441,0.099,0.137,1.82
18429,Pursuer,0.489,0.441,0.120,0.106,0.00
18430,Pursuer,0.489,0.441,0.133,0.130,0.00
18431,Runner,0.489,0.441,0.000,0.000,0.00
18432,Pursuer,0.489,0.441,0.000,0.000,0.00
18433,Runner,0.489,0.441,0.129,0.151,0.50
18434,Pursuer,0.489,0.441,0.135,0.096,0.00
18435,Runner,0.489,0.441,0.118,0.115,0.68
18436,Pursuer,0.489,0.441,0.137,0.137,0.00
18437,Pursuer,0.489,0.441,0.159,0.119,0.00
18438,Pursuer,0.489,0.441,0.150,0.115,0.00
18439,Runner,0.489,0.441,0.114,0.141,0.64
18440,Pursuer,0.489,0.441,0.125,0.117,0.00
18441,Runner,0.489,0.441,0.087,0.088,0.00
18442,Pursuer,0.489,0.441,0.174,0.157,0.00
18443,Runner,0.489,0.441,0.076,0.107,0.58
18444,Runner,0.489,0.441,0.135,0.155,0.00
18445,Runner,0.489,0.441,0.135,0.157,0.00
18446,Runner,0.489,0.441,0.128,0.162,0.00
18447,Pursuer,0.489,0.441,0.135,0.103,0.00
18448,Runner,0.489,0.441,0.114,0.149,1.52
18449,Draw,0.489,0.441,0.127,0.145,12.54
18450,Runner,0.489,0.441,0.101,0.133,0.74
18451,Pursuer,0.489,0.441,0.116,0.112,0.00
18452,Runner,0.489,0.441,0.090,0.113,0.00
18453,Pursuer,0.489,0.441,0.139,0.113,0.00
18454,Runner,0.489,0.441,0.135,0.168,0.00
18455,Runner,0.489,0.441,0.138,0.072,0.78
18456,Runner,0.489,0.441,0.097,0.142,0.00
18457,Pursuer,0.489,0.441,0.141,0.110,0.00
18458,Pursuer,0.489,0.441,0.152,0.114,0.00
18459,Runner,0.489,0.441,0.111,0.144,2.86
18460,Runner,0.489,0.441,0.102,0.124,0.00
18461,Runner,0.489,0.441,0.124,0.179,4.78
18462,Runner,0.489,0.441,0.114,0.137,0.96
18463,Runner,0.489,0.441,0.099,0.116,1.28
18464,Runner,0.489,0.441,0.127,0.154,0.00
18465,Runner,0.489,0.441,0.118,0.154,0.00
18466,Runner,0.489,0.441,0.102,0.149,0.00
18467,Runner,0.489,0.441,0.091,0.128,1.42
18468,Runner,0.489,0.441,0.115,0.163,0.64
18469,Runner,0.489,0.441,0.162,0.141,1.94
18470,Runner,0.489,0.441,0.147,0.175,0.00
18471,Runner,0.489,0.441,0.108,0.131,2.14
18472,Pursuer,0.489,0.441,0.149,0.169,0.00
18473,Runner,0.489,0.441,0.102,0.134,0.02
18474,Runner,0.489,0.441,0.094,0.151,0.00
18475,Runner,0.490,0.440,0.094,0.143,2.46
18476,Runner,0.490,0.440,0.095,0.135,3.28
18477,Pursuer,0.490,0.440,0.088,0.230,0.00
18478,Runner,0.490,0.440,0.117,0.170,1.42
18479,Runner,0.490,0.440,0.154,0.128,0.72
18480,Runner,0.490,0.440,0.107,0.120,1.88
18481,Pursuer,0.490,0.440,0.130,0.125,0.00
18482,Runner,0.490,0.440,0.071,0.162,0.00
18483,Runner,0.490,0.440,0.114,0.116,0.02
18484,Pursuer,0.490,0.440,0.114,0.078,0.00
18485,Pursuer,0.490,0.440,0.177,0.125,0.00
18486,Pursuer,0.490,0.440,0.138,0.117,0.00
18487,Pursuer,0.490,0.441,0.130,0.083,0.00
18488,Runner,0.490,0.441,0.087,0.160,0.00
18489,Runner,0.490,0.440,0.074,0.125,1.70
18490,Runner,0.490,0.440,0.130,0.104,0.52
18491,Runner,0.490,0.440,0.121,0.126,1.64
18492,Runner,0.490,0.440,0.098,0.107,1.44
18493,Draw,0.490,0.440,0.108,0.146,19.12
18494,Runner,0.490,0.440,0.116,0.124,1.76
18495,Runner,0.490,0.440,0.105,0.159,0.00
18496,Runner,0.490,0.440,0.112,0.109,0.00
18497,Draw,0.490,0.440,0.155,0.143,19.98
18498,Runner,0.490,0.440,0.000,0.000,0.00
18499,Runner,0.490,0.440,0.101,0.151,0.00
18500,Pursuer,0.490,0.440,0.000,0.000,0.00
18501,Pursuer,0.490,0.440,0.134,0.121,0.00
18502,Runner,0.490,0.440,0.124,0.129,0.00
18503,Draw,0.490,0.440,0.141,0.144,14.50
18504,Pursuer,0.490,0.440,0.132,0.112,0.00
18505,Runner,0.490,0.440,0.106,0.150,0.00
18506,Pursuer,0.490,0.440,0.118,0.097,0.00
18507,Pursuer,0.490,0.440,0.128,0.087,0.00
18508,Pursuer,0.490,0.440,0.154,0.094,0.00
18509,Runner,0.490,0.440,0.102,0.132,0.00
18510,Runner,0.490,0.440,0.084,0.155,0.80
18511,Pursuer,0.490,0.440,0.120,0.096,0.00
18512,Runner,0.490,0.440,0.074,0.175,0.00
18513,Runner,0.490,0.440,0.088,0.131,0.64
18514,Pursuer,0.490,0.440,0.115,0.138,0.00
18515,Runner,0.490,0.440,0.110,0.124,1.14
18516,Runner,0.490,0.440,0.084,0.115,1.38
18517,Runner,0.490,0.440,0.086,0.146,2.42
18518,Runner,0.490,0.440,0.109,0.144,3.56
18519,Pursuer,0.490,0.440,0.133,0.111,0.00
18520,Runner,0.490,0.440,0.126,0.132,0.00
18521,Runner,0.490,0.440,0.084,0.137,0.30
18522,Pursuer,0.490,0.440,0.219,0.120,0.00
18523,Runner,0.490,0.440,0.113,0.109,0.00
18524,Runner,0.490,0.440,0.123,0.146,0.00
18525,Draw,0.490,0.440,0.103,0.146,17.34
18526,Pursuer,0.490,0.440,0.145,0.106,0.00
18527,Pursuer,0.490,0.440,0.120,0.139,0.00
18528,Pursuer,0.490,0.440,0.173,0.136,0.00
18529,Runner,0.490,0.440,0.109,0.150,0.00
18530,Pursuer,0.490,0.440,0.140,0.120,0.00
18531,Pursuer,0.490,0.440,0.160,0.094,0.00
18532,Runner,0.490,0.440,0.083,0.139,3.52
18533,Runner,0.490,0.440,0.116,0.128,1.34
18534,Runner,0.490,0.440,0.100,0.136,1.86
18535,Runner,0.490,0.440,0.115,0.121,0.24
18536,Runner,0.490,0.440,0.132,0.129,0.00
18537,Runner,0.490,0.440,0.082,0.126,0.80
18538,Runner,0.490,0.440,0.095,0.094,0.00
18539,Runner,0.490,0.440,0.117,0.150,0.00
18540,Runner,0.490,0.440,0.146,0.165,0.04
18541,Pursuer,0.490,0.440,0.143,0.112,0.00
18542,Runner,0.490,0.440,0.149,0.138,2.48
18543,Runner,0.490,0.440,0.104,0.174,0.00
18544,Runner,0.490,0.440,0.081,0.117,0.00
18545,Runner,0.490,0.440,0.123,0.192,0.00
18546,Runner,0.490,0.440,0.210,0.136,1.10
18547,Pursuer,0.490,0.440,0.000,0.000,0.00
18548,Runner,0.490,0.440,0.155,0.123,0.00
18549,Pursuer,0.490,0.440,0.197,0.091,0.00
18550,Runner,0.490,0.440,0.132,0.128,0.00
18551,Runner,0.490,0.440,0.129,0.130,0.00
18552,Pursuer,0.490,0.440,0.187,0.120,0.00
18553,Draw,0.490,0.440,0.144,0.134,16.96
18554,Pursuer,0.490,0.440,0.137,0.083,0.00
18555,Runner,0.490,0.440,0.089,0.143,5.82
18556,Draw,0.490,0.440,0.160,0.148,13.90
18557,Runner,0.490,0.440,0.135,0.100,0.00
18558,Pursuer,0.490,0.440,0.104,0.080,0.00
18559,Runner,0.490,0.440,0.094,0.135,0.00
18560,Runner,0.490,0.440,0.114,0.137,0.00
18561,Runner,0.490,0.440,0.084,0.143,0.96
18562,Runner,0.490,0.440,0.085,0.073,0.00
18563,Pursuer,0.490,0.440,0.000,0.000,0.00
18564,Pursuer,0.490,0.440,0.131,0.122,0.00
18565,Pursuer,0.490,0.440,0.134,0.058,0.00
18566,Pursuer,0.490,0.440,0.119,0.144,0.00
18567,Pursuer,0.490,0.440,0.233,0.232,0.00
18568,Pursuer,0.490,0.440,0.165,0.132,0.00
18569,Pursuer,0.490,0.440,0.193,0.142,0.00
18570,Pursuer,0.490,0.440,0.133,0.140,0.00
18571,Pursuer,0.490,0.440,0.118,0.086,0.00
18572,Pursuer,0.490,0.440,0.121,0.125,0.00
18573,Runner,0.490,0.440,0.075,0.117,1.14
18574,Runner,0.490,0.440,0.108,0.171,1.50
18575,Runner,0.490,0.440,0.135,0.088,0.00
18576,Draw,0.490,0.440,0.098,0.157,0.02
18577,Runner,0.490,0.440,0.147,0.090,0.00
18578,Pursuer,0.490,0.440,0.000,0.000,0.00
18579,Runner,0.490,0.440,0.132,0.143,5.58
18580,Runner,0.490,0.440,0.098,0.158,0.02
18581,Pursuer,0.490,0.440,0.131,0.117,0.00
18582,Runner,0.490,0.440,0.212,0.157,0.00
18583,Runner,0.490,0.440,0.119,0.119,0.00
18584,Runner,0.490,0.440,0.100,0.152,0.00
18585,Runner,0.490,0.440,0.121,0.142,3.94
18586,Runner,0.490,0.440,0.113,0.139,4.12
18587,Pursuer,0.490,0.440,0.113,0.088,0.00
18588,Pursuer,0.490,0.440,0.146,0.112,0.00
18589,Pursuer,0.490,0.440,0.164,0.113,0.00
18590,Pursuer,0.490,0.440,0.203,0.162,0.00
18591,Runner,0.490,0.440,0.095,0.098,0.00
18592,Runner,0.490,0.440,0.111,0.134,0.00
18593,Runner,0.490,0.440,0.164,0.102,0.00
18594,Pursuer,0.490,0.440,0.128,0.127,0.00
18595,Pursuer,0.490,0.440,0.121,0.117,0.00
18596,Pursuer,0.490,0.440,0.134,0.128,0.00
18597,Pursuer,0.490,0.440,0.158,0.097,0.00
18598,Pursuer,0.490,0.440,0.099,0.162,0.00
18599,Runner,0.490,0.440,0.133,0.141,0.00
18600,Pursuer,0.490,0.440,0.183,0.104,0.00
18601,Draw,0.490,0.440,0.150,0.147,18.94
18602,Pursuer,0.490,0.440,0.146,0.146,0.00
18603,Pursuer,0.490,0.440,0.129,0.089,0.00
18604,Runner,0.490,0.440,0.107,0.110,0.00
18605,Runner,0.490,0.440,0.079,0.158,0.00
18606,Runner,0.490,0.440,0.078,0.137,2.94
18607,Runner,0.490,0.440,0.090,0.120,0.00
18608,Pursuer,0.490,0.440,0.113,0.103,0.00
18609,Pursuer,0.490,0.440,0.127,0.102,0.00
18610,Pursuer,0.490,0.440,0.155,0.137,0.00
18611,Pursuer,0.490,0.440,0.125,0.087,0.00
18612,Pursuer,0.490,0.440,0.104,0.103,0.00
18613,Runner,0.490,0.440,0.142,0.125,0.64
18614,Runner,0.490,0.440,0.125,0.120,3.62
18615,Runner,0.490,0.440,0.120,0.136,2.36
18616,Pursuer,0.490,0.440,0.000,0.000,0.00
18617,Runner,0.490,0.440,0.088,0.140,1.16
18618,Runner,0.490,0.440,0.124,0.135,4.48
18619,Runner,0.490,0.440,0.108,0.152,1.04
18620,Draw,0.490,0.440,0.097,0.145,18.56
18621,Runner,0.490,0.440,0.125,0.121,0.20
18622,Pursuer,0.490,0.440,0.000,0.000,0.00
18623,Draw,0.490,0.440,0.131,0.141,16.76
18624,Runner,0.490,0.440,0.097,0.119,0.00
18625,Pursuer,0.490,0.440,0.137,0.110,0.00
18626,Draw,0.490,0.440,0.146,0.151,17.96
18627,Runner,0.490,0.440,0.100,0.133,1.12
18628,Runner,0.490,0.440,0.107,0.123,2.20
18629,Draw,0.490,0.440,0.115,0.146,16.72
18630,Runner,0.490,0.440,0.303,0.129,0.00
18631,Runner,0.490,0.440,0.115,0.140,0.00
18632,Runner,0.490,0.440,0.124,0.150,2.98
18633,Runner,0.490,0.440,0.097,0.125,2.84
18634,Runner,0.490,0.440,0.081,0.147,1.18
18635,Runner,0.490,0.440,0.105,0.169,2.36
18636,Pursuer,0.490,0.440,0.108,0.087,0.00
18637,Pursuer,0.490,0.440,0.107,0.109,0.00
18638,Pursuer,0.490,0.440,0.145,0.113,0.00
18639,Pursuer,0.490,0.440,0.122,0.097,0.00
18640,Pursuer,0.490,0.440,0.125,0.150,0.00
18641,Pursuer,0.490,0.440,0.136,0.100,0.00
18642,Runner,0.490,0.440,0.078,0.087,1.02
18643,Runner,0.490,0.440,0.120,0.123,0.00
18644,Runner,0.490,0.440,0.116,0.126,0.00
18645,Runner,0.490,0.440,0.089,0.137,0.00
18646,Pursuer,0.490,0.440,0.090,0.130,0.00
18647,Pursuer,0.490,0.440,0.139,0.137,0.00
18648,Runner,0.490,0.440,0.129,0.131,0.00
18649,Runner,0.490,0.440,0.101,0.137,0.00
18650,Runner,0.490,0.440,0.115,0.127,2.98
18651,Runner,0.490,0.440,0.109,0.114,0.00
18652,Runner,0.490,0.440,0.136,0.153,0.00
18653,Pursuer,0.490,0.440,0.127,0.117,0.00
18654,Runner,0.490,0.440,0.095,0.109,0.00
18655,Pursuer,0.490,0.440,0.155,0.114,0.00
18656,Runner,0.490,0.440,0.092,0.122,0.00
18657,Pursuer,0.490,0.440,0.131,0.102,0.00
18658,Pursuer,0.490,0.440,0.132,0.113,0.00
18659,Pursuer,0.490,0.440,0.087,0.162,0.00
18660,Runner,0.490,0.440,0.101,0.164,0.00
18661,Runner,0.490,0.440,0.095,0.119,0.00
18662,Pursuer,0.490,0.440,0.123,0.148,0.00
18663,Runner,0.490,0.440,0.148,0.142,0.00
18664,Runner,0.490,0.440,0.113,0.171,1.44
18665,Runner,0.490,0.440,0.103,0.135,0.38
18666,Runner,0.490,0.440,0.104,0.131,1.30
18667,Runner,0.490,0.440,0.163,0.111,0.00
18668,Runner,0.490,0.440,0.100,0.124,1.64
18669,Draw,0.490,0.440,0.139,0.153,16.16
18670,Runner,0.490,0.440,0.091,0.109,0.68
18671,Runner,0.490,0.440,0.079,0.152,2.50
18672,Runner,0.490,0.440,0.130,0.127,0.00
18673,Runner,0.490,0.440,0.104,0.141,0.00
18674,Runner,0.490,0.440,0.083,0.110,0.44
18675,Pursuer,0.490,0.440,0.000,0.000,0.00
18676,Runner,0.490,0.440,0.112,0.123,3.74
18677,Runner,0.490,0.440,0.114,0.125,1.54
18678,Pursuer,0.490,0.440,0.112,0.110,0.00
18679,Runner,0.490,0.440,0.093,0.142,0.00
18680,Pursuer,0.490,0.440,0.164,0.175,0.00
18681,Pursuer,0.490,0.440,0.105,0.085,0.00
18682,Pursuer,0.490,0.440,0.160,0.114,0.00
18683,Runner,0.490,0.440,0.141,0.118,1.28
18684,Runner,0.490,0.440,0.143,0.168,0.00
18685,Runner,0.490,0.440,0.138,0.173,2.96
18686,Runner,0.490,0.440,0.094,0.145,0.00
18687,Runner,0.490,0.440,0.077,0.104,1.30
18688,Pursuer,0.490,0.440,0.118,0.126,0.00
18689,Runner,0.490,0.440,0.114,0.133,1.00
18690,Pursuer,0.490,0.440,0.148,0.106,0.00
18691,Runner,0.490,0.440,0.256,0.160,0.00
18692,Runner,0.490,0.440,0.102,0.124,0.00
18693,Runner,0.491,0.440,0.132,0.123,0.00
18694,Pursuer,0.490,0.440,0.133,0.101,0.00
18695,Runner,0.491,0.440,0.083,0.172,1.78
18696,Runner,0.491,0.440,0.152,0.168,0.00
18697,Pursuer,0.491,0.440,0.114,0.091,0.00
18698,Runner,0.491,0.440,0.000,0.000,0.00
18699,Runner,0.491,0.440,0.110,0.101,0.00
18700,Runner,0.491,0.440,0.096,0.139,0.00
18701,Draw,0.491,0.440,0.149,0.149,15.08
18702,Runner,0.491,0.440,0.092,0.153,0.00
18703,Runner,0.491,0.440,0.082,0.131,0.36
18704,Runner,0.491,0.439,0.097,0.132,1.62
18705,Pursuer,0.491,0.440,0.140,0.101,0.00
18706,Pursuer,0.491,0.440,0.181,0.097,0.00
18707,Runner,0.491,0.440,0.106,0.131,0.40
18708,Runner,0.491,0.439,0.107,0.141,7.66
18709,Runner,0.491,0.439,0.115,0.136,0.00
18710,Pursuer,0.491,0.439,0.140,0.103,0.00
18711,Runner,0.491,0.439,0.111,0.124,1.38
18712,Runner,0.491,0.439,0.137,0.142,0.00
18713,Runner,0.491,0.439,0.085,0.128,0.40
18714,Pursuer,0.491,0.439,0.137,0.088,0.00
18715,Runner,0.491,0.439,0.084,0.151,0.00
18716,Runner,0.491,0.439,0.096,0.114,0.00
18717,Pursuer,0.491,0.439,0.156,0.148,0.00
18718,Pursuer,0.491,0.439,0.136,0.120,0.00
18719,Runner,0.491,0.439,0.104,0.133,1.34
18720,Pursuer,0.491,0.439,0.133,0.097,0.00
18721,Runner,0.491,0.439,0.109,0.152,0.00
18722,Pursuer,0.491,0.439,0.128,0.089,0.00
18723,Pursuer,0.491,0.440,0.110,0.108,0.00
18724,Runner,0.491,0.439,0.252,0.100,0.04
18725,Pursuer,0.491,0.440,0.161,0.132,0.00
18726,Pursuer,0.491,0.440,0.114,0.070,0.00
18727,Pursuer,0.491,0.440,0.121,0.142,0.00
18728,Pursuer,0.491,0.440,0.133,0.103,0.00
18729,Draw,0.491,0.440,0.114,0.140,18.58
18730,Runner,0.491,0.440,0.136,0.140,2.02
18731,Runner,0.491,0.440,0.097,0.134,1.90
18732,Runner,0.491,0.440,0.111,0.118,0.00
18733,Runner,0.491,0.439,0.120,0.164,0.00
18734,Runner,0.491,0.439,0.118,0.143,0.00
18735,Pursuer,0.491,0.439,0.137,0.099,0.00
18736,Runner,0.491,0.439,0.103,0.130,0.00
18737,Runner,0.491,0.439,0.092,0.110,2.86
18738,Runner,0.491,0.439,0.106,0.117,0.00
18739,Runner,0.491,0.439,0.130,0.187,0.00
18740,Pursuer,0.491,0.439,0.128,0.088,0.00
18741,Runner,0.491,0.439,0.119,0.130,3.72
18742,Pursuer,0.491,0.439,0.152,0.138,0.00
18743,Draw,0.491,0.439,0.142,0.155,15.76
18744,Runner,0.491,0.439,0.094,0.144,0.00
18745,Runner,0.491,0.439,0.149,0.219,0.00
18746,Pursuer,0.491,0.439,0.143,0.142,0.00
18747,Pursuer,0.491,0.439,0.078,0.095,0.00
18748,Runner,0.491,0.439,0.189,0.072,0.00
18749,Runner,0.491,0.439,0.084,0.123,0.00
18750,Runner,0.491,0.439,0.123,0.124,3.14
18751,Runner,0.491,0.439,0.109,0.136,0.00
18752,Draw,0.491,0.439,0.155,0.147,17.82
18753,Runner,0.491,0.439,0.082,0.169,0.08
18754,Runner,0.491,0.439,0.124,0.121,0.00
18755,Runner,0.491,0.439,0.092,0.121,0.00
18756,Pursuer,0.491,0.439,0.123,0.082,0.00
18757,Runner,0.491,0.439,0.101,0.155,0.04
18758,Runner,0.491,0.439,0.114,0.090,0.74
18759,Runner,0.491,0.439,0.156,0.121,0.38
18760,Runner,0.491,0.439,0.111,0.117,0.00
18761,Runner,0.491,0.439,0.120,0.140,4.34
18762,Pursuer,0.491,0.439,0.118,0.082,0.00
18763,Pursuer,0.491,0.439,0.130,0.117,0.00
18764,Runner,0.491,0.439,0.102,0.096,0.00
18765,Pursuer,0.491,0.439,0.000,0.000,0.00
18766,Draw,0.491,0.439,0.121,0.128,0.00
18767,Runner,0.491,0.439,0.123,0.164,0.68
18768,Runner,0.491,0.439,0.092,0.126,0.00
18769,Runner,0.491,0.439,0.093,0.131,0.00
18770,Runner,0.491,0.439,0.083,0.140,1.58
18771,Runner,0.491,0.439,0.132,0.105,1.42
18772,Pursuer,0.491,0.439,0.137,0.177,0.00
18773,Pursuer,0.491,0.439,0.128,0.112,0.00
18774,Runner,0.491,0.439,0.105,0.138,3.06
18775,Pursuer,0.491,0.439,0.139,0.109,0.00
18776,Runner,0.491,0.439,0.079,0.131,0.00
18777,Runner,0.491,0.439,0.073,0.151,1.34
18778,Pursuer,0.491,0.439,0.159,0.146,0.00
18779,Runner,0.491,0.439,0.098,0.150,4.14
18780,Runner,0.491,0.439,0.075,0.123,0.00
18781,Pursuer,0.491,0.439,0.117,0.109,0.00
18782,Pursuer,0.491,0.439,0.111,0.084,0.00
18783,Runner,0.491,0.439,0.117,0.149,1.34
18784,Pursuer,0.491,0.439,0.162,0.134,0.00
18785,Pursuer,0.491,0.439,0.213,0.171,0.00
18786,Pursuer,0.491,0.439,0.148,0.115,0.00
18787,Runner,0.491,0.439,0.109,0.145,4.94
18788,Runner,0.491,0.439,0.183,0.149,0.00
18789,Runner,0.491,0.439,0.126,0.111,0.46
18790,Runner,0.491,0.439,0.134,0.140,2.04
18791,Runner,0.491,0.439,0.097,0.149,1.36
18792,Pursuer,0.491,0.439,0.117,0.142,0.00
18793,Pursuer,0.491,0.439,0.132,0.111,0.00
18794,Runner,0.491,0.439,0.211,0.192,0.00
18795,Runner,0.491,0.439,0.117,0.140,0.00
18796,Runner,0.491,0.439,0.093,0.121,0.06
18797,Pursuer,0.491,0.439,0.156,0.057,0.00
18798,Runner,0.491,0.439,0.123,0.145,0.00
18799,Pursuer,0.491,0.439,0.138,0.131,0.00
18800,Pursuer,0.491,0.439,0.195,0.091,0.00
18801,Runner,0.491,0.439,0.125,0.147,1.38
18802,Runner,0.491,0.439,0.129,0.121,0.00
18803,Pursuer,0.491,0.439,0.144,0.133,0.00
18804,Runner,0.491,0.439,0.089,0.135,0.00
18805,Runner,0.491,0.439,0.116,0.137,0.46
18806,Runner,0.491,0.439,0.109,0.151,1.88
18807,Runner,0.491,0.439,0.076,0.129,0.18
18808,Pursuer,0.491,0.439,0.120,0.114,0.00
18809,Pursuer,0.491,0.439,0.090,0.049,0.00
18810,Pursuer,0.491,0.439,0.144,0.115,0.00
18811,Pursuer,0.491,0.439,0.134,0.112,0.00
18812,Runner,0.491,0.439,0.108,0.124,3.12
18813,Pursuer,0.491,0.439,0.135,0.115,0.00
18814,Runner,0.491,0.439,0.095,0.157,0.00
18815,Pursuer,0.491,0.439,0.157,0.100,0.00
18816,Pursuer,0.491,0.439,0.081,0.081,0.00
18817,Runner,0.491,0.439,0.120,0.116,0.78
18818,Runner,0.491,0.439,0.090,0.123,1.10
18819,Runner,0.491,0.439,0.141,0.109,0.00
18820,Pursuer,0.491,0.439,0.133,0.134,0.00
18821,Runner,0.491,0.439,0.174,0.092,0.08
18822,Pursuer,0.491,0.439,0.072,0.134,0.00
18823,Runner,0.491,0.439,0.108,0.131,2.66
18824,Draw,0.491,0.439,0.147,0.140,18.08
18825,Pursuer,0.491,0.439,0.140,0.072,0.00
18826,Runner,0.491,0.439,0.064,0.162,1.54
18827,Runner,0.491,0.439,0.192,0.119,0.00
18828,Runner,0.491,0.439,0.159,0.109,0.00
18829,Draw,0.491,0.439,0.141,0.138,0.00
18830,Pursuer,0.491,0.439,0.128,0.060,0.00
18831,Runner,0.491,0.439,0.084,0.128,2.68
18832,Runner,0.491,0.439,0.113,0.113,0.00
18833,Draw,0.491,0.439,0.104,0.138,19.02
18834,Runner,0.491,0.439,0.000,0.000,0.00
18835,Pursuer,0.491,0.439,0.000,0.000,0.00
18836,Pursuer,0.491,0.439,0.106,0.153,0.00
18837,Runner,0.491,0.439,0.089,0.141,1.04
18838,Draw,0.491,0.439,0.107,0.145,18.92
18839,Runner,0.491,0.439,0.099,0.146,0.00
18840,Pursuer,0.491,0.439,0.142,0.123,0.00
18841,Runner,0.491,0.439,0.087,0.128,2.06
18842,Pursuer,0.491,0.439,0.138,0.122,0.00
18843,Runner,0.491,0.439,0.078,0.119,0.00
18844,Pursuer,0.491,0.439,0.116,0.103,0.00
18845,Pursuer,0.491,0.439,0.126,0.102,0.00
18846,Runner,0.491,0.439,0.128,0.155,1.10
18847,Runner,0.491,0.439,0.108,0.112,0.00
18848,Runner,0.491,0.439,0.111,0.130,1.34
18849,Pursuer,0.491,0.439,0.230,0.424,0.00
18850,Pursuer,0.491,0.439,0.120,0.143,0.00
18851,Runner,0.491,0.439,0.123,0.139,8.74
18852,Runner,0.491,0.439,0.094,0.138,0.00
18853,Pursuer,0.491,0.439,0.204,0.634,0.00
18854,Runner,0.491,0.439,0.118,0.129,2.16
18855,Runner,0.491,0.439,0.119,0.123,0.00
18856,Pursuer,0.491,0.439,0.162,0.124,0.00
18857,Pursuer,0.491,0.439,0.135,0.090,0.00
18858,Pursuer,0.491,0.439,0.185,0.092,0.00
18859,Runner,0.491,0.439,0.156,0.183,0.00
18860,Pursuer,0.491,0.439,0.116,0.096,0.00
18861,Draw,0.491,0.439,0.135,0.147,16.24
18862,Runner,0.491,0.439,0.109,0.109,1.20
18863,Draw,0.491,0.439,0.137,0.144,0.00
18864,Pursuer,0.491,0.439,0.000,0.000,0.00
18865,Runner,0.491,0.439,0.105,0.138,3.80
18866,Runner,0.491,0.439,0.134,0.153,0.00
18867,Runner,0.491,0.439,0.200,0.153,1.08
18868,Runner,0.491,0.439,0.111,0.109,1.92
18869,Runner,0.491,0.439,0.101,0.131,0.00
18870,Pursuer,0.491,0.439,0.150,0.131,0.00
18871,Runner,0.491,0.439,0.100,0.148,1.44
18872,Runner,0.491,0.439,0.120,0.129,0.00
18873,Pursuer,0.491,0.439,0.130,0.097,0.00
18874,Runner,0.491,0.439,0.127,0.144,4.18
18875,Pursuer,0.491,0.439,0.123,0.091,0.00
18876,Pursuer,0.491,0.439,0.109,0.085,0.00
18877,Runner,0.491,0.439,0.082,0.142,0.00
18878,Pursuer,0.491,0.439,0.139,0.145,0.00
18879,Runner,0.491,0.439,0.092,0.163,1.26
18880,Runner,0.491,0.439,0.104,0.130,1.00
18881,Pursuer,0.491,0.439,0.126,0.119,0.00
18882,Pursuer,0.491,0.439,0.000,0.000,0.00
18883,Runner,0.491,0.439,0.099,0.133,0.00
18884,Runner,0.491,0.439,0.096,0.158,1.88
18885,Pursuer,0.491,0.439,0.000,0.000,0.00
18886,Runner,0.491,0.439,0.115,0.129,2.38
18887,Runner,0.491,0.439,0.095,0.144,1.46
18888,Runner,0.491,0.439,0.076,0.126,0.00
18889,Pursuer,0.491,0.439,0.104,0.152,0.00
18890,Runner,0.491,0.439,0.085,0.166,0.00
18891,Runner,0.491,0.439,0.085,0.119,0.78
18892,Runner,0.491,0.439,0.108,0.163,0.76
18893,Runner,0.491,0.439,0.097,0.142,1.72
18894,Pursuer,0.491,0.439,0.153,0.110,0.00
18895,Runner,0.491,0.439,0.127,0.108,0.06
18896,Pursuer,0.491,0.439,0.162,0.134,0.00
18897,Runner,0.491,0.439,0.098,0.106,1.14
18898,Runner,0.491,0.439,0.099,0.125,2.16
18899,Pursuer,0.491,0.439,0.146,0.117,0.00
18900,Pursuer,0.491,0.439,0.139,0.113,0.00
18901,Runner,0.491,0.439,0.130,0.137,2.20
18902,Pursuer,0.491,0.439,0.117,0.166,0.00
18903,Draw,0.491,0.439,0.110,0.137,0.00
18904,Runner,0.491,0.439,0.105,0.150,0.00
18905,Runner,0.491,0.439,0.120,0.149,0.00
18906,Runner,0.491,0.439,0.134,0.140,0.00
18907,Pursuer,0.491,0.439,0.160,0.146,0.00
18908,Runner,0.491,0.439,0.149,0.138,0.00
18909,Runner,0.492,0.439,0.131,0.132,0.00
18910,Runner,0.492,0.439,0.118,0.124,0.00
18911,Pursuer,0.492,0.439,0.482,0.269,0.00
18912,Pursuer,0.491,0.439,0.153,0.094,0.00
18913,Runner,0.492,0.439,0.112,0.141,2.56
18914,Runner,0.492,0.439,0.125,0.138,0.00
18915,Runner,0.492,0.439,0.106,0.140,0.08
18916,Runner,0.492,0.439,0.120,0.124,1.82
18917,Draw,0.492,0.439,0.140,0.146,0.00
18918,Pursuer,0.492,0.439,0.121,0.063,0.00
18919,Pursuer,0.492,0.439,0.086,0.123,0.00
18920,Pursuer,0.491,0.439,0.138,0.143,0.00
18921,Pursuer,0.491,0.439,0.134,0.117,0.00
18922,Runner,0.491,0.439,0.155,0.135,0.00
18923,Runner,0.492,0.439,0.119,0.128,1.56
18924,Runner,0.492,0.439,0.129,0.130,0.00
18925,Runner,0.492,0.439,0.129,0.086,0.00
18926,Runner,0.492,0.439,0.099,0.141,1.94
18927,Pursuer,0.492,0.439,0.123,0.081,0.00
18928,Runner,0.492,0.439,0.000,0.000,0.00
18929,Runner,0.492,0.439,0.133,0.116,0.00
18930,Pursuer,0.492,0.439,0.176,0.201,0.00
18931,Pursuer,0.492,0.439,0.150,0.075,0.00
18932,Pursuer,0.492,0.439,0.124,0.163,0.00
18933,Pursuer,0.492,0.439,0.131,0.116,0.00
18934,Runner,0.492,0.439,0.091,0.145,0.00
18935,Runner,0.492,0.439,0.123,0.145,0.00
18936,Runner,0.492,0.439,0.102,0.181,0.02
18937,Runner,0.492,0.439,0.098,0.150,3.24
18938,Runner,0.492,0.439,0.102,0.163,0.72
18939,Draw,0.492,0.439,0.138,0.146,19.98
18940,Runner,0.492,0.439,0.083,0.141,2.82
18941,Runner,0.492,0.439,0.085,0.122,0.20
18942,Runner,0.492,0.439,0.087,0.141,1.78
18943,Pursuer,0.492,0.439,0.116,0.089,0.00
18944,Runner,0.492,0.439,0.160,0.155,1.50
18945,Pursuer,0.492,0.439,0.140,0.129,0.00
18946,Pursuer,0.492,0.439,0.081,0.086,0.00
18947,Runner,0.492,0.439,0.078,0.130,1.10
18948,Pursuer,0.492,0.439,0.156,0.092,0.00
18949,Runner,0.492,0.439,0.120,0.129,0.00
18950,Runner,0.492,0.439,0.122,0.136,6.52
18951,Pursuer,0.492,0.439,0.134,0.122,0.00
18952,Pursuer,0.492,0.439,0.112,0.111,0.00
18953,Draw,0.492,0.439,0.129,0.113,0.00
18954,Runner,0.492,0.439,0.095,0.137,4.98
18955,Runner,0.492,0.439,0.110,0.162,0.00
18956,Runner,0.492,0.439,0.097,0.143,0.00
18957,Pursuer,0.492,0.439,0.133,0.085,0.00
18958,Runner,0.492,0.439,0.088,0.124,0.06
18959,Runner,0.492,0.439,0.101,0.123,0.00
18960,Runner,0.492,0.439,0.083,0.174,3.20
18961,Runner,0.492,0.439,0.116,0.113,0.00
18962,Pursuer,0.492,0.439,0.135,0.131,0.00
18963,Pursuer,0.492,0.439,0.123,0.152,0.00
18964,Runner,0.492,0.439,0.104,0.136,1.50
18965,Pursuer,0.492,0.439,0.106,0.109,0.00
18966,Runner,0.492,0.439,0.108,0.135,4.20
18967,Runner,0.492,0.439,0.089,0.105,0.00
18968,Pursuer,0.492,0.439,0.150,0.089,0.00
18969,Runner,0.492,0.439,0.117,0.109,0.34
18970,Runner,0.492,0.439,0.136,0.188,0.00
18971,Runner,0.492,0.439,0.099,0.148,2.34
18972,Runner,0.492,0.438,0.094,0.119,2.04
18973,Runner,0.492,0.438,0.109,0.150,0.56
18974,Runner,0.492,0.438,0.094,0.130,1.96
18975,Pursuer,0.492,0.438,0.132,0.093,0.00
18976,Draw,0.492,0.438,0.158,0.142,16.64
18977,Runner,0.492,0.438,0.120,0.136,0.80
18978,Pursuer,0.492,0.438,0.125,0.094,0.00
18979,Runner,0.492,0.438,0.121,0.150,0.66
18980,Runner,0.492,0.438,0.089,0.129,0.00
18981,Runner,0.492,0.438,0.110,0.136,0.00
18982,Runner,0.492,0.438,0.093,0.174,1.50
18983,Runner,0.492,0.438,0.109,0.144,0.00
18984,Draw,0.492,0.438,0.146,0.142,14.42
18985,Pursuer,0.492,0.438,0.130,0.125,0.00
18986,Runner,0.492,0.438,0.126,0.119,0.00
18987,Pursuer,0.492,0.438,0.130,0.131,0.00
18988,Pursuer,0.492,0.438,0.126,0.128,0.00
18989,Pursuer,0.492,0.438,0.122,0.097,0.00
18990,Runner,0.492,0.438,0.116,0.110,0.00
18991,Runner,0.492,0.438,0.094,0.073,0.36
18992,Pursuer,0.492,0.438,0.123,0.167,0.00
18993,Pursuer,0.492,0.438,0.149,0.169,0.00
18994,Pursuer,0.492,0.438,0.126,0.097,0.00
18995,Runner,0.492,0.438,0.119,0.157,0.06
18996,Pursuer,0.492,0.438,0.110,0.103,0.00
18997,Draw,0.492,0.438,0.106,0.135,17.88
18998,Runner,0.492,0.438,0.157,0.140,1.06
18999,Pursuer,0.492,0.438,0.133,0.109,0.00
19000,Pursuer,0.492,0.438,0.138,0.099,0.00
19001,Runner,0.492,0.438,0.118,0.106,0.00
19002,Draw,0.492,0.438,0.108,0.151,0.00
19003,Runner,0.492,0.438,0.081,0.126,2.06
19004,Pursuer,0.492,0.438,0.117,0.120,0.00
19005,Runner,0.492,0.438,0.115,0.138,0.00
19006,Pursuer,0.492,0.438,0.110,0.103,0.00
19007,Runner,0.492,0.438,0.105,0.134,1.36
19008,Pursuer,0.492,0.438,0.000,0.000,0.00
19009,Pursuer,0.492,0.438,0.199,0.092,0.00
19010,Pursuer,0.492,0.439,0.086,0.139,0.00
19011,Runner,0.492,0.438,0.112,0.175,0.06
19012,Pursuer,0.492,0.439,0.135,0.121,0.00
19013,Runner,0.492,0.438,0.095,0.134,1.30
19014,Pursuer,0.492,0.439,0.123,0.124,0.00
19015,Runner,0.492,0.438,0.077,0.145,1.46
19016,Pursuer,0.492,0.439,0.184,0.305,0.00
19017,Pursuer,0.492,0.439,0.144,0.095,0.00
19018,Runner,0.492,0.439,0.105,0.136,3.46
19019,Pursuer,0.492,0.439,0.133,0.334,0.00
19020,Pursuer,0.492,0.439,0.098,0.109,0.00
19021,Runner,0.492,0.439,0.085,0.138,0.00
19022,Draw,0.492,0.439,0.104,0.126,0.00
19023,Pursuer,0.492,0.439,0.120,0.196,0.00
19024,Pursuer,0.492,0.439,0.133,0.126,0.00
19025,Pursuer,0.492,0.439,0.137,0.099,0.00
19026,Runner,0.492,0.439,0.091,0.108,1.64
19027,Runner,0.492,0.439,0.109,0.101,1.40
19028,Runner,0.492,0.439,0.133,0.133,7.04
19029,Pursuer,0.492,0.439,0.148,0.125,0.00
19030,Draw,0.492,0.439,0.141,0.146,14.12
19031,Runner,0.492,0.439,0.090,0.133,4.82
19032,Pursuer,0.492,0.439,0.165,0.095,0.00
19033,Runner,0.492,0.439,0.112,0.126,0.00
19034,Pursuer,0.492,0.439,0.101,0.393,0.00
19035,Pursuer,0.492,0.439,0.147,0.127,0.00
19036,Runner,0.492,0.439,0.113,0.161,5.76
19037,Pursuer,0.492,0.439,0.142,0.145,0.00
19038,Pursuer,0.492,0.439,0.135,0.113,0.00
19039,Pursuer,0.492,0.439,0.151,0.099,0.00
19040,Draw,0.492,0.439,0.147,0.135,15.82
19041,Runner,0.492,0.439,0.126,0.133,0.00
19042,Pursuer,0.492,0.439,0.502,0.164,0.00
19043,Pursuer,0.492,0.439,0.146,0.115,0.00
19044,Runner,0.492,0.439,0.065,0.136,2.38
19045,Runner,0.492,0.439,0.123,0.137,0.00
19046,Runner,0.492,0.439,0.092,0.143,0.00
19047,Pursuer,0.492,0.439,0.085,0.106,0.00
19048,Runner,0.492,0.439,0.137,0.187,0.00
19049,Pursuer,0.492,0.439,0.133,0.145,0.00
19050,Pursuer,0.492,0.439,0.159,0.087,0.00
19051,Runner,0.492,0.439,0.026,0.141,0.10
19052,Runner,0.492,0.439,0.138,0.133,5.00
19053,Runner,0.492,0.439,0.087,0.177,0.00
19054,Pursuer,0.492,0.439,0.150,0.092,0.00
19055,Runner,0.492,0.439,0.093,0.140,0.28
19056,Pursuer,0.492,0.439,0.136,0.118,0.00
19057,Runner,0.492,0.439,0.141,0.156,0.00
19058,Runner,0.492,0.439,0.151,0.100,0.00
19059,Pursuer,0.492,0.439,0.139,0.121,0.00
19060,Pursuer,0.492,0.439,0.123,0.142,0.00
19061,Pursuer,0.492,0.439,0.136,0.101,0.00
19062,Runner,0.492,0.439,0.098,0.129,0.00
19063,Pursuer,0.492,0.439,0.122,0.093,0.00
19064,Runner,0.492,0.439,0.115,0.122,0.96
19065,Pursuer,0.492,0.439,0.121,0.085,0.00
19066,Runner,0.492,0.439,0.103,0.128,0.00
19067,Pursuer,0.492,0.439,0.139,0.106,0.00
19068,Runner,0.492,0.439,0.151,0.145,1.60
19069,Pursuer,0.492,0.439,0.129,0.079,0.00
19070,Runner,0.492,0.439,0.116,0.167,0.00
19071,Runner,0.492,0.439,0.121,0.148,0.02
19072,Pursuer,0.492,0.439,0.132,0.079,0.00
19073,Runner,0.492,0.439,0.113,0.140,2.20
19074,Runner,0.492,0.439,0.124,0.122,0.64
19075,Runner,0.492,0.439,0.123,0.096,0.02
19076,Runner,0.492,0.439,0.071,0.152,0.00
19077,Runner,0.492,0.439,0.089,0.135,0.00
19078,Runner,0.492,0.439,0.092,0.143,1.66
19079,Pursuer,0.492,0.439,0.112,0.098,0.00
19080,Runner,0.492,0.439,0.120,0.182,1.92
19081,Runner,0.492,0.439,0.089,0.136,0.00
19082,Runner,0.492,0.439,0.114,0.112,0.00
19083,Runner,0.492,0.439,0.082,0.135,4.76
19084,Pursuer,0.492,0.439,0.178,0.143,0.00
19085,Pursuer,0.492,0.439,0.140,0.092,0.00
19086,Pursuer,0.492,0.439,0.159,0.083,0.00
19087,Runner,0.492,0.439,0.131,0.137,0.00
19088,Draw,0.492,0.439,0.147,0.148,15.82
19089,Runner,0.492,0.439,0.148,0.134,0.70
19090,Runner,0.492,0.439,0.127,0.171,0.00
19091,Runner,0.492,0.438,0.126,0.130,0.00
19092,Runner,0.492,0.438,0.074,0.094,0.00
19093,Runner,0.492,0.438,0.126,0.153,0.58
19094,Runner,0.492,0.438,0.146,0.132,0.52
19095,Runner,0.492,0.438,0.140,0.167,0.00
19096,Draw,0.492,0.438,0.096,0.137,4.40
19097,Runner,0.492,0.438,0.137,0.156,3.96
19098,Runner,0.492,0.438,0.119,0.118,0.00
19099,Pursuer,0.492,0.438,0.147,0.091,0.00
19100,Pursuer,0.492,0.438,0.100,0.088,0.00
19101,Runner,0.492,0.438,0.000,0.000,0.02
19102,Pursuer,0.492,0.438,0.163,0.110,0.00
19103,Runner,0.492,0.438,0.107,0.133,0.00
19104,Runner,0.492,0.438,0.138,0.259,0.00
19105,Runner,0.492,0.438,0.224,0.209,0.08
19106,Runner,0.492,0.438,0.083,0.143,0.56
19107,Runner,0.492,0.438,0.099,0.141,0.00
19108,Runner,0.492,0.438,0.110,0.133,0.00
19109,Runner,0.492,0.438,0.108,0.136,5.76
19110,Pursuer,0.492,0.438,0.133,0.106,0.00
19111,Pursuer,0.492,0.438,0.133,0.101,0.00
19112,Runner,0.492,0.438,0.166,0.158,0.00
19113,Pursuer,0.492,0.438,0.101,0.113,0.00
19114,Runner,0.492,0.438,0.144,0.164,0.00
19115,Runner,0.492,0.438,0.103,0.105,0.00
19116,Pursuer,0.492,0.438,0.150,0.050,0.00
19117,Pursuer,0.492,0.438,0.137,0.084,0.00
19118,Pursuer,0.492,0.438,0.067,0.225,0.00
19119,Runner,0.492,0.438,0.136,0.121,0.00
19120,Pursuer,0.492,0.438,0.146,0.109,0.00
19121,Pursuer,0.492,0.438,0.119,0.128,0.00
19122,Runner,0.492,0.438,0.136,0.117,0.00
19123,Runner,0.492,0.438,0.072,0.135,2.98
19124,Pursuer,0.492,0.438,0.124,0.109,0.00
19125,Runner,0.492,0.438,0.089,0.162,2.46
19126,Pursuer,0.492,0.438,0.105,0.136,0.00
19127,Draw,0.492,0.438,0.151,0.147,18.90
19128,Pursuer,0.492,0.438,0.139,0.086,0.00
19129,Pursuer,0.492,0.438,0.095,0.113,0.00
19130,Pursuer,0.492,0.438,0.168,0.111,0.00
19131,Runner,0.492,0.438,0.129,0.122,0.00
19132,Runner,0.492,0.438,0.082,0.125,0.00
19133,Runner,0.492,0.438,0.076,0.127,1.50
19134,Pursuer,0.492,0.438,0.139,0.088,0.00
19135,Runner,0.492,0.438,0.128,0.143,5.54
19136,Pursuer,0.492,0.438,0.120,0.096,0.00
19137,Runner,0.492,0.438,0.078,0.143,0.42
19138,Runner,0.492,0.438,0.099,0.166,0.00
19139,Pursuer,0.492,0.438,0.143,0.126,0.00
19140,Pursuer,0.492,0.438,0.155,0.103,0.00
19141,Draw,0.492,0.438,0.123,0.128,16.48
19142,Pursuer,0.492,0.438,0.144,0.150,0.00
19143,Runner,0.492,0.438,0.125,0.112,0.00
19144,Runner,0.492,0.438,0.107,0.119,0.00
19145,Pursuer,0.492,0.438,0.556,0.816,0.00
19146,Pursuer,0.492,0.438,0.153,0.118,0.00
19147,Pursuer,0.492,0.438,0.158,0.140,0.00
19148,Runner,0.492,0.438,0.124,0.141,0.00
19149,Runner,0.492,0.438,0.087,0.107,0.00
19150,Pursuer,0.492,0.438,0.129,0.078,0.00
19151,Draw,0.492,0.438,0.153,0.140,18.30
19152,Pursuer,0.492,0.438,0.124,0.096,0.00
19153,Pursuer,0.492,0.438,0.177,0.118,0.00
19154,Runner,0.492,0.438,0.115,0.135,0.00
19155,Runner,0.492,0.438,0.091,0.117,0.00
19156,Runner,0.492,0.438,0.119,0.178,0.00
19157,Runner,0.492,0.438,0.140,0.157,1.56
19158,Runner,0.492,0.438,0.090,0.143,2.18
19159,Pursuer,0.492,0.438,0.122,0.071,0.00
19160,Runner,0.492,0.438,0.088,0.142,0.68
19161,Runner,0.492,0.438,0.112,0.140,0.00
19162,Runner,0.492,0.438,0.104,0.144,1.46
19163,Pursuer,0.492,0.438,0.000,0.000,0.00
19164,Runner,0.492,0.438,0.129,0.135,0.00
19165,Pursuer,0.492,0.438,0.149,0.146,0.00
19166,Runner,0.492,0.438,0.119,0.154,4.92
19167,Runner,0.492,0.438,0.131,0.143,0.52
19168,Draw,0.492,0.438,0.092,0.136,12.56
19169,Runner,0.492,0.438,0.200,0.183,0.00
19170,Runner,0.492,0.438,0.129,0.157,0.00
19171,Runner,0.492,0.438,0.091,0.165,0.00
19172,Pursuer,0.492,0.438,0.134,0.105,0.00
19173,Pursuer,0.492,0.438,0.156,0.129,0.00
19174,Pursuer,0.492,0.438,0.067,0.112,0.00
19175,Runner,0.492,0.438,0.114,0.130,0.00
19176,Draw,0.492,0.438,0.121,0.134,1.00
19177,Runner,0.492,0.438,0.122,0.137,0.32
19178,Runner,0.492,0.438,0.141,0.140,1.70
19179,Runner,0.492,0.438,0.097,0.123,2.76
19180,Runner,0.492,0.438,0.107,0.135,0.00
19181,Runner,0.492,0.438,0.132,0.148,0.00
19182,Runner,0.492,0.438,0.205,0.124,0.00
19183,Pursuer,0.492,0.438,0.117,0.124,0.00
19184,Pursuer,0.492,0.438,0.174,0.119,0.00
19185,Runner,0.492,0.438,0.098,0.146,3.06
19186,Runner,0.492,0.438,0.101,0.144,0.48
19187,Draw,0.492,0.438,0.142,0.151,17.68
19188,Pursuer,0.492,0.438,0.126,0.091,0.00
19189,Pursuer,0.492,0.438,0.099,0.125,0.00
19190,Runner,0.492,0.438,0.124,0.126,2.70
19191,Runner,0.492,0.438,0.099,0.123,0.00
19192,Runner,0.492,0.438,0.134,0.142,1.02
19193,Pursuer,0.492,0.438,0.000,0.000,0.00
19194,Runner,0.492,0.438,0.117,0.153,1.02
19195,Runner,0.492,0.438,0.109,0.149,4.36
19196,Pursuer,0.492,0.438,0.122,0.083,0.00
19197,Pursuer,0.492,0.438,0.144,0.112,0.00
19198,Pursuer,0.492,0.438,0.141,0.131,0.00
19199,Runner,0.492,0.438,0.099,0.134,1.86
19200,Pursuer,0.492,0.438,0.059,0.168,0.00
19201,Runner,0.492,0.438,0.107,0.115,0.52
19202,Runner,0.492,0.438,0.092,0.125,0.00
19203,Runner,0.492,0.438,0.086,0.119,0.00
19204,Pursuer,0.492,0.438,0.165,0.099,0.00
19205,Runner,0.492,0.438,0.121,0.093,0.00
19206,Runner,0.492,0.438,0.147,0.124,0.00
19207,Pursuer,0.492,0.438,0.161,0.090,0.00
19208,Pursuer,0.492,0.438,0.148,0.077,0.00
19209,Runner,0.492,0.438,0.093,0.130,0.00
19210,Pursuer,0.492,0.438,0.150,0.124,0.00
19211,Pursuer,0.492,0.438,0.126,0.126,0.00
19212,Runner,0.492,0.438,0.132,0.142,0.88
19213,Runner,0.492,0.438,0.096,0.124,1.58
19214,Runner,0.492,0.438,0.077,0.120,1.86
19215,Draw,0.492,0.438,0.146,0.147,18.84
19216,Runner,0.492,0.438,0.133,0.129,0.00
19217,Pursuer,0.492,0.438,0.112,0.119,0.00
19218,Pursuer,0.492,0.438,0.119,0.140,0.00
19219,Runner,0.492,0.438,0.070,0.145,0.00
19220,Runner,0.492,0.438,0.111,0.127,1.30
19221,Runner,0.492,0.438,0.110,0.104,1.38
19222,Runner,0.492,0.438,0.118,0.127,3.30
19223,Runner,0.492,0.438,0.108,0.105,1.16
19224,Pursuer,0.492,0.438,0.176,0.126,0.00
19225,Pursuer,0.492,0.438,0.125,0.118,0.00
19226,Runner,0.492,0.438,0.129,0.185,1.30
19227,Pursuer,0.492,0.438,0.136,0.115,0.00
19228,Runner,0.492,0.438,0.000,0.000,0.00
19229,Pursuer,0.492,0.438,0.129,0.124,0.00
19230,Pursuer,0.492,0.438,0.142,0.108,0.00
19231,Runner,0.492,0.438,0.106,0.143,0.42
19232,Runner,0.492,0.438,0.120,0.117,0.50
19233,Pursuer,0.492,0.438,0.150,0.120,0.00
19234,Draw,0.492,0.438,0.126,0.149,0.00
19235,Pursuer,0.492,0.438,0.128,0.152,0.00
19236,Runner,0.492,0.438,0.171,0.155,0.50
19237,Runner,0.492,0.438,0.078,0.193,0.84
19238,Runner,0.492,0.438,0.101,0.132,0.00
19239,Pursuer,0.492,0.438,0.154,0.119,0.00
19240,Runner,0.492,0.438,0.141,0.122,0.00
19241,Pursuer,0.492,0.438,0.150,0.118,0.00
19242,Pursuer,0.492,0.438,0.127,0.083,0.00
19243,Runner,0.492,0.438,0.088,0.124,1.96
19244,Pursuer,0.492,0.438,0.000,0.000,0.00
19245,Draw,0.492,0.438,0.133,0.161,18.14
19246,Runner,0.492,0.438,0.191,0.090,0.00
19247,Runner,0.492,0.438,0.097,0.167,0.00
19248,Pursuer,0.492,0.438,0.397,1.043,0.00
19249,Runner,0.492,0.438,0.104,0.134,1.36
19250,Pursuer,0.492,0.438,0.135,0.119,0.00
19251,Pursuer,0.492,0.438,0.102,0.120,0.00
19252,Runner,0.492,0.438,0.096,0.125,5.20
19253,Pursuer,0.492,0.438,0.096,0.149,0.00
19254,Runner,0.492,0.438,0.000,0.000,0.00
19255,Runner,0.492,0.438,0.126,0.146,1.36
19256,Runner,0.492,0.438,0.075,0.179,2.02
19257,Pursuer,0.492,0.438,0.094,0.168,0.00
19258,Runner,0.492,0.438,0.097,0.168,0.00
19259,Runner,0.492,0.438,0.137,0.133,0.00
19260,Pursuer,0.492,0.438,0.142,0.149,0.00
19261,Runner,0.492,0.438,0.113,0.114,0.00
19262,Runner,0.492,0.438,0.146,0.135,0.00
19263,Runner,0.492,0.438,0.097,0.143,0.86
19264,Runner,0.493,0.438,0.163,0.127,1.28
19265,Runner,0.493,0.438,0.096,0.170,2.08
19266,Runner,0.493,0.438,0.113,0.124,0.00
19267,Runner,0.493,0.438,0.103,0.113,1.98
19268,Runner,0.493,0.438,0.094,0.123,1.72
19269,Runner,0.493,0.438,0.148,0.156,0.00
19270,Runner,0.493,0.438,0.098,0.169,0.00
19271,Pursuer,0.493,0.438,0.124,0.097,0.00
19272,Runner,0.493,0.438,0.114,0.118,0.00
19273,Runner,0.493,0.438,0.094,0.174,0.00
19274,Runner,0.493,0.438,0.144,0.169,5.00
19275,Runner,0.493,0.438,0.141,0.128,1.18
19276,Runner,0.493,0.438,0.104,0.135,2.38
19277,Pursuer,0.493,0.438,0.127,0.151,0.00
19278,Runner,0.493,0.438,0.133,0.146,0.00
19279,Runner,0.493,0.438,0.124,0.143,6.76
19280,Runner,0.493,0.438,0.115,0.133,2.34
19281,Runner,0.493,0.438,0.185,0.008,0.00
19282,Runner,0.493,0.438,0.160,0.121,0.72
19283,Pursuer,0.493,0.438,0.134,0.117,0.00
19284,Draw,0.493,0.438,0.101,0.142,0.00
19285,Pursuer,0.493,0.438,0.120,0.087,0.00
19286,Runner,0.493,0.438,0.085,0.130,0.00
19287,Pursuer,0.493,0.438,0.153,0.117,0.00
19288,Runner,0.493,0.438,0.099,0.153,1.16
19289,Runner,0.493,0.438,0.082,0.130,1.02
19290,Runner,0.493,0.438,0.166,0.120,0.00
19291,Draw,0.493,0.438,0.149,0.143,19.98
19292,Pursuer,0.493,0.438,0.127,0.120,0.00
19293,Draw,0.493,0.438,0.141,0.151,15.68
19294,Pursuer,0.493,0.438,0.143,0.086,0.00
19295,Runner,0.493,0.438,0.126,0.189,0.18
19296,Pursuer,0.493,0.438,0.128,0.158,0.00
19297,Pursuer,0.493,0.438,0.143,0.142,0.00
19298,Runner,0.493,0.438,0.187,0.210,0.00
19299,Draw,0.493,0.438,0.156,0.141,16.28
19300,Runner,0.493,0.438,0.132,0.141,0.00
19301,Pursuer,0.493,0.438,0.154,0.092,0.00
19302,Pursuer,0.493,0.438,0.144,0.126,0.00
19303,Runner,0.493,0.438,0.102,0.131,0.00
19304,Pursuer,0.493,0.438,0.000,0.000,0.00
19305,Pursuer,0.493,0.438,0.156,0.065,0.00
19306,Runner,0.493,0.438,0.154,0.155,0.56
19307,Runner,0.493,0.438,0.082,0.127,0.00
19308,Runner,0.493,0.438,0.116,0.155,0.84
19309,Pursuer,0.493,0.438,0.130,0.119,0.00
19310,Runner,0.493,0.438,0.115,0.148,0.00
19311,Runner,0.493,0.438,0.074,0.130,0.00
19312,Runner,0.493,0.438,0.135,0.130,2.06
19313,Runner,0.493,0.438,0.107,0.127,0.00
19314,Pursuer,0.493,0.438,0.000,0.000,0.00
19315,Pursuer,0.493,0.438,0.129,0.077,0.00
19316,Runner,0.493,0.438,0.093,0.126,2.62
19317,Runner,0.493,0.438,0.101,0.143,0.00
19318,Runner,0.493,0.438,0.129,0.134,0.00
19319,Runner,0.493,0.438,0.098,0.089,0.00
19320,Draw,0.493,0.438,0.152,0.159,18.72
19321,Pursuer,0.493,0.438,0.120,0.102,0.00
19322,Runner,0.493,0.438,0.167,0.214,0.38
19323,Runner,0.493,0.438,0.102,0.134,0.20
19324,Pursuer,0.493,0.438,0.089,0.099,0.00
19325,Runner,0.493,0.438,0.105,0.141,3.06
19326,Runner,0.493,0.437,0.120,0.155,0.02
19327,Runner,0.493,0.437,0.096,0.156,0.00
19328,Runner,0.493,0.437,0.091,0.174,0.00
19329,Runner,0.493,0.437,0.113,0.109,2.32
19330,Pursuer,0.493,0.437,0.167,0.115,0.00
19331,Pursuer,0.493,0.437,0.093,0.087,0.00
19332,Runner,0.493,0.437,0.128,0.150,0.00
19333,Runner,0.493,0.437,0.135,0.101,0.00
19334,Pursuer,0.493,0.437,0.135,0.108,0.00
19335,Runner,0.493,0.437,0.143,0.161,1.42
19336,Pursuer,0.493,0.437,0.148,0.143,0.00
19337,Pursuer,0.493,0.438,0.133,0.111,0.00
19338,Runner,0.493,0.437,0.159,0.197,0.78
19339,Runner,0.493,0.437,0.075,0.115,2.54
19340,Runner,0.493,0.437,0.102,0.146,0.00
19341,Pursuer,0.493,0.437,0.157,0.114,0.00
19342,Draw,0.493,0.437,0.138,0.116,0.00
19343,Pursuer,0.493,0.437,0.143,0.107,0.00
19344,Draw,0.493,0.437,0.135,0.131,0.00
19345,Runner,0.493,0.437,0.111,0.121,0.92
19346,Draw,0.493,0.437,0.095,0.150,15.14
19347,Pursuer,0.493,0.437,0.092,0.095,0.00
19348,Runner,0.493,0.437,0.090,0.140,0.00
19349,Pursuer,0.493,0.437,0.140,0.914,0.00
19350,Runner,0.493,0.437,0.120,0.143,2.36
19351,Runner,0.493,0.437,0.118,0.126,0.00
19352,Pursuer,0.493,0.437,0.106,0.125,0.00
19353,Runner,0.493,0.437,0.102,0.137,0.00
19354,Pursuer,0.493,0.437,0.131,0.161,0.00
19355,Runner,0.493,0.437,0.125,0.152,0.00
19356,Pursuer,0.493,0.437,0.147,0.098,0.00
19357,Pursuer,0.493,0.437,0.150,0.115,0.00
19358,Runner,0.493,0.437,0.096,0.136,1.74
19359,Pursuer,0.493,0.437,0.200,0.145,0.00
19360,Runner,0.493,0.437,0.142,0.122,0.00
19361,Pursuer,0.493,0.437,0.000,0.000,0.00
19362,Pursuer,0.493,0.438,0.119,0.096,0.00
19363,Runner,0.493,0.437,0.107,0.117,0.00
19364,Runner,0.493,0.437,0.104,0.138,0.00
19365,Runner,0.493,0.437,0.153,0.147,1.26
19366,Pursuer,0.493,0.437,0.158,0.181,0.00
19367,Pursuer,0.493,0.437,0.150,0.132,0.00
19368,Draw,0.493,0.437,0.128,0.140,16.32
19369,Pursuer,0.493,0.438,0.000,0.000,0.00
19370,Runner,0.493,0.437,0.124,0.115,0.00
19371,Runner,0.493,0.437,0.108,0.144,0.82
19372,Runner,0.493,0.437,0.089,0.140,1.16
19373,Runner,0.493,0.437,0.099,0.149,0.70
19374,Pursuer,0.493,0.437,0.136,0.140,0.00
19375,Runner,0.493,0.437,0.083,0.150,1.16
19376,Runner,0.493,0.437,0.102,0.165,0.36
19377,Runner,0.493,0.437,0.105,0.134,1.38
19378,Pursuer,0.493,0.437,0.150,0.129,0.00
19379,Pursuer,0.493,0.437,0.141,0.104,0.00
19380,Runner,0.493,0.437,0.137,0.090,0.00
19381,Pursuer,0.493,0.437,0.133,0.139,0.00
19382,Runner,0.493,0.437,0.125,0.094,0.76
19383,Pursuer,0.493,0.437,0.113,0.088,0.00
19384,Runner,0.493,0.437,0.112,0.102,0.00
19385,Runner,0.493,0.437,0.143,0.111,0.00
19386,Pursuer,0.493,0.437,0.145,0.093,0.00
19387,Runner,0.493,0.437,0.115,0.149,0.38
19388,Draw,0.493,0.437,0.133,0.137,17.88
19389,Pursuer,0.493,0.437,0.141,0.152,0.00
19390,Runner,0.493,0.437,0.140,0.125,3.32
19391,Runner,0.493,0.437,0.124,0.158,1.84
19392,Runner,0.493,0.437,0.115,0.130,0.86
19393,Runner,0.493,0.437,0.103,0.127,2.16
19394,Pursuer,0.493,0.437,0.111,0.100,0.00
19395,Runner,0.493,0.437,0.106,0.142,0.72
19396,Runner,0.493,0.437,0.076,0.124,2.70
19397,Draw,0.493,0.437,0.144,0.142,17.68
19398,Pursuer,0.493,0.437,0.143,0.117,0.00
19399,Draw,0.493,0.437,0.138,0.149,17.90
19400,Runner,0.493,0.437,0.090,0.174,0.06
19401,Pursuer,0.493,0.437,0.207,0.162,0.00
19402,Pursuer,0.493,0.437,0.171,0.166,0.00
19403,Pursuer,0.493,0.437,0.143,0.091,0.00
19404,Runner,0.493,0.437,0.129,0.148,1.50
19405,Runner,0.493,0.437,0.082,0.150,1.54
19406,Pursuer,0.493,0.437,0.148,0.096,0.00
19407,Runner,0.493,0.437,0.098,0.134,0.80
19408,Runner,0.493,0.437,0.117,0.134,0.04
19409,Draw,0.493,0.437,0.134,0.145,0.00
19410,Runner,0.493,0.437,0.127,0.106,0.00
19411,Runner,0.493,0.437,0.088,0.156,0.00
19412,Runner,0.493,0.437,0.136,0.132,3.22
19413,Runner,0.493,0.437,0.086,0.126,0.72
19414,Draw,0.493,0.437,0.150,0.129,0.00
19415,Pursuer,0.493,0.437,0.139,0.129,0.00
19416,Runner,0.493,0.437,0.106,0.147,0.00
19417,Pursuer,0.493,0.437,0.111,0.075,0.00
19418,Pursuer,0.493,0.437,0.143,0.116,0.00
19419,Runner,0.493,0.437,0.109,0.169,1.14
19420,Runner,0.493,0.437,0.142,0.122,0.00
19421,Draw,0.493,0.437,0.133,0.143,17.22
19422,Runner,0.493,0.437,0.120,0.133,3.82
19423,Pursuer,0.493,0.437,0.673,0.254,0.00
19424,Runner,0.493,0.437,0.120,0.152,0.00
19425,Pursuer,0.493,0.437,0.137,0.127,0.00
19426,Pursuer,0.493,0.437,0.100,0.083,0.00
19427,Pursuer,0.493,0.437,0.153,0.138,0.00
19428,Runner,0.493,0.437,0.000,0.000,0.00
19429,Pursuer,0.493,0.437,0.000,0.000,0.00
19430,Runner,0.493,0.437,0.127,0.121,0.00
19431,Pursuer,0.493,0.437,0.125,0.110,0.00
19432,Runner,0.493,0.437,0.133,0.121,0.00
19433,Pursuer,0.493,0.437,0.133,0.118,0.00
19434,Runner,0.493,0.437,0.108,0.137,0.48
19435,Pursuer,0.493,0.437,0.545,0.962,0.00
19436,Runner,0.493,0.437,0.171,0.124,0.44
19437,Pursuer,0.493,0.437,0.143,0.105,0.00
19438,Pursuer,0.493,0.437,0.143,0.108,0.00
19439,Runner,0.493,0.437,0.089,0.127,0.18
19440,Pursuer,0.493,0.437,0.110,0.129,0.00
19441,Pursuer,0.493,0.437,0.120,0.077,0.00
19442,Runner,0.493,0.437,0.111,0.140,2.14
19443,Pursuer,0.493,0.437,0.142,0.100,0.00
19444,Draw,0.493,0.437,0.147,0.145,19.76
19445,Pursuer,0.493,0.437,0.135,0.130,0.00
19446,Pursuer,0.493,0.437,0.113,0.120,0.00
19447,Pursuer,0.493,0.437,0.152,0.127,0.00
19448,Pursuer,0.493,0.437,0.132,0.110,0.00
19449,Runner,0.493,0.437,0.134,0.156,0.00
19450,Runner,0.493,0.437,0.121,0.158,2.52
19451,Pursuer,0.493,0.437,0.140,0.123,0.00
19452,Pursuer,0.493,0.437,0.120,0.107,0.00
19453,Runner,0.493,0.437,0.110,0.126,0.00
19454,Pursuer,0.493,0.437,0.136,0.149,0.00
19455,Runner,0.493,0.437,0.101,0.130,1.80
19456,Runner,0.493,0.437,0.133,0.196,0.00
19457,Runner,0.493,0.437,0.143,0.124,0.00
19458,Pursuer,0.493,0.437,0.154,0.125,0.00
19459,Pursuer,0.493,0.437,0.156,0.089,0.00
19460,Pursuer,0.493,0.437,0.121,0.101,0.00
19461,Runner,0.493,0.437,0.103,0.143,1.88
19462,Pursuer,0.493,0.437,0.153,0.113,0.00
19463,Runner,0.493,0.437,0.119,0.154,1.78
19464,Pursuer,0.493,0.437,0.115,0.106,0.00
19465,Pursuer,0.493,0.438,0.127,0.092,0.00
19466,Runner,0.493,0.437,0.139,0.140,0.34
19467,Pursuer,0.493,0.438,0.132,0.111,0.00
19468,Pursuer,0.493,0.438,0.135,0.078,0.00
19469,Draw,0.493,0.438,0.139,0.139,16.80
19470,Runner,0.493,0.437,0.123,0.131,0.40
19471,Runner,0.493,0.437,0.095,0.118,0.00
19472,Runner,0.493,0.437,0.102,0.094,0.00
19473,Pursuer,0.493,0.437,0.118,0.152,0.00
19474,Runner,0.493,0.437,0.096,0.104,0.00
19475,Pursuer,0.493,0.437,0.159,0.093,0.00
19476,Pursuer,0.493,0.438,0.114,0.145,0.00
19477,Pursuer,0.493,0.438,0.145,0.154,0.00
19478,Pursuer,0.493,0.438,0.116,0.082,0.00
19479,Pursuer,0.493,0.438,0.159,0.107,0.00
19480,Runner,0.493,0.438,0.295,0.809,0.02
19481,Runner,0.493,0.438,0.098,0.123,0.78
19482,Pursuer,0.493,0.438,0.123,0.088,0.00
19483,Pursuer,0.493,0.438,0.096,0.137,0.00
19484,Draw,0.493,0.438,0.147,0.151,0.00
19485,Draw,0.493,0.438,0.141,0.142,16.56
19486,Runner,0.493,0.438,0.102,0.134,0.00
19487,Runner,0.493,0.438,0.102,0.146,1.88
19488,Pursuer,0.493,0.438,0.133,0.103,0.00
19489,Pursuer,0.493,0.438,0.133,0.118,0.00
19490,Pursuer,0.493,0.438,0.176,0.140,0.00
19491,Pursuer,0.493,0.438,0.139,0.125,0.00
19492,Runner,0.493,0.438,0.112,0.138,0.00
19493,Runner,0.493,0.438,0.080,0.164,0.00
19494,Pursuer,0.493,0.438,0.000,0.000,0.00
19495,Pursuer,0.493,0.438,0.152,0.086,0.00
19496,Pursuer,0.493,0.438,0.182,0.137,0.00
19497,Runner,0.493,0.438,0.134,0.118,0.00
19498,Runner,0.493,0.438,0.135,0.119,0.12
19499,Runner,0.493,0.438,0.107,0.140,2.10
19500,Draw,0.493,0.438,0.137,0.155,16.52
19501,Pursuer,0.493,0.438,0.174,0.140,0.00
19502,Runner,0.493,0.438,0.097,0.115,1.76
19503,Runner,0.493,0.438,0.109,0.144,0.18
19504,Runner,0.493,0.438,0.099,0.128,0.00
19505,Runner,0.493,0.438,0.188,0.394,0.00
19506,Runner,0.493,0.438,0.103,0.143,0.00
19507,Pursuer,0.493,0.438,0.152,0.136,0.00
19508,Runner,0.493,0.438,0.076,0.116,1.48
19509,Pursuer,0.493,0.438,0.118,0.179,0.00
19510,Pursuer,0.493,0.438,0.108,0.106,0.00
19511,Runner,0.493,0.438,0.122,0.654,0.00
19512,Pursuer,0.493,0.438,0.126,0.115,0.00
19513,Runner,0.493,0.438,0.112,0.146,2.30
19514,Runner,0.493,0.438,0.102,0.146,3.08
19515,Runner,0.493,0.438,0.080,0.120,2.28
19516,Pursuer,0.493,0.438,0.000,0.000,0.00
19517,Pursuer,0.493,0.438,0.070,0.140,0.00
19518,Pursuer,0.493,0.438,0.144,0.167,0.00
19519,Runner,0.493,0.438,0.103,0.154,1.94
19520,Pursuer,0.493,0.438,0.164,0.130,0.00
19521,Runner,0.493,0.438,0.115,0.149,0.00
19522,Runner,0.493,0.438,0.093,0.151,0.02
19523,Runner,0.493,0.438,0.135,0.152,2.04
19524,Runner,0.493,0.438,0.124,0.148,0.00
19525,Pursuer,0.493,0.438,0.124,0.107,0.00
19526,Runner,0.493,0.438,0.149,0.128,0.96
19527,Runner,0.493,0.437,0.167,0.107,0.00
19528,Runner,0.493,0.437,0.106,0.151,1.16
19529,Runner,0.493,0.437,0.113,0.132,0.00
19530,Pursuer,0.493,0.437,0.127,0.169,0.00
19531,Runner,0.493,0.437,0.150,0.142,0.00
19532,Runner,0.493,0.437,0.074,0.127,0.00
19533,Pursuer,0.493,0.437,0.137,0.087,0.00
19534,Runner,0.493,0.437,0.097,0.132,1.36
19535,Draw,0.493,0.437,0.146,0.138,17.84
19536,Pursuer,0.493,0.437,0.117,0.069,0.00
19537,Pursuer,0.493,0.437,0.101,0.102,0.00
19538,Runner,0.493,0.437,0.090,0.134,0.00
19539,Runner,0.493,0.437,0.154,0.127,0.96
19540,Pursuer,0.493,0.437,0.148,0.134,0.00
19541,Runner,0.493,0.437,0.115,0.142,1.66
19542,Runner,0.493,0.437,0.157,0.170,0.00
19543,Pursuer,0.493,0.437,0.105,0.104,0.00
19544,Runner,0.493,0.437,0.120,0.133,0.00
19545,Runner,0.493,0.437,0.101,0.132,0.00
19546,Runner,0.493,0.437,0.163,0.180,0.00
19547,Runner,0.493,0.437,0.132,0.134,0.00
19548,Runner,0.493,0.437,0.102,0.144,2.82
19549,Runner,0.493,0.437,0.081,0.135,0.00
19550,Pursuer,0.493,0.437,0.148,0.096,0.00
19551,Runner,0.493,0.437,0.096,0.149,0.70
19552,Pursuer,0.493,0.437,0.147,0.093,0.00
19553,Pursuer,0.493,0.437,0.154,0.084,0.00
19554,Pursuer,0.493,0.437,0.143,0.147,0.00
19555,Runner,0.493,0.437,0.084,0.100,0.94
19556,Pursuer,0.493,0.437,0.000,0.000,0.00
19557,Draw,0.493,0.437,0.107,0.139,15.66
19558,Runner,0.493,0.437,0.083,0.116,1.68
19559,Runner,0.493,0.437,0.110,0.139,0.58
19560,Pursuer,0.493,0.437,0.126,0.155,0.00
19561,Pursuer,0.493,0.437,0.113,0.135,0.00
19562,Pursuer,0.493,0.437,0.122,0.069,0.00
19563,Runner,0.493,0.437,0.106,0.160,0.00
19564,Pursuer,0.493,0.437,0.143,0.100,0.00
19565,Runner,0.493,0.437,0.119,0.126,0.00
19566,Pursuer,0.493,0.437,0.132,0.118,0.00
19567,Runner,0.493,0.437,0.086,0.154,1.72
19568,Runner,0.493,0.437,0.155,0.186,0.00
19569,Runner,0.493,0.437,0.087,0.149,1.40
19570,Runner,0.493,0.437,0.129,0.128,3.12
19571,Runner,0.493,0.437,0.127,0.125,0.00
19572,Runner,0.493,0.437,0.096,0.183,1.16
19573,Pursuer,0.493,0.437,0.161,0.147,0.00
19574,Runner,0.493,0.437,0.129,0.144,0.00
19575,Runner,0.493,0.437,0.117,0.145,1.04
19576,Runner,0.493,0.437,0.123,0.143,7.76
19577,Runner,0.493,0.437,0.145,0.116,0.00
19578,Pursuer,0.493,0.437,0.154,0.097,0.00
19579,Runner,0.493,0.437,0.000,0.000,0.00
19580,Pursuer,0.493,0.437,0.000,0.000,0.00
19581,Runner,0.493,0.437,0.121,0.141,0.38
19582,Pursuer,0.493,0.437,0.153,0.155,0.00
19583,Pursuer,0.493,0.437,0.072,0.140,0.00
19584,Runner,0.493,0.437,0.000,0.000,0.00
19585,Draw,0.493,0.437,0.135,0.157,0.00
19586,Runner,0.493,0.437,0.090,0.129,0.00
19587,Runner,0.493,0.437,0.107,0.146,0.00
19588,Runner,0.493,0.437,0.101,0.160,2.20
19589,Runner,0.493,0.437,0.124,0.177,0.50
19590,Runner,0.493,0.437,0.091,0.139,1.18
19591,Runner,0.493,0.437,0.116,0.134,1.86
19592,Pursuer,0.493,0.437,0.153,0.155,0.00
19593,Runner,0.493,0.437,0.116,0.116,0.04
19594,Runner,0.493,0.437,0.081,0.155,0.00
19595,Runner,0.493,0.437,0.099,0.151,0.00
19596,Runner,0.493,0.437,0.130,0.137,3.64
19597,Runner,0.493,0.437,0.101,0.130,2.32
19598,Pursuer,0.493,0.437,0.153,0.093,0.00
19599,Runner,0.493,0.437,0.155,0.128,2.40
19600,Runner,0.493,0.437,0.109,0.130,0.88
19601,Runner,0.493,0.437,0.102,0.126,2.32
19602,Pursuer,0.493,0.437,0.122,0.114,0.00
19603,Runner,0.493,0.437,0.143,0.152,0.00
19604,Pursuer,0.493,0.437,0.168,0.129,0.00
19605,Pursuer,0.493,0.437,0.000,0.000,0.00
19606,Pursuer,0.493,0.437,0.124,0.151,0.00
19607,Runner,0.493,0.437,0.099,0.136,1.80
19608,Runner,0.493,0.437,0.087,0.165,0.02
19609,Pursuer,0.493,0.437,0.135,0.115,0.00
19610,Pursuer,0.493,0.437,0.000,0.000,0.00
19611,Runner,0.493,0.437,0.000,0.000,0.00
19612,Draw,0.493,0.437,0.136,0.145,13.80
19613,Pursuer,0.493,0.437,0.172,0.128,0.00
19614,Pursuer,0.493,0.437,0.128,0.112,0.00
19615,Pursuer,0.493,0.437,0.145,0.145,0.00
19616,Pursuer,0.493,0.437,0.194,0.130,0.00
19617,Pursuer,0.493,0.437,0.106,0.112,0.00
19618,Runner,0.493,0.437,0.142,0.119,2.22
19619,Pursuer,0.493,0.437,0.129,0.095,0.00
19620,Runner,0.493,0.437,0.088,0.143,0.00
19621,Pursuer,0.493,0.437,0.000,0.000,0.00
19622,Pursuer,0.493,0.437,0.171,0.108,0.00
19623,Pursuer,0.493,0.437,0.143,0.151,0.00
19624,Runner,0.493,0.437,0.111,0.125,0.00
19625,Pursuer,0.493,0.437,0.146,0.123,0.00
19626,Pursuer,0.493,0.437,0.103,0.149,0.00
19627,Runner,0.493,0.437,0.110,0.153,2.36
19628,Runner,0.493,0.437,0.168,0.144,0.00
19629,Runner,0.493,0.437,0.114,0.135,0.00
19630,Pursuer,0.493,0.437,0.092,0.144,0.00
19631,Pursuer,0.493,0.437,0.104,0.177,0.00
19632,Pursuer,0.493,0.437,0.128,0.153,0.00
19633,Runner,0.493,0.437,0.110,0.153,1.32
19634,Runner,0.493,0.437,0.098,0.119,0.00
19635,Draw,0.493,0.437,0.142,0.143,18.20
19636,Runner,0.493,0.437,0.134,0.142,0.00
19637,Runner,0.493,0.437,0.095,0.150,0.58
19638,Pursuer,0.493,0.437,0.143,0.129,0.00
19639,Runner,0.493,0.437,0.115,0.126,2.12
19640,Pursuer,0.493,0.437,0.139,0.112,0.00
19641,Runner,0.493,0.437,0.062,0.126,0.92
19642,Runner,0.493,0.437,0.105,0.113,0.34
19643,Pursuer,0.493,0.437,0.120,0.140,0.00
19644,Pursuer,0.493,0.437,0.157,0.099,0.00
19645,Runner,0.493,0.437,0.122,0.086,0.44
19646,Runner,0.493,0.437,0.110,0.131,0.58
19647,Pursuer,0.493,0.437,0.117,0.100,0.00
19648,Runner,0.493,0.437,0.000,0.000,0.00
19649,Draw,0.493,0.437,0.096,0.142,18.82
19650,Pursuer,0.493,0.437,0.146,0.276,0.00
19651,Runner,0.493,0.437,0.117,0.147,1.80
19652,Pursuer,0.493,0.437,0.130,0.120,0.00
19653,Pursuer,0.493,0.437,0.188,0.121,0.00
19654,Runner,0.493,0.437,0.176,0.121,0.00
19655,Pursuer,0.493,0.437,0.000,0.000,0.00
19656,Pursuer,0.493,0.437,0.184,0.099,0.00
19657,Runner,0.493,0.437,0.093,0.147,1.22
19658,Pursuer,0.493,0.437,0.131,0.106,0.00
19659,Runner,0.493,0.437,0.132,0.134,4.42
19660,Pursuer,0.493,0.437,0.148,0.104,0.00
19661,Pursuer,0.493,0.437,0.136,0.133,0.00
19662,Runner,0.493,0.437,0.118,0.127,0.34
19663,Pursuer,0.493,0.437,0.135,0.123,0.00
19664,Pursuer,0.493,0.437,0.141,0.169,0.00
19665,Pursuer,0.493,0.437,0.084,0.141,0.00
19666,Runner,0.493,0.437,0.103,0.121,0.00
19667,Runner,0.493,0.437,0.145,0.121,0.04
19668,Pursuer,0.493,0.437,0.147,0.150,0.00
19669,Pursuer,0.493,0.437,0.136,0.099,0.00
19670,Pursuer,0.493,0.437,0.149,0.137,0.00
19671,Runner,0.493,0.437,0.092,0.149,0.00
19672,Runner,0.493,0.437,0.123,0.091,0.72
19673,Runner,0.493,0.437,0.113,0.115,0.36
19674,Runner,0.493,0.437,0.095,0.137,0.00
19675,Pursuer,0.493,0.437,0.418,0.747,0.00
19676,Runner,0.493,0.437,0.161,0.156,0.00
19677,Runner,0.493,0.437,0.090,0.154,3.40
19678,Runner,0.493,0.437,0.116,0.091,0.00
19679,Runner,0.493,0.437,0.106,0.128,1.36
19680,Runner,0.493,0.437,0.135,0.109,0.00
19681,Runner,0.493,0.437,0.139,0.134,1.20
19682,Runner,0.493,0.437,0.086,0.133,1.56
19683,Runner,0.493,0.437,0.114,0.173,2.06
19684,Pursuer,0.493,0.437,0.133,0.150,0.00
19685,Pursuer,0.493,0.437,0.133,0.145,0.00
19686,Runner,0.493,0.437,0.109,0.131,0.06
19687,Pursuer,0.493,0.437,0.135,0.137,0.00
19688,Pursuer,0.493,0.437,0.128,0.216,0.00
19689,Runner,0.493,0.437,0.137,0.176,1.08
19690,Pursuer,0.493,0.437,0.154,0.111,0.00
19691,Runner,0.493,0.437,0.104,0.126,0.00
19692,Pursuer,0.493,0.437,0.121,0.150,0.00
19693,Runner,0.493,0.437,0.102,0.128,0.00
19694,Runner,0.493,0.437,0.145,0.153,0.00
19695,Pursuer,0.493,0.437,0.000,0.000,0.00
19696,Runner,0.493,0.437,0.107,0.143,0.00
19697,Pursuer,0.493,0.437,0.129,0.096,0.00
19698,Pursuer,0.493,0.437,0.023,0.178,0.00
19699,Pursuer,0.493,0.437,0.105,0.133,0.00
19700,Runner,0.493,0.437,0.096,0.125,2.84
19701,Pursuer,0.493,0.437,0.146,0.170,0.00
19702,Draw,0.493,0.437,0.161,0.155,0.00
19703,Pursuer,0.493,0.437,0.000,0.000,0.00
19704,Pursuer,0.493,0.437,0.125,0.126,0.00
19705,Runner,0.493,0.437,0.077,0.146,1.38
19706,Pursuer,0.493,0.437,0.124,0.113,0.00
19707,Runner,0.493,0.437,0.122,0.121,0.00
19708,Runner,0.493,0.437,0.107,0.135,0.82
19709,Pursuer,0.493,0.437,0.137,0.178,0.00
19710,Runner,0.493,0.437,0.153,0.113,0.92
19711,Draw,0.493,0.437,0.167,0.151,18.92
19712,Runner,0.493,0.437,0.000,0.000,0.00
19713,Pursuer,0.493,0.437,0.174,0.111,0.00
19714,Pursuer,0.493,0.437,0.145,0.129,0.00
19715,Pursuer,0.493,0.437,0.124,0.109,0.00
19716,Pursuer,0.493,0.437,0.135,0.132,0.00
19717,Runner,0.493,0.437,0.131,0.153,1.24
19718,Runner,0.493,0.437,0.113,0.127,0.62
19719,Pursuer,0.493,0.437,0.157,0.124,0.00
19720,Runner,0.493,0.437,0.095,0.125,1.34
19721,Runner,0.493,0.437,0.120,0.108,0.00
19722,Runner,0.493,0.437,0.098,0.131,0.00
19723,Runner,0.493,0.437,0.166,0.120,0.00
19724,Runner,0.493,0.437,0.118,0.090,0.00
19725,Runner,0.493,0.437,0.111,0.116,1.28
19726,Pursuer,0.493,0.437,0.142,0.105,0.00
19727,Pursuer,0.493,0.437,0.150,0.114,0.00
19728,Pursuer,0.493,0.437,0.125,0.095,0.00
19729,Pursuer,0.493,0.437,0.196,0.088,0.00
19730,Runner,0.493,0.437,0.118,0.114,0.00
19731,Pursuer,0.493,0.437,0.138,0.117,0.00
19732,Pursuer,0.493,0.437,0.127,0.100,0.00
19733,Runner,0.493,0.437,0.092,0.101,0.00
19734,Runner,0.493,0.437,0.116,0.151,0.00
19735,Pursuer,0.493,0.437,0.111,0.119,0.00
19736,Runner,0.493,0.437,0.154,0.143,0.00
19737,Runner,0.493,0.437,0.117,0.128,0.00
19738,Draw,0.493,0.437,0.104,0.164,19.60
19739,Runner,0.493,0.437,0.093,0.083,0.50
19740,Pursuer,0.493,0.437,0.150,0.123,0.00
19741,Runner,0.493,0.437,0.100,0.197,0.00
19742,Runner,0.493,0.437,0.101,0.114,0.84
19743,Pursuer,0.493,0.437,0.165,0.122,0.00
19744,Runner,0.493,0.437,0.087,0.130,0.00
19745,Runner,0.493,0.437,0.102,0.144,0.36
19746,Pursuer,0.493,0.437,0.108,0.129,0.00
19747,Pursuer,0.493,0.437,0.118,0.102,0.00
19748,Runner,0.493,0.437,0.086,0.149,0.00
19749,Runner,0.493,0.437,0.108,0.135,0.00
19750,Runner,0.493,0.437,0.096,0.180,0.00
19751,Pursuer,0.493,0.437,0.143,0.101,0.00
19752,Runner,0.493,0.437,0.118,0.160,1.76
19753,Runner,0.493,0.437,0.111,0.104,0.00
19754,Runner,0.493,0.437,0.122,0.153,4.32
19755,Pursuer,0.493,0.437,0.173,0.088,0.00
19756,Runner,0.493,0.437,0.111,0.122,2.04
19757,Pursuer,0.493,0.437,0.151,0.159,0.00
19758,Pursuer,0.493,0.437,0.125,0.101,0.00
19759,Runner,0.493,0.437,0.127,0.141,0.00
19760,Pursuer,0.493,0.437,0.139,0.115,0.00
19761,Runner,0.493,0.437,0.108,0.142,1.16
19762,Pursuer,0.493,0.437,0.112,0.404,0.00
19763,Runner,0.493,0.437,0.140,0.129,0.00
19764,Pursuer,0.493,0.437,0.114,0.132,0.00
19765,Pursuer,0.493,0.437,0.129,0.097,0.00
19766,Pursuer,0.493,0.437,0.136,0.137,0.00
19767,Runner,0.493,0.437,0.136,0.107,2.16
19768,Pursuer,0.493,0.437,0.145,0.146,0.00
19769,Runner,0.493,0.437,0.074,0.126,0.00
19770,Pursuer,0.493,0.437,0.133,0.109,0.00
19771,Runner,0.493,0.437,0.093,0.138,0.00
19772,Pursuer,0.493,0.437,0.120,0.132,0.00
19773,Runner,0.493,0.437,0.133,0.171,0.00
19774,Pursuer,0.493,0.437,0.159,0.142,0.00
19775,Runner,0.493,0.437,0.103,0.136,0.92
19776,Pursuer,0.493,0.437,0.101,0.122,0.00
19777,Pursuer,0.493,0.437,0.157,0.098,0.00
19778,Runner,0.493,0.437,0.095,0.123,0.00
19779,Draw,0.493,0.437,0.103,0.135,13.34
19780,Runner,0.493,0.437,0.090,0.120,1.26
19781,Runner,0.493,0.437,0.145,0.104,0.00
19782,Pursuer,0.493,0.437,0.194,0.133,0.00
19783,Pursuer,0.493,0.437,0.294,0.303,0.00
19784,Runner,0.493,0.437,0.087,0.154,1.90
19785,Runner,0.493,0.437,0.125,0.137,0.00
19786,Runner,0.493,0.437,0.117,0.133,0.00
19787,Runner,0.493,0.437,0.099,0.125,0.92
19788,Runner,0.493,0.437,0.128,0.226,0.00
19789,Runner,0.494,0.437,0.087,0.138,0.00
19790,Runner,0.494,0.437,0.096,0.139,0.00
19791,Pursuer,0.494,0.437,0.158,0.122,0.00
19792,Runner,0.494,0.437,0.106,0.130,0.00
19793,Runner,0.494,0.437,0.247,0.290,0.00
19794,Pursuer,0.494,0.437,0.000,0.000,0.00
19795,Pursuer,0.494,0.437,0.166,0.097,0.00
19796,Runner,0.494,0.437,0.105,0.138,0.00
19797,Runner,0.494,0.437,0.108,0.122,0.84
19798,Runner,0.494,0.437,0.091,0.138,1.24
19799,Runner,0.494,0.437,0.181,0.205,0.00
19800,Runner,0.494,0.437,0.118,0.148,0.00
19801,Runner,0.494,0.437,0.061,0.129,0.00
19802,Draw,0.494,0.437,0.149,0.143,18.60
19803,Pursuer,0.494,0.437,0.129,0.084,0.00
19804,Draw,0.494,0.437,0.155,0.144,18.56
19805,Pursuer,0.494,0.437,0.110,0.143,0.00
19806,Pursuer,0.494,0.437,0.067,0.163,0.00
19807,Draw,0.494,0.437,0.084,0.136,0.00
19808,Runner,0.494,0.437,0.114,0.167,1.12
19809,Runner,0.494,0.437,0.091,0.142,0.00
19810,Runner,0.494,0.437,0.110,0.140,0.80
19811,Pursuer,0.494,0.437,0.158,0.095,0.00
19812,Pursuer,0.494,0.437,0.151,0.104,0.00
19813,Runner,0.494,0.437,0.133,0.150,4.18
19814,Pursuer,0.494,0.437,0.115,0.276,0.00
19815,Runner,0.494,0.437,0.373,0.824,0.02
19816,Pursuer,0.494,0.437,0.081,0.125,0.00
19817,Pursuer,0.494,0.437,0.155,0.127,0.00
19818,Pursuer,0.493,0.437,0.135,0.109,0.00
19819,Runner,0.494,0.437,0.133,0.144,5.14
19820,Pursuer,0.493,0.437,0.150,0.104,0.00
19821,Pursuer,0.493,0.437,0.142,0.096,0.00
19822,Runner,0.493,0.437,0.108,0.134,0.00
19823,Pursuer,0.493,0.437,0.121,0.121,0.00
19824,Pursuer,0.493,0.437,0.148,0.106,0.00
19825,Runner,0.493,0.437,0.093,0.153,0.00
19826,Pursuer,0.493,0.437,0.125,0.082,0.00
19827,Pursuer,0.493,0.437,0.147,0.107,0.00
19828,Runner,0.493,0.437,0.151,0.128,0.00
19829,Pursuer,0.493,0.437,0.124,0.141,0.00
19830,Draw,0.493,0.437,0.141,0.145,0.00
19831,Runner,0.493,0.437,0.159,0.096,0.00
19832,Runner,0.493,0.437,0.120,0.123,0.00
19833,Runner,0.493,0.437,0.090,0.122,1.66
19834,Runner,0.493,0.437,0.071,0.142,0.00
19835,Pursuer,0.493,0.437,0.108,0.134,0.00
19836,Runner,0.493,0.437,0.107,0.110,0.00
19837,Runner,0.494,0.437,0.151,0.147,0.00
19838,Runner,0.494,0.437,0.086,0.146,2.24
19839,Runner,0.494,0.437,0.080,0.158,0.98
19840,Pursuer,0.494,0.437,0.354,0.727,0.00
19841,Runner,0.494,0.437,0.163,0.162,0.00
19842,Runner,0.494,0.437,0.097,0.041,0.00
19843,Pursuer,0.494,0.437,0.095,0.096,0.00
19844,Runner,0.494,0.437,0.129,0.110,0.00
19845,Runner,0.494,0.437,0.110,0.148,0.96
19846,Runner,0.494,0.437,0.134,0.152,0.00
19847,Pursuer,0.494,0.437,0.096,0.096,0.00
19848,Runner,0.494,0.437,0.117,0.153,0.00
19849,Pursuer,0.494,0.437,0.000,0.000,0.00
19850,Runner,0.494,0.437,0.133,0.149,0.00
19851,Runner,0.494,0.437,0.134,0.137,0.00
19852,Pursuer,0.494,0.437,0.111,0.106,0.00
19853,Pursuer,0.494,0.437,0.163,0.097,0.00
19854,Pursuer,0.494,0.437,0.138,0.143,0.00
19855,Pursuer,0.494,0.437,0.136,0.093,0.00
19856,Runner,0.494,0.437,0.104,0.170,0.00
19857,Runner,0.494,0.437,0.182,0.146,0.00
19858,Runner,0.494,0.437,0.097,0.135,1.52
19859,Runner,0.494,0.437,0.103,0.143,1.66
19860,Pursuer,0.494,0.437,0.132,0.130,0.00
19861,Runner,0.494,0.437,0.000,0.000,0.00
19862,Pursuer,0.494,0.437,0.163,0.158,0.00
19863,Pursuer,0.494,0.437,0.000,0.000,0.00
19864,Runner,0.494,0.437,0.085,0.124,1.40
19865,Runner,0.494,0.437,0.097,0.132,0.00
19866,Pursuer,0.494,0.437,0.155,0.118,0.00
19867,Runner,0.494,0.437,0.093,0.168,1.10
19868,Pursuer,0.494,0.437,0.139,0.131,0.00
19869,Runner,0.494,0.437,0.126,0.156,0.00
19870,Runner,0.494,0.437,0.100,0.156,0.00
19871,Runner,0.494,0.437,0.106,0.135,2.78
19872,Runner,0.494,0.437,0.093,0.118,0.00
19873,Pursuer,0.494,0.437,0.123,0.100,0.00
19874,Runner,0.494,0.437,0.113,0.168,2.46
19875,Runner,0.494,0.437,0.101,0.141,0.00
19876,Runner,0.494,0.437,0.118,0.127,1.64
19877,Runner,0.494,0.437,0.100,0.123,0.00
19878,Runner,0.494,0.437,0.145,0.148,0.58
19879,Draw,0.494,0.437,0.148,0.130,0.00
19880,Pursuer,0.494,0.437,0.133,0.123,0.00
19881,Runner,0.494,0.437,0.107,0.144,0.00
19882,Pursuer,0.494,0.437,0.127,0.137,0.00
19883,Pursuer,0.494,0.437,0.107,0.120,0.00
19884,Runner,0.494,0.437,0.179,0.121,0.00
19885,Runner,0.494,0.437,0.106,0.124,2.40
19886,Runner,0.494,0.437,0.109,0.117,1.52
19887,Runner,0.494,0.437,0.107,0.135,0.22
19888,Runner,0.494,0.437,0.099,0.131,0.00
19889,Runner,0.494,0.437,0.105,0.126,0.00
19890,Pursuer,0.494,0.437,0.134,0.101,0.00
19891,Pursuer,0.494,0.437,0.151,0.122,0.00
19892,Runner,0.494,0.437,0.092,0.122,0.00
19893,Runner,0.494,0.437,0.099,0.130,0.00
19894,Pursuer,0.494,0.437,0.131,0.106,0.00
19895,Runner,0.494,0.437,0.000,0.000,0.00
19896,Runner,0.494,0.437,0.112,0.141,0.00
19897,Pursuer,0.494,0.437,0.185,0.116,0.00
19898,Runner,0.494,0.437,0.105,0.104,0.94
19899,Runner,0.494,0.437,0.103,0.134,0.00
19900,Runner,0.494,0.437,0.092,0.144,0.90
19901,Pursuer,0.494,0.437,0.122,0.107,0.00
19902,Pursuer,0.494,0.437,0.155,0.153,0.00
19903,Runner,0.494,0.437,0.105,0.129,0.00
19904,Pursuer,0.494,0.437,0.115,0.163,0.00
19905,Pursuer,0.494,0.437,0.147,0.090,0.00
19906,Runner,0.494,0.437,0.107,0.139,4.38
19907,Runner,0.494,0.437,0.109,0.156,0.02
19908,Runner,0.494,0.437,0.100,0.140,0.00
19909,Runner,0.494,0.437,0.116,0.120,0.00
19910,Runner,0.494,0.437,0.112,0.159,0.00
19911,Pursuer,0.494,0.437,0.151,0.116,0.00
19912,Runner,0.494,0.437,0.090,0.138,0.00
19913,Runner,0.494,0.437,0.100,0.137,0.62
19914,Runner,0.494,0.437,0.096,0.142,2.58
19915,Pursuer,0.494,0.437,0.155,0.166,0.00
19916,Pursuer,0.494,0.437,0.122,0.082,0.00
19917,Runner,0.494,0.437,0.000,0.000,0.00
19918,Pursuer,0.494,0.437,0.104,0.083,0.00
19919,Pursuer,0.494,0.437,0.150,0.118,0.00
19920,Pursuer,0.494,0.437,0.142,0.107,0.00
19921,Pursuer,0.494,0.437,0.150,0.117,0.00
19922,Runner,0.494,0.437,0.100,0.164,0.00
19923,Pursuer,0.494,0.437,0.168,0.083,0.00
19924,Pursuer,0.494,0.437,0.128,0.096,0.00
19925,Runner,0.494,0.437,0.102,0.180,0.00
19926,Runner,0.494,0.437,0.120,0.096,1.06
19927,Runner,0.494,0.437,0.108,0.152,0.00
19928,Runner,0.494,0.437,0.124,0.142,1.56
19929,Runner,0.494,0.437,0.127,0.084,0.72
19930,Pursuer,0.494,0.437,0.089,0.227,0.00
19931,Runner,0.494,0.437,0.127,0.130,6.86
19932,Runner,0.494,0.437,0.127,0.142,2.70
19933,Runner,0.494,0.437,0.100,0.135,2.28
19934,Runner,0.494,0.437,0.116,0.126,8.96
19935,Pursuer,0.494,0.437,0.151,0.120,0.00
19936,Runner,0.494,0.437,0.096,0.130,0.00
19937,Runner,0.494,0.437,0.090,0.107,0.00
19938,Runner,0.494,0.437,0.109,0.125,0.00
19939,Runner,0.494,0.437,0.115,0.098,0.00
19940,Runner,0.494,0.437,0.093,0.157,4.80
19941,Pursuer,0.494,0.437,0.124,0.109,0.00
19942,Pursuer,0.494,0.437,0.132,0.105,0.00
19943,Runner,0.494,0.437,0.094,0.140,0.98
19944,Pursuer,0.494,0.437,0.141,0.121,0.00
19945,Runner,0.494,0.437,0.118,0.092,0.00
19946,Runner,0.494,0.437,0.096,0.141,0.00
19947,Runner,0.494,0.437,0.090,0.125,0.00
19948,Runner,0.494,0.437,0.120,0.141,7.12
19949,Runner,0.494,0.437,0.083,0.155,0.00
19950,Runner,0.494,0.437,0.115,0.177,1.56
19951,Runner,0.494,0.437,0.140,0.107,0.24
19952,Runner,0.494,0.437,0.121,0.152,0.00
19953,Runner,0.494,0.437,0.112,0.130,0.00
19954,Pursuer,0.494,0.437,0.148,0.110,0.00
19955,Runner,0.494,0.437,0.103,0.117,0.00
19956,Pursuer,0.494,0.437,0.148,0.092,0.00
19957,Pursuer,0.494,0.437,0.129,0.098,0.00
19958,Runner,0.494,0.437,0.150,0.144,1.90
19959,Runner,0.494,0.437,0.146,0.134,0.00
19960,Pursuer,0.494,0.437,0.154,0.093,0.00
19961,Runner,0.494,0.437,0.099,0.139,2.00
19962,Pursuer,0.494,0.437,0.000,0.000,0.00
19963,Runner,0.494,0.437,0.148,0.209,0.94
19964,Pursuer,0.494,0.437,0.220,0.144,0.00
19965,Runner,0.494,0.437,0.090,0.129,0.42
19966,Runner,0.494,0.437,0.118,0.165,0.54
19967,Runner,0.495,0.437,0.092,0.149,2.16
19968,Runner,0.495,0.437,0.100,0.143,0.50
19969,Pursuer,0.495,0.437,0.199,0.127,0.00
19970,Runner,0.495,0.437,0.089,0.147,0.00
19971,Runner,0.495,0.437,0.104,0.151,6.62
19972,Pursuer,0.495,0.437,0.147,0.114,0.00
19973,Runner,0.495,0.437,0.179,0.133,0.00
19974,Runner,0.495,0.437,0.083,0.118,1.80
19975,Runner,0.495,0.437,0.104,0.149,0.00
19976,Runner,0.495,0.437,0.127,0.153,0.00
19977,Runner,0.495,0.437,0.116,0.116,1.68
19978,Runner,0.495,0.437,0.137,0.142,0.52
19979,Pursuer,0.495,0.437,0.186,0.149,0.00
19980,Runner,0.495,0.437,0.145,0.157,0.00
19981,Runner,0.495,0.437,0.080,0.137,0.00
19982,Runner,0.495,0.436,0.106,0.135,3.30
19983,Runner,0.495,0.436,0.100,0.136,6.38
19984,Runner,0.495,0.436,0.118,0.140,0.00
19985,Pursuer,0.495,0.436,0.135,0.160,0.00
19986,Runner,0.495,0.436,0.092,0.125,0.00
19987,Pursuer,0.495,0.436,0.099,0.121,0.00
19988,Runner,0.495,0.436,0.088,0.110,0.34
19989,Runner,0.495,0.436,0.103,0.117,0.00
19990,Pursuer,0.495,0.436,0.151,0.081,0.00
19991,Runner,0.495,0.436,0.123,0.209,0.00
19992,Draw,0.495,0.436,0.104,0.150,19.76
19993,Runner,0.495,0.436,0.141,0.111,0.00
19994,Draw,0.495,0.436,0.098,0.142,17.16
19995,Runner,0.495,0.436,0.196,0.153,0.00
19996,Runner,0.495,0.436,0.120,0.167,0.00
19997,Runner,0.495,0.436,0.120,0.133,0.00
19998,Runner,0.495,0.436,0.140,0.130,0.10
19999,Runner,0.495,0.436,0.107,0.124,0.32
20000,Runner,0.495,0.436,0.089,0.138,4.48
20001,Runner,0.495,0.436,0.098,0.133,0.76
20002,Runner,0.495,0.436,0.124,0.118,0.56
20003,Pursuer,0.495,0.436,0.141,0.072,0.00
20004,Runner,0.495,0.436,0.099,0.135,1.60
20005,Runner,0.495,0.436,0.113,0.141,0.08
20006,Runner,0.495,0.436,0.097,0.124,0.00
20007,Pursuer,0.495,0.436,0.101,0.107,0.00
20008,Runner,0.495,0.436,0.165,0.119,0.00
20009,Runner,0.495,0.436,0.106,0.149,0.00
20010,Runner,0.495,0.436,0.085,0.150,2.02
20011,Pursuer,0.495,0.436,0.214,0.128,0.00
20012,Runner,0.495,0.436,0.092,0.146,0.78
20013,Pursuer,0.495,0.436,0.117,0.131,0.00
20014,Runner,0.495,0.436,0.102,0.131,2.38
20015,Runner,0.495,0.436,0.098,0.135,2.02
20016,Runner,0.495,0.436,0.162,0.148,0.00
20017,Runner,0.495,0.436,0.136,0.163,0.00
20018,Runner,0.495,0.436,0.116,0.147,4.40
20019,Pursuer,0.495,0.436,0.129,0.103,0.00
20020,Runner,0.495,0.436,0.103,0.133,1.54
20021,Runner,0.495,0.436,0.114,0.135,0.48
20022,Runner,0.495,0.436,0.115,0.128,1.70
20023,Pursuer,0.495,0.436,0.126,0.124,0.00
20024,Runner,0.495,0.436,0.147,0.285,0.14
20025,Pursuer,0.495,0.436,0.176,0.145,0.00
20026,Pursuer,0.495,0.436,0.120,0.100,0.00
20027,Draw,0.495,0.436,0.115,0.152,0.00
20028,Draw,0.495,0.436,0.144,0.153,19.40
20029,Runner,0.495,0.436,0.148,0.163,0.00
20030,Runner,0.495,0.436,0.141,0.188,0.00
20031,Runner,0.495,0.436,0.095,0.133,1.68
20032,Runner,0.495,0.436,0.107,0.125,4.72
20033,Draw,0.495,0.436,0.105,0.133,0.00
20034,Runner,0.495,0.436,0.070,0.134,1.56
20035,Draw,0.495,0.436,0.158,0.158,16.30
20036,Runner,0.495,0.436,0.149,0.132,5.50
20037,Pursuer,0.495,0.436,0.139,0.113,0.00
20038,Runner,0.495,0.436,0.114,0.136,0.00
20039,Pursuer,0.495,0.436,0.000,0.000,0.00
20040,Runner,0.495,0.436,0.126,0.159,0.18
20041,Runner,0.495,0.436,0.102,0.138,0.32
20042,Runner,0.495,0.436,0.151,0.140,0.00
20043,Runner,0.495,0.436,0.116,0.128,0.00
20044,Pursuer,0.495,0.436,0.153,0.140,0.00
20045,Runner,0.495,0.436,0.109,0.143,2.16
20046,Pursuer,0.495,0.436,0.135,0.116,0.00
20047,Pursuer,0.495,0.436,0.113,0.110,0.00
20048,Pursuer,0.495,0.436,0.129,0.101,0.00
20049,Runner,0.495,0.436,0.115,0.183,0.00
20050,Runner,0.495,0.436,0.106,0.184,0.00
20051,Runner,0.495,0.436,0.119,0.134,3.24
20052,Runner,0.495,0.436,0.112,0.150,0.50
20053,Pursuer,0.495,0.436,0.147,0.087,0.00
20054,Pursuer,0.495,0.436,0.133,0.126,0.00
20055,Runner,0.495,0.436,0.090,0.146,2.50
20056,Runner,0.495,0.436,0.073,0.109,0.00
20057,Pursuer,0.495,0.436,0.133,0.135,0.00
20058,Runner,0.495,0.436,0.104,0.135,3.86
20059,Runner,0.495,0.436,0.136,0.099,0.00
20060,Runner,0.495,0.436,0.080,0.180,0.00
20061,Pursuer,0.495,0.436,0.150,0.100,0.00
20062,Runner,0.495,0.436,0.104,0.145,0.68
20063,Runner,0.495,0.436,0.133,0.139,0.00
20064,Runner,0.495,0.436,0.098,0.164,0.00
20065,Runner,0.495,0.436,0.154,0.137,0.00
20066,Runner,0.496,0.436,0.098,0.163,0.00
20067,Pursuer,0.495,0.436,0.143,0.100,0.00
20068,Runner,0.496,0.436,0.068,0.132,0.00
20069,Runner,0.496,0.436,0.166,0.105,0.00
20070,Runner,0.496,0.436,0.131,0.129,0.00
20071,Pursuer,0.496,0.436,0.133,0.120,0.00
20072,Pursuer,0.496,0.436,0.140,0.137,0.00
20073,Draw,0.495,0.436,0.097,0.142,16.22
20074,Runner,0.496,0.436,0.110,0.151,0.64
20075,Pursuer,0.495,0.436,0.576,1.088,0.00
20076,Runner,0.496,0.436,0.126,0.135,3.80
20077,Runner,0.496,0.436,0.093,0.144,3.86
20078,Pursuer,0.496,0.436,0.120,0.146,0.00
20079,Runner,0.496,0.436,0.075,0.122,0.00
20080,Pursuer,0.496,0.436,0.069,0.366,0.00
20081,Runner,0.496,0.436,0.115,0.132,0.08
20082,Pursuer,0.496,0.436,0.131,0.091,0.00
20083,Pursuer,0.495,0.436,0.144,0.117,0.00
20084,Runner,0.496,0.436,0.083,0.141,0.00
20085,Runner,0.496,0.436,0.097,0.131,0.00
20086,Runner,0.496,0.436,0.106,0.165,0.00
20087,Runner,0.496,0.436,0.157,0.117,0.00
20088,Draw,0.496,0.436,0.147,0.155,18.58
20089,Pursuer,0.496,0.436,0.128,0.132,0.00
20090,Pursuer,0.496,0.436,0.162,0.117,0.00
20091,Runner,0.496,0.436,0.000,0.000,0.00
20092,Runner,0.496,0.436,0.096,0.120,2.70
20093,Pursuer,0.496,0.436,0.098,0.082,0.00
20094,Pursuer,0.496,0.436,0.133,0.132,0.00
20095,Runner,0.496,0.436,0.158,0.214,0.00
20096,Runner,0.496,0.436,0.203,0.111,0.00
20097,Pursuer,0.496,0.436,0.114,0.139,0.00
20098,Runner,0.496,0.436,0.115,0.126,0.00
20099,Pursuer,0.496,0.436,0.000,0.000,0.00
20100,Runner,0.496,0.436,0.124,0.199,0.00
20101,Runner,0.496,0.436,0.137,0.077,0.00
20102,Runner,0.496,0.436,0.115,0.120,0.94
20103,Runner,0.496,0.436,0.000,0.000,0.00
20104,Runner,0.496,0.436,0.094,0.128,0.80
20105,Runner,0.496,0.436,0.122,0.113,0.00
20106,Draw,0.496,0.436,0.152,0.146,16.34
20107,Runner,0.496,0.436,0.000,0.000,0.00
20108,Runner,0.496,0.435,0.122,0.199,0.04
20109,Runner,0.496,0.435,0.052,0.149,0.00
20110,Pursuer,0.496,0.436,0.209,0.180,0.00
20111,Pursuer,0.496,0.436,0.102,0.074,0.00
20112,Runner,0.496,0.436,0.126,0.166,0.00
20113,Runner,0.496,0.435,0.117,0.117,0.98
20114,Runner,0.496,0.435,0.107,0.172,0.00
20115,Runner,0.496,0.435,0.069,0.098,0.06
20116,Runner,0.496,0.435,0.162,0.127,0.00
20117,Runner,0.496,0.435,0.142,0.131,0.66
20118,Pursuer,0.496,0.435,0.000,0.000,0.00
20119,Runner,0.496,0.435,0.135,0.121,0.06
20120,Pursuer,0.496,0.435,0.135,0.073,0.00
20121,Runner,0.496,0.435,0.082,0.117,1.46
20122,Draw,0.496,0.435,0.096,0.139,17.10
20123,Pursuer,0.496,0.435,0.132,0.122,0.00
20124,Pursuer,0.496,0.435,0.140,0.142,0.00
20125,Runner,0.496,0.435,0.000,0.000,0.00
20126,Pursuer,0.496,0.435,0.117,0.090,0.00
20127,Runner,0.496,0.435,0.104,0.133,0.00
20128,Runner,0.496,0.435,0.103,0.150,0.24
20129,Runner,0.496,0.435,0.112,0.152,1.72
20130,Pursuer,0.496,0.435,0.139,0.084,0.00
20131,Runner,0.496,0.435,0.125,0.122,2.18
20132,Runner,0.496,0.435,0.139,0.111,0.00
20133,Pursuer,0.496,0.435,0.110,0.090,0.00
20134,Pursuer,0.496,0.435,0.120,0.103,0.00
20135,Runner,0.496,0.435,0.144,0.096,0.98
20136,Pursuer,0.496,0.435,0.161,0.153,0.00
20137,Draw,0.496,0.435,0.105,0.145,17.02
20138,Pursuer,0.496,0.435,0.131,0.148,0.00
20139,Runner,0.496,0.435,0.127,0.113,0.86
20140,Runner,0.496,0.435,0.172,0.129,0.26
20141,Pursuer,0.496,0.435,0.130,0.104,0.00
20142,Pursuer,0.496,0.435,0.148,0.131,0.00
20143,Pursuer,0.496,0.435,0.120,0.103,0.00
20144,Pursuer,0.496,0.436,0.134,0.126,0.00
20145,Pursuer,0.496,0.436,0.122,0.075,0.00
20146,Runner,0.496,0.436,0.092,0.140,3.54
20147,Runner,0.496,0.435,0.121,0.158,0.32
20148,Runner,0.496,0.435,0.100,0.079,0.00
20149,Pursuer,0.496,0.436,0.127,0.130,0.00
20150,Pursuer,0.496,0.436,0.157,0.143,0.00
20151,Runner,0.496,0.436,0.181,0.135,0.00
20152,Pursuer,0.496,0.436,0.139,0.067,0.00
20153,Pursuer,0.496,0.436,0.138,0.086,0.00
20154,Runner,0.496,0.436,0.142,0.111,0.00
20155,Runner,0.496,0.436,0.096,0.116,2.14
20156,Draw,0.496,0.436,0.105,0.137,17.78
20157,Runner,0.496,0.435,0.105,0.141,2.64
20158,Pursuer,0.496,0.436,0.132,0.117,0.00
20159,Pursuer,0.496,0.436,0.127,0.106,0.00
20160,Pursuer,0.496,0.436,0.142,0.130,0.00
20161,Pursuer,0.496,0.436,0.168,0.112,0.00
20162,Pursuer,0.496,0.436,0.129,0.084,0.00
20163,Pursuer,0.496,0.436,0.134,0.126,0.00
20164,Runner,0.496,0.436,0.093,0.145,0.00
20165,Pursuer,0.496,0.436,0.117,0.075,0.00
20166,Runner,0.496,0.436,0.113,0.097,1.08
20167,Pursuer,0.496,0.436,0.212,0.174,0.00
20168,Pursuer,0.496,0.436,0.174,0.109,0.00
20169,Pursuer,0.496,0.436,0.180,0.277,0.00
20170,Runner,0.496,0.436,0.111,0.135,1.16
20171,Runner,0.496,0.436,0.152,0.146,0.00
20172,Pursuer,0.496,0.436,0.145,0.189,0.00
20173,Pursuer,0.496,0.436,0.142,0.134,0.00
20174,Runner,0.496,0.436,0.139,0.150,1.16
20175,Runner,0.496,0.436,0.111,0.177,0.00
20176,Pursuer,0.496,0.436,0.281,0.601,0.00
20177,Runner,0.496,0.436,0.000,0.000,0.00
20178,Runner,0.496,0.436,0.124,0.100,0.00
20179,Pursuer,0.496,0.436,0.120,0.109,0.00
20180,Runner,0.496,0.436,0.080,0.123,0.14
20181,Pursuer,0.496,0.436,0.000,0.000,0.00
20182,Runner,0.496,0.436,0.092,0.139,2.44
20183,Pursuer,0.496,0.436,0.130,0.086,0.00
20184,Runner,0.496,0.436,0.086,0.147,0.20
20185,Runner,0.496,0.436,0.089,0.120,0.00
20186,Runner,0.496,0.436,0.062,0.139,0.00
20187,Pursuer,0.496,0.436,0.213,0.165,0.00
20188,Pursuer,0.496,0.436,0.124,0.122,0.00
20189,Runner,0.496,0.436,0.110,0.118,2.30
20190,Runner,0.496,0.436,0.105,0.131,1.38
20191,Pursuer,0.496,0.436,0.114,0.111,0.00
20192,Runner,0.496,0.436,0.097,0.114,1.92
20193,Pursuer,0.496,0.436,0.128,0.098,0.00
20194,Pursuer,0.496,0.436,0.166,0.155,0.00
20195,Runner,0.496,0.436,0.078,0.133,0.04
20196,Pursuer,0.496,0.436,0.184,0.117,0.00
20197,Pursuer,0.496,0.436,0.128,0.072,0.00
20198,Runner,0.496,0.436,0.157,0.161,1.30
20199,Runner,0.496,0.436,0.123,0.134,0.72
20200,Runner,0.496,0.436,0.108,0.142,5.06
20201,Pursuer,0.496,0.436,0.181,0.130,0.00
20202,Pursuer,0.496,0.436,0.109,0.137,0.00
20203,Pursuer,0.496,0.436,0.149,0.094,0.00
20204,Pursuer,0.496,0.436,0.159,0.110,0.00
20205,Runner,0.496,0.436,0.080,0.154,0.00
20206,Runner,0.496,0.436,0.116,0.142,2.44
20207,Runner,0.496,0.436,0.111,0.139,0.54
20208,Runner,0.496,0.436,0.060,0.137,0.00
20209,Runner,0.496,0.436,0.107,0.115,0.00
20210,Draw,0.496,0.436,0.151,0.140,19.04
20211,Pursuer,0.496,0.436,0.130,0.087,0.00
20212,Runner,0.496,0.436,0.115,0.149,0.00
20213,Pursuer,0.496,0.436,0.127,0.145,0.00
20214,Draw,0.496,0.436,0.108,0.154,0.02
20215,Pursuer,0.496,0.436,0.106,0.138,0.00
20216,Pursuer,0.496,0.436,0.154,0.137,0.00
20217,Runner,0.496,0.436,0.074,0.142,1.16
20218,Runner,0.496,0.436,0.157,0.163,0.00
20219,Runner,0.496,0.436,0.102,0.135,2.30
20220,Runner,0.496,0.436,0.106,0.123,0.30
20221,Runner,0.496,0.436,0.078,0.149,0.00
20222,Runner,0.496,0.436,0.097,0.123,1.04
20223,Runner,0.496,0.436,0.142,0.108,0.00
20224,Runner,0.496,0.436,0.122,0.127,0.00
20225,Pursuer,0.496,0.436,0.127,0.089,0.00
20226,Pursuer,0.496,0.436,0.198,0.196,0.00
20227,Pursuer,0.496,0.436,0.125,0.115,0.00
20228,Pursuer,0.496,0.436,0.146,0.084,0.00
20229,Pursuer,0.496,0.436,0.113,0.123,0.00
20230,Pursuer,0.496,0.436,0.141,0.140,0.00
20231,Runner,0.496,0.436,0.108,0.088,2.44
20232,Pursuer,0.496,0.436,0.140,0.126,0.00
20233,Runner,0.496,0.436,0.089,0.103,0.00
20234,Pursuer,0.496,0.436,0.138,0.127,0.00
20235,Pursuer,0.496,0.436,0.134,0.126,0.00
20236,Pursuer,0.496,0.436,0.093,0.105,0.00
20237,Pursuer,0.496,0.436,0.152,0.139,0.00
20238,Pursuer,0.496,0.436,0.103,0.123,0.00
20239,Runner,0.496,0.436,0.111,0.138,0.00
20240,Pursuer,0.496,0.436,0.151,0.116,0.00
20241,Pursuer,0.496,0.436,0.110,0.168,0.00
20242,Runner,0.496,0.436,0.116,0.134,1.92
20243,Runner,0.496,0.436,0.103,0.145,6.80
20244,Runner,0.496,0.436,0.095,0.156,1.14
20245,Runner,0.496,0.436,0.110,0.125,8.18
20246,Pursuer,0.496,0.436,0.121,0.132,0.00
20247,Runner,0.496,0.436,0.096,0.177,1.74
20248,Runner,0.496,0.436,0.089,0.154,0.00
20249,Runner,0.496,0.436,0.078,0.179,0.00
20250,Pursuer,0.496,0.436,0.113,0.099,0.00
20251,Runner,0.496,0.436,0.131,0.146,0.00
20252,Pursuer,0.496,0.436,0.184,0.101,0.00
20253,Runner,0.496,0.436,0.104,0.173,0.00
20254,Runner,0.496,0.436,0.147,0.141,0.64
20255,Runner,0.496,0.436,0.093,0.136,0.00
20256,Pursuer,0.496,0.436,0.000,0.000,0.00
20257,Runner,0.496,0.436,0.059,0.126,0.18
20258,Pursuer,0.496,0.436,0.157,0.136,0.00
20259,Runner,0.496,0.436,0.128,0.096,0.82
20260,Runner,0.496,0.436,0.108,0.139,2.30
20261,Runner,0.496,0.436,0.088,0.141,1.64
20262,Runner,0.496,0.436,0.113,0.117,0.00
20263,Pursuer,0.496,0.436,0.375,0.430,0.00
20264,Pursuer,0.496,0.436,0.118,0.099,0.00
20265,Runner,0.496,0.436,0.121,0.143,0.00
20266,Draw,0.496,0.436,0.140,0.142,17.68
20267,Pursuer,0.496,0.436,0.155,0.091,0.00
20268,Runner,0.496,0.436,0.092,0.150,1.64
20269,Runner,0.496,0.436,0.086,0.169,0.00
20270,Pursuer,0.496,0.436,0.128,0.079,0.00
20271,Pursuer,0.496,0.436,0.142,0.128,0.00
20272,Runner,0.496,0.436,0.102,0.137,3.66
20273,Runner,0.496,0.436,0.146,0.136,0.00
20274,Runner,0.496,0.436,0.116,0.143,0.00
20275,Runner,0.496,0.436,0.088,0.112,0.50
20276,Pursuer,0.496,0.436,0.138,0.128,0.00
20277,Runner,0.496,0.436,0.194,0.216,0.46
20278,Runner,0.496,0.436,0.078,0.143,0.00
20279,Pursuer,0.496,0.436,0.139,0.108,0.00
20280,Runner,0.496,0.436,0.102,0.129,0.00
20281,Pursuer,0.496,0.436,0.139,0.093,0.00
20282,Pursuer,0.496,0.436,0.128,0.091,0.00
20283,Pursuer,0.496,0.436,0.163,0.101,0.00
20284,Pursuer,0.496,0.436,0.124,0.102,0.00
20285,Pursuer,0.496,0.436,0.119,0.122,0.00
20286,Runner,0.496,0.436,0.114,0.147,0.96
20287,Runner,0.496,0.436,0.147,0.130,1.96
20288,Draw,0.496,0.436,0.116,0.149,0.00
20289,Pursuer,0.496,0.436,0.119,0.135,0.00
20290,Runner,0.496,0.436,0.096,0.136,2.64
20291,Pursuer,0.496,0.436,0.215,0.180,0.00
20292,Draw,0.496,0.436,0.121,0.140,19.58
20293,Pursuer,0.496,0.436,0.184,0.178,0.00
20294,Runner,0.496,0.436,0.087,0.110,0.00
20295,Pursuer,0.496,0.436,0.236,0.229,0.00
20296,Runner,0.496,0.436,0.095,0.129,0.00
20297,Pursuer,0.496,0.436,0.168,0.140,0.00
20298,Pursuer,0.496,0.436,0.172,0.162,0.00
20299,Draw,0.496,0.436,0.147,0.127,0.00
20300,Pursuer,0.496,0.436,0.113,0.111,0.00
20301,Draw,0.496,0.436,0.144,0.134,15.06
20302,Pursuer,0.496,0.436,0.106,0.130,0.00
20303,Runner,0.496,0.436,0.104,0.126,0.00
20304,Runner,0.496,0.436,0.088,0.139,0.00
20305,Runner,0.496,0.436,0.145,0.121,3.78
20306,Pursuer,0.496,0.436,0.133,0.154,0.00
20307,Pursuer,0.496,0.436,0.161,0.075,0.00
20308,Pursuer,0.496,0.436,0.110,0.230,0.00
20309,Runner,0.496,0.436,0.119,0.129,1.92
20310,Draw,0.496,0.436,0.102,0.121,0.00
20311,Runner,0.496,0.436,0.094,0.182,0.02
20312,Pursuer,0.496,0.436,0.152,0.123,0.00
20313,Runner,0.496,0.436,0.113,0.131,2.02
20314,Pursuer,0.496,0.436,0.132,0.112,0.00
20315,Runner,0.496,0.436,0.085,0.148,3.46
20316,Runner,0.496,0.436,0.151,0.120,0.00
20317,Runner,0.496,0.436,0.182,0.125,0.00
20318,Runner,0.496,0.436,0.107,0.154,0.00
20319,Pursuer,0.496,0.436,0.000,0.000,0.00
20320,Runner,0.496,0.436,0.140,0.133,0.00
20321,Runner,0.496,0.436,0.119,0.152,0.34
20322,Pursuer,0.496,0.436,0.144,0.107,0.00
20323,Pursuer,0.496,0.436,0.134,0.149,0.00
20324,Pursuer,0.496,0.436,0.128,0.091,0.00
20325,Pursuer,0.496,0.436,0.129,0.110,0.00
20326,Runner,0.496,0.436,0.110,0.132,0.00
20327,Pursuer,0.496,0.436,0.000,0.000,0.00
20328,Pursuer,0.496,0.436,0.090,0.071,0.00
20329,Runner,0.496,0.436,0.107,0.137,0.00
20330,Pursuer,0.496,0.436,1.428,0.799,0.00
20331,Runner,0.496,0.436,0.094,0.133,0.20
20332,Pursuer,0.496,0.436,0.140,0.258,0.00
20333,Runner,0.496,0.436,0.075,0.103,0.00
20334,Runner,0.496,0.436,0.155,0.105,1.04
20335,Runner,0.496,0.436,0.100,0.130,0.78
20336,Runner,0.496,0.436,0.110,0.125,0.00
20337,Pursuer,0.496,0.436,0.122,0.133,0.00
20338,Pursuer,0.496,0.436,0.128,0.120,0.00
20339,Runner,0.496,0.436,0.146,0.164,1.06
20340,Pursuer,0.496,0.436,0.126,0.119,0.00
20341,Runner,0.496,0.436,0.125,0.136,0.00
20342,Pursuer,0.496,0.436,0.121,0.187,0.00
20343,Runner,0.496,0.436,0.120,0.135,0.70
20344,Pursuer,0.496,0.436,0.124,0.118,0.00
20345,Draw,0.496,0.436,0.153,0.141,15.20
20346,Pursuer,0.496,0.436,0.139,0.096,0.00
20347,Runner,0.496,0.436,0.114,0.151,0.00
20348,Pursuer,0.496,0.436,0.140,0.118,0.00
20349,Pursuer,0.496,0.436,0.132,0.096,0.00
20350,Pursuer,0.496,0.436,0.138,0.119,0.00
20351,Runner,0.496,0.436,0.127,0.152,0.00
20352,Runner,0.496,0.436,0.094,0.129,0.00
20353,Runner,0.496,0.436,0.121,0.133,0.00
20354,Runner,0.496,0.436,0.103,0.115,0.88
20355,Pursuer,0.496,0.436,0.157,0.136,0.00
20356,Runner,0.496,0.436,0.088,0.134,1.10
20357,Pursuer,0.496,0.436,0.123,0.124,0.00
20358,Pursuer,0.496,0.436,0.142,0.085,0.00
20359,Runner,0.496,0.436,0.162,0.136,0.00
20360,Runner,0.496,0.436,0.111,0.111,0.00
20361,Runner,0.496,0.436,0.103,0.138,0.00
20362,Pursuer,0.496,0.436,0.130,0.098,0.00
20363,Runner,0.496,0.436,0.082,0.120,2.40
20364,Draw,0.496,0.436,0.135,0.156,17.72
20365,Pursuer,0.496,0.436,0.136,0.116,0.00
20366,Pursuer,0.496,0.436,0.177,0.087,0.00
20367,Runner,0.496,0.436,0.139,0.150,0.00
20368,Pursuer,0.496,0.436,0.133,0.100,0.00
20369,Runner,0.496,0.436,0.119,0.175,0.00
20370,Pursuer,0.496,0.436,0.240,0.160,0.00
20371,Runner,0.496,0.436,0.073,0.142,1.90
20372,Draw,0.496,0.436,0.143,0.138,18.24
20373,Pursuer,0.496,0.436,0.155,0.158,0.00
20374,Pursuer,0.496,0.436,0.140,0.110,0.00
20375,Pursuer,0.496,0.436,0.067,0.164,0.00
20376,Runner,0.496,0.436,0.086,0.133,2.20
20377,Runner,0.496,0.436,0.143,0.141,0.00
20378,Pursuer,0.496,0.436,0.184,0.135,0.00
20379,Draw,0.496,0.436,0.146,0.149,18.42
20380,Runner,0.496,0.436,0.094,0.118,0.00
20381,Runner,0.496,0.436,0.102,0.147,1.74
20382,Runner,0.496,0.436,0.113,0.167,0.00
20383,Pursuer,0.496,0.436,0.127,0.098,0.00
20384,Runner,0.496,0.436,0.000,0.000,0.00
20385,Runner,0.496,0.436,0.088,0.131,0.00
20386,Runner,0.496,0.436,0.091,0.135,0.00
20387,Runner,0.496,0.436,0.106,0.143,1.44
20388,Pursuer,0.496,0.436,0.085,0.155,0.00
20389,Pursuer,0.496,0.436,0.117,0.113,0.00
20390,Runner,0.496,0.436,0.114,0.144,0.00
20391,Pursuer,0.496,0.436,0.110,0.087,0.00
20392,Runner,0.496,0.436,0.127,0.139,1.94
20393,Draw,0.496,0.436,0.139,0.145,17.70
20394,Pursuer,0.496,0.436,0.131,0.126,0.00
20395,Runner,0.496,0.436,0.089,0.146,1.76
20396,Pursuer,0.496,0.436,0.117,0.142,0.00
20397,Runner,0.496,0.436,0.100,0.138,1.80
20398,Runner,0.496,0.436,0.118,0.148,0.00
20399,Runner,0.496,0.436,0.146,0.130,0.10
20400,Runner,0.496,0.436,0.161,0.119,0.24
20401,Draw,0.496,0.436,0.112,0.133,15.38
20402,Draw,0.496,0.436,0.128,0.145,16.34
20403,Runner,0.496,0.436,0.112,0.140,2.12
20404,Pursuer,0.496,0.436,0.134,0.157,0.00
20405,Runner,0.496,0.436,0.149,0.115,0.00
20406,Runner,0.496,0.436,0.103,0.147,0.02
20407,Pursuer,0.496,0.436,0.029,0.016,0.00
20408,Draw,0.496,0.436,0.147,0.140,16.56
20409,Runner,0.496,0.436,0.191,0.103,0.00
20410,Pursuer,0.496,0.436,0.081,0.133,0.00
20411,Pursuer,0.496,0.436,0.087,0.023,0.00
20412,Runner,0.496,0.436,0.085,0.143,1.20
20413,Pursuer,0.496,0.436,0.141,0.086,0.00
20414,Pursuer,0.496,0.436,0.130,0.130,0.00
20415,Runner,0.496,0.436,0.097,0.159,0.02
20416,Runner,0.496,0.436,0.065,0.114,1.58
20417,Runner,0.496,0.436,0.130,0.137,1.46
20418,Runner,0.496,0.436,0.110,0.156,0.00
20419,Runner,0.496,0.436,0.091,0.128,2.04
20420,Runner,0.496,0.436,0.102,0.154,0.08
20421,Pursuer,0.496,0.436,0.173,0.092,0.00
20422,Runner,0.496,0.436,0.142,0.116,0.00
20423,Runner,0.496,0.436,0.101,0.147,0.00
20424,Runner,0.496,0.436,0.150,0.125,0.00
