Episode,RunnerAcc,PursuerAcc,DrawsPercentage,RunnerJitter,PursuerJitter,NearMissTime,EpisodeStepsAvg
100,0.11,0.16,0.73,0.1429203,0.1423202,1.877815,795.67
200,0.07,0.26,0.67,0.1428293,0.1438828,2.379414,789.42
300,0.13,0.34,0.53,0.1506447,0.1535919,2.537812,717.76
400,0.19,0.38,0.43,0.1540549,0.1474927,2.827816,653.9
500,0.25,0.35,0.4,0.1479897,0.1445242,3.665622,657.74
600,0.28,0.37,0.35,0.1358335,0.1370417,3.180628,575.6
700,0.3,0.44,0.26,0.1398019,0.1443274,2.621618,553.88
800,0.39,0.38,0.23,0.1413325,0.1424246,2.857215,506.01
900,0.3,0.49,0.21,0.1407598,0.140785,2.176411,520.95
1000,0.36,0.44,0.2,0.1368423,0.1344327,2.462616,448.4
1100,0.43,0.42,0.15,0.14895,0.1409295,1.956406,442.86
1200,0.28,0.48,0.24,0.146549,0.1498687,2.38401,458.05
1300,0.48,0.36,0.16,0.1481185,0.1471431,2.424212,425.58
1400,0.45,0.4,0.15,0.1445258,0.1445954,1.736005,450.21
1500,0.39,0.47,0.14,0.140837,0.142873,1.638608,418.82
1600,0.32,0.52,0.16,0.1465281,0.1450031,1.960809,451.86
1700,0.39,0.53,0.08,0.1398081,0.1397416,1.398408,317.5
1800,0.34,0.58,0.08,0.1431969,0.1565339,1.534408,349.65
1900,0.38,0.55,0.07,0.1386012,0.1400659,1.387008,351.11
2000,0.42,0.47,0.11,0.1423432,0.1447928,2.142612,397.28
2100,0.41,0.47,0.12,0.1427263,0.1376277,2.464617,383.43
2200,0.4,0.49,0.11,0.1423358,0.1444416,1.711606,369.61
2300,0.36,0.48,0.16,0.1380135,0.1398185,2.242615,427.71
2400,0.42,0.5,0.08,0.1479276,0.1394027,1.454206,329.4
2500,0.38,0.46,0.16,0.1404193,0.1402604,2.847022,400.51
2600,0.44,0.48,0.08,0.1408044,0.1427743,1.452404,335.43
2700,0.36,0.56,0.08,0.144468,0.1494399,1.007403,316.62
2800,0.52,0.4,0.08,0.1396591,0.1379112,2.02041,364.41
2900,0.46,0.48,0.06,0.1445814,0.151237,0.9628009,282.02
3000,0.42,0.47,0.11,0.143766,0.1465745,2.161219,359.09
3100,0.53,0.37,0.1,0.144495,0.138753,1.814606,337.68
3200,0.45,0.48,0.07,0.135285,0.1383325,1.286406,291.79
3300,0.48,0.43,0.09,0.1428782,0.1380097,1.509207,327.07
3400,0.52,0.38,0.1,0.1412942,0.1443122,1.992814,297.2
3500,0.54,0.4,0.06,0.1419827,0.1420414,1.456609,279.18
3600,0.42,0.51,0.07,0.1384724,0.1396271,1.669209,303.61
3700,0.51,0.4,0.09,0.1374896,0.1425588,1.899212,326.27
3800,0.39,0.5,0.11,0.1375467,0.1372623,1.861015,303.23
3900,0.47,0.45,0.08,0.140655,0.1419502,2.27021,318.89
4000,0.45,0.42,0.13,0.1357033,0.1354926,2.514617,329.81
4100,0.41,0.55,0.04,0.1359913,0.1399763,1.418806,310.23
4200,0.43,0.51,0.06,0.1459122,0.1397346,1.341209,293.14
4300,0.43,0.52,0.05,0.1379896,0.1389426,1.133404,275.73
4400,0.42,0.51,0.07,0.1450869,0.1405849,1.224406,276
4500,0.41,0.49,0.1,0.1373698,0.1366464,1.52221,310.34
4600,0.44,0.42,0.14,0.1325173,0.1341238,2.466618,323.46
4700,0.46,0.4,0.14,0.1365548,0.1363521,2.057614,332.3
4800,0.36,0.59,0.05,0.1401927,0.1519542,0.8018038,252.65
4900,0.44,0.53,0.03,0.1345807,0.1303152,0.722802,267.91
5000,0.4,0.55,0.05,0.1361075,0.1450861,1.263409,257.1
5100,0.4,0.52,0.08,0.1433615,0.1422754,1.914017,296.84
5200,0.4,0.52,0.08,0.135268,0.1424664,1.61261,259.54
5300,0.39,0.57,0.04,0.1407562,0.1405172,1.158206,248.14
5400,0.44,0.49,0.07,0.153107,0.1438646,1.70461,286.01
5500,0.43,0.53,0.04,0.1290617,0.1312616,1.203007,241.06
5600,0.35,0.6,0.05,0.1400024,0.1387997,1.078606,245.08
5700,0.43,0.54,0.03,0.1337333,0.135123,0.7842012,218.12
5800,0.39,0.52,0.09,0.1262743,0.1327535,1.904416,282.39
5900,0.44,0.51,0.05,0.1363395,0.1383792,0.9232041,299.26
6000,0.36,0.58,0.06,0.1358036,0.1403577,1.137209,262.19
6100,0.33,0.62,0.05,0.1330865,0.1359183,0.9466051,244.94
6200,0.47,0.43,0.1,0.1394712,0.1378706,2.001414,266.96
6300,0.32,0.62,0.06,0.1335156,0.1304457,1.279809,237.49
6400,0.53,0.4,0.07,0.1384549,0.1341062,1.687009,254.55
6500,0.38,0.57,0.05,0.1335085,0.143899,0.8644036,251.87
6600,0.33,0.61,0.06,0.1346166,0.1344204,1.218212,210.9
6700,0.39,0.54,0.07,0.1402228,0.1377129,1.161209,253.82
6800,0.37,0.57,0.06,0.1316566,0.1332672,1.146808,248.36
6900,0.45,0.52,0.03,0.1341213,0.1406662,1.054607,220.09
7000,0.4,0.5,0.1,0.1302043,0.1336369,1.743217,289.82
7100,0.41,0.54,0.05,0.1333623,0.1292003,1.166606,217.4
7200,0.41,0.55,0.04,0.1319616,0.1388603,0.6798044,229.22
7300,0.47,0.45,0.08,0.1313876,0.1320397,1.300808,220.67
7400,0.43,0.51,0.06,0.1303605,0.1347768,1.075006,262.76
7500,0.46,0.51,0.03,0.1404817,0.148361,0.8248025,227.04
7600,0.38,0.61,0.01,0.1343811,0.1394863,0.5932022,199.26
7700,0.38,0.58,0.04,0.1347897,0.1387235,0.741002,222.64
7800,0.41,0.56,0.03,0.133545,0.1455766,0.6272014,230.92
7900,0.38,0.59,0.03,0.1261609,0.1378798,0.453402,208.47
8000,0.47,0.45,0.08,0.1340903,0.1321801,1.619008,263.55
8100,0.42,0.56,0.02,0.1328299,0.1274517,0.5980016,204.74
8200,0.48,0.48,0.04,0.132425,0.1448603,1.169008,226.76
8300,0.46,0.48,0.06,0.1326413,0.1434823,1.226206,221.81
8400,0.48,0.5,0.02,0.1268221,0.1250049,0.6225998,173.06
8500,0.37,0.59,0.04,0.1299476,0.1367669,1.023607,247.12
8600,0.38,0.59,0.03,0.1314273,0.1304443,0.5224034,228.46
8700,0.31,0.64,0.05,0.1341858,0.1431502,0.9754074,238.66
8800,0.37,0.62,0.01,0.1264251,0.1447273,0.6922001,191.82
8900,0.4,0.53,0.07,0.1418654,0.1418016,1.317011,226.38
9000,0.44,0.52,0.04,0.1282812,0.130904,1.160607,227.08
9100,0.42,0.53,0.05,0.1378998,0.1569918,1.438609,223.9
9200,0.45,0.51,0.04,0.1391724,0.1388196,0.757804,208.2
9300,0.39,0.56,0.05,0.1229501,0.1285399,1.076609,200.16
9400,0.4,0.57,0.03,0.1288823,0.1341568,0.8430032,194.99
9500,0.44,0.51,0.05,0.1286776,0.1419186,1.372611,209.31
9600,0.37,0.57,0.06,0.1254505,0.1324499,0.9358054,236.99
9700,0.39,0.57,0.04,0.1413094,0.1401836,0.9714072,170.02
9800,0.47,0.48,0.05,0.136379,0.1437547,1.129207,200.58
9900,0.34,0.58,0.08,0.1268012,0.1308814,1.417813,230.02
10000,0.43,0.52,0.05,0.1248728,0.1360702,1.280211,225.97
10100,0.4,0.57,0.03,0.1319658,0.1370918,0.940806,181.76
10200,0.44,0.51,0.05,0.1307617,0.1321803,1.234808,197.35
10300,0.41,0.53,0.06,0.1374118,0.1454848,1.163209,216.36
10400,0.41,0.56,0.03,0.1258322,0.127038,1.003006,185.17
10500,0.48,0.5,0.02,0.12672,0.1330417,0.7638037,183.37
10600,0.37,0.58,0.05,0.1358707,0.1325794,0.9574082,207.8
10700,0.42,0.55,0.03,0.131004,0.1369819,0.9044053,160.43
10800,0.41,0.53,0.06,0.1305256,0.130255,1.382611,198.9
10900,0.5,0.49,0.01,0.1254081,0.129438,0.8510026,186.31
11000,0.42,0.52,0.06,0.1197124,0.1242506,1.39621,228.13
11100,0.42,0.52,0.06,0.1279436,0.1264082,1.454012,201.95
11200,0.46,0.49,0.05,0.1203526,0.129115,1.210809,198.42
11300,0.46,0.46,0.08,0.1254803,0.1286227,1.659814,237.45
11400,0.46,0.51,0.03,0.1291196,0.1265003,0.8088057,162.02
11500,0.48,0.5,0.02,0.1214798,0.1243045,0.8406042,146.32
11600,0.47,0.51,0.02,0.1335925,0.1355227,0.753803,184.61
11700,0.41,0.56,0.03,0.1274683,0.1346748,0.8742055,194.37
11800,0.37,0.58,0.05,0.1362458,0.1407028,1.023206,206.94
11900,0.36,0.59,0.05,0.1408841,0.1456947,1.210611,193.89
12000,0.37,0.57,0.06,0.1275182,0.1344864,1.296611,197.78
12100,0.5,0.44,0.06,0.1293444,0.1338115,1.061807,202.37
12200,0.39,0.56,0.05,0.132918,0.1383073,1.29141,225.29
12300,0.48,0.48,0.04,0.1320563,0.1389956,1.030208,183.91
12400,0.4,0.56,0.04,0.1193171,0.1195168,0.9936076,186.2
12500,0.39,0.56,0.05,0.1247619,0.128479,1.20341,199.3
12600,0.47,0.48,0.05,0.1188591,0.1194523,1.104805,213.22
12700,0.46,0.5,0.04,0.1201929,0.1211229,1.160209,212.41
12800,0.39,0.59,0.02,0.1205291,0.1209994,0.8082036,172.5
12900,0.42,0.53,0.05,0.1286665,0.1287846,1.286011,205.07
13000,0.35,0.56,0.09,0.1377587,0.1305433,1.314812,229.4
13100,0.42,0.53,0.05,0.1272478,0.1303238,1.108208,199.76
13200,0.52,0.44,0.04,0.1334971,0.1313939,1.425008,224.9
13300,0.38,0.56,0.06,0.1293075,0.1324222,1.15761,224.85
13400,0.48,0.48,0.04,0.122802,0.1300936,1.101408,197.11
13500,0.43,0.54,0.03,0.1168625,0.121056,0.9280068,200.48
13600,0.41,0.55,0.04,0.1303168,0.1268095,0.9644068,184.65
13700,0.46,0.5,0.04,0.1199504,0.1274579,0.8822062,203.47
13800,0.52,0.47,0.01,0.1247468,0.1341592,0.4906008,150.82
13900,0.45,0.54,0.01,0.1155117,0.1234702,0.3093998,184.98
14000,0.35,0.59,0.06,0.1211973,0.1322799,1.381613,208.85
14100,0.41,0.52,0.07,0.1281661,0.134211,0.9816078,197.34
14200,0.45,0.52,0.03,0.1515557,0.1782654,0.8200046,196.26
14300,0.37,0.58,0.05,0.1303022,0.1431576,1.138209,206.86
14400,0.43,0.53,0.04,0.1213295,0.1206004,1.07161,196.62
14500,0.4,0.56,0.04,0.117802,0.1196051,1.103208,163.8
14600,0.38,0.58,0.04,0.1255337,0.1305006,0.7116039,194.23
14700,0.48,0.41,0.11,0.1262141,0.1263385,1.369812,258.53
14800,0.45,0.52,0.03,0.1214852,0.1246881,0.8662072,205.53
14900,0.39,0.6,0.01,0.1243177,0.1378477,0.3448004,167.84
15000,0.4,0.58,0.02,0.1230503,0.1395131,0.6498045,168.98
15100,0.37,0.59,0.04,0.1277078,0.1412776,0.8898064,189.36
15200,0.42,0.55,0.03,0.1279071,0.1269657,0.4962024,167.62
15300,0.49,0.45,0.06,0.1258803,0.1292246,1.387213,178.11
15400,0.36,0.61,0.03,0.1219099,0.1198178,0.960606,193.81
15500,0.36,0.61,0.03,0.1235183,0.1276308,0.8552061,160.06
15600,0.44,0.52,0.04,0.1217297,0.1299327,1.055206,186.36
15700,0.41,0.54,0.05,0.1215797,0.124367,1.001606,193.05
15800,0.45,0.51,0.04,0.129493,0.1293596,1.182807,183.8
15900,0.39,0.59,0.02,0.1219938,0.1275065,0.5520022,164.65
16000,0.38,0.62,0,0.1369556,0.1307712,0.2485998,145.3
16100,0.47,0.51,0.02,0.1188251,0.1266903,0.6258036,154.97
16200,0.4,0.57,0.03,0.1272905,0.1214004,0.595404,153.81
16300,0.38,0.58,0.04,0.1156376,0.1174132,0.9164058,192.37
16400,0.32,0.65,0.03,0.1214538,0.1288931,0.8924068,176.63
16500,0.36,0.6,0.04,0.1281534,0.1392191,0.8200052,166.67
16600,0.5,0.48,0.02,0.1170417,0.1177725,0.7064043,150.96
16700,0.34,0.61,0.05,0.1172258,0.1221169,0.7326055,199.72
16800,0.41,0.56,0.03,0.1213104,0.1220245,0.6848049,160.88
16900,0.37,0.58,0.05,0.1206905,0.127818,0.9786074,188.47
17000,0.44,0.53,0.03,0.1304332,0.1288378,1.050606,173.89
17100,0.36,0.57,0.07,0.1190315,0.1277536,1.404814,189.1
17200,0.5,0.44,0.06,0.1180849,0.1172274,1.195009,184.33
17300,0.39,0.58,0.03,0.1160349,0.1138023,0.9018069,167.28
17400,0.36,0.54,0.1,0.1167223,0.1166786,1.769817,240.14
17500,0.47,0.49,0.04,0.1115753,0.1166588,0.7356045,192.17
17600,0.45,0.49,0.06,0.1188238,0.1230006,1.265213,166.28
17700,0.34,0.65,0.01,0.1084338,0.1109546,0.3476022,160.41
17800,0.41,0.55,0.04,0.1228521,0.1321908,1.009809,184.13
17900,0.44,0.55,0.01,0.1305019,0.133191,0.6106015,149.73
18000,0.38,0.61,0.01,0.1121535,0.1097365,0.4214025,159.62
18100,0.36,0.59,0.05,0.1214945,0.1268878,1.23661,186.47
18200,0.42,0.54,0.04,0.1199368,0.1182792,1.012808,170.65
18300,0.43,0.54,0.03,0.1281544,0.1156866,0.6666062,155.16
18400,0.48,0.5,0.02,0.129334,0.1310802,0.8046043,156.27
18500,0.4,0.56,0.04,0.1220564,0.1144626,0.8904072,185.01
18600,0.4,0.6,0,0.1127083,0.1144457,0.2873997,158.34
18700,0.37,0.59,0.04,0.1122954,0.117365,1.02221,156.97
18800,0.39,0.53,0.08,0.1215639,0.120386,1.574615,194.03
18900,0.42,0.54,0.04,0.1161297,0.1168718,1.055408,177.94
19000,0.4,0.54,0.06,0.1264632,0.131138,1.252811,187.9
19100,0.5,0.47,0.03,0.1206228,0.1241354,0.9448066,176.74
19200,0.39,0.6,0.01,0.1176996,0.1227929,0.5924024,137.66
19300,0.43,0.55,0.02,0.1143749,0.1163541,0.6366046,143.98
19400,0.53,0.45,0.02,0.1193808,0.1174684,0.7640045,154.25
19500,0.49,0.49,0.02,0.1163189,0.1283489,0.8384042,140.04
19600,0.33,0.63,0.04,0.1169548,0.1215935,0.8304074,164.49
19700,0.45,0.52,0.03,0.1099919,0.1120453,1.013006,165.69
19800,0.44,0.51,0.05,0.1138705,0.115482,1.15321,189.14
19900,0.43,0.56,0.01,0.1259394,0.1272372,0.6518024,151.47
20000,0.44,0.5,0.06,0.1173789,0.1131769,1.419013,194.42
20100,0.45,0.52,0.03,0.1103086,0.1098105,0.895207,191.12
20200,0.44,0.52,0.04,0.1170245,0.1156245,1.086209,165.61
20300,0.42,0.54,0.04,0.1158468,0.118985,0.7400059,161.75
20400,0.36,0.6,0.04,0.1174754,0.1241169,1.022209,179.65
20500,0.42,0.55,0.03,0.1135776,0.1186475,0.944606,147.11
20600,0.39,0.6,0.01,0.1171952,0.1182787,0.413802,126.62
20700,0.4,0.56,0.04,0.1216875,0.1238664,0.5852051,149.19
20800,0.39,0.59,0.02,0.1076766,0.112159,0.7128041,156.56
20900,0.44,0.53,0.03,0.1095106,0.1167017,0.9200056,166.79
21000,0.39,0.57,0.04,0.1295994,0.1379453,0.8858081,192.22
21100,0.48,0.48,0.04,0.1137961,0.112814,1.056807,193.61
21200,0.36,0.62,0.02,0.1225073,0.1209879,0.6142018,163.94
21300,0.43,0.53,0.04,0.1237112,0.1179078,0.8584058,155.18
21400,0.4,0.58,0.02,0.11395,0.1157081,0.4318011,153.72
21500,0.36,0.6,0.04,0.1092528,0.1093684,0.9496067,170.32
21600,0.44,0.5,0.06,0.1229072,0.1284716,1.423613,197.69
21700,0.45,0.53,0.02,0.1108284,0.1130941,0.5388018,145.69
21800,0.49,0.47,0.04,0.1144166,0.1319343,1.025808,146.02
21900,0.33,0.64,0.03,0.1103851,0.1109804,0.6022041,168.33
22000,0.44,0.52,0.04,0.1240026,0.1310688,1.123009,179.36
22100,0.44,0.52,0.04,0.1106686,0.1224636,1.026809,164.29
22200,0.34,0.61,0.05,0.1075613,0.1072546,1.139611,159.45
22300,0.39,0.59,0.02,0.1126218,0.112543,0.596804,148.72
22400,0.39,0.55,0.06,0.1134265,0.1374651,1.359213,182.89
22500,0.37,0.59,0.04,0.1076314,0.1123886,0.7374043,197.14
22600,0.45,0.5,0.05,0.1057394,0.1162535,1.14721,147.79
22700,0.43,0.54,0.03,0.1109561,0.1161492,1.097608,178.11
22800,0.41,0.54,0.05,0.1140639,0.128343,1.188011,169.38
22900,0.42,0.49,0.09,0.1204296,0.1194035,1.707417,211.22
23000,0.44,0.55,0.01,0.1154986,0.1185025,0.3518016,147.62
23100,0.45,0.53,0.02,0.1137076,0.1262943,0.6282035,137.1
23200,0.29,0.68,0.03,0.1051305,0.1099469,0.6810065,148.52
23300,0.4,0.58,0.02,0.1137471,0.1186206,0.5778047,149.55
23400,0.4,0.54,0.06,0.1072536,0.1085108,1.046609,168.91
23500,0.37,0.56,0.07,0.1058408,0.1088575,1.565215,180.94
23600,0.46,0.53,0.01,0.1088892,0.1123357,0.4894008,145.5
23700,0.39,0.59,0.02,0.1127276,0.1157611,0.6500038,145.31
23800,0.36,0.61,0.03,0.1248719,0.1222155,0.9214072,149.62
23900,0.31,0.66,0.03,0.1125884,0.1254456,0.8724066,153.22
24000,0.44,0.5,0.06,0.1056988,0.1084397,1.20981,193.69
24100,0.4,0.58,0.02,0.1161693,0.1192701,0.5248021,171.29
24200,0.4,0.54,0.06,0.106667,0.112538,1.271612,184.92
24300,0.38,0.58,0.04,0.1055263,0.1131406,0.6266037,174.21
24400,0.43,0.56,0.01,0.1183965,0.1263838,0.6308016,143.14
24500,0.48,0.49,0.03,0.1133566,0.1152437,0.6602042,162.58
24600,0.41,0.58,0.01,0.1109273,0.1164476,0.6776019,147.86
24700,0.43,0.54,0.03,0.1151444,0.121901,0.6348038,138.09
24800,0.46,0.5,0.04,0.1149517,0.125206,1.166209,172.55
24900,0.45,0.52,0.03,0.1123911,0.1176448,0.9982054,163.67
25000,0.4,0.55,0.05,0.1090873,0.1123845,1.403811,175.14
25100,0.38,0.55,0.07,0.1036135,0.110099,1.391213,175.71
25200,0.42,0.58,0,0.1360773,0.1431622,0.3837997,127.9
25300,0.43,0.5,0.07,0.1073777,0.1100898,1.441813,185.47
25400,0.41,0.56,0.03,0.1001991,0.1045616,0.9612057,166.24
25500,0.38,0.59,0.03,0.1128149,0.1259479,0.7584037,161.36
25600,0.42,0.54,0.04,0.1148438,0.1189382,1.060609,181.04
25700,0.5,0.46,0.04,0.1018721,0.1178254,1.034208,154.69
25800,0.41,0.54,0.05,0.1037244,0.1079666,1.20901,173.27
25900,0.46,0.5,0.04,0.1312882,0.1322313,0.9520068,144.34
26000,0.44,0.53,0.03,0.1189717,0.1202864,0.8324057,142.31
26100,0.41,0.53,0.06,0.1044379,0.1035526,1.300012,143.43
26200,0.45,0.51,0.04,0.0995435,0.1021742,1.028608,180.09
26300,0.42,0.52,0.06,0.1028643,0.1083356,1.16221,186.58
26400,0.46,0.48,0.06,0.1284855,0.1306897,1.448214,181.17
26500,0.39,0.61,0,0.1058974,0.1130108,0.4535998,129.38
26600,0.44,0.51,0.05,0.1085151,0.1205626,1.282012,178.94
26700,0.43,0.53,0.04,0.1063349,0.1113807,0.9688059,155.13
26800,0.41,0.55,0.04,0.1038007,0.1078926,1.147409,181.73
26900,0.48,0.44,0.08,0.1018119,0.1016608,1.833418,200.03
27000,0.37,0.58,0.05,0.1075012,0.1080169,0.9928082,176.97
27100,0.38,0.55,0.07,0.1020645,0.1059593,1.414413,187.07
27200,0.39,0.59,0.02,0.1001008,0.1056585,0.6640038,169.59
27300,0.45,0.53,0.02,0.1041732,0.1022037,0.751404,134.48
27400,0.41,0.53,0.06,0.1005556,0.1022896,1.324814,184.66
27500,0.37,0.61,0.02,0.1044966,0.1115182,0.5510042,132.11
27600,0.43,0.56,0.01,0.1087235,0.106062,0.5672021,141.18
27700,0.42,0.57,0.01,0.114681,0.1178223,0.6002023,148.38
27800,0.42,0.53,0.05,0.110365,0.1080896,1.174608,179.25
27900,0.45,0.53,0.02,0.1093611,0.1178102,0.6534039,147.94
28000,0.43,0.54,0.03,0.1089969,0.1105918,0.9960061,159
28100,0.5,0.46,0.04,0.1125588,0.1158219,1.040209,153.82
28200,0.47,0.49,0.04,0.1054666,0.1195493,1.006408,155.81
28300,0.42,0.56,0.02,0.1051319,0.1111439,0.6512042,147.69
28400,0.43,0.51,0.06,0.1001103,0.1005427,1.146211,178.69
28500,0.43,0.54,0.03,0.09766532,0.1033502,0.8318043,158.02
28600,0.41,0.56,0.03,0.1179251,0.1188528,0.6324037,173.2
28700,0.35,0.59,0.06,0.1028653,0.1056787,1.153011,176.65
28800,0.46,0.53,0.01,0.1087035,0.1073933,0.5088025,129.19
28900,0.37,0.59,0.04,0.1049991,0.1037195,0.8386062,166.26
29000,0.32,0.66,0.02,0.1021924,0.09995467,0.459404,155.27
29100,0.28,0.7,0.02,0.1062629,0.1029236,0.6306047,145.51
29200,0.41,0.56,0.03,0.09781785,0.1011021,0.8198072,134.26
29300,0.38,0.61,0.01,0.1059357,0.1102232,0.3486023,127.62
29400,0.45,0.52,0.03,0.1010147,0.0959783,0.7748052,149.28
29500,0.47,0.51,0.02,0.1220166,0.1180059,0.6204048,133.14
29600,0.4,0.57,0.03,0.1102225,0.116359,0.7120068,130.65
29700,0.48,0.48,0.04,0.09957326,0.1052466,1.212808,156.72
29800,0.44,0.56,0,0.1079729,0.1197497,0.3571998,127.61
29900,0.36,0.61,0.03,0.09858234,0.1093976,0.7590074,159.07
30000,0.37,0.59,0.04,0.09916029,0.1062323,1.042409,169.97
30100,0.48,0.48,0.04,0.1075316,0.1119742,0.7946042,156.14
30200,0.45,0.53,0.02,0.101336,0.1067716,0.6140049,149.75
30300,0.44,0.52,0.04,0.09937251,0.107333,0.8708073,164.1
30400,0.38,0.58,0.04,0.101143,0.09969,0.9766077,165.62
30500,0.42,0.52,0.06,0.09916285,0.1035571,1.144812,157.17
30600,0.46,0.54,0,0.1154446,0.1294852,0.2511998,111.42
30700,0.45,0.51,0.04,0.1020331,0.1000327,0.9002061,161.65
30800,0.44,0.51,0.05,0.09762781,0.09748671,1.268811,154.88
30900,0.43,0.51,0.06,0.1095179,0.1043156,1.136408,190.26
31000,0.38,0.54,0.08,0.1024817,0.1047556,1.509816,189.79
31100,0.46,0.5,0.04,0.1082542,0.1069559,0.9784085,139.1
31200,0.38,0.58,0.04,0.1008583,0.09497407,0.8120084,133.98
31300,0.44,0.51,0.05,0.1116116,0.1276722,1.148011,170.15
31400,0.44,0.51,0.05,0.1143341,0.129366,1.230412,143.64
31500,0.37,0.58,0.05,0.09838016,0.09838507,1.13941,170.53
31600,0.47,0.47,0.06,0.101047,0.1164995,1.028207,162.9
31700,0.41,0.53,0.06,0.1045377,0.1077653,1.273413,164.79
31800,0.5,0.44,0.06,0.09442861,0.1034215,1.280611,170.4
31900,0.42,0.54,0.04,0.1057218,0.1055822,1.081208,169.16
32000,0.44,0.53,0.03,0.1234293,0.1147431,0.9450075,135.67
32100,0.34,0.63,0.03,0.1008988,0.1002985,0.9310063,140.68
32200,0.46,0.51,0.03,0.1024536,0.1193135,0.6664034,146.32
32300,0.47,0.48,0.05,0.1022341,0.1110228,1.166811,177.67
32400,0.39,0.58,0.03,0.09919774,0.1063581,0.8510059,152.36
32500,0.4,0.54,0.06,0.1020757,0.1173784,1.397214,156.09
32600,0.39,0.54,0.07,0.1033813,0.109983,0.9296081,162.23
32700,0.45,0.49,0.06,0.09884557,0.09834007,1.132809,182.4
32800,0.4,0.56,0.04,0.1013183,0.114003,1.121609,150.59
32900,0.43,0.53,0.04,0.09980587,0.1005465,1.200409,152.23
33000,0.46,0.48,0.06,0.09627469,0.09867737,1.250012,179.51
33100,0.49,0.46,0.05,0.1026656,0.1016266,1.162811,148.74
33200,0.47,0.49,0.04,0.09375975,0.09150705,1.136209,146.39
33300,0.38,0.57,0.05,0.1041558,0.1020565,1.263211,165.81
33400,0.45,0.52,0.03,0.1112366,0.1112716,0.8742071,116.86
33500,0.37,0.58,0.05,0.1398953,0.1526187,0.9312068,165.82
33600,0.49,0.48,0.03,0.09728585,0.09876943,0.3864014,138.38
33700,0.45,0.48,0.07,0.09660075,0.09724628,0.9950088,190.24
33800,0.47,0.49,0.04,0.1081691,0.1045709,1.079009,146.83
33900,0.43,0.53,0.04,0.09376109,0.09582474,1.102409,149.35
34000,0.45,0.51,0.04,0.1044849,0.104835,0.8992065,152.66
34100,0.56,0.39,0.05,0.1002845,0.1061586,1.360612,171.16
34200,0.48,0.5,0.02,0.1019892,0.1029502,0.5818012,157.93
34300,0.43,0.52,0.05,0.1062768,0.1028028,0.9932085,157.46
34400,0.44,0.49,0.07,0.1026515,0.1067843,1.337813,166.82
34500,0.35,0.61,0.04,0.108495,0.1070022,0.7678069,133.23
34600,0.39,0.57,0.04,0.1079261,0.1091599,1.019408,168.43
34700,0.48,0.49,0.03,0.09746212,0.09784082,0.8482061,147.32
34800,0.45,0.49,0.06,0.09272606,0.09143946,1.148811,165.43
34900,0.4,0.57,0.03,0.1018881,0.09788486,0.776005,150.01
35000,0.48,0.47,0.05,0.09913965,0.09976129,1.073808,168.38
35100,0.42,0.53,0.05,0.0895787,0.09208458,1.112409,156.58
35200,0.36,0.61,0.03,0.1010933,0.1025671,0.6962067,134.92
35300,0.52,0.45,0.03,0.09807068,0.09656616,0.9550064,143.02
35400,0.44,0.49,0.07,0.1055735,0.1078752,1.538215,182.75
35500,0.42,0.51,0.07,0.1095501,0.1124072,1.662017,180.32
35600,0.49,0.45,0.06,0.08869825,0.09209547,1.338412,170.92
35700,0.4,0.54,0.06,0.1091382,0.1101627,1.19781,159.92
35800,0.46,0.5,0.04,0.1026773,0.1059061,0.784804,155.55
35900,0.49,0.47,0.04,0.09802607,0.09973581,0.9416063,146.74
36000,0.34,0.6,0.06,0.09936482,0.09830355,1.193211,178.07
36100,0.48,0.47,0.05,0.1439125,0.1517921,1.012608,161.49
36200,0.41,0.55,0.04,0.09888506,0.09995764,0.8504064,146.56
36300,0.39,0.59,0.02,0.1056105,0.1106407,0.5846044,134.84
36400,0.42,0.46,0.12,0.08974601,0.08883676,2.207423,228.6
36500,0.5,0.44,0.06,0.1009976,0.1041716,1.08221,168.91
36600,0.42,0.54,0.04,0.1001689,0.1077626,1.091209,157.82
36700,0.48,0.49,0.03,0.08916844,0.09693501,0.7486063,149.43
36800,0.46,0.47,0.07,0.09435518,0.09652418,1.399015,179.62
36900,0.4,0.53,0.07,0.1007295,0.09932718,1.683816,184.88
37000,0.52,0.46,0.02,0.08730542,0.08781181,0.4860023,130.34
37100,0.4,0.55,0.05,0.09221877,0.09385455,0.9748089,143.07
37200,0.45,0.5,0.05,0.09708465,0.1117306,1.167011,151.37
37300,0.47,0.49,0.04,0.1095557,0.1182524,1.059409,139.8
37400,0.48,0.47,0.05,0.09634545,0.1039544,1.168011,162.85
37500,0.45,0.5,0.05,0.08871824,0.09542257,1.248211,168.1
37600,0.45,0.47,0.08,0.09289195,0.09810957,1.693215,204.94
37700,0.39,0.55,0.06,0.1039761,0.1009125,1.21141,168.78
37800,0.38,0.57,0.05,0.0994138,0.09990428,0.7704068,160.63
37900,0.46,0.51,0.03,0.1064159,0.1024116,0.5408021,140.75
38000,0.45,0.48,0.07,0.09574155,0.09728152,1.376015,183.6
38100,0.34,0.6,0.06,0.09347091,0.09428091,1.10961,191.41
38200,0.45,0.5,0.05,0.09204542,0.09521279,1.033809,152.21
38300,0.37,0.52,0.11,0.1138052,0.1126868,2.099623,201.81
38400,0.48,0.46,0.06,0.09961975,0.1009283,1.397414,163.67
38500,0.42,0.54,0.04,0.1085095,0.1149372,1.003609,154.67
38600,0.38,0.6,0.02,0.09929902,0.08946484,0.6006042,142.64
38700,0.42,0.53,0.05,0.1097493,0.1136198,1.013809,167.68
38800,0.35,0.6,0.05,0.09644566,0.1116161,1.131211,152.41
38900,0.43,0.52,0.05,0.1090015,0.1095261,1.286212,152.91
39000,0.4,0.55,0.05,0.1009193,0.1041438,1.247411,162.27
39100,0.54,0.41,0.05,0.08844141,0.0881411,1.184211,165.36
39200,0.38,0.58,0.04,0.1012012,0.102074,0.967409,146.78
39300,0.42,0.49,0.09,0.09127522,0.0955302,1.845418,197.76
39400,0.4,0.54,0.06,0.1031151,0.1048679,1.297014,164.68
39500,0.46,0.51,0.03,0.106522,0.1215637,0.6948045,151.17
39600,0.36,0.57,0.07,0.09359267,0.0901916,1.366214,177.14
39700,0.44,0.53,0.03,0.1060304,0.1138175,0.7788067,129.86
39800,0.46,0.52,0.02,0.1010724,0.1081085,0.6104044,119.58
39900,0.34,0.58,0.08,0.09569771,0.09527155,1.471014,163.28
40000,0.37,0.57,0.06,0.09616579,0.1043084,1.333811,164.5
40100,0.35,0.56,0.09,0.1013831,0.1087046,1.674417,181.92
40200,0.35,0.58,0.07,0.0920409,0.08919141,1.551616,188.83
40300,0.46,0.47,0.07,0.1052689,0.1027157,0.9460096,159.16
40400,0.39,0.54,0.07,0.1015052,0.1067891,1.482816,179.53
40500,0.42,0.51,0.07,0.08798293,0.08854984,1.437213,182.35
40600,0.39,0.58,0.03,0.09339952,0.09579259,0.9262071,141.54
40700,0.42,0.51,0.07,0.1148159,0.1233802,1.648817,164.01
40800,0.32,0.58,0.1,0.08736764,0.08605263,2.144622,211.69
40900,0.38,0.53,0.09,0.100283,0.1103004,1.878621,193.12
41000,0.4,0.55,0.05,0.09100092,0.09318011,0.952207,148.92
41100,0.4,0.51,0.09,0.08883639,0.09455556,1.87642,187.35
41200,0.45,0.49,0.06,0.09254263,0.09848507,1.147411,161.72
41300,0.43,0.53,0.04,0.1075335,0.1005871,0.8590082,136.04
41400,0.39,0.55,0.06,0.1011847,0.1002578,1.124212,165.61
41500,0.4,0.52,0.08,0.09268396,0.0956772,1.546014,190.96
41600,0.43,0.52,0.05,0.09408745,0.1068893,1.07621,165.87
41700,0.47,0.46,0.07,0.08404417,0.08393198,1.429813,178.37
41800,0.43,0.45,0.12,0.1019671,0.1201384,2.060422,208.79
41900,0.39,0.52,0.09,0.09700585,0.1034412,1.786418,201.04
42000,0.36,0.57,0.07,0.1039362,0.1159546,1.533217,179.71
42100,0.44,0.5,0.06,0.09497363,0.1041301,1.27301,212.4
42200,0.39,0.58,0.03,0.09982844,0.1018308,0.761807,138.19
42300,0.3,0.61,0.09,0.09912712,0.1089309,1.267813,176.52
42400,0.42,0.52,0.06,0.09335329,0.0886948,1.207412,178.87
42500,0.4,0.57,0.03,0.09220719,0.09229402,0.6008042,155.71
42600,0.42,0.5,0.08,0.09025338,0.09222681,1.759418,197.75
42700,0.43,0.49,0.08,0.09359837,0.09324963,1.442415,184.02
42800,0.49,0.47,0.04,0.08955356,0.09360125,0.9658092,141.99
42900,0.41,0.47,0.12,0.09844636,0.1053783,2.312423,219.5
43000,0.38,0.56,0.06,0.09126633,0.09641511,1.300213,172.63
43100,0.32,0.63,0.05,0.1064717,0.10866,1.12521,164.04
43200,0.36,0.55,0.09,0.1057732,0.1006241,1.605815,188.88
43300,0.45,0.47,0.08,0.08821426,0.08634878,1.156411,203.36
43400,0.41,0.54,0.05,0.1224941,0.1164972,0.9190089,148.04
43500,0.43,0.52,0.05,0.09942928,0.1051678,1.27501,163.39
43600,0.41,0.55,0.04,0.09469149,0.09067794,1.03141,155.52
43700,0.4,0.55,0.05,0.09186789,0.09602812,0.9850085,149.98
43800,0.35,0.6,0.05,0.09622808,0.09494435,0.8108085,153.3
43900,0.42,0.49,0.09,0.09584617,0.1041762,1.572818,196.42
44000,0.39,0.49,0.12,0.09226333,0.0918665,1.573416,222.1
44100,0.49,0.44,0.07,0.08762715,0.08888407,1.705216,170.39
44200,0.49,0.45,0.06,0.1182198,0.1218582,1.377412,134.2
44300,0.43,0.53,0.04,0.09636232,0.09446662,0.8038065,141.43
44400,0.5,0.45,0.05,0.08995111,0.09271908,1.179811,148.63
44500,0.42,0.52,0.06,0.09780099,0.09867565,1.137211,174.03
44600,0.33,0.6,0.07,0.08596484,0.09034614,1.528616,175.06
44700,0.31,0.64,0.05,0.08739164,0.08862346,1.094611,154.15
44800,0.38,0.56,0.06,0.09835961,0.1029546,1.328214,178.57
44900,0.45,0.51,0.04,0.09884366,0.107009,1.037009,162.72
45000,0.39,0.54,0.07,0.09453987,0.09237388,1.604215,179.73
45100,0.44,0.49,0.07,0.09805423,0.1074644,1.650617,181.34
45200,0.49,0.43,0.08,0.1245736,0.1227789,1.861015,190.42
45300,0.37,0.55,0.08,0.09729054,0.1064794,1.693018,184.44
45400,0.47,0.47,0.06,0.09409335,0.1108524,1.276011,165.65
45500,0.39,0.59,0.02,0.09987619,0.09829807,0.7426044,148.7
45600,0.39,0.54,0.07,0.1038127,0.1123503,1.089211,168.03
45700,0.4,0.52,0.08,0.09337031,0.09613433,1.616617,185.62
45800,0.46,0.51,0.03,0.08556075,0.08673826,0.6094046,141.43
45900,0.45,0.48,0.07,0.09005035,0.09044518,1.514215,166.46
46000,0.41,0.53,0.06,0.1048235,0.102136,1.209611,152.8
46100,0.37,0.57,0.06,0.09828516,0.09806537,1.019208,145.65
46200,0.47,0.43,0.1,0.11053,0.1208775,2.114822,188.7
46300,0.42,0.47,0.11,0.08736379,0.09593007,2.246024,205.19
46400,0.36,0.58,0.06,0.09801738,0.1120085,1.333011,173.48
46500,0.49,0.45,0.06,0.1077204,0.1213387,1.355214,162.42
46600,0.46,0.46,0.08,0.08205571,0.08625555,1.428413,184.24
46700,0.45,0.44,0.11,0.1022412,0.1102712,2.208823,224.13
46800,0.37,0.57,0.06,0.09829181,0.1059039,1.236012,166.07
46900,0.48,0.47,0.05,0.1007413,0.1052812,1.080408,155.41
47000,0.37,0.57,0.06,0.09235388,0.09524804,1.246211,170.48
47100,0.51,0.43,0.06,0.09515265,0.1024387,1.375814,165.55
47200,0.5,0.47,0.03,0.1012656,0.1030801,0.9896077,151.9
47300,0.45,0.51,0.04,0.08655428,0.08174829,1.073609,157.6
47400,0.33,0.61,0.06,0.09987558,0.1009224,1.229613,165.31
47500,0.43,0.52,0.05,0.08284011,0.09204119,1.172011,171.67
47600,0.44,0.5,0.06,0.1072107,0.1014229,1.19441,142.42
47700,0.43,0.49,0.08,0.08717277,0.09268812,1.810418,197.74
47800,0.46,0.48,0.06,0.1060867,0.1220678,1.419814,159.97
47900,0.5,0.45,0.05,0.09238029,0.1000062,1.14441,151.36
48000,0.39,0.54,0.07,0.09714906,0.09704795,1.550816,183.43
48100,0.46,0.5,0.04,0.09147774,0.09459922,0.8570064,142.4
48200,0.35,0.58,0.07,0.1093282,0.1012394,1.046411,188.41
48300,0.47,0.48,0.05,0.09516282,0.09292633,1.137811,162.84
48400,0.48,0.48,0.04,0.09317806,0.08746488,0.9738091,152.69
48500,0.46,0.46,0.08,0.1081545,0.1035144,1.717216,205.13
48600,0.47,0.48,0.05,0.08821488,0.0951561,0.9838091,169.31
48700,0.4,0.52,0.08,0.08931477,0.09093445,1.587615,181.54
48800,0.36,0.57,0.07,0.1046007,0.1027247,1.273814,170.46
48900,0.4,0.56,0.04,0.1005754,0.09721944,0.5980029,158.65
49000,0.47,0.47,0.06,0.1059041,0.1110103,1.21521,151.29
49100,0.47,0.51,0.02,0.1106578,0.1047914,0.7352049,125.85
49200,0.38,0.52,0.1,0.08252678,0.09534205,1.92582,199.01
49300,0.43,0.51,0.06,0.08948524,0.09494257,1.340014,170.26
49400,0.46,0.49,0.05,0.08210313,0.1031907,0.8570068,157.09
49500,0.43,0.46,0.11,0.09462114,0.09745665,2.267224,214.47
49600,0.49,0.49,0.02,0.0872402,0.08860993,0.6430045,131.28
49700,0.36,0.59,0.05,0.09372712,0.102486,0.9534088,159.05
49800,0.43,0.53,0.04,0.1221564,0.1428601,0.9178091,140.8
49900,0.4,0.56,0.04,0.1080378,0.1170098,0.9954085,137.83
50000,0.42,0.51,0.07,0.08349845,0.0770765,1.332613,188.37
50100,0.44,0.52,0.04,0.08434793,0.08545078,1.111609,140.51
50200,0.44,0.52,0.04,0.09011377,0.08389345,1.067809,155.57
50300,0.45,0.47,0.08,0.09614465,0.09423802,1.835618,190.4
50400,0.37,0.56,0.07,0.103823,0.1226298,1.390014,154.74
50500,0.41,0.51,0.08,0.09210092,0.09324533,1.673017,175.59
50600,0.37,0.55,0.08,0.09277302,0.09254231,0.949609,184.8
50700,0.39,0.53,0.08,0.09569895,0.097216,1.455616,181.08
50800,0.44,0.51,0.05,0.08150198,0.08555391,1.215811,165.84
50900,0.42,0.52,0.06,0.09936178,0.1129142,1.263412,160.03
51000,0.41,0.5,0.09,0.1000428,0.1071501,1.826819,189.26
51100,0.37,0.56,0.07,0.09894435,0.08862936,1.687017,184.1
51200,0.41,0.59,0,0.08259015,0.08490697,0.3575997,112.26
51300,0.38,0.54,0.08,0.08229399,0.08221457,1.313015,172.07
51400,0.43,0.49,0.08,0.09247784,0.08948913,1.585615,175.21
51500,0.44,0.46,0.1,0.09688699,0.0979742,1.836219,174
51600,0.45,0.48,0.07,0.08707785,0.08434155,1.102811,169.54
51700,0.43,0.54,0.03,0.1049866,0.1110091,0.7578065,119.64
51800,0.37,0.52,0.11,0.08650509,0.08867384,2.131622,218.39
51900,0.47,0.49,0.04,0.09890416,0.09848594,1.082609,146.23
52000,0.49,0.47,0.04,0.08699142,0.08886953,0.9838071,162.69
52100,0.37,0.56,0.07,0.1184842,0.1361106,1.471416,169.01
52200,0.48,0.45,0.07,0.08609392,0.08997151,1.508415,192.37
52300,0.38,0.55,0.07,0.08485836,0.08630476,1.595416,182.88
52400,0.47,0.51,0.02,0.09558125,0.1056583,0.6754043,133.72
52500,0.49,0.47,0.04,0.09205651,0.1053533,1.092809,132.29
52600,0.53,0.39,0.08,0.09796128,0.1149845,1.572416,165.18
52700,0.46,0.49,0.05,0.09859367,0.09877781,1.16581,132.66
52800,0.41,0.55,0.04,0.08314429,0.08524407,1.13841,158.92
52900,0.42,0.49,0.09,0.08328333,0.08832263,1.940818,211.78
53000,0.47,0.51,0.02,0.1024676,0.09386317,0.5930045,114.86
53100,0.43,0.53,0.04,0.08738624,0.08790727,0.8866079,144.56
53200,0.39,0.55,0.06,0.09311346,0.09222569,1.246813,150.1
53300,0.45,0.52,0.03,0.09698735,0.1003327,0.6752039,129.75
53400,0.44,0.53,0.03,0.09562153,0.0973649,0.8536066,137.39
53500,0.42,0.54,0.04,0.09514825,0.1185447,0.9960087,133.64
53600,0.41,0.56,0.03,0.09249195,0.08966095,0.8520067,142.86
53700,0.48,0.39,0.13,0.08172488,0.08410372,2.239625,214.05
53800,0.39,0.56,0.05,0.08680396,0.08966991,1.008208,147.04
53900,0.41,0.5,0.09,0.09484021,0.09956215,1.662017,182.36
54000,0.37,0.57,0.06,0.1071879,0.0898084,0.8954089,173.56
54100,0.37,0.56,0.07,0.08386102,0.07944977,1.459215,196.55
54200,0.46,0.49,0.05,0.0945508,0.09248733,1.266411,166.33
54300,0.44,0.48,0.08,0.09396845,0.08906243,1.547016,160.99
54400,0.37,0.57,0.06,0.08762275,0.08427797,1.19641,172.33
54500,0.49,0.44,0.07,0.09061584,0.09973366,1.329212,166.69
54600,0.34,0.61,0.05,0.09143398,0.08496421,0.9974086,142.81
54700,0.46,0.49,0.05,0.08851008,0.08593757,0.9122075,152.38
54800,0.38,0.58,0.04,0.09859469,0.1077579,0.9432083,127.67
54900,0.3,0.64,0.06,0.09763599,0.1045171,1.324613,177.81
55000,0.31,0.62,0.07,0.09374469,0.09243911,1.418013,186.87
55100,0.45,0.49,0.06,0.10048,0.0920382,1.320212,171.47
55200,0.42,0.52,0.06,0.1042112,0.1173057,1.418414,163.66
55300,0.47,0.49,0.04,0.08968712,0.09167165,0.7998059,147.33
55400,0.41,0.54,0.05,0.09535848,0.1054669,1.153811,150.63
55500,0.4,0.57,0.03,0.1080726,0.09077191,0.7488071,127.42
55600,0.46,0.49,0.05,0.07948168,0.08429043,1.346211,150.66
55700,0.4,0.55,0.05,0.09840496,0.09657159,1.090011,147.38
55800,0.56,0.42,0.02,0.08195008,0.08475056,0.8280045,147.1
55900,0.43,0.54,0.03,0.1182557,0.1137488,0.607604,141.56
56000,0.35,0.6,0.05,0.1038596,0.1137819,1.07201,147.97
56100,0.41,0.55,0.04,0.08594884,0.08533196,1.116808,167.27
56200,0.39,0.59,0.02,0.09923451,0.09301004,0.596804,137.45
56300,0.36,0.59,0.05,0.09337919,0.08674301,1.270012,138.84
56400,0.45,0.53,0.02,0.1154649,0.1181015,0.6688046,125.75
56500,0.38,0.58,0.04,0.1022578,0.08670883,0.7936066,161.78
56600,0.42,0.49,0.09,0.09393835,0.09469067,1.848619,212.01
56700,0.39,0.57,0.04,0.1016093,0.1062467,0.8554069,148.02
56800,0.42,0.53,0.05,0.0955583,0.1017488,0.9538077,152.46
56900,0.42,0.51,0.07,0.09676704,0.113307,1.577017,164.46
57000,0.37,0.55,0.08,0.1001386,0.1187948,1.741018,194.14
57100,0.47,0.5,0.03,0.09615722,0.09696332,0.8860068,158.84
57200,0.39,0.54,0.07,0.08713402,0.09957488,1.250611,184.25
57300,0.41,0.5,0.09,0.1041971,0.1001198,1.886219,190.12
57400,0.4,0.51,0.09,0.09655121,0.09658721,1.981019,193.41
57500,0.43,0.51,0.06,0.09534357,0.09790093,1.262212,177.08
57600,0.47,0.48,0.05,0.08375215,0.08985646,1.433012,168.33
57700,0.44,0.51,0.05,0.09980736,0.1010639,1.021208,159.28
57800,0.4,0.55,0.05,0.09906244,0.08568671,1.070611,168.98
57900,0.48,0.49,0.03,0.09397124,0.08650398,0.8898062,143.6
58000,0.33,0.61,0.06,0.09074995,0.08406169,1.095411,170.83
58100,0.44,0.5,0.06,0.08025977,0.0760045,1.510413,176.69
58200,0.41,0.55,0.04,0.08954296,0.08852994,0.946407,161.96
58300,0.51,0.46,0.03,0.09459209,0.08614272,0.9862071,133.2
58400,0.41,0.53,0.06,0.09614631,0.09736711,1.329814,154.06
58500,0.42,0.52,0.06,0.09238267,0.1003061,1.418011,170.83
58600,0.38,0.59,0.03,0.1055168,0.1046453,0.7922067,143.41
58700,0.32,0.64,0.04,0.102857,0.09533563,0.9678094,136.24
58800,0.5,0.49,0.01,0.08282205,0.07812534,0.6700016,134.51
58900,0.46,0.46,0.08,0.08818033,0.08153871,1.766419,185.25
59000,0.46,0.49,0.05,0.08526891,0.07914389,1.279411,151.35
59100,0.45,0.48,0.07,0.09276158,0.09352142,1.03181,171.68
59200,0.37,0.58,0.05,0.09369296,0.1052023,1.230411,168.73
59300,0.44,0.53,0.03,0.09278712,0.09399226,0.8616074,150.37
59400,0.46,0.49,0.05,0.09723852,0.09379009,1.035009,151.3
59500,0.58,0.39,0.03,0.08502118,0.08129306,0.9470059,149.28
59600,0.4,0.55,0.05,0.1000495,0.1150246,1.069611,131.02
59700,0.51,0.45,0.04,0.09640421,0.09058567,0.9544071,141.03
59800,0.46,0.5,0.04,0.08685818,0.08689236,0.9454088,141.97
59900,0.45,0.54,0.01,0.08621044,0.08828995,0.2399998,123.07
60000,0.4,0.55,0.05,0.08764138,0.07985133,1.226812,148.37
60100,0.39,0.58,0.03,0.08744472,0.08203279,0.8310068,137.48
60200,0.42,0.52,0.06,0.09490432,0.08713185,1.224812,155.71
60300,0.35,0.57,0.08,0.08975046,0.07897224,1.597417,191.49
60400,0.37,0.57,0.06,0.09867291,0.0942851,1.412213,165.6
60500,0.48,0.48,0.04,0.1029141,0.1212593,1.15621,168.24
60600,0.42,0.52,0.06,0.08594942,0.08442878,1.245412,173.44
60700,0.37,0.58,0.05,0.101681,0.09735683,0.8526087,154.43
60800,0.45,0.48,0.07,0.08278628,0.08173832,1.399414,175.44
60900,0.42,0.5,0.08,0.09928593,0.1109176,1.592817,180.36
61000,0.42,0.57,0.01,0.09377037,0.08932716,0.4534021,105.78
61100,0.43,0.53,0.04,0.09617765,0.09692477,0.9222071,145.37
61200,0.5,0.47,0.03,0.08900268,0.08453363,0.9838066,148.2
61300,0.47,0.5,0.03,0.08139407,0.07777063,0.7060045,137.45
61400,0.4,0.56,0.04,0.09345198,0.09800281,0.8704059,144.32
61500,0.47,0.48,0.05,0.1033817,0.1202826,1.309212,148.75
61600,0.35,0.58,0.07,0.09947773,0.09519682,1.407414,179.19
61700,0.45,0.53,0.02,0.08798439,0.08848123,0.8832041,126.11
61800,0.53,0.43,0.04,0.09278253,0.08490656,0.9474068,175.38
61900,0.46,0.47,0.07,0.08171796,0.07896608,1.123009,170.85
62000,0.5,0.47,0.03,0.08639544,0.08126232,0.8240071,129.32
62100,0.38,0.58,0.04,0.09782961,0.1061914,0.9206092,129.13
62200,0.42,0.53,0.05,0.1101277,0.1100862,0.8806061,153.47
62300,0.37,0.55,0.08,0.09117113,0.09049003,1.386615,199.13
62400,0.33,0.62,0.05,0.09803783,0.09225129,1.02981,158.76
62500,0.39,0.58,0.03,0.1053125,0.102971,0.8556066,131.28
62600,0.51,0.43,0.06,0.09426249,0.08896572,1.166812,150.64
62700,0.46,0.51,0.03,0.08938417,0.08425227,0.9010077,139.84
62800,0.37,0.59,0.04,0.0847591,0.08765113,0.9452085,147.14
62900,0.44,0.5,0.06,0.08354753,0.07652222,1.104009,159.64
63000,0.45,0.5,0.05,0.1006816,0.09953777,1.190212,140.44
63100,0.4,0.58,0.02,0.08324287,0.09777232,0.6590037,133.28
63200,0.42,0.52,0.06,0.09444917,0.08094998,1.14241,154.62
63300,0.47,0.5,0.03,0.0984372,0.1067112,0.5926042,126.44
63400,0.41,0.55,0.04,0.09584857,0.1030794,0.9040074,134.79
63500,0.34,0.57,0.09,0.08513428,0.07514422,1.629819,201.19
63600,0.42,0.55,0.03,0.09395001,0.09300222,0.489002,148.94
63700,0.52,0.45,0.03,0.07782006,0.07416347,0.8082069,152.95
63800,0.47,0.49,0.04,0.09788699,0.1028728,1.011009,141.47
63900,0.37,0.58,0.05,0.08968102,0.0875773,0.9782086,168.09
64000,0.47,0.47,0.06,0.0913083,0.09178074,1.240811,170.9
64100,0.46,0.48,0.06,0.1000529,0.09214852,1.08201,149.75
64200,0.46,0.48,0.06,0.08990037,0.100222,1.251012,191.32
64300,0.4,0.55,0.05,0.08873436,0.09603084,0.867209,150.96
64400,0.41,0.54,0.05,0.08346204,0.08197577,0.9986089,157.6
64500,0.44,0.55,0.01,0.1005403,0.09768438,0.6428025,123.43
64600,0.48,0.46,0.06,0.09777077,0.104945,1.345414,146.95
64700,0.49,0.5,0.01,0.08512612,0.08447075,0.5102018,137.79
64800,0.43,0.55,0.02,0.08721521,0.08163797,0.7020028,119.66
64900,0.45,0.51,0.04,0.08811141,0.08194695,1.09601,161.94
65000,0.38,0.59,0.03,0.1032543,0.1116326,0.6206047,157.75
65100,0.4,0.55,0.05,0.08770943,0.09018679,0.9334086,155.54
65200,0.39,0.57,0.04,0.09514291,0.1013525,0.9098086,141.63
65300,0.39,0.51,0.1,0.08146396,0.07775989,1.864819,193.43
65400,0.43,0.53,0.04,0.1173561,0.1252109,0.4838018,146.81
65500,0.5,0.45,0.05,0.08772012,0.08741767,0.8984061,153.15
65600,0.38,0.58,0.04,0.09716467,0.0911812,0.476002,136.08
65700,0.41,0.56,0.03,0.1031692,0.09584544,0.8550063,137.3
65800,0.44,0.51,0.05,0.1074721,0.1019015,1.11021,153.68
65900,0.41,0.56,0.03,0.1031235,0.1015299,0.7824064,133.74
66000,0.4,0.53,0.07,0.1030681,0.1128847,1.382813,168.97
66100,0.49,0.5,0.01,0.09964206,0.09772096,0.5678023,110.87
66200,0.5,0.47,0.03,0.08732237,0.09625496,0.7946064,121.54
66300,0.5,0.44,0.06,0.08651764,0.1009742,1.448614,172.72
66400,0.44,0.5,0.06,0.09161121,0.09762128,1.395612,170.82
66500,0.43,0.51,0.06,0.1004514,0.1030988,1.242414,173.67
66600,0.34,0.63,0.03,0.09970941,0.1046288,0.5738037,140
66700,0.45,0.51,0.04,0.09652843,0.08954441,0.8312064,140.31
66800,0.43,0.54,0.03,0.075711,0.07174593,0.9690067,132.69
66900,0.43,0.5,0.07,0.08688027,0.08463386,0.9666079,175.12
67000,0.35,0.58,0.07,0.08653897,0.08328929,1.232413,185.12
67100,0.41,0.51,0.08,0.08506203,0.08497728,1.578417,186.18
67200,0.43,0.52,0.05,0.08948915,0.1035374,1.343212,161.62
67300,0.35,0.57,0.08,0.09011646,0.09271605,1.630816,192.58
67400,0.45,0.54,0.01,0.08156885,0.07908182,0.4322018,131.84
67500,0.48,0.51,0.01,0.07903852,0.0902338,0.5282024,119.91
67600,0.4,0.56,0.04,0.1088884,0.1123877,1.102009,154.62
67700,0.43,0.56,0.01,0.1046184,0.1005835,0.2863998,144.31
67800,0.45,0.51,0.04,0.09145924,0.0925912,0.966208,153.68
67900,0.43,0.51,0.06,0.08082895,0.07986782,1.32061,164.29
68000,0.34,0.62,0.04,0.08979076,0.09382075,1.026609,144.34
68100,0.39,0.55,0.06,0.07943501,0.07871649,1.24361,209.02
68200,0.45,0.49,0.06,0.07693189,0.07470739,1.329211,162.17
68300,0.42,0.54,0.04,0.08914976,0.0900365,1.041808,156.76
68400,0.46,0.51,0.03,0.08867407,0.09157582,0.7294067,161.1
68500,0.4,0.56,0.04,0.09217559,0.08735573,0.8222067,154.81
68600,0.36,0.57,0.07,0.09006283,0.08188064,1.354615,167.86
68700,0.41,0.56,0.03,0.08071846,0.07809111,0.5368022,139.4
68800,0.46,0.49,0.05,0.09583909,0.09699455,1.29961,171.51
68900,0.38,0.53,0.09,0.101257,0.1150726,1.721217,205.34
69000,0.48,0.46,0.06,0.08737254,0.09424643,1.267211,166.07
69100,0.39,0.56,0.05,0.08968724,0.08233999,0.9996069,174.63
69200,0.44,0.53,0.03,0.08026347,0.09257308,0.8684061,155.12
69300,0.43,0.53,0.04,0.08820635,0.08260689,0.8332064,155.74
69400,0.39,0.54,0.07,0.08898753,0.07990762,1.076211,201.51
69500,0.46,0.51,0.03,0.08350317,0.07396709,0.8486059,164.2
69600,0.41,0.56,0.03,0.105075,0.1130512,0.6716051,128.95
69700,0.38,0.54,0.08,0.08811693,0.08176934,1.699619,171.39
69800,0.49,0.5,0.01,0.09374888,0.0875302,0.3690012,106.6
69900,0.44,0.52,0.04,0.09029723,0.08114108,0.8244078,139.88
70000,0.45,0.51,0.04,0.07641592,0.07239962,0.6064037,163.39
70100,0.5,0.44,0.06,0.09587223,0.0961839,1.39641,185.39
70200,0.35,0.62,0.03,0.08732456,0.09701408,0.7916065,144.37
70300,0.53,0.42,0.05,0.08288866,0.08396395,1.150211,159.28
70400,0.41,0.54,0.05,0.09354613,0.09275204,0.9802083,152.13
70500,0.37,0.58,0.05,0.1022986,0.09192369,1.062011,152.75
70600,0.49,0.45,0.06,0.08635237,0.08375055,1.473014,177.18
70700,0.35,0.59,0.06,0.08828785,0.09034083,1.390414,179.32
70800,0.43,0.54,0.03,0.08739904,0.0814978,0.8042068,149.83
70900,0.44,0.5,0.06,0.08952556,0.09035297,1.565014,187.55
71000,0.42,0.5,0.08,0.09792411,0.1016958,1.803818,190.67
71100,0.47,0.46,0.07,0.07454412,0.07617553,1.529812,181.66
71200,0.48,0.44,0.08,0.08179465,0.09689123,1.761617,170.79
71300,0.41,0.53,0.06,0.08647445,0.08462738,1.383213,172.97
71400,0.42,0.53,0.05,0.09202348,0.08345345,1.118611,154.62
71500,0.44,0.5,0.06,0.0839872,0.08291919,1.430614,197.77
71600,0.42,0.55,0.03,0.08400287,0.07962612,0.809407,141.31
71700,0.45,0.5,0.05,0.08303802,0.08394282,0.9456093,169.34
71800,0.44,0.52,0.04,0.08826459,0.08451746,0.6404048,164.71
71900,0.48,0.51,0.01,0.08638079,0.08494502,0.5426021,127.83
72000,0.35,0.55,0.1,0.08227882,0.08015012,1.680818,201.91
72100,0.33,0.65,0.02,0.09280856,0.09570897,0.6524039,133.19
72200,0.47,0.5,0.03,0.08169685,0.09603064,0.7040039,166.58
72300,0.5,0.47,0.03,0.08243069,0.07955246,0.9694077,132.88
72400,0.44,0.53,0.03,0.09301668,0.08850925,0.7574071,130.78
72500,0.4,0.55,0.05,0.1039417,0.106387,0.914009,141.25
72600,0.4,0.53,0.07,0.08185472,0.07941315,1.528015,175.21
72700,0.39,0.57,0.04,0.1043906,0.1098622,0.9992088,151.12
72800,0.4,0.56,0.04,0.09354752,0.1033984,1.012609,154.36
72900,0.35,0.58,0.07,0.08439615,0.07892589,1.582817,171.68
73000,0.48,0.45,0.07,0.0798512,0.07904902,1.658817,205.09
73100,0.36,0.63,0.01,0.1046633,0.09821612,0.4268021,130.26
73200,0.41,0.51,0.08,0.0911797,0.1002052,1.407813,178.83
73300,0.45,0.48,0.07,0.08432391,0.08336008,1.451214,187.39
73400,0.46,0.51,0.03,0.1012119,0.09239832,0.8014052,146.27
73500,0.46,0.5,0.04,0.08219668,0.07894713,0.9860088,147.94
73600,0.49,0.46,0.05,0.0945304,0.1003885,1.060409,181.8
73700,0.35,0.61,0.04,0.09696112,0.0939348,0.8618063,143.12
73800,0.4,0.53,0.07,0.09903478,0.1031307,1.428213,186.6
73900,0.55,0.43,0.02,0.08504084,0.09483647,0.7830039,125.64
74000,0.39,0.58,0.03,0.08651198,0.07922747,0.7516043,140.37
74100,0.37,0.61,0.02,0.08688905,0.08686637,0.5398049,126.24
74200,0.43,0.52,0.05,0.08385262,0.08282901,0.7722072,160.72
74300,0.43,0.52,0.05,0.09389921,0.0915501,0.6022041,141.11
74400,0.48,0.46,0.06,0.09631318,0.1151832,1.324412,171.67
74500,0.33,0.65,0.02,0.08257307,0.08503884,0.5348036,148.59
74600,0.4,0.55,0.05,0.08529916,0.07962031,0.9458082,153.97
74700,0.42,0.54,0.04,0.0841509,0.07711527,0.9320074,165.64
74800,0.45,0.54,0.01,0.1130646,0.1208271,0.4576021,124.19
74900,0.46,0.52,0.02,0.08898167,0.0903669,0.5680034,128.05
75000,0.49,0.48,0.03,0.07394636,0.0725033,1.034407,151.25
75100,0.34,0.62,0.04,0.09478912,0.08486915,1.034208,166.97
75200,0.47,0.5,0.03,0.08675614,0.09157331,0.9256063,143.06
75300,0.4,0.53,0.07,0.07383607,0.07793511,1.646216,188.17
75400,0.3,0.64,0.06,0.09319159,0.09036439,1.034611,170.29
75500,0.45,0.53,0.02,0.1048467,0.1101957,0.4045997,144.14
75600,0.42,0.55,0.03,0.1030372,0.1130639,0.8274066,137.93
75700,0.46,0.48,0.06,0.08293771,0.08450257,1.569014,164.56
75800,0.32,0.66,0.02,0.08472168,0.08093296,0.5332047,147.31
75900,0.47,0.51,0.02,0.08693065,0.0778121,0.6066036,126.09
76000,0.39,0.53,0.08,0.08094302,0.07710083,1.708218,191.31
76100,0.49,0.49,0.02,0.08876844,0.08164825,0.7638053,142.56
76200,0.38,0.58,0.04,0.09799603,0.1184435,0.754007,164.9
76300,0.4,0.54,0.06,0.09414183,0.1013189,1.410013,164.19
76400,0.47,0.5,0.03,0.08371589,0.08384622,0.6206048,135.04
76500,0.52,0.45,0.03,0.100089,0.1057223,0.8564072,151.03
76600,0.4,0.56,0.04,0.08809581,0.08453824,0.8282061,155.03
76700,0.45,0.51,0.04,0.08237188,0.0823086,1.05761,156.04
76800,0.45,0.53,0.02,0.07963848,0.08405337,0.7544044,144.96
76900,0.39,0.55,0.06,0.08524603,0.08461802,0.938008,167.84
77000,0.51,0.45,0.04,0.08095554,0.07795447,0.8868082,149.35
77100,0.42,0.53,0.05,0.07305647,0.07813854,1.189411,148.96
77200,0.43,0.52,0.05,0.09881487,0.08769184,0.8288068,160.21
77300,0.38,0.57,0.05,0.08849287,0.0934033,1.25081,163.75
77400,0.5,0.49,0.01,0.08111589,0.07627165,0.3953997,143.52
77500,0.4,0.56,0.04,0.08668423,0.07629595,1.01881,165.51
77600,0.42,0.53,0.05,0.08970452,0.08491472,0.7152067,158.63
77700,0.43,0.53,0.04,0.0821585,0.0776659,1.014809,143.58
77800,0.44,0.5,0.06,0.07404827,0.07035307,1.132409,184.49
77900,0.37,0.57,0.06,0.08985669,0.09501075,1.203811,184.96
78000,0.5,0.44,0.06,0.09153555,0.1037304,1.211812,166.57
78100,0.41,0.53,0.06,0.09099326,0.09730148,1.342214,176.52
78200,0.4,0.58,0.02,0.1044666,0.1317656,0.6628048,125.94
78300,0.43,0.49,0.08,0.0795306,0.0801542,1.628616,185.54
78400,0.46,0.54,0,0.1127762,0.1178384,0.1689999,94.91
78500,0.53,0.45,0.02,0.100191,0.1020164,0.7662037,147.9
78600,0.33,0.64,0.03,0.1013214,0.1209159,0.6522068,123.23
78700,0.52,0.43,0.05,0.08030067,0.07624766,1.065809,164.47
78800,0.47,0.52,0.01,0.07652584,0.07184979,0.3643997,128.81
78900,0.47,0.51,0.02,0.09039116,0.09337504,0.5084043,122.89
79000,0.51,0.48,0.01,0.07849164,0.07840915,0.7144021,131.92
79100,0.45,0.49,0.06,0.08947185,0.08467426,1.341011,163.9
79200,0.42,0.52,0.06,0.07948013,0.07541281,1.266408,170.44
79300,0.47,0.49,0.04,0.09386855,0.08581498,0.9810087,160.32
79400,0.46,0.52,0.02,0.08908331,0.08288787,0.6292044,146.88
79500,0.49,0.5,0.01,0.0835238,0.08954742,0.5106021,140.16
79600,0.54,0.41,0.05,0.08461316,0.08359784,1.273412,157
79700,0.54,0.43,0.03,0.09485779,0.09507909,0.7150041,145.95
79800,0.45,0.52,0.03,0.07908064,0.07641223,0.6340038,140.97
79900,0.54,0.43,0.03,0.08286469,0.08257888,0.7124044,127.46
80000,0.43,0.54,0.03,0.08283502,0.08679839,0.9566061,142.76
80100,0.47,0.48,0.05,0.08421693,0.08086763,1.144012,152.89
80200,0.44,0.53,0.03,0.07910671,0.0744765,0.7896037,152.63
80300,0.45,0.51,0.04,0.1068894,0.1210108,1.009608,136.84
80400,0.39,0.58,0.03,0.08392282,0.07698354,0.3170026,142.23
80500,0.43,0.56,0.01,0.07417347,0.06775238,0.479802,138.35
80600,0.36,0.63,0.01,0.1005512,0.1004563,0.3800021,135.03
80700,0.52,0.46,0.02,0.08869501,0.08692585,0.6908041,157.73
80800,0.39,0.57,0.04,0.08471636,0.08728154,0.7386061,155.24
80900,0.44,0.5,0.06,0.09087056,0.08005267,1.07401,179.23
81000,0.36,0.61,0.03,0.1059224,0.1084026,0.7392061,162.04
81100,0.36,0.6,0.04,0.08316616,0.08177797,0.9290083,170.94
81200,0.43,0.53,0.04,0.07937683,0.07793707,1.023009,183.23
81300,0.44,0.53,0.03,0.08697761,0.08581896,0.6862054,133.11
81400,0.46,0.5,0.04,0.09832053,0.09847648,1.018607,177.24
81500,0.44,0.55,0.01,0.1213147,0.1302671,0.3216017,119.22
81600,0.42,0.53,0.05,0.09878104,0.09361444,1.129411,140.69
81700,0.44,0.54,0.02,0.1037671,0.100419,0.6752042,117.99
81800,0.49,0.46,0.05,0.1002137,0.104126,1.32741,179.37
81900,0.46,0.53,0.01,0.1016207,0.08938555,0.3894022,136.23
82000,0.33,0.57,0.1,0.08109403,0.08509335,1.787418,226.66
82100,0.43,0.56,0.01,0.08908548,0.1078108,0.3071997,131.62
82200,0.37,0.59,0.04,0.07723831,0.07763605,0.7834061,154.08
82300,0.39,0.58,0.03,0.07602931,0.08541159,0.7226044,162.09
82400,0.43,0.49,0.08,0.09873936,0.105,1.515615,192.25
82500,0.4,0.58,0.02,0.08240196,0.09312978,0.3299997,149.01
82600,0.46,0.5,0.04,0.08082118,0.08097383,0.9612083,158.41
82700,0.36,0.61,0.03,0.09464012,0.1007496,0.7318074,160.34
82800,0.49,0.48,0.03,0.08385681,0.07653329,0.697804,137.28
82900,0.45,0.52,0.03,0.107961,0.1030919,0.5948035,151.24
83000,0.47,0.5,0.03,0.07792166,0.08030755,0.7682046,167.7
83100,0.48,0.45,0.07,0.09147114,0.1004687,0.8736092,177.16
83200,0.42,0.54,0.04,0.09172133,0.09718766,0.9284101,141.23
83300,0.47,0.46,0.07,0.08346511,0.08217467,1.510014,184.21
83400,0.47,0.48,0.05,0.09237977,0.09794277,0.8808063,168.24
83500,0.51,0.45,0.04,0.08601209,0.09238403,0.7828069,147.3
83600,0.42,0.52,0.06,0.09745723,0.1029105,1.19781,173.13
83700,0.52,0.43,0.05,0.08609163,0.1085677,0.9626091,149.32
83800,0.4,0.54,0.06,0.08096042,0.07446724,1.149811,183.81
83900,0.51,0.46,0.03,0.08214556,0.09157242,0.9356068,153.16
84000,0.34,0.59,0.07,0.08978199,0.09766122,1.353814,170.33
84100,0.51,0.46,0.03,0.09467916,0.0933659,1.070608,142.61
84200,0.52,0.42,0.06,0.09562046,0.1003322,0.8288051,176.99
84300,0.45,0.5,0.05,0.08080871,0.08220438,1.229211,181.91
84400,0.42,0.53,0.05,0.08415607,0.07586238,0.9568087,179.69
84500,0.4,0.55,0.05,0.09304898,0.09301631,0.6344038,167.22
84600,0.3,0.69,0.01,0.08398304,0.07391207,0.3136021,125.92
84700,0.45,0.51,0.04,0.08329483,0.08191977,1.154609,163.1
84800,0.4,0.58,0.02,0.07723229,0.0718331,0.6506045,120.09
84900,0.47,0.5,0.03,0.1105078,0.1458583,0.8730062,137.49
85000,0.5,0.46,0.04,0.08258823,0.07650223,1.132609,150.98
85100,0.47,0.51,0.02,0.09391975,0.08611861,0.4370016,144.54
85200,0.46,0.53,0.01,0.07617462,0.07469697,0.5910023,123.35
85300,0.51,0.45,0.04,0.1003898,0.1064263,0.7152057,145.14
85400,0.41,0.55,0.04,0.08186799,0.09319843,1.015607,159.78
85500,0.37,0.59,0.04,0.08238752,0.08196571,0.8566073,143.33
85600,0.41,0.55,0.04,0.1009885,0.09909537,0.9512091,136.97
85700,0.45,0.5,0.05,0.07838409,0.0726744,0.700806,162.92
85800,0.4,0.55,0.05,0.1061177,0.1005875,1.287811,166.92
85900,0.41,0.55,0.04,0.07624959,0.07250222,1.13661,169.36
86000,0.45,0.51,0.04,0.09373209,0.08273467,0.9322079,172.48
86100,0.37,0.56,0.07,0.07895641,0.08918065,0.9674075,177.04
86200,0.45,0.5,0.05,0.08440838,0.08082888,0.9090071,168.72
86300,0.35,0.6,0.05,0.08975345,0.1020171,0.7576066,166.6
86400,0.49,0.49,0.02,0.08293346,0.08727282,0.7432041,136.49
86500,0.45,0.53,0.02,0.1031819,0.09740615,0.422602,131.44
86600,0.44,0.53,0.03,0.07778352,0.07538138,0.9442062,154.93
86700,0.42,0.53,0.05,0.07800341,0.07531948,1.157609,161.02
86800,0.49,0.49,0.02,0.08746953,0.08128702,0.7070045,133.53
86900,0.46,0.51,0.03,0.08153676,0.07761777,0.9158064,158.83
87000,0.35,0.6,0.05,0.1069416,0.1211099,1.130611,158.13
87100,0.43,0.55,0.02,0.08315985,0.08495904,0.352002,114.99
87200,0.47,0.49,0.04,0.09431651,0.1023679,1.005208,135.99
87300,0.4,0.58,0.02,0.08179628,0.07651646,0.6224043,128.13
87400,0.5,0.46,0.04,0.0827958,0.0798213,0.9470092,166.87
87500,0.38,0.56,0.06,0.08876815,0.1095695,1.030609,169.01
87600,0.42,0.54,0.04,0.0992554,0.09165975,0.5750039,154.13
87700,0.31,0.64,0.05,0.10554,0.1016371,0.9084097,151.98
87800,0.5,0.43,0.07,0.09774544,0.1000749,0.9738094,187.68
87900,0.49,0.46,0.05,0.08709639,0.1033086,1.18901,159.35
88000,0.41,0.52,0.07,0.08301275,0.07919303,1.552817,185.86
88100,0.6,0.39,0.01,0.08620048,0.09305913,0.594802,108.19
88200,0.46,0.49,0.05,0.08145332,0.0811452,0.9908085,163.41
88300,0.45,0.52,0.03,0.09464676,0.09689096,0.8896063,144.27
88400,0.41,0.56,0.03,0.08059397,0.08578481,0.7082069,149.52
88500,0.49,0.48,0.03,0.1151818,0.1204488,0.711804,140.26
88600,0.45,0.51,0.04,0.1039791,0.09628491,0.7662071,140.59
88700,0.37,0.58,0.05,0.0839813,0.07774103,0.647005,178.98
88800,0.44,0.47,0.09,0.0755409,0.08927169,1.388215,190.89
88900,0.48,0.48,0.04,0.1096533,0.1388844,0.7772064,148.99
89000,0.39,0.58,0.03,0.09408534,0.08898111,0.7998061,141.81
89100,0.4,0.52,0.08,0.08667034,0.08216295,1.337013,168.78
89200,0.46,0.51,0.03,0.08288364,0.0806664,0.7238045,165.25
89300,0.42,0.53,0.05,0.09320413,0.08484388,0.6846046,158.28
89400,0.42,0.51,0.07,0.07960339,0.0751718,1.367813,182.38
89500,0.47,0.5,0.03,0.0800115,0.08804668,0.6740042,144.32
89600,0.47,0.5,0.03,0.08606843,0.08216035,0.565604,135.67
89700,0.47,0.51,0.02,0.08142322,0.07683998,0.6920041,114.29
89800,0.41,0.52,0.07,0.08818422,0.09039089,1.448815,172.78
89900,0.41,0.52,0.07,0.08900389,0.09871677,1.242012,173.51
90000,0.41,0.54,0.05,0.08463597,0.08608861,1.355211,152.73
90100,0.43,0.53,0.04,0.09590415,0.0993505,0.8646087,135.94
90200,0.41,0.54,0.05,0.09219905,0.08223284,0.8518072,147.75
90300,0.47,0.51,0.02,0.07943495,0.07865401,0.7994046,134.21
90400,0.48,0.46,0.06,0.1009063,0.1234512,1.14181,161.06
90500,0.39,0.59,0.02,0.080447,0.07570139,0.6466045,138.02
90600,0.42,0.55,0.03,0.08530815,0.0790918,0.6794042,141.51
90700,0.39,0.57,0.04,0.07796099,0.07382528,0.9698091,172.4
90800,0.46,0.51,0.03,0.0759849,0.07168888,0.863207,142.08
90900,0.4,0.51,0.09,0.08782598,0.08823018,1.523015,194.49
91000,0.49,0.45,0.06,0.08764495,0.09328528,1.16701,155.28
91100,0.38,0.58,0.04,0.1193644,0.1153636,0.925009,126.78
91200,0.45,0.53,0.02,0.08047362,0.08323431,0.3652022,127.1
91300,0.36,0.59,0.05,0.0886333,0.08146024,0.9714091,155.68
91400,0.45,0.52,0.03,0.07938731,0.07816495,0.526602,140.74
91500,0.37,0.58,0.05,0.08919718,0.09550422,1.13341,162.62
91600,0.37,0.61,0.02,0.07718188,0.06740209,0.3592025,148.97
91700,0.46,0.47,0.07,0.08600762,0.08048436,1.393614,184.24
91800,0.45,0.5,0.05,0.09976748,0.1004574,0.8080066,174.2
91900,0.44,0.53,0.03,0.08015482,0.08262944,0.5298038,138.69
92000,0.47,0.48,0.05,0.1311331,0.1402199,1.081009,146.67
92100,0.44,0.48,0.08,0.08113135,0.08555378,1.091811,172.2
92200,0.53,0.4,0.07,0.08453458,0.08632015,0.9824094,168.55
92300,0.41,0.57,0.02,0.08471861,0.07407821,0.6752039,134.51
92400,0.51,0.43,0.06,0.08503192,0.08410564,1.334614,157.17
92500,0.44,0.52,0.04,0.1084754,0.1074508,0.7928066,138.51
92600,0.45,0.51,0.04,0.08327849,0.08612978,0.9860087,148.48
92700,0.43,0.55,0.02,0.09116448,0.09574393,0.5258023,124.68
92800,0.39,0.54,0.07,0.09237367,0.09832928,1.420815,199.34
92900,0.5,0.48,0.02,0.0832481,0.08274551,0.6070039,131.85
93000,0.38,0.59,0.03,0.09546402,0.1051475,0.8918071,153.37
93100,0.45,0.52,0.03,0.07895584,0.07229537,0.6824043,143.49
93200,0.36,0.59,0.05,0.07752016,0.07436549,1.14541,180.36
93300,0.49,0.48,0.03,0.09030803,0.08645841,0.8392069,156.27
93400,0.46,0.51,0.03,0.09351475,0.09419506,0.6170045,160.46
93500,0.48,0.45,0.07,0.08154453,0.08260467,1.10841,174.64
93600,0.44,0.53,0.03,0.09765291,0.09503926,0.6710044,143.69
93700,0.42,0.55,0.03,0.09639467,0.106932,0.7916063,132.91
93800,0.46,0.53,0.01,0.07272756,0.07028925,0.5408018,135.17
93900,0.5,0.46,0.04,0.1034299,0.09333593,1.062809,137.53
94000,0.46,0.49,0.05,0.08631001,0.07801256,1.109208,153.41
94100,0.38,0.57,0.05,0.09339189,0.09363305,1.173211,177.66
94200,0.44,0.53,0.03,0.07937784,0.07752439,0.723204,137.52
94300,0.33,0.6,0.07,0.09397992,0.0950262,1.566614,172.31
94400,0.4,0.49,0.11,0.08053078,0.08532932,2.059823,215.77
94500,0.44,0.55,0.01,0.08932146,0.09972551,0.3920022,110.44
94600,0.39,0.57,0.04,0.07839759,0.07490622,1.125209,167.22
94700,0.4,0.55,0.05,0.07301404,0.07385596,0.8618066,166.06
94800,0.49,0.48,0.03,0.1165701,0.1377532,0.9492068,125.28
94900,0.45,0.51,0.04,0.08745773,0.0960203,0.8344066,144.23
95000,0.45,0.52,0.03,0.07655456,0.07492859,0.6226042,143.49
95100,0.39,0.57,0.04,0.08899681,0.1072331,0.9568089,175.97
95200,0.45,0.51,0.04,0.07469187,0.07298354,0.8478062,173.09
95300,0.4,0.53,0.07,0.09200453,0.08434755,1.379413,167.01
95400,0.51,0.47,0.02,0.08287766,0.09585499,0.6484033,135.18
95500,0.45,0.52,0.03,0.08052915,0.07543542,0.9390067,138.04
95600,0.52,0.44,0.04,0.08309749,0.08455967,1.123208,164.44
95700,0.51,0.45,0.04,0.07923539,0.08236623,1.187009,154.59
95800,0.49,0.49,0.02,0.08321145,0.07932064,0.7116043,121.77
95900,0.37,0.59,0.04,0.09723206,0.09865388,0.996209,145.71
96000,0.46,0.47,0.07,0.08031259,0.08620843,1.495216,165.47
96100,0.47,0.5,0.03,0.1039871,0.12097,0.7374046,148.07
96200,0.37,0.6,0.03,0.08214454,0.08292338,0.7058054,170.79
96300,0.45,0.49,0.06,0.08001567,0.0908825,1.322014,186.74
96400,0.46,0.49,0.05,0.08766466,0.09882702,1.31941,168.6
96500,0.52,0.45,0.03,0.08436301,0.07697546,0.8570058,139.21
96600,0.5,0.47,0.03,0.09341067,0.09688561,0.1943998,163.5
96700,0.4,0.55,0.05,0.1044041,0.103678,0.930608,151.15
96800,0.42,0.55,0.03,0.08321662,0.07852945,0.8402058,125.11
96900,0.38,0.58,0.04,0.0805048,0.06966043,0.8610064,165.62
97000,0.55,0.42,0.03,0.08042318,0.0738292,0.644604,134.81
97100,0.46,0.48,0.06,0.08614288,0.08187092,0.7166043,157.34
97200,0.56,0.42,0.02,0.09342153,0.09887832,0.724004,135.03
97300,0.41,0.53,0.06,0.08414149,0.07797506,1.306413,165.52
97400,0.43,0.53,0.04,0.07897123,0.07183452,0.8696068,148.34
97500,0.41,0.57,0.02,0.08677275,0.07770408,0.7116048,128.13
97600,0.47,0.48,0.05,0.08398886,0.09053029,0.7366059,143.43
97700,0.52,0.43,0.05,0.08373452,0.08913191,0.8522068,145.8
97800,0.46,0.51,0.03,0.08544438,0.0893946,0.7464062,136.14
97900,0.39,0.54,0.07,0.08676671,0.08355015,1.258413,169.97
98000,0.49,0.48,0.03,0.08398605,0.09860026,0.6418037,141.21
98100,0.51,0.43,0.06,0.09566785,0.09896861,0.8296064,151.72
98200,0.41,0.5,0.09,0.08700215,0.09729222,1.518615,172.42
98300,0.6,0.36,0.04,0.08028641,0.08180936,1.064209,172.17
98400,0.44,0.51,0.05,0.08118834,0.08018643,1.02021,161.45
98500,0.48,0.46,0.06,0.08705551,0.07619105,0.8066065,169.7
98600,0.47,0.48,0.05,0.08789536,0.09848013,1.017608,154.99
98700,0.37,0.57,0.06,0.09388261,0.09502136,1.18081,148.48
98800,0.44,0.51,0.05,0.08299109,0.08253891,1.081808,156.87
98900,0.42,0.52,0.06,0.1027981,0.09042332,0.9690083,160.46
99000,0.41,0.53,0.06,0.08724348,0.08188479,0.6554047,168.74
99100,0.47,0.46,0.07,0.08007173,0.09400684,1.002408,165.89
99200,0.39,0.53,0.08,0.09106407,0.1030847,1.627615,180.9
99300,0.47,0.47,0.06,0.08214907,0.07803933,1.033209,178.07
99400,0.5,0.45,0.05,0.08694424,0.07831683,0.9464062,151.57
99500,0.41,0.56,0.03,0.08927845,0.08620319,0.7430063,137.21
99600,0.34,0.6,0.06,0.07749014,0.06776883,1.150212,191.98
99700,0.4,0.58,0.02,0.08863036,0.08106732,0.4684038,115.11
99800,0.43,0.52,0.05,0.07537804,0.07319162,0.7776046,149.53
99900,0.43,0.49,0.08,0.08977134,0.08900772,1.482416,175.41
100000,0.42,0.53,0.05,0.09502097,0.08487061,0.9922092,147.18
100100,0.44,0.53,0.03,0.08397362,0.07142984,0.6680053,138.95
100200,0.53,0.41,0.06,0.08352154,0.07876969,1.254809,165.76
100300,0.48,0.49,0.03,0.1067604,0.1091963,0.5740022,120.98
100400,0.38,0.56,0.06,0.08752111,0.0841248,1.249811,170.04
100500,0.41,0.54,0.05,0.09289693,0.1042707,0.9866092,140.35
100600,0.52,0.45,0.03,0.09156381,0.08630256,0.9502068,152.06
100700,0.43,0.52,0.05,0.07745812,0.07691938,0.9028062,153.43
100800,0.39,0.57,0.04,0.08158036,0.0944996,0.7486051,153.07
100900,0.42,0.56,0.02,0.08104472,0.07229194,0.5220024,145.78
101000,0.45,0.51,0.04,0.07482478,0.07429309,1.027009,155.31
101100,0.51,0.44,0.05,0.09399747,0.09290757,1.125209,150.62
101200,0.45,0.49,0.06,0.08385075,0.0796028,1.31021,177.33
101300,0.45,0.5,0.05,0.1026598,0.1027625,1.002408,136
101400,0.44,0.53,0.03,0.09310952,0.08071198,0.7660073,135.2
101500,0.5,0.47,0.03,0.07390881,0.07288425,0.6586022,167.26
101600,0.44,0.51,0.05,0.08400358,0.08154947,0.8176062,166.36
101700,0.4,0.54,0.06,0.08723719,0.08621079,1.304813,160.51
101800,0.45,0.49,0.06,0.07723815,0.07028044,1.429012,171.35
101900,0.43,0.48,0.09,0.08556366,0.07508191,1.660418,186
102000,0.45,0.5,0.05,0.08559531,0.08780053,0.8314068,151.93
102100,0.42,0.53,0.05,0.07618241,0.07276849,1.334411,168.5
102200,0.51,0.45,0.04,0.1045329,0.1161183,1.135209,149.12
102300,0.5,0.48,0.02,0.07735378,0.07333174,0.8094046,132.99
102400,0.45,0.5,0.05,0.08459183,0.08774444,1.284412,162.97
102500,0.47,0.51,0.02,0.08056498,0.09184605,0.5896022,137.98
102600,0.39,0.52,0.09,0.08349527,0.08026948,1.525016,188.53
102700,0.47,0.5,0.03,0.08875946,0.08239006,0.5310017,136.67
102800,0.42,0.57,0.01,0.0856452,0.08203605,0.2681997,107.77
102900,0.33,0.52,0.15,0.09300125,0.09776432,2.146423,236.26
103000,0.36,0.54,0.1,0.08590854,0.08337753,1.901022,203.46
103100,0.43,0.54,0.03,0.08466864,0.07346886,0.5554048,135.28
103200,0.4,0.58,0.02,0.09462932,0.09236236,0.5670037,122.96
103300,0.49,0.48,0.03,0.08353844,0.078148,0.8060055,127.52
103400,0.39,0.57,0.04,0.07906325,0.07444372,0.7814063,156.19
103500,0.34,0.6,0.06,0.0906325,0.1052212,1.08781,163.39
103600,0.39,0.59,0.02,0.08764651,0.07560953,0.6724019,143.42
103700,0.46,0.51,0.03,0.09039304,0.09481515,0.9436075,141.7
103800,0.39,0.54,0.07,0.08423311,0.07969379,1.394812,178.39
103900,0.41,0.52,0.07,0.07729255,0.07320131,1.543615,187.32
104000,0.44,0.51,0.05,0.07272273,0.06745356,0.9950083,169.91
104100,0.42,0.51,0.07,0.07138193,0.07000275,0.8794067,165.66
104200,0.43,0.5,0.07,0.06870369,0.06759956,1.077409,191.16
104300,0.47,0.48,0.05,0.08683454,0.09197698,1.167811,141.94
104400,0.49,0.48,0.03,0.07931324,0.07367782,0.9792061,145.47
104500,0.49,0.46,0.05,0.0807889,0.08123752,0.8878065,160.3
104600,0.48,0.46,0.06,0.08474115,0.09768428,1.402211,153.32
104700,0.43,0.52,0.05,0.09193113,0.09809665,1.207811,163.85
104800,0.44,0.5,0.06,0.08737054,0.100425,1.28361,165.22
104900,0.38,0.59,0.03,0.08317798,0.07927231,0.6914046,146.3
105000,0.41,0.52,0.07,0.09510414,0.09500588,1.097411,162.35
105100,0.44,0.5,0.06,0.08265638,0.08214115,1.117208,157.75
105200,0.39,0.55,0.06,0.08257226,0.07877602,1.369413,166.34
105300,0.46,0.5,0.04,0.08143447,0.07514504,1.020209,168.4
105400,0.4,0.52,0.08,0.08344766,0.08136997,1.329413,185.05
105500,0.45,0.51,0.04,0.08322102,0.07627814,0.7786053,138.14
105600,0.45,0.54,0.01,0.07981179,0.08759516,0.438802,141.6
105700,0.45,0.53,0.02,0.08365389,0.07715619,0.5990043,137.71
105800,0.37,0.57,0.06,0.1095747,0.1184289,1.273811,165.26
105900,0.45,0.55,0,0.1031314,0.1092311,0.2711998,120.71
106000,0.45,0.49,0.06,0.10248,0.09428759,1.051809,166.23
106100,0.52,0.45,0.03,0.08238433,0.08086381,0.6436038,139.39
106200,0.45,0.44,0.11,0.08114117,0.07593539,1.678218,205.01
106300,0.38,0.55,0.07,0.08723719,0.08462329,1.398813,169.84
106400,0.46,0.51,0.03,0.09305266,0.08956707,0.5846022,138.8
106500,0.42,0.52,0.06,0.08258942,0.08908203,0.5186042,149.59
106600,0.42,0.52,0.06,0.08668865,0.07822254,1.16581,177.69
106700,0.44,0.52,0.04,0.08739565,0.08876767,0.9532068,151.73
106800,0.39,0.6,0.01,0.09249964,0.1026322,0.2833998,130.99
106900,0.46,0.48,0.06,0.1019314,0.11253,1.418011,167.59
107000,0.43,0.51,0.06,0.07760125,0.07388297,1.003609,167.1
107100,0.42,0.5,0.08,0.07908662,0.07914706,0.972808,181.07
107200,0.44,0.52,0.04,0.0917646,0.1075837,0.9762089,133.9
107300,0.47,0.49,0.04,0.09807447,0.09209012,1.11161,133.63
107400,0.48,0.45,0.07,0.08056575,0.08352974,1.744016,169.4
107500,0.46,0.46,0.08,0.0915629,0.08543728,1.482813,169.57
107600,0.46,0.51,0.03,0.08780944,0.08762362,0.5348038,142.49
107700,0.45,0.49,0.06,0.07861538,0.07407645,1.25321,152.74
107800,0.39,0.55,0.06,0.09282964,0.07942075,0.5668045,168.34
107900,0.45,0.5,0.05,0.0830792,0.0844455,1.082811,138.41
108000,0.39,0.54,0.07,0.08552324,0.08174191,1.018808,166.57
108100,0.44,0.52,0.04,0.08689096,0.08099521,1.15381,138.18
108200,0.42,0.53,0.05,0.07253029,0.06801993,1.297011,151
108300,0.48,0.44,0.08,0.07827423,0.07807142,1.169209,177.51
108400,0.43,0.54,0.03,0.08360241,0.0958633,0.4568023,139.57
108500,0.38,0.56,0.06,0.1008307,0.1129519,1.423013,168.92
108600,0.4,0.53,0.07,0.08306057,0.08140245,1.159011,171.72
108700,0.48,0.45,0.07,0.07384725,0.09084396,1.27561,170.37
108800,0.45,0.5,0.05,0.0897413,0.08855919,1.203011,150.96
108900,0.5,0.42,0.08,0.08999859,0.08574957,1.670616,182.62
109000,0.45,0.52,0.03,0.07633147,0.06967071,0.6506042,127.74
109100,0.38,0.58,0.04,0.07807193,0.06589835,0.8972086,162.81
109200,0.48,0.47,0.05,0.07608385,0.07152691,0.8652042,161.95
109300,0.45,0.52,0.03,0.07771738,0.07136006,0.9974062,145.02
109400,0.37,0.55,0.08,0.07866774,0.08469032,1.588416,181.58
109500,0.42,0.48,0.1,0.1109307,0.1169534,1.790219,188.7
109600,0.47,0.48,0.05,0.1010381,0.1076516,0.9896093,161.45
109700,0.47,0.48,0.05,0.07975858,0.07197904,0.9632065,156.27
109800,0.44,0.49,0.07,0.08299736,0.0797016,1.170012,164.52
109900,0.47,0.5,0.03,0.07602331,0.07282427,0.5772019,143.44
110000,0.45,0.48,0.07,0.08022929,0.08699839,0.9732087,162.23
110100,0.48,0.43,0.09,0.08922029,0.09704859,1.035209,181.76
110200,0.38,0.59,0.03,0.09378505,0.0913295,0.5416048,112.12
110300,0.42,0.52,0.06,0.08057438,0.07663086,1.307411,184.79
110400,0.45,0.5,0.05,0.08491811,0.09808708,0.973609,144.7
110500,0.48,0.47,0.05,0.08184552,0.0798144,1.19761,143.42
110600,0.45,0.52,0.03,0.08490822,0.08488972,0.9674065,158.67
110700,0.39,0.54,0.07,0.09083056,0.09477095,1.018208,181.51
110800,0.34,0.62,0.04,0.08638165,0.08308575,0.9274085,144.4
110900,0.5,0.47,0.03,0.09660119,0.09869473,0.626804,121.96
111000,0.4,0.51,0.09,0.09157953,0.1004783,1.163411,178.7
111100,0.39,0.57,0.04,0.09442442,0.09299817,0.6702042,145.71
111200,0.48,0.48,0.04,0.1069014,0.1176298,0.7902067,138.19
111300,0.44,0.5,0.06,0.08108642,0.09120621,1.129409,170.49
111400,0.45,0.51,0.04,0.08017036,0.07341771,0.5754034,142.46
111500,0.47,0.5,0.03,0.09244917,0.1186933,0.8278074,115.68
111600,0.45,0.47,0.08,0.08660729,0.09731871,1.281811,181.27
111700,0.49,0.46,0.05,0.08387414,0.08063916,1.129009,166.37
111800,0.37,0.56,0.07,0.0773987,0.07712295,1.069811,164.78
111900,0.44,0.43,0.13,0.08363762,0.09846602,2.119623,223.75
112000,0.44,0.53,0.03,0.08323114,0.09434121,0.6898046,129.66
112100,0.38,0.57,0.05,0.08211823,0.07227934,0.7864069,154.77
112200,0.4,0.53,0.07,0.09259043,0.09038122,1.07601,177.81
112300,0.5,0.48,0.02,0.09113789,0.08646458,0.4324023,140.89
112400,0.42,0.5,0.08,0.08672601,0.07678006,1.451814,189.45
112500,0.33,0.63,0.04,0.08142045,0.09109885,0.6226048,155.47
112600,0.46,0.45,0.09,0.07384031,0.07822397,1.792418,191.21
112700,0.44,0.53,0.03,0.08566263,0.08113503,0.6774043,137.72
112800,0.43,0.51,0.06,0.07868306,0.07209593,1.021809,163.18
112900,0.48,0.46,0.06,0.07554056,0.07864822,1.304011,155.91
113000,0.38,0.56,0.06,0.08820111,0.08965716,1.389614,164.63
113100,0.38,0.55,0.07,0.08517413,0.08502874,1.362613,155.92
113200,0.49,0.46,0.05,0.08194454,0.07819948,1.000208,172.95
113300,0.4,0.58,0.02,0.09096407,0.08869985,0.6362045,135.11
113400,0.33,0.61,0.06,0.09318034,0.1079907,1.103611,149.55
113500,0.48,0.49,0.03,0.08418477,0.08158748,0.771007,134.67
113600,0.33,0.55,0.12,0.09132921,0.09784161,1.348013,238.71
113700,0.55,0.41,0.04,0.09929269,0.09104408,0.7512041,143.72
113800,0.43,0.54,0.03,0.08330705,0.08216329,0.7070059,138.34
113900,0.38,0.56,0.06,0.08484234,0.08301932,1.130011,153.15
114000,0.51,0.43,0.06,0.0741543,0.06882924,0.9536064,165.74
114100,0.41,0.57,0.02,0.08742189,0.08486351,0.4580022,117.55
114200,0.5,0.46,0.04,0.08080567,0.0743164,0.887006,148.97
114300,0.39,0.55,0.06,0.08639179,0.07877408,0.7528069,160.88
114400,0.42,0.54,0.04,0.07359446,0.0704091,0.9396068,150.46
114500,0.43,0.48,0.09,0.07627054,0.07455952,1.761617,193.76
114600,0.43,0.52,0.05,0.08474829,0.0796976,1.016809,138.82
114700,0.39,0.52,0.09,0.08002459,0.07587655,1.166811,200.21
114800,0.42,0.52,0.06,0.08486883,0.08076503,1.099611,174.74
114900,0.5,0.47,0.03,0.07634453,0.08478682,0.7474065,133.38
115000,0.4,0.55,0.05,0.08172464,0.07243899,1.143612,163.5
115100,0.31,0.58,0.11,0.09031101,0.08736548,1.80162,222.2
115200,0.52,0.45,0.03,0.07603768,0.07654469,0.8312073,126.64
115300,0.45,0.48,0.07,0.07548928,0.07420326,1.037209,192.63
115400,0.48,0.45,0.07,0.0881927,0.0882484,1.12461,172.37
115500,0.36,0.6,0.04,0.08407739,0.07940723,0.950207,151.27
115600,0.46,0.5,0.04,0.1024549,0.1070726,1.095409,140.1
115700,0.4,0.52,0.08,0.08674604,0.08279888,1.302013,177.99
115800,0.37,0.59,0.04,0.08487061,0.08411254,0.438002,140.45
115900,0.39,0.51,0.1,0.08525613,0.07363687,1.727018,205.57
116000,0.39,0.5,0.11,0.07520872,0.07111611,1.90322,216.89
116100,0.46,0.49,0.05,0.07808628,0.08093672,0.7296042,170.33
116200,0.46,0.48,0.06,0.08433648,0.08960003,1.205012,148.79
116300,0.35,0.58,0.07,0.08107479,0.06702133,1.416015,183.23
116400,0.48,0.47,0.05,0.08388513,0.09758101,0.5440022,163.45
116500,0.45,0.5,0.05,0.1030903,0.09574743,0.7774063,136.24
116600,0.38,0.59,0.03,0.07642052,0.07293195,0.3950012,147.92
116700,0.4,0.53,0.07,0.09550933,0.09960623,1.114611,185.19
116800,0.44,0.5,0.06,0.08893991,0.08150277,1.447014,174.81
116900,0.41,0.56,0.03,0.08697329,0.08878122,0.6278042,148.23
117000,0.43,0.55,0.02,0.1109472,0.1300927,0.551604,120.23
117100,0.33,0.59,0.08,0.09421051,0.1153517,1.450213,169.74
117200,0.44,0.5,0.06,0.09106643,0.09527775,1.131211,165.63
117300,0.39,0.48,0.13,0.07667678,0.07897723,2.681029,239.13
117400,0.47,0.48,0.05,0.08612438,0.09154093,1.177811,136.27
117500,0.37,0.55,0.08,0.09709524,0.09839076,1.343614,180.43
117600,0.47,0.47,0.06,0.1086735,0.1252999,1.189212,143.65
117700,0.5,0.46,0.04,0.07691846,0.07708104,0.9500063,152.94
117800,0.45,0.51,0.04,0.08248966,0.07773196,0.7378061,136.34
117900,0.37,0.59,0.04,0.08472946,0.08521601,0.8250068,158.37
118000,0.42,0.5,0.08,0.08373281,0.08388161,1.701017,187.28
118100,0.45,0.52,0.03,0.07593068,0.0742119,0.7736064,121.76
118200,0.44,0.52,0.04,0.08471755,0.08490073,1.085009,151.72
118300,0.45,0.49,0.06,0.0804405,0.07585685,0.9620072,174.69
118400,0.38,0.58,0.04,0.08595115,0.08484005,0.9698088,138.63
118500,0.42,0.54,0.04,0.09462973,0.08763297,0.9084081,149.62
118600,0.45,0.53,0.02,0.08826316,0.1030111,0.8298046,119.08
118700,0.46,0.49,0.05,0.084245,0.08801747,0.8118076,146.16
118800,0.49,0.46,0.05,0.07219283,0.07367092,1.328012,161.87
118900,0.51,0.44,0.05,0.0918913,0.09558371,0.8284064,154.8
119000,0.4,0.57,0.03,0.09872981,0.1145624,0.7672068,130.35
119100,0.42,0.56,0.02,0.08726376,0.09433449,0.4392022,126.11
119200,0.37,0.62,0.01,0.08003389,0.0749847,0.3908024,117.98
119300,0.47,0.52,0.01,0.08815799,0.08023518,0.5394018,111.68
119400,0.5,0.46,0.04,0.09389178,0.08519915,0.8962067,128.11
119500,0.45,0.48,0.07,0.08285205,0.08288965,1.273011,175.64
119600,0.39,0.55,0.06,0.09995261,0.08668914,0.8992065,171.58
119700,0.35,0.57,0.08,0.09078298,0.08493596,1.398214,169.14
119800,0.41,0.57,0.02,0.1023189,0.1072363,0.4488021,118.85
119900,0.48,0.42,0.1,0.11452,0.1339142,1.779418,185.92
120000,0.47,0.47,0.06,0.08384886,0.09205931,1.222411,169.26
120100,0.41,0.54,0.05,0.08184059,0.08105674,1.076611,153.99
120200,0.4,0.53,0.07,0.07539859,0.08143003,1.262812,190.37
120300,0.4,0.55,0.05,0.07980999,0.06981483,0.7794064,146.75
120400,0.41,0.53,0.06,0.07070332,0.0730769,1.27601,172.24
120500,0.37,0.59,0.04,0.09111193,0.09269287,0.6368046,145.56
120600,0.37,0.59,0.04,0.09134191,0.08439206,0.9770092,143.44
120700,0.44,0.52,0.04,0.08225274,0.08069967,1.071009,138.99
120800,0.4,0.54,0.06,0.08778102,0.07262543,1.164011,162.33
120900,0.48,0.5,0.02,0.07261836,0.06612353,0.5846041,136.02
121000,0.48,0.48,0.04,0.08977536,0.0849022,0.9682088,135.53
121100,0.48,0.43,0.09,0.08700442,0.10131,1.76162,195.72
121200,0.41,0.51,0.08,0.08254011,0.07812232,1.168211,185.76
121300,0.46,0.5,0.04,0.08779089,0.1081559,0.8382073,153.74
121400,0.41,0.52,0.07,0.07872705,0.07769503,1.368415,197.12
121500,0.41,0.54,0.05,0.0903808,0.09227766,0.6980037,164.94
121600,0.39,0.54,0.07,0.07924961,0.08007108,1.555216,165.67
121700,0.44,0.54,0.02,0.1060025,0.1127863,0.8364043,142.24
121800,0.37,0.58,0.05,0.08393513,0.0756762,0.9720088,144.02
121900,0.39,0.57,0.04,0.08236443,0.08778525,0.9156093,152.96
122000,0.51,0.47,0.02,0.08309678,0.07976876,0.7702034,112.49
122100,0.51,0.44,0.05,0.07627187,0.06914723,1.098209,152.56
122200,0.47,0.51,0.02,0.08725762,0.07967807,0.5402022,127
122300,0.42,0.51,0.07,0.0842974,0.07670436,1.336814,171.76
122400,0.37,0.55,0.08,0.1031587,0.1172493,1.570616,169.12
122500,0.42,0.51,0.07,0.09195297,0.08759577,1.027208,170.96
122600,0.44,0.47,0.09,0.0897493,0.09523787,1.257211,180.81
122700,0.41,0.54,0.05,0.07995281,0.08028367,0.8070068,155.57
122800,0.47,0.46,0.07,0.0802305,0.07648487,1.418014,161.36
122900,0.4,0.54,0.06,0.08902588,0.09403484,1.388814,160.77
123000,0.42,0.58,0,0.1194673,0.109366,0.2553998,91.24
123100,0.38,0.58,0.04,0.08390565,0.07939644,0.9670091,141.07
123200,0.51,0.46,0.03,0.0907728,0.09391713,0.7828045,131.52
123300,0.36,0.59,0.05,0.07041373,0.06304668,1.198211,156.31
123400,0.44,0.51,0.05,0.09532528,0.1056314,1.237411,129.71
123500,0.46,0.46,0.08,0.07433908,0.06991028,0.909808,191.12
123600,0.39,0.55,0.06,0.09358391,0.09772161,0.6244038,170.88
123700,0.42,0.49,0.09,0.07567548,0.0736803,1.705418,191.69
123800,0.52,0.44,0.04,0.1024956,0.131074,0.8658071,135.22
123900,0.4,0.52,0.08,0.08282274,0.08940246,1.18381,184.68
124000,0.5,0.48,0.02,0.08578116,0.08135032,0.8288048,112.22
124100,0.34,0.58,0.08,0.07775538,0.07266993,1.106011,181.31
124200,0.47,0.45,0.08,0.07560892,0.0764622,1.595015,181.95
124300,0.45,0.53,0.02,0.120474,0.1219459,0.7946041,121.74
124400,0.55,0.37,0.08,0.07530025,0.08374128,0.9502047,172.44
124500,0.44,0.52,0.04,0.08193292,0.07910956,0.9842075,136.17
124600,0.52,0.43,0.05,0.07792104,0.07536775,1.041409,149.96
124700,0.47,0.51,0.02,0.08994249,0.09432254,0.9648054,129.72
124800,0.42,0.55,0.03,0.07555778,0.07286841,0.8334067,129.36
124900,0.33,0.63,0.04,0.08282051,0.08805175,0.9070091,137.61
125000,0.33,0.56,0.11,0.08015694,0.07367583,1.842619,194.88
125100,0.46,0.49,0.05,0.08447129,0.07729027,1.124812,154.91
125200,0.4,0.53,0.07,0.07537984,0.07611363,0.7854074,179.46
125300,0.5,0.45,0.05,0.08386265,0.07425832,0.825204,155.92
125400,0.48,0.47,0.05,0.08160303,0.07695096,0.9348066,142.95
125500,0.47,0.49,0.04,0.1081967,0.1256071,0.8544067,130.95
125600,0.37,0.55,0.08,0.08285277,0.09647369,1.374014,183.66
125700,0.4,0.54,0.06,0.08736596,0.08014435,0.9296065,171.85
125800,0.37,0.57,0.06,0.07696061,0.07032304,1.21821,171.37
125900,0.36,0.58,0.06,0.0765272,0.0743815,1.123411,162.44
126000,0.3,0.65,0.05,0.08434355,0.07680432,0.7470071,134.91
126100,0.43,0.54,0.03,0.08455174,0.08627725,0.9364064,137.32
126200,0.32,0.64,0.04,0.0907272,0.08189539,0.6456059,140.7
126300,0.46,0.51,0.03,0.0679859,0.06738456,0.7704052,148.59
126400,0.45,0.45,0.1,0.0764795,0.07361946,1.545416,208.2
126500,0.42,0.48,0.1,0.07467908,0.08736124,1.755018,197.54
126600,0.46,0.52,0.02,0.07695512,0.07881576,0.7058019,134.25
126700,0.42,0.55,0.03,0.08586937,0.09374209,0.6276043,128.62
126800,0.35,0.56,0.09,0.08064985,0.07659521,1.444015,187.02
126900,0.51,0.44,0.05,0.07601279,0.07969377,1.315212,144.21
127000,0.51,0.43,0.06,0.09280922,0.09358957,1.448213,148.47
127100,0.47,0.44,0.09,0.07834194,0.0797185,1.743016,184.39
127200,0.39,0.54,0.07,0.0777796,0.07240527,1.171011,184.73
127300,0.48,0.48,0.04,0.09261873,0.09247681,0.9830071,132.45
127400,0.48,0.49,0.03,0.07925445,0.07701589,0.5736018,146.93
127500,0.36,0.56,0.08,0.1077396,0.1112437,1.231611,169.57
127600,0.42,0.51,0.07,0.08455596,0.09031472,1.302611,178.21
127700,0.44,0.55,0.01,0.0835508,0.07617369,0.3727997,117.72
127800,0.45,0.48,0.07,0.08361418,0.07684907,1.311812,165.38
127900,0.48,0.46,0.06,0.08102781,0.09117208,1.009809,166.7
128000,0.47,0.51,0.02,0.07572159,0.07033544,0.6894039,144.99
128100,0.46,0.51,0.03,0.08957914,0.07791534,0.4628025,141.73
128200,0.4,0.56,0.04,0.0896291,0.08873004,0.9260101,130.48
128300,0.52,0.47,0.01,0.08557463,0.08235417,0.783802,128.54
128400,0.49,0.48,0.03,0.07581354,0.0660052,0.6868042,136.99
128500,0.48,0.43,0.09,0.09526581,0.09581637,1.618215,192.96
128600,0.47,0.5,0.03,0.07939944,0.07337251,0.7096042,127.25
128700,0.52,0.44,0.04,0.07016194,0.0647504,1.423809,160.46
128800,0.38,0.55,0.07,0.07723451,0.07259116,0.9800083,164.4
128900,0.51,0.44,0.05,0.09534729,0.09535765,1.152611,155.64
129000,0.5,0.42,0.08,0.09027283,0.08012091,1.505815,164.1
129100,0.36,0.6,0.04,0.07387667,0.06831782,0.8382061,149.07
129200,0.35,0.63,0.02,0.08588379,0.07375972,0.3528017,109.37
129300,0.49,0.5,0.01,0.08081785,0.09058839,0.4032023,111.77
129400,0.41,0.53,0.06,0.07230283,0.07060235,1.260013,158.98
129500,0.41,0.55,0.04,0.07784246,0.07099977,1.016609,140.09
129600,0.43,0.54,0.03,0.08725909,0.08713017,0.7270064,129.23
129700,0.41,0.57,0.02,0.08276643,0.07443953,0.6136046,116.37
129800,0.36,0.58,0.06,0.08240883,0.08513116,1.087209,173.25
129900,0.45,0.52,0.03,0.08208095,0.07897878,0.7280037,148.64
130000,0.48,0.44,0.08,0.07174831,0.07312822,1.678414,186.15
130100,0.45,0.5,0.05,0.07332739,0.07325228,1.10221,146.59
130200,0.41,0.48,0.11,0.07703622,0.07904949,2.202024,210.36
130300,0.4,0.54,0.06,0.07910807,0.08173697,1.292212,175.12
130400,0.45,0.51,0.04,0.08507864,0.07746312,0.9376075,132.65
130500,0.48,0.45,0.07,0.08466796,0.09176006,1.424614,179.14
130600,0.41,0.52,0.07,0.086993,0.08810131,1.398613,187.26
130700,0.41,0.55,0.04,0.08716007,0.07983288,0.991409,133.63
130800,0.46,0.49,0.05,0.08962908,0.105813,1.231011,154.55
130900,0.46,0.5,0.04,0.09065442,0.09271785,0.9682092,153.46
131000,0.37,0.56,0.07,0.09602827,0.09880263,0.9838099,165.24
131100,0.36,0.55,0.09,0.0809615,0.07877664,1.593816,213.04
131200,0.43,0.53,0.04,0.0815675,0.07994556,0.4014021,134.84
131300,0.45,0.51,0.04,0.07999794,0.08816448,0.6700045,138.15
131400,0.42,0.57,0.01,0.07016136,0.0661179,0.3277997,116.88
131500,0.5,0.45,0.05,0.1041328,0.1035267,0.8626065,142.56
131600,0.4,0.54,0.06,0.0802112,0.072447,0.7524068,163.11
131700,0.46,0.53,0.01,0.08302321,0.0864934,0.4704023,108.09
131800,0.4,0.58,0.02,0.09771456,0.1101394,0.676205,124.63
131900,0.43,0.52,0.05,0.1080887,0.1088646,1.072009,146.73
132000,0.46,0.51,0.03,0.1096855,0.1240131,0.7700068,134.42
132100,0.39,0.54,0.07,0.1113311,0.1284113,1.487815,166.71
132200,0.46,0.47,0.07,0.08124327,0.0746006,1.038609,157.64
132300,0.42,0.49,0.09,0.1007259,0.08989234,1.600016,189.33
132400,0.41,0.53,0.06,0.1050447,0.103175,1.215011,149.67
132500,0.44,0.49,0.07,0.07413271,0.06942309,1.522614,176.29
132600,0.52,0.45,0.03,0.0838407,0.07677061,0.8298065,140.46
132700,0.36,0.59,0.05,0.08411342,0.08245861,1.128009,150.24
132800,0.44,0.51,0.05,0.08586867,0.08085526,0.6346038,130.61
132900,0.38,0.55,0.07,0.08652411,0.07896817,1.458814,153.44
133000,0.53,0.43,0.04,0.08866633,0.08595839,0.7118043,140.68
133100,0.46,0.5,0.04,0.0706535,0.06676066,1.10041,136.7
133200,0.47,0.49,0.04,0.09483099,0.1009171,1.16081,139.31
133300,0.39,0.55,0.06,0.07677521,0.07316781,1.275413,167.21
133400,0.39,0.57,0.04,0.08917876,0.09427018,0.8802066,145.09
133500,0.43,0.54,0.03,0.08011989,0.06999359,0.8334069,141.33
133600,0.48,0.46,0.06,0.104288,0.1127553,1.383415,152.57
133700,0.47,0.48,0.05,0.102567,0.1113417,1.157211,135.44
133800,0.43,0.5,0.07,0.08086361,0.1064917,1.291412,162.48
133900,0.47,0.45,0.08,0.07039721,0.0706666,0.9212068,191.07
134000,0.42,0.54,0.04,0.08940468,0.08394161,1.023409,137.09
134100,0.37,0.61,0.02,0.1000534,0.106742,0.6268042,129.85
134200,0.42,0.52,0.06,0.08383612,0.08945241,1.16041,168.67
134300,0.36,0.58,0.06,0.08038614,0.06918238,1.291014,153.41
134400,0.4,0.52,0.08,0.08982539,0.08590512,0.7290064,183.96
134500,0.43,0.53,0.04,0.08315877,0.07322368,0.8818071,134.98
134600,0.51,0.46,0.03,0.08596274,0.1069849,0.9420072,141.83
134700,0.43,0.52,0.05,0.08715487,0.07168576,0.6282047,145.98
134800,0.42,0.5,0.08,0.08784766,0.08419438,1.335013,172.21
134900,0.4,0.5,0.1,0.06734808,0.07069745,1.841218,197.73
135000,0.47,0.48,0.05,0.08116586,0.07654686,1.289812,157.57
135100,0.4,0.54,0.06,0.08319731,0.07773184,1.229011,169.88
135200,0.44,0.48,0.08,0.07273856,0.08642199,1.641416,174.2
135300,0.46,0.43,0.11,0.09180325,0.1058243,2.04822,225
135400,0.42,0.48,0.1,0.07487383,0.07415161,1.901418,197.19
135500,0.42,0.54,0.04,0.08312927,0.0945309,1.019009,136.35
135600,0.43,0.48,0.09,0.08419456,0.1167587,1.472616,186.73
135700,0.43,0.54,0.03,0.08027455,0.08018958,0.4070018,161.16
135800,0.45,0.52,0.03,0.07676446,0.0739319,0.7538049,135.8
135900,0.44,0.43,0.13,0.08585282,0.08669142,2.163223,233.69
136000,0.4,0.57,0.03,0.09298281,0.08943966,0.8928073,127.81
136100,0.45,0.49,0.06,0.08981717,0.09113934,1.193211,162.8
136200,0.42,0.53,0.05,0.08484544,0.07915369,0.7900066,148.54
136300,0.38,0.59,0.03,0.09354834,0.1051976,0.7128053,132.46
136400,0.47,0.49,0.04,0.0847727,0.07734916,0.6932042,133.4
136500,0.44,0.53,0.03,0.098229,0.09194534,0.8196054,129.52
136600,0.45,0.49,0.06,0.08725758,0.08112457,1.376214,164.99
136700,0.46,0.41,0.13,0.07343187,0.07220466,1.633415,240.59
136800,0.45,0.51,0.04,0.07717486,0.07411486,0.9178071,138.25
136900,0.35,0.62,0.03,0.08684206,0.07912034,0.5164034,129.85
137000,0.37,0.56,0.07,0.09718605,0.0852424,1.08621,167.74
137100,0.49,0.45,0.06,0.07729533,0.07610027,1.323012,166.95
137200,0.41,0.54,0.05,0.08797213,0.08797875,0.9904095,148.69
137300,0.43,0.51,0.06,0.07178523,0.06487306,0.9798068,183.25
137400,0.39,0.57,0.04,0.09445485,0.09200523,0.9542065,142.26
137500,0.42,0.52,0.06,0.09321802,0.09838595,1.054011,164.43
137600,0.46,0.45,0.09,0.08160891,0.07856862,1.909019,188.49
137700,0.54,0.43,0.03,0.1068774,0.100019,1.021407,132.04
137800,0.5,0.43,0.07,0.07005219,0.07332727,1.359813,169.1
137900,0.41,0.55,0.04,0.08824934,0.07987277,0.9652085,144.49
138000,0.47,0.47,0.06,0.07829982,0.08229459,1.136208,152.54
138100,0.4,0.53,0.07,0.07294715,0.07627175,1.146411,195.46
138200,0.27,0.69,0.04,0.0881597,0.08440366,0.9766093,157.94
138300,0.34,0.58,0.08,0.08211162,0.0830828,1.467417,177.32
138400,0.39,0.59,0.02,0.08732953,0.07600706,0.5002023,136.22
138500,0.47,0.45,0.08,0.07455571,0.0698237,1.203811,175.47
138600,0.48,0.46,0.06,0.1025358,0.1070279,1.245812,161.47
138700,0.36,0.57,0.07,0.09549731,0.1000048,1.163412,164.97
138800,0.4,0.49,0.11,0.0987623,0.1244243,1.746217,184.18
138900,0.4,0.55,0.05,0.07661992,0.08737851,1.066608,149.55
139000,0.48,0.42,0.1,0.06749725,0.06816787,1.97442,185.96
139100,0.46,0.48,0.06,0.0748232,0.0703076,1.173208,164.11
139200,0.38,0.52,0.1,0.08381763,0.08880767,2.046422,191.27
139300,0.49,0.39,0.12,0.08132233,0.07696819,2.02862,211.86
139400,0.46,0.48,0.06,0.09326232,0.1088378,1.235211,162.78
139500,0.44,0.5,0.06,0.08228562,0.07875559,1.371013,161.91
139600,0.43,0.49,0.08,0.1117652,0.1137881,1.732016,176.57
139700,0.45,0.5,0.05,0.07534607,0.07698214,1.112409,148.15
139800,0.49,0.48,0.03,0.08330295,0.09112212,0.8138073,150.13
139900,0.49,0.49,0.02,0.09974159,0.09107254,0.6500043,112.73
140000,0.37,0.59,0.04,0.07855535,0.07269525,0.7256067,148.12
140100,0.37,0.55,0.08,0.06841765,0.07060629,1.380014,180.57
140200,0.45,0.51,0.04,0.09148556,0.1064797,1.069809,132.73
140300,0.4,0.5,0.1,0.07564316,0.08052483,1.727017,188.03
140400,0.4,0.5,0.1,0.07026529,0.06886616,1.617816,194.15
140500,0.4,0.54,0.06,0.07643907,0.07316354,1.239411,159.16
140600,0.46,0.46,0.08,0.0843832,0.08106616,1.820418,192.27
140700,0.43,0.54,0.03,0.1072979,0.1045432,0.6544048,114.37
140800,0.38,0.56,0.06,0.07628234,0.06555623,1.401214,178.09
140900,0.37,0.59,0.04,0.08711767,0.08914899,1.01701,140.19
141000,0.47,0.44,0.09,0.08037345,0.09292283,1.882618,177.39
141100,0.43,0.51,0.06,0.09497683,0.07703128,1.170611,143.58
141200,0.46,0.47,0.07,0.08071729,0.07688002,1.369215,145.19
141300,0.46,0.48,0.06,0.09473525,0.09928489,1.100008,169.1
141400,0.39,0.57,0.04,0.07741654,0.07220644,1.177409,148.25
141500,0.44,0.5,0.06,0.07747472,0.06757247,0.8164057,161.1
141600,0.43,0.52,0.05,0.0813558,0.07921234,1.044809,154.71
141700,0.46,0.5,0.04,0.0937825,0.08796744,0.8634068,148.13
141800,0.41,0.52,0.07,0.07931475,0.07403586,1.235612,156.73
141900,0.43,0.54,0.03,0.09253339,0.0794741,0.7896072,120.52
142000,0.42,0.54,0.04,0.07692172,0.06855224,0.8868071,141.57
142100,0.38,0.57,0.05,0.09354336,0.1163332,0.9058092,161.92
142200,0.37,0.57,0.06,0.09361618,0.08667946,0.6162049,156.03
142300,0.41,0.57,0.02,0.1085352,0.1009202,0.3612022,127.79
142400,0.45,0.47,0.08,0.09703539,0.1107726,1.700017,182.41
142500,0.45,0.48,0.07,0.08512392,0.08383658,1.137211,166.43
142600,0.4,0.54,0.06,0.0904057,0.09677882,1.406214,157.76
142700,0.41,0.48,0.11,0.08966201,0.08879014,2.061623,209.25
142800,0.4,0.53,0.07,0.07419021,0.0752686,1.130811,163.97
142900,0.41,0.55,0.04,0.08879766,0.08661672,0.9046087,134.41
143000,0.44,0.5,0.06,0.07270029,0.06828006,1.01281,155.2
143100,0.5,0.45,0.05,0.07044026,0.07311706,1.065609,145.54
143200,0.32,0.63,0.05,0.08157522,0.07290805,0.9964097,146.43
143300,0.41,0.52,0.07,0.08016793,0.07965743,1.374214,150.45
143400,0.3,0.59,0.11,0.08994269,0.09334941,1.206213,194.47
143500,0.39,0.55,0.06,0.08919623,0.09236564,1.305814,168.01
143600,0.45,0.51,0.04,0.08078215,0.08874998,0.7424066,145.41
143700,0.41,0.51,0.08,0.1061508,0.09963116,1.07721,159.65
143800,0.44,0.52,0.04,0.09121095,0.08408159,1.064409,124.6
143900,0.33,0.62,0.05,0.08035879,0.08835428,1.077412,165.52
144000,0.43,0.49,0.08,0.08152094,0.079851,1.672017,180.84
144100,0.49,0.46,0.05,0.07877602,0.076011,1.248811,157.13
144200,0.43,0.53,0.04,0.07924486,0.0726414,0.9874091,143.04
144300,0.41,0.53,0.06,0.08532568,0.08637812,0.7656059,162.17
144400,0.39,0.53,0.08,0.07815783,0.07581664,1.494016,182.83
144500,0.38,0.56,0.06,0.07141532,0.06338749,1.165612,176.96
144600,0.35,0.6,0.05,0.0877662,0.0888314,0.6862042,163.33
144700,0.38,0.59,0.03,0.1006677,0.1114768,0.7550068,121.35
144800,0.41,0.53,0.06,0.07153104,0.06525339,0.8330067,168.29
144900,0.4,0.56,0.04,0.09478955,0.108299,0.6264045,143.61
145000,0.38,0.6,0.02,0.08889684,0.07374383,0.6348038,132.65
145100,0.43,0.48,0.09,0.07516063,0.07021534,1.882021,189.36
145200,0.42,0.52,0.06,0.1012704,0.1100104,1.535813,156.89
145300,0.48,0.47,0.05,0.08906297,0.09821363,1.12261,168.05
145400,0.41,0.54,0.05,0.09496027,0.09592626,1.048408,154.88
145500,0.37,0.59,0.04,0.08834833,0.08420539,0.8362072,148.83
145600,0.45,0.51,0.04,0.08240335,0.08903776,0.6906042,148.72
145700,0.45,0.49,0.06,0.08553071,0.1021087,1.129411,150.43
145800,0.32,0.63,0.05,0.09120338,0.09412351,0.578204,153.25
145900,0.43,0.53,0.04,0.08312075,0.07588057,1.017408,133.59
146000,0.5,0.43,0.07,0.083345,0.1015762,1.540016,159.59
146100,0.34,0.58,0.08,0.07422818,0.0707593,1.539815,194.24
146200,0.35,0.6,0.05,0.08953865,0.08338258,0.8878083,160.85
146300,0.42,0.57,0.01,0.09038253,0.08793535,0.436402,98.96
146400,0.47,0.46,0.07,0.08109748,0.0727555,1.325614,154.95
146500,0.42,0.5,0.08,0.09910934,0.08979312,1.680817,175.88
146600,0.41,0.54,0.05,0.07621486,0.07793972,1.05061,146.47
146700,0.42,0.52,0.06,0.08626547,0.08311516,1.270812,169.71
146800,0.39,0.57,0.04,0.07106387,0.06272367,0.8482066,165.37
146900,0.4,0.54,0.06,0.08829631,0.07342265,1.262212,181.35
147000,0.37,0.58,0.05,0.07802075,0.0717732,0.9088085,151.48
147100,0.41,0.54,0.05,0.07976599,0.06617481,1.010608,152.32
147200,0.43,0.53,0.04,0.08794294,0.07472036,0.7292073,129.08
147300,0.45,0.5,0.05,0.07776852,0.07382433,0.7112045,151.95
147400,0.43,0.51,0.06,0.08297262,0.07484226,1.535014,167
147500,0.44,0.48,0.08,0.07947881,0.09171817,1.718619,161.21
147600,0.55,0.41,0.04,0.07851243,0.07335507,1.062009,150.79
147700,0.35,0.58,0.07,0.07994905,0.07133687,1.471416,178.4
147800,0.42,0.54,0.04,0.09774865,0.09888405,0.8116063,128.68
147900,0.38,0.56,0.06,0.08883522,0.1035502,1.089609,155.24
148000,0.36,0.54,0.1,0.07726006,0.07648586,1.707018,191.77
148100,0.41,0.53,0.06,0.09291022,0.1082643,0.9774098,140.58
148200,0.42,0.49,0.09,0.07468449,0.07249253,1.560616,201.18
148300,0.44,0.5,0.06,0.09111834,0.07911772,1.19601,149.87
148400,0.49,0.45,0.06,0.07703971,0.06538758,1.048809,148.99
148500,0.43,0.52,0.05,0.08041575,0.08106358,0.7688041,168.09
148600,0.46,0.5,0.04,0.09084224,0.08405891,1.014806,145.45
148700,0.47,0.46,0.07,0.08411454,0.09045739,1.529016,177.26
148800,0.41,0.53,0.06,0.08162136,0.08216399,1.019409,172.3
148900,0.38,0.58,0.04,0.08798636,0.07745211,0.7222069,164.05
149000,0.45,0.48,0.07,0.0802563,0.0766391,1.178012,183.06
149100,0.37,0.54,0.09,0.0815627,0.08785217,1.569217,180.59
149200,0.42,0.53,0.05,0.07473303,0.07492822,1.075609,147.74
149300,0.45,0.52,0.03,0.08450703,0.08022053,0.8026061,129.05
149400,0.31,0.64,0.05,0.08781206,0.09119499,0.9946095,157.34
149500,0.42,0.54,0.04,0.08960224,0.09180316,0.7870066,129.68
149600,0.44,0.53,0.03,0.08853081,0.106341,0.7464046,139.65
149700,0.41,0.5,0.09,0.08515163,0.08218423,1.376414,186.02
149800,0.4,0.55,0.05,0.08491798,0.08770073,1.01661,137.43
149900,0.48,0.47,0.05,0.08137145,0.08055592,1.140009,155.3
150000,0.45,0.51,0.04,0.09923961,0.09430128,0.821407,142.4
150100,0.43,0.51,0.06,0.08131588,0.07329548,1.314613,147.55
150200,0.46,0.49,0.05,0.08381536,0.08456887,1.278813,149.46
150300,0.41,0.54,0.05,0.08193224,0.07045765,1.265012,157.43
150400,0.37,0.58,0.05,0.07317895,0.06569644,0.931809,156.31
150500,0.42,0.49,0.09,0.09598232,0.1000973,1.454614,187.06
150600,0.45,0.5,0.05,0.09543508,0.08641145,1.188012,151.46
150700,0.43,0.54,0.03,0.09793581,0.09279899,0.6746066,117.14
150800,0.41,0.47,0.12,0.06838032,0.06886107,2.439027,215.26
150900,0.47,0.44,0.09,0.08967164,0.1003678,1.770819,173.82
151000,0.39,0.59,0.02,0.1128677,0.1027589,0.6454042,114.74
151100,0.44,0.52,0.04,0.08566599,0.09337366,1.049809,144.08
151200,0.46,0.45,0.09,0.0872317,0.1049357,1.477416,170.89
151300,0.48,0.45,0.07,0.08167423,0.08418071,1.168209,163.96
151400,0.42,0.51,0.07,0.1042288,0.1238133,1.009009,168.36
151500,0.42,0.5,0.08,0.1002182,0.09281591,1.318614,165.4
151600,0.47,0.49,0.04,0.09284405,0.08999624,1.063409,142.79
151700,0.48,0.48,0.04,0.08508447,0.08471672,0.7594065,147.17
151800,0.49,0.45,0.06,0.09654973,0.09915435,1.326011,141.62
151900,0.42,0.48,0.1,0.08856844,0.1085742,2.00022,192.77
152000,0.39,0.54,0.07,0.0753781,0.0695015,1.139811,170.67
152100,0.48,0.45,0.07,0.08704686,0.08661832,1.394413,173.03
152200,0.46,0.5,0.04,0.093623,0.0974381,0.9066069,133.24
152300,0.35,0.63,0.02,0.08673791,0.08835562,0.5956041,137.23
152400,0.41,0.52,0.07,0.07977437,0.07194287,1.383613,179.56
152500,0.4,0.52,0.08,0.07850593,0.0741135,1.398414,193.49
152600,0.43,0.49,0.08,0.07577064,0.07242373,1.838819,174.87
152700,0.4,0.54,0.06,0.07938164,0.08010681,1.324012,158.48
152800,0.39,0.59,0.02,0.08603447,0.0771604,0.5052024,131.43
152900,0.36,0.59,0.05,0.0765203,0.07019816,0.9782097,153.28
153000,0.48,0.45,0.07,0.08240834,0.07237347,1.618216,177.15
153100,0.4,0.53,0.07,0.06891923,0.08731349,1.141811,183.15
153200,0.48,0.49,0.03,0.08013155,0.07171252,0.8320065,136.67
153300,0.38,0.54,0.08,0.08122978,0.08270342,1.584217,194.81
153400,0.44,0.5,0.06,0.08553446,0.07495165,1.151011,149.99
153500,0.45,0.49,0.06,0.08244914,0.08219926,1.056609,157.78
153600,0.42,0.53,0.05,0.08203533,0.08179305,0.9730089,166.95
153700,0.5,0.44,0.06,0.08641662,0.08044086,1.152009,164.28
153800,0.41,0.52,0.07,0.09391852,0.1101264,1.532214,175.34
153900,0.42,0.52,0.06,0.08946844,0.1060552,1.232011,160.12
154000,0.43,0.52,0.05,0.09630623,0.09655642,0.9558089,158.9
154100,0.33,0.59,0.08,0.07755239,0.06776544,1.211611,181.4
154200,0.45,0.46,0.09,0.08098933,0.08634803,1.23481,217.23
154300,0.48,0.45,0.07,0.09041709,0.09275749,1.479217,155.23
154400,0.46,0.49,0.05,0.09286536,0.09021286,1.123011,162.39
154500,0.5,0.42,0.08,0.07686968,0.06543615,1.165409,185.85
154600,0.41,0.53,0.06,0.0864331,0.0750818,1.433613,158.2
154700,0.4,0.56,0.04,0.09875705,0.1126589,1.076209,155.56
154800,0.44,0.49,0.07,0.08728396,0.08202183,1.274611,170.38
154900,0.45,0.51,0.04,0.08581209,0.09198203,1.014608,145.26
155000,0.34,0.59,0.07,0.08058289,0.08734465,1.152413,160.85
155100,0.4,0.51,0.09,0.08768325,0.09476241,1.641016,179.72
155200,0.4,0.52,0.08,0.07972895,0.07129835,1.331013,179.6
155300,0.39,0.54,0.07,0.08301269,0.1012138,0.6752044,185.13
155400,0.41,0.53,0.06,0.08196374,0.07448722,1.164411,150.93
155500,0.33,0.59,0.08,0.08143445,0.07373438,1.022609,204.15
155600,0.49,0.41,0.1,0.07872938,0.07916652,1.566616,191.72
155700,0.41,0.52,0.07,0.09527972,0.09683026,1.425013,166.85
155800,0.38,0.55,0.07,0.08609071,0.07478487,1.376415,181.85
155900,0.46,0.48,0.06,0.08725712,0.08148463,1.114608,163.11
156000,0.48,0.49,0.03,0.1000634,0.09365568,0.7916067,116.45
156100,0.48,0.44,0.08,0.08971784,0.08204576,1.504614,168.83
156200,0.42,0.49,0.09,0.08401601,0.07783258,1.350014,171.38
156300,0.48,0.43,0.09,0.07490283,0.07267883,1.722616,190.47
156400,0.44,0.5,0.06,0.07060339,0.06231277,1.11121,194.28
156500,0.38,0.56,0.06,0.09273325,0.07804155,0.8204069,149.43
156600,0.45,0.48,0.07,0.08127993,0.07617404,0.9518061,168.64
156700,0.37,0.58,0.05,0.09265267,0.0751375,1.115211,148.62
156800,0.43,0.48,0.09,0.07241207,0.07603638,1.568416,177.06
156900,0.44,0.49,0.07,0.07611658,0.07622422,1.240411,183.7
157000,0.45,0.5,0.05,0.0844908,0.08024239,0.9974095,150.06
157100,0.45,0.5,0.05,0.08076259,0.07664244,1.171811,155.67
157200,0.43,0.5,0.07,0.08701495,0.08649364,1.332812,165.97
157300,0.53,0.37,0.1,0.09664892,0.1210411,1.836618,189.44
157400,0.46,0.47,0.07,0.07737294,0.07188214,1.424215,161.47
157500,0.38,0.53,0.09,0.09091104,0.09096283,1.81122,187.85
157600,0.39,0.52,0.09,0.07697428,0.07314719,1.087011,175.29
157700,0.38,0.55,0.07,0.08993009,0.08268192,1.125409,149.6
157800,0.41,0.49,0.1,0.08693232,0.1061488,2.103221,203.72
157900,0.4,0.52,0.08,0.08965567,0.08778991,1.583418,161.46
158000,0.42,0.48,0.1,0.08103859,0.07659876,1.788421,182.42
158100,0.53,0.37,0.1,0.08934565,0.08405735,1.580816,206
158200,0.5,0.45,0.05,0.08198899,0.07870465,1.210009,155.72
158300,0.48,0.43,0.09,0.08241749,0.07982691,1.814418,204.04
158400,0.37,0.57,0.06,0.09478784,0.1103009,0.905807,141.8
158500,0.37,0.51,0.12,0.08926319,0.09263546,2.190624,226.76
158600,0.41,0.56,0.03,0.07779013,0.06710088,0.3746016,142.87
158700,0.39,0.56,0.05,0.08874118,0.08936814,1.04801,146.69
158800,0.42,0.53,0.05,0.08074269,0.07325712,1.050209,142.83
158900,0.46,0.45,0.09,0.09718545,0.0934847,1.91922,185.46
159000,0.37,0.54,0.09,0.08171789,0.08331358,1.88922,183.92
159100,0.38,0.56,0.06,0.08402168,0.076516,0.8328091,147.51
159200,0.41,0.53,0.06,0.08559127,0.07914801,1.125811,162.58
159300,0.43,0.53,0.04,0.08864598,0.08174501,0.8394069,152.17
159400,0.4,0.51,0.09,0.06833918,0.06824369,1.138011,202.21
159500,0.4,0.52,0.08,0.1032062,0.1149407,1.744817,197.49
159600,0.32,0.62,0.06,0.07729315,0.07406606,1.192411,172.2
159700,0.41,0.55,0.04,0.0817777,0.07050917,0.9722096,130.79
159800,0.49,0.46,0.05,0.08585384,0.07666233,0.949809,148.2
159900,0.39,0.56,0.05,0.07759104,0.07119432,1.147012,150.23
160000,0.46,0.48,0.06,0.08447327,0.08910561,1.182411,166.4
160100,0.4,0.53,0.07,0.07107446,0.06928503,1.478414,173.97
160200,0.37,0.55,0.08,0.0733356,0.07470556,1.84862,173.1
160300,0.43,0.55,0.02,0.09093533,0.1046526,0.697204,141.85
160400,0.46,0.43,0.11,0.0744743,0.08801242,1.935421,211.35
160500,0.41,0.53,0.06,0.07907157,0.07566046,1.343612,161.88
160600,0.44,0.53,0.03,0.09424666,0.08745211,0.7764072,116.16
160700,0.48,0.48,0.04,0.1160978,0.1170379,0.9002057,142.31
160800,0.42,0.5,0.08,0.06841384,0.06517556,1.707818,180.7
160900,0.4,0.52,0.08,0.07598908,0.07328591,1.275013,179.27
161000,0.44,0.48,0.08,0.09583648,0.08982164,1.543216,165.45
161100,0.35,0.56,0.09,0.08045499,0.06906274,1.736819,192.53
161200,0.5,0.45,0.05,0.07625652,0.06716485,1.011408,154.52
161300,0.47,0.46,0.07,0.09224482,0.09433229,1.494413,162.73
161400,0.49,0.49,0.02,0.07850984,0.07214251,0.8116047,129.1
161500,0.51,0.4,0.09,0.07994468,0.07280793,1.519615,184.24
161600,0.49,0.47,0.04,0.1146284,0.1094872,0.7354071,130.56
161700,0.37,0.53,0.1,0.07837977,0.07182094,1.91042,213.38
161800,0.57,0.4,0.03,0.1018895,0.1132805,0.8694062,126.36
161900,0.48,0.44,0.08,0.08529561,0.08804233,1.660218,163.93
162000,0.43,0.53,0.04,0.08541954,0.07982721,0.7728067,132.95
162100,0.37,0.57,0.06,0.07898403,0.08992134,0.9464094,181.2
162200,0.45,0.5,0.05,0.08750793,0.09172858,0.9260064,154.55
162300,0.5,0.48,0.02,0.07052179,0.06410986,0.8826051,131.38
162400,0.49,0.48,0.03,0.09021603,0.1023794,0.6404017,132.45
162500,0.4,0.5,0.1,0.08250762,0.08179569,2.079224,200.34
162600,0.39,0.56,0.05,0.08664248,0.09119749,1.004809,153.52
162700,0.43,0.53,0.04,0.08441976,0.083235,0.8472065,134.69
162800,0.41,0.49,0.1,0.07416698,0.0726435,1.633417,206.75
162900,0.44,0.52,0.04,0.07803298,0.06825434,0.7714069,135.8
163000,0.44,0.52,0.04,0.07149141,0.07169423,0.8778074,147.73
163100,0.48,0.45,0.07,0.08618636,0.07781401,1.15881,169.56
163200,0.36,0.53,0.11,0.07993062,0.07246553,1.86022,195.17
163300,0.4,0.55,0.05,0.08172102,0.07197921,1.213611,152.27
163400,0.37,0.55,0.08,0.08144774,0.07432904,1.543814,183.88
163500,0.46,0.53,0.01,0.07770645,0.06649558,0.5104021,117.42
163600,0.43,0.53,0.04,0.08853562,0.08138817,0.9690091,163.27
163700,0.39,0.58,0.03,0.08230968,0.07203203,0.8560072,138.17
163800,0.43,0.49,0.08,0.07230606,0.06954274,1.781416,194.02
163900,0.44,0.5,0.06,0.07763789,0.06979565,0.8874084,168.57
164000,0.42,0.5,0.08,0.07996923,0.07390516,1.626216,177.05
164100,0.4,0.52,0.08,0.07965419,0.0674239,1.313414,173.33
164200,0.54,0.41,0.05,0.0761864,0.07250496,1.089209,155.91
164300,0.39,0.52,0.09,0.07720187,0.06894926,1.86082,179.64
164400,0.44,0.45,0.11,0.113252,0.1394425,1.487616,193.39
164500,0.42,0.5,0.08,0.06980424,0.0730838,1.733217,195.24
164600,0.43,0.51,0.06,0.0875535,0.07387619,0.930609,151.73
164700,0.41,0.51,0.08,0.07997055,0.07573963,0.9134086,172.54
164800,0.48,0.5,0.02,0.08304675,0.06753748,0.5932045,123.41
164900,0.39,0.54,0.07,0.08997193,0.08053701,1.494816,169.03
165000,0.45,0.49,0.06,0.09099684,0.09993729,0.5752043,145.62
165100,0.37,0.55,0.08,0.1146946,0.1085913,1.71302,167.67
165200,0.39,0.52,0.09,0.07427122,0.06584625,1.580416,190.9
165300,0.38,0.53,0.09,0.08922423,0.1015756,1.780419,184.09
165400,0.41,0.54,0.05,0.101676,0.09440302,0.7728074,156.48
165500,0.46,0.44,0.1,0.1015943,0.08726051,1.749817,193.95
165600,0.34,0.56,0.1,0.1077817,0.1042084,1.79122,192.15
165700,0.45,0.47,0.08,0.07959031,0.09324279,1.289211,169.36
165800,0.37,0.6,0.03,0.08221856,0.06935314,0.6648042,119.5
165900,0.48,0.46,0.06,0.07861672,0.07907191,1.273812,156.56
166000,0.49,0.47,0.04,0.08801788,0.07950348,0.7484073,128.14
166100,0.43,0.51,0.06,0.06952487,0.06966291,1.370011,181.4
166200,0.36,0.57,0.07,0.07518112,0.07009836,1.308814,148.5
166300,0.39,0.57,0.04,0.1040258,0.1118334,1.055409,146.47
166400,0.44,0.51,0.05,0.08105187,0.07195656,1.188409,178.36
166500,0.34,0.6,0.06,0.1065727,0.1086113,0.7274061,158.46
166600,0.43,0.55,0.02,0.09495115,0.1076573,0.6852064,123.03
166700,0.43,0.5,0.07,0.07096241,0.06685939,1.364613,166.06
166800,0.45,0.47,0.08,0.08522929,0.08451006,1.105809,167.87
166900,0.48,0.46,0.06,0.08127107,0.08933811,1.285011,171.99
167000,0.36,0.54,0.1,0.07419182,0.07039082,1.95502,204.36
167100,0.46,0.48,0.06,0.07840718,0.06733131,0.7810065,151.97
167200,0.37,0.54,0.09,0.07663636,0.06914651,1.345614,178.63
167300,0.34,0.57,0.09,0.08486611,0.08412238,1.450814,197.93
167400,0.49,0.47,0.04,0.09772438,0.08530439,1.01521,135.02
167500,0.39,0.57,0.04,0.07929935,0.07200325,0.9902087,155.16
167600,0.43,0.5,0.07,0.07821283,0.08305603,1.410213,187.48
167700,0.39,0.56,0.05,0.09673651,0.08634326,1.21001,152.58
167800,0.44,0.53,0.03,0.07117902,0.06620101,0.9160071,128.29
167900,0.46,0.44,0.1,0.07273757,0.06902336,2.026621,208.38
168000,0.39,0.5,0.11,0.07283059,0.06639613,1.576416,209.16
168100,0.42,0.5,0.08,0.09635483,0.0905333,1.388214,173.23
168200,0.38,0.59,0.03,0.08490754,0.09115262,0.7058069,132.17
168300,0.38,0.53,0.09,0.07539043,0.06965797,1.173211,195.47
168400,0.43,0.5,0.07,0.08717308,0.08403261,1.242211,168.46
168500,0.39,0.56,0.05,0.09206705,0.08615221,1.047809,160.19
168600,0.4,0.53,0.07,0.07951251,0.06713466,1.230413,162.01
168700,0.42,0.54,0.04,0.0973756,0.08591168,0.4526019,152.88
168800,0.44,0.5,0.06,0.1072339,0.09922173,1.125812,139.44
168900,0.43,0.53,0.04,0.09313007,0.08517498,1.130609,132.57
169000,0.39,0.54,0.07,0.07700424,0.07098354,1.134611,167.4
169100,0.4,0.53,0.07,0.09164531,0.1060852,1.366614,189.31
169200,0.41,0.53,0.06,0.0690183,0.07289746,0.9910091,165.56
169300,0.46,0.51,0.03,0.1018506,0.09468616,0.6472043,129.97
169400,0.39,0.57,0.04,0.06860414,0.06086894,0.8174068,141.56
169500,0.42,0.48,0.1,0.08316988,0.09103552,1.609416,192.54
169600,0.46,0.48,0.06,0.07908146,0.08680589,1.126409,167.75
169700,0.41,0.53,0.06,0.08484564,0.07229808,1.125411,160.2
169800,0.4,0.58,0.02,0.1062836,0.1101552,0.4616024,112.45
169900,0.42,0.52,0.06,0.09935581,0.09255528,1.228611,162.72
170000,0.41,0.52,0.07,0.06972962,0.06279983,1.535813,173.74
170100,0.47,0.43,0.1,0.0727572,0.07185618,1.85982,201.17
170200,0.42,0.55,0.03,0.08064576,0.07049782,0.6322042,142.91
170300,0.41,0.53,0.06,0.09040499,0.08630154,1.10321,149.75
170400,0.46,0.46,0.08,0.0862858,0.07633664,1.161209,185.13
170500,0.43,0.51,0.06,0.07375166,0.06625417,1.366412,176.88
170600,0.41,0.5,0.09,0.09011321,0.08713769,1.774819,182.68
170700,0.38,0.55,0.07,0.08209655,0.07866902,0.8988094,166.28
170800,0.43,0.49,0.08,0.1012292,0.1022922,1.820419,170.06
170900,0.45,0.5,0.05,0.08798391,0.08217712,1.190811,145.36
171000,0.48,0.47,0.05,0.08510648,0.09842328,0.9024064,142.94
171100,0.35,0.58,0.07,0.08575256,0.0778275,1.589217,170.52
171200,0.44,0.54,0.02,0.0862723,0.07673448,0.3760023,123.77
171300,0.4,0.53,0.07,0.09613702,0.0963979,0.8486081,169.07
171400,0.32,0.62,0.06,0.07985609,0.07477862,1.160811,171.63
171500,0.41,0.54,0.05,0.08411539,0.08253802,1.020809,137.04
171600,0.38,0.56,0.06,0.08955026,0.08914118,1.470414,160.68
171700,0.41,0.52,0.07,0.07727597,0.07063216,1.301812,181.57
171800,0.36,0.58,0.06,0.06992395,0.06738428,1.440014,156.35
171900,0.42,0.56,0.02,0.07969699,0.06536908,0.3844026,132.29
172000,0.4,0.56,0.04,0.0844577,0.08174879,0.7748052,161.74
172100,0.41,0.52,0.07,0.09372387,0.09253511,1.361612,167.2
172200,0.43,0.49,0.08,0.08696229,0.0852605,1.626616,182.4
172300,0.46,0.46,0.08,0.07677133,0.07710738,1.646218,165.95
172400,0.43,0.48,0.09,0.08437286,0.07883746,1.082011,176.74
172500,0.38,0.54,0.08,0.07187178,0.07367395,1.444812,183.47
172600,0.39,0.54,0.07,0.0843343,0.08512534,1.398414,162.93
172700,0.55,0.4,0.05,0.08088293,0.08006606,0.9632059,154.3
172800,0.47,0.47,0.06,0.0764244,0.0758227,1.489414,159.23
172900,0.44,0.46,0.1,0.07092828,0.07216144,1.830019,185.49
173000,0.44,0.51,0.05,0.06906982,0.05613768,1.051208,168.43
173100,0.43,0.52,0.05,0.09002785,0.09156527,1.197412,143.08
173200,0.38,0.57,0.05,0.07828257,0.07550506,0.9892088,150.41
173300,0.33,0.6,0.07,0.07571456,0.07912744,1.542416,166.65
173400,0.43,0.51,0.06,0.07552662,0.07242008,1.342412,155.61
173500,0.45,0.47,0.08,0.08523005,0.08362194,1.303611,176.5
173600,0.34,0.6,0.06,0.08352773,0.07769215,1.069411,159.71
173700,0.35,0.58,0.07,0.09721898,0.09199558,1.300414,162.2
173800,0.48,0.49,0.03,0.08008637,0.07534596,0.8372043,131.67
173900,0.42,0.54,0.04,0.09067525,0.08366431,0.8290069,138.28
174000,0.43,0.51,0.06,0.08899479,0.08898575,1.307013,165.72
174100,0.41,0.55,0.04,0.08645811,0.08246431,0.8264065,150.33
174200,0.33,0.61,0.06,0.07683799,0.07176417,1.357411,174.49
174300,0.42,0.52,0.06,0.07775187,0.09871171,1.511214,164.76
174400,0.47,0.45,0.08,0.07368763,0.08144473,1.912819,187.94
174500,0.42,0.56,0.02,0.08935538,0.07893299,0.6290047,139.93
174600,0.43,0.52,0.05,0.09917688,0.1002396,0.8540068,138.21
174700,0.45,0.5,0.05,0.08773612,0.08616465,1.023409,154.17
174800,0.47,0.49,0.04,0.08392347,0.07130472,0.8660061,138.51
174900,0.41,0.48,0.11,0.08911521,0.1123743,1.85802,196.09
175000,0.43,0.51,0.06,0.09878243,0.1036634,1.449812,162.68
175100,0.42,0.54,0.04,0.07930247,0.06693967,0.7656061,137.84
175200,0.26,0.63,0.11,0.06728508,0.07368717,1.812019,217.77
175300,0.43,0.49,0.08,0.09567527,0.0991806,1.474013,182.13
175400,0.34,0.61,0.05,0.08800201,0.08125052,0.9946092,150.38
175500,0.41,0.51,0.08,0.1029929,0.1011933,1.136812,171.34
175600,0.52,0.44,0.04,0.09092686,0.1082516,0.8014066,140.56
175700,0.38,0.57,0.05,0.09296823,0.1073633,0.9380089,133.82
175800,0.39,0.56,0.05,0.116629,0.1204623,0.9452092,147.77
175900,0.46,0.52,0.02,0.09415399,0.09624901,0.6720038,144.55
176000,0.44,0.5,0.06,0.07668116,0.06532159,1.112409,175.51
176100,0.44,0.54,0.02,0.07557476,0.06038153,0.4264021,129.84
176200,0.44,0.46,0.1,0.09820011,0.1135518,1.227211,204.44
176300,0.53,0.42,0.05,0.07446285,0.07156057,1.260409,149.94
176400,0.47,0.47,0.06,0.08312707,0.07472929,1.181411,147.62
176500,0.42,0.52,0.06,0.09947278,0.1074619,1.221211,148.24
176600,0.44,0.5,0.06,0.07263768,0.0880245,1.400413,162.99
176700,0.4,0.53,0.07,0.08200838,0.07914737,1.321013,180.84
176800,0.4,0.56,0.04,0.09032106,0.1033179,0.9174096,132.93
176900,0.36,0.59,0.05,0.07295098,0.0626278,0.2727998,173.11
177000,0.37,0.56,0.07,0.07938001,0.06985185,1.134411,192.17
177100,0.47,0.48,0.05,0.08243857,0.07414558,0.8084062,136.17
177200,0.41,0.48,0.11,0.07375319,0.06174137,1.716617,219.43
177300,0.48,0.47,0.05,0.06647994,0.06482641,0.5760035,163.91
177400,0.49,0.46,0.05,0.07658769,0.07493502,1.233609,155.01
177500,0.44,0.51,0.05,0.071931,0.05844731,0.9248088,171.21
177600,0.41,0.5,0.09,0.07900381,0.08681858,1.671815,181.95
177700,0.36,0.57,0.07,0.08173856,0.09677734,1.08101,162.2
177800,0.45,0.45,0.1,0.08820102,0.09263239,1.903419,201.79
177900,0.51,0.43,0.06,0.1001524,0.1119888,1.033609,154.29
178000,0.37,0.59,0.04,0.09232554,0.0896709,0.916009,147
178100,0.37,0.59,0.04,0.08475444,0.09382471,0.6178041,140.26
178200,0.36,0.6,0.04,0.08197479,0.07166804,1.039009,143.11
178300,0.44,0.52,0.04,0.09603518,0.09147794,1.111608,142.51
178400,0.4,0.56,0.04,0.07823896,0.07172585,0.6820041,150.18
178500,0.44,0.51,0.05,0.09260698,0.08992788,0.9642074,133.7
178600,0.48,0.5,0.02,0.07808517,0.06658655,0.5770044,118.41
178700,0.33,0.61,0.06,0.1002666,0.1007527,1.127611,156.41
178800,0.48,0.45,0.07,0.07465807,0.06249942,1.459214,164.18
178900,0.38,0.57,0.05,0.06867919,0.05462858,1.011209,142.99
179000,0.4,0.56,0.04,0.07662295,0.07789937,0.4538023,142.45
179100,0.42,0.54,0.04,0.09769543,0.08970454,0.747007,137.52
179200,0.5,0.43,0.07,0.08594124,0.07614245,1.450414,156.56
179300,0.41,0.56,0.03,0.07926354,0.07766774,0.6018043,121.23
179400,0.43,0.54,0.03,0.1072858,0.1122219,0.7110043,119.18
179500,0.49,0.46,0.05,0.08618644,0.09229878,1.091809,150.82
179600,0.31,0.58,0.11,0.07457604,0.06426246,1.742417,225.51
179700,0.46,0.5,0.04,0.09143649,0.08322646,0.9560069,161.11
179800,0.51,0.41,0.08,0.06784494,0.06313003,1.16581,167.39
179900,0.43,0.51,0.06,0.0690726,0.06672268,1.206612,147.45
180000,0.44,0.51,0.05,0.07664934,0.07795867,1.189209,157.27
180100,0.37,0.57,0.06,0.07560262,0.07485809,0.8968064,166.27
180200,0.41,0.55,0.04,0.08352042,0.08417311,0.8110064,146.21
180300,0.42,0.52,0.06,0.08758731,0.08616332,1.373614,174.02
180400,0.38,0.57,0.05,0.07882091,0.08550167,0.7318048,154.26
180500,0.37,0.6,0.03,0.08059315,0.07609444,0.8804065,134.38
180600,0.42,0.52,0.06,0.0911114,0.09588568,1.208611,160.52
180700,0.45,0.5,0.05,0.0884518,0.08694074,1.085409,165.26
180800,0.43,0.5,0.07,0.08465945,0.07967617,1.514815,168.74
180900,0.34,0.56,0.1,0.09140427,0.09664499,1.633818,200.72
181000,0.47,0.49,0.04,0.1083911,0.1074829,0.4380024,130.63
181100,0.45,0.47,0.08,0.07467666,0.06692983,1.640416,176.84
181200,0.44,0.52,0.04,0.08793344,0.09862548,1.036009,142.52
181300,0.42,0.52,0.06,0.08404984,0.08344962,1.261413,155.95
181400,0.39,0.56,0.05,0.1098957,0.1096657,0.9338091,153.42
181500,0.35,0.62,0.03,0.120474,0.1334008,0.4490024,120.5
181600,0.46,0.48,0.06,0.08144842,0.07540709,1.333013,143.92
181700,0.37,0.57,0.06,0.07211417,0.06306954,1.274613,158.66
181800,0.41,0.55,0.04,0.072609,0.06578967,0.9296072,148.68
181900,0.44,0.53,0.03,0.08187366,0.06921793,0.8234055,124.04
182000,0.46,0.46,0.08,0.09086963,0.09086446,1.556217,167.36
182100,0.44,0.53,0.03,0.1045464,0.112727,0.8176051,121.47
182200,0.48,0.47,0.05,0.09917739,0.09240352,0.9836087,127.5
182300,0.41,0.53,0.06,0.07873912,0.07549942,1.085011,153.81
182400,0.33,0.59,0.08,0.07804248,0.08850208,1.555616,181.02
182500,0.38,0.56,0.06,0.08498702,0.08070495,1.366614,170.64
182600,0.39,0.58,0.03,0.08822927,0.08631915,0.9084072,125.25
182700,0.34,0.58,0.08,0.09544627,0.1067102,1.087211,154.59
182800,0.39,0.57,0.04,0.09504006,0.08233099,0.8516065,158.34
182900,0.44,0.54,0.02,0.09750795,0.08493614,0.6330035,113.84
183000,0.4,0.54,0.06,0.08015477,0.07104748,1.149809,167.06
183100,0.4,0.49,0.11,0.07887004,0.07926729,1.849617,211.21
183200,0.42,0.54,0.04,0.081876,0.08040217,0.911807,161.86
183300,0.35,0.56,0.09,0.07716766,0.0716254,1.528814,196.4
183400,0.38,0.56,0.06,0.09695534,0.09607663,1.207211,156.23
183500,0.45,0.51,0.04,0.08977635,0.08415815,1.085208,135.33
183600,0.47,0.44,0.09,0.07100859,0.06460731,1.447612,192.96
183700,0.43,0.55,0.02,0.07890778,0.06659216,0.6344038,137.48
183800,0.39,0.56,0.05,0.0859843,0.08454964,1.236212,141.95
183900,0.4,0.53,0.07,0.09957335,0.09813904,1.162411,171.83
184000,0.46,0.51,0.03,0.07774621,0.07312586,0.6780044,115.01
184100,0.37,0.55,0.08,0.08428404,0.07594221,1.525417,173.6
184200,0.38,0.57,0.05,0.06399252,0.06314473,1.02001,166.87
184300,0.44,0.5,0.06,0.06426582,0.05975369,1.032009,161.4
184400,0.39,0.57,0.04,0.07160299,0.0636076,1.072207,149.68
184500,0.47,0.48,0.05,0.08553923,0.08062035,1.177209,152.66
184600,0.4,0.54,0.06,0.0706459,0.07726663,1.08381,167.99
184700,0.43,0.5,0.07,0.07821222,0.06837341,1.169811,166.63
184800,0.4,0.5,0.1,0.07957089,0.07578853,1.750217,196.07
184900,0.47,0.48,0.05,0.06732222,0.06122874,1.177011,155.31
185000,0.39,0.58,0.03,0.08021266,0.07536002,0.6738043,146.82
185100,0.42,0.52,0.06,0.07559136,0.06968609,1.342012,160.95
185200,0.45,0.5,0.05,0.07888623,0.07465544,1.013207,135.25
185300,0.52,0.47,0.01,0.08965535,0.09157941,0.4768024,108.98
185400,0.44,0.51,0.05,0.07698198,0.0705322,0.9248071,142.87
185500,0.44,0.53,0.03,0.08478908,0.07230441,0.812806,140.98
185600,0.46,0.5,0.04,0.07745524,0.07221141,1.039209,151.83
185700,0.46,0.49,0.05,0.08735713,0.09246442,0.7918063,138.72
185800,0.42,0.53,0.05,0.09189401,0.08499656,1.254611,136.41
185900,0.4,0.52,0.08,0.07200706,0.0688198,1.588015,201.35
186000,0.45,0.52,0.03,0.07858803,0.07427267,0.7048047,141.19
186100,0.38,0.57,0.05,0.08030424,0.08056947,0.9064061,170.95
186200,0.38,0.55,0.07,0.08663367,0.07549804,1.215613,147.63
186300,0.47,0.47,0.06,0.0679734,0.06548093,1.020209,175.63
186400,0.46,0.46,0.08,0.08044608,0.07503679,1.180611,178.82
186500,0.56,0.41,0.03,0.0858219,0.07531232,0.740405,145.27
186600,0.39,0.55,0.06,0.07943828,0.07055223,1.317812,168.34
186700,0.42,0.55,0.03,0.07642344,0.06840818,0.6776042,143.38
186800,0.44,0.52,0.04,0.09236771,0.08605026,0.5146042,130.01
186900,0.47,0.47,0.06,0.09190954,0.09812832,1.144012,151.81
187000,0.45,0.51,0.04,0.08682952,0.07520795,0.6988044,139.6
187100,0.38,0.56,0.06,0.1009346,0.09621661,0.9412082,167.74
187200,0.49,0.47,0.04,0.06986184,0.06011568,1.063608,142.68
187300,0.41,0.54,0.05,0.07070147,0.06327599,1.090609,163.34
187400,0.48,0.5,0.02,0.0799181,0.07674212,0.6504046,116.32
187500,0.43,0.52,0.05,0.09094096,0.09615909,1.038809,152
187600,0.39,0.57,0.04,0.07065716,0.0671332,0.7850066,143.43
187700,0.46,0.49,0.05,0.0686444,0.06643211,1.26101,158.27
187800,0.46,0.49,0.05,0.08362418,0.09094445,0.7808067,148.83
187900,0.37,0.58,0.05,0.07545877,0.0653852,1.188612,165.81
188000,0.37,0.57,0.06,0.08585174,0.07517455,1.02941,168.02
188100,0.53,0.45,0.02,0.09205887,0.1371525,0.6682042,120.53
188200,0.43,0.52,0.05,0.07222819,0.06557223,0.895007,153.55
188300,0.44,0.54,0.02,0.09264705,0.09790403,0.420602,132.57
188400,0.41,0.55,0.04,0.0824652,0.07990003,0.9830093,165.8
188500,0.37,0.59,0.04,0.08736631,0.09329032,0.616605,150.66
188600,0.32,0.61,0.07,0.07317673,0.07231678,1.168612,165.5
188700,0.44,0.54,0.02,0.07987544,0.0757831,0.6426049,112.11
188800,0.46,0.51,0.03,0.08972068,0.08857566,0.6632046,112.85
188900,0.51,0.42,0.07,0.09122961,0.1003863,1.725017,168.37
189000,0.46,0.5,0.04,0.09467576,0.1079426,1.005408,142.28
189100,0.44,0.51,0.05,0.07619298,0.06840191,1.050409,151.51
189200,0.36,0.56,0.08,0.08669247,0.07878505,1.345013,183.07
189300,0.44,0.52,0.04,0.08995161,0.08214114,0.6244047,124.69
189400,0.47,0.49,0.04,0.0712367,0.06607402,0.936409,159.59
189500,0.39,0.5,0.11,0.06934359,0.05935209,1.98202,206.17
189600,0.33,0.59,0.08,0.08605494,0.07216276,1.305613,158.15
189700,0.44,0.51,0.05,0.07204461,0.06915815,0.9922088,176.23
189800,0.37,0.55,0.08,0.09831234,0.08704548,1.510816,178.87
189900,0.44,0.52,0.04,0.07598264,0.08526552,0.9862077,153.59
190000,0.41,0.54,0.05,0.08974855,0.1054506,0.7542065,165.51
190100,0.4,0.53,0.07,0.09248354,0.08305284,1.20681,174.54
190200,0.43,0.51,0.06,0.07432523,0.06634536,1.205012,169.52
190300,0.42,0.54,0.04,0.08785735,0.08451642,1.029409,146.8
190400,0.34,0.61,0.05,0.09521146,0.08887605,1.09861,163.67
190500,0.46,0.45,0.09,0.07736649,0.06354179,1.454612,194.04
190600,0.46,0.51,0.03,0.1021928,0.1294857,0.5830044,138.1
190700,0.41,0.54,0.05,0.07811275,0.07920197,1.082008,174.02
190800,0.48,0.46,0.06,0.08684338,0.1019002,1.196211,141.66
190900,0.44,0.51,0.05,0.07145262,0.07048865,1.108609,154.27
191000,0.36,0.6,0.04,0.06954956,0.06053592,0.937009,139.67
191100,0.46,0.52,0.02,0.08964095,0.1048576,0.9844074,121.16
191200,0.36,0.6,0.04,0.07744201,0.0666425,0.8358067,149.71
191300,0.44,0.52,0.04,0.07047164,0.06153049,0.7126045,150.17
191400,0.47,0.47,0.06,0.09259385,0.1005768,1.249809,160.83
191500,0.43,0.54,0.03,0.08509868,0.07768553,0.8010053,122.79
191600,0.38,0.55,0.07,0.0782741,0.07332256,1.065811,163.8
191700,0.41,0.55,0.04,0.09382565,0.1195783,0.7878069,130.34
191800,0.5,0.47,0.03,0.08325813,0.08499243,0.9740061,132.99
191900,0.38,0.58,0.04,0.07725003,0.06975929,0.5854043,137.52
192000,0.48,0.46,0.06,0.07139018,0.05932648,1.063809,156.89
192100,0.36,0.6,0.04,0.06631359,0.057702,0.6790057,162.75
192200,0.39,0.56,0.05,0.08405238,0.07710344,0.8548072,144.4
192300,0.38,0.57,0.05,0.08258551,0.07353178,0.9502081,163.66
192400,0.55,0.41,0.04,0.07235485,0.06715465,1.17141,152.22
192500,0.45,0.48,0.07,0.07532082,0.06925238,1.19941,182.6
192600,0.51,0.45,0.04,0.08802024,0.08104146,0.8716068,147.43
192700,0.32,0.64,0.04,0.0747918,0.06548358,1.03801,147.6
192800,0.46,0.53,0.01,0.09241588,0.09268988,0.4574023,118.34
192900,0.38,0.59,0.03,0.0734139,0.06226678,0.5120038,121.78
193000,0.47,0.49,0.04,0.08054742,0.09089957,1.006008,141.95
193100,0.46,0.48,0.06,0.07863622,0.07625677,1.080009,155.09
193200,0.38,0.58,0.04,0.1003336,0.1100118,0.7488065,126.76
193300,0.37,0.6,0.03,0.09113273,0.1012219,0.8398067,121.78
193400,0.37,0.6,0.03,0.1045374,0.09416479,0.7536067,120.2
193500,0.49,0.48,0.03,0.08142124,0.09162439,0.7848065,127.66
193600,0.41,0.55,0.04,0.08477749,0.08204367,0.7424063,137.29
193700,0.36,0.62,0.02,0.07577732,0.08254899,0.5498043,128.59
193800,0.37,0.62,0.01,0.08721069,0.08337648,0.3009998,116.74
193900,0.46,0.48,0.06,0.07065548,0.0635808,1.215011,166.41
194000,0.35,0.61,0.04,0.07610881,0.0606531,0.8526074,139.63
194100,0.4,0.57,0.03,0.0716736,0.06414708,0.8534061,151.83
194200,0.39,0.53,0.08,0.07979755,0.07867082,1.440014,176.5
194300,0.44,0.51,0.05,0.07515305,0.06720924,1.198609,149.46
194400,0.35,0.6,0.05,0.08362296,0.08577252,0.9482082,151.2
194500,0.46,0.51,0.03,0.07633659,0.06824256,0.6406047,143.83
194600,0.43,0.51,0.06,0.07570033,0.06812695,0.9896082,164.96
194700,0.45,0.52,0.03,0.0800802,0.07180998,0.7598045,164.13
194800,0.42,0.54,0.04,0.08182602,0.0929703,0.992209,138.26
194900,0.35,0.6,0.05,0.08666191,0.08337147,1.043609,158.89
195000,0.51,0.46,0.03,0.07878183,0.07112157,0.8096068,128.55
195100,0.4,0.53,0.07,0.09769289,0.09307522,1.255012,166.81
195200,0.35,0.59,0.06,0.0828821,0.0977206,0.9416089,163.93
195300,0.5,0.46,0.04,0.08348842,0.0827857,1.095809,142.54
195400,0.37,0.52,0.11,0.1003618,0.09756656,2.175824,203.63
195500,0.44,0.52,0.04,0.07824621,0.0679137,0.6124047,140.8
195600,0.32,0.59,0.09,0.07745196,0.07466605,1.755018,196.51
195700,0.45,0.49,0.06,0.07190538,0.06778049,1.567014,174.06
195800,0.37,0.59,0.04,0.07536667,0.07334409,1.09301,133.13
195900,0.44,0.5,0.06,0.06956484,0.06447053,1.211611,166.06
196000,0.48,0.44,0.08,0.07765245,0.07705387,1.684616,168.66
196100,0.46,0.53,0.01,0.07860484,0.07739569,0.5052022,119.81
196200,0.42,0.54,0.04,0.08477687,0.0774929,1.028409,146.72
196300,0.38,0.55,0.07,0.07641695,0.06768185,1.187612,168.14
196400,0.34,0.61,0.05,0.08840568,0.09039584,0.7524068,145.96
196500,0.4,0.59,0.01,0.08061089,0.07743359,0.3396004,106.23
196600,0.39,0.58,0.03,0.07398769,0.06807455,0.7714038,134.54
196700,0.37,0.6,0.03,0.07195767,0.06498547,0.5176044,132.75
196800,0.43,0.5,0.07,0.09488904,0.09537216,1.380813,171.48
196900,0.55,0.41,0.04,0.07102951,0.05980553,1.091009,170.62
197000,0.39,0.59,0.02,0.07852303,0.08080839,0.5952039,129.72
197100,0.36,0.6,0.04,0.07695702,0.0806959,0.9802085,152.82
197200,0.38,0.55,0.07,0.08987962,0.0888933,1.582416,187.39
197300,0.49,0.45,0.06,0.09232508,0.1127298,1.409614,147.11
197400,0.5,0.45,0.05,0.07086883,0.06247179,1.276412,165.55
197500,0.4,0.57,0.03,0.08816122,0.08595691,0.6668047,135.92
197600,0.42,0.51,0.07,0.08168124,0.07773856,1.675416,164.29
197700,0.34,0.56,0.1,0.09258142,0.09437833,2.026221,185.59
197800,0.43,0.55,0.02,0.08918139,0.08422195,0.6786045,133.91
197900,0.44,0.51,0.05,0.07726448,0.07309002,0.9568098,152.08
198000,0.41,0.54,0.05,0.07001288,0.06393453,1.24061,182.89
198100,0.4,0.54,0.06,0.07949798,0.07765923,1.238211,153.64
198200,0.43,0.53,0.04,0.06311809,0.06109223,0.8134066,154.66
198300,0.45,0.52,0.03,0.07914665,0.07231016,0.7962061,165.47
198400,0.41,0.54,0.05,0.07446888,0.0747952,0.9956088,144.27
198500,0.51,0.45,0.04,0.07964139,0.07292239,0.7564061,140.43
198600,0.43,0.56,0.01,0.07711333,0.07133107,0.4768017,102.62
198700,0.37,0.58,0.05,0.06443036,0.06412829,0.9648094,163.01
198800,0.4,0.54,0.06,0.07291929,0.06833033,1.300414,166.06
198900,0.37,0.59,0.04,0.1108139,0.1109558,0.946409,137.94
199000,0.49,0.47,0.04,0.09515234,0.09154194,1.123009,135.27
199100,0.48,0.44,0.08,0.1085642,0.1207169,1.212411,175.24
199200,0.39,0.56,0.05,0.08826645,0.08154619,1.021409,156.1
199300,0.46,0.49,0.05,0.07063868,0.07378767,1.049608,160
199400,0.51,0.45,0.04,0.07702146,0.06902004,1.010206,146.32
199500,0.3,0.65,0.05,0.08174545,0.0703613,1.176812,172.89
199600,0.45,0.53,0.02,0.08189998,0.08522486,0.5970047,127.7
199700,0.42,0.54,0.04,0.08472283,0.08627896,1.053409,152.24
199800,0.33,0.6,0.07,0.08944292,0.08726318,1.400614,160.68
199900,0.41,0.57,0.02,0.07254,0.06941921,0.6648017,141.22
200000,0.48,0.5,0.02,0.08562682,0.07698543,0.5008024,117.31
200100,0.38,0.6,0.02,0.09191985,0.08377093,0.6860051,133.1
200200,0.59,0.38,0.03,0.09058879,0.11303,0.9770064,129.11
200300,0.36,0.61,0.03,0.08674682,0.08620015,0.5740041,135.83
200400,0.4,0.56,0.04,0.08184746,0.07741117,0.9122069,147.99
200500,0.42,0.55,0.03,0.08465211,0.08894768,0.8110067,127.71
200600,0.44,0.5,0.06,0.08517661,0.08571574,1.18141,166.29
200700,0.43,0.52,0.05,0.07721034,0.06653129,0.9850098,150.47
200800,0.42,0.54,0.04,0.08894365,0.1020418,0.9814082,128.07
200900,0.32,0.61,0.07,0.09009037,0.0952516,1.327214,188.74
201000,0.42,0.53,0.05,0.09041233,0.09361047,1.134808,141.42
201100,0.45,0.5,0.05,0.07317892,0.06513131,1.108211,160.29
201200,0.48,0.51,0.01,0.0723397,0.06535538,0.577602,119.32
201300,0.39,0.53,0.08,0.07316284,0.07600145,1.241812,191.1
201400,0.43,0.52,0.05,0.07327937,0.06613484,1.355412,144.48
201500,0.55,0.45,0,0.07140579,0.06159534,0.4053997,115.1
201600,0.46,0.46,0.08,0.08631516,0.08903915,1.481812,204.88
201700,0.47,0.51,0.02,0.087483,0.08115175,0.441402,123.76
201800,0.39,0.58,0.03,0.08258076,0.08668246,0.445202,144.58
201900,0.42,0.55,0.03,0.0721413,0.0628337,0.7928068,139.04
202000,0.44,0.49,0.07,0.07705408,0.09323243,1.624616,172.7
202100,0.37,0.61,0.02,0.07101268,0.06823677,0.6948035,119.49
202200,0.47,0.5,0.03,0.07735877,0.07017286,0.8676068,143.07
202300,0.45,0.51,0.04,0.07404312,0.0703182,0.8146073,139.08
202400,0.49,0.46,0.05,0.08193582,0.0852659,0.8666068,147.03
202500,0.43,0.5,0.07,0.07457612,0.06889986,0.8542064,172.09
202600,0.51,0.44,0.05,0.09302171,0.1054969,0.7698065,142.04
202700,0.44,0.5,0.06,0.06739651,0.06306198,1.414012,168.57
202800,0.42,0.53,0.05,0.07625192,0.06960022,0.7406063,168.26
202900,0.41,0.55,0.04,0.08216752,0.08797035,0.8396072,130.39
203000,0.42,0.53,0.05,0.08995737,0.09035339,1.11841,152.51
203100,0.45,0.55,0,0.0817866,0.0729399,0.2563998,110.26
203200,0.44,0.5,0.06,0.07928137,0.08068268,0.8468068,175.42
203300,0.44,0.5,0.06,0.08121096,0.07802302,0.9992092,172.18
203400,0.45,0.48,0.07,0.07742135,0.07067832,1.08621,174.48
203500,0.44,0.48,0.08,0.08745854,0.082707,1.470613,180.28
203600,0.49,0.5,0.01,0.09232048,0.0821881,0.2521998,105.81
203700,0.41,0.55,0.04,0.07537838,0.06990622,0.6848068,136.9
203800,0.28,0.63,0.09,0.08568855,0.08627198,0.8458066,172.52
203900,0.43,0.54,0.03,0.1059462,0.1149844,0.8262062,124.15
204000,0.42,0.55,0.03,0.07701337,0.07366684,0.7750059,128.4
204100,0.53,0.42,0.05,0.09011362,0.07878108,1.23501,145.94
204200,0.44,0.54,0.02,0.0758926,0.07345024,0.7220018,126.05
204300,0.5,0.45,0.05,0.09402493,0.0896603,0.836406,155.58
204400,0.49,0.48,0.03,0.1105063,0.1210118,1.062607,145.43
204500,0.42,0.54,0.04,0.09160499,0.09288073,0.5842047,152.98
204600,0.4,0.54,0.06,0.0946274,0.1008057,1.333014,155.22
204700,0.53,0.44,0.03,0.07233308,0.06221761,1.021206,132.86
204800,0.4,0.51,0.09,0.0839112,0.07590578,1.370213,196.89
204900,0.42,0.52,0.06,0.07864175,0.08722498,1.177811,159.78
205000,0.41,0.54,0.05,0.08295678,0.07438363,1.095011,143.14
205100,0.37,0.57,0.06,0.07749253,0.08021106,0.9822091,155.65
205200,0.44,0.51,0.05,0.08509508,0.0814415,0.9392067,155.05
205300,0.38,0.59,0.03,0.09243917,0.07852998,0.6248043,135.7
205400,0.49,0.46,0.05,0.07790855,0.09668902,0.8794067,151.26
205500,0.44,0.55,0.01,0.08666286,0.0772985,0.3781997,115.83
205600,0.49,0.48,0.03,0.08442461,0.09766861,0.7908064,122.79
205700,0.39,0.56,0.05,0.07964949,0.07767097,1.211812,150.31
205800,0.36,0.58,0.06,0.08967304,0.1139202,1.406814,146.68
205900,0.37,0.6,0.03,0.09466664,0.09216803,0.6982058,140.58
206000,0.49,0.46,0.05,0.1053064,0.1207083,0.8976074,148.24
206100,0.48,0.49,0.03,0.06938388,0.07238916,0.8200068,132.97
206200,0.46,0.51,0.03,0.0932408,0.0879491,0.7238045,135.45
206300,0.43,0.54,0.03,0.07635172,0.0887053,0.561002,123.11
206400,0.4,0.57,0.03,0.08695824,0.1106096,0.8246045,137.43
206500,0.38,0.57,0.05,0.1022136,0.1153362,1.156411,155.96
206600,0.39,0.54,0.07,0.09620061,0.09431373,1.524616,168.7
206700,0.44,0.55,0.01,0.120405,0.122167,0.4448023,94.27
206800,0.41,0.55,0.04,0.08013279,0.08700486,1.027808,157.95
206900,0.6,0.37,0.03,0.07976282,0.07593753,0.710802,122.96
207000,0.48,0.48,0.04,0.0731032,0.0671537,0.8082041,146.16
207100,0.44,0.53,0.03,0.1066925,0.09194176,0.8548065,128.06
207200,0.48,0.48,0.04,0.07935812,0.0736121,1.04701,128.85
207300,0.48,0.5,0.02,0.07569413,0.07212146,0.7202023,133.08
207400,0.43,0.48,0.09,0.07537048,0.08005184,1.347811,207.82
207500,0.48,0.45,0.07,0.07039171,0.065444,1.380013,190.91
207600,0.42,0.55,0.03,0.08139788,0.08299413,0.5762039,125.81
207700,0.42,0.52,0.06,0.1066964,0.101852,1.052608,157.35
207800,0.46,0.48,0.06,0.070512,0.06724185,1.237011,156.1
207900,0.35,0.58,0.07,0.07300805,0.06827135,1.604216,174
208000,0.42,0.5,0.08,0.08399568,0.1030572,1.389413,172.01
208100,0.44,0.54,0.02,0.09957122,0.08795643,0.4656011,121.55
208200,0.36,0.6,0.04,0.08776321,0.07571666,1.051009,153.6
208300,0.5,0.47,0.03,0.08621455,0.07256915,0.8476067,128.76
208400,0.44,0.53,0.03,0.07345129,0.07381228,0.9396073,155.72
208500,0.48,0.48,0.04,0.07959525,0.07458955,0.9776075,140.64
208600,0.39,0.58,0.03,0.08403468,0.07671725,0.5384043,127.58
208700,0.47,0.46,0.07,0.06613517,0.06730406,1.21461,171.66
208800,0.46,0.5,0.04,0.07801452,0.07359273,0.6958044,127.68
208900,0.34,0.62,0.04,0.09613936,0.09463923,0.7456071,135.81
209000,0.36,0.59,0.05,0.09714243,0.09595767,0.7154073,145.41
209100,0.43,0.53,0.04,0.08706692,0.09006164,0.7784069,127.73
209200,0.42,0.52,0.06,0.08535764,0.09770507,1.161211,167.93
209300,0.39,0.57,0.04,0.07455427,0.07609856,0.9738097,129.94
209400,0.44,0.5,0.06,0.07693411,0.07091915,1.070809,158.32
209500,0.46,0.52,0.02,0.09946828,0.08404797,0.4690019,116.74
209600,0.44,0.53,0.03,0.07429102,0.07127428,0.5128024,151.07
209700,0.42,0.54,0.04,0.08079315,0.07674813,1.034009,141.9
209800,0.42,0.54,0.04,0.06488271,0.05674018,0.8456056,182.3
209900,0.45,0.51,0.04,0.09384365,0.08700165,0.7840067,134.2
210000,0.46,0.44,0.1,0.07916612,0.07824168,1.29281,204.95
210100,0.48,0.47,0.05,0.08354201,0.08362661,1.358211,162.25
210200,0.49,0.44,0.07,0.07742675,0.07507411,1.647417,178.55
210300,0.41,0.52,0.07,0.06627265,0.06548068,1.634416,193.09
210400,0.41,0.52,0.07,0.07755473,0.07191577,1.253413,162.82
210500,0.45,0.48,0.07,0.06356785,0.06425108,1.680014,181.25
210600,0.41,0.56,0.03,0.08096299,0.0788178,0.8108074,132.96
210700,0.46,0.49,0.05,0.07808812,0.07173415,1.177611,150.43
210800,0.43,0.52,0.05,0.09365563,0.09596407,1.200209,161.6
210900,0.46,0.49,0.05,0.08648419,0.09885022,0.9164073,174.76
211000,0.37,0.58,0.05,0.08031911,0.07483571,1.273212,159.86
211100,0.35,0.61,0.04,0.07392211,0.06694964,0.9628091,148.93
211200,0.35,0.6,0.05,0.07635958,0.08225151,0.7432066,145.5
211300,0.42,0.55,0.03,0.08274643,0.0762557,0.8538063,119.18
211400,0.47,0.49,0.04,0.07372916,0.07689076,0.8834068,151.8
211500,0.4,0.55,0.05,0.08054664,0.08072034,0.9808089,151.83
211600,0.42,0.54,0.04,0.08084755,0.07308106,0.7820056,152.12
211700,0.36,0.6,0.04,0.07304498,0.06659447,0.8352065,136.99
211800,0.4,0.55,0.05,0.06739265,0.06206368,1.35461,163.63
211900,0.47,0.51,0.02,0.07098871,0.06353013,0.7232048,139.61
212000,0.44,0.52,0.04,0.09538469,0.09570596,0.9124061,134.73
212100,0.35,0.59,0.06,0.08368874,0.09534719,1.271813,166.3
212200,0.32,0.65,0.03,0.08047743,0.08517799,0.7482064,153.53
212300,0.41,0.52,0.07,0.07638376,0.07670434,1.284814,183.84
212400,0.39,0.59,0.02,0.09286048,0.08719999,0.7754055,134.28
212500,0.43,0.52,0.05,0.0937282,0.08624335,1.169611,154.44
212600,0.41,0.54,0.05,0.07557589,0.07477718,0.9666085,142.15
212700,0.42,0.56,0.02,0.07908911,0.07110984,0.6396041,125.86
212800,0.41,0.55,0.04,0.0922101,0.1057658,0.786808,148.6
212900,0.52,0.44,0.04,0.08032833,0.07570558,0.9542062,129.37
213000,0.42,0.55,0.03,0.08011127,0.08431294,0.376202,123.24
213100,0.4,0.54,0.06,0.09510072,0.09815247,0.753407,176.52
213200,0.34,0.58,0.08,0.07162565,0.05897588,1.402415,191.95
213300,0.42,0.55,0.03,0.08375637,0.08144022,0.8236068,129.57
213400,0.47,0.48,0.05,0.06765566,0.06519229,1.154607,153.35
213500,0.44,0.53,0.03,0.07980332,0.08275165,0.5762041,139.31
213600,0.45,0.52,0.03,0.07008916,0.0652814,0.5726017,136.19
213700,0.41,0.54,0.05,0.08691177,0.08743706,1.136208,156.4
213800,0.37,0.59,0.04,0.09710135,0.0994358,0.6622043,135.24
213900,0.44,0.5,0.06,0.09811902,0.09523571,1.296012,157.41
214000,0.44,0.52,0.04,0.09803057,0.104502,0.7942049,152.49
214100,0.45,0.5,0.05,0.08402764,0.0810054,0.8164052,158.81
214200,0.46,0.5,0.04,0.08937307,0.09057011,0.5618031,147.96
214300,0.4,0.56,0.04,0.07971924,0.07345589,0.6836044,135.23
214400,0.47,0.48,0.05,0.07017508,0.06556491,1.03101,149.73
214500,0.44,0.51,0.05,0.0939722,0.08293108,1.233611,140.91
214600,0.47,0.52,0.01,0.06855203,0.06574567,0.6324022,110.88
214700,0.41,0.55,0.04,0.08650491,0.09164616,0.9512089,142.19
214800,0.48,0.49,0.03,0.08306392,0.08173469,0.8652066,133.89
214900,0.46,0.51,0.03,0.1095608,0.1151821,0.9214068,133.64
215000,0.36,0.57,0.07,0.06852258,0.06985649,1.698618,197.27
215100,0.37,0.58,0.05,0.06210624,0.05916218,1.001208,161.62
215200,0.54,0.41,0.05,0.09163554,0.09910879,1.110809,154.6
215300,0.41,0.57,0.02,0.07608111,0.0753824,0.6330039,135.02
215400,0.48,0.46,0.06,0.07595045,0.07036109,1.212012,158.71
215500,0.36,0.59,0.05,0.07264236,0.06411904,0.8232063,169.27
215600,0.41,0.55,0.04,0.1020621,0.1103818,0.7760066,137.56
215700,0.44,0.55,0.01,0.07936367,0.07050873,0.5322021,123.21
215800,0.45,0.54,0.01,0.075704,0.07443202,0.4398024,118.24
215900,0.5,0.44,0.06,0.0790689,0.07509985,1.00261,157.89
216000,0.39,0.59,0.02,0.07549982,0.06757527,0.2921998,146.38
216100,0.53,0.43,0.04,0.06921895,0.06424784,1.249609,153.13
216200,0.4,0.51,0.09,0.09259714,0.08589169,1.491615,173.07
216300,0.45,0.52,0.03,0.08329127,0.08976559,1.073407,152.82
216400,0.4,0.57,0.03,0.07354718,0.06775107,0.7592047,158.82
216500,0.53,0.41,0.06,0.07951295,0.07996002,1.259211,147.17
216600,0.45,0.49,0.06,0.0824251,0.09193139,1.09601,179.9
216700,0.44,0.52,0.04,0.08305985,0.0777729,1.002009,129.84
216800,0.46,0.49,0.05,0.06662643,0.06383572,1.182809,157.14
216900,0.42,0.5,0.08,0.0690642,0.06014131,1.399014,174.09
217000,0.43,0.52,0.05,0.08975697,0.08587799,0.8730063,138.63
217100,0.39,0.54,0.07,0.07365979,0.06841155,1.556015,176.55
217200,0.41,0.53,0.06,0.08086447,0.07252884,1.15381,182.45
217300,0.39,0.53,0.08,0.07507616,0.07673326,1.600415,174.57
217400,0.36,0.58,0.06,0.07494851,0.07098791,1.163011,184.84
217500,0.46,0.49,0.05,0.0867581,0.0844932,1.034209,153.3
217600,0.38,0.54,0.08,0.08161186,0.07371061,1.490816,171.87
217700,0.42,0.56,0.02,0.08111794,0.08221411,0.5308045,131.3
217800,0.52,0.42,0.06,0.07337695,0.06740789,1.427012,177.9
217900,0.47,0.47,0.06,0.06784717,0.06057772,1.276811,184.54
218000,0.53,0.43,0.04,0.07492429,0.06799448,0.8446065,145.97
218100,0.44,0.54,0.02,0.08514591,0.08079968,0.3824016,134.72
218200,0.44,0.51,0.05,0.1075385,0.1047527,1.342411,162.36
218300,0.39,0.54,0.07,0.0637584,0.05770095,0.8638072,175.49
218400,0.41,0.54,0.05,0.06850401,0.06298847,1.125409,174.81
218500,0.4,0.51,0.09,0.07581148,0.06762408,1.562016,188.15
218600,0.42,0.54,0.04,0.07489807,0.07138805,0.8760064,151.67
218700,0.35,0.57,0.08,0.08799404,0.07958233,0.8914092,179.99
218800,0.38,0.58,0.04,0.07917261,0.07601596,0.8036064,153.03
218900,0.39,0.55,0.06,0.09013262,0.08485423,1.214211,151.76
219000,0.31,0.64,0.05,0.09194192,0.0852059,1.196211,141.53
219100,0.47,0.5,0.03,0.1058694,0.1038828,0.8270071,139.17
219200,0.4,0.52,0.08,0.06275772,0.05967628,1.166411,216.34
219300,0.44,0.5,0.06,0.08799223,0.1019451,0.8806071,171.97
219400,0.45,0.53,0.02,0.07229873,0.06896669,0.6780041,150.02
219500,0.44,0.49,0.07,0.08580016,0.07712369,1.575215,176.89
219600,0.47,0.5,0.03,0.07535151,0.07485691,0.8454064,128.23
219700,0.35,0.6,0.05,0.07429066,0.06331982,1.03981,141.31
219800,0.43,0.53,0.04,0.0739533,0.07114884,0.7896063,154.96
219900,0.38,0.57,0.05,0.1201703,0.1178496,0.3820017,146.68
220000,0.47,0.51,0.02,0.08605447,0.07374293,0.5628042,112.08
220100,0.43,0.56,0.01,0.0738574,0.06659747,0.4232019,125.1
220200,0.43,0.47,0.1,0.08448538,0.07318348,2.080424,192.05
220300,0.32,0.67,0.01,0.07348008,0.06856559,0.4274024,104.4
220400,0.41,0.55,0.04,0.09933897,0.087534,0.9458089,154.14
220500,0.42,0.53,0.05,0.06898017,0.06733293,1.26761,167.92
220600,0.49,0.5,0.01,0.07565984,0.08630715,0.563602,126.06
220700,0.44,0.54,0.02,0.08660157,0.07977821,0.5712038,116.68
220800,0.47,0.49,0.04,0.06845154,0.06669337,0.9398087,139.35
220900,0.48,0.49,0.03,0.07064693,0.07346618,0.7232047,142.98
221000,0.39,0.57,0.04,0.08400689,0.07726321,0.5970047,145.64
221100,0.46,0.46,0.08,0.08418277,0.07974584,1.479414,177.97
221200,0.4,0.57,0.03,0.06410556,0.06112435,0.866206,166.3
221300,0.47,0.48,0.05,0.07323276,0.06498986,1.265211,169.79
221400,0.37,0.6,0.03,0.07815118,0.0646951,0.8086073,154.98
221500,0.41,0.53,0.06,0.07581509,0.0723733,1.288612,148.66
221600,0.44,0.49,0.07,0.0829797,0.08677616,1.323613,164.95
221700,0.43,0.49,0.08,0.0870296,0.08039058,1.630217,190.72
221800,0.44,0.54,0.02,0.1146741,0.1263,0.5664043,109.36
221900,0.44,0.49,0.07,0.1085984,0.112938,1.489817,177.5
222000,0.49,0.45,0.06,0.07755975,0.08423505,0.7704043,167.99
222100,0.4,0.59,0.01,0.07098783,0.05895542,0.3178,149.46
222200,0.42,0.56,0.02,0.08641305,0.1002251,0.364202,130.96
222300,0.37,0.6,0.03,0.068563,0.06571179,0.8586069,141.09
222400,0.44,0.55,0.01,0.08103946,0.07779507,0.5266021,133.68
222500,0.4,0.54,0.06,0.07145358,0.06921831,1.441013,170.12
222600,0.38,0.53,0.09,0.06941472,0.07031106,1.88162,193.45
222700,0.49,0.47,0.04,0.08802542,0.08388168,0.8934064,152.33
222800,0.34,0.59,0.07,0.07112414,0.09546366,1.297613,177.56
222900,0.39,0.58,0.03,0.084676,0.08147338,0.7508071,134.35
223000,0.4,0.51,0.09,0.08635738,0.09175852,1.452816,209.53
223100,0.54,0.39,0.07,0.08147617,0.0850753,1.407811,161.15
223200,0.42,0.52,0.06,0.08925946,0.08689442,1.144211,182.43
223300,0.37,0.56,0.07,0.06530536,0.0627822,1.432413,173.04
223400,0.37,0.55,0.08,0.07557398,0.06815145,1.070412,193.08
223500,0.35,0.57,0.08,0.07259149,0.06929399,1.511616,187.61
223600,0.33,0.6,0.07,0.0787947,0.07471161,1.504016,171.75
223700,0.39,0.58,0.03,0.09718104,0.09210968,0.8618069,147.94
223800,0.38,0.58,0.04,0.07424907,0.06881631,0.7252061,147.78
223900,0.4,0.53,0.07,0.07210489,0.06650462,1.498216,166.45
224000,0.49,0.46,0.05,0.07420037,0.06611273,1.495813,162.51
224100,0.39,0.55,0.06,0.09328777,0.1053098,1.309213,156.71
224200,0.45,0.5,0.05,0.07708436,0.06658665,0.6084046,131.17
224300,0.33,0.63,0.04,0.07260884,0.06822839,0.9388083,161.98
224400,0.44,0.53,0.03,0.08010637,0.07670262,0.6552043,132.58
224500,0.4,0.56,0.04,0.08111944,0.07855321,0.7980069,137.37
224600,0.48,0.51,0.01,0.0870141,0.08822076,0.5214016,140.92
224700,0.38,0.57,0.05,0.08604982,0.07970104,1.067011,147.62
224800,0.4,0.54,0.06,0.07772654,0.0749825,1.371214,165.94
224900,0.46,0.49,0.05,0.09221517,0.08691584,1.02821,143.64
225000,0.39,0.54,0.07,0.07657359,0.08632012,1.381613,168.51
225100,0.42,0.54,0.04,0.07146408,0.06189122,0.8812062,152.12
225200,0.42,0.53,0.05,0.07662471,0.07123621,1.115209,149.67
225300,0.45,0.52,0.03,0.08024907,0.07327046,0.8184073,130.02
225400,0.5,0.44,0.06,0.08193119,0.07858619,1.355811,154.66
225500,0.51,0.45,0.04,0.06811614,0.08098626,1.018008,143.83
225600,0.47,0.48,0.05,0.0657494,0.06400294,1.13301,154.16
225700,0.44,0.49,0.07,0.07175803,0.07498211,1.515414,172.81
225800,0.43,0.5,0.07,0.07532069,0.08394515,1.446216,174.89
225900,0.51,0.43,0.06,0.07471597,0.06483272,1.145009,164.69
226000,0.5,0.45,0.05,0.06458037,0.05993718,1.217811,146.76
226100,0.36,0.6,0.04,0.0761921,0.06509706,1.04721,167.64
226200,0.45,0.49,0.06,0.07977943,0.06996098,1.069811,161.23
226300,0.4,0.56,0.04,0.08832813,0.08400563,0.7074062,144.69
226400,0.34,0.57,0.09,0.07151531,0.0640223,1.598016,193.88
226500,0.47,0.45,0.08,0.08811292,0.08149381,1.340213,175.08
226600,0.46,0.49,0.05,0.07071961,0.06372162,1.127409,154.69
226700,0.49,0.5,0.01,0.08091556,0.07363255,0.538802,128.54
226800,0.4,0.53,0.07,0.07069685,0.06488251,1.550217,180.91
226900,0.48,0.44,0.08,0.07672469,0.07496555,1.672217,177.94
227000,0.4,0.54,0.06,0.07427814,0.06983246,1.335814,166.31
227100,0.36,0.55,0.09,0.06969389,0.06785803,1.550617,186.68
227200,0.37,0.58,0.05,0.08342736,0.07522809,1.096812,149.5
227300,0.45,0.5,0.05,0.08124583,0.07272258,0.6980041,152.93
227400,0.46,0.49,0.05,0.09031861,0.0801518,1.022409,134.08
227500,0.45,0.5,0.05,0.07399325,0.07350723,1.264211,145.74
227600,0.46,0.43,0.11,0.1062041,0.1030509,1.863018,194.07
227700,0.4,0.56,0.04,0.07434571,0.07046395,1.129808,135.2
227800,0.56,0.39,0.05,0.06840758,0.07191654,1.132409,150.97
227900,0.42,0.55,0.03,0.07975941,0.07664029,0.8654063,152.82
228000,0.38,0.57,0.05,0.07081652,0.06184108,1.08561,154.64
228100,0.53,0.4,0.07,0.08883629,0.09567608,1.572215,165.26
228200,0.4,0.58,0.02,0.07701179,0.07388583,0.4770016,134.27
228300,0.32,0.57,0.11,0.0952268,0.08984748,1.482014,198.89
228400,0.43,0.51,0.06,0.07685579,0.08664095,1.10601,176.86
228500,0.39,0.53,0.08,0.07217035,0.06670216,1.126212,185.03
228600,0.42,0.5,0.08,0.09065992,0.1020528,1.402015,170.97
228700,0.42,0.56,0.02,0.07248594,0.05842838,0.4620025,114.57
228800,0.37,0.57,0.06,0.09205122,0.0847496,1.26041,175.2
228900,0.46,0.5,0.04,0.08364375,0.09060188,1.105209,129.72
229000,0.49,0.44,0.07,0.07177526,0.06439339,1.363611,160.13
229100,0.47,0.46,0.07,0.07636189,0.07555586,1.232811,162.93
229200,0.44,0.47,0.09,0.06950936,0.06511726,1.666616,178.98
229300,0.41,0.56,0.03,0.07634337,0.0777846,0.8500075,122.59
229400,0.49,0.47,0.04,0.1155691,0.1104097,0.8878062,154.26
229500,0.4,0.55,0.05,0.08656003,0.0965288,0.9898084,186
229600,0.44,0.53,0.03,0.07252041,0.06296532,0.4482024,143.64
229700,0.51,0.43,0.06,0.08137093,0.08340832,1.13881,164.77
229800,0.48,0.49,0.03,0.07906098,0.07833456,0.9070065,160.24
229900,0.48,0.49,0.03,0.07871342,0.06219638,0.9072073,127.12
230000,0.47,0.5,0.03,0.0765988,0.07616554,0.8246037,146.16
230100,0.52,0.43,0.05,0.06644323,0.05879536,1.134409,147.94
230200,0.39,0.53,0.08,0.1083099,0.1326464,1.596016,169.68
230300,0.43,0.49,0.08,0.07288161,0.07581273,1.533815,180.68
230400,0.43,0.5,0.07,0.0912687,0.09280695,1.502015,174
230500,0.47,0.43,0.1,0.06773742,0.06241776,1.792017,203.26
230600,0.43,0.5,0.07,0.0870827,0.08395725,1.294612,168.41
230700,0.4,0.54,0.06,0.073273,0.07045575,1.229211,144.17
230800,0.42,0.53,0.05,0.07209069,0.07590365,1.104808,161.6
230900,0.46,0.5,0.04,0.0856763,0.08294424,1.120209,157.46
231000,0.35,0.59,0.06,0.07299743,0.06157721,1.168212,178
231100,0.44,0.49,0.07,0.07272401,0.07081825,1.560414,169.17
231200,0.46,0.45,0.09,0.06748857,0.06709181,1.712617,181.1
231300,0.45,0.52,0.03,0.08903019,0.08604585,0.9636067,132.36
231400,0.49,0.42,0.09,0.07184341,0.07222559,1.851818,187.31
231500,0.41,0.54,0.05,0.07038774,0.05964566,1.171612,176.28
231600,0.51,0.43,0.06,0.08601712,0.08304764,1.311812,149.52
231700,0.34,0.56,0.1,0.08275066,0.07108711,1.234611,202.9
231800,0.44,0.51,0.05,0.07095174,0.06645692,1.29181,157.76
231900,0.43,0.55,0.02,0.07644732,0.07721079,0.5970018,122.77
232000,0.43,0.49,0.08,0.0805866,0.08042464,1.166212,177.46
232100,0.49,0.45,0.06,0.07362005,0.07055292,1.275013,146.13
232200,0.52,0.4,0.08,0.07827668,0.08775402,1.562212,166.13
232300,0.48,0.48,0.04,0.07275219,0.08493019,1.098206,171.46
232400,0.39,0.55,0.06,0.09890125,0.1019669,1.434014,146.18
232500,0.46,0.44,0.1,0.08671537,0.1014575,2.169422,197.8
232600,0.37,0.55,0.08,0.09282584,0.08552739,1.518417,184.83
232700,0.49,0.46,0.05,0.09046489,0.09844936,1.154811,154.11
232800,0.44,0.44,0.12,0.07203699,0.07233354,2.327025,218.78
232900,0.47,0.47,0.06,0.07751947,0.08079332,1.20601,155.5
233000,0.41,0.5,0.09,0.06508739,0.05986779,1.309211,203.16
233100,0.37,0.57,0.06,0.08450852,0.08060833,1.065611,151.29
233200,0.49,0.48,0.03,0.08418718,0.08098792,0.8708069,135.21
233300,0.49,0.46,0.05,0.09019122,0.07337873,1.112611,149.97
233400,0.43,0.5,0.07,0.06205394,0.06409007,1.292812,175.49
233500,0.41,0.56,0.03,0.08959831,0.07917531,0.7648072,112.63
233600,0.5,0.47,0.03,0.07285536,0.07346098,0.8770071,126.87
233700,0.45,0.49,0.06,0.07032248,0.07069175,1.12281,153.38
233800,0.41,0.54,0.05,0.08461428,0.08141178,1.113809,164.25
233900,0.42,0.49,0.09,0.07859734,0.08177224,1.523415,186.41
234000,0.4,0.54,0.06,0.08136647,0.07337292,1.215211,161.26
234100,0.43,0.49,0.08,0.09264356,0.08399519,1.487016,173.17
234200,0.43,0.5,0.07,0.07116316,0.0678601,1.255012,197.95
234300,0.44,0.51,0.05,0.08561326,0.07472765,0.9458088,158.59
234400,0.43,0.53,0.04,0.1009423,0.1095566,0.6986035,160.17
234500,0.45,0.54,0.01,0.08437355,0.08659479,0.2429998,111.31
234600,0.45,0.47,0.08,0.07132825,0.07380986,1.574413,197.23
234700,0.41,0.51,0.08,0.06571002,0.0612054,1.434814,178.36
234800,0.53,0.42,0.05,0.07788894,0.08824964,1.349211,161.08
234900,0.44,0.55,0.01,0.1039183,0.1011687,0.3940021,108.71
235000,0.38,0.59,0.03,0.09367754,0.08457214,0.7346073,140.56
235100,0.37,0.54,0.09,0.09773199,0.1045877,1.484215,197.84
235200,0.49,0.46,0.05,0.08601823,0.0758777,0.940407,154.14
235300,0.4,0.54,0.06,0.07379442,0.06912595,1.104409,168.66
235400,0.5,0.47,0.03,0.06877083,0.05940865,0.9160066,146.35
235500,0.39,0.52,0.09,0.08196316,0.09699283,1.80262,181.09
235600,0.46,0.48,0.06,0.071192,0.06442057,1.421214,161.21
235700,0.4,0.53,0.07,0.08418848,0.07180023,1.418615,181.2
235800,0.38,0.57,0.05,0.08244437,0.07287618,0.9398081,167.11
235900,0.43,0.52,0.05,0.06491663,0.06471408,1.037809,164.96
236000,0.44,0.46,0.1,0.08881667,0.09053302,2.185823,192.77
236100,0.46,0.51,0.03,0.08156752,0.07517384,1.026608,132.91
236200,0.49,0.46,0.05,0.07818404,0.09684902,1.317811,151.32
236300,0.48,0.49,0.03,0.09836302,0.1202732,1.132606,134.65
236400,0.39,0.56,0.05,0.06236434,0.05936135,1.195611,167.63
236500,0.44,0.48,0.08,0.08076845,0.09168091,1.335013,182.11
236600,0.42,0.52,0.06,0.07001762,0.05899642,1.127611,162.47
236700,0.38,0.56,0.06,0.09910135,0.08352878,1.066409,162.1
236800,0.49,0.47,0.04,0.0740766,0.08098932,1.17981,142.43
236900,0.37,0.58,0.05,0.08077846,0.07252258,0.9526097,144.12
237000,0.46,0.5,0.04,0.07305877,0.06412081,0.9506072,157.45
237100,0.49,0.44,0.07,0.07172942,0.06390406,1.043807,155.35
237200,0.52,0.45,0.03,0.06623507,0.06224396,0.8380061,147.86
237300,0.45,0.47,0.08,0.06819075,0.08026671,1.413413,177.42
237400,0.35,0.58,0.07,0.0933451,0.08633861,1.529216,174
237500,0.45,0.49,0.06,0.06884578,0.06687652,1.151808,182.58
237600,0.46,0.47,0.07,0.06587231,0.06831746,1.562214,165.58
237700,0.37,0.6,0.03,0.07575038,0.07774442,0.817207,140.32
237800,0.36,0.58,0.06,0.07752874,0.0753007,0.8812073,154.61
237900,0.49,0.45,0.06,0.06723338,0.06565128,1.095408,148.39
238000,0.45,0.43,0.12,0.07187677,0.06753184,1.898619,226.8
238100,0.41,0.56,0.03,0.08494718,0.08944847,0.6318044,141.67
238200,0.38,0.56,0.06,0.06881385,0.0670401,0.982208,170.64
238300,0.38,0.57,0.05,0.09299687,0.09841482,1.184612,163.52
238400,0.43,0.54,0.03,0.07458998,0.07162566,0.9442065,134.71
238500,0.42,0.48,0.1,0.0765902,0.07395067,1.772217,201.92
238600,0.43,0.5,0.07,0.06329758,0.06623232,1.146208,182.32
238700,0.44,0.47,0.09,0.07731702,0.07431092,1.836017,180.27
238800,0.35,0.58,0.07,0.07840433,0.08685248,1.617217,192.43
238900,0.45,0.48,0.07,0.08447164,0.08474806,1.294814,166.28
239000,0.34,0.6,0.06,0.08001564,0.08365877,1.064012,157.17
239100,0.4,0.53,0.07,0.08537483,0.0845562,1.588817,186.97
239200,0.38,0.57,0.05,0.08137959,0.09833851,1.05161,147.94
239300,0.34,0.63,0.03,0.07744953,0.08136807,0.682204,129.66
239400,0.41,0.56,0.03,0.06701108,0.06121308,0.464002,149.13
239500,0.4,0.57,0.03,0.07489969,0.0700326,0.5468039,130.88
239600,0.28,0.69,0.03,0.09216974,0.07915348,0.6638058,134.42
239700,0.38,0.56,0.06,0.07254572,0.0657392,0.9910087,153.86
239800,0.32,0.56,0.12,0.05966539,0.05507405,2.172624,222.13
239900,0.48,0.46,0.06,0.09108424,0.08471486,1.402214,174.12
240000,0.34,0.59,0.07,0.07315525,0.07023669,1.519616,167.09
240100,0.44,0.54,0.02,0.1040015,0.101097,0.714004,136.79
240200,0.36,0.56,0.08,0.06605611,0.06120866,1.220811,179
240300,0.39,0.52,0.09,0.08970929,0.082417,1.712017,213.79
240400,0.37,0.57,0.06,0.09305125,0.1005566,1.102212,164.86
240500,0.4,0.57,0.03,0.09557871,0.1074379,0.7918065,144.93
240600,0.37,0.58,0.05,0.07764559,0.08925471,0.9734086,160.4
240700,0.47,0.48,0.05,0.1000683,0.09155165,1.045209,153.63
240800,0.41,0.51,0.08,0.08131794,0.08433001,1.821417,191.04
240900,0.32,0.65,0.03,0.07582954,0.06953164,0.5378023,142.17
241000,0.35,0.58,0.07,0.07655948,0.08161411,1.478816,178.93
241100,0.32,0.61,0.07,0.07195654,0.07070677,1.341412,172.73
241200,0.39,0.54,0.07,0.07027545,0.0651544,1.351614,167.34
241300,0.36,0.58,0.06,0.08726735,0.0851828,0.9564079,176.54
241400,0.44,0.51,0.05,0.07547117,0.07264648,1.199411,155.08
241500,0.34,0.56,0.1,0.07696564,0.07770364,1.572418,175.18
241600,0.39,0.54,0.07,0.07192853,0.07253849,1.350013,178.85
241700,0.42,0.55,0.03,0.07571259,0.06465244,0.8630064,147.24
241800,0.34,0.57,0.09,0.06804171,0.06772295,1.414816,194.1
241900,0.45,0.51,0.04,0.1123352,0.1008524,1.012209,144.21
242000,0.34,0.59,0.07,0.08268585,0.07501803,1.314215,167.3
242100,0.41,0.51,0.08,0.06779645,0.05999018,1.363613,187.78
242200,0.47,0.46,0.07,0.06959653,0.07421101,1.189609,178.87
242300,0.39,0.5,0.11,0.08406685,0.08290242,2.093223,202.13
242400,0.39,0.53,0.08,0.07429168,0.06905918,1.130812,186.09
242500,0.44,0.5,0.06,0.08301216,0.07668657,1.063408,164.97
242600,0.45,0.48,0.07,0.07431011,0.06963957,1.397414,163.63
242700,0.49,0.46,0.05,0.07281825,0.06684794,1.223011,149.88
242800,0.35,0.62,0.03,0.08895395,0.08162866,0.7968066,145.46
242900,0.36,0.53,0.11,0.08720131,0.08819288,1.416014,210.75
243000,0.41,0.49,0.1,0.08060186,0.07081427,1.516615,176.67
243100,0.41,0.54,0.05,0.08140765,0.0774757,1.133009,156.12
243200,0.35,0.55,0.1,0.08784757,0.08383549,1.851019,225.75
243300,0.41,0.53,0.06,0.08030844,0.1010539,1.134612,161.83
243400,0.32,0.62,0.06,0.07248952,0.05802477,1.195212,154.99
243500,0.43,0.51,0.06,0.07635286,0.05927145,1.318611,183.78
243600,0.38,0.54,0.08,0.08036355,0.08107047,1.390614,170.94
243700,0.37,0.57,0.06,0.0771456,0.08281226,0.9978084,173.87
243800,0.42,0.52,0.06,0.08479703,0.08804718,1.195011,165.41
243900,0.41,0.52,0.07,0.07867524,0.07742193,1.168211,179.86
244000,0.39,0.49,0.12,0.06413476,0.06056711,2.488426,246.19
244100,0.35,0.61,0.04,0.07235443,0.06420562,0.6528046,154.43
244200,0.43,0.52,0.05,0.06517597,0.05684838,1.077411,150.02
244300,0.35,0.57,0.08,0.07640465,0.06433301,1.188011,194.26
244400,0.36,0.59,0.05,0.09014917,0.09505265,1.089611,139.76
244500,0.44,0.48,0.08,0.0698205,0.06605628,1.483414,174.04
244600,0.4,0.55,0.05,0.08250028,0.07612745,0.641804,143.77
244700,0.38,0.58,0.04,0.08063609,0.09344186,0.9770088,144.55
244800,0.43,0.53,0.04,0.07042892,0.07073873,1.166409,151.6
244900,0.4,0.5,0.1,0.07984138,0.07972451,1.820416,205.18
245000,0.4,0.53,0.07,0.0804975,0.07366194,1.11081,164.47
245100,0.36,0.54,0.1,0.07919441,0.07738559,1.89022,187.79
245200,0.38,0.56,0.06,0.0686624,0.06159457,1.382214,173.06
245300,0.38,0.54,0.08,0.07437186,0.1036248,1.465616,165.71
245400,0.46,0.48,0.06,0.07657992,0.0719925,1.21281,160.15
245500,0.36,0.53,0.11,0.07566459,0.07432327,1.917421,220.59
245600,0.37,0.54,0.09,0.08707352,0.09644067,1.651816,195.86
245700,0.35,0.59,0.06,0.08956903,0.1065181,1.052011,161.74
245800,0.38,0.51,0.11,0.06528615,0.07031556,1.159011,202.56
245900,0.33,0.58,0.09,0.09863032,0.1009686,1.606618,183.23
246000,0.38,0.57,0.05,0.08195771,0.07174392,1.00501,166.08
246100,0.41,0.5,0.09,0.06218198,0.05877188,1.437613,184.98
246200,0.35,0.55,0.1,0.08546367,0.08382419,1.305013,197.09
246300,0.45,0.54,0.01,0.07782856,0.07765479,0.4254025,124.27
246400,0.38,0.55,0.07,0.08487035,0.09582251,1.11521,172.76
246500,0.37,0.54,0.09,0.09309985,0.08593254,1.585015,196.36
246600,0.38,0.55,0.07,0.07700269,0.0924076,1.121211,171.47
246700,0.39,0.57,0.04,0.08893803,0.08492556,0.9370088,160.43
246800,0.31,0.61,0.08,0.07963602,0.08694763,1.508416,152.35
246900,0.42,0.54,0.04,0.0956867,0.08775141,0.4414021,144.54
247000,0.45,0.5,0.05,0.09099302,0.08882236,0.9542098,157.76
247100,0.45,0.49,0.06,0.09625824,0.09492371,1.106809,154.04
247200,0.3,0.61,0.09,0.06467791,0.06064386,0.987808,183.8
247300,0.45,0.47,0.08,0.09075429,0.08839961,1.743016,188.59
247400,0.42,0.52,0.06,0.07929191,0.06724229,1.405012,159.52
247500,0.39,0.55,0.06,0.08685566,0.09195972,1.075608,154.06
247600,0.4,0.55,0.05,0.07241677,0.06159211,0.8042069,152.24
247700,0.4,0.51,0.09,0.09386226,0.08894027,1.219611,195.54
247800,0.34,0.63,0.03,0.07233851,0.06020771,0.5124044,140.11
247900,0.44,0.48,0.08,0.09503841,0.08935408,1.340413,182.73
248000,0.33,0.59,0.08,0.09230978,0.08267737,1.250011,183.04
248100,0.49,0.47,0.04,0.08682419,0.1011982,1.040606,150.17
248200,0.41,0.51,0.08,0.07174944,0.06953086,1.242211,189.47
248300,0.49,0.47,0.04,0.09555061,0.09538736,0.9940094,143.76
248400,0.46,0.5,0.04,0.06972069,0.06080664,1.011008,156.3
248500,0.37,0.59,0.04,0.07760937,0.07757737,0.7254061,164.63
248600,0.4,0.54,0.06,0.09248909,0.09552247,1.093011,149.14
248700,0.44,0.49,0.07,0.08418142,0.09452633,0.8726068,169.01
248800,0.46,0.44,0.1,0.1006873,0.1002872,1.588417,195.09
248900,0.38,0.56,0.06,0.07835827,0.06588434,1.253211,167.72
249000,0.39,0.54,0.07,0.0815433,0.08884352,1.560016,168.71
249100,0.4,0.51,0.09,0.1122356,0.1243652,1.514614,204.55
249200,0.38,0.51,0.11,0.08083135,0.08094146,2.097822,210.21
249300,0.34,0.62,0.04,0.1068802,0.1076933,0.6756044,151.04
249400,0.38,0.55,0.07,0.0838199,0.07882122,1.03301,161.41
249500,0.41,0.53,0.06,0.07801345,0.07061166,1.11601,171.5
249600,0.43,0.48,0.09,0.07235038,0.06208285,1.349014,197.6
249700,0.42,0.52,0.06,0.08114556,0.07884107,1.016609,194.23
249800,0.43,0.48,0.09,0.07406242,0.06771506,1.426215,210.12
249900,0.39,0.54,0.07,0.07845815,0.06870037,1.397214,165.01
250000,0.34,0.56,0.1,0.08756751,0.0793137,0.9798092,193.2
250100,0.49,0.48,0.03,0.08104883,0.08191969,0.8460069,139.7
250200,0.31,0.61,0.08,0.08072874,0.07023973,1.449816,183.31
250300,0.46,0.49,0.05,0.07180968,0.06494867,1.052609,187.48
250400,0.38,0.56,0.06,0.06877916,0.06232529,1.145012,176.91
250500,0.4,0.54,0.06,0.08065262,0.07506277,0.9386083,147.52
250600,0.31,0.6,0.09,0.07981604,0.07617162,1.997821,212.25
250700,0.51,0.45,0.04,0.08104075,0.08624479,0.9868068,135.54
250800,0.33,0.56,0.11,0.0703027,0.06565259,1.607416,197.45
250900,0.36,0.54,0.1,0.07937375,0.0720969,1.881422,210.28
251000,0.36,0.6,0.04,0.07276323,0.06801305,0.9070061,141.72
251100,0.38,0.58,0.04,0.0794968,0.08036215,0.739807,136.28
251200,0.4,0.52,0.08,0.1011004,0.09824049,1.376014,180.86
251300,0.36,0.59,0.05,0.08212017,0.08951238,1.186011,160.57
251400,0.38,0.56,0.06,0.07850002,0.07933132,1.282813,192.44
251500,0.42,0.53,0.05,0.08348449,0.07270525,1.06841,153.38
251600,0.42,0.52,0.06,0.06933117,0.07941859,1.379413,160.84
251700,0.39,0.54,0.07,0.07671025,0.0788948,1.079009,181.23
251800,0.36,0.58,0.06,0.08391531,0.0826818,1.414013,168.8
251900,0.4,0.52,0.08,0.07748143,0.09097119,1.716217,188.73
252000,0.34,0.61,0.05,0.07862534,0.07409685,1.107611,158.15
252100,0.47,0.5,0.03,0.08050895,0.0838148,0.6786047,127.32
252200,0.37,0.6,0.03,0.08041041,0.09448045,0.1943998,142.21
252300,0.43,0.49,0.08,0.08143419,0.07316078,1.528816,174.61
252400,0.31,0.62,0.07,0.07187691,0.0674299,1.420814,165.06
252500,0.38,0.57,0.05,0.07227632,0.0768692,0.9280084,156.68
252600,0.43,0.51,0.06,0.07596672,0.07084858,1.560814,164.22
252700,0.33,0.58,0.09,0.08553764,0.08017329,1.506416,194.27
252800,0.38,0.58,0.04,0.07806899,0.07007923,0.7126067,156.82
252900,0.43,0.52,0.05,0.07332667,0.07052889,1.033009,152.58
253000,0.34,0.58,0.08,0.07714963,0.08208534,1.450813,194.09
253100,0.4,0.52,0.08,0.09071489,0.0884411,1.496615,172.83
253200,0.42,0.53,0.05,0.07796437,0.08408096,1.122209,164.24
253300,0.39,0.56,0.05,0.08418664,0.08143947,1.258812,147.62
253400,0.37,0.56,0.07,0.07165812,0.06586716,1.374413,174.28
253500,0.48,0.44,0.08,0.0713614,0.07174311,1.731817,195.42
253600,0.4,0.55,0.05,0.08930812,0.09019992,0.8606088,146.15
253700,0.35,0.57,0.08,0.07685258,0.0761243,1.275814,180.09
253800,0.38,0.54,0.08,0.08641525,0.1047433,1.882419,183.44
253900,0.38,0.55,0.07,0.08522619,0.08999172,1.601217,171.4
254000,0.4,0.57,0.03,0.06759995,0.06150103,0.7768044,147.88
254100,0.38,0.58,0.04,0.08419424,0.08123268,0.9646092,142.47
254200,0.37,0.6,0.03,0.08051068,0.07621499,0.4596045,135.58
254300,0.45,0.5,0.05,0.07426291,0.06411544,0.9640092,147.65
254400,0.49,0.41,0.1,0.06948118,0.06787335,1.919819,201.54
254500,0.36,0.59,0.05,0.08782814,0.09227255,1.262412,174.56
254600,0.35,0.57,0.08,0.08327504,0.08422995,1.394814,171.19
254700,0.38,0.51,0.11,0.07066352,0.0689549,1.85902,226.34
254800,0.49,0.47,0.04,0.09400706,0.09460309,1.120209,155.15
254900,0.42,0.51,0.07,0.08474331,0.08668975,0.9786086,185.35
255000,0.49,0.47,0.04,0.08019374,0.06984635,1.042209,143.97
255100,0.44,0.5,0.06,0.08165894,0.07252737,1.362013,156.53
255200,0.48,0.47,0.05,0.08675847,0.08007769,1.066609,147.54
255300,0.48,0.44,0.08,0.08550338,0.07914899,1.771615,191.21
255400,0.35,0.58,0.07,0.07654016,0.07536468,1.295612,158.16
255500,0.4,0.53,0.07,0.07539101,0.07957561,1.345812,158.87
255600,0.35,0.58,0.07,0.09371705,0.1052965,1.542414,185.62
255700,0.39,0.58,0.03,0.08913095,0.09158304,0.8172071,126.93
255800,0.39,0.53,0.08,0.08534315,0.09605053,1.711416,185.45
255900,0.47,0.48,0.05,0.06652685,0.06136629,1.038208,156.69
256000,0.47,0.49,0.04,0.08207382,0.08172308,0.881807,155.74
256100,0.39,0.53,0.08,0.09369216,0.0925463,1.202611,175.99
256200,0.43,0.48,0.09,0.07280296,0.08669376,1.789016,197.62
256300,0.35,0.53,0.12,0.06998569,0.06904791,2.207625,209.88
256400,0.37,0.54,0.09,0.09045288,0.0987469,1.730618,192.42
256500,0.41,0.48,0.11,0.09328601,0.1039284,2.207024,197.14
256600,0.42,0.48,0.1,0.09480416,0.09988761,1.769619,186.41
256700,0.36,0.58,0.06,0.09030175,0.08884954,1.119612,177.29
256800,0.35,0.56,0.09,0.07493934,0.06997836,1.802619,216.73
256900,0.4,0.57,0.03,0.1245258,0.1181488,0.5874046,129.97
257000,0.41,0.51,0.08,0.07852216,0.07893761,1.362213,180.35
257100,0.39,0.54,0.07,0.08133858,0.08781103,1.441814,175.86
257200,0.36,0.58,0.06,0.0786941,0.07588529,1.093612,158.33
257300,0.32,0.6,0.08,0.07061137,0.0819865,1.449614,188.61
257400,0.36,0.6,0.04,0.09654882,0.1099232,0.9924082,130.77
257500,0.42,0.52,0.06,0.09667561,0.09448025,0.6468043,179.27
257600,0.4,0.54,0.06,0.08255195,0.08144107,1.272611,173.2
257700,0.42,0.5,0.08,0.08698539,0.105695,1.449814,181.54
257800,0.37,0.56,0.07,0.09217431,0.1027577,1.269814,163.25
257900,0.47,0.49,0.04,0.08447919,0.07962199,0.713604,143.5
258000,0.33,0.6,0.07,0.08345982,0.08349309,1.447615,180.5
258100,0.43,0.55,0.02,0.08732486,0.09532813,0.7780045,147.13
258200,0.38,0.55,0.07,0.07432795,0.06827687,1.566616,182.42
258300,0.42,0.51,0.07,0.072169,0.06496415,1.257012,188.17
258400,0.42,0.49,0.09,0.07826089,0.09451082,1.865817,212.53
258500,0.43,0.51,0.06,0.07951686,0.07975183,1.380614,153.36
258600,0.38,0.49,0.13,0.0864144,0.08900046,2.076823,230.41
258700,0.39,0.58,0.03,0.08262429,0.09071855,1.000206,151.09
258800,0.51,0.45,0.04,0.07327691,0.07283992,1.110209,150.75
258900,0.43,0.56,0.01,0.06729379,0.06873176,0.3477997,138.81
259000,0.4,0.57,0.03,0.07685049,0.07730498,0.9416068,139.48
259100,0.44,0.49,0.07,0.07641996,0.08062986,1.554616,176.05
259200,0.46,0.48,0.06,0.07705998,0.08130766,1.374013,156.09
259300,0.37,0.58,0.05,0.07774768,0.06157274,0.6628053,157.31
259400,0.51,0.44,0.05,0.08036733,0.08430566,1.416212,187.64
259500,0.4,0.54,0.06,0.09043813,0.0859234,0.975207,173.42
259600,0.34,0.58,0.08,0.06895861,0.06237218,1.657815,180.12
259700,0.36,0.58,0.06,0.08420368,0.08054559,1.247612,171.29
259800,0.28,0.63,0.09,0.07837208,0.06933653,1.214414,192.32
259900,0.43,0.48,0.09,0.08397382,0.06959854,1.791617,203.32
260000,0.29,0.63,0.08,0.1138169,0.1217013,1.463217,172.41
260100,0.4,0.52,0.08,0.06947157,0.06349822,1.226012,185.75
260200,0.5,0.45,0.05,0.07579162,0.08291092,1.044408,154.94
260300,0.51,0.44,0.05,0.08999,0.09736915,1.33201,142.01
260400,0.42,0.49,0.09,0.07036406,0.06515345,1.777218,184.41
260500,0.38,0.51,0.11,0.07177932,0.06816572,2.370026,205.92
260600,0.45,0.5,0.05,0.07497612,0.06851992,1.042409,143.24
260700,0.34,0.63,0.03,0.08667478,0.07963744,0.5762045,145.78
260800,0.42,0.49,0.09,0.07620986,0.08225904,1.420815,208.15
260900,0.39,0.57,0.04,0.07116264,0.06114532,0.8588068,183.17
261000,0.49,0.45,0.06,0.07571393,0.06916594,1.153409,151.31
261100,0.45,0.53,0.02,0.06892952,0.06183341,0.7214044,144.64
261200,0.37,0.58,0.05,0.08140154,0.1011823,0.8530071,147.49
261300,0.44,0.51,0.05,0.1010607,0.1142127,1.375812,155.12
261400,0.48,0.47,0.05,0.08706798,0.08835213,1.006809,147.61
261500,0.44,0.55,0.01,0.08552545,0.07982235,0.2705998,128.94
261600,0.39,0.55,0.06,0.06879432,0.06458756,1.304212,161.8
261700,0.34,0.61,0.05,0.07524306,0.06178145,1.171411,159.38
261800,0.43,0.52,0.05,0.08461714,0.08704489,0.9620084,145.53
261900,0.3,0.62,0.08,0.09129939,0.08788956,1.256813,187.94
262000,0.45,0.46,0.09,0.07258697,0.07802034,1.991019,211.91
262100,0.45,0.49,0.06,0.07402953,0.07095705,1.445814,154.72
262200,0.34,0.56,0.1,0.09295434,0.09374738,2.158424,201.4
262300,0.45,0.5,0.05,0.07585839,0.07762066,1.074209,153.42
262400,0.35,0.6,0.05,0.07804997,0.08331217,0.9664067,168.87
262500,0.41,0.56,0.03,0.09327251,0.09563331,0.9714075,140.2
262600,0.45,0.47,0.08,0.07969722,0.08056519,1.699616,182.55
262700,0.4,0.53,0.07,0.1082598,0.104109,1.480214,176.84
262800,0.38,0.58,0.04,0.0942123,0.08529673,0.7806062,146.23
262900,0.54,0.42,0.04,0.09270852,0.09832406,0.8580066,137.41
263000,0.45,0.5,0.05,0.07713614,0.0678767,1.156209,172.58
263100,0.38,0.58,0.04,0.07735512,0.06711118,0.6468037,141.57
263200,0.42,0.52,0.06,0.07510406,0.08097412,1.408414,165.86
263300,0.5,0.48,0.02,0.07462862,0.06764527,0.6416026,131.88
263400,0.35,0.62,0.03,0.1042668,0.1000941,0.8430066,138.89
263500,0.48,0.49,0.03,0.07484914,0.06703355,0.7124016,152.73
263600,0.4,0.55,0.05,0.0776418,0.08353657,1.00161,142.79
263700,0.47,0.5,0.03,0.0739839,0.05953626,0.9290069,143.1
263800,0.47,0.5,0.03,0.06854665,0.0629752,0.7742063,130.11
263900,0.41,0.57,0.02,0.07799169,0.06748669,0.7220043,121.24
264000,0.55,0.42,0.03,0.06417108,0.0617216,0.9874073,141.99
264100,0.5,0.44,0.06,0.08446554,0.09667546,1.197409,164.94
264200,0.39,0.56,0.05,0.07025374,0.05994194,1.067011,149.37
264300,0.44,0.49,0.07,0.08593167,0.07997327,1.228411,172.46
264400,0.41,0.54,0.05,0.07480083,0.07385439,0.9176065,143.1
264500,0.36,0.6,0.04,0.07474558,0.07401849,0.7946071,135.53
264600,0.42,0.53,0.05,0.07819131,0.0730641,0.9938087,150.1
264700,0.43,0.5,0.07,0.07238413,0.06490329,1.520816,169.33
264800,0.47,0.5,0.03,0.0765271,0.07478059,0.8890074,145.21
264900,0.4,0.54,0.06,0.07403196,0.06117029,1.275614,180.32
265000,0.49,0.49,0.02,0.07436516,0.06206429,0.6876044,128.61
265100,0.49,0.48,0.03,0.09784029,0.0888756,0.9252068,142.01
265200,0.46,0.51,0.03,0.06537934,0.05859239,0.8228064,160.43
265300,0.36,0.57,0.07,0.07537629,0.06503804,1.636216,178.46
265400,0.39,0.55,0.06,0.09832807,0.08376546,1.060209,172.02
265500,0.35,0.6,0.05,0.08132157,0.07362438,1.005209,143.82
265600,0.31,0.62,0.07,0.08925346,0.08275445,1.185412,190.05
265700,0.46,0.47,0.07,0.07189016,0.06779981,1.325413,177.61
265800,0.37,0.56,0.07,0.076069,0.08396757,1.313012,181.04
265900,0.36,0.55,0.09,0.07003988,0.06835326,1.958018,198.41
266000,0.37,0.56,0.07,0.08329254,0.07735041,1.590614,176.99
266100,0.42,0.58,0,0.08362015,0.08126014,0.3157997,124.08
266200,0.44,0.53,0.03,0.08716957,0.07541288,0.6250047,132.72
266300,0.41,0.56,0.03,0.08930209,0.08984396,0.5254036,130.21
266400,0.37,0.58,0.05,0.08257106,0.07986232,0.8254061,155.08
266500,0.41,0.52,0.07,0.07740269,0.0738597,1.266013,165.52
266600,0.51,0.47,0.02,0.07233715,0.05831466,0.6232046,120.83
266700,0.38,0.58,0.04,0.09798591,0.08236963,1.053409,124.82
266800,0.43,0.51,0.06,0.08995989,0.1022809,1.11581,162.84
266900,0.36,0.58,0.06,0.07533935,0.06231187,1.298413,177.07
267000,0.4,0.56,0.04,0.07284991,0.08250799,0.8398075,143.84
267100,0.48,0.44,0.08,0.07268237,0.06518172,1.354812,170.51
267200,0.48,0.52,0,0.07918495,0.07750486,0.3592007,96.61
267300,0.42,0.55,0.03,0.07331008,0.0581615,0.4368021,131.14
267400,0.51,0.47,0.02,0.08277727,0.06706998,0.631604,115.35
267500,0.49,0.47,0.04,0.07253654,0.08093306,0.9266068,143.98
267600,0.52,0.43,0.05,0.07657298,0.06714043,1.25101,145.55
267700,0.37,0.56,0.07,0.070371,0.06409077,1.461816,174.95
267800,0.45,0.52,0.03,0.07891785,0.07185645,0.7184042,120.38
267900,0.41,0.51,0.08,0.09969916,0.08712243,1.620816,165.68
268000,0.43,0.53,0.04,0.06776589,0.05720257,1.015208,175.6
268100,0.38,0.58,0.04,0.0711289,0.07291347,0.9838094,146.02
268200,0.43,0.5,0.07,0.08406018,0.08387525,1.208212,176.63
268300,0.48,0.48,0.04,0.07716758,0.08079322,0.7422037,162.41
268400,0.41,0.51,0.08,0.07275724,0.06874877,1.817817,181.73
268500,0.44,0.53,0.03,0.09461883,0.09434646,0.8324066,146.06
268600,0.44,0.5,0.06,0.07727981,0.08151975,1.453613,164.35
268700,0.46,0.5,0.04,0.08475512,0.09682765,1.037009,146.65
268800,0.48,0.45,0.07,0.08773103,0.08410073,1.055209,157.26
268900,0.39,0.57,0.04,0.08870775,0.08985891,0.6770052,143.52
269000,0.42,0.51,0.07,0.0665234,0.07311507,1.336613,167.78
269100,0.5,0.49,0.01,0.07737205,0.06921497,0.549802,129.18
269200,0.46,0.47,0.07,0.06278332,0.05534038,1.671013,189.41
269300,0.43,0.54,0.03,0.07930369,0.07973903,0.7890068,118.88
269400,0.47,0.45,0.08,0.09885138,0.1018012,1.244411,162.78
269500,0.39,0.58,0.03,0.09501802,0.09056763,0.8312057,127.84
269600,0.44,0.53,0.03,0.08120587,0.06752736,0.9134074,141.01
269700,0.48,0.44,0.08,0.07580274,0.07105073,1.307411,198.29
269800,0.48,0.49,0.03,0.08286329,0.07653876,0.8884059,141.15
269900,0.29,0.61,0.1,0.07466377,0.09236997,1.853421,204.31
270000,0.39,0.55,0.06,0.08344064,0.07948627,1.286011,172.67
270100,0.41,0.52,0.07,0.06607852,0.06601595,1.665016,167.85
270200,0.48,0.48,0.04,0.07486919,0.0654273,0.9220073,162.32
270300,0.38,0.55,0.07,0.07299543,0.06456808,1.160211,184.23
270400,0.31,0.65,0.04,0.08643866,0.09052945,1.06801,133.01
270500,0.4,0.57,0.03,0.07389287,0.06935921,0.8744066,147.97
270600,0.34,0.63,0.03,0.06923597,0.05849916,0.6286041,150.45
270700,0.33,0.63,0.04,0.06767529,0.05998112,0.6692058,139.81
270800,0.41,0.54,0.05,0.07672616,0.07016573,0.7036052,156.16
270900,0.43,0.51,0.06,0.100665,0.09515198,1.103009,164.97
271000,0.42,0.53,0.05,0.0841952,0.07602146,0.7560051,144.2
271100,0.49,0.49,0.02,0.07262535,0.07063893,0.746805,133.37
271200,0.43,0.52,0.05,0.08961187,0.09861433,1.06881,136.01
271300,0.4,0.57,0.03,0.0764939,0.06309307,0.6308049,124.93
271400,0.38,0.57,0.05,0.08572473,0.08390436,1.034009,151.99
271500,0.48,0.47,0.05,0.07601,0.06943765,0.9970081,147.74
271600,0.42,0.54,0.04,0.07873001,0.06774634,0.9096062,142.4
271700,0.45,0.5,0.05,0.0733235,0.07645916,1.054808,166.6
271800,0.47,0.5,0.03,0.06536278,0.06142242,0.8616042,167.32
271900,0.4,0.57,0.03,0.08484346,0.0748192,0.9232073,151.55
272000,0.43,0.53,0.04,0.08525822,0.07860523,1.006808,135.62
272100,0.44,0.51,0.05,0.08786171,0.07864022,0.8780068,146.58
272200,0.54,0.43,0.03,0.07666464,0.06221366,0.6890043,109.06
272300,0.48,0.47,0.05,0.09782613,0.09545518,0.9662083,148.96
272400,0.43,0.5,0.07,0.07862697,0.07263461,1.371413,168.49
272500,0.4,0.54,0.06,0.08798498,0.107545,0.9524096,154.74
272600,0.46,0.48,0.06,0.06689049,0.06182351,1.069609,168.77
272700,0.39,0.51,0.1,0.07155213,0.06321827,1.644015,240.68
272800,0.45,0.47,0.08,0.07336095,0.06213972,0.871007,175.04
272900,0.38,0.57,0.05,0.08172403,0.0691083,0.8960079,145.93
273000,0.47,0.47,0.06,0.08592054,0.0946508,0.9410053,147.35
273100,0.4,0.54,0.06,0.07923362,0.07441607,1.277813,163.54
273200,0.4,0.52,0.08,0.07037874,0.07390139,1.633615,197.61
273300,0.42,0.52,0.06,0.08991262,0.08428416,1.194611,136.32
273400,0.42,0.53,0.05,0.07744281,0.06784243,0.8482066,160.58
273500,0.46,0.49,0.05,0.0894548,0.09818377,0.9834082,142.98
273600,0.42,0.53,0.05,0.09942236,0.07638047,1.092211,146.49
273700,0.44,0.53,0.03,0.07227042,0.06386343,0.6516047,162.51
273800,0.45,0.51,0.04,0.07963807,0.08345971,1.178209,148.59
273900,0.44,0.49,0.07,0.08972271,0.08670055,1.268214,165.42
274000,0.47,0.47,0.06,0.06740274,0.06213883,1.159611,164.89
274100,0.37,0.59,0.04,0.08194876,0.07051284,0.7832071,136.74
274200,0.38,0.54,0.08,0.06522771,0.05817236,1.494815,190.8
274300,0.42,0.52,0.06,0.06835218,0.06374198,1.446814,166.68
274400,0.39,0.51,0.1,0.07340945,0.07048634,1.612015,196.3
274500,0.42,0.55,0.03,0.08410119,0.07181866,0.8572067,113.81
274600,0.45,0.5,0.05,0.07839461,0.07274315,1.065808,177.04
274700,0.42,0.52,0.06,0.07122309,0.06259325,1.295012,154.52
274800,0.42,0.55,0.03,0.07306288,0.06834714,0.7052046,142.72
274900,0.45,0.51,0.04,0.06911209,0.06264486,0.8870059,160.06
275000,0.41,0.55,0.04,0.07979348,0.06595805,0.7076064,149.26
275100,0.38,0.59,0.03,0.08641096,0.08039951,0.801607,144.7
275200,0.47,0.49,0.04,0.08033564,0.06464958,0.9500064,132.43
275300,0.45,0.53,0.02,0.08414342,0.08643412,0.6576029,120.81
275400,0.44,0.52,0.04,0.08431206,0.08102484,1.102409,147.23
275500,0.36,0.54,0.1,0.06832567,0.06191834,1.507816,200.42
275600,0.36,0.51,0.13,0.07453582,0.07904778,2.553229,237.77
275700,0.43,0.51,0.06,0.09371661,0.07492521,0.8032073,147.67
275800,0.41,0.52,0.07,0.07425001,0.06632656,1.440816,175.33
275900,0.41,0.52,0.07,0.08723453,0.08189957,1.350614,185.83
276000,0.36,0.56,0.08,0.09598198,0.1113555,1.294213,169.86
276100,0.4,0.58,0.02,0.07188816,0.06989837,0.6392046,125.04
276200,0.46,0.48,0.06,0.06406577,0.05574937,1.168009,166.86
276300,0.44,0.5,0.06,0.06821279,0.06228023,1.351012,170.22
276400,0.42,0.52,0.06,0.06613313,0.06832645,1.467213,164.88
276500,0.44,0.52,0.04,0.08912934,0.09152242,0.8786067,149.28
276600,0.51,0.44,0.05,0.07877738,0.06852906,1.08481,153.42
276700,0.41,0.51,0.08,0.0668544,0.06203836,1.506814,190.91
276800,0.45,0.49,0.06,0.07643779,0.07771494,1.184811,175.59
276900,0.45,0.54,0.01,0.08976122,0.08473278,0.5632018,118.28
277000,0.39,0.51,0.1,0.06738887,0.06583399,1.82742,209.01
277100,0.44,0.47,0.09,0.06763038,0.06746464,1.554215,184.44
277200,0.45,0.47,0.08,0.07524704,0.08008585,1.536815,180.2
277300,0.42,0.52,0.06,0.06874394,0.06358514,0.9718077,167.76
277400,0.5,0.45,0.05,0.086097,0.07919233,1.240209,149.58
277500,0.5,0.49,0.01,0.0819229,0.0796027,0.7552031,132.73
277600,0.44,0.53,0.03,0.0742628,0.07231798,0.8590071,134.65
277700,0.44,0.49,0.07,0.07447689,0.08831834,1.291212,179.76
277800,0.43,0.52,0.05,0.08490179,0.07946119,1.314212,156.45
277900,0.48,0.46,0.06,0.0750165,0.06277082,1.237012,160.47
278000,0.36,0.58,0.06,0.07561129,0.06643638,1.122212,157.75
278100,0.44,0.49,0.07,0.07673331,0.08206595,1.344614,183.71
278200,0.47,0.5,0.03,0.07813367,0.07404251,0.692807,142.6
278300,0.43,0.5,0.07,0.06545831,0.05792639,1.524414,189.86
278400,0.46,0.49,0.05,0.09485871,0.08841604,1.05441,162.2
278500,0.42,0.51,0.07,0.07646543,0.06795669,1.354214,193.53
278600,0.43,0.5,0.07,0.06406996,0.05381869,1.174611,187.9
278700,0.4,0.53,0.07,0.07082272,0.06329401,1.538814,182.05
278800,0.44,0.52,0.04,0.07287932,0.06724394,1.143809,152.59
278900,0.42,0.53,0.05,0.08091664,0.09718592,1.07581,146.23
279000,0.45,0.49,0.06,0.07323314,0.07648634,1.534213,180.76
279100,0.43,0.55,0.02,0.09723666,0.0992486,0.6858044,129.93
279200,0.43,0.54,0.03,0.07580759,0.07673429,0.8702071,139.31
279300,0.43,0.5,0.07,0.07162801,0.07097099,1.385213,179.35
279400,0.43,0.53,0.04,0.0829621,0.07032522,0.7176057,136.83
279500,0.38,0.54,0.08,0.0851,0.08650357,1.292614,174.17
279600,0.42,0.5,0.08,0.07994598,0.08424119,1.496613,187.57
279700,0.34,0.64,0.02,0.07575293,0.07170129,0.2549998,130.4
279800,0.34,0.61,0.05,0.07043768,0.06462989,0.979809,160.79
279900,0.43,0.51,0.06,0.06741969,0.0600142,1.055609,171.58
280000,0.42,0.51,0.07,0.06885871,0.06641321,1.536015,211.44
280100,0.45,0.5,0.05,0.08347964,0.08418847,1.010009,158.75
280200,0.36,0.55,0.09,0.07993084,0.08471611,1.612417,184.11
280300,0.35,0.54,0.11,0.06946243,0.06427461,2.148423,217.26
280400,0.46,0.44,0.1,0.09337207,0.07987689,1.885619,205.14
280500,0.38,0.55,0.07,0.08389892,0.08235531,1.133811,170.36
280600,0.41,0.54,0.05,0.08035731,0.07965181,0.8182065,144.41
280700,0.48,0.47,0.05,0.07426634,0.06361143,1.067409,142.14
280800,0.47,0.46,0.07,0.08508976,0.08838406,1.392013,179
280900,0.38,0.57,0.05,0.0770426,0.07785618,0.9560084,150.93
281000,0.48,0.48,0.04,0.0688106,0.07541177,1.058209,145.69
281100,0.43,0.54,0.03,0.08089518,0.09402493,0.8062069,124.71
281200,0.39,0.55,0.06,0.07864298,0.08893464,1.144011,166.26
281300,0.45,0.5,0.05,0.08922835,0.07911628,0.5728016,160.55
281400,0.44,0.52,0.04,0.07732933,0.08611094,1.01561,134.79
281500,0.41,0.57,0.02,0.07892967,0.07620132,0.7134048,121.91
281600,0.35,0.57,0.08,0.07099792,0.06939619,1.485815,169.05
281700,0.47,0.49,0.04,0.08292402,0.08196674,0.871206,133.87
281800,0.44,0.49,0.07,0.06556539,0.06258562,1.599216,171.99
281900,0.39,0.53,0.08,0.07962611,0.09178838,0.9020085,184.5
282000,0.5,0.47,0.03,0.07470958,0.07187157,0.957806,146.73
282100,0.33,0.63,0.04,0.07031181,0.06346978,0.7272055,147.76
282200,0.5,0.44,0.06,0.08345386,0.08518492,1.597613,160.24
282300,0.44,0.49,0.07,0.08027115,0.08563297,1.132012,159.95
282400,0.45,0.48,0.07,0.06876686,0.06543666,1.495814,165.57
282500,0.44,0.47,0.09,0.07029647,0.07269443,1.727416,191.44
282600,0.41,0.52,0.07,0.08761035,0.06528322,1.296414,163.17
282700,0.44,0.51,0.05,0.07577171,0.06940695,1.093408,154.23
282800,0.44,0.56,0,0.0681523,0.06077957,0.2733998,114.18
282900,0.34,0.59,0.07,0.07443436,0.07029406,1.492215,189.9
283000,0.38,0.58,0.04,0.08668273,0.08244094,0.8654088,126.11
283100,0.45,0.5,0.05,0.06182417,0.05327937,1.012409,167.65
283200,0.4,0.57,0.03,0.06820617,0.06634627,0.9504073,139.03
283300,0.45,0.54,0.01,0.0756844,0.06404423,0.5162035,109.1
283400,0.45,0.49,0.06,0.1161327,0.122758,1.395615,165.13
283500,0.45,0.49,0.06,0.08896162,0.09566281,1.324812,146.21
283600,0.36,0.58,0.06,0.07211471,0.06532066,1.243413,153.35
283700,0.37,0.6,0.03,0.07797245,0.06948134,0.8016069,116.39
283800,0.33,0.59,0.08,0.07102254,0.05883819,1.599015,171.15
283900,0.33,0.63,0.04,0.08733501,0.08586506,0.994408,156.29
284000,0.47,0.48,0.05,0.07668822,0.06338187,0.8670071,137.81
284100,0.4,0.57,0.03,0.07476351,0.06853647,0.7596057,135.24
284200,0.46,0.51,0.03,0.08113666,0.07986588,0.8298046,127.82
284300,0.42,0.5,0.08,0.07983319,0.07444021,1.458014,179.85
284400,0.43,0.48,0.09,0.07699915,0.07386624,1.91322,191.46
284500,0.42,0.54,0.04,0.07734494,0.08495757,0.4554019,153.72
284600,0.47,0.49,0.04,0.08180013,0.07434461,1.013009,159.27
284700,0.41,0.51,0.08,0.07625966,0.06643905,1.415814,185.2
284800,0.5,0.46,0.04,0.06918042,0.06451441,0.8868073,149.19
284900,0.45,0.48,0.07,0.08483862,0.07820584,1.624016,160.92
285000,0.44,0.48,0.08,0.08910396,0.08807521,1.757218,162.19
285100,0.48,0.51,0.01,0.06233844,0.06013548,0.5954015,131.08
285200,0.42,0.55,0.03,0.08137567,0.07181495,0.6344045,137.16
285300,0.44,0.53,0.03,0.07837046,0.06985544,0.754806,134.81
285400,0.44,0.49,0.07,0.09645681,0.1061353,1.635015,178.52
285500,0.41,0.48,0.11,0.07557349,0.0735323,2.003623,214.75
285600,0.42,0.57,0.01,0.0808034,0.07496168,0.4128025,114.27
285700,0.36,0.61,0.03,0.0758632,0.07533272,0.8342072,132.27
285800,0.45,0.54,0.01,0.07900003,0.07689574,0.5202019,110.47
285900,0.46,0.43,0.11,0.06737372,0.0674729,2.411224,209.93
286000,0.39,0.56,0.05,0.07080929,0.0650986,0.8120065,167.07
286100,0.44,0.51,0.05,0.09154663,0.09032191,0.8378072,144.74
286200,0.43,0.5,0.07,0.09335186,0.08214407,1.570816,175.51
286300,0.39,0.57,0.04,0.06717233,0.06308391,1.074409,156.08
286400,0.44,0.53,0.03,0.07265455,0.06540975,0.7340045,141.52
286500,0.47,0.51,0.02,0.08328217,0.07949438,0.7116032,130.01
286600,0.32,0.61,0.07,0.07398447,0.0666354,1.563616,179.84
286700,0.4,0.54,0.06,0.08317633,0.08581445,1.029009,158.03
286800,0.41,0.51,0.08,0.07268482,0.06673039,1.528616,177.52
286900,0.31,0.63,0.06,0.0645626,0.05959268,1.219212,171.26
287000,0.35,0.58,0.07,0.0747217,0.07264982,1.330212,175.14
287100,0.42,0.52,0.06,0.07893756,0.0737747,1.431812,155.36
287200,0.41,0.54,0.05,0.09122416,0.09160196,0.7618061,159.92
287300,0.45,0.49,0.06,0.1002529,0.0991132,1.373414,154.41
287400,0.43,0.52,0.05,0.07080236,0.07993288,0.8938068,163.91
287500,0.43,0.52,0.05,0.06371348,0.05999395,1.13041,142.93
287600,0.48,0.49,0.03,0.0782201,0.07672994,0.6698045,139.52
287700,0.5,0.45,0.05,0.07516011,0.08604204,0.8546064,135.32
287800,0.37,0.55,0.08,0.07906,0.077942,1.694019,178.71
287900,0.42,0.55,0.03,0.08413502,0.08591263,0.9312065,133.73
288000,0.46,0.5,0.04,0.09064127,0.0864194,1.10461,142.94
288100,0.4,0.56,0.04,0.07242676,0.06395632,1.059809,153.58
288200,0.47,0.5,0.03,0.07201667,0.07962887,0.9436068,123.45
288300,0.43,0.52,0.05,0.0807927,0.07264891,1.078008,140.45
288400,0.41,0.51,0.08,0.08439443,0.08035782,1.767618,169.76
288500,0.47,0.52,0.01,0.06969759,0.05810436,0.4806021,131.76
288600,0.48,0.47,0.05,0.07304035,0.06582057,1.166008,158.78
288700,0.42,0.51,0.07,0.08459695,0.07260421,1.453213,185.77
288800,0.53,0.43,0.04,0.07907964,0.08081328,1.141008,142.08
288900,0.46,0.45,0.09,0.06558613,0.06810356,1.723418,197.35
289000,0.45,0.5,0.05,0.08331385,0.08987463,0.8488061,152.96
289100,0.42,0.49,0.09,0.06926643,0.06215074,1.854621,174.82
289200,0.46,0.47,0.07,0.081908,0.08312304,1.623215,163.31
289300,0.43,0.48,0.09,0.08446115,0.08446145,1.811818,189.18
289400,0.49,0.42,0.09,0.07867365,0.07151341,1.990021,187.48
289500,0.44,0.49,0.07,0.07320163,0.06369271,1.283612,177.72
289600,0.43,0.54,0.03,0.0777016,0.07855915,0.5676046,142.51
289700,0.4,0.54,0.06,0.08965195,0.09817086,0.9538082,145.15
289800,0.41,0.54,0.05,0.09219423,0.09243843,1.245412,150.86
289900,0.4,0.58,0.02,0.08645732,0.0805087,0.5614015,161.24
290000,0.44,0.52,0.04,0.06815457,0.0689596,0.9966084,153.67
290100,0.43,0.49,0.08,0.08481979,0.07828569,1.675815,176.27
290200,0.43,0.53,0.04,0.07463992,0.06663825,0.8932074,153
290300,0.47,0.49,0.04,0.09086543,0.09015086,1.025209,143.07
290400,0.4,0.51,0.09,0.07284634,0.06411209,1.503016,192.66
290500,0.39,0.57,0.04,0.08564016,0.07961868,1.059808,147
290600,0.46,0.49,0.05,0.08318914,0.08551345,0.762607,135
290700,0.42,0.52,0.06,0.06749514,0.06689921,1.261612,172.91
290800,0.48,0.44,0.08,0.06002159,0.07209776,1.483214,200.47
290900,0.34,0.58,0.08,0.0766245,0.08206094,1.792017,184.92
291000,0.42,0.53,0.05,0.07302031,0.07150519,1.033408,160.26
291100,0.37,0.56,0.07,0.07755084,0.07937268,1.476016,161.15
291200,0.46,0.48,0.06,0.08881319,0.08204914,1.168612,175.35
291300,0.39,0.55,0.06,0.087219,0.1018569,1.259813,151.73
291400,0.47,0.49,0.04,0.09489602,0.09097565,0.8070069,155.74
291500,0.35,0.59,0.06,0.07660847,0.06975787,0.9758083,167.06
291600,0.34,0.59,0.07,0.07208908,0.06718244,1.385815,171.36
291700,0.36,0.55,0.09,0.07511947,0.06516173,1.770218,184.12
291800,0.39,0.55,0.06,0.07588611,0.06660483,1.160412,175.28
291900,0.44,0.51,0.05,0.08236859,0.08154548,0.9492064,160.79
292000,0.35,0.59,0.06,0.07644746,0.0833533,0.7284055,152.06
292100,0.41,0.56,0.03,0.07181393,0.06099445,0.5302046,157.58
292200,0.42,0.52,0.06,0.07486169,0.07065877,1.466613,183.51
292300,0.39,0.58,0.03,0.0702389,0.06553643,0.7162048,145.18
292400,0.39,0.55,0.06,0.07060485,0.06420404,1.236613,171.25
292500,0.38,0.52,0.1,0.06481128,0.06207388,1.738817,211.97
292600,0.35,0.57,0.08,0.06868941,0.06738824,1.516216,195
292700,0.36,0.6,0.04,0.07796588,0.07638884,1.038009,143.44
292800,0.4,0.55,0.05,0.08153111,0.08327483,1.010608,178.66
292900,0.44,0.49,0.07,0.07214686,0.07588789,1.689015,179.53
293000,0.46,0.5,0.04,0.07188304,0.05681534,0.844606,150.22
293100,0.54,0.42,0.04,0.07905882,0.0940673,0.9584095,145.31
293200,0.47,0.47,0.06,0.08040189,0.07039718,1.239211,144.92
293300,0.44,0.52,0.04,0.1013572,0.1092714,1.074008,142.84
293400,0.46,0.5,0.04,0.07784492,0.06360457,0.8190066,147.97
293500,0.43,0.5,0.07,0.07098477,0.06721784,1.395012,161.31
293600,0.38,0.53,0.09,0.0640224,0.05952724,1.883221,188.63
293700,0.43,0.48,0.09,0.06970749,0.06561685,1.92882,175
293800,0.4,0.56,0.04,0.08389026,0.08683977,0.822607,159.01
293900,0.44,0.5,0.06,0.0997814,0.1063685,1.155612,150.38
294000,0.41,0.53,0.06,0.08314685,0.07605066,1.036609,171.76
294100,0.38,0.56,0.06,0.07496472,0.06873812,1.236412,171.82
294200,0.33,0.61,0.06,0.08986399,0.09462615,1.286611,154.92
294300,0.41,0.48,0.11,0.07635136,0.0778457,1.346413,220.37
294400,0.38,0.52,0.1,0.0712245,0.08271434,2.268424,212.32
294500,0.38,0.58,0.04,0.1038499,0.09763274,0.9088066,153.88
294600,0.47,0.48,0.05,0.08414942,0.08495129,0.990609,149.81
294700,0.33,0.63,0.04,0.07222575,0.06894889,0.6986061,147.88
294800,0.49,0.49,0.02,0.08761885,0.07876589,0.5876018,126.56
294900,0.44,0.53,0.03,0.09362708,0.0924096,0.7878044,137.48
295000,0.36,0.56,0.08,0.07870611,0.06922018,1.326013,188.27
295100,0.41,0.49,0.1,0.07191683,0.06886549,1.802819,204.43
295200,0.41,0.48,0.11,0.06850602,0.06319875,2.364026,200.89
295300,0.42,0.47,0.11,0.06317006,0.06545842,1.788419,215.04
295400,0.36,0.58,0.06,0.08185146,0.08223759,1.186812,178.14
295500,0.39,0.51,0.1,0.06702453,0.06505192,1.741017,197.04
295600,0.35,0.61,0.04,0.07991134,0.07848415,0.489002,151.49
295700,0.47,0.5,0.03,0.07255711,0.06636307,0.9192054,153.22
295800,0.43,0.51,0.06,0.0739981,0.06788389,0.8850087,159.14
295900,0.39,0.5,0.11,0.06748974,0.06907699,2.217824,211.48
296000,0.44,0.53,0.03,0.09446949,0.09505926,0.8512069,132.9
296100,0.41,0.56,0.03,0.08977989,0.09770758,0.8132059,135.49
296200,0.35,0.61,0.04,0.1217429,0.1388964,1.05341,144.11
296300,0.44,0.5,0.06,0.1033357,0.09912719,1.251811,155.94
296400,0.41,0.56,0.03,0.1119392,0.1047903,0.7466068,148.06
296500,0.4,0.55,0.05,0.08142608,0.0800176,1.23661,152.11
296600,0.38,0.54,0.08,0.1021989,0.08273184,1.409615,173.98
296700,0.38,0.58,0.04,0.07977752,0.07393298,0.9820093,137.14
296800,0.46,0.49,0.05,0.07109775,0.06933821,1.122211,148.87
296900,0.54,0.44,0.02,0.08547737,0.07639734,0.7870035,115.58
297000,0.47,0.49,0.04,0.07380685,0.06896203,0.9244062,147.23
297100,0.51,0.46,0.03,0.0746626,0.06925367,0.7782069,147.89
297200,0.48,0.5,0.02,0.07225036,0.07882095,0.6506046,128.7
297300,0.38,0.57,0.05,0.1100362,0.09803808,0.8750072,142.21
297400,0.44,0.5,0.06,0.09821422,0.1109236,1.169409,168.8
297500,0.4,0.5,0.1,0.07085508,0.07030216,1.994222,206.88
297600,0.32,0.59,0.09,0.06827059,0.06289421,1.670818,181.14
297700,0.4,0.5,0.1,0.08606971,0.08862431,1.340213,204.52
297800,0.4,0.56,0.04,0.07583982,0.0752973,0.950009,143.71
297900,0.35,0.6,0.05,0.06267001,0.06102548,0.996609,149.75
298000,0.47,0.44,0.09,0.07232571,0.06800217,1.649418,183.43
298100,0.45,0.48,0.07,0.06159237,0.05963701,1.546615,175.97
298200,0.39,0.53,0.08,0.08944511,0.08947948,1.732418,170.18
298300,0.35,0.62,0.03,0.08224007,0.07588737,0.5880045,140.06
298400,0.49,0.49,0.02,0.06730113,0.06639211,0.7194033,125.71
298500,0.42,0.53,0.05,0.09593932,0.08444929,1.046609,149.55
298600,0.44,0.49,0.07,0.07072349,0.08658933,1.606216,175.3
298700,0.42,0.52,0.06,0.0733066,0.06065639,1.302412,154.82
298800,0.36,0.59,0.05,0.07613189,0.08274477,1.014408,165.69
298900,0.4,0.55,0.05,0.1033239,0.1074308,1.261412,135.5
299000,0.43,0.52,0.05,0.09408341,0.1008002,1.147011,158.65
299100,0.45,0.52,0.03,0.07395595,0.06451792,0.7190065,135.32
299200,0.39,0.5,0.11,0.07531615,0.06933567,2.146825,213.25
299300,0.44,0.49,0.07,0.06611484,0.06535199,1.103609,194.55
299400,0.43,0.47,0.1,0.06948744,0.05742381,1.521615,207.87
299500,0.39,0.56,0.05,0.0785819,0.0751386,1.215812,155.63
299600,0.53,0.46,0.01,0.09001582,0.08434184,0.4456021,107.86
299700,0.42,0.49,0.09,0.06369983,0.0624259,1.501216,168.33
299800,0.35,0.6,0.05,0.084635,0.08140458,0.8966089,157.55
299900,0.33,0.64,0.03,0.08245624,0.08469569,0.7292061,119.13
300000,0.42,0.53,0.05,0.08492753,0.08280444,1.10541,142.72
300100,0.46,0.49,0.05,0.07694668,0.06488781,1.160011,160.14
300200,0.37,0.58,0.05,0.07701996,0.07198304,0.9468095,143.88
300300,0.44,0.52,0.04,0.06597215,0.06090772,0.9564068,159.33
300400,0.4,0.56,0.04,0.08549696,0.08258554,1.046209,140.8
300500,0.46,0.5,0.04,0.08410223,0.07864926,0.9450085,160.57
300600,0.5,0.45,0.05,0.07111974,0.06516815,1.457812,153.41
300700,0.43,0.53,0.04,0.07564001,0.06542969,0.6974043,148.77
300800,0.45,0.49,0.06,0.07071673,0.06328013,1.168611,172.19
300900,0.37,0.55,0.08,0.0722784,0.06703999,1.537017,196.19
301000,0.39,0.49,0.12,0.07059688,0.07789549,2.308225,227.65
301100,0.45,0.53,0.02,0.09190467,0.0894287,0.4220016,122.84
301200,0.43,0.53,0.04,0.07266299,0.06058875,1.13941,147.46
301300,0.35,0.57,0.08,0.06524709,0.06100452,1.694215,189.93
301400,0.35,0.61,0.04,0.07050648,0.06503709,0.9512066,145.22
301500,0.35,0.52,0.13,0.07076781,0.06763016,2.325225,234.39
301600,0.47,0.46,0.07,0.07827691,0.08531976,1.636214,175.7
301700,0.37,0.57,0.06,0.09897952,0.08613625,0.8438067,161.92
301800,0.34,0.62,0.04,0.07996713,0.07258545,0.4908043,151.53
301900,0.29,0.64,0.07,0.07595298,0.08105499,1.325413,168.94
302000,0.41,0.52,0.07,0.09058483,0.08282968,1.197811,160.7
302100,0.39,0.54,0.07,0.07467848,0.08141722,1.299215,163.54
302200,0.35,0.6,0.05,0.08678447,0.07278733,1.02461,184.24
302300,0.47,0.47,0.06,0.07988493,0.07699274,1.210411,158.67
302400,0.41,0.56,0.03,0.07600296,0.07749402,0.7042042,128.7
302500,0.31,0.62,0.07,0.07793555,0.07073696,1.208613,166.69
302600,0.43,0.52,0.05,0.09705465,0.09911751,1.086411,138.54
302700,0.41,0.54,0.05,0.08490231,0.07956224,1.07001,138.48
302800,0.46,0.45,0.09,0.07627662,0.07135222,1.818617,187.86
302900,0.39,0.58,0.03,0.07787754,0.07320724,0.7454057,120.35
303000,0.39,0.55,0.06,0.06969942,0.0669135,1.169611,177.8
303100,0.4,0.52,0.08,0.06786833,0.06208343,1.21001,188.77
303200,0.39,0.56,0.05,0.08992486,0.09262085,0.7414054,151.44
303300,0.41,0.53,0.06,0.07691564,0.07548418,1.515014,165.74
303400,0.45,0.49,0.06,0.07793423,0.06555273,1.181811,154.76
303500,0.4,0.56,0.04,0.08050949,0.0856862,0.7876055,152.26
303600,0.37,0.58,0.05,0.07373896,0.0681328,1.194611,168.58
303700,0.49,0.46,0.05,0.07476451,0.07662884,1.114608,177.96
303800,0.47,0.48,0.05,0.09321316,0.08063594,0.9188071,148.44
303900,0.4,0.54,0.06,0.08178444,0.08632129,0.7852073,169.13
304000,0.36,0.6,0.04,0.07877012,0.07495257,1.006009,154.93
304100,0.49,0.45,0.06,0.06692039,0.06151808,1.705214,177.8
304200,0.45,0.48,0.07,0.0727798,0.06626283,1.460413,174.9
304300,0.39,0.55,0.06,0.08468099,0.07398681,0.9284084,158.89
304400,0.32,0.62,0.06,0.07839353,0.08654682,1.385414,166.33
304500,0.4,0.52,0.08,0.0707577,0.06915321,1.614415,186.95
304600,0.42,0.51,0.07,0.07424232,0.07339811,1.553014,180.76
304700,0.51,0.46,0.03,0.07047965,0.07104566,0.7054035,136.47
304800,0.36,0.6,0.04,0.07585677,0.06572352,0.8588068,162.87
304900,0.34,0.57,0.09,0.08099019,0.08018459,1.429012,195.36
305000,0.47,0.47,0.06,0.08820533,0.08866642,1.003409,170.28
305100,0.48,0.47,0.05,0.08159834,0.0827879,0.8780066,154.82
305200,0.48,0.48,0.04,0.08044516,0.07877224,0.9168088,155.13
305300,0.47,0.48,0.05,0.08874842,0.07865884,1.194211,159.94
305400,0.4,0.59,0.01,0.07922475,0.07361855,0.4686019,107.18
305500,0.41,0.53,0.06,0.08657646,0.07196004,1.301814,155.29
305600,0.37,0.61,0.02,0.08499291,0.07316266,0.6354048,130.51
305700,0.42,0.54,0.04,0.09276163,0.07720515,0.8744088,118.12
305800,0.45,0.49,0.06,0.07324213,0.0642896,1.175812,171.1
305900,0.43,0.47,0.1,0.08383328,0.08461153,1.516615,184.03
306000,0.35,0.6,0.05,0.07512932,0.07071574,0.8386067,159.15
306100,0.39,0.59,0.02,0.1042742,0.09564021,0.7802048,124.93
306200,0.35,0.6,0.05,0.09321532,0.08772371,1.01361,160.2
306300,0.44,0.49,0.07,0.07557773,0.07434785,0.9488094,177.07
306400,0.52,0.39,0.09,0.09366672,0.09292343,1.455615,197.76
306500,0.44,0.5,0.06,0.08135485,0.06382311,1.190212,152.35
306600,0.37,0.57,0.06,0.07460339,0.06685778,1.596614,187.05
306700,0.45,0.53,0.02,0.08642875,0.07288823,0.6420038,114.48
306800,0.53,0.41,0.06,0.06659586,0.06480791,1.656213,175.14
306900,0.43,0.5,0.07,0.08173391,0.08318445,1.18021,184.44
307000,0.43,0.46,0.11,0.07844148,0.08452186,1.762616,216.69
307100,0.38,0.55,0.07,0.0629596,0.05553777,1.431613,182.68
307200,0.42,0.53,0.05,0.08610311,0.07725421,0.910808,157.23
307300,0.4,0.53,0.07,0.07363504,0.06620147,1.466613,216.77
307400,0.5,0.49,0.01,0.06879543,0.05690325,0.3969997,136.54
307500,0.45,0.5,0.05,0.08280382,0.06945693,1.17281,156.08
307600,0.41,0.57,0.02,0.109576,0.1026595,0.6510038,114.93
307700,0.39,0.57,0.04,0.07144134,0.06400615,0.5076042,148.95
307800,0.46,0.53,0.01,0.0856134,0.07080352,0.3733997,124.95
307900,0.39,0.55,0.06,0.08188818,0.07677934,1.185412,158.66
308000,0.39,0.6,0.01,0.07583144,0.0612037,0.4678025,127.44
308100,0.45,0.5,0.05,0.09814919,0.1001135,1.10921,145.06
308200,0.37,0.57,0.06,0.08697884,0.07726929,0.7978063,165.55
308300,0.3,0.62,0.08,0.09474973,0.09571613,1.517617,172.47
308400,0.44,0.47,0.09,0.0721077,0.0649772,1.464615,178.56
308500,0.41,0.5,0.09,0.06852022,0.06660198,1.682218,187.9
308600,0.46,0.49,0.05,0.06512769,0.05794045,1.203211,162.36
308700,0.5,0.46,0.04,0.078284,0.07288583,1.093609,140.01
308800,0.44,0.49,0.07,0.06645691,0.06688771,1.441813,195.67
308900,0.46,0.45,0.09,0.07855543,0.06874935,1.772217,195.89
309000,0.36,0.58,0.06,0.1184249,0.1135096,0.7594063,167.54
309100,0.4,0.53,0.07,0.06532248,0.05749545,1.16941,179.97
309200,0.4,0.58,0.02,0.0800463,0.07759435,0.6942043,120.71
309300,0.44,0.51,0.05,0.07641815,0.07057239,1.165211,140.99
309400,0.46,0.48,0.06,0.09977214,0.09865951,1.060808,155.53
309500,0.42,0.49,0.09,0.09051929,0.09440996,1.594816,188.95
309600,0.37,0.55,0.08,0.10341,0.08799093,1.505015,166.19
309700,0.35,0.59,0.06,0.09376431,0.09333357,0.5764043,162.93
309800,0.35,0.59,0.06,0.09082679,0.09361853,1.231411,168.44
309900,0.46,0.47,0.07,0.07007528,0.05829382,1.261212,189.24
310000,0.41,0.54,0.05,0.07272859,0.06695254,0.9418084,147.17
310100,0.54,0.4,0.06,0.08979886,0.08073565,1.116211,149.48
310200,0.42,0.53,0.05,0.07960817,0.07600036,0.922209,140.32
310300,0.53,0.43,0.04,0.08692285,0.07976252,0.7846054,132.44
310400,0.33,0.59,0.08,0.08979678,0.08507805,1.328613,201.95
310500,0.39,0.59,0.02,0.09176124,0.08952744,0.6282039,122.92
310600,0.42,0.43,0.15,0.08392849,0.08971875,2.543628,255.21
310700,0.42,0.54,0.04,0.0722959,0.0599636,0.5318022,167.24
310800,0.47,0.48,0.05,0.08210282,0.0682014,0.8766068,139.29
310900,0.36,0.56,0.08,0.07697437,0.07371299,1.719619,169.58
311000,0.44,0.52,0.04,0.07139236,0.06014676,0.9426093,151.32
311100,0.46,0.48,0.06,0.0747963,0.06520965,1.459813,159
311200,0.45,0.5,0.05,0.08302917,0.06764114,1.09941,156.33
311300,0.41,0.52,0.07,0.07148971,0.06743193,1.396614,179.97
311400,0.43,0.54,0.03,0.08644721,0.09777305,0.8246065,135.16
311500,0.49,0.46,0.05,0.08025958,0.09317861,1.297411,161.15
311600,0.49,0.47,0.04,0.09117074,0.07896384,1.002209,136.34
311700,0.32,0.61,0.07,0.07827806,0.07478023,1.324414,189.28
311800,0.38,0.57,0.05,0.07574082,0.06740574,1.039408,158.67
311900,0.47,0.48,0.05,0.07276802,0.07662937,1.321212,141.84
312000,0.44,0.5,0.06,0.07414646,0.0705439,1.15381,165.88
312100,0.38,0.52,0.1,0.07897034,0.06803287,1.758217,207.11
312200,0.38,0.61,0.01,0.08019884,0.085217,0.2815998,122.67
312300,0.35,0.56,0.09,0.07173706,0.0657616,1.572017,197.4
312400,0.41,0.54,0.05,0.08559045,0.08570252,0.9430073,152.95
312500,0.43,0.51,0.06,0.07433217,0.08078357,1.148211,154.31
312600,0.44,0.51,0.05,0.07022803,0.0721157,1.001009,163.77
312700,0.47,0.49,0.04,0.09079832,0.09179125,1.074609,154.38
312800,0.41,0.53,0.06,0.06761122,0.06389272,1.170411,162.59
312900,0.38,0.52,0.1,0.06468336,0.05862357,2.013221,214.64
313000,0.33,0.63,0.04,0.08842928,0.08205431,0.6664064,124.81
313100,0.41,0.49,0.1,0.07151186,0.06768452,1.341414,184.37
313200,0.37,0.59,0.04,0.08640792,0.07876997,0.6992049,156.99
313300,0.39,0.56,0.05,0.07755075,0.07642993,1.199811,150.5
313400,0.4,0.51,0.09,0.07042237,0.06994608,1.735618,205.88
313500,0.38,0.58,0.04,0.07716285,0.06891159,0.6714047,162.85
313600,0.39,0.55,0.06,0.09182975,0.1187519,0.8664082,159.08
313700,0.42,0.53,0.05,0.08111924,0.07411156,0.790607,143.05
313800,0.37,0.53,0.1,0.06815308,0.06594791,2.048621,202.26
313900,0.39,0.52,0.09,0.07720385,0.08576147,2.00682,208.29
314000,0.34,0.64,0.02,0.08291027,0.07245804,0.5624044,127.83
314100,0.38,0.58,0.04,0.07815772,0.0708359,1.027809,142.19
314200,0.43,0.54,0.03,0.0699823,0.06328526,0.7358044,160.51
314300,0.43,0.46,0.11,0.07184738,0.06534037,2.442625,211.93
314400,0.41,0.55,0.04,0.08641022,0.08697288,0.7792065,131.21
314500,0.38,0.59,0.03,0.07385235,0.06899031,0.7366063,144.19
314600,0.4,0.53,0.07,0.06405718,0.06648504,1.261813,167.88
314700,0.42,0.53,0.05,0.07675134,0.07334494,1.226011,141.69
314800,0.37,0.52,0.11,0.0879235,0.09528261,1.758019,220.25
314900,0.44,0.56,0,0.08276246,0.0710909,0.2977998,92.27
315000,0.46,0.51,0.03,0.07784544,0.07050507,0.824007,147.84
315100,0.41,0.55,0.04,0.06727688,0.07659376,1.001208,148.54
315200,0.42,0.54,0.04,0.07010839,0.08098751,0.8786062,161.31
315300,0.44,0.49,0.07,0.08310283,0.08081408,1.484013,181.93
315400,0.41,0.53,0.06,0.09757189,0.09274574,1.167612,164.52
315500,0.5,0.47,0.03,0.08521069,0.08514449,0.584004,126.46
315600,0.37,0.55,0.08,0.08337875,0.08273779,1.602616,178.58
315700,0.48,0.46,0.06,0.07258198,0.06146957,1.262011,182.26
315800,0.44,0.52,0.04,0.08147316,0.07148571,0.9360086,156.96
315900,0.42,0.53,0.05,0.07376685,0.06536968,1.280211,167.4
316000,0.41,0.52,0.07,0.09357837,0.1078515,1.155811,152.69
316100,0.4,0.54,0.06,0.08037928,0.06647044,1.110211,169.81
316200,0.37,0.57,0.06,0.08293618,0.08661383,1.182211,157.4
316300,0.45,0.52,0.03,0.1086623,0.1059206,0.7748042,151
316400,0.39,0.58,0.03,0.08869985,0.07990636,0.522802,148.32
316500,0.38,0.57,0.05,0.1075091,0.1075754,1.00661,150.02
316600,0.38,0.52,0.1,0.07270582,0.0855668,1.698418,195.22
316700,0.37,0.52,0.11,0.08198247,0.07451107,1.822021,211.84
316800,0.47,0.51,0.02,0.09411117,0.0860566,0.6670043,131.16
316900,0.52,0.42,0.06,0.07999105,0.07122536,1.363613,161.97
317000,0.37,0.58,0.05,0.08613233,0.07488567,1.144611,146.44
317100,0.38,0.59,0.03,0.07101746,0.06904433,0.7904069,134.26
317200,0.42,0.54,0.04,0.07513248,0.0759053,0.7600048,166.52
317300,0.37,0.57,0.06,0.07789863,0.08510975,1.366012,155.31
317400,0.43,0.52,0.05,0.07793751,0.07180211,1.173408,180.25
317500,0.4,0.54,0.06,0.06790742,0.08320576,1.364814,163.78
317600,0.52,0.44,0.04,0.08847384,0.09015878,1.090009,124.48
317700,0.46,0.48,0.06,0.1217884,0.1042857,1.060809,150.32
317800,0.49,0.45,0.06,0.07007532,0.06207174,1.287413,167.35
317900,0.4,0.55,0.05,0.100348,0.09598371,1.195411,163.53
318000,0.52,0.44,0.04,0.07708219,0.07202196,0.9356065,177.8
318100,0.4,0.55,0.05,0.0798782,0.08336074,0.9124067,151.46
318200,0.32,0.62,0.06,0.06904119,0.06119312,0.8088068,169.12
318300,0.46,0.49,0.05,0.06748164,0.06025824,0.907006,164.61
318400,0.38,0.58,0.04,0.08814164,0.07241978,0.8462073,153.68
318500,0.44,0.51,0.05,0.07268094,0.06896694,1.131609,149.07
318600,0.39,0.51,0.1,0.08515681,0.09699773,1.355614,182.52
318700,0.42,0.52,0.06,0.07414526,0.0664427,0.9432066,172.31
318800,0.4,0.52,0.08,0.06654224,0.06380305,1.448814,195.23
318900,0.43,0.51,0.06,0.08496567,0.07265717,1.161211,158.82
319000,0.32,0.64,0.04,0.0908055,0.07808853,0.8896086,131.11
319100,0.47,0.46,0.07,0.1095309,0.1023686,0.761207,144.05
319200,0.36,0.56,0.08,0.07333911,0.0817802,1.592616,196.43
319300,0.42,0.53,0.05,0.1011483,0.1123266,1.166809,155.8
319400,0.41,0.55,0.04,0.07521383,0.07309081,1.070808,148.56
319500,0.43,0.52,0.05,0.09541657,0.0994873,1.011809,142.13
319600,0.42,0.52,0.06,0.08731859,0.0799319,1.553013,171.67
319700,0.42,0.56,0.02,0.1183471,0.1313256,0.1961998,124.18
319800,0.37,0.56,0.07,0.08265554,0.07264597,1.159609,193.87
319900,0.37,0.59,0.04,0.07839315,0.08204705,0.5916044,141.24
320000,0.42,0.52,0.06,0.07192067,0.06474927,1.15681,205.06
320100,0.45,0.5,0.05,0.0724237,0.0731513,1.324813,168.82
320200,0.35,0.6,0.05,0.08124822,0.07625917,1.204211,172.87
320300,0.43,0.56,0.01,0.08923431,0.09468522,0.5182024,124.89
320400,0.35,0.59,0.06,0.08840282,0.08487293,1.056809,188.67
320500,0.47,0.47,0.06,0.09331684,0.1009831,1.117208,176.99
320600,0.46,0.51,0.03,0.08046576,0.08871253,0.6846049,154.3
320700,0.47,0.48,0.05,0.06597489,0.05802736,1.078011,161.07
320800,0.35,0.56,0.09,0.07980729,0.07478876,1.764217,207.03
320900,0.44,0.55,0.01,0.1058051,0.09919976,0.4286022,96.93
321000,0.43,0.51,0.06,0.07393787,0.06663335,1.364613,165.32
321100,0.41,0.52,0.07,0.07388382,0.06618942,1.449815,172.59
321200,0.43,0.5,0.07,0.07702211,0.0692663,1.434214,166.7
321300,0.48,0.45,0.07,0.08593488,0.09626868,1.693017,172.8
321400,0.35,0.64,0.01,0.09287231,0.08184154,0.5184019,161.04
321500,0.39,0.6,0.01,0.08686475,0.08640707,0.3544019,107.32
321600,0.41,0.53,0.06,0.09096089,0.09088301,0.8596066,166.91
321700,0.4,0.53,0.07,0.07947127,0.07801571,1.224411,169.3
321800,0.38,0.58,0.04,0.08342178,0.09493265,0.8468068,127.49
321900,0.35,0.61,0.04,0.1288526,0.1398446,0.9596092,158.07
322000,0.4,0.53,0.07,0.09710892,0.09124333,1.367411,196.08
322100,0.48,0.48,0.04,0.080933,0.07989547,0.9000059,152.51
322200,0.4,0.55,0.05,0.08437299,0.07789063,0.8594068,153.97
322300,0.43,0.53,0.04,0.06906298,0.05943191,0.768607,132.26
322400,0.44,0.51,0.05,0.08564881,0.07812246,1.037609,161.81
322500,0.37,0.59,0.04,0.09229929,0.07659164,0.9290085,141.05
322600,0.38,0.56,0.06,0.07575957,0.06893971,1.389613,160.55
322700,0.36,0.61,0.03,0.07948256,0.07532649,0.8124069,146.17
322800,0.31,0.63,0.06,0.08031011,0.08927993,1.234814,159.42
322900,0.6,0.38,0.02,0.08641215,0.07834368,0.6952021,128.46
323000,0.48,0.49,0.03,0.06775673,0.05916982,0.7878034,158.97
323100,0.43,0.5,0.07,0.09231164,0.08570705,0.8930084,167.25
323200,0.49,0.45,0.06,0.07991518,0.07443757,0.8804052,168.16
323300,0.34,0.6,0.06,0.07713175,0.06514569,1.245412,148.14
323400,0.38,0.58,0.04,0.09545818,0.1017817,0.6854046,142.67
323500,0.43,0.51,0.06,0.07901216,0.08038514,0.8796065,185.8
323600,0.41,0.49,0.1,0.0715483,0.07220574,1.798418,214.12
323700,0.48,0.5,0.02,0.101297,0.1023838,0.7488046,134.92
323800,0.39,0.55,0.06,0.07734016,0.07316614,0.8678068,160.87
323900,0.52,0.47,0.01,0.0922421,0.1082959,0.471202,110.73
324000,0.42,0.53,0.05,0.0870097,0.08115193,1.060208,167.81
324100,0.38,0.6,0.02,0.08260386,0.07745595,0.6374034,156.51
324200,0.41,0.52,0.07,0.07815196,0.06901469,1.097008,173.35
324300,0.48,0.5,0.02,0.08403167,0.07280082,0.7574044,117.52
324400,0.46,0.52,0.02,0.0684841,0.05481979,0.673605,139.19
324500,0.35,0.61,0.04,0.09863948,0.0912473,0.9378092,145.9
324600,0.36,0.58,0.06,0.07481036,0.06867097,0.7916076,156.59
324700,0.48,0.47,0.05,0.08507528,0.09268918,1.13741,141.17
324800,0.44,0.53,0.03,0.07271795,0.0622688,0.6950045,150.22
324900,0.44,0.51,0.05,0.07586371,0.05831406,1.356612,150.22
325000,0.49,0.48,0.03,0.08653889,0.08103105,0.8758062,132.52
325100,0.37,0.59,0.04,0.07640091,0.06987426,0.9412063,164.37
325200,0.41,0.52,0.07,0.06753165,0.05505985,1.15761,183.55
325300,0.46,0.48,0.06,0.0774344,0.06700648,1.275811,182.57
325400,0.36,0.6,0.04,0.07307197,0.06543932,0.8762087,163.36
325500,0.39,0.58,0.03,0.08501446,0.07583331,0.7078046,136.01
325600,0.38,0.57,0.05,0.0689163,0.06177385,1.148411,160.21
325700,0.42,0.54,0.04,0.06712422,0.05767262,1.018009,167.88
325800,0.44,0.52,0.04,0.07272523,0.06424536,1.115609,152.71
325900,0.38,0.57,0.05,0.07723375,0.0676831,1.06321,136.48
326000,0.39,0.57,0.04,0.08910145,0.09181732,0.9566073,145.26
326100,0.42,0.53,0.05,0.07056179,0.06127121,1.023809,159.53
326200,0.4,0.56,0.04,0.07968453,0.07621841,0.9590089,138.82
326300,0.53,0.43,0.04,0.0726774,0.06718846,1.033409,148.64
326400,0.42,0.55,0.03,0.09872372,0.08146203,0.9666064,142.09
326500,0.43,0.54,0.03,0.07325421,0.07177963,0.6862035,129.98
326600,0.41,0.56,0.03,0.08010292,0.06403358,0.6720041,142.23
326700,0.44,0.47,0.09,0.08992544,0.08198325,1.10601,185.84
326800,0.44,0.52,0.04,0.08051223,0.07499406,1.060009,132.98
326900,0.41,0.52,0.07,0.0681991,0.07172082,1.590016,161.91
327000,0.42,0.51,0.07,0.08657921,0.08100616,1.231612,158.41
327100,0.42,0.52,0.06,0.0795097,0.06576422,0.8582063,153.98
327200,0.4,0.56,0.04,0.07418521,0.07120828,0.9540086,151.01
327300,0.44,0.5,0.06,0.07904901,0.07463311,0.9552088,168.21
327400,0.48,0.45,0.07,0.08703265,0.07370435,1.334811,173.07
327500,0.43,0.52,0.05,0.09382156,0.07472853,1.25621,170.01
327600,0.33,0.62,0.05,0.08675871,0.08242592,1.069411,144.63
327700,0.38,0.6,0.02,0.07380809,0.07497599,0.5418018,131.35
327800,0.37,0.61,0.02,0.08959074,0.09098895,0.3174018,107.64
327900,0.45,0.49,0.06,0.07900734,0.06506088,1.10561,170.7
328000,0.51,0.43,0.06,0.09550554,0.08564112,1.035809,149.45
328100,0.35,0.6,0.05,0.07808483,0.06451983,0.7606059,152.02
328200,0.46,0.49,0.05,0.0786366,0.071266,0.6602038,153.51
328300,0.44,0.53,0.03,0.1033942,0.09926186,0.8568067,143.28
328400,0.53,0.44,0.03,0.09624965,0.107716,0.9046066,131.65
328500,0.38,0.6,0.02,0.09412055,0.09235153,0.4610023,138.2
328600,0.29,0.63,0.08,0.08805547,0.09194884,1.603418,173.97
328700,0.46,0.54,0,0.08511904,0.07992706,0.2531998,97.09
328800,0.4,0.56,0.04,0.07091103,0.06361586,0.837207,192.55
328900,0.42,0.55,0.03,0.08924163,0.08111703,0.8546066,140.93
329000,0.44,0.51,0.05,0.07586669,0.07032704,0.9282072,160.19
329100,0.42,0.56,0.02,0.07035802,0.06988931,0.7648045,139.64
329200,0.4,0.53,0.07,0.08324052,0.08452062,0.9448082,188.25
329300,0.38,0.6,0.02,0.08552337,0.06801501,0.6648022,151.25
329400,0.43,0.49,0.08,0.0944722,0.08143962,1.383013,181.21
329500,0.43,0.55,0.02,0.09260075,0.09208357,0.5342021,133.8
329600,0.4,0.56,0.04,0.07253257,0.06281877,0.6120041,153.44
329700,0.33,0.63,0.04,0.08102781,0.06460151,0.8104071,147.75
329800,0.42,0.53,0.05,0.1113827,0.1085631,1.223411,145.75
329900,0.42,0.49,0.09,0.07971831,0.06806096,1.753219,197.74
330000,0.41,0.55,0.04,0.07013869,0.07002064,0.8710068,143.63
330100,0.39,0.56,0.05,0.08000278,0.06813883,0.9264078,162.22
330200,0.41,0.56,0.03,0.0740974,0.06280898,0.7114041,146.1
330300,0.38,0.54,0.08,0.07349394,0.06740926,1.422814,182.95
330400,0.35,0.55,0.1,0.07800972,0.07077366,1.315213,199.53
330500,0.38,0.6,0.02,0.0921982,0.0969926,0.4360021,131.49
330600,0.44,0.51,0.05,0.08082829,0.07033791,1.05141,152.81
330700,0.35,0.61,0.04,0.09709626,0.09924424,0.7604063,134.61
330800,0.37,0.6,0.03,0.0865391,0.07642212,0.7344063,159.27
330900,0.33,0.61,0.06,0.07901356,0.06475177,0.7012069,160.58
331000,0.41,0.55,0.04,0.07078994,0.06168219,0.7514063,166.65
331100,0.42,0.53,0.05,0.07218499,0.06355504,1.019807,171
331200,0.39,0.57,0.04,0.08295002,0.07230885,0.7762067,132.89
331300,0.42,0.56,0.02,0.121243,0.1110708,0.5892024,141.56
331400,0.4,0.56,0.04,0.07624537,0.08536469,0.9590091,157.52
331500,0.41,0.54,0.05,0.08487158,0.07664342,1.319211,189.76
331600,0.46,0.53,0.01,0.07937258,0.06141063,0.5230024,120.23
331700,0.43,0.52,0.05,0.06990762,0.05806957,1.103209,142
331800,0.4,0.55,0.05,0.07801423,0.07931037,0.9514087,158.8
331900,0.39,0.58,0.03,0.07464737,0.08575428,0.5510037,146.27
332000,0.32,0.63,0.05,0.08010051,0.07119697,1.092011,168.32
332100,0.43,0.52,0.05,0.09785593,0.1057768,0.827007,152.05
332200,0.39,0.57,0.04,0.09728714,0.09705152,0.8880064,157.94
332300,0.51,0.45,0.04,0.07994531,0.0705203,0.9268091,145.68
332400,0.49,0.45,0.06,0.1011486,0.09613483,1.13461,146.85
332500,0.44,0.52,0.04,0.09344949,0.07974724,0.9954098,150.19
332600,0.35,0.59,0.06,0.08278122,0.09414749,1.278013,162.52
332700,0.39,0.56,0.05,0.09847222,0.1111477,1.093809,167.64
332800,0.49,0.46,0.05,0.07860776,0.06204021,1.018609,156.79
332900,0.37,0.57,0.06,0.06901035,0.06917638,1.490014,180.46
333000,0.38,0.57,0.05,0.08237298,0.09380373,0.9308085,160.58
333100,0.36,0.57,0.07,0.08998485,0.08149102,1.400414,171.79
333200,0.28,0.63,0.09,0.087528,0.08060513,1.75722,208.12
333300,0.4,0.56,0.04,0.1076378,0.1156965,0.9068062,155.64
333400,0.37,0.59,0.04,0.1054535,0.08561258,0.867406,151.64
333500,0.4,0.52,0.08,0.09094195,0.08729468,1.423613,179.81
333600,0.43,0.51,0.06,0.09083319,0.09044008,1.164811,170.72
333700,0.33,0.62,0.05,0.07392425,0.06504467,0.780606,159
333800,0.35,0.62,0.03,0.09738022,0.09545276,0.6194029,146.88
333900,0.36,0.6,0.04,0.1143509,0.102819,0.554404,131.83
334000,0.4,0.55,0.05,0.07922076,0.07151218,1.058009,155.79
334100,0.28,0.65,0.07,0.06965431,0.06236534,1.316413,178.1
334200,0.3,0.68,0.02,0.06996915,0.06342427,0.5722037,125.86
334300,0.34,0.6,0.06,0.07345073,0.06165047,1.402412,183.69
334400,0.32,0.64,0.04,0.09486485,0.08681829,0.7798065,178.17
334500,0.37,0.59,0.04,0.07631709,0.07235409,0.5988036,144.56
334600,0.38,0.58,0.04,0.06523992,0.06072782,0.8318065,162.88
334700,0.38,0.57,0.05,0.08398668,0.07979412,0.787404,171.37
334800,0.37,0.56,0.07,0.07063818,0.06658608,1.04741,177.37
334900,0.44,0.52,0.04,0.08311956,0.08634587,1.063809,156.31
335000,0.33,0.61,0.06,0.06909452,0.06460536,1.076012,165.76
335100,0.34,0.59,0.07,0.07445869,0.06600139,1.526816,183
335200,0.28,0.68,0.04,0.0796583,0.07137008,0.8392069,152.01
335300,0.3,0.63,0.07,0.08930011,0.07448271,1.322614,174.81
335400,0.34,0.64,0.02,0.07760846,0.06203006,0.5050018,143.31
335500,0.37,0.57,0.06,0.0994626,0.09941745,1.09301,178.91
335600,0.29,0.67,0.04,0.08346823,0.07805099,0.8582068,148.52
335700,0.4,0.54,0.06,0.09947402,0.09347668,1.225609,164.82
335800,0.34,0.61,0.05,0.09871521,0.08987559,1.189613,153.7
335900,0.44,0.52,0.04,0.107842,0.0911349,0.575004,129.14
336000,0.36,0.56,0.08,0.09513912,0.08973627,1.184412,160.08
336100,0.29,0.62,0.09,0.09012077,0.08523301,1.319012,215.03
336200,0.43,0.52,0.05,0.09346615,0.07567856,0.9084091,150.24
336300,0.41,0.53,0.06,0.07799233,0.06638184,0.9360071,178.42
336400,0.31,0.63,0.06,0.1000221,0.09546117,1.200013,178.21
336500,0.35,0.6,0.05,0.08596788,0.0828978,0.914408,168.66
336600,0.41,0.56,0.03,0.07514632,0.07236887,0.8222071,151.72
336700,0.38,0.57,0.05,0.06714443,0.06469662,0.9032091,162.79
336800,0.4,0.59,0.01,0.09817859,0.1112152,0.3788014,128.76
336900,0.36,0.59,0.05,0.08061548,0.07505165,0.8390085,152.27
337000,0.28,0.65,0.07,0.07012971,0.06344119,1.256613,179.93
337100,0.31,0.61,0.08,0.07966465,0.08653563,1.414415,188.43
337200,0.36,0.54,0.1,0.0826211,0.07492115,1.788217,189.08
337300,0.38,0.55,0.07,0.09030333,0.08176684,1.287212,184.89
337400,0.32,0.6,0.08,0.07467477,0.07058623,1.388213,194.8
337500,0.41,0.53,0.06,0.09607313,0.09860185,0.9482065,165.44
337600,0.42,0.52,0.06,0.0879742,0.08049637,0.9598083,164.89
337700,0.29,0.6,0.11,0.09259332,0.09359156,1.830221,224.74
337800,0.27,0.65,0.08,0.08039079,0.08337476,1.482615,211.78
337900,0.33,0.58,0.09,0.07141779,0.0581964,1.305013,190.28
338000,0.31,0.58,0.11,0.09037013,0.08551893,1.929619,220.97
338100,0.43,0.53,0.04,0.08714414,0.07510745,0.7982075,148.57
338200,0.3,0.62,0.08,0.08880012,0.0906467,1.05201,209.21
338300,0.38,0.58,0.04,0.0712233,0.06528737,1.083408,156.85
338400,0.27,0.71,0.02,0.06434681,0.06868142,0.5840048,148.87
338500,0.37,0.58,0.05,0.09358833,0.09375834,0.9580089,153.18
338600,0.36,0.57,0.07,0.09677264,0.09324979,1.14581,164.34
338700,0.35,0.59,0.06,0.07359555,0.07518362,1.417014,162.52
338800,0.37,0.57,0.06,0.09478173,0.08554479,1.270412,185.85
338900,0.38,0.54,0.08,0.09120404,0.0881254,1.843417,191.25
339000,0.36,0.55,0.09,0.0776308,0.08770551,1.616216,207.59
339100,0.3,0.64,0.06,0.1004427,0.09322722,1.285012,160.33
339200,0.35,0.54,0.11,0.08117543,0.07514998,1.91382,209.07
339300,0.45,0.5,0.05,0.07559684,0.07270622,1.194612,162.84
339400,0.35,0.57,0.08,0.09921899,0.09767274,1.339212,191.69
339500,0.3,0.64,0.06,0.07870621,0.07586679,1.164212,167.75
339600,0.44,0.52,0.04,0.0889986,0.07231424,1.024608,155.78
339700,0.4,0.52,0.08,0.09704783,0.09509507,1.411813,204.37
339800,0.39,0.56,0.05,0.07115484,0.06416235,0.9944087,178.23
339900,0.36,0.61,0.03,0.0828554,0.07465282,0.5752044,139.49
340000,0.37,0.58,0.05,0.07079275,0.07571679,1.174011,176.67
340100,0.36,0.55,0.09,0.06544271,0.06007589,1.998822,196.7
340200,0.32,0.64,0.04,0.1039869,0.09410546,0.93461,149.49
340300,0.36,0.59,0.05,0.06985915,0.07213845,0.9308091,156.11
340400,0.41,0.55,0.04,0.1193222,0.1315875,0.9062074,152.22
340500,0.42,0.56,0.02,0.07485995,0.06811613,0.8368054,145.3
340600,0.38,0.56,0.06,0.09550507,0.1017231,0.9698097,161.21
340700,0.29,0.66,0.05,0.08559293,0.08403267,1.023211,161.64
340800,0.27,0.6,0.13,0.09179799,0.08893642,2.269821,238.34
340900,0.36,0.58,0.06,0.0925803,0.09635711,1.15181,172.92
341000,0.39,0.6,0.01,0.07010788,0.06625195,0.4943996,128.1
341100,0.35,0.58,0.07,0.1066722,0.1041936,1.205812,178.39
341200,0.34,0.55,0.11,0.06540219,0.06050185,1.764417,221.24
341300,0.42,0.54,0.04,0.08965264,0.089744,1.128409,153.92
341400,0.43,0.54,0.03,0.06903188,0.05740614,0.7100037,137.66
341500,0.38,0.57,0.05,0.1089476,0.1193643,0.7602068,154.34
341600,0.38,0.56,0.06,0.08420228,0.08322892,1.067809,156.87
341700,0.35,0.58,0.07,0.08805063,0.08356411,1.105011,167.45
341800,0.34,0.59,0.07,0.07340743,0.06292167,1.503216,181.3
341900,0.39,0.56,0.05,0.07260793,0.06448624,0.8368067,168.73
342000,0.3,0.65,0.05,0.08061981,0.0669662,1.158011,161.08
342100,0.31,0.6,0.09,0.06877249,0.06539242,1.552015,186.32
342200,0.37,0.56,0.07,0.06571142,0.06632115,1.598016,190.18
342300,0.31,0.6,0.09,0.09239864,0.08694271,1.198811,202.13
342400,0.41,0.53,0.06,0.07744951,0.06487142,1.096609,163.41
342500,0.36,0.58,0.06,0.06520541,0.06018117,1.238411,165.24
342600,0.42,0.52,0.06,0.07413257,0.07249571,1.10621,173.67
342700,0.43,0.51,0.06,0.09632931,0.09479901,0.9950091,161.96
342800,0.41,0.54,0.05,0.09256795,0.09821313,1.307011,172.04
342900,0.34,0.59,0.07,0.08339301,0.09188055,1.078011,186.22
343000,0.36,0.59,0.05,0.09408849,0.09358671,1.237211,177.98
343100,0.35,0.58,0.07,0.100768,0.1033656,0.9836094,160.86
343200,0.39,0.54,0.07,0.07958508,0.08023541,1.513816,183.84
343300,0.4,0.55,0.05,0.08090483,0.08036659,0.8910065,166.35
343400,0.35,0.6,0.05,0.1077457,0.1006263,0.7756059,144.88
343500,0.35,0.62,0.03,0.1068542,0.1052649,0.8478075,135.7
343600,0.38,0.57,0.05,0.08041434,0.07478049,0.9992067,172.99
343700,0.33,0.55,0.12,0.08087342,0.07315569,1.911818,211.12
343800,0.31,0.63,0.06,0.06626137,0.06497394,1.219412,165.06
343900,0.43,0.52,0.05,0.07080616,0.07043729,1.23161,173.36
344000,0.34,0.59,0.07,0.0835695,0.09210549,1.457012,178.39
344100,0.44,0.49,0.07,0.090334,0.08207659,1.409012,176.61
344200,0.3,0.58,0.12,0.1171137,0.1060157,2.134624,202.95
344300,0.4,0.53,0.07,0.09397857,0.08292137,1.740217,185.93
344400,0.35,0.6,0.05,0.08052785,0.07778235,1.028609,174.32
344500,0.38,0.53,0.09,0.07436893,0.06741813,2.003019,208.1
344600,0.39,0.56,0.05,0.08636362,0.08839157,0.5464042,166.4
344700,0.33,0.56,0.11,0.07885049,0.08127726,2.135221,229.21
344800,0.41,0.55,0.04,0.08728848,0.0776279,0.6958045,143.73
344900,0.37,0.54,0.09,0.1121811,0.09898941,1.062608,199.82
345000,0.4,0.55,0.05,0.1098892,0.1042111,0.9582089,153.16
345100,0.47,0.5,0.03,0.07958128,0.08025922,0.9840063,151.88
345200,0.31,0.63,0.06,0.07340071,0.0776656,1.185611,190.7
345300,0.43,0.5,0.07,0.08564524,0.07906802,1.520614,162.18
345400,0.37,0.57,0.06,0.07135447,0.0664754,1.238612,171.84
345500,0.29,0.67,0.04,0.07522424,0.06623359,0.8462083,173.96
345600,0.38,0.54,0.08,0.09228145,0.08060507,1.551814,184.02
345700,0.39,0.57,0.04,0.08621141,0.08209369,0.8330072,149.7
345800,0.41,0.45,0.14,0.09195752,0.1005838,2.433823,234.17
345900,0.3,0.63,0.07,0.07733722,0.07034303,1.220012,167.09
346000,0.33,0.61,0.06,0.09213663,0.07613129,1.396414,161.7
346100,0.45,0.48,0.07,0.09177385,0.08835776,1.531215,171.63
346200,0.34,0.62,0.04,0.0956419,0.1128836,0.9348093,123.39
346300,0.36,0.58,0.06,0.0759266,0.06955251,1.347212,155.92
346400,0.28,0.68,0.04,0.08461878,0.07816072,0.6810063,138.01
346500,0.27,0.67,0.06,0.1239445,0.1062653,0.816407,167.53
346600,0.43,0.51,0.06,0.06351463,0.05798783,1.297614,173.58
346700,0.36,0.61,0.03,0.07417843,0.08250703,0.6524042,158.75
346800,0.35,0.62,0.03,0.0754504,0.07538944,0.8424081,143.1
346900,0.33,0.6,0.07,0.07294043,0.07309986,1.300212,167.79
347000,0.38,0.6,0.02,0.07044002,0.06595626,0.5474038,135.61
347100,0.32,0.61,0.07,0.06859434,0.06445243,1.206413,172.33
347200,0.41,0.54,0.05,0.0754942,0.07259718,1.047609,152.99
347300,0.29,0.69,0.02,0.100488,0.09123566,0.4984042,115.07
347400,0.4,0.5,0.1,0.07393736,0.0685561,1.864417,204.87
347500,0.41,0.49,0.1,0.0853864,0.08189265,1.767016,222.86
347600,0.33,0.59,0.08,0.07533249,0.0704338,1.101411,172.84
347700,0.46,0.5,0.04,0.09166868,0.08188081,0.8542055,151.34
347800,0.42,0.47,0.11,0.07633941,0.0874922,2.188623,209.46
347900,0.3,0.65,0.05,0.08575494,0.08044228,0.9398063,162.21
348000,0.4,0.57,0.03,0.07964299,0.06458371,0.843206,137.46
348100,0.43,0.52,0.05,0.08124359,0.06727115,1.041808,155.94
348200,0.44,0.49,0.07,0.08159134,0.06500158,1.10481,163.08
348300,0.32,0.61,0.07,0.07966851,0.07102258,0.6852044,181.39
348400,0.35,0.57,0.08,0.0909157,0.1034356,1.569216,190.81
348500,0.36,0.6,0.04,0.07036959,0.06375332,0.9788085,154.05
348600,0.45,0.51,0.04,0.0939159,0.08838299,0.6070045,144.57
348700,0.39,0.58,0.03,0.07952454,0.07377831,0.7412044,139.34
348800,0.43,0.52,0.05,0.07848828,0.07445531,0.9930059,171.65
348900,0.43,0.53,0.04,0.08579398,0.06963307,0.8762089,142.26
349000,0.37,0.57,0.06,0.09781086,0.08576047,1.260011,158.03
349100,0.31,0.59,0.1,0.0908106,0.09005447,1.772619,215.17
349200,0.36,0.58,0.06,0.07878027,0.07507178,1.160011,180.48
349300,0.37,0.58,0.05,0.08132007,0.06985266,1.23261,142.21
349400,0.4,0.53,0.07,0.08676338,0.07520579,1.425813,189.51
349500,0.46,0.5,0.04,0.08177035,0.07796139,0.9434067,160.87
349600,0.34,0.56,0.1,0.09349851,0.08023603,1.91762,196.86
349700,0.32,0.62,0.06,0.0894911,0.07927611,0.8480075,185.48
349800,0.38,0.58,0.04,0.06453384,0.0569585,0.9544085,156
349900,0.42,0.53,0.05,0.1059214,0.1031362,1.048607,160.14
350000,0.48,0.47,0.05,0.09270858,0.08320939,0.7156045,171.75
350100,0.27,0.66,0.07,0.083792,0.08022442,1.195413,179.46
350200,0.38,0.57,0.05,0.07425337,0.06277169,1.206411,160.13
350300,0.41,0.53,0.06,0.08909194,0.09958134,1.237212,183.04
350400,0.33,0.58,0.09,0.09244733,0.0876675,1.662217,194.79
350500,0.31,0.64,0.05,0.09529367,0.08198002,1.07301,142.36
350600,0.38,0.54,0.08,0.08610541,0.09146091,1.415213,180.42
350700,0.4,0.53,0.07,0.0701784,0.06316075,1.523816,178.03
350800,0.42,0.52,0.06,0.07909053,0.06878676,1.579814,171.46
350900,0.39,0.56,0.05,0.07030028,0.06582514,1.029409,162.34
351000,0.35,0.59,0.06,0.09085201,0.09713656,1.178411,164.86
351100,0.36,0.57,0.07,0.08443948,0.07582481,1.576616,165.33
351200,0.33,0.57,0.1,0.08760065,0.07090983,1.745419,211.97
351300,0.48,0.46,0.06,0.121491,0.1233432,1.477812,178.41
351400,0.35,0.6,0.05,0.07522667,0.06509823,1.06161,157.8
351500,0.38,0.5,0.12,0.0889661,0.07706831,1.648016,228.51
351600,0.36,0.61,0.03,0.0853707,0.07370116,0.6838043,133.19
351700,0.44,0.5,0.06,0.1038027,0.1010205,1.545813,167.21
351800,0.41,0.57,0.02,0.09988158,0.08752444,0.3505997,150.97
351900,0.44,0.53,0.03,0.08678371,0.06656272,0.8052065,132.18
352000,0.37,0.56,0.07,0.07541899,0.06279827,1.431813,181.57
352100,0.34,0.58,0.08,0.09268641,0.08814378,1.696018,178.26
352200,0.37,0.58,0.05,0.07367638,0.07038781,0.9514086,158.76
352300,0.37,0.55,0.08,0.0760425,0.06535575,1.698617,191.29
352400,0.39,0.57,0.04,0.08462045,0.07275686,0.8830071,141.69
352500,0.4,0.54,0.06,0.09447379,0.08839563,1.394813,164.16
352600,0.44,0.53,0.03,0.07346942,0.07190481,0.8322042,152.09
352700,0.36,0.59,0.05,0.08663455,0.07629479,0.9592083,160.86
352800,0.39,0.56,0.05,0.0772709,0.06971712,1.214411,154.74
352900,0.39,0.57,0.04,0.111406,0.107681,1.043209,137.86
353000,0.39,0.61,0,0.111478,0.1191302,0.2945998,106.92
353100,0.35,0.59,0.06,0.08434371,0.08752234,1.240212,174.28
353200,0.39,0.57,0.04,0.08105858,0.0703385,0.8456089,151.43
353300,0.37,0.55,0.08,0.08978462,0.08046944,1.297813,186.8
353400,0.39,0.57,0.04,0.09412675,0.09299663,0.8402064,134.97
353500,0.37,0.58,0.05,0.09050407,0.09205081,1.283011,153.09
353600,0.44,0.54,0.02,0.08742069,0.07184932,0.5328023,118.57
353700,0.37,0.55,0.08,0.06150624,0.0575746,1.748418,199.43
353800,0.39,0.56,0.05,0.07929975,0.0724166,1.248811,162.64
353900,0.3,0.67,0.03,0.07705641,0.08563954,0.6048048,125.41
354000,0.27,0.66,0.07,0.1017911,0.08111774,1.10401,187.02
354100,0.33,0.61,0.06,0.08460849,0.07820283,1.195611,160.85
354200,0.36,0.6,0.04,0.08462721,0.07373662,1.048609,136
354300,0.41,0.55,0.04,0.08520076,0.08691608,1.112609,130.25
354400,0.38,0.59,0.03,0.1038714,0.1009432,0.5290019,115.67
354500,0.38,0.57,0.05,0.09341799,0.07611795,0.9764096,182.71
354600,0.33,0.59,0.08,0.08644778,0.07947987,1.178612,184.44
354700,0.3,0.68,0.02,0.1150289,0.1060083,0.4424019,116.43
354800,0.31,0.66,0.03,0.07749546,0.06828623,0.6644036,156.59
354900,0.32,0.62,0.06,0.1063041,0.1101047,1.274014,142.01
355000,0.34,0.61,0.05,0.1112921,0.1128797,0.4212021,167.99
355100,0.37,0.52,0.11,0.07782779,0.0716695,2.291224,199.05
355200,0.44,0.51,0.05,0.08815286,0.07360344,1.20761,166.61
355300,0.38,0.57,0.05,0.08352524,0.06651632,1.096609,159.13
355400,0.3,0.6,0.1,0.09053527,0.08594804,1.489016,205.25
355500,0.38,0.57,0.05,0.08259667,0.07336137,1.149812,152.51
355600,0.34,0.61,0.05,0.0858151,0.08983441,1.238611,163.42
355700,0.39,0.53,0.08,0.09245959,0.1076156,1.312611,197.52
355800,0.35,0.59,0.06,0.09116861,0.07575465,1.265812,158.38
355900,0.43,0.55,0.02,0.0700223,0.06551507,0.5358021,139.12
356000,0.42,0.51,0.07,0.08217251,0.08685695,1.534818,169.19
356100,0.38,0.56,0.06,0.09453434,0.08611607,1.123208,184.79
356200,0.4,0.54,0.06,0.08567089,0.07646284,1.271213,183.97
356300,0.4,0.52,0.08,0.09014415,0.07298328,1.455014,189.24
356400,0.4,0.54,0.06,0.0969623,0.08578952,0.767807,168.01
356500,0.47,0.47,0.06,0.07375071,0.06980909,0.984606,185.12
356600,0.3,0.64,0.06,0.0801494,0.0709435,0.9336095,156.07
356700,0.42,0.56,0.02,0.0728023,0.06605365,0.6678042,146.35
356800,0.39,0.53,0.08,0.08494069,0.06876774,1.490613,176.84
356900,0.44,0.52,0.04,0.0835802,0.06440178,0.8370067,154.86
357000,0.46,0.46,0.08,0.08053775,0.07970926,1.422813,186.69
357100,0.41,0.52,0.07,0.07544728,0.07038815,1.045009,160.57
357200,0.3,0.6,0.1,0.09281946,0.08840305,1.09481,195.22
357300,0.4,0.55,0.05,0.09443996,0.07803708,0.9808086,156.95
357400,0.37,0.55,0.08,0.07155132,0.07018789,1.261613,181.51
357500,0.36,0.61,0.03,0.07384782,0.06360629,0.7700059,142.26
357600,0.3,0.64,0.06,0.06768175,0.05940865,1.088411,164.8
357700,0.47,0.51,0.02,0.09726287,0.0908972,0.9062064,142.68
357800,0.39,0.56,0.05,0.07787132,0.08887836,1.123611,173.95
357900,0.38,0.54,0.08,0.08842898,0.06038363,1.302413,188.63
358000,0.37,0.53,0.1,0.0735352,0.06484529,1.722018,191.05
358100,0.36,0.59,0.05,0.07510599,0.07479031,0.9392088,156.39
358200,0.31,0.62,0.07,0.07597215,0.0644041,1.363614,179.36
358300,0.4,0.56,0.04,0.09130517,0.07933333,1.036209,139.69
358400,0.4,0.55,0.05,0.08084237,0.06662522,0.9784068,156.83
358500,0.42,0.52,0.06,0.08341871,0.08476309,0.5242023,166.79
358600,0.36,0.57,0.07,0.07945864,0.06795532,1.370414,170.97
358700,0.42,0.53,0.05,0.07991603,0.06820467,1.289412,159.71
358800,0.4,0.54,0.06,0.08661045,0.09449127,1.410813,168.68
358900,0.38,0.56,0.06,0.08834223,0.08611761,0.6776045,164.81
359000,0.35,0.56,0.09,0.07585037,0.06895313,1.741017,186.83
359100,0.41,0.51,0.08,0.08361343,0.07891823,1.784819,181.06
359200,0.36,0.58,0.06,0.08506781,0.07081491,1.196611,167.18
359300,0.39,0.54,0.07,0.07566433,0.07411146,0.9194096,178.48
359400,0.47,0.5,0.03,0.08561609,0.06986198,0.4085997,145.46
359500,0.36,0.58,0.06,0.09281447,0.07773201,1.170811,180.03
359600,0.4,0.55,0.05,0.06842427,0.0587065,1.078409,166.39
359700,0.48,0.47,0.05,0.07672901,0.07295258,0.8230065,163.5
359800,0.44,0.49,0.07,0.07798459,0.07001852,1.370214,161.32
359900,0.43,0.51,0.06,0.1104552,0.1111538,1.143609,162.49
360000,0.4,0.56,0.04,0.1005267,0.08167021,0.8490066,149.4
360100,0.37,0.57,0.06,0.09642854,0.09929693,1.026408,144.38
360200,0.39,0.56,0.05,0.0948499,0.08534672,0.8228064,161.71
360300,0.34,0.6,0.06,0.07118608,0.05924577,1.180011,170.94
360400,0.42,0.54,0.04,0.09311605,0.08637373,0.8216068,137.04
360500,0.37,0.58,0.05,0.07598554,0.06760176,0.8136064,151.6
360600,0.36,0.58,0.06,0.08561306,0.07322177,1.00001,165.19
360700,0.34,0.56,0.1,0.08872709,0.08525909,1.618816,190.77
360800,0.33,0.6,0.07,0.08567139,0.07673357,1.211612,188.81
360900,0.24,0.65,0.11,0.07388154,0.07332681,1.545818,217.41
361000,0.37,0.57,0.06,0.08629102,0.08120792,1.118809,176.52
361100,0.32,0.63,0.05,0.09062739,0.08194818,0.8066061,165.43
361200,0.35,0.59,0.06,0.06807914,0.06579743,1.397612,170.97
361300,0.4,0.44,0.16,0.08582605,0.07753789,2.988031,274.13
361400,0.35,0.6,0.05,0.06750455,0.06531573,1.245211,166.53
361500,0.4,0.53,0.07,0.07827889,0.07272415,1.259011,175.89
361600,0.42,0.52,0.06,0.08119917,0.07437429,1.417812,183.63
361700,0.4,0.55,0.05,0.09953403,0.08621964,1.165813,153.11
361800,0.46,0.48,0.06,0.08385022,0.07097548,1.201411,163.89
361900,0.41,0.52,0.07,0.08479141,0.06937494,1.092409,170.75
362000,0.36,0.57,0.07,0.08294669,0.08953538,1.097611,172.78
362100,0.34,0.61,0.05,0.09036036,0.07593358,1.132609,172.91
362200,0.35,0.6,0.05,0.07592238,0.06868701,0.9518097,158.8
362300,0.37,0.57,0.06,0.08826873,0.09920242,1.159811,170.53
362400,0.4,0.54,0.06,0.07431545,0.06173098,1.236414,154.05
362500,0.33,0.58,0.09,0.07765459,0.08797169,1.96742,190.75
362600,0.41,0.53,0.06,0.07865527,0.07813843,1.282811,174.37
362700,0.37,0.56,0.07,0.1032895,0.09396685,1.249014,161.74
362800,0.36,0.56,0.08,0.07247136,0.07279487,1.584618,185.35
362900,0.41,0.52,0.07,0.0806072,0.07749534,1.217611,181.09
363000,0.33,0.6,0.07,0.09922645,0.08518002,1.025609,177.1
363100,0.4,0.53,0.07,0.08109672,0.06855693,1.405213,172.63
363200,0.34,0.59,0.07,0.07139783,0.06629949,1.156611,186.88
363300,0.4,0.55,0.05,0.0809972,0.07323419,0.923207,148.7
363400,0.36,0.58,0.06,0.1005933,0.09687889,1.319213,159.79
363500,0.32,0.63,0.05,0.1080592,0.1066099,0.8670088,158.02
363600,0.33,0.52,0.15,0.08690354,0.08748347,2.657028,239.25
363700,0.34,0.6,0.06,0.1165355,0.09938112,0.9510058,179.6
363800,0.34,0.54,0.12,0.09849323,0.08985924,2.200223,206.68
363900,0.28,0.65,0.07,0.08574851,0.08950312,1.049409,179.55
364000,0.43,0.53,0.04,0.09185145,0.08058115,1.085409,161.58
364100,0.4,0.54,0.06,0.08260312,0.07420513,1.394613,162.44
364200,0.39,0.54,0.07,0.07382905,0.07087459,1.273011,183.48
364300,0.44,0.5,0.06,0.07223663,0.0679568,1.561214,155.09
364400,0.37,0.62,0.01,0.09942304,0.08511601,0.4794023,150.97
364500,0.38,0.56,0.06,0.07298259,0.07055593,1.457814,165.93
364600,0.36,0.58,0.06,0.09076652,0.07596091,0.9980092,172.22
364700,0.47,0.46,0.07,0.08822154,0.07429678,1.412612,177.3
364800,0.37,0.59,0.04,0.07961117,0.07825191,0.8168065,159.34
364900,0.42,0.52,0.06,0.116371,0.145272,0.9782082,168.74
365000,0.35,0.58,0.07,0.08042359,0.07849883,1.480614,174.93
365100,0.41,0.51,0.08,0.07511222,0.05966205,1.526616,185.39
365200,0.42,0.51,0.07,0.1118767,0.1178569,1.272811,172.55
365300,0.35,0.59,0.06,0.07556003,0.07553221,1.409212,186.41
365400,0.38,0.56,0.06,0.1014209,0.09215765,0.6654042,159.59
365500,0.32,0.61,0.07,0.08656768,0.0796846,1.271614,180.62
365600,0.37,0.62,0.01,0.09467117,0.07814617,0.5220022,161.58
365700,0.43,0.5,0.07,0.08583307,0.08349902,1.599216,180.88
365800,0.34,0.62,0.04,0.08540621,0.07427524,0.8830091,143.12
365900,0.35,0.55,0.1,0.09059429,0.07963411,1.836818,212.2
366000,0.35,0.57,0.08,0.0833969,0.08058899,1.456815,204.93
366100,0.43,0.51,0.06,0.1030895,0.09127047,1.290811,150.46
366200,0.31,0.61,0.08,0.06930272,0.06004196,1.762217,191.92
366300,0.37,0.56,0.07,0.07851314,0.07439546,1.818818,194.56
366400,0.29,0.64,0.07,0.08161499,0.08285008,1.278414,183.1
366500,0.39,0.52,0.09,0.08385807,0.06738131,1.133211,190.9
366600,0.4,0.53,0.07,0.07284273,0.07248071,1.633016,188.49
366700,0.35,0.61,0.04,0.08158948,0.07583058,0.9630094,155.14
366800,0.36,0.57,0.07,0.08377471,0.0908745,1.07361,188.48
366900,0.42,0.52,0.06,0.08372209,0.07666413,0.8540061,156.85
367000,0.34,0.61,0.05,0.1119931,0.09887341,0.8590086,178.96
367100,0.35,0.59,0.06,0.08184381,0.07512513,1.15221,181.56
367200,0.42,0.5,0.08,0.1415073,0.1489342,1.664415,180.63
367300,0.43,0.53,0.04,0.08053884,0.07947478,1.00481,152.43
367400,0.32,0.65,0.03,0.1045629,0.08896572,0.566604,142.3
367500,0.3,0.58,0.12,0.07156491,0.06504539,2.439027,221.26
367600,0.37,0.56,0.07,0.09129774,0.08451849,1.573016,176.51
367700,0.39,0.55,0.06,0.0837483,0.07232736,1.18301,189.42
367800,0.36,0.6,0.04,0.1062994,0.1204493,0.7314065,146.32
367900,0.33,0.63,0.04,0.08610135,0.07821929,0.8606086,151.88
368000,0.36,0.57,0.07,0.08106348,0.07987329,1.155609,177.35
368100,0.37,0.56,0.07,0.07283759,0.06201322,1.333213,189.84
368200,0.35,0.57,0.08,0.07417891,0.06583705,1.302012,208.65
368300,0.31,0.6,0.09,0.07686102,0.06863895,1.533815,202.66
368400,0.36,0.57,0.07,0.0871189,0.08708701,1.308813,170.48
368500,0.43,0.5,0.07,0.08549397,0.08986854,1.645416,181.69
368600,0.41,0.53,0.06,0.09108379,0.07823601,1.287611,166.76
368700,0.39,0.55,0.06,0.1133373,0.09464572,1.074609,192.23
368800,0.45,0.46,0.09,0.07807867,0.0792382,1.897817,199.76
368900,0.31,0.62,0.07,0.08402404,0.07807764,1.14761,189.34
369000,0.38,0.55,0.07,0.07311668,0.06907879,1.480414,190.98
369100,0.35,0.61,0.04,0.08172078,0.0739592,0.9828087,150.7
369200,0.46,0.48,0.06,0.08574619,0.09297166,1.551014,164.41
369300,0.42,0.54,0.04,0.09734496,0.08104774,1.127209,163.81
369400,0.39,0.54,0.07,0.07474118,0.06608041,1.656816,187.09
369500,0.29,0.62,0.09,0.08300287,0.07366638,1.527416,203.96
369600,0.32,0.63,0.05,0.07805982,0.07397304,1.002609,166.81
369700,0.36,0.6,0.04,0.09078955,0.08609849,0.8978071,159.26
369800,0.35,0.58,0.07,0.0969376,0.08569729,1.541014,180.48
369900,0.35,0.59,0.06,0.07688861,0.07205442,1.242611,177.96
370000,0.36,0.57,0.07,0.09233944,0.0751653,1.306613,178.33
370100,0.39,0.54,0.07,0.09221138,0.07998325,1.373013,191.35
370200,0.35,0.61,0.04,0.08831681,0.08824021,1.083608,164.57
370300,0.33,0.61,0.06,0.08466218,0.07328055,0.9280082,173.85
370400,0.32,0.55,0.13,0.07399312,0.06526874,2.047023,223.71
370500,0.36,0.61,0.03,0.1021654,0.09767202,0.5818017,130.58
370600,0.4,0.57,0.03,0.1211316,0.1219514,0.5632043,142.8
370700,0.34,0.58,0.08,0.07725357,0.07046891,1.335613,188.68
370800,0.35,0.52,0.13,0.07604963,0.07269932,2.094019,243.4
370900,0.32,0.63,0.05,0.118153,0.1047708,1.123612,156.11
371000,0.31,0.63,0.06,0.09817559,0.0795269,1.271611,171.43
371100,0.32,0.59,0.09,0.0934358,0.08461448,1.610815,197.65
371200,0.39,0.53,0.08,0.08985745,0.08792474,1.281413,221.62
371300,0.34,0.61,0.05,0.08148148,0.06872883,1.11821,170.85
371400,0.31,0.62,0.07,0.08350361,0.06437628,1.559016,172.71
371500,0.33,0.59,0.08,0.07810988,0.07398877,1.233413,179.8
371600,0.39,0.55,0.06,0.1061216,0.1019407,0.9538072,161.09
371700,0.41,0.53,0.06,0.08142297,0.07236233,1.162809,172.37
371800,0.29,0.62,0.09,0.08488099,0.0762004,2.049622,204.65
371900,0.38,0.5,0.12,0.06459038,0.05972639,2.01102,248.58
372000,0.34,0.63,0.03,0.08056023,0.08498916,0.824207,152.79
372100,0.38,0.57,0.05,0.08611602,0.07705905,0.7580048,147.81
372200,0.34,0.6,0.06,0.08577677,0.0752803,1.405013,176.49
372300,0.35,0.57,0.08,0.08333987,0.07898059,1.07261,185.23
372400,0.44,0.47,0.09,0.07226337,0.06150834,1.892418,228.19
372500,0.39,0.56,0.05,0.08332691,0.0901372,1.171411,168.66
372600,0.33,0.6,0.07,0.1194005,0.1133641,1.101211,168.67
372700,0.3,0.66,0.04,0.08051376,0.08523101,0.7400042,147.21
372800,0.32,0.62,0.06,0.07755063,0.0697263,1.227212,186.67
372900,0.28,0.61,0.11,0.07839149,0.073783,2.033223,214.84
373000,0.37,0.6,0.03,0.08560559,0.09727736,1.041407,165.31
373100,0.43,0.55,0.02,0.08186378,0.08772688,0.4090019,134.88
373200,0.39,0.51,0.1,0.08220987,0.07237014,1.651617,211.46
373300,0.33,0.57,0.1,0.08082536,0.08096309,1.326814,220
373400,0.41,0.53,0.06,0.08773285,0.08773489,1.316813,155.62
373500,0.44,0.53,0.03,0.08887169,0.07423584,0.5946018,150.49
373600,0.28,0.64,0.08,0.07550591,0.07564952,1.498016,187.15
373700,0.42,0.51,0.07,0.08309931,0.07285006,0.8916067,179.12
373800,0.38,0.54,0.08,0.07647312,0.07190434,1.557416,187.34
373900,0.43,0.54,0.03,0.08394282,0.07023845,0.5644026,131.88
374000,0.38,0.57,0.05,0.08998083,0.09000587,0.9536075,172.05
374100,0.33,0.61,0.06,0.08541708,0.07662423,1.335413,160.28
374200,0.4,0.54,0.06,0.08348243,0.07984388,1.372612,165.82
374300,0.38,0.59,0.03,0.07036266,0.06172988,0.845007,157.28
374400,0.28,0.65,0.07,0.08121018,0.07017441,1.342814,189.05
374500,0.36,0.6,0.04,0.08707241,0.07346767,0.7276061,136.35
374600,0.34,0.57,0.09,0.07703251,0.06910996,1.255814,204.66
374700,0.45,0.53,0.02,0.08521221,0.09800113,0.8326016,155.27
374800,0.29,0.66,0.05,0.08939793,0.08418129,0.5626037,156.79
374900,0.33,0.6,0.07,0.09121826,0.0982804,1.178211,181.52
375000,0.43,0.52,0.05,0.08249045,0.07464851,0.9834088,146.78
375100,0.31,0.61,0.08,0.09635945,0.08145134,1.402214,208.03
375200,0.34,0.54,0.12,0.08622668,0.08169685,2.076019,242.58
375300,0.44,0.49,0.07,0.07986539,0.06888454,1.005809,163.95
375400,0.36,0.59,0.05,0.07813415,0.0727717,1.154212,158.17
375500,0.37,0.61,0.02,0.08721852,0.09085859,0.4986024,133.91
375600,0.35,0.57,0.08,0.08452743,0.07778927,1.557813,193.5
375700,0.41,0.54,0.05,0.08338898,0.07802228,1.050608,159.54
375800,0.43,0.54,0.03,0.09898915,0.09606747,0.6344044,122.12
375900,0.37,0.54,0.09,0.08203024,0.07537236,1.486613,227.48
376000,0.36,0.56,0.08,0.08094005,0.08128077,1.712214,185.43
376100,0.39,0.6,0.01,0.08405726,0.07855575,0.4504018,133.09
376200,0.36,0.59,0.05,0.09048598,0.08045257,1.17701,149.68
376300,0.42,0.53,0.05,0.07259969,0.06216916,0.6394041,154.06
376400,0.33,0.57,0.1,0.08191837,0.08341067,1.620416,208.31
376500,0.39,0.55,0.06,0.07653408,0.06929113,1.216212,188.35
376600,0.39,0.53,0.08,0.07824595,0.08506755,1.759017,187.18
376700,0.34,0.6,0.06,0.09871274,0.08457552,0.8610075,159.33
376800,0.36,0.54,0.1,0.07774506,0.07380066,1.36681,218.3
376900,0.41,0.57,0.02,0.08680883,0.09453719,0.8452031,141.69
377000,0.4,0.57,0.03,0.07730057,0.068998,1.074007,150.23
377100,0.28,0.6,0.12,0.07126709,0.06461565,1.981422,221.25
377200,0.39,0.56,0.05,0.08031148,0.0825279,0.6164046,158.17
377300,0.32,0.62,0.06,0.07558873,0.07809462,1.23201,183.52
377400,0.29,0.63,0.08,0.07704132,0.07950683,1.398814,194.48
377500,0.38,0.57,0.05,0.08970615,0.08091667,0.7660065,174.19
377600,0.34,0.58,0.08,0.08090609,0.07894856,1.396012,179.74
377700,0.37,0.55,0.08,0.0861167,0.08986898,1.319013,176.18
377800,0.36,0.56,0.08,0.08530195,0.07659006,1.563615,198.94
377900,0.26,0.71,0.03,0.08369273,0.07182097,0.7068073,133.29
378000,0.32,0.6,0.08,0.08795729,0.07948551,1.584616,197.43
378100,0.36,0.6,0.04,0.08128088,0.06723122,0.7356072,139.85
378200,0.34,0.6,0.06,0.07943717,0.0647133,1.278214,153.13
378300,0.3,0.63,0.07,0.08376267,0.06810416,0.8752084,162.09
378400,0.43,0.52,0.05,0.08328537,0.08132038,1.04901,140.63
378500,0.34,0.63,0.03,0.1188265,0.1108947,0.8294071,158.08
378600,0.3,0.62,0.08,0.08596373,0.07383315,1.361014,187.23
378700,0.4,0.55,0.05,0.07789885,0.0731116,1.242009,159.52
378800,0.4,0.55,0.05,0.07570177,0.07517119,0.6778041,155.97
378900,0.38,0.55,0.07,0.07726204,0.07413799,1.079608,182.47
379000,0.35,0.58,0.07,0.08157263,0.07750808,1.519215,178.22
379100,0.37,0.52,0.11,0.07298598,0.06317683,1.549016,234.39
379200,0.28,0.67,0.05,0.0790153,0.07593828,1.255812,159.93
379300,0.38,0.56,0.06,0.09656774,0.1138324,1.301814,173.69
379400,0.4,0.57,0.03,0.07580508,0.07130135,0.9062069,151.92
379500,0.34,0.53,0.13,0.07375719,0.06452682,1.984822,241.35
379600,0.37,0.56,0.07,0.08189133,0.07631173,1.411014,183.41
379700,0.33,0.63,0.04,0.08321207,0.07377545,1.028409,157.73
379800,0.4,0.58,0.02,0.08072936,0.07309865,0.6170042,132.41
379900,0.33,0.62,0.05,0.07486114,0.07140651,0.7916074,176.31
380000,0.29,0.62,0.09,0.07581779,0.06669214,1.905421,225.68
380100,0.33,0.6,0.07,0.07365943,0.07126567,1.215811,178.49
380200,0.36,0.59,0.05,0.07624853,0.07057445,0.9142082,175.52
380300,0.38,0.57,0.05,0.08446677,0.07587203,0.942409,176.32
380400,0.4,0.56,0.04,0.0785514,0.07189379,1.12921,172.36
380500,0.37,0.57,0.06,0.1093308,0.1069587,0.8722082,165.93
380600,0.41,0.5,0.09,0.07121286,0.07036181,1.593616,217.97
380700,0.38,0.52,0.1,0.09403524,0.08980373,1.551616,216.71
380800,0.38,0.57,0.05,0.07208406,0.06548989,0.8402075,149.14
380900,0.31,0.63,0.06,0.08640856,0.09730516,1.233013,158.31
381000,0.34,0.61,0.05,0.07310582,0.07266437,1.084011,168.4
381100,0.32,0.62,0.06,0.09267371,0.0876939,1.298413,179.21
381200,0.32,0.66,0.02,0.07072402,0.06406022,0.5584044,148.11
381300,0.32,0.59,0.09,0.06914322,0.06144959,1.78442,199.1
381400,0.34,0.61,0.05,0.07885215,0.07307357,0.7624041,167.65
381500,0.36,0.63,0.01,0.07426973,0.07549863,0.5730019,159.4
381600,0.34,0.55,0.11,0.1082527,0.1072482,1.645417,198.76
381700,0.35,0.59,0.06,0.08756637,0.09814703,1.105009,175.75
381800,0.39,0.54,0.07,0.1015458,0.08247037,1.24321,164.56
381900,0.44,0.52,0.04,0.09719914,0.09512755,1.092006,156.66
382000,0.36,0.57,0.07,0.08556791,0.07670771,1.570816,167.6
382100,0.32,0.64,0.04,0.07915153,0.07674175,0.916409,155.24
382200,0.39,0.6,0.01,0.08852962,0.09203288,0.5650017,129.32
382300,0.31,0.64,0.05,0.07498512,0.06213592,1.153611,166.09
382400,0.32,0.63,0.05,0.07792035,0.06999794,1.258612,196.13
382500,0.26,0.64,0.1,0.07878495,0.07006595,1.976222,217.19
382600,0.3,0.61,0.09,0.0707379,0.06673883,1.335013,203.92
382700,0.38,0.54,0.08,0.06810734,0.06438915,1.378611,188.21
382800,0.32,0.62,0.06,0.07306553,0.0687744,1.103811,184.19
382900,0.35,0.62,0.03,0.09752143,0.09695962,0.8902059,157.77
383000,0.36,0.59,0.05,0.08845466,0.09018998,1.062409,172.89
383100,0.32,0.59,0.09,0.08574484,0.07601957,1.607617,207.14
383200,0.38,0.57,0.05,0.118654,0.1126814,1.142412,178.63
383300,0.31,0.62,0.07,0.0733682,0.07116426,1.295214,170.45
383400,0.38,0.58,0.04,0.09197453,0.07792792,0.8740057,172.19
383500,0.32,0.61,0.07,0.08128394,0.08107205,1.561414,177.4
383600,0.37,0.56,0.07,0.09167832,0.09033775,1.409213,181.41
383700,0.37,0.55,0.08,0.08368907,0.08258419,1.271613,190.74
383800,0.33,0.58,0.09,0.1013995,0.08814412,1.350614,197.5
383900,0.37,0.57,0.06,0.06914847,0.06745464,1.487413,184.03
384000,0.41,0.57,0.02,0.07858916,0.07355276,0.5714023,138.77
384100,0.35,0.56,0.09,0.07226884,0.05889923,1.192011,196.03
384200,0.32,0.63,0.05,0.1028892,0.1016564,1.140411,169.02
384300,0.33,0.59,0.08,0.1051983,0.09781361,1.239611,195
384400,0.36,0.54,0.1,0.08272158,0.07714943,1.702816,224.95
384500,0.35,0.58,0.07,0.08026686,0.06719901,1.170211,190.66
384600,0.33,0.64,0.03,0.07238629,0.07536986,0.9124071,138.15
384700,0.43,0.5,0.07,0.1005005,0.08157852,1.23961,177.08
384800,0.4,0.56,0.04,0.09674242,0.08247123,1.024809,157.43
384900,0.33,0.61,0.06,0.07919287,0.06609032,0.8548058,170.35
385000,0.36,0.56,0.08,0.08583038,0.08879393,1.355414,199.5
385100,0.38,0.57,0.05,0.07462468,0.0741007,1.096408,169.67
385200,0.34,0.61,0.05,0.08754019,0.08769761,0.798005,176.22
385300,0.39,0.53,0.08,0.07656144,0.06319169,1.377414,197.76
385400,0.37,0.59,0.04,0.08600382,0.07696292,0.6924049,153.97
385500,0.37,0.57,0.06,0.07318161,0.06942426,1.09861,194.36
385600,0.43,0.56,0.01,0.0939453,0.1034426,0.6108019,120.43
385700,0.38,0.53,0.09,0.0915648,0.09780026,1.941619,196.93
385800,0.39,0.59,0.02,0.08438864,0.07187757,0.5606046,135.46
385900,0.4,0.52,0.08,0.08496948,0.07296728,1.404014,194.52
386000,0.42,0.54,0.04,0.07499985,0.06322835,0.5794017,150.11
386100,0.42,0.54,0.04,0.1019543,0.09477272,0.8136059,133.97
386200,0.41,0.54,0.05,0.08478277,0.08068033,1.140208,172.27
386300,0.31,0.66,0.03,0.08230871,0.09637114,0.4514019,150.15
386400,0.38,0.58,0.04,0.09265146,0.07935123,0.8870065,162.42
386500,0.45,0.49,0.06,0.08259753,0.07313881,1.296609,162.38
386600,0.45,0.51,0.04,0.07215213,0.06252275,1.109807,149.56
386700,0.48,0.46,0.06,0.07780439,0.06509393,1.437011,179.44
386800,0.3,0.65,0.05,0.07507737,0.07138713,0.7538068,156.67
386900,0.35,0.61,0.04,0.08187287,0.08046684,1.088009,174.39
387000,0.36,0.57,0.07,0.08459218,0.07972723,1.354414,174.08
387100,0.4,0.55,0.05,0.07743523,0.07394835,1.016009,146.31
387200,0.39,0.53,0.08,0.08830544,0.1071025,1.730617,180.69
387300,0.36,0.6,0.04,0.0886519,0.08550163,0.9196078,131.13
387400,0.4,0.51,0.09,0.07037887,0.06557585,1.389212,193.26
387500,0.36,0.62,0.02,0.07618023,0.06929229,0.4322017,145.72
387600,0.36,0.56,0.08,0.07547079,0.06124261,1.131209,194.15
387700,0.3,0.65,0.05,0.1118828,0.1038331,0.8084066,142.11
387800,0.36,0.59,0.05,0.09851923,0.09993764,1.208211,163.81
387900,0.28,0.68,0.04,0.0913075,0.07447972,1.077809,175.06
388000,0.41,0.57,0.02,0.08004174,0.07507791,0.7998065,137.59
388100,0.35,0.59,0.06,0.08708335,0.07885019,1.281412,183.87
388200,0.37,0.6,0.03,0.07842678,0.06592289,0.9090064,137.89
388300,0.47,0.51,0.02,0.07907933,0.06642535,0.635602,145.45
388400,0.33,0.6,0.07,0.08923613,0.09737763,1.130612,187.42
388500,0.31,0.65,0.04,0.08370192,0.06936919,0.7410071,136.38
388600,0.34,0.61,0.05,0.102015,0.0999315,1.12481,174.48
388700,0.39,0.55,0.06,0.09462898,0.0927627,0.9344066,153.64
388800,0.35,0.6,0.05,0.07755682,0.07820304,1.177609,173.94
388900,0.46,0.47,0.07,0.08086944,0.08670382,1.24601,162.1
389000,0.4,0.55,0.05,0.08347095,0.07013511,1.019809,177.81
389100,0.42,0.52,0.06,0.1226268,0.1317477,1.140011,187.33
389200,0.45,0.54,0.01,0.08128649,0.07185778,0.3279997,136.65
389300,0.44,0.52,0.04,0.0784132,0.08164306,1.041609,153.53
389400,0.25,0.71,0.04,0.06996974,0.06748723,0.7794061,174.39
389500,0.39,0.53,0.08,0.09150049,0.07963221,1.482615,188.15
389600,0.39,0.55,0.06,0.07899243,0.07187076,1.24101,195.17
389700,0.3,0.6,0.1,0.07131722,0.07539035,2.023221,207.4
389800,0.35,0.62,0.03,0.08192441,0.06918017,0.8252069,149.06
389900,0.36,0.61,0.03,0.07572502,0.07079349,0.7436065,132.5
390000,0.31,0.63,0.06,0.07591165,0.06524172,1.150411,161.2
390100,0.37,0.57,0.06,0.08058245,0.07019229,0.9692075,183.66
390200,0.35,0.59,0.06,0.07482946,0.07017454,1.205011,185.55
390300,0.38,0.57,0.05,0.07335007,0.06791298,1.129411,181.17
390400,0.37,0.6,0.03,0.08806815,0.07710622,0.9202061,166.43
390500,0.43,0.54,0.03,0.1005306,0.103518,0.6356041,155.5
390600,0.3,0.64,0.06,0.08459339,0.08457663,1.101412,180.14
390700,0.36,0.6,0.04,0.08456069,0.08345999,1.023607,164
390800,0.44,0.55,0.01,0.09860597,0.113827,0.5226022,129.69
390900,0.34,0.63,0.03,0.08782642,0.0903555,0.9428082,149.53
391000,0.41,0.54,0.05,0.08674641,0.08772813,1.060209,167.61
391100,0.35,0.58,0.07,0.1019705,0.09131494,1.531417,179.42
391200,0.42,0.52,0.06,0.07657675,0.07199465,1.223811,192.28
391300,0.37,0.57,0.06,0.08914275,0.09467595,1.370214,171.66
391400,0.39,0.56,0.05,0.08999114,0.09147427,1.071607,166.49
391500,0.34,0.62,0.04,0.08252331,0.07730117,0.9756104,153.74
391600,0.35,0.57,0.08,0.07261986,0.06391792,1.498415,197.3
391700,0.33,0.65,0.02,0.1006695,0.1126507,0.5400044,142.46
391800,0.36,0.56,0.08,0.0719315,0.06409281,1.405014,198.48
391900,0.34,0.64,0.02,0.102466,0.1126743,0.9080058,148.18
392000,0.32,0.61,0.07,0.06741884,0.05613823,0.9386089,188.66
392100,0.4,0.56,0.04,0.08323126,0.08505518,1.09481,169.66
392200,0.37,0.59,0.04,0.09317739,0.0818933,1.17761,146.12
392300,0.34,0.64,0.02,0.08980374,0.08101644,0.5258017,147.67
392400,0.42,0.56,0.02,0.08442713,0.07548952,0.5612022,139.22
392500,0.44,0.52,0.04,0.08012,0.07325438,0.9872066,169.28
392600,0.32,0.65,0.03,0.08049086,0.06689491,0.3609997,146.17
392700,0.46,0.52,0.02,0.09110593,0.07993494,0.7470039,128.52
392800,0.43,0.5,0.07,0.07897309,0.06787834,1.467413,189.07
392900,0.28,0.66,0.06,0.07764065,0.08734615,1.183411,169.02
393000,0.33,0.6,0.07,0.0823872,0.08976917,0.9256085,187.95
393100,0.5,0.43,0.07,0.07765817,0.07013159,1.308408,183.44
393200,0.35,0.61,0.04,0.09978513,0.09859011,0.7332062,154.73
393300,0.3,0.62,0.08,0.08797427,0.08334062,1.144611,194.99
393400,0.42,0.52,0.06,0.071833,0.06990075,1.152411,169.58
393500,0.41,0.53,0.06,0.09344318,0.1184661,0.9320084,144.64
393600,0.34,0.62,0.04,0.08603321,0.07966498,0.8140068,177.3
393700,0.36,0.61,0.03,0.07657064,0.07528258,0.5882044,131.73
393800,0.36,0.59,0.05,0.08306947,0.07253753,1.088808,157.64
393900,0.36,0.57,0.07,0.07960457,0.07586529,1.185611,192.99
394000,0.46,0.51,0.03,0.09409624,0.08466353,0.8520075,165.93
394100,0.35,0.58,0.07,0.1040379,0.1057253,1.355814,189.53
394200,0.43,0.53,0.04,0.09800935,0.0816304,0.9950083,152.92
394300,0.38,0.54,0.08,0.07375739,0.06230727,1.112609,191.65
394400,0.31,0.65,0.04,0.08662019,0.07085823,0.7806065,144.68
394500,0.32,0.65,0.03,0.09941047,0.1054572,0.7222065,153.27
394600,0.34,0.62,0.04,0.09815287,0.09020777,0.751407,165.78
394700,0.46,0.52,0.02,0.08858386,0.09347828,0.4908015,135.9
394800,0.39,0.57,0.04,0.07619268,0.06761785,0.7576042,144.15
394900,0.41,0.55,0.04,0.08829972,0.1034384,1.098609,152.79
395000,0.35,0.61,0.04,0.09409723,0.08894797,0.8738067,169.17
395100,0.4,0.56,0.04,0.07229883,0.06563721,0.6940043,171.45
395200,0.37,0.57,0.06,0.08853031,0.0880129,1.189211,206.42
395300,0.34,0.59,0.07,0.0913918,0.08470923,1.552216,177.84
395400,0.43,0.54,0.03,0.07995291,0.08457901,1.107608,174.68
395500,0.38,0.58,0.04,0.09587774,0.08129882,0.5828047,145.84
395600,0.25,0.7,0.05,0.07781065,0.07857767,0.97501,189
395700,0.33,0.64,0.03,0.07751054,0.08099902,0.8250064,141.27
395800,0.26,0.69,0.05,0.08239157,0.07717565,1.129012,157.61
395900,0.42,0.55,0.03,0.08516655,0.08435707,0.8052043,142.52
396000,0.38,0.58,0.04,0.083763,0.07412238,0.7554058,140.08
396100,0.38,0.59,0.03,0.06867555,0.0618334,0.3471998,166.93
396200,0.38,0.6,0.02,0.09801817,0.08609945,0.7420046,136.09
396300,0.35,0.6,0.05,0.1257573,0.1255268,0.6874065,168.15
396400,0.4,0.56,0.04,0.07939808,0.06660556,0.9624069,159.18
396500,0.44,0.51,0.05,0.08049032,0.07055046,1.13921,164.68
396600,0.48,0.48,0.04,0.09307016,0.09184396,1.184008,166.07
396700,0.27,0.67,0.06,0.08261595,0.07252803,0.540004,181.91
396800,0.37,0.62,0.01,0.08976479,0.08797335,0.3311997,124.14
396900,0.4,0.52,0.08,0.08654398,0.07990646,1.480014,193.14
397000,0.33,0.62,0.05,0.09008523,0.08304616,1.096811,155.46
397100,0.39,0.51,0.1,0.08681644,0.08272337,1.837418,201.42
397200,0.37,0.56,0.07,0.07672065,0.08023348,1.357414,193.82
397300,0.39,0.57,0.04,0.08999521,0.07636405,0.8516053,163.93
397400,0.37,0.58,0.05,0.08200465,0.07416702,1.030608,152.44
397500,0.31,0.67,0.02,0.08719616,0.08629867,0.6230041,135.72
397600,0.37,0.53,0.1,0.0778177,0.07118261,1.921216,216
397700,0.33,0.62,0.05,0.07499163,0.06940661,0.9170086,158.27
397800,0.32,0.62,0.06,0.07103359,0.06966671,1.059008,182.45
397900,0.39,0.57,0.04,0.08294501,0.06744243,0.8032072,143.36
398000,0.44,0.5,0.06,0.06969278,0.06515139,1.28961,181.33
398100,0.37,0.59,0.04,0.07657147,0.06640267,0.9520086,160.28
398200,0.36,0.56,0.08,0.07757765,0.06952164,1.086609,207.01
398300,0.35,0.61,0.04,0.08404776,0.07488408,0.8088061,165.88
398400,0.36,0.57,0.07,0.07514996,0.07181451,0.9556072,197.52
398500,0.49,0.45,0.06,0.1107822,0.1178445,1.087209,168.93
398600,0.4,0.53,0.07,0.0693818,0.06512491,1.395414,163.09
398700,0.4,0.57,0.03,0.08071202,0.09873492,0.6512024,151.28
398800,0.32,0.62,0.06,0.07773751,0.06995745,1.070809,174.75
398900,0.36,0.58,0.06,0.0947132,0.09670427,1.404814,170.03
399000,0.33,0.62,0.05,0.07569615,0.06284506,1.131811,157.93
399100,0.3,0.67,0.03,0.1098831,0.1073763,0.8058073,128.44
399200,0.37,0.6,0.03,0.06253093,0.06604643,1.030407,168.55
399300,0.31,0.62,0.07,0.07685323,0.06924601,1.06081,174.13
399400,0.41,0.56,0.03,0.08802722,0.0786175,0.7940065,141.31
399500,0.39,0.56,0.05,0.0808644,0.07775205,1.191409,155.51
399600,0.3,0.66,0.04,0.072952,0.06658485,0.4852024,158.61
399700,0.35,0.56,0.09,0.09361552,0.08238745,1.696816,184.08
399800,0.36,0.59,0.05,0.09265371,0.09942073,1.039809,155.74
399900,0.38,0.6,0.02,0.0897509,0.09036204,0.4102024,131.35
400000,0.43,0.5,0.07,0.09129027,0.0763104,0.857007,174.31
400100,0.33,0.61,0.06,0.0810051,0.08103567,1.338814,175.02
400200,0.38,0.53,0.09,0.08282001,0.1041447,1.573416,208.94
400300,0.45,0.53,0.02,0.09278598,0.0916247,0.652605,113.86
400400,0.43,0.52,0.05,0.09360316,0.1054849,1.090608,193.25
400500,0.37,0.57,0.06,0.07248752,0.08369558,1.150612,164.35
400600,0.33,0.64,0.03,0.07870372,0.07997493,0.8424067,144.49
400700,0.41,0.49,0.1,0.07848161,0.06786269,1.756217,203.76
400800,0.4,0.53,0.07,0.08889077,0.09340253,1.310812,171.37
400900,0.37,0.57,0.06,0.09129856,0.08755356,1.080411,175.82
401000,0.47,0.48,0.05,0.08772349,0.07329557,1.054208,169.49
401100,0.5,0.5,0,0.07692402,0.06263879,0.2661998,105.03
401200,0.42,0.56,0.02,0.08472593,0.0814193,0.6644043,133.89
401300,0.31,0.66,0.03,0.08658676,0.07725249,0.6996049,158.8
401400,0.31,0.64,0.05,0.08870161,0.08080987,0.7900056,176.34
401500,0.35,0.58,0.07,0.07896741,0.0836281,1.602814,189.56
401600,0.41,0.55,0.04,0.0824446,0.08031747,1.09421,133.99
401700,0.38,0.58,0.04,0.1018398,0.09965512,0.9960096,151.58
401800,0.31,0.63,0.06,0.08639912,0.07529409,0.9566091,161.54
401900,0.4,0.53,0.07,0.08496018,0.09219342,1.038007,178.68
402000,0.38,0.57,0.05,0.07478005,0.08652435,0.9420081,153.55
402100,0.36,0.61,0.03,0.09625735,0.09323464,0.7480044,139.54
402200,0.34,0.61,0.05,0.1131284,0.102042,0.8216062,164.94
402300,0.45,0.47,0.08,0.07918263,0.08506919,1.573214,235.29
402400,0.46,0.46,0.08,0.09768937,0.101203,1.670815,207.23
402500,0.33,0.63,0.04,0.07297572,0.06180217,0.6970048,147.85
402600,0.33,0.58,0.09,0.08340625,0.08236194,1.484013,199.98
402700,0.35,0.61,0.04,0.09745292,0.1032482,0.6360042,171.66
402800,0.38,0.57,0.05,0.1060147,0.09347527,1.134211,152.71
402900,0.46,0.49,0.05,0.07342765,0.06333859,1.27481,170.48
403000,0.27,0.65,0.08,0.07662846,0.07066979,1.709817,211.26
403100,0.41,0.54,0.05,0.07271064,0.06286154,1.187811,169.77
403200,0.36,0.64,0,0.09137587,0.0886582,0.3365997,115.86
403300,0.4,0.51,0.09,0.08958416,0.09470232,1.726018,203.16
403400,0.34,0.58,0.08,0.07823899,0.06715237,1.418015,195.84
403500,0.42,0.51,0.07,0.100927,0.09772805,1.391613,188.17
403600,0.39,0.59,0.02,0.08794605,0.07938287,0.5072024,144.32
403700,0.43,0.49,0.08,0.08775349,0.07990011,1.745418,179.91
403800,0.34,0.62,0.04,0.1042428,0.1163936,0.910007,150.86
403900,0.38,0.57,0.05,0.07978967,0.07957402,1.02481,156.95
404000,0.44,0.54,0.02,0.08805124,0.08167171,0.8708063,129.47
404100,0.44,0.51,0.05,0.07294886,0.0679816,0.7640046,176.49
404200,0.3,0.65,0.05,0.07415166,0.06591755,1.067209,169.1
404300,0.34,0.62,0.04,0.099326,0.1051859,1.037609,167.29
404400,0.29,0.66,0.05,0.07745928,0.07648291,1.079208,150.94
404500,0.3,0.64,0.06,0.0863869,0.07276642,1.019809,186.92
404600,0.3,0.62,0.08,0.08293603,0.08739629,1.774419,216.2
404700,0.39,0.58,0.03,0.09405164,0.09342613,0.7574049,158.43
404800,0.47,0.5,0.03,0.09035651,0.07516892,0.7716045,164.72
404900,0.39,0.56,0.05,0.1049448,0.1050096,0.9740098,159.01
405000,0.33,0.62,0.05,0.07738318,0.06703289,0.9592077,165.72
405100,0.41,0.53,0.06,0.07659562,0.06653612,1.242009,173.1
405200,0.37,0.59,0.04,0.1025925,0.1011682,0.7044064,126.68
405300,0.43,0.53,0.04,0.09375868,0.08735191,1.104608,146.08
405400,0.41,0.53,0.06,0.07672532,0.07020228,1.154212,178.26
405500,0.36,0.58,0.06,0.08233829,0.07642373,1.222611,167.06
405600,0.35,0.6,0.05,0.08213483,0.08282571,0.8328067,147.06
405700,0.44,0.56,0,0.09762031,0.09874433,0.5436006,122.02
405800,0.32,0.63,0.05,0.08443341,0.08504786,1.137012,161.64
405900,0.42,0.55,0.03,0.09252827,0.09792062,1.050807,133.75
406000,0.35,0.58,0.07,0.08021882,0.07602204,1.431014,187.54
406100,0.45,0.52,0.03,0.08138786,0.09269592,0.7590045,138.92
406200,0.41,0.52,0.07,0.07861938,0.09084554,1.198811,184.12
406300,0.41,0.54,0.05,0.105979,0.100802,1.079808,169.8
406400,0.37,0.58,0.05,0.09095994,0.09059522,1.222411,186.61
406500,0.37,0.52,0.11,0.08148739,0.0732198,1.815818,225.09
406600,0.33,0.64,0.03,0.100284,0.104705,0.8432068,126.08
406700,0.38,0.55,0.07,0.1028985,0.1261317,1.277211,195.02
406800,0.34,0.64,0.02,0.07429501,0.06570779,0.5180019,134.59
406900,0.33,0.61,0.06,0.0946715,0.0882441,1.321815,163.19
407000,0.48,0.48,0.04,0.0786854,0.08876033,1.272609,164.71
407100,0.33,0.62,0.05,0.08413534,0.07845197,1.247211,168.41
407200,0.43,0.54,0.03,0.09053132,0.09260667,0.9486064,130.43
407300,0.34,0.62,0.04,0.0884125,0.0898356,0.8830067,168.94
407400,0.28,0.67,0.05,0.08956983,0.07576448,1.112211,189.92
407500,0.28,0.58,0.14,0.08661332,0.07584934,2.436428,241.2
407600,0.34,0.64,0.02,0.07871549,0.07304973,0.5250044,131.55
407700,0.35,0.63,0.02,0.08649272,0.08684346,0.5872039,134.52
407800,0.37,0.56,0.07,0.08186723,0.07388102,1.22561,183.41
407900,0.41,0.57,0.02,0.06925873,0.05882822,0.7564049,176.79
408000,0.3,0.65,0.05,0.08471499,0.09287681,1.085211,162.77
408100,0.32,0.62,0.06,0.09998182,0.09639481,1.325614,168.1
408200,0.47,0.5,0.03,0.1031041,0.09348042,0.7518039,179.09
408300,0.41,0.53,0.06,0.07947443,0.0836546,1.148808,182.87
408400,0.4,0.56,0.04,0.07713649,0.07438008,1.205811,166.73
408500,0.44,0.52,0.04,0.06983798,0.06799094,0.8270065,154.63
408600,0.38,0.58,0.04,0.06506183,0.06075485,1.090006,167.46
408700,0.43,0.52,0.05,0.08902198,0.08359402,1.132209,200.81
408800,0.47,0.5,0.03,0.08508453,0.08691799,1.052406,148.04
408900,0.42,0.52,0.06,0.08191215,0.07799122,1.358212,169.89
409000,0.4,0.54,0.06,0.0910892,0.08719642,0.9658088,157.86
409100,0.38,0.54,0.08,0.06975798,0.06183349,1.572615,196
409200,0.31,0.67,0.02,0.08101108,0.06625316,0.6376041,169
409300,0.39,0.56,0.05,0.08304282,0.07126954,0.811605,174.15
409400,0.34,0.6,0.06,0.09034477,0.0775846,1.353012,177.51
409500,0.39,0.58,0.03,0.08845329,0.09437132,0.6824042,167.55
409600,0.42,0.53,0.05,0.09872779,0.08538017,0.7876074,158.78
409700,0.39,0.52,0.09,0.07821691,0.06401711,1.577015,210.48
409800,0.28,0.69,0.03,0.09894273,0.109097,0.5398042,145.32
409900,0.41,0.57,0.02,0.1021245,0.09537083,0.536402,122.64
410000,0.33,0.6,0.07,0.1042495,0.1013524,1.376813,182.76
410100,0.4,0.52,0.08,0.07732334,0.08529626,1.546615,177.27
410200,0.38,0.59,0.03,0.07813483,0.07290742,0.7244036,137.26
410300,0.38,0.55,0.07,0.09324349,0.07013427,1.384814,158.85
410400,0.37,0.62,0.01,0.1213592,0.1399667,0.4942025,118.96
410500,0.34,0.59,0.07,0.08928579,0.07513244,1.140011,168.14
410600,0.36,0.62,0.02,0.09370361,0.0860393,0.4936022,147.88
410700,0.35,0.62,0.03,0.1004404,0.09138283,0.6938038,153.45
410800,0.34,0.61,0.05,0.08482307,0.07811937,0.5796041,154.62
410900,0.36,0.56,0.08,0.09057643,0.09205777,1.339813,186.12
411000,0.41,0.56,0.03,0.08576209,0.07145686,0.6192044,130.53
411100,0.42,0.54,0.04,0.07377638,0.07614975,0.8818054,154.27
411200,0.34,0.61,0.05,0.07902856,0.0805039,0.9134077,168.49
411300,0.37,0.51,0.12,0.09052179,0.09883455,1.612016,221.82
411400,0.33,0.6,0.07,0.08907702,0.08539005,0.9812092,176.23
411500,0.4,0.56,0.04,0.09318312,0.08267025,0.8630065,139.34
411600,0.34,0.57,0.09,0.07738197,0.06657814,1.510415,182.04
411700,0.46,0.54,0,0.09053545,0.09460807,0.3159998,121.73
411800,0.31,0.65,0.04,0.07410368,0.06863359,0.9494089,170.87
411900,0.34,0.6,0.06,0.07209549,0.06764745,1.218411,160.52
412000,0.33,0.58,0.09,0.07368317,0.07306542,1.696217,219.51
412100,0.32,0.63,0.05,0.08155069,0.07159147,1.115411,171.48
412200,0.44,0.53,0.03,0.09363717,0.09536515,0.9180064,150.59
412300,0.36,0.61,0.03,0.07710785,0.07254221,0.8232056,140.8
412400,0.45,0.52,0.03,0.08110295,0.0670618,0.845005,147.91
412500,0.38,0.58,0.04,0.08149464,0.08629315,0.966207,159.76
412600,0.47,0.52,0.01,0.07103094,0.06355501,0.598802,137.74
412700,0.36,0.58,0.06,0.09591319,0.0953256,1.395014,158.09
412800,0.41,0.52,0.07,0.07665238,0.06794201,1.006408,188.26
412900,0.34,0.59,0.07,0.08524548,0.08630923,1.278411,173.11
413000,0.43,0.55,0.02,0.0766604,0.07042332,0.4902022,130.8
413100,0.5,0.47,0.03,0.1081833,0.0935033,0.8232062,153.79
413200,0.43,0.55,0.02,0.09064776,0.08611881,0.7556043,140.67
413300,0.4,0.58,0.02,0.1025883,0.08722021,0.6944037,147.58
413400,0.35,0.62,0.03,0.08695497,0.07961008,0.5774048,140.42
413500,0.38,0.58,0.04,0.07935143,0.07056261,0.8522068,153.48
413600,0.28,0.69,0.03,0.07742099,0.06934587,0.6980064,132.4
413700,0.39,0.55,0.06,0.09633078,0.08492052,1.11501,149.59
413800,0.39,0.58,0.03,0.08664587,0.07276848,0.8178063,153.32
413900,0.34,0.65,0.01,0.08104716,0.07371998,0.3109997,141.46
414000,0.37,0.57,0.06,0.07859148,0.06921227,1.370812,160.2
414100,0.48,0.49,0.03,0.090655,0.06566511,0.7640054,130.79
414200,0.41,0.56,0.03,0.07464375,0.07095244,0.9276068,140.8
414300,0.33,0.64,0.03,0.07138286,0.06404134,0.7180044,147.96
414400,0.53,0.41,0.06,0.09885903,0.09480851,1.363011,164.03
414500,0.34,0.63,0.03,0.09771205,0.09613333,0.8568072,137.4
414600,0.36,0.59,0.05,0.07917211,0.0828369,1.132811,162.23
414700,0.42,0.54,0.04,0.0851221,0.07860692,0.5690046,149.63
414800,0.33,0.64,0.03,0.07135036,0.06566641,0.5868039,153.04
414900,0.35,0.62,0.03,0.0859501,0.08772902,0.8712071,139.44
415000,0.38,0.58,0.04,0.06869042,0.06209035,0.6788043,157.37
415100,0.36,0.56,0.08,0.07856364,0.06914955,1.651015,188.14
415200,0.46,0.49,0.05,0.08591067,0.0763583,0.816407,161.25
415300,0.41,0.56,0.03,0.0870843,0.08613376,0.8620073,153.29
415400,0.38,0.58,0.04,0.08739901,0.07446979,0.8014064,152
415500,0.47,0.5,0.03,0.09742062,0.08676921,0.4580025,142.27
415600,0.33,0.63,0.04,0.102031,0.1027873,0.450002,144.84
415700,0.39,0.56,0.05,0.09496549,0.09538674,1.249411,144.98
415800,0.31,0.63,0.06,0.104449,0.09744616,0.97381,198.3
415900,0.44,0.51,0.05,0.08166599,0.08215807,0.9532081,149.78
416000,0.41,0.52,0.07,0.08351751,0.08043147,1.371812,179.41
416100,0.39,0.54,0.07,0.09389734,0.07346235,1.376011,157.58
416200,0.35,0.61,0.04,0.09414783,0.08143841,0.9214069,165.68
416300,0.37,0.56,0.07,0.1068804,0.09028754,1.116807,187.86
416400,0.32,0.64,0.04,0.09838003,0.1045168,0.6776035,156.38
416500,0.33,0.61,0.06,0.08114108,0.06773499,0.5728043,153.98
416600,0.42,0.57,0.01,0.08537316,0.06884187,0.5498021,118.84
416700,0.46,0.5,0.04,0.07718169,0.08753537,0.9034073,154.84
416800,0.39,0.58,0.03,0.07975412,0.08519801,0.6976038,134.73
416900,0.45,0.5,0.05,0.0880564,0.083582,1.115412,153.29
417000,0.32,0.62,0.06,0.07903058,0.06337374,1.166212,197.3
417100,0.39,0.57,0.04,0.07354853,0.06878006,0.7482041,164.61
417200,0.43,0.53,0.04,0.07907043,0.0727899,0.9970088,151.23
417300,0.39,0.56,0.05,0.09276339,0.08268163,0.8918068,167.23
417400,0.31,0.69,0,0.09135751,0.08624374,0.2189998,113.79
417500,0.34,0.6,0.06,0.08649836,0.07678125,0.7574049,177.68
417600,0.32,0.65,0.03,0.1016021,0.105186,0.8302065,157.1
417700,0.41,0.54,0.05,0.0803642,0.07149532,1.068009,167.85
417800,0.36,0.62,0.02,0.07890353,0.07787383,0.7328038,134.02
417900,0.33,0.62,0.05,0.1021202,0.09785451,0.9642087,159.63
418000,0.47,0.52,0.01,0.07075242,0.06100514,0.4492019,110.23
418100,0.43,0.52,0.05,0.06638333,0.06850511,1.123209,170.85
418200,0.39,0.57,0.04,0.09395438,0.07764459,0.7660065,136.75
418300,0.36,0.61,0.03,0.09017825,0.07352407,0.8762071,163.89
418400,0.44,0.52,0.04,0.07361402,0.06815755,0.8822068,151.56
418500,0.46,0.5,0.04,0.07564316,0.06680088,0.9524059,167.59
418600,0.37,0.57,0.06,0.08013926,0.07553127,0.9128094,167
418700,0.37,0.58,0.05,0.08333857,0.07255082,0.9438093,156.58
418800,0.39,0.59,0.02,0.08959178,0.07162717,0.4788022,130
418900,0.35,0.59,0.06,0.08995822,0.08204703,0.9486076,166.2
419000,0.45,0.52,0.03,0.07614601,0.071326,0.9126064,135.67
419100,0.42,0.54,0.04,0.06973238,0.06203409,0.7592043,147.41
419200,0.35,0.59,0.06,0.09559387,0.09345662,1.053809,177.35
419300,0.44,0.5,0.06,0.0778802,0.06333415,0.6204041,165.7
419400,0.4,0.59,0.01,0.08619168,0.07303826,0.2459998,111.88
419500,0.42,0.53,0.05,0.09375759,0.08997488,1.218012,155.5
419600,0.33,0.59,0.08,0.0794168,0.06773514,1.11301,182.22
419700,0.37,0.58,0.05,0.07607449,0.06655384,0.7486041,182.39
419800,0.39,0.55,0.06,0.07408261,0.06121568,0.5700039,182.41
419900,0.35,0.61,0.04,0.08226568,0.08048229,0.9892098,147.76
420000,0.41,0.56,0.03,0.07827614,0.06811872,0.8934068,147.71
420100,0.43,0.54,0.03,0.0996851,0.08724506,0.8884069,139.76
420200,0.34,0.59,0.07,0.1067655,0.09088907,1.138611,166.89
420300,0.4,0.51,0.09,0.07448992,0.07655453,1.255414,188.19
420400,0.42,0.53,0.05,0.08595674,0.07411321,1.051609,145.13
420500,0.38,0.58,0.04,0.0971542,0.08603311,0.763007,140.78
420600,0.39,0.56,0.05,0.07521272,0.07420195,0.8688065,171.25
420700,0.4,0.57,0.03,0.08587043,0.07652414,0.8724062,129.4
420800,0.42,0.52,0.06,0.06988742,0.0651954,1.166411,175.51
420900,0.37,0.62,0.01,0.1028336,0.114759,0.4256024,102.63
421000,0.4,0.56,0.04,0.0963743,0.07904182,0.8548071,152.29
421100,0.35,0.61,0.04,0.0805196,0.08020027,0.7898071,141.66
421200,0.44,0.55,0.01,0.07641035,0.07624343,0.4754019,138.19
421300,0.38,0.61,0.01,0.08408509,0.07832043,0.5264022,121.6
421400,0.34,0.62,0.04,0.100908,0.07876968,0.6798049,152.68
421500,0.4,0.52,0.08,0.08580524,0.07159939,1.009409,187.13
421600,0.42,0.53,0.05,0.08176203,0.0724851,1.344812,163.6
421700,0.47,0.48,0.05,0.08086389,0.06897283,1.195212,149.05
421800,0.41,0.54,0.05,0.1035915,0.1041657,1.077007,167.92
421900,0.39,0.55,0.06,0.08015095,0.06952615,0.8824068,180.66
422000,0.35,0.62,0.03,0.08322718,0.07524851,0.6266041,143.06
422100,0.41,0.55,0.04,0.07660717,0.07081484,0.9194061,155.58
422200,0.45,0.51,0.04,0.09144685,0.09665598,0.904807,149.79
422300,0.43,0.54,0.03,0.09780036,0.1045002,0.4802016,129.67
422400,0.34,0.62,0.04,0.07680678,0.07191032,0.7560049,160.59
422500,0.41,0.55,0.04,0.08064312,0.07506631,1.03321,137.38
422600,0.39,0.56,0.05,0.1077071,0.1461373,0.9376077,136.18
422700,0.43,0.54,0.03,0.1094327,0.0975478,0.468402,122.86
422800,0.31,0.63,0.06,0.06768073,0.06555207,1.146611,177.88
422900,0.37,0.56,0.07,0.08008835,0.06405802,1.305212,192.66
423000,0.37,0.59,0.04,0.08169208,0.08487871,0.935808,138.61
423100,0.38,0.59,0.03,0.07636879,0.06425765,0.8266072,129.95
423200,0.37,0.59,0.04,0.08507818,0.07585324,0.8464065,133.3
423300,0.35,0.58,0.07,0.1132694,0.1018409,1.450614,161.05
423400,0.37,0.55,0.08,0.09178404,0.07680342,1.348414,167.17
423500,0.44,0.51,0.05,0.1013952,0.100964,0.9762093,165.8
423600,0.42,0.51,0.07,0.07336207,0.07148862,1.277411,174.12
423700,0.35,0.58,0.07,0.07870502,0.0888459,1.492216,183.02
423800,0.38,0.56,0.06,0.06911109,0.06113263,1.108411,161.99
423900,0.42,0.56,0.02,0.07752887,0.06769347,0.6184046,117.33
424000,0.32,0.58,0.1,0.08292954,0.07403136,1.83002,228.28
424100,0.44,0.53,0.03,0.08836252,0.08317185,0.4352019,132.96
424200,0.43,0.53,0.04,0.09601894,0.08121021,0.8480066,156.9
424300,0.38,0.53,0.09,0.07619584,0.08112808,1.588616,189.77
424400,0.4,0.56,0.04,0.09086502,0.08351879,1.073207,145.31
424500,0.39,0.55,0.06,0.08387085,0.08492481,1.397013,176.11
424600,0.38,0.58,0.04,0.08635858,0.07720812,0.7456064,145.25
424700,0.45,0.5,0.05,0.0986262,0.09206592,0.9958084,154.77
424800,0.39,0.54,0.07,0.0928782,0.09655858,1.13281,170.8
424900,0.45,0.49,0.06,0.07722321,0.06251936,1.061008,159.27
425000,0.4,0.53,0.07,0.0865655,0.08809158,1.603015,183
425100,0.46,0.47,0.07,0.08825404,0.07385073,1.141611,162.51
425200,0.4,0.55,0.05,0.0675179,0.05809741,0.9880079,174.84
425300,0.5,0.46,0.04,0.08748463,0.07520338,0.8382066,144.35
425400,0.39,0.59,0.02,0.08064362,0.07247712,0.522402,153.27
425500,0.41,0.55,0.04,0.0806938,0.07590373,1.011609,141
425600,0.47,0.47,0.06,0.1053372,0.1059169,1.174611,152.47
425700,0.39,0.52,0.09,0.09387653,0.1039789,1.528216,198.47
425800,0.37,0.59,0.04,0.07259338,0.06723985,0.9612063,169.51
425900,0.37,0.56,0.07,0.07710992,0.07566969,1.607816,204.62
426000,0.41,0.53,0.06,0.0720088,0.06103209,0.9068096,168.01
426100,0.42,0.53,0.05,0.0966676,0.0831354,0.9566092,143.36
426200,0.36,0.61,0.03,0.07977643,0.07937162,0.8012071,128.75
426300,0.31,0.63,0.06,0.08495685,0.08646195,1.276611,174.08
426400,0.4,0.57,0.03,0.08020643,0.06917647,0.8924068,161.86
426500,0.42,0.53,0.05,0.08097471,0.0851264,1.040009,150.46
426600,0.37,0.58,0.05,0.08004266,0.07266256,0.952409,161.77
426700,0.46,0.51,0.03,0.08083705,0.07376205,0.7332041,135.31
426800,0.43,0.51,0.06,0.07992046,0.08943745,1.396614,161.3
426900,0.42,0.56,0.02,0.08265305,0.074805,0.5816048,141.1
427000,0.43,0.53,0.04,0.1125805,0.1121028,1.191408,147.25
427100,0.46,0.51,0.03,0.093298,0.09988743,0.9238069,120.36
427200,0.33,0.66,0.01,0.08230411,0.07727963,0.4140023,120.04
427300,0.36,0.63,0.01,0.06729571,0.06355813,0.2889998,137.84
427400,0.34,0.62,0.04,0.08154196,0.07391427,0.5368045,140.97
427500,0.44,0.51,0.05,0.1087593,0.09822632,1.200412,146.32
427600,0.41,0.51,0.08,0.07992897,0.07657617,1.33501,183.93
427700,0.37,0.52,0.11,0.08257396,0.0690069,2.017422,196.19
427800,0.43,0.52,0.05,0.07734204,0.06303642,1.001409,140.37
427900,0.4,0.54,0.06,0.0908516,0.08582807,1.271812,155.55
428000,0.4,0.58,0.02,0.1012558,0.1011238,0.5996045,120.62
428100,0.45,0.48,0.07,0.09251788,0.07921662,1.442613,156.84
428200,0.31,0.66,0.03,0.09332254,0.09086271,0.7768075,132.85
428300,0.4,0.53,0.07,0.0780744,0.08671685,1.298211,161.82
428400,0.4,0.56,0.04,0.08111513,0.06569955,0.8302064,136.44
428500,0.34,0.6,0.06,0.08611887,0.07455275,0.9446084,177.35
428600,0.37,0.61,0.02,0.1162165,0.1130464,0.5424027,132.03
428700,0.46,0.51,0.03,0.09939994,0.08235291,0.9070069,141.11
428800,0.45,0.51,0.04,0.09974845,0.08974459,1.20841,156.89
428900,0.34,0.63,0.03,0.08850245,0.07265913,0.6392039,123.85
429000,0.41,0.56,0.03,0.06662523,0.0658136,0.6730052,151.73
429100,0.34,0.63,0.03,0.09234821,0.09299289,0.7910061,123.36
429200,0.43,0.54,0.03,0.08492304,0.07632158,0.5934033,139.41
429300,0.51,0.45,0.04,0.09599525,0.09199624,1.161209,134.57
429400,0.4,0.56,0.04,0.07324504,0.0680861,0.967007,161.04
429500,0.46,0.47,0.07,0.07571451,0.06909503,1.492814,180.37
429600,0.32,0.65,0.03,0.07788044,0.07707091,0.5608041,142.53
429700,0.38,0.54,0.08,0.07477421,0.062598,1.617017,183.92
429800,0.29,0.64,0.07,0.08746859,0.09288949,1.491416,180.04
429900,0.34,0.6,0.06,0.09593885,0.09168601,0.9872084,149.35
430000,0.41,0.52,0.07,0.09244754,0.08275734,1.416613,162.1
430100,0.41,0.54,0.05,0.08116633,0.06621646,0.9820091,156.09
430200,0.47,0.48,0.05,0.0863783,0.08223618,1.206011,153.37
430300,0.44,0.49,0.07,0.1092079,0.1227231,1.250812,168.97
430400,0.41,0.54,0.05,0.08222648,0.08234825,1.141409,188.75
430500,0.44,0.51,0.05,0.07438716,0.06302781,0.742004,160.61
430600,0.36,0.58,0.06,0.1155631,0.09447476,1.06221,160.21
430700,0.39,0.59,0.02,0.1014054,0.09064598,0.6626047,149.98
430800,0.42,0.53,0.05,0.08201948,0.07657674,1.499012,166.77
430900,0.42,0.53,0.05,0.07569203,0.07246885,0.8256063,162.72
431000,0.36,0.56,0.08,0.07537317,0.06983962,1.634218,197.95
431100,0.37,0.58,0.05,0.07883751,0.06724432,0.9210085,147.56
431200,0.39,0.57,0.04,0.07237664,0.06566697,0.7078068,167.9
431300,0.4,0.55,0.05,0.100956,0.09546699,1.229011,147.59
431400,0.4,0.56,0.04,0.09229197,0.08528437,0.8930072,151.8
431500,0.36,0.61,0.03,0.07801529,0.07024441,0.6980042,144.01
431600,0.48,0.49,0.03,0.0792966,0.06801589,0.8268051,131.49
431700,0.41,0.56,0.03,0.08382616,0.0658825,0.4866019,157.57
431800,0.43,0.52,0.05,0.07796969,0.07577028,1.008208,153.77
431900,0.35,0.59,0.06,0.07776508,0.06945235,1.408614,179.86
432000,0.39,0.54,0.07,0.08338495,0.09038612,1.553414,185.13
432100,0.43,0.52,0.05,0.08686448,0.08094253,1.095809,148.09
432200,0.46,0.51,0.03,0.08727679,0.07338005,0.8588068,151.61
432300,0.48,0.5,0.02,0.09208113,0.08838055,0.6784022,144.17
432400,0.35,0.61,0.04,0.0759143,0.07003831,0.8026065,142.62
432500,0.41,0.55,0.04,0.09108214,0.09092691,0.6618048,136.39
432600,0.37,0.55,0.08,0.08428802,0.07312203,1.361214,187.33
432700,0.38,0.58,0.04,0.08941917,0.09521142,0.755207,163.7
432800,0.39,0.57,0.04,0.07931754,0.06750245,0.8082068,148.88
432900,0.3,0.65,0.05,0.08581118,0.0900341,1.134611,149.11
433000,0.4,0.55,0.05,0.07365561,0.06766161,1.222811,160.26
433100,0.35,0.58,0.07,0.09073502,0.08688457,1.301213,181.69
433200,0.39,0.58,0.03,0.08322579,0.08403423,0.8366073,139.46
433300,0.44,0.52,0.04,0.08779321,0.07854231,1.166809,142.15
433400,0.47,0.5,0.03,0.08350115,0.07478538,0.7580069,121.17
433500,0.4,0.57,0.03,0.07948892,0.08271003,0.7362072,140.68
433600,0.44,0.52,0.04,0.08032376,0.06822819,0.6524038,155.78
433700,0.36,0.57,0.07,0.08387633,0.07445753,1.491015,180.17
433800,0.42,0.51,0.07,0.07771663,0.06946465,1.23601,187.03
433900,0.49,0.47,0.04,0.08787309,0.08430099,0.8272058,139.76
434000,0.46,0.52,0.02,0.07098267,0.06249137,0.4247997,138.38
434100,0.42,0.54,0.04,0.08152968,0.0726908,0.8588073,134.49
434200,0.35,0.57,0.08,0.0923228,0.09612738,0.8308068,174.66
434300,0.36,0.56,0.08,0.09322102,0.0760421,1.599216,194.78
434400,0.47,0.44,0.09,0.07976132,0.07883237,1.590216,196.76
434500,0.43,0.56,0.01,0.08170019,0.07066143,0.3169998,108.86
434600,0.33,0.64,0.03,0.08616042,0.07568679,0.9154068,163.29
434700,0.38,0.56,0.06,0.09093158,0.07332218,1.255412,177.06
434800,0.44,0.51,0.05,0.08226841,0.08330502,1.147409,154.5
434900,0.36,0.58,0.06,0.08003297,0.06563256,1.203412,155.12
435000,0.37,0.61,0.02,0.09236094,0.08172595,0.4162023,133.32
435100,0.43,0.53,0.04,0.06948898,0.06569398,0.9310085,147.45
435200,0.49,0.46,0.05,0.08168319,0.08068332,1.017208,164.73
435300,0.34,0.61,0.05,0.0850502,0.08736923,1.123011,157.96
435400,0.4,0.54,0.06,0.07815597,0.07355811,1.168212,169.04
435500,0.41,0.56,0.03,0.08817414,0.07932995,0.6084041,128.5
435600,0.4,0.53,0.07,0.08787744,0.08077785,1.432814,172.96
435700,0.49,0.48,0.03,0.07994055,0.09390675,0.6600042,149.62
435800,0.41,0.52,0.07,0.08879286,0.08231466,1.378613,179.19
435900,0.46,0.51,0.03,0.1093997,0.10406,0.875407,143.87
436000,0.43,0.51,0.06,0.07898803,0.07478151,1.192211,179.67
436100,0.3,0.62,0.08,0.0847557,0.07897865,0.9190086,186.92
436200,0.37,0.57,0.06,0.09589744,0.09063077,0.759206,174.8
436300,0.51,0.47,0.02,0.08629694,0.07168725,0.7400044,128.41
436400,0.41,0.53,0.06,0.1120347,0.1142875,1.318813,163.16
436500,0.36,0.58,0.06,0.07617113,0.06946304,0.9928115,181.02
436600,0.36,0.58,0.06,0.0830325,0.07257821,1.378413,153.22
436700,0.37,0.57,0.06,0.08222298,0.07694869,1.170411,171.13
436800,0.33,0.57,0.1,0.07911888,0.07703976,1.736819,195.61
436900,0.49,0.46,0.05,0.07440459,0.06693011,1.275011,170.18
437000,0.42,0.53,0.05,0.06610328,0.06448864,0.8550068,168.99
437100,0.43,0.54,0.03,0.08280421,0.06682529,0.8570077,119.45
437200,0.41,0.54,0.05,0.0758408,0.06549145,1.062609,139.56
437300,0.36,0.56,0.08,0.09451327,0.07913556,1.525815,182.28
437400,0.36,0.59,0.05,0.07328958,0.06598272,1.106611,143.78
437500,0.39,0.54,0.07,0.08420339,0.08245723,1.452014,174.15
437600,0.44,0.53,0.03,0.09467316,0.08857683,0.9518073,145.91
437700,0.39,0.52,0.09,0.06943662,0.0609317,1.932021,199.86
437800,0.41,0.53,0.06,0.09508146,0.1104671,1.237812,164.78
437900,0.45,0.52,0.03,0.06856008,0.06423111,0.8534048,147.2
438000,0.46,0.51,0.03,0.1004084,0.107707,0.5892043,134.05
438100,0.44,0.54,0.02,0.07830956,0.07350397,0.6446021,136.57
438200,0.4,0.55,0.05,0.08278671,0.07577343,0.7256048,169.25
438300,0.41,0.55,0.04,0.07982828,0.06476841,0.8332065,157.1
438400,0.38,0.56,0.06,0.07149594,0.06537987,1.255011,189.84
438500,0.31,0.63,0.06,0.08911069,0.07946277,0.9062085,164.82
438600,0.36,0.57,0.07,0.07755246,0.0746623,1.389814,184.4
438700,0.42,0.56,0.02,0.07108264,0.07155803,0.5646019,143.31
438800,0.35,0.6,0.05,0.07408417,0.08650508,0.9338072,172.02
438900,0.34,0.62,0.04,0.09660381,0.09082013,0.6576066,147.98
439000,0.51,0.43,0.06,0.08165769,0.06887803,1.006209,161.82
439100,0.4,0.53,0.07,0.09819371,0.1149596,1.019008,187.53
439200,0.45,0.52,0.03,0.07418498,0.06280551,0.8512069,150.19
439300,0.47,0.51,0.02,0.06530737,0.05523753,0.5308018,138.79
439400,0.38,0.56,0.06,0.07347974,0.07593074,1.035208,164.31
439500,0.39,0.56,0.05,0.07610074,0.07187991,0.6744041,159.52
439600,0.44,0.5,0.06,0.07641166,0.06769698,1.169211,155.99
439700,0.52,0.43,0.05,0.08509986,0.08285409,1.085408,154.48
439800,0.35,0.59,0.06,0.06970922,0.0562272,0.9610091,169.76
439900,0.44,0.53,0.03,0.1009107,0.0994367,0.8726063,155.8
440000,0.39,0.59,0.02,0.09401263,0.09724759,0.6314043,133.37
440100,0.41,0.53,0.06,0.0785127,0.07006323,0.786805,171.9
440200,0.39,0.57,0.04,0.07080001,0.06687631,0.9844095,142.32
440300,0.36,0.62,0.02,0.08944117,0.08995151,0.4540019,121.19
440400,0.37,0.58,0.05,0.07502457,0.06739991,1.038409,159.03
440500,0.45,0.52,0.03,0.08601258,0.08019409,0.8814048,142.99
440600,0.41,0.51,0.08,0.06902909,0.06149091,1.414813,196.53
440700,0.45,0.51,0.04,0.1068523,0.08439181,0.8914064,128.95
440800,0.28,0.66,0.06,0.07290278,0.07616417,1.332213,185.29
440900,0.35,0.57,0.08,0.07830804,0.08031873,1.341814,181.96
441000,0.47,0.5,0.03,0.0946693,0.09497306,0.8410055,129.35
441100,0.44,0.52,0.04,0.07929554,0.0842583,0.8192061,155.94
441200,0.49,0.46,0.05,0.0705022,0.05954499,1.180609,168.5
441300,0.41,0.54,0.05,0.06130411,0.05793386,1.327809,204.16
441400,0.47,0.46,0.07,0.06993261,0.0716124,1.206811,173.3
441500,0.49,0.44,0.07,0.09080705,0.07905301,0.9290088,170.57
441600,0.41,0.53,0.06,0.0806928,0.07259542,1.22341,155.79
441700,0.41,0.54,0.05,0.09105733,0.08708245,1.225211,156.27
441800,0.39,0.57,0.04,0.09916851,0.08657465,1.070209,148.42
441900,0.43,0.56,0.01,0.08725929,0.09221239,0.4746016,132.46
442000,0.39,0.58,0.03,0.08219516,0.07470692,0.8644063,137.03
442100,0.39,0.55,0.06,0.06975008,0.06260237,1.333611,183.16
442200,0.41,0.54,0.05,0.08642673,0.07879823,0.8798066,151.96
442300,0.41,0.58,0.01,0.1084784,0.1138934,0.4898022,110.7
442400,0.38,0.57,0.05,0.079869,0.06371273,0.8728071,158.29
442500,0.45,0.5,0.05,0.07958402,0.07375991,0.9784086,153.5
442600,0.43,0.5,0.07,0.102984,0.09835839,1.113209,177.72
442700,0.47,0.52,0.01,0.09148196,0.08799022,0.5484021,120.02
442800,0.37,0.58,0.05,0.06830147,0.06284767,1.173011,177.1
442900,0.5,0.45,0.05,0.09733704,0.09286558,0.9920068,143.11
443000,0.4,0.57,0.03,0.09038997,0.0842171,0.5870044,132.72
443100,0.37,0.62,0.01,0.0834148,0.08020772,0.368602,130.27
443200,0.3,0.58,0.12,0.0754922,0.08074746,1.596817,211.88
443300,0.43,0.53,0.04,0.07508698,0.07227255,1.031209,162.8
443400,0.43,0.52,0.05,0.07212617,0.0660651,1.326811,162.61
443500,0.52,0.46,0.02,0.08511186,0.06875283,0.4280019,114
443600,0.36,0.6,0.04,0.07967335,0.06949018,0.9138072,145.85
443700,0.35,0.62,0.03,0.0993891,0.08670024,0.5584051,152.16
443800,0.4,0.55,0.05,0.07684557,0.08234685,1.219211,145.14
443900,0.43,0.49,0.08,0.08877765,0.0790897,1.725019,168.25
444000,0.44,0.55,0.01,0.1034109,0.1021571,0.5162022,141.9
444100,0.5,0.45,0.05,0.09699816,0.08928146,1.202212,154.99
444200,0.39,0.53,0.08,0.06460257,0.06045122,1.819418,193
444300,0.35,0.62,0.03,0.07689489,0.06511717,0.7580068,157.07
444400,0.37,0.57,0.06,0.09104481,0.09537121,0.9816082,163.92
444500,0.33,0.57,0.1,0.07539,0.07880653,1.808421,194.96
444600,0.42,0.55,0.03,0.09344696,0.09259576,0.7316062,131.86
444700,0.4,0.51,0.09,0.0810928,0.07261854,1.527215,201.65
444800,0.32,0.67,0.01,0.08354104,0.07494225,0.2047998,116.8
444900,0.37,0.57,0.06,0.07889591,0.07024342,1.044211,188.96
445000,0.34,0.62,0.04,0.09264489,0.09199619,0.741007,163.19
445100,0.51,0.47,0.02,0.08213305,0.07639364,0.6044047,135.27
445200,0.41,0.55,0.04,0.1003744,0.1013167,1.123009,143.19
445300,0.39,0.59,0.02,0.09129217,0.0940062,0.696804,133.66
445400,0.39,0.52,0.09,0.0938036,0.08449271,1.701419,183.84
445500,0.52,0.44,0.04,0.09193128,0.09484414,0.9194066,139.53
445600,0.45,0.52,0.03,0.08520944,0.07057606,0.605804,146.45
445700,0.41,0.55,0.04,0.07668656,0.0685477,0.8170073,159.05
445800,0.32,0.63,0.05,0.08463846,0.08436493,0.9284093,148.98
445900,0.42,0.5,0.08,0.07163507,0.06324756,1.636016,214.03
446000,0.33,0.61,0.06,0.1091309,0.123886,1.240213,148.99
446100,0.43,0.46,0.11,0.06773447,0.0605295,1.982621,212.01
446200,0.45,0.49,0.06,0.09666183,0.1011698,0.969806,181.36
446300,0.4,0.57,0.03,0.08297134,0.08411153,0.7226067,117.42
446400,0.37,0.6,0.03,0.09996077,0.0964188,0.5976042,154.81
446500,0.35,0.6,0.05,0.09397346,0.08660559,1.113609,136.14
446600,0.49,0.47,0.04,0.08876389,0.08474296,0.9698095,134.65
446700,0.36,0.6,0.04,0.08022154,0.07398,0.8672063,142.94
446800,0.3,0.66,0.04,0.08674765,0.0898333,0.6462043,141.83
446900,0.35,0.61,0.04,0.09508488,0.08490907,0.812208,135.86
447000,0.45,0.5,0.05,0.09089835,0.07685996,1.055409,146.86
447100,0.37,0.56,0.07,0.09338191,0.08722564,1.383811,185.78
447200,0.4,0.59,0.01,0.0754825,0.08925673,0.3878002,127.59
447300,0.35,0.62,0.03,0.08717625,0.08348241,0.475202,135.98
447400,0.41,0.57,0.02,0.06949688,0.06225928,0.5530015,125.54
447500,0.46,0.5,0.04,0.08167702,0.08883517,1.11681,161.1
447600,0.35,0.59,0.06,0.07553738,0.070411,1.210412,158
447700,0.42,0.56,0.02,0.102171,0.1010987,0.5222023,124.85
447800,0.39,0.52,0.09,0.07981534,0.07496236,1.629817,173.59
447900,0.36,0.62,0.02,0.08598897,0.0738579,0.462002,133.11
448000,0.36,0.61,0.03,0.08569437,0.07741794,0.6838052,147.75
448100,0.35,0.6,0.05,0.07279225,0.06729287,0.7914059,176.64
448200,0.41,0.51,0.08,0.1023017,0.1006427,1.615017,173.71
448300,0.45,0.48,0.07,0.07418943,0.07527924,1.394212,169.49
448400,0.34,0.6,0.06,0.08015464,0.07031587,1.326414,178.18
448500,0.37,0.6,0.03,0.1019728,0.09796803,0.8340071,136.59
448600,0.39,0.6,0.01,0.09174991,0.0814117,0.3330023,105.31
448700,0.36,0.57,0.07,0.08301049,0.08285792,1.038009,171.65
448800,0.44,0.52,0.04,0.07611112,0.07405517,0.6410046,141.71
448900,0.4,0.54,0.06,0.09960587,0.09800263,1.14701,165.76
449000,0.31,0.64,0.05,0.07805499,0.07072559,1.00281,151.98
449100,0.42,0.53,0.05,0.07390113,0.06544188,1.076409,164.92
449200,0.44,0.51,0.05,0.08741765,0.08781145,0.9756093,148.34
449300,0.44,0.49,0.07,0.09030325,0.0919778,1.530814,164.93
449400,0.4,0.55,0.05,0.1150739,0.1114378,1.10321,150.73
449500,0.38,0.6,0.02,0.09361552,0.07856974,0.6864052,114.58
449600,0.35,0.61,0.04,0.07718816,0.07867149,0.5098038,147.87
449700,0.29,0.66,0.05,0.09941109,0.08258924,0.6636064,143.96
449800,0.47,0.49,0.04,0.08914352,0.08256078,1.017209,149.19
449900,0.51,0.45,0.04,0.09594969,0.08340932,1.149809,137.36
450000,0.42,0.53,0.05,0.1014357,0.1145295,1.126409,145.61
450100,0.43,0.55,0.02,0.09555864,0.09356742,0.4562024,106.77
450200,0.42,0.53,0.05,0.08359811,0.08000045,0.8680072,179.37
450300,0.45,0.51,0.04,0.07515416,0.0677614,0.7576071,161.33
450400,0.44,0.51,0.05,0.0773382,0.06898126,1.126811,152.54
450500,0.46,0.51,0.03,0.06703057,0.06195203,0.7742049,144.31
450600,0.46,0.52,0.02,0.09388883,0.09259799,0.6720044,127.55
450700,0.4,0.52,0.08,0.09458333,0.07767802,1.14341,165.55
450800,0.41,0.56,0.03,0.08518001,0.07692724,0.7016045,142.05
450900,0.41,0.53,0.06,0.1000722,0.09821377,1.480812,167.1
451000,0.39,0.57,0.04,0.1076732,0.1108092,0.9204068,135.53
451100,0.43,0.51,0.06,0.07318688,0.06794787,0.9374061,159.9
451200,0.38,0.56,0.06,0.1120683,0.1086631,1.458213,170.13
451300,0.44,0.51,0.05,0.09501764,0.1138844,1.339412,176.31
451400,0.46,0.51,0.03,0.0907271,0.07893941,0.7666054,133.6
451500,0.34,0.63,0.03,0.08764409,0.07923262,0.7520061,145.1
451600,0.42,0.56,0.02,0.09274687,0.08466174,0.7484046,126.73
451700,0.29,0.63,0.08,0.08232973,0.07243152,1.135411,198.4
451800,0.35,0.58,0.07,0.07875808,0.07429088,1.199012,191.58
451900,0.38,0.58,0.04,0.1033027,0.08642998,0.7908061,141.12
452000,0.43,0.51,0.06,0.08561512,0.08806345,0.7136042,173.83
452100,0.32,0.65,0.03,0.0960786,0.09672414,0.7300063,136.17
452200,0.36,0.6,0.04,0.07606611,0.06403707,1.079408,164.59
452300,0.39,0.57,0.04,0.08793896,0.08875226,1.005807,149.57
452400,0.37,0.58,0.05,0.09143087,0.087497,1.006408,146.23
452500,0.35,0.56,0.09,0.0868736,0.08285637,1.783819,191.88
452600,0.41,0.59,0,0.07301462,0.06746065,0.2971998,119.13
452700,0.4,0.55,0.05,0.0902809,0.08154603,0.7446068,164.21
452800,0.44,0.52,0.04,0.1095685,0.1149081,0.8168063,139.32
452900,0.38,0.58,0.04,0.09084508,0.07708779,0.9534056,152.18
453000,0.43,0.54,0.03,0.0901334,0.07882027,0.8394073,131.07
453100,0.47,0.46,0.07,0.07727639,0.07028735,1.620616,173.27
453200,0.38,0.58,0.04,0.09478944,0.08679321,0.9766073,153.62
453300,0.35,0.63,0.02,0.1302118,0.1297086,0.6868041,121.55
453400,0.39,0.53,0.08,0.07363477,0.06379638,1.445014,198.91
453500,0.39,0.52,0.09,0.07794502,0.0659178,1.687018,195.63
453600,0.37,0.57,0.06,0.07529835,0.07226411,1.338411,181.65
453700,0.45,0.52,0.03,0.09374011,0.07600541,0.5906031,139.06
453800,0.38,0.56,0.06,0.07707496,0.07312944,1.319213,158.29
453900,0.46,0.49,0.05,0.07674129,0.06775133,1.002808,163.25
454000,0.4,0.52,0.08,0.1039717,0.1041652,1.682018,180.38
454100,0.35,0.6,0.05,0.08607651,0.07378974,1.038009,167.36
454200,0.35,0.61,0.04,0.07783012,0.07424805,0.6228066,148.77
454300,0.4,0.57,0.03,0.07638095,0.08335008,0.8500069,141.25
454400,0.41,0.52,0.07,0.08627374,0.08489683,1.435613,182.24
454500,0.48,0.51,0.01,0.08539531,0.07009615,0.4312024,111.04
454600,0.42,0.55,0.03,0.0929331,0.08515971,1.123407,148.86
454700,0.43,0.52,0.05,0.08894107,0.07463843,1.222811,139.87
454800,0.35,0.54,0.11,0.08649819,0.07538331,1.90382,220.76
454900,0.35,0.57,0.08,0.09239387,0.07075971,1.078209,177.5
455000,0.45,0.5,0.05,0.08174103,0.07850283,0.9742088,178.75
455100,0.46,0.47,0.07,0.08769356,0.070809,1.522214,177.71
455200,0.51,0.42,0.07,0.09365328,0.07983048,1.381414,172.14
455300,0.36,0.59,0.05,0.07648319,0.06454583,1.095412,146.76
455400,0.39,0.57,0.04,0.0744363,0.06752465,1.079609,152.98
455500,0.4,0.51,0.09,0.06567481,0.0573889,1.471412,195.73
455600,0.41,0.56,0.03,0.08235855,0.08545603,0.7220061,158.82
455700,0.36,0.6,0.04,0.1010443,0.1008067,0.7350064,151.52
455800,0.44,0.48,0.08,0.08925931,0.08221867,1.838618,174.85
455900,0.32,0.64,0.04,0.08313479,0.07772382,0.6280048,149.72
456000,0.43,0.53,0.04,0.08264512,0.07154733,0.818005,148.56
456100,0.33,0.63,0.04,0.08806774,0.08273353,0.9970084,159.43
456200,0.33,0.6,0.07,0.07622405,0.07135191,1.171412,183.71
456300,0.43,0.48,0.09,0.09946117,0.08979793,1.742418,187.67
456400,0.34,0.6,0.06,0.07569525,0.07158517,1.329013,174.94
456500,0.32,0.6,0.08,0.07561637,0.06134134,0.9972082,204.63
456600,0.42,0.54,0.04,0.0860662,0.07122511,0.7802064,134.74
456700,0.46,0.52,0.02,0.09491336,0.08997808,0.7180044,123.16
456800,0.33,0.58,0.09,0.06925364,0.06449543,1.643618,194.71
456900,0.47,0.48,0.05,0.1278489,0.1233728,1.139609,153.83
457000,0.34,0.6,0.06,0.08117571,0.08498892,1.113012,177.67
457100,0.44,0.52,0.04,0.08288363,0.07690796,0.9706082,153.08
457200,0.47,0.48,0.05,0.09434036,0.08996052,1.09041,157.66
457300,0.39,0.54,0.07,0.08022653,0.07163388,1.304214,179.33
457400,0.42,0.56,0.02,0.110069,0.1000051,0.6884052,142.28
457500,0.35,0.58,0.07,0.07601769,0.08539513,1.362813,176.21
457600,0.42,0.5,0.08,0.09028536,0.0880416,1.288211,178.06
457700,0.34,0.6,0.06,0.07838362,0.07694591,1.356812,168.81
457800,0.45,0.48,0.07,0.08436856,0.0819662,1.581615,170.13
457900,0.35,0.58,0.07,0.07766812,0.0645217,1.485214,188.01
458000,0.4,0.55,0.05,0.09434346,0.07406253,1.01821,165
458100,0.35,0.65,0,0.07718015,0.06521685,0.3829997,124.72
458200,0.44,0.52,0.04,0.09644037,0.08939695,1.142408,149.97
458300,0.38,0.6,0.02,0.08584026,0.07546203,0.4342026,116.71
458400,0.37,0.57,0.06,0.09447244,0.08790489,1.277413,162.04
458500,0.38,0.6,0.02,0.08216377,0.07601672,0.5642039,130.01
458600,0.3,0.64,0.06,0.1032034,0.08308095,1.295013,184.44
458700,0.44,0.51,0.05,0.07563394,0.06397792,1.082609,163.77
458800,0.42,0.51,0.07,0.09846633,0.09793243,1.371814,166.54
458900,0.37,0.58,0.05,0.09023967,0.07637975,1.17141,161.14
459000,0.42,0.53,0.05,0.09657662,0.1083106,1.072809,148.83
459100,0.32,0.62,0.06,0.0672516,0.06360202,1.329013,179.9
459200,0.38,0.57,0.05,0.08063826,0.06809869,1.330812,159.21
459300,0.37,0.61,0.02,0.08133418,0.07992698,0.5950043,124.01
459400,0.36,0.55,0.09,0.07602973,0.07105072,1.602617,203.54
459500,0.4,0.56,0.04,0.1004116,0.09927311,1.009809,122.53
459600,0.44,0.5,0.06,0.09241739,0.0987842,1.167211,173.23
459700,0.49,0.47,0.04,0.07310959,0.06261127,1.15041,156.31
459800,0.38,0.55,0.07,0.08168963,0.06532606,0.9690099,173.34
459900,0.48,0.46,0.06,0.09214956,0.09009143,1.128811,158.87
460000,0.45,0.49,0.06,0.1128372,0.1277547,1.478813,158.61
460100,0.41,0.55,0.04,0.09083197,0.09147566,0.971009,139.37
460200,0.44,0.46,0.1,0.0873882,0.09374668,1.812818,207.58
460300,0.46,0.48,0.06,0.1007292,0.1009205,0.9652086,159
460400,0.36,0.54,0.1,0.08585171,0.07963698,1.808018,217.98
460500,0.38,0.57,0.05,0.07390925,0.06750407,0.9626089,172.92
460600,0.39,0.56,0.05,0.08594095,0.07098741,1.14161,139.84
460700,0.39,0.55,0.06,0.07977525,0.07361638,1.386214,183.52
460800,0.38,0.49,0.13,0.07848573,0.06414285,2.177025,214.4
460900,0.41,0.54,0.05,0.08131453,0.0892914,1.246411,156.59
461000,0.41,0.51,0.08,0.06918755,0.06292457,1.667616,187.79
461100,0.44,0.49,0.07,0.07918869,0.06774962,1.405813,168.37
461200,0.43,0.53,0.04,0.1106882,0.112234,1.153008,144.38
461300,0.47,0.44,0.09,0.07138587,0.07380916,1.959619,188.11
461400,0.38,0.57,0.05,0.09691466,0.1056902,1.258011,144.98
461500,0.41,0.54,0.05,0.09124631,0.08203653,1.155612,148.85
461600,0.38,0.58,0.04,0.07621837,0.07002061,1.014207,153.91
461700,0.4,0.53,0.07,0.08011314,0.08301329,1.303211,170.91
461800,0.35,0.57,0.08,0.06991072,0.0654098,1.555416,201.75
461900,0.61,0.34,0.05,0.1124926,0.1043354,0.8400068,136.03
462000,0.32,0.64,0.04,0.102179,0.1075204,0.810606,152.86
462100,0.41,0.52,0.07,0.08653149,0.07753992,1.443613,171.92
462200,0.39,0.52,0.09,0.08015332,0.07362738,1.241013,180.42
462300,0.38,0.59,0.03,0.09210314,0.07753757,0.5938046,140.58
462400,0.42,0.48,0.1,0.08254939,0.08450048,1.654017,205.33
462500,0.44,0.5,0.06,0.09556636,0.09129631,1.329214,183.01
462600,0.4,0.54,0.06,0.08568703,0.08445645,1.008209,172.37
462700,0.33,0.61,0.06,0.09527235,0.08452668,1.256214,165.43
462800,0.38,0.55,0.07,0.0808239,0.06961313,1.422215,170.53
462900,0.36,0.55,0.09,0.07005697,0.06458444,1.090211,194.23
463000,0.38,0.56,0.06,0.09437072,0.07782754,1.138211,157.76
463100,0.45,0.5,0.05,0.07976284,0.0833608,1.364612,161.23
463200,0.43,0.49,0.08,0.07900172,0.101419,1.434213,178.57
463300,0.38,0.58,0.04,0.1088303,0.1026473,1.035609,149.19
463400,0.42,0.55,0.03,0.08611163,0.09225734,0.6624048,134.99
463500,0.43,0.54,0.03,0.07396014,0.06416834,0.6284043,142.53
463600,0.34,0.61,0.05,0.08140096,0.076195,1.060209,170.21
463700,0.4,0.57,0.03,0.08301391,0.08744374,0.9436059,140.25
463800,0.43,0.53,0.04,0.1066135,0.1142035,0.9550095,131.6
463900,0.4,0.57,0.03,0.08153729,0.06634309,0.9110069,156.47
464000,0.38,0.56,0.06,0.1043843,0.1069619,1.092411,148.04
464100,0.36,0.6,0.04,0.07522398,0.07245329,0.4712039,148.37
464200,0.33,0.63,0.04,0.1151643,0.09829427,0.8634093,129.79
464300,0.43,0.53,0.04,0.0781709,0.08429518,1.21681,170.03
464400,0.41,0.55,0.04,0.09164776,0.07819324,0.6722041,154.28
464500,0.36,0.6,0.04,0.07280461,0.07476924,1.000209,144.48
464600,0.45,0.5,0.05,0.08801989,0.08872855,1.169809,152.17
464700,0.44,0.51,0.05,0.06803399,0.0607388,1.173412,158.05
464800,0.46,0.49,0.05,0.08229356,0.07889678,1.214611,155.12
464900,0.48,0.46,0.06,0.1055866,0.1066958,1.15441,176.82
465000,0.49,0.43,0.08,0.0781928,0.08278812,1.438612,187.16
465100,0.36,0.53,0.11,0.08801606,0.07322137,2.009422,208.47
465200,0.39,0.6,0.01,0.09746103,0.08667708,0.4274015,106.53
465300,0.37,0.59,0.04,0.09412892,0.08799353,1.082609,146.17
465400,0.38,0.57,0.05,0.07654096,0.07293662,1.118008,162.76
465500,0.36,0.59,0.05,0.08374739,0.06867266,0.9898084,171.78
465600,0.32,0.61,0.07,0.08780827,0.08333427,1.414215,155.23
465700,0.49,0.51,0,0.1088823,0.09813537,0.1893999,113.25
465800,0.3,0.62,0.08,0.08632641,0.08616172,1.758618,185.26
465900,0.42,0.52,0.06,0.07929046,0.07768477,1.291213,158.2
466000,0.38,0.55,0.07,0.07720744,0.08409493,1.215212,170.22
466100,0.38,0.56,0.06,0.08370187,0.06814149,1.238612,180.1
466200,0.42,0.52,0.06,0.0774668,0.07414939,1.451214,176.79
466300,0.46,0.48,0.06,0.1096896,0.09113013,1.362813,153.92
466400,0.48,0.47,0.05,0.09226321,0.08644529,1.291811,155.8
466500,0.43,0.52,0.05,0.09872859,0.09801,0.9390068,168.12
466600,0.41,0.55,0.04,0.1003144,0.08499981,1.151809,161.66
466700,0.37,0.6,0.03,0.1003621,0.1052453,0.7590047,162.76
466800,0.43,0.52,0.05,0.08397922,0.07392966,0.9658096,154.63
466900,0.48,0.46,0.06,0.09303005,0.08112776,1.227412,164.67
467000,0.46,0.51,0.03,0.07895467,0.06939618,0.8570067,147.43
467100,0.35,0.56,0.09,0.1204459,0.09501962,1.761218,189.09
467200,0.41,0.5,0.09,0.07247019,0.06873798,1.730617,183.12
467300,0.46,0.49,0.05,0.09101757,0.09038427,0.9672086,170.21
467400,0.43,0.52,0.05,0.0894431,0.07161596,0.7774059,153.33
467500,0.34,0.61,0.05,0.08914641,0.07958409,1.150612,142.33
467600,0.37,0.54,0.09,0.07730182,0.06861372,1.574815,187.02
467700,0.36,0.6,0.04,0.07954127,0.07384082,0.9942098,155.25
467800,0.41,0.49,0.1,0.08428981,0.07726034,1.415215,186.15
467900,0.34,0.61,0.05,0.08624482,0.06999908,0.7728066,157.03
468000,0.46,0.51,0.03,0.08301448,0.06961313,0.5458015,130.63
468100,0.39,0.53,0.08,0.09656941,0.08792993,1.436013,175.69
468200,0.38,0.55,0.07,0.07750771,0.06911162,1.769418,177.7
468300,0.34,0.62,0.04,0.08521689,0.07686964,0.8222067,140.29
468400,0.42,0.53,0.05,0.1002833,0.09583867,0.8170063,147.81
468500,0.38,0.58,0.04,0.0849791,0.08584857,1.063409,141.33
468600,0.4,0.54,0.06,0.07347424,0.06257615,1.07901,197.58
468700,0.31,0.62,0.07,0.08125704,0.0715553,1.251213,169.43
468800,0.33,0.61,0.06,0.07838097,0.07060745,1.255613,171.39
468900,0.4,0.58,0.02,0.08929616,0.08893157,0.4257997,137.71
469000,0.42,0.55,0.03,0.09944146,0.0972566,0.2703998,131.84
469100,0.42,0.55,0.03,0.08802495,0.07490974,0.6996042,142.11
469200,0.38,0.59,0.03,0.102773,0.09451513,0.819607,127.21
469300,0.45,0.47,0.08,0.08860363,0.08544554,1.478413,177.88
469400,0.44,0.51,0.05,0.08921484,0.08068904,1.135808,164.28
469500,0.34,0.53,0.13,0.08293739,0.07511047,2.324226,218.56
469600,0.49,0.46,0.05,0.103075,0.09717549,1.120411,154.12
469700,0.34,0.64,0.02,0.09736511,0.09953537,0.3538016,113.16
469800,0.38,0.54,0.08,0.07685511,0.06697494,1.520216,176.45
469900,0.36,0.57,0.07,0.07822239,0.07259203,1.455814,196.45
470000,0.44,0.52,0.04,0.07291941,0.06326039,1.082008,142.98
470100,0.37,0.55,0.08,0.08914974,0.07090223,1.133612,204.61
470200,0.32,0.62,0.06,0.0864819,0.08476915,1.284614,160.78
470300,0.43,0.51,0.06,0.07419606,0.06871754,1.197011,193.02
470400,0.39,0.6,0.01,0.07879713,0.06791523,0.438402,107.26
470500,0.43,0.5,0.07,0.08252799,0.06998916,1.431014,186.4
470600,0.46,0.48,0.06,0.09104443,0.0918946,1.209811,194.06
470700,0.4,0.55,0.05,0.09638438,0.08906112,0.7748065,165.3
470800,0.43,0.52,0.05,0.08220898,0.08129362,1.164812,152.56
470900,0.42,0.53,0.05,0.08176102,0.07275732,1.22801,151.94
471000,0.3,0.64,0.06,0.07655385,0.07176643,1.253612,162.9
471100,0.38,0.59,0.03,0.0837405,0.07789283,0.6516042,141.5
471200,0.42,0.54,0.04,0.08583768,0.0713075,1.175809,147.37
471300,0.39,0.59,0.02,0.08218221,0.06779896,0.4396021,135.64
471400,0.36,0.6,0.04,0.1052848,0.1167155,0.5104023,157.37
471500,0.43,0.52,0.05,0.08517034,0.08397432,0.9804091,138.69
471600,0.38,0.55,0.07,0.07037995,0.06345693,1.446615,185.81
471700,0.41,0.52,0.07,0.07028048,0.06528933,1.659615,194.71
471800,0.43,0.51,0.06,0.1004444,0.1015958,1.385613,147.23
471900,0.4,0.55,0.05,0.08480449,0.07883642,0.6610043,155.44
472000,0.39,0.59,0.02,0.07683524,0.06204636,0.7156036,142.42
472100,0.27,0.65,0.08,0.08833411,0.09166555,1.353415,194.84
472200,0.42,0.55,0.03,0.09107641,0.07905453,0.761007,145.05
472300,0.44,0.5,0.06,0.07293879,0.06559566,1.144211,159.44
472400,0.41,0.55,0.04,0.09012628,0.09152931,0.8136089,147.65
472500,0.39,0.57,0.04,0.07860765,0.07540946,0.7850069,165.1
472600,0.42,0.54,0.04,0.1017737,0.08935962,1.089009,135.2
472700,0.45,0.52,0.03,0.0938587,0.08495647,0.9586062,141.95
472800,0.46,0.52,0.02,0.06983007,0.06134511,0.7826046,128.94
472900,0.38,0.57,0.05,0.0761973,0.07281659,0.9174063,158.5
473000,0.36,0.58,0.06,0.08016651,0.08223329,1.234411,165.86
473100,0.36,0.53,0.11,0.09917374,0.08786392,2.309425,202.26
473200,0.42,0.51,0.07,0.1070632,0.1100953,1.355014,158.34
473300,0.45,0.51,0.04,0.09903942,0.09244429,1.121208,145.02
473400,0.54,0.45,0.01,0.08153684,0.07157715,0.3481997,106
473500,0.36,0.62,0.02,0.08959082,0.09130794,0.5402021,168.11
473600,0.36,0.61,0.03,0.07542723,0.07114023,0.7784061,152.5
473700,0.43,0.51,0.06,0.07310932,0.07228875,1.069409,157.93
473800,0.39,0.56,0.05,0.08202606,0.07548281,1.34401,174.93
473900,0.53,0.44,0.03,0.0817463,0.08732534,0.7672071,122.26
474000,0.38,0.58,0.04,0.08605341,0.08336946,0.8680068,143.96
474100,0.38,0.57,0.05,0.07961531,0.07085814,0.9732086,150.87
474200,0.42,0.54,0.04,0.07537295,0.06869465,0.8348068,130.56
474300,0.46,0.45,0.09,0.1066888,0.121332,1.765018,184.57
474400,0.37,0.59,0.04,0.08523051,0.08145867,0.8046065,146.49
474500,0.27,0.65,0.08,0.08676397,0.08885316,1.111411,197.66
474600,0.38,0.58,0.04,0.08080115,0.07101095,1.027809,136.97
474700,0.58,0.38,0.04,0.1002809,0.08857992,1.074409,134.95
474800,0.37,0.56,0.07,0.09578346,0.09204634,1.642416,173.45
474900,0.41,0.52,0.07,0.07241143,0.06424734,1.350614,170.3
475000,0.37,0.58,0.05,0.09100941,0.09656964,1.211412,172.14
475100,0.42,0.55,0.03,0.08563434,0.08107848,0.9818069,130.65
475200,0.42,0.56,0.02,0.08574332,0.07471628,0.4036022,135.71
475300,0.28,0.65,0.07,0.08461516,0.08337153,1.06041,168.51
475400,0.39,0.59,0.02,0.08627017,0.07373159,0.4714016,138.67
475500,0.39,0.57,0.04,0.08341804,0.08004882,1.013209,146.63
475600,0.36,0.61,0.03,0.1096709,0.09640611,0.5150039,125.72
475700,0.43,0.52,0.05,0.07746461,0.06117884,0.8542064,147
475800,0.41,0.55,0.04,0.08440098,0.07314941,0.7746045,139.52
475900,0.36,0.57,0.07,0.07585137,0.06959044,1.522416,176.84
476000,0.44,0.5,0.06,0.08726376,0.08113671,1.202412,154.46
476100,0.43,0.52,0.05,0.0776148,0.08082982,1.35841,168.09
476200,0.4,0.57,0.03,0.09366928,0.09715995,0.707607,138.9
476300,0.44,0.54,0.02,0.08760502,0.09588149,0.6558042,116.47
476400,0.48,0.5,0.02,0.09844535,0.09056308,0.5044025,124.54
476500,0.32,0.62,0.06,0.09064265,0.09011726,1.178811,148.47
476600,0.5,0.45,0.05,0.1055044,0.1089421,0.9980093,144.14
476700,0.48,0.5,0.02,0.09917454,0.09236544,0.4552024,106.68
476800,0.45,0.49,0.06,0.08464262,0.06939952,1.201409,186.31
476900,0.4,0.56,0.04,0.07880687,0.06745806,0.6122046,139.9
477000,0.3,0.61,0.09,0.07531639,0.06653841,1.625219,175.68
477100,0.49,0.47,0.04,0.06745645,0.06151753,1.085009,169.04
477200,0.47,0.5,0.03,0.09039459,0.08438241,0.7758061,140.99
477300,0.45,0.5,0.05,0.08169082,0.07984957,1.140811,158.21
477400,0.47,0.51,0.02,0.07517362,0.06544261,0.6086021,127.93
477500,0.38,0.59,0.03,0.1060998,0.0897722,0.7538068,134.41
477600,0.4,0.53,0.07,0.08081205,0.07305785,1.103411,176.66
477700,0.42,0.55,0.03,0.09231543,0.08995782,0.7188039,135.14
477800,0.42,0.54,0.04,0.08276016,0.08464426,1.011209,136.61
477900,0.38,0.55,0.07,0.1057124,0.09333459,1.01041,197.58
478000,0.34,0.58,0.08,0.08093401,0.07105442,0.9274091,161.18
478100,0.48,0.45,0.07,0.08485284,0.08842894,1.450014,169.78
478200,0.47,0.51,0.02,0.08228359,0.08142622,0.7952052,137.51
478300,0.37,0.56,0.07,0.09268636,0.09484939,0.8386078,167.83
478400,0.42,0.56,0.02,0.1068306,0.09830808,0.3786024,115.55
478500,0.37,0.57,0.06,0.09400552,0.08489743,1.230412,145.94
478600,0.34,0.62,0.04,0.07464204,0.06904905,0.8658066,168.88
478700,0.46,0.48,0.06,0.0911403,0.08293621,1.169209,181.14
478800,0.32,0.64,0.04,0.0930284,0.1047621,0.6760049,145.02
478900,0.45,0.53,0.02,0.08420786,0.077168,0.7394045,127.98
479000,0.41,0.56,0.03,0.08608954,0.07742862,0.7722067,122.17
479100,0.49,0.48,0.03,0.08535836,0.07717473,0.9018069,142.13
479200,0.41,0.53,0.06,0.09015393,0.08606355,1.000411,157.17
479300,0.48,0.47,0.05,0.08638386,0.07672749,1.120207,147.92
479400,0.48,0.49,0.03,0.1124376,0.1183561,0.911007,133.74
479500,0.41,0.52,0.07,0.07859689,0.06589263,1.360813,173.47
479600,0.37,0.59,0.04,0.08460977,0.07345603,0.9104097,136.86
479700,0.41,0.47,0.12,0.08295444,0.06906769,2.271024,221.71
479800,0.35,0.56,0.09,0.09644134,0.08029399,1.601017,171.11
479900,0.42,0.52,0.06,0.08726342,0.07593015,1.408213,154.35
480000,0.5,0.48,0.02,0.1027523,0.09406962,0.7500049,117.2
480100,0.39,0.56,0.05,0.08478932,0.08777581,1.093011,173.12
480200,0.36,0.58,0.06,0.09216754,0.09909925,1.135611,165.1
480300,0.34,0.62,0.04,0.07657335,0.06107106,0.8746085,158.63
480400,0.43,0.48,0.09,0.08333677,0.08030186,1.275813,182.18
480500,0.44,0.51,0.05,0.07697418,0.06962971,1.311011,146.86
480600,0.34,0.63,0.03,0.08039593,0.07114419,0.5672045,138.39
480700,0.31,0.65,0.04,0.07811752,0.07007796,0.9530095,147.41
480800,0.41,0.5,0.09,0.08013265,0.07437299,1.731818,194.76
480900,0.46,0.49,0.05,0.09040106,0.07202968,0.7118068,138.36
481000,0.39,0.57,0.04,0.07287908,0.06470665,1.105009,156.99
481100,0.36,0.63,0.01,0.09476829,0.08634397,0.3706019,125.79
481200,0.49,0.49,0.02,0.0887796,0.08549561,0.6762038,136.35
481300,0.45,0.49,0.06,0.08311269,0.07774747,1.203611,164.27
481400,0.49,0.47,0.04,0.08134883,0.07998294,0.9298066,145.23
481500,0.47,0.47,0.06,0.08314581,0.06758557,0.8898088,168.49
481600,0.44,0.54,0.02,0.1069105,0.1029673,0.8120047,122.28
481700,0.43,0.53,0.04,0.08700316,0.08836274,0.9600065,137.98
481800,0.42,0.52,0.06,0.06871458,0.06799052,0.4384019,185.5
481900,0.39,0.54,0.07,0.07897692,0.07016719,0.8994084,161.68
482000,0.38,0.57,0.05,0.09104722,0.07845556,1.09321,142.07
482100,0.42,0.51,0.07,0.1058628,0.1106861,1.755616,184.62
482200,0.37,0.59,0.04,0.08532619,0.09367401,0.97341,140.54
482300,0.36,0.61,0.03,0.07680434,0.07640081,0.7702072,132.5
482400,0.5,0.46,0.04,0.09262654,0.09209306,1.143211,167.97
482500,0.42,0.54,0.04,0.09159333,0.07929636,0.8574069,151.34
482600,0.47,0.45,0.08,0.0760024,0.06963177,1.644016,186.84
482700,0.44,0.46,0.1,0.1165849,0.123511,1.809218,180.32
482800,0.42,0.52,0.06,0.08540949,0.07523018,0.8290072,159.26
482900,0.39,0.52,0.09,0.07721312,0.08484107,1.670417,185.13
483000,0.35,0.6,0.05,0.08176377,0.06825707,0.9802088,154.92
483100,0.42,0.52,0.06,0.08797273,0.08708164,0.8904091,140.68
483200,0.41,0.54,0.05,0.08246526,0.0761314,1.080609,157.45
483300,0.37,0.58,0.05,0.08311066,0.07546208,0.6512048,149.79
483400,0.4,0.56,0.04,0.07296925,0.06110088,0.7398041,170.16
483500,0.43,0.52,0.05,0.0934246,0.0856891,1.025008,153.2
483600,0.43,0.49,0.08,0.1027688,0.1012241,1.599416,177.14
483700,0.5,0.45,0.05,0.0926355,0.08574288,1.024609,143.57
483800,0.4,0.55,0.05,0.08815648,0.1058312,1.069609,158.44
483900,0.44,0.52,0.04,0.08763854,0.08012012,1.22701,145.24
484000,0.35,0.6,0.05,0.07262053,0.06928136,0.9158083,154.68
484100,0.39,0.57,0.04,0.08567501,0.08212952,0.908607,145.33
484200,0.34,0.59,0.07,0.08434245,0.06824169,1.308213,180.6
484300,0.42,0.55,0.03,0.09041153,0.08961197,0.8852071,138.21
484400,0.42,0.54,0.04,0.08053254,0.07421828,1.104211,140.56
484500,0.4,0.56,0.04,0.08374473,0.07878587,0.7422063,146.4
484600,0.42,0.5,0.08,0.07303099,0.06818955,1.690616,174.2
484700,0.48,0.48,0.04,0.1122864,0.1095518,0.6008033,126.98
484800,0.43,0.53,0.04,0.1024556,0.0990082,0.6736063,123.36
484900,0.37,0.56,0.07,0.09427373,0.07489148,1.01901,168.32
485000,0.32,0.65,0.03,0.0800401,0.07710095,0.7502047,150.11
485100,0.41,0.52,0.07,0.08501212,0.07273135,1.302412,158.67
485200,0.4,0.52,0.08,0.06890874,0.06084223,1.15901,165.1
485300,0.34,0.59,0.07,0.10047,0.1127469,1.444813,183.25
485400,0.4,0.52,0.08,0.09401441,0.08027636,1.259612,189.41
485500,0.39,0.58,0.03,0.08750916,0.07352096,0.3442025,128.88
485600,0.4,0.57,0.03,0.09115716,0.09425379,0.5526046,134.07
485700,0.44,0.5,0.06,0.09551603,0.09762192,1.263612,157.62
485800,0.47,0.51,0.02,0.09404425,0.08208105,0.7430044,126.53
485900,0.4,0.56,0.04,0.08820695,0.08463879,0.7964041,142.39
486000,0.37,0.55,0.08,0.09693625,0.1008262,1.376014,165.57
486100,0.44,0.51,0.05,0.08621089,0.08098684,0.9700089,153.25
486200,0.46,0.51,0.03,0.07987408,0.07311556,0.842005,136.48
486300,0.35,0.59,0.06,0.08943577,0.0877073,0.9040077,169.48
486400,0.4,0.55,0.05,0.0967373,0.1013976,1.176211,159.54
486500,0.37,0.56,0.07,0.07897615,0.07122357,1.361613,179.25
486600,0.39,0.57,0.04,0.07891603,0.06508195,0.7230063,149.31
486700,0.38,0.57,0.05,0.08872058,0.09117521,0.937207,153.64
486800,0.46,0.46,0.08,0.07306692,0.0694482,1.294212,175.35
486900,0.4,0.59,0.01,0.1050164,0.09867679,0.7128021,126.49
487000,0.31,0.66,0.03,0.08015343,0.07253656,0.770606,141.95
487100,0.42,0.53,0.05,0.09357259,0.0886152,0.9608091,163.31
487200,0.41,0.53,0.06,0.07145923,0.06355252,0.7472062,166.51
487300,0.37,0.59,0.04,0.07744465,0.06966441,0.9944087,158.89
487400,0.46,0.49,0.05,0.07583077,0.1026645,1.355411,157.99
487500,0.46,0.47,0.07,0.08412194,0.0791375,1.199811,175.64
487600,0.45,0.5,0.05,0.08895839,0.06429733,0.9276068,145.25
487700,0.39,0.52,0.09,0.08745719,0.0729429,1.437216,173.8
487800,0.44,0.5,0.06,0.08220789,0.0784307,1.304013,152.06
487900,0.4,0.56,0.04,0.07662358,0.06437348,0.710204,152.21
488000,0.48,0.5,0.02,0.09278464,0.108312,0.4490018,117.49
488100,0.32,0.64,0.04,0.0792304,0.0733121,0.9930089,153.43
488200,0.41,0.55,0.04,0.08073509,0.07328236,1.062409,144.83
488300,0.36,0.62,0.02,0.1005633,0.1059757,0.6398045,139.37
488400,0.38,0.57,0.05,0.08607351,0.0891488,0.6060043,148.39
488500,0.42,0.53,0.05,0.07131565,0.06612622,1.170609,148.72
488600,0.42,0.54,0.04,0.09311599,0.07681024,0.8798065,142.47
488700,0.35,0.62,0.03,0.09117546,0.08296172,0.8436068,133.19
488800,0.36,0.54,0.1,0.072979,0.06447183,1.368215,191.86
488900,0.42,0.55,0.03,0.08754761,0.07529784,0.5956041,136.94
489000,0.38,0.57,0.05,0.07866181,0.067261,1.233611,148.28
489100,0.38,0.59,0.03,0.08089182,0.09533398,0.8744071,122
489200,0.35,0.59,0.06,0.08731253,0.07630287,1.142211,145.03
489300,0.43,0.55,0.02,0.09079464,0.07776285,0.6800041,114.66
489400,0.34,0.64,0.02,0.08846301,0.09246939,0.4130021,131.31
489500,0.3,0.63,0.07,0.09137747,0.08862489,0.8788087,164.5
489600,0.28,0.63,0.09,0.07702959,0.07566808,1.719018,206.04
489700,0.4,0.58,0.02,0.09055281,0.07525046,0.5294042,132.84
489800,0.4,0.53,0.07,0.08836298,0.07852232,1.561817,157.05
489900,0.38,0.59,0.03,0.1061149,0.09805766,0.9710062,122.84
490000,0.44,0.53,0.03,0.1098099,0.08558428,0.8950068,139.39
490100,0.43,0.54,0.03,0.07682367,0.06987938,0.6120033,159.47
490200,0.37,0.62,0.01,0.09878418,0.09273768,0.5076022,110.04
490300,0.39,0.58,0.03,0.09530298,0.08150639,0.7986077,143.07
490400,0.33,0.62,0.05,0.09632618,0.08674316,0.8062061,159.98
490500,0.45,0.51,0.04,0.07475367,0.06780744,0.9966066,175.79
490600,0.4,0.57,0.03,0.08043542,0.07437675,0.6592042,131.91
490700,0.45,0.51,0.04,0.08285964,0.06980585,1.049609,148.83
490800,0.45,0.54,0.01,0.09049997,0.08401069,0.3731997,119.74
490900,0.37,0.61,0.02,0.06480975,0.06516948,0.6044041,127.3
491000,0.39,0.55,0.06,0.09966026,0.08682387,0.8954045,161.65
491100,0.4,0.55,0.05,0.1123307,0.10304,0.8580071,149.61
491200,0.45,0.5,0.05,0.07661423,0.06728871,1.377012,153.01
491300,0.48,0.42,0.1,0.08238152,0.09944515,2.088222,199.15
491400,0.38,0.56,0.06,0.07026657,0.07090937,1.258212,163
491500,0.38,0.56,0.06,0.1006379,0.08938436,1.094811,158.25
491600,0.34,0.6,0.06,0.07577115,0.05798548,1.149212,156.23
491700,0.49,0.46,0.05,0.1061263,0.08662309,0.6128018,145.07
491800,0.43,0.48,0.09,0.09106568,0.08978689,1.792218,195.6
491900,0.48,0.47,0.05,0.09808207,0.1107374,1.249812,143.94
492000,0.42,0.51,0.07,0.06881067,0.0672068,1.457213,190.01
492100,0.43,0.47,0.1,0.07740281,0.06974418,1.575614,203.73
492200,0.42,0.51,0.07,0.07233884,0.05649597,1.413613,183.58
492300,0.41,0.54,0.05,0.08878238,0.07994372,0.976609,138.86
492400,0.43,0.51,0.06,0.08216116,0.07875116,1.119609,158.56
492500,0.4,0.53,0.07,0.08245975,0.06907922,1.16641,178.97
492600,0.35,0.59,0.06,0.08234321,0.07450409,1.273013,163.32
492700,0.38,0.58,0.04,0.08651312,0.07585546,0.9748085,141.48
492800,0.46,0.45,0.09,0.07885091,0.07334409,1.632615,189.06
492900,0.39,0.56,0.05,0.08589964,0.07277273,0.821607,147.21
493000,0.46,0.49,0.05,0.09640529,0.08145456,0.7356044,140.84
493100,0.39,0.57,0.04,0.0941968,0.08904522,0.8390085,148.65
493200,0.36,0.56,0.08,0.08276858,0.07448371,1.568016,175.75
493300,0.37,0.6,0.03,0.1053711,0.0915871,0.7670065,124.94
493400,0.34,0.61,0.05,0.07956322,0.07690568,1.222611,154.02
493500,0.49,0.48,0.03,0.08948016,0.08046919,0.7698048,153.17
493600,0.36,0.56,0.08,0.0924928,0.07257195,1.196612,158.12
493700,0.41,0.56,0.03,0.0977228,0.08406363,0.6004041,116.71
493800,0.46,0.54,0,0.1034132,0.09273069,0.3629997,126.78
493900,0.37,0.56,0.07,0.08976903,0.07949795,1.424414,159.42
494000,0.43,0.52,0.05,0.08017433,0.06978157,0.9542072,167.02
494100,0.4,0.53,0.07,0.083671,0.07639824,0.9484086,176.36
494200,0.41,0.57,0.02,0.08477651,0.07438079,0.4908016,140.11
494300,0.46,0.49,0.05,0.09253358,0.08660089,1.177612,144.42
494400,0.35,0.56,0.09,0.09203126,0.09124118,1.700219,174.14
494500,0.45,0.53,0.02,0.09017441,0.08091077,0.7058032,127.76
494600,0.41,0.58,0.01,0.08246294,0.08199047,0.5756019,134.87
494700,0.42,0.53,0.05,0.1017693,0.09336609,0.9634096,151.19
494800,0.41,0.56,0.03,0.09296332,0.1038828,0.7800066,133.61
494900,0.41,0.52,0.07,0.07052542,0.06542665,1.317813,177.24
495000,0.36,0.6,0.04,0.08742556,0.07351174,1.125209,176.31
495100,0.4,0.52,0.08,0.08676273,0.09090277,1.062409,171.49
495200,0.38,0.58,0.04,0.08396026,0.06829251,0.9626066,132.83
495300,0.46,0.52,0.02,0.08286206,0.06995209,1.007008,128.28
495400,0.43,0.54,0.03,0.07920189,0.06324184,0.569004,126.3
495500,0.46,0.48,0.06,0.09352845,0.08713316,1.22481,163.86
495600,0.33,0.63,0.04,0.08034424,0.0699033,1.022009,138
495700,0.41,0.55,0.04,0.09370484,0.09306943,0.7452047,179.79
495800,0.42,0.54,0.04,0.08338162,0.08055833,0.973208,157.23
495900,0.37,0.52,0.11,0.09173179,0.08309772,1.687018,186.46
496000,0.42,0.5,0.08,0.08368601,0.07532704,1.436813,184.51
496100,0.45,0.48,0.07,0.07987221,0.07192007,1.232811,173.39
496200,0.48,0.49,0.03,0.07822435,0.06945967,0.8712071,142.59
496300,0.54,0.43,0.03,0.08938029,0.08398587,0.8952067,136.45
496400,0.43,0.54,0.03,0.09349166,0.08066463,0.7676076,125.51
496500,0.42,0.53,0.05,0.07066559,0.07178576,1.10381,157.73
496600,0.43,0.52,0.05,0.08696371,0.07753816,1.168612,142.62
496700,0.48,0.47,0.05,0.07893828,0.07234985,0.8938084,155.66
496800,0.41,0.54,0.05,0.09452524,0.07800896,0.9888071,146.84
496900,0.42,0.56,0.02,0.08600111,0.07296196,0.6876046,121.71
497000,0.43,0.49,0.08,0.08742071,0.07133136,1.176412,175.01
497100,0.38,0.58,0.04,0.07872242,0.09162819,0.9240085,141.42
497200,0.41,0.51,0.08,0.08124499,0.09386162,1.249612,161.74
497300,0.42,0.57,0.01,0.07838169,0.06932964,0.6006022,120.5
497400,0.44,0.51,0.05,0.08724666,0.07963809,1.009409,153.58
497500,0.5,0.47,0.03,0.09232803,0.08790714,0.6988037,119.25
497600,0.41,0.57,0.02,0.08569578,0.06530112,0.4112023,132.41
497700,0.46,0.5,0.04,0.08184195,0.07400147,0.8052047,154.61
497800,0.32,0.6,0.08,0.08055901,0.08215253,1.511416,181.17
497900,0.46,0.53,0.01,0.1057224,0.1017692,0.4186016,86.94
498000,0.3,0.59,0.11,0.08408999,0.08216383,2.297226,210.85
498100,0.46,0.49,0.05,0.1031311,0.1015889,1.27961,150.11
498200,0.39,0.57,0.04,0.09361951,0.08579403,0.9920087,141.4
498300,0.43,0.54,0.03,0.0975824,0.09718244,0.8792068,131.51
498400,0.32,0.59,0.09,0.07032868,0.0668153,1.603817,209.84
498500,0.42,0.53,0.05,0.09383369,0.0893896,1.278812,159.99
498600,0.36,0.61,0.03,0.0881534,0.08079442,0.7246072,116.21
498700,0.44,0.48,0.08,0.08945186,0.09132776,1.471413,186.16
498800,0.39,0.54,0.07,0.09063205,0.0754317,1.116609,171.72
498900,0.47,0.49,0.04,0.1052385,0.1149221,1.109609,137.81
499000,0.46,0.51,0.03,0.07808969,0.07458349,0.6344044,129.05
499100,0.4,0.53,0.07,0.09108999,0.08968969,1.296213,179.92
499200,0.41,0.53,0.06,0.09536838,0.105769,1.426813,155.17
499300,0.38,0.55,0.07,0.07212253,0.07740106,1.485613,194.21
499400,0.34,0.62,0.04,0.08661979,0.08348056,0.6408042,141.55
499500,0.42,0.52,0.06,0.08264927,0.07331681,1.137209,165.62
499600,0.42,0.51,0.07,0.07306113,0.06324717,1.307214,178.43
499700,0.49,0.41,0.1,0.1016333,0.1003158,1.595217,179.93
499800,0.39,0.53,0.08,0.08906627,0.08679026,0.9950081,189.8
499900,0.41,0.54,0.05,0.0904553,0.09988176,0.7790071,132.04
500000,0.41,0.52,0.07,0.09653893,0.09095117,1.351614,182.38
500100,0.41,0.53,0.06,0.09291996,0.09619953,1.06581,156.48
500200,0.36,0.59,0.05,0.08677101,0.08403653,0.8348073,158.39
500300,0.38,0.53,0.09,0.08093432,0.05981801,1.624216,190.13
500400,0.44,0.5,0.06,0.09670874,0.09532383,1.16621,151.11
500500,0.44,0.52,0.04,0.07459645,0.06474103,0.8240054,154.66
500600,0.38,0.57,0.05,0.0871872,0.08293816,1.097209,163.34
500700,0.37,0.58,0.05,0.09161773,0.08282685,0.9640083,155.64
500800,0.46,0.49,0.05,0.08587766,0.08199699,1.015209,150.12
500900,0.4,0.52,0.08,0.08945619,0.08725017,1.720019,178.81
501000,0.42,0.51,0.07,0.09332738,0.0966579,1.692416,172.47
501100,0.46,0.5,0.04,0.07917598,0.07622132,1.065607,138.93
501200,0.36,0.62,0.02,0.08903087,0.09520337,0.7474037,120.22
501300,0.43,0.54,0.03,0.07825299,0.06702611,0.9216065,126.94
501400,0.42,0.55,0.03,0.07710615,0.072409,0.8224071,127.41
501500,0.34,0.59,0.07,0.08063409,0.07133505,1.197411,197.93
501600,0.39,0.56,0.05,0.07589209,0.06853286,1.046809,142.31
501700,0.49,0.49,0.02,0.08940361,0.09057221,0.5882045,95.27
501800,0.4,0.54,0.06,0.09242878,0.08712414,1.420413,168.02
501900,0.43,0.47,0.1,0.08592847,0.07837507,1.641416,193.27
502000,0.39,0.56,0.05,0.09512823,0.09918658,0.6052037,137.1
502100,0.38,0.59,0.03,0.07338166,0.06612627,0.7024043,139.31
502200,0.47,0.47,0.06,0.07917298,0.07931704,1.573615,152.63
502300,0.34,0.62,0.04,0.07729002,0.08887869,0.8034069,143.92
502400,0.4,0.56,0.04,0.07711439,0.0670238,0.8088062,139.71
502500,0.4,0.57,0.03,0.07708398,0.06992643,0.9936063,150.57
502600,0.43,0.51,0.06,0.08416349,0.07450887,1.002209,162.5
502700,0.36,0.59,0.05,0.09537125,0.08933643,0.945008,139.82
502800,0.35,0.6,0.05,0.07340752,0.06355552,0.8430083,148.51
502900,0.37,0.54,0.09,0.09796984,0.09220129,1.491816,171.25
503000,0.41,0.52,0.07,0.09082481,0.09430892,1.312014,172.72
503100,0.47,0.49,0.04,0.08428928,0.08948507,0.9940087,138.99
503200,0.38,0.56,0.06,0.07255189,0.07134473,0.9282078,170.03
503300,0.35,0.61,0.04,0.1104066,0.1138685,0.793407,138.37
503400,0.4,0.53,0.07,0.08606226,0.07853787,1.438614,171.42
503500,0.38,0.59,0.03,0.08636553,0.07443947,0.600804,120.92
503600,0.44,0.5,0.06,0.08293647,0.07275885,0.9322064,153.47
503700,0.42,0.52,0.06,0.07769558,0.07506279,1.237611,176.62
503800,0.42,0.52,0.06,0.07994226,0.06279765,1.07421,169.99
503900,0.36,0.59,0.05,0.07021147,0.06697386,0.8392065,140.99
504000,0.42,0.49,0.09,0.07875809,0.06169322,1.362413,190.46
504100,0.41,0.58,0.01,0.09246134,0.09606116,0.4192025,111.63
504200,0.38,0.56,0.06,0.07345367,0.06799536,1.192612,174.87
504300,0.47,0.46,0.07,0.07984903,0.09027246,1.537214,161.01
504400,0.37,0.52,0.11,0.09075955,0.0908457,1.89022,212.24
504500,0.36,0.55,0.09,0.08803861,0.08971905,1.408213,189
504600,0.37,0.54,0.09,0.07882951,0.07199755,1.80122,201.17
504700,0.43,0.53,0.04,0.08086773,0.07049125,0.8810062,149.13
504800,0.46,0.52,0.02,0.09446685,0.09577205,0.5782045,127.79
504900,0.41,0.54,0.05,0.08724301,0.07263143,0.9180067,144.64
505000,0.4,0.53,0.07,0.08915095,0.09734835,1.313212,159.78
505100,0.43,0.51,0.06,0.08778001,0.07644235,0.8754062,173.77
505200,0.37,0.59,0.04,0.08742592,0.08463799,0.8190063,140.22
505300,0.44,0.47,0.09,0.1171776,0.107017,1.963021,184.18
505400,0.39,0.49,0.12,0.09261173,0.08922258,2.112224,210.47
505500,0.34,0.55,0.11,0.09015661,0.08288486,1.528016,197.71
505600,0.42,0.51,0.07,0.07429086,0.06783906,1.009409,162.68
505700,0.35,0.56,0.09,0.08584363,0.08078029,1.655218,188.61
505800,0.31,0.64,0.05,0.06563304,0.06587718,1.209013,156.79
505900,0.43,0.52,0.05,0.09358729,0.0822392,1.23741,141.88
506000,0.41,0.5,0.09,0.09187882,0.09496222,1.879021,186.14
506100,0.34,0.56,0.1,0.07556023,0.07109223,1.82822,205.68
506200,0.36,0.58,0.06,0.07884794,0.07146379,1.085811,143.78
506300,0.37,0.56,0.07,0.08318722,0.07844749,0.8840093,165.55
506400,0.37,0.55,0.08,0.08068572,0.09596217,1.017409,174.54
506500,0.35,0.56,0.09,0.07871285,0.06858211,1.250614,189.29
506600,0.4,0.52,0.08,0.08628856,0.08946048,1.173011,184.72
506700,0.42,0.52,0.06,0.08106534,0.07584451,1.364414,156.38
506800,0.36,0.6,0.04,0.09089865,0.1015684,1.112409,145.77
506900,0.44,0.51,0.05,0.07325841,0.06887655,0.717005,155.91
507000,0.36,0.53,0.11,0.08327056,0.08166044,1.868221,212.43
507100,0.41,0.55,0.04,0.08490367,0.07987691,1.029009,148.73
507200,0.43,0.5,0.07,0.1022134,0.1178608,1.148611,166.15
507300,0.36,0.55,0.09,0.07768359,0.07054822,1.80602,177.95
507400,0.38,0.57,0.05,0.08318117,0.08851698,0.3412019,149.01
507500,0.42,0.5,0.08,0.07625128,0.07013322,1.16541,178.33
507600,0.46,0.46,0.08,0.08156695,0.07226796,1.301413,172.96
507700,0.36,0.57,0.07,0.08834672,0.08323953,1.329413,160.55
507800,0.36,0.58,0.06,0.08944769,0.0899227,1.160611,157.18
507900,0.43,0.5,0.07,0.0926538,0.08797629,0.5694042,155.53
508000,0.44,0.48,0.08,0.07837867,0.07645384,1.405213,174.08
508100,0.39,0.56,0.05,0.0822963,0.06781357,1.017809,153.74
508200,0.36,0.59,0.05,0.09691474,0.09619463,1.040809,155.33
508300,0.4,0.53,0.07,0.07578454,0.07275563,1.084211,172.11
508400,0.36,0.55,0.09,0.0829884,0.07249189,1.390015,202.01
508500,0.35,0.58,0.07,0.08143227,0.07535494,1.01721,156.88
508600,0.41,0.56,0.03,0.0842483,0.07291416,0.4814034,148.98
508700,0.37,0.56,0.07,0.08896574,0.08849008,0.9340082,152.66
508800,0.37,0.59,0.04,0.1112726,0.1114641,1.021609,140.24
508900,0.44,0.47,0.09,0.07689482,0.0691248,2.03462,191.46
509000,0.44,0.51,0.05,0.0733872,0.06356408,0.747405,150.6
509100,0.48,0.44,0.08,0.09613588,0.08686223,1.440613,191.06
509200,0.41,0.56,0.03,0.07692275,0.07309452,0.5158017,138.49
509300,0.37,0.59,0.04,0.09340166,0.0907287,0.9458086,129.34
509400,0.35,0.59,0.06,0.08217368,0.07575098,0.9846094,164.47
509500,0.41,0.52,0.07,0.07965606,0.06798966,1.272213,159.5
509600,0.41,0.54,0.05,0.08804172,0.0765672,0.9580084,138.73
509700,0.47,0.48,0.05,0.1061454,0.105483,1.257211,149.85
509800,0.36,0.55,0.09,0.07640812,0.06638982,1.863021,180.05
509900,0.37,0.56,0.07,0.09712085,0.09392264,1.156411,172.24
510000,0.33,0.61,0.06,0.08643982,0.08336708,0.947207,147.79
510100,0.5,0.49,0.01,0.08109583,0.08455835,0.3061998,126.72
510200,0.38,0.56,0.06,0.09462551,0.0876877,0.9284071,170.19
510300,0.37,0.56,0.07,0.1274042,0.1318588,1.193412,155.25
510400,0.47,0.5,0.03,0.08271625,0.07828021,0.6184045,124.42
510500,0.37,0.55,0.08,0.08464818,0.08664257,1.151611,174.23
510600,0.37,0.57,0.06,0.09984808,0.1185493,1.133009,160.67
510700,0.33,0.57,0.1,0.08754993,0.08455852,1.556817,183.73
510800,0.31,0.59,0.1,0.07266536,0.06302873,0.9200091,204.25
510900,0.44,0.47,0.09,0.08092716,0.07805516,1.295008,194.25
511000,0.39,0.5,0.11,0.08104615,0.08257396,2.289025,180.5
511100,0.42,0.48,0.1,0.07257082,0.0604546,1.695415,209.04
511200,0.34,0.63,0.03,0.07874481,0.07137284,0.8900075,125.7
511300,0.4,0.56,0.04,0.07607388,0.07395298,0.9850085,146.85
511400,0.46,0.47,0.07,0.09302561,0.08937656,1.290811,154.4
511500,0.41,0.55,0.04,0.1018906,0.08715214,1.13001,138.37
511600,0.45,0.47,0.08,0.08345468,0.08667757,1.637616,173.8
511700,0.47,0.49,0.04,0.07451971,0.07379634,1.004609,151.79
511800,0.36,0.53,0.11,0.08806065,0.09185302,2.090622,206.42
511900,0.46,0.49,0.05,0.06896021,0.06185291,1.360012,156.44
512000,0.36,0.54,0.1,0.1228477,0.1246642,1.535215,199.16
512100,0.36,0.58,0.06,0.1002357,0.1084317,1.069809,170.78
512200,0.43,0.46,0.11,0.08100694,0.06608965,1.913821,209.38
512300,0.44,0.5,0.06,0.09864595,0.102265,0.8806095,163.34
512400,0.31,0.6,0.09,0.06969027,0.07309195,1.821819,191.28
512500,0.49,0.43,0.08,0.07095969,0.06483976,1.643416,201.14
512600,0.39,0.56,0.05,0.08427674,0.07050502,1.18741,153.64
512700,0.55,0.41,0.04,0.08630297,0.08966622,0.988407,143.25
512800,0.44,0.54,0.02,0.08161765,0.07793062,0.449802,125.95
512900,0.38,0.52,0.1,0.06998833,0.06016675,1.105811,210.04
513000,0.38,0.53,0.09,0.08667749,0.07701541,1.807219,179.57
513100,0.36,0.56,0.08,0.07419746,0.06269863,1.333212,187.05
513200,0.38,0.56,0.06,0.0863625,0.08795203,0.9190089,150.9
513300,0.42,0.53,0.05,0.07569718,0.07296798,0.8612065,147.38
513400,0.39,0.5,0.11,0.06321702,0.05972814,1.683017,209.63
513500,0.39,0.58,0.03,0.0831118,0.07573432,0.8754066,150.91
513600,0.4,0.57,0.03,0.07785806,0.0664135,0.5170019,157.62
513700,0.31,0.62,0.07,0.09651601,0.0807431,0.9500089,156.7
513800,0.46,0.47,0.07,0.09881157,0.09449746,1.549014,179.78
513900,0.4,0.52,0.08,0.08952968,0.08869286,1.800218,185
514000,0.35,0.58,0.07,0.1049057,0.09278428,1.617817,177.4
514100,0.35,0.58,0.07,0.0763041,0.07695743,1.506216,169.86
514200,0.49,0.46,0.05,0.1022439,0.09668169,1.297611,181.78
514300,0.29,0.65,0.06,0.08434738,0.07412069,1.191812,175.6
514400,0.38,0.53,0.09,0.09109177,0.08768699,1.765818,187.19
514500,0.41,0.54,0.05,0.09935625,0.08471517,0.7338075,148.4
514600,0.38,0.56,0.06,0.1208779,0.122266,0.9592087,160.64
514700,0.35,0.57,0.08,0.09029362,0.08103067,1.508016,189.13
514800,0.37,0.58,0.05,0.07290833,0.05917986,1.143411,142.45
514900,0.43,0.5,0.07,0.1021088,0.100891,1.065009,185.69
515000,0.4,0.51,0.09,0.07866859,0.06985628,1.081408,199.13
515100,0.44,0.49,0.07,0.0888138,0.08810789,1.400614,170.42
515200,0.46,0.47,0.07,0.07373594,0.06412086,1.570014,185.78
515300,0.33,0.53,0.14,0.07689217,0.07766284,2.428028,229.95
515400,0.39,0.56,0.05,0.1084438,0.1173473,0.9290085,153.72
515500,0.38,0.5,0.12,0.08550794,0.0761978,1.592018,212.23
515600,0.4,0.54,0.06,0.07530703,0.07086454,1.296815,148.65
515700,0.43,0.53,0.04,0.1359778,0.1365813,0.9570085,131.44
515800,0.43,0.51,0.06,0.08228659,0.07749137,1.463215,197.79
515900,0.42,0.51,0.07,0.07348036,0.0685211,1.387013,171.66
516000,0.35,0.6,0.05,0.08768433,0.07690272,0.9550092,158.44
516100,0.44,0.49,0.07,0.08397482,0.07408628,1.090212,168.54
516200,0.33,0.6,0.07,0.07789833,0.06730211,0.8506073,194.42
516300,0.4,0.55,0.05,0.1026362,0.09400705,1.114009,132.36
516400,0.28,0.64,0.08,0.1052674,0.09325082,1.347614,191.36
516500,0.38,0.54,0.08,0.09080712,0.08201346,1.642617,175.28
516600,0.39,0.55,0.06,0.08318081,0.07187328,1.226612,175.65
516700,0.42,0.53,0.05,0.07498052,0.06726751,0.8918065,154.47
516800,0.48,0.42,0.1,0.08415777,0.09461143,1.577815,202.75
516900,0.44,0.52,0.04,0.09245832,0.07533274,1.002008,133.02
517000,0.35,0.58,0.07,0.08594203,0.08847897,1.368414,169.89
517100,0.42,0.52,0.06,0.0879461,0.07173975,1.149411,166.09
517200,0.35,0.52,0.13,0.07552712,0.06985208,2.171023,228.63
517300,0.42,0.51,0.07,0.1162517,0.108045,1.08561,159.99
517400,0.45,0.52,0.03,0.09757063,0.0837066,0.826807,130.92
517500,0.4,0.54,0.06,0.09483106,0.08630276,0.8044049,156.55
517600,0.37,0.53,0.1,0.0663368,0.06255565,1.411813,222.1
517700,0.42,0.51,0.07,0.09300133,0.08572129,1.105409,188.77
517800,0.35,0.58,0.07,0.08343529,0.07582455,1.394814,177.35
517900,0.4,0.53,0.07,0.1080969,0.1111061,1.415614,156.84
518000,0.32,0.62,0.06,0.08703759,0.07930172,1.072012,152.92
518100,0.36,0.58,0.06,0.07697828,0.0651634,0.7260059,170.78
518200,0.44,0.49,0.07,0.0981326,0.09282474,1.342613,175.4
518300,0.41,0.54,0.05,0.08934496,0.0869009,1.341212,168.78
518400,0.39,0.5,0.11,0.09288485,0.1056459,1.784818,219.05
518500,0.34,0.56,0.1,0.09681275,0.09036293,1.705419,190.26
518600,0.37,0.55,0.08,0.09134857,0.08916687,1.658816,189.23
518700,0.39,0.5,0.11,0.07125445,0.05902219,1.847019,212.41
518800,0.41,0.54,0.05,0.08496664,0.08059897,0.8902067,146.26
518900,0.46,0.5,0.04,0.07339309,0.0731295,1.172009,155.04
519000,0.34,0.58,0.08,0.06825616,0.06063117,1.380215,187.58
519100,0.38,0.58,0.04,0.09675846,0.07938081,0.9682083,158.3
519200,0.45,0.45,0.1,0.09710499,0.1199611,2.013821,197.99
519300,0.41,0.52,0.07,0.0790276,0.0892837,1.587216,191.17
519400,0.48,0.47,0.05,0.09078149,0.08704288,1.240011,147.54
519500,0.42,0.47,0.11,0.0829411,0.08013222,2.079222,203.63
519600,0.41,0.54,0.05,0.0885817,0.08266629,1.08661,149.6
519700,0.36,0.54,0.1,0.08351082,0.07511391,1.357814,195.89
519800,0.39,0.53,0.08,0.07940959,0.06753096,1.433013,180.18
519900,0.42,0.54,0.04,0.1038579,0.1145196,0.5786046,136.2
520000,0.39,0.57,0.04,0.09287289,0.08346504,0.7702062,142.61
520100,0.49,0.41,0.1,0.1148785,0.1230929,2.006021,200.47
520200,0.35,0.59,0.06,0.07628238,0.06580707,0.8212062,147.54
520300,0.46,0.52,0.02,0.08182872,0.06915914,0.6510043,117.46
520400,0.46,0.49,0.05,0.1073532,0.1073908,0.9662086,152.46
520500,0.44,0.53,0.03,0.07476487,0.06674326,0.3755997,134.48
520600,0.39,0.52,0.09,0.08253375,0.07550211,1.508814,212.22
520700,0.47,0.48,0.05,0.09444355,0.07779358,0.7084038,146.57
520800,0.48,0.44,0.08,0.1188433,0.1027933,1.278611,172.28
520900,0.38,0.56,0.06,0.09351016,0.07632767,1.161613,157.79
521000,0.37,0.56,0.07,0.08855989,0.0845864,0.8696063,173.68
521100,0.37,0.56,0.07,0.07900382,0.06692693,1.446614,184.36
521200,0.48,0.48,0.04,0.091065,0.07726804,0.8990065,139.78
521300,0.46,0.47,0.07,0.1062862,0.1147904,1.241211,152.44
521400,0.44,0.51,0.05,0.08456973,0.0769906,1.278211,165.36
521500,0.38,0.56,0.06,0.1016749,0.09805761,1.02541,154.37
521600,0.43,0.52,0.05,0.08699321,0.07542911,0.8794073,135.14
521700,0.43,0.52,0.05,0.09900263,0.08175347,0.950808,167.77
521800,0.47,0.49,0.04,0.091771,0.09405201,1.068609,152.86
521900,0.39,0.56,0.05,0.1141312,0.1132103,0.9516095,153.81
522000,0.41,0.5,0.09,0.080018,0.08468118,1.655616,190.1
522100,0.33,0.61,0.06,0.08125967,0.08713607,0.9082091,161.65
522200,0.44,0.5,0.06,0.09280204,0.08570682,1.208812,154.88
522300,0.38,0.56,0.06,0.08268669,0.08173821,1.147413,151.86
522400,0.36,0.63,0.01,0.113796,0.08551231,0.3178016,124.37
522500,0.43,0.51,0.06,0.07988951,0.06569593,1.344612,149.7
522600,0.5,0.43,0.07,0.09209716,0.08861837,1.279409,168.43
522700,0.4,0.52,0.08,0.08019141,0.06876209,1.485213,180.23
522800,0.44,0.52,0.04,0.1082758,0.09119453,0.8630071,140.31
522900,0.42,0.52,0.06,0.08047184,0.07165434,0.885006,185.59
523000,0.43,0.49,0.08,0.06874356,0.06115123,1.192011,191.35
523100,0.39,0.55,0.06,0.09449235,0.08080674,1.155012,154.26
523200,0.44,0.5,0.06,0.0743438,0.06740426,1.320613,155.74
523300,0.48,0.47,0.05,0.08891579,0.08170308,1.002609,162.1
523400,0.33,0.57,0.1,0.06845071,0.06572598,1.527814,222.95
523500,0.44,0.52,0.04,0.07971981,0.0732643,0.9558091,134.92
523600,0.38,0.51,0.11,0.08850636,0.06697014,1.804218,212.59
523700,0.46,0.48,0.06,0.07691512,0.06606851,1.378811,178.15
523800,0.47,0.46,0.07,0.1066531,0.1029023,1.180011,154.77
523900,0.34,0.58,0.08,0.08478608,0.07618175,1.505016,189.27
524000,0.46,0.48,0.06,0.1056264,0.1014493,0.9388087,149.9
524100,0.37,0.53,0.1,0.07641638,0.06822168,1.561613,201.18
524200,0.39,0.57,0.04,0.07879373,0.07921097,0.901807,150.98
524300,0.45,0.51,0.04,0.08457576,0.07164443,1.05541,131.89
524400,0.4,0.55,0.05,0.1012803,0.1161159,0.442602,144.92
524500,0.41,0.57,0.02,0.1023295,0.09329647,0.6262038,121.87
524600,0.45,0.43,0.12,0.08049969,0.07721214,2.243824,224.04
524700,0.5,0.48,0.02,0.0917078,0.09348642,0.8134041,130.32
524800,0.44,0.54,0.02,0.08013351,0.07211037,0.7834045,132.21
524900,0.37,0.57,0.06,0.1022995,0.08941004,1.191811,144.4
525000,0.49,0.46,0.05,0.08650523,0.08838408,1.190209,156.49
525100,0.47,0.45,0.08,0.07421394,0.07067871,1.515814,184.68
525200,0.36,0.55,0.09,0.08386243,0.08060373,1.314613,179.84
525300,0.4,0.52,0.08,0.08743093,0.07760562,1.045411,167.53
525400,0.34,0.59,0.07,0.07939586,0.06560888,1.381214,167.96
525500,0.37,0.58,0.05,0.08547373,0.0745769,0.9120097,152.38
525600,0.44,0.49,0.07,0.09598526,0.09151979,1.211011,177.94
525700,0.37,0.57,0.06,0.09668862,0.0901911,1.337013,162.35
525800,0.42,0.48,0.1,0.07597582,0.06639463,1.311013,196.23
525900,0.4,0.54,0.06,0.080304,0.07051851,0.8298063,161.68
526000,0.37,0.56,0.07,0.08154617,0.07223436,1.190012,168.6
526100,0.47,0.46,0.07,0.1125395,0.1300676,1.427811,170.09
526200,0.43,0.5,0.07,0.08527307,0.07439122,1.453412,170.91
526300,0.43,0.53,0.04,0.08642902,0.08954956,0.8682063,147.81
526400,0.37,0.55,0.08,0.09520462,0.08770194,1.724019,185.89
526500,0.37,0.58,0.05,0.0866849,0.07937607,1.230012,142.32
526600,0.42,0.5,0.08,0.06992207,0.06087649,1.673018,184.35
526700,0.42,0.46,0.12,0.08898143,0.07685711,2.244824,216.83
526800,0.39,0.57,0.04,0.1045187,0.09781014,0.9758061,143.83
526900,0.42,0.54,0.04,0.09371509,0.08405841,0.9332063,143.6
527000,0.39,0.57,0.04,0.07997619,0.07469235,0.7796066,145.08
527100,0.4,0.52,0.08,0.0772866,0.06447509,1.571217,174.22
527200,0.48,0.5,0.02,0.07900503,0.07176147,0.4882018,131.68
527300,0.36,0.55,0.09,0.09641995,0.09668664,1.274014,179.88
527400,0.42,0.55,0.03,0.08953823,0.08209873,0.631205,139.52
527500,0.46,0.51,0.03,0.08756215,0.0753108,0.574402,136.42
527600,0.36,0.56,0.08,0.07876964,0.06231321,1.10401,176.21
527700,0.43,0.5,0.07,0.103637,0.08936219,1.217411,163.9
527800,0.42,0.55,0.03,0.08480904,0.07300489,0.5356022,151.55
527900,0.41,0.5,0.09,0.08480654,0.07880864,1.584416,183.89
528000,0.44,0.5,0.06,0.07798867,0.06995221,1.082809,157.13
528100,0.36,0.55,0.09,0.07772984,0.07238536,1.671619,200.57
528200,0.36,0.56,0.08,0.07437646,0.06561857,1.621017,181.26
528300,0.48,0.45,0.07,0.08128276,0.07182048,1.25841,172.58
528400,0.38,0.52,0.1,0.0762784,0.07692371,1.794618,215.69
528500,0.42,0.51,0.07,0.1140614,0.09824555,1.04661,162.08
528600,0.38,0.55,0.07,0.1026736,0.08192437,1.200012,167.67
528700,0.48,0.45,0.07,0.083482,0.07287502,1.304811,175.05
528800,0.35,0.54,0.11,0.07746312,0.06738673,1.835621,206.47
528900,0.4,0.52,0.08,0.08091807,0.07415346,1.316012,169
529000,0.49,0.47,0.04,0.09654537,0.0863051,0.885407,140.94
529100,0.39,0.54,0.07,0.07576594,0.0692737,1.401213,171.83
529200,0.51,0.42,0.07,0.07133164,0.06624604,1.398814,162.02
529300,0.44,0.5,0.06,0.08982671,0.07767067,1.419612,149.38
529400,0.41,0.54,0.05,0.09422694,0.0865956,1.209212,161.78
529500,0.4,0.53,0.07,0.09277416,0.07707811,1.376813,159.55
529600,0.38,0.54,0.08,0.09902042,0.09686418,1.537816,176.76
529700,0.39,0.55,0.06,0.09249387,0.1083139,0.9284089,165.78
529800,0.43,0.51,0.06,0.09677488,0.1023298,1.176611,183.61
529900,0.44,0.54,0.02,0.08066518,0.08321132,0.4670023,133.23
530000,0.48,0.48,0.04,0.07795355,0.0716023,0.8820068,137.42
530100,0.39,0.56,0.05,0.09058149,0.08466087,1.06821,145.57
530200,0.43,0.5,0.07,0.07043582,0.06615445,1.361213,179.97
530300,0.4,0.51,0.09,0.07568172,0.06848294,1.550416,183.11
530400,0.34,0.61,0.05,0.09115227,0.07790571,1.121011,160.42
530500,0.41,0.53,0.06,0.07297038,0.07559101,1.293814,161.85
530600,0.39,0.53,0.08,0.08810139,0.08382999,1.191011,183.77
530700,0.33,0.61,0.06,0.106888,0.1065865,0.7042073,143.97
530800,0.4,0.49,0.11,0.07764984,0.07140355,2.155623,205.39
530900,0.46,0.47,0.07,0.08156831,0.08026937,0.9118063,171.75
531000,0.52,0.41,0.07,0.07575622,0.06700974,1.587616,169.07
531100,0.34,0.58,0.08,0.07739921,0.06746784,1.562817,182.28
531200,0.44,0.48,0.08,0.08390868,0.08175639,1.870019,167.07
531300,0.44,0.49,0.07,0.07692808,0.07021394,1.240212,169.82
531400,0.4,0.55,0.05,0.09761064,0.09495569,1.15621,147.82
531500,0.36,0.59,0.05,0.08334932,0.07712093,1.265211,149.26
531600,0.35,0.61,0.04,0.09479763,0.07608265,0.9374088,147.69
531700,0.43,0.51,0.06,0.09378067,0.08098895,1.294813,164.57
531800,0.39,0.55,0.06,0.1000659,0.1080099,0.9406071,165.82
531900,0.33,0.63,0.04,0.09285071,0.07603914,0.7866073,138.93
532000,0.43,0.54,0.03,0.1065026,0.1006649,0.8202068,132.22
532100,0.36,0.55,0.09,0.09016249,0.0763538,1.452015,177.94
532200,0.51,0.42,0.07,0.08513533,0.07487487,1.203011,162.59
532300,0.42,0.5,0.08,0.09871519,0.09680876,1.218811,184.36
532400,0.41,0.52,0.07,0.09452986,0.07781092,1.289013,170.65
532500,0.36,0.52,0.12,0.08744308,0.07816958,1.85562,231.39
532600,0.37,0.55,0.08,0.07898483,0.07172479,1.339014,168.78
532700,0.45,0.5,0.05,0.09966394,0.1034474,1.223611,150.35
532800,0.4,0.55,0.05,0.08689321,0.08839029,0.9736091,155.23
532900,0.44,0.51,0.05,0.08351177,0.07401178,0.978209,155.35
533000,0.36,0.58,0.06,0.09985985,0.09454775,0.999609,148.65
533100,0.41,0.55,0.04,0.09499954,0.08460402,0.9100067,156.99
533200,0.39,0.48,0.13,0.08203628,0.07122511,1.835219,215.35
533300,0.45,0.48,0.07,0.08108174,0.07048003,1.293611,170.99
533400,0.36,0.56,0.08,0.09452643,0.09102716,1.634218,179.94
533500,0.48,0.47,0.05,0.08238635,0.08379246,1.056409,166.14
533600,0.39,0.48,0.13,0.07989199,0.06630704,1.652418,222.14
533700,0.38,0.5,0.12,0.08070174,0.08112426,2.201425,213.82
533800,0.4,0.53,0.07,0.07122434,0.06699442,1.527413,173.06
533900,0.43,0.51,0.06,0.1025271,0.09191199,1.112211,143.06
534000,0.49,0.47,0.04,0.08232012,0.07526043,1.084609,140.26
534100,0.44,0.49,0.07,0.09093339,0.09867588,1.334811,182.62
534200,0.4,0.53,0.07,0.09012935,0.08273901,1.222412,157.8
534300,0.36,0.52,0.12,0.07674251,0.07390301,1.565218,215.62
534400,0.43,0.49,0.08,0.08551977,0.06940481,1.580016,175.76
534500,0.46,0.5,0.04,0.1046589,0.1034005,0.7226047,133.92
534600,0.36,0.54,0.1,0.09968492,0.1277096,1.607617,196.88
534700,0.45,0.49,0.06,0.09213111,0.08834705,1.099409,151.55
534800,0.33,0.54,0.13,0.08949909,0.09900372,2.508628,237.85
534900,0.49,0.49,0.02,0.1113401,0.1047647,0.492401,129.38
535000,0.34,0.54,0.12,0.1271794,0.1215071,1.781219,235.15
535100,0.36,0.58,0.06,0.07751934,0.08758236,1.16581,171.05
535200,0.42,0.49,0.09,0.08011919,0.06896653,1.642416,187.92
535300,0.44,0.47,0.09,0.07676846,0.08296489,2.02082,236.96
535400,0.39,0.52,0.09,0.07930128,0.06782147,1.75342,189.23
535500,0.43,0.49,0.08,0.08337202,0.09175959,1.790419,187.66
535600,0.48,0.42,0.1,0.07999492,0.0774508,1.592814,184.34
535700,0.41,0.51,0.08,0.0953204,0.07220485,1.313815,183.45
535800,0.4,0.57,0.03,0.1119196,0.1050602,0.6414056,138.17
535900,0.34,0.61,0.05,0.1026025,0.1043394,0.8232071,155.21
536000,0.37,0.6,0.03,0.091256,0.08945189,0.4550019,131.46
536100,0.37,0.57,0.06,0.07849647,0.0710071,0.9430094,159.55
536200,0.35,0.55,0.1,0.07989196,0.08405388,1.545417,200.2
536300,0.52,0.4,0.08,0.08108442,0.0648976,1.822617,193.23
536400,0.46,0.47,0.07,0.08064541,0.07816091,1.265211,178.57
536500,0.47,0.51,0.02,0.09849423,0.09596815,0.6114048,117.25
536600,0.38,0.52,0.1,0.08833,0.09413593,1.924021,187.66
536700,0.37,0.57,0.06,0.07148932,0.05581928,0.822207,189.17
536800,0.48,0.41,0.11,0.07648649,0.0706071,1.611616,193.15
536900,0.43,0.47,0.1,0.07670201,0.0640877,1.480814,196.77
537000,0.39,0.53,0.08,0.1037994,0.0843667,1.457016,169.06
537100,0.42,0.48,0.1,0.08229745,0.08620299,1.918819,205.29
537200,0.36,0.57,0.07,0.08837346,0.08084162,1.456414,185.46
537300,0.4,0.51,0.09,0.07457676,0.06959271,1.627215,200.15
537400,0.31,0.6,0.09,0.08097406,0.07503056,1.220812,181.64
537500,0.35,0.57,0.08,0.1020879,0.09784196,1.497015,164.69
537600,0.38,0.52,0.1,0.08501509,0.07984526,2.068421,199.81
537700,0.4,0.55,0.05,0.08085032,0.07452278,1.220411,164.87
537800,0.27,0.65,0.08,0.0803507,0.06877951,1.156212,189.32
537900,0.36,0.58,0.06,0.08740204,0.09467845,0.823007,161.84
538000,0.42,0.54,0.04,0.09383542,0.0891097,0.5896047,159.01
538100,0.51,0.44,0.05,0.08603401,0.08085976,1.304009,151.52
538200,0.39,0.53,0.08,0.08503888,0.07607766,1.531615,178.57
538300,0.46,0.49,0.05,0.07627118,0.0739826,1.14761,154.25
538400,0.46,0.5,0.04,0.0859341,0.08318038,0.8690041,152.54
538500,0.47,0.45,0.08,0.08219396,0.0916985,1.636216,200.59
538600,0.38,0.55,0.07,0.08925147,0.09760113,0.9968091,165.05
538700,0.46,0.47,0.07,0.0815195,0.07419866,1.556216,162.6
538800,0.46,0.46,0.08,0.09091148,0.08477892,1.715416,169.81
538900,0.32,0.58,0.1,0.09305391,0.09283692,1.704417,196.14
539000,0.51,0.44,0.05,0.08888341,0.07543582,0.909408,145.1
539100,0.51,0.47,0.02,0.1161746,0.09354599,0.6442038,124.48
539200,0.41,0.53,0.06,0.1104641,0.1039962,1.374615,145.77
539300,0.43,0.5,0.07,0.07652364,0.07098935,1.337614,175.98
539400,0.42,0.5,0.08,0.08379249,0.07564531,1.494814,175.62
539500,0.4,0.5,0.1,0.07336355,0.06372263,1.847417,224.74
539600,0.39,0.58,0.03,0.08626957,0.07042353,0.844807,124.64
539700,0.45,0.49,0.06,0.08327404,0.07139489,0.9444086,164.77
539800,0.43,0.54,0.03,0.08233622,0.08035874,0.6824039,148.09
539900,0.36,0.52,0.12,0.08671679,0.08162111,2.149022,216.27
540000,0.45,0.51,0.04,0.0858172,0.08048896,0.8184047,139.98
540100,0.31,0.6,0.09,0.08274572,0.08663242,1.451015,184.28
540200,0.41,0.53,0.06,0.07550236,0.06584345,1.236211,158.46
540300,0.42,0.52,0.06,0.09083461,0.07701694,1.199811,167.8
540400,0.42,0.49,0.09,0.07353373,0.0654193,1.224811,194.54
540500,0.45,0.49,0.06,0.0869127,0.08015402,1.186809,174.62
540600,0.42,0.48,0.1,0.08293718,0.07416453,1.992021,196.52
540700,0.38,0.55,0.07,0.081871,0.07192424,1.11701,179.32
540800,0.43,0.51,0.06,0.07392671,0.06332663,1.10121,181.5
540900,0.43,0.53,0.04,0.09830956,0.07911952,0.7370061,138.67
541000,0.47,0.49,0.04,0.09665369,0.09550595,0.9620072,145.45
541100,0.38,0.57,0.05,0.113372,0.1131616,1.013209,160.59
541200,0.45,0.47,0.08,0.1047372,0.1056618,1.553615,172.38
541300,0.42,0.53,0.05,0.1085555,0.08839109,0.9816077,162.31
541400,0.51,0.41,0.08,0.07880811,0.07695136,1.660415,168.54
541500,0.54,0.4,0.06,0.08767193,0.08088991,1.040809,152.24
541600,0.45,0.51,0.04,0.08174105,0.07986128,1.05681,149.24
541700,0.44,0.47,0.09,0.1004162,0.09275818,1.652816,181.12
541800,0.45,0.45,0.1,0.07965934,0.06312537,1.734216,207.12
541900,0.41,0.53,0.06,0.09043505,0.08297297,0.9836085,165.02
542000,0.36,0.62,0.02,0.08194757,0.06457903,0.4350022,134.29
542100,0.32,0.58,0.1,0.08035864,0.06708599,1.279612,200.14
542200,0.37,0.56,0.07,0.09042948,0.0803899,1.492015,182.33
542300,0.41,0.48,0.11,0.07729033,0.0985229,1.780618,219.36
542400,0.37,0.54,0.09,0.08347879,0.07266662,1.749417,196.75
542500,0.42,0.53,0.05,0.09254436,0.09296757,1.039209,152.57
542600,0.45,0.47,0.08,0.08830721,0.07984009,1.471613,181.06
542700,0.43,0.52,0.05,0.08425129,0.08049118,1.292011,160.37
542800,0.4,0.54,0.06,0.09908683,0.1042087,0.7720066,158.53
542900,0.46,0.47,0.07,0.07602603,0.06812318,1.019409,172.73
543000,0.35,0.58,0.07,0.08605469,0.08010861,0.6330048,170.02
543100,0.34,0.6,0.06,0.1017268,0.1047625,1.029409,169.76
543200,0.28,0.66,0.06,0.08602936,0.07740675,0.8922093,170.58
543300,0.4,0.52,0.08,0.08831368,0.08233763,1.658417,198.22
543400,0.35,0.56,0.09,0.09059204,0.07955563,1.587616,189.2
543500,0.42,0.52,0.06,0.08194529,0.07149481,0.8360061,170.72
543600,0.46,0.47,0.07,0.07647917,0.06296787,1.415811,172.56
543700,0.44,0.49,0.07,0.09021452,0.08712329,1.442015,150.28
543800,0.31,0.61,0.08,0.07795038,0.07769133,1.377214,178.46
543900,0.3,0.62,0.08,0.08581174,0.08976293,1.535816,160.15
544000,0.41,0.5,0.09,0.08239988,0.09605259,0.8490067,212.05
544100,0.36,0.59,0.05,0.07410319,0.06807007,0.9036087,186.58
544200,0.38,0.58,0.04,0.107564,0.09259097,0.4468013,150.92
544300,0.28,0.65,0.07,0.09295964,0.08561622,1.150012,169.68
544400,0.41,0.55,0.04,0.08695923,0.07266957,0.7828069,141.72
544500,0.45,0.48,0.07,0.08714744,0.07940821,1.238612,156.85
544600,0.37,0.56,0.07,0.08145951,0.07339754,1.609016,181
544700,0.41,0.55,0.04,0.07976233,0.0679095,1.161208,150.82
544800,0.4,0.54,0.06,0.081214,0.07760689,1.227212,165.05
544900,0.42,0.52,0.06,0.07067842,0.06650402,1.389814,171.17
545000,0.37,0.59,0.04,0.07820057,0.07598558,0.9976084,145.69
545100,0.39,0.57,0.04,0.07560637,0.06988832,0.7582049,139.12
545200,0.41,0.49,0.1,0.1004671,0.1018729,1.795619,205.93
545300,0.41,0.54,0.05,0.09610904,0.0778238,0.7560067,153.01
545400,0.35,0.56,0.09,0.08674547,0.08005796,1.567616,177.56
545500,0.38,0.57,0.05,0.07208705,0.06680869,1.066808,157.19
545600,0.41,0.55,0.04,0.0939322,0.08441134,0.9230083,148.23
545700,0.48,0.48,0.04,0.09802705,0.08866401,0.8614067,132.05
545800,0.38,0.52,0.1,0.08428404,0.08723307,1.697018,209.61
545900,0.54,0.38,0.08,0.09421096,0.08464218,1.119608,188.41
546000,0.36,0.55,0.09,0.104862,0.1019718,1.332213,199.98
546100,0.47,0.44,0.09,0.07817133,0.06235048,1.397013,184.6
546200,0.31,0.67,0.02,0.07460925,0.06820796,0.4840024,126.19
546300,0.44,0.49,0.07,0.0796582,0.07052741,1.736616,163.91
546400,0.32,0.63,0.05,0.07697532,0.06433801,1.187011,157.12
546500,0.41,0.52,0.07,0.09701762,0.08036358,1.342414,179.8
546600,0.53,0.42,0.05,0.09804931,0.09274686,1.23381,158.76
546700,0.45,0.46,0.09,0.08721642,0.08108055,1.627816,192.49
546800,0.43,0.48,0.09,0.1135631,0.1210674,2.100621,210.83
546900,0.34,0.6,0.06,0.08251545,0.07970725,1.257213,176.79
547000,0.49,0.45,0.06,0.07786386,0.06890538,1.394612,166.39
547100,0.46,0.49,0.05,0.08747023,0.08327722,0.9910088,138.74
547200,0.42,0.51,0.07,0.1166206,0.106213,1.139411,174.36
547300,0.41,0.54,0.05,0.08885759,0.0811144,0.8504071,154.25
547400,0.39,0.53,0.08,0.08124443,0.07850146,1.386612,188.93
547500,0.43,0.52,0.05,0.09646265,0.09148686,0.8136075,153.56
547600,0.32,0.61,0.07,0.1042661,0.09265984,1.03941,153.55
547700,0.37,0.54,0.09,0.08109737,0.06684119,1.579216,196.55
547800,0.4,0.52,0.08,0.1108151,0.09989571,1.339814,185.42
547900,0.41,0.54,0.05,0.1128223,0.1002298,0.8512074,154.25
548000,0.42,0.54,0.04,0.08200192,0.08355376,0.8798058,147.18
548100,0.41,0.49,0.1,0.08859341,0.08457811,1.749618,203.96
548200,0.44,0.5,0.06,0.07897551,0.07578912,0.9308071,168.24
548300,0.42,0.53,0.05,0.08927038,0.08438572,1.098009,140.06
548400,0.4,0.57,0.03,0.09934704,0.1062135,0.8416065,135.35
548500,0.36,0.56,0.08,0.08344588,0.08227498,1.423013,168.22
548600,0.38,0.54,0.08,0.08189208,0.08528658,1.358012,198.84
548700,0.38,0.5,0.12,0.08612544,0.08112992,1.94722,214.27
548800,0.41,0.51,0.08,0.08423387,0.07998238,1.485814,195.03
548900,0.36,0.57,0.07,0.0953631,0.07915145,1.191411,166.04
549000,0.4,0.52,0.08,0.08350004,0.08625476,1.652416,205.41
549100,0.47,0.44,0.09,0.09929901,0.08099385,1.611016,190.5
549200,0.34,0.59,0.07,0.09854749,0.08548035,0.8688066,164.71
549300,0.42,0.51,0.07,0.08607616,0.08348857,1.126409,174.17
549400,0.45,0.41,0.14,0.07779001,0.07791644,2.086022,238.87
549500,0.47,0.49,0.04,0.1185841,0.0977646,0.459002,142.61
549600,0.35,0.61,0.04,0.1117021,0.0858684,0.9266092,135.32
549700,0.43,0.5,0.07,0.08653617,0.07873414,1.215213,170.32
549800,0.3,0.61,0.09,0.09986296,0.09898728,1.569617,194.11
549900,0.43,0.46,0.11,0.0915622,0.08693337,1.509415,209.91
550000,0.44,0.51,0.05,0.09059381,0.08919798,1.102609,157.19
550100,0.47,0.48,0.05,0.07422022,0.07543232,1.213012,155.28
550200,0.4,0.53,0.07,0.1290007,0.1226077,1.435615,167.89
550300,0.4,0.52,0.08,0.08949396,0.07427025,1.346414,167.41
550400,0.44,0.52,0.04,0.08564126,0.07788777,1.04261,137.81
550500,0.42,0.47,0.11,0.109536,0.1008701,1.464215,203.42
550600,0.43,0.49,0.08,0.0992568,0.1030921,1.417013,186.43
550700,0.41,0.52,0.07,0.09567311,0.08125861,1.040009,157.33
550800,0.41,0.53,0.06,0.07728521,0.06892919,1.427212,166.84
550900,0.41,0.51,0.08,0.08078088,0.07791478,1.446413,184.57
551000,0.39,0.51,0.1,0.08529068,0.07448091,1.441615,199.93
551100,0.42,0.49,0.09,0.08634594,0.08762772,1.500413,179.15
551200,0.49,0.44,0.07,0.08255854,0.07810256,1.483214,182.2
551300,0.45,0.47,0.08,0.08059584,0.07626483,1.097609,189.59
551400,0.44,0.49,0.07,0.1091688,0.1291294,1.322413,173.63
551500,0.49,0.44,0.07,0.09148935,0.0763269,1.657816,160.74
551600,0.48,0.48,0.04,0.08802248,0.08385353,0.6928044,135.17
551700,0.45,0.49,0.06,0.08524898,0.08137103,1.269609,153.39
551800,0.49,0.43,0.08,0.08961072,0.08540746,1.789219,174.4
551900,0.33,0.6,0.07,0.08147962,0.06886475,1.359213,171.6
552000,0.41,0.53,0.06,0.1046833,0.1083773,1.163411,148.11
552100,0.37,0.54,0.09,0.07854638,0.06722187,1.445413,210.81
552200,0.41,0.49,0.1,0.0882642,0.08568325,1.747417,209.66
552300,0.41,0.53,0.06,0.1020192,0.1006727,1.366013,167.05
552400,0.44,0.49,0.07,0.1100123,0.1024971,1.252411,154.29
552500,0.47,0.46,0.07,0.0760345,0.06537735,1.435614,151.24
552600,0.45,0.47,0.08,0.07553919,0.06365651,1.627817,174.89
552700,0.4,0.56,0.04,0.07878676,0.072624,0.6472052,168.56
552800,0.37,0.55,0.08,0.08437035,0.07655329,1.366014,180.39
552900,0.37,0.54,0.09,0.09404353,0.07869156,1.368612,189.99
553000,0.36,0.59,0.05,0.08116154,0.06578295,0.946409,151.87
553100,0.39,0.53,0.08,0.08252638,0.06759242,1.645815,170.05
553200,0.46,0.47,0.07,0.08494694,0.07257974,0.9068084,156.57
553300,0.38,0.52,0.1,0.08452487,0.1021591,2.001819,189.89
553400,0.42,0.51,0.07,0.08990701,0.08573515,1.003209,170.64
553500,0.55,0.39,0.06,0.09515681,0.09813681,0.762604,155.54
553600,0.4,0.51,0.09,0.08359129,0.07882787,1.857021,178.87
553700,0.34,0.56,0.1,0.07949787,0.07295579,1.740416,234.57
553800,0.46,0.51,0.03,0.1063697,0.09012714,0.8704067,128.98
553900,0.42,0.49,0.09,0.08402354,0.07136232,1.767418,189.21
554000,0.36,0.56,0.08,0.08766876,0.09169218,1.314614,169.5
554100,0.34,0.63,0.03,0.08704901,0.07290708,0.6596047,125.15
554200,0.44,0.43,0.13,0.07155292,0.06329784,2.201225,229.32
554300,0.39,0.53,0.08,0.0938194,0.07597231,0.9730092,170.7
554400,0.47,0.46,0.07,0.07337726,0.06664209,1.296211,178.71
554500,0.37,0.54,0.09,0.08433729,0.0801301,1.845819,178.27
554600,0.44,0.48,0.08,0.1194725,0.1455524,1.296014,155.14
554700,0.3,0.6,0.1,0.1059138,0.1028483,1.661819,180.73
554800,0.49,0.45,0.06,0.08510789,0.08543184,1.18761,164.62
554900,0.44,0.53,0.03,0.08695113,0.07650901,0.6324044,123.17
555000,0.47,0.48,0.05,0.1098533,0.09966964,1.241412,141.68
555100,0.45,0.5,0.05,0.108257,0.1130752,0.8706071,137.54
555200,0.41,0.52,0.07,0.0882938,0.08140118,1.124409,154.9
555300,0.45,0.48,0.07,0.08569746,0.07669665,0.6090041,162.44
555400,0.37,0.54,0.09,0.08959307,0.08233517,1.667618,184.82
555500,0.45,0.5,0.05,0.07623196,0.06825894,0.4566019,146.01
555600,0.39,0.53,0.08,0.07570756,0.07218087,1.096212,166.5
555700,0.43,0.52,0.05,0.08504782,0.07809042,1.139208,158.52
555800,0.48,0.48,0.04,0.08851937,0.08436755,1.113008,129.92
555900,0.5,0.43,0.07,0.08722599,0.08999708,1.35921,167.77
556000,0.47,0.4,0.13,0.09406763,0.08520345,2.114222,224.94
556100,0.42,0.53,0.05,0.07884426,0.07575057,1.17201,151.51
556200,0.43,0.5,0.07,0.09873607,0.09432446,1.315013,168.63
556300,0.53,0.42,0.05,0.09269282,0.08646008,0.7820036,170.65
556400,0.44,0.54,0.02,0.09044191,0.08232338,0.4880023,144.02
556500,0.37,0.59,0.04,0.1035578,0.1091405,0.9778082,145.44
556600,0.4,0.52,0.08,0.09564291,0.09918561,1.089409,181.52
556700,0.31,0.58,0.11,0.09009391,0.08324036,1.86982,207.61
556800,0.45,0.5,0.05,0.1053412,0.09181482,1.100409,148.06
556900,0.37,0.57,0.06,0.09777433,0.1102219,0.9396089,136.62
557000,0.41,0.52,0.07,0.07850191,0.07070483,1.022609,157.55
557100,0.41,0.49,0.1,0.07704888,0.06484472,1.603216,194.96
557200,0.51,0.4,0.09,0.08046482,0.07529428,1.772419,186.29
557300,0.44,0.51,0.05,0.08691812,0.07348949,0.9968091,152.61
557400,0.43,0.51,0.06,0.07729226,0.07031447,1.342813,174.9
557500,0.41,0.52,0.07,0.09281394,0.08936678,1.607217,168.49
557600,0.45,0.47,0.08,0.0885049,0.09397882,1.331213,170.79
557700,0.45,0.5,0.05,0.07253455,0.06601851,1.277811,154.99
557800,0.46,0.47,0.07,0.09959671,0.09749742,1.562216,176.21
557900,0.43,0.49,0.08,0.08694798,0.07687306,1.403012,172.27
558000,0.51,0.44,0.05,0.08426414,0.07957873,0.9100083,146.21
558100,0.42,0.51,0.07,0.0809041,0.06841417,1.509215,169.28
558200,0.41,0.54,0.05,0.1051916,0.09936582,1.083412,130.38
558300,0.56,0.39,0.05,0.08620862,0.08814327,1.277812,132.06
558400,0.42,0.49,0.09,0.08274847,0.07070067,1.298013,183.56
558500,0.43,0.52,0.05,0.08524073,0.09031862,1.148811,131.68
558600,0.51,0.46,0.03,0.08444773,0.07424039,0.8874065,116.8
558700,0.46,0.5,0.04,0.08866049,0.07895803,0.8288061,121.73
558800,0.43,0.51,0.06,0.09582139,0.0940536,1.118811,152.19
558900,0.43,0.54,0.03,0.1069961,0.1026253,0.8298067,117.46
559000,0.45,0.53,0.02,0.1034423,0.09595538,0.5828021,117.29
559100,0.42,0.52,0.06,0.09697651,0.09227732,1.375615,142.03
559200,0.5,0.47,0.03,0.1006966,0.09633803,0.7526046,114.83
559300,0.54,0.42,0.04,0.1021149,0.09326815,0.7528037,148.09
559400,0.52,0.4,0.08,0.07885148,0.07526553,0.911607,168.75
559500,0.38,0.56,0.06,0.08717662,0.06751829,0.9222086,163.23
559600,0.43,0.52,0.05,0.1034112,0.09285215,1.182411,146.77
559700,0.45,0.49,0.06,0.08633412,0.07437764,1.297011,165.81
559800,0.42,0.52,0.06,0.08446249,0.08543342,1.367212,161.83
559900,0.52,0.46,0.02,0.09238253,0.07525498,0.5416015,131.56
560000,0.4,0.52,0.08,0.09015745,0.08539026,1.362814,169.17
560100,0.42,0.53,0.05,0.08968922,0.07877581,0.8588064,142.63
560200,0.47,0.49,0.04,0.08258785,0.07311371,0.6444038,135.49
560300,0.51,0.39,0.1,0.06909555,0.08207174,1.931619,183.73
560400,0.45,0.48,0.07,0.08354381,0.08081111,1.655416,160.55
560500,0.43,0.54,0.03,0.1007424,0.09223697,0.4498021,122.32
560600,0.48,0.48,0.04,0.07884362,0.07116074,0.897607,137.21
560700,0.55,0.39,0.06,0.08275998,0.0835095,1.563614,153.29
560800,0.36,0.57,0.07,0.07357908,0.0674054,1.159811,186.84
560900,0.48,0.44,0.08,0.08969042,0.08267635,1.585416,173.06
561000,0.44,0.48,0.08,0.0799354,0.06708675,1.535216,166.68
561100,0.36,0.55,0.09,0.08919432,0.07804424,1.426814,181.88
561200,0.4,0.5,0.1,0.09312779,0.09362187,1.654217,208.25
561300,0.41,0.54,0.05,0.0855348,0.08648039,1.015609,136.07
561400,0.43,0.46,0.11,0.08266605,0.0915695,2.06942,203.94
561500,0.42,0.44,0.14,0.09013306,0.09840517,2.414225,216.82
561600,0.47,0.46,0.07,0.09331933,0.07152178,1.498013,164.75
561700,0.39,0.54,0.07,0.100365,0.1036009,1.202611,167.06
561800,0.44,0.5,0.06,0.07776877,0.07219158,1.414811,156.31
561900,0.47,0.43,0.1,0.1069281,0.1112721,1.599414,192.77
562000,0.38,0.54,0.08,0.09283809,0.08709506,1.175412,161.63
562100,0.34,0.56,0.1,0.09392574,0.1132589,1.708019,183.11
562200,0.4,0.51,0.09,0.08660384,0.09473003,1.683817,193.5
562300,0.45,0.49,0.06,0.1003437,0.1020664,1.398214,154.07
562400,0.51,0.42,0.07,0.07619393,0.06968797,1.298812,150.23
562500,0.37,0.59,0.04,0.0861296,0.07973908,0.9860088,149.85
562600,0.49,0.47,0.04,0.09184957,0.08775821,0.7326038,141.54
562700,0.43,0.49,0.08,0.08172535,0.07561612,1.445811,185.19
562800,0.38,0.52,0.1,0.09017368,0.06698134,1.394212,218.98
562900,0.38,0.52,0.1,0.09539363,0.09310964,1.680218,183.16
563000,0.45,0.52,0.03,0.09419754,0.08166046,0.8980072,128.55
563100,0.43,0.51,0.06,0.07505576,0.07656141,1.202411,164.76
563200,0.43,0.55,0.02,0.07759262,0.07175295,0.5288024,120.2
563300,0.47,0.42,0.11,0.07825654,0.07106981,1.468213,224.43
563400,0.38,0.54,0.08,0.09620763,0.09469663,1.253813,166.75
563500,0.42,0.5,0.08,0.07694916,0.06603026,1.400414,182.47
563600,0.45,0.51,0.04,0.0817057,0.0795601,0.9578077,131.89
563700,0.46,0.44,0.1,0.07002773,0.06841633,1.908019,187.73
563800,0.39,0.55,0.06,0.07942408,0.07129838,1.20481,158.65
563900,0.47,0.47,0.06,0.07049107,0.05858492,1.223211,165.07
564000,0.51,0.44,0.05,0.1000622,0.1003253,0.9916084,140.41
564100,0.38,0.55,0.07,0.09280081,0.06972864,0.9630086,157.26
564200,0.51,0.46,0.03,0.1023793,0.1098223,0.912406,137.52
564300,0.32,0.63,0.05,0.07418898,0.0655103,1.021809,168.37
564400,0.36,0.53,0.11,0.08803302,0.07754662,1.578417,205.8
564500,0.41,0.53,0.06,0.09909591,0.09644557,0.6376033,156.21
564600,0.36,0.57,0.07,0.08249981,0.06164946,1.339413,168.36
564700,0.42,0.53,0.05,0.07476745,0.06890139,1.149611,164.15
564800,0.38,0.53,0.09,0.08200149,0.06986113,1.530416,189.77
564900,0.32,0.61,0.07,0.08679738,0.08952162,1.157811,174.31
565000,0.4,0.55,0.05,0.09883935,0.0918407,0.9428089,148.85
565100,0.37,0.6,0.03,0.1039569,0.09140394,0.7042046,140.28
565200,0.45,0.52,0.03,0.09262042,0.07446625,0.9146071,131.28
565300,0.5,0.41,0.09,0.07587323,0.06520019,1.472412,184.43
565400,0.37,0.55,0.08,0.07713227,0.06618951,1.20461,184.08
565500,0.39,0.47,0.14,0.07765125,0.08030839,2.854429,236.75
565600,0.53,0.44,0.03,0.08054493,0.07913511,0.4906021,135.52
565700,0.41,0.55,0.04,0.07382942,0.06800526,0.6490049,150.81
565800,0.44,0.52,0.04,0.07022037,0.06590243,0.9980078,154.59
565900,0.5,0.45,0.05,0.08007976,0.07475535,0.8092067,153.61
566000,0.5,0.43,0.07,0.08302327,0.07004292,1.581015,165.55
566100,0.35,0.6,0.05,0.08948034,0.08298837,0.9070091,149.27
566200,0.46,0.47,0.07,0.09749749,0.08527097,1.204011,171.22
566300,0.39,0.52,0.09,0.07874627,0.07663488,1.508215,178.43
566400,0.38,0.56,0.06,0.07863653,0.07357024,1.510014,168.84
566500,0.41,0.52,0.07,0.0959282,0.08055562,1.401013,173.95
566600,0.4,0.55,0.05,0.09828515,0.1141847,1.035809,144.43
566700,0.42,0.49,0.09,0.1091722,0.1038131,1.444615,182.26
566800,0.47,0.46,0.07,0.08643183,0.08081733,1.504413,155.86
566900,0.46,0.51,0.03,0.08811129,0.08385791,0.8916062,125.96
567000,0.34,0.58,0.08,0.08163725,0.0752686,1.722619,165.51
567100,0.44,0.51,0.05,0.09004121,0.07148522,0.9410085,156.81
567200,0.4,0.52,0.08,0.0774252,0.06362462,1.320014,183.63
567300,0.35,0.59,0.06,0.08157985,0.07421113,0.6642044,160.63
567400,0.35,0.59,0.06,0.08903939,0.08647731,1.003211,159.05
567500,0.43,0.56,0.01,0.07838541,0.06873213,0.4642025,116.29
567600,0.51,0.41,0.08,0.08928408,0.09621286,1.016809,175.85
567700,0.5,0.44,0.06,0.08874103,0.07552157,1.120212,146.25
567800,0.46,0.49,0.05,0.1080349,0.1030832,1.001809,136.84
567900,0.49,0.43,0.08,0.07155123,0.07041525,1.296013,172.98
568000,0.44,0.47,0.09,0.1063251,0.09329286,1.802218,176.48
568100,0.41,0.52,0.07,0.09087099,0.08636243,1.470413,159.83
568200,0.38,0.55,0.07,0.08772343,0.08097668,1.117209,162.86
568300,0.36,0.55,0.09,0.09695018,0.1120062,1.840819,193.6
568400,0.36,0.57,0.07,0.09406666,0.09776384,1.455816,161.78
568500,0.41,0.55,0.04,0.07820757,0.07526572,0.5836038,154.63
568600,0.48,0.48,0.04,0.08673715,0.08445174,0.6998042,148.27
568700,0.44,0.51,0.05,0.09371224,0.0833477,0.9764089,149.06
568800,0.42,0.53,0.05,0.07458911,0.07255746,0.5794041,158.66
568900,0.5,0.47,0.03,0.08889252,0.09408409,0.7988044,134.55
569000,0.36,0.58,0.06,0.0740754,0.07119773,1.097612,156.16
569100,0.39,0.55,0.06,0.1047974,0.09889583,1.067409,163.13
569200,0.47,0.52,0.01,0.08235075,0.07251374,0.3719997,110.15
569300,0.42,0.52,0.06,0.08974069,0.08464859,1.052209,173.41
569400,0.55,0.43,0.02,0.08264258,0.08087318,0.6806051,134.45
569500,0.39,0.53,0.08,0.08808525,0.07426856,1.126611,167.5
569600,0.36,0.52,0.12,0.0708408,0.06377616,2.095624,225.3
569700,0.47,0.51,0.02,0.09364252,0.09537468,0.7048045,130.53
569800,0.35,0.56,0.09,0.08561787,0.08200233,0.7500067,171.75
569900,0.39,0.53,0.08,0.07621168,0.07000224,1.834418,173.17
570000,0.38,0.56,0.06,0.09538578,0.0978808,1.182012,169.79
570100,0.51,0.46,0.03,0.07634116,0.08125524,0.8510064,141.16
570200,0.3,0.65,0.05,0.08606542,0.06553659,1.072011,153.99
570300,0.49,0.47,0.04,0.08845522,0.08493228,1.07881,152.51
570400,0.53,0.44,0.03,0.07943684,0.07521572,1.012807,132.99
570500,0.44,0.48,0.08,0.0801689,0.07504947,1.550417,174.28
570600,0.43,0.54,0.03,0.09743523,0.09871632,0.4016023,137.21
570700,0.35,0.6,0.05,0.09106166,0.08697295,0.7208069,134.97
570800,0.38,0.55,0.07,0.08798058,0.07905312,0.9600084,173.62
570900,0.35,0.61,0.04,0.0866502,0.08819644,0.7630066,147.48
571000,0.37,0.57,0.06,0.09311873,0.08613382,1.020209,173.67
571100,0.46,0.51,0.03,0.08618933,0.07635679,0.7300043,134.73
571200,0.45,0.51,0.04,0.09450549,0.08995249,0.9072068,144.86
571300,0.46,0.49,0.05,0.07726039,0.07727886,1.198009,149.49
571400,0.53,0.42,0.05,0.09579065,0.08855397,0.8930073,168.96
571500,0.38,0.51,0.11,0.08136922,0.08045346,1.308813,215.7
571600,0.48,0.45,0.07,0.08273539,0.08088395,1.553416,179.22
571700,0.4,0.55,0.05,0.08704116,0.09823988,0.9100064,165.25
571800,0.45,0.47,0.08,0.112482,0.1479208,1.327012,166.12
571900,0.48,0.46,0.06,0.07747968,0.07002614,1.211612,170.9
572000,0.39,0.56,0.05,0.08759271,0.08133166,1.164411,134.92
572100,0.43,0.49,0.08,0.08709554,0.08912474,1.05861,174.72
572200,0.45,0.49,0.06,0.07695589,0.06385222,0.7030059,147.54
572300,0.41,0.51,0.08,0.09982511,0.1130207,1.313211,188.79
572400,0.5,0.44,0.06,0.07968906,0.06817279,1.451611,159.52
572500,0.38,0.57,0.05,0.0842979,0.06890208,0.9954082,153.95
572600,0.53,0.46,0.01,0.08434276,0.07205561,0.4772024,109.76
572700,0.35,0.59,0.06,0.08545525,0.09659573,1.403013,150.85
572800,0.46,0.45,0.09,0.0716498,0.0651415,1.590016,181.99
572900,0.42,0.53,0.05,0.09569424,0.08288486,1.205011,155.34
573000,0.37,0.54,0.09,0.08635735,0.07887112,1.554417,202.58
573100,0.48,0.45,0.07,0.08647323,0.07673361,1.143212,154.42
573200,0.4,0.5,0.1,0.08581329,0.07988501,1.477217,198.47
573300,0.36,0.57,0.07,0.07488213,0.06236751,1.108011,165.55
573400,0.4,0.53,0.07,0.09305757,0.100829,0.7710068,180.1
573500,0.41,0.52,0.07,0.08558972,0.09627733,1.12721,178.78
573600,0.45,0.5,0.05,0.07188278,0.06742498,1.000608,149.78
573700,0.44,0.5,0.06,0.1083361,0.1084727,1.275811,148.96
573800,0.42,0.49,0.09,0.1008248,0.1101115,1.377013,195.62
573900,0.43,0.5,0.07,0.101764,0.1060274,1.235611,171.93
574000,0.45,0.52,0.03,0.07960618,0.07321964,0.6654051,135.23
574100,0.46,0.49,0.05,0.08622995,0.08730476,1.15861,166.82
574200,0.34,0.57,0.09,0.08129124,0.07473034,1.751417,184.69
574300,0.36,0.62,0.02,0.07763086,0.07166729,0.523602,124.54
574400,0.38,0.57,0.05,0.0981944,0.1067713,0.7872059,151.42
574500,0.48,0.44,0.08,0.07161639,0.06069604,1.420414,181.3
574600,0.41,0.54,0.05,0.08797262,0.08870483,0.7412068,156.49
574700,0.4,0.54,0.06,0.07614617,0.06185977,0.9334087,167.12
574800,0.4,0.51,0.09,0.08710524,0.08240856,1.211812,184.9
574900,0.43,0.5,0.07,0.08308369,0.07741752,1.480614,162.09
575000,0.41,0.52,0.07,0.08604018,0.09053463,1.065608,154.86
575100,0.42,0.54,0.04,0.08180594,0.07407346,1.08021,141.42
575200,0.49,0.46,0.05,0.08095523,0.07220383,1.18001,157.41
575300,0.41,0.52,0.07,0.1066514,0.09947378,1.074009,173.37
575400,0.39,0.56,0.05,0.0961756,0.1015641,1.07021,153.61
575500,0.32,0.62,0.06,0.08394401,0.08226009,0.9294096,159.39
575600,0.37,0.57,0.06,0.09497779,0.09157944,1.292013,156.62
575700,0.43,0.5,0.07,0.0750777,0.06733684,1.14661,167.58
575800,0.43,0.53,0.04,0.09401634,0.08083773,0.6960063,128.81
575900,0.42,0.49,0.09,0.09128767,0.09587803,1.492416,184.81
576000,0.41,0.51,0.08,0.08422422,0.08358962,1.748418,179.64
576100,0.46,0.5,0.04,0.07846607,0.07010075,0.8994065,155.21
576200,0.37,0.57,0.06,0.09515163,0.08309048,1.296011,152.33
576300,0.38,0.54,0.08,0.07420823,0.06943649,1.348413,198.08
576400,0.47,0.49,0.04,0.0873937,0.07454793,1.030809,131
576500,0.36,0.56,0.08,0.113254,0.1124487,1.089811,149.51
576600,0.39,0.57,0.04,0.08467538,0.08117913,0.7180042,143.2
576700,0.37,0.59,0.04,0.1006754,0.09567232,1.060409,133.19
576800,0.51,0.44,0.05,0.08362163,0.07472844,0.7784036,146.1
576900,0.59,0.36,0.05,0.08695382,0.07712583,1.011009,152.12
577000,0.48,0.46,0.06,0.08485296,0.09003322,1.13301,180.41
577100,0.38,0.59,0.03,0.09453689,0.09633555,0.8740063,131.88
577200,0.42,0.52,0.06,0.08507317,0.08956493,1.143612,152.9
577300,0.43,0.51,0.06,0.09732472,0.08838012,1.339813,156.23
577400,0.56,0.42,0.02,0.07263809,0.07097869,0.7428021,147.4
577500,0.45,0.48,0.07,0.08130806,0.0800584,1.141809,171.88
577600,0.44,0.5,0.06,0.07707411,0.073766,1.089809,170.31
577700,0.42,0.48,0.1,0.1153212,0.1087725,1.500017,183.22
577800,0.38,0.54,0.08,0.1114803,0.1106292,1.404416,170.13
577900,0.4,0.53,0.07,0.1073539,0.102292,1.582814,181.11
578000,0.39,0.59,0.02,0.1189373,0.1223714,0.5636023,113.13
578100,0.42,0.55,0.03,0.08204051,0.07400227,0.7410039,138.5
578200,0.33,0.59,0.08,0.07138748,0.06422763,1.498616,178.65
578300,0.51,0.44,0.05,0.08244233,0.07138686,1.311212,142.51
578400,0.49,0.48,0.03,0.08460717,0.07519968,1.047407,145.8
578500,0.51,0.41,0.08,0.0759094,0.06745493,1.700016,187.68
578600,0.46,0.49,0.05,0.09266923,0.1025205,1.189009,165.12
578700,0.35,0.54,0.11,0.09050386,0.07839621,1.826819,203.75
578800,0.43,0.51,0.06,0.1118646,0.1100945,1.048409,154.28
578900,0.45,0.49,0.06,0.08978339,0.08164144,1.235611,148.68
579000,0.38,0.53,0.09,0.07242363,0.06423641,1.717418,194.29
579100,0.37,0.56,0.07,0.08079442,0.0761569,1.113011,166.53
579200,0.54,0.4,0.06,0.07715119,0.07085028,1.145009,166.6
579300,0.39,0.56,0.05,0.07841057,0.07413956,0.6776044,154.78
579400,0.4,0.54,0.06,0.07306543,0.06533936,1.321812,178.88
579500,0.35,0.61,0.04,0.08587566,0.08349207,0.911809,149.23
579600,0.39,0.56,0.05,0.09611986,0.09642687,1.030009,170.77
579700,0.43,0.51,0.06,0.08446606,0.08211227,1.343814,158.04
579800,0.46,0.5,0.04,0.08335513,0.07150707,0.9090064,139.38
579900,0.41,0.52,0.07,0.1037233,0.0930158,1.208411,157.99
580000,0.38,0.56,0.06,0.09828348,0.09032884,1.155812,148.91
580100,0.41,0.53,0.06,0.08415116,0.06872904,1.270213,171.36
580200,0.48,0.5,0.02,0.09154461,0.08671662,0.639802,146.89
580300,0.41,0.56,0.03,0.09142095,0.09007981,0.9902068,138.74
580400,0.43,0.5,0.07,0.0834325,0.06585645,1.526815,162.08
580500,0.45,0.5,0.05,0.1013888,0.09861244,0.9416073,164.04
580600,0.47,0.45,0.08,0.1141976,0.1061719,1.788418,175.13
580700,0.42,0.54,0.04,0.09140757,0.08893067,0.8286068,158.52
580800,0.35,0.55,0.1,0.09307014,0.1009495,1.821618,192.01
580900,0.41,0.54,0.05,0.09472135,0.08354412,0.534604,133.4
581000,0.38,0.57,0.05,0.07926149,0.07408429,1.347611,170.28
581100,0.47,0.49,0.04,0.1002726,0.1002903,0.9072064,119.97
581200,0.43,0.54,0.03,0.0722121,0.06641733,0.5574042,141.85
581300,0.5,0.47,0.03,0.07062146,0.0636951,1.045806,137.66
581400,0.4,0.52,0.08,0.08277382,0.07765926,1.379612,186.1
581500,0.45,0.47,0.08,0.08297835,0.07541922,1.581415,196.81
581600,0.42,0.49,0.09,0.1081499,0.09152317,1.901821,179.31
581700,0.47,0.47,0.06,0.08418386,0.06838459,1.209411,156.92
581800,0.4,0.52,0.08,0.08282276,0.07580814,1.579214,180.24
581900,0.5,0.47,0.03,0.08663848,0.07944181,0.8152065,130.48
582000,0.38,0.51,0.11,0.08987973,0.07926758,1.536416,199.52
582100,0.46,0.49,0.05,0.0969772,0.09723476,1.242412,141.83
582200,0.35,0.54,0.11,0.088484,0.08983199,1.703417,200.13
582300,0.36,0.56,0.08,0.1069675,0.126759,1.460614,177.5
582400,0.35,0.56,0.09,0.07546362,0.06519033,1.473416,198.81
582500,0.39,0.49,0.12,0.07815851,0.06657398,1.916222,203.59
582600,0.44,0.48,0.08,0.09369434,0.08244067,1.268611,183.37
582700,0.43,0.48,0.09,0.1063923,0.09219582,1.612014,195.59
582800,0.33,0.59,0.08,0.09448838,0.1105004,1.303214,183.75
582900,0.47,0.46,0.07,0.08418492,0.09072559,1.417614,162.94
583000,0.44,0.52,0.04,0.08260522,0.06751432,0.6850036,138.26
583100,0.44,0.54,0.02,0.1097527,0.1102018,0.7882047,137.45
583200,0.42,0.5,0.08,0.1070697,0.09363157,1.439615,173.49
583300,0.46,0.47,0.07,0.07901771,0.0752866,1.193811,167.69
583400,0.42,0.55,0.03,0.0952876,0.109765,0.6704022,143.52
583500,0.38,0.58,0.04,0.08888586,0.08103036,0.7712067,132.97
583600,0.39,0.52,0.09,0.09362936,0.08829096,1.529415,199.47
583700,0.37,0.57,0.06,0.07101092,0.06590264,1.067809,170.76
583800,0.41,0.57,0.02,0.08854055,0.08663886,0.5312024,120.52
583900,0.47,0.43,0.1,0.1014677,0.1009386,1.891019,179.29
584000,0.39,0.55,0.06,0.06985267,0.06361267,1.290411,170.26
584100,0.49,0.45,0.06,0.08500774,0.09548713,1.19841,171.03
584200,0.45,0.52,0.03,0.1027913,0.1043612,0.7444041,132.04
584300,0.33,0.62,0.05,0.09276611,0.08713579,0.6142046,135.25
584400,0.31,0.63,0.06,0.08521086,0.09577467,0.5932031,165.62
584500,0.42,0.52,0.06,0.0831731,0.06757644,1.031409,161.74
584600,0.38,0.56,0.06,0.09088326,0.09826136,1.200411,155.38
584700,0.44,0.51,0.05,0.126192,0.1392163,0.9344093,150.12
584800,0.41,0.52,0.07,0.08750879,0.07577308,1.23081,180.91
584900,0.41,0.55,0.04,0.09112576,0.08226921,0.9032061,141.32
585000,0.41,0.53,0.06,0.07362387,0.06829484,0.9602094,162.79
585100,0.41,0.52,0.07,0.08413852,0.07349942,1.417414,162.13
585200,0.4,0.52,0.08,0.1080717,0.1107879,1.796018,180.43
585300,0.39,0.56,0.05,0.07315152,0.0643632,1.165011,149.7
585400,0.5,0.42,0.08,0.08208274,0.08930843,1.407013,174.42
585500,0.45,0.5,0.05,0.08947913,0.08366258,1.171211,145.69
585600,0.42,0.51,0.07,0.09303808,0.09955379,1.594815,168.34
585700,0.42,0.51,0.07,0.08421363,0.07959835,1.393213,170.12
585800,0.42,0.55,0.03,0.1027472,0.0893913,0.9728062,147.66
585900,0.47,0.46,0.07,0.08710541,0.07191859,1.22401,164.1
586000,0.35,0.51,0.14,0.08736631,0.07924341,2.456427,228.99
586100,0.39,0.56,0.05,0.08449646,0.07552839,0.994809,165.22
586200,0.43,0.48,0.09,0.07539846,0.06322467,1.724416,194.24
586300,0.51,0.4,0.09,0.08647019,0.0773289,1.670817,172.36
586400,0.42,0.49,0.09,0.09796023,0.09665989,1.452614,175.97
586500,0.46,0.45,0.09,0.07336813,0.07131532,1.612815,193.45
586600,0.33,0.57,0.1,0.1107442,0.1169158,1.543817,177.11
586700,0.42,0.54,0.04,0.0980515,0.08390137,0.5244036,139.13
586800,0.39,0.52,0.09,0.0844394,0.08303733,1.292813,186.52
586900,0.4,0.52,0.08,0.0716773,0.07114296,1.440612,168.62
587000,0.41,0.53,0.06,0.09088966,0.08361346,1.212811,163.77
587100,0.35,0.57,0.08,0.08481748,0.09274544,1.568217,167.61
587200,0.41,0.51,0.08,0.08232065,0.07475729,1.25241,184.79
587300,0.55,0.4,0.05,0.1217387,0.1713627,1.103408,150.52
587400,0.46,0.48,0.06,0.07235343,0.06681319,0.8660071,172.66
587500,0.3,0.65,0.05,0.1051497,0.1009591,1.197812,158.06
587600,0.45,0.49,0.06,0.0877695,0.08183283,1.034206,179.08
587700,0.45,0.45,0.1,0.08932611,0.09865907,1.559614,195.49
587800,0.39,0.57,0.04,0.06905112,0.06474999,0.9894083,145.95
587900,0.51,0.43,0.06,0.07598146,0.06953804,0.6562045,158.46
588000,0.49,0.45,0.06,0.08263412,0.07853405,1.398214,165.59
588100,0.48,0.45,0.07,0.08804603,0.08311155,1.225209,172.6
588200,0.48,0.49,0.03,0.109675,0.1084577,0.6562035,136
588300,0.46,0.51,0.03,0.07251995,0.07115643,0.7836045,126.34
588400,0.51,0.41,0.08,0.08022187,0.07456152,1.050008,188.92
588500,0.4,0.52,0.08,0.08676478,0.08070254,1.632216,201.89
588600,0.45,0.49,0.06,0.07642461,0.06772193,1.517614,165.81
588700,0.46,0.49,0.05,0.08311741,0.07785713,0.8580068,150.37
588800,0.42,0.52,0.06,0.09574579,0.1010927,0.9412097,134.75
588900,0.49,0.48,0.03,0.07473981,0.06857375,0.7036037,117.94
589000,0.46,0.44,0.1,0.09438037,0.1060486,1.581216,206.82
589100,0.42,0.52,0.06,0.1095277,0.1007299,1.422413,158.89
589200,0.38,0.59,0.03,0.08142697,0.07314068,0.6326045,134.03
589300,0.4,0.53,0.07,0.08268328,0.08074789,1.673216,167.51
589400,0.44,0.47,0.09,0.07883582,0.0719393,1.663817,175.59
589500,0.45,0.52,0.03,0.08104778,0.07659893,0.6288042,136.37
589600,0.47,0.5,0.03,0.07452976,0.07199879,0.7758052,143.64
589700,0.41,0.54,0.05,0.06745932,0.06623925,0.6006043,147.58
589800,0.4,0.56,0.04,0.1041155,0.1154483,0.5864039,137.97
589900,0.48,0.5,0.02,0.09927637,0.1111139,0.5828021,131.77
590000,0.42,0.54,0.04,0.09527673,0.1025691,1.021209,141.05
590100,0.41,0.48,0.11,0.07841642,0.0711616,1.487014,208.99
590200,0.39,0.54,0.07,0.08271838,0.07782792,1.309411,159.17
590300,0.42,0.53,0.05,0.08244892,0.08425155,0.8008066,174.29
590400,0.37,0.6,0.03,0.08288019,0.07417753,0.6720047,147.37
590500,0.42,0.57,0.01,0.1188321,0.1228088,0.598003,105.15
590600,0.35,0.57,0.08,0.08248254,0.07534499,1.299012,169.22
590700,0.37,0.54,0.09,0.06677891,0.0666571,1.994221,194.76
590800,0.36,0.56,0.08,0.07672188,0.07526706,1.374213,174.84
590900,0.41,0.52,0.07,0.08463734,0.07617906,1.598616,190.56
591000,0.36,0.52,0.12,0.08837597,0.08339702,2.179425,215.74
591100,0.46,0.49,0.05,0.1344061,0.1216576,1.218011,135.39
591200,0.47,0.5,0.03,0.1140814,0.1245681,0.7236047,136.67
591300,0.4,0.54,0.06,0.07655796,0.07906472,1.21161,162.06
591400,0.42,0.54,0.04,0.07853606,0.0707994,1.016207,149.27
591500,0.5,0.42,0.08,0.08431625,0.07442092,1.809019,170.45
591600,0.42,0.48,0.1,0.08134468,0.07656914,1.323614,198.26
591700,0.47,0.47,0.06,0.07201394,0.07810584,1.240811,154.75
591800,0.38,0.55,0.07,0.08184439,0.07726195,1.04741,180.34
591900,0.4,0.46,0.14,0.08387335,0.09938563,2.157624,218.91
592000,0.37,0.56,0.07,0.103243,0.1003442,1.074209,157.82
592100,0.39,0.53,0.08,0.08809306,0.07575977,1.027809,169.35
592200,0.42,0.55,0.03,0.09157089,0.0746481,0.6346046,115.97
592300,0.49,0.48,0.03,0.08093355,0.07617036,0.7786056,139.56
592400,0.48,0.47,0.05,0.08588461,0.08510144,0.6368051,145.95
592500,0.38,0.57,0.05,0.0940452,0.1001139,0.9564079,153.91
592600,0.49,0.43,0.08,0.07951756,0.06826995,1.203012,198.65
592700,0.41,0.54,0.05,0.07489236,0.07555903,1.07381,157.06
592800,0.33,0.65,0.02,0.09315744,0.09977129,0.5758038,118.4
592900,0.45,0.5,0.05,0.07999872,0.06679229,0.933609,143.17
593000,0.4,0.51,0.09,0.08700981,0.09015796,1.524215,191.42
593100,0.43,0.52,0.05,0.08592378,0.09192136,1.147411,151.34
593200,0.38,0.55,0.07,0.09522145,0.07937007,1.01181,167.67
593300,0.48,0.46,0.06,0.09021642,0.07438526,1.130409,175.73
593400,0.41,0.53,0.06,0.07972917,0.07538495,0.6878043,162.13
593500,0.48,0.46,0.06,0.08912982,0.08149757,0.9760083,151.99
593600,0.37,0.58,0.05,0.0805393,0.07501586,1.12241,133.97
593700,0.33,0.61,0.06,0.09948418,0.09657346,0.864809,164.18
593800,0.44,0.49,0.07,0.08103085,0.07863155,1.463013,171.97
593900,0.38,0.56,0.06,0.08241697,0.1012988,1.299612,155.92
594000,0.4,0.55,0.05,0.07843918,0.08606706,1.120408,144.6
594100,0.38,0.58,0.04,0.0967056,0.08205566,0.9240094,132.91
594200,0.41,0.53,0.06,0.07750267,0.0700526,1.219411,170.11
594300,0.48,0.45,0.07,0.09260917,0.1021207,1.361813,172
594400,0.35,0.58,0.07,0.07929765,0.07283966,1.348014,172.17
594500,0.4,0.53,0.07,0.08931466,0.08904321,1.345612,170.79
594600,0.38,0.56,0.06,0.1044004,0.1133981,1.046811,151.71
594700,0.45,0.45,0.1,0.1147227,0.1143749,1.82602,191.15
594800,0.39,0.52,0.09,0.08614241,0.09442032,1.598414,184.56
594900,0.42,0.52,0.06,0.07073316,0.05873368,1.364614,150.76
595000,0.46,0.44,0.1,0.0830209,0.08270059,1.474813,192.29
595100,0.41,0.5,0.09,0.096729,0.1016544,1.13501,190.84
595200,0.36,0.55,0.09,0.1051052,0.1010005,1.144611,178.46
595300,0.41,0.52,0.07,0.0794945,0.07954296,1.340214,169.92
595400,0.48,0.44,0.08,0.07788014,0.07010114,1.048409,188.78
595500,0.45,0.46,0.09,0.09440711,0.08541989,1.320812,178.4
595600,0.44,0.5,0.06,0.08308136,0.07660034,1.011209,165.68
595700,0.4,0.5,0.1,0.09454877,0.09927741,1.744419,194.91
595800,0.49,0.41,0.1,0.08738156,0.07871816,2.02722,213.43
595900,0.41,0.52,0.07,0.07604447,0.08516918,1.298413,165.66
596000,0.35,0.54,0.11,0.08577019,0.07890217,2.105424,195.17
596100,0.5,0.45,0.05,0.08848091,0.08128309,1.133408,166.71
596200,0.36,0.56,0.08,0.07622282,0.07084018,1.505016,176.36
596300,0.46,0.49,0.05,0.09480045,0.0843524,1.170012,140.91
596400,0.33,0.64,0.03,0.0909037,0.09282629,0.7646068,150.12
596500,0.36,0.57,0.07,0.1169978,0.1311112,1.284413,143.57
596600,0.44,0.5,0.06,0.08314287,0.07836921,1.110209,180.13
596700,0.5,0.44,0.06,0.08294316,0.07461781,1.22381,169.47
596800,0.44,0.49,0.07,0.09230604,0.09234037,1.378413,164.29
596900,0.47,0.46,0.07,0.08760472,0.09172218,1.020207,171.23
597000,0.54,0.43,0.03,0.08206555,0.07789923,0.7940047,122.37
597100,0.42,0.51,0.07,0.09197466,0.08352859,1.558215,162.88
597200,0.31,0.64,0.05,0.08052967,0.07425247,0.695007,145.47
597300,0.42,0.51,0.07,0.0845621,0.07381181,1.490013,165.49
597400,0.37,0.57,0.06,0.07072183,0.07076765,1.25701,175.42
597500,0.31,0.6,0.09,0.07240504,0.07020359,1.543217,179.52
597600,0.39,0.55,0.06,0.07626721,0.06838394,1.20641,177.76
597700,0.41,0.53,0.06,0.1043025,0.08719108,0.8762066,172.97
597800,0.49,0.49,0.02,0.08032234,0.0850252,0.6086019,130.95
597900,0.46,0.49,0.05,0.08304577,0.07578298,1.08681,156.47
598000,0.43,0.49,0.08,0.07734337,0.08334129,1.690817,180.32
598100,0.41,0.49,0.1,0.07790875,0.08582941,2.116021,202.97
598200,0.47,0.48,0.05,0.07638457,0.09441792,1.166611,144.3
598300,0.36,0.62,0.02,0.08720097,0.07652426,0.4828012,137.13
598400,0.43,0.52,0.05,0.0859473,0.07619956,1.185811,138.03
598500,0.44,0.51,0.05,0.07301757,0.06889431,1.115609,167.15
598600,0.4,0.57,0.03,0.07702178,0.08520071,0.8504064,129.52
598700,0.47,0.43,0.1,0.09018789,0.08280472,1.604815,213.82
598800,0.44,0.49,0.07,0.08608682,0.08898554,1.212811,192.02
598900,0.44,0.49,0.07,0.1018247,0.1043664,1.124408,163.09
599000,0.38,0.54,0.08,0.09458078,0.08810231,1.420816,174.58
599100,0.41,0.5,0.09,0.0977432,0.09371399,1.670417,188.76
599200,0.43,0.48,0.09,0.08074756,0.08006416,1.728418,187.39
599300,0.4,0.54,0.06,0.1082238,0.111826,1.267213,163.99
599400,0.35,0.58,0.07,0.07026026,0.070391,1.164411,172.98
599500,0.35,0.6,0.05,0.07294249,0.07329182,0.8684061,160.51
599600,0.42,0.54,0.04,0.07376256,0.07450771,0.8240075,153.24
599700,0.51,0.46,0.03,0.08387214,0.08734193,0.9008067,130.68
599800,0.43,0.52,0.05,0.1003012,0.0931171,0.8876087,138.52
599900,0.4,0.56,0.04,0.08034393,0.07418964,1.090809,148.95
600000,0.45,0.5,0.05,0.09407692,0.1061211,0.6942046,146.79
600100,0.4,0.54,0.06,0.1123653,0.1017753,0.9570079,149.53
600200,0.4,0.57,0.03,0.08432364,0.08123588,0.463802,116.88
600300,0.35,0.61,0.04,0.1044775,0.1040851,0.7192063,130.01
600400,0.42,0.53,0.05,0.08387263,0.07646012,1.032608,158.48
600500,0.41,0.49,0.1,0.0779326,0.07092762,1.373614,215.54
600600,0.35,0.59,0.06,0.08023084,0.07578092,1.11781,168.07
600700,0.47,0.51,0.02,0.08977354,0.0800721,0.6114043,105.68
600800,0.34,0.6,0.06,0.08840904,0.1022941,1.115211,165.35
600900,0.41,0.5,0.09,0.1032221,0.08321559,1.388014,179.97
601000,0.49,0.41,0.1,0.08831117,0.08748392,2.174222,200.67
601100,0.47,0.5,0.03,0.0868392,0.08621658,0.9164066,138.47
601200,0.45,0.5,0.05,0.09421642,0.1018566,0.8130062,149.65
601300,0.42,0.53,0.05,0.09078667,0.07974678,1.050009,145.73
601400,0.5,0.46,0.04,0.1086361,0.1160348,1.137409,148.73
601500,0.4,0.51,0.09,0.09631236,0.08198659,1.689817,186.09
601600,0.34,0.6,0.06,0.08468648,0.07463868,1.207012,150.86
601700,0.38,0.47,0.15,0.07410193,0.06488879,2.421027,228.19
601800,0.4,0.59,0.01,0.08617187,0.08148361,0.4836022,133.91
601900,0.5,0.42,0.08,0.08259527,0.1006376,1.401212,173.82
602000,0.37,0.53,0.1,0.09894837,0.1110776,1.369414,198.76
602100,0.45,0.48,0.07,0.07265452,0.08661504,1.240211,184.03
602200,0.34,0.53,0.13,0.08007192,0.08107076,2.409827,256.29
602300,0.46,0.48,0.06,0.08799817,0.08150908,1.258011,159.97
602400,0.45,0.5,0.05,0.09080154,0.08469358,0.9802091,144.56
602500,0.42,0.53,0.05,0.08855935,0.08733504,1.134809,148.75
602600,0.37,0.58,0.05,0.09968094,0.1016891,0.9482082,162.25
602700,0.45,0.5,0.05,0.08302328,0.07686698,0.9382091,146.32
602800,0.45,0.47,0.08,0.08498079,0.07332859,1.208211,182.92
602900,0.43,0.52,0.05,0.08199582,0.0706996,1.296012,150.64
603000,0.45,0.53,0.02,0.07593726,0.08451747,0.6824036,132.86
603100,0.34,0.61,0.05,0.08003657,0.07648857,1.153011,175.96
603200,0.35,0.56,0.09,0.07275393,0.06810748,1.621617,188.68
603300,0.35,0.56,0.09,0.09489065,0.08060574,1.451615,189.67
603400,0.45,0.46,0.09,0.08962462,0.09240709,1.573415,169.07
603500,0.45,0.51,0.04,0.0820663,0.06678542,0.7288041,166.97
603600,0.4,0.48,0.12,0.08867214,0.09688108,1.716617,217.73
603700,0.41,0.53,0.06,0.08904409,0.07795712,1.08481,162.19
603800,0.46,0.51,0.03,0.08275406,0.06869175,0.8042064,122.89
603900,0.42,0.55,0.03,0.1130131,0.1010359,0.5076023,134.15
604000,0.39,0.58,0.03,0.09611835,0.1040078,0.8796071,128.44
604100,0.43,0.5,0.07,0.08657803,0.06930382,0.8352064,173.2
604200,0.36,0.59,0.05,0.08818953,0.08172581,0.9030096,147.18
604300,0.42,0.54,0.04,0.07843298,0.07036741,0.8336062,163.74
604400,0.44,0.5,0.06,0.08690313,0.09137342,1.202211,152.01
604500,0.42,0.55,0.03,0.09895847,0.09971462,0.7214064,139.77
604600,0.4,0.51,0.09,0.08756083,0.08006757,1.529616,195.96
604700,0.39,0.59,0.02,0.08345716,0.07052454,0.6174037,120.25
604800,0.39,0.52,0.09,0.09387831,0.08831208,1.281813,175.07
604900,0.37,0.6,0.03,0.08233468,0.07605193,0.8558056,138.86
605000,0.39,0.53,0.08,0.09607553,0.09920345,1.493615,177.35
605100,0.45,0.51,0.04,0.1006224,0.1020414,0.7230031,141.59
605200,0.37,0.54,0.09,0.07383999,0.06319888,1.516416,179.75
605300,0.4,0.5,0.1,0.08226532,0.07634572,1.941822,194.17
605400,0.46,0.44,0.1,0.071265,0.06604228,1.97422,212.16
605500,0.4,0.53,0.07,0.08866102,0.09197245,1.481814,176.94
605600,0.44,0.48,0.08,0.1079237,0.1042339,1.677415,186.16
605700,0.47,0.47,0.06,0.07857722,0.0593917,1.052609,159.87
605800,0.44,0.48,0.08,0.10023,0.1094743,0.8702075,159.2
605900,0.42,0.54,0.04,0.0771438,0.06817936,0.8708071,148.89
606000,0.44,0.54,0.02,0.1107804,0.106111,0.5188023,123.64
606100,0.38,0.5,0.12,0.07407781,0.06823857,1.730819,220.47
606200,0.45,0.51,0.04,0.07891145,0.07428151,1.03441,131.06
606300,0.44,0.45,0.11,0.0772967,0.07010794,1.550615,211.03
606400,0.42,0.54,0.04,0.09001365,0.08350597,0.8218049,137
606500,0.42,0.54,0.04,0.08019025,0.07811893,1.072008,159.65
606600,0.52,0.43,0.05,0.07491234,0.07204951,1.140408,148.64
606700,0.47,0.44,0.09,0.07852325,0.06379356,1.89942,196.62
606800,0.39,0.53,0.08,0.09270257,0.09177095,1.137011,170.53
606900,0.41,0.55,0.04,0.09883405,0.1038241,0.961808,154.78
607000,0.42,0.52,0.06,0.08673776,0.0794522,1.354814,170.77
607100,0.35,0.57,0.08,0.09527649,0.08363777,1.441815,194.6
607200,0.45,0.47,0.08,0.08027335,0.09565223,1.670615,185.83
607300,0.43,0.5,0.07,0.0911305,0.0853053,1.325811,162.99
607400,0.36,0.58,0.06,0.08144214,0.06961121,1.12101,166.2
607500,0.38,0.54,0.08,0.09707425,0.09414466,1.413014,185.13
607600,0.47,0.48,0.05,0.08711515,0.09832823,1.207809,173.89
607700,0.51,0.4,0.09,0.09591266,0.1053819,1.633816,174.51
607800,0.42,0.52,0.06,0.07306195,0.07558893,0.8968067,165.71
607900,0.43,0.51,0.06,0.09031077,0.1051617,1.435013,170.49
608000,0.4,0.52,0.08,0.08575021,0.09198987,1.205212,185.49
608100,0.42,0.53,0.05,0.09225938,0.07852646,1.26281,147.6
608200,0.37,0.58,0.05,0.09467153,0.09013101,0.6806064,151.13
