Episode,RunnerAcc,PursuerAcc,DrawsPercentage,RunnerJitter,PursuerJitter,NearMissTime,EpisodeStepsAvg
100,0.06,0.16,0.78,0.149237,0.1443549,2.631628,850.94
200,0.1,0.14,0.76,0.1386601,0.1401808,2.425421,829.32
300,0.11,0.22,0.67,0.1397673,0.1397673,2.541821,793.8
400,0.14,0.3,0.56,0.1394123,0.1389188,2.378213,737.93
500,0.16,0.34,0.5,0.1465358,0.1501564,3.216824,682.82
600,0.28,0.33,0.39,0.1430818,0.1442934,3.127619,651.47
700,0.39,0.32,0.29,0.1467002,0.1463851,2.697613,544.01
800,0.26,0.38,0.36,0.1496481,0.1438331,2.644412,597.31
900,0.44,0.28,0.28,0.1404878,0.1376124,2.221608,537.99
1000,0.41,0.37,0.22,0.139168,0.1416382,2.42941,546.93
1100,0.4,0.4,0.2,0.1432074,0.1381642,2.744214,497.84
1200,0.38,0.44,0.18,0.1321358,0.1372642,1.65681,436.82
1300,0.44,0.44,0.12,0.1543501,0.1492188,1.483605,404.59
1400,0.49,0.38,0.13,0.1443273,0.145108,1.875808,373.09
1500,0.43,0.45,0.12,0.1418214,0.144056,1.550807,400.13
1600,0.49,0.41,0.1,0.1477488,0.1393035,2.463815,382.91
1700,0.48,0.41,0.11,0.143656,0.1426214,1.453203,367
1800,0.43,0.43,0.14,0.1415175,0.1397547,2.061814,366.68
1900,0.47,0.41,0.12,0.1495803,0.1500586,2.11121,389.03
2000,0.45,0.43,0.12,0.1438898,0.1408336,2.266614,392.25
2100,0.52,0.37,0.11,0.1451105,0.1386333,1.98261,347.4
2200,0.55,0.39,0.06,0.142337,0.1412043,0.9228007,324.63
2300,0.52,0.4,0.08,0.1377685,0.1386623,1.540807,325.02
2400,0.47,0.43,0.1,0.1471104,0.1412131,2.199611,346.2
2500,0.54,0.38,0.08,0.1421468,0.1387156,1.610004,331.36
2600,0.45,0.46,0.09,0.1453205,0.1503325,1.618008,347.19
2700,0.49,0.45,0.06,0.139524,0.1375958,1.491607,303.69
2800,0.55,0.38,0.07,0.1486029,0.1493374,1.490805,370.12
2900,0.5,0.45,0.05,0.1394526,0.14045,1.554404,328.45
3000,0.51,0.4,0.09,0.1458573,0.1391642,1.89981,343.41
3100,0.55,0.39,0.06,0.1391295,0.1413898,1.475607,302
3200,0.57,0.37,0.06,0.1442211,0.1508052,1.272203,324.25
3300,0.54,0.38,0.08,0.1398862,0.1438017,1.549607,309.16
3400,0.48,0.47,0.05,0.150849,0.1561459,1.553409,280.28
3500,0.52,0.43,0.05,0.1479121,0.143854,1.517405,303.84
3600,0.55,0.43,0.02,0.1433797,0.1383163,0.7728021,230.52
3700,0.5,0.41,0.09,0.1452873,0.1436105,1.748209,299.75
3800,0.46,0.5,0.04,0.1465463,0.1438178,0.4797997,260.94
3900,0.52,0.41,0.07,0.1347772,0.138282,1.303005,289.87
4000,0.51,0.43,0.06,0.1339461,0.1355035,1.256409,263.98
4100,0.43,0.5,0.07,0.1471869,0.1439084,1.479809,312.89
4200,0.57,0.35,0.08,0.1441315,0.1392386,2.025813,273.3
4300,0.52,0.44,0.04,0.1423445,0.1362956,1.458805,275.52
4400,0.5,0.45,0.05,0.1368538,0.1397217,1.400406,253.67
4500,0.5,0.45,0.05,0.1440184,0.1515793,1.447608,287.71
4600,0.49,0.46,0.05,0.1415537,0.1429872,1.437609,274.09
4700,0.49,0.49,0.02,0.1308683,0.1358411,0.8470032,231.33
4800,0.51,0.46,0.03,0.1277107,0.1350792,0.9570012,239.34
4900,0.55,0.39,0.06,0.135657,0.1380723,1.288807,265.78
5000,0.63,0.3,0.07,0.1338106,0.1402525,1.495005,244.75
5100,0.51,0.44,0.05,0.1401454,0.1347189,1.223406,256.08
5200,0.49,0.42,0.09,0.1376734,0.1418184,1.835814,275.62
5300,0.48,0.49,0.03,0.136186,0.1431899,0.8554051,239.84
5400,0.47,0.46,0.07,0.1386946,0.1395086,1.714412,279.21
5500,0.52,0.43,0.05,0.1464447,0.1377701,1.717412,246.82
5600,0.54,0.41,0.05,0.1331764,0.1389509,1.387206,233.89
5700,0.44,0.53,0.03,0.1419561,0.1372647,0.7494039,207.76
5800,0.52,0.45,0.03,0.1338446,0.1343018,1.092806,214.51
5900,0.44,0.5,0.06,0.1378321,0.138742,1.570009,271.52
6000,0.45,0.52,0.03,0.1405146,0.1496768,0.9232019,213.88
6100,0.5,0.48,0.02,0.1365468,0.1390083,1.031403,232.83
6200,0.51,0.44,0.05,0.1363658,0.1352232,1.295408,214.65
6300,0.44,0.5,0.06,0.148672,0.1446222,1.016006,203.98
6400,0.51,0.43,0.06,0.1398034,0.138096,1.28621,253.13
6500,0.56,0.4,0.04,0.1327566,0.1327615,0.7536017,219.34
6600,0.45,0.52,0.03,0.139261,0.136149,1.004606,203.06
6700,0.58,0.41,0.01,0.1315497,0.131719,0.6532012,165.64
6800,0.41,0.56,0.03,0.14528,0.1359647,1.226603,227.27
6900,0.5,0.44,0.06,0.13325,0.1317996,1.646813,212.32
7000,0.56,0.41,0.03,0.1329021,0.13706,0.8380015,228.26
7100,0.48,0.49,0.03,0.1259741,0.1286608,0.8266026,219.18
7200,0.4,0.57,0.03,0.1357914,0.155504,0.9382043,188.79
7300,0.58,0.36,0.06,0.134104,0.131571,1.35921,226.48
7400,0.45,0.51,0.04,0.131798,0.1322252,1.108204,227.94
7500,0.39,0.56,0.05,0.1252713,0.1277461,0.7824029,240.25
7600,0.48,0.49,0.03,0.1345682,0.130812,0.7230022,184.6
7700,0.44,0.5,0.06,0.1315238,0.1376657,1.072206,222.64
7800,0.55,0.41,0.04,0.1400706,0.1439008,0.9462041,196.29
7900,0.53,0.45,0.02,0.1318968,0.1384164,1.097005,195.54
8000,0.39,0.53,0.08,0.1286882,0.1227465,1.569612,264.23
8100,0.5,0.5,0,0.1278967,0.1274611,0.6155995,193.04
8200,0.48,0.49,0.03,0.1258516,0.12748,1.093604,207.94
8300,0.45,0.51,0.04,0.1306567,0.1320204,1.306009,226.05
8400,0.51,0.49,0,0.1313293,0.1330968,0.4033996,188.25
8500,0.47,0.51,0.02,0.1290798,0.1317872,0.8728033,187.38
8600,0.48,0.51,0.01,0.1340603,0.1431113,0.7654016,171.51
8700,0.48,0.5,0.02,0.1289869,0.1284097,0.7021999,183.54
8800,0.49,0.49,0.02,0.1308248,0.1311474,0.6324024,180.15
8900,0.42,0.5,0.08,0.1337242,0.1267789,1.753814,264.15
9000,0.47,0.5,0.03,0.1315177,0.1313068,1.004205,191.31
9100,0.42,0.52,0.06,0.1317457,0.1369457,1.417809,218.44
9200,0.55,0.43,0.02,0.1376673,0.1354646,0.9732035,203.67
9300,0.5,0.48,0.02,0.1246534,0.129835,0.7738031,157.25
9400,0.5,0.45,0.05,0.1239943,0.127835,0.7694018,216.4
9500,0.49,0.49,0.02,0.1244725,0.1277936,0.7210022,175.11
9600,0.53,0.44,0.03,0.131884,0.1294249,0.9552059,194.18
9700,0.48,0.48,0.04,0.1349515,0.1422517,0.9930044,203.53
9800,0.4,0.58,0.02,0.1291731,0.124774,0.8044047,183.24
9900,0.47,0.51,0.02,0.1292203,0.1333877,0.7848042,181.49
10000,0.44,0.56,0,0.129549,0.1252984,0.4381996,193.24
10100,0.45,0.53,0.02,0.1240804,0.1343641,0.7010036,169.83
10200,0.41,0.56,0.03,0.1283149,0.1271317,0.8530056,189.52
10300,0.43,0.54,0.03,0.1300511,0.1342104,0.9444043,191.57
10400,0.4,0.56,0.04,0.1281415,0.1265135,0.8424035,213.02
10500,0.48,0.5,0.02,0.1245133,0.126761,1.045003,179.73
10600,0.41,0.56,0.03,0.1357887,0.1396433,0.7680019,192.77
10700,0.44,0.52,0.04,0.1239349,0.1243191,0.999807,217.38
10800,0.47,0.49,0.04,0.1211515,0.1160688,1.114006,196.7
10900,0.45,0.5,0.05,0.1311,0.1247728,0.8508064,169.92
11000,0.54,0.42,0.04,0.1256938,0.1343397,0.8388031,194.76
11100,0.44,0.53,0.03,0.1243222,0.1177534,0.806802,191.65
11200,0.37,0.58,0.05,0.1248638,0.1220964,0.8560058,200.46
11300,0.36,0.64,0,0.1281087,0.1302995,0.3703996,163.08
11400,0.48,0.49,0.03,0.1265754,0.1324296,0.6924,200.83
11500,0.54,0.44,0.02,0.1224134,0.1242771,1.142404,193.62
11600,0.43,0.54,0.03,0.1232534,0.1292621,0.7020037,174.11
11700,0.49,0.48,0.03,0.1360733,0.1357392,1.068607,168.97
11800,0.52,0.47,0.01,0.1294438,0.1253563,0.6932016,153.37
11900,0.41,0.58,0.01,0.1339972,0.1383086,0.4471996,160.25
12000,0.45,0.48,0.07,0.1263836,0.1300227,1.503013,231.67
12100,0.41,0.53,0.06,0.1250717,0.1234019,1.497411,218.42
12200,0.54,0.45,0.01,0.129748,0.122806,0.5829996,169.15
12300,0.41,0.54,0.05,0.1278784,0.1209069,0.9738077,197.68
12400,0.54,0.44,0.02,0.1252058,0.1223011,1.093805,195.57
12500,0.44,0.53,0.03,0.1244304,0.1264304,0.7436049,174.79
12600,0.38,0.61,0.01,0.119053,0.1154141,0.5246023,145.02
12700,0.52,0.46,0.02,0.119199,0.1154929,0.8304046,171.7
12800,0.43,0.53,0.04,0.1300075,0.1320769,1.200407,194.22
12900,0.47,0.51,0.02,0.1357681,0.1316962,0.5036019,183.2
13000,0.41,0.54,0.05,0.1305526,0.1307452,1.109409,192.6
13100,0.45,0.52,0.03,0.1219379,0.1236748,0.880004,189.45
13200,0.5,0.46,0.04,0.1162685,0.1167146,0.7414016,199.11
13300,0.55,0.43,0.02,0.1243202,0.1195081,1.069003,173.65
13400,0.44,0.51,0.05,0.1253421,0.1324024,1.233208,195.06
13500,0.5,0.49,0.01,0.1166245,0.114954,0.6990024,151.18
13600,0.45,0.51,0.04,0.1194504,0.1192052,0.9698077,196.7
13700,0.47,0.48,0.05,0.1151506,0.1198256,1.157007,217.21
13800,0.41,0.55,0.04,0.1221507,0.1155141,0.7860036,180.34
13900,0.53,0.43,0.04,0.1241579,0.1218643,1.139607,180.49
14000,0.44,0.52,0.04,0.1266208,0.1168865,1.099409,194.06
14100,0.49,0.46,0.05,0.1140153,0.1153035,1.105006,185.53
14200,0.45,0.53,0.02,0.1181175,0.1194172,0.6880031,161.54
14300,0.45,0.52,0.03,0.1150945,0.1195215,0.7104031,173.31
14400,0.38,0.61,0.01,0.1178773,0.1146129,0.4710025,147.67
14500,0.49,0.46,0.05,0.1152917,0.1162886,1.235008,183.3
14600,0.42,0.52,0.06,0.1196002,0.1267419,1.089209,193.09
14700,0.52,0.45,0.03,0.1146982,0.1165102,0.999205,177.95
14800,0.4,0.58,0.02,0.1222871,0.1324293,0.3631999,131.91
14900,0.5,0.48,0.02,0.1109328,0.1225531,0.8808043,164.02
15000,0.47,0.49,0.04,0.1144104,0.1150378,1.031008,162.86
15100,0.45,0.51,0.04,0.1165094,0.1179358,0.7530062,209.29
15200,0.57,0.42,0.01,0.1083294,0.1093692,0.6422017,167.2
15300,0.5,0.48,0.02,0.1110987,0.1158623,1.028005,162.42
15400,0.42,0.54,0.04,0.1141884,0.1106614,1.198408,189.97
15500,0.52,0.47,0.01,0.1266457,0.1166362,0.5670022,142.54
15600,0.4,0.57,0.03,0.1106968,0.1102067,0.9476057,170.36
15700,0.4,0.56,0.04,0.1172751,0.1087516,0.6734044,144.76
15800,0.47,0.5,0.03,0.1193391,0.1180689,0.6884027,162.55
15900,0.45,0.52,0.03,0.1154422,0.1065433,0.9294055,154.22
16000,0.35,0.6,0.05,0.1104725,0.1080229,1.151408,207.42
16100,0.47,0.51,0.02,0.1124996,0.1119171,0.5962026,166.91
16200,0.48,0.49,0.03,0.1037695,0.1025017,0.997405,165.97
16300,0.52,0.47,0.01,0.1188449,0.1090449,0.6380023,149.27
16400,0.36,0.62,0.02,0.1207202,0.1253668,0.714604,141.01
16500,0.41,0.56,0.03,0.1183503,0.1107265,0.4285996,156.04
16600,0.47,0.52,0.01,0.1138012,0.1147147,0.5832024,147.34
16700,0.52,0.46,0.02,0.1061481,0.1071833,0.3539997,169.55
16800,0.52,0.44,0.04,0.1153213,0.1209803,0.8132041,184.36
16900,0.41,0.57,0.02,0.1144924,0.1154329,0.8348036,158.67
17000,0.42,0.55,0.03,0.1111133,0.1131641,0.7982041,147.19
17100,0.37,0.59,0.04,0.1131045,0.1075967,0.6002047,177.4
17200,0.52,0.45,0.03,0.1131149,0.1130956,0.7876022,155.42
17300,0.4,0.56,0.04,0.118914,0.1115067,1.048406,175.16
17400,0.39,0.6,0.01,0.1153298,0.1227995,0.7470022,145.41
17500,0.53,0.42,0.05,0.1095801,0.1052164,1.240209,194.83
17600,0.44,0.51,0.05,0.1158451,0.1144174,0.9134054,180.89
17700,0.42,0.55,0.03,0.1257743,0.1052295,0.7278042,175.08
17800,0.49,0.45,0.06,0.1090479,0.1094966,1.565013,181.57
17900,0.49,0.48,0.03,0.1203906,0.1204646,0.777804,153.88
18000,0.46,0.5,0.04,0.1066224,0.1015555,0.9430057,176.49
18100,0.43,0.51,0.06,0.1116228,0.1070842,1.123008,194.72
18200,0.48,0.51,0.01,0.1240967,0.1299976,0.6066013,139.3
18300,0.42,0.57,0.01,0.1115011,0.1071367,0.4934021,133.32
18400,0.43,0.54,0.03,0.1116465,0.1092427,0.8836058,164.83
18500,0.48,0.48,0.04,0.111741,0.1128371,1.094607,174.32
18600,0.45,0.49,0.06,0.1102683,0.1074613,1.518212,179.3
18700,0.53,0.44,0.03,0.1105053,0.1086846,1.034604,167.34
18800,0.49,0.46,0.05,0.1094802,0.1109676,1.39341,165.85
18900,0.4,0.58,0.02,0.1160554,0.1098138,0.7062039,143.21
19000,0.52,0.47,0.01,0.1090776,0.1059776,0.4647996,168.08
19100,0.42,0.55,0.03,0.1107579,0.1091113,1.052405,167.04
19200,0.44,0.55,0.01,0.1113903,0.1019848,0.6434022,160.75
19300,0.41,0.56,0.03,0.1122632,0.1135202,0.934006,165.86
19400,0.49,0.5,0.01,0.1118619,0.1231268,0.642801,171.1
19500,0.42,0.53,0.05,0.1133274,0.1145678,1.004006,178.06
19600,0.46,0.51,0.03,0.1217444,0.1307019,1.074606,157.35
19700,0.46,0.52,0.02,0.1167453,0.1092392,0.8356034,143.21
19800,0.48,0.47,0.05,0.1134085,0.1154701,1.197208,188.69
19900,0.5,0.48,0.02,0.1116285,0.105708,0.6006017,153.72
20000,0.47,0.48,0.05,0.1080064,0.1078483,1.363811,162.15
20100,0.45,0.53,0.02,0.1033331,0.100539,0.7814034,162.26
20200,0.44,0.56,0,0.1208492,0.1270889,0.4217997,131.85
20300,0.46,0.5,0.04,0.1133406,0.09834607,1.079807,169.55
20400,0.48,0.5,0.02,0.1065091,0.107832,0.7110013,167.92
20500,0.51,0.45,0.04,0.1120139,0.1076864,1.229609,171.32
20600,0.42,0.51,0.07,0.1109849,0.1096844,1.331012,201.43
20700,0.43,0.54,0.03,0.1110091,0.1095967,0.9438067,182.13
20800,0.49,0.49,0.02,0.1040811,0.1047711,0.5326003,161.5
20900,0.42,0.52,0.06,0.1088633,0.1051108,1.477412,175.65
21000,0.38,0.6,0.02,0.1139892,0.1083397,0.3476012,152.77
21100,0.43,0.54,0.03,0.1036818,0.1021005,0.8378047,158.74
21200,0.49,0.46,0.05,0.1090785,0.1052049,0.7952038,189.93
21300,0.42,0.56,0.02,0.1088954,0.1064918,0.5744048,159.7
21400,0.51,0.46,0.03,0.1109392,0.1088665,0.8870038,159.52
21500,0.52,0.46,0.02,0.1103955,0.1067522,0.8866045,131.44
21600,0.52,0.46,0.02,0.1040959,0.1016619,0.688002,142.42
21700,0.5,0.47,0.03,0.1051382,0.1136428,0.8724059,149.74
21800,0.41,0.56,0.03,0.1077857,0.0991455,0.7278045,166.73
21900,0.54,0.44,0.02,0.1106201,0.1245926,0.4595997,154.96
22000,0.54,0.42,0.04,0.1084955,0.1031983,0.8980057,158.33
22100,0.47,0.51,0.02,0.1082242,0.1043628,0.5744016,164.59
22200,0.42,0.54,0.04,0.1066456,0.1152086,0.9246046,165.12
22300,0.5,0.48,0.02,0.1082861,0.1092088,0.6646037,154.7
22400,0.51,0.49,0,0.1167467,0.119571,0.2589998,113.61
22500,0.44,0.53,0.03,0.1076676,0.1232682,0.7268045,174.18
22600,0.37,0.62,0.01,0.1127061,0.1131323,0.4058014,134.57
22700,0.51,0.49,0,0.1113259,0.1083721,0.3931997,131.09
22800,0.48,0.5,0.02,0.09985033,0.09862521,0.6542037,137.7
22900,0.46,0.53,0.01,0.108148,0.09938271,0.3269998,134.58
23000,0.45,0.52,0.03,0.105226,0.1008295,0.9972049,178.71
23100,0.56,0.42,0.02,0.105371,0.1054255,0.7558014,143.78
23200,0.56,0.43,0.01,0.1279616,0.1074519,0.6532022,114.8
23300,0.45,0.53,0.02,0.1054834,0.1032727,0.6890021,146.37
23400,0.47,0.49,0.04,0.1218912,0.1127723,0.6316032,164.99
23500,0.47,0.48,0.05,0.1137363,0.1107591,1.160608,172.11
23600,0.46,0.51,0.03,0.1041998,0.1058717,0.9004062,186.74
23700,0.41,0.55,0.04,0.1105898,0.1091622,0.8486056,163.69
23800,0.45,0.49,0.06,0.1043781,0.09663592,0.9918074,186.59
23900,0.47,0.51,0.02,0.1024963,0.1003258,0.5574021,140.17
24000,0.34,0.59,0.07,0.1103533,0.1108521,1.533813,203.33
24100,0.4,0.59,0.01,0.1040588,0.1046685,0.6918019,127.5
24200,0.4,0.55,0.05,0.1292201,0.1162045,1.028807,161.32
24300,0.51,0.45,0.04,0.1046551,0.1217103,1.103608,172.4
24400,0.45,0.52,0.03,0.1054683,0.1027836,0.8356051,151.6
24500,0.4,0.57,0.03,0.108519,0.1119572,0.8306068,167.25
24600,0.47,0.49,0.04,0.1050478,0.115322,1.018808,152.58
24700,0.47,0.51,0.02,0.0967193,0.1086058,0.8010037,168.61
24800,0.48,0.51,0.01,0.1070044,0.1095294,0.5788017,132.79
24900,0.42,0.54,0.04,0.1027972,0.09574259,0.7228056,174.87
25000,0.48,0.5,0.02,0.1029272,0.09883133,0.5558025,133.86
25100,0.44,0.53,0.03,0.1055443,0.09950027,0.6564034,150.51
25200,0.47,0.51,0.02,0.1037221,0.09443893,0.7094042,139.05
25300,0.46,0.51,0.03,0.1055126,0.1089406,1.040806,154.95
25400,0.48,0.49,0.03,0.1025457,0.1014103,0.9542062,156.22
25500,0.41,0.55,0.04,0.1050973,0.1008894,0.9090061,168.29
25600,0.39,0.59,0.02,0.1002413,0.1041724,0.6610031,161.72
25700,0.47,0.48,0.05,0.1034761,0.1024464,0.9758064,188.14
25800,0.52,0.44,0.04,0.09834446,0.1130975,1.064006,151.25
25900,0.42,0.55,0.03,0.1031745,0.09991472,0.8264062,149.72
26000,0.47,0.5,0.03,0.1048193,0.1101015,0.8448042,154.15
26100,0.41,0.54,0.05,0.09891436,0.1011885,0.9216064,164.39
26200,0.38,0.57,0.05,0.1102821,0.1036195,0.9512087,166.99
26300,0.46,0.5,0.04,0.100106,0.09831003,0.9820075,157.81
26400,0.44,0.51,0.05,0.09883802,0.1012447,0.820606,175
26500,0.43,0.52,0.05,0.1162902,0.1324089,1.138408,156.19
26600,0.51,0.44,0.05,0.1001183,0.09359659,1.43501,190.01
26700,0.53,0.42,0.05,0.1014201,0.09673344,1.310811,153.22
26800,0.41,0.58,0.01,0.1042945,0.101381,0.6392012,139.77
26900,0.45,0.5,0.05,0.1031542,0.1040311,0.9530065,166.33
27000,0.49,0.47,0.04,0.1080571,0.1064837,0.9496061,170.48
27100,0.41,0.59,0,0.101393,0.0985807,0.3297998,132.3
27200,0.45,0.51,0.04,0.1031944,0.1057947,0.5014021,142.41
27300,0.49,0.47,0.04,0.1109068,0.1038381,1.093008,157.02
27400,0.46,0.52,0.02,0.1071967,0.1074536,0.7814036,154.97
27500,0.45,0.51,0.04,0.1043703,0.1026861,0.8754058,156
27600,0.46,0.53,0.01,0.1030623,0.1040229,0.5698008,148.18
27700,0.4,0.53,0.07,0.1037044,0.1023649,0.6406047,188.85
27800,0.43,0.55,0.02,0.1043331,0.09630691,0.6698039,119.83
27900,0.38,0.56,0.06,0.09664034,0.1021008,1.055209,197.37
28000,0.42,0.56,0.02,0.09659872,0.0923809,0.6646045,146.39
28100,0.45,0.52,0.03,0.09711532,0.09670853,0.4096016,140.55
28200,0.44,0.53,0.03,0.1076599,0.1017774,0.7252044,141.96
28300,0.46,0.5,0.04,0.09804036,0.08815604,0.810406,163.3
28400,0.51,0.44,0.05,0.1041463,0.1005472,1.229209,161.36
28500,0.49,0.46,0.05,0.1012388,0.1057899,1.318411,159.91
28600,0.47,0.48,0.05,0.09778078,0.10561,1.179409,175.82
28700,0.42,0.55,0.03,0.1022251,0.0982092,0.6186028,154.01
28800,0.44,0.49,0.07,0.1018724,0.09608234,1.491615,188.92
28900,0.42,0.56,0.02,0.09778173,0.09162851,0.7946041,161.17
29000,0.47,0.5,0.03,0.10219,0.09744259,0.6678039,160.05
29100,0.4,0.56,0.04,0.09929074,0.09604859,1.227209,189.9
29200,0.39,0.55,0.06,0.1000837,0.1065644,1.581214,181.39
29300,0.47,0.53,0,0.1007621,0.09440518,0.3637997,116.84
29400,0.46,0.5,0.04,0.1044419,0.1051934,0.9582064,150.54
29500,0.49,0.5,0.01,0.1036863,0.0964053,0.5612018,134.52
29600,0.44,0.54,0.02,0.09864753,0.1055053,0.5860032,146.04
29700,0.5,0.45,0.05,0.1085303,0.1118799,0.8754053,154.58
29800,0.41,0.56,0.03,0.102284,0.1076439,0.9390066,162.51
29900,0.45,0.5,0.05,0.11074,0.10979,1.36661,167.61
30000,0.39,0.56,0.05,0.09531222,0.09419345,0.8598073,153.32
30100,0.51,0.47,0.02,0.1070999,0.1115586,0.9320044,162.86
30200,0.49,0.48,0.03,0.09236452,0.08794384,0.7752044,164.75
30300,0.52,0.46,0.02,0.09737334,0.1081866,0.7670037,145.84
30400,0.41,0.55,0.04,0.1016407,0.1039039,1.210809,169.7
30500,0.42,0.56,0.02,0.100756,0.09822928,0.5942039,132.13
30600,0.48,0.47,0.05,0.1000182,0.09584823,1.296609,173.71
30700,0.32,0.63,0.05,0.1006018,0.1000311,1.011209,161.97
30800,0.44,0.53,0.03,0.1062413,0.1132498,0.6228034,141.75
30900,0.43,0.52,0.05,0.08867246,0.08916528,0.7644051,169.57
31000,0.48,0.48,0.04,0.09572211,0.09497896,0.9778064,174.37
31100,0.43,0.56,0.01,0.1062147,0.1109975,0.6858022,141.5
31200,0.47,0.5,0.03,0.09924705,0.08964743,0.9016063,142.78
31300,0.49,0.48,0.03,0.09943978,0.09098192,0.9592068,172.56
31400,0.45,0.52,0.03,0.09878113,0.09237384,0.8806059,143.1
31500,0.47,0.47,0.06,0.09722546,0.09231313,1.351413,165.8
31600,0.47,0.52,0.01,0.09984961,0.09757771,0.6114022,126.69
31700,0.41,0.54,0.05,0.1018065,0.0977103,0.8292059,173.66
31800,0.44,0.53,0.03,0.1024526,0.09618532,0.9658051,177.61
31900,0.34,0.66,0,0.09371736,0.09219074,0.3279998,147.3
32000,0.4,0.56,0.04,0.1056347,0.09856367,0.854607,138.71
32100,0.44,0.54,0.02,0.09363808,0.09188464,0.7170043,149.94
32200,0.46,0.52,0.02,0.09638082,0.1027005,0.6206035,139.88
32300,0.52,0.41,0.07,0.09754396,0.09597094,1.528213,194.89
32400,0.47,0.51,0.02,0.1014277,0.1018545,0.5160022,132.52
32500,0.4,0.56,0.04,0.1096387,0.09472724,0.6138048,150.97
32600,0.38,0.61,0.01,0.1104032,0.1074098,0.3710019,120.17
32700,0.44,0.52,0.04,0.1165621,0.1179991,0.8068064,158.92
32800,0.46,0.52,0.02,0.09996784,0.09912547,0.8342049,158.34
32900,0.49,0.48,0.03,0.09668513,0.09690847,0.6998035,135.15
33000,0.44,0.51,0.05,0.1013713,0.1070437,1.27341,166.05
33100,0.39,0.55,0.06,0.09081819,0.09069113,1.411413,184.67
33200,0.48,0.47,0.05,0.09432142,0.1031454,1.370012,150.88
33300,0.43,0.54,0.03,0.09432032,0.09080046,0.8142065,143.56
33400,0.43,0.56,0.01,0.1046109,0.1043303,0.7178018,140.61
33500,0.48,0.5,0.02,0.08850177,0.09265396,0.6344017,150.55
33600,0.5,0.46,0.04,0.0973523,0.09296723,0.9820059,163.18
33700,0.49,0.47,0.04,0.09161543,0.09104583,0.8294067,151.26
33800,0.47,0.49,0.04,0.09732141,0.1052939,1.131208,146.47
33900,0.49,0.49,0.02,0.09699071,0.1140952,0.6836036,137.79
34000,0.52,0.46,0.02,0.09502015,0.1014932,0.7710035,152.71
34100,0.43,0.55,0.02,0.1022865,0.1009243,0.7358044,150.37
34200,0.47,0.53,0,0.1109336,0.1134396,0.3875997,118.8
34300,0.46,0.49,0.05,0.09664036,0.09618626,1.168411,179.09
34400,0.49,0.5,0.01,0.09449832,0.1018281,0.4758014,107.69
34500,0.55,0.41,0.04,0.09202259,0.0990639,0.8758066,147.69
34600,0.44,0.54,0.02,0.1094268,0.1087087,0.5058018,148.52
34700,0.46,0.47,0.07,0.1059078,0.09944949,1.368812,197.33
34800,0.44,0.53,0.03,0.1041256,0.08631262,0.7790036,146.77
34900,0.44,0.53,0.03,0.101101,0.1014157,0.9578059,162.39
35000,0.43,0.54,0.03,0.1007325,0.1108758,1.019607,185.1
35100,0.41,0.57,0.02,0.09963632,0.1075525,0.8598045,155.12
35200,0.47,0.51,0.02,0.1097455,0.1112204,0.7458046,139.4
35300,0.52,0.46,0.02,0.1037779,0.1110865,0.8104041,141.84
35400,0.39,0.6,0.01,0.09287316,0.09184241,0.2953998,125.14
35500,0.42,0.52,0.06,0.1056369,0.1183321,1.367811,184.8
35600,0.44,0.5,0.06,0.1116118,0.1010825,1.18641,176.3
35700,0.42,0.55,0.03,0.0998088,0.09171622,0.5262039,143.46
35800,0.34,0.62,0.04,0.1059276,0.1013599,0.7944071,168.32
35900,0.42,0.57,0.01,0.1050034,0.09973979,0.4025997,123.83
36000,0.45,0.51,0.04,0.1118283,0.1030187,0.4050021,147.56
36100,0.41,0.56,0.03,0.100053,0.1053885,0.7924044,165.87
36200,0.44,0.55,0.01,0.09838802,0.08937111,0.5156021,119.14
36300,0.4,0.57,0.03,0.09599855,0.09571348,1.090207,129.33
36400,0.4,0.59,0.01,0.09543546,0.09271963,0.528202,125.48
36500,0.47,0.51,0.02,0.09613933,0.1013949,0.5558039,143.53
36600,0.44,0.49,0.07,0.09976772,0.1038724,1.395012,181.92
36700,0.48,0.47,0.05,0.1028132,0.1126709,1.204812,150.27
36800,0.49,0.5,0.01,0.1071735,0.1024526,0.3761997,121.99
36900,0.52,0.46,0.02,0.08603413,0.0817574,0.5090017,147.64
37000,0.53,0.45,0.02,0.1085871,0.1148746,0.4323997,141.62
37100,0.48,0.5,0.02,0.09185567,0.08910844,0.7180039,133.98
37200,0.4,0.57,0.03,0.08988642,0.09900007,0.7002041,139.8
37300,0.45,0.49,0.06,0.09704226,0.09782234,1.276611,181.17
37400,0.39,0.6,0.01,0.1063485,0.1024726,0.358202,123.59
37500,0.39,0.58,0.03,0.09964467,0.09143608,0.8152063,138.8
37600,0.45,0.49,0.06,0.09719101,0.09449491,1.210411,161.77
37700,0.46,0.48,0.06,0.1013012,0.1003093,1.478014,158.03
37800,0.36,0.57,0.07,0.1015908,0.1011051,1.27541,176.15
37900,0.49,0.5,0.01,0.09231754,0.09437037,0.6802015,141.08
38000,0.46,0.49,0.05,0.1060384,0.1234552,1.376611,162.05
38100,0.49,0.48,0.03,0.09646695,0.09129901,0.8666062,143
38200,0.45,0.49,0.06,0.09047277,0.09387446,1.345809,177.62
38300,0.55,0.43,0.02,0.1014094,0.09487381,0.7314044,134.34
38400,0.44,0.52,0.04,0.1036328,0.1000616,1.065606,149.23
38500,0.46,0.52,0.02,0.09021101,0.08601777,0.6754048,132.4
38600,0.43,0.54,0.03,0.0916841,0.08959662,0.5680022,164.36
38700,0.35,0.62,0.03,0.09788524,0.0880923,0.6564032,181.62
38800,0.4,0.57,0.03,0.111365,0.1168031,0.8686068,148.89
38900,0.42,0.54,0.04,0.1019428,0.09938319,1.068009,170.9
39000,0.46,0.5,0.04,0.09029381,0.08559844,0.8548072,145.46
39100,0.46,0.51,0.03,0.09397943,0.08831801,0.8464042,145.25
39200,0.4,0.58,0.02,0.0922127,0.09667853,0.6786038,125.71
39300,0.47,0.5,0.03,0.09953508,0.09932154,0.6958034,139.5
39400,0.48,0.48,0.04,0.09576698,0.09855072,0.7954044,168.66
39500,0.44,0.51,0.05,0.0918838,0.09139864,1.182212,163.77
39600,0.46,0.48,0.06,0.09693803,0.09214785,1.375013,171.74
39700,0.44,0.55,0.01,0.107857,0.1029255,0.6598015,132.53
39800,0.58,0.4,0.02,0.1014833,0.09226669,0.7562042,135.75
39900,0.44,0.48,0.08,0.09592922,0.09818952,1.136409,200.89
40000,0.52,0.45,0.03,0.08761879,0.103511,0.7210039,128.31
40100,0.5,0.47,0.03,0.093284,0.09111698,0.9576053,151.02
40200,0.5,0.46,0.04,0.09573106,0.09993284,1.201009,180.2
40300,0.45,0.52,0.03,0.09408903,0.09222748,0.8806041,148.15
40400,0.47,0.47,0.06,0.0947597,0.08917968,0.996407,160.1
40500,0.47,0.51,0.02,0.09237485,0.08907745,0.741403,155.39
40600,0.55,0.42,0.03,0.09281256,0.08941817,0.5488022,153.69
40700,0.36,0.61,0.03,0.09556048,0.09866323,0.5860043,146.87
40800,0.54,0.43,0.03,0.08998271,0.09228152,0.6804046,162
40900,0.44,0.55,0.01,0.08767588,0.0909204,0.5574018,126.95
41000,0.45,0.51,0.04,0.09326914,0.09081452,0.8028066,159.83
41100,0.36,0.57,0.07,0.09919009,0.0967448,1.332813,179.36
41200,0.41,0.54,0.05,0.09711444,0.1064874,0.9960081,162.86
41300,0.38,0.59,0.03,0.1041899,0.1084527,0.9070066,156.81
41400,0.47,0.51,0.02,0.08569611,0.08196681,0.8554044,127.79
41500,0.49,0.48,0.03,0.08826042,0.08909763,0.8792032,173.39
41600,0.43,0.53,0.04,0.09874935,0.09570902,0.9880093,128.98
41700,0.53,0.45,0.02,0.0886125,0.08699764,0.8022043,142.46
41800,0.42,0.53,0.05,0.08934168,0.09154709,1.316011,176.43
41900,0.49,0.47,0.04,0.09741185,0.09142253,0.788007,164.25
42000,0.45,0.53,0.02,0.09310147,0.1001621,0.7004019,145.17
42100,0.44,0.52,0.04,0.09617389,0.08617382,0.8010055,161.95
42200,0.46,0.51,0.03,0.1026254,0.09542169,0.910807,168.37
42300,0.43,0.53,0.04,0.09499553,0.09757416,0.9176061,166.15
42400,0.52,0.46,0.02,0.09065823,0.0972136,0.6102023,146.59
42500,0.47,0.49,0.04,0.09725177,0.1160192,1.182808,191.8
42600,0.38,0.6,0.02,0.1004926,0.1109922,0.5736014,128.12
42700,0.4,0.54,0.06,0.09600393,0.09829256,1.335013,158.95
42800,0.51,0.47,0.02,0.1057096,0.1104295,0.4824019,129.93
42900,0.4,0.57,0.03,0.09032799,0.09259807,0.8162059,166.46
43000,0.44,0.53,0.03,0.1012603,0.09000364,0.675606,124.62
43100,0.37,0.59,0.04,0.1047182,0.0975544,0.6350037,157.75
43200,0.45,0.52,0.03,0.1009203,0.09597451,0.8326061,157.24
43300,0.48,0.5,0.02,0.09821163,0.09035584,0.7080042,142.43
43400,0.44,0.54,0.02,0.09335344,0.1041855,0.7380041,140.62
43500,0.5,0.49,0.01,0.08435734,0.09251267,0.5888021,126.84
43600,0.41,0.53,0.06,0.08659431,0.08914703,1.402213,196.45
43700,0.38,0.61,0.01,0.09363355,0.09253199,0.3626026,116.46
43800,0.42,0.54,0.04,0.08972619,0.08857045,0.9464062,163.25
43900,0.44,0.5,0.06,0.08760905,0.08855326,1.010207,170.27
44000,0.47,0.49,0.04,0.09424162,0.08621941,0.9744083,134.71
44100,0.46,0.53,0.01,0.101973,0.1011077,0.5800025,126.94
44200,0.48,0.5,0.02,0.08664446,0.08554728,0.6818043,143.7
44300,0.44,0.55,0.01,0.09508453,0.08989491,0.3779997,144.88
44400,0.43,0.53,0.04,0.1039736,0.09300908,0.7680047,155.38
44500,0.39,0.59,0.02,0.1043214,0.1200177,0.6680042,120.65
44600,0.52,0.47,0.01,0.09301246,0.1054318,0.6296022,131.84
44700,0.39,0.57,0.04,0.09618524,0.1031469,1.066609,138.99
44800,0.43,0.53,0.04,0.1032186,0.1058732,0.8320057,151.67
44900,0.45,0.49,0.06,0.08992131,0.1073415,1.152009,165.38
45000,0.5,0.46,0.04,0.09430107,0.1023734,0.8816033,166.38
45100,0.41,0.57,0.02,0.0942271,0.08610211,0.6516045,147.11
45200,0.5,0.45,0.05,0.1016442,0.0986482,0.862805,151.13
45300,0.45,0.5,0.05,0.09038138,0.09171665,1.223211,149.49
45400,0.46,0.5,0.04,0.08990959,0.08764192,1.121809,158.36
45500,0.43,0.56,0.01,0.08697005,0.09491298,0.4954013,135.08
45600,0.43,0.54,0.03,0.09787904,0.09514003,0.8876058,147.84
45700,0.35,0.61,0.04,0.1019885,0.09666333,0.8354083,143.57
45800,0.41,0.55,0.04,0.09241447,0.1032764,0.9142067,175.85
45900,0.48,0.5,0.02,0.08712821,0.09302651,0.8838052,129.83
46000,0.56,0.41,0.03,0.09165458,0.08528832,0.527802,144.94
46100,0.49,0.5,0.01,0.09170741,0.08384551,0.4068021,111.75
46200,0.56,0.41,0.03,0.09364546,0.08460891,0.5724019,146.09
46300,0.46,0.52,0.02,0.09125289,0.09628154,0.6744047,127.81
46400,0.46,0.53,0.01,0.09308764,0.09104362,0.6224021,133.51
46500,0.41,0.54,0.05,0.08237635,0.0941284,1.038208,174.43
46600,0.51,0.45,0.04,0.08762996,0.08653077,1.048009,149.8
46700,0.41,0.53,0.06,0.1107652,0.1161319,1.283011,190.21
46800,0.45,0.54,0.01,0.08926468,0.09612742,0.460802,130.64
46900,0.41,0.57,0.02,0.08944552,0.08585225,0.5884047,122.34
47000,0.45,0.5,0.05,0.1054795,0.1134764,1.302811,160.26
47100,0.52,0.46,0.02,0.09068606,0.08379176,0.7426045,135.1
47200,0.3,0.67,0.03,0.09332561,0.08572885,0.7724043,148.14
47300,0.42,0.52,0.06,0.09125416,0.09346768,0.8818089,151.14
47400,0.41,0.56,0.03,0.1010293,0.08715221,0.7986064,124.64
47500,0.38,0.53,0.09,0.08949425,0.0880236,1.432014,191.83
47600,0.46,0.5,0.04,0.09120655,0.09152095,0.9756055,172.15
47700,0.39,0.57,0.04,0.08795281,0.08247414,0.7268063,134.86
47800,0.49,0.51,0,0.08680766,0.08427206,0.4097997,119.09
47900,0.45,0.52,0.03,0.08835151,0.07948079,0.9346069,140.91
48000,0.43,0.5,0.07,0.08928938,0.08688232,1.007809,170.1
48100,0.36,0.58,0.06,0.09618837,0.1106119,1.448015,167.64
48200,0.53,0.45,0.02,0.09151511,0.0924685,0.7454043,126.94
48300,0.42,0.56,0.02,0.09326019,0.0956056,0.5852041,125.12
48400,0.39,0.58,0.03,0.09080856,0.09908643,0.7406048,141.07
48500,0.47,0.5,0.03,0.09668198,0.1000931,0.8548058,145.86
48600,0.45,0.5,0.05,0.09022218,0.09995134,1.308011,171.41
48700,0.53,0.39,0.08,0.09078546,0.08560058,1.696414,179.2
48800,0.53,0.43,0.04,0.09180688,0.08562402,0.8422047,145.11
48900,0.46,0.52,0.02,0.08356378,0.08875223,0.8370041,161.88
49000,0.47,0.49,0.04,0.09981343,0.08604009,1.230009,148.46
49100,0.38,0.57,0.05,0.08428553,0.08569772,1.022408,161.93
49200,0.37,0.59,0.04,0.09159174,0.09140548,0.8830087,142.12
49300,0.41,0.53,0.06,0.08603133,0.1015088,1.298011,174.09
49400,0.51,0.48,0.01,0.09317838,0.08993492,0.4185997,124.59
49500,0.48,0.46,0.06,0.08919611,0.09600661,1.329811,159.53
49600,0.27,0.64,0.09,0.09088056,0.09449156,1.611018,181.07
49700,0.48,0.48,0.04,0.1085041,0.1187184,1.098008,171.75
49800,0.44,0.54,0.02,0.09203897,0.09519275,0.7348046,127.36
49900,0.33,0.64,0.03,0.09079122,0.09402578,0.6516045,151.25
50000,0.46,0.47,0.07,0.09727212,0.09414347,1.194212,176.83
50100,0.39,0.57,0.04,0.08579533,0.08369639,1.166009,152.29
50200,0.42,0.53,0.05,0.09647649,0.09476334,1.305411,156.79
50300,0.52,0.46,0.02,0.0892926,0.08843842,0.7508043,119.91
50400,0.41,0.55,0.04,0.1064642,0.1018085,0.8132065,138.21
50500,0.45,0.52,0.03,0.09031691,0.08381657,0.6564041,141.91
50600,0.46,0.52,0.02,0.08631958,0.08414403,0.5850049,129.54
50700,0.42,0.52,0.06,0.09088667,0.09077454,1.352413,146.22
50800,0.44,0.5,0.06,0.08719874,0.08307721,1.002809,164.99
50900,0.42,0.52,0.06,0.08766656,0.09552689,1.102209,166.55
51000,0.48,0.48,0.04,0.09813769,0.1014758,1.012207,168.95
51100,0.42,0.54,0.04,0.08629593,0.08333974,1.133808,159.36
51200,0.49,0.47,0.04,0.1006344,0.105391,0.7722065,139.29
51300,0.37,0.58,0.05,0.09360065,0.1127051,1.171413,153.38
51400,0.42,0.51,0.07,0.09031971,0.08897779,1.332213,176.11
51500,0.41,0.54,0.05,0.08840323,0.08518848,1.180411,172.32
51600,0.4,0.56,0.04,0.1031735,0.1223267,1.007208,144.51
51700,0.46,0.53,0.01,0.08233101,0.08500808,0.6354017,107.87
51800,0.45,0.52,0.03,0.08451148,0.08430194,0.8456075,137.56
51900,0.44,0.51,0.05,0.08845717,0.08058215,1.378611,173.55
52000,0.45,0.51,0.04,0.08428507,0.08336861,0.9474057,168.72
52100,0.49,0.48,0.03,0.09936699,0.113115,1.117607,143.69
52200,0.47,0.51,0.02,0.08750434,0.07828382,0.6254022,132.52
52300,0.47,0.46,0.07,0.08442374,0.07905784,1.398412,191.37
52400,0.42,0.55,0.03,0.09088401,0.1105724,1.003007,165.51
52500,0.5,0.46,0.04,0.08737104,0.08290628,0.9312066,154.31
52600,0.48,0.48,0.04,0.08592708,0.1018768,1.133409,169.52
52700,0.42,0.56,0.02,0.08556619,0.09176183,0.5124021,144.07
52800,0.5,0.48,0.02,0.08332383,0.08264141,0.8860021,140.11
52900,0.44,0.53,0.03,0.1013031,0.1264113,0.9642069,134.64
53000,0.41,0.51,0.08,0.08969966,0.1050405,1.667416,193.44
53100,0.49,0.5,0.01,0.08424883,0.08011698,0.7294014,139.64
53200,0.41,0.55,0.04,0.1006998,0.1142422,1.010208,153.18
53300,0.42,0.53,0.05,0.09286261,0.08664595,1.292412,154.67
53400,0.51,0.42,0.07,0.09400155,0.1128249,1.516614,169.23
53500,0.54,0.44,0.02,0.09301243,0.09594322,0.9132043,131.77
53600,0.43,0.54,0.03,0.0946832,0.08095639,0.8052055,150.69
53700,0.49,0.46,0.05,0.100612,0.1037762,1.072409,151.79
53800,0.45,0.5,0.05,0.09018259,0.09946861,0.9668064,163.42
53900,0.37,0.55,0.08,0.1045311,0.1060362,1.678815,199.95
54000,0.37,0.61,0.02,0.08887433,0.0770916,0.5832044,148.67
54100,0.45,0.53,0.02,0.08865707,0.0780561,0.4856021,144.24
54200,0.46,0.49,0.05,0.1211537,0.103102,0.7066041,163.18
54300,0.43,0.55,0.02,0.09195348,0.08759032,0.5738037,128.19
54400,0.47,0.52,0.01,0.09708803,0.09432311,0.3667997,112.97
54500,0.38,0.61,0.01,0.08614989,0.08995829,0.3283998,103.38
54600,0.41,0.58,0.01,0.08179851,0.07820955,0.4556024,129.44
54700,0.44,0.52,0.04,0.09338222,0.1003222,0.7816039,156.78
54800,0.35,0.62,0.03,0.08313292,0.07839606,0.8582042,142.07
54900,0.33,0.61,0.06,0.0932869,0.09299126,1.147611,176.26
55000,0.52,0.46,0.02,0.0804942,0.08406892,0.540002,122.33
55100,0.4,0.57,0.03,0.08139601,0.07568818,0.8344062,143.71
55200,0.43,0.54,0.03,0.09074183,0.08354411,0.7070035,149.43
55300,0.39,0.59,0.02,0.0992711,0.09574738,0.4228016,138.32
55400,0.41,0.54,0.05,0.08177746,0.08782362,0.9042087,151.65
55500,0.42,0.55,0.03,0.0844918,0.08586215,0.7828045,138.66
55600,0.4,0.57,0.03,0.07733107,0.0814696,0.8080066,136.68
55700,0.48,0.5,0.02,0.07709167,0.07393123,0.797004,139.45
55800,0.43,0.56,0.01,0.09682873,0.1094887,0.6096026,110.59
55900,0.39,0.55,0.06,0.08022653,0.08027795,1.266812,171.4
56000,0.41,0.55,0.04,0.08005007,0.08191085,1.007209,155.33
56100,0.42,0.56,0.02,0.08887611,0.08567535,0.7522037,139.04
56200,0.43,0.56,0.01,0.09003802,0.08947518,0.3731997,138.96
56300,0.4,0.55,0.05,0.09112099,0.08186126,1.089808,149.12
56400,0.46,0.49,0.05,0.08706626,0.1017001,1.094609,156.66
56500,0.47,0.52,0.01,0.1020714,0.1235464,0.5942023,114.54
56600,0.54,0.43,0.03,0.09747577,0.1083646,0.6112023,135.04
56700,0.49,0.51,0,0.08913802,0.09069896,0.5301996,98.87
56800,0.47,0.52,0.01,0.09519649,0.08699953,0.4328024,105.53
56900,0.49,0.47,0.04,0.08583529,0.08238274,1.142608,150.08
57000,0.5,0.45,0.05,0.08912984,0.08098493,0.6864052,151.81
57100,0.4,0.54,0.06,0.0850999,0.08131056,1.376013,163.06
57200,0.46,0.49,0.05,0.09093974,0.1094661,1.190611,151.06
57300,0.48,0.49,0.03,0.08733134,0.08631071,0.9714059,152.66
57400,0.45,0.52,0.03,0.08817594,0.08191609,1.059808,164.4
57500,0.44,0.53,0.03,0.1050862,0.1336347,0.7374071,111.41
57600,0.52,0.44,0.04,0.08794273,0.08875822,0.7034032,128.58
57700,0.43,0.52,0.05,0.09104957,0.08452606,1.122411,145.19
57800,0.5,0.47,0.03,0.0957953,0.109338,0.6014015,132.6
57900,0.31,0.64,0.05,0.0885347,0.09556814,0.894208,145.02
58000,0.42,0.51,0.07,0.09276329,0.08509472,1.282812,173.61
58100,0.46,0.51,0.03,0.08847393,0.09799119,0.8550039,144.58
58200,0.39,0.59,0.02,0.09046995,0.1082474,0.5978042,119.68
58300,0.44,0.5,0.06,0.0825182,0.08211146,1.470214,181.89
58400,0.43,0.53,0.04,0.08817747,0.09310722,0.8648061,148.44
58500,0.38,0.59,0.03,0.08747635,0.09472889,0.7878047,132.15
58600,0.39,0.56,0.05,0.08658526,0.08107484,1.111008,161.39
58700,0.49,0.5,0.01,0.09430466,0.09639373,0.3701997,111.13
58800,0.43,0.53,0.04,0.08351751,0.07747806,0.8444061,146.49
58900,0.41,0.55,0.04,0.09755456,0.09564033,0.7680065,145.24
59000,0.43,0.53,0.04,0.08135918,0.08313879,1.070609,146.04
59100,0.48,0.48,0.04,0.09485698,0.1019654,0.8912042,164.92
59200,0.52,0.46,0.02,0.08486087,0.08098988,0.8660039,116.29
59300,0.43,0.51,0.06,0.09512881,0.1063031,1.354815,153.63
59400,0.47,0.51,0.02,0.08926318,0.08249648,0.8880043,127.89
59500,0.41,0.53,0.06,0.08388176,0.08037236,1.09461,171.05
59600,0.38,0.59,0.03,0.08434882,0.07688078,0.8010058,139.56
59700,0.48,0.46,0.06,0.08960924,0.07957389,1.424813,162.33
59800,0.46,0.52,0.02,0.09260722,0.09835558,0.6024039,125.4
59900,0.49,0.46,0.05,0.09335986,0.08677332,1.38121,154.95
60000,0.39,0.55,0.06,0.09469192,0.09659763,1.255811,178.6
60100,0.49,0.48,0.03,0.08326702,0.07709935,0.9106042,164.15
60200,0.36,0.6,0.04,0.08671097,0.08889079,0.9564095,131.17
60300,0.5,0.49,0.01,0.08525103,0.08163823,0.3037998,106.53
60400,0.48,0.51,0.01,0.09444009,0.09183451,0.5470022,142.2
60500,0.37,0.59,0.04,0.08566564,0.08356514,1.12241,159.4
60600,0.41,0.56,0.03,0.08911183,0.09536071,0.7814066,130.73
60700,0.43,0.55,0.02,0.09074477,0.09104096,0.6602047,125.73
60800,0.56,0.42,0.02,0.08592701,0.08788398,0.5416023,130.37
60900,0.48,0.48,0.04,0.08421785,0.07470392,0.891007,139.73
61000,0.39,0.55,0.06,0.100114,0.0961187,1.177411,160.92
61100,0.42,0.56,0.02,0.0880993,0.09105362,0.7110045,112.5
61200,0.34,0.62,0.04,0.08065241,0.08753821,0.8260071,159.91
61300,0.33,0.62,0.05,0.08977617,0.09088673,0.7262059,151.15
61400,0.36,0.57,0.07,0.08554885,0.08705654,1.185811,161.92
61500,0.46,0.48,0.06,0.0864726,0.08238021,0.9422062,170.94
61600,0.42,0.52,0.06,0.08382349,0.08519099,1.357013,156.93
61700,0.51,0.45,0.04,0.08553707,0.08282842,0.9440067,142.14
61800,0.42,0.52,0.06,0.08839226,0.09793294,1.395814,160.07
61900,0.4,0.55,0.05,0.09855086,0.09364826,1.02241,157.25
62000,0.55,0.4,0.05,0.08519173,0.08202502,1.083009,152.2
62100,0.41,0.53,0.06,0.09410532,0.1003176,1.294612,159.38
62200,0.52,0.47,0.01,0.08242281,0.07394119,0.5864018,118.35
62300,0.44,0.52,0.04,0.08414371,0.08108813,0.7852061,138.45
62400,0.36,0.56,0.08,0.08813762,0.1016233,1.430015,191.52
62500,0.38,0.58,0.04,0.09150904,0.1098008,0.7490032,155.97
62600,0.45,0.52,0.03,0.08795721,0.08293293,1.025607,152.68
62700,0.48,0.5,0.02,0.08340864,0.08743626,0.6834024,128.63
62800,0.49,0.5,0.01,0.0863663,0.08284292,0.3893997,112.88
62900,0.5,0.46,0.04,0.09829054,0.1073671,0.9970089,150.49
63000,0.41,0.55,0.04,0.08085609,0.08116048,0.7632042,150.24
63100,0.43,0.52,0.05,0.09267057,0.1092241,0.9474086,152.19
63200,0.59,0.39,0.02,0.09047361,0.07632534,0.7284021,133.02
63300,0.4,0.52,0.08,0.07810862,0.08508641,1.475414,181.1
63400,0.33,0.64,0.03,0.0808448,0.08419207,0.8030071,145.44
63500,0.51,0.48,0.01,0.08542653,0.08767081,0.3885997,106.05
63600,0.46,0.47,0.07,0.1053123,0.1192617,1.717215,168.17
63700,0.37,0.59,0.04,0.08126534,0.07972318,0.7402042,161.96
63800,0.43,0.52,0.05,0.08402082,0.1102589,0.8874066,135.72
63900,0.43,0.54,0.03,0.08043337,0.08063848,0.5790018,138.92
64000,0.4,0.52,0.08,0.08215601,0.07605243,1.183612,182.71
64100,0.37,0.55,0.08,0.09800348,0.08723,1.490813,167.6
64200,0.47,0.47,0.06,0.08049039,0.08070434,1.524014,164.19
64300,0.46,0.52,0.02,0.09517529,0.09695496,0.5574045,110.68
64400,0.5,0.49,0.01,0.08607522,0.0823181,0.4708023,125.58
64500,0.44,0.52,0.04,0.09026373,0.08439288,0.9708089,123.36
64600,0.47,0.5,0.03,0.07602328,0.07301171,0.3561997,159.76
64700,0.39,0.55,0.06,0.07757205,0.08078874,1.241411,172.29
64800,0.43,0.53,0.04,0.08655626,0.08438298,0.9928093,145.1
64900,0.46,0.5,0.04,0.08065419,0.08196244,1.056209,155.76
65000,0.43,0.53,0.04,0.09004592,0.0867383,0.956409,139.95
65100,0.46,0.51,0.03,0.08721727,0.08358324,0.7344047,132.77
65200,0.45,0.53,0.02,0.0826748,0.07699909,0.7374046,131.87
65300,0.39,0.59,0.02,0.08834672,0.08212037,0.585005,119.24
65400,0.53,0.47,0,0.07602682,0.0776572,0.4969996,118.46
65500,0.43,0.53,0.04,0.08458499,0.08086947,0.8876063,148.91
65600,0.47,0.51,0.02,0.1074435,0.1054321,0.7260048,118.31
65700,0.39,0.6,0.01,0.08246101,0.08970019,0.5576023,129.87
65800,0.52,0.42,0.06,0.08530864,0.08683977,1.638213,182.48
65900,0.43,0.51,0.06,0.0808456,0.07481631,1.012009,161.25
66000,0.44,0.53,0.03,0.08415879,0.08413016,0.9890074,144.4
66100,0.41,0.54,0.05,0.08105101,0.07415605,1.25281,153.31
66200,0.49,0.43,0.08,0.08907976,0.08738262,1.569212,198.31
66300,0.49,0.47,0.04,0.09138183,0.09979844,1.049009,140.64
66400,0.38,0.58,0.04,0.08406184,0.08534971,1.054808,147.58
66500,0.41,0.56,0.03,0.08328107,0.08074808,0.7412057,148.52
66600,0.51,0.45,0.04,0.08548753,0.08180881,1.029006,144.59
66700,0.48,0.48,0.04,0.09904418,0.09580439,1.185009,139.92
66800,0.48,0.49,0.03,0.0844041,0.1025738,0.6150043,139.83
66900,0.45,0.51,0.04,0.08442018,0.0893457,0.875007,155.49
67000,0.49,0.48,0.03,0.09323784,0.09394184,0.7048043,140.84
67100,0.41,0.53,0.06,0.0909775,0.09049824,1.325612,173.83
67200,0.42,0.55,0.03,0.08839731,0.09184571,0.9498065,129.84
67300,0.45,0.52,0.03,0.08207414,0.07594205,0.685604,135.11
67400,0.36,0.59,0.05,0.07709125,0.07586482,0.838807,153.7
67500,0.48,0.51,0.01,0.0877113,0.08633083,0.6240022,109.96
67600,0.48,0.5,0.02,0.08553995,0.08496904,0.6808037,131.69
67700,0.36,0.61,0.03,0.0932698,0.1011651,0.693204,153.09
67800,0.42,0.56,0.02,0.1106445,0.1032009,0.714204,130.04
67900,0.43,0.52,0.05,0.08095013,0.08217621,1.040009,163.96
68000,0.49,0.47,0.04,0.09537335,0.08641499,1.103409,138.38
68100,0.48,0.5,0.02,0.0746657,0.07439407,0.7688038,137.26
68200,0.39,0.59,0.02,0.09059658,0.1043931,0.7360042,123.48
68300,0.36,0.62,0.02,0.09209228,0.09165,0.5998042,150.62
68400,0.38,0.56,0.06,0.09258927,0.1017181,1.406611,179.72
68500,0.47,0.51,0.02,0.08369943,0.09338824,0.6284046,133.22
68600,0.48,0.51,0.01,0.0937093,0.09641123,0.3946022,127.93
68700,0.39,0.58,0.03,0.09202027,0.08304033,0.5654042,124.51
68800,0.47,0.53,0,0.09018671,0.08091184,0.2337998,88.94
68900,0.38,0.54,0.08,0.08989944,0.09427452,1.21281,194.64
69000,0.45,0.51,0.04,0.09184577,0.09624209,0.6402041,135.65
69100,0.55,0.4,0.05,0.08131792,0.08572635,0.9986057,150.56
69200,0.51,0.45,0.04,0.0902066,0.08948351,1.208008,130.77
69300,0.5,0.46,0.04,0.07642201,0.07984101,0.7522041,142.55
69400,0.44,0.55,0.01,0.09290742,0.08709097,0.4361996,117.1
69500,0.44,0.53,0.03,0.09591904,0.09965996,0.8624063,139.51
69600,0.46,0.52,0.02,0.0833175,0.08113688,0.7248042,129.29
69700,0.38,0.59,0.03,0.1273013,0.1383727,0.7542071,103.8
69800,0.43,0.54,0.03,0.08068009,0.08371653,0.7974041,157.24
69900,0.45,0.49,0.06,0.09292638,0.1064523,1.22521,154
70000,0.42,0.51,0.07,0.08270247,0.07459342,1.439814,173.15
70100,0.44,0.52,0.04,0.08518204,0.08161719,1.108409,141.86
70200,0.36,0.58,0.06,0.09918907,0.09420814,1.259013,172.9
70300,0.51,0.48,0.01,0.0814884,0.09244446,0.6432022,138.6
70400,0.42,0.52,0.06,0.0839655,0.09093697,0.9816091,155.6
70500,0.52,0.43,0.05,0.08557094,0.08390131,1.052809,141.97
70600,0.33,0.61,0.06,0.08757129,0.0980614,1.229411,149.38
70700,0.53,0.42,0.05,0.09225596,0.1015486,1.059209,148.92
70800,0.5,0.48,0.02,0.09267585,0.09086403,0.6500043,124.22
70900,0.43,0.51,0.06,0.1006543,0.1270102,1.08921,162.2
71000,0.46,0.52,0.02,0.08278389,0.07572453,0.5058025,139.16
71100,0.37,0.62,0.01,0.0848938,0.08754931,0.5230018,126.46
71200,0.44,0.53,0.03,0.09469161,0.102685,0.913806,143.46
71300,0.38,0.56,0.06,0.09525619,0.09372271,0.891207,151.18
71400,0.43,0.49,0.08,0.09871835,0.1009418,1.185611,177.02
71500,0.49,0.48,0.03,0.08451059,0.08006707,0.6522037,135.85
71600,0.42,0.56,0.02,0.09061087,0.09190729,0.6646044,124.03
71700,0.51,0.48,0.01,0.08474527,0.08224161,0.4816023,120.11
71800,0.47,0.5,0.03,0.08532314,0.09761778,0.9336062,148.76
71900,0.41,0.57,0.02,0.09169514,0.09229784,0.7980042,112.09
72000,0.44,0.51,0.05,0.08636358,0.07714581,0.7364066,130.96
72100,0.42,0.54,0.04,0.08566741,0.1056841,0.8710074,162.3
72200,0.41,0.56,0.03,0.08787205,0.08693754,0.3682024,123.08
72300,0.42,0.55,0.03,0.08400609,0.08006783,0.5498016,137.54
72400,0.42,0.5,0.08,0.08916476,0.1133376,1.651417,173.89
72500,0.46,0.52,0.02,0.08606213,0.08962765,0.7084038,137.58
72600,0.39,0.57,0.04,0.07981548,0.07500011,0.5536023,156.07
72700,0.52,0.46,0.02,0.08766744,0.08861452,0.697602,150.11
72800,0.47,0.48,0.05,0.08365288,0.08705067,0.9516067,146.57
72900,0.35,0.59,0.06,0.08179591,0.07891764,1.209613,154.24
73000,0.43,0.53,0.04,0.08053174,0.080085,0.8500063,133.09
73100,0.34,0.62,0.04,0.08755081,0.09067143,0.6542065,146.07
73200,0.44,0.51,0.05,0.08738096,0.09746449,0.8074064,152.68
73300,0.45,0.47,0.08,0.09054631,0.1084771,1.651017,174.57
73400,0.4,0.56,0.04,0.08478098,0.09603624,1.005008,179.48
73500,0.41,0.56,0.03,0.09050935,0.09338938,0.7760053,122.62
73600,0.41,0.59,0,0.09651388,0.1223676,0.3445997,112.99
73700,0.46,0.52,0.02,0.08032482,0.0754571,0.2627998,127.35
73800,0.43,0.54,0.03,0.08031275,0.0799465,0.8444061,139.7
73900,0.45,0.53,0.02,0.0808171,0.07917245,0.8430048,161.43
74000,0.44,0.54,0.02,0.1046926,0.09013341,0.7518042,156.05
74100,0.5,0.46,0.04,0.08121224,0.08054261,0.8964049,126.02
74200,0.37,0.62,0.01,0.07825229,0.08300868,0.4686024,130.06
74300,0.45,0.49,0.06,0.1040682,0.1280924,1.032209,151.04
74400,0.37,0.57,0.06,0.08060589,0.08135098,0.9318076,149.08
74500,0.45,0.54,0.01,0.08106391,0.07595894,0.559802,124.43
74600,0.5,0.45,0.05,0.07649642,0.0717094,1.010809,149.42
74700,0.54,0.44,0.02,0.08386867,0.07410716,0.2467998,110.82
74800,0.32,0.64,0.04,0.09761819,0.09682283,0.349402,134.97
74900,0.37,0.56,0.07,0.08898964,0.08690998,1.25561,185.46
75000,0.45,0.49,0.06,0.08616328,0.09136499,1.041409,168.97
75100,0.42,0.54,0.04,0.0870544,0.08658947,1.098009,136.76
75200,0.41,0.56,0.03,0.08544479,0.08194523,0.7178046,132.51
75300,0.49,0.48,0.03,0.08016985,0.08289351,0.8666071,140.3
75400,0.45,0.53,0.02,0.08341959,0.09535697,0.478402,137.01
75500,0.42,0.54,0.04,0.09446211,0.1017182,0.9170077,140.28
75600,0.37,0.61,0.02,0.09085144,0.1036996,0.4974042,148.62
75700,0.45,0.52,0.03,0.09079732,0.08894455,0.5790034,128.09
75800,0.47,0.47,0.06,0.09484219,0.1097215,1.060808,152.49
75900,0.46,0.49,0.05,0.08148199,0.08387984,0.993409,139.81
76000,0.5,0.48,0.02,0.08891895,0.07622696,0.8284032,132.38
76100,0.45,0.51,0.04,0.07872455,0.07565703,0.9508063,141.95
76200,0.42,0.58,0,0.08026239,0.07987759,0.2319998,106.82
76300,0.36,0.61,0.03,0.1097759,0.117742,0.8288073,137.07
76400,0.43,0.52,0.05,0.08245098,0.08436278,1.247808,155.15
76500,0.39,0.58,0.03,0.08338115,0.08272254,0.765207,127.66
76600,0.45,0.5,0.05,0.08795273,0.1012441,1.355012,158.67
76700,0.43,0.52,0.05,0.07178887,0.07561518,0.9262068,152.78
76800,0.41,0.53,0.06,0.0837032,0.0846275,1.432414,163.3
76900,0.45,0.52,0.03,0.08784375,0.09901214,0.8146065,142.91
77000,0.48,0.51,0.01,0.07988253,0.07359795,0.5498024,106.51
77100,0.43,0.53,0.04,0.08409524,0.09416497,0.9900086,135.75
77200,0.4,0.59,0.01,0.08685477,0.0972582,0.603402,132.27
77300,0.38,0.6,0.02,0.09353147,0.09746429,0.414002,121.24
77400,0.33,0.61,0.06,0.09594508,0.07585704,0.7866068,153.26
77500,0.44,0.51,0.05,0.08401873,0.08265628,1.14641,149.81
77600,0.43,0.52,0.05,0.0818525,0.08570239,1.212811,149.88
77700,0.4,0.55,0.05,0.07844542,0.08527936,1.040808,173.4
77800,0.4,0.55,0.05,0.08974981,0.1002623,1.028209,152.54
77900,0.42,0.57,0.01,0.08496138,0.0885417,0.5320021,121.95
78000,0.43,0.53,0.04,0.09151788,0.09868776,0.701604,162.84
78100,0.44,0.54,0.02,0.08514901,0.09035484,0.2687998,115.42
78200,0.44,0.54,0.02,0.09152362,0.08578596,0.777604,144.81
78300,0.48,0.5,0.02,0.08340961,0.0843707,0.710604,110.55
78400,0.42,0.52,0.06,0.07772205,0.07515123,1.060409,176.41
78500,0.37,0.59,0.04,0.0793383,0.09380411,1.068809,133.87
78600,0.41,0.56,0.03,0.07259694,0.07030439,0.7766068,122.62
78700,0.45,0.46,0.09,0.0894919,0.08083111,1.844218,186.91
78800,0.35,0.63,0.02,0.08695821,0.09141476,0.6790038,106.92
78900,0.36,0.6,0.04,0.07919218,0.07798007,1.006808,140.79
79000,0.47,0.47,0.06,0.08073792,0.08734188,1.31481,163.9
79100,0.34,0.63,0.03,0.08146123,0.07489201,0.7392073,124.88
79200,0.42,0.54,0.04,0.07877272,0.0764283,0.947409,125.96
79300,0.51,0.45,0.04,0.08270226,0.08353155,0.8736064,131.87
79400,0.49,0.46,0.05,0.08133416,0.09093662,1.039408,133.38
79500,0.52,0.47,0.01,0.07920165,0.07002796,0.1977999,121.59
79600,0.48,0.47,0.05,0.0770844,0.07656868,0.7938067,152.5
79700,0.47,0.46,0.07,0.1015469,0.1076393,1.480414,164.98
79800,0.49,0.49,0.02,0.07587424,0.08716828,0.6354045,132.11
79900,0.34,0.6,0.06,0.09146431,0.1126157,1.063411,144.18
80000,0.45,0.51,0.04,0.0834351,0.07551283,0.8410061,130.78
80100,0.37,0.61,0.02,0.1041523,0.0965033,0.6294048,111.56
80200,0.48,0.49,0.03,0.08100317,0.07707406,0.9790071,145.23
80300,0.43,0.55,0.02,0.07724477,0.07640271,0.5996016,145.7
80400,0.34,0.63,0.03,0.08922607,0.09485061,0.6056042,128.07
80500,0.44,0.52,0.04,0.08041883,0.07543173,1.029609,151.02
80600,0.46,0.52,0.02,0.08902097,0.08791504,0.5000021,133.17
80700,0.41,0.52,0.07,0.08073499,0.09815732,0.7964061,174.41
80800,0.5,0.45,0.05,0.09879994,0.1088529,1.355412,151.01
80900,0.42,0.55,0.03,0.07595361,0.0893506,0.4866017,143.11
81000,0.48,0.52,0,0.09623944,0.1005154,0.2617998,118.24
81100,0.5,0.48,0.02,0.08590549,0.08576683,0.6976046,111.64
81200,0.37,0.61,0.02,0.09314534,0.1025827,0.6674042,129.36
81300,0.43,0.52,0.05,0.07543045,0.07531571,1.14941,147.09
81400,0.39,0.56,0.05,0.07912599,0.06922764,0.8590063,163.26
81500,0.39,0.56,0.05,0.08192034,0.08660224,1.077408,167.75
81600,0.37,0.61,0.02,0.07750653,0.07615731,0.6008044,130.16
81700,0.51,0.47,0.02,0.07205509,0.07698305,0.4832021,115.32
81800,0.45,0.5,0.05,0.09486672,0.1154825,0.6222044,153.37
81900,0.5,0.47,0.03,0.07761984,0.07406995,0.6628017,137.5
82000,0.4,0.53,0.07,0.09070792,0.08255617,0.7566062,157.94
82100,0.41,0.57,0.02,0.09140263,0.08118926,0.7496046,129.59
82200,0.34,0.62,0.04,0.07837586,0.0775311,0.8888087,144.35
82300,0.45,0.51,0.04,0.1175767,0.1160216,0.703805,147.41
82400,0.47,0.49,0.04,0.08975038,0.08685044,0.8556066,136.43
82500,0.33,0.61,0.06,0.0744588,0.07503781,1.030408,173.54
82600,0.57,0.42,0.01,0.07106317,0.07230633,0.3645997,112.91
82700,0.41,0.55,0.04,0.08658531,0.0897055,0.6004048,125.95
82800,0.51,0.47,0.02,0.08720841,0.09952313,0.8172043,133.2
82900,0.43,0.52,0.05,0.1221646,0.1091499,0.7824066,137.21
83000,0.46,0.5,0.04,0.08395886,0.08343162,0.8162067,147.73
83100,0.39,0.58,0.03,0.08177777,0.08955321,0.9610063,135.29
83200,0.39,0.57,0.04,0.07973413,0.0746404,0.7288043,151.41
83300,0.48,0.5,0.02,0.08265566,0.08211128,0.7374043,128.26
83400,0.4,0.57,0.03,0.08185612,0.09308693,0.460002,136.09
83500,0.4,0.54,0.06,0.07888471,0.07337137,0.9960096,172.34
83600,0.38,0.58,0.04,0.08334874,0.09957664,1.02241,123.98
83700,0.42,0.52,0.06,0.07743033,0.0976242,1.029409,161.53
83800,0.4,0.58,0.02,0.09259105,0.100764,0.5212019,113.53
83900,0.43,0.52,0.05,0.08844286,0.104447,0.7956038,143.59
84000,0.5,0.49,0.01,0.08950314,0.09018353,0.584602,111.97
84100,0.38,0.58,0.04,0.08322464,0.07790904,0.9666057,150.19
84200,0.42,0.55,0.03,0.09070738,0.1283327,0.8838068,131.18
84300,0.39,0.59,0.02,0.09248856,0.1003989,0.5276021,121.29
84400,0.42,0.57,0.01,0.0829524,0.07959251,0.5586016,131.34
84500,0.41,0.53,0.06,0.08155046,0.07502243,1.282012,150.23
84600,0.45,0.5,0.05,0.08384436,0.07306214,1.08561,156.88
84700,0.4,0.58,0.02,0.07884188,0.07872712,0.5162042,124.04
84800,0.38,0.56,0.06,0.08742357,0.09616689,1.069011,159.98
84900,0.45,0.48,0.07,0.08598883,0.09984725,1.000007,171.16
85000,0.36,0.6,0.04,0.08903411,0.09005411,1.025209,136.62
85100,0.43,0.55,0.02,0.1056573,0.1171968,0.6842036,130.78
85200,0.53,0.43,0.04,0.07754459,0.07449041,0.9104063,138.56
85300,0.42,0.54,0.04,0.09678888,0.1074129,1.036009,165.25
85400,0.53,0.44,0.03,0.0845188,0.08952861,0.8180069,127.36
85500,0.39,0.57,0.04,0.08974145,0.1120751,0.9694076,145.86
85600,0.38,0.52,0.1,0.09051305,0.09305834,1.322613,204.62
85700,0.42,0.57,0.01,0.07352238,0.08386877,0.3783997,125.58
85800,0.46,0.52,0.02,0.07740769,0.07441092,0.7784039,140.86
85900,0.48,0.48,0.04,0.09204598,0.1090027,0.9290061,159.98
86000,0.49,0.48,0.03,0.07553936,0.07562725,0.4070025,139.68
86100,0.41,0.58,0.01,0.07892866,0.06765085,0.2615998,113.6
86200,0.45,0.47,0.08,0.07650483,0.08444441,0.9796057,194.16
86300,0.5,0.43,0.07,0.08094101,0.07673007,1.618814,180.96
86400,0.5,0.43,0.07,0.08431455,0.07473032,1.22621,164.74
86500,0.45,0.49,0.06,0.07623801,0.07848747,0.9926087,163.33
86600,0.39,0.57,0.04,0.08537518,0.08705807,0.646404,112.92
86700,0.46,0.51,0.03,0.08345035,0.07506817,1.004006,122.11
86800,0.39,0.58,0.03,0.08048404,0.08570716,0.8078049,135.74
86900,0.41,0.57,0.02,0.08933531,0.09306075,0.6166018,129.09
87000,0.43,0.55,0.02,0.08193569,0.09782025,0.5742022,115.49
87100,0.48,0.49,0.03,0.08187921,0.07710496,0.9760063,136.97
87200,0.43,0.51,0.06,0.07887156,0.07645923,1.07821,164.66
87300,0.39,0.59,0.02,0.07444743,0.07377109,0.465802,134.4
87400,0.44,0.53,0.03,0.07714087,0.07393312,0.4800018,136.71
87500,0.47,0.49,0.04,0.08477021,0.07626414,0.9660067,143.47
87600,0.54,0.42,0.04,0.07713003,0.07230659,1.119408,152
87700,0.48,0.49,0.03,0.07630826,0.07773633,1.026007,136.39
87800,0.39,0.57,0.04,0.09202772,0.1128547,0.6350037,149.72
87900,0.45,0.49,0.06,0.07858963,0.08378379,1.122809,172.09
88000,0.45,0.5,0.05,0.0815219,0.07664482,1.10621,141.7
88100,0.38,0.6,0.02,0.08838315,0.08530126,0.4142025,115.33
88200,0.38,0.6,0.02,0.0765252,0.08229551,0.5514039,123.8
88300,0.43,0.52,0.05,0.07929152,0.08878115,0.9854094,158.87
88400,0.4,0.56,0.04,0.09168544,0.0978855,0.9046068,135.81
88500,0.4,0.59,0.01,0.09076804,0.09330348,0.5204023,115.81
88600,0.5,0.47,0.03,0.08204769,0.06772217,0.8838065,134
88700,0.44,0.53,0.03,0.08299197,0.07871845,0.879607,138.59
88800,0.46,0.5,0.04,0.08820013,0.1066206,0.9456067,120.07
88900,0.44,0.5,0.06,0.08620594,0.09344868,1.592414,168.5
89000,0.37,0.56,0.07,0.07740881,0.08060873,1.179611,177.88
89100,0.36,0.56,0.08,0.08152744,0.09217197,0.6104044,174.53
89200,0.38,0.56,0.06,0.07584823,0.07586668,1.260411,162.67
89300,0.49,0.5,0.01,0.07683524,0.07389519,0.5650022,126.01
89400,0.47,0.5,0.03,0.08055732,0.0841477,0.9570067,157.85
89500,0.37,0.59,0.04,0.08844573,0.08817013,0.5806041,136.54
89600,0.46,0.48,0.06,0.07811325,0.07621412,0.8872071,164.43
89700,0.46,0.51,0.03,0.08156043,0.07495102,0.9914069,156.65
89800,0.41,0.56,0.03,0.0810987,0.07553421,0.8680063,158.94
89900,0.5,0.46,0.04,0.08050004,0.09400677,0.9302068,138.48
90000,0.44,0.52,0.04,0.08190609,0.08875188,0.9522072,142.37
90100,0.52,0.44,0.04,0.0766024,0.07124306,0.9556059,160.85
90200,0.4,0.52,0.08,0.08854823,0.0834199,0.9194079,181.44
90300,0.49,0.5,0.01,0.07960909,0.07700247,0.5974022,150.98
90400,0.41,0.59,0,0.08426938,0.08136963,0.2509998,96.98
90500,0.38,0.52,0.1,0.0871461,0.08133619,1.878019,205.63
90600,0.43,0.56,0.01,0.09010431,0.09439347,0.456202,111.36
90700,0.35,0.62,0.03,0.08281926,0.09455422,0.6274043,131.66
90800,0.48,0.49,0.03,0.07800004,0.07756505,0.782405,148.13
90900,0.41,0.55,0.04,0.07799605,0.07626747,0.6594048,158.15
91000,0.37,0.62,0.01,0.09179804,0.08786541,0.4711996,115.98
91100,0.41,0.53,0.06,0.07550333,0.07575484,1.264609,170.1
91200,0.48,0.48,0.04,0.08155652,0.08465574,0.467202,136.31
91300,0.4,0.54,0.06,0.08201293,0.1008914,0.7720067,160.94
91400,0.42,0.54,0.04,0.0794695,0.09220851,0.4816015,151.19
91500,0.45,0.53,0.02,0.0841884,0.08949492,0.6584029,137.73
91600,0.45,0.53,0.02,0.09025639,0.09024134,0.7610041,130.03
91700,0.5,0.49,0.01,0.08777905,0.09536754,0.4478019,113.77
91800,0.5,0.49,0.01,0.09240752,0.09351224,0.3283998,115.91
91900,0.35,0.59,0.06,0.07938443,0.09583306,0.9108086,155.91
92000,0.39,0.58,0.03,0.08822057,0.07863767,0.3818021,120.46
92100,0.39,0.56,0.05,0.07515693,0.07778757,0.8286065,152.17
92200,0.52,0.42,0.06,0.09189446,0.09519336,1.032808,154.28
92300,0.43,0.53,0.04,0.07576869,0.08238497,0.9316069,151.73
92400,0.49,0.49,0.02,0.08353469,0.07794431,0.5452019,124.33
92500,0.53,0.43,0.04,0.07885137,0.08033609,0.7238047,137.95
92600,0.39,0.56,0.05,0.08310271,0.07974725,0.948007,160.16
92700,0.45,0.49,0.06,0.07693094,0.0736711,1.158809,165.46
92800,0.42,0.55,0.03,0.08731996,0.08416844,0.7674041,125.62
92900,0.47,0.49,0.04,0.08094881,0.0813171,0.8964058,147.78
93000,0.4,0.53,0.07,0.07939491,0.06770442,0.9330093,178.75
93100,0.41,0.55,0.04,0.0776845,0.07307123,0.8720079,151.79
93200,0.39,0.59,0.02,0.09287496,0.09320464,0.6192038,130.9
93300,0.39,0.52,0.09,0.08315157,0.08134978,0.8704063,179.42
93400,0.42,0.56,0.02,0.08287095,0.077931,0.2221998,138.96
93500,0.42,0.53,0.05,0.08827069,0.07306743,0.9798086,165.35
93600,0.46,0.49,0.05,0.07479683,0.07652896,0.8208057,142.36
93700,0.33,0.61,0.06,0.07857499,0.07589586,0.7388058,167.67
93800,0.52,0.44,0.04,0.0812599,0.07946627,0.8564042,160
93900,0.55,0.43,0.02,0.08475232,0.09900144,0.6114015,128.08
94000,0.4,0.59,0.01,0.09424693,0.0978379,0.3438019,111.25
94100,0.38,0.57,0.05,0.07187544,0.07444963,1.204011,165.94
94200,0.38,0.6,0.02,0.07744642,0.07227098,0.3812021,128.72
94300,0.43,0.5,0.07,0.07915141,0.08152106,1.182409,181.47
94400,0.44,0.51,0.05,0.07100028,0.07228054,1.250211,170.36
94500,0.43,0.55,0.02,0.07823323,0.0717876,0.6060045,129.21
94600,0.42,0.56,0.02,0.07990845,0.08251426,0.6214041,128.95
94700,0.48,0.48,0.04,0.09199609,0.09274795,0.9010069,128.84
94800,0.47,0.46,0.07,0.07887664,0.07345798,1.357213,159.27
94900,0.45,0.48,0.07,0.07709628,0.08903923,1.575613,190.45
95000,0.39,0.57,0.04,0.0794099,0.07997534,0.9734082,127.15
95100,0.39,0.57,0.04,0.08197734,0.09928766,0.8752064,153.5
95200,0.4,0.55,0.05,0.08461757,0.09603619,0.965009,157.87
95300,0.49,0.49,0.02,0.07913481,0.07295315,0.527004,114.11
95400,0.44,0.51,0.05,0.07893214,0.08805986,1.18021,162.14
95500,0.42,0.56,0.02,0.08404964,0.08183292,0.4448023,118.82
95600,0.43,0.51,0.06,0.09489122,0.1085384,1.304011,155.02
95700,0.51,0.43,0.06,0.08888725,0.08988136,1.082808,160.35
95800,0.47,0.49,0.04,0.08819409,0.08413049,0.8034038,138.28
95900,0.47,0.48,0.05,0.07562333,0.07402923,1.021609,144.08
96000,0.49,0.49,0.02,0.0939078,0.09494898,0.5372022,125.05
96100,0.37,0.62,0.01,0.09944148,0.1007575,0.1989998,131.36
96200,0.44,0.52,0.04,0.07094467,0.07684053,0.9590079,145.14
96300,0.44,0.52,0.04,0.08455475,0.09268638,0.8748063,142.39
96400,0.41,0.56,0.03,0.08763732,0.09749876,0.4484012,142.47
96500,0.49,0.47,0.04,0.07606289,0.09162691,0.9188061,137.5
96600,0.47,0.5,0.03,0.08226319,0.09061977,0.8062065,142.12
96700,0.38,0.58,0.04,0.07674646,0.07596782,0.829206,156.31
96800,0.41,0.56,0.03,0.08030888,0.08141537,0.3572021,117.11
96900,0.48,0.49,0.03,0.08239549,0.07883373,0.7826039,142.71
97000,0.46,0.51,0.03,0.08628249,0.0926952,0.6766041,138.87
97100,0.5,0.46,0.04,0.08861488,0.1131387,1.009606,145.26
97200,0.46,0.49,0.05,0.07721556,0.09604196,1.241811,155.54
97300,0.36,0.56,0.08,0.08996136,0.09493299,1.271413,155.52
97400,0.43,0.54,0.03,0.09068009,0.1102045,0.7536062,133.14
97500,0.43,0.51,0.06,0.07742734,0.07614262,1.001609,161.72
97600,0.45,0.54,0.01,0.08008388,0.0754642,0.2647998,124.49
97700,0.33,0.65,0.02,0.08072396,0.07956361,0.437802,132.53
97800,0.44,0.51,0.05,0.08470441,0.09321436,0.9846082,168.91
97900,0.32,0.66,0.02,0.08491591,0.08040322,0.5426031,118.71
98000,0.39,0.58,0.03,0.07575375,0.07271268,0.6592042,138.02
98100,0.42,0.55,0.03,0.08797004,0.0945396,0.3345997,122.88
98200,0.46,0.52,0.02,0.09164231,0.08892494,0.5052021,128.65
98300,0.5,0.47,0.03,0.07669144,0.08076433,0.6914049,122.15
98400,0.37,0.59,0.04,0.08624918,0.1039948,0.5682036,142.07
98500,0.4,0.58,0.02,0.07792133,0.07478295,0.6322044,138.39
98600,0.43,0.53,0.04,0.07506908,0.07300125,0.8984066,131.86
98700,0.39,0.55,0.06,0.07950981,0.07536323,1.197212,158.11
98800,0.43,0.55,0.02,0.08205118,0.06940179,0.5386031,138.97
98900,0.42,0.55,0.03,0.09796874,0.1206537,0.5010016,149.51
99000,0.47,0.5,0.03,0.07739155,0.06955693,0.6494023,188.92
99100,0.41,0.54,0.05,0.08287553,0.1056058,1.046808,150.37
99200,0.43,0.53,0.04,0.08233332,0.08293957,0.5230015,157.27
99300,0.43,0.56,0.01,0.1058907,0.09575511,0.5304019,117.06
99400,0.44,0.51,0.05,0.07958164,0.08503171,0.6410035,163.6
99500,0.45,0.52,0.03,0.084356,0.0847804,0.779406,146.34
99600,0.45,0.53,0.02,0.07773881,0.07201693,0.4512023,127.65
99700,0.48,0.49,0.03,0.0700511,0.06664107,0.537004,137.47
99800,0.39,0.59,0.02,0.08095381,0.08637278,0.6210039,128
99900,0.37,0.6,0.03,0.09976017,0.1082155,0.805806,122.57
100000,0.5,0.42,0.08,0.09346557,0.1032571,1.725817,166.05
100100,0.54,0.43,0.03,0.07884302,0.0757202,0.9342073,124.72
100200,0.41,0.55,0.04,0.07830098,0.08086514,1.050209,147.5
100300,0.42,0.55,0.03,0.08954141,0.09346023,0.2467999,125.79
100400,0.43,0.52,0.05,0.08648695,0.09563527,0.8964088,142.08
100500,0.38,0.61,0.01,0.0787897,0.07995129,0.382402,146.23
100600,0.54,0.45,0.01,0.08682735,0.08853122,0.6292017,100.85
100700,0.48,0.48,0.04,0.07323993,0.07338814,0.8580057,138.19
100800,0.46,0.53,0.01,0.08320477,0.08032403,0.4954023,125.06
100900,0.43,0.51,0.06,0.07726323,0.08129451,1.274611,156.54
101000,0.3,0.66,0.04,0.08915213,0.1033951,0.6872063,145.38
101100,0.44,0.53,0.03,0.08708047,0.08719809,0.6820043,140.29
101200,0.43,0.55,0.02,0.07211129,0.07403799,0.8078046,124.28
101300,0.39,0.58,0.03,0.08260652,0.07933708,0.9124061,137.73
101400,0.4,0.56,0.04,0.07330447,0.07847548,0.6064048,145.5
101500,0.48,0.52,0,0.08909875,0.07774109,0.2837998,112.11
101600,0.46,0.53,0.01,0.07904055,0.07455681,0.3175997,127.81
101700,0.43,0.52,0.05,0.08316416,0.07490649,0.847607,168.47
101800,0.42,0.55,0.03,0.08599225,0.09097821,0.605204,139.58
101900,0.46,0.51,0.03,0.08019661,0.08777991,0.6834041,146.59
102000,0.55,0.42,0.03,0.08613706,0.08328231,0.8658074,114.45
102100,0.39,0.59,0.02,0.08979872,0.08918715,0.3992021,138.71
102200,0.45,0.54,0.01,0.07660306,0.07642917,0.2989998,125.82
102300,0.52,0.44,0.04,0.08155984,0.07909367,0.9818088,126.95
102400,0.46,0.52,0.02,0.08043586,0.07297426,0.4488019,118.77
102500,0.35,0.63,0.02,0.07867433,0.09058766,0.345402,141.58
102600,0.36,0.59,0.05,0.08165046,0.07946074,0.6746065,145.35
102700,0.47,0.48,0.05,0.07770874,0.08115301,1.209211,148.38
102800,0.45,0.52,0.03,0.08749384,0.0891635,0.6180046,119.33
102900,0.51,0.44,0.05,0.09273124,0.09389944,0.9576086,154.06
103000,0.36,0.58,0.06,0.08622155,0.08234865,1.024209,177.32
103100,0.42,0.54,0.04,0.08830963,0.0935917,0.7500047,132.72
103200,0.44,0.49,0.07,0.07647781,0.07339422,1.29081,175.14
103300,0.43,0.54,0.03,0.07568699,0.07310452,0.7208034,148.57
103400,0.45,0.54,0.01,0.08912699,0.0898044,0.5300022,118.11
103500,0.5,0.43,0.07,0.0786991,0.08165888,1.340212,161.46
103600,0.54,0.43,0.03,0.07602764,0.08380076,0.9694067,140.67
103700,0.47,0.48,0.05,0.09512115,0.1075551,0.7990062,138.14
103800,0.32,0.64,0.04,0.07417855,0.07403834,0.9772086,143.75
103900,0.46,0.5,0.04,0.08003405,0.07577567,0.7012067,143.88
104000,0.5,0.43,0.07,0.09351963,0.08890436,1.271611,171.53
104100,0.44,0.51,0.05,0.08939192,0.1195532,0.8418064,138.64
104200,0.48,0.48,0.04,0.08343209,0.07695788,0.5896036,127.33
104300,0.47,0.5,0.03,0.08011052,0.09693872,0.824007,122.8
104400,0.45,0.54,0.01,0.08945097,0.08609052,0.5958024,106.08
104500,0.4,0.56,0.04,0.09637559,0.1088296,0.7904069,137.89
104600,0.46,0.51,0.03,0.07382296,0.07327957,0.9370067,134.75
104700,0.41,0.54,0.05,0.0954945,0.1181243,1.025409,142.06
104800,0.5,0.47,0.03,0.08555491,0.08008027,0.7972044,138.32
104900,0.47,0.49,0.04,0.0781846,0.07254073,0.5410022,144.93
105000,0.43,0.49,0.08,0.07696912,0.07776724,1.160812,173.77
105100,0.47,0.48,0.05,0.07754508,0.09305415,0.8280067,167.41
105200,0.45,0.51,0.04,0.08906858,0.09201503,0.8364065,149.2
105300,0.46,0.5,0.04,0.07847787,0.08161781,0.8626071,129.11
105400,0.35,0.64,0.01,0.08703565,0.09046363,0.2802023,126.55
105500,0.41,0.58,0.01,0.08025557,0.06952808,0.4748022,120.78
105600,0.41,0.54,0.05,0.07693661,0.07272957,1.083011,139.27
105700,0.38,0.56,0.06,0.08024614,0.08345853,1.003008,157.33
105800,0.42,0.55,0.03,0.09201153,0.0946014,0.8166057,130.47
105900,0.42,0.54,0.04,0.107124,0.111092,1.149609,129.22
106000,0.44,0.53,0.03,0.07854355,0.07334213,0.3261998,130.25
106100,0.41,0.5,0.09,0.08346366,0.08008064,1.485016,183.8
106200,0.5,0.45,0.05,0.08618308,0.0937985,1.030209,143
106300,0.34,0.61,0.05,0.08020333,0.08039924,0.3816022,146.27
106400,0.5,0.45,0.05,0.09401247,0.1124056,1.331812,147.43
106500,0.38,0.58,0.04,0.09556033,0.08652709,0.669405,148.04
106600,0.39,0.58,0.03,0.08842391,0.09624743,0.4662022,130.12
106700,0.41,0.54,0.05,0.08286918,0.07968627,0.9770088,147.07
106800,0.52,0.44,0.04,0.07996812,0.09040833,0.7326061,122.96
106900,0.51,0.49,0,0.1107765,0.1160986,0.5583996,113.34
107000,0.4,0.53,0.07,0.07800728,0.07396409,1.467614,171.06
107100,0.4,0.58,0.02,0.07466368,0.07420139,0.3530022,125.68
107200,0.43,0.52,0.05,0.07402944,0.0724096,1.386012,160.95
107300,0.38,0.55,0.07,0.07549836,0.072031,1.129812,166.44
107400,0.43,0.53,0.04,0.07869282,0.08206961,0.9192071,145.64
107500,0.47,0.52,0.01,0.08024015,0.08116379,0.5090019,109.4
107600,0.46,0.5,0.04,0.07792149,0.08031809,1.005807,140.29
107700,0.49,0.47,0.04,0.0841657,0.1016228,0.7788065,129.91
107800,0.4,0.55,0.05,0.09227,0.09717485,0.7580068,132.78
107900,0.38,0.56,0.06,0.07410597,0.06976771,1.316814,164.83
108000,0.53,0.44,0.03,0.09077473,0.09492844,0.6412046,129
108100,0.37,0.6,0.03,0.07410967,0.07102351,0.556005,139.49
108200,0.47,0.5,0.03,0.07729711,0.08486584,0.7906042,136.5
108300,0.47,0.5,0.03,0.08949251,0.0836851,0.838006,140.76
108400,0.33,0.65,0.02,0.07636309,0.0893352,0.5774043,133.17
108500,0.44,0.51,0.05,0.07245389,0.07210286,1.001406,169.61
108600,0.42,0.54,0.04,0.08690228,0.08519085,0.9226063,162.88
108700,0.48,0.48,0.04,0.07891637,0.07701875,0.8538069,141.66
108800,0.41,0.53,0.06,0.08000499,0.08787029,1.272612,153.56
108900,0.43,0.54,0.03,0.07760753,0.07525881,0.8072058,139.01
109000,0.41,0.53,0.06,0.08057442,0.08129698,0.9500076,160.94
109100,0.39,0.57,0.04,0.0750593,0.07222747,0.8920089,161.45
109200,0.48,0.49,0.03,0.08341756,0.07983544,0.891207,146.13
109300,0.41,0.57,0.02,0.07648984,0.0777228,0.5046022,129.03
109400,0.53,0.41,0.06,0.07900526,0.08327681,1.347208,193.75
109500,0.55,0.42,0.03,0.0776777,0.07207621,0.6272016,138.58
109600,0.43,0.55,0.02,0.0833212,0.08367931,0.4992042,116.37
109700,0.45,0.48,0.07,0.08695123,0.0896973,1.548015,177.38
109800,0.46,0.49,0.05,0.08416972,0.0887315,1.142209,173.24
109900,0.58,0.4,0.02,0.08466464,0.09126341,0.7310018,141.28
110000,0.43,0.56,0.01,0.08529344,0.08854799,0.4488025,136.14
110100,0.42,0.55,0.03,0.100412,0.09829946,0.7972066,150.85
110200,0.39,0.57,0.04,0.08164217,0.0844764,0.8156068,133.84
110300,0.49,0.46,0.05,0.0815148,0.0880992,1.008008,147.65
110400,0.38,0.59,0.03,0.08023442,0.07722735,0.6176044,136.94
110500,0.45,0.53,0.02,0.07774374,0.07746811,0.6916038,129.38
110600,0.45,0.52,0.03,0.08508394,0.1042169,0.879807,124.26
110700,0.43,0.51,0.06,0.09645355,0.09336109,0.9628069,162.17
110800,0.48,0.47,0.05,0.08551088,0.07908671,1.154808,149.77
110900,0.4,0.57,0.03,0.09114496,0.09915716,0.6782042,136.44
111000,0.4,0.58,0.02,0.09139358,0.09472834,0.5556045,124.91
111100,0.48,0.5,0.02,0.07771219,0.06950374,0.4628021,125.45
111200,0.47,0.51,0.02,0.09140259,0.08576792,0.427202,129.9
111300,0.47,0.46,0.07,0.07998539,0.07857157,1.501014,192.53
111400,0.44,0.51,0.05,0.08313355,0.08864655,0.7562057,155.99
111500,0.41,0.57,0.02,0.07593817,0.07576909,0.4900019,123.96
111600,0.38,0.57,0.05,0.09042695,0.09864455,0.7760057,152.41
111700,0.4,0.57,0.03,0.07740979,0.08776851,0.7792069,126.61
111800,0.4,0.54,0.06,0.08675551,0.09107263,1.459614,152.07
111900,0.4,0.56,0.04,0.07845419,0.09449677,0.8076065,146.83
112000,0.42,0.55,0.03,0.08698697,0.08883438,0.7206076,137.19
112100,0.34,0.62,0.04,0.07534602,0.07405306,0.9474086,152.04
112200,0.42,0.57,0.01,0.08072183,0.07886487,0.3545997,98.76
112300,0.4,0.55,0.05,0.07631423,0.07453421,1.053208,166.92
112400,0.54,0.43,0.03,0.08303766,0.0799032,0.6672041,132.35
112500,0.37,0.61,0.02,0.09759638,0.1011316,0.5730048,121.61
112600,0.43,0.53,0.04,0.07345541,0.07654855,0.6558045,150.04
112700,0.4,0.58,0.02,0.07651473,0.07510224,0.452202,117.61
112800,0.54,0.46,0,0.07952229,0.08134153,0.3865997,92.42
112900,0.41,0.55,0.04,0.07222166,0.08005426,0.7610057,149.62
113000,0.44,0.52,0.04,0.07364907,0.07292857,0.4426018,132.1
113100,0.44,0.52,0.04,0.07624173,0.0781797,0.5276023,147.61
113200,0.47,0.47,0.06,0.07863191,0.07542507,1.26981,150.59
113300,0.41,0.56,0.03,0.08437576,0.08848835,0.6414042,127.92
113400,0.47,0.47,0.06,0.07405626,0.07153873,1.26961,164.65
113500,0.44,0.52,0.04,0.09369662,0.08976825,0.8432059,127.05
113600,0.47,0.49,0.04,0.08063016,0.076803,0.5560043,126.96
113700,0.48,0.5,0.02,0.08144305,0.08164284,0.5472022,119.97
113800,0.41,0.55,0.04,0.08454097,0.08316471,0.3862017,132.78
113900,0.43,0.52,0.05,0.07973985,0.0834348,1.092408,144.74
114000,0.3,0.64,0.06,0.08592047,0.1008263,0.7004058,155.9
114100,0.33,0.61,0.06,0.08651772,0.08422711,1.061411,142.9
114200,0.47,0.52,0.01,0.07912083,0.0773686,0.4988019,110.64
114300,0.48,0.48,0.04,0.09084021,0.09350645,0.8800066,141.52
114400,0.42,0.56,0.02,0.1085325,0.1424783,0.2961998,130.01
114500,0.33,0.64,0.03,0.080393,0.07247324,0.328002,131.38
114600,0.35,0.59,0.06,0.08203661,0.07629704,1.173412,151.02
114700,0.4,0.58,0.02,0.08790006,0.09049122,0.6742045,160.48
114800,0.44,0.56,0,0.07715218,0.07117502,0.2557998,107.58
114900,0.44,0.53,0.03,0.07904614,0.07226091,0.8512061,126.28
115000,0.43,0.52,0.05,0.07262948,0.0735368,1.205011,161.66
115100,0.47,0.49,0.04,0.09675339,0.1036693,1.191008,175.88
115200,0.34,0.65,0.01,0.07068282,0.06871773,0.2423998,126.19
115300,0.32,0.63,0.05,0.08865985,0.09079675,1.044611,157.42
115400,0.44,0.56,0,0.07796341,0.08981871,0.3957997,101.7
115500,0.46,0.5,0.04,0.08892895,0.1065755,0.9782071,126.94
115600,0.39,0.61,0,0.08001664,0.07931129,0.3633997,121.54
115700,0.49,0.49,0.02,0.07809199,0.07766327,0.7734041,113.4
115800,0.4,0.55,0.05,0.09883626,0.1022906,1.101609,152.14
115900,0.5,0.49,0.01,0.07585607,0.07502926,0.6292021,123.78
116000,0.48,0.5,0.02,0.07914285,0.07548167,0.3314019,141.17
116100,0.44,0.53,0.03,0.08399586,0.09084905,0.8682063,152.45
116200,0.47,0.49,0.04,0.0839888,0.08078922,0.8978061,139.67
116300,0.5,0.49,0.01,0.09137183,0.08774321,0.650402,113.48
116400,0.43,0.55,0.02,0.07703135,0.0728838,0.4664011,127.09
116500,0.37,0.6,0.03,0.08223321,0.07791653,0.5690038,132.45
116600,0.38,0.59,0.03,0.08067244,0.07872917,0.5774042,128.16
116700,0.43,0.55,0.02,0.07396458,0.07514607,0.5736036,128.37
116800,0.53,0.44,0.03,0.07364518,0.07300052,0.3909997,141.55
116900,0.5,0.48,0.02,0.08178412,0.08909904,0.6956036,119.09
117000,0.45,0.54,0.01,0.08086605,0.07730308,0.4236017,121.66
117100,0.34,0.61,0.05,0.07923412,0.08845255,0.8440071,155.35
117200,0.34,0.66,0,0.08782429,0.09273455,0.1739999,119.29
117300,0.47,0.5,0.03,0.08955897,0.08905224,0.4334024,129.51
117400,0.39,0.57,0.04,0.07470074,0.08508959,0.5660037,136.43
117500,0.38,0.58,0.04,0.07375735,0.07288743,0.6602048,139.06
117600,0.45,0.52,0.03,0.07950925,0.09746601,0.8914067,139.15
117700,0.44,0.56,0,0.0740767,0.06763978,0.4231996,113.55
117800,0.44,0.54,0.02,0.07911246,0.07710021,0.4678018,130.06
117900,0.46,0.51,0.03,0.07812794,0.08133636,0.8836065,145.1
118000,0.39,0.59,0.02,0.09704273,0.1004543,0.4332017,117.49
118100,0.4,0.56,0.04,0.07649518,0.07171135,0.3363997,137.65
118200,0.41,0.57,0.02,0.08510567,0.08490612,0.4352019,129.78
118300,0.41,0.57,0.02,0.09633355,0.08867154,0.5356033,136.71
118400,0.46,0.49,0.05,0.07011042,0.07052612,1.123807,163.42
118500,0.4,0.54,0.06,0.07520075,0.07786462,0.8842062,147.59
118600,0.45,0.53,0.02,0.08714818,0.08525541,0.5036022,118.25
118700,0.4,0.54,0.06,0.07706241,0.06905336,0.9094081,156.87
118800,0.49,0.49,0.02,0.09344289,0.1000927,0.7912037,137.27
118900,0.47,0.49,0.04,0.08169679,0.07534263,0.5558038,132.1
119000,0.5,0.46,0.04,0.07000153,0.06852278,0.8140053,143.65
119100,0.39,0.56,0.05,0.07393862,0.06895581,0.817606,150.08
119200,0.46,0.51,0.03,0.07378099,0.08285058,0.8154063,142.66
119300,0.41,0.52,0.07,0.09832884,0.09356704,1.238614,151.07
119400,0.44,0.53,0.03,0.07693879,0.07452395,0.8768048,146.48
119500,0.42,0.56,0.02,0.09055796,0.08548331,0.7792045,118.15
119600,0.4,0.54,0.06,0.09438191,0.09677871,0.9138083,130.83
119700,0.42,0.51,0.07,0.08261918,0.08497605,1.002609,170.76
119800,0.44,0.5,0.06,0.08040667,0.07404928,1.09581,169.58
119900,0.53,0.43,0.04,0.09101861,0.09273992,0.6928027,126.02
120000,0.47,0.5,0.03,0.09184831,0.1162967,0.2899998,128.52
120100,0.44,0.53,0.03,0.0859035,0.07985402,0.8116044,142.82
120200,0.38,0.59,0.03,0.08391701,0.09268198,0.7032054,129.67
120300,0.44,0.51,0.05,0.08475137,0.1035664,1.157211,143.5
120400,0.45,0.53,0.02,0.08016299,0.07797487,0.655602,125.85
120500,0.45,0.53,0.02,0.08363526,0.08395821,0.6698047,111.22
120600,0.47,0.49,0.04,0.07650232,0.07195228,1.051209,143.59
120700,0.44,0.53,0.03,0.08071906,0.07490661,0.8938059,117.32
120800,0.42,0.54,0.04,0.08832808,0.08720507,0.8386068,130.88
120900,0.39,0.6,0.01,0.08047728,0.07718062,0.3646022,96.38
121000,0.51,0.44,0.05,0.08005783,0.07965817,1.205011,154.32
121100,0.38,0.59,0.03,0.08321662,0.07530441,0.6734045,164.61
121200,0.52,0.46,0.02,0.07717143,0.08022559,0.7648045,117.77
121300,0.47,0.51,0.02,0.08240563,0.08778746,0.3641997,136.78
121400,0.4,0.58,0.02,0.07478977,0.06882189,0.5462042,145.77
121500,0.43,0.55,0.02,0.08539755,0.09290075,0.4354022,102.53
121600,0.5,0.48,0.02,0.0856545,0.1035494,0.5460017,126.94
121700,0.46,0.49,0.05,0.07578766,0.07482925,0.6314039,167.47
121800,0.47,0.5,0.03,0.09538338,0.1044882,0.696604,130.99
121900,0.39,0.58,0.03,0.08010534,0.07880726,0.2475998,134.25
122000,0.47,0.5,0.03,0.08075879,0.08609843,0.8384041,141.94
122100,0.37,0.6,0.03,0.07844776,0.07656775,0.4886023,135.49
122200,0.38,0.54,0.08,0.08108548,0.08118214,1.306013,174.32
122300,0.36,0.6,0.04,0.07883527,0.07998507,0.5726042,138.99
122400,0.42,0.54,0.04,0.08245754,0.0747913,0.7026054,129.63
122500,0.43,0.55,0.02,0.07320286,0.07149557,0.6092042,111.58
122600,0.34,0.62,0.04,0.08165088,0.09736919,0.6706042,164.44
122700,0.4,0.58,0.02,0.09533075,0.1127773,0.6000032,114.84
122800,0.43,0.55,0.02,0.09330378,0.1106509,0.3670017,109.87
122900,0.45,0.49,0.06,0.07712536,0.07541297,0.6930043,155.21
123000,0.46,0.51,0.03,0.08683742,0.08030824,0.7114046,130.42
123100,0.38,0.6,0.02,0.08283374,0.08939509,0.6606033,123.25
123200,0.4,0.59,0.01,0.08473691,0.1057658,0.4980021,135.16
123300,0.43,0.56,0.01,0.08539861,0.08317547,0.4428013,123.06
123400,0.46,0.53,0.01,0.08086907,0.07474652,0.2545998,128.57
123500,0.42,0.55,0.03,0.08218319,0.07478576,0.7976061,143.19
123600,0.36,0.62,0.02,0.08970496,0.0932011,0.3360015,107.8
123700,0.37,0.62,0.01,0.07719535,0.0833041,0.3870022,118.9
123800,0.5,0.48,0.02,0.0768755,0.07848931,0.4996015,120.06
123900,0.42,0.55,0.03,0.07274085,0.06670342,0.5360035,125.82
124000,0.42,0.55,0.03,0.07937734,0.0871316,0.6350028,150.97
124100,0.44,0.53,0.03,0.07289504,0.07389114,0.4218014,140.9
124200,0.41,0.56,0.03,0.07800499,0.08954594,0.8704058,139.34
124300,0.42,0.46,0.12,0.08915886,0.09413435,1.684415,203.94
124400,0.47,0.49,0.04,0.08162561,0.08145475,0.9278072,129.94
124500,0.42,0.54,0.04,0.07581532,0.07493705,0.6720058,153.06
124600,0.43,0.54,0.03,0.1000094,0.1091367,0.6618039,133.7
124700,0.42,0.55,0.03,0.08888875,0.08718769,0.4434024,123.68
124800,0.42,0.56,0.02,0.09456436,0.09273477,0.5466025,129.96
124900,0.41,0.57,0.02,0.07825997,0.07506635,0.3916021,128.29
125000,0.43,0.53,0.04,0.069916,0.07219954,0.4674023,147.42
125100,0.53,0.44,0.03,0.08339285,0.09185018,0.7956042,143.86
125200,0.49,0.48,0.03,0.0800206,0.07771873,0.7758061,138.83
125300,0.51,0.45,0.04,0.07824273,0.095599,0.8790054,135.05
125400,0.37,0.6,0.03,0.0893279,0.0978252,0.3442021,114.74
125500,0.44,0.51,0.05,0.08729827,0.08836903,1.108408,144.6
125600,0.42,0.53,0.05,0.0781476,0.07495435,0.8742073,157.3
125700,0.42,0.5,0.08,0.08857857,0.1093845,1.198811,177.78
125800,0.38,0.57,0.05,0.09709647,0.09517906,0.880208,146.6
125900,0.43,0.55,0.02,0.08003996,0.07706658,0.6196039,135.27
126000,0.44,0.54,0.02,0.08048255,0.06995232,0.5458024,125.06
126100,0.4,0.57,0.03,0.07617085,0.0666687,0.6824047,120.09
126200,0.5,0.45,0.05,0.1122913,0.1116641,1.182209,148.38
126300,0.54,0.44,0.02,0.08058293,0.07055797,0.6176016,137.09
126400,0.46,0.53,0.01,0.1040497,0.1246877,0.3087998,125.92
126500,0.47,0.49,0.04,0.08872131,0.1222111,0.7982064,128.14
126600,0.4,0.58,0.02,0.07733591,0.09560097,0.3932014,113.33
126700,0.41,0.56,0.03,0.0892997,0.09311444,1.022007,145.58
126800,0.44,0.55,0.01,0.072561,0.06791177,0.3986001,116.65
126900,0.43,0.51,0.06,0.08813735,0.1091668,1.17361,159.04
127000,0.5,0.5,0,0.08025192,0.07196917,0.3783997,108.81
127100,0.38,0.6,0.02,0.0931998,0.1097517,0.3024008,123.19
127200,0.44,0.53,0.03,0.07561065,0.07447591,0.7454061,170.76
127300,0.36,0.61,0.03,0.07716674,0.07183677,0.7486044,151.13
127400,0.45,0.54,0.01,0.0823482,0.09986815,0.2571998,109.91
127500,0.38,0.57,0.05,0.09116399,0.09028245,1.17321,161.78
127600,0.4,0.57,0.03,0.08886154,0.102922,0.493403,127.41
127700,0.36,0.55,0.09,0.08512595,0.09187751,1.358413,201.78
127800,0.43,0.52,0.05,0.07275698,0.06742778,0.5618039,139.9
127900,0.5,0.47,0.03,0.06885365,0.06650411,0.664004,154.9
128000,0.39,0.59,0.02,0.07127681,0.07926126,0.5710018,125.72
128100,0.4,0.56,0.04,0.08027292,0.08457835,0.9006059,155.13
128200,0.38,0.6,0.02,0.07088201,0.07161704,0.2061999,113.59
128300,0.41,0.59,0,0.08934944,0.08396175,0.1827999,105.87
128400,0.47,0.53,0,0.07822111,0.07401837,0.4561996,118.04
128500,0.51,0.46,0.03,0.0745049,0.08486248,0.5320021,144.19
128600,0.45,0.53,0.02,0.06916783,0.06830641,0.6254038,124.57
128700,0.46,0.5,0.04,0.08644965,0.08248028,0.2565998,137.8
128800,0.43,0.54,0.03,0.07482912,0.06853476,0.7264064,138.67
128900,0.41,0.55,0.04,0.0721628,0.0782795,0.8688064,157.75
129000,0.47,0.51,0.02,0.1084618,0.1186104,0.5826046,99.81
129100,0.41,0.57,0.02,0.09349421,0.1195106,0.2031998,116.97
129200,0.44,0.52,0.04,0.07799082,0.07672418,0.6536055,140.63
129300,0.45,0.47,0.08,0.0756854,0.08174081,1.526215,164.86
129400,0.35,0.63,0.02,0.07196826,0.07080305,0.604004,140.64
129500,0.31,0.66,0.03,0.08660835,0.09608537,0.3362018,122.37
129600,0.47,0.53,0,0.08531496,0.07500421,0.3053997,106.13
129700,0.46,0.5,0.04,0.07284618,0.08764705,0.9828093,138.36
129800,0.42,0.54,0.04,0.08625048,0.08256337,0.8716063,153.87
129900,0.45,0.53,0.02,0.0831946,0.07599958,0.5556018,131.99
130000,0.46,0.52,0.02,0.07520988,0.07393672,0.5350016,133.64
130100,0.45,0.53,0.02,0.07011468,0.06778757,0.4968014,130.29
130200,0.44,0.53,0.03,0.08289879,0.08702503,0.6466049,134.08
130300,0.32,0.64,0.04,0.07842343,0.07835177,0.6360041,159.04
130400,0.42,0.52,0.06,0.09263944,0.1101792,1.125211,153.52
130500,0.4,0.55,0.05,0.07860789,0.07853308,0.6318036,154.52
130600,0.41,0.56,0.03,0.07332494,0.07187533,0.7214036,133.82
130700,0.45,0.53,0.02,0.09402583,0.09590875,0.6162042,112.28
130800,0.4,0.54,0.06,0.0767295,0.07520862,0.8628063,153.24
130900,0.4,0.57,0.03,0.08280789,0.08623002,0.3558024,132.6
131000,0.41,0.53,0.06,0.07315516,0.06994062,1.066209,161.42
131100,0.44,0.53,0.03,0.07589751,0.08237062,0.6298022,136.57
131200,0.42,0.55,0.03,0.09111969,0.08040925,0.8278058,119.5
131300,0.38,0.61,0.01,0.08148919,0.08570418,0.5058022,124.49
131400,0.37,0.59,0.04,0.07771724,0.07250938,0.9112062,158.98
131500,0.47,0.48,0.05,0.09576501,0.1052299,0.7058039,144.35
131600,0.48,0.48,0.04,0.07747676,0.07946081,0.8340067,150.3
131700,0.49,0.49,0.02,0.07839013,0.07617323,0.7046037,131.55
131800,0.43,0.55,0.02,0.0893302,0.08571213,0.3756018,121.56
131900,0.34,0.61,0.05,0.08203134,0.08000422,0.9578089,150.37
132000,0.45,0.53,0.02,0.08424947,0.08260535,0.3296021,130.4
132100,0.49,0.47,0.04,0.08332987,0.08509892,0.7016041,147.11
132200,0.41,0.57,0.02,0.07708443,0.0739628,0.547802,152.4
132300,0.52,0.46,0.02,0.07367393,0.06593879,0.3469997,122.91
132400,0.39,0.56,0.05,0.08978039,0.08679372,1.219009,154.94
132500,0.31,0.66,0.03,0.0811098,0.1068486,0.4904036,127.02
132600,0.42,0.55,0.03,0.07697474,0.0904093,0.8436062,124.57
132700,0.38,0.59,0.03,0.0799593,0.07467038,0.7144042,154.93
132800,0.37,0.6,0.03,0.07959399,0.07429051,0.5692042,133.38
132900,0.36,0.57,0.07,0.09236396,0.09547997,1.070208,186.43
133000,0.45,0.52,0.03,0.09027103,0.0953942,0.7300041,134.56
133100,0.35,0.57,0.08,0.08540663,0.08789007,0.8880073,210.83
133200,0.46,0.47,0.07,0.08215889,0.07414789,1.372613,163.56
133300,0.44,0.52,0.04,0.08422076,0.0885024,0.9062045,137
133400,0.48,0.48,0.04,0.08422985,0.08329273,1.050207,129.31
133500,0.51,0.44,0.05,0.07279868,0.07049508,1.273209,183.72
133600,0.36,0.61,0.03,0.07905702,0.07995787,0.4390021,156.36
133700,0.35,0.61,0.04,0.07248275,0.07588466,0.636804,147.27
133800,0.44,0.55,0.01,0.08430079,0.08138373,0.4870023,112.77
133900,0.38,0.58,0.04,0.09129235,0.08836688,0.8886074,136.91
134000,0.48,0.49,0.03,0.08096948,0.08544529,0.7824047,149.87
134100,0.46,0.49,0.05,0.0789954,0.08350229,0.9298056,149.1
134200,0.37,0.56,0.07,0.08509904,0.07546356,0.7876073,176.94
134300,0.46,0.51,0.03,0.07893808,0.07488296,0.719604,152.71
134400,0.39,0.55,0.06,0.09541347,0.1121226,0.9636095,165.78
134500,0.43,0.53,0.04,0.08079756,0.0806251,0.486602,145.2
134600,0.41,0.53,0.06,0.08578288,0.09672277,1.024608,165.25
134700,0.5,0.5,0,0.07860244,0.07971326,0.1935998,99.86
134800,0.41,0.57,0.02,0.09332287,0.09972037,0.4750022,114.19
134900,0.39,0.57,0.04,0.08623729,0.0902363,0.8590077,145.81
135000,0.41,0.57,0.02,0.09571374,0.09339146,0.3964019,123.06
135100,0.44,0.48,0.08,0.080129,0.07548033,1.333614,177.62
135200,0.51,0.47,0.02,0.09423369,0.104471,0.4634014,123.72
135300,0.48,0.5,0.02,0.07675149,0.07674503,0.7444035,129.34
135400,0.47,0.51,0.02,0.0742997,0.0708624,0.9096033,132.49
135500,0.4,0.57,0.03,0.08579693,0.07757314,0.4990021,130.01
135600,0.4,0.57,0.03,0.08120639,0.08804157,0.5922033,138.83
135700,0.37,0.56,0.07,0.07848418,0.07129913,0.8034052,177.02
135800,0.43,0.54,0.03,0.07546284,0.08080812,0.7016016,158.25
135900,0.39,0.58,0.03,0.0880086,0.08592816,0.7690045,145.55
136000,0.43,0.55,0.02,0.0835403,0.08013041,0.6014034,124.91
136100,0.43,0.56,0.01,0.07593226,0.07093989,0.2729998,123.2
136200,0.35,0.6,0.05,0.09395289,0.09404489,0.9458092,159.15
136300,0.45,0.53,0.02,0.07814807,0.08506951,0.8634031,134.57
136400,0.39,0.58,0.03,0.08338396,0.09600705,0.3884021,147.08
136500,0.49,0.51,0,0.09728134,0.09998512,0.2721998,95.33
136600,0.31,0.68,0.01,0.1015152,0.09289279,0.3580022,111.18
136700,0.4,0.57,0.03,0.07489446,0.07890636,0.4582019,135.91
136800,0.28,0.72,0,0.07664666,0.07773543,0.2761998,141.74
136900,0.44,0.53,0.03,0.07531904,0.07779021,0.4702015,144.43
137000,0.4,0.59,0.01,0.07028265,0.06805284,0.3895997,139.87
137100,0.45,0.53,0.02,0.07252621,0.07340739,0.6446044,122.91
137200,0.41,0.58,0.01,0.08620474,0.09022109,0.5390024,129.98
137300,0.42,0.58,0,0.08054403,0.07412247,0.2715998,123.51
137400,0.38,0.55,0.07,0.07603968,0.08338437,0.9522081,171.76
137500,0.39,0.56,0.05,0.08890639,0.09223972,0.5184031,149.57
137600,0.48,0.51,0.01,0.07870023,0.07648312,0.4628015,109.21
137700,0.44,0.54,0.02,0.06982402,0.07002014,0.3825997,133.64
137800,0.45,0.54,0.01,0.08207557,0.08659305,0.2911998,107.75
137900,0.46,0.52,0.02,0.0897449,0.09922613,0.2179999,107.91
138000,0.37,0.59,0.04,0.07348949,0.08362215,1.025607,157.2
138100,0.45,0.5,0.05,0.07719669,0.0815895,0.800005,163.85
138200,0.39,0.59,0.02,0.07485402,0.07212712,0.507602,142.95
138300,0.48,0.49,0.03,0.08272834,0.08108232,0.480002,129.25
138400,0.43,0.54,0.03,0.0756642,0.07265225,0.4666018,128.62
138500,0.38,0.6,0.02,0.07848727,0.07740062,0.6390036,145.88
138600,0.43,0.54,0.03,0.08369184,0.09309828,1.029806,174.79
138700,0.47,0.49,0.04,0.08820693,0.09688453,0.7506042,141.95
138800,0.44,0.52,0.04,0.09589543,0.1067757,0.7616038,136.4
138900,0.43,0.56,0.01,0.1043431,0.1134029,0.3889997,121.32
139000,0.4,0.57,0.03,0.07508581,0.07208616,0.5512041,149.99
139100,0.52,0.45,0.03,0.07557629,0.0755771,0.6560037,142.11
139200,0.37,0.61,0.02,0.07766616,0.07422021,0.2205998,123.45
139300,0.46,0.52,0.02,0.0796289,0.08748803,0.8454044,136.31
139400,0.41,0.56,0.03,0.08213273,0.08104907,0.662403,129.21
139500,0.39,0.55,0.06,0.09776637,0.1033268,1.120009,155.21
139600,0.48,0.51,0.01,0.1065213,0.1240626,0.6096027,110.47
139700,0.39,0.57,0.04,0.08563034,0.08444481,0.613205,138.58
139800,0.48,0.48,0.04,0.07339022,0.07689322,1.153409,156.87
139900,0.47,0.5,0.03,0.07522918,0.07538909,0.4620016,128.82
140000,0.47,0.49,0.04,0.07908199,0.07663246,0.5542033,150.13
140100,0.4,0.53,0.07,0.08609206,0.1050326,0.967208,167.94
140200,0.44,0.53,0.03,0.07316469,0.06842217,0.8622069,130.74
140300,0.3,0.66,0.04,0.07241175,0.08031066,0.829406,167.39
140400,0.42,0.56,0.02,0.08227848,0.07592457,0.4312016,112.74
140500,0.34,0.62,0.04,0.07890876,0.07981521,0.5340047,145.8
140600,0.43,0.54,0.03,0.07515564,0.08754501,0.4472035,125.08
140700,0.32,0.68,0,0.09364124,0.1017192,0.2183999,126.17
140800,0.47,0.48,0.05,0.07904352,0.07661134,0.7324047,146.23
140900,0.45,0.51,0.04,0.08180938,0.0823237,0.4582021,136.46
141000,0.44,0.52,0.04,0.08289722,0.07592095,0.9832086,147.23
141100,0.46,0.53,0.01,0.08065315,0.06863423,0.5800019,124.71
141200,0.45,0.52,0.03,0.09069069,0.1034924,0.4682007,129.36
141300,0.38,0.58,0.04,0.08235886,0.0845524,0.8442077,129.62
141400,0.45,0.51,0.04,0.07443602,0.07716525,0.9120064,134.73
141500,0.49,0.49,0.02,0.07509451,0.07748115,0.4134024,131.41
141600,0.43,0.56,0.01,0.07724349,0.0766542,0.4329997,125.21
141700,0.57,0.42,0.01,0.07805849,0.08595619,0.6334023,127.2
141800,0.36,0.6,0.04,0.07548362,0.07733521,0.5712041,149.03
141900,0.34,0.63,0.03,0.08371449,0.09948175,0.1777999,149.68
142000,0.41,0.58,0.01,0.07502425,0.0775985,0.4166021,120.52
142100,0.43,0.55,0.02,0.07775686,0.06978226,0.6330034,132.29
142200,0.43,0.55,0.02,0.08271518,0.08092704,0.6972042,128.08
142300,0.43,0.56,0.01,0.08414239,0.09146049,0.5210013,141.19
142400,0.44,0.53,0.03,0.08389907,0.09140097,0.951806,146.7
142500,0.46,0.53,0.01,0.06776983,0.06619494,0.2575998,137.85
142600,0.42,0.56,0.02,0.07096494,0.06726518,0.2471998,128.43
142700,0.42,0.54,0.04,0.08606551,0.09224351,0.8170071,128.54
142800,0.4,0.56,0.04,0.08442743,0.08810326,0.8010063,148.03
142900,0.47,0.52,0.01,0.08162223,0.09081125,0.5250015,116.76
143000,0.41,0.59,0,0.08457549,0.0814444,0.1869999,98.2
143100,0.46,0.52,0.02,0.07612604,0.07404577,0.5160021,119.95
143200,0.43,0.54,0.03,0.08549196,0.1043245,0.8180059,139.43
143300,0.41,0.56,0.03,0.08662184,0.08977065,0.4328024,138.18
143400,0.43,0.54,0.03,0.1038873,0.09382241,0.4902016,127.68
143500,0.48,0.51,0.01,0.08159544,0.08602773,0.4842016,122.88
143600,0.48,0.47,0.05,0.07557204,0.07421363,0.7440046,159.43
143700,0.48,0.48,0.04,0.07866558,0.0777314,1.167209,147.06
143800,0.46,0.53,0.01,0.078931,0.08727952,0.6246023,133.68
143900,0.42,0.55,0.03,0.09054797,0.1016382,0.8678062,145.69
144000,0.42,0.58,0,0.09003436,0.09750118,0.1999999,117.92
144100,0.46,0.51,0.03,0.08609135,0.07854873,0.6088051,135.23
144200,0.32,0.65,0.03,0.07263926,0.07329342,0.6366044,143.14
144300,0.52,0.46,0.02,0.08662071,0.0956991,0.5474013,131.32
144400,0.47,0.5,0.03,0.08270782,0.09844212,1.000607,143.24
144500,0.44,0.52,0.04,0.0848327,0.08087714,0.7172039,156.88
144600,0.41,0.57,0.02,0.07825485,0.1089185,0.4672016,135.86
144700,0.42,0.53,0.05,0.08148094,0.08563252,0.9796099,150.54
144800,0.45,0.51,0.04,0.07151807,0.07450932,0.7118049,153.68
144900,0.4,0.57,0.03,0.07398954,0.07630523,0.7752058,139.91
145000,0.43,0.53,0.04,0.08954535,0.09935934,1.09061,133.6
145100,0.38,0.61,0.01,0.08033348,0.08358124,0.4864021,130.95
145200,0.39,0.6,0.01,0.08703496,0.08487256,0.4838022,120.07
145300,0.42,0.54,0.04,0.07886763,0.07908662,0.820408,131.77
145400,0.43,0.55,0.02,0.08335911,0.08775138,0.6088046,124.29
145500,0.38,0.59,0.03,0.08537643,0.09011997,0.828007,146.28
145600,0.4,0.59,0.01,0.07756019,0.07785764,0.3996016,125.11
145700,0.32,0.61,0.07,0.07615849,0.08331969,1.113612,157.07
145800,0.37,0.6,0.03,0.08495645,0.09406584,0.8258062,142.37
145900,0.5,0.48,0.02,0.07717802,0.08525517,0.6084018,114.93
146000,0.46,0.54,0,0.09026647,0.08301081,0.2865998,100.43
146100,0.48,0.49,0.03,0.08394222,0.08396946,0.8530071,130.28
146200,0.53,0.44,0.03,0.07402911,0.06671674,0.7638021,145.72
146300,0.45,0.51,0.04,0.07851554,0.08848416,0.6528037,144.25
146400,0.31,0.66,0.03,0.08254051,0.08512779,0.5076042,142.18
146500,0.43,0.53,0.04,0.07942092,0.08893819,1.018007,158.91
146600,0.44,0.51,0.05,0.0788364,0.06640914,0.8700051,162.42
146700,0.39,0.55,0.06,0.08081304,0.07283928,0.3876024,172.99
146800,0.49,0.5,0.01,0.07401645,0.07195724,0.3101998,119.1
146900,0.4,0.54,0.06,0.08011614,0.08436346,1.332811,160.69
147000,0.39,0.58,0.03,0.08103435,0.08047408,0.687804,125.82
147100,0.38,0.57,0.05,0.08182712,0.1085948,0.8910068,148.68
147200,0.53,0.45,0.02,0.08997015,0.08838825,0.8010046,129.31
147300,0.42,0.55,0.03,0.07851919,0.07782153,0.9864068,160.17
147400,0.5,0.47,0.03,0.07245911,0.08349549,0.667003,135.84
147500,0.35,0.6,0.05,0.09122559,0.09890576,0.6322054,143.82
147600,0.49,0.51,0,0.07818326,0.0761115,0.2551998,97.03
147700,0.43,0.53,0.04,0.08644529,0.08126309,0.7530051,135.17
147800,0.51,0.48,0.01,0.09799798,0.1110436,0.429002,119.34
147900,0.45,0.54,0.01,0.08097436,0.0787202,0.5242012,116.63
148000,0.4,0.55,0.05,0.07973853,0.08636111,0.5872033,143.58
148100,0.38,0.6,0.02,0.0865925,0.09373623,0.4802021,119.63
148200,0.51,0.47,0.02,0.07902271,0.07427882,0.469202,133.55
148300,0.4,0.56,0.04,0.0776073,0.09951337,0.6378044,144.5
148400,0.4,0.56,0.04,0.07309068,0.07563754,0.7290028,163.99
148500,0.51,0.44,0.05,0.07463375,0.06651323,1.17001,148.52
148600,0.48,0.48,0.04,0.0845622,0.08630607,0.908007,148.43
148700,0.5,0.47,0.03,0.08871614,0.1095712,0.7090043,130.3
148800,0.47,0.52,0.01,0.08174892,0.07702336,0.5044011,119.05
148900,0.41,0.55,0.04,0.07614189,0.06998553,0.8130062,160.47
149000,0.48,0.46,0.06,0.0740127,0.06828707,1.407609,180.41
149100,0.43,0.52,0.05,0.07871757,0.08331016,0.8206055,162.68
149200,0.45,0.52,0.03,0.0918026,0.08692665,0.7010041,131.02
149300,0.42,0.54,0.04,0.08050232,0.07432465,0.8716075,134.13
149400,0.42,0.54,0.04,0.07676728,0.07828128,0.6998042,141.41
149500,0.48,0.46,0.06,0.08598644,0.1005299,1.02221,163.73
149600,0.37,0.6,0.03,0.08294963,0.07774352,0.7924055,147.03
149700,0.35,0.6,0.05,0.08048957,0.08123784,0.9516082,150.67
149800,0.44,0.54,0.02,0.08875455,0.09363492,0.5390038,143.06
149900,0.43,0.56,0.01,0.08138603,0.08883038,0.5082022,138.99
150000,0.49,0.49,0.02,0.1006743,0.1032247,0.6750048,120.04
150100,0.43,0.51,0.06,0.0771466,0.07709187,0.920207,162.38
150200,0.42,0.52,0.06,0.09505367,0.1011109,0.8050065,147.21
150300,0.47,0.52,0.01,0.08107578,0.07324225,0.4430014,133.46
150400,0.48,0.47,0.05,0.07579385,0.07832193,1.208411,162.63
150500,0.44,0.52,0.04,0.08100247,0.07786686,0.6780042,144.17
150600,0.47,0.47,0.06,0.09738159,0.08714502,0.8008066,161.48
150700,0.41,0.57,0.02,0.07855929,0.07100625,0.6376045,144.91
150800,0.41,0.57,0.02,0.08492096,0.08761072,0.7376044,135
150900,0.46,0.48,0.06,0.07758244,0.08027901,1.160811,155.54
151000,0.34,0.54,0.12,0.07623419,0.07112399,1.05381,226.18
151100,0.44,0.54,0.02,0.07344794,0.07700273,0.6748044,139.3
151200,0.55,0.45,0,0.0788513,0.07681303,0.3327998,119.2
151300,0.4,0.54,0.06,0.09971727,0.1142728,0.9064072,156.38
151400,0.46,0.53,0.01,0.07345419,0.08089056,0.4560023,127.7
151500,0.4,0.56,0.04,0.08059229,0.07427602,1.00301,138.78
151600,0.49,0.51,0,0.09407293,0.105974,0.4678004,104.1
151700,0.41,0.57,0.02,0.08158179,0.0796046,0.361602,120.59
151800,0.44,0.52,0.04,0.07833744,0.07767732,0.6250032,152.24
151900,0.39,0.57,0.04,0.08494667,0.08523833,1.072207,161.32
152000,0.47,0.53,0,0.08976988,0.110366,0.5613997,106.06
152100,0.36,0.63,0.01,0.0813783,0.08247144,0.5036021,130.7
152200,0.46,0.49,0.05,0.08264677,0.08259064,1.09441,149.62
152300,0.48,0.43,0.09,0.07590068,0.07175242,1.377013,180.89
152400,0.48,0.47,0.05,0.07751458,0.0829145,1.25361,157.75
152500,0.47,0.51,0.02,0.0861892,0.08901439,0.6762035,130.28
152600,0.43,0.53,0.04,0.08356043,0.08716354,0.6610047,146.6
152700,0.43,0.54,0.03,0.08788365,0.08082941,0.7150055,124.58
152800,0.41,0.53,0.06,0.0861562,0.08929681,1.134811,176.08
152900,0.44,0.53,0.03,0.08605905,0.08056635,0.9036072,125.87
153000,0.45,0.54,0.01,0.0765667,0.07371635,0.3863997,119.41
153100,0.5,0.47,0.03,0.07767847,0.07610503,0.5712037,131.18
153200,0.43,0.52,0.05,0.07272834,0.07314552,0.8430067,168.1
153300,0.41,0.56,0.03,0.07707664,0.07111463,0.5998049,128.46
153400,0.46,0.53,0.01,0.09305215,0.09902041,0.433601,95.25
153500,0.39,0.55,0.06,0.07887873,0.07943599,0.964807,154.87
153600,0.46,0.5,0.04,0.07963624,0.1007809,0.921406,155.09
153700,0.46,0.52,0.02,0.07574984,0.06939592,0.4892012,131.49
153800,0.47,0.49,0.04,0.08164419,0.08386683,0.7492038,134.66
153900,0.42,0.54,0.04,0.07267824,0.06776036,0.4524019,144.65
154000,0.45,0.53,0.02,0.07981864,0.07968526,0.6606051,116.23
154100,0.44,0.52,0.04,0.1051167,0.1246222,0.8324057,132.51
154200,0.43,0.55,0.02,0.08968374,0.08417597,0.5272025,143.26
154300,0.33,0.62,0.05,0.06998901,0.06806031,0.9988099,174.79
154400,0.44,0.54,0.02,0.07541465,0.06971274,0.4890022,118.59
154500,0.47,0.48,0.05,0.07530802,0.06903043,1.069409,163.66
154600,0.48,0.46,0.06,0.07315916,0.07452668,1.130409,164.33
154700,0.44,0.53,0.03,0.06833462,0.06513635,0.7870067,140.71
154800,0.45,0.52,0.03,0.09606127,0.1000716,0.3946025,132.83
154900,0.48,0.49,0.03,0.09249442,0.08167615,0.5874049,134.19
155000,0.48,0.45,0.07,0.07062362,0.06309278,1.26621,174.8
155100,0.43,0.55,0.02,0.07377059,0.08775357,0.522402,128.23
155200,0.41,0.55,0.04,0.07355152,0.07049251,0.9650095,151.38
155300,0.35,0.6,0.05,0.07124697,0.07058447,0.7180066,188.26
155400,0.46,0.5,0.04,0.083877,0.09816445,0.8470061,150.06
155500,0.48,0.47,0.05,0.07596361,0.07450777,0.6500043,158.1
155600,0.37,0.62,0.01,0.09298971,0.08509132,0.2377998,134.57
155700,0.48,0.52,0,0.07860273,0.0721122,0.3931997,98.37
155800,0.47,0.47,0.06,0.08185081,0.07442446,1.335611,156.28
155900,0.46,0.48,0.06,0.07674696,0.07046301,1.036209,146.16
156000,0.45,0.53,0.02,0.07508686,0.07583969,0.9180042,138.37
156100,0.43,0.53,0.04,0.0851206,0.0864442,0.4964021,130.11
156200,0.35,0.62,0.03,0.07624244,0.07308464,0.4184003,126.45
156300,0.48,0.49,0.03,0.08190861,0.1003951,0.4728011,125.49
156400,0.5,0.48,0.02,0.08394188,0.08355389,0.6696031,134.34
156500,0.49,0.49,0.02,0.07638385,0.07155345,0.4668011,119.01
156600,0.4,0.59,0.01,0.07455311,0.07569674,0.5774015,124.54
156700,0.49,0.48,0.03,0.09377898,0.08724007,0.6466044,122.26
156800,0.5,0.46,0.04,0.07908195,0.07286095,0.8880059,145.64
156900,0.41,0.57,0.02,0.08433045,0.09482718,0.6184042,124.37
157000,0.4,0.56,0.04,0.07094058,0.06598146,0.5038009,176.5
157100,0.41,0.57,0.02,0.06644443,0.06679451,0.6030042,127.32
157200,0.47,0.49,0.04,0.08251759,0.08168617,0.8662061,132.49
157300,0.41,0.55,0.04,0.08507579,0.09511856,1.036008,149.44
157400,0.39,0.56,0.05,0.0917516,0.08752047,0.8980064,145.1
157500,0.48,0.49,0.03,0.07920075,0.0896996,0.7252033,135.3
157600,0.43,0.5,0.07,0.06982745,0.06848297,1.475613,177.83
157700,0.4,0.58,0.02,0.08554523,0.08815078,0.2215998,134.92
157800,0.45,0.5,0.05,0.07800214,0.07737277,0.8982061,159.53
157900,0.31,0.65,0.04,0.0796708,0.08276724,0.9488083,157.81
158000,0.44,0.51,0.05,0.08365402,0.08148414,0.9512045,160.39
158100,0.41,0.56,0.03,0.0819758,0.08097322,0.4036017,137.93
158200,0.46,0.52,0.02,0.08530849,0.09112276,0.6860047,126.22
158300,0.42,0.56,0.02,0.08584163,0.09010559,0.4266021,136.99
158400,0.51,0.46,0.03,0.07621418,0.08126375,0.3789997,136.55
158500,0.49,0.49,0.02,0.0819492,0.07930239,0.6830046,121.07
158600,0.43,0.57,0,0.07093347,0.06809256,0.2931998,109.5
158700,0.45,0.49,0.06,0.07265659,0.07793509,1.296211,156.51
158800,0.39,0.59,0.02,0.09956728,0.1013378,0.3007998,120.08
158900,0.48,0.51,0.01,0.09083945,0.09159391,0.4616022,108.12
159000,0.38,0.61,0.01,0.07751741,0.07980392,0.1919999,100.09
159100,0.5,0.46,0.04,0.07446784,0.07755278,0.7300047,140.16
159200,0.49,0.47,0.04,0.07826162,0.08085728,0.4198024,153.67
159300,0.36,0.57,0.07,0.0860045,0.08971333,1.282813,153.53
159400,0.47,0.44,0.09,0.07795969,0.08926443,1.816416,196.88
159500,0.52,0.45,0.03,0.1084899,0.08826541,0.8726066,136.8
159600,0.51,0.47,0.02,0.07083827,0.06622986,0.5203997,133.62
159700,0.45,0.51,0.04,0.074797,0.08059685,1.033206,134.37
159800,0.42,0.54,0.04,0.07941215,0.08702803,1.046008,147.21
159900,0.49,0.46,0.05,0.07579297,0.06957164,1.064809,148.32
160000,0.4,0.56,0.04,0.08551441,0.08242328,0.9402084,139.68
160100,0.37,0.59,0.04,0.07428214,0.08102559,0.6598042,147.09
160200,0.46,0.49,0.05,0.0913848,0.1066665,1.048008,147.7
160300,0.43,0.56,0.01,0.08596288,0.08449142,0.3089997,97.51
160400,0.55,0.43,0.02,0.09572672,0.0900962,0.6224017,133.28
160500,0.44,0.53,0.03,0.08630907,0.08412498,0.7752061,119.9
160600,0.44,0.54,0.02,0.114073,0.1207744,0.5302035,109.44
160700,0.42,0.56,0.02,0.07665288,0.06980433,0.2923998,141.53
160800,0.45,0.54,0.01,0.08435223,0.09604832,0.4140001,117.16
160900,0.42,0.56,0.02,0.07820135,0.08447081,0.2211998,114.82
161000,0.42,0.51,0.07,0.07465592,0.06730854,1.008608,174.28
161100,0.48,0.48,0.04,0.08477723,0.08409058,0.4222021,145.66
161200,0.36,0.63,0.01,0.084268,0.09922025,0.2231998,116
161300,0.4,0.56,0.04,0.09711897,0.07677131,0.989808,145.54
161400,0.33,0.63,0.04,0.09267135,0.08981054,0.9118054,139.3
161500,0.35,0.59,0.06,0.07825021,0.0825122,0.915808,181.09
161600,0.45,0.51,0.04,0.08533719,0.08462697,0.8542058,145.73
161700,0.53,0.47,0,0.07803859,0.09011279,0.3387997,95.45
161800,0.47,0.51,0.02,0.08493094,0.08783395,0.5276033,132.4
161900,0.39,0.6,0.01,0.08415136,0.08367522,0.4298011,109.16
162000,0.39,0.58,0.03,0.07645495,0.09190889,0.7626066,123.84
162100,0.45,0.52,0.03,0.07868467,0.07932608,0.7852044,124.7
162200,0.44,0.53,0.03,0.07814748,0.08233088,0.630003,129.83
162300,0.46,0.53,0.01,0.09269214,0.1046714,0.4062021,96.3
162400,0.47,0.52,0.01,0.07697126,0.07174142,0.3613998,104.19
162500,0.43,0.53,0.04,0.07483458,0.07273295,0.762207,151.39
162600,0.45,0.52,0.03,0.0968679,0.1177507,0.6506042,145.51
162700,0.44,0.51,0.05,0.09372821,0.08672623,0.8564056,155.94
162800,0.48,0.48,0.04,0.08888912,0.09317159,0.8620063,134.04
162900,0.52,0.41,0.07,0.07503115,0.06783895,1.436814,178.32
163000,0.46,0.52,0.02,0.07602789,0.07177415,0.5740037,130.96
163100,0.33,0.66,0.01,0.08006058,0.0862464,0.3902021,119.15
163200,0.46,0.5,0.04,0.07407831,0.07146608,1.020208,154.05
163300,0.45,0.5,0.05,0.06805448,0.0729202,0.8604051,157.91
163400,0.39,0.59,0.02,0.07375704,0.0744599,0.4598019,140.85
163500,0.43,0.56,0.01,0.08190754,0.07865325,0.2767998,101.19
163600,0.5,0.46,0.04,0.1135368,0.1122256,1.020008,137.67
163700,0.43,0.53,0.04,0.09901002,0.09137923,1.162208,153.21
163800,0.4,0.57,0.03,0.08799185,0.09323727,0.7182058,138.04
163900,0.48,0.47,0.05,0.06949462,0.07010646,0.8954079,158.09
164000,0.48,0.49,0.03,0.08113026,0.08686624,0.6770046,123.91
164100,0.41,0.53,0.06,0.07245369,0.07828541,0.6842052,147.62
164200,0.35,0.62,0.03,0.08077511,0.0758948,0.8122065,130.68
164300,0.43,0.5,0.07,0.08206726,0.07311407,0.9876084,156.58
164400,0.44,0.51,0.05,0.0862316,0.07318216,0.8206033,158.42
164500,0.31,0.67,0.02,0.07591902,0.06938505,0.2165999,132.9
164600,0.37,0.57,0.06,0.07544903,0.07532866,1.428613,170.26
164700,0.41,0.55,0.04,0.0679692,0.06133812,0.7360056,142.79
164800,0.46,0.53,0.01,0.09536693,0.09665389,0.4534024,113.24
164900,0.45,0.48,0.07,0.06708946,0.06412963,1.319012,167.28
165000,0.39,0.57,0.04,0.06837891,0.06074874,0.8094047,142.92
165100,0.39,0.57,0.04,0.08549918,0.08539255,0.694406,113.83
165200,0.41,0.58,0.01,0.07606547,0.08866625,0.4286013,129.71
165300,0.48,0.48,0.04,0.07149439,0.07003267,0.4022021,136.57
165400,0.42,0.52,0.06,0.088312,0.08199153,1.27341,166.97
165500,0.48,0.47,0.05,0.08506708,0.08523492,0.9882077,143.62
165600,0.41,0.56,0.03,0.08473355,0.0849112,0.7392053,127.35
165700,0.45,0.52,0.03,0.08292011,0.0892739,0.8720052,131.94
165800,0.36,0.61,0.03,0.0700928,0.06918832,0.8414053,136.37
165900,0.43,0.54,0.03,0.09933516,0.09378661,0.5822039,125.13
166000,0.42,0.52,0.06,0.07416857,0.06059998,1.035809,160.57
166100,0.48,0.44,0.08,0.07052462,0.08498284,1.321414,186.3
166200,0.42,0.49,0.09,0.06985328,0.06492626,1.590615,191.08
166300,0.48,0.5,0.02,0.06691566,0.06370715,0.508402,124.33
166400,0.44,0.51,0.05,0.09152699,0.1018595,1.029409,157.01
166500,0.43,0.52,0.05,0.08523463,0.08252556,1.07101,139.76
166600,0.46,0.49,0.05,0.06785826,0.07003231,1.070209,165.26
166700,0.51,0.45,0.04,0.06654414,0.06542909,0.9142056,152.85
166800,0.43,0.5,0.07,0.07290294,0.07612476,0.9592062,177.12
166900,0.5,0.49,0.01,0.0862354,0.08811525,0.4518017,98.25
167000,0.49,0.49,0.02,0.08229498,0.09417775,0.4312025,111.42
167100,0.48,0.49,0.03,0.07543591,0.08122624,1.099006,136.99
167200,0.43,0.53,0.04,0.08434667,0.08398983,0.3795997,128.64
167300,0.44,0.53,0.03,0.07361522,0.06565712,0.4992023,126.74
167400,0.35,0.59,0.06,0.07982368,0.0804192,1.102811,155.22
167500,0.39,0.56,0.05,0.06790246,0.06463919,0.399402,162
167600,0.39,0.58,0.03,0.07859597,0.07686727,0.7518047,141.98
167700,0.41,0.57,0.02,0.09827063,0.123377,0.2647998,107.6
167800,0.41,0.59,0,0.07459769,0.07337833,0.2049998,96.12
167900,0.46,0.52,0.02,0.0743837,0.06713999,0.5128021,137.03
168000,0.44,0.52,0.04,0.09716055,0.1056658,0.8880059,138.3
168100,0.44,0.54,0.02,0.09777638,0.1044483,0.566202,123.01
168200,0.38,0.59,0.03,0.07703833,0.07227642,0.5696044,130.05
168300,0.41,0.57,0.02,0.08404097,0.07618545,0.5426047,134.05
168400,0.38,0.59,0.03,0.06782408,0.0661938,0.6034039,121.85
168500,0.49,0.46,0.05,0.07878847,0.07590284,0.8048052,154.7
168600,0.43,0.56,0.01,0.08769441,0.09021915,0.415002,124.83
168700,0.43,0.56,0.01,0.09441539,0.1100215,0.6828017,117.88
168800,0.36,0.63,0.01,0.07536246,0.06886265,0.3597997,118.27
168900,0.39,0.6,0.01,0.09279661,0.08634016,0.2583998,114.7
169000,0.43,0.53,0.04,0.07064012,0.07222939,0.6620036,136.02
169100,0.49,0.48,0.03,0.07983508,0.07394674,0.7392042,149.07
169200,0.38,0.59,0.03,0.0883993,0.09367756,0.3166018,131.44
169300,0.49,0.47,0.04,0.07181222,0.06556172,1.104806,150.41
169400,0.47,0.47,0.06,0.08239235,0.08564567,1.017608,151.67
169500,0.32,0.63,0.05,0.07557974,0.06841154,0.8614079,159.45
169600,0.4,0.57,0.03,0.07533577,0.06523736,0.6132035,160.54
169700,0.38,0.59,0.03,0.08599754,0.07791822,0.6050031,132.03
169800,0.5,0.45,0.05,0.08386562,0.09288232,0.8544061,152.91
169900,0.42,0.56,0.02,0.07024245,0.07727768,0.410802,121.58
170000,0.4,0.54,0.06,0.08538472,0.08632598,0.9504092,154.47
170100,0.43,0.54,0.03,0.08682492,0.08307603,0.3744017,124.43
170200,0.45,0.54,0.01,0.07724088,0.08764715,0.3888017,117.76
170300,0.52,0.45,0.03,0.08264429,0.08610893,0.8212041,141.68
170400,0.4,0.53,0.07,0.07836834,0.08213791,0.9968063,174.52
170500,0.39,0.56,0.05,0.07966443,0.07979062,0.8240061,149.18
170600,0.35,0.61,0.04,0.07086995,0.06433745,0.4936022,132.3
170700,0.39,0.58,0.03,0.07619318,0.0747079,0.7276066,120.44
170800,0.45,0.51,0.04,0.07225425,0.06492443,0.6630014,162.06
170900,0.39,0.56,0.05,0.07340919,0.07631024,0.8934078,170.97
171000,0.41,0.59,0,0.07639353,0.07716163,0.2865998,113.4
171100,0.52,0.43,0.05,0.08513039,0.07367509,0.6204035,145.35
171200,0.45,0.5,0.05,0.07083914,0.06207905,1.015408,156.22
171300,0.47,0.5,0.03,0.07086884,0.06561364,0.7382048,133.02
171400,0.4,0.54,0.06,0.07113292,0.07109092,0.6530045,155.15
171500,0.45,0.51,0.04,0.083538,0.07598964,0.6896049,133.28
171600,0.49,0.48,0.03,0.07765258,0.08202949,0.4413996,142.98
171700,0.42,0.55,0.03,0.09417198,0.1025563,0.601203,115.89
171800,0.41,0.55,0.04,0.07974268,0.07411235,0.8132062,146.75
171900,0.36,0.58,0.06,0.07472122,0.07149247,0.836406,157.6
172000,0.45,0.49,0.06,0.08180994,0.08722977,0.8194076,145.08
172100,0.46,0.53,0.01,0.08194934,0.08739553,0.536602,106.89
172200,0.38,0.59,0.03,0.08386543,0.07661503,0.7164058,107.96
172300,0.33,0.63,0.04,0.08535122,0.0768609,0.6590034,144.5
172400,0.47,0.52,0.01,0.08785382,0.08722758,0.2891998,115.26
172500,0.39,0.58,0.03,0.07973137,0.07443201,0.5472045,128.75
172600,0.42,0.57,0.01,0.09143434,0.08587755,0.3945997,115.55
172700,0.33,0.61,0.06,0.07719385,0.08738037,0.5978048,170.31
172800,0.4,0.56,0.04,0.1031831,0.1089312,0.3862017,128.2
172900,0.4,0.54,0.06,0.08491108,0.09162202,0.8806064,157.5
173000,0.4,0.59,0.01,0.07960052,0.09269749,0.4054011,121.76
173100,0.39,0.57,0.04,0.08077171,0.09007406,0.578404,138.09
173200,0.46,0.52,0.02,0.09814807,0.1100202,0.4804024,116.48
173300,0.4,0.59,0.01,0.07368005,0.07334837,0.4848012,113.98
173400,0.33,0.63,0.04,0.08005816,0.07946831,0.6270032,151.1
173500,0.44,0.55,0.01,0.083483,0.08214299,0.7118021,118.7
173600,0.4,0.55,0.05,0.06955539,0.07196165,0.834606,161.63
173700,0.44,0.54,0.02,0.0742984,0.06601837,0.4752011,115.69
173800,0.44,0.54,0.02,0.08062069,0.0746927,0.6874046,115.9
173900,0.41,0.52,0.07,0.07532932,0.07164157,1.116607,186.92
174000,0.42,0.56,0.02,0.09724679,0.08619277,0.6228019,129.88
174100,0.45,0.55,0,0.07464113,0.07020532,0.3039998,105.4
174200,0.42,0.54,0.04,0.07618219,0.07355398,0.4480017,143.1
174300,0.42,0.55,0.03,0.07528198,0.07993326,0.3972017,139.92
174400,0.49,0.45,0.06,0.0733718,0.07706248,0.9230067,182.87
174500,0.39,0.59,0.02,0.07258314,0.07571814,0.389202,112.83
174600,0.48,0.51,0.01,0.08313372,0.07988133,0.3791997,121.54
174700,0.37,0.6,0.03,0.0694064,0.068619,0.4010024,151.18
174800,0.44,0.52,0.04,0.06855653,0.06453075,0.7878069,138.29
174900,0.48,0.48,0.04,0.08051493,0.0927342,0.4732023,147.46
175000,0.42,0.54,0.04,0.07212567,0.07189605,0.654604,139.59
175100,0.44,0.53,0.03,0.09070235,0.09906773,0.7670043,133.98
175200,0.48,0.49,0.03,0.07331396,0.07627681,0.9800053,150
175300,0.48,0.51,0.01,0.0751067,0.07501377,0.4890015,116.74
175400,0.43,0.56,0.01,0.08837019,0.082434,0.3010005,131.57
175500,0.35,0.62,0.03,0.06763232,0.06542619,0.4762022,131.01
175600,0.35,0.61,0.04,0.07599618,0.09414929,0.3086018,159.33
175700,0.36,0.62,0.02,0.06583638,0.0666849,0.6504035,154.74
175800,0.47,0.51,0.02,0.08165544,0.08438446,0.6156027,151.16
175900,0.45,0.54,0.01,0.08667985,0.07570612,0.4054019,98.94
176000,0.46,0.52,0.02,0.07490186,0.07237793,0.633005,124.87
176100,0.43,0.52,0.05,0.07005545,0.06797542,0.5420018,159.74
176200,0.56,0.41,0.03,0.08377085,0.07597524,0.6802028,122.59
176300,0.43,0.5,0.07,0.08026602,0.07886515,1.589816,190.06
176400,0.43,0.56,0.01,0.09494156,0.09122863,0.467602,132.49
176500,0.39,0.57,0.04,0.0812129,0.08290148,0.8730058,156.28
176600,0.48,0.45,0.07,0.08204195,0.0720439,1.25601,169.91
176700,0.43,0.51,0.06,0.08532069,0.08396669,0.8804081,158.12
176800,0.49,0.49,0.02,0.08182047,0.08691777,0.5544023,134.26
176900,0.43,0.56,0.01,0.08336201,0.09482909,0.4536022,109.73
177000,0.47,0.47,0.06,0.07474599,0.07518821,1.364213,164.51
177100,0.47,0.52,0.01,0.07334305,0.07350356,0.5162022,112.96
177200,0.44,0.52,0.04,0.0859042,0.09759304,0.6564041,121.75
177300,0.45,0.52,0.03,0.08971017,0.09216701,0.9258057,117.16
177400,0.46,0.52,0.02,0.07106767,0.06943418,0.6070018,142.73
177500,0.43,0.54,0.03,0.0796134,0.07466841,0.4540018,133.55
177600,0.5,0.49,0.01,0.08315464,0.08359503,0.5388014,117.02
177700,0.47,0.46,0.07,0.08792165,0.09171049,0.9330058,169.69
177800,0.44,0.54,0.02,0.08090658,0.0955503,0.6456048,125.29
177900,0.45,0.53,0.02,0.07610691,0.08265528,0.4000017,111.48
178000,0.38,0.57,0.05,0.08017417,0.08019232,0.8722066,152.62
178100,0.47,0.49,0.04,0.07406776,0.06989174,0.5734022,146.91
178200,0.38,0.55,0.07,0.1008547,0.07793835,0.9602077,159.79
178300,0.49,0.47,0.04,0.08301766,0.08436683,0.9064052,138.25
178400,0.51,0.49,0,0.07042216,0.07029536,0.4611996,100.88
178500,0.45,0.53,0.02,0.07160272,0.06884175,0.646202,125.02
178600,0.46,0.52,0.02,0.07276205,0.077888,0.5970024,147.17
178700,0.47,0.52,0.01,0.07430384,0.06953125,0.4690016,126.7
178800,0.49,0.48,0.03,0.07828087,0.08113902,0.7906055,145.03
178900,0.45,0.51,0.04,0.08218885,0.08229952,0.358402,140.36
179000,0.35,0.6,0.05,0.07905545,0.07545037,0.9238083,168.78
179100,0.38,0.56,0.06,0.07871833,0.07983112,0.822006,161.69
179200,0.51,0.47,0.02,0.07325479,0.07812116,0.5002023,133.5
179300,0.38,0.58,0.04,0.09725798,0.08898491,0.7670065,129.3
179400,0.39,0.58,0.03,0.104179,0.1037937,0.6992046,141.2
179500,0.49,0.47,0.04,0.08104905,0.06752658,0.9008068,139.88
179600,0.41,0.57,0.02,0.08356366,0.08928463,0.4700018,128.96
179700,0.37,0.59,0.04,0.07565912,0.07746261,0.418002,126.11
179800,0.49,0.5,0.01,0.09632653,0.08967648,0.5622017,116.47
179900,0.44,0.5,0.06,0.07539096,0.08985833,1.139209,160.52
180000,0.48,0.48,0.04,0.07275764,0.06319228,0.7936057,154.72
180100,0.41,0.55,0.04,0.08197249,0.08028659,0.682604,134.21
180200,0.5,0.49,0.01,0.07932204,0.1024657,0.5024018,104.21
180300,0.42,0.57,0.01,0.07039154,0.07850386,0.587802,114.94
180400,0.47,0.49,0.04,0.08274058,0.07362901,0.8642066,145.99
180500,0.45,0.53,0.02,0.08766979,0.07929764,0.2667998,133.59
180600,0.57,0.41,0.02,0.07717681,0.07002199,0.816804,128.44
180700,0.43,0.56,0.01,0.07618293,0.08632115,0.3781997,119.19
180800,0.41,0.57,0.02,0.08013517,0.09675429,0.3968021,136.62
180900,0.46,0.49,0.05,0.08677334,0.09477473,1.033408,151.22
181000,0.44,0.5,0.06,0.07627243,0.07260939,0.9634072,172.34
181100,0.51,0.48,0.01,0.07014778,0.06820688,0.5810022,136.78
181200,0.38,0.57,0.05,0.08854036,0.09768701,0.9478081,142.69
181300,0.49,0.5,0.01,0.08610603,0.09772681,0.5658012,117.67
181400,0.46,0.53,0.01,0.07696521,0.07740618,0.3350016,105.58
181500,0.5,0.5,0,0.08338568,0.09955504,0.3495997,115.3
181600,0.39,0.59,0.02,0.0710044,0.06511098,0.3979997,140.04
181700,0.42,0.55,0.03,0.08414716,0.0816332,0.6814039,123.13
181800,0.32,0.66,0.02,0.08775286,0.09980751,0.5522039,115.97
181900,0.49,0.48,0.03,0.07961339,0.09879757,0.708003,128.63
182000,0.56,0.43,0.01,0.08956371,0.09650749,0.6212021,105.34
182100,0.5,0.5,0,0.08522998,0.08855949,0.2965998,103.5
182200,0.46,0.53,0.01,0.07500433,0.0853214,0.4123997,123
182300,0.53,0.42,0.05,0.07689483,0.0869053,1.235009,150.79
182400,0.49,0.5,0.01,0.08662057,0.087606,0.5166018,118.8
182500,0.39,0.57,0.04,0.0817686,0.07800951,0.836207,149.08
182600,0.47,0.51,0.02,0.08193391,0.08523457,0.5700043,135.42
182700,0.45,0.52,0.03,0.06662232,0.06572799,0.4510011,146.63
182800,0.36,0.61,0.03,0.07575518,0.08171341,0.6698049,130.18
182900,0.4,0.56,0.04,0.07081944,0.06866607,0.8412068,142.25
183000,0.49,0.48,0.03,0.07480384,0.07646081,0.5658018,135.07
183100,0.35,0.63,0.02,0.07684896,0.07850453,0.5484022,141.64
183200,0.45,0.52,0.03,0.08089549,0.08770671,0.9070062,141.01
183300,0.51,0.45,0.04,0.08274254,0.08669197,0.4046017,135.74
183400,0.41,0.56,0.03,0.06974829,0.06919194,0.4476019,131.3
183500,0.52,0.44,0.04,0.1074047,0.1005393,0.7140034,139.27
183600,0.38,0.6,0.02,0.07752161,0.08659701,0.6544048,120.57
183700,0.44,0.54,0.02,0.07701536,0.07626901,0.608403,145.44
183800,0.51,0.49,0,0.08450876,0.1049838,0.3133998,99.8
183900,0.34,0.62,0.04,0.07885159,0.1050032,0.7140046,135.98
184000,0.4,0.56,0.04,0.07585207,0.0866251,0.9072086,137.23
184100,0.39,0.59,0.02,0.09584751,0.1145302,0.5386041,106.24
184200,0.48,0.49,0.03,0.0811324,0.0784116,0.6302037,138.59
184300,0.47,0.5,0.03,0.08442735,0.07457042,0.3681998,133.83
184400,0.44,0.53,0.03,0.07851885,0.07255752,0.649604,152.06
184500,0.41,0.57,0.02,0.07487611,0.07935078,0.3285998,147.32
184600,0.43,0.55,0.02,0.08125117,0.08129669,0.3310021,120.21
184700,0.46,0.52,0.02,0.08768587,0.08183712,0.439002,118.76
184800,0.45,0.5,0.05,0.07530212,0.08094378,0.6830052,147.56
184900,0.42,0.53,0.05,0.07600155,0.07498945,1.210008,150.71
185000,0.35,0.62,0.03,0.07310246,0.07325058,0.4810024,136.16
185100,0.42,0.57,0.01,0.09489112,0.1104907,0.4280019,95.58
185200,0.41,0.59,0,0.07851426,0.07563808,0.3467997,102.42
185300,0.57,0.43,0,0.07400183,0.06988737,0.4517996,113.53
185400,0.5,0.46,0.04,0.08917396,0.08871858,1.033408,139.66
185500,0.4,0.58,0.02,0.08050967,0.1041128,0.6610047,126.8
185600,0.44,0.55,0.01,0.06509582,0.0644353,0.3011998,149.1
185700,0.43,0.52,0.05,0.08236007,0.07740421,0.5096034,141.91
185800,0.43,0.56,0.01,0.07469586,0.08482817,0.4348011,128.87
185900,0.44,0.54,0.02,0.09289828,0.08161801,0.6902034,109.56
186000,0.48,0.52,0,0.07109363,0.07686876,0.4059997,113.5
186100,0.41,0.58,0.01,0.08983438,0.09187923,0.4297996,125.08
186200,0.41,0.53,0.06,0.07178716,0.07342228,1.405012,158.39
186300,0.46,0.52,0.02,0.07085842,0.06592436,0.7766039,134.81
186400,0.43,0.55,0.02,0.07840227,0.08091575,0.4309996,111.05
186500,0.42,0.56,0.02,0.06866969,0.06634463,0.5696037,136.66
186600,0.36,0.6,0.04,0.07920092,0.08983487,0.9352087,146.98
186700,0.48,0.49,0.03,0.06970732,0.06364023,0.3685997,149
186800,0.5,0.48,0.02,0.07042141,0.0643452,0.4476025,146.26
186900,0.44,0.55,0.01,0.09266277,0.08392582,0.2401998,120.49
187000,0.48,0.49,0.03,0.07697461,0.08129302,0.6920033,143.92
187100,0.38,0.55,0.07,0.09031884,0.09676368,1.205611,175.81
187200,0.42,0.52,0.06,0.07096502,0.07189492,0.7682053,154.17
187300,0.51,0.47,0.02,0.07465701,0.0798742,0.3431997,110.37
187400,0.43,0.52,0.05,0.07137321,0.06614798,0.4766018,157.26
187500,0.35,0.62,0.03,0.08016381,0.08079318,0.5650044,129.4
187600,0.51,0.47,0.02,0.07065432,0.06008702,0.642005,120.49
187700,0.46,0.54,0,0.08185679,0.07665023,0.2123998,95.3
187800,0.49,0.48,0.03,0.0789321,0.06850779,0.4502016,134.97
187900,0.45,0.55,0,0.09531594,0.1036345,0.3743997,113.09
188000,0.43,0.56,0.01,0.09014422,0.0849715,0.5656018,107.05
188100,0.45,0.53,0.02,0.08031871,0.0762527,0.7114044,111.3
188200,0.41,0.56,0.03,0.07387308,0.07066555,0.6388043,130.83
188300,0.45,0.52,0.03,0.09346806,0.08394143,0.3883997,131.11
188400,0.42,0.56,0.02,0.08190198,0.07823864,0.5710019,122.88
188500,0.5,0.45,0.05,0.07566814,0.06868093,0.9802067,178.2
188600,0.4,0.58,0.02,0.06839077,0.06316382,0.4314025,118.8
188700,0.42,0.52,0.06,0.08521346,0.08205583,0.9284077,165.53
188800,0.43,0.54,0.03,0.07963886,0.08731811,0.7188051,142.75
188900,0.42,0.56,0.02,0.07551485,0.06934533,0.4438018,135.58
189000,0.45,0.5,0.05,0.07799941,0.07283861,0.5994039,142.27
189100,0.38,0.59,0.03,0.07203877,0.07402357,0.7304052,132.44
189200,0.51,0.43,0.06,0.08215412,0.07398798,0.9806083,137.49
189300,0.42,0.57,0.01,0.08915454,0.08069405,0.2867998,126.7
189400,0.39,0.58,0.03,0.08148184,0.09402905,0.6770036,135.29
189500,0.43,0.52,0.05,0.08473648,0.07968166,0.6592031,169.33
189600,0.49,0.46,0.05,0.08071718,0.08492047,0.9110063,156.29
189700,0.34,0.63,0.03,0.07674976,0.07644843,0.4710009,137.05
189800,0.44,0.53,0.03,0.07421445,0.06933414,0.6470045,132.8
189900,0.45,0.53,0.02,0.06541583,0.06727722,0.4744025,133.66
190000,0.51,0.45,0.04,0.07567279,0.07005379,0.9732048,169.14
190100,0.46,0.51,0.03,0.0710948,0.06377426,0.4756022,128.38
190200,0.45,0.53,0.02,0.0725126,0.07516009,0.4218013,124.62
190300,0.44,0.53,0.03,0.07358839,0.07800643,0.9462067,156.82
190400,0.34,0.61,0.05,0.08922029,0.103615,0.3200018,140.23
190500,0.51,0.46,0.03,0.0969521,0.1067294,0.6574041,115.28
190600,0.38,0.59,0.03,0.06862757,0.07338434,0.5582016,131.54
190700,0.47,0.48,0.05,0.08810993,0.07572197,0.8412043,157
190800,0.38,0.56,0.06,0.07845363,0.06706485,0.7082049,165.06
190900,0.45,0.55,0,0.07268,0.07762053,0.5205995,133.16
191000,0.41,0.58,0.01,0.06851488,0.0627003,0.5718012,140.38
191100,0.43,0.56,0.01,0.08049167,0.09570432,0.1223999,103.1
191200,0.45,0.5,0.05,0.07365686,0.07225984,0.7986063,161.11
191300,0.41,0.55,0.04,0.07487896,0.07399568,0.5244023,152.89
191400,0.47,0.51,0.02,0.07749063,0.07596776,0.6600041,114.08
191500,0.48,0.5,0.02,0.07398389,0.07421082,0.4005997,121.56
191600,0.49,0.49,0.02,0.08736388,0.07806626,0.5498017,129.15
191700,0.41,0.56,0.03,0.08395419,0.08221938,0.7704067,132.38
191800,0.36,0.6,0.04,0.06534073,0.06290708,0.8402053,155.53
191900,0.4,0.58,0.02,0.07024506,0.06948087,0.3143997,128.45
192000,0.5,0.44,0.06,0.07443383,0.08005799,0.6850038,148.01
192100,0.48,0.49,0.03,0.07671576,0.07528678,0.725202,151.62
192200,0.48,0.49,0.03,0.07275085,0.0696373,0.965206,159.07
192300,0.41,0.57,0.02,0.07682505,0.08947506,0.7368039,133.04
192400,0.46,0.51,0.03,0.0784957,0.07425429,0.5706018,143.5
192500,0.43,0.57,0,0.08131139,0.08796338,0.2901998,125.08
192600,0.43,0.52,0.05,0.07401364,0.06650973,0.9748089,166.11
192700,0.45,0.5,0.05,0.08161408,0.1053044,1.029009,166.54
192800,0.57,0.42,0.01,0.07862337,0.07397195,0.3838017,108.12
192900,0.47,0.5,0.03,0.07690527,0.07276402,0.685003,133.61
193000,0.4,0.58,0.02,0.0733588,0.06698184,0.5824043,114.33
193100,0.48,0.48,0.04,0.07836921,0.07677241,0.7902057,152.29
193200,0.53,0.47,0,0.09427387,0.09739335,0.2611998,90.14
193300,0.39,0.59,0.02,0.07368792,0.07457203,0.4894013,137.54
193400,0.39,0.6,0.01,0.07568906,0.06683634,0.2531998,118.12
193500,0.44,0.55,0.01,0.07041261,0.06786947,0.2569998,123.13
193600,0.48,0.47,0.05,0.0779439,0.08261409,0.5936041,126.72
193700,0.47,0.5,0.03,0.0735644,0.07071409,0.5974049,134.89
193800,0.35,0.61,0.04,0.07680874,0.07331561,0.738006,134.23
193900,0.43,0.54,0.03,0.09776185,0.115628,0.7994047,138.19
194000,0.45,0.52,0.03,0.08941296,0.1008474,0.8400068,137.24
194100,0.38,0.58,0.04,0.1008565,0.1095537,0.348402,130.94
194200,0.41,0.57,0.02,0.07252257,0.08617891,0.7132049,146.98
194300,0.49,0.5,0.01,0.0689856,0.07104883,0.5042024,115.84
194400,0.42,0.55,0.03,0.07626432,0.0723044,0.9190066,141.78
194500,0.5,0.46,0.04,0.08298004,0.08035259,1.142409,136.38
194600,0.46,0.52,0.02,0.0814056,0.07782876,0.473802,123.87
194700,0.49,0.48,0.03,0.07641764,0.06986535,0.6968041,133.3
194800,0.55,0.44,0.01,0.08171269,0.07587029,0.5704021,109.55
194900,0.37,0.6,0.03,0.09119151,0.0923553,0.5832043,137.91
195000,0.45,0.52,0.03,0.08145438,0.07548826,0.7584057,127.55
195100,0.43,0.53,0.04,0.08681373,0.08053538,0.8852067,166.28
195200,0.41,0.54,0.05,0.07484188,0.0734548,0.9092063,146.65
195300,0.38,0.59,0.03,0.07073775,0.06428938,0.2345998,136.73
195400,0.43,0.56,0.01,0.09348646,0.08789533,0.2253998,113.17
195500,0.42,0.57,0.01,0.07465352,0.07598835,0.407802,106.48
195600,0.48,0.49,0.03,0.06633536,0.06523637,0.8766055,115.97
195700,0.49,0.48,0.03,0.07682882,0.09433457,0.5762023,146.45
195800,0.35,0.59,0.06,0.08050388,0.07725937,1.327612,168.6
195900,0.51,0.48,0.01,0.07345427,0.0787899,0.6112016,127.03
196000,0.49,0.49,0.02,0.07290401,0.07405885,0.769004,135.59
196100,0.43,0.56,0.01,0.08435459,0.09788799,0.2475998,115.61
196200,0.36,0.61,0.03,0.09147617,0.08546825,0.2333998,136.42
196300,0.37,0.58,0.05,0.06803857,0.07012596,1.059409,160.75
196400,0.47,0.49,0.04,0.0677059,0.0638789,1.015808,152.44
196500,0.42,0.53,0.05,0.07182638,0.0657535,0.9036065,146.41
196600,0.49,0.48,0.03,0.08169183,0.09480733,0.6420044,127.69
196700,0.42,0.54,0.04,0.09612335,0.09468258,0.6340045,140.04
196800,0.41,0.56,0.03,0.08382852,0.08207747,0.3998024,122.03
196900,0.38,0.56,0.06,0.08141876,0.07642847,1.288812,152.16
197000,0.52,0.47,0.01,0.07325877,0.06631441,0.556602,123.04
197100,0.44,0.53,0.03,0.07672378,0.07115161,0.8288073,140.69
197200,0.46,0.52,0.02,0.07572554,0.07010149,0.6008034,114.66
197300,0.43,0.5,0.07,0.08465565,0.1062967,1.030609,175.35
197400,0.49,0.48,0.03,0.08365788,0.0909428,0.6770042,126.06
197500,0.46,0.52,0.02,0.07440781,0.07002345,0.4282021,124.53
197600,0.49,0.43,0.08,0.08626769,0.08714757,1.370414,173.26
197700,0.46,0.5,0.04,0.08127828,0.07247411,0.8346069,133.2
197800,0.41,0.54,0.05,0.08472612,0.09197551,1.148809,153.89
197900,0.42,0.55,0.03,0.07436179,0.0744817,0.3841997,127.48
198000,0.5,0.42,0.08,0.07460646,0.07643583,1.862417,197.36
198100,0.34,0.66,0,0.1195556,0.1181091,0.2305998,117.41
198200,0.4,0.56,0.04,0.07937534,0.08000073,1.066009,150.61
198300,0.4,0.59,0.01,0.0811287,0.083442,0.2837998,116.54
198400,0.42,0.51,0.07,0.09789861,0.09455422,1.112011,172.6
198500,0.46,0.5,0.04,0.07847959,0.08136646,0.6894041,127.08
198600,0.36,0.58,0.06,0.0793269,0.07654648,1.380412,163.05
198700,0.41,0.58,0.01,0.08143652,0.08110916,0.5740023,108.18
198800,0.43,0.54,0.03,0.0722842,0.06669933,0.8218067,120.89
198900,0.35,0.6,0.05,0.07807017,0.07528422,0.5398046,170.55
199000,0.4,0.58,0.02,0.07553154,0.0712334,0.6198043,120.89
199100,0.38,0.58,0.04,0.0722085,0.06894654,0.8830062,153.85
199200,0.46,0.52,0.02,0.08813507,0.08979657,0.5594041,118.6
199300,0.31,0.64,0.05,0.07243527,0.06868826,0.5292041,177.49
199400,0.42,0.56,0.02,0.0731478,0.07819119,0.6010042,114.95
199500,0.37,0.56,0.07,0.1037199,0.1019012,0.8830092,141.2
199600,0.42,0.53,0.05,0.09750199,0.08714619,0.7508066,153.99
199700,0.5,0.47,0.03,0.07129669,0.07512837,0.9614064,134.09
199800,0.34,0.63,0.03,0.0800297,0.08329237,0.6330045,135.81
199900,0.45,0.53,0.02,0.08319341,0.07962602,0.3915997,119.49
200000,0.45,0.5,0.05,0.07923562,0.07053708,0.6370041,180.18
200100,0.47,0.51,0.02,0.09436894,0.1038316,0.5264019,122.67
200200,0.45,0.49,0.06,0.07251403,0.06973182,1.140809,154.88
200300,0.4,0.55,0.05,0.09685799,0.1011948,0.902808,150.37
200400,0.42,0.5,0.08,0.07418732,0.07098983,1.027009,183.13
200500,0.42,0.48,0.1,0.07953049,0.07966767,1.648616,198.94
200600,0.39,0.58,0.03,0.07771213,0.07385956,0.8278068,130.04
200700,0.48,0.47,0.05,0.083731,0.0857277,1.037008,146.5
200800,0.39,0.55,0.06,0.08292168,0.07970735,1.055411,149.15
200900,0.45,0.55,0,0.07471005,0.07582659,0.3253998,107.83
201000,0.37,0.59,0.04,0.07247712,0.07372107,0.8562062,167
201100,0.47,0.5,0.03,0.07987604,0.0957906,0.903006,131.39
201200,0.44,0.52,0.04,0.09602792,0.1000847,0.7862055,119
201300,0.49,0.48,0.03,0.09110387,0.09183093,0.6962062,137.09
201400,0.35,0.62,0.03,0.08051133,0.09172819,0.4374025,137.76
201500,0.41,0.52,0.07,0.07973228,0.08577999,1.535816,179.69
201600,0.3,0.64,0.06,0.06946694,0.06567731,1.323614,166.83
201700,0.4,0.58,0.02,0.07776915,0.07849707,0.5552019,129.68
201800,0.45,0.51,0.04,0.07737999,0.08504834,0.864207,136.74
201900,0.47,0.47,0.06,0.08259158,0.08691922,1.308612,148.86
202000,0.43,0.56,0.01,0.0780794,0.08734228,0.3735997,116.93
202100,0.46,0.52,0.02,0.0813474,0.08865844,0.3490023,115.78
202200,0.43,0.52,0.05,0.08081543,0.08515835,1.27681,156.36
202300,0.47,0.43,0.1,0.08125564,0.08231655,1.714418,188.46
202400,0.46,0.49,0.05,0.06956653,0.06685087,0.8440071,158.81
202500,0.42,0.52,0.06,0.07275016,0.0704008,1.066809,162.51
202600,0.43,0.53,0.04,0.07368128,0.07391742,0.8998067,159.43
202700,0.48,0.5,0.02,0.07521276,0.07649176,0.6976038,133.02
202800,0.47,0.5,0.03,0.0712088,0.06278616,0.6474043,127.25
202900,0.41,0.53,0.06,0.07415093,0.07167904,0.7732073,180.14
203000,0.43,0.52,0.05,0.09269599,0.08472323,0.7984068,152.31
203100,0.48,0.5,0.02,0.07543287,0.07943638,0.7610049,121.97
203200,0.39,0.59,0.02,0.08859029,0.09292471,0.5794039,121.97
203300,0.43,0.54,0.03,0.08067787,0.08729355,0.7372044,133.94
203400,0.37,0.57,0.06,0.07440662,0.06368408,0.8918084,155.95
203500,0.47,0.51,0.02,0.07662118,0.07973493,0.4518017,113.1
203600,0.44,0.53,0.03,0.08190583,0.09099222,0.8866057,125.85
203700,0.47,0.47,0.06,0.07696242,0.0745817,1.183608,174.31
203800,0.43,0.5,0.07,0.08234978,0.07125501,0.7990065,163.98
203900,0.49,0.43,0.08,0.0832871,0.09338932,1.113209,178.23
204000,0.38,0.59,0.03,0.08625562,0.08789285,0.422402,127.68
204100,0.42,0.52,0.06,0.07519719,0.07669581,1.113411,166.3
204200,0.48,0.51,0.01,0.08963837,0.0911477,0.4354022,113.71
204300,0.48,0.48,0.04,0.1040944,0.1024667,0.9288091,151.23
204400,0.39,0.54,0.07,0.09863465,0.1063987,1.590017,157.52
204500,0.52,0.45,0.03,0.08657991,0.0785239,1.048607,133.08
204600,0.44,0.53,0.03,0.08406211,0.09168117,0.9186067,149.02
204700,0.41,0.58,0.01,0.07109607,0.06919835,0.623402,121.99
204800,0.44,0.51,0.05,0.07725472,0.07000359,1.018606,167.31
204900,0.44,0.54,0.02,0.08574504,0.08065955,0.6708046,136.71
205000,0.45,0.55,0,0.1052433,0.1147823,0.3107997,97.25
205100,0.41,0.57,0.02,0.07955209,0.07632732,0.2835998,113.8
205200,0.42,0.52,0.06,0.07907044,0.06873574,0.8614066,163.68
205300,0.4,0.52,0.08,0.08216469,0.1106301,1.363613,172.96
205400,0.4,0.56,0.04,0.07675491,0.08850113,1.063007,182.35
205500,0.47,0.51,0.02,0.06891014,0.06286017,0.6318047,131.02
205600,0.42,0.49,0.09,0.07619096,0.0724073,1.175811,177.76
205700,0.46,0.51,0.03,0.08185609,0.08645767,0.4598022,129.98
205800,0.58,0.4,0.02,0.09290575,0.08970471,0.3733997,118.49
205900,0.48,0.49,0.03,0.07969502,0.07796405,0.7168068,123.55
206000,0.44,0.49,0.07,0.07299446,0.07445908,1.278811,186.77
206100,0.48,0.47,0.05,0.08274651,0.07889912,1.109408,153.18
206200,0.42,0.54,0.04,0.0708403,0.07637715,0.704005,134.73
206300,0.42,0.55,0.03,0.07628622,0.07507435,0.3404022,125.59
206400,0.43,0.51,0.06,0.06605672,0.0621052,1.096809,172.57
206500,0.45,0.5,0.05,0.08636358,0.09172373,0.9206049,152.05
206600,0.48,0.46,0.06,0.09098026,0.08684005,1.375214,150.97
206700,0.41,0.57,0.02,0.06977951,0.08415591,0.5622035,146.16
206800,0.33,0.64,0.03,0.08290267,0.07767382,0.2015999,141.59
206900,0.4,0.53,0.07,0.06814624,0.06409386,1.457213,171.91
207000,0.41,0.58,0.01,0.0824054,0.08961474,0.3647997,108.49
207100,0.41,0.56,0.03,0.06608488,0.07984699,0.3894023,137.83
207200,0.47,0.49,0.04,0.0798217,0.08380008,0.4692019,128.67
207300,0.41,0.58,0.01,0.0686629,0.06317821,0.6094019,116.25
207400,0.37,0.62,0.01,0.08607929,0.0916961,0.2775998,114.1
207500,0.46,0.49,0.05,0.07253322,0.07277011,0.4138018,145.7
207600,0.45,0.51,0.04,0.08163618,0.123863,0.9702091,139.69
207700,0.36,0.59,0.05,0.09042168,0.0842993,0.8962092,149.07
207800,0.47,0.48,0.05,0.07975072,0.09030962,0.784207,156.04
207900,0.5,0.46,0.04,0.07832431,0.08417018,1.003409,140.34
208000,0.39,0.55,0.06,0.08356511,0.07554443,1.125409,166.11
208100,0.49,0.45,0.06,0.1018439,0.09779724,1.19341,157.87
208200,0.38,0.58,0.04,0.08321579,0.07532354,0.6572061,139.32
208300,0.48,0.51,0.01,0.07645147,0.07533925,0.486402,106.6
208400,0.41,0.54,0.05,0.07469657,0.07536551,0.8960062,142.33
208500,0.42,0.52,0.06,0.07143215,0.08848942,1.116409,157.32
208600,0.45,0.52,0.03,0.09403892,0.09954875,0.640604,130.33
208700,0.47,0.48,0.05,0.09212825,0.1017928,0.9698082,130.39
208800,0.42,0.53,0.05,0.07604489,0.08538274,0.7954061,157.08
208900,0.5,0.46,0.04,0.08123377,0.06873091,0.8620064,148.9
209000,0.43,0.54,0.03,0.0794304,0.0808345,0.7034043,126.2
209100,0.48,0.49,0.03,0.07772568,0.0706187,0.9728068,138.13
209200,0.45,0.51,0.04,0.06535774,0.06591853,0.6956038,148.84
209300,0.4,0.6,0,0.06830125,0.06317504,0.2425998,117.37
209400,0.39,0.58,0.03,0.0847933,0.08856553,0.3622017,127.36
209500,0.41,0.59,0,0.08481152,0.09282312,0.2637998,110.47
209600,0.42,0.54,0.04,0.08078306,0.07664722,0.7484041,136.64
209700,0.51,0.48,0.01,0.09001831,0.08683784,0.4838018,109.63
209800,0.36,0.57,0.07,0.08170199,0.09319308,1.112811,169.55
209900,0.41,0.55,0.04,0.07441229,0.07181426,0.4756021,136.46
210000,0.48,0.49,0.03,0.06736312,0.0636017,0.7144049,122.99
210100,0.51,0.48,0.01,0.06941652,0.07108991,0.7550018,130.31
210200,0.43,0.54,0.03,0.08332914,0.08115424,0.7330039,137.03
210300,0.4,0.55,0.05,0.0821911,0.08407657,0.6120045,135.07
210400,0.47,0.52,0.01,0.09596624,0.103396,0.3593997,119.41
210500,0.4,0.53,0.07,0.07957729,0.09254761,1.139012,160.62
210600,0.42,0.55,0.03,0.0720937,0.06594352,0.6882044,142.92
210700,0.45,0.5,0.05,0.07243684,0.06583274,1.079209,156.01
210800,0.46,0.51,0.03,0.0819728,0.08947161,0.6072044,126.45
210900,0.53,0.42,0.05,0.07868892,0.07085595,1.044209,144.81
211000,0.41,0.56,0.03,0.09272984,0.1112975,0.4780024,136.31
211100,0.43,0.52,0.05,0.07777094,0.08858115,0.7788055,168.33
211200,0.5,0.49,0.01,0.07722975,0.06959112,0.5560018,115.01
211300,0.43,0.54,0.03,0.07237003,0.07347324,0.969407,142.04
211400,0.5,0.48,0.02,0.07040706,0.08496633,0.7050042,116.17
211500,0.43,0.52,0.05,0.07564729,0.08404623,0.6358047,135.56
211600,0.4,0.54,0.06,0.07905605,0.08452109,0.4066021,169.22
211700,0.42,0.54,0.04,0.0759859,0.07719323,0.4432023,125.1
211800,0.47,0.51,0.02,0.07721461,0.09193665,0.487402,135.33
211900,0.44,0.51,0.05,0.07544637,0.07241442,0.9200069,164.38
212000,0.51,0.47,0.02,0.09175181,0.09552676,0.761004,120.73
212100,0.42,0.56,0.02,0.07667472,0.07403202,0.3367998,127.27
212200,0.43,0.54,0.03,0.08570524,0.08181243,0.2463998,157.47
212300,0.37,0.61,0.02,0.07113696,0.07998369,0.7710042,140.79
212400,0.47,0.52,0.01,0.07408764,0.06871663,0.2343998,119.95
212500,0.55,0.4,0.05,0.06896131,0.06210131,1.081609,150.41
212600,0.48,0.5,0.02,0.07440549,0.06970252,0.4990017,129.46
212700,0.46,0.51,0.03,0.06469607,0.06586516,0.660604,154.01
212800,0.49,0.5,0.01,0.08322109,0.07232645,0.3205997,113.53
212900,0.45,0.5,0.05,0.06742924,0.06604446,0.9956088,145.5
213000,0.43,0.55,0.02,0.09612684,0.09936826,0.5818041,120.82
213100,0.42,0.56,0.02,0.08739886,0.0911456,0.4886021,122.3
213200,0.53,0.45,0.02,0.07900026,0.07931531,0.3167998,119.06
213300,0.39,0.55,0.06,0.0943379,0.1264692,0.9268077,142.57
213400,0.4,0.52,0.08,0.08006161,0.07965077,0.902809,173.52
213500,0.45,0.51,0.04,0.06925657,0.06396203,1.01361,149.3
213600,0.47,0.46,0.07,0.06886677,0.05928777,1.060008,181.73
213700,0.4,0.58,0.02,0.07299267,0.06991145,0.5390016,127.09
213800,0.45,0.52,0.03,0.06746099,0.06800514,0.7722036,141
213900,0.36,0.63,0.01,0.08424758,0.07856462,0.2669998,107.34
214000,0.37,0.63,0,0.07019169,0.06416405,0.4489996,136.17
214100,0.39,0.6,0.01,0.09170304,0.0874432,0.4522023,102.3
214200,0.44,0.53,0.03,0.08261915,0.08211289,0.3732003,148.31
214300,0.42,0.49,0.09,0.1131589,0.1165016,1.329813,170.1
214400,0.37,0.54,0.09,0.08707385,0.08343982,1.395214,170.72
214500,0.44,0.54,0.02,0.08704692,0.09132805,0.688604,117.81
214600,0.37,0.61,0.02,0.07934022,0.0720761,0.4038016,130.52
214700,0.35,0.63,0.02,0.08260249,0.06628239,0.3948024,145.87
214800,0.55,0.41,0.04,0.07097338,0.06994259,0.6872046,144.42
214900,0.41,0.54,0.05,0.08735724,0.09086926,0.9648095,158.6
215000,0.45,0.53,0.02,0.07012476,0.06991139,0.2747998,119.56
215100,0.48,0.49,0.03,0.07967981,0.0764624,0.3835997,138.87
215200,0.44,0.52,0.04,0.0916888,0.0849416,0.7556047,152.77
215300,0.47,0.49,0.04,0.08806029,0.1121501,0.5668035,122.2
215400,0.42,0.56,0.02,0.0771907,0.07295629,0.7074044,126.89
215500,0.46,0.51,0.03,0.0808128,0.08021535,0.6248043,121.9
215600,0.37,0.58,0.05,0.07312547,0.07667866,0.9994084,147.5
215700,0.43,0.53,0.04,0.09586446,0.1445464,0.6172044,140.07
215800,0.4,0.54,0.06,0.07946101,0.07540481,0.4696023,164.69
215900,0.46,0.5,0.04,0.08266729,0.1160536,0.6244037,138.46
216000,0.48,0.47,0.05,0.06426923,0.06238655,0.8630067,162.03
216100,0.43,0.54,0.03,0.08751693,0.07969405,0.8074059,146.29
216200,0.39,0.59,0.02,0.08610177,0.08165243,0.4750025,128.87
216300,0.42,0.58,0,0.07647985,0.06780964,0.3045998,104.18
216400,0.5,0.47,0.03,0.07800758,0.07619458,0.3903997,113.84
216500,0.35,0.59,0.06,0.08535677,0.07800275,0.8028063,157.29
216600,0.38,0.61,0.01,0.08224162,0.08638846,0.478002,122.35
216700,0.41,0.58,0.01,0.1068334,0.1086299,0.4006022,96.9
216800,0.39,0.6,0.01,0.07540181,0.07197047,0.4148024,113.88
216900,0.43,0.51,0.06,0.06381001,0.06997982,1.12421,169.43
217000,0.52,0.46,0.02,0.08332413,0.07698934,0.7136036,121.06
217100,0.38,0.59,0.03,0.07287622,0.07205013,0.6440043,125.71
217200,0.42,0.52,0.06,0.07318171,0.09201202,1.32401,168.06
217300,0.45,0.53,0.02,0.07484422,0.06736918,0.5940039,131.6
217400,0.41,0.55,0.04,0.08394389,0.07737422,0.6960041,161.77
217500,0.41,0.52,0.07,0.07287328,0.07244687,1.587216,169.2
217600,0.42,0.49,0.09,0.07325771,0.08405826,1.285013,184.01
217700,0.44,0.52,0.04,0.069858,0.06554373,1.024607,160.92
217800,0.48,0.49,0.03,0.07740456,0.07676059,0.7112039,153.4
217900,0.37,0.59,0.04,0.07327337,0.07156642,0.9688097,148.97
218000,0.51,0.46,0.03,0.06757647,0.06402539,0.8154066,121.54
218100,0.37,0.6,0.03,0.0752248,0.07206319,0.5978042,141.48
218200,0.39,0.58,0.03,0.0833808,0.08087331,0.8164065,135.27
218300,0.4,0.58,0.02,0.0709133,0.06501554,0.3736023,137.92
218400,0.4,0.55,0.05,0.08186416,0.08795455,0.6816062,139.45
218500,0.49,0.46,0.05,0.07412738,0.06913207,0.8718066,158.99
218600,0.42,0.52,0.06,0.07395026,0.0777835,0.8684064,150.83
218700,0.54,0.44,0.02,0.08978717,0.09581102,0.8042041,108.38
218800,0.39,0.59,0.02,0.07868158,0.07207125,0.6316049,120.69
218900,0.47,0.48,0.05,0.06464642,0.06991393,0.8032063,171.36
219000,0.42,0.54,0.04,0.08042815,0.07750732,0.7650046,165.56
219100,0.5,0.47,0.03,0.091137,0.09300817,0.4500017,124.28
219200,0.45,0.54,0.01,0.07874972,0.09234907,0.6774021,119.62
219300,0.4,0.57,0.03,0.08592474,0.08478428,0.8394062,131.56
219400,0.38,0.58,0.04,0.07339959,0.06987835,0.6130033,138.56
219500,0.51,0.47,0.02,0.07225799,0.06491689,0.7392058,136.13
219600,0.34,0.63,0.03,0.07616076,0.07805168,0.5412051,127.04
219700,0.52,0.44,0.04,0.07689165,0.07478542,0.6742049,161.58
219800,0.47,0.5,0.03,0.0692195,0.06351426,0.9544063,137.32
219900,0.49,0.49,0.02,0.08325423,0.08551079,0.4600022,105.04
220000,0.45,0.49,0.06,0.0821591,0.09307274,0.8104069,166.62
220100,0.41,0.53,0.06,0.08063319,0.08637582,1.144009,158.9
220200,0.44,0.54,0.02,0.07698302,0.07764488,0.5698044,125.18
220300,0.42,0.55,0.03,0.07139838,0.06682982,0.6064039,133.52
220400,0.4,0.57,0.03,0.0888789,0.09710783,0.7686071,104.54
220500,0.42,0.52,0.06,0.08980391,0.08749805,0.9256083,165.21
220600,0.45,0.51,0.04,0.08975725,0.08929281,0.585403,151.16
220700,0.38,0.6,0.02,0.07292286,0.07333949,0.1735999,110.51
220800,0.36,0.58,0.06,0.07356881,0.0934487,0.7032068,160.56
220900,0.48,0.5,0.02,0.09234184,0.08996013,0.6918038,108.35
221000,0.38,0.62,0,0.07451024,0.07299521,0.2885998,112.13
221100,0.46,0.51,0.03,0.07551691,0.07387966,0.4810024,135.12
221200,0.42,0.57,0.01,0.06725312,0.06907394,0.498602,143.1
221300,0.51,0.45,0.04,0.08818967,0.07658098,0.9716061,147.54
221400,0.46,0.52,0.02,0.07104587,0.06817771,0.4194022,134.56
221500,0.45,0.53,0.02,0.0826766,0.08666709,0.4582022,128.74
221600,0.44,0.53,0.03,0.0667247,0.06423305,0.8422067,131.78
221700,0.42,0.53,0.05,0.08404642,0.09127786,0.936809,151.53
221800,0.47,0.47,0.06,0.07399096,0.07933966,1.167411,181.79
221900,0.42,0.53,0.05,0.08057438,0.08831733,0.7984066,137.7
222000,0.44,0.5,0.06,0.08577909,0.08127488,1.076609,147.97
222100,0.34,0.57,0.09,0.07942519,0.07495528,1.422814,196.08
222200,0.43,0.51,0.06,0.0870266,0.07619522,1.027809,159.27
222300,0.48,0.5,0.02,0.08429834,0.09094491,0.496002,119.84
222400,0.42,0.54,0.04,0.07779067,0.07648982,0.7832066,134.08
222500,0.41,0.58,0.01,0.08330679,0.07902572,0.5458019,108.39
222600,0.42,0.56,0.02,0.07441183,0.07232357,0.5274021,116.52
222700,0.47,0.49,0.04,0.07560949,0.07971661,0.6688035,145.53
222800,0.38,0.54,0.08,0.07706165,0.08373954,1.239612,186.83
222900,0.36,0.62,0.02,0.07525982,0.07746208,0.5492025,126.98
223000,0.52,0.43,0.05,0.07087855,0.0665587,0.3519997,151.78
223100,0.38,0.59,0.03,0.08239055,0.07660104,0.937807,133.41
223200,0.34,0.63,0.03,0.08214661,0.08257616,0.7510061,121.46
223300,0.4,0.5,0.1,0.07013283,0.06772519,1.677218,193.38
223400,0.32,0.65,0.03,0.07089038,0.06704272,0.6518046,138.39
223500,0.45,0.49,0.06,0.07145736,0.08900753,0.8730072,157.71
223600,0.48,0.5,0.02,0.08447616,0.09286925,0.4156022,110.71
223700,0.3,0.62,0.08,0.07513943,0.07561332,0.8676088,179.35
223800,0.42,0.52,0.06,0.06936385,0.06609738,0.9210061,163.26
223900,0.46,0.51,0.03,0.09527002,0.0976403,0.6140047,109.4
224000,0.54,0.44,0.02,0.07695841,0.08363871,0.4772016,110
224100,0.46,0.47,0.07,0.07380722,0.06963138,1.270212,168.3
224200,0.35,0.59,0.06,0.07287832,0.06924596,1.225012,157.94
224300,0.46,0.46,0.08,0.08967039,0.08698922,1.214409,178.85
224400,0.42,0.54,0.04,0.07819109,0.09276313,0.8642069,137.06
224500,0.31,0.63,0.06,0.09042959,0.08900867,0.8630068,156.67
224600,0.47,0.5,0.03,0.0719566,0.07554416,0.4207997,134.36
224700,0.45,0.54,0.01,0.07704918,0.0702418,0.488802,91.78
224800,0.38,0.6,0.02,0.07927771,0.08292662,0.5314022,133.79
224900,0.42,0.55,0.03,0.07856404,0.0981544,0.5832043,133.84
225000,0.42,0.53,0.05,0.06928883,0.06923549,0.7442044,144.67
225100,0.41,0.56,0.03,0.08173049,0.07607711,0.9960067,128.23
225200,0.39,0.59,0.02,0.07761696,0.08508318,0.2111998,116.87
225300,0.36,0.58,0.06,0.08180762,0.1028274,0.9930087,144.7
225400,0.32,0.63,0.05,0.08699396,0.09352531,0.7370068,146.27
225500,0.36,0.58,0.06,0.0865854,0.09143316,0.5684047,162.34
225600,0.5,0.5,0,0.07714424,0.09552208,0.2215998,110.27
225700,0.45,0.5,0.05,0.07469306,0.07067041,1.130408,149.96
225800,0.37,0.62,0.01,0.07778895,0.07473051,0.1903999,108.93
225900,0.43,0.53,0.04,0.08258829,0.1027626,0.652604,144.37
226000,0.43,0.55,0.02,0.06671286,0.0696059,0.7712048,124.83
226100,0.48,0.49,0.03,0.07606638,0.07901224,0.9242072,126.93
226200,0.4,0.53,0.07,0.1109227,0.1219536,1.305213,166.76
226300,0.51,0.45,0.04,0.07704758,0.06986321,1.099808,139.55
226400,0.49,0.44,0.07,0.07448097,0.08772855,0.8368062,160.76
226500,0.41,0.53,0.06,0.08885953,0.09428358,0.9572074,154.98
226600,0.42,0.55,0.03,0.1032372,0.09825046,0.5842044,127.53
226700,0.38,0.58,0.04,0.07407396,0.07441021,0.462802,161.95
226800,0.46,0.53,0.01,0.07435552,0.07496843,0.4738021,111.55
226900,0.34,0.6,0.06,0.08297072,0.09577519,0.7438046,171.69
227000,0.47,0.5,0.03,0.08784488,0.1004606,0.6252047,120.44
227100,0.51,0.47,0.02,0.06919788,0.06975372,0.4468023,137.81
227200,0.48,0.48,0.04,0.0862992,0.1026639,0.774807,149.61
227300,0.48,0.51,0.01,0.08115899,0.07417891,0.4038022,99.3
227400,0.45,0.51,0.04,0.06581207,0.06625955,1.019209,143.78
227500,0.42,0.56,0.02,0.0815278,0.07929481,0.4350021,123.42
227600,0.51,0.44,0.05,0.07486427,0.06967685,1.16401,167.31
227700,0.47,0.5,0.03,0.07000294,0.06151269,0.2227999,132.75
227800,0.5,0.44,0.06,0.07341881,0.06670688,0.9834094,156.64
227900,0.45,0.5,0.05,0.07898951,0.0788912,0.4936015,142.77
228000,0.5,0.46,0.04,0.07360268,0.06936169,1.052409,152.08
228100,0.46,0.5,0.04,0.06677855,0.06110147,0.7612046,144.41
228200,0.3,0.67,0.03,0.09375563,0.08972436,0.3926025,124.15
228300,0.44,0.51,0.05,0.07084855,0.06684022,0.5916042,150.91
228400,0.45,0.53,0.02,0.08685469,0.08323776,0.3481998,114.52
228500,0.38,0.59,0.03,0.07784007,0.07480736,0.5806047,141.54
228600,0.38,0.56,0.06,0.08824031,0.1046894,0.4890039,155.11
228700,0.45,0.49,0.06,0.07836556,0.07655973,0.411202,174.52
228800,0.4,0.58,0.02,0.0799351,0.09124159,0.601204,113.93
228900,0.41,0.56,0.03,0.08207302,0.09080207,0.5360042,117.65
229000,0.44,0.54,0.02,0.06787461,0.06827442,0.2767998,119.65
229100,0.4,0.57,0.03,0.07148474,0.06493583,0.6650046,119.81
229200,0.44,0.51,0.05,0.0690389,0.07345876,1.148809,134.57
229300,0.47,0.5,0.03,0.07155076,0.06779356,0.6016039,118.98
229400,0.36,0.61,0.03,0.07166375,0.06471419,0.5558041,146.64
229500,0.49,0.49,0.02,0.07411271,0.06487757,0.4314022,122.69
229600,0.42,0.56,0.02,0.08618454,0.08910655,0.4934023,110.39
229700,0.46,0.51,0.03,0.08504681,0.08974426,0.3487997,129.7
229800,0.45,0.52,0.03,0.07642616,0.0743129,0.4160018,142.23
229900,0.48,0.49,0.03,0.08245554,0.08841405,0.6894051,148.17
230000,0.35,0.61,0.04,0.08514796,0.08853797,0.7898055,131.1
230100,0.5,0.48,0.02,0.08036321,0.06924263,0.5968016,129.83
230200,0.37,0.6,0.03,0.08450261,0.07868248,0.6254047,138.96
230300,0.41,0.52,0.07,0.07045238,0.07324211,1.177609,182.58
230400,0.47,0.49,0.04,0.09958251,0.1088393,0.777804,137.43
230500,0.43,0.55,0.02,0.07695255,0.07151078,0.4294023,112.54
230600,0.41,0.55,0.04,0.07603297,0.07455455,0.3806019,147.77
230700,0.38,0.6,0.02,0.07587187,0.08567561,0.4136019,120.54
230800,0.38,0.57,0.05,0.07408679,0.07397755,0.9240067,152.78
230900,0.44,0.49,0.07,0.07474561,0.07616714,1.211411,174.52
231000,0.53,0.44,0.03,0.08002045,0.1142424,0.9000061,129.83
231100,0.48,0.48,0.04,0.07480332,0.07288627,0.5028023,134.95
231200,0.44,0.54,0.02,0.08151401,0.08577874,0.3840016,127.05
231300,0.45,0.52,0.03,0.07550484,0.08197675,0.8042043,138.04
231400,0.42,0.54,0.04,0.08479312,0.08274475,0.9116066,141.04
231500,0.38,0.57,0.05,0.07531966,0.07419915,0.8048046,168.53
231600,0.47,0.5,0.03,0.07444397,0.06712843,0.8608046,146.69
231700,0.36,0.6,0.04,0.08887055,0.09744512,0.532404,127.86
231800,0.38,0.6,0.02,0.0960274,0.09655161,0.3706024,125.27
231900,0.48,0.49,0.03,0.08086164,0.08942421,0.7436046,131.87
232000,0.48,0.45,0.07,0.07510811,0.07792825,1.100008,183.21
232100,0.43,0.53,0.04,0.07725413,0.07502903,0.6842068,132
232200,0.39,0.58,0.03,0.07227974,0.06868657,0.8282071,144.65
232300,0.41,0.56,0.03,0.07681895,0.06866955,0.4630024,122.61
232400,0.4,0.57,0.03,0.07675157,0.06986862,0.6924073,111.02
232500,0.44,0.54,0.02,0.07635928,0.07121592,0.5874014,120.48
232600,0.49,0.47,0.04,0.07293808,0.07283045,1.005209,133.3
232700,0.48,0.5,0.02,0.1046635,0.1149936,0.522402,115.96
232800,0.51,0.46,0.03,0.0930092,0.1017844,0.9904069,138.78
232900,0.39,0.59,0.02,0.071821,0.0699907,0.6242043,125.23
233000,0.45,0.51,0.04,0.06496158,0.06454715,0.3578024,148.47
233100,0.47,0.48,0.05,0.09144232,0.09248713,0.6766043,157.84
233200,0.44,0.52,0.04,0.07141414,0.0741704,0.4778023,144.96
233300,0.39,0.58,0.03,0.07752109,0.07641393,0.7420045,127.99
233400,0.33,0.62,0.05,0.09269836,0.1019932,0.5252048,160.58
233500,0.39,0.56,0.05,0.07211756,0.06825366,1.055209,157.44
233600,0.39,0.55,0.06,0.08475859,0.09082028,0.9830089,150.44
233700,0.43,0.52,0.05,0.07782232,0.08876566,0.8642085,131.66
233800,0.53,0.44,0.03,0.07157958,0.07148678,0.8576065,121.63
233900,0.39,0.56,0.05,0.06888533,0.06206918,0.7972072,164.23
234000,0.42,0.56,0.02,0.0815417,0.07907742,0.3496022,118.28
234100,0.37,0.59,0.04,0.08575214,0.09622836,0.6934043,139.97
234200,0.41,0.56,0.03,0.07420529,0.07750148,0.497402,136.56
234300,0.43,0.56,0.01,0.1050554,0.1229552,0.2151998,111.16
234400,0.37,0.6,0.03,0.0997759,0.1078294,0.8544069,146.22
234500,0.39,0.59,0.02,0.09461766,0.1027096,0.5022048,115.45
234600,0.42,0.54,0.04,0.09115443,0.08919013,0.7602068,141.81
234700,0.46,0.49,0.05,0.08525195,0.09483788,0.505802,137.71
234800,0.38,0.57,0.05,0.09815469,0.1140449,1.06021,152.41
234900,0.36,0.58,0.06,0.07201207,0.06330958,1.086009,170.56
235000,0.44,0.52,0.04,0.07005857,0.06223444,0.7380072,143.38
235100,0.5,0.47,0.03,0.08517278,0.08051527,0.726404,130.8
235200,0.43,0.52,0.05,0.08984843,0.08597221,0.7048063,147.83
235300,0.38,0.59,0.03,0.08243193,0.07709094,0.6880049,125
235400,0.43,0.56,0.01,0.0810883,0.0883387,0.4182022,117.82
235500,0.49,0.48,0.03,0.09660615,0.08818101,0.4908022,129.73
235600,0.43,0.52,0.05,0.08110294,0.08319899,1.175212,157.8
235700,0.37,0.54,0.09,0.08351998,0.0821965,1.544417,188.82
235800,0.45,0.5,0.05,0.07640703,0.07568096,1.155411,148.85
235900,0.35,0.57,0.08,0.07776189,0.06930035,1.122411,169.43
236000,0.35,0.61,0.04,0.07179459,0.0748274,1.03421,143.92
236100,0.41,0.55,0.04,0.07403116,0.07162221,0.5082024,146.46
236200,0.49,0.47,0.04,0.07060821,0.07441324,0.4976012,155.96
236300,0.37,0.59,0.04,0.08148415,0.08120051,0.5928042,138.71
236400,0.37,0.59,0.04,0.07411935,0.07500663,0.7232048,144.12
236500,0.44,0.54,0.02,0.08321381,0.1040488,0.2529998,121.25
236600,0.4,0.56,0.04,0.08918254,0.1052448,0.4060019,137.4
236700,0.42,0.51,0.07,0.0866043,0.08979028,0.9950093,168.41
236800,0.33,0.64,0.03,0.08152382,0.07917996,0.6666056,126.54
236900,0.42,0.5,0.08,0.07410917,0.06993596,1.393416,177.65
237000,0.47,0.5,0.03,0.06952097,0.07094538,0.6878049,127.34
237100,0.49,0.46,0.05,0.06332761,0.06736828,0.4842024,162.06
237200,0.42,0.55,0.03,0.08128674,0.0950395,0.2767998,126.62
237300,0.39,0.56,0.05,0.07213476,0.07366619,0.9336068,169.44
237400,0.46,0.51,0.03,0.0812216,0.08835422,0.9394073,122.3
237500,0.41,0.59,0,0.07744946,0.08406392,0.1897998,102.99
237600,0.39,0.58,0.03,0.0744535,0.07454893,0.771405,140.69
237700,0.49,0.49,0.02,0.07969005,0.08606143,0.606204,127.72
237800,0.4,0.53,0.07,0.09561048,0.1057352,1.239411,164.98
237900,0.45,0.51,0.04,0.1015369,0.1125006,0.8732063,143.75
238000,0.47,0.48,0.05,0.0761549,0.06964426,0.6942045,139.77
238100,0.44,0.54,0.02,0.08415692,0.09439808,0.6946046,113.98
238200,0.45,0.53,0.02,0.07668734,0.06307237,0.3739997,120.85
238300,0.41,0.55,0.04,0.06753073,0.07601328,0.6084048,132.87
238400,0.45,0.51,0.04,0.09090859,0.08923722,0.487402,136.74
238500,0.5,0.48,0.02,0.07125182,0.08016829,0.4814013,112.83
238600,0.41,0.54,0.05,0.07828131,0.07853323,1.002208,141.59
238700,0.5,0.44,0.06,0.07005797,0.06693064,1.199611,163.47
238800,0.39,0.58,0.03,0.07829504,0.06701703,0.8080062,143.48
238900,0.48,0.47,0.05,0.07702652,0.08828385,0.9038064,165.67
239000,0.42,0.56,0.02,0.07820443,0.07079909,0.4074019,113.35
239100,0.53,0.45,0.02,0.08626914,0.08575726,0.5826019,117.23
239200,0.48,0.52,0,0.08368161,0.08485536,0.3465997,114.37
239300,0.48,0.49,0.03,0.07301392,0.06941825,0.4537996,143.77
239400,0.36,0.63,0.01,0.08882437,0.1052789,0.3820022,94.2
239500,0.52,0.45,0.03,0.06835182,0.06486061,0.928807,143.12
239600,0.44,0.53,0.03,0.07360348,0.06930126,0.7160048,133.92
239700,0.39,0.59,0.02,0.08459275,0.0968319,0.4412024,120.66
239800,0.4,0.57,0.03,0.08004985,0.08203337,0.8088061,128.6
239900,0.45,0.52,0.03,0.07922778,0.09579239,0.6076046,128.82
240000,0.45,0.52,0.03,0.08764658,0.09274523,0.2965998,127.87
240100,0.48,0.48,0.04,0.09198663,0.08780876,0.6420038,140.01
240200,0.45,0.54,0.01,0.07192718,0.07471451,0.3027997,109.7
240300,0.49,0.48,0.03,0.07477161,0.07349904,0.6586044,116.72
240400,0.42,0.52,0.06,0.08628434,0.09214828,1.321214,165.21
240500,0.38,0.6,0.02,0.07056896,0.06916706,0.4674022,126.32
240600,0.48,0.51,0.01,0.08571529,0.09026776,0.1861999,114.42
240700,0.4,0.57,0.03,0.08102437,0.08798981,0.8474066,157.45
240800,0.45,0.51,0.04,0.07198332,0.07808838,0.8016043,147.31
240900,0.4,0.55,0.05,0.09437097,0.1044282,0.9692096,142.26
241000,0.37,0.59,0.04,0.07541206,0.0698291,0.7264068,138.97
241100,0.47,0.5,0.03,0.07833962,0.07787912,0.5088023,126.17
241200,0.42,0.54,0.04,0.1078117,0.1136769,0.8728069,132.45
241300,0.48,0.51,0.01,0.07690163,0.07899144,0.490002,107.16
241400,0.4,0.55,0.05,0.07793368,0.08856302,0.8066064,145.84
241500,0.4,0.56,0.04,0.08080674,0.07928209,0.8018056,137.34
241600,0.42,0.55,0.03,0.08429799,0.09177504,0.8498044,138.21
241700,0.41,0.59,0,0.07432084,0.06485306,0.2265998,100.76
241800,0.44,0.55,0.01,0.09300977,0.09774475,0.3873997,108.06
241900,0.47,0.5,0.03,0.07300393,0.0683871,0.8152062,129.69
242000,0.33,0.63,0.04,0.07533529,0.07242189,0.5378046,146.64
242100,0.46,0.51,0.03,0.07799725,0.07199495,0.500002,133.6
242200,0.46,0.46,0.08,0.06174777,0.0597781,1.263011,187.33
242300,0.45,0.52,0.03,0.07323594,0.07973889,0.6014022,149.85
242400,0.39,0.56,0.05,0.09147277,0.1022275,0.9132065,137.55
242500,0.41,0.54,0.05,0.0791855,0.09557191,0.6662049,146.84
242600,0.44,0.53,0.03,0.0769445,0.0828187,0.507602,132.99
242700,0.4,0.54,0.06,0.07308485,0.07436212,1.389813,166.49
242800,0.46,0.52,0.02,0.08058929,0.07450816,0.4972024,116.01
242900,0.39,0.55,0.06,0.08269998,0.1101773,1.102411,163.28
243000,0.39,0.56,0.05,0.08037216,0.08202312,1.089611,139.6
243100,0.46,0.51,0.03,0.08341691,0.08124775,0.5226021,133.92
243200,0.41,0.52,0.07,0.08555585,0.09605464,0.6660042,172.2
243300,0.4,0.57,0.03,0.08134662,0.08106542,0.765806,121.97
243400,0.36,0.57,0.07,0.09226432,0.08919926,0.7864066,156.18
243500,0.5,0.49,0.01,0.08624944,0.07911295,0.3281997,119.17
243600,0.41,0.59,0,0.08889681,0.1041971,0.2421998,102.68
243700,0.45,0.49,0.06,0.08665941,0.07565276,1.066809,154.42
243800,0.44,0.53,0.03,0.09530487,0.07306816,0.6076041,123.53
243900,0.39,0.56,0.05,0.0738031,0.07001272,0.2899998,178.18
244000,0.43,0.51,0.06,0.08168453,0.09030697,1.017609,151.03
244100,0.37,0.62,0.01,0.07389268,0.06799135,0.3950022,135.76
244200,0.43,0.54,0.03,0.07754063,0.0995767,0.7302048,127.15
244300,0.4,0.54,0.06,0.07242363,0.06107112,0.987209,157.52
244400,0.4,0.6,0,0.08386884,0.1071278,0.2675998,91.64
244500,0.43,0.55,0.02,0.06584556,0.07125339,0.7364044,128.39
244600,0.49,0.47,0.04,0.07406119,0.07585277,1.150009,148.97
244700,0.51,0.47,0.02,0.08067439,0.07852891,0.4612023,120.41
244800,0.48,0.46,0.06,0.08134396,0.09959452,0.773207,165.22
244900,0.43,0.55,0.02,0.07535373,0.07392807,0.420202,128.06
245000,0.6,0.39,0.01,0.08813078,0.08252943,0.3930017,97.46
245100,0.49,0.49,0.02,0.08628637,0.0971034,0.6992044,120.3
245200,0.41,0.55,0.04,0.08738534,0.09704386,0.4910019,130.98
245300,0.41,0.56,0.03,0.09310943,0.09867502,0.8060062,123.66
245400,0.48,0.51,0.01,0.0760193,0.07092974,0.6512023,121.27
245500,0.38,0.58,0.04,0.06542171,0.05858514,0.6020044,137.93
245600,0.44,0.55,0.01,0.08652384,0.09824385,0.4166023,110.66
245700,0.53,0.47,0,0.09399726,0.1130371,0.2811998,94.03
245800,0.48,0.49,0.03,0.08645817,0.08755581,0.5348021,124.9
245900,0.48,0.49,0.03,0.06127078,0.06060484,0.5214018,148.5
246000,0.45,0.51,0.04,0.06808019,0.06221594,1.084408,149.03
246100,0.43,0.52,0.05,0.07199145,0.07073221,0.9068071,147.28
246200,0.48,0.48,0.04,0.1010467,0.1135583,0.5548046,127.64
246300,0.36,0.63,0.01,0.06693421,0.06778977,0.1905998,116.26
246400,0.33,0.64,0.03,0.07182362,0.07234316,0.8538074,137.33
246500,0.46,0.5,0.04,0.07012955,0.07751071,1.064009,139.55
246600,0.37,0.62,0.01,0.07275759,0.0735203,0.5228018,106.93
246700,0.42,0.56,0.02,0.09982502,0.1130176,0.4164021,133.55
246800,0.37,0.57,0.06,0.08276734,0.08226347,0.9994081,158.62
246900,0.46,0.52,0.02,0.07833362,0.08581478,0.4248022,131.13
247000,0.54,0.44,0.02,0.07706995,0.0878861,0.403402,120.51
247100,0.39,0.58,0.03,0.09077633,0.08678729,0.7092063,151.63
247200,0.51,0.48,0.01,0.0710554,0.06349415,0.6072023,121.41
247300,0.45,0.52,0.03,0.0682385,0.06712066,0.7452046,159.96
247400,0.4,0.56,0.04,0.07804337,0.0714679,0.6516045,141.87
247500,0.39,0.6,0.01,0.0743321,0.07633588,0.2785998,110.8
247600,0.44,0.54,0.02,0.0721718,0.0776439,0.6810046,110.52
247700,0.49,0.47,0.04,0.0819537,0.08634963,0.6716042,137.28
247800,0.38,0.61,0.01,0.07401469,0.06940678,0.2462019,123.63
247900,0.4,0.52,0.08,0.08609444,0.09545491,1.190411,174.91
248000,0.4,0.57,0.03,0.07251646,0.06153573,0.4464024,145.81
248100,0.47,0.5,0.03,0.09246231,0.09407275,0.774004,149.22
248200,0.49,0.46,0.05,0.09224721,0.09086733,1.329811,153.3
248300,0.42,0.54,0.04,0.06723717,0.05972051,0.7322047,167.93
248400,0.43,0.53,0.04,0.08182903,0.09782092,0.8468071,141.5
248500,0.41,0.55,0.04,0.0895886,0.09164412,0.7840066,138.91
248600,0.45,0.55,0,0.08595152,0.1099656,0.1633999,84.74
248700,0.41,0.58,0.01,0.07946281,0.08025967,0.5186022,118.2
248800,0.41,0.5,0.09,0.07814894,0.07537435,1.594416,181.56
248900,0.37,0.57,0.06,0.07446732,0.07410416,1.339014,146.69
249000,0.47,0.51,0.02,0.09041266,0.1035346,0.5410018,127.25
249100,0.45,0.53,0.02,0.06643705,0.06668525,0.4036025,108.8
249200,0.46,0.5,0.04,0.06722404,0.06630304,0.532202,159.72
249300,0.37,0.6,0.03,0.06377296,0.06648311,0.6164042,135.98
249400,0.42,0.55,0.03,0.08381901,0.08548669,0.7684036,114.76
249500,0.37,0.62,0.01,0.07992599,0.0738909,0.419002,118.35
249600,0.48,0.47,0.05,0.08300705,0.07762056,1.13221,146.16
249700,0.43,0.54,0.03,0.08749206,0.08678491,0.6512043,131.18
249800,0.47,0.49,0.04,0.07532148,0.08578274,0.8982064,143.61
249900,0.46,0.52,0.02,0.07504627,0.0775269,0.400401,99.78
250000,0.54,0.4,0.06,0.07893822,0.07184338,0.8030069,153.99
250100,0.48,0.47,0.05,0.07522217,0.06997694,0.6700049,154.02
250200,0.43,0.55,0.02,0.08376899,0.08380467,0.4176021,112.69
250300,0.4,0.56,0.04,0.07836537,0.07107528,0.6762044,136.88
250400,0.4,0.56,0.04,0.08050194,0.08536115,0.6224036,142.75
250500,0.45,0.52,0.03,0.09874937,0.09172204,0.6514037,136.37
250600,0.55,0.43,0.02,0.1057225,0.09825527,0.5274023,123.95
250700,0.5,0.49,0.01,0.08267161,0.08767258,0.5100023,111.8
250800,0.41,0.56,0.03,0.09038171,0.09117233,0.6030044,135.11
250900,0.39,0.58,0.03,0.09816182,0.09695349,0.7302054,135.89
251000,0.41,0.55,0.04,0.07455359,0.06331789,0.5924032,137.3
251100,0.45,0.5,0.05,0.09793284,0.1022936,0.9112074,139.7
251200,0.42,0.55,0.03,0.09199793,0.08075656,0.5116045,120.14
251300,0.43,0.5,0.07,0.07594062,0.07377249,1.027608,160.4
251400,0.42,0.57,0.01,0.07795529,0.08333531,0.465802,105.18
251500,0.44,0.52,0.04,0.072054,0.06517915,1.086608,131.3
251600,0.39,0.56,0.05,0.08787012,0.109541,0.8026055,163.42
251700,0.4,0.57,0.03,0.1010317,0.09658474,0.608804,125.81
251800,0.32,0.67,0.01,0.07720158,0.07272445,0.1997999,122.82
251900,0.49,0.5,0.01,0.0937863,0.1012425,0.3927998,129.06
252000,0.43,0.56,0.01,0.093904,0.08594179,0.448202,124.63
252100,0.45,0.54,0.01,0.08109414,0.08009438,0.2325998,100.76
252200,0.47,0.5,0.03,0.08805063,0.08521996,0.6616018,132.09
252300,0.45,0.52,0.03,0.07575562,0.06507489,0.853606,138.59
252400,0.38,0.58,0.04,0.08867605,0.08156537,0.9150091,137.2
252500,0.43,0.55,0.02,0.09086305,0.07712937,0.578402,127.34
252600,0.42,0.55,0.03,0.07775195,0.0794095,1.006207,126.58
252700,0.42,0.54,0.04,0.07421811,0.07091311,0.9170067,144.29
252800,0.42,0.55,0.03,0.08170558,0.07419524,1.024606,138.9
252900,0.41,0.56,0.03,0.08243329,0.07519677,0.8730069,123.16
253000,0.38,0.59,0.03,0.08470634,0.1023851,0.8044074,124.66
253100,0.44,0.5,0.06,0.07269086,0.07940378,0.6452042,146.55
253200,0.56,0.44,0,0.07819752,0.06726029,0.5031996,110.02
253300,0.43,0.53,0.04,0.0765029,0.07452213,0.4062022,132.42
253400,0.42,0.52,0.06,0.07097843,0.06990051,1.357811,154.5
253500,0.38,0.57,0.05,0.0671538,0.06287447,1.19821,169.51
253600,0.52,0.45,0.03,0.08500371,0.1003592,0.4528025,127.29
253700,0.5,0.42,0.08,0.0779926,0.07768172,1.612416,169.39
253800,0.47,0.52,0.01,0.07860979,0.0710989,0.3249997,118.45
253900,0.37,0.58,0.05,0.06149161,0.05708878,1.352211,183.14
254000,0.37,0.57,0.06,0.07759726,0.06875476,0.6476038,159.94
254100,0.43,0.56,0.01,0.08986647,0.08791982,0.2795998,144.13
254200,0.45,0.55,0,0.08642789,0.08414643,0.3507999,99.18
254300,0.47,0.52,0.01,0.06829664,0.07092798,0.5524015,131.57
254400,0.47,0.48,0.05,0.08027131,0.072452,0.5824045,144.57
254500,0.43,0.49,0.08,0.08334353,0.09410787,1.330413,173.13
254600,0.42,0.56,0.02,0.09943123,0.1279142,0.5834042,121.33
254700,0.41,0.55,0.04,0.1109341,0.1104478,0.796407,128.12
254800,0.36,0.61,0.03,0.07053718,0.06614961,0.6208037,138.85
254900,0.38,0.59,0.03,0.07053955,0.06285501,0.7604067,132.77
255000,0.31,0.66,0.03,0.08475284,0.08647446,0.3862021,126.61
255100,0.38,0.58,0.04,0.09132669,0.1026641,1.047409,133.18
255200,0.45,0.53,0.02,0.08915148,0.09777835,0.7526035,123.1
255300,0.38,0.61,0.01,0.09300607,0.1045126,0.3842016,113.48
255400,0.47,0.48,0.05,0.06996562,0.06202186,0.7754067,148.46
255500,0.42,0.54,0.04,0.08255721,0.08203972,1.010008,133.72
255600,0.4,0.57,0.03,0.08051357,0.08381824,0.8848067,132.59
255700,0.4,0.58,0.02,0.07078373,0.07346205,0.6748037,121.29
255800,0.44,0.53,0.03,0.07854205,0.06435497,1.004007,144.89
255900,0.46,0.5,0.04,0.1021664,0.1090416,0.819407,142.84
256000,0.4,0.53,0.07,0.07749227,0.0747,0.8204063,175.45
256100,0.44,0.55,0.01,0.0765736,0.06716792,0.4696023,100.62
256200,0.4,0.58,0.02,0.09310808,0.1032378,0.5614023,118.88
256300,0.38,0.58,0.04,0.06831685,0.06152745,0.4898022,158.42
256400,0.43,0.56,0.01,0.09137473,0.09188141,0.3775997,116.95
256500,0.44,0.54,0.02,0.08741691,0.09368693,0.4710024,119.87
256600,0.43,0.55,0.02,0.07897906,0.06980163,0.4080024,129.87
256700,0.33,0.64,0.03,0.08287726,0.07853854,0.6388046,131.92
256800,0.48,0.49,0.03,0.078823,0.07868859,0.7556046,128.65
256900,0.4,0.55,0.05,0.09259333,0.09866864,0.6612042,156.21
257000,0.49,0.46,0.05,0.08018327,0.072031,0.5694026,131.93
257100,0.5,0.47,0.03,0.08685708,0.08255717,0.570002,140.41
257200,0.42,0.53,0.05,0.09965897,0.09184448,0.434402,164.69
257300,0.43,0.51,0.06,0.07179783,0.06016221,1.102009,165.88
257400,0.5,0.47,0.03,0.0834085,0.08297138,0.7288038,120.43
257500,0.4,0.55,0.05,0.07506375,0.08007841,1.045209,147.25
257600,0.44,0.48,0.08,0.09112974,0.09988106,1.29601,190.4
257700,0.43,0.53,0.04,0.08143935,0.09402081,1.04441,139.48
257800,0.36,0.64,0,0.08504377,0.09181537,0.3165998,111.12
257900,0.48,0.48,0.04,0.07944184,0.08742604,0.8022056,143.63
258000,0.43,0.52,0.05,0.08925429,0.08700205,0.8506067,157.57
258100,0.37,0.61,0.02,0.09224074,0.1064673,0.5106047,108.57
258200,0.41,0.54,0.05,0.07499953,0.0789942,0.8870071,145.17
258300,0.47,0.52,0.01,0.1013767,0.1095225,0.5146016,120.97
258400,0.43,0.54,0.03,0.07900223,0.08656932,0.3880016,136.14
258500,0.47,0.49,0.04,0.07078306,0.06547125,1.089607,152.19
258600,0.43,0.57,0,0.09868889,0.1010959,0.4363997,108.42
258700,0.46,0.51,0.03,0.08170033,0.08131519,0.6950044,146.31
258800,0.46,0.51,0.03,0.08516393,0.09945117,0.5776018,127.73
258900,0.45,0.5,0.05,0.08767379,0.07686383,1.252411,154.16
259000,0.54,0.45,0.01,0.07860897,0.07476768,0.6546022,119.53
259100,0.38,0.57,0.05,0.07692734,0.07687867,0.9942085,153.83
259200,0.37,0.6,0.03,0.08868273,0.08789888,0.5782046,121.79
259300,0.37,0.6,0.03,0.08123773,0.08699621,0.6334046,115.63
259400,0.38,0.59,0.03,0.07943173,0.06466204,0.7934059,143.07
259500,0.44,0.55,0.01,0.07143563,0.0702745,0.3662018,107.18
259600,0.39,0.57,0.04,0.06752376,0.06743065,0.8906084,144.07
259700,0.49,0.49,0.02,0.0817448,0.08465437,0.6400034,139.83
259800,0.4,0.52,0.08,0.08975326,0.09242008,1.347013,186.06
259900,0.45,0.53,0.02,0.07148895,0.06654453,0.2995998,128.01
260000,0.45,0.53,0.02,0.07584842,0.07618058,0.2927998,116.24
260100,0.4,0.58,0.02,0.07334908,0.06679902,0.3207997,131.19
260200,0.41,0.57,0.02,0.07037133,0.0651692,0.4484023,120.92
260300,0.43,0.55,0.02,0.08711053,0.09566379,0.4826025,140.51
260400,0.38,0.59,0.03,0.0787629,0.0742706,0.8372064,153.63
260500,0.46,0.53,0.01,0.09696776,0.1097037,0.4744019,136.12
260600,0.39,0.57,0.04,0.0880406,0.08773347,0.4290023,131.48
260700,0.38,0.58,0.04,0.08628746,0.08067539,0.4994042,136.38
260800,0.39,0.6,0.01,0.07235403,0.07046185,0.5450023,121.11
260900,0.42,0.51,0.07,0.06801707,0.06519159,1.278211,167
261000,0.4,0.57,0.03,0.09544838,0.08593812,0.8066069,120.18
261100,0.45,0.55,0,0.06850063,0.06414798,0.2495998,115.98
261200,0.45,0.51,0.04,0.07950196,0.07374616,0.4574022,159.43
261300,0.42,0.51,0.07,0.08862309,0.0852933,1.23321,165.55
261400,0.35,0.62,0.03,0.06597348,0.06456613,0.5534022,147.7
261500,0.43,0.52,0.05,0.07239564,0.06553205,0.8634071,150.87
261600,0.37,0.58,0.05,0.0802738,0.08922437,0.9662089,169.3
261700,0.43,0.55,0.02,0.07255085,0.08283179,0.4560025,142.3
261800,0.41,0.57,0.02,0.09263416,0.1008601,0.3935997,126.99
261900,0.41,0.58,0.01,0.07542317,0.0785817,0.4548021,114.13
262000,0.48,0.49,0.03,0.0729482,0.07034186,0.884406,138.6
262100,0.42,0.55,0.03,0.09183677,0.08336362,0.6646048,121.43
262200,0.37,0.59,0.04,0.09447202,0.09716892,0.8410065,140.68
262300,0.43,0.55,0.02,0.07952372,0.06747838,0.5664036,130.64
262400,0.47,0.48,0.05,0.08135039,0.08813734,1.07121,164.55
262500,0.5,0.49,0.01,0.07579226,0.07767276,0.4220013,112.58
262600,0.43,0.54,0.03,0.07021145,0.06610186,0.6484039,136.09
262700,0.51,0.47,0.02,0.06712386,0.05726834,0.6472042,134.23
262800,0.51,0.46,0.03,0.06862535,0.05918048,0.8856058,162.92
262900,0.46,0.52,0.02,0.08782926,0.09177373,0.3287998,118.26
263000,0.43,0.56,0.01,0.07908113,0.07296484,0.4718023,121.04
263100,0.46,0.52,0.02,0.07987998,0.08391614,0.5730022,129.21
263200,0.38,0.59,0.03,0.09298024,0.09562971,0.7594044,122.83
263300,0.47,0.5,0.03,0.08096488,0.07812019,0.8214064,131.52
263400,0.52,0.48,0,0.07832077,0.07346541,0.3765997,97.12
263500,0.46,0.53,0.01,0.07225407,0.06926939,0.4694017,134.73
263600,0.38,0.61,0.01,0.08159766,0.08172424,0.4808023,95.19
263700,0.51,0.44,0.05,0.07594758,0.0975474,1.018606,145.33
263800,0.47,0.51,0.02,0.09061406,0.09067735,0.6858044,125.75
263900,0.39,0.55,0.06,0.0768734,0.06218893,1.026808,153.79
264000,0.42,0.56,0.02,0.1015177,0.09565908,0.6698041,113.42
264100,0.37,0.6,0.03,0.07207018,0.06862328,0.7292066,139.03
264200,0.39,0.56,0.05,0.08220771,0.07572675,1.12001,149.72
264300,0.39,0.59,0.02,0.06679693,0.06235283,0.6456048,136.94
264400,0.42,0.54,0.04,0.0795882,0.08441008,0.561602,135.62
264500,0.39,0.56,0.05,0.09325851,0.08120922,0.8436059,143.3
264600,0.38,0.59,0.03,0.0762968,0.06863944,0.7590063,138.69
264700,0.44,0.53,0.03,0.07808607,0.08467508,0.8132067,121.6
264800,0.45,0.54,0.01,0.09028979,0.104658,0.3733997,110.62
264900,0.45,0.5,0.05,0.07592288,0.07823184,1.055209,146.76
265000,0.36,0.61,0.03,0.08237685,0.08778897,0.5468042,133.1
265100,0.47,0.53,0,0.09621349,0.1081277,0.2351998,107.42
265200,0.43,0.57,0,0.09904803,0.08969103,0.3537997,97.15
265300,0.45,0.5,0.05,0.07286239,0.06619301,0.8688065,150.07
265400,0.43,0.5,0.07,0.08080267,0.1096619,0.9966093,155.83
265500,0.45,0.52,0.03,0.07651844,0.07146408,0.6200036,135.27
265600,0.48,0.47,0.05,0.07682735,0.08222692,0.538002,169.5
265700,0.34,0.64,0.02,0.08482364,0.0827198,0.2075998,119.38
265800,0.4,0.58,0.02,0.07269073,0.07778721,0.5222045,109.64
265900,0.46,0.5,0.04,0.07474893,0.07189555,0.7656061,140.5
266000,0.49,0.48,0.03,0.07396939,0.07804423,0.5664017,127.91
266100,0.52,0.47,0.01,0.08809581,0.09709396,0.2693998,112.05
266200,0.41,0.54,0.05,0.07262097,0.07556398,0.8530081,137.67
266300,0.48,0.51,0.01,0.07372649,0.0728143,0.2285998,99.11
266400,0.45,0.53,0.02,0.07153047,0.06807943,0.6194036,119.75
266500,0.45,0.52,0.03,0.08213577,0.0760997,0.4732024,143.98
266600,0.43,0.56,0.01,0.08724703,0.0824748,0.3235997,111
266700,0.47,0.52,0.01,0.07592534,0.0766392,0.3804023,103.71
266800,0.41,0.54,0.05,0.0712179,0.06592987,0.8990087,156.9
266900,0.4,0.58,0.02,0.08357296,0.08714602,0.3851997,116.73
267000,0.42,0.55,0.03,0.08731951,0.07632682,0.6380037,127.56
267100,0.39,0.58,0.03,0.06983499,0.07163765,0.9614069,147.3
267200,0.41,0.56,0.03,0.07573662,0.07559071,0.6668052,161.29
267300,0.33,0.65,0.02,0.07517369,0.08393827,0.1855999,127.74
267400,0.39,0.58,0.03,0.07527398,0.07492042,0.3966021,130.7
267500,0.4,0.56,0.04,0.07179613,0.06122143,0.4372021,136.4
267600,0.36,0.59,0.05,0.09576216,0.0971259,0.4076019,139.75
267700,0.47,0.51,0.02,0.07179355,0.06875255,0.560002,129.07
267800,0.42,0.56,0.02,0.07506577,0.06714417,0.3930017,118.74
267900,0.4,0.57,0.03,0.07188344,0.07219084,0.7736067,147.35
268000,0.5,0.48,0.02,0.09707865,0.1000125,0.5872044,111.8
268100,0.33,0.63,0.04,0.09139664,0.0870339,0.6750057,142.14
268200,0.41,0.56,0.03,0.09147102,0.09949159,0.7868068,120.21
268300,0.39,0.59,0.02,0.07221754,0.0751433,0.5576022,129.82
268400,0.46,0.51,0.03,0.0874487,0.09148186,0.5388041,124.83
268500,0.41,0.55,0.04,0.05938496,0.05569385,0.6074039,163.57
268600,0.39,0.61,0,0.06537338,0.06632847,0.1889998,134.62
268700,0.45,0.53,0.02,0.07682908,0.07518684,0.3169998,124.07
268800,0.52,0.45,0.03,0.07923364,0.0800853,0.7086037,148.74
268900,0.39,0.58,0.03,0.07542502,0.08153347,0.4634019,125.79
269000,0.42,0.54,0.04,0.09486058,0.1063357,0.6486042,149.2
269100,0.4,0.58,0.02,0.06994712,0.0674787,0.4768021,128.05
269200,0.43,0.56,0.01,0.07045534,0.06217361,0.5066016,131.77
269300,0.47,0.52,0.01,0.07233276,0.06812751,0.3039998,131.97
269400,0.41,0.54,0.05,0.06531484,0.05298315,1.036409,156.26
269500,0.4,0.57,0.03,0.07294291,0.06107509,0.8160061,146.46
269600,0.35,0.63,0.02,0.07915394,0.07855418,0.2407998,119.18
269700,0.4,0.56,0.04,0.07069676,0.0727649,0.7836064,161.62
269800,0.42,0.55,0.03,0.08480606,0.0755907,0.5466047,114.16
269900,0.45,0.52,0.03,0.08385346,0.1095882,0.6170054,126.95
270000,0.41,0.59,0,0.06973788,0.06633263,0.3533997,106.36
270100,0.39,0.57,0.04,0.07715841,0.08605064,0.4982034,143.63
270200,0.37,0.59,0.04,0.07874369,0.07906537,1.006608,140.28
270300,0.33,0.64,0.03,0.08430284,0.08768973,0.09399992,124.73
270400,0.38,0.6,0.02,0.07220574,0.07030864,0.5042036,115.58
270500,0.32,0.66,0.02,0.07586777,0.06923154,0.4626022,124.12
270600,0.38,0.59,0.03,0.08489251,0.08082739,0.8632064,141.69
270700,0.4,0.58,0.02,0.08440906,0.09155209,0.1751999,105.74
270800,0.44,0.55,0.01,0.08095584,0.08806861,0.5144017,121.84
270900,0.47,0.52,0.01,0.08405291,0.09185059,0.4974022,107.81
271000,0.41,0.53,0.06,0.07813849,0.07693951,1.151212,153.79
271100,0.41,0.59,0,0.0723121,0.07159069,0.2659998,107.48
271200,0.41,0.57,0.02,0.08131391,0.0773595,0.5052019,123.14
271300,0.37,0.57,0.06,0.07138177,0.06931943,0.671207,169.14
271400,0.41,0.57,0.02,0.07204948,0.06797736,0.2017999,130.08
271500,0.38,0.6,0.02,0.07289547,0.06991675,0.4092016,149.77
271600,0.47,0.51,0.02,0.06501915,0.06919441,0.3727997,126.49
271700,0.43,0.55,0.02,0.08621615,0.09010525,0.2267998,110.47
271800,0.46,0.52,0.02,0.07506979,0.07660311,0.4080022,105.18
271900,0.46,0.51,0.03,0.0777975,0.09112375,0.8492039,126.69
272000,0.5,0.43,0.07,0.07369354,0.08568246,0.7078046,175.98
272100,0.37,0.61,0.02,0.09053579,0.09841647,0.3590021,125.67
272200,0.51,0.46,0.03,0.06869572,0.06656751,0.5026014,126
272300,0.39,0.58,0.03,0.07144568,0.06508564,0.4552022,140.09
272400,0.38,0.56,0.06,0.07840042,0.07667559,0.8472054,161.29
272500,0.39,0.54,0.07,0.08574973,0.07708402,0.8098071,158.12
272600,0.38,0.58,0.04,0.06455426,0.06650433,0.6144048,142.19
272700,0.38,0.6,0.02,0.0824576,0.08827751,0.1583999,128.99
272800,0.5,0.49,0.01,0.07526641,0.07159125,0.5670021,123.13
272900,0.41,0.57,0.02,0.07490177,0.07807913,0.3676016,123.19
273000,0.47,0.48,0.05,0.09726839,0.0886659,0.9116067,152.1
273100,0.53,0.42,0.05,0.07264993,0.06398959,1.192009,154.86
273200,0.37,0.57,0.06,0.07983766,0.08733404,0.7184069,150.51
273300,0.39,0.56,0.05,0.07290211,0.06733723,0.8378071,157.32
273400,0.42,0.54,0.04,0.08415739,0.09297992,0.4250022,138.35
273500,0.35,0.62,0.03,0.08789743,0.0821975,0.5538032,152.08
273600,0.47,0.51,0.02,0.0815931,0.08084195,0.7434041,136.14
273700,0.34,0.62,0.04,0.06940087,0.06638464,0.7808056,149.43
273800,0.51,0.47,0.02,0.07059648,0.06390825,0.6926022,126.24
273900,0.47,0.52,0.01,0.06962463,0.06929929,0.3631997,116.86
274000,0.34,0.65,0.01,0.07320786,0.06784622,0.4814021,114.06
274100,0.49,0.49,0.02,0.07007205,0.06202802,0.2125998,119.74
274200,0.4,0.57,0.03,0.07146136,0.08154853,0.5950051,136.03
274300,0.39,0.57,0.04,0.07184447,0.06869688,0.7928049,170.41
274400,0.44,0.53,0.03,0.08667049,0.0861866,0.7520033,133.96
274500,0.35,0.61,0.04,0.08176987,0.07757114,0.814607,154.82
274600,0.42,0.56,0.02,0.08733334,0.08245196,0.6158043,115.49
274700,0.46,0.49,0.05,0.07384258,0.06557718,0.7752072,128.15
274800,0.43,0.52,0.05,0.0782121,0.0834186,1.021408,152.21
274900,0.43,0.56,0.01,0.08186799,0.08040723,0.2429999,118.04
275000,0.45,0.52,0.03,0.06853919,0.06115477,0.4748024,159.14
275100,0.49,0.47,0.04,0.1072857,0.1182254,0.4838013,131.38
275200,0.37,0.6,0.03,0.07437302,0.06241029,0.5588045,148.25
275300,0.42,0.55,0.03,0.08073419,0.08004452,0.3475997,136.03
275400,0.47,0.48,0.05,0.07255931,0.06894796,0.8248043,145.7
275500,0.49,0.48,0.03,0.08173826,0.08199038,0.7080044,136.63
275600,0.4,0.59,0.01,0.07295046,0.06605424,0.2399998,125.09
275700,0.38,0.6,0.02,0.08066396,0.08199542,0.2259998,121.78
275800,0.4,0.55,0.05,0.08508645,0.08061593,0.929009,146.95
275900,0.49,0.48,0.03,0.07064682,0.06042171,0.6182019,160.36
276000,0.34,0.62,0.04,0.08247104,0.08360239,0.7180064,132.08
276100,0.45,0.49,0.06,0.06907147,0.06327015,0.8404075,146.5
276200,0.49,0.5,0.01,0.0717755,0.0725889,0.5976018,123.77
276300,0.31,0.64,0.05,0.06725533,0.06127207,0.8862052,168.85
276400,0.4,0.53,0.07,0.07362603,0.0986089,1.08861,162.61
276500,0.38,0.6,0.02,0.09709439,0.1097987,0.4856023,118.08
276600,0.33,0.63,0.04,0.08553039,0.09326658,0.6506069,128.14
276700,0.46,0.5,0.04,0.0714936,0.06954731,0.6922057,131.89
276800,0.4,0.57,0.03,0.08320853,0.07888356,0.4240023,125.89
276900,0.42,0.53,0.05,0.07965982,0.09298849,0.8458071,138.31
277000,0.38,0.61,0.01,0.077938,0.08183882,0.3442015,117.14
277100,0.42,0.57,0.01,0.08316725,0.08046368,0.3196023,121.01
277200,0.46,0.52,0.02,0.09922276,0.1048516,0.4465997,115.97
277300,0.41,0.57,0.02,0.07550139,0.07331906,0.2239998,131.25
277400,0.39,0.58,0.03,0.08421312,0.0869785,0.745207,132.9
277500,0.42,0.53,0.05,0.09731926,0.105416,0.5698043,147.64
277600,0.38,0.55,0.07,0.08219948,0.07740102,1.567416,171.4
277700,0.35,0.61,0.04,0.0766675,0.08513916,0.8258069,166.61
277800,0.39,0.6,0.01,0.07001811,0.06769999,0.4055997,126.18
277900,0.37,0.58,0.05,0.07479193,0.06713062,0.7796026,154.56
278000,0.43,0.55,0.02,0.06594383,0.07895576,0.6130046,121.44
278100,0.39,0.56,0.05,0.08116872,0.09545602,1.064609,165.69
278200,0.41,0.58,0.01,0.0855329,0.09031206,0.5584023,121.21
278300,0.47,0.5,0.03,0.07300022,0.06310338,0.7814058,141.94
278400,0.36,0.62,0.02,0.07404545,0.08695489,0.4390021,133.21
278500,0.41,0.56,0.03,0.0735594,0.0657163,0.5090019,129.09
278600,0.44,0.53,0.03,0.08226011,0.08614865,0.7174065,124.7
278700,0.46,0.51,0.03,0.07435027,0.06763174,0.5036021,124.94
278800,0.42,0.56,0.02,0.07399327,0.0688986,0.504402,134.05
278900,0.43,0.55,0.02,0.09282568,0.08210594,0.3960014,122.53
279000,0.38,0.58,0.04,0.09065285,0.09753338,0.4272021,145.64
279100,0.45,0.52,0.03,0.07885899,0.07303143,0.5164046,135.71
279200,0.43,0.54,0.03,0.08888051,0.0961831,0.4980016,128.24
279300,0.45,0.53,0.02,0.07462296,0.09137664,0.4730022,123.8
279400,0.44,0.54,0.02,0.08416115,0.08047421,0.1953999,100.45
279500,0.45,0.49,0.06,0.07053605,0.06551357,0.9452086,156.97
279600,0.47,0.48,0.05,0.08197716,0.07255424,1.063609,167.63
279700,0.38,0.59,0.03,0.07552281,0.07241134,0.4186022,127.76
279800,0.49,0.51,0,0.07751779,0.07128724,0.3973996,101.46
279900,0.51,0.44,0.05,0.08390412,0.1038571,0.4824018,150.55
280000,0.36,0.62,0.02,0.07947242,0.07746115,0.6142037,111.94
280100,0.44,0.52,0.04,0.07431944,0.07714886,0.7396038,140.21
280200,0.49,0.47,0.04,0.1155105,0.138144,0.7950066,117.86
280300,0.43,0.54,0.03,0.07103582,0.06066135,0.3446018,146.69
280400,0.45,0.52,0.03,0.0802892,0.07410002,0.4722004,165.35
280500,0.48,0.48,0.04,0.09003376,0.07912461,0.8594072,135.9
280600,0.39,0.56,0.05,0.07846183,0.08203106,0.9306086,184.42
280700,0.52,0.44,0.04,0.08047912,0.07647425,0.8606064,147.76
280800,0.55,0.41,0.04,0.08255878,0.1027154,0.506202,130.96
280900,0.45,0.49,0.06,0.08655988,0.07928881,1.425213,148.96
281000,0.46,0.53,0.01,0.07971097,0.09472269,0.3013998,120.54
281100,0.38,0.58,0.04,0.07625843,0.07277474,1.005008,160.59
281200,0.45,0.5,0.05,0.07657856,0.07722537,0.508602,147.56
281300,0.44,0.53,0.03,0.09040868,0.08518918,0.5070021,129.83
281400,0.41,0.56,0.03,0.07477327,0.07195675,0.3332019,145.24
281500,0.47,0.46,0.07,0.08616468,0.0991592,0.4200011,155.71
281600,0.37,0.6,0.03,0.08839396,0.1024241,0.4510013,120.41
281700,0.4,0.56,0.04,0.07967068,0.06855443,0.9928084,154.04
281800,0.4,0.57,0.03,0.09413435,0.09850501,0.6230044,125.12
281900,0.48,0.46,0.06,0.07501272,0.07442789,0.5532019,179.28
282000,0.5,0.47,0.03,0.08675132,0.08912277,0.6452037,130.7
282100,0.42,0.54,0.04,0.07797518,0.06858984,0.4186029,155.51
282200,0.47,0.53,0,0.0922804,0.08133925,0.3297998,100.44
282300,0.42,0.53,0.05,0.07310089,0.08563902,0.5074023,150.51
282400,0.4,0.56,0.04,0.08173146,0.101242,0.8582059,135.96
282500,0.35,0.58,0.07,0.07624283,0.07486364,1.143011,188.51
282600,0.34,0.61,0.05,0.08548398,0.09368087,0.9986079,147.1
282700,0.35,0.63,0.02,0.06569658,0.06440424,0.5166048,123.01
282800,0.42,0.55,0.03,0.08317911,0.08044835,0.7334042,149.98
282900,0.39,0.56,0.05,0.09146168,0.08876645,0.8722075,137.54
283000,0.41,0.55,0.04,0.08037667,0.08035205,0.6218044,139.19
283100,0.41,0.54,0.05,0.07491954,0.07368548,0.9326091,153.52
283200,0.45,0.5,0.05,0.06688594,0.06595685,0.6012048,148.35
283300,0.31,0.62,0.07,0.08150809,0.07242482,0.7316068,156.04
283400,0.42,0.53,0.05,0.07813433,0.07157275,0.8264055,145.02
283500,0.43,0.53,0.04,0.07440507,0.07042696,0.8524053,157.57
283600,0.44,0.53,0.03,0.07587634,0.0867317,0.5724031,141.9
283700,0.4,0.57,0.03,0.09967989,0.1127911,0.7714033,147.49
283800,0.37,0.58,0.05,0.08472746,0.0771042,0.6190041,163.79
283900,0.49,0.48,0.03,0.08453684,0.1003705,0.7462038,140.92
284000,0.46,0.51,0.03,0.07843945,0.07494303,0.6398019,129.78
284100,0.34,0.59,0.07,0.06539571,0.06011768,0.3092016,152.8
284200,0.43,0.53,0.04,0.07701121,0.07371102,0.588802,158.05
284300,0.4,0.54,0.06,0.07550191,0.0868815,1.10441,142.03
284400,0.42,0.54,0.04,0.07286724,0.07549602,0.9146068,138.9
284500,0.39,0.57,0.04,0.07867824,0.07654855,0.5136041,139.59
284600,0.42,0.53,0.05,0.07724306,0.08597463,0.6002024,156.96
284700,0.45,0.53,0.02,0.08929043,0.09234118,0.5614015,119.73
284800,0.51,0.43,0.06,0.07781237,0.1041146,1.226608,160.3
284900,0.47,0.5,0.03,0.08405259,0.09081847,0.3810021,125.8
285000,0.48,0.51,0.01,0.06953564,0.06782521,0.524402,103.7
285100,0.37,0.62,0.01,0.07936861,0.08272593,0.4520013,108.63
285200,0.43,0.54,0.03,0.08776149,0.09030328,0.7310061,125.58
285300,0.47,0.48,0.05,0.09973589,0.1260838,0.4970042,128.95
285400,0.38,0.59,0.03,0.08451343,0.08425739,0.8672068,142.42
285500,0.43,0.52,0.05,0.07381038,0.07536843,0.4906018,150.45
285600,0.46,0.51,0.03,0.09755274,0.09454823,0.6026037,121.39
285700,0.44,0.51,0.05,0.07984306,0.07597034,1.300612,155.72
285800,0.38,0.57,0.05,0.0832638,0.0902543,1.099809,157.44
285900,0.48,0.47,0.05,0.06712675,0.06432904,1.164209,158.64
286000,0.43,0.5,0.07,0.07340298,0.07391445,1.003209,158.7
286100,0.48,0.49,0.03,0.08802857,0.1033611,0.7982042,130.31
286200,0.36,0.58,0.06,0.09754048,0.1045077,0.971207,167.82
286300,0.46,0.49,0.05,0.1040219,0.1017885,0.6426046,135.5
286400,0.41,0.57,0.02,0.066114,0.06631717,0.5504043,134.79
286500,0.4,0.53,0.07,0.08400426,0.07344603,0.8492059,160.84
286600,0.45,0.53,0.02,0.07737727,0.07334989,0.3770019,110.96
286700,0.44,0.5,0.06,0.08009334,0.08685228,1.19641,142.85
286800,0.4,0.59,0.01,0.06960033,0.06832278,0.5218013,126.36
286900,0.46,0.5,0.04,0.07226645,0.06939679,0.7262067,130.93
287000,0.45,0.49,0.06,0.0944672,0.0831749,0.7158068,150.25
287100,0.47,0.51,0.02,0.08500046,0.09609392,0.466801,117.27
287200,0.32,0.63,0.05,0.07300896,0.06642905,0.612406,154.77
287300,0.42,0.57,0.01,0.07326529,0.07474685,0.4196024,124.43
287400,0.37,0.59,0.04,0.07962193,0.07136943,0.7318041,152.67
287500,0.38,0.6,0.02,0.08356573,0.08502228,0.4412023,121.16
287600,0.39,0.59,0.02,0.08372658,0.0921246,0.2323998,135.76
287700,0.46,0.53,0.01,0.08396821,0.0865762,0.2785998,109.67
287800,0.46,0.52,0.02,0.0771938,0.07948714,0.5966014,138.18
287900,0.46,0.52,0.02,0.06642469,0.06518334,0.4131997,129.67
288000,0.5,0.47,0.03,0.07813796,0.08696613,0.6724039,137.32
288100,0.45,0.48,0.07,0.07713141,0.08295064,1.452015,155.54
288200,0.43,0.53,0.04,0.06747711,0.06174795,1.024409,157.28
288300,0.42,0.57,0.01,0.07687172,0.07842243,0.2729998,111.35
288400,0.5,0.49,0.01,0.07473609,0.07757745,0.5828013,148.03
288500,0.43,0.55,0.02,0.1013115,0.08792091,0.718205,122.75
288600,0.45,0.52,0.03,0.1048829,0.1260194,0.5430038,128.04
288700,0.45,0.49,0.06,0.07820851,0.07504503,0.738004,149.71
288800,0.49,0.49,0.02,0.07276798,0.06731317,0.4738024,141.64
288900,0.41,0.53,0.06,0.07388274,0.06776843,0.6226038,175.35
289000,0.42,0.57,0.01,0.06880306,0.07545671,0.5390016,124.67
289100,0.5,0.47,0.03,0.07338561,0.07331473,0.671205,130.21
289200,0.46,0.5,0.04,0.07771285,0.07831737,0.6386049,146.59
289300,0.38,0.58,0.04,0.07692277,0.07006964,0.7688062,126.27
289400,0.44,0.56,0,0.08496792,0.08689745,0.2631998,91.14
289500,0.42,0.53,0.05,0.08628841,0.07665949,1.09861,145.83
289600,0.38,0.59,0.03,0.06474645,0.06339446,0.6340044,138.96
289700,0.48,0.51,0.01,0.09558851,0.1145046,0.2513998,99.25
289800,0.42,0.55,0.03,0.0869083,0.1028894,0.7002041,122.14
289900,0.47,0.5,0.03,0.07839055,0.06862798,0.4276021,124.07
290000,0.48,0.51,0.01,0.0920352,0.09437939,0.4446017,109.78
290100,0.39,0.59,0.02,0.07745878,0.07483391,0.5122017,131.05
290200,0.4,0.55,0.05,0.07822315,0.08753683,0.684404,154.88
290300,0.45,0.53,0.02,0.07844541,0.08334719,0.5716043,119.93
290400,0.38,0.59,0.03,0.07334592,0.06648424,0.729207,123.09
290500,0.4,0.55,0.05,0.08827753,0.1063304,1.046608,147.83
290600,0.44,0.55,0.01,0.06950586,0.08575187,0.3139997,123.23
290700,0.46,0.51,0.03,0.07073537,0.07177743,0.6988038,124.4
290800,0.5,0.47,0.03,0.07303391,0.06741547,0.5620016,124.8
290900,0.36,0.58,0.06,0.08579183,0.07870705,0.777407,160.18
291000,0.47,0.51,0.02,0.08718016,0.08710128,0.6144038,106.71
291100,0.44,0.53,0.03,0.08569033,0.08031491,0.6358019,150.66
291200,0.4,0.56,0.04,0.07116304,0.06862886,0.8932074,157.63
291300,0.4,0.54,0.06,0.07525348,0.07047471,1.139411,146.73
291400,0.37,0.59,0.04,0.07477421,0.06774015,0.5802049,139.01
291500,0.48,0.48,0.04,0.07395496,0.07662569,0.8306061,130.64
291600,0.42,0.56,0.02,0.06839749,0.06093953,0.4752016,129.5
291700,0.49,0.46,0.05,0.0952321,0.08911954,0.3129997,146.62
291800,0.44,0.55,0.01,0.06796429,0.06401572,0.408802,117.64
291900,0.39,0.6,0.01,0.08056112,0.07460662,0.2683998,125.08
292000,0.36,0.62,0.02,0.07253169,0.06959705,0.5912042,96.17
292100,0.46,0.49,0.05,0.1040788,0.1014715,1.070008,154.99
292200,0.36,0.57,0.07,0.08231116,0.08018207,0.9376094,180.14
292300,0.4,0.59,0.01,0.07057339,0.07223149,0.4271996,103.81
292400,0.38,0.56,0.06,0.07438438,0.08809133,0.7854051,158.02
292500,0.46,0.48,0.06,0.0851277,0.0909031,0.7360064,143.36
292600,0.42,0.56,0.02,0.08752398,0.1159194,0.2357998,116.32
292700,0.42,0.55,0.03,0.0795074,0.07376064,0.6236046,141.25
292800,0.39,0.56,0.05,0.06400394,0.06026476,0.7788072,147.44
292900,0.39,0.56,0.05,0.07793402,0.07315798,0.4946046,162.64
293000,0.39,0.57,0.04,0.07493649,0.06681227,0.7334041,142.78
293100,0.45,0.53,0.02,0.07951737,0.08961385,0.2797998,128.67
293200,0.45,0.53,0.02,0.07122104,0.07330135,0.2349998,128.65
293300,0.51,0.43,0.06,0.07248437,0.06464864,0.6698048,148.08
293400,0.36,0.62,0.02,0.06427282,0.06930185,0.4900045,120.25
293500,0.46,0.51,0.03,0.0885177,0.08592159,0.5054038,123.01
293600,0.43,0.53,0.04,0.1042153,0.09484087,0.5390024,134.17
293700,0.46,0.53,0.01,0.08078254,0.08236367,0.2479998,109.27
293800,0.47,0.5,0.03,0.07491702,0.06556546,0.8854069,142.68
293900,0.52,0.45,0.03,0.09537064,0.1104121,0.8786049,142.02
294000,0.4,0.58,0.02,0.07440326,0.07476632,0.5052044,119.68
294100,0.42,0.52,0.06,0.07272436,0.07360473,1.247011,166.37
294200,0.41,0.57,0.02,0.07639936,0.07193825,0.5496045,117.75
294300,0.32,0.65,0.03,0.1053421,0.09897024,0.6186044,144.8
294400,0.44,0.5,0.06,0.06715655,0.0600747,0.9088091,145.95
294500,0.57,0.4,0.03,0.07304666,0.0680148,0.5260023,130.02
294600,0.42,0.54,0.04,0.07143813,0.06680101,0.8280064,146.4
294700,0.43,0.56,0.01,0.07387441,0.07148974,0.4284023,109.91
294800,0.45,0.53,0.02,0.0699208,0.07130935,0.6660048,124
294900,0.36,0.6,0.04,0.08694798,0.08405523,0.9298093,148.22
295000,0.46,0.49,0.05,0.08790371,0.08849487,1.208411,167.63
295100,0.42,0.57,0.01,0.06901234,0.05953348,0.3970016,106.42
295200,0.36,0.62,0.02,0.1009365,0.09339098,0.2425998,134.12
295300,0.5,0.49,0.01,0.07396632,0.06990155,0.4434024,107.7
295400,0.38,0.57,0.05,0.09227913,0.09353484,1.032409,143.46
295500,0.43,0.53,0.04,0.06387773,0.0621068,0.8876064,151.93
295600,0.43,0.53,0.04,0.08407634,0.097434,0.822406,136.52
295700,0.43,0.54,0.03,0.07229357,0.07147115,0.6932048,127.38
295800,0.47,0.5,0.03,0.05764356,0.05768628,0.7870047,154.54
295900,0.55,0.38,0.07,0.06667823,0.07745788,1.35621,172.72
296000,0.41,0.52,0.07,0.07349434,0.07125948,1.221811,163.66
296100,0.5,0.47,0.03,0.07328618,0.08025192,0.6656045,122.25
296200,0.43,0.49,0.08,0.07227861,0.07218765,1.403614,178.49
296300,0.43,0.53,0.04,0.08140609,0.07993204,0.4834019,129.1
296400,0.41,0.56,0.03,0.07184297,0.06608446,0.5892043,129.45
296500,0.37,0.61,0.02,0.08456002,0.08073588,0.3748021,137.91
296600,0.47,0.5,0.03,0.07612859,0.07119678,0.4914019,139.53
296700,0.43,0.52,0.05,0.07328615,0.07704925,0.5834041,134.31
296800,0.39,0.59,0.02,0.07852036,0.07997539,0.2331998,121.95
296900,0.4,0.57,0.03,0.07502575,0.07022972,0.7054052,129.59
297000,0.32,0.61,0.07,0.07923979,0.07792242,1.147812,170.3
297100,0.33,0.66,0.01,0.07883039,0.08288955,0.3268026,115.18
297200,0.48,0.5,0.02,0.07546055,0.08480451,0.4972023,128.72
297300,0.47,0.5,0.03,0.07368561,0.07452228,0.5960024,130.04
297400,0.44,0.51,0.05,0.09392436,0.1023847,0.7198071,141.38
297500,0.41,0.53,0.06,0.06950788,0.06388707,0.9384067,174.58
297600,0.34,0.61,0.05,0.09163665,0.08322245,1.05881,138.06
297700,0.45,0.52,0.03,0.08263108,0.07367911,0.6508045,114.64
297800,0.36,0.61,0.03,0.09208186,0.08754713,0.4812044,114.12
297900,0.45,0.5,0.05,0.07393388,0.07117903,0.9082065,151.34
298000,0.44,0.5,0.06,0.06199107,0.05685737,1.018808,172.73
298100,0.34,0.63,0.03,0.08875781,0.08283983,0.4902039,140.13
298200,0.33,0.63,0.04,0.09323409,0.08551094,0.7566069,121.17
298300,0.38,0.57,0.05,0.07010652,0.07557993,0.7456068,156.88
298400,0.4,0.56,0.04,0.08151516,0.07768691,0.8066057,132.05
298500,0.41,0.56,0.03,0.09012572,0.0940393,0.856806,153.35
298600,0.36,0.59,0.05,0.1031497,0.09938771,1.008806,156.15
298700,0.38,0.59,0.03,0.06937835,0.07428642,0.4840047,125.59
298800,0.45,0.54,0.01,0.07292555,0.07956056,0.4298015,116.55
298900,0.37,0.59,0.04,0.08321439,0.08445314,0.7772065,155.25
299000,0.47,0.49,0.04,0.07296547,0.07485731,0.467802,141.05
299100,0.46,0.53,0.01,0.08529937,0.08173688,0.4318021,110.32
299200,0.35,0.56,0.09,0.08022345,0.07768393,1.358615,179.32
299300,0.41,0.55,0.04,0.06535972,0.06711344,1.031608,148.27
299400,0.5,0.44,0.06,0.06362152,0.06217083,1.408411,186.98
299500,0.35,0.59,0.06,0.08338285,0.1021155,0.6708065,156.11
299600,0.42,0.53,0.05,0.07366946,0.07685345,0.848406,170.14
299700,0.44,0.56,0,0.08127352,0.09174978,0.1809999,95.95
299800,0.41,0.56,0.03,0.1066667,0.1025511,0.9374073,139.67
299900,0.45,0.5,0.05,0.09032264,0.08730318,0.8708063,146.04
300000,0.38,0.6,0.02,0.07558423,0.08839773,0.1803999,134.25
300100,0.43,0.55,0.02,0.07712857,0.08656825,0.6416044,135.68
300200,0.43,0.54,0.03,0.08578383,0.08737013,0.6750042,130.09
300300,0.41,0.57,0.02,0.1000238,0.1045374,0.6452043,121.98
300400,0.39,0.55,0.06,0.08527824,0.08463774,1.24681,153.54
300500,0.51,0.47,0.02,0.1087871,0.1372931,0.2091998,100.8
300600,0.43,0.52,0.05,0.07433382,0.07055666,0.8024068,139.35
300700,0.38,0.56,0.06,0.1000107,0.1230575,1.086809,156.43
300800,0.38,0.61,0.01,0.07711038,0.07691428,0.4300019,109.82
300900,0.47,0.48,0.05,0.06797529,0.06559676,1.076607,178.28
301000,0.41,0.55,0.04,0.09780949,0.09126329,0.8776069,124.93
301100,0.37,0.55,0.08,0.09648235,0.1085259,0.9778091,172.24
301200,0.44,0.48,0.08,0.06418977,0.06295384,1.378813,179.86
301300,0.43,0.52,0.05,0.09173512,0.09607019,0.8338063,136.94
301400,0.43,0.54,0.03,0.07586294,0.07651357,0.653004,143.98
301500,0.4,0.57,0.03,0.07935734,0.07665694,0.4890016,124.47
301600,0.46,0.5,0.04,0.07440381,0.07023371,0.8476071,140.4
301700,0.42,0.52,0.06,0.07737576,0.0806928,0.8138065,164.03
301800,0.28,0.69,0.03,0.08648909,0.1052949,0.3200023,131.88
301900,0.38,0.57,0.05,0.0690751,0.08159444,0.9176068,162.69
302000,0.44,0.53,0.03,0.09302573,0.09891145,0.7260042,135.36
302100,0.38,0.55,0.07,0.09112433,0.0886054,1.245012,177.13
302200,0.43,0.56,0.01,0.06463722,0.06235988,0.3547997,116.79
302300,0.43,0.51,0.06,0.09581421,0.09549183,0.6216046,161.61
302400,0.3,0.65,0.05,0.094749,0.09399822,1.061611,141.05
302500,0.49,0.46,0.05,0.07777507,0.09397371,1.052408,149.49
302600,0.41,0.53,0.06,0.07372776,0.08028562,1.371612,153.72
302700,0.49,0.48,0.03,0.08790559,0.09137849,0.8998068,136.57
302800,0.48,0.46,0.06,0.06856664,0.06233047,0.9738089,152.36
302900,0.42,0.52,0.06,0.07853837,0.08252406,0.9178078,156.99
303000,0.37,0.61,0.02,0.07310883,0.06975202,0.6668039,125.39
303100,0.48,0.5,0.02,0.08601841,0.08551662,0.8230042,129.42
303200,0.36,0.59,0.05,0.0743297,0.08796982,0.871006,154.97
303300,0.44,0.54,0.02,0.08719735,0.0954727,0.5192025,116.48
303400,0.41,0.57,0.02,0.08877966,0.09201653,0.5602041,117.66
303500,0.41,0.57,0.02,0.07664642,0.07455242,0.4410022,118.86
303600,0.46,0.51,0.03,0.09340943,0.1017,0.7580042,136.97
303700,0.44,0.52,0.04,0.08078358,0.0792779,0.3902014,130.4
303800,0.4,0.57,0.03,0.07201684,0.0754606,0.6350026,135.67
303900,0.41,0.55,0.04,0.07688645,0.08275136,0.5614046,126.95
304000,0.44,0.53,0.03,0.100325,0.09587298,0.4224022,132.85
304100,0.44,0.53,0.03,0.08985196,0.1059562,0.4572022,125.7
304200,0.49,0.5,0.01,0.07628868,0.07739434,0.6004021,124.23
304300,0.37,0.6,0.03,0.0777826,0.08658635,0.8258065,130.05
304400,0.5,0.48,0.02,0.08030064,0.09089378,0.6726038,117.57
304500,0.41,0.53,0.06,0.08482428,0.08404114,1.238412,148.14
304600,0.46,0.53,0.01,0.08132138,0.07408796,0.4586018,111.56
304700,0.42,0.56,0.02,0.06961629,0.06403184,0.2453998,124.6
304800,0.42,0.54,0.04,0.09341779,0.08797098,0.3764021,144.47
304900,0.43,0.55,0.02,0.08475321,0.08835737,0.6006048,124.4
305000,0.44,0.5,0.06,0.06544795,0.06665496,0.878606,158.88
305100,0.39,0.54,0.07,0.07623222,0.08462575,1.164411,159.4
305200,0.37,0.62,0.01,0.07744098,0.08843207,0.4700021,126.96
305300,0.44,0.51,0.05,0.08904177,0.07883707,0.8610067,140.38
305400,0.49,0.5,0.01,0.07400309,0.07189261,0.3595997,106.95
305500,0.4,0.58,0.02,0.08663108,0.1114795,0.4002016,133.01
305600,0.45,0.53,0.02,0.0695786,0.06522451,0.3156016,113.72
305700,0.42,0.5,0.08,0.08120428,0.08112975,0.8458062,186.97
305800,0.43,0.52,0.05,0.09710783,0.1143339,0.8424061,140.15
305900,0.41,0.57,0.02,0.0734601,0.07444527,0.4880014,134.62
306000,0.41,0.54,0.05,0.07780411,0.0743183,0.943009,147.72
306100,0.39,0.55,0.06,0.07538065,0.07629516,1.097407,175.77
306200,0.35,0.64,0.01,0.07835232,0.07853243,0.372602,104.51
306300,0.42,0.55,0.03,0.09191264,0.07282431,0.7372038,125.69
306400,0.47,0.48,0.05,0.06901406,0.06982353,1.041609,151.89
306500,0.42,0.57,0.01,0.09673388,0.0916995,0.4098023,112.56
306600,0.53,0.46,0.01,0.07026571,0.0663781,0.4023997,124.47
306700,0.39,0.57,0.04,0.06776728,0.06104888,0.323402,163.88
306800,0.51,0.48,0.01,0.06999268,0.07658891,0.4402017,113.21
306900,0.48,0.49,0.03,0.08994973,0.09220019,0.4984024,114.6
307000,0.41,0.56,0.03,0.1155859,0.129673,0.4510019,129.14
307100,0.37,0.59,0.04,0.09102065,0.0896247,0.8322062,134.04
307200,0.48,0.49,0.03,0.1099203,0.1224034,0.8524069,127.63
307300,0.38,0.55,0.07,0.1068612,0.1117613,0.9548084,170.33
307400,0.39,0.57,0.04,0.07291619,0.07931091,0.764007,130.61
307500,0.46,0.53,0.01,0.08264759,0.07597943,0.4392017,108.71
307600,0.47,0.49,0.04,0.0651667,0.0608886,1.190408,170.99
307700,0.42,0.54,0.04,0.07695362,0.07437117,1.014407,139.9
307800,0.41,0.56,0.03,0.08853719,0.09088746,0.7220039,133.77
307900,0.51,0.45,0.04,0.09392978,0.0958882,0.959606,136.34
308000,0.46,0.5,0.04,0.07116558,0.06585336,0.665805,132.44
308100,0.48,0.51,0.01,0.07196336,0.07223164,0.4656023,129.48
308200,0.45,0.54,0.01,0.071503,0.07270889,0.2989998,116.64
308300,0.38,0.59,0.03,0.09294578,0.1076975,0.8168072,116.59
308400,0.42,0.54,0.04,0.08768425,0.1025921,0.9042072,138.49
308500,0.44,0.54,0.02,0.09450269,0.09971244,0.2819998,120.41
308600,0.42,0.55,0.03,0.07941005,0.07453232,0.4948024,153.38
308700,0.37,0.6,0.03,0.07853081,0.07552608,0.4068018,116
308800,0.47,0.51,0.02,0.08476019,0.09171325,0.6516049,108.03
308900,0.38,0.59,0.03,0.08336309,0.08915449,0.5848039,128.5
309000,0.47,0.5,0.03,0.07855152,0.07557651,0.6028032,141.38
309100,0.34,0.59,0.07,0.07462074,0.0758586,0.9866082,163.77
309200,0.4,0.57,0.03,0.08953762,0.09044269,0.4268021,132.16
309300,0.41,0.57,0.02,0.09654871,0.1238102,0.4864021,120.17
309400,0.45,0.52,0.03,0.07397892,0.07957124,0.7052048,132.91
309500,0.37,0.6,0.03,0.08604044,0.08752173,0.8490066,128.8
309600,0.36,0.62,0.02,0.08272235,0.07694229,0.6626048,103.6
309700,0.41,0.56,0.03,0.06236624,0.06300276,0.2883998,151.25
309800,0.44,0.55,0.01,0.09467523,0.09597042,0.3633997,103.43
309900,0.44,0.52,0.04,0.07287631,0.0679571,1.014209,134.02
310000,0.38,0.57,0.05,0.06879869,0.06187713,0.8914076,167.48
310100,0.44,0.54,0.02,0.07095711,0.0688199,0.5065998,122.63
310200,0.31,0.67,0.02,0.07959747,0.07746415,0.3174012,126.2
310300,0.43,0.56,0.01,0.09393997,0.07859859,0.6266021,106.82
310400,0.41,0.59,0,0.07592373,0.07107863,0.2517998,111.09
310500,0.4,0.57,0.03,0.08026766,0.08874785,0.5954046,132.51
310600,0.35,0.6,0.05,0.09243457,0.1070952,0.5242049,140.77
310700,0.49,0.47,0.04,0.08558244,0.08646887,0.8632058,152.8
310800,0.45,0.51,0.04,0.08260226,0.078548,1.003409,142.66
310900,0.49,0.49,0.02,0.06997899,0.06407927,0.5374019,126.37
311000,0.46,0.54,0,0.07056854,0.06913605,0.2431998,102.79
311100,0.42,0.55,0.03,0.09461917,0.1071536,0.2513998,119.73
311200,0.37,0.59,0.04,0.0856457,0.1035513,0.951407,147.93
311300,0.43,0.54,0.03,0.07036962,0.06193353,0.7122046,137.92
311400,0.42,0.51,0.07,0.07931837,0.09822151,1.362411,191.14
311500,0.47,0.52,0.01,0.07605822,0.0751492,0.545202,126.76
311600,0.39,0.56,0.05,0.08089917,0.08009918,0.5412041,144.44
311700,0.53,0.45,0.02,0.07035553,0.06720421,0.4528016,135.56
311800,0.43,0.56,0.01,0.09358338,0.07622322,0.3147998,112.72
311900,0.48,0.49,0.03,0.07411724,0.07529785,0.4388022,131.7
312000,0.51,0.48,0.01,0.07955339,0.07348511,0.5438015,109.53
312100,0.42,0.57,0.01,0.09653503,0.09653098,0.4298025,122.89
312200,0.43,0.52,0.05,0.06343199,0.05628835,0.6698046,164.01
312300,0.35,0.64,0.01,0.07253201,0.08676891,0.3118021,122.07
312400,0.37,0.59,0.04,0.07810261,0.07210617,0.4996019,147.42
312500,0.34,0.63,0.03,0.07989261,0.07165763,0.5454037,136.04
312600,0.48,0.52,0,0.07610295,0.08584636,0.3849997,110.54
312700,0.31,0.67,0.02,0.07222902,0.07532618,0.6004035,122.05
312800,0.41,0.56,0.03,0.09760883,0.1100885,0.6646044,138.05
312900,0.51,0.49,0,0.08350483,0.09183101,0.4419997,94.13
313000,0.43,0.54,0.03,0.07853391,0.08344181,0.3719997,144.99
313100,0.41,0.54,0.05,0.09006558,0.08966796,0.6606042,152.86
313200,0.5,0.48,0.02,0.06995431,0.08702683,0.7130041,127.42
313300,0.42,0.57,0.01,0.06636127,0.06689639,0.2047998,115.12
313400,0.46,0.51,0.03,0.07938419,0.07691392,0.5256022,138.64
313500,0.43,0.52,0.05,0.1052342,0.1289731,0.6668046,130.98
313600,0.48,0.48,0.04,0.08474728,0.0903198,0.9494071,141.76
313700,0.36,0.59,0.05,0.07638721,0.0764689,0.8664084,137.74
313800,0.54,0.43,0.03,0.09020959,0.0959764,0.5278015,125.47
313900,0.44,0.51,0.05,0.06839063,0.0676758,0.533802,140.97
314000,0.5,0.49,0.01,0.08115236,0.09363029,0.2851998,137.96
314100,0.49,0.49,0.02,0.08687897,0.09471709,0.7318046,131.84
314200,0.43,0.55,0.02,0.07582827,0.09707183,0.6162032,130.94
314300,0.47,0.48,0.05,0.08397718,0.08959844,0.7918054,162.06
314400,0.42,0.56,0.02,0.06583288,0.06428315,0.8492038,134.3
314500,0.38,0.56,0.06,0.08598021,0.08105686,0.7862068,150.48
314600,0.38,0.61,0.01,0.07186034,0.06723191,0.4264023,132.27
314700,0.46,0.52,0.02,0.08594127,0.08733177,0.3529997,128.62
314800,0.43,0.57,0,0.06352866,0.06040118,0.2815998,113.79
314900,0.37,0.61,0.02,0.09715767,0.1164811,0.6224043,129.41
315000,0.38,0.6,0.02,0.06733705,0.06673639,0.366202,121.38
315100,0.46,0.5,0.04,0.0661591,0.07223627,1.007207,150.59
315200,0.49,0.51,0,0.07677641,0.08342488,0.4901996,109.75
315300,0.52,0.44,0.04,0.07623456,0.07675418,0.7654046,135.41
315400,0.43,0.55,0.02,0.08339611,0.07869614,0.6068034,106.69
315500,0.44,0.56,0,0.1044141,0.09358849,0.2995997,102.38
315600,0.43,0.55,0.02,0.07848275,0.07123388,0.6760044,126.56
315700,0.38,0.6,0.02,0.07784436,0.07614616,0.6152044,126.53
315800,0.49,0.5,0.01,0.07399807,0.06353229,0.3125997,106.44
315900,0.41,0.56,0.03,0.0813529,0.08999954,0.8718072,131.42
316000,0.43,0.54,0.03,0.08186769,0.09401915,0.8056077,130.55
316100,0.44,0.53,0.03,0.07242633,0.06926895,0.553802,134.76
316200,0.43,0.52,0.05,0.07696401,0.07801776,0.3098016,140.54
316300,0.44,0.5,0.06,0.1139608,0.1280973,1.15221,151.69
316400,0.5,0.46,0.04,0.08232791,0.08728192,0.6044044,128.56
316500,0.51,0.47,0.02,0.09136243,0.08973238,0.2947997,125.74
316600,0.37,0.59,0.04,0.09519894,0.09554845,0.3208018,135.78
316700,0.38,0.57,0.05,0.08596535,0.08835588,1.220212,169.11
316800,0.42,0.57,0.01,0.07290921,0.06968907,0.4464018,110.46
316900,0.34,0.62,0.04,0.07738735,0.07716324,0.6316041,143.98
317000,0.49,0.47,0.04,0.08045426,0.07460764,0.7394047,138.62
317100,0.41,0.56,0.03,0.08076771,0.07736314,0.813205,134.84
317200,0.45,0.53,0.02,0.0809416,0.07383399,0.5986047,130.19
317300,0.44,0.51,0.05,0.08024231,0.08060785,0.9946082,147.39
317400,0.35,0.62,0.03,0.07263606,0.06978069,0.4028023,131.81
317500,0.37,0.62,0.01,0.08776432,0.09355832,0.2321998,127.19
317600,0.55,0.42,0.03,0.06766858,0.06615803,0.4974023,131.72
317700,0.41,0.58,0.01,0.07350835,0.0715777,0.1605999,123.81
317800,0.48,0.5,0.02,0.0936604,0.1007489,0.550402,129.73
317900,0.49,0.43,0.08,0.07699548,0.06416608,1.071008,166.22
318000,0.41,0.55,0.04,0.08496728,0.1008898,0.7948058,170.05
318100,0.39,0.59,0.02,0.08055591,0.08265539,0.4536019,149.62
318200,0.29,0.67,0.04,0.06797745,0.06448827,0.5546048,143.35
318300,0.44,0.53,0.03,0.07853781,0.06984825,0.9336076,140.56
318400,0.37,0.56,0.07,0.07290494,0.06545867,1.210812,176.89
318500,0.43,0.54,0.03,0.06985033,0.07438967,0.2775998,128.75
318600,0.48,0.5,0.02,0.1004434,0.1008569,0.3477997,126.17
318700,0.45,0.49,0.06,0.07153942,0.07496799,0.8132054,158.57
318800,0.39,0.57,0.04,0.07919767,0.08682349,0.5836048,129.32
318900,0.39,0.57,0.04,0.06657365,0.0644915,0.5586038,129.61
319000,0.38,0.6,0.02,0.07698239,0.07664154,0.5178022,120.07
319100,0.46,0.52,0.02,0.09199363,0.09194855,0.6746036,130.17
319200,0.3,0.67,0.03,0.07624444,0.07729257,0.1421999,129.84
319300,0.43,0.55,0.02,0.06525701,0.06404297,0.4850022,107.91
319400,0.49,0.49,0.02,0.08474097,0.0966208,0.6142042,123.83
319500,0.54,0.41,0.05,0.08044118,0.07485511,1.020208,153.43
319600,0.42,0.58,0,0.08449768,0.09924603,0.1701999,96.31
319700,0.35,0.62,0.03,0.0983187,0.08744144,0.5084042,122.96
319800,0.42,0.54,0.04,0.07979515,0.1005711,1.046607,148.83
319900,0.39,0.57,0.04,0.08366821,0.08206625,0.6324046,131.81
320000,0.53,0.45,0.02,0.09553132,0.1002745,0.6538017,132.96
320100,0.36,0.61,0.03,0.07150472,0.07186937,0.5524027,153.38
320200,0.35,0.64,0.01,0.06772609,0.06975389,0.4798017,127.15
320300,0.36,0.59,0.05,0.079887,0.08197638,1.128211,160.86
320400,0.35,0.61,0.04,0.08519058,0.07905888,1.03981,153.12
320500,0.46,0.49,0.05,0.07991602,0.08448624,0.4636017,146.14
320600,0.38,0.55,0.07,0.06837165,0.06283543,1.179208,180.48
320700,0.46,0.53,0.01,0.08964473,0.1081374,0.1921999,99.83
320800,0.47,0.51,0.02,0.08679114,0.07994533,0.2085998,113.26
320900,0.39,0.57,0.04,0.06584229,0.05944882,0.7728065,144.53
321000,0.39,0.57,0.04,0.07701474,0.07818424,0.8268061,146.04
321100,0.38,0.58,0.04,0.09276469,0.09228326,0.4174017,135.71
321200,0.37,0.61,0.02,0.09050182,0.1039418,0.6362046,116.84
321300,0.38,0.59,0.03,0.07716553,0.08791877,1.030807,135.66
321400,0.4,0.57,0.03,0.07685625,0.07152015,0.6162038,128.2
321500,0.51,0.47,0.02,0.06080391,0.05554365,0.4414023,129.26
321600,0.4,0.55,0.05,0.07781354,0.09270195,0.6200049,170.27
321700,0.4,0.58,0.02,0.08206913,0.08638255,0.2373998,131.83
321800,0.45,0.5,0.05,0.07592977,0.0854995,0.4065997,158.08
321900,0.52,0.47,0.01,0.09212606,0.0948702,0.3987997,127.76
322000,0.41,0.58,0.01,0.07706569,0.07687102,0.3919997,132.1
322100,0.41,0.55,0.04,0.06853223,0.06154633,0.6544048,163.33
322200,0.45,0.51,0.04,0.09847327,0.1013582,0.5180032,138.27
322300,0.46,0.51,0.03,0.07060171,0.06802874,0.6870046,135.24
322400,0.42,0.54,0.04,0.07950939,0.0702251,0.8672051,145.4
322500,0.39,0.57,0.04,0.09858932,0.1075719,0.6882062,139.65
322600,0.51,0.47,0.02,0.07554381,0.07121635,0.7554044,151.58
322700,0.41,0.56,0.03,0.07096588,0.06876358,0.8896074,158.99
322800,0.36,0.61,0.03,0.07126293,0.07148592,0.701405,143.9
322900,0.45,0.54,0.01,0.06733613,0.06589685,0.5000024,130.66
323000,0.39,0.58,0.03,0.06357574,0.06008011,0.7472063,152.68
323100,0.48,0.51,0.01,0.07811464,0.06967954,0.5364023,110.53
323200,0.39,0.56,0.05,0.0892337,0.09053612,1.016009,136.17
323300,0.34,0.64,0.02,0.07118782,0.06928965,0.5348024,134.31
323400,0.36,0.63,0.01,0.08180785,0.07906029,0.2579998,120.94
323500,0.39,0.58,0.03,0.07552399,0.06809212,0.7010043,143.64
323600,0.44,0.55,0.01,0.07225712,0.06891797,0.2283998,107.35
323700,0.43,0.53,0.04,0.0803851,0.06933107,0.3810023,153.2
323800,0.4,0.56,0.04,0.09613177,0.09752714,0.7880067,131.98
323900,0.38,0.57,0.05,0.09641668,0.09753837,0.410802,148.12
324000,0.55,0.42,0.03,0.07518028,0.07715648,0.711004,138.53
324100,0.32,0.65,0.03,0.07041802,0.06841436,0.9684069,158.95
324200,0.43,0.53,0.04,0.09111238,0.08442125,0.7538046,144.77
324300,0.38,0.58,0.04,0.07570352,0.07223991,0.7846069,131.71
324400,0.43,0.5,0.07,0.07865627,0.07149262,0.870809,152.1
324500,0.41,0.57,0.02,0.1030762,0.1046202,0.4448019,141.84
324600,0.52,0.47,0.01,0.06599031,0.08208561,0.4435996,131.27
324700,0.4,0.58,0.02,0.08955637,0.08709636,0.1703999,122.58
324800,0.36,0.62,0.02,0.0696573,0.07479644,0.8054042,159.26
324900,0.49,0.48,0.03,0.08953925,0.1051613,0.4092025,126.42
325000,0.38,0.6,0.02,0.08757845,0.09899519,0.4658022,132
325100,0.41,0.53,0.06,0.08905756,0.09880063,1.456214,167
325200,0.5,0.49,0.01,0.06915472,0.06634774,0.4409996,126.16
325300,0.46,0.54,0,0.08246254,0.08459122,0.2689998,117.66
325400,0.35,0.6,0.05,0.07727461,0.07333487,1.136811,153.34
325500,0.37,0.61,0.02,0.07376011,0.07090299,0.6458048,138.46
325600,0.42,0.54,0.04,0.07744134,0.07499919,0.887807,144.48
325700,0.43,0.51,0.06,0.0837531,0.09288229,0.6370045,158.32
325800,0.42,0.56,0.02,0.06805463,0.06163001,0.5108045,109.11
325900,0.37,0.59,0.04,0.08203849,0.08891904,0.3644019,137.66
326000,0.47,0.5,0.03,0.08904997,0.1196563,0.4726019,144.6
326100,0.44,0.54,0.02,0.07580068,0.07074243,0.6006043,147.23
326200,0.41,0.56,0.03,0.08025517,0.07589927,0.8066066,138.07
326300,0.46,0.52,0.02,0.07656047,0.07185034,0.6118021,134.27
326400,0.39,0.59,0.02,0.09400403,0.103794,0.528204,124.05
326500,0.34,0.65,0.01,0.07856848,0.07993982,0.3446024,113.52
326600,0.43,0.52,0.05,0.07672486,0.08079448,0.731407,145.69
326700,0.39,0.59,0.02,0.08173496,0.09507059,0.4722025,131.57
326800,0.49,0.46,0.05,0.1026393,0.1179136,0.9232067,158.36
326900,0.44,0.54,0.02,0.09140012,0.09153413,0.6452046,116.22
327000,0.34,0.62,0.04,0.07738186,0.07009432,0.7300071,144.5
327100,0.48,0.48,0.04,0.08176956,0.07545026,0.3003998,139.08
327200,0.47,0.5,0.03,0.08391228,0.1004541,0.2831998,149.91
327300,0.49,0.47,0.04,0.06937281,0.06325693,0.7108036,156.78
327400,0.48,0.49,0.03,0.07595188,0.08927986,0.9186066,123.5
327500,0.43,0.52,0.05,0.07919744,0.07598878,1.079808,171.05
327600,0.46,0.51,0.03,0.08838647,0.08356577,0.8434072,134.31
327700,0.56,0.42,0.02,0.09093444,0.09494188,0.3554018,118.48
327800,0.4,0.55,0.05,0.07408544,0.08048324,0.7066044,147.82
327900,0.38,0.55,0.07,0.09843456,0.1014462,0.9964089,169.21
328000,0.43,0.56,0.01,0.07906034,0.07475089,0.5400023,124.7
328100,0.42,0.54,0.04,0.08122049,0.08273628,0.8584067,139.13
328200,0.41,0.55,0.04,0.07519431,0.07994433,0.4436021,134.58
328300,0.49,0.51,0,0.0797448,0.08293471,0.3623998,102.4
328400,0.5,0.47,0.03,0.08315577,0.0842767,0.8164071,132.25
328500,0.42,0.57,0.01,0.07231843,0.07106943,0.3039998,106.62
328600,0.4,0.58,0.02,0.07756307,0.08038542,0.6624045,126.51
328700,0.49,0.49,0.02,0.06737892,0.07181273,0.6486038,122.63
328800,0.46,0.53,0.01,0.07346539,0.07366368,0.5630019,133.49
328900,0.46,0.52,0.02,0.07886753,0.07989392,0.4988018,117.5
329000,0.47,0.53,0,0.0661467,0.06761554,0.4423996,115.12
329100,0.45,0.55,0,0.07844637,0.08359623,0.2083998,91.81
329200,0.42,0.55,0.03,0.07733858,0.08476531,0.4486025,124.68
329300,0.35,0.59,0.06,0.07097148,0.06610194,0.8970085,162.75
329400,0.57,0.39,0.04,0.08770384,0.08879698,1.092207,140.57
329500,0.42,0.54,0.04,0.08373833,0.07380519,0.6014046,123.16
329600,0.39,0.58,0.03,0.0960345,0.08746107,0.7906073,117.19
329700,0.48,0.51,0.01,0.08201078,0.08343406,0.2879998,119.14
329800,0.43,0.56,0.01,0.0934418,0.1018783,0.2613998,104.51
329900,0.47,0.45,0.08,0.06988542,0.07296622,1.513616,158.66
330000,0.44,0.52,0.04,0.07625048,0.07084489,0.8002066,146.66
330100,0.38,0.57,0.05,0.06622576,0.06332058,0.7038066,136.16
330200,0.45,0.55,0,0.06881849,0.06525741,0.3115997,116.11
330300,0.45,0.52,0.03,0.0753784,0.07198751,0.4578023,131.54
330400,0.35,0.64,0.01,0.07366638,0.07387375,0.4296022,121.58
330500,0.46,0.51,0.03,0.0777975,0.08468606,0.4524022,138.36
330600,0.42,0.54,0.04,0.09235328,0.1047617,0.8264075,150.82
330700,0.33,0.64,0.03,0.07171716,0.07342691,0.4044019,135.94
330800,0.35,0.62,0.03,0.09945852,0.08555146,0.4754024,134.26
330900,0.42,0.55,0.03,0.08789484,0.08427007,0.7024049,123.37
331000,0.48,0.5,0.02,0.08359123,0.09994492,0.470402,121.04
331100,0.42,0.55,0.03,0.06983628,0.07358265,0.6830043,117.65
331200,0.47,0.52,0.01,0.1031314,0.1283716,0.4527996,115.98
331300,0.44,0.54,0.02,0.08251463,0.0784394,0.2557998,109.46
331400,0.35,0.62,0.03,0.09861626,0.09117653,0.4222021,134.95
331500,0.45,0.51,0.04,0.08170926,0.08425168,1.053206,164.15
331600,0.37,0.57,0.06,0.06315932,0.05817561,0.9518089,174.97
331700,0.41,0.55,0.04,0.09034143,0.09153503,0.8580071,131.33
331800,0.38,0.57,0.05,0.0848636,0.08275158,0.5912047,148.07
331900,0.46,0.53,0.01,0.08039263,0.07660576,0.3245998,104.37
332000,0.4,0.57,0.03,0.08578628,0.09512143,0.3462021,125.09
332100,0.46,0.54,0,0.07868627,0.07324848,0.3447997,102.06
332200,0.44,0.51,0.05,0.07756361,0.08739942,0.8772068,168.82
332300,0.37,0.62,0.01,0.0682136,0.06546599,0.4946025,135.47
332400,0.41,0.53,0.06,0.07428875,0.07409205,0.4146022,151.3
332500,0.46,0.5,0.04,0.07166646,0.06697071,0.6452046,130.18
332600,0.49,0.49,0.02,0.07508386,0.07313688,0.557002,124.88
332700,0.48,0.48,0.04,0.07954653,0.08614744,0.5882027,147.33
332800,0.48,0.51,0.01,0.0803956,0.07242805,0.4284023,106.79
332900,0.39,0.56,0.05,0.08424384,0.08036104,1.187811,164.91
333000,0.51,0.47,0.02,0.07311935,0.06749728,0.7742042,129.92
333100,0.43,0.55,0.02,0.07768974,0.06947039,0.3653997,121.85
333200,0.47,0.51,0.02,0.06650324,0.08424317,0.691004,128.98
333300,0.35,0.61,0.04,0.07024547,0.06629657,0.973408,144.93
333400,0.35,0.59,0.06,0.07201938,0.08163434,0.7586073,155.24
333500,0.38,0.62,0,0.07510343,0.07468228,0.2851998,105.13
333600,0.35,0.62,0.03,0.08046245,0.07689509,0.4730024,136.66
333700,0.48,0.5,0.02,0.08397648,0.0774651,0.2501998,118.92
333800,0.43,0.52,0.05,0.08347117,0.0817614,0.8256072,144.14
333900,0.39,0.6,0.01,0.08055775,0.08821644,0.2749998,113.36
334000,0.44,0.52,0.04,0.08844277,0.09910455,0.4786016,132.48
334100,0.43,0.55,0.02,0.09069102,0.07921758,0.3614019,123.4
334200,0.42,0.56,0.02,0.08390385,0.08130373,0.5766041,110.09
334300,0.45,0.54,0.01,0.07434668,0.0853883,0.3512025,122.26
334400,0.41,0.57,0.02,0.06635491,0.06585829,0.2423998,124.12
334500,0.38,0.59,0.03,0.07369392,0.07177171,0.7124043,133.41
334600,0.45,0.53,0.02,0.07213041,0.08168783,0.7032044,116.63
334700,0.4,0.57,0.03,0.09517356,0.1012249,0.8916032,152.88
334800,0.44,0.55,0.01,0.07546152,0.06862554,0.4592023,139.87
334900,0.34,0.62,0.04,0.07357331,0.0788359,0.5900047,143.22
335000,0.37,0.61,0.02,0.07812382,0.07378322,0.3917997,119.41
335100,0.48,0.49,0.03,0.08234611,0.07985199,0.9156072,139.61
335200,0.43,0.53,0.04,0.07067339,0.06918284,0.701806,131.73
335300,0.4,0.59,0.01,0.0881987,0.1042732,0.3980022,113.63
335400,0.37,0.57,0.06,0.07224354,0.09371488,0.9844077,170.15
335500,0.49,0.47,0.04,0.07374041,0.07090338,0.5898048,137.43
335600,0.43,0.54,0.03,0.07314298,0.06982719,0.7964051,128.77
335700,0.47,0.48,0.05,0.07317778,0.07526299,1.181012,140.35
335800,0.38,0.57,0.05,0.09919673,0.09498504,0.5532046,154.28
335900,0.5,0.46,0.04,0.06205781,0.05381082,0.8832062,146.9
336000,0.46,0.5,0.04,0.06762624,0.06542312,0.9428062,163.07
336100,0.38,0.61,0.01,0.07169201,0.07081923,0.3575997,124.34
336200,0.44,0.55,0.01,0.08494744,0.08234756,0.4650022,124.29
336300,0.44,0.56,0,0.09783911,0.1054389,0.3071998,108.09
336400,0.54,0.45,0.01,0.06511575,0.05935588,0.494002,128.15
336500,0.5,0.48,0.02,0.08296973,0.09104535,0.4850023,116.31
336600,0.52,0.47,0.01,0.0715457,0.06968626,0.6936018,111.32
336700,0.37,0.61,0.02,0.1095749,0.1075487,0.3928024,136.37
336800,0.47,0.5,0.03,0.07495011,0.07950816,0.6160015,145.47
336900,0.45,0.51,0.04,0.08859556,0.08257572,0.4540019,124.05
337000,0.43,0.55,0.02,0.0826126,0.07875948,0.5500023,122.34
337100,0.33,0.64,0.03,0.06994971,0.06838766,0.7032045,149.57
337200,0.4,0.57,0.03,0.08192043,0.08349364,0.5148016,128.18
337300,0.38,0.61,0.01,0.08473494,0.09088124,0.1887999,129.03
337400,0.38,0.57,0.05,0.06004694,0.0569028,1.056609,177.43
337500,0.44,0.56,0,0.08270874,0.08424878,0.2141998,103.39
337600,0.49,0.51,0,0.07924051,0.08449106,0.3417997,115.45
337700,0.35,0.6,0.05,0.07664293,0.07265878,1.096411,155.06
337800,0.34,0.59,0.07,0.06543228,0.07067591,1.090811,172.81
337900,0.5,0.45,0.05,0.08972396,0.09577287,0.724806,140.21
338000,0.46,0.51,0.03,0.08514969,0.09852749,0.5396041,134.74
338100,0.4,0.57,0.03,0.07236902,0.09201037,0.5822048,134.03
338200,0.47,0.51,0.02,0.07267144,0.07024375,0.7764032,111.64
338300,0.38,0.59,0.03,0.09020312,0.07676055,0.5800017,125.73
338400,0.48,0.49,0.03,0.06416418,0.06260343,0.8294069,131.93
338500,0.46,0.51,0.03,0.09179603,0.1084926,0.2589998,132.62
338600,0.47,0.5,0.03,0.0689289,0.06329159,0.5770046,142.33
338700,0.46,0.51,0.03,0.0926878,0.07659973,0.4594022,116.96
338800,0.45,0.53,0.02,0.07335456,0.07462496,0.6482044,134.08
338900,0.41,0.56,0.03,0.07861676,0.07008854,0.8492072,129.46
339000,0.48,0.51,0.01,0.07500757,0.0724265,0.4116023,108.35
339100,0.36,0.61,0.03,0.07004075,0.07608723,0.4700019,137.12
339200,0.4,0.59,0.01,0.08727328,0.1060973,0.2909998,99.95
339300,0.39,0.58,0.03,0.08321878,0.08327825,0.6890045,130.43
339400,0.4,0.56,0.04,0.1016308,0.1003948,0.6568033,128.39
339500,0.38,0.6,0.02,0.06573892,0.06257303,0.4146025,127.98
339600,0.53,0.46,0.01,0.07216247,0.06560742,0.3111998,118.09
339700,0.47,0.51,0.02,0.07748315,0.08023383,0.5380018,122.7
339800,0.44,0.54,0.02,0.08637466,0.08758236,0.3747997,125.99
339900,0.43,0.56,0.01,0.08737503,0.1055427,0.5290018,110
340000,0.43,0.56,0.01,0.06827524,0.06709412,0.2411998,122.98
340100,0.34,0.64,0.02,0.06992996,0.06917369,0.5810044,132.63
340200,0.46,0.53,0.01,0.07662007,0.07315668,0.1949999,101.92
340300,0.38,0.58,0.04,0.07791193,0.06777645,0.4710021,161.36
340400,0.4,0.6,0,0.07575832,0.0849708,0.2627998,110.55
340500,0.42,0.56,0.02,0.06750856,0.06340853,0.5724017,144.43
340600,0.42,0.55,0.03,0.08047457,0.07922766,0.3750018,114.76
340700,0.39,0.57,0.04,0.07537814,0.06841501,0.8042071,133.19
340800,0.39,0.59,0.02,0.06158474,0.06300356,0.3941998,142.98
340900,0.56,0.41,0.03,0.06458256,0.06253335,0.4992025,119.69
341000,0.42,0.56,0.02,0.08824543,0.09775809,0.3550024,120.44
341100,0.41,0.57,0.02,0.07844698,0.08953727,0.4118022,111.03
341200,0.38,0.56,0.06,0.08218735,0.08324675,0.7068041,179.72
341300,0.33,0.65,0.02,0.08175339,0.08999171,0.360602,120.09
341400,0.49,0.47,0.04,0.0709077,0.06977765,0.6828049,151.87
341500,0.42,0.56,0.02,0.09375988,0.101436,0.3407997,104.07
341600,0.43,0.55,0.02,0.07645281,0.07054154,0.357602,118.38
341700,0.38,0.59,0.03,0.09572668,0.1071434,0.3199998,126.39
341800,0.35,0.64,0.01,0.08558853,0.075022,0.3298016,107.41
341900,0.36,0.62,0.02,0.08838966,0.08746979,0.4726022,119
342000,0.39,0.58,0.03,0.078567,0.0741496,0.8882065,140.09
342100,0.37,0.59,0.04,0.07822657,0.07938118,0.8284072,139.75
342200,0.51,0.44,0.05,0.07139292,0.06766736,0.7636042,156.54
342300,0.45,0.53,0.02,0.08509374,0.07134898,0.2115998,120.81
342400,0.45,0.53,0.02,0.07452074,0.06675071,0.5142042,113.84
342500,0.44,0.51,0.05,0.07820758,0.08374719,0.8624076,151.11
342600,0.42,0.57,0.01,0.06800751,0.06376762,0.2155998,115.41
342700,0.47,0.51,0.02,0.06239102,0.05976938,0.5700019,123.1
342800,0.38,0.55,0.07,0.08183864,0.08673594,1.065611,173.96
342900,0.39,0.52,0.09,0.06492464,0.06295529,0.8778068,187.75
343000,0.41,0.56,0.03,0.1096892,0.1286289,0.4128022,139.02
343100,0.43,0.51,0.06,0.07717333,0.09669354,0.8228065,170.11
343200,0.48,0.49,0.03,0.06841331,0.06347401,0.6084046,130.86
343300,0.38,0.59,0.03,0.07424971,0.06739877,0.6778046,131.66
343400,0.42,0.56,0.02,0.08310259,0.08149154,0.2905998,112.8
343500,0.45,0.5,0.05,0.07298025,0.06970907,0.9070074,152.59
343600,0.35,0.64,0.01,0.09386414,0.08777928,0.4084023,116.29
343700,0.37,0.58,0.05,0.07207382,0.07014138,1.056809,154.28
343800,0.48,0.51,0.01,0.09014063,0.08549796,0.2647998,105.11
343900,0.31,0.64,0.05,0.07207602,0.08215612,0.5998043,148.69
344000,0.37,0.58,0.05,0.07908653,0.07392149,0.9074086,158.9
344100,0.44,0.52,0.04,0.06733309,0.06140995,0.5906044,151.07
344200,0.45,0.52,0.03,0.07403223,0.07136547,0.4666016,128.75
344300,0.45,0.55,0,0.08286289,0.1094131,0.1861998,97.69
344400,0.44,0.52,0.04,0.06969932,0.06810582,1.054009,146.78
344500,0.48,0.49,0.03,0.08038677,0.08482984,0.4946022,131.76
344600,0.43,0.57,0,0.06830638,0.0755077,0.2747998,123.63
344700,0.5,0.48,0.02,0.06398653,0.06348685,0.5206016,125.74
344800,0.38,0.57,0.05,0.0815693,0.08724764,0.8042073,144.19
344900,0.43,0.52,0.05,0.06995415,0.07093255,0.8612088,145.74
345000,0.48,0.51,0.01,0.09099079,0.1058385,0.4936022,110.75
345100,0.43,0.53,0.04,0.07598292,0.07392804,0.7652063,138.93
345200,0.34,0.63,0.03,0.08999746,0.09729698,0.5582046,128.52
345300,0.4,0.59,0.01,0.0762283,0.0730213,0.4418021,114.09
345400,0.41,0.56,0.03,0.08606756,0.08635358,0.4484023,115.81
345500,0.47,0.52,0.01,0.09986689,0.09773395,0.4122015,104
345600,0.38,0.57,0.05,0.1162793,0.1128373,0.3262021,138.16
345700,0.47,0.52,0.01,0.09604247,0.1176726,0.7924032,127.56
345800,0.38,0.61,0.01,0.08315717,0.0835764,0.3978023,116.02
345900,0.42,0.53,0.05,0.07536402,0.08228473,0.7474041,164.51
346000,0.45,0.52,0.03,0.07495685,0.07326604,0.8156056,127.63
346100,0.39,0.55,0.06,0.0704343,0.07253846,1.008409,164.13
346200,0.4,0.59,0.01,0.08969292,0.1021287,0.2639998,109.26
346300,0.47,0.49,0.04,0.06892654,0.07756405,0.7344033,137.82
346400,0.38,0.6,0.02,0.07663889,0.07529088,0.9238044,145.08
346500,0.41,0.56,0.03,0.07397177,0.07135741,0.6810045,137.56
346600,0.46,0.5,0.04,0.07455476,0.07125507,0.7658063,132.51
346700,0.5,0.47,0.03,0.07213335,0.06461313,0.9208069,138.39
346800,0.4,0.55,0.05,0.06676459,0.06621418,0.531204,157.12
346900,0.4,0.57,0.03,0.07635989,0.08508975,0.8030068,124.38
347000,0.46,0.51,0.03,0.07639964,0.08195357,0.6194041,122.3
347100,0.42,0.56,0.02,0.088261,0.08734822,0.2377998,115.75
347200,0.53,0.43,0.04,0.09509154,0.1007413,0.7620067,126.34
347300,0.47,0.5,0.03,0.07691415,0.06881863,0.773206,128.4
347400,0.43,0.53,0.04,0.08153354,0.07743106,0.9720064,140.64
347500,0.35,0.64,0.01,0.08019763,0.08061695,0.2587998,109.03
347600,0.46,0.52,0.02,0.06720708,0.06731814,0.7122039,123.7
347700,0.5,0.48,0.02,0.06097447,0.05810441,0.5256023,126.19
347800,0.39,0.58,0.03,0.07135761,0.06905396,0.3596022,128.53
347900,0.46,0.54,0,0.08978497,0.08691205,0.3125997,112.59
348000,0.5,0.48,0.02,0.07541861,0.07109182,0.6240045,111.71
348100,0.44,0.55,0.01,0.08835836,0.08936643,0.3155997,125.83
348200,0.37,0.58,0.05,0.08218919,0.08105798,0.8348064,143.2
348300,0.38,0.6,0.02,0.06800385,0.07054299,0.3085998,135.69
348400,0.41,0.53,0.06,0.07101603,0.06311437,0.9760087,175.44
348500,0.39,0.55,0.06,0.08611432,0.08904405,0.7624056,154.97
348600,0.38,0.58,0.04,0.08152985,0.07023627,0.694206,139.14
348700,0.41,0.55,0.04,0.08041413,0.08904442,0.506602,138.47
348800,0.45,0.54,0.01,0.06809671,0.06589897,0.4793996,120.63
348900,0.47,0.49,0.04,0.09241983,0.08870356,0.8692073,125.55
349000,0.44,0.53,0.03,0.07648176,0.07446329,0.6884039,133.75
349100,0.37,0.59,0.04,0.09975189,0.104684,0.6916037,132.51
349200,0.45,0.54,0.01,0.06968322,0.06088154,0.3652021,115.95
349300,0.35,0.61,0.04,0.09184213,0.09336457,0.7434061,131.71
349400,0.46,0.53,0.01,0.06317722,0.07353006,0.4079997,142.54
349500,0.48,0.51,0.01,0.07564344,0.06661807,0.2963997,119.92
349600,0.45,0.53,0.02,0.06656082,0.06345695,0.5590022,141.12
349700,0.4,0.59,0.01,0.08800005,0.08692497,0.585202,111.66
349800,0.34,0.63,0.03,0.08702861,0.1023335,0.4974047,110.14
349900,0.39,0.59,0.02,0.0784061,0.07845022,0.3410018,132.73
350000,0.43,0.55,0.02,0.09077484,0.09235265,0.4480014,108.99
350100,0.4,0.55,0.05,0.07366231,0.07424732,0.7784072,154.21
350200,0.41,0.55,0.04,0.1033753,0.1111712,0.7778064,141.49
350300,0.48,0.47,0.05,0.07286925,0.06488696,0.6782043,156.1
350400,0.35,0.61,0.04,0.08447282,0.08400668,0.3596016,139.88
350500,0.47,0.49,0.04,0.07322597,0.06823594,1.121009,150.53
350600,0.41,0.56,0.03,0.06864043,0.06586527,0.8346067,137.31
350700,0.42,0.58,0,0.09202436,0.09783366,0.2367998,111.17
350800,0.43,0.55,0.02,0.09080485,0.09262471,0.6738043,120.05
350900,0.41,0.54,0.05,0.06749797,0.07120956,1.04761,144.05
351000,0.48,0.47,0.05,0.07688171,0.09244013,0.8622058,153.15
351100,0.41,0.58,0.01,0.0815064,0.09933393,0.434602,126.21
351200,0.38,0.58,0.04,0.0667091,0.06632024,0.8014068,144.29
351300,0.43,0.53,0.04,0.07108601,0.07340445,0.8674061,137.68
351400,0.39,0.56,0.05,0.07615555,0.06874598,1.003608,167.08
351500,0.4,0.59,0.01,0.08311568,0.1008935,0.2985998,110.93
351600,0.44,0.52,0.04,0.08388203,0.07814109,0.4174019,150.95
351700,0.48,0.5,0.02,0.07622765,0.07052637,0.565802,127.85
351800,0.41,0.57,0.02,0.06214402,0.05940323,0.4804015,112.41
351900,0.34,0.61,0.05,0.07087507,0.06858821,0.3734019,152.45
352000,0.48,0.51,0.01,0.0761077,0.07248276,0.3205997,105.61
352100,0.5,0.5,0,0.07737289,0.08258759,0.3127998,94.22
352200,0.47,0.49,0.04,0.09309694,0.08607149,0.930005,142.77
352300,0.39,0.58,0.03,0.07510699,0.06366565,0.7722057,158.36
352400,0.36,0.64,0,0.08026645,0.09036378,0.2879997,102.66
352500,0.43,0.51,0.06,0.09887829,0.1004974,0.9832082,159.69
352600,0.51,0.45,0.04,0.07606652,0.07173133,0.9102072,134.51
352700,0.47,0.49,0.04,0.07248683,0.06910047,0.7084042,158.44
352800,0.43,0.55,0.02,0.07855857,0.07676762,0.304602,107.79
352900,0.32,0.61,0.07,0.06710661,0.05683025,0.9642083,185.01
353000,0.5,0.47,0.03,0.06976986,0.06406345,0.7074046,127.48
353100,0.34,0.62,0.04,0.08764002,0.08448587,0.881007,139.04
353200,0.47,0.5,0.03,0.07569359,0.06664623,0.578405,128.36
353300,0.46,0.51,0.03,0.07717108,0.06828304,0.7992067,149.73
353400,0.47,0.45,0.08,0.07966907,0.07673325,1.627816,180.4
353500,0.46,0.52,0.02,0.08578819,0.07975862,0.5046021,122.32
353600,0.43,0.5,0.07,0.07781268,0.08533587,1.474214,171.95
353700,0.34,0.61,0.05,0.07216135,0.0744439,0.7430068,159.47
353800,0.43,0.55,0.02,0.06355649,0.06040482,0.6802046,128.18
353900,0.4,0.57,0.03,0.07504909,0.07264309,0.4186021,129.95
354000,0.4,0.58,0.02,0.07331552,0.06271139,0.3143997,126.85
354100,0.42,0.56,0.02,0.06948996,0.06988351,0.4510024,128.97
354200,0.42,0.54,0.04,0.07179493,0.0686966,1.041209,146.09
354300,0.38,0.59,0.03,0.07101616,0.0696335,0.2381998,137.83
354400,0.46,0.5,0.04,0.07528292,0.06812076,0.7682047,157.28
354500,0.43,0.54,0.03,0.1098606,0.1229778,0.5130025,136.38
354600,0.5,0.46,0.04,0.08083481,0.1014516,0.7748041,137.26
354700,0.48,0.49,0.03,0.06852432,0.06056347,0.5232024,140.92
354800,0.42,0.56,0.02,0.09000534,0.08653435,0.4754016,121.18
354900,0.42,0.56,0.02,0.0773975,0.07628966,0.3560017,131.83
355000,0.52,0.44,0.04,0.08600116,0.08039393,0.8912062,153
355100,0.43,0.55,0.02,0.06298652,0.06310797,0.4868019,129.63
355200,0.39,0.6,0.01,0.07179881,0.06606454,0.2577998,110.67
355300,0.34,0.62,0.04,0.07618394,0.07483364,0.6026041,135.59
355400,0.4,0.56,0.04,0.08859751,0.08873,0.7308071,139.31
355500,0.48,0.42,0.1,0.07056118,0.07942195,1.559616,193.51
355600,0.4,0.57,0.03,0.07158408,0.07217837,0.5446041,135.77
355700,0.4,0.56,0.04,0.0795889,0.06585846,0.5280023,150.22
355800,0.43,0.56,0.01,0.07712303,0.1039973,0.6246018,132.6
355900,0.5,0.46,0.04,0.06678637,0.0650439,0.6354036,129.12
356000,0.53,0.45,0.02,0.08293551,0.08380438,0.4340025,104.79
356100,0.42,0.56,0.02,0.08469218,0.07757598,0.2804004,128.97
356200,0.45,0.53,0.02,0.07982782,0.1039368,0.2281998,111.42
356300,0.39,0.57,0.04,0.08627997,0.07586582,0.8810071,135.13
356400,0.42,0.54,0.04,0.0724989,0.07393076,0.985409,154.82
356500,0.33,0.64,0.03,0.08273261,0.07479122,0.7132054,127.72
356600,0.41,0.55,0.04,0.06403248,0.05757955,0.4628019,151.56
356700,0.43,0.5,0.07,0.07082872,0.06893668,0.8806076,180.87
356800,0.43,0.5,0.07,0.06991142,0.06964419,1.292611,164.35
356900,0.49,0.44,0.07,0.06846094,0.06834082,1.445413,174.95
357000,0.45,0.52,0.03,0.0786457,0.08061612,0.6482049,135.71
357100,0.4,0.56,0.04,0.09038638,0.09552219,0.8150066,119.8
357200,0.35,0.63,0.02,0.07047072,0.06973457,0.4578025,121.6
357300,0.43,0.53,0.04,0.08356323,0.08336793,0.2977998,131.39
357400,0.45,0.51,0.04,0.06451424,0.06761912,0.4290023,128.55
357500,0.46,0.54,0,0.07173841,0.06666835,0.3133998,99.13
357600,0.45,0.54,0.01,0.06995401,0.0770281,0.4742023,117.97
357700,0.42,0.54,0.04,0.07771634,0.07046805,0.4898021,152.61
357800,0.38,0.53,0.09,0.07133215,0.06608231,0.9548084,192.52
357900,0.4,0.55,0.05,0.07892381,0.07906754,0.7008064,141.7
358000,0.39,0.55,0.06,0.08082731,0.08380271,1.087011,154.41
358100,0.39,0.6,0.01,0.07124982,0.07062311,0.5292016,111.28
358200,0.34,0.6,0.06,0.0669116,0.06537487,0.9748093,151.3
358300,0.49,0.48,0.03,0.08635377,0.09207869,0.899406,122.62
358400,0.44,0.5,0.06,0.07761882,0.074099,0.768805,164.79
358500,0.48,0.51,0.01,0.05870274,0.055597,0.1759999,123.9
358600,0.39,0.57,0.04,0.0821863,0.07739925,1.05581,127.43
358700,0.39,0.57,0.04,0.07578944,0.07408344,0.349202,131.05
358800,0.37,0.58,0.05,0.08064707,0.08733381,0.8564087,143.98
358900,0.32,0.66,0.02,0.08140145,0.08504652,0.598805,127.9
359000,0.52,0.44,0.04,0.05565096,0.05517451,0.9152074,134.43
359100,0.38,0.58,0.04,0.06649313,0.06036646,0.7562066,142.92
359200,0.43,0.54,0.03,0.06982901,0.07228443,0.9124058,129.18
359300,0.42,0.52,0.06,0.06796088,0.06878135,0.5870048,145.13
359400,0.35,0.64,0.01,0.07902956,0.0756311,0.3008015,112.7
359500,0.38,0.6,0.02,0.07199219,0.07706885,0.658605,128.82
359600,0.36,0.61,0.03,0.08057433,0.07858143,0.6338046,143.26
359700,0.5,0.48,0.02,0.07274912,0.06986134,0.4380008,131.53
359800,0.42,0.53,0.05,0.06608444,0.06561626,0.6672047,157.93
359900,0.4,0.57,0.03,0.08028893,0.08047307,0.5844038,146.35
360000,0.4,0.57,0.03,0.07442381,0.0705734,0.6422037,146.79
360100,0.44,0.54,0.02,0.0975339,0.0841693,0.5772022,137.67
360200,0.4,0.55,0.05,0.07904609,0.08007755,0.8140066,157.96
360300,0.44,0.54,0.02,0.07221363,0.06790369,0.3882018,127.87
360400,0.44,0.55,0.01,0.06884029,0.07109961,0.2511998,102.5
360500,0.42,0.56,0.02,0.08461554,0.08718269,0.4876024,116.67
360600,0.43,0.53,0.04,0.07832769,0.08738747,0.7638044,134.28
360700,0.38,0.59,0.03,0.07153704,0.06529814,0.6326045,139.81
360800,0.54,0.44,0.02,0.07088398,0.06535035,0.5220025,124.54
360900,0.35,0.6,0.05,0.06984075,0.06772976,0.8746074,153.84
361000,0.45,0.52,0.03,0.08856149,0.09527624,0.8124044,138.39
361100,0.4,0.58,0.02,0.0958014,0.1065379,0.6122046,124.69
361200,0.45,0.53,0.02,0.06832626,0.06631862,0.7226042,139.56
361300,0.41,0.58,0.01,0.06564956,0.05767616,0.2647998,110.13
361400,0.44,0.55,0.01,0.07075683,0.06749172,0.2993998,119.1
361500,0.48,0.49,0.03,0.0783448,0.07692804,0.6888058,119.7
361600,0.41,0.56,0.03,0.09603741,0.1074428,0.2321998,131.61
361700,0.36,0.6,0.04,0.09418894,0.08631518,0.8396069,124.95
361800,0.46,0.51,0.03,0.08160318,0.0758235,0.3996024,120.95
361900,0.44,0.52,0.04,0.08154722,0.07644219,0.8508042,151.62
362000,0.43,0.53,0.04,0.06769103,0.06646997,0.423202,126.31
362100,0.43,0.57,0,0.08033067,0.08274088,0.2297998,91.09
362200,0.52,0.45,0.03,0.06571876,0.06076658,0.7138038,131.62
362300,0.38,0.56,0.06,0.07475462,0.07649685,0.962409,139.42
362400,0.42,0.53,0.05,0.0893679,0.1008012,0.7270048,152.66
362500,0.5,0.47,0.03,0.0685142,0.06404862,0.6222042,138.68
362600,0.42,0.54,0.04,0.09215736,0.1220582,0.7582067,135.79
362700,0.46,0.52,0.02,0.07247903,0.07638691,0.3245998,143.92
362800,0.41,0.56,0.03,0.07473371,0.06979113,0.2940021,130.81
362900,0.48,0.51,0.01,0.07346105,0.08053055,0.513402,118.28
363000,0.4,0.58,0.02,0.08015316,0.07916646,0.7196045,117.48
363100,0.3,0.67,0.03,0.08181469,0.07925603,0.318802,117.72
363200,0.42,0.56,0.02,0.07679973,0.07252816,0.463802,119.28
363300,0.5,0.47,0.03,0.08171678,0.09169498,0.6842042,151.85
363400,0.46,0.52,0.02,0.09524084,0.1386084,0.7750048,107.67
363500,0.52,0.45,0.03,0.0735217,0.07674213,0.7510045,135.34
363600,0.42,0.51,0.07,0.0752814,0.08038,1.227012,144.97
363700,0.4,0.57,0.03,0.08345097,0.0972146,0.6832048,127.75
363800,0.51,0.48,0.01,0.07849157,0.07368473,0.5438019,119.04
363900,0.39,0.55,0.06,0.07027629,0.06971114,0.600005,152.12
364000,0.41,0.54,0.05,0.07843553,0.1066321,1.052009,152.44
364100,0.4,0.57,0.03,0.08753746,0.08850364,0.7226042,126.34
364200,0.51,0.46,0.03,0.1086011,0.1314467,0.4828023,115.48
364300,0.4,0.59,0.01,0.08071289,0.09093887,0.4090023,102.03
364400,0.45,0.53,0.02,0.114937,0.1185692,0.3695997,134.69
364500,0.4,0.56,0.04,0.09619707,0.09578206,0.7142041,140.53
364600,0.44,0.53,0.03,0.07709739,0.07390477,0.6578043,118.8
364700,0.36,0.63,0.01,0.06998841,0.07428088,0.3942022,99.86
364800,0.51,0.47,0.02,0.06991655,0.06588317,0.545402,130.04
364900,0.4,0.56,0.04,0.07870041,0.08546962,0.560602,129.31
365000,0.42,0.55,0.03,0.06453744,0.05869687,0.4900022,139.02
365100,0.44,0.52,0.04,0.08545321,0.08617125,0.7456063,129.85
365200,0.44,0.54,0.02,0.08683863,0.09286659,0.616804,113.08
365300,0.5,0.48,0.02,0.09673893,0.09699064,0.6664023,126.03
365400,0.45,0.51,0.04,0.07162267,0.07217646,0.8844086,151.18
365500,0.31,0.67,0.02,0.08118384,0.07495721,0.4232021,113.08
365600,0.41,0.56,0.03,0.06975665,0.06720872,0.3131998,132.15
365700,0.38,0.58,0.04,0.07158437,0.07961613,0.772807,135.51
365800,0.41,0.55,0.04,0.06804992,0.0629403,0.6104023,141.83
365900,0.33,0.66,0.01,0.07581717,0.07029807,0.1751999,125.49
366000,0.45,0.52,0.03,0.07244528,0.06517514,0.5454022,160.78
366100,0.43,0.54,0.03,0.08900298,0.07930154,0.6768044,142.58
366200,0.45,0.54,0.01,0.08984776,0.1024984,0.4736008,124.82
366300,0.48,0.5,0.02,0.08052665,0.07289257,0.4276023,126.62
366400,0.38,0.56,0.06,0.07882734,0.08351636,0.6514048,158.13
366500,0.36,0.62,0.02,0.07555202,0.09085191,0.5088018,146.89
366600,0.46,0.5,0.04,0.0689363,0.06415852,0.4668024,126.08
366700,0.4,0.59,0.01,0.08543298,0.1058313,0.3803997,127.16
366800,0.45,0.53,0.02,0.07540435,0.08550626,0.5624023,128.63
366900,0.4,0.57,0.03,0.07587689,0.07270103,0.7010047,133.89
367000,0.41,0.56,0.03,0.08615126,0.08735442,0.4612012,149.56
367100,0.35,0.59,0.06,0.07958151,0.07844988,0.5768044,171.74
367200,0.45,0.53,0.02,0.08287062,0.0913851,0.4518021,112.54
367300,0.35,0.62,0.03,0.07371604,0.07225836,0.3603998,133.2
367400,0.38,0.56,0.06,0.07445326,0.08787425,0.9236078,161.69
367500,0.47,0.5,0.03,0.08196186,0.09147906,0.7790045,132.42
367600,0.31,0.65,0.04,0.08174241,0.07571666,0.8784089,130.23
367700,0.48,0.47,0.05,0.1061742,0.1133886,1.143409,146.51
367800,0.42,0.53,0.05,0.06988189,0.06410514,0.7488068,153.48
367900,0.52,0.46,0.02,0.09013019,0.08864464,0.3177997,117.87
368000,0.46,0.52,0.02,0.06449343,0.06150888,0.5048019,131.46
368100,0.43,0.51,0.06,0.07861583,0.08400767,0.9326085,146.79
368200,0.47,0.51,0.02,0.08173824,0.08141616,0.5740011,126.52
368300,0.44,0.5,0.06,0.07255465,0.07216241,0.6906046,166.49
368400,0.49,0.42,0.09,0.08304977,0.0947976,1.462214,189.85
368500,0.44,0.5,0.06,0.06278873,0.06464905,0.9386069,160.26
368600,0.4,0.57,0.03,0.1013816,0.09544716,0.7072073,138.13
368700,0.44,0.53,0.03,0.08518524,0.1007654,0.7402044,119.01
368800,0.44,0.52,0.04,0.09186884,0.08893739,0.655005,128.66
368900,0.38,0.57,0.05,0.0929948,0.09260023,0.7562067,149.35
369000,0.47,0.52,0.01,0.09079707,0.07665041,0.4591997,133.41
369100,0.5,0.47,0.03,0.09270824,0.08139519,0.586805,111.36
369200,0.48,0.5,0.02,0.06348241,0.05947914,0.530602,128.35
369300,0.41,0.57,0.02,0.08613583,0.08123582,0.5648039,124.06
369400,0.46,0.51,0.03,0.07806571,0.07745724,0.4072018,114.65
369500,0.48,0.5,0.02,0.08132614,0.07656687,0.4088013,124.53
369600,0.44,0.56,0,0.07314555,0.07117777,0.3807997,131.48
369700,0.41,0.56,0.03,0.07507922,0.07376418,0.7520065,123.11
369800,0.34,0.59,0.07,0.07158027,0.06743321,1.03221,166.45
369900,0.4,0.58,0.02,0.09660401,0.1235103,0.3276022,97.29
370000,0.42,0.56,0.02,0.06372328,0.0646514,0.5204046,116.93
370100,0.36,0.61,0.03,0.07684272,0.07436103,0.4704016,124.69
370200,0.43,0.5,0.07,0.07152296,0.07051109,0.9414093,166.62
370300,0.39,0.57,0.04,0.08037147,0.07445351,0.5976047,134.14
370400,0.49,0.51,0,0.08029863,0.08251114,0.3259998,123.11
370500,0.38,0.59,0.03,0.06981057,0.06414028,0.3780022,134.98
370600,0.41,0.57,0.02,0.09046088,0.09295863,0.1625999,122.74
370700,0.36,0.59,0.05,0.09580378,0.09934896,1.026209,145.05
370800,0.37,0.61,0.02,0.1069099,0.1076825,0.2851998,116.61
370900,0.47,0.51,0.02,0.08074334,0.08289232,0.2357998,124.27
371000,0.5,0.47,0.03,0.09040397,0.09421512,0.6398048,131.62
371100,0.35,0.63,0.02,0.08485889,0.09267233,0.5548046,114.19
371200,0.45,0.5,0.05,0.06428245,0.06075563,1.048809,154.43
371300,0.43,0.56,0.01,0.08503976,0.08879451,0.3035997,123.29
371400,0.49,0.5,0.01,0.07476265,0.07712265,0.4502023,103.63
371500,0.46,0.52,0.02,0.06816043,0.06769225,0.4371997,119.04
371600,0.42,0.55,0.03,0.08245377,0.08215648,0.653405,138.01
371700,0.4,0.57,0.03,0.06973909,0.06320519,0.5796041,138.02
371800,0.42,0.54,0.04,0.06301502,0.05717444,0.7462066,139.21
371900,0.37,0.61,0.02,0.06630638,0.06436836,0.1943999,124.41
372000,0.41,0.52,0.07,0.06491908,0.05904974,0.3194019,171.02
372100,0.38,0.61,0.01,0.07861096,0.08443736,0.3542024,112.16
372200,0.37,0.61,0.02,0.06685269,0.06655242,0.377602,117.03
372300,0.35,0.62,0.03,0.08134995,0.08272292,0.6042048,121.85
372400,0.48,0.5,0.02,0.0706512,0.06808209,0.5069996,141.24
372500,0.39,0.59,0.02,0.08813899,0.09096911,0.2337998,118.79
372600,0.44,0.55,0.01,0.06606258,0.06235785,0.5156017,113.23
372700,0.52,0.46,0.02,0.09088486,0.09136023,0.5952021,129.46
372800,0.45,0.5,0.05,0.06866345,0.06262017,0.504404,136.35
372900,0.36,0.6,0.04,0.08566558,0.09950344,0.8290092,134.08
373000,0.45,0.52,0.03,0.07519548,0.06286412,0.879807,145.62
373100,0.43,0.56,0.01,0.08270451,0.07904138,0.5514023,133.86
373200,0.44,0.5,0.06,0.0845794,0.09675625,0.905407,175.09
373300,0.42,0.54,0.04,0.09962873,0.08910618,0.7812061,140.83
373400,0.46,0.52,0.02,0.07667318,0.06987096,0.5376021,118.99
373500,0.5,0.49,0.01,0.07855181,0.07856179,0.2607998,109.68
373600,0.47,0.47,0.06,0.0788992,0.0962817,0.9230077,155.3
373700,0.36,0.62,0.02,0.07145897,0.07690305,0.5076051,122.37
373800,0.43,0.55,0.02,0.07283536,0.0772815,0.6746047,139.09
373900,0.52,0.43,0.05,0.08760203,0.08606872,0.801806,128.25
374000,0.54,0.43,0.03,0.07175952,0.07935826,0.8892062,129.95
374100,0.42,0.55,0.03,0.084447,0.07206438,0.5192021,144.36
374200,0.51,0.45,0.04,0.08792105,0.09371305,0.6658032,124.62
374300,0.42,0.55,0.03,0.07826252,0.06878988,0.3946025,120.05
374400,0.33,0.64,0.03,0.06197794,0.06074253,0.4030021,142.01
374500,0.47,0.52,0.01,0.07929824,0.07925864,0.2967997,106.26
374600,0.44,0.52,0.04,0.07409815,0.09298213,0.5796044,125
374700,0.49,0.48,0.03,0.07685749,0.07349677,0.9580071,148.8
374800,0.36,0.62,0.02,0.09118182,0.09997453,0.5330017,128.21
374900,0.41,0.58,0.01,0.08298035,0.08796377,0.4080017,100.88
375000,0.36,0.61,0.03,0.0885832,0.08637014,0.4572031,140.76
375100,0.46,0.5,0.04,0.06857952,0.08283877,1.132608,150.51
375200,0.46,0.49,0.05,0.07409962,0.07447591,0.8456067,146.77
375300,0.48,0.51,0.01,0.07537264,0.0820538,0.4033997,121.43
375400,0.46,0.53,0.01,0.08036139,0.09573074,0.5106017,108.98
375500,0.37,0.57,0.06,0.06636264,0.05874639,0.9468089,153.27
375600,0.47,0.52,0.01,0.07726298,0.07416768,0.530802,140.78
375700,0.44,0.55,0.01,0.08381461,0.07297726,0.6606017,115.3
375800,0.43,0.54,0.03,0.06899887,0.06906874,0.5488052,136.69
375900,0.41,0.54,0.05,0.07489903,0.07454808,0.7124032,136.58
376000,0.43,0.53,0.04,0.06573445,0.06775884,0.7998067,149.15
376100,0.44,0.51,0.05,0.0724704,0.06627118,0.9642071,163.48
376200,0.39,0.55,0.06,0.08038272,0.07580359,0.8604079,142.66
376300,0.52,0.47,0.01,0.08989474,0.09104392,0.3631997,129.81
376400,0.35,0.61,0.04,0.06383274,0.0602354,0.6596034,136.69
376500,0.41,0.53,0.06,0.09176674,0.08973469,0.9146068,166.57
376600,0.4,0.59,0.01,0.07005332,0.07297081,0.1251999,96.83
376700,0.44,0.54,0.02,0.07901541,0.07143113,0.7830037,124.63
376800,0.41,0.58,0.01,0.07337538,0.07165504,0.1291999,108.08
376900,0.45,0.51,0.04,0.09899119,0.1164001,0.6630045,125.84
377000,0.41,0.58,0.01,0.09526113,0.1214729,0.5576023,110.08
377100,0.49,0.49,0.02,0.07194152,0.0899239,0.599202,122.51
377200,0.4,0.54,0.06,0.07242015,0.07365632,0.9136067,155.48
377300,0.47,0.52,0.01,0.07270578,0.07280009,0.3685997,115.97
377400,0.42,0.55,0.03,0.06651662,0.06994262,0.7706059,129.45
377500,0.41,0.56,0.03,0.07925428,0.08919248,0.7796048,138.2
377600,0.47,0.5,0.03,0.1131389,0.1160813,0.3758012,125.44
377700,0.39,0.6,0.01,0.08740659,0.08943874,0.6272022,113.25
377800,0.56,0.44,0,0.09765141,0.08837169,0.4365996,111.77
377900,0.44,0.52,0.04,0.07460549,0.07063889,0.920006,134.19
378000,0.48,0.49,0.03,0.07246769,0.08071143,0.5740045,125.15
378100,0.51,0.47,0.02,0.07425836,0.07054123,0.7608041,122.73
378200,0.43,0.55,0.02,0.07686651,0.07245537,0.6544037,120.11
378300,0.45,0.52,0.03,0.07095101,0.06953881,0.7624043,141.13
378400,0.42,0.54,0.04,0.07838361,0.08638842,0.6964042,156.1
378500,0.41,0.58,0.01,0.06688619,0.07223565,0.4074023,114.45
378600,0.43,0.55,0.02,0.07227864,0.07753453,0.508202,123.37
378700,0.39,0.56,0.05,0.08243085,0.08558793,1.058409,143.44
378800,0.35,0.63,0.02,0.0905967,0.09054428,0.6930038,118.87
378900,0.42,0.57,0.01,0.07947902,0.08889167,0.5298021,121.11
379000,0.47,0.48,0.05,0.1124501,0.1117439,0.554002,154.73
379100,0.42,0.54,0.04,0.06637238,0.0593899,0.5586019,166.03
379200,0.39,0.55,0.06,0.08758105,0.08792357,0.4728033,148.74
379300,0.45,0.52,0.03,0.09957395,0.09269778,0.575802,133.47
379400,0.39,0.58,0.03,0.07500437,0.07434651,0.5634019,137.92
379500,0.5,0.48,0.02,0.06592306,0.06034118,0.4364022,114.85
379600,0.42,0.56,0.02,0.07974851,0.08052062,0.436002,124.52
379700,0.41,0.58,0.01,0.07989336,0.08336459,0.3666024,105.66
379800,0.55,0.45,0,0.08263069,0.09084268,0.3459998,92.48
379900,0.48,0.51,0.01,0.07767609,0.07048344,0.2887998,116.68
380000,0.4,0.58,0.02,0.07364781,0.07046609,0.4568023,116.53
380100,0.5,0.47,0.03,0.0899263,0.08669111,0.4298023,131.9
380200,0.39,0.58,0.03,0.07682286,0.07319843,0.3970022,126.92
380300,0.46,0.53,0.01,0.06615552,0.06683361,0.2847998,123.81
380400,0.42,0.55,0.03,0.07937706,0.07723547,0.3922025,121.41
380500,0.4,0.56,0.04,0.07787832,0.08019254,0.4752023,157.71
380600,0.39,0.58,0.03,0.08645497,0.0963394,0.4012021,126.44
380700,0.35,0.57,0.08,0.0759382,0.08315986,0.9886082,185.04
380800,0.47,0.52,0.01,0.07601721,0.07199702,0.3789997,122.68
380900,0.46,0.53,0.01,0.08767653,0.07699866,0.3409997,136.42
381000,0.38,0.59,0.03,0.06785469,0.06014712,0.6634042,141.22
381100,0.44,0.54,0.02,0.07266209,0.06850643,0.4364019,118.01
381200,0.48,0.49,0.03,0.07832532,0.07539877,0.6234046,126.43
381300,0.51,0.49,0,0.08303813,0.08840238,0.3291997,107.05
381400,0.46,0.54,0,0.08917142,0.1116576,0.3025998,99.1
381500,0.32,0.66,0.02,0.07157154,0.06646733,0.3455997,122.95
381600,0.33,0.62,0.05,0.07397419,0.06896729,1.036209,157.72
381700,0.38,0.62,0,0.07025269,0.05829483,0.2573998,110.17
381800,0.41,0.57,0.02,0.07513816,0.07693215,0.5800022,125.17
381900,0.44,0.53,0.03,0.06708601,0.06647334,0.4196025,145.9
382000,0.44,0.53,0.03,0.06390647,0.05849316,0.6426037,128.84
382100,0.44,0.55,0.01,0.06549002,0.05941609,0.3133998,118.74
382200,0.46,0.53,0.01,0.08002398,0.0782457,0.5140022,118.63
382300,0.42,0.54,0.04,0.07738307,0.08714465,0.6702046,137.69
382400,0.48,0.51,0.01,0.06929862,0.06278133,0.4123997,104.57
382500,0.49,0.5,0.01,0.08232082,0.08569067,0.2441998,116.05
382600,0.39,0.58,0.03,0.07681572,0.07338368,0.4598024,123.57
382700,0.53,0.44,0.03,0.07860912,0.08860888,0.4946021,139.57
382800,0.43,0.54,0.03,0.06907333,0.06121017,0.4159997,138.22
382900,0.41,0.57,0.02,0.0730919,0.06813213,0.6534016,140.06
383000,0.51,0.47,0.02,0.06140864,0.05720692,0.5629995,127.68
383100,0.38,0.58,0.04,0.09939311,0.1027666,0.8312071,142.14
383200,0.51,0.47,0.02,0.09104982,0.07856614,0.4168019,107.51
383300,0.48,0.5,0.02,0.08772772,0.082826,0.434202,124.06
383400,0.4,0.57,0.03,0.07864428,0.07149141,0.2677998,137.97
383500,0.35,0.62,0.03,0.06287321,0.05741596,0.4784024,141.73
383600,0.42,0.55,0.03,0.08052462,0.07875218,0.4540017,141.9
383700,0.39,0.58,0.03,0.09040999,0.09388265,0.7762068,119.15
383800,0.39,0.58,0.03,0.07000177,0.0784137,0.5596026,130.5
383900,0.43,0.55,0.02,0.07019363,0.06662437,0.3118012,122.84
384000,0.41,0.56,0.03,0.0866918,0.09795256,0.620405,131.15
384100,0.5,0.46,0.04,0.09751834,0.09194749,0.6630028,144.19
384200,0.36,0.61,0.03,0.09802143,0.08356436,0.2325998,138.74
384300,0.5,0.5,0,0.08060811,0.08405163,0.2421998,93.84
384400,0.51,0.48,0.01,0.06915567,0.06532737,0.5317996,135.67
384500,0.44,0.54,0.02,0.07207842,0.0709087,0.5342025,130.57
384600,0.49,0.51,0,0.06464302,0.06253567,0.2761998,117.57
384700,0.37,0.6,0.03,0.07930627,0.07059423,0.6160043,143.3
384800,0.29,0.69,0.02,0.09615368,0.08843491,0.5096043,105
384900,0.46,0.51,0.03,0.06260383,0.05733771,0.5878046,153.71
385000,0.39,0.61,0,0.0696903,0.07520283,0.3563997,105.22
385100,0.37,0.59,0.04,0.09552871,0.08859027,0.4256023,135.4
385200,0.47,0.51,0.02,0.07949038,0.07500002,0.6274046,125.83
385300,0.34,0.65,0.01,0.09316614,0.09466621,0.3132015,105.86
385400,0.37,0.61,0.02,0.09000716,0.07417318,0.4498025,113.95
385500,0.46,0.53,0.01,0.07580081,0.07451308,0.2601998,104.89
385600,0.47,0.51,0.02,0.08630545,0.08168826,0.2521998,135.55
385700,0.4,0.51,0.09,0.07654825,0.09167922,1.161012,201.93
385800,0.47,0.52,0.01,0.07917134,0.06800387,0.4884017,117.03
385900,0.45,0.53,0.02,0.07912976,0.08273928,0.3511997,123.57
386000,0.49,0.48,0.03,0.07339199,0.06873753,0.3958012,129.22
386100,0.5,0.48,0.02,0.0854967,0.09172641,0.5444019,122.58
386200,0.39,0.59,0.02,0.06800585,0.06096341,0.2451998,112.29
386300,0.34,0.63,0.03,0.07530787,0.08413679,0.4708023,131.23
386400,0.36,0.6,0.04,0.08496574,0.07811527,0.9576087,128.68
386500,0.48,0.49,0.03,0.06780551,0.0660858,0.4020012,110.67
386600,0.43,0.56,0.01,0.07826374,0.07525302,0.6550019,112.29
386700,0.43,0.55,0.02,0.09057286,0.08002584,0.3405997,130.59
386800,0.41,0.54,0.05,0.09009735,0.08732696,0.9648083,145.24
386900,0.42,0.56,0.02,0.0716885,0.05936048,0.6672041,130.98
387000,0.41,0.57,0.02,0.08046736,0.09090482,0.5006021,126.56
387100,0.4,0.57,0.03,0.122859,0.1227509,0.2811998,132.39
387200,0.51,0.48,0.01,0.07678345,0.06364889,0.3383997,108.48
387300,0.46,0.53,0.01,0.08893681,0.08561397,0.4367997,123.46
387400,0.42,0.56,0.02,0.09756491,0.09950572,0.446602,101.36
387500,0.43,0.54,0.03,0.06808291,0.06206451,0.4226018,117.57
387600,0.52,0.45,0.03,0.07137607,0.06807675,0.5041996,142.77
387700,0.41,0.59,0,0.1022777,0.1006508,0.2895998,105.75
387800,0.4,0.58,0.02,0.07005621,0.06530169,0.4930024,132.79
387900,0.46,0.52,0.02,0.08359232,0.08608776,0.6284041,128.6
388000,0.43,0.55,0.02,0.08174893,0.08762965,0.5592041,114.18
388100,0.47,0.5,0.03,0.0811131,0.08561248,0.4556021,138.61
388200,0.38,0.57,0.05,0.07561064,0.07745724,0.6280045,152.24
388300,0.41,0.55,0.04,0.07438548,0.07217438,0.5536047,125.36
388400,0.35,0.6,0.05,0.07351019,0.08318604,0.6034034,154.63
388500,0.48,0.52,0,0.08129802,0.08191732,0.2281998,102.96
388600,0.39,0.56,0.05,0.07441857,0.0723695,0.9598083,164.36
388700,0.39,0.57,0.04,0.08893306,0.08489458,0.601805,153.86
388800,0.45,0.49,0.06,0.06351978,0.05890118,0.9474067,167.72
388900,0.41,0.54,0.05,0.06839374,0.06481761,0.4474022,158.41
389000,0.42,0.55,0.03,0.09181255,0.1006462,0.3976014,135.87
389100,0.44,0.51,0.05,0.08238483,0.0781039,1.344611,162.24
389200,0.46,0.53,0.01,0.06779614,0.06309448,0.5414018,123.58
389300,0.43,0.54,0.03,0.08389021,0.08228807,0.3854023,130.94
389400,0.43,0.56,0.01,0.07909602,0.07804688,0.4976023,112.46
389500,0.44,0.54,0.02,0.0777384,0.08167949,0.7588046,119.89
389600,0.42,0.56,0.02,0.08182464,0.07567345,0.2113998,123.06
389700,0.41,0.54,0.05,0.07554471,0.07613673,0.3627998,139.81
389800,0.52,0.46,0.02,0.08039303,0.07453374,0.7052034,107.28
389900,0.41,0.59,0,0.06038882,0.06189561,0.4239996,91.83
390000,0.45,0.55,0,0.07245193,0.07600788,0.2855998,107.23
390100,0.49,0.51,0,0.08312473,0.08856713,0.3265997,99.82
390200,0.43,0.54,0.03,0.07736744,0.07471209,0.6440041,128.79
390300,0.42,0.56,0.02,0.0702858,0.07095546,0.3207997,123.36
390400,0.43,0.55,0.02,0.07188737,0.07403183,0.7082041,130.14
390500,0.48,0.52,0,0.07042706,0.06445852,0.2335998,109.84
390600,0.36,0.61,0.03,0.08960938,0.0878417,0.4198023,114.92
390700,0.45,0.53,0.02,0.05930545,0.0532794,0.4179997,134.36
390800,0.39,0.58,0.03,0.08532255,0.08857587,0.549402,137.42
390900,0.41,0.56,0.03,0.06814663,0.06423837,0.5126022,120.87
391000,0.43,0.51,0.06,0.0660384,0.06360956,0.6594042,169.69
391100,0.48,0.45,0.07,0.06320106,0.05831245,0.8480059,157.9
391200,0.45,0.54,0.01,0.09168904,0.08987829,0.2097998,111.33
391300,0.48,0.49,0.03,0.07677517,0.06669441,0.8272042,151.86
391400,0.39,0.59,0.02,0.07054896,0.06653109,0.4470021,131.38
391500,0.49,0.49,0.02,0.08604643,0.08877943,0.4321997,130.7
391600,0.5,0.49,0.01,0.08516155,0.09280396,0.4375997,114.37
391700,0.4,0.59,0.01,0.07049336,0.06514284,0.5322021,127.4
391800,0.46,0.54,0,0.07053673,0.07348832,0.2215998,90.85
391900,0.57,0.43,0,0.08064561,0.07547989,0.5192001,112.88
392000,0.5,0.47,0.03,0.06952799,0.06150179,0.7632034,146.78
392100,0.35,0.63,0.02,0.07695612,0.07638169,0.2513998,132.77
392200,0.42,0.51,0.07,0.07018491,0.06611997,0.8212063,177.71
392300,0.44,0.53,0.03,0.06769847,0.0808847,0.3163998,151.56
392400,0.58,0.42,0,0.08524213,0.08846367,0.2639998,105.2
392500,0.5,0.45,0.05,0.0884954,0.09032698,0.2425998,134.89
392600,0.37,0.6,0.03,0.06378026,0.05898969,0.6670051,153.76
392700,0.41,0.58,0.01,0.0815952,0.09230535,0.3677997,119.01
392800,0.49,0.46,0.05,0.07667508,0.06988838,0.5800043,132.94
392900,0.39,0.58,0.03,0.08642834,0.07759538,0.423402,142.13
393000,0.52,0.46,0.02,0.07307596,0.06861001,0.4512017,129.74
393100,0.39,0.59,0.02,0.0764291,0.08961503,0.5846042,113.99
393200,0.39,0.6,0.01,0.07061159,0.06888977,0.3805997,128.95
393300,0.47,0.5,0.03,0.08532014,0.09316362,0.547002,134.75
393400,0.45,0.52,0.03,0.08668778,0.07275925,0.6030021,147.54
393500,0.43,0.55,0.02,0.06156371,0.05517913,0.5928045,150.72
393600,0.42,0.54,0.04,0.07305208,0.08628066,0.8584061,149.85
393700,0.43,0.55,0.02,0.08305879,0.07534122,0.548202,139.11
393800,0.54,0.44,0.02,0.08198425,0.07831153,0.7958045,122.39
393900,0.33,0.64,0.03,0.06612041,0.05946353,0.3382016,124.12
394000,0.49,0.51,0,0.06983482,0.06074074,0.2799998,100.12
394100,0.49,0.5,0.01,0.08267097,0.0893208,0.5632024,123.85
394200,0.41,0.57,0.02,0.07537191,0.06996836,0.4508019,125.64
394300,0.47,0.52,0.01,0.07049154,0.07048181,0.5498019,113.42
394400,0.48,0.52,0,0.07908616,0.07403835,0.3599998,105.18
394500,0.47,0.51,0.02,0.0781724,0.08437371,0.378202,110.03
394600,0.4,0.56,0.04,0.07577064,0.06715913,0.3890014,143.72
394700,0.39,0.61,0,0.08870211,0.101685,0.2183998,104.19
394800,0.53,0.43,0.04,0.0699456,0.065843,0.599402,140.87
394900,0.48,0.52,0,0.07760229,0.07181331,0.2517998,126.93
395000,0.41,0.57,0.02,0.08852455,0.08687298,0.7966041,131.76
395100,0.49,0.49,0.02,0.08701419,0.08084446,0.597602,119.78
395200,0.57,0.41,0.02,0.07849765,0.08273441,0.6792034,119.32
395300,0.49,0.48,0.03,0.06874499,0.06336199,0.4871995,123.99
395400,0.46,0.54,0,0.07368314,0.06277944,0.2737998,114.41
395500,0.46,0.5,0.04,0.0708584,0.06538821,0.5134023,145.93
395600,0.35,0.64,0.01,0.08026415,0.06994753,0.401002,113.42
395700,0.41,0.56,0.03,0.07408367,0.08235941,0.6402049,157.28
395800,0.38,0.61,0.01,0.06876649,0.06346875,0.335401,113.88
395900,0.36,0.62,0.02,0.07036758,0.06521407,0.619404,138.08
396000,0.44,0.54,0.02,0.07446288,0.07427235,0.2983997,110.63
396100,0.47,0.5,0.03,0.07712916,0.07591963,0.9576071,135.23
396200,0.38,0.56,0.06,0.07352956,0.07611715,0.9392086,164.03
396300,0.4,0.57,0.03,0.07781365,0.07482709,0.3376025,125.45
396400,0.37,0.6,0.03,0.06921167,0.06054833,0.7746069,152.7
396500,0.52,0.47,0.01,0.07658496,0.07995716,0.4915996,129.61
396600,0.44,0.54,0.02,0.08802772,0.0950826,0.2707998,131
396700,0.35,0.64,0.01,0.07079045,0.07199794,0.4596021,126.9
396800,0.47,0.52,0.01,0.06700011,0.06994545,0.4656022,110.7
396900,0.46,0.52,0.02,0.07860565,0.07688095,0.8070049,134.73
397000,0.44,0.55,0.01,0.06805531,0.05615122,0.5054013,127.68
397100,0.44,0.54,0.02,0.06495523,0.05629825,0.547802,126.28
397200,0.44,0.55,0.01,0.08224691,0.08859556,0.2929998,114.99
397300,0.43,0.53,0.04,0.07815667,0.06670009,0.8246065,139.21
397400,0.39,0.57,0.04,0.08729768,0.09062702,0.8782079,146.45
397500,0.35,0.61,0.04,0.1023891,0.09395032,0.3968005,134.03
397600,0.44,0.52,0.04,0.0659175,0.06562068,0.4496019,141.28
397700,0.47,0.48,0.05,0.06271436,0.05804006,0.5858035,146.86
397800,0.44,0.54,0.02,0.07298701,0.07461961,0.4554019,118.94
397900,0.48,0.51,0.01,0.07214913,0.06664154,0.4127997,118.41
398000,0.45,0.53,0.02,0.08544711,0.07818238,0.452602,125.62
398100,0.45,0.54,0.01,0.07084883,0.06805387,0.1833999,120.23
398200,0.45,0.53,0.02,0.08214314,0.0932565,0.4223996,122.48
398300,0.49,0.49,0.02,0.08946466,0.08482312,0.3000017,111.54
398400,0.49,0.49,0.02,0.08209491,0.07452026,0.4864023,113.14
398500,0.5,0.48,0.02,0.07893462,0.08636102,0.6326044,124.55
398600,0.36,0.64,0,0.1024366,0.1084668,0.1791999,123.85
398700,0.4,0.6,0,0.07196245,0.08403537,0.2593998,127.29
398800,0.49,0.49,0.02,0.1065601,0.09403717,0.4584025,108.3
398900,0.24,0.74,0.02,0.0773155,0.0708094,0.1753999,142.29
399000,0.43,0.55,0.02,0.08877333,0.09757721,0.5206023,121.87
399100,0.39,0.58,0.03,0.110705,0.1098133,0.642604,128.24
399200,0.39,0.58,0.03,0.0779639,0.09111249,0.564004,129.13
399300,0.42,0.57,0.01,0.07506012,0.07836004,0.3033998,122.62
399400,0.5,0.47,0.03,0.08179022,0.09602854,1.030405,138.41
399500,0.48,0.5,0.02,0.07096674,0.06105154,0.4978016,125.42
399600,0.47,0.51,0.02,0.0699542,0.06720663,0.5570016,113.36
399700,0.49,0.49,0.02,0.1010946,0.1026952,0.8806041,144.04
399800,0.46,0.52,0.02,0.07450417,0.07493685,0.4606025,128.66
399900,0.44,0.56,0,0.1177157,0.1257899,0.2563998,94.29
400000,0.46,0.53,0.01,0.08352771,0.08244056,0.5924017,120.72
400100,0.52,0.46,0.02,0.05977055,0.0559567,0.3647997,129.83
400200,0.37,0.62,0.01,0.09212494,0.1115378,0.4672022,101.86
400300,0.42,0.57,0.01,0.06840217,0.06703414,0.2257998,107.05
400400,0.42,0.54,0.04,0.07008106,0.05944268,0.7402046,141.21
400500,0.5,0.49,0.01,0.0836724,0.08952121,0.4450016,106.09
400600,0.47,0.51,0.02,0.06753775,0.06316301,0.7620035,122.26
400700,0.36,0.6,0.04,0.06252514,0.06012751,0.8822061,155.02
400800,0.38,0.59,0.03,0.07235207,0.08677983,0.2781998,133.3
400900,0.42,0.58,0,0.08231147,0.08433931,0.3359997,107.3
401000,0.54,0.44,0.02,0.08005586,0.07297236,0.5432016,99.84
401100,0.45,0.52,0.03,0.06317421,0.05976558,0.6854041,141.77
401200,0.4,0.57,0.03,0.07863838,0.08002437,0.3656,134.57
401300,0.39,0.55,0.06,0.07307577,0.07717951,0.7692074,159.23
401400,0.43,0.54,0.03,0.08451282,0.09383195,0.5540019,133.51
401500,0.44,0.56,0,0.0986065,0.1033663,0.2357998,113.31
401600,0.48,0.49,0.03,0.06704931,0.05952718,0.5678049,142.52
401700,0.48,0.51,0.01,0.07652224,0.07258654,0.3111998,121.7
401800,0.43,0.56,0.01,0.07160649,0.06892515,0.4904019,127.3
401900,0.44,0.54,0.02,0.07273523,0.07270615,0.3823997,123.04
402000,0.42,0.56,0.02,0.07657841,0.07549524,0.475602,131.48
402100,0.44,0.55,0.01,0.08218127,0.08967602,0.6482021,116.65
402200,0.43,0.56,0.01,0.06332519,0.05515556,0.3837997,123.33
402300,0.45,0.55,0,0.07585447,0.07207212,0.3495997,120.32
402400,0.45,0.54,0.01,0.06807067,0.07754858,0.6108021,123.84
402500,0.45,0.52,0.03,0.106648,0.1162999,0.4790019,121.32
402600,0.43,0.56,0.01,0.08944644,0.0966372,0.2125998,109.19
402700,0.44,0.54,0.02,0.07907476,0.06999148,0.2051998,104.59
402800,0.39,0.59,0.02,0.09029243,0.08931245,0.3387997,125.95
402900,0.34,0.64,0.02,0.1085841,0.1210674,0.3996016,117.87
403000,0.39,0.61,0,0.07285631,0.06678866,0.2637998,105
403100,0.37,0.62,0.01,0.08811107,0.0779034,0.3057998,106.58
403200,0.42,0.56,0.02,0.0831089,0.115037,0.5374024,111.99
403300,0.4,0.58,0.02,0.06947767,0.06270156,0.5210022,122.97
403400,0.45,0.51,0.04,0.08757517,0.09943956,0.4662024,126.64
403500,0.51,0.47,0.02,0.07103431,0.07079022,0.7340041,123.55
403600,0.44,0.55,0.01,0.07904598,0.08056156,0.3957998,104.22
403700,0.37,0.61,0.02,0.06987283,0.06357877,0.2719998,140.64
403800,0.53,0.46,0.01,0.08774289,0.08767674,0.3811998,130.03
403900,0.48,0.51,0.01,0.0708264,0.07386009,0.2863998,105.57
404000,0.4,0.6,0,0.09315456,0.09893561,0.2303998,95.07
404100,0.34,0.66,0,0.08870595,0.1057602,0.09099994,108.4
404200,0.5,0.46,0.04,0.07089698,0.06578044,0.6870016,143.25
404300,0.33,0.66,0.01,0.06544983,0.07858562,0.4678021,120.48
404400,0.4,0.56,0.04,0.09850219,0.1054428,0.7506046,131.02
404500,0.39,0.61,0,0.06615774,0.062636,0.4647996,108.3
404600,0.52,0.47,0.01,0.07673105,0.07970688,0.3531997,112.87
404700,0.41,0.57,0.02,0.07234404,0.06795663,0.4226024,134.47
404800,0.36,0.63,0.01,0.07033495,0.06091259,0.1273999,130.77
404900,0.4,0.6,0,0.07474778,0.07191829,0.3111998,109.62
405000,0.48,0.51,0.01,0.07270465,0.067453,0.2743998,145.2
405100,0.5,0.49,0.01,0.06896955,0.06676731,0.6314013,111.92
405200,0.43,0.54,0.03,0.08474841,0.08884463,0.3368019,113.63
405300,0.42,0.54,0.04,0.08410641,0.09880522,0.7942063,125.16
405400,0.4,0.58,0.02,0.05794685,0.05739035,0.3343997,143.87
405500,0.33,0.66,0.01,0.07497124,0.0664757,0.2687998,117.65
405600,0.4,0.59,0.01,0.06505218,0.06168284,0.2309999,117.98
405700,0.45,0.53,0.02,0.07001587,0.07766512,0.4838019,135.69
405800,0.52,0.46,0.02,0.06228845,0.06419702,0.552201,137.99
405900,0.42,0.56,0.02,0.08421905,0.09178762,0.4296017,123.96
406000,0.45,0.54,0.01,0.1036882,0.1042116,0.2149998,96.18
406100,0.34,0.63,0.03,0.06744654,0.06523317,0.1795999,140.13
406200,0.49,0.48,0.03,0.08986569,0.1025901,0.8868068,124.77
406300,0.37,0.58,0.05,0.08020135,0.07773262,0.5720048,144.84
406400,0.5,0.5,0,0.07371884,0.08012295,0.3277998,123.23
406500,0.43,0.53,0.04,0.1023263,0.1010501,0.8198063,139.58
406600,0.47,0.5,0.03,0.06333461,0.05870935,0.6862036,147.44
406700,0.53,0.46,0.01,0.06813141,0.06531659,0.6458021,111.02
406800,0.47,0.48,0.05,0.06843127,0.06481079,0.8790064,174.74
406900,0.44,0.53,0.03,0.08337066,0.08249628,0.3901997,133.39
407000,0.35,0.64,0.01,0.07552575,0.07120086,0.3366026,130.06
407100,0.41,0.58,0.01,0.0766541,0.07574303,0.5048025,112.42
407200,0.39,0.58,0.03,0.06911018,0.07005761,0.2999998,135.66
407300,0.37,0.61,0.02,0.07720812,0.09958676,0.3912025,130.06
407400,0.48,0.51,0.01,0.06458222,0.05814603,0.2555998,129.57
407500,0.47,0.52,0.01,0.0663124,0.06183104,0.4672025,111.74
407600,0.46,0.53,0.01,0.07474548,0.07329696,0.3193998,113.14
407700,0.39,0.58,0.03,0.06666493,0.06839123,0.1165999,119.62
407800,0.48,0.5,0.02,0.07086899,0.06786185,0.4362021,110.25
407900,0.36,0.61,0.03,0.06724428,0.06501799,0.6066045,130.94
408000,0.35,0.63,0.02,0.07789183,0.07079764,0.1153999,114.36
408100,0.39,0.57,0.04,0.07390149,0.06368791,0.5470045,143.46
408200,0.33,0.65,0.02,0.07449205,0.06990194,0.4648019,114.45
408300,0.33,0.64,0.03,0.07531192,0.07216758,0.4046022,143.45
408400,0.4,0.58,0.02,0.08413413,0.09345727,0.3640021,119.2
408500,0.43,0.56,0.01,0.07604303,0.07174937,0.2053999,101.17
408600,0.49,0.47,0.04,0.07675456,0.07866944,0.4332019,140.4
408700,0.42,0.57,0.01,0.07863072,0.07945701,0.3949997,109.62
408800,0.44,0.55,0.01,0.07990097,0.07327413,0.3782023,106.93
408900,0.35,0.63,0.02,0.07276415,0.06868506,0.1863999,123.43
409000,0.41,0.56,0.03,0.08534367,0.08759699,0.716404,149.41
409100,0.41,0.58,0.01,0.06218369,0.06103678,0.4288025,112.56
409200,0.41,0.57,0.02,0.06740025,0.06986955,0.4648022,128.75
409300,0.53,0.44,0.03,0.1011449,0.09642914,0.5420042,120.24
409400,0.37,0.61,0.02,0.07812282,0.0734206,0.6966044,128.62
409500,0.5,0.48,0.02,0.0817441,0.07966169,0.3063998,121.75
409600,0.46,0.53,0.01,0.08583388,0.09091116,0.3773997,113.63
409700,0.42,0.57,0.01,0.07900979,0.07973742,0.4592023,115.6
409800,0.47,0.5,0.03,0.07241325,0.07778338,0.4624023,153.26
409900,0.36,0.59,0.05,0.06419144,0.05905247,0.6418043,165.02
410000,0.51,0.48,0.01,0.06298529,0.06285879,0.575002,110.95
410100,0.41,0.57,0.02,0.07804588,0.08101384,0.4640021,119.81
410200,0.42,0.53,0.05,0.08052788,0.07266739,0.7448059,144.85
410300,0.46,0.52,0.02,0.07359559,0.08215319,0.3563997,116
410400,0.38,0.57,0.05,0.07610878,0.07510889,0.6790041,147.29
410500,0.51,0.46,0.03,0.08010374,0.08237035,0.4970022,137.39
410600,0.38,0.6,0.02,0.07295107,0.06515732,0.7316049,124.89
410700,0.48,0.52,0,0.07249293,0.06318974,0.3287998,114.07
410800,0.4,0.56,0.04,0.08187436,0.08495552,0.2441998,144.91
410900,0.42,0.56,0.02,0.08426492,0.09169077,0.3738019,104.35
411000,0.47,0.52,0.01,0.07348774,0.08461312,0.5230012,131.94
411100,0.53,0.46,0.01,0.06543968,0.06049015,0.4199996,105.31
411200,0.39,0.59,0.02,0.08662214,0.07773064,0.1427999,124.53
411300,0.48,0.51,0.01,0.08935808,0.09529578,0.5730019,120.51
411400,0.42,0.57,0.01,0.1061851,0.1081598,0.3398014,109.68
411500,0.51,0.44,0.05,0.08980917,0.09240453,0.8354067,150.45
411600,0.44,0.55,0.01,0.09547254,0.1111496,0.4038019,104.35
411700,0.31,0.62,0.07,0.0729177,0.06657697,0.5198027,174.13
411800,0.38,0.58,0.04,0.0813821,0.09089409,0.4140026,130.98
411900,0.41,0.56,0.03,0.07662951,0.08617555,0.6044047,135.17
412000,0.44,0.53,0.03,0.07777752,0.07156111,0.8062071,132.23
412100,0.49,0.5,0.01,0.0818325,0.08259413,0.3363997,103.45
412200,0.4,0.58,0.02,0.08139465,0.07699506,0.6368045,116.39
412300,0.41,0.58,0.01,0.0637197,0.06534117,0.2907998,110.68
412400,0.43,0.54,0.03,0.06698262,0.06049094,0.3727997,148.4
412500,0.53,0.46,0.01,0.05899506,0.06238467,0.4693996,128.16
412600,0.41,0.54,0.05,0.07721607,0.09817872,0.4138021,147.35
412700,0.36,0.64,0,0.0817791,0.07248736,0.3079998,111.84
412800,0.45,0.51,0.04,0.07740973,0.08787613,0.5446029,152.46
412900,0.42,0.57,0.01,0.08475187,0.08342552,0.2587998,91.52
413000,0.48,0.52,0,0.09069476,0.106816,0.2555998,113.36
413100,0.45,0.52,0.03,0.09448405,0.09752467,0.2201998,130.48
413200,0.28,0.68,0.04,0.08712795,0.1009173,0.3850016,143.89
413300,0.35,0.61,0.04,0.08151597,0.08667608,1.031607,152.1
413400,0.39,0.61,0,0.07127714,0.08013453,0.2783998,132.42
413500,0.49,0.49,0.02,0.08840914,0.0854275,0.2871997,100.17
413600,0.36,0.64,0,0.0680951,0.06330444,0.3357998,106.7
413700,0.46,0.52,0.02,0.0808216,0.07632897,0.6294038,117.53
413800,0.41,0.56,0.03,0.08466026,0.08242765,0.6664044,132.08
413900,0.41,0.52,0.07,0.08483414,0.09519566,0.6106043,151.15
414000,0.52,0.46,0.02,0.08857492,0.09073336,0.3065998,128.57
414100,0.39,0.61,0,0.07224113,0.0608702,0.2757998,96.81
414200,0.44,0.53,0.03,0.06272718,0.05922105,0.6626047,130.65
414300,0.41,0.56,0.03,0.08572292,0.08750957,0.4862011,151.4
414400,0.53,0.46,0.01,0.07853585,0.07720122,0.3107998,108.44
414500,0.5,0.47,0.03,0.08297146,0.07927562,0.7410038,135.99
414600,0.46,0.53,0.01,0.06999107,0.06987818,0.6062013,118.21
414700,0.44,0.53,0.03,0.07541599,0.06988547,0.4094021,127.02
414800,0.39,0.58,0.03,0.07952459,0.09808722,0.5310019,130.62
414900,0.44,0.55,0.01,0.05998276,0.05912399,0.4744021,123.14
415000,0.44,0.5,0.06,0.07120732,0.07412588,0.8426067,160.06
415100,0.48,0.51,0.01,0.07567282,0.06774965,0.3415998,109.39
415200,0.44,0.55,0.01,0.07532968,0.08654638,0.4027996,132.06
415300,0.41,0.55,0.04,0.07209022,0.06359118,0.2239998,132.81
415400,0.33,0.61,0.06,0.07958601,0.07933321,0.6698066,143.82
415500,0.46,0.53,0.01,0.06520991,0.06332722,0.5516024,110.16
415600,0.42,0.55,0.03,0.07672966,0.07549861,0.7218067,119.58
415700,0.32,0.6,0.08,0.08912223,0.07838302,1.03201,175.15
415800,0.44,0.52,0.04,0.07261309,0.06828806,0.4276023,141.83
415900,0.44,0.56,0,0.07110982,0.06909003,0.2379998,109.77
416000,0.58,0.4,0.02,0.08022468,0.06805968,0.2787998,113.94
416100,0.43,0.54,0.03,0.06685092,0.06337605,0.4288021,137.83
416200,0.47,0.51,0.02,0.06185448,0.06416221,0.3614017,123.11
416300,0.37,0.6,0.03,0.07255177,0.06853615,0.7816061,135
416400,0.35,0.64,0.01,0.07058265,0.07112127,0.4116012,131.81
416500,0.36,0.62,0.02,0.08073781,0.07372865,0.4230019,110.15
416600,0.4,0.58,0.02,0.07719479,0.06824208,0.5886047,118.4
416700,0.37,0.6,0.03,0.08572993,0.07536287,0.385402,122.47
416800,0.36,0.64,0,0.08146071,0.07347803,0.2563998,109.44
416900,0.48,0.5,0.02,0.07783223,0.08113924,0.4778022,143.08
417000,0.42,0.52,0.06,0.07467638,0.07186259,0.5316042,147.01
417100,0.46,0.53,0.01,0.08731654,0.08385687,0.2718003,109.88
417200,0.44,0.54,0.02,0.07529692,0.07532146,0.6280035,116.77
417300,0.49,0.48,0.03,0.0637467,0.06298645,0.7232042,146.46
417400,0.44,0.53,0.03,0.0730119,0.07962752,0.8738062,163.68
417500,0.37,0.61,0.02,0.0805283,0.07392845,0.2983998,123.19
417600,0.44,0.55,0.01,0.06937089,0.0659409,0.4862017,118.07
417700,0.52,0.46,0.02,0.08747596,0.09529764,0.3652014,111.36
417800,0.46,0.51,0.03,0.08440087,0.08100305,0.6006044,139.92
417900,0.34,0.66,0,0.06756137,0.06641881,0.2823998,105.72
418000,0.41,0.59,0,0.07104931,0.06961363,0.2273998,120.9
418100,0.49,0.48,0.03,0.0688874,0.06451855,0.3043997,126.49
418200,0.35,0.63,0.02,0.07324165,0.08349906,0.4664021,140.58
418300,0.44,0.55,0.01,0.08386059,0.08228261,0.3143997,120.91
418400,0.36,0.61,0.03,0.06891449,0.07294502,0.7446043,139.57
418500,0.46,0.54,0,0.07479029,0.073502,0.3179998,107.71
418600,0.4,0.54,0.06,0.06876288,0.06995251,0.723806,169.46
418700,0.4,0.57,0.03,0.07264457,0.07957233,0.382202,129.15
418800,0.46,0.49,0.05,0.07183062,0.08749307,1.017809,152.99
418900,0.47,0.5,0.03,0.08985607,0.08733273,0.6216038,134.54
419000,0.41,0.54,0.05,0.07891281,0.07066052,0.9522083,139.2
419100,0.48,0.51,0.01,0.08125904,0.08819331,0.2725998,128.13
419200,0.4,0.55,0.05,0.06045513,0.05458086,0.7982056,156.86
419300,0.4,0.58,0.02,0.07819057,0.08092567,0.3173998,113.9
419400,0.45,0.53,0.02,0.07302886,0.06759923,0.3775997,119.89
419500,0.42,0.51,0.07,0.06529906,0.06202358,0.7426037,184.52
419600,0.43,0.54,0.03,0.06500364,0.06376201,0.4444013,151.63
419700,0.43,0.52,0.05,0.07626802,0.07954958,0.6886044,154.86
419800,0.44,0.55,0.01,0.06597309,0.06243863,0.3587998,132.43
419900,0.46,0.53,0.01,0.07045954,0.06974783,0.4883996,117.45
420000,0.43,0.55,0.02,0.0653358,0.06729648,0.3433998,142.13
420100,0.5,0.48,0.02,0.07821564,0.08303747,0.4498009,114.42
420200,0.5,0.5,0,0.07016837,0.07103427,0.3990001,107.15
420300,0.36,0.61,0.03,0.09777286,0.09739882,0.2675998,134.91
420400,0.44,0.53,0.03,0.06930118,0.06438985,0.2795998,132.24
420500,0.43,0.55,0.02,0.0839173,0.08648212,0.3284021,131.28
420600,0.42,0.56,0.02,0.0971533,0.1084352,0.4914035,121.3
420700,0.46,0.53,0.01,0.07061307,0.07895331,0.4001997,120.79
420800,0.44,0.55,0.01,0.06542387,0.06489236,0.3435997,116.26
420900,0.39,0.6,0.01,0.07715534,0.08157405,0.3886021,110.29
421000,0.43,0.56,0.01,0.07813866,0.08041007,0.2813998,108.44
421100,0.44,0.54,0.02,0.0705118,0.07426365,0.3327997,132.08
421200,0.41,0.58,0.01,0.06626926,0.0640145,0.3573997,124.52
421300,0.43,0.55,0.02,0.07929816,0.08533011,0.2427998,126.54
421400,0.5,0.48,0.02,0.07006406,0.06975055,0.4726023,125.07
421500,0.38,0.6,0.02,0.09067294,0.08913319,0.3600017,122.8
421600,0.51,0.49,0,0.07666097,0.08080084,0.2665998,92.73
421700,0.45,0.52,0.03,0.08834674,0.1042318,0.631804,116.75
421800,0.39,0.58,0.03,0.07552824,0.07433499,0.3994024,134.65
421900,0.37,0.58,0.05,0.09475178,0.09004289,0.8184057,162.9
422000,0.46,0.51,0.03,0.06473604,0.06201632,0.3880025,133.2
422100,0.48,0.5,0.02,0.0902607,0.1093148,0.437602,121.61
422200,0.42,0.56,0.02,0.07776393,0.07387293,0.4206024,106.7
422300,0.37,0.63,0,0.07901302,0.09584562,0.2457998,95.78
422400,0.39,0.57,0.04,0.06225285,0.06062191,0.4590018,173.85
422500,0.47,0.51,0.02,0.07690302,0.08138017,0.3549997,132.94
422600,0.43,0.56,0.01,0.05788505,0.05169591,0.2243998,141.33
422700,0.44,0.56,0,0.06948637,0.06305781,0.2577998,110.35
422800,0.38,0.59,0.03,0.08029552,0.08273789,0.2187999,139.44
422900,0.5,0.49,0.01,0.06737264,0.05932707,0.3153998,106.34
423000,0.37,0.6,0.03,0.09825118,0.08304521,0.3580017,123.03
423100,0.39,0.58,0.03,0.07150225,0.07265544,0.4526025,135.82
423200,0.44,0.54,0.02,0.07479738,0.06704673,0.1795999,123.9
423300,0.4,0.59,0.01,0.06296553,0.05853343,0.380602,102.32
423400,0.39,0.57,0.04,0.0660117,0.06265679,0.379402,149.43
423500,0.4,0.59,0.01,0.1020429,0.1006267,0.5244016,104.57
423600,0.46,0.53,0.01,0.07810669,0.07316174,0.3341998,123.66
423700,0.41,0.58,0.01,0.07521392,0.0782963,0.5004021,116.6
423800,0.42,0.54,0.04,0.0839825,0.08490681,0.7900054,140.85
423900,0.44,0.53,0.03,0.1091914,0.1101248,0.4754021,130.1
424000,0.45,0.53,0.02,0.0781488,0.07552865,0.4762025,118.89
424100,0.43,0.55,0.02,0.07251561,0.07690846,0.2013998,102.7
424200,0.48,0.51,0.01,0.06721221,0.06201661,0.4987996,122.76
424300,0.5,0.49,0.01,0.07021616,0.06616985,0.2863998,104.11
424400,0.4,0.57,0.03,0.07244255,0.07069682,0.4276015,129.58
424500,0.45,0.54,0.01,0.07983527,0.07290599,0.1537999,99.82
424600,0.39,0.59,0.02,0.06989848,0.07922318,0.5340016,134.91
424700,0.43,0.53,0.04,0.1016736,0.1086379,0.8562056,140.94
424800,0.49,0.5,0.01,0.09863529,0.09538695,0.3269997,127.65
424900,0.42,0.55,0.03,0.06653872,0.06643184,0.6680042,149.98
425000,0.36,0.62,0.02,0.07993197,0.08102103,0.1475999,123.28
425100,0.38,0.62,0,0.07211512,0.07186718,0.1769998,107.9
425200,0.43,0.56,0.01,0.07661141,0.08614822,0.5780021,122.75
425300,0.43,0.57,0,0.06861657,0.06574545,0.3947998,112.97
425400,0.42,0.58,0,0.08053889,0.08103058,0.2361998,124.44
425500,0.31,0.63,0.06,0.07385263,0.06588767,0.4038023,163.33
425600,0.43,0.55,0.02,0.09654751,0.09362416,0.6610045,127.1
425700,0.45,0.52,0.03,0.07062244,0.06926789,0.4272021,126.89
425800,0.43,0.52,0.05,0.09973367,0.09337861,0.5282024,154.22
425900,0.45,0.52,0.03,0.06905654,0.06178793,0.540001,132.71
426000,0.5,0.48,0.02,0.06960955,0.06610021,0.2783998,122.86
426100,0.42,0.55,0.03,0.06823168,0.05979599,0.4474024,121.78
426200,0.52,0.45,0.03,0.08688351,0.1016626,0.7386031,140.6
426300,0.44,0.52,0.04,0.0690525,0.06475424,0.5580049,147.86
426400,0.44,0.55,0.01,0.07388956,0.0753357,0.6018023,120.44
426500,0.46,0.52,0.02,0.08604079,0.09208719,0.6036023,122.09
426600,0.38,0.59,0.03,0.06381967,0.0545908,0.6474046,139.69
426700,0.45,0.53,0.02,0.1122133,0.1417945,0.3833997,116.05
426800,0.42,0.53,0.05,0.09125788,0.08790523,0.4174022,134.75
426900,0.42,0.56,0.02,0.07570937,0.08482663,0.3202,123.05
427000,0.41,0.55,0.04,0.08825671,0.08651941,0.7068051,140.6
427100,0.5,0.47,0.03,0.07050912,0.07012226,0.7726043,145.84
427200,0.4,0.6,0,0.07164701,0.08104413,0.2689998,120.6
427300,0.38,0.61,0.01,0.06901588,0.06768429,0.2975998,125.74
427400,0.38,0.61,0.01,0.07818451,0.07502751,0.4514016,107.05
427500,0.48,0.52,0,0.07059202,0.0696887,0.4007996,121.71
427600,0.43,0.56,0.01,0.06716666,0.06649554,0.4262024,113.38
427700,0.48,0.5,0.02,0.1021433,0.1031655,0.4850007,125.38
427800,0.43,0.54,0.03,0.07489616,0.08557719,0.4944015,131.44
427900,0.46,0.53,0.01,0.06082262,0.05614801,0.3726023,102.36
428000,0.44,0.55,0.01,0.08583559,0.09738484,0.5316023,129.42
428100,0.43,0.54,0.03,0.08311123,0.08915386,0.5618018,129.26
428200,0.38,0.6,0.02,0.07921281,0.09267473,0.4054008,130.37
428300,0.48,0.52,0,0.06789678,0.06816829,0.3467997,103.73
428400,0.44,0.54,0.02,0.0684641,0.0824924,0.3279997,129.34
428500,0.3,0.7,0,0.07879554,0.07177935,0.1615999,111.62
428600,0.38,0.55,0.07,0.07565638,0.07158495,0.6912063,161.5
428700,0.49,0.5,0.01,0.07178279,0.06887352,0.3773997,120.1
428800,0.36,0.63,0.01,0.1196891,0.1312932,0.3804024,100.94
428900,0.39,0.52,0.09,0.07419507,0.0717734,0.9868084,189.8
429000,0.42,0.57,0.01,0.07577328,0.0713191,0.2759998,107.57
429100,0.39,0.6,0.01,0.07234813,0.07112868,0.2101998,107.49
429200,0.47,0.51,0.02,0.1020662,0.1249005,0.5966045,111.81
429300,0.4,0.58,0.02,0.06794368,0.07342049,0.3663996,145.46
429400,0.45,0.53,0.02,0.06811724,0.06386906,0.3186024,121.55
429500,0.43,0.54,0.03,0.07220747,0.07508795,0.6198047,145.86
429600,0.43,0.54,0.03,0.07386614,0.06877547,0.7640045,138.83
429700,0.43,0.55,0.02,0.07108713,0.0649097,0.5090019,132.14
429800,0.42,0.53,0.05,0.06027708,0.06505692,0.4058015,156.2
429900,0.49,0.49,0.02,0.06848991,0.06451149,0.4724016,127.52
430000,0.33,0.63,0.04,0.08757687,0.08011324,0.8312064,142.59
430100,0.43,0.55,0.02,0.09516495,0.09262106,0.5552021,120.67
430200,0.47,0.51,0.02,0.07225066,0.07516325,0.2827998,119.7
430300,0.52,0.45,0.03,0.07507852,0.07573027,0.6958022,143.86
430400,0.4,0.57,0.03,0.08157215,0.100485,0.5182016,138.2
430500,0.51,0.46,0.03,0.09004769,0.08311924,0.6492047,130.56
430600,0.38,0.57,0.05,0.07166529,0.06094541,0.4194015,144.99
430700,0.43,0.54,0.03,0.06613939,0.06036245,0.7384014,152.4
430800,0.44,0.55,0.01,0.06929412,0.06826829,0.5388021,132.75
430900,0.45,0.55,0,0.07859464,0.07159904,0.3495997,101.72
431000,0.38,0.61,0.01,0.06657666,0.06566905,0.4350019,118.05
431100,0.37,0.62,0.01,0.07235669,0.06927384,0.4486021,110.98
431200,0.37,0.6,0.03,0.07242493,0.06015439,0.5494046,138.63
431300,0.44,0.54,0.02,0.07353996,0.06887659,0.2179999,118.23
431400,0.38,0.62,0,0.08895827,0.09590594,0.2027998,110.28
431500,0.43,0.55,0.02,0.1019145,0.102404,0.5006022,135.12
431600,0.51,0.46,0.03,0.07940231,0.0805385,0.6258007,140.09
431700,0.44,0.54,0.02,0.0682235,0.06597193,0.6664039,122.77
431800,0.52,0.47,0.01,0.07319024,0.07608418,0.2381998,117.29
431900,0.38,0.59,0.03,0.0735524,0.06967311,0.7154045,133.18
432000,0.49,0.5,0.01,0.06338706,0.05697807,0.2397998,121.36
432100,0.34,0.61,0.05,0.09269762,0.08180362,0.7330047,161.34
432200,0.41,0.58,0.01,0.089824,0.09066491,0.3694023,100.32
432300,0.4,0.57,0.03,0.0813854,0.0760996,0.7936057,133.22
432400,0.39,0.58,0.03,0.0992703,0.08778314,0.4708023,128.36
432500,0.38,0.59,0.03,0.0845612,0.0928718,0.6524045,135.98
432600,0.52,0.47,0.01,0.08563923,0.1094182,0.4119997,123.41
432700,0.43,0.57,0,0.09606235,0.1107285,0.1507999,97.9
432800,0.41,0.57,0.02,0.08635759,0.08454408,0.2771998,128.87
432900,0.44,0.55,0.01,0.08185086,0.08357136,0.3828018,115.85
433000,0.39,0.58,0.03,0.06999972,0.06659693,0.8292043,128.73
433100,0.5,0.48,0.02,0.09700318,0.1154294,0.4372023,100.66
433200,0.39,0.58,0.03,0.07399108,0.07298848,0.6548048,142.06
433300,0.46,0.51,0.03,0.07867736,0.07209197,0.8758066,125.92
433400,0.45,0.52,0.03,0.06749567,0.06859688,0.9636058,140.96
433500,0.48,0.5,0.02,0.106716,0.1024049,0.515802,116.84
433600,0.43,0.53,0.04,0.07859394,0.08194166,0.532202,142.02
433700,0.48,0.51,0.01,0.09107597,0.08207193,0.2457998,105.03
433800,0.44,0.55,0.01,0.06668242,0.07312861,0.1833999,108.96
433900,0.42,0.56,0.02,0.0845916,0.09376094,0.3652022,119.74
434000,0.4,0.57,0.03,0.09981105,0.1144982,0.597804,123.17
434100,0.44,0.55,0.01,0.08044846,0.1047598,0.4816022,104.43
434200,0.4,0.57,0.03,0.06237788,0.06048251,0.6620015,137.85
434300,0.35,0.62,0.03,0.07435693,0.07338002,0.3616025,132.72
434400,0.49,0.48,0.03,0.09268072,0.0987717,0.3489997,123.61
434500,0.28,0.66,0.06,0.0853608,0.07901198,0.6914066,173.1
434600,0.4,0.58,0.02,0.0971239,0.0958877,0.5518023,131.7
434700,0.38,0.6,0.02,0.07426595,0.06733587,0.3730012,130.32
434800,0.44,0.55,0.01,0.07615803,0.09384405,0.2947998,109.48
434900,0.44,0.52,0.04,0.07628241,0.06767667,0.6802046,154.75
435000,0.43,0.54,0.03,0.07262003,0.07775352,0.4546015,142.23
435100,0.52,0.47,0.01,0.08235914,0.07927828,0.3185998,106.37
435200,0.32,0.65,0.03,0.1035728,0.1175703,0.445004,134.6
435300,0.51,0.48,0.01,0.07609601,0.09431707,0.4155996,122.9
435400,0.4,0.58,0.02,0.08726037,0.08551887,0.5254024,128.35
435500,0.45,0.53,0.02,0.06863184,0.06486254,0.6860047,122.92
435600,0.38,0.59,0.03,0.08670124,0.08461446,0.434202,126.13
435700,0.39,0.57,0.04,0.08874968,0.08979212,0.6294048,131.52
435800,0.39,0.59,0.02,0.08876766,0.08599387,0.3356023,127.41
435900,0.38,0.6,0.02,0.06360799,0.06038724,0.3920025,138.2
436000,0.27,0.72,0.01,0.07569012,0.07142927,0.2476023,115.77
436100,0.42,0.58,0,0.0729792,0.07487714,0.1595999,104.68
436200,0.5,0.46,0.04,0.06323362,0.06482667,1.008608,148.18
436300,0.38,0.61,0.01,0.09546832,0.09284411,0.4652022,113.39
436400,0.44,0.56,0,0.06994977,0.06715298,0.3211998,102.72
436500,0.36,0.61,0.03,0.09148818,0.09912753,0.3236023,151.62
436600,0.44,0.52,0.04,0.06822896,0.05975199,0.5622027,148.07
436700,0.39,0.59,0.02,0.07190312,0.07187918,0.5918042,117.84
436800,0.37,0.6,0.03,0.07426342,0.08537293,0.5122037,127.93
436900,0.44,0.53,0.03,0.1126863,0.1302191,0.8204051,144.75
437000,0.46,0.51,0.03,0.07419742,0.08038507,0.6442047,137.35
437100,0.39,0.59,0.02,0.0858316,0.1025182,0.5844022,133.02
437200,0.42,0.56,0.02,0.06640989,0.05909299,0.2245998,111.16
437300,0.41,0.56,0.03,0.07198627,0.06799715,0.5106041,124.07
437400,0.46,0.5,0.04,0.06293961,0.06335428,0.7304046,157.56
437500,0.5,0.48,0.02,0.0757797,0.0707942,0.4846022,129.49
437600,0.51,0.49,0,0.06582184,0.05869244,0.3139997,101.14
437700,0.41,0.58,0.01,0.06047261,0.06640553,0.3992024,116.8
437800,0.45,0.54,0.01,0.07029588,0.06076961,0.4346022,98.55
437900,0.46,0.52,0.02,0.06688388,0.06357065,0.5240014,124.9
438000,0.45,0.54,0.01,0.07582781,0.07724728,0.3111998,120.92
438100,0.47,0.51,0.02,0.06738742,0.06162235,0.6512043,116.01
438200,0.43,0.53,0.04,0.07469822,0.06868251,0.4062016,142.44
438300,0.38,0.61,0.01,0.08386035,0.07275303,0.3878022,96.33
438400,0.44,0.52,0.04,0.06901779,0.06473886,0.7780064,138.65
438500,0.46,0.53,0.01,0.06769507,0.06663699,0.2989997,117.03
438600,0.41,0.59,0,0.1114005,0.1304065,0.1953999,101.42
438700,0.43,0.55,0.02,0.06882643,0.07283489,0.578404,124.95
438800,0.4,0.59,0.01,0.0642584,0.0602285,0.4612021,111.93
438900,0.46,0.5,0.04,0.0642314,0.06260423,0.7184035,162.18
439000,0.43,0.56,0.01,0.08862318,0.09589424,0.2539998,124.55
439100,0.51,0.44,0.05,0.07710649,0.08969379,0.3771997,159.3
439200,0.51,0.48,0.01,0.08419844,0.0836357,0.2407998,111.91
439300,0.42,0.57,0.01,0.06830154,0.06903152,0.3626021,114.64
439400,0.5,0.47,0.03,0.09355401,0.089035,0.5796024,133.13
439500,0.45,0.52,0.03,0.07182281,0.06556583,0.2655998,138.09
439600,0.46,0.52,0.02,0.0690908,0.07613446,0.3379997,126.1
439700,0.43,0.54,0.03,0.06792043,0.06996398,0.5618021,134.49
439800,0.43,0.56,0.01,0.07297347,0.0719673,0.2201999,113.87
439900,0.49,0.51,0,0.07554543,0.07233035,0.1815999,84.98
440000,0.5,0.49,0.01,0.07890464,0.08264558,0.3723997,115.45
440100,0.39,0.6,0.01,0.06615561,0.06264826,0.3784008,118.02
440200,0.54,0.44,0.02,0.0712871,0.07230777,0.7204027,117.35
440300,0.45,0.52,0.03,0.0732443,0.06494896,0.5038024,160.64
440400,0.43,0.55,0.02,0.08105876,0.09273718,0.2783998,109.57
440500,0.45,0.54,0.01,0.06961739,0.07396221,0.3768023,132.41
440600,0.44,0.55,0.01,0.09335163,0.08475525,0.2731998,106.3
440700,0.38,0.61,0.01,0.0674041,0.06576917,0.2788016,116.22
440800,0.47,0.52,0.01,0.08530483,0.09025215,0.4608023,120.19
440900,0.48,0.51,0.01,0.08016086,0.07609199,0.2107998,102.95
441000,0.44,0.52,0.04,0.07780875,0.07198821,0.691206,135.44
441100,0.42,0.55,0.03,0.06909361,0.0681851,0.7732045,141.65
441200,0.45,0.52,0.03,0.08190547,0.09373027,0.5838042,125.15
441300,0.46,0.52,0.02,0.06956927,0.08442321,0.5900019,120.43
441400,0.38,0.58,0.04,0.06618796,0.06933755,0.2875997,141.49
441500,0.43,0.56,0.01,0.06274168,0.06007474,0.4249997,126.71
441600,0.41,0.56,0.03,0.09534448,0.1025824,0.4106019,159.5
441700,0.36,0.61,0.03,0.06849753,0.0602457,0.5986047,146.52
441800,0.46,0.53,0.01,0.05978242,0.06084991,0.5684022,121.22
441900,0.37,0.61,0.02,0.07585628,0.07406863,0.2527998,139.01
442000,0.34,0.65,0.01,0.09630971,0.09239323,0.3766024,108.86
442100,0.35,0.63,0.02,0.07199232,0.06896637,0.4156023,113.67
442200,0.51,0.45,0.04,0.07086513,0.06496231,0.8132047,160.78
442300,0.44,0.53,0.03,0.07290427,0.06750723,0.3777997,137.85
442400,0.45,0.54,0.01,0.09114482,0.0989556,0.4968022,111.49
442500,0.34,0.64,0.02,0.09329595,0.1087213,0.3086019,125.39
442600,0.47,0.51,0.02,0.0779952,0.08211388,0.4942019,127.8
442700,0.43,0.55,0.02,0.08221368,0.07622814,0.2155998,127.34
442800,0.37,0.6,0.03,0.07607869,0.08777868,0.7768058,132.78
442900,0.4,0.58,0.02,0.08560517,0.07748508,0.3784024,124.9
443000,0.37,0.61,0.02,0.07329795,0.06661806,0.2981998,125.66
443100,0.43,0.55,0.02,0.08997545,0.09479265,0.2515998,124.71
443200,0.4,0.58,0.02,0.0710965,0.06670723,0.3822023,118.36
443300,0.42,0.58,0,0.07388701,0.06047513,0.2033999,107.46
443400,0.39,0.61,0,0.08555181,0.07400035,0.2259998,107.48
443500,0.45,0.55,0,0.06751969,0.05745772,0.3817997,115.05
443600,0.44,0.54,0.02,0.06820783,0.06588421,0.5170034,121.8
443700,0.44,0.54,0.02,0.08386142,0.08500041,0.501002,134.96
443800,0.34,0.64,0.02,0.07299821,0.06801676,0.3848017,110.24
443900,0.34,0.61,0.05,0.09072909,0.09864153,0.7326067,155.9
444000,0.45,0.55,0,0.06672933,0.06266724,0.3763997,104.51
444100,0.33,0.63,0.04,0.07874171,0.06982304,0.5278021,139.67
444200,0.45,0.54,0.01,0.06316512,0.0586545,0.3169997,124.76
444300,0.37,0.61,0.02,0.08531513,0.07896403,0.4676023,129.13
444400,0.49,0.51,0,0.07850674,0.06726029,0.3593998,119.95
444500,0.43,0.55,0.02,0.07604577,0.06772706,0.4188012,121.16
444600,0.42,0.53,0.05,0.06906904,0.0671451,0.7154047,152.02
444700,0.42,0.57,0.01,0.09835341,0.09991574,0.5140023,114.45
444800,0.45,0.54,0.01,0.07341048,0.06827556,0.3282015,109.2
444900,0.45,0.54,0.01,0.0816648,0.07946594,0.2077998,117.97
445000,0.36,0.63,0.01,0.08272839,0.08493097,0.4044022,123.92
445100,0.5,0.5,0,0.06504814,0.06098785,0.09579993,105.24
445200,0.31,0.69,0,0.08137231,0.08111902,0.2819997,147.78
445300,0.43,0.54,0.03,0.06366377,0.06106175,0.4302022,136.14
445400,0.39,0.6,0.01,0.07878724,0.07228283,0.4642018,110.5
445500,0.52,0.48,0,0.1133315,0.1458985,0.2557998,108.11
445600,0.36,0.62,0.02,0.07674305,0.06849487,0.5072021,120.72
445700,0.4,0.56,0.04,0.07875603,0.1077588,0.8510091,131.92
445800,0.47,0.52,0.01,0.06824081,0.05807336,0.2823998,122.91
445900,0.44,0.54,0.02,0.06735501,0.05974832,0.4318023,115.66
446000,0.39,0.59,0.02,0.08145278,0.07664797,0.3473997,123.56
446100,0.52,0.46,0.02,0.07916484,0.08517581,0.4185996,114.96
446200,0.44,0.54,0.02,0.09448073,0.0921642,0.3826017,107.52
446300,0.42,0.53,0.05,0.08978502,0.09208166,0.5418048,135.67
446400,0.48,0.5,0.02,0.07460973,0.07592434,0.2941998,119.84
446500,0.39,0.58,0.03,0.08658578,0.08559666,0.6518037,146.6
446600,0.43,0.56,0.01,0.07410841,0.07027549,0.2515998,101.81
446700,0.32,0.67,0.01,0.08299729,0.08509745,0.1909998,118.58
446800,0.34,0.65,0.01,0.06550484,0.06458566,0.2259998,113.89
446900,0.46,0.52,0.02,0.07096183,0.06383518,0.6550043,124.54
447000,0.44,0.53,0.03,0.0930388,0.08900192,0.659004,136.55
447100,0.45,0.53,0.02,0.06804488,0.0864796,0.813004,135.37
447200,0.41,0.57,0.02,0.07757054,0.09001174,0.4888023,143.89
447300,0.44,0.54,0.02,0.06393517,0.05919977,0.4733996,138.34
447400,0.39,0.58,0.03,0.07295481,0.07061527,0.4158016,133.43
447500,0.37,0.6,0.03,0.09426022,0.08234444,0.5770046,127.32
447600,0.43,0.55,0.02,0.06817863,0.06650818,0.3467997,121.91
447700,0.38,0.59,0.03,0.07751726,0.071997,0.5764041,134.94
447800,0.38,0.59,0.03,0.06836963,0.06529794,0.6292042,130.44
447900,0.46,0.54,0,0.08802427,0.09104469,0.2129998,85.31
448000,0.41,0.57,0.02,0.0648462,0.06007861,0.449802,128.29
448100,0.33,0.65,0.02,0.100491,0.1099196,0.1661999,115.73
448200,0.36,0.61,0.03,0.07346285,0.06956486,0.4994015,139.29
448300,0.48,0.52,0,0.07269111,0.06083605,0.3227998,107.33
448400,0.4,0.56,0.04,0.08929795,0.1017715,0.8496071,122.68
448500,0.39,0.58,0.03,0.07317485,0.08389499,0.6388043,132.03
448600,0.31,0.67,0.02,0.07962667,0.07265833,0.411402,119.53
448700,0.46,0.54,0,0.09551344,0.1000097,0.2407998,108.57
448800,0.32,0.66,0.02,0.07025443,0.07208073,0.1483999,135.23
448900,0.49,0.49,0.02,0.1201126,0.1366147,0.652804,129.36
449000,0.44,0.53,0.03,0.1074379,0.1153893,0.5202011,126.58
449100,0.43,0.52,0.05,0.08143377,0.09032009,0.4860018,148.86
449200,0.39,0.61,0,0.08305216,0.1026539,0.1963998,99.01
449300,0.46,0.52,0.02,0.06559828,0.06188667,0.6070044,137
449400,0.37,0.6,0.03,0.06120179,0.06360742,0.4614023,138.83
449500,0.44,0.56,0,0.09238423,0.09298437,0.3301997,110.92
449600,0.48,0.52,0,0.09378348,0.08297519,0.3131998,99.13
449700,0.42,0.58,0,0.09034023,0.1130497,0.1643999,86.2
449800,0.38,0.59,0.03,0.07253997,0.07470112,0.1987999,131.94
449900,0.42,0.56,0.02,0.09116074,0.09534993,0.3947997,127.01
450000,0.43,0.54,0.03,0.081736,0.08072741,0.5320014,137.53
450100,0.5,0.45,0.05,0.06509015,0.06134743,0.9808072,165.19
450200,0.46,0.53,0.01,0.07650744,0.07817549,0.2109998,102.25
450300,0.56,0.42,0.02,0.07431417,0.08468457,0.4630022,113.76
450400,0.49,0.5,0.01,0.05841746,0.05414524,0.6142023,147.4
450500,0.42,0.54,0.04,0.06595787,0.06275959,0.7148039,147.21
450600,0.35,0.62,0.03,0.09010187,0.09070118,0.5738046,117.89
450700,0.51,0.44,0.05,0.05926733,0.05716509,0.4604023,151.47
450800,0.31,0.69,0,0.06797969,0.06925414,0.3627997,132.99
450900,0.42,0.55,0.03,0.0630994,0.0622217,0.2769998,137.55
451000,0.34,0.63,0.03,0.08790449,0.08951154,0.6772041,145.97
451100,0.43,0.55,0.02,0.06549291,0.0612308,0.7052019,137.64
451200,0.48,0.5,0.02,0.07889143,0.09819887,0.480002,131.15
451300,0.4,0.6,0,0.06927603,0.06185702,0.3101998,114.48
451400,0.38,0.58,0.04,0.07031719,0.06399475,0.9198087,149.54
451500,0.37,0.61,0.02,0.07746749,0.07808504,0.5226023,129.39
451600,0.39,0.57,0.04,0.08316816,0.09089739,0.8612071,143.78
451700,0.45,0.55,0,0.08633202,0.07637505,0.2415998,87.01
451800,0.4,0.6,0,0.08752552,0.0807507,0.3751997,117.58
451900,0.35,0.63,0.02,0.1077711,0.0999446,0.370002,117.17
452000,0.34,0.63,0.03,0.08439987,0.1007879,0.6120051,119.32
452100,0.47,0.52,0.01,0.05931539,0.05667756,0.4512007,114.76
452200,0.43,0.53,0.04,0.07589932,0.07094275,0.7870056,138.59
452300,0.41,0.57,0.02,0.07561853,0.0800522,0.6322041,109.54
452400,0.41,0.57,0.02,0.07459396,0.07873003,0.5722017,139.06
452500,0.47,0.5,0.03,0.1001007,0.1013049,0.4834024,134.78
452600,0.45,0.52,0.03,0.09403205,0.09259618,0.7442043,123.18
452700,0.48,0.46,0.06,0.07746587,0.07814172,0.901206,158.36
452800,0.38,0.6,0.02,0.07077422,0.0712373,0.6540047,130.6
452900,0.46,0.5,0.04,0.05800335,0.05452321,0.7346015,153.75
453000,0.43,0.54,0.03,0.06655055,0.06485202,0.5916022,138.24
453100,0.49,0.48,0.03,0.06366233,0.06805685,0.4922023,139.97
453200,0.41,0.57,0.02,0.07458367,0.07324407,0.1969998,128.7
453300,0.52,0.45,0.03,0.08075838,0.08087928,0.5210013,118.86
453400,0.43,0.56,0.01,0.08283257,0.07166617,0.555802,122.25
453500,0.48,0.52,0,0.07289919,0.06810503,0.2957998,103.12
453600,0.4,0.58,0.02,0.07619367,0.07907674,0.526002,140.39
453700,0.42,0.57,0.01,0.0882853,0.08446132,0.3686022,122.74
453800,0.46,0.5,0.04,0.08233748,0.09889247,0.6388039,142.7
453900,0.39,0.6,0.01,0.08604015,0.07557508,0.4978019,115.41
454000,0.48,0.52,0,0.07239489,0.06566142,0.4017997,122.05
454100,0.45,0.55,0,0.07739395,0.07072919,0.3567997,95.91
454200,0.52,0.47,0.01,0.09495199,0.09485509,0.6046021,115.39
454300,0.46,0.52,0.02,0.0804537,0.0909902,0.5750017,119.83
454400,0.4,0.58,0.02,0.06625375,0.06463423,0.2759998,126.77
454500,0.48,0.51,0.01,0.09357411,0.08365318,0.4168018,117.91
454600,0.37,0.62,0.01,0.05872764,0.0590924,0.2897998,146.83
454700,0.43,0.55,0.02,0.07829119,0.06584041,0.2535998,133.29
454800,0.43,0.55,0.02,0.06781746,0.05915841,0.4224016,116.95
454900,0.42,0.57,0.01,0.09025621,0.1215234,0.3445997,122.41
455000,0.45,0.55,0,0.1055161,0.09752874,0.3051997,101.52
455100,0.5,0.48,0.02,0.06790312,0.05931449,0.6826035,128.93
455200,0.38,0.6,0.02,0.0704494,0.06586547,0.3274013,122.28
455300,0.36,0.62,0.02,0.09221469,0.1003259,0.3613997,127.5
455400,0.41,0.57,0.02,0.09493992,0.09349717,0.437802,127.13
455500,0.52,0.43,0.05,0.0664333,0.06895738,0.4884013,148.07
455600,0.39,0.55,0.06,0.06936456,0.06496407,0.5712016,164.18
455700,0.53,0.45,0.02,0.08096488,0.1015644,0.4148022,131
455800,0.37,0.6,0.03,0.08075478,0.07911186,0.3826025,120.96
455900,0.37,0.62,0.01,0.05903929,0.0557448,0.3717996,127.34
456000,0.49,0.5,0.01,0.06600945,0.06021956,0.4615996,102.76
456100,0.4,0.58,0.02,0.07828932,0.09048105,0.6042037,119.49
456200,0.51,0.48,0.01,0.0701381,0.0630239,0.6468021,123.81
456300,0.44,0.53,0.03,0.08654027,0.07483609,0.6522043,128.18
456400,0.48,0.49,0.03,0.07157829,0.06292458,0.5226017,124.01
456500,0.4,0.57,0.03,0.08107593,0.08195212,0.4258024,135.74
456600,0.43,0.51,0.06,0.064693,0.06315646,1.279211,175.53
456700,0.51,0.48,0.01,0.06887765,0.05776284,0.5966019,134.13
456800,0.3,0.65,0.05,0.09690173,0.09730142,0.514003,142.22
456900,0.39,0.6,0.01,0.07916771,0.09989865,0.3163999,106.72
457000,0.44,0.54,0.02,0.1028719,0.1280225,0.5952046,116.33
457100,0.42,0.53,0.05,0.07166308,0.0658734,0.9756096,161.63
457200,0.41,0.55,0.04,0.09257169,0.08868279,0.7420039,153.61
457300,0.51,0.48,0.01,0.09247787,0.083845,0.3047998,115.03
457400,0.35,0.61,0.04,0.06792608,0.0619762,0.6280039,138.42
457500,0.54,0.44,0.02,0.07667593,0.07701363,0.5774018,128.16
457600,0.46,0.51,0.03,0.08798841,0.0798486,0.6890031,134.29
457700,0.49,0.5,0.01,0.06913581,0.06126196,0.2343999,107.35
457800,0.45,0.52,0.03,0.0744113,0.08244338,0.6348022,132
457900,0.4,0.56,0.04,0.08739402,0.08877464,0.542804,122.13
458000,0.43,0.52,0.05,0.07290029,0.0851073,0.8298063,143.55
458100,0.46,0.52,0.02,0.06787637,0.06044962,0.5086018,141.37
458200,0.5,0.49,0.01,0.07698244,0.08584747,0.3655997,117.68
458300,0.41,0.56,0.03,0.07484,0.07113465,0.6014018,138.5
458400,0.43,0.54,0.03,0.08389857,0.08234224,0.4438022,119.93
458500,0.41,0.59,0,0.08860165,0.09294803,0.3717997,94.45
458600,0.48,0.5,0.02,0.08760199,0.08431776,0.6076037,114.61
458700,0.39,0.56,0.05,0.07186341,0.06922095,0.6890037,155.92
458800,0.4,0.58,0.02,0.07767677,0.07857814,0.1641999,115.58
458900,0.42,0.57,0.01,0.0812154,0.07948395,0.4360022,108.39
459000,0.49,0.49,0.02,0.05897547,0.05303727,0.8056041,136.23
459100,0.33,0.64,0.03,0.07739452,0.07272871,0.742206,139.17
459200,0.46,0.5,0.04,0.08454266,0.07964633,1.030009,145.89
459300,0.43,0.56,0.01,0.0784502,0.0818023,0.4616014,107.46
459400,0.43,0.55,0.02,0.07096262,0.07313616,0.5678023,132.06
459500,0.39,0.57,0.04,0.07199648,0.06269473,0.5642028,134.32
459600,0.46,0.52,0.02,0.08440737,0.08278517,0.8822036,136.1
459700,0.37,0.61,0.02,0.0787871,0.06672104,0.5816044,112.73
459800,0.4,0.57,0.03,0.07523513,0.07496404,0.8800037,159.08
459900,0.47,0.53,0,0.05985387,0.06292965,0.3237998,110.4
460000,0.39,0.6,0.01,0.07429132,0.08212753,0.1939999,125.74
460100,0.48,0.51,0.01,0.07568572,0.07402778,0.5570022,117.33
460200,0.45,0.54,0.01,0.07079519,0.06900345,0.5158023,99.53
460300,0.38,0.6,0.02,0.0903684,0.1099654,0.4252017,132.87
460400,0.44,0.54,0.02,0.08155522,0.07783736,0.4848022,121.25
460500,0.47,0.51,0.02,0.06582788,0.06519143,0.3503997,115.78
460600,0.5,0.49,0.01,0.07927704,0.08243363,0.5058021,112.5
460700,0.42,0.57,0.01,0.07420394,0.07288228,0.2989998,121.99
460800,0.44,0.52,0.04,0.06183953,0.05849266,0.5040018,147.62
460900,0.51,0.48,0.01,0.105287,0.1053052,0.4301997,133.23
461000,0.38,0.61,0.01,0.1040012,0.1121312,0.1375999,96.64
461100,0.41,0.56,0.03,0.08397225,0.08201405,0.8622072,148.89
461200,0.36,0.61,0.03,0.06538717,0.05942333,0.5696043,158.75
461300,0.42,0.55,0.03,0.08292679,0.07399785,0.8230073,136.72
461400,0.49,0.48,0.03,0.07095181,0.06842725,0.3489997,134.43
461500,0.35,0.63,0.02,0.1068767,0.1137504,0.2551998,133.46
461600,0.39,0.57,0.04,0.07119867,0.07337366,0.6710048,164.48
461700,0.42,0.56,0.02,0.06920149,0.06712691,0.4832022,108.82
461800,0.44,0.53,0.03,0.07218295,0.0674502,0.446002,118.11
461900,0.5,0.49,0.01,0.06459253,0.05797986,0.4705996,114.95
462000,0.34,0.63,0.03,0.07162544,0.06701324,0.5814047,145.25
462100,0.47,0.51,0.02,0.06532697,0.0625363,0.3641998,137.11
462200,0.45,0.54,0.01,0.0850198,0.09110475,0.4419997,135.03
462300,0.43,0.56,0.01,0.07644472,0.1006969,0.4944022,115.98
462400,0.4,0.59,0.01,0.06068878,0.05844887,0.4918019,124.34
462500,0.44,0.52,0.04,0.09287675,0.09293435,0.5386043,127.4
462600,0.5,0.47,0.03,0.06386817,0.05554677,0.7322046,148.57
462700,0.54,0.44,0.02,0.0612882,0.05692339,0.5514024,133.13
462800,0.39,0.58,0.03,0.078011,0.07803973,0.5280043,121.69
462900,0.42,0.56,0.02,0.07052308,0.06820209,0.6020017,140.56
463000,0.47,0.53,0,0.1043693,0.1181843,0.3989997,101.12
463100,0.43,0.56,0.01,0.08294968,0.0801721,0.5850022,106.36
463200,0.39,0.59,0.02,0.09816673,0.1083063,0.1895999,116.02
463300,0.41,0.53,0.06,0.06759464,0.06479627,0.9228061,151.82
463400,0.45,0.53,0.02,0.07606661,0.07286899,0.630804,106.64
463500,0.48,0.5,0.02,0.06787007,0.06671301,0.4731997,132.19
463600,0.43,0.57,0,0.07694631,0.07916726,0.4739996,125.06
463700,0.46,0.5,0.04,0.07485393,0.06607806,0.7832049,155.89
463800,0.45,0.5,0.05,0.08248558,0.0908373,0.1941999,149.67
463900,0.37,0.61,0.02,0.06935424,0.06999455,0.4318025,118.41
464000,0.52,0.46,0.02,0.07183021,0.07134409,0.409002,128.45
464100,0.43,0.56,0.01,0.09257718,0.1004609,0.4520015,105.68
464200,0.42,0.55,0.03,0.06244496,0.05854329,0.8014047,137.72
464300,0.35,0.62,0.03,0.08607071,0.08480065,0.5530021,139.67
464400,0.5,0.48,0.02,0.08630109,0.0976126,0.8922041,134.41
464500,0.42,0.58,0,0.07192504,0.06265835,0.4621996,141.05
464600,0.43,0.54,0.03,0.1059992,0.1134648,0.6024047,130.91
464700,0.44,0.52,0.04,0.07906123,0.0756872,0.6210039,152.96
464800,0.38,0.61,0.01,0.07162601,0.06504454,0.2657998,126.23
464900,0.45,0.53,0.02,0.09008554,0.08649109,0.3039998,134.34
465000,0.55,0.44,0.01,0.06757081,0.05614914,0.4356005,113.88
465100,0.39,0.58,0.03,0.07233026,0.08488161,0.2013999,118.68
465200,0.41,0.58,0.01,0.06854207,0.06705283,0.4370022,111.2
465300,0.42,0.56,0.02,0.07332666,0.06979873,0.3403997,134.66
465400,0.45,0.51,0.04,0.07805756,0.09718007,0.3869996,148.9
465500,0.41,0.58,0.01,0.08997396,0.08957571,0.5048016,107.15
465600,0.45,0.52,0.03,0.08182647,0.07940543,0.4436015,133.89
465700,0.44,0.56,0,0.07730963,0.08503994,0.2487998,100.93
465800,0.47,0.53,0,0.08289757,0.07210588,0.2347998,106.93
465900,0.3,0.68,0.02,0.0741189,0.07686543,0.2441998,137.05
466000,0.38,0.61,0.01,0.06873463,0.05985144,0.2989998,127.66
466100,0.4,0.58,0.02,0.08122136,0.08607841,0.4656014,138.41
466200,0.39,0.59,0.02,0.07325657,0.08477279,0.5996041,124.46
466300,0.52,0.46,0.02,0.09568607,0.1005435,0.7794043,106.06
466400,0.43,0.55,0.02,0.08098935,0.07174598,0.5154016,127.6
466500,0.45,0.53,0.02,0.09376653,0.100895,0.4980019,124.46
466600,0.46,0.49,0.05,0.06734318,0.0800125,0.7818062,138.62
466700,0.45,0.53,0.02,0.06913886,0.0694401,0.6070038,126.36
466800,0.48,0.49,0.03,0.07605115,0.07651458,0.8212043,141.28
466900,0.43,0.54,0.03,0.08167833,0.07634414,0.434202,141.04
467000,0.46,0.53,0.01,0.1032507,0.1052616,0.3105998,117.87
467100,0.46,0.53,0.01,0.08287771,0.08207777,0.4514022,99.85
467200,0.51,0.46,0.03,0.06482725,0.06279287,0.5238021,134.99
467300,0.36,0.6,0.04,0.1038322,0.1220824,0.4804024,137.83
467400,0.41,0.54,0.05,0.08688883,0.09191547,0.5036047,153.61
467500,0.43,0.55,0.02,0.08626235,0.08372569,0.6008043,140.36
467600,0.45,0.54,0.01,0.08069169,0.08097971,0.2881998,103.52
467700,0.53,0.44,0.03,0.06871662,0.07700638,0.3643997,133.65
467800,0.44,0.55,0.01,0.06999915,0.06981052,0.4145996,122.6
467900,0.45,0.51,0.04,0.07796882,0.07717094,0.4952021,140.29
468000,0.38,0.6,0.02,0.06913097,0.06659272,0.6012046,145.17
468100,0.35,0.61,0.04,0.06621069,0.06497574,0.7346066,132.86
468200,0.56,0.4,0.04,0.06971372,0.07121994,0.8066038,144.68
468300,0.47,0.53,0,0.0667604,0.05806139,0.4543996,113.41
468400,0.47,0.53,0,0.07232866,0.07388122,0.3583997,99.23
468500,0.4,0.58,0.02,0.1122175,0.1070163,0.3152018,129.67
468600,0.5,0.49,0.01,0.07435603,0.07174533,0.4285997,118.7
468700,0.53,0.44,0.03,0.08319709,0.08391315,0.8382059,120.1
468800,0.4,0.58,0.02,0.0743001,0.07007779,0.4690022,133.21
468900,0.45,0.5,0.05,0.07839868,0.07409757,0.6628042,134.35
469000,0.45,0.48,0.07,0.07701232,0.07026573,1.04741,152.18
469100,0.41,0.59,0,0.08407351,0.08761413,0.3517997,102.8
469200,0.46,0.51,0.03,0.0696865,0.06632736,0.4382021,127.2
469300,0.4,0.55,0.05,0.07474411,0.06633319,0.3348018,164.36
469400,0.38,0.6,0.02,0.08597589,0.08198102,0.4610022,115.45
469500,0.45,0.51,0.04,0.06730626,0.06488279,0.7072056,133.8
469600,0.41,0.54,0.05,0.07384434,0.07395496,0.7010045,158.76
469700,0.48,0.5,0.02,0.07394335,0.08073595,0.4414023,128.64
469800,0.46,0.54,0,0.08120496,0.07740235,0.2299998,95.11
469900,0.44,0.56,0,0.06195717,0.05503321,0.3211998,107.22
470000,0.42,0.57,0.01,0.07230789,0.07075524,0.513202,104.52
470100,0.47,0.51,0.02,0.07187186,0.08821974,0.5836013,134.23
470200,0.41,0.54,0.05,0.06395435,0.06394753,0.6604041,170.39
470300,0.39,0.58,0.03,0.07114358,0.06835933,0.8016064,132.27
470400,0.49,0.51,0,0.07188176,0.06373469,0.2495998,97.81
470500,0.36,0.61,0.03,0.09214321,0.09185059,0.5850048,127.33
470600,0.47,0.53,0,0.0733507,0.06455072,0.4839996,121.79
470700,0.43,0.55,0.02,0.07821163,0.07225717,0.2701998,124.55
470800,0.44,0.53,0.03,0.06951517,0.07213663,0.8142046,144.36
470900,0.45,0.53,0.02,0.08282866,0.0785148,0.6722023,134.31
471000,0.47,0.51,0.02,0.081011,0.07410696,0.1603999,111.24
471100,0.5,0.49,0.01,0.0824496,0.07922067,0.4120021,105.35
471200,0.38,0.58,0.04,0.09357479,0.08789038,0.966007,147.88
471300,0.43,0.54,0.03,0.07167622,0.06541633,0.5898043,134.47
471400,0.45,0.53,0.02,0.08680344,0.09673292,0.6010043,122.6
471500,0.49,0.5,0.01,0.08862224,0.09093662,0.4351996,113.94
471600,0.42,0.57,0.01,0.09825008,0.1005533,0.3123997,104.62
471700,0.45,0.51,0.04,0.07132672,0.06606442,0.7940053,141.13
471800,0.46,0.47,0.07,0.06755719,0.06258885,1.05021,158.26
471900,0.45,0.54,0.01,0.08297306,0.07025959,0.1675999,125.32
472000,0.4,0.56,0.04,0.07922609,0.07170492,0.5014021,154.07
472100,0.47,0.51,0.02,0.08087878,0.07967633,0.3808008,128.09
472200,0.41,0.56,0.03,0.06069989,0.05864699,0.9236066,187.5
472300,0.42,0.56,0.02,0.06681082,0.06483792,0.9170036,124.17
472400,0.41,0.54,0.05,0.06444481,0.06009739,0.706404,172.76
472500,0.44,0.51,0.05,0.07424174,0.07112888,0.4514021,162.84
472600,0.46,0.5,0.04,0.07933912,0.07576852,0.5620047,133.59
472700,0.46,0.52,0.02,0.06317669,0.06323118,0.7598045,126.34
472800,0.4,0.56,0.04,0.07478745,0.06593223,1.046409,145.77
472900,0.46,0.52,0.02,0.09261687,0.08279946,0.6192016,119.22
473000,0.53,0.47,0,0.07300628,0.07901502,0.3327998,110.08
473100,0.52,0.47,0.01,0.0692166,0.06903329,0.5330021,110.3
473200,0.51,0.48,0.01,0.08657427,0.08547182,0.5120021,117.88
473300,0.29,0.69,0.02,0.08286971,0.08179719,0.343602,117.36
473400,0.44,0.54,0.02,0.07828702,0.07668885,0.3688003,122.44
473500,0.47,0.52,0.01,0.06625493,0.06036467,0.6672015,132.18
473600,0.42,0.58,0,0.08213659,0.09586947,0.2801998,126.6
473700,0.39,0.58,0.03,0.1081466,0.1121582,0.3260019,111.53
473800,0.42,0.55,0.03,0.07644638,0.06771998,0.2873998,131.62
473900,0.43,0.54,0.03,0.07481977,0.07253565,0.7494037,133.64
474000,0.48,0.5,0.02,0.07840513,0.07274165,0.374402,114.11
474100,0.37,0.6,0.03,0.06882875,0.06573015,0.471202,129.93
474200,0.49,0.49,0.02,0.07612921,0.08867438,0.5648022,115.38
474300,0.44,0.54,0.02,0.07772355,0.06928951,0.2575998,101.55
474400,0.49,0.51,0,0.07474086,0.07659205,0.4071997,105.43
474500,0.44,0.52,0.04,0.07226133,0.0753473,0.5426018,144.97
474600,0.42,0.56,0.02,0.06996058,0.06455724,0.373402,118.57
474700,0.42,0.56,0.02,0.0659281,0.06592648,0.647602,123.82
474800,0.38,0.53,0.09,0.07710015,0.0709169,1.330412,215.31
474900,0.36,0.6,0.04,0.07181474,0.06610739,0.8156074,130.24
475000,0.36,0.61,0.03,0.07614523,0.07023093,0.5626044,117.79
475100,0.41,0.56,0.03,0.0744211,0.06581066,0.3325998,139.3
475200,0.49,0.5,0.01,0.07513651,0.07642922,0.4684016,117.35
475300,0.44,0.52,0.04,0.0592249,0.07270528,0.7922064,160.76
475400,0.42,0.55,0.03,0.07993683,0.08645608,0.4850023,128.76
475500,0.28,0.66,0.06,0.08282012,0.08324847,0.5448045,161.53
475600,0.44,0.54,0.02,0.08702376,0.08445898,0.5638021,131.71
475700,0.37,0.6,0.03,0.1278171,0.1338192,0.2437998,138.53
475800,0.44,0.54,0.02,0.07576156,0.06991391,0.4840021,130.1
475900,0.38,0.58,0.04,0.07119901,0.06544486,0.9798071,143.28
476000,0.48,0.52,0,0.0670405,0.06440865,0.4291996,98.53
476100,0.47,0.5,0.03,0.07699135,0.08790203,0.6724041,134.84
476200,0.44,0.54,0.02,0.06217181,0.05936285,0.2273998,122.74
476300,0.47,0.49,0.04,0.08544979,0.09125904,0.7020046,133.64
476400,0.41,0.58,0.01,0.09109189,0.09921756,0.3998015,104.47
476500,0.41,0.56,0.03,0.07181455,0.07528708,0.5078016,139.44
476600,0.44,0.54,0.02,0.08087763,0.09690599,0.4288025,115.77
476700,0.36,0.63,0.01,0.06924085,0.06450118,0.5162016,128.31
476800,0.47,0.5,0.03,0.06466963,0.06134777,0.384202,133.26
476900,0.5,0.48,0.02,0.08798569,0.09399444,0.6868047,118.25
477000,0.44,0.55,0.01,0.07044376,0.06574875,0.4111997,109.32
477100,0.45,0.55,0,0.1001165,0.1002188,0.3399997,94.64
477200,0.48,0.52,0,0.08685021,0.08444916,0.2539998,113.49
477300,0.43,0.54,0.03,0.08218499,0.07329939,0.8980068,125.6
477400,0.53,0.47,0,0.06702355,0.06006216,0.2943998,101.91
477500,0.42,0.56,0.02,0.0826807,0.08198548,0.7624044,134.92
477600,0.43,0.53,0.04,0.06638776,0.06118317,0.5148016,130.89
477700,0.42,0.57,0.01,0.0768215,0.08856722,0.2491998,101.98
477800,0.47,0.48,0.05,0.07691069,0.07818392,0.5892038,134.26
477900,0.5,0.47,0.03,0.08923613,0.0922565,0.3549998,135.57
478000,0.45,0.53,0.02,0.0709548,0.06811456,0.4213997,112.61
478100,0.49,0.51,0,0.07867001,0.08140272,0.3171997,95.79
478200,0.45,0.53,0.02,0.07394734,0.07196421,0.2485998,115.01
478300,0.47,0.52,0.01,0.08548719,0.08200055,0.5886019,109.2
478400,0.43,0.55,0.02,0.0752537,0.08141889,0.5322019,123.31
478500,0.47,0.52,0.01,0.07116881,0.06590898,0.5722019,122.6
478600,0.42,0.53,0.05,0.06488802,0.0573475,1.188608,163.14
478700,0.46,0.52,0.02,0.06617722,0.06073176,0.3813997,126.56
478800,0.39,0.6,0.01,0.08221095,0.1023586,0.5210012,130.2
478900,0.48,0.48,0.04,0.07312171,0.06802905,0.6862046,135.56
479000,0.46,0.53,0.01,0.07811535,0.07912701,0.2945998,111.39
479100,0.43,0.55,0.02,0.07674971,0.08867498,0.3723997,130.32
479200,0.38,0.59,0.03,0.0890115,0.09416424,0.7480066,133.37
479300,0.44,0.54,0.02,0.07106962,0.0686261,0.6102021,130.66
479400,0.41,0.56,0.03,0.1080415,0.1115547,0.4206024,145.2
479500,0.48,0.52,0,0.06126175,0.05550859,0.2203998,107.94
479600,0.39,0.57,0.04,0.06234738,0.06319011,0.9840087,142.49
479700,0.44,0.56,0,0.08354262,0.07537876,0.4385996,126.42
479800,0.46,0.51,0.03,0.08937877,0.08090492,0.6420048,111.47
479900,0.39,0.55,0.06,0.08232199,0.08179199,1.08341,158.33
480000,0.41,0.58,0.01,0.06801592,0.06656165,0.4067997,118.45
480100,0.47,0.52,0.01,0.07326847,0.0762936,0.6508015,134.97
480200,0.5,0.49,0.01,0.06884249,0.07732247,0.6492023,127.32
480300,0.49,0.48,0.03,0.07801279,0.07405719,0.2709998,129.73
480400,0.47,0.51,0.02,0.0804171,0.08040921,0.1757999,120.17
480500,0.49,0.51,0,0.07112697,0.05845775,0.2963998,105.42
480600,0.47,0.52,0.01,0.07005128,0.07274537,0.3575997,115.02
480700,0.45,0.52,0.03,0.08722687,0.08560023,0.5928048,122.19
480800,0.47,0.51,0.02,0.09536333,0.08140926,0.3658021,118.78
480900,0.49,0.5,0.01,0.1053791,0.1168008,0.3861997,107.85
481000,0.48,0.49,0.03,0.09024378,0.09334946,0.5302024,138.71
481100,0.44,0.54,0.02,0.0700825,0.06936968,0.4450018,118.3
481200,0.42,0.55,0.03,0.06167344,0.0755402,0.5434018,129.8
481300,0.49,0.51,0,0.07547008,0.07922281,0.3817997,105.57
481400,0.43,0.53,0.04,0.07897167,0.08707729,0.7886052,148.26
481500,0.44,0.53,0.03,0.07935,0.07245794,0.7860056,112.51
481600,0.39,0.59,0.02,0.08979576,0.09254061,0.3892023,114.42
481700,0.42,0.56,0.02,0.07688906,0.07914832,0.5304028,125.4
481800,0.48,0.49,0.03,0.07854197,0.08765902,0.8838064,124.81
481900,0.5,0.47,0.03,0.06784882,0.0738292,1.067806,136.61
482000,0.53,0.45,0.02,0.07603992,0.08458578,0.7340044,129.2
482100,0.37,0.61,0.02,0.07224729,0.07090614,0.1813999,122.49
482200,0.47,0.52,0.01,0.1036062,0.1075585,0.2553998,112.46
482300,0.37,0.61,0.02,0.06701963,0.06387102,0.2199998,131.15
482400,0.39,0.6,0.01,0.07038507,0.07651108,0.3634025,132.44
482500,0.46,0.51,0.03,0.0751238,0.07490127,0.8000071,148.16
482600,0.4,0.6,0,0.075583,0.07896864,0.3307998,97.47
482700,0.48,0.49,0.03,0.07252561,0.07344827,0.7488037,125.11
482800,0.43,0.55,0.02,0.06819461,0.07039906,0.2189998,129.43
482900,0.36,0.62,0.02,0.0852312,0.09389728,0.5352044,119.92
483000,0.49,0.49,0.02,0.08037229,0.07909323,0.3589997,132.69
483100,0.47,0.48,0.05,0.0688507,0.06545658,0.5670024,175.96
483200,0.44,0.55,0.01,0.0967588,0.1024767,0.3856018,104.98
483300,0.44,0.54,0.02,0.06929283,0.06327189,0.6218038,111.55
483400,0.48,0.51,0.01,0.1018342,0.1014514,0.4123997,114.9
483500,0.47,0.51,0.02,0.06693811,0.06769782,0.4390012,112.22
483600,0.42,0.57,0.01,0.0921171,0.09580562,0.5264017,115.76
483700,0.45,0.54,0.01,0.07916742,0.08041378,0.3109998,109.64
483800,0.45,0.51,0.04,0.06666179,0.06713097,1.017807,141.57
483900,0.42,0.55,0.03,0.06775978,0.06310802,0.4694023,135.14
484000,0.51,0.48,0.01,0.08828924,0.08213598,0.5586019,115.09
484100,0.55,0.42,0.03,0.1004873,0.1073038,0.9958057,134.38
484200,0.42,0.56,0.02,0.06111753,0.0569385,0.4204018,102.44
484300,0.47,0.51,0.02,0.06443973,0.0619463,0.604602,147.07
484400,0.43,0.55,0.02,0.07955944,0.07708738,0.5292019,143.84
484500,0.51,0.47,0.02,0.07873248,0.08223213,0.2617998,107.09
484600,0.46,0.52,0.02,0.09293823,0.09133451,0.5576019,151.6
484700,0.34,0.64,0.02,0.06976014,0.06218997,0.5306023,129.98
484800,0.42,0.57,0.01,0.08573543,0.09358498,0.3900017,108.87
484900,0.48,0.47,0.05,0.06799636,0.06354848,1.220811,156.65
485000,0.41,0.54,0.05,0.06755877,0.06834202,0.6032041,156.97
485100,0.44,0.56,0,0.0719575,0.0647537,0.3007998,123.5
485200,0.4,0.59,0.01,0.0796935,0.07729004,0.2809998,124.83
485300,0.49,0.49,0.02,0.09173506,0.1005455,0.3375998,119.12
485400,0.45,0.52,0.03,0.09552016,0.1028393,0.7092047,129.52
485500,0.41,0.58,0.01,0.08307097,0.09025536,0.1985998,100.14
485600,0.46,0.5,0.04,0.08936064,0.0919386,0.7110041,142.9
485700,0.49,0.5,0.01,0.07986844,0.08750643,0.6540021,119.52
485800,0.39,0.57,0.04,0.06625529,0.0626986,0.771405,144.24
485900,0.38,0.6,0.02,0.07765488,0.07731035,0.5598047,109.69
486000,0.51,0.47,0.02,0.06624327,0.06133647,0.4684002,135.4
486100,0.44,0.54,0.02,0.09654205,0.09227154,0.6612036,127.57
486200,0.44,0.56,0,0.07765038,0.07791646,0.3419997,116.56
486300,0.43,0.53,0.04,0.0860869,0.08960269,0.437802,132.84
486400,0.35,0.57,0.08,0.06867951,0.06236415,0.9860092,176.22
486500,0.35,0.64,0.01,0.09765812,0.0872722,0.2699998,103.32
486600,0.42,0.52,0.06,0.09474553,0.09590125,0.9534073,155.73
486700,0.49,0.49,0.02,0.08217501,0.08679944,0.5952044,132.17
486800,0.43,0.56,0.01,0.06974308,0.06260715,0.2171998,112.26
486900,0.4,0.57,0.03,0.07495616,0.07129813,0.5970048,127.12
487000,0.36,0.63,0.01,0.07519415,0.06366418,0.2437998,114.66
487100,0.35,0.62,0.03,0.06989102,0.06510594,0.7618057,134.18
487200,0.47,0.51,0.02,0.07325316,0.07158222,0.4074015,128.27
487300,0.45,0.53,0.02,0.06835775,0.08169519,0.6128021,120.13
487400,0.46,0.53,0.01,0.09821782,0.08088575,0.4212019,119.46
487500,0.5,0.5,0,0.08700599,0.0885241,0.3171998,108.51
487600,0.47,0.5,0.03,0.06218529,0.05778633,0.6022024,139.13
487700,0.4,0.58,0.02,0.06324422,0.05932334,0.3901997,141.9
487800,0.42,0.57,0.01,0.06738046,0.0641376,0.6012021,111.74
487900,0.45,0.54,0.01,0.06759294,0.06113114,0.3281998,118.89
488000,0.49,0.5,0.01,0.0946002,0.0891142,0.4616022,113.55
488100,0.47,0.53,0,0.07443319,0.08778215,0.2797998,102.97
488200,0.37,0.62,0.01,0.08430788,0.08307648,0.2045999,107.73
488300,0.47,0.52,0.01,0.09794495,0.09850948,0.6222015,108.89
488400,0.48,0.49,0.03,0.07399611,0.07463077,0.9556059,128.87
488500,0.38,0.58,0.04,0.06887682,0.06741591,0.7784056,156.24
488600,0.41,0.54,0.05,0.08082736,0.07839168,0.506202,169.55
488700,0.44,0.53,0.03,0.0913858,0.09010428,0.5788035,131.21
488800,0.44,0.54,0.02,0.09399118,0.09641372,0.3067998,116.36
488900,0.35,0.61,0.04,0.08314113,0.08051743,0.7000043,163.6
489000,0.38,0.6,0.02,0.0574314,0.05243017,0.5122019,139.58
489100,0.43,0.55,0.02,0.07507805,0.07795621,0.6490016,144.72
489200,0.4,0.6,0,0.07063126,0.06825163,0.2423998,109.62
489300,0.43,0.57,0,0.06179365,0.05650361,0.3753997,111.22
489400,0.48,0.5,0.02,0.06006867,0.05545328,0.4439997,129.06
489500,0.45,0.55,0,0.06900409,0.06915607,0.2467998,94.34
489600,0.49,0.5,0.01,0.09701396,0.09438256,0.2535998,99.99
489700,0.41,0.59,0,0.07865464,0.07566665,0.2101998,108.61
489800,0.36,0.62,0.02,0.06545931,0.05819688,0.1585999,129.81
489900,0.39,0.58,0.03,0.07996998,0.08766472,0.6962039,140.72
490000,0.45,0.55,0,0.09680711,0.09883339,0.2671998,96.98
490100,0.53,0.44,0.03,0.06887923,0.06580438,0.4912023,145.18
490200,0.38,0.62,0,0.08630864,0.08399755,0.1181999,92.63
490300,0.43,0.55,0.02,0.08966375,0.07815597,0.3509997,117.06
490400,0.46,0.53,0.01,0.07162227,0.07223257,0.2317998,107.74
490500,0.48,0.48,0.04,0.08366355,0.08641505,0.7514049,142.08
490600,0.37,0.62,0.01,0.07462697,0.06910081,0.4304025,101.64
490700,0.38,0.6,0.02,0.07017507,0.06640604,0.2677998,117.34
490800,0.43,0.54,0.03,0.08051381,0.08328571,0.4366021,130.46
490900,0.44,0.52,0.04,0.08866411,0.0985161,0.7470075,148.58
491000,0.38,0.6,0.02,0.07611601,0.1007163,0.5694045,113.17
491100,0.48,0.52,0,0.07462072,0.08099352,0.3937997,98.75
491200,0.39,0.58,0.03,0.08207221,0.09030605,0.6684044,128.87
491300,0.41,0.58,0.01,0.08191896,0.08028613,0.2449998,119.52
491400,0.32,0.67,0.01,0.09073734,0.1077649,0.4011996,108.73
491500,0.5,0.48,0.02,0.07685924,0.06585919,0.9068043,136.5
491600,0.47,0.48,0.05,0.06829245,0.07232292,0.5402023,148.18
491700,0.39,0.6,0.01,0.08116069,0.07210155,0.1501999,101.86
491800,0.38,0.6,0.02,0.06287737,0.0602163,0.4468022,139.72
491900,0.44,0.53,0.03,0.07957911,0.08056998,0.7288044,131.42
492000,0.42,0.55,0.03,0.07011757,0.06944873,0.6688045,127.95
492100,0.41,0.57,0.02,0.0851124,0.08414049,0.2009999,126.91
492200,0.41,0.57,0.02,0.07647686,0.09499472,0.5922019,130.2
492300,0.37,0.61,0.02,0.08105217,0.07065913,0.3521997,122.36
492400,0.41,0.57,0.02,0.1033627,0.1059283,0.1139999,105.84
492500,0.39,0.57,0.04,0.06878372,0.06284238,0.6572042,148.71
492600,0.36,0.61,0.03,0.08162256,0.07741977,0.3443997,132.07
492700,0.46,0.52,0.02,0.06699852,0.06302438,0.2293998,112
492800,0.44,0.54,0.02,0.09654481,0.1087427,0.5510023,113.32
492900,0.34,0.65,0.01,0.06851466,0.0669236,0.4172016,120.18
493000,0.45,0.53,0.02,0.09846268,0.09978241,0.3595997,124.03
493100,0.4,0.59,0.01,0.08860759,0.1038029,0.2921997,115.34
493200,0.45,0.51,0.04,0.09189639,0.09622963,0.3939997,115.83
493300,0.46,0.53,0.01,0.06638361,0.06793206,0.4690019,91.67
493400,0.32,0.64,0.04,0.1148436,0.1150276,0.9424093,142.81
493500,0.48,0.52,0,0.07632285,0.08302256,0.3711997,96.58
493600,0.46,0.53,0.01,0.08544655,0.09056075,0.3345998,103.2
493700,0.47,0.49,0.04,0.06376348,0.07895182,0.5218003,160.72
493800,0.41,0.57,0.02,0.06938897,0.06528157,0.3692022,118.69
493900,0.43,0.51,0.06,0.06840814,0.07194491,1.12961,171.5
494000,0.49,0.47,0.04,0.0836729,0.09507805,0.6548045,143.44
494100,0.4,0.58,0.02,0.08648498,0.08631171,0.5794039,114.1
494200,0.43,0.53,0.04,0.07059327,0.06571536,0.6098045,135.6
494300,0.46,0.5,0.04,0.0709417,0.06560273,0.8072063,142.63
494400,0.49,0.49,0.02,0.07724933,0.08021526,0.4884017,136.67
494500,0.44,0.52,0.04,0.07272205,0.07884317,0.6350046,142.04
494600,0.47,0.51,0.02,0.06356104,0.06718493,0.6820021,126.65
494700,0.48,0.45,0.07,0.07984967,0.08023057,1.088009,171.41
494800,0.35,0.63,0.02,0.07838221,0.08594573,0.3616022,109.16
494900,0.42,0.52,0.06,0.06372803,0.06045274,1.041209,148.95
495000,0.35,0.64,0.01,0.07045253,0.0665488,0.4348023,106.18
495100,0.38,0.6,0.02,0.06791133,0.08496554,0.2407998,135.45
495200,0.42,0.53,0.05,0.07703292,0.07117984,0.992208,127.57
495300,0.43,0.56,0.01,0.1044063,0.1143627,0.4480019,107.3
495400,0.42,0.58,0,0.06460047,0.05742722,0.1973998,111.84
495500,0.5,0.48,0.02,0.1040614,0.09885035,0.4023997,114.39
495600,0.44,0.54,0.02,0.06757984,0.05662941,0.3506019,121.75
495700,0.37,0.6,0.03,0.07087651,0.08350045,0.5526049,121.88
495800,0.46,0.48,0.06,0.08247093,0.08162509,0.7986065,156.49
495900,0.4,0.56,0.04,0.0654184,0.07528553,0.6236044,146.21
496000,0.44,0.51,0.05,0.06809675,0.06119987,0.9876064,162.57
496100,0.41,0.58,0.01,0.07610914,0.0759247,0.1499999,108.71
496200,0.32,0.64,0.04,0.06502853,0.06253622,0.9710069,174.9
496300,0.47,0.51,0.02,0.1010692,0.1084764,0.2669998,133.33
496400,0.44,0.51,0.05,0.08859664,0.08985459,0.7018042,145.39
496500,0.32,0.64,0.04,0.0850924,0.07173772,0.677406,145.94
496600,0.39,0.57,0.04,0.06798834,0.06266784,0.8116065,136.57
496700,0.41,0.55,0.04,0.1022664,0.1034133,0.5342047,143.51
496800,0.5,0.48,0.02,0.08267286,0.08994466,0.612004,116.15
496900,0.42,0.54,0.04,0.06942154,0.06237132,0.846207,138.61
497000,0.41,0.57,0.02,0.08130375,0.07435671,0.2677998,120.18
497100,0.39,0.56,0.05,0.071971,0.06691483,0.671805,132.3
497200,0.36,0.61,0.03,0.09972212,0.1101386,0.5102021,135.37
497300,0.37,0.6,0.03,0.0748122,0.07719374,0.8670067,134.17
497400,0.4,0.59,0.01,0.1043049,0.10875,0.2441998,115.63
497500,0.45,0.5,0.05,0.07118707,0.08156108,0.8724073,151.97
497600,0.34,0.63,0.03,0.08737959,0.09824777,0.7042049,130.7
497700,0.35,0.57,0.08,0.07865301,0.08728319,0.7226051,175.9
497800,0.39,0.54,0.07,0.07574403,0.08478952,0.7806063,172.14
497900,0.49,0.48,0.03,0.06173992,0.05631541,0.6980041,120.78
498000,0.44,0.53,0.03,0.1036277,0.1026809,0.6744038,141.59
498100,0.45,0.51,0.04,0.07777665,0.06854034,0.9424065,146.83
498200,0.47,0.53,0,0.06655438,0.05996381,0.2587998,110.68
498300,0.37,0.61,0.02,0.06851139,0.07881384,0.4556021,153.54
498400,0.35,0.64,0.01,0.08583986,0.09282855,0.2095998,118.26
498500,0.44,0.51,0.05,0.06597154,0.06471081,0.9988084,155.25
498600,0.34,0.63,0.03,0.06506253,0.0600478,0.7370038,133.84
498700,0.45,0.51,0.04,0.07342271,0.06960405,0.9304068,156.5
498800,0.4,0.59,0.01,0.08901476,0.08739793,0.3777996,119.37
498900,0.32,0.64,0.04,0.06464665,0.06140133,0.783604,141.92
499000,0.5,0.47,0.03,0.09824711,0.1061704,0.7546043,125.68
499100,0.4,0.58,0.02,0.08636685,0.08081508,0.4488018,116.69
499200,0.42,0.57,0.01,0.08886226,0.0987546,0.2837998,118.37
499300,0.46,0.52,0.02,0.08030233,0.07252944,0.6410047,114.18
499400,0.47,0.48,0.05,0.07777706,0.08300614,0.6106035,150.47
499500,0.45,0.52,0.03,0.0680503,0.05971906,0.5444041,122.06
499600,0.5,0.45,0.05,0.07482161,0.06964266,0.9286069,167.31
499700,0.37,0.58,0.05,0.06714281,0.06473815,0.7150042,154.92
499800,0.34,0.62,0.04,0.07224509,0.07298023,0.3210026,126.29
499900,0.38,0.59,0.03,0.0614616,0.06180101,0.5100019,129.92
500000,0.39,0.61,0,0.08047522,0.07717173,0.4029996,107.54
500100,0.39,0.58,0.03,0.08763167,0.08723067,0.8060062,115.1
500200,0.42,0.54,0.04,0.0670793,0.08073729,0.6826015,153.15
500300,0.46,0.52,0.02,0.08049393,0.08162423,0.6458045,126.96
500400,0.34,0.64,0.02,0.08543479,0.08227178,0.3564025,93.57
500500,0.46,0.5,0.04,0.06601865,0.06148011,1.050407,160.19
500600,0.44,0.53,0.03,0.07032967,0.08309964,0.4442019,106.4
500700,0.44,0.56,0,0.08507198,0.07775525,0.4183996,110.2
500800,0.46,0.5,0.04,0.07477884,0.07481878,0.6542045,137.81
500900,0.47,0.51,0.02,0.06592549,0.07917716,0.1931999,123.72
501000,0.38,0.57,0.05,0.079418,0.07518529,0.4070023,145.95
501100,0.35,0.6,0.05,0.07281888,0.07404237,0.998009,145.14
501200,0.41,0.59,0,0.07525801,0.08137591,0.3027997,125.47
501300,0.42,0.53,0.05,0.0652875,0.06612734,0.5124018,157.46
501400,0.48,0.47,0.05,0.06823809,0.06149753,0.6998038,153.09
501500,0.38,0.59,0.03,0.07578555,0.07095747,0.5152042,110.78
501600,0.42,0.54,0.04,0.07330474,0.06116809,0.1913998,152.25
501700,0.35,0.64,0.01,0.08304106,0.07620767,0.4132021,106.21
501800,0.45,0.53,0.02,0.07541262,0.06903105,0.6410052,119.26
501900,0.32,0.64,0.04,0.08457551,0.08947202,0.3364013,130.97
502000,0.48,0.51,0.01,0.0690733,0.06152388,0.455602,108.37
502100,0.43,0.55,0.02,0.0702168,0.07000393,0.5550022,122.02
502200,0.4,0.58,0.02,0.07427286,0.09093571,0.6260047,143.54
502300,0.44,0.54,0.02,0.0747963,0.07832288,0.4170009,130.43
502400,0.38,0.61,0.01,0.06277966,0.06463814,0.3662021,118.47
502500,0.46,0.5,0.04,0.07595748,0.0793095,0.5458021,129.05
502600,0.46,0.49,0.05,0.0836075,0.08466738,0.5298019,144.73
502700,0.49,0.44,0.07,0.07991133,0.08046122,0.7430043,167.57
502800,0.43,0.5,0.07,0.08000174,0.08451707,1.474614,168.41
502900,0.46,0.52,0.02,0.07031115,0.06659991,0.5946022,129.98
503000,0.45,0.54,0.01,0.06424364,0.06601587,0.4132023,97.7
503100,0.38,0.6,0.02,0.07012952,0.08028986,0.3996018,131.94
503200,0.5,0.46,0.04,0.06388935,0.05669554,1.057007,141.67
503300,0.48,0.5,0.02,0.06749485,0.06932628,0.5654026,130.57
503400,0.43,0.55,0.02,0.0824788,0.08954514,0.4740021,114.7
503500,0.42,0.57,0.01,0.07927848,0.07880018,0.3109998,132.34
503600,0.42,0.55,0.03,0.09616583,0.0930042,0.6914037,140.97
503700,0.38,0.6,0.02,0.07707819,0.07262351,0.4104017,126.16
503800,0.37,0.58,0.05,0.09764069,0.08834956,0.6696056,132.08
503900,0.39,0.58,0.03,0.07357501,0.07647155,0.2255999,145.71
504000,0.43,0.51,0.06,0.06885222,0.06704813,0.6134033,161.29
504100,0.33,0.65,0.02,0.07457098,0.08587666,0.5776042,137.2
504200,0.43,0.55,0.02,0.07830087,0.06978824,0.441202,117.26
504300,0.29,0.71,0,0.08075589,0.09224239,0.1897999,106.28
504400,0.43,0.55,0.02,0.06195734,0.07275607,0.4352025,121.65
504500,0.42,0.56,0.02,0.08008131,0.09109031,0.5354019,128.58
504600,0.44,0.52,0.04,0.0671452,0.06042872,0.4450024,132.38
504700,0.41,0.55,0.04,0.08447602,0.08243091,0.4994021,142.84
504800,0.45,0.54,0.01,0.09670884,0.08851395,0.4818023,102.78
504900,0.41,0.55,0.04,0.07931983,0.07980298,0.3352026,136.53
505000,0.44,0.55,0.01,0.0709574,0.08677535,0.6594017,123.93
505100,0.41,0.58,0.01,0.0700136,0.07829514,0.4382025,124.31
505200,0.43,0.55,0.02,0.07819336,0.08544044,0.515002,125.33
505300,0.41,0.59,0,0.07333326,0.07180038,0.4615995,117.26
505400,0.49,0.48,0.03,0.06981426,0.07865207,0.3311998,132.15
505500,0.49,0.46,0.05,0.0772747,0.08032677,0.6340041,147.63
505600,0.44,0.54,0.02,0.08059556,0.0760621,0.5130023,114.54
505700,0.39,0.57,0.04,0.0794612,0.08478106,0.6630063,134.16
505800,0.44,0.52,0.04,0.07392431,0.0727087,0.2795998,138.3
505900,0.46,0.51,0.03,0.07382537,0.08520233,0.6882039,118.41
506000,0.42,0.54,0.04,0.06454205,0.05678002,0.6618047,143.28
506100,0.34,0.63,0.03,0.09514506,0.1038574,0.5502046,132.75
506200,0.44,0.56,0,0.06529316,0.06555911,0.2715998,101.24
506300,0.45,0.51,0.04,0.07007284,0.0698174,0.7914044,146.93
506400,0.47,0.48,0.05,0.08439057,0.09080351,0.6432042,141.16
506500,0.43,0.52,0.05,0.1069492,0.116199,0.8366065,148.69
506600,0.49,0.47,0.04,0.06220246,0.05837174,0.9372071,154.79
506700,0.51,0.46,0.03,0.06291165,0.06204575,0.5754018,143.46
506800,0.47,0.49,0.04,0.06970299,0.07413952,0.8820067,134.95
506900,0.5,0.48,0.02,0.09046087,0.1001302,0.5312024,122.36
507000,0.41,0.55,0.04,0.0648937,0.06459302,0.948809,136.77
507100,0.41,0.56,0.03,0.06945771,0.06903701,0.3685997,119.42
507200,0.37,0.6,0.03,0.06834064,0.07405524,0.4126021,136.3
507300,0.48,0.5,0.02,0.06978332,0.06792726,0.5040021,138.64
507400,0.43,0.54,0.03,0.08078814,0.1001592,0.466802,132.66
507500,0.38,0.59,0.03,0.07900254,0.08409789,0.6474043,143.86
507600,0.46,0.5,0.04,0.08169334,0.07814783,0.5750043,129.34
507700,0.38,0.59,0.03,0.09181753,0.09713122,0.7004037,116.97
507800,0.48,0.5,0.02,0.079549,0.07363749,0.537002,130.95
507900,0.41,0.54,0.05,0.08066282,0.07840929,0.394202,164.84
508000,0.39,0.6,0.01,0.08752413,0.08768881,0.4348019,106.86
508100,0.44,0.5,0.06,0.06214118,0.06872677,0.8596061,164.54
508200,0.35,0.62,0.03,0.09489057,0.09279756,0.7294041,151.24
508300,0.42,0.56,0.02,0.07618515,0.07667807,0.5300024,133.64
508400,0.35,0.61,0.04,0.08481878,0.07755357,0.7838064,133.79
508500,0.49,0.46,0.05,0.08257865,0.08209239,0.9916072,139.99
508600,0.47,0.51,0.02,0.07820535,0.0735088,0.7386045,137.24
508700,0.39,0.57,0.04,0.08729772,0.08913759,0.6672058,141.69
508800,0.4,0.59,0.01,0.06679928,0.06801097,0.2081998,109.87
508900,0.4,0.57,0.03,0.0865003,0.09117407,0.3174024,117.84
509000,0.35,0.64,0.01,0.07266025,0.0683127,0.3042017,105.5
509100,0.44,0.52,0.04,0.07642899,0.08079734,0.6152021,150.02
509200,0.37,0.61,0.02,0.07344388,0.06833675,0.6718023,144.98
509300,0.42,0.55,0.03,0.0806555,0.0945208,0.4632024,121.78
509400,0.46,0.51,0.03,0.07679588,0.08439502,0.8418067,143.07
509500,0.37,0.62,0.01,0.07399125,0.07485102,0.2289998,119.91
509600,0.37,0.59,0.04,0.07779391,0.07228513,0.410802,132.5
509700,0.41,0.56,0.03,0.0957416,0.08680568,0.7136045,130.1
509800,0.35,0.63,0.02,0.07493512,0.07407925,0.622004,123.96
509900,0.34,0.62,0.04,0.06470846,0.06346769,0.3518018,134.35
510000,0.44,0.54,0.02,0.08289896,0.07970416,0.613404,128.63
510100,0.5,0.48,0.02,0.07842766,0.079971,0.5884018,122
510200,0.38,0.6,0.02,0.07729253,0.07462533,0.368602,108.13
510300,0.48,0.51,0.01,0.07238881,0.07074434,0.3099998,112.7
510400,0.39,0.58,0.03,0.08428597,0.07764744,0.2417998,128.27
510500,0.44,0.52,0.04,0.1121899,0.09360621,0.7746065,139.24
510600,0.44,0.52,0.04,0.07229591,0.07154772,0.5286043,132.73
510700,0.38,0.59,0.03,0.07332479,0.07484785,0.4790021,142.06
510800,0.4,0.57,0.03,0.07746368,0.06879824,0.8482059,129.52
510900,0.42,0.58,0,0.07658216,0.07308942,0.4704002,123.05
511000,0.39,0.59,0.02,0.0645612,0.06186048,0.4248024,130.42
511100,0.48,0.47,0.05,0.0831245,0.09199045,0.7034066,144.88
511200,0.41,0.57,0.02,0.08697231,0.08821258,0.5798051,137.98
511300,0.48,0.49,0.03,0.1096363,0.1090411,0.5034029,125.2
511400,0.42,0.57,0.01,0.07523379,0.08388158,0.3398019,109.13
511500,0.4,0.58,0.02,0.06382623,0.07163491,0.5632027,124.54
511600,0.49,0.49,0.02,0.07444335,0.07476741,0.4794023,122.79
511700,0.35,0.62,0.03,0.06717949,0.08294383,0.6078044,136.22
511800,0.45,0.55,0,0.0735455,0.08625687,0.2391998,103.31
511900,0.44,0.52,0.04,0.06564387,0.06478479,1.057009,136.47
512000,0.34,0.64,0.02,0.08426248,0.1095801,0.3274001,122.77
512100,0.4,0.56,0.04,0.07407851,0.07042002,0.8878087,144.31
512200,0.44,0.53,0.03,0.1027347,0.1053002,0.3701997,128.63
512300,0.42,0.55,0.03,0.06717731,0.06477281,0.4618016,151.54
512400,0.42,0.56,0.02,0.07447458,0.08310417,0.4530016,118.8
512500,0.39,0.59,0.02,0.0815323,0.07912779,0.3810021,113.58
512600,0.41,0.57,0.02,0.08001401,0.09005735,0.3942018,121.26
512700,0.43,0.54,0.03,0.07155881,0.06783365,0.5472019,135.82
512800,0.45,0.53,0.02,0.06370419,0.06736939,0.4710011,132.27
512900,0.35,0.63,0.02,0.05863665,0.06190859,0.7098043,131.95
513000,0.45,0.46,0.09,0.06650337,0.05912263,0.4242021,181.15
513100,0.37,0.58,0.05,0.06919929,0.07962032,0.8440065,166.66
513200,0.38,0.62,0,0.07681789,0.0777846,0.2279998,90.22
513300,0.41,0.54,0.05,0.08618986,0.1007128,0.3797997,140.29
513400,0.47,0.48,0.05,0.09202878,0.08688279,0.6530044,149.74
513500,0.47,0.52,0.01,0.06392065,0.05890962,0.3503997,121.22
513600,0.37,0.61,0.02,0.08851651,0.09504618,0.5768045,111.57
513700,0.43,0.53,0.04,0.06647427,0.06164271,0.7142074,129.36
513800,0.41,0.58,0.01,0.0954538,0.1089173,0.4216021,117.16
513900,0.45,0.49,0.06,0.0642843,0.06020463,0.7198068,164.53
514000,0.46,0.53,0.01,0.07449641,0.07161351,0.4532009,117.05
514100,0.37,0.6,0.03,0.09134651,0.08670016,0.7848049,144.2
514200,0.45,0.54,0.01,0.06077656,0.05820469,0.4338018,132.32
514300,0.46,0.49,0.05,0.07737604,0.07767777,0.956807,160.49
514400,0.38,0.59,0.03,0.07054076,0.08089926,0.5634041,142.97
514500,0.44,0.54,0.02,0.07342598,0.07175487,0.4192018,131.91
514600,0.32,0.67,0.01,0.08906038,0.08973347,0.3584021,115.12
514700,0.46,0.48,0.06,0.06873918,0.07331597,0.6412045,163.15
514800,0.41,0.55,0.04,0.0720724,0.07957938,0.9994063,169
514900,0.45,0.54,0.01,0.08231923,0.07981474,0.5270016,105.36
515000,0.44,0.52,0.04,0.07624757,0.07154064,0.8190063,136.37
515100,0.44,0.54,0.02,0.06588179,0.06792711,0.3549997,128.63
515200,0.45,0.52,0.03,0.06612617,0.06705198,0.6660031,143.2
515300,0.47,0.48,0.05,0.0636155,0.06385135,0.5780046,159.21
515400,0.42,0.57,0.01,0.07568392,0.0682648,0.4456014,104.92
515500,0.47,0.52,0.01,0.08279436,0.08191401,0.381402,101.6
515600,0.39,0.6,0.01,0.06830333,0.07654309,0.6190019,113.28
515700,0.45,0.54,0.01,0.06433625,0.06416313,0.2863998,142.13
515800,0.49,0.45,0.06,0.06800091,0.07224004,1.078009,161.81
515900,0.45,0.53,0.02,0.0901555,0.09970703,0.4414019,111.46
516000,0.47,0.5,0.03,0.06416529,0.06887958,0.4662022,148.65
516100,0.39,0.59,0.02,0.0833437,0.08180263,0.403402,133.33
516200,0.49,0.5,0.01,0.09515919,0.1035795,0.3003998,119.06
516300,0.45,0.53,0.02,0.07416904,0.08143627,0.8106042,154.22
516400,0.55,0.41,0.04,0.07707348,0.06861012,0.6322021,150.83
516500,0.4,0.57,0.03,0.07299986,0.07653484,0.6462043,144.5
516600,0.45,0.51,0.04,0.0579214,0.05630151,1.106409,163.5
516700,0.48,0.48,0.04,0.08531506,0.08862147,0.4568016,136.32
516800,0.33,0.62,0.05,0.07061023,0.06919833,1.020211,150.19
516900,0.39,0.56,0.05,0.05740301,0.05674714,0.8468067,147.9
517000,0.52,0.43,0.05,0.07934476,0.07815301,0.7368044,160.46
517100,0.43,0.53,0.04,0.05912934,0.07354269,0.787606,147.03
517200,0.37,0.61,0.02,0.08102328,0.08220636,0.1049999,120.41
517300,0.42,0.55,0.03,0.09250309,0.1096888,0.8578072,122.7
517400,0.46,0.53,0.01,0.09627696,0.1015214,0.4087997,114.73
517500,0.4,0.53,0.07,0.07984541,0.09140307,0.7506065,157.22
517600,0.42,0.54,0.04,0.06772313,0.0727549,0.9744098,141.83
517700,0.44,0.54,0.02,0.07099298,0.07544149,0.3151998,130.26
517800,0.42,0.53,0.05,0.05664802,0.05538186,0.7012045,154.11
517900,0.44,0.55,0.01,0.07885447,0.08062996,0.5234023,104.47
518000,0.42,0.56,0.02,0.05917688,0.05851609,0.2239998,131.88
518100,0.39,0.58,0.03,0.06514075,0.06218121,0.5032037,125.55
518200,0.44,0.54,0.02,0.0739887,0.07121415,0.4140021,114.82
518300,0.44,0.54,0.02,0.07627936,0.07765009,0.5460023,126.45
518400,0.44,0.55,0.01,0.07599796,0.08111665,0.4194021,125.39
518500,0.52,0.44,0.04,0.07693677,0.07680853,0.7784063,142
518600,0.59,0.4,0.01,0.06579082,0.06685033,0.3513998,108.57
518700,0.4,0.58,0.02,0.08611621,0.09216963,0.6058039,120.24
518800,0.44,0.53,0.03,0.1076725,0.09920073,0.4644022,136.23
518900,0.48,0.51,0.01,0.07881599,0.07740575,0.3794023,102.92
519000,0.4,0.58,0.02,0.06740891,0.06288318,0.3219997,151.02
519100,0.46,0.54,0,0.06516093,0.06675578,0.2717998,101.14
519200,0.37,0.61,0.02,0.09616908,0.1244794,0.1561999,138
519300,0.43,0.57,0,0.08203437,0.0752018,0.2701998,100.86
519400,0.44,0.54,0.02,0.07101187,0.06695355,0.8086039,129.16
519500,0.43,0.53,0.04,0.08271383,0.08103491,0.5616037,137.3
519600,0.51,0.48,0.01,0.06972663,0.0656317,0.2347998,112.21
519700,0.43,0.52,0.05,0.06984412,0.06981412,1.179411,141.73
519800,0.42,0.57,0.01,0.08939011,0.08316601,0.2541998,100.99
519900,0.39,0.6,0.01,0.06337574,0.06032167,0.3839996,116.09
520000,0.47,0.52,0.01,0.06818718,0.06862172,0.4709996,132.48
520100,0.45,0.51,0.04,0.074113,0.08333635,0.560204,138.44
520200,0.42,0.54,0.04,0.08967301,0.09662504,0.6300041,131.41
520300,0.49,0.47,0.04,0.07029122,0.06266633,0.6800051,129.15
520400,0.38,0.61,0.01,0.09862175,0.1012908,0.4122025,115.7
520500,0.39,0.58,0.03,0.06555858,0.07421804,0.7300043,142.07
520600,0.43,0.55,0.02,0.07761241,0.07389575,0.5618021,122.5
520700,0.48,0.51,0.01,0.0849076,0.08291641,0.4546019,123.37
520800,0.47,0.52,0.01,0.0728062,0.07565922,0.4017996,117.68
520900,0.39,0.59,0.02,0.0736179,0.07231857,0.5154019,115.22
521000,0.4,0.59,0.01,0.07980213,0.07192329,0.3081999,112.04
521100,0.44,0.53,0.03,0.06535384,0.05844758,0.7020033,136.72
521200,0.46,0.49,0.05,0.08198235,0.09494311,0.7492046,152.09
521300,0.49,0.47,0.04,0.0629418,0.05846085,1.155606,156.76
521400,0.42,0.58,0,0.06382953,0.07165857,0.3289998,108.78
521500,0.45,0.53,0.02,0.0854933,0.08828878,0.5454019,121.51
521600,0.46,0.5,0.04,0.08031321,0.0799665,0.5972042,134.01
521700,0.4,0.6,0,0.07898675,0.08207187,0.1825999,98.6
521800,0.39,0.58,0.03,0.06448867,0.06916029,0.2127998,133.59
521900,0.38,0.59,0.03,0.1017156,0.09437384,0.4634016,136.14
522000,0.42,0.56,0.02,0.1124827,0.1058887,0.446602,125.64
522100,0.43,0.54,0.03,0.06189365,0.05504956,0.9082067,143.07
522200,0.4,0.58,0.02,0.06566728,0.06703287,0.5174025,133.5
522300,0.4,0.59,0.01,0.08059106,0.08228876,0.1943999,123.34
522400,0.42,0.57,0.01,0.06146647,0.05836022,0.5818021,129.7
522500,0.45,0.52,0.03,0.06618606,0.05941507,0.5940046,139.84
522600,0.43,0.52,0.05,0.06800446,0.05934131,0.6898043,149.13
522700,0.4,0.54,0.06,0.0859471,0.08309306,0.3234006,176.82
522800,0.5,0.48,0.02,0.07343362,0.08330458,0.3839997,123.37
522900,0.37,0.58,0.05,0.08001757,0.07648119,0.5176018,158.91
523000,0.44,0.54,0.02,0.07439987,0.07804124,0.5776021,120.27
523100,0.4,0.58,0.02,0.07393029,0.07845647,0.3039998,126.11
523200,0.47,0.49,0.04,0.07224155,0.08085772,0.9554057,158.28
523300,0.43,0.55,0.02,0.07523312,0.07128137,0.4808024,131.97
523400,0.41,0.56,0.03,0.07663769,0.08281203,0.8814057,134.69
523500,0.36,0.61,0.03,0.07327985,0.07742632,0.6404048,149.82
523600,0.42,0.57,0.01,0.08035377,0.0941688,0.3797997,136.03
523700,0.49,0.5,0.01,0.08192729,0.09026615,0.638202,141.64
523800,0.47,0.5,0.03,0.08014574,0.08664149,0.3145998,126.94
523900,0.38,0.55,0.07,0.07776073,0.08176266,0.5570048,151.63
524000,0.35,0.62,0.03,0.08142761,0.08062632,0.5220024,138.31
524100,0.49,0.49,0.02,0.07515807,0.07421127,0.694404,130.9
524200,0.47,0.5,0.03,0.09103455,0.09781365,0.729405,121.44
524300,0.49,0.49,0.02,0.06996037,0.06375728,0.4658025,121.55
524400,0.44,0.55,0.01,0.07500926,0.07548142,0.3045998,109.36
524500,0.42,0.57,0.01,0.09516203,0.1006791,0.2777998,113.34
524600,0.47,0.5,0.03,0.0808517,0.0852012,0.6206043,133.15
524700,0.49,0.48,0.03,0.08173347,0.08880703,1.057606,131.65
524800,0.39,0.57,0.04,0.06666595,0.0611145,0.6292036,138.73
524900,0.4,0.57,0.03,0.08251943,0.09387758,0.585402,135.43
525000,0.42,0.53,0.05,0.06555697,0.06620213,0.9050061,152.45
525100,0.38,0.61,0.01,0.095395,0.08883622,0.1061999,118.11
525200,0.33,0.64,0.03,0.0777796,0.07688353,0.4900023,149.42
525300,0.37,0.59,0.04,0.06217309,0.06606936,0.5514038,153.39
525400,0.45,0.51,0.04,0.07809449,0.1100271,0.7972062,137.68
525500,0.51,0.46,0.03,0.06392927,0.06157184,0.7534011,139.16
525600,0.38,0.6,0.02,0.08457286,0.08712071,0.3510003,132.06
525700,0.37,0.6,0.03,0.08369592,0.1035568,0.2884016,109.91
525800,0.36,0.6,0.04,0.06938281,0.06567605,0.5140035,145.32
525900,0.37,0.61,0.02,0.07557394,0.06879324,0.3700018,126.31
526000,0.38,0.6,0.02,0.09145894,0.09492158,0.2447998,124.99
526100,0.32,0.63,0.05,0.06741552,0.05788631,0.3914023,161.85
526200,0.42,0.57,0.01,0.08707792,0.08720677,0.5304021,131.02
526300,0.44,0.54,0.02,0.08162908,0.07670356,0.5494044,121.39
526400,0.36,0.62,0.02,0.07351039,0.06888169,0.3852021,112.54
526500,0.37,0.58,0.05,0.08187419,0.08069944,0.783807,141.74
526600,0.51,0.43,0.06,0.08152431,0.0651638,1.204612,164.89
526700,0.44,0.54,0.02,0.08993091,0.09457248,0.3908024,100.33
526800,0.41,0.54,0.05,0.08085667,0.07831581,0.1559999,157.11
526900,0.44,0.55,0.01,0.0761169,0.07017831,0.5022024,110.52
527000,0.38,0.59,0.03,0.06732523,0.07880124,0.5950043,137.12
527100,0.45,0.52,0.03,0.0692899,0.06964105,0.9170064,150.53
527200,0.46,0.48,0.06,0.06935196,0.06735364,0.7690058,142.69
527300,0.41,0.57,0.02,0.08123216,0.08315628,0.5540018,136.47
527400,0.43,0.57,0,0.06267473,0.0842454,0.1841999,113.3
527500,0.42,0.54,0.04,0.07675815,0.07426467,0.3508022,145.13
527600,0.4,0.56,0.04,0.09301365,0.09768779,0.3478009,141.63
527700,0.43,0.52,0.05,0.06681983,0.06058823,0.6482049,135.67
527800,0.43,0.55,0.02,0.07833794,0.07939106,0.4122024,110.51
527900,0.45,0.51,0.04,0.06505924,0.06079593,0.6434042,142.2
528000,0.47,0.5,0.03,0.0736789,0.0768643,0.6922042,137.86
528100,0.45,0.52,0.03,0.06760374,0.06483008,0.7556037,146.24
528200,0.46,0.5,0.04,0.08227412,0.08350319,0.5414045,127.88
528300,0.43,0.53,0.04,0.1206909,0.09413275,0.5650039,144.5
528400,0.39,0.61,0,0.06988695,0.07354414,0.2783998,123.93
528500,0.46,0.53,0.01,0.08194487,0.07790085,0.489602,96.97
528600,0.38,0.61,0.01,0.07897321,0.07382757,0.1043999,118
528700,0.44,0.51,0.05,0.06848814,0.0675483,0.5310022,140.25
528800,0.43,0.55,0.02,0.06959768,0.06726381,0.5238016,138.88
528900,0.48,0.51,0.01,0.07480341,0.09896064,0.2615998,121.59
529000,0.46,0.52,0.02,0.06895434,0.06198031,0.5270024,127.3
529100,0.4,0.58,0.02,0.06683708,0.06911709,0.3439997,121.47
529200,0.47,0.5,0.03,0.08265268,0.08552436,0.3754026,147.36
529300,0.43,0.55,0.02,0.1108272,0.1093909,0.4214019,110.25
529400,0.42,0.57,0.01,0.0831132,0.07897878,0.2337998,103.9
529500,0.42,0.58,0,0.06405115,0.05441369,0.4141997,109.89
529600,0.37,0.61,0.02,0.08244409,0.08675119,0.3088004,119.86
529700,0.46,0.52,0.02,0.07385738,0.0725475,0.2677998,123.16
529800,0.45,0.54,0.01,0.06806551,0.083891,0.3576018,113.86
529900,0.45,0.51,0.04,0.06640036,0.06275308,0.2453998,148.54
530000,0.44,0.52,0.04,0.1185617,0.1288226,0.4854018,133.42
530100,0.46,0.52,0.02,0.07708151,0.0734347,0.5856022,124.37
530200,0.4,0.58,0.02,0.09075949,0.1019973,0.5208042,113.1
530300,0.44,0.52,0.04,0.06482648,0.06547475,0.9234058,139.9
530400,0.52,0.43,0.05,0.07449248,0.06433795,0.8504063,142.48
530500,0.42,0.52,0.06,0.08317392,0.09254874,0.8234071,152.59
530600,0.45,0.53,0.02,0.07237478,0.08367586,0.5552047,126.97
530700,0.44,0.52,0.04,0.07112234,0.07787655,0.9920064,148.57
530800,0.38,0.59,0.03,0.07917157,0.07436073,0.4942021,145.26
530900,0.46,0.5,0.04,0.06729561,0.06382737,0.7202051,138.45
531000,0.32,0.67,0.01,0.07023782,0.07052257,0.2169999,133.08
531100,0.37,0.6,0.03,0.06906091,0.06485029,0.4970017,137.87
531200,0.46,0.53,0.01,0.07108395,0.07904408,0.2889998,124.9
531300,0.44,0.51,0.05,0.0603266,0.05783679,0.6774069,145.86
531400,0.45,0.5,0.05,0.08265107,0.08175047,1.007609,137.08
531500,0.53,0.45,0.02,0.0722528,0.07282434,0.604804,115.09
531600,0.39,0.6,0.01,0.09050219,0.09647495,0.3718021,100.08
531700,0.48,0.5,0.02,0.08633112,0.09712395,0.4740024,117.02
531800,0.44,0.55,0.01,0.06985479,0.06784192,0.4794024,130.41
531900,0.44,0.54,0.02,0.06878214,0.06191347,0.3363997,159.86
532000,0.4,0.54,0.06,0.08039431,0.07677457,0.9080091,152.39
532100,0.47,0.51,0.02,0.07943584,0.07602815,0.4716021,109.79
532200,0.45,0.53,0.02,0.07130957,0.08645171,0.4946022,126.43
532300,0.39,0.59,0.02,0.09740669,0.1183428,0.4956022,117.28
532400,0.49,0.48,0.03,0.06253613,0.05866194,0.4353997,153.92
532500,0.43,0.56,0.01,0.06884225,0.0712849,0.3750025,107.87
532600,0.47,0.52,0.01,0.07616078,0.07373754,0.4818022,117.24
532700,0.4,0.58,0.02,0.08769408,0.07866281,0.6142023,132.63
532800,0.45,0.55,0,0.07564607,0.07517329,0.2801998,106.34
532900,0.44,0.53,0.03,0.08643477,0.09638463,0.5762037,118.44
533000,0.47,0.5,0.03,0.09014711,0.09117508,0.6912033,138.1
533100,0.47,0.52,0.01,0.08150799,0.07972979,0.2195999,120.24
533200,0.47,0.51,0.02,0.07907929,0.08308081,0.6856022,131.5
533300,0.35,0.6,0.05,0.06642549,0.06969192,0.5070021,149.84
533400,0.43,0.57,0,0.07960337,0.07824447,0.3111998,104.02
533500,0.43,0.53,0.04,0.06264369,0.05423161,0.3465997,148.38
533600,0.46,0.52,0.02,0.09712993,0.1144758,0.6296044,118.38
533700,0.32,0.65,0.03,0.06967572,0.06303063,0.6594055,125.92
533800,0.45,0.54,0.01,0.1014441,0.1089888,0.2291998,105.16
533900,0.46,0.53,0.01,0.07169672,0.07405097,0.3804025,130.21
534000,0.48,0.51,0.01,0.08695634,0.1142578,0.5902024,118.35
534100,0.27,0.71,0.02,0.07403278,0.07796536,0.5168049,134.89
534200,0.54,0.45,0.01,0.06891058,0.06707788,0.5922018,131.14
534300,0.37,0.59,0.04,0.08146138,0.07736655,0.7004054,129.06
534400,0.4,0.59,0.01,0.05799872,0.05357603,0.2183998,113.19
534500,0.42,0.53,0.05,0.07484157,0.07194173,1.007609,165.49
534600,0.37,0.63,0,0.06823115,0.07897028,0.3531997,119.36
534700,0.49,0.5,0.01,0.07825738,0.07767761,0.5604022,103.84
534800,0.44,0.54,0.02,0.06774959,0.06963412,0.7506042,115.77
534900,0.39,0.56,0.05,0.08025659,0.07520106,1.120609,159.04
535000,0.32,0.65,0.03,0.0791272,0.07611301,0.2033999,136.58
535100,0.4,0.57,0.03,0.06871244,0.07665652,0.5120047,136.74
535200,0.47,0.53,0,0.07007982,0.07638997,0.4050002,113.59
535300,0.45,0.53,0.02,0.09861274,0.09857539,0.4094015,119.82
535400,0.42,0.53,0.05,0.06674647,0.06189604,0.7996058,154.13
535500,0.36,0.6,0.04,0.06236137,0.05774406,0.5874047,158.61
535600,0.41,0.57,0.02,0.08162342,0.08969508,0.4526013,133.26
535700,0.45,0.51,0.04,0.08701093,0.0770423,0.8088071,123.63
535800,0.44,0.49,0.07,0.07513884,0.07390607,1.214012,186.07
535900,0.46,0.52,0.02,0.08831567,0.09768075,0.2345998,108.02
536000,0.48,0.51,0.01,0.06854071,0.06517899,0.5702012,126.72
536100,0.44,0.56,0,0.07272971,0.06991833,0.3041998,97.87
536200,0.32,0.61,0.07,0.06785583,0.06270126,0.5222048,157.04
536300,0.38,0.59,0.03,0.07960996,0.07293754,0.483802,137.52
536400,0.35,0.63,0.02,0.0975152,0.09980109,0.4518024,127.01
536500,0.42,0.54,0.04,0.07155586,0.07123582,0.8212067,138.63
536600,0.4,0.57,0.03,0.07050838,0.06270514,0.3071998,130.07
536700,0.44,0.55,0.01,0.07457282,0.07110098,0.2999998,118.79
536800,0.38,0.6,0.02,0.07170209,0.07258508,0.4150014,122.04
536900,0.43,0.54,0.03,0.07823846,0.0789697,0.4922019,134.92
537000,0.53,0.45,0.02,0.07712691,0.0842314,0.6050042,131.67
537100,0.39,0.59,0.02,0.1293249,0.1235563,0.3630024,121.79
537200,0.42,0.57,0.01,0.09914312,0.1115877,0.4182015,120.58
537300,0.39,0.61,0,0.07908151,0.08909869,0.2829998,114.18
537400,0.46,0.51,0.03,0.07286748,0.0723759,0.6276034,149.42
537500,0.43,0.57,0,0.07843768,0.09325109,0.3845997,106.53
537600,0.37,0.61,0.02,0.07347991,0.07354908,0.7040045,120.54
537700,0.47,0.48,0.05,0.0636992,0.06573489,0.8546061,158.55
537800,0.39,0.57,0.04,0.07702819,0.07769974,0.4904037,143.25
537900,0.38,0.6,0.02,0.07591307,0.07246821,0.6144046,117.99
538000,0.4,0.6,0,0.0863985,0.08191173,0.2587998,109.28
538100,0.48,0.48,0.04,0.08346557,0.08639563,0.699003,156.09
538200,0.44,0.52,0.04,0.07438993,0.06338268,0.7134064,135.85
538300,0.47,0.53,0,0.08539019,0.08719638,0.4840009,131.2
538400,0.4,0.55,0.05,0.09905652,0.1099319,0.9308083,149.96
538500,0.43,0.57,0,0.07352767,0.06601503,0.2663998,108.74
538600,0.43,0.55,0.02,0.1362106,0.1258638,0.366801,131.75
538700,0.36,0.61,0.03,0.08179293,0.07196464,0.7628041,157.05
538800,0.53,0.44,0.03,0.07454017,0.07269303,0.8408048,138.56
538900,0.41,0.55,0.04,0.06730287,0.06792579,0.3876022,144.46
539000,0.43,0.55,0.02,0.07460029,0.07126312,0.4832021,126.45
539100,0.45,0.54,0.01,0.08215781,0.07801053,0.451202,108.96
539200,0.45,0.54,0.01,0.1056199,0.09654613,0.3279998,109.17
539300,0.39,0.58,0.03,0.08630596,0.08578843,0.7214043,138.44
539400,0.39,0.58,0.03,0.08552616,0.08606913,0.4880019,137.63
539500,0.44,0.55,0.01,0.06696584,0.06046622,0.4604018,110.84
539600,0.33,0.62,0.05,0.06999185,0.06930701,0.6206046,149.5
539700,0.46,0.53,0.01,0.1014104,0.09578848,0.3133997,121.26
539800,0.44,0.52,0.04,0.07631756,0.08156782,0.6350037,131.84
539900,0.45,0.5,0.05,0.07655918,0.07469001,0.4402021,148.28
540000,0.42,0.57,0.01,0.08588424,0.09369097,0.6068016,142.69
540100,0.38,0.6,0.02,0.07443785,0.08587847,0.6196028,140.07
540200,0.37,0.6,0.03,0.08393769,0.09113377,0.3764025,122.92
540300,0.39,0.6,0.01,0.1143847,0.1113344,0.2055998,100.65
540400,0.43,0.53,0.04,0.08164148,0.08960888,0.4960025,151.83
540500,0.39,0.57,0.04,0.06411405,0.06653455,0.3153997,136.19
540600,0.31,0.68,0.01,0.08496853,0.07637563,0.3896018,119.64
540700,0.34,0.63,0.03,0.07945896,0.07423788,0.5910039,136.77
540800,0.41,0.56,0.03,0.09613681,0.1027572,0.3550004,117.34
540900,0.48,0.48,0.04,0.06750229,0.06886172,0.6742042,136.64
541000,0.47,0.51,0.02,0.0800845,0.0817658,0.5892026,135.28
541100,0.36,0.59,0.05,0.07513816,0.0681819,0.4046015,156.38
541200,0.45,0.5,0.05,0.0897961,0.1118726,0.6660045,142.48
541300,0.4,0.6,0,0.08752009,0.09248842,0.2197999,102.46
541400,0.47,0.51,0.02,0.06666832,0.06895177,0.5602038,103
541500,0.39,0.56,0.05,0.08645995,0.08825994,0.4254014,171.89
541600,0.47,0.5,0.03,0.08977693,0.08407226,0.4456024,157.35
541700,0.42,0.55,0.03,0.08325365,0.07591809,0.8352062,125.44
541800,0.39,0.55,0.06,0.0654007,0.07128921,1.252011,164.7
541900,0.41,0.58,0.01,0.08822618,0.1009358,0.1971998,115.28
542000,0.44,0.53,0.03,0.07687177,0.08523198,0.6918042,137.37
542100,0.44,0.5,0.06,0.06951038,0.07032104,0.8506064,151.41
542200,0.51,0.47,0.02,0.07210103,0.06584986,0.2531998,113.69
542300,0.42,0.56,0.02,0.08145615,0.08708582,0.2281999,124.39
542400,0.37,0.6,0.03,0.09513213,0.09409761,0.485602,137.76
542500,0.39,0.57,0.04,0.08568441,0.0958087,0.6776059,139.54
542600,0.41,0.57,0.02,0.05815146,0.05244796,0.2527998,126.76
542700,0.46,0.51,0.03,0.07371587,0.08684619,0.3931997,128.36
542800,0.5,0.46,0.04,0.07166744,0.07264444,0.8786065,135.44
542900,0.46,0.53,0.01,0.06971767,0.06513993,0.3601997,129.37
543000,0.53,0.46,0.01,0.08223282,0.07709049,0.4976021,130.59
543100,0.47,0.52,0.01,0.07872164,0.0773868,0.3315998,123.53
543200,0.34,0.65,0.01,0.09677127,0.1153819,0.1373999,112.43
543300,0.41,0.57,0.02,0.0656663,0.06643484,0.6912043,120.07
543400,0.38,0.61,0.01,0.06617065,0.06421382,0.558202,117.42
543500,0.42,0.57,0.01,0.06534812,0.0591446,0.393602,115.08
543600,0.39,0.58,0.03,0.07117687,0.07238635,0.5674046,112.74
543700,0.33,0.62,0.05,0.08272784,0.08347079,0.439402,159.76
543800,0.45,0.51,0.04,0.0803741,0.08922438,0.7624041,155.44
543900,0.37,0.62,0.01,0.07292444,0.06689125,0.481602,106.53
544000,0.36,0.63,0.01,0.06485076,0.06405225,0.3392016,125.04
544100,0.3,0.67,0.03,0.07505591,0.07300303,0.7904063,135.4
544200,0.43,0.53,0.04,0.105035,0.1019057,0.6490043,138.96
544300,0.44,0.54,0.02,0.06047396,0.05531077,0.3623998,133.42
544400,0.46,0.5,0.04,0.06809444,0.06316186,0.8860064,159.36
544500,0.4,0.58,0.02,0.07270935,0.06703072,0.4998024,118.48
544600,0.39,0.59,0.02,0.07934239,0.06392272,0.478802,122.64
544700,0.43,0.54,0.03,0.07107726,0.0642533,0.6256049,130.55
544800,0.37,0.61,0.02,0.07271992,0.07108941,0.4506019,125.19
544900,0.48,0.51,0.01,0.06195365,0.06369689,0.5690019,126.71
545000,0.44,0.55,0.01,0.07299864,0.0700423,0.2137998,117.16
545100,0.46,0.5,0.04,0.07402815,0.07186292,0.8202052,150.29
545200,0.37,0.62,0.01,0.09285238,0.09633783,0.497202,124.61
545300,0.48,0.5,0.02,0.07690727,0.08073109,0.3933997,118.01
545400,0.39,0.56,0.05,0.07793413,0.07016335,0.4534037,156.67
545500,0.43,0.56,0.01,0.05984421,0.0573832,0.3827997,116.24
545600,0.42,0.55,0.03,0.07468364,0.0657653,0.4174,144.06
545700,0.37,0.59,0.04,0.06596193,0.06941918,0.5910047,140.31
545800,0.4,0.6,0,0.07249526,0.07479701,0.2975997,104.26
545900,0.56,0.43,0.01,0.08248889,0.07560539,0.3403997,116.4
546000,0.37,0.6,0.03,0.09398259,0.1213965,0.2439998,129.31
546100,0.4,0.6,0,0.08405698,0.09384038,0.3299997,126.17
546200,0.44,0.54,0.02,0.07557599,0.07235683,0.2135999,111.47
546300,0.51,0.47,0.02,0.07683077,0.07922069,0.6376049,138.84
546400,0.44,0.51,0.05,0.09459179,0.1007515,0.9520051,172.92
546500,0.49,0.49,0.02,0.06771597,0.07961005,0.3566021,123.56
546600,0.5,0.49,0.01,0.110774,0.1030711,0.6390016,124.96
546700,0.43,0.5,0.07,0.08623531,0.09123282,1.022609,171.92
546800,0.35,0.61,0.04,0.09110875,0.09305885,0.6052042,145.63
546900,0.34,0.65,0.01,0.07481752,0.07218707,0.3932021,139.47
547000,0.44,0.56,0,0.1109945,0.1051585,0.1599999,93.75
547100,0.36,0.63,0.01,0.07091324,0.07020238,0.2121998,121.73
547200,0.49,0.48,0.03,0.08124872,0.08135557,0.5818046,126.55
547300,0.43,0.56,0.01,0.07379369,0.07239626,0.3971997,113.1
547400,0.37,0.6,0.03,0.06837249,0.06020346,0.5332046,146.38
547500,0.44,0.55,0.01,0.08903187,0.09194709,0.3051998,103.39
547600,0.45,0.53,0.02,0.08102056,0.09481874,0.5416037,112.41
547700,0.4,0.58,0.02,0.06921901,0.07142154,0.4806021,115.95
547800,0.38,0.61,0.01,0.07102089,0.06526349,0.4530013,122.28
547900,0.39,0.57,0.04,0.08574294,0.08600187,0.4942022,135.18
548000,0.41,0.55,0.04,0.07692192,0.07801903,0.7150069,137.63
548100,0.4,0.55,0.05,0.1039353,0.1031986,0.6394046,141.35
548200,0.44,0.53,0.03,0.06826626,0.06071658,0.516002,140.79
548300,0.43,0.56,0.01,0.06523487,0.05817315,0.3517997,138.36
548400,0.45,0.53,0.02,0.08693374,0.0826805,0.3449997,119.73
548500,0.38,0.6,0.02,0.06737205,0.06685096,0.2649998,128.92
548600,0.48,0.48,0.04,0.07637466,0.07614963,0.5228022,148.03
548700,0.43,0.56,0.01,0.06707649,0.06880002,0.5430023,118.04
548800,0.42,0.56,0.02,0.08278656,0.08018778,0.2533998,103.78
548900,0.5,0.47,0.03,0.06718691,0.06571966,0.2747998,139.85
549000,0.46,0.52,0.02,0.07356978,0.06778835,0.3065997,119.79
549100,0.36,0.63,0.01,0.06838311,0.07073291,0.3706023,120.87
549200,0.37,0.62,0.01,0.0751033,0.09172399,0.3330022,133.09
549300,0.52,0.48,0,0.07835368,0.07870754,0.3309998,103.67
549400,0.43,0.54,0.03,0.07194399,0.07962247,0.4360012,124.31
549500,0.45,0.53,0.02,0.06415903,0.05814951,0.4080008,125.62
549600,0.42,0.56,0.02,0.07886823,0.08402611,0.4764008,120.26
549700,0.32,0.66,0.02,0.0892502,0.08683816,0.1837999,128.45
549800,0.51,0.46,0.03,0.08325864,0.07600133,0.7348049,121.7
549900,0.34,0.63,0.03,0.0639046,0.06902242,0.3736019,143.54
550000,0.4,0.58,0.02,0.082701,0.07066201,0.2381998,117.36
550100,0.47,0.5,0.03,0.096907,0.09634579,0.3763997,153.94
550200,0.52,0.44,0.04,0.07568257,0.07423738,0.5264039,151.91
550300,0.48,0.5,0.02,0.08304803,0.07568035,0.5820019,139.19
550400,0.38,0.61,0.01,0.06296907,0.05764839,0.3896013,121.32
550500,0.42,0.54,0.04,0.08227043,0.08654644,0.1787999,152
550600,0.46,0.54,0,0.06991486,0.06918106,0.3837997,114.37
550700,0.47,0.52,0.01,0.06687606,0.06545821,0.2817998,136.94
550800,0.37,0.61,0.02,0.08003003,0.07552664,0.4490023,121.47
550900,0.46,0.54,0,0.100632,0.09940057,0.3661997,119.31
551000,0.48,0.51,0.01,0.07955646,0.07624236,0.4166016,111.5
551100,0.42,0.55,0.03,0.08163694,0.07568751,0.5580032,121.15
551200,0.37,0.59,0.04,0.08554916,0.09140714,0.8274059,147.66
551300,0.43,0.57,0,0.07547858,0.07053373,0.3009998,113.74
551400,0.41,0.57,0.02,0.07479988,0.06814156,0.3228008,131.85
551500,0.41,0.57,0.02,0.07230577,0.06995694,0.5088025,121.25
551600,0.46,0.52,0.02,0.06982446,0.07083103,0.5218023,117.25
551700,0.35,0.64,0.01,0.06824536,0.06879845,0.430401,136.85
551800,0.39,0.57,0.04,0.0695221,0.06674189,0.4308017,152.04
551900,0.43,0.53,0.04,0.06969903,0.06355967,0.9882097,141.95
552000,0.43,0.56,0.01,0.07327175,0.06401501,0.1197999,123.08
552100,0.47,0.5,0.03,0.09056515,0.07665595,0.5774024,144.31
552200,0.47,0.5,0.03,0.0668551,0.06365484,0.3611997,129.61
552300,0.43,0.53,0.04,0.0736104,0.0723557,0.7334068,124.98
552400,0.44,0.56,0,0.09673885,0.08465391,0.5681997,120.05
552500,0.38,0.62,0,0.06556598,0.05907158,0.3817997,114.63
552600,0.49,0.47,0.04,0.07549094,0.08014181,0.630805,129.09
552700,0.42,0.54,0.04,0.07954818,0.08793508,0.7898049,136.6
552800,0.43,0.56,0.01,0.1119338,0.1286336,0.3602021,102.3
552900,0.42,0.57,0.01,0.102033,0.1011002,0.3277998,106.36
553000,0.37,0.6,0.03,0.06079502,0.06227674,1.003408,132.45
553100,0.37,0.61,0.02,0.07707515,0.08157835,0.5164019,134.85
553200,0.41,0.57,0.02,0.08247232,0.08251676,0.3345997,117.46
553300,0.5,0.48,0.02,0.07547412,0.07174922,0.3723997,134.68
553400,0.31,0.65,0.04,0.07079758,0.07184777,0.5738041,137.2
553500,0.45,0.53,0.02,0.0824094,0.09255683,0.6830044,113.95
553600,0.34,0.65,0.01,0.08549013,0.07733399,0.4406019,99.5
553700,0.43,0.57,0,0.06349992,0.0615796,0.2717998,112.17
553800,0.47,0.52,0.01,0.06984501,0.06314721,0.3069998,104.89
553900,0.45,0.54,0.01,0.09118812,0.09142921,0.4288025,130.88
554000,0.53,0.44,0.03,0.07310044,0.07155433,0.9132065,134.07
554100,0.37,0.59,0.04,0.1023488,0.1079174,0.6332051,142.28
554200,0.5,0.49,0.01,0.0606518,0.05776579,0.2479998,117.79
554300,0.46,0.5,0.04,0.06148193,0.05499839,0.6820042,141.59
554400,0.32,0.64,0.04,0.06585037,0.06316788,0.1429999,150.42
554500,0.35,0.61,0.04,0.09434596,0.1102095,0.7892061,143.24
554600,0.38,0.62,0,0.09944149,0.1041564,0.3347998,104.06
554700,0.5,0.47,0.03,0.06765174,0.06883328,0.3443998,134.87
554800,0.43,0.54,0.03,0.05910936,0.05630516,0.432202,150.43
554900,0.53,0.46,0.01,0.07394378,0.06806914,0.4638025,116.73
555000,0.51,0.48,0.01,0.07327563,0.08368188,0.2879997,112.9
555100,0.35,0.63,0.02,0.07917899,0.08313152,0.4048019,131.53
555200,0.43,0.54,0.03,0.07297307,0.07086707,0.3928019,125.87
555300,0.37,0.63,0,0.08117128,0.09113009,0.2185998,96.62
555400,0.43,0.53,0.04,0.07566553,0.07757982,0.4828043,155.16
555500,0.43,0.53,0.04,0.09357343,0.119916,0.3936013,132.43
555600,0.37,0.6,0.03,0.06746542,0.07694355,0.9616062,134.4
555700,0.49,0.5,0.01,0.07289138,0.07816692,0.3881997,113.13
555800,0.44,0.55,0.01,0.0866191,0.08167382,0.4718023,117.04
555900,0.34,0.65,0.01,0.07686394,0.08108363,0.1701999,113.51
556000,0.37,0.62,0.01,0.08441825,0.08467421,0.354802,128.43
556100,0.45,0.51,0.04,0.09136213,0.1007038,0.6104037,129.4
556200,0.47,0.5,0.03,0.1102094,0.1125834,0.6666036,138.1
556300,0.41,0.56,0.03,0.07904713,0.07783261,0.550002,135.66
556400,0.4,0.58,0.02,0.07758573,0.06792109,0.1649999,112.51
556500,0.3,0.68,0.02,0.06906334,0.07489946,0.5786042,127.21
556600,0.43,0.53,0.04,0.09169288,0.09236469,0.3015998,148.18
556700,0.42,0.55,0.03,0.06772535,0.06487924,0.2575998,142.62
556800,0.37,0.59,0.04,0.06506111,0.06416258,0.7836062,129.4
556900,0.43,0.56,0.01,0.08774234,0.0772248,0.4584023,111.48
557000,0.44,0.53,0.03,0.07498899,0.07374035,0.4634023,116.48
557100,0.41,0.56,0.03,0.07744767,0.07792765,0.5768046,126.93
557200,0.38,0.59,0.03,0.08017362,0.07256027,0.5522023,130.88
557300,0.41,0.58,0.01,0.07903597,0.08541889,0.1997998,121.95
557400,0.42,0.54,0.04,0.07747034,0.0787916,0.9816098,148.57
557500,0.41,0.55,0.04,0.07574122,0.08537774,0.613004,127.46
557600,0.44,0.55,0.01,0.08696322,0.07986835,0.5476019,113.48
557700,0.5,0.47,0.03,0.06505924,0.07344213,0.7398041,133.87
557800,0.31,0.68,0.01,0.08021999,0.101316,0.397802,119.33
557900,0.47,0.53,0,0.08814707,0.08942255,0.3761997,110.21
558000,0.4,0.56,0.04,0.06336851,0.05787153,0.5732042,132.53
558100,0.52,0.45,0.03,0.06621983,0.06746284,0.2507998,134.56
558200,0.36,0.61,0.03,0.07457065,0.07951908,0.8292068,142.73
558300,0.35,0.63,0.02,0.06915215,0.06402892,0.4320021,122.15
558400,0.39,0.57,0.04,0.07021213,0.07097871,0.7134045,140.86
558500,0.37,0.59,0.04,0.07186601,0.081022,0.5380037,137.29
558600,0.44,0.55,0.01,0.07796401,0.08027215,0.5186012,129.47
558700,0.37,0.62,0.01,0.07555117,0.08257439,0.4186023,106.69
558800,0.38,0.6,0.02,0.07447031,0.06898484,0.2059998,129.84
558900,0.41,0.55,0.04,0.06791261,0.07143398,0.5530039,134.11
559000,0.46,0.53,0.01,0.08259504,0.08953353,0.3305998,117.45
559100,0.4,0.56,0.04,0.08737627,0.08845185,0.7640057,130.67
559200,0.43,0.55,0.02,0.06767288,0.0640399,0.554803,137.95
559300,0.34,0.61,0.05,0.07181379,0.07086356,0.3896019,160.51
559400,0.38,0.57,0.05,0.06679207,0.07439902,0.7964072,164.79
559500,0.4,0.58,0.02,0.1053782,0.1123063,0.4334019,130.59
559600,0.45,0.54,0.01,0.07295803,0.06905273,0.3753997,119.78
559700,0.4,0.56,0.04,0.08071566,0.09327958,0.5784049,138.46
559800,0.41,0.58,0.01,0.06945198,0.06770301,0.1361999,104.45
559900,0.44,0.52,0.04,0.07497742,0.07910215,0.6074017,153.66
560000,0.5,0.48,0.02,0.06991885,0.07286014,0.4610021,116.27
560100,0.41,0.58,0.01,0.09557462,0.1036073,0.3193999,108.1
560200,0.46,0.51,0.03,0.08749008,0.09643795,0.5484042,138.55
560300,0.44,0.52,0.04,0.06448106,0.05979739,0.4458023,144.11
560400,0.43,0.56,0.01,0.08056204,0.08115555,0.4146023,113.8
560500,0.41,0.59,0,0.06780708,0.07791915,0.3212008,139.39
560600,0.41,0.57,0.02,0.09370474,0.09719607,0.562802,137.65
560700,0.51,0.46,0.03,0.106484,0.101578,0.4419996,129.69
560800,0.42,0.56,0.02,0.09490591,0.08598632,0.2675998,107.06
560900,0.4,0.56,0.04,0.08969471,0.07751691,0.590804,148.25
561000,0.38,0.59,0.03,0.06925468,0.06484714,0.5414042,162.05
561100,0.41,0.56,0.03,0.09161547,0.08990735,0.5130023,123.25
561200,0.41,0.56,0.03,0.06623356,0.06644031,0.625604,124.77
561300,0.44,0.55,0.01,0.1059853,0.1161137,0.3109998,112.33
561400,0.44,0.51,0.05,0.07005709,0.06682386,0.6674034,154.5
561500,0.44,0.53,0.03,0.1016464,0.1204236,0.708605,124.65
561600,0.35,0.65,0,0.07349548,0.07428427,0.2289998,105.51
561700,0.34,0.65,0.01,0.08716679,0.1006604,0.3682017,111.89
561800,0.43,0.55,0.02,0.06880108,0.06948987,0.5590017,124.21
561900,0.42,0.55,0.03,0.07219341,0.07547972,0.630205,133.1
562000,0.42,0.57,0.01,0.1013034,0.07941522,0.3397997,131.83
562100,0.42,0.54,0.04,0.07615024,0.06886584,0.7510067,134.85
562200,0.4,0.57,0.03,0.07245567,0.07293911,0.3463997,136.41
562300,0.46,0.52,0.02,0.07534248,0.07906372,0.3952015,117.64
562400,0.43,0.52,0.05,0.05991599,0.05845499,1.21161,155.76
562500,0.5,0.49,0.01,0.06179044,0.05338658,0.518202,126.42
562600,0.43,0.52,0.05,0.1121878,0.1151186,0.8244067,153.18
562700,0.44,0.55,0.01,0.07131689,0.06634391,0.2305998,120.02
562800,0.42,0.54,0.04,0.07574701,0.07248437,0.9660092,141.45
562900,0.43,0.55,0.02,0.06538179,0.06290954,0.613202,125.4
563000,0.51,0.46,0.03,0.07274766,0.06882663,0.2661998,130.59
563100,0.39,0.56,0.05,0.07167342,0.06740823,0.6346043,150.33
563200,0.46,0.51,0.03,0.07957695,0.08940707,0.7848069,133.32
563300,0.47,0.5,0.03,0.06446137,0.06550696,0.6352044,146.66
563400,0.38,0.61,0.01,0.08042312,0.07858267,0.1725999,116.15
563500,0.39,0.59,0.02,0.07515351,0.07813821,0.5874045,116.74
563600,0.39,0.59,0.02,0.07307079,0.06584667,0.3955997,141.55
563700,0.51,0.45,0.04,0.05619155,0.05264544,0.3557998,153.97
563800,0.41,0.58,0.01,0.07312582,0.07738607,0.458002,136.44
563900,0.37,0.58,0.05,0.08220133,0.07489341,0.9308091,159.46
564000,0.4,0.56,0.04,0.09786617,0.1114708,0.6250049,137.38
564100,0.41,0.59,0,0.07475052,0.09496883,0.2765998,120.71
564200,0.45,0.52,0.03,0.05752407,0.0557689,0.4984024,132.28
564300,0.46,0.54,0,0.08222798,0.0953488,0.1915998,91.5
564400,0.39,0.59,0.02,0.0997946,0.1001839,0.4012018,135.43
564500,0.4,0.59,0.01,0.06728562,0.06640933,0.3545997,109.06
564600,0.41,0.57,0.02,0.05873404,0.05565732,0.6574045,128.92
564700,0.31,0.63,0.06,0.06720493,0.07036657,0.5856042,173.44
564800,0.47,0.52,0.01,0.06697101,0.05999797,0.531002,128.48
564900,0.45,0.54,0.01,0.08615,0.08864049,0.2547998,107.09
565000,0.45,0.54,0.01,0.08811688,0.08875957,0.3099997,119.56
565100,0.47,0.51,0.02,0.07342771,0.07133193,0.5318014,134.37
565200,0.46,0.5,0.04,0.07168386,0.06759211,0.3513997,148.69
565300,0.43,0.53,0.04,0.07614061,0.08124356,0.4988021,152.89
565400,0.44,0.54,0.02,0.06703354,0.05722323,0.3193997,122.48
565500,0.41,0.56,0.03,0.07314363,0.0625139,0.5746046,119.36
565600,0.42,0.56,0.02,0.06716302,0.0755707,0.3785997,135.93
565700,0.41,0.56,0.03,0.07425323,0.07800584,0.7122046,123.49
565800,0.47,0.53,0,0.08518498,0.08679401,0.2449998,105.2
565900,0.39,0.59,0.02,0.06564946,0.05633834,0.418602,130.7
566000,0.44,0.51,0.05,0.07079653,0.07050498,0.6050047,137.57
566100,0.46,0.48,0.06,0.07359014,0.06654893,1.120211,154.23
566200,0.38,0.58,0.04,0.08182245,0.088361,0.9632076,128.81
566300,0.46,0.51,0.03,0.08138888,0.08930248,0.8506045,134.08
566400,0.37,0.55,0.08,0.09355906,0.0843443,0.9848089,178.54
566500,0.45,0.51,0.04,0.07456936,0.07575621,0.618204,127.75
566600,0.46,0.5,0.04,0.07627998,0.06769434,0.5468025,135.31
566700,0.45,0.53,0.02,0.0676558,0.06050334,0.5936023,116.11
566800,0.28,0.69,0.03,0.08152756,0.08633988,0.5110043,135.66
566900,0.47,0.49,0.04,0.0704452,0.06164705,0.5636046,135.51
567000,0.42,0.56,0.02,0.0939604,0.09055938,0.5540017,112.04
567100,0.5,0.48,0.02,0.06983002,0.07141633,0.4114017,123.79
567200,0.46,0.52,0.02,0.08390599,0.09898939,0.6076018,144.11
567300,0.4,0.55,0.05,0.0664515,0.06377923,0.9200091,146.63
567400,0.4,0.58,0.02,0.07543854,0.07615498,0.4494019,143.67
567500,0.48,0.51,0.01,0.09151769,0.09876867,0.3245998,113.31
567600,0.36,0.62,0.02,0.08512728,0.08769175,0.4018022,116.61
567700,0.46,0.52,0.02,0.07365473,0.07689102,0.5842018,117.85
567800,0.37,0.61,0.02,0.08594694,0.07840966,0.2447998,125.35
567900,0.36,0.63,0.01,0.06543386,0.06397785,0.3975997,111.09
568000,0.55,0.45,0,0.09615149,0.1055965,0.3627997,98.62
568100,0.38,0.56,0.06,0.06769699,0.07122308,1.137409,155.98
568200,0.45,0.52,0.03,0.06107562,0.06168465,0.6934044,145.88
568300,0.47,0.5,0.03,0.08586958,0.09234715,0.4110023,134.18
568400,0.4,0.58,0.02,0.07365253,0.09067377,0.3899997,148.57
568500,0.5,0.47,0.03,0.0670913,0.07365873,0.5856019,124.18
568600,0.51,0.45,0.04,0.0814831,0.07446835,0.8860043,147.97
568700,0.38,0.61,0.01,0.06938645,0.07101223,0.2135998,103.44
568800,0.4,0.56,0.04,0.0622868,0.0606409,0.5826042,145.63
568900,0.41,0.56,0.03,0.0749113,0.07971593,0.1397999,132.78
569000,0.43,0.56,0.01,0.07750849,0.0841325,0.2187998,121.26
569100,0.4,0.59,0.01,0.09100062,0.09171746,0.2683998,112.75
569200,0.46,0.51,0.03,0.06140137,0.05773164,0.3009998,144.88
569300,0.44,0.53,0.03,0.06979115,0.07986793,0.3374026,138.99
569400,0.39,0.55,0.06,0.06679475,0.06871133,0.9598073,168.7
569500,0.39,0.57,0.04,0.08581127,0.08489588,0.2377998,141.03
569600,0.49,0.48,0.03,0.08622637,0.07965291,0.504602,133
569700,0.46,0.51,0.03,0.07995215,0.08345506,0.3715997,128.47
569800,0.44,0.51,0.05,0.06663188,0.06259859,0.8588063,158.55
569900,0.4,0.57,0.03,0.07817822,0.08276356,0.4012023,121.7
570000,0.45,0.53,0.02,0.06508087,0.07314291,0.909205,141.34
570100,0.39,0.56,0.05,0.08177067,0.08288325,1.303609,159.03
570200,0.43,0.54,0.03,0.07933877,0.09000959,0.6916044,128.78
570300,0.32,0.65,0.03,0.06962217,0.06748675,0.4092024,138.92
570400,0.44,0.54,0.02,0.06800599,0.06327807,0.2043998,117.15
570500,0.4,0.55,0.05,0.0824343,0.08731756,0.8544067,143.95
570600,0.44,0.52,0.04,0.07248476,0.06714449,0.6336048,134.45
570700,0.47,0.5,0.03,0.0855381,0.07002293,0.6442024,135.79
570800,0.42,0.55,0.03,0.07375202,0.07333913,0.6224023,144.3
570900,0.35,0.61,0.04,0.06469153,0.05840624,0.4192024,152.67
571000,0.48,0.5,0.02,0.06165031,0.05560223,0.5910019,138.8
571100,0.43,0.56,0.01,0.08150379,0.0770871,0.4510024,121.98
571200,0.41,0.54,0.05,0.06823405,0.07592344,0.9666069,157.04
571300,0.33,0.62,0.05,0.08605498,0.0886049,1.092009,187.76
571400,0.43,0.56,0.01,0.07858939,0.08667364,0.4460019,115.54
571500,0.45,0.53,0.02,0.09329815,0.1068689,0.3560019,112.85
571600,0.45,0.53,0.02,0.06176297,0.05664404,0.4278017,134.53
571700,0.43,0.55,0.02,0.06521083,0.0597045,0.5888023,129.8
571800,0.45,0.54,0.01,0.07031372,0.0681795,0.5530022,116.14
571900,0.42,0.55,0.03,0.09337676,0.103343,0.7728053,135.22
572000,0.36,0.61,0.03,0.05803972,0.05787393,0.5740021,137.29
572100,0.41,0.55,0.04,0.07537378,0.0726716,0.5590044,140.22
572200,0.42,0.56,0.02,0.07107048,0.06464339,0.4188019,115.32
572300,0.38,0.61,0.01,0.0772615,0.06738845,0.4190025,104.51
572400,0.38,0.6,0.02,0.07891032,0.07014117,0.2339998,116.29
572500,0.48,0.51,0.01,0.07667831,0.07495876,0.519602,107.99
572600,0.49,0.49,0.02,0.06761396,0.06111437,0.5584022,127.99
572700,0.49,0.5,0.01,0.06924085,0.07478001,0.5916022,129.08
572800,0.43,0.56,0.01,0.07600506,0.07472124,0.5304024,107.64
572900,0.46,0.49,0.05,0.07287769,0.06533573,0.6156047,140.01
573000,0.38,0.57,0.05,0.07449701,0.07065001,0.4282022,153.37
573100,0.54,0.43,0.03,0.08205941,0.08105354,0.7382022,128.68
573200,0.44,0.54,0.02,0.07958665,0.08777688,0.2681998,110.53
573300,0.5,0.48,0.02,0.08185539,0.07720684,0.3483997,129
573400,0.45,0.53,0.02,0.0793936,0.09048994,0.417,138.59
573500,0.51,0.48,0.01,0.07793193,0.0708779,0.3007998,115.63
573600,0.45,0.52,0.03,0.08486255,0.08826181,0.6184043,123.29
573700,0.47,0.51,0.02,0.07395247,0.07459168,0.4701997,143.4
573800,0.46,0.52,0.02,0.09610776,0.09996083,0.6310033,140.45
573900,0.42,0.55,0.03,0.0937187,0.09647479,0.8864068,134.63
574000,0.47,0.49,0.04,0.06194198,0.06210133,0.4836021,157
574100,0.51,0.49,0,0.06914363,0.06915531,0.3735997,106.73
574200,0.41,0.58,0.01,0.06686381,0.06422482,0.4980015,109.84
574300,0.44,0.51,0.05,0.06994884,0.06560478,0.2117998,165.2
574400,0.48,0.48,0.04,0.08928563,0.09331001,0.724605,136.98
574500,0.52,0.44,0.04,0.06793103,0.06858947,0.8422065,139.79
574600,0.4,0.53,0.07,0.07898587,0.07830618,1.074609,170.72
574700,0.4,0.56,0.04,0.06914328,0.07178929,0.8156058,146.64
574800,0.38,0.59,0.03,0.08725104,0.1009584,0.5414042,128.97
574900,0.42,0.54,0.04,0.07156375,0.07183059,0.7946034,147.76
575000,0.46,0.5,0.04,0.06568684,0.06934585,0.8960066,135.54
575100,0.49,0.5,0.01,0.0657367,0.06587961,0.5316017,112.4
575200,0.42,0.56,0.02,0.05889609,0.05608403,0.3176009,135.51
575300,0.52,0.46,0.02,0.08065367,0.09354708,0.7390044,128.02
575400,0.39,0.56,0.05,0.07749308,0.08397401,0.9360085,145.25
575500,0.37,0.61,0.02,0.07360534,0.06672759,0.325802,135.76
575600,0.43,0.54,0.03,0.08382199,0.07856612,0.5342023,133.3
575700,0.38,0.61,0.01,0.1008835,0.1062352,0.2854002,100.7
575800,0.46,0.5,0.04,0.07078812,0.0669921,0.7430044,159.88
575900,0.37,0.62,0.01,0.0835823,0.09566134,0.2833998,122.55
576000,0.43,0.55,0.02,0.09604,0.09591795,0.6438037,118.37
576100,0.4,0.55,0.05,0.08694921,0.09370117,0.6632047,167.17
576200,0.4,0.58,0.02,0.07435957,0.06534565,0.5876043,118.25
576300,0.45,0.52,0.03,0.05891965,0.0591481,0.5409996,150.99
576400,0.4,0.57,0.03,0.08073346,0.0936284,0.2904021,116.65
576500,0.46,0.51,0.03,0.06882466,0.06565034,0.4656014,134.64
576600,0.42,0.58,0,0.07976847,0.09416586,0.2001999,114.65
576700,0.41,0.57,0.02,0.06479121,0.0590655,0.5892019,140.87
576800,0.36,0.58,0.06,0.05987378,0.05747216,0.906009,149.18
576900,0.45,0.53,0.02,0.06508581,0.05977106,0.563402,139.73
577000,0.37,0.63,0,0.08582965,0.09944541,0.1895998,102.7
577100,0.44,0.51,0.05,0.06910305,0.077857,1.257211,167.94
577200,0.4,0.58,0.02,0.07233001,0.07104668,0.5004024,121.05
577300,0.43,0.52,0.05,0.06811967,0.06168291,0.5960019,169.36
577400,0.37,0.61,0.02,0.06739934,0.06612,0.4346023,126.32
577500,0.39,0.56,0.05,0.07203647,0.06322716,0.6026027,162
577600,0.42,0.54,0.04,0.0963132,0.09878326,1.021608,160.96
577700,0.46,0.53,0.01,0.07951982,0.07710952,0.3075998,115.49
577800,0.49,0.49,0.02,0.06844917,0.06192126,0.4170001,150.45
577900,0.42,0.54,0.04,0.07394609,0.07731583,0.7828059,145.16
578000,0.46,0.53,0.01,0.07209018,0.0730086,0.3373997,125.86
578100,0.5,0.48,0.02,0.09734634,0.09852879,0.5356021,133.51
578200,0.37,0.63,0,0.07627299,0.07813141,0.3065997,110.41
578300,0.35,0.64,0.01,0.06696303,0.06641565,0.3820009,113.99
578400,0.4,0.57,0.03,0.07430094,0.08240375,0.7838072,148.84
578500,0.52,0.48,0,0.06436396,0.06542474,0.3899997,106.41
578600,0.38,0.61,0.01,0.08027438,0.07852827,0.3712022,115.62
578700,0.44,0.52,0.04,0.06500393,0.06757835,0.7958046,156.26
578800,0.48,0.49,0.03,0.08521499,0.08484962,0.4604025,137.42
578900,0.44,0.56,0,0.06305605,0.06271642,0.2883998,95.03
579000,0.52,0.45,0.03,0.06926981,0.06986607,0.9070069,123.22
579100,0.41,0.59,0,0.07135746,0.07355096,0.2807998,95.36
579200,0.4,0.57,0.03,0.08863255,0.1036263,0.7908049,127.49
579300,0.38,0.59,0.03,0.08783381,0.1302385,0.6494043,154.51
579400,0.38,0.59,0.03,0.07381193,0.0767105,0.5262018,140.58
579500,0.42,0.55,0.03,0.07689551,0.0771194,0.4612032,122.56
579600,0.42,0.54,0.04,0.07614882,0.08350227,0.6890049,145.79
579700,0.42,0.55,0.03,0.06945482,0.06886473,0.6060038,143.24
579800,0.47,0.53,0,0.08714233,0.0801351,0.3571998,109.63
579900,0.43,0.54,0.03,0.07398267,0.07535116,0.5814021,137.83
580000,0.37,0.6,0.03,0.07553651,0.07912932,0.519202,146.62
580100,0.44,0.56,0,0.08544695,0.0766964,0.3275998,99
580200,0.5,0.46,0.04,0.06180653,0.057427,0.4426014,140.53
580300,0.46,0.53,0.01,0.07708242,0.08351333,0.359202,114.52
580400,0.35,0.63,0.02,0.07583881,0.06908989,0.2313998,137
580500,0.42,0.55,0.03,0.07254691,0.07178141,0.4594016,141.56
580600,0.44,0.53,0.03,0.06191798,0.05462182,0.5514035,138.02
580700,0.44,0.52,0.04,0.09151401,0.09844752,0.5806015,136.86
580800,0.45,0.53,0.02,0.06992077,0.06719304,0.1989999,125.81
580900,0.43,0.56,0.01,0.09691821,0.1120308,0.2875998,112.07
581000,0.49,0.49,0.02,0.06984236,0.06617621,0.3201998,117.86
581100,0.31,0.63,0.06,0.07578463,0.09478494,0.7370066,167.48
581200,0.38,0.61,0.01,0.06700256,0.06645565,0.1787999,115.72
581300,0.4,0.57,0.03,0.06276977,0.05973359,0.6022029,130.31
581400,0.28,0.72,0,0.06380295,0.05277242,0.2447998,127.39
581500,0.38,0.59,0.03,0.06192129,0.06382239,0.6094037,144.21
581600,0.4,0.55,0.05,0.06660036,0.05811232,1.273211,147.91
581700,0.39,0.59,0.02,0.0801071,0.07956132,0.4052016,131.85
581800,0.39,0.58,0.03,0.07233538,0.06413545,0.6448045,128.57
581900,0.44,0.53,0.03,0.08308711,0.08116791,0.660204,130.45
582000,0.5,0.47,0.03,0.06629689,0.06263473,0.7668033,149.29
582100,0.4,0.57,0.03,0.06603382,0.06058349,0.6624045,123.04
582200,0.32,0.64,0.04,0.09245452,0.09130705,0.6406043,157.33
582300,0.42,0.56,0.02,0.07434246,0.07100122,0.3329998,126.54
582400,0.43,0.56,0.01,0.07304177,0.07436971,0.4138019,141.5
582500,0.49,0.48,0.03,0.06798844,0.06560025,0.2563998,142.96
582600,0.35,0.62,0.03,0.06644773,0.06495223,0.3944019,134.02
582700,0.35,0.63,0.02,0.0819848,0.08401743,0.5644032,136.65
582800,0.46,0.53,0.01,0.07506038,0.07728141,0.5108019,105.48
582900,0.44,0.52,0.04,0.06608624,0.06100464,0.5992024,146.76
583000,0.43,0.56,0.01,0.09159543,0.1047195,0.3950023,101.64
583100,0.34,0.62,0.04,0.06915788,0.06227297,0.6134051,142.72
583200,0.45,0.53,0.02,0.1012059,0.1071303,0.3295997,112.36
583300,0.35,0.61,0.04,0.07941777,0.08749907,0.8072043,149.91
583400,0.4,0.56,0.04,0.0966792,0.09527963,0.5208029,130.54
583500,0.37,0.61,0.02,0.07255535,0.07107493,0.5258041,117.77
583600,0.44,0.54,0.02,0.06881022,0.06230144,0.3429998,144.66
583700,0.35,0.62,0.03,0.0732618,0.06946476,0.334602,121.45
583800,0.45,0.55,0,0.08313854,0.07511644,0.4479997,112.56
583900,0.5,0.47,0.03,0.06242793,0.05497116,0.6832044,148.44
584000,0.36,0.62,0.02,0.07646129,0.06781298,0.5836043,122.02
584100,0.47,0.47,0.06,0.07422587,0.08142249,0.9004079,168.56
584200,0.45,0.52,0.03,0.09411275,0.08543586,0.5980047,111.9
584300,0.33,0.63,0.04,0.07032821,0.06143852,0.7040067,156.25
584400,0.43,0.55,0.02,0.06658249,0.06417543,0.7254042,143.66
584500,0.45,0.54,0.01,0.07989386,0.08152208,0.4019997,131.81
584600,0.42,0.57,0.01,0.06697284,0.07273335,0.3500012,117.19
584700,0.44,0.54,0.02,0.0741813,0.07048833,0.4897995,137.17
584800,0.38,0.59,0.03,0.08756732,0.09267831,0.4612025,129.35
584900,0.41,0.57,0.02,0.06778087,0.07160202,0.2401998,139.23
585000,0.47,0.52,0.01,0.09000971,0.1075164,0.4162018,98.91
585100,0.41,0.55,0.04,0.07848106,0.08221602,0.4450023,138.93
585200,0.38,0.57,0.05,0.07059625,0.08680358,0.940809,149.88
585300,0.48,0.51,0.01,0.08448564,0.1000567,0.5956016,116.26
585400,0.45,0.54,0.01,0.057387,0.05729277,0.383801,124.68
585500,0.46,0.49,0.05,0.06220954,0.06126704,0.6944042,154.25
585600,0.48,0.48,0.04,0.09412982,0.09782862,0.7350046,144.97
585700,0.45,0.52,0.03,0.06465431,0.0602653,0.5680037,136.77
585800,0.4,0.57,0.03,0.05461925,0.05153298,0.4000023,161.34
585900,0.4,0.6,0,0.08340088,0.08947673,0.1921999,87.54
586000,0.5,0.46,0.04,0.08257937,0.07794855,0.3964018,141.91
586100,0.37,0.6,0.03,0.0705491,0.0636746,0.752207,114.34
586200,0.44,0.53,0.03,0.07444736,0.07778277,0.8490064,129.36
586300,0.51,0.47,0.02,0.07368749,0.07364295,0.3829997,124.28
586400,0.43,0.53,0.04,0.06823163,0.06443738,0.671406,132.72
586500,0.48,0.5,0.02,0.07241778,0.06465382,0.729004,111.22
586600,0.48,0.52,0,0.07540712,0.07087013,0.2999998,116.67
586700,0.35,0.62,0.03,0.07029304,0.07193494,0.5540039,142.33
586800,0.34,0.64,0.02,0.06019174,0.05486473,0.328602,128.37
586900,0.46,0.51,0.03,0.06806146,0.0621474,0.6932033,129.22
587000,0.4,0.55,0.05,0.06503361,0.05876075,0.8058045,160.02
587100,0.4,0.56,0.04,0.06868628,0.06369086,0.7098072,150.82
587200,0.41,0.58,0.01,0.06423482,0.06107168,0.458602,129.06
587300,0.52,0.46,0.02,0.08645578,0.1132894,0.4251997,133.8
587400,0.42,0.57,0.01,0.07766539,0.08087172,0.5936021,133.16
587500,0.45,0.5,0.05,0.06136452,0.06408802,0.7264042,153.95
587600,0.37,0.61,0.02,0.08478141,0.08219044,0.3628014,121.62
587700,0.45,0.52,0.03,0.0735985,0.07091781,0.4032021,139.32
587800,0.46,0.51,0.03,0.05897946,0.05894455,0.5524043,137.87
587900,0.47,0.5,0.03,0.08981435,0.08746167,0.8668065,119.39
588000,0.37,0.6,0.03,0.06751567,0.06199013,0.6966048,132.27
588100,0.38,0.58,0.04,0.0672527,0.06658912,0.7492063,131.78
588200,0.39,0.57,0.04,0.08519633,0.07683383,0.6384047,142.98
588300,0.35,0.61,0.04,0.0705428,0.07037275,0.8634064,146.01
588400,0.39,0.61,0,0.09235904,0.08951458,0.3121998,115.51
588500,0.43,0.55,0.02,0.07107332,0.07212652,0.5906038,108.03
588600,0.46,0.5,0.04,0.06800991,0.06298854,0.6952046,140.83
588700,0.42,0.55,0.03,0.0616305,0.05466049,0.3701998,137.06
588800,0.45,0.54,0.01,0.09768003,0.1172896,0.07119995,113.8
588900,0.43,0.54,0.03,0.06282026,0.06525383,0.3800016,134.57
589000,0.45,0.5,0.05,0.06550918,0.05951244,0.9538087,171.15
589100,0.41,0.56,0.03,0.07833022,0.07708607,0.4178025,120.54
589200,0.46,0.53,0.01,0.07359275,0.06541557,0.3323998,112.2
589300,0.46,0.52,0.02,0.06787734,0.06653976,0.6552042,130.62
589400,0.33,0.6,0.07,0.09057382,0.09236168,1.240411,167.13
589500,0.41,0.55,0.04,0.07723659,0.07683924,0.4634021,145
589600,0.35,0.64,0.01,0.07351081,0.09136128,0.353402,108.17
589700,0.37,0.6,0.03,0.08926007,0.08864191,0.4198019,128.44
589800,0.44,0.52,0.04,0.06480262,0.06022053,0.645404,149.46
589900,0.42,0.53,0.05,0.07121862,0.06213459,0.6422048,139.11
590000,0.45,0.52,0.03,0.091953,0.1121566,0.7016068,121.64
590100,0.35,0.61,0.04,0.06572438,0.0704885,0.4250022,155.45
590200,0.44,0.53,0.03,0.07040434,0.07493418,0.8522041,137.01
590300,0.47,0.47,0.06,0.06149729,0.05929817,1.110809,161.82
590400,0.4,0.56,0.04,0.06512994,0.05928387,0.821607,153.09
590500,0.34,0.63,0.03,0.08634054,0.09733368,0.304202,144.29
590600,0.45,0.54,0.01,0.07124574,0.0853138,0.1719999,109.75
590700,0.36,0.59,0.05,0.0841322,0.07581262,0.7834058,152.23
590800,0.47,0.53,0,0.06715173,0.06844277,0.2755998,100.01
590900,0.35,0.63,0.02,0.07550394,0.07037371,0.6292051,110.83
591000,0.4,0.57,0.03,0.07511584,0.08933283,0.416602,130.24
591100,0.58,0.35,0.07,0.05803458,0.05725183,1.393411,202.97
591200,0.44,0.52,0.04,0.07239835,0.08756497,0.7586046,142.93
591300,0.5,0.48,0.02,0.06587467,0.06320022,0.3500022,116.74
591400,0.36,0.61,0.03,0.07862601,0.07383583,0.5208038,129
591500,0.34,0.61,0.05,0.08723453,0.09975044,0.5014017,166.39
591600,0.37,0.62,0.01,0.07078122,0.06647322,0.3471997,137.32
591700,0.42,0.55,0.03,0.06984622,0.06474562,0.7310048,141.28
591800,0.45,0.51,0.04,0.09043625,0.106155,0.6310046,135.26
591900,0.4,0.57,0.03,0.0742527,0.08146034,0.6070036,140.16
592000,0.36,0.61,0.03,0.0934262,0.0892787,0.309202,146.72
592100,0.42,0.56,0.02,0.06720755,0.06229721,0.3882023,117.95
592200,0.43,0.54,0.03,0.09276015,0.1038234,0.7732067,149.42
592300,0.56,0.44,0,0.0644972,0.05752647,0.3907997,105.17
592400,0.5,0.48,0.02,0.09524813,0.09131326,0.3713998,120.85
592500,0.46,0.53,0.01,0.06768517,0.06472315,0.3025998,118.35
592600,0.41,0.59,0,0.06868475,0.07572902,0.3081998,105.29
592700,0.5,0.5,0,0.07574862,0.08562806,0.3385997,101.83
592800,0.46,0.52,0.02,0.07628109,0.07516057,0.6176044,124.46
592900,0.42,0.55,0.03,0.06594264,0.06010598,0.5540047,126.71
593000,0.47,0.48,0.05,0.07620097,0.07173965,0.9356059,148.3
593100,0.36,0.61,0.03,0.06375335,0.06545131,0.7310045,145.82
593200,0.37,0.62,0.01,0.09257349,0.101944,0.3685997,139.51
593300,0.45,0.53,0.02,0.06357752,0.06170784,0.4554024,139.14
593400,0.44,0.53,0.03,0.06835249,0.06792998,0.7484038,123.85
593500,0.43,0.55,0.02,0.07954464,0.07974604,0.4168023,117.69
593600,0.39,0.6,0.01,0.06901391,0.06403869,0.2027998,132.86
593700,0.41,0.54,0.05,0.07614025,0.08370433,0.3580024,158.18
593800,0.45,0.52,0.03,0.0872125,0.08939961,0.5224022,127.72
593900,0.4,0.57,0.03,0.07772653,0.07491535,0.3130025,109.51
594000,0.35,0.59,0.06,0.06941593,0.0629223,1.063208,176.79
594100,0.44,0.52,0.04,0.07888653,0.07775144,0.9024068,136.7
594200,0.43,0.57,0,0.07137797,0.07584963,0.2859998,126.88
594300,0.45,0.52,0.03,0.07195288,0.06432524,0.8084061,136.71
594400,0.4,0.58,0.02,0.06716073,0.062746,0.3196023,126.01
594500,0.36,0.63,0.01,0.08468965,0.07940689,0.4314019,126.96
594600,0.45,0.5,0.05,0.08790123,0.0806366,0.922007,141.73
594700,0.35,0.64,0.01,0.07352305,0.07026313,0.4332016,108.92
594800,0.4,0.57,0.03,0.06308667,0.05705255,0.5534047,140.19
594900,0.45,0.54,0.01,0.05803508,0.06666938,0.621202,146.82
595000,0.4,0.56,0.04,0.0644426,0.07069346,0.5108029,164.55
595100,0.43,0.55,0.02,0.07807603,0.07565058,0.7592046,126.59
595200,0.47,0.48,0.05,0.07089742,0.07444233,0.648204,154.92
595300,0.36,0.56,0.08,0.09361254,0.09914187,1.095011,166.39
595400,0.41,0.58,0.01,0.08876057,0.09235445,0.4676021,116.9
595500,0.33,0.64,0.03,0.08507393,0.08691529,0.7012034,133.19
595600,0.44,0.52,0.04,0.07018159,0.06536609,0.9110069,143.79
595700,0.43,0.55,0.02,0.1065231,0.1028819,0.5294046,111.91
595800,0.36,0.61,0.03,0.09615311,0.09940985,0.5716052,111.64
595900,0.44,0.54,0.02,0.07445823,0.0799804,0.1729999,115.18
596000,0.47,0.52,0.01,0.07240254,0.06720026,0.5588016,116.73
596100,0.48,0.51,0.01,0.06785564,0.06524775,0.5094021,115.01
596200,0.47,0.5,0.03,0.08566032,0.09671034,0.6538039,120.08
596300,0.43,0.56,0.01,0.06665044,0.06981894,0.4088024,115.94
596400,0.43,0.56,0.01,0.07922029,0.07888744,0.2335998,100.55
596500,0.46,0.5,0.04,0.06991483,0.06276411,0.4751997,146.18
596600,0.4,0.52,0.08,0.07833077,0.08059153,1.048611,169.16
596700,0.39,0.61,0,0.07194685,0.06111449,0.3769997,106.18
596800,0.45,0.53,0.02,0.07718188,0.105202,0.4758023,127.84
596900,0.38,0.6,0.02,0.07497427,0.08179236,0.4672019,129.26
597000,0.35,0.64,0.01,0.07164008,0.06969547,0.1773998,123.71
597100,0.45,0.52,0.03,0.06507572,0.06014766,0.2761997,139.73
597200,0.44,0.52,0.04,0.06449071,0.0638884,0.2027998,146
597300,0.33,0.6,0.07,0.09303153,0.1096956,0.7512065,152.75
597400,0.43,0.56,0.01,0.0635727,0.05473048,0.5158022,124.37
597500,0.35,0.6,0.05,0.06127153,0.06370228,0.6152043,151.35
597600,0.44,0.52,0.04,0.06396296,0.0605752,0.7328045,155.49
597700,0.52,0.42,0.06,0.1104409,0.1174729,0.5970042,144.89
597800,0.43,0.55,0.02,0.08263525,0.0719953,0.2347998,115.06
597900,0.32,0.63,0.05,0.07051142,0.06784036,0.5974041,145.28
598000,0.38,0.59,0.03,0.1022017,0.09238815,0.5228042,133.89
598100,0.47,0.52,0.01,0.06912446,0.08268326,0.373002,100.72
598200,0.53,0.45,0.02,0.07266138,0.08021018,0.5748015,129.08
598300,0.53,0.43,0.04,0.06551512,0.05721642,0.6102015,150.36
598400,0.43,0.55,0.02,0.05718139,0.05326368,0.1937998,121.93
598500,0.41,0.57,0.02,0.06616154,0.05911634,0.6410046,121.13
598600,0.45,0.53,0.02,0.08337641,0.08467294,0.4438015,135.24
598700,0.34,0.61,0.05,0.07509852,0.07210266,0.4606022,158.51
598800,0.53,0.46,0.01,0.07313167,0.07325076,0.5125996,131.38
598900,0.41,0.57,0.02,0.09078322,0.09528754,0.4428023,129
599000,0.49,0.48,0.03,0.06661688,0.08144514,0.3417997,123.69
599100,0.44,0.56,0,0.07948724,0.07592381,0.2883998,96.15
599200,0.38,0.6,0.02,0.06453553,0.05737345,0.4918017,130.14
599300,0.42,0.55,0.03,0.0640534,0.06685621,0.6506045,125.84
599400,0.43,0.54,0.03,0.0647476,0.06426255,0.7052048,137.23
599500,0.39,0.56,0.05,0.08063538,0.07568738,1.016009,148.72
599600,0.41,0.58,0.01,0.06589175,0.06647696,0.2151998,137.08
599700,0.34,0.63,0.03,0.1124543,0.09842514,0.1595999,103.28
599800,0.36,0.61,0.03,0.06658731,0.06576809,0.5464041,126.99
599900,0.43,0.56,0.01,0.07482371,0.06533508,0.5382028,111.83
600000,0.45,0.52,0.03,0.07926829,0.1034109,0.4335996,126.41
600100,0.43,0.52,0.05,0.07093485,0.07334729,0.553004,145.47
600200,0.41,0.59,0,0.08692691,0.08415603,0.3576001,107.35
600300,0.39,0.61,0,0.07956952,0.09713712,0.1655999,87.48
600400,0.46,0.52,0.02,0.0735973,0.0695409,0.4376016,123.39
600500,0.45,0.52,0.03,0.07766373,0.08602934,0.6412049,133.22
600600,0.41,0.55,0.04,0.07766587,0.09725759,0.6456038,135.98
600700,0.4,0.59,0.01,0.09392476,0.0952897,0.4992024,112.74
600800,0.5,0.5,0,0.08908255,0.08711986,0.4207997,78.96
600900,0.42,0.55,0.03,0.06915788,0.07196941,0.6770043,140.6
601000,0.47,0.47,0.06,0.06785882,0.07068043,0.9330089,159.06
601100,0.38,0.59,0.03,0.07906852,0.06678757,0.3768023,124.13
601200,0.43,0.55,0.02,0.07168723,0.06934125,0.4640013,117.64
601300,0.46,0.5,0.04,0.0642287,0.06528758,0.7704049,144.85
601400,0.46,0.53,0.01,0.05992814,0.05195082,0.5482029,130.63
601500,0.49,0.49,0.02,0.07589783,0.08446155,0.2191999,107.71
601600,0.43,0.57,0,0.09134302,0.08370814,0.2261998,88.7
601700,0.45,0.52,0.03,0.06484696,0.06124036,0.5800045,127.46
601800,0.37,0.61,0.02,0.07857806,0.09281254,0.3564014,138.79
601900,0.44,0.56,0,0.08176094,0.07794508,0.2617998,105.05
602000,0.4,0.58,0.02,0.08174608,0.09813207,0.3440025,103.46
602100,0.32,0.63,0.05,0.06754678,0.06334575,0.5032036,158.87
602200,0.44,0.53,0.03,0.06932741,0.06237802,0.6402017,147.42
602300,0.42,0.57,0.01,0.07664077,0.07639007,0.3107997,118.72
602400,0.42,0.57,0.01,0.07087113,0.09103277,0.2627998,125
602500,0.43,0.54,0.03,0.06749779,0.06439845,0.8498068,134.37
602600,0.47,0.51,0.02,0.07005301,0.06572767,0.8358021,153.61
602700,0.44,0.52,0.04,0.09436033,0.0917652,0.6000036,135.31
602800,0.43,0.54,0.03,0.06399672,0.05784034,0.3892018,134.93
602900,0.4,0.6,0,0.1230991,0.123272,0.2505998,92.18
603000,0.43,0.54,0.03,0.08563604,0.0862499,0.7558044,132.52
603100,0.42,0.57,0.01,0.0826442,0.07205792,0.3449998,121.71
603200,0.38,0.59,0.03,0.06993277,0.06039824,0.7116029,142.21
603300,0.46,0.53,0.01,0.0873238,0.09713543,0.4966019,108.4
603400,0.43,0.53,0.04,0.09522486,0.09920388,0.7718055,114.03
603500,0.35,0.61,0.04,0.07542019,0.07353698,0.3940025,154.53
603600,0.52,0.47,0.01,0.08047466,0.09022634,0.2533998,118.59
603700,0.46,0.53,0.01,0.07902568,0.06943831,0.2805998,111.21
603800,0.4,0.55,0.05,0.08100085,0.09227016,0.6616042,137.13
603900,0.37,0.63,0,0.08152338,0.07670946,0.3529998,117.83
604000,0.42,0.55,0.03,0.07208222,0.06859408,0.5718037,123.65
604100,0.4,0.54,0.06,0.07150182,0.0711541,0.3954016,147.64
604200,0.47,0.5,0.03,0.07589941,0.07060771,0.3428017,135.1
604300,0.37,0.61,0.02,0.0629694,0.07413491,0.4824024,134.94
604400,0.45,0.51,0.04,0.08507738,0.08932011,0.7136061,139.38
604500,0.43,0.54,0.03,0.08127645,0.07426166,0.6722038,128.7
604600,0.44,0.52,0.04,0.08032021,0.09724949,0.4724022,134.66
604700,0.38,0.61,0.01,0.06558023,0.06917811,0.2237998,114.11
604800,0.35,0.6,0.05,0.07330931,0.07660046,0.5836046,138.44
604900,0.46,0.52,0.02,0.08437617,0.07847376,0.3702022,119.03
605000,0.42,0.57,0.01,0.06682325,0.06256639,0.3301997,141.11
605100,0.38,0.58,0.04,0.06101575,0.07537746,0.6350058,147.71
605200,0.46,0.52,0.02,0.09045991,0.1009963,0.6606042,120.87
605300,0.43,0.56,0.01,0.06774018,0.0750564,0.2807998,103.86
605400,0.44,0.51,0.05,0.07904047,0.07993362,0.8574063,142.63
605500,0.47,0.49,0.04,0.07184146,0.1038976,0.8844063,135.03
605600,0.45,0.52,0.03,0.07773377,0.08124862,0.941806,136.29
605700,0.44,0.55,0.01,0.06544238,0.07329466,0.3906018,118.31
605800,0.39,0.59,0.02,0.07159539,0.07793462,0.5770017,145.14
605900,0.37,0.58,0.05,0.05922351,0.0558253,0.3852023,156.12
606000,0.47,0.5,0.03,0.06697868,0.06351795,0.6312044,151.63
606100,0.48,0.48,0.04,0.07793564,0.07200923,0.7674054,141.65
606200,0.45,0.52,0.03,0.06701338,0.06259873,0.4700019,143.17
606300,0.51,0.47,0.02,0.06446563,0.06239526,0.4774019,125.37
606400,0.4,0.59,0.01,0.08934124,0.1104833,0.4760022,112.38
606500,0.37,0.6,0.03,0.06418505,0.06035852,0.4540019,135.82
606600,0.43,0.55,0.02,0.08748981,0.08143455,0.628204,119.7
606700,0.42,0.58,0,0.07467424,0.07729504,0.2331998,100.59
606800,0.39,0.55,0.06,0.07199172,0.06783885,1.051009,169.14
606900,0.42,0.58,0,0.1022691,0.11171,0.1067999,109.06
607000,0.33,0.64,0.03,0.07110599,0.08889976,0.4748018,142.16
607100,0.49,0.47,0.04,0.0769635,0.08119355,0.6640034,152
607200,0.43,0.52,0.05,0.08599988,0.0873426,0.8178064,155.83
607300,0.4,0.58,0.02,0.0726333,0.06881186,0.584402,127.91
607400,0.4,0.59,0.01,0.0818051,0.08429659,0.1601999,111.33
607500,0.49,0.5,0.01,0.0688509,0.08474597,0.3415997,117.51
607600,0.37,0.58,0.05,0.0662074,0.06236709,0.787207,148.52
607700,0.52,0.48,0,0.08269828,0.08202577,0.3543997,102.51
607800,0.4,0.53,0.07,0.06245528,0.06333333,0.651804,181.84
607900,0.42,0.55,0.03,0.06932108,0.06598119,0.8168073,128.66
608000,0.42,0.54,0.04,0.07099498,0.06547631,0.6322045,139.3
608100,0.42,0.56,0.02,0.08918858,0.09997869,0.4228024,111
608200,0.47,0.5,0.03,0.07828586,0.08204753,0.5766042,119.51
608300,0.38,0.59,0.03,0.07795133,0.07869131,0.7404038,120.05
608400,0.47,0.48,0.05,0.06329954,0.05816885,0.9132062,159.72
608500,0.36,0.63,0.01,0.09919207,0.09776893,0.3148025,96.77
608600,0.32,0.62,0.06,0.06182236,0.05966125,0.6362048,161.31
608700,0.35,0.62,0.03,0.08698652,0.09240066,0.5270044,113.65
608800,0.47,0.51,0.02,0.06798277,0.06593727,0.5298025,140.45
608900,0.49,0.49,0.02,0.06444134,0.072009,0.7078044,117.68
609000,0.43,0.56,0.01,0.07658651,0.08529472,0.5378025,113.27
609100,0.45,0.53,0.02,0.07862385,0.08897784,0.5282019,124.85
609200,0.47,0.5,0.03,0.07290838,0.07154837,0.7504042,128.27
609300,0.48,0.51,0.01,0.08477658,0.09431208,0.5756021,118.19
609400,0.43,0.55,0.02,0.09170222,0.0887835,0.6562045,118.08
609500,0.39,0.59,0.02,0.0976017,0.09582798,0.3102022,106.22
609600,0.27,0.68,0.05,0.05965434,0.05694587,0.3212016,167.58
609700,0.4,0.59,0.01,0.07995719,0.0785961,0.3004021,117.72
609800,0.36,0.6,0.04,0.06882209,0.06786151,0.4904019,163.8
609900,0.45,0.53,0.02,0.08730032,0.08244708,0.5360026,142.5
610000,0.45,0.55,0,0.06187683,0.05864697,0.4387996,107.04
610100,0.43,0.56,0.01,0.06298204,0.06448202,0.1665999,103.6
610200,0.46,0.5,0.04,0.08861308,0.1093031,0.6730037,155.93
610300,0.44,0.53,0.03,0.06969567,0.08108348,0.4646022,132.9
610400,0.44,0.54,0.02,0.0870637,0.1029393,0.4754022,102.02
610500,0.46,0.52,0.02,0.08451057,0.09030959,0.3669997,122.87
610600,0.43,0.55,0.02,0.06630044,0.06308082,0.3374016,126.91
610700,0.42,0.54,0.04,0.06867348,0.06769336,0.8926064,143.13
610800,0.47,0.51,0.02,0.0942379,0.08470903,0.6954033,134.71
610900,0.38,0.59,0.03,0.07840707,0.08733164,0.5142035,140.55
611000,0.45,0.53,0.02,0.08605041,0.07329078,0.521404,120.93
611100,0.51,0.48,0.01,0.07287524,0.06127097,0.4187997,124.13
611200,0.4,0.56,0.04,0.07734314,0.0932199,0.7446032,146.32
611300,0.56,0.44,0,0.06864928,0.06334107,0.2123999,100.11
611400,0.41,0.56,0.03,0.06664066,0.07878897,0.8084062,140.09
611500,0.36,0.61,0.03,0.06677755,0.07822551,0.4604022,158.92
611600,0.42,0.57,0.01,0.1012204,0.09589778,0.4274021,109.73
611700,0.39,0.58,0.03,0.08263847,0.1276911,0.3384019,143.51
611800,0.43,0.55,0.02,0.07094328,0.06305385,0.2331998,139.94
611900,0.48,0.51,0.01,0.06888177,0.06517354,0.2455998,116.15
612000,0.34,0.64,0.02,0.07515883,0.06636443,0.1325999,112.27
612100,0.38,0.61,0.01,0.06622896,0.0654026,0.5056021,138.42
612200,0.57,0.41,0.02,0.0677348,0.06457352,0.8720044,124.88
612300,0.41,0.58,0.01,0.06802017,0.06009872,0.4878024,132.72
612400,0.38,0.61,0.01,0.06908803,0.07824937,0.3848006,133.23
612500,0.41,0.57,0.02,0.06141576,0.06287304,0.4032021,132.08
612600,0.46,0.52,0.02,0.07015923,0.0734044,0.6516035,126.55
612700,0.44,0.52,0.04,0.07012693,0.06659392,0.8830078,138
612800,0.41,0.51,0.08,0.1001612,0.1142268,1.22921,165.59
612900,0.4,0.57,0.03,0.0587125,0.06566621,0.4736019,135.87
613000,0.41,0.58,0.01,0.07450304,0.07665984,0.3397997,117.66
613100,0.46,0.51,0.03,0.07653505,0.07454732,0.796204,133.64
613200,0.33,0.63,0.04,0.07011319,0.07092991,0.6336038,146.09
613300,0.4,0.58,0.02,0.08631153,0.07976713,0.6534047,123.91
613400,0.44,0.53,0.03,0.06904843,0.0617694,0.608004,161.43
613500,0.47,0.52,0.01,0.06140633,0.07296631,0.2823998,117.73
613600,0.37,0.6,0.03,0.06934647,0.06827929,0.6306048,145.94
613700,0.43,0.54,0.03,0.06842518,0.06961651,0.2431998,128.58
613800,0.39,0.59,0.02,0.06965256,0.06717206,0.5058019,120.11
613900,0.39,0.54,0.07,0.06367455,0.06391971,1.255413,176.29
614000,0.44,0.55,0.01,0.07373433,0.0727207,0.3788022,101.23
614100,0.44,0.54,0.02,0.06651145,0.0674646,0.3693997,138.03
614200,0.39,0.57,0.04,0.07538015,0.07623527,0.7396044,155.63
614300,0.39,0.58,0.03,0.07351284,0.06676072,0.5030016,148.52
614400,0.33,0.6,0.07,0.07823139,0.08489804,1.18961,164.1
614500,0.47,0.5,0.03,0.0733592,0.071707,0.6656045,124.53
614600,0.45,0.54,0.01,0.07189444,0.0838646,0.4050022,112.94
614700,0.38,0.6,0.02,0.06468648,0.06659604,0.5500022,130.46
614800,0.39,0.58,0.03,0.07187908,0.07475851,0.5326021,122.53
614900,0.38,0.57,0.05,0.07417599,0.06324702,0.7800062,148.84
615000,0.46,0.53,0.01,0.06468929,0.06027251,0.5324026,112.39
615100,0.36,0.64,0,0.07395485,0.08052142,0.3717997,100.7
615200,0.4,0.55,0.05,0.06359579,0.06546955,0.8286058,150.55
615300,0.43,0.53,0.04,0.07272609,0.07230367,0.7724062,131.71
615400,0.44,0.47,0.09,0.07032312,0.07047357,1.045208,168.32
615500,0.45,0.53,0.02,0.07432644,0.06852415,0.5898021,135.43
615600,0.4,0.58,0.02,0.07658476,0.07359034,0.335802,109
615700,0.4,0.57,0.03,0.09333066,0.1110324,0.3785997,128.1
615800,0.38,0.59,0.03,0.08386512,0.08559698,0.379202,116.84
615900,0.47,0.5,0.03,0.06665686,0.06580519,0.4656022,130.78
616000,0.43,0.55,0.02,0.0813584,0.08099118,0.5130022,127.17
616100,0.47,0.52,0.01,0.07046937,0.06445283,0.534202,126.29
616200,0.39,0.57,0.04,0.07644569,0.08105282,1.04581,141.42
616300,0.45,0.52,0.03,0.08460766,0.1022461,1.021607,145.08
616400,0.38,0.61,0.01,0.09451124,0.09065188,0.3180017,97.56
616500,0.46,0.52,0.02,0.09067508,0.08093396,0.409802,129.68
616600,0.53,0.47,0,0.069573,0.06379184,0.3193997,99.52
616700,0.38,0.58,0.04,0.0740185,0.07362279,0.4176016,148.45
616800,0.39,0.57,0.04,0.08481622,0.08281714,0.6596042,139.27
616900,0.45,0.52,0.03,0.09186617,0.1006775,0.4632024,127.34
617000,0.45,0.54,0.01,0.07187697,0.07937861,0.4966021,106.29
617100,0.44,0.54,0.02,0.07869554,0.07889267,0.6092037,118.8
617200,0.49,0.5,0.01,0.07012908,0.06239462,0.4151997,122.04
617300,0.48,0.51,0.01,0.07456473,0.07862313,0.1693999,108.92
617400,0.44,0.55,0.01,0.07141664,0.07917921,0.1903999,108.59
617500,0.46,0.49,0.05,0.06857941,0.06863017,0.4364022,149.08
617600,0.37,0.62,0.01,0.0819491,0.08044581,0.3240016,108.68
617700,0.41,0.57,0.02,0.09202371,0.09009125,0.7202039,126.46
617800,0.36,0.62,0.02,0.06558516,0.06395123,0.2975998,124.12
617900,0.4,0.58,0.02,0.07364823,0.07136601,0.4660024,135.8
618000,0.5,0.47,0.03,0.07169176,0.0727142,0.460202,128.2
618100,0.46,0.51,0.03,0.0604244,0.05966953,0.5018024,142.21
618200,0.41,0.56,0.03,0.0801143,0.08722755,0.3918022,125.89
618300,0.5,0.47,0.03,0.06829149,0.06090827,0.8326064,148.14
618400,0.42,0.56,0.02,0.08813071,0.09518851,0.4928018,108.7
618500,0.33,0.66,0.01,0.1000594,0.09036215,0.2613998,120.69
618600,0.42,0.56,0.02,0.0794492,0.08894771,0.3301997,126.62
618700,0.37,0.6,0.03,0.0778879,0.07405896,0.672604,122.93
618800,0.31,0.63,0.06,0.07317852,0.07830989,1.184813,166.85
618900,0.4,0.56,0.04,0.08863516,0.08982871,1.04101,132.7
619000,0.44,0.5,0.06,0.08746933,0.08413821,1.230013,169.56
619100,0.46,0.51,0.03,0.0574766,0.0528533,0.7964047,174.92
619200,0.44,0.51,0.05,0.07572975,0.06942636,0.4972022,142.71
619300,0.35,0.64,0.01,0.08270437,0.07431697,0.4526021,105.12
619400,0.37,0.6,0.03,0.08139576,0.08957306,0.4516045,120.2
619500,0.48,0.5,0.02,0.09162836,0.07248488,0.7164043,119.55
619600,0.43,0.54,0.03,0.06810375,0.06847706,0.6516048,125.93
619700,0.37,0.6,0.03,0.06751058,0.06238917,0.666204,125.1
619800,0.47,0.5,0.03,0.08805203,0.08791254,0.5039995,135.17
619900,0.44,0.54,0.02,0.08911461,0.09284977,0.4836022,110.97
620000,0.41,0.53,0.06,0.08787464,0.08111729,0.5288048,163.08
620100,0.35,0.65,0,0.07390273,0.06758858,0.2551998,114.85
620200,0.43,0.56,0.01,0.0895397,0.09197097,0.3085998,106.89
620300,0.4,0.57,0.03,0.07120744,0.07330352,0.6752042,142.56
620400,0.45,0.54,0.01,0.05899535,0.05807314,0.3011997,118.42
620500,0.36,0.62,0.02,0.06690103,0.06225083,0.5918047,131.23
620600,0.39,0.59,0.02,0.06783662,0.06390081,0.2739998,108.73
620700,0.4,0.56,0.04,0.06962385,0.07295601,0.5594047,130.35
620800,0.46,0.53,0.01,0.08897468,0.08041952,0.3820025,111.66
620900,0.45,0.52,0.03,0.07269778,0.06694596,0.5018024,136.11
621000,0.31,0.66,0.03,0.06292948,0.06204813,0.5340039,145.11
621100,0.5,0.47,0.03,0.06541307,0.0641197,0.5984035,131.58
621200,0.42,0.53,0.05,0.05812987,0.05699535,0.7786073,160.27
621300,0.42,0.55,0.03,0.07523877,0.07363331,0.6586043,132.27
621400,0.44,0.54,0.02,0.06430379,0.06914014,0.5872042,124.7
621500,0.46,0.51,0.03,0.07412148,0.06995876,0.2617998,137.45
621600,0.43,0.53,0.04,0.0891004,0.08772609,0.6460049,138.71
621700,0.44,0.54,0.02,0.0759736,0.07510421,0.4498022,107.86
621800,0.48,0.51,0.01,0.07122304,0.07241112,0.4011996,114.92
621900,0.46,0.49,0.05,0.05860109,0.05710067,0.9272069,157.98
622000,0.45,0.52,0.03,0.08241983,0.07432044,0.4894024,149.62
622100,0.37,0.62,0.01,0.07212443,0.06696803,0.5508018,127.21
622200,0.47,0.51,0.02,0.09204665,0.08425823,0.5300041,120.77
622300,0.41,0.58,0.01,0.06858896,0.06584424,0.3583997,118.12
622400,0.4,0.58,0.02,0.08695269,0.08823132,0.4618018,118.83
622500,0.36,0.59,0.05,0.07403202,0.1055217,0.6880062,142.75
622600,0.42,0.56,0.02,0.07259929,0.07411825,0.4136021,131.07
622700,0.45,0.53,0.02,0.0697336,0.0669769,0.4326023,135.03
622800,0.42,0.58,0,0.07095558,0.07325659,0.3081998,117.69
622900,0.38,0.62,0,0.09478996,0.1027539,0.1795999,103.06
623000,0.41,0.57,0.02,0.06875555,0.06834161,0.4474021,124.77
623100,0.5,0.46,0.04,0.07733598,0.08531199,0.8490063,137.16
623200,0.39,0.58,0.03,0.08566812,0.09177476,0.5376039,153.22
623300,0.41,0.57,0.02,0.09141354,0.0889406,0.3848021,126.11
623400,0.34,0.64,0.02,0.08690528,0.1063031,0.3144025,128.82
623500,0.43,0.56,0.01,0.06909583,0.06648587,0.574402,126.97
623600,0.41,0.58,0.01,0.07322244,0.074003,0.4710019,130.11
623700,0.43,0.53,0.04,0.07766277,0.07434912,0.2731998,133.99
623800,0.47,0.52,0.01,0.07893211,0.08751866,0.3123998,109.01
623900,0.45,0.52,0.03,0.0773051,0.09867156,0.6552044,131.52
624000,0.46,0.51,0.03,0.0696142,0.08157234,0.7744059,115.16
624100,0.39,0.59,0.02,0.06028488,0.05744531,0.2703997,118.1
624200,0.45,0.51,0.04,0.06216459,0.06025764,0.6648036,138.39
624300,0.43,0.51,0.06,0.07532195,0.08099938,1.16461,150.58
624400,0.38,0.59,0.03,0.06814863,0.05838756,0.2407998,132.53
624500,0.35,0.63,0.02,0.06336047,0.05737493,0.3988017,132.76
624600,0.44,0.55,0.01,0.09245454,0.0911741,0.3545998,108.58
624700,0.4,0.55,0.05,0.07261689,0.07270516,0.9570093,145.36
624800,0.48,0.5,0.02,0.06408507,0.06359097,0.3475997,118.19
624900,0.37,0.57,0.06,0.08023096,0.09189114,0.7212067,141.38
625000,0.51,0.48,0.01,0.07392508,0.08250046,0.4930021,113.38
625100,0.41,0.59,0,0.09311125,0.09362843,0.1807999,99.62
625200,0.4,0.59,0.01,0.08510818,0.101498,0.2337998,98.01
625300,0.43,0.53,0.04,0.06644246,0.06717458,0.7026063,132.08
625400,0.49,0.49,0.02,0.07478764,0.08143696,0.6792043,121.28
625500,0.42,0.53,0.05,0.08452398,0.07861084,0.9098066,157.29
625600,0.39,0.58,0.03,0.06070278,0.05819641,0.7178062,127.47
625700,0.52,0.48,0,0.08448597,0.09216107,0.2365998,97.23
625800,0.4,0.6,0,0.05303548,0.05318044,0.2177998,121.12
625900,0.47,0.51,0.02,0.06152504,0.05900724,0.4612023,117.65
626000,0.49,0.48,0.03,0.07373807,0.0797211,0.5690022,135.65
626100,0.43,0.57,0,0.07668168,0.08030716,0.3101997,111.42
626200,0.38,0.61,0.01,0.060684,0.06153351,0.2897997,124.07
626300,0.34,0.64,0.02,0.06884656,0.06949614,0.2175998,120.88
626400,0.44,0.55,0.01,0.09471533,0.08264917,0.4662023,103.03
626500,0.27,0.72,0.01,0.06902905,0.06500382,0.2892016,124.56
626600,0.43,0.56,0.01,0.0827458,0.1001887,0.444602,126.55
626700,0.48,0.51,0.01,0.06179702,0.05836212,0.5052024,112.91
626800,0.37,0.6,0.03,0.07298642,0.08115605,0.4404019,129.7
626900,0.48,0.47,0.05,0.06047759,0.05364802,0.564805,149.48
627000,0.39,0.56,0.05,0.06053656,0.05607562,0.7288069,165.96
627100,0.37,0.59,0.04,0.0892821,0.0748812,0.4631996,163.81
627200,0.45,0.53,0.02,0.0630312,0.05703301,0.2407998,127.67
627300,0.39,0.57,0.04,0.06988654,0.0788488,1.171209,141.28
627400,0.4,0.6,0,0.06820249,0.07058891,0.3303998,105.65
627500,0.45,0.51,0.04,0.07755702,0.07461142,0.8472043,144.09
627600,0.43,0.52,0.05,0.07323585,0.08362187,0.7546042,149.14
627700,0.49,0.49,0.02,0.07301009,0.09131793,0.6596047,135.66
627800,0.48,0.48,0.04,0.07357912,0.07463376,0.8418065,142.56
627900,0.39,0.6,0.01,0.07218551,0.07915103,0.2759998,142.35
628000,0.56,0.42,0.02,0.06320811,0.06819697,0.4749996,151.33
628100,0.48,0.49,0.03,0.07684711,0.07641879,0.9090061,161.82
628200,0.43,0.56,0.01,0.06751038,0.06343906,0.4088025,91.57
628300,0.35,0.63,0.02,0.08668252,0.09178736,0.386602,131.49
628400,0.35,0.62,0.03,0.0772958,0.07701338,0.7514049,135.3
628500,0.45,0.55,0,0.06226212,0.06155746,0.3097997,100.06
628600,0.44,0.56,0,0.07447206,0.06734043,0.3771997,104.11
628700,0.44,0.56,0,0.08142024,0.0816597,0.3763998,102.04
628800,0.38,0.6,0.02,0.06224837,0.05764268,0.5850048,155.87
628900,0.44,0.55,0.01,0.06987365,0.06513384,0.3155997,106.33
629000,0.37,0.58,0.05,0.09640006,0.1303109,0.7770064,130.9
629100,0.34,0.64,0.02,0.07139587,0.07235239,0.1855999,122.26
629200,0.39,0.6,0.01,0.08130411,0.07039282,0.4410024,116.77
629300,0.4,0.57,0.03,0.07826021,0.08551209,0.6426048,134.33
629400,0.44,0.53,0.03,0.06790008,0.06924751,0.5486023,146.54
629500,0.35,0.57,0.08,0.06490182,0.06369467,1.393414,178.28
629600,0.45,0.51,0.04,0.08163831,0.09261479,0.6304045,127.99
629700,0.39,0.58,0.03,0.09834358,0.112247,0.3176019,138.46
629800,0.46,0.53,0.01,0.06183609,0.05729656,0.3803997,118.44
629900,0.44,0.53,0.03,0.07386175,0.07991313,0.6212045,150.49
630000,0.39,0.6,0.01,0.08845175,0.08498903,0.3982023,96.43
630100,0.45,0.53,0.02,0.07775988,0.07281876,0.2725998,117.13
630200,0.43,0.55,0.02,0.0747954,0.07653418,0.5292024,125.05
630300,0.45,0.53,0.02,0.06176901,0.05969885,0.3111998,136.65
630400,0.49,0.47,0.04,0.08392379,0.09527656,0.8050066,140.12
630500,0.42,0.55,0.03,0.07074616,0.07180244,0.7050071,126.19
630600,0.42,0.56,0.02,0.071581,0.06807604,0.3968021,122.16
630700,0.43,0.54,0.03,0.07590691,0.06713088,0.7530051,121.93
630800,0.41,0.52,0.07,0.0648647,0.06797508,1.08521,151.93
630900,0.47,0.52,0.01,0.06823166,0.06360818,0.5008023,104.63
631000,0.46,0.53,0.01,0.0661585,0.06592426,0.5126024,112.65
631100,0.46,0.48,0.06,0.06583923,0.06464572,1.035209,152.68
631200,0.4,0.57,0.03,0.07137411,0.06399737,0.4852016,131.02
631300,0.42,0.57,0.01,0.09382088,0.09344196,0.3784023,108.03
631400,0.53,0.46,0.01,0.07780264,0.073844,0.5780023,105.62
631500,0.42,0.57,0.01,0.07099571,0.06209042,0.1715999,108.16
631600,0.44,0.54,0.02,0.0929542,0.107308,0.2499998,118
631700,0.44,0.53,0.03,0.1121811,0.1234277,0.621805,135.73
631800,0.5,0.48,0.02,0.05865401,0.05036758,0.5524022,124.21
631900,0.49,0.47,0.04,0.08118469,0.0920002,0.7432067,134.38
632000,0.45,0.54,0.01,0.07155365,0.06661753,0.4942022,104.44
632100,0.36,0.61,0.03,0.06934678,0.0652633,0.7344041,137.14
632200,0.44,0.55,0.01,0.08351209,0.09441935,0.4756023,99.42
632300,0.39,0.53,0.08,0.08549972,0.07621031,1.307012,163.68
632400,0.48,0.47,0.05,0.06645956,0.06844182,1.046809,148.01
632500,0.42,0.56,0.02,0.06468012,0.06051814,0.8050046,131.35
632600,0.35,0.62,0.03,0.06878629,0.06655052,0.5482046,125.48
632700,0.48,0.52,0,0.07659664,0.069024,0.3289997,97.78
632800,0.45,0.52,0.03,0.09789249,0.09608096,0.7610065,132.71
632900,0.46,0.5,0.04,0.08052891,0.07919645,0.3769997,141.37
633000,0.44,0.55,0.01,0.08059277,0.08570701,0.5270023,129.45
633100,0.45,0.52,0.03,0.07848063,0.08689407,0.697806,119.43
633200,0.4,0.57,0.03,0.07623588,0.07726797,0.4784025,126.97
633300,0.35,0.59,0.06,0.09034458,0.09672866,0.6036034,141.96
633400,0.4,0.58,0.02,0.07064923,0.07926261,0.3471997,125.72
633500,0.4,0.56,0.04,0.08386632,0.08013881,0.4246021,126.34
633600,0.39,0.59,0.02,0.07535609,0.07373223,0.7866044,135.22
633700,0.44,0.54,0.02,0.06490662,0.06971484,0.5772021,122.39
633800,0.4,0.57,0.03,0.0581443,0.05978753,0.5384051,113.16
633900,0.37,0.6,0.03,0.07866569,0.07901508,0.3946019,124.9
634000,0.44,0.55,0.01,0.08721282,0.0861939,0.1909999,113.13
634100,0.48,0.5,0.02,0.1066927,0.1105127,0.6520051,112.77
634200,0.37,0.6,0.03,0.06056716,0.05365804,0.5230045,132.38
634300,0.39,0.6,0.01,0.09059263,0.1071166,0.4556025,114.3
634400,0.43,0.53,0.04,0.08945247,0.1001786,0.7866037,144.19
634500,0.47,0.52,0.01,0.0633288,0.0593119,0.2795998,101.09
634600,0.37,0.61,0.02,0.07371638,0.0735609,0.6388048,129.12
634700,0.46,0.53,0.01,0.09963789,0.09645966,0.4560023,108.57
634800,0.48,0.5,0.02,0.06657114,0.06754159,0.6012045,119.55
634900,0.36,0.63,0.01,0.07443111,0.07895118,0.4400025,113.64
635000,0.35,0.64,0.01,0.07774471,0.07753718,0.1657999,85.69
635100,0.45,0.54,0.01,0.07538074,0.06985887,0.3969997,116.12
635200,0.4,0.58,0.02,0.06397942,0.06410896,0.4362025,112.12
635300,0.36,0.62,0.02,0.072829,0.08683597,0.4524019,124.52
635400,0.42,0.55,0.03,0.06473534,0.06363225,0.5408027,137.2
635500,0.45,0.53,0.02,0.06529778,0.06272197,0.7684042,126.34
635600,0.43,0.53,0.04,0.07255839,0.0678826,0.7696056,126.58
635700,0.38,0.58,0.04,0.0930871,0.099504,0.8898067,147.94
635800,0.41,0.57,0.02,0.07708109,0.09294742,0.5804023,135.37
635900,0.42,0.57,0.01,0.08998003,0.08800063,0.3315997,111.96
636000,0.38,0.58,0.04,0.06723366,0.08477674,0.4352023,128.91
636100,0.37,0.61,0.02,0.07565548,0.06637146,0.3808021,136.27
636200,0.49,0.5,0.01,0.0630556,0.06111258,0.5804027,125.26
636300,0.55,0.41,0.04,0.09045881,0.09406338,0.5948044,125.36
636400,0.37,0.6,0.03,0.06811515,0.06098746,0.3882021,131.84
636500,0.44,0.55,0.01,0.06886056,0.06727066,0.419402,114.89
636600,0.41,0.55,0.04,0.06803413,0.07891078,0.7824042,144.61
636700,0.31,0.65,0.04,0.07160188,0.06799632,0.7240067,147.7
636800,0.41,0.56,0.03,0.06619638,0.06500556,0.5540019,144.17
636900,0.38,0.62,0,0.08178058,0.0902826,0.2371998,103.11
637000,0.45,0.51,0.04,0.06157826,0.06469545,0.6838045,126.63
637100,0.44,0.51,0.05,0.0965832,0.1034044,0.8514061,137.35
637200,0.4,0.57,0.03,0.0778266,0.0781005,0.6316042,123.68
637300,0.56,0.44,0,0.06441427,0.06306744,0.3815997,111.92
637400,0.45,0.5,0.05,0.0664575,0.06816213,0.6036043,138.01
637500,0.4,0.58,0.02,0.07230853,0.06642666,0.5832022,120.58
637600,0.47,0.48,0.05,0.06997639,0.07277449,0.5218012,177.29
637700,0.46,0.52,0.02,0.05981754,0.05789813,0.4816035,127.43
637800,0.4,0.6,0,0.06993091,0.0650363,0.1895999,105.46
637900,0.46,0.51,0.03,0.07001026,0.06268391,0.5024047,132.77
638000,0.43,0.55,0.02,0.0594174,0.05635628,0.4486022,135.2
638100,0.39,0.59,0.02,0.07964271,0.08580419,0.4192021,116.37
638200,0.42,0.56,0.02,0.1108969,0.1150047,0.6792039,129.9
638300,0.37,0.62,0.01,0.06522527,0.06419155,0.3259998,124.35
638400,0.43,0.53,0.04,0.07926695,0.09249377,0.7032048,127.72
638500,0.47,0.51,0.02,0.0720313,0.07848237,0.6424041,126.55
638600,0.42,0.56,0.02,0.07634482,0.08326704,0.4608024,122.45
638700,0.39,0.59,0.02,0.06497622,0.05768232,0.5688018,139.04
638800,0.42,0.56,0.02,0.08913331,0.07583514,0.5388021,115.98
638900,0.45,0.51,0.04,0.05977889,0.05696255,0.8236073,146.55
639000,0.5,0.48,0.02,0.06892535,0.06599317,0.5692039,107.43
639100,0.44,0.52,0.04,0.07191446,0.094151,0.801807,147.58
639200,0.35,0.6,0.05,0.08929977,0.0900477,0.5044045,158.48
639300,0.41,0.58,0.01,0.06456216,0.07427772,0.1831999,133.36
639400,0.52,0.45,0.03,0.0699284,0.07001956,0.2301998,127.32
639500,0.4,0.55,0.05,0.07186925,0.08128634,0.9022072,157.72
639600,0.4,0.59,0.01,0.07467542,0.07335676,0.3142023,96.27
639700,0.43,0.53,0.04,0.06881766,0.08119436,0.4058023,143.4
639800,0.45,0.53,0.02,0.05569543,0.05269454,0.5030023,137.59
639900,0.4,0.56,0.04,0.06735624,0.06343233,0.3800025,136.85
640000,0.45,0.54,0.01,0.06279919,0.05671796,0.4180014,118.23
640100,0.44,0.53,0.03,0.07902532,0.07849424,0.7196029,148.46
640200,0.47,0.49,0.04,0.08111116,0.07828358,0.9380096,123.45
640300,0.42,0.54,0.04,0.07514557,0.07221159,0.6260047,127.09
640400,0.43,0.54,0.03,0.05859267,0.06459118,0.6442043,140.09
640500,0.4,0.56,0.04,0.07580456,0.06904612,0.5996044,146.06
640600,0.43,0.57,0,0.0969642,0.100116,0.2485998,99.84
640700,0.51,0.48,0.01,0.07672806,0.07122244,0.4980022,114.93
640800,0.42,0.56,0.02,0.08329225,0.0864364,0.6368043,115.46
640900,0.43,0.54,0.03,0.0703503,0.08895744,0.5012022,139.06
641000,0.38,0.58,0.04,0.09047125,0.09752753,0.7080048,134.7
641100,0.46,0.52,0.02,0.07028295,0.07103716,0.3974021,113.45
641200,0.43,0.56,0.01,0.07532573,0.08039947,0.3017998,107.1
641300,0.47,0.46,0.07,0.07245353,0.07216284,1.052608,179.94
641400,0.37,0.59,0.04,0.08543673,0.08560045,1.217209,153.72
641500,0.46,0.49,0.05,0.07388927,0.06622156,0.7240059,142.46
641600,0.42,0.53,0.05,0.06736751,0.06696573,0.7358059,140.54
641700,0.47,0.52,0.01,0.06305066,0.06755031,0.4515997,121.28
641800,0.46,0.51,0.03,0.06851009,0.06948642,0.6780043,144.37
641900,0.46,0.53,0.01,0.09146773,0.08459121,0.394002,120.68
642000,0.4,0.58,0.02,0.09530637,0.09446657,0.3656016,120.17
642100,0.42,0.52,0.06,0.07551365,0.07765818,1.018008,162.28
642200,0.4,0.55,0.05,0.07091174,0.07441771,0.9334096,137.13
642300,0.42,0.54,0.04,0.0689781,0.07771957,0.7218058,152.45
642400,0.37,0.6,0.03,0.0877206,0.08808485,0.4624046,118.41
642500,0.45,0.52,0.03,0.06248767,0.05459396,0.4330015,128.07
642600,0.33,0.63,0.04,0.07324677,0.06428714,0.5936051,126.66
642700,0.48,0.51,0.01,0.08229331,0.07819727,0.3473997,127.65
642800,0.39,0.57,0.04,0.0752145,0.06974549,0.6396044,136.47
642900,0.49,0.49,0.02,0.09877167,0.09476396,0.2437998,136.41
643000,0.38,0.59,0.03,0.1212714,0.1204337,0.4754024,126.4
643100,0.41,0.58,0.01,0.07325418,0.06268587,0.5026023,120.1
643200,0.39,0.58,0.03,0.06650907,0.06389111,0.4772019,132.11
643300,0.42,0.57,0.01,0.09152474,0.08752891,0.1441999,108.29
643400,0.38,0.58,0.04,0.06496248,0.0633797,0.7096047,152.03
643500,0.47,0.5,0.03,0.07262595,0.08068254,0.8304074,134.76
643600,0.46,0.53,0.01,0.07504056,0.0667901,0.4848024,116.98
643700,0.47,0.49,0.04,0.05799699,0.05333123,0.9102066,136.32
643800,0.41,0.57,0.02,0.08389377,0.08817272,0.2501998,106.38
643900,0.42,0.57,0.01,0.07136381,0.07060616,0.2403998,116.76
644000,0.42,0.55,0.03,0.07524569,0.07942778,0.6166044,128.83
644100,0.43,0.55,0.02,0.08840527,0.1239942,0.6868047,120.14
644200,0.41,0.59,0,0.0942409,0.09637709,0.2639998,107.52
644300,0.42,0.55,0.03,0.08098649,0.07761156,0.5544049,118.08
644400,0.45,0.51,0.04,0.07155839,0.06890181,0.8634067,148.5
644500,0.4,0.56,0.04,0.0959973,0.1184632,0.5718044,142.49
644600,0.42,0.55,0.03,0.06781714,0.06390353,0.9530067,128.95
644700,0.43,0.55,0.02,0.05917051,0.05204933,0.3999997,139.52
644800,0.44,0.56,0,0.07194606,0.06870556,0.1995999,101.41
644900,0.4,0.58,0.02,0.08149856,0.0775921,0.2077999,107.43
645000,0.34,0.6,0.06,0.0838541,0.073811,1.106011,159.94
645100,0.4,0.56,0.04,0.09506764,0.07454541,0.7190045,146.37
645200,0.37,0.6,0.03,0.07923774,0.08564428,0.4494024,129.93
645300,0.48,0.49,0.03,0.06736782,0.06691601,0.9198048,147.06
645400,0.39,0.59,0.02,0.06952466,0.06443002,0.4062015,115.61
645500,0.42,0.56,0.02,0.08740995,0.08088037,0.6710047,134.6
645600,0.46,0.53,0.01,0.06874368,0.06897351,0.4542023,108.14
645700,0.4,0.56,0.04,0.09593237,0.08622898,0.7436066,132.72
645800,0.42,0.58,0,0.06377394,0.06098207,0.1797999,100.25
645900,0.36,0.61,0.03,0.07837395,0.0748374,0.3884024,130.76
646000,0.43,0.54,0.03,0.06619126,0.06798533,0.2597998,111.3
646100,0.49,0.5,0.01,0.06823203,0.05964135,0.3267998,112.96
646200,0.4,0.58,0.02,0.1020684,0.08808515,0.6412042,115.57
646300,0.38,0.6,0.02,0.06570149,0.064696,0.6358021,134.19
646400,0.4,0.59,0.01,0.08159968,0.08097886,0.2943998,106.11
646500,0.48,0.47,0.05,0.08356319,0.08836362,1.002807,149.42
646600,0.47,0.51,0.02,0.09204778,0.0874176,0.4428023,104.68
646700,0.31,0.66,0.03,0.07531826,0.08724268,0.2786016,148.75
646800,0.35,0.6,0.05,0.06954315,0.06397365,0.753606,152.5
646900,0.46,0.53,0.01,0.07542499,0.06888502,0.3211998,120.35
647000,0.46,0.52,0.02,0.07235583,0.06742223,0.6470047,126.96
647100,0.4,0.57,0.03,0.05422071,0.05168949,0.4454024,150.94
647200,0.5,0.49,0.01,0.08161239,0.09271842,0.2503999,109.21
647300,0.38,0.61,0.01,0.084443,0.09936761,0.4078022,98.17
647400,0.46,0.51,0.03,0.06276011,0.05943014,0.6258045,134.04
647500,0.43,0.57,0,0.08146713,0.07732373,0.4010001,107.69
647600,0.4,0.56,0.04,0.06864286,0.06545522,1.01441,152.03
647700,0.42,0.56,0.02,0.09749347,0.09871387,0.5018022,121.75
647800,0.37,0.62,0.01,0.0773925,0.07965446,0.2111998,108.92
647900,0.49,0.49,0.02,0.07342871,0.06430873,0.2571998,123.59
648000,0.33,0.64,0.03,0.06174515,0.06486197,0.2780016,142.37
648100,0.56,0.44,0,0.08258507,0.09388627,0.3087997,97.98
648200,0.44,0.53,0.03,0.09288321,0.101933,0.2445998,131.13
648300,0.36,0.62,0.02,0.07206241,0.08453706,0.4034017,126.25
648400,0.47,0.52,0.01,0.08103524,0.0828575,0.3427997,100.09
648500,0.49,0.47,0.04,0.07653685,0.08373748,0.5874024,153.17
648600,0.46,0.52,0.02,0.06443135,0.06075684,0.5058014,106.68
648700,0.42,0.58,0,0.06458789,0.07878679,0.4056,135.41
648800,0.47,0.5,0.03,0.0809837,0.07720381,0.5374016,126.14
648900,0.49,0.49,0.02,0.06914536,0.07049556,0.8100026,123.24
649000,0.37,0.6,0.03,0.09096105,0.08588085,0.4147997,137.57
649100,0.35,0.62,0.03,0.08407364,0.08036068,0.5432037,117.89
649200,0.37,0.62,0.01,0.06551398,0.06298279,0.5092018,114.33
649300,0.33,0.64,0.03,0.07226228,0.06954873,0.463802,127
649400,0.46,0.52,0.02,0.1033608,0.09877957,0.6918047,121.77
649500,0.51,0.47,0.02,0.07710002,0.07706313,0.5580023,114.04
649600,0.44,0.53,0.03,0.07006425,0.06534001,0.3778018,128.72
649700,0.4,0.59,0.01,0.06358971,0.06288405,0.3219997,105.56
649800,0.41,0.53,0.06,0.07059257,0.07022592,1.251011,156.7
649900,0.37,0.6,0.03,0.07745566,0.0718701,0.3794022,120.39
650000,0.42,0.57,0.01,0.07920092,0.07616034,0.4824023,128.24
650100,0.51,0.48,0.01,0.06912401,0.06193205,0.3167997,122.81
650200,0.4,0.59,0.01,0.06634055,0.05991521,0.4618014,107.64
650300,0.45,0.49,0.06,0.05913268,0.05196745,1.177211,171.32
650400,0.45,0.55,0,0.06039585,0.05303437,0.1983998,96.7
650500,0.47,0.52,0.01,0.07751992,0.07122859,0.5152022,120.22
650600,0.45,0.53,0.02,0.0831876,0.08482926,0.5634019,119.47
650700,0.43,0.55,0.02,0.08409891,0.07933093,0.6708041,139.84
650800,0.4,0.57,0.03,0.08204541,0.08745552,0.6166051,124.23
650900,0.48,0.5,0.02,0.07767262,0.08036555,0.7636045,150.08
651000,0.36,0.6,0.04,0.06322092,0.06159229,0.7808045,149.2
651100,0.44,0.54,0.02,0.07082219,0.07384576,0.5208019,126.03
651200,0.38,0.57,0.05,0.06197698,0.05710553,0.6050044,148.54
651300,0.44,0.54,0.02,0.09374912,0.09810744,0.4826027,115.26
651400,0.43,0.55,0.02,0.06094512,0.05728473,0.4288022,123.57
651500,0.45,0.53,0.02,0.08222359,0.07086969,0.5776021,116.53
651600,0.39,0.58,0.03,0.0738151,0.08628906,0.5148038,114.5
651700,0.43,0.54,0.03,0.07397717,0.06519075,0.5352042,129.86
651800,0.45,0.52,0.03,0.07076994,0.06510301,0.2565998,128.67
651900,0.44,0.53,0.03,0.07247606,0.08549397,0.3118013,135.13
652000,0.41,0.56,0.03,0.04892526,0.04898757,0.5624018,154.52
652100,0.4,0.59,0.01,0.08904154,0.09896183,0.4146022,107.03
652200,0.39,0.57,0.04,0.064135,0.06362431,1.008609,143.96
652300,0.43,0.55,0.02,0.07109372,0.06773253,0.5470019,139.58
652400,0.48,0.51,0.01,0.07588504,0.08584684,0.3313997,94.42
652500,0.45,0.53,0.02,0.08376414,0.08561587,0.6682018,132.24
652600,0.44,0.52,0.04,0.06586922,0.06402253,0.8756056,130.38
652700,0.48,0.52,0,0.09288296,0.1010575,0.3723997,99.78
652800,0.43,0.56,0.01,0.08005623,0.09237021,0.2793998,110.71
652900,0.41,0.56,0.03,0.07965466,0.07855902,0.5536042,129.34
653000,0.47,0.51,0.02,0.09856203,0.09706102,0.6204045,137.49
653100,0.43,0.56,0.01,0.06610044,0.06562966,0.3967997,111.36
653200,0.43,0.56,0.01,0.07645533,0.07081293,0.6230024,123.13
653300,0.52,0.47,0.01,0.07867452,0.09183965,0.3567997,108.69
653400,0.43,0.55,0.02,0.07827378,0.08734761,0.2913998,136.74
653500,0.43,0.53,0.04,0.07214876,0.07957891,0.6870049,148.15
653600,0.52,0.47,0.01,0.09084215,0.0927121,0.2599998,103.67
653700,0.43,0.53,0.04,0.07507055,0.07276556,0.5572023,130.84
653800,0.41,0.57,0.02,0.06913772,0.06768595,0.5464042,113.63
653900,0.34,0.63,0.03,0.08373842,0.07714266,0.7146055,143.24
654000,0.37,0.62,0.01,0.07137506,0.05819715,0.4596022,122.02
654100,0.43,0.54,0.03,0.07792092,0.09007144,0.2783998,138.86
654200,0.39,0.59,0.02,0.06791105,0.06113493,0.3245998,133.48
654300,0.47,0.48,0.05,0.07234854,0.0705007,1.19241,151.64
654400,0.5,0.49,0.01,0.09133118,0.09319063,0.4377997,116.51
654500,0.38,0.6,0.02,0.07717291,0.07555687,0.3982022,127.99
654600,0.43,0.53,0.04,0.07299659,0.07920823,0.5674022,153.32
654700,0.44,0.53,0.03,0.05952474,0.05135844,0.5258021,143.63
654800,0.47,0.47,0.06,0.09015502,0.09100157,1.104809,155.23
654900,0.35,0.63,0.02,0.09178096,0.09285232,0.6588043,103.5
655000,0.42,0.54,0.04,0.07916078,0.07657304,0.5202042,129.99
655100,0.41,0.57,0.02,0.09073056,0.08731444,0.3187998,128.05
655200,0.4,0.59,0.01,0.06564856,0.07828254,0.2479998,118.06
655300,0.39,0.58,0.03,0.07611507,0.07289182,0.3836022,134.57
655400,0.5,0.46,0.04,0.09332119,0.09949518,0.2573998,141.28
655500,0.47,0.51,0.02,0.07495261,0.07463485,0.8172037,129.45
655600,0.45,0.49,0.06,0.09507994,0.08921883,0.845807,146.01
655700,0.47,0.5,0.03,0.06197568,0.06071015,1.005807,146.04
655800,0.41,0.57,0.02,0.0712585,0.06763365,0.413802,117.09
655900,0.48,0.5,0.02,0.07913531,0.06523848,0.4318014,137.95
656000,0.5,0.45,0.05,0.06319108,0.05961047,0.7700042,156.82
656100,0.46,0.52,0.02,0.06208695,0.05939707,0.6054022,119.22
656200,0.37,0.61,0.02,0.07390738,0.0742114,0.4052022,120.04
656300,0.44,0.53,0.03,0.09237575,0.09941918,0.8416075,117.42
656400,0.45,0.51,0.04,0.0709412,0.07339449,0.7006044,142.48
656500,0.43,0.55,0.02,0.06949945,0.06756047,0.2311998,113.71
656600,0.39,0.59,0.02,0.09054949,0.08684411,0.6308047,127.22
656700,0.43,0.56,0.01,0.07902998,0.07883174,0.3944024,103.41
656800,0.43,0.53,0.04,0.07945152,0.08857111,0.2961998,130.81
656900,0.44,0.55,0.01,0.0821766,0.08652017,0.532402,103.97
657000,0.51,0.46,0.03,0.08983519,0.09202526,0.9402061,134.85
657100,0.48,0.48,0.04,0.05879158,0.05650471,0.8782066,141.07
657200,0.44,0.54,0.02,0.06235543,0.05654325,0.8672049,133.53
657300,0.38,0.59,0.03,0.08642253,0.1090697,0.6556041,144.69
657400,0.49,0.5,0.01,0.0749249,0.07565214,0.4093996,102
657500,0.45,0.52,0.03,0.07400632,0.07103195,0.6188042,132.39
657600,0.46,0.52,0.02,0.05493067,0.05318939,0.4791996,145.51
657700,0.48,0.51,0.01,0.05956262,0.05647794,0.675202,126.86
657800,0.38,0.6,0.02,0.0608765,0.06067711,0.3922016,141.37
657900,0.41,0.56,0.03,0.08689231,0.1004234,0.823206,134.19
658000,0.43,0.55,0.02,0.09529456,0.104954,0.4178024,113.19
658100,0.34,0.63,0.03,0.06706281,0.06390554,0.6918046,150.65
658200,0.47,0.51,0.02,0.05809672,0.04996428,0.7958044,132.56
658300,0.45,0.54,0.01,0.08057039,0.09824644,0.3063998,99.27
658400,0.42,0.54,0.04,0.05512997,0.05502133,0.9104067,151.82
658500,0.41,0.55,0.04,0.07427403,0.09953819,0.6818068,145.36
658600,0.43,0.55,0.02,0.0655662,0.06428217,0.5736051,113.13
658700,0.42,0.56,0.02,0.0702749,0.074029,0.4206015,123.3
658800,0.39,0.59,0.02,0.05632086,0.04990729,0.4734022,133.24
658900,0.35,0.62,0.03,0.07695587,0.07839646,0.7346044,142.67
659000,0.48,0.5,0.02,0.06733808,0.07155707,0.6972045,121.72
659100,0.47,0.48,0.05,0.07917434,0.09029421,0.6712046,156.76
659200,0.47,0.51,0.02,0.07530862,0.07423515,0.2367998,111.64
659300,0.42,0.58,0,0.08479705,0.09034409,0.4240003,128.92
659400,0.43,0.52,0.05,0.08253974,0.07893144,0.9074079,145.83
659500,0.47,0.49,0.04,0.07161523,0.0882507,0.7308041,156.18
659600,0.5,0.48,0.02,0.08273721,0.08241533,0.6076022,135.5
659700,0.52,0.47,0.01,0.1016066,0.1052016,0.3195998,97.75
659800,0.43,0.55,0.02,0.07301532,0.07569457,0.5858048,121.95
659900,0.38,0.61,0.01,0.08148959,0.07989897,0.3698019,120.44
660000,0.46,0.53,0.01,0.08098722,0.06949274,0.4868019,129.56
660100,0.37,0.62,0.01,0.0765399,0.07846188,0.3902023,114.46
660200,0.45,0.52,0.03,0.05896158,0.05499533,0.5630024,169.35
660300,0.47,0.51,0.02,0.0652875,0.06234527,0.491402,138.17
660400,0.42,0.56,0.02,0.09903886,0.09713436,0.4398021,112.72
660500,0.48,0.48,0.04,0.07838911,0.07872831,0.1685999,150.57
660600,0.44,0.53,0.03,0.06607409,0.0649002,0.9132065,123.55
660700,0.42,0.54,0.04,0.06443059,0.06297477,0.4112022,139.35
660800,0.47,0.53,0,0.06756587,0.06751804,0.3423997,115.76
660900,0.35,0.63,0.02,0.0648435,0.06262711,0.6744044,130.76
661000,0.46,0.47,0.07,0.07189698,0.08110083,1.20861,166.7
661100,0.39,0.6,0.01,0.08462489,0.08753211,0.388,118.82
661200,0.43,0.54,0.03,0.07985035,0.07098478,0.752207,119.3
661300,0.45,0.53,0.02,0.06655338,0.06053337,0.4714023,113.69
661400,0.41,0.57,0.02,0.07029638,0.06781749,0.6752043,116.45
661500,0.37,0.62,0.01,0.07190818,0.07716754,0.2875997,119.69
661600,0.46,0.52,0.02,0.06867103,0.06389792,0.2667998,138.69
661700,0.44,0.53,0.03,0.08257964,0.08024269,0.4418024,146.57
661800,0.48,0.5,0.02,0.07361419,0.0697937,0.2265998,123.58
661900,0.39,0.56,0.05,0.06793793,0.06697012,1.103809,159.03
662000,0.39,0.6,0.01,0.09070348,0.09156162,0.4306023,106.14
662100,0.48,0.49,0.03,0.06354994,0.06365618,0.5322014,143.45
662200,0.46,0.53,0.01,0.08059133,0.07900999,0.5476016,102.86
662300,0.37,0.6,0.03,0.07121029,0.06719477,0.471802,161.36
662400,0.41,0.59,0,0.06352829,0.06282868,0.4385996,111.74
662500,0.46,0.53,0.01,0.06975248,0.07064819,0.5176021,103.06
662600,0.42,0.55,0.03,0.07280637,0.07382934,0.5846019,147.7
662700,0.41,0.56,0.03,0.08311199,0.0846713,0.4804024,131.37
662800,0.5,0.48,0.02,0.07487396,0.07169976,0.4808022,115.73
662900,0.45,0.54,0.01,0.07305375,0.06938624,0.2857997,117.93
663000,0.48,0.48,0.04,0.08876679,0.08787881,0.6560041,127.53
663100,0.45,0.55,0,0.0684243,0.07185308,0.2467998,117.98
663200,0.39,0.55,0.06,0.07043121,0.06732628,0.7730072,170.4
663300,0.31,0.66,0.03,0.06328183,0.06226858,0.1959998,138.33
663400,0.39,0.58,0.03,0.09518898,0.1049536,0.4088025,130.32
663500,0.47,0.48,0.05,0.08070367,0.07731406,1.162211,143.97
663600,0.45,0.55,0,0.05977459,0.05957092,0.3275998,124.65
663700,0.44,0.55,0.01,0.101776,0.09787958,0.4060025,110.21
663800,0.45,0.55,0,0.097363,0.1014148,0.3113998,91.39
663900,0.38,0.57,0.05,0.06715665,0.06437992,0.5668044,136.33
664000,0.39,0.61,0,0.08267146,0.08385044,0.2015999,105.7
664100,0.47,0.49,0.04,0.07850149,0.07063191,1.160409,154.37
664200,0.44,0.52,0.04,0.07399628,0.06868011,0.9212069,143.26
664300,0.46,0.52,0.02,0.06792467,0.06624588,0.5854044,126.38
664400,0.48,0.49,0.03,0.06097172,0.06030004,0.7106045,136.16
664500,0.43,0.54,0.03,0.0830916,0.08867805,0.7536041,133.46
664600,0.51,0.46,0.03,0.08248921,0.08477443,0.4758022,141.1
664700,0.51,0.49,0,0.08330913,0.082587,0.3977997,116.66
664800,0.4,0.59,0.01,0.06758074,0.06079262,0.7770042,127.25
664900,0.56,0.41,0.03,0.06995335,0.07121394,0.8916068,132.33
665000,0.4,0.56,0.04,0.07631293,0.07850511,0.5132023,155.23
665100,0.44,0.55,0.01,0.06434329,0.06957508,0.1149999,111.28
665200,0.48,0.51,0.01,0.0816146,0.07673368,0.6030024,115.92
665300,0.36,0.56,0.08,0.06486492,0.0664005,1.191213,161.28
665400,0.37,0.61,0.02,0.07958096,0.07345285,0.1731999,122.14
665500,0.4,0.57,0.03,0.07287577,0.07986156,0.2349998,132.2
665600,0.43,0.53,0.04,0.06924885,0.08556426,0.5478041,132.33
665700,0.49,0.51,0,0.114577,0.1080126,0.3093998,101.13
665800,0.49,0.48,0.03,0.07351484,0.07786176,0.4490021,129.2
665900,0.37,0.59,0.04,0.06946435,0.06678034,0.6086046,140.68
666000,0.43,0.55,0.02,0.06526125,0.06549641,0.5056017,141.27
666100,0.38,0.6,0.02,0.08871873,0.09569079,0.3609998,104.45
666200,0.49,0.48,0.03,0.07400512,0.0783635,0.9978058,151.35
666300,0.38,0.57,0.05,0.07549834,0.08311746,0.4754021,145.65
666400,0.52,0.46,0.02,0.06607278,0.06586394,0.3369997,132.04
666500,0.42,0.56,0.02,0.07585681,0.0701547,0.4146024,122.59
666600,0.47,0.51,0.02,0.08762199,0.1038281,0.6150045,111.31
666700,0.46,0.51,0.03,0.1091252,0.1130448,0.692804,128.98
666800,0.35,0.64,0.01,0.07227349,0.06923176,0.1429999,117.25
666900,0.47,0.48,0.05,0.08806302,0.09079958,0.624002,157.24
667000,0.45,0.54,0.01,0.07223094,0.07069977,0.4810018,121.89
667100,0.4,0.56,0.04,0.06055341,0.05727956,0.7256066,137.49
667200,0.53,0.46,0.01,0.07951888,0.07076585,0.5404016,121
667300,0.43,0.54,0.03,0.06625621,0.06790628,0.824007,124.46
667400,0.48,0.49,0.03,0.05681914,0.0537046,0.3852005,136.93
667500,0.45,0.49,0.06,0.07043446,0.06506181,1.03601,156.94
667600,0.41,0.55,0.04,0.0705664,0.08369782,0.3970025,141.96
667700,0.46,0.54,0,0.07397287,0.06746538,0.2815998,103.52
667800,0.47,0.49,0.04,0.07529347,0.07162185,0.7848067,132.49
667900,0.51,0.47,0.02,0.07297327,0.07266822,0.7464044,129.13
668000,0.49,0.5,0.01,0.08250881,0.07485966,0.4350019,113.11
668100,0.45,0.52,0.03,0.09276564,0.1017429,0.8654064,141.5
668200,0.48,0.51,0.01,0.06660293,0.06074072,0.2311998,105.92
668300,0.46,0.51,0.03,0.07480757,0.06989032,0.6984046,135.26
668400,0.33,0.63,0.04,0.06942009,0.06724001,0.9546081,164
668500,0.46,0.53,0.01,0.07056582,0.07282331,0.4839996,120.41
668600,0.47,0.51,0.02,0.06914523,0.07602645,0.3295997,120.74
668700,0.51,0.46,0.03,0.1066525,0.1147625,0.6408041,132.82
668800,0.44,0.52,0.04,0.06103681,0.05915909,0.3433998,144.05
668900,0.4,0.58,0.02,0.07021662,0.07362694,0.6098048,113.55
669000,0.47,0.51,0.02,0.05934747,0.05230062,0.7284045,141.24
669100,0.44,0.55,0.01,0.07736328,0.06805446,0.4732023,116.21
669200,0.4,0.59,0.01,0.06258262,0.0567478,0.2333998,108.69
669300,0.41,0.56,0.03,0.09118941,0.08560655,0.1635998,136.73
669400,0.45,0.53,0.02,0.08034276,0.0888337,0.2141998,129.53
669500,0.42,0.55,0.03,0.07485416,0.08349892,0.4970018,123.59
669600,0.41,0.55,0.04,0.06651663,0.06862672,0.6386045,130.63
669700,0.43,0.53,0.04,0.06959769,0.07120264,0.6178049,135.05
669800,0.49,0.5,0.01,0.07584206,0.07605453,0.4391996,125.17
669900,0.51,0.47,0.02,0.09094657,0.09029614,0.7852048,116.99
670000,0.44,0.54,0.02,0.06446774,0.06420051,0.2619998,131.04
670100,0.44,0.55,0.01,0.08518216,0.1006966,0.6106018,108.37
670200,0.45,0.53,0.02,0.06697097,0.07022122,0.2225998,114.72
670300,0.45,0.52,0.03,0.0921783,0.09158509,0.4319997,135.6
670400,0.37,0.62,0.01,0.07046845,0.08054344,0.3432022,121.38
670500,0.41,0.58,0.01,0.06225311,0.06598151,0.5046024,144.47
670600,0.44,0.55,0.01,0.06255326,0.06141949,0.2469998,110.39
670700,0.51,0.47,0.02,0.07083122,0.06667491,0.6450041,127.24
670800,0.47,0.5,0.03,0.06247754,0.05712401,0.6890042,126.02
670900,0.39,0.61,0,0.06499052,0.06524932,0.2703998,117.37
671000,0.42,0.56,0.02,0.07144648,0.07700209,0.5042018,123.8
671100,0.53,0.47,0,0.09124234,0.1027566,0.4499996,124.73
671200,0.47,0.53,0,0.08861289,0.08275457,0.3103998,111.01
671300,0.39,0.6,0.01,0.06062518,0.06100775,0.2837998,108.06
671400,0.41,0.57,0.02,0.07488814,0.07083807,0.6268042,113.35
671500,0.45,0.54,0.01,0.08965348,0.09241223,0.4358022,107.63
671600,0.37,0.59,0.04,0.09862073,0.1081787,0.5816044,127.51
671700,0.49,0.47,0.04,0.07539661,0.07963332,0.2585998,134.95
671800,0.49,0.46,0.05,0.09532949,0.08622855,0.6248045,148.82
671900,0.45,0.55,0,0.07292913,0.07246218,0.4429997,126
672000,0.32,0.63,0.05,0.09175406,0.09443144,0.7766067,135.4
672100,0.46,0.54,0,0.09723958,0.09250841,0.2335999,93.43
672200,0.48,0.48,0.04,0.06196461,0.05891405,0.7120017,158.57
672300,0.5,0.48,0.02,0.06227467,0.06047504,0.6602017,119.58
672400,0.37,0.61,0.02,0.09044003,0.08890676,0.2868017,100.45
672500,0.35,0.65,0,0.09950772,0.103162,0.1689999,97.59
672600,0.42,0.57,0.01,0.06882954,0.06729338,0.4233996,99.01
672700,0.43,0.54,0.03,0.0816522,0.08419405,0.4524024,107.11
672800,0.35,0.64,0.01,0.08005045,0.07691229,0.5708022,122.5
672900,0.49,0.49,0.02,0.08268422,0.07631348,0.4804024,123.39
673000,0.38,0.59,0.03,0.06477132,0.06376691,0.6336045,135.66
673100,0.37,0.6,0.03,0.09489974,0.09821518,0.5160046,106.48
673200,0.45,0.5,0.05,0.05572269,0.06530074,0.6196046,154.05
673300,0.44,0.54,0.02,0.08184032,0.09834628,0.2901998,120.4
673400,0.51,0.48,0.01,0.09560457,0.1014777,0.505801,102.87
673500,0.39,0.59,0.02,0.09696694,0.09190831,0.7514041,125.06
673600,0.49,0.49,0.02,0.06803896,0.06438983,0.2779998,121.01
673700,0.44,0.53,0.03,0.06137105,0.05990708,0.7540052,138.7
673800,0.43,0.56,0.01,0.07985477,0.0939611,0.4030022,132.15
673900,0.49,0.5,0.01,0.07089188,0.07370745,0.5660014,128.72
674000,0.34,0.61,0.05,0.06320778,0.05817424,0.6296039,149.33
674100,0.43,0.53,0.04,0.1085852,0.1057002,0.9056078,130.24
674200,0.4,0.56,0.04,0.0611934,0.06033418,0.5692052,141.4
674300,0.39,0.57,0.04,0.08574366,0.08679571,0.8058066,127.96
674400,0.36,0.59,0.05,0.06433173,0.058549,0.9328098,149.24
674500,0.51,0.47,0.02,0.06460655,0.06177044,0.4080015,127.24
674600,0.51,0.46,0.03,0.07539341,0.09610489,0.6590018,140.04
674700,0.52,0.46,0.02,0.05808842,0.05504297,0.6760045,139.82
674800,0.38,0.58,0.04,0.06462287,0.06326602,0.4504018,144.15
674900,0.49,0.5,0.01,0.09795184,0.08996382,0.2521998,109.94
675000,0.38,0.58,0.04,0.07104714,0.07087696,0.573804,145.56
675100,0.46,0.54,0,0.068932,0.05882956,0.3223997,103.28
675200,0.47,0.48,0.05,0.05380861,0.05048675,1.124409,160.08
675300,0.46,0.52,0.02,0.06128895,0.06223368,0.7516043,127.06
675400,0.42,0.53,0.05,0.06037381,0.05543924,1.066611,145.92
675500,0.54,0.45,0.01,0.07138593,0.07309552,0.3615997,105.32
675600,0.46,0.52,0.02,0.08485088,0.07298875,0.7682043,131.86
675700,0.44,0.52,0.04,0.07043504,0.0710846,0.656004,125.98
675800,0.33,0.63,0.04,0.07244044,0.07393537,0.5834046,142.27
675900,0.43,0.52,0.05,0.07790128,0.07904171,0.4860022,155.69
676000,0.49,0.45,0.06,0.07950622,0.06890762,1.069009,151.88
676100,0.38,0.6,0.02,0.07334977,0.07202294,0.5484042,141.04
676200,0.45,0.54,0.01,0.07120528,0.06946772,0.2005999,121.97
676300,0.48,0.49,0.03,0.1072889,0.09929635,0.9396065,127.54
676400,0.36,0.6,0.04,0.06353711,0.06121119,0.6438046,154.39
676500,0.42,0.55,0.03,0.08042966,0.06958173,0.8254067,144.71
676600,0.46,0.5,0.04,0.0690543,0.05683457,0.9180072,151.21
676700,0.35,0.61,0.04,0.08996722,0.09831612,0.5192022,126.32
676800,0.49,0.49,0.02,0.06349066,0.06377153,0.7530046,126.97
676900,0.46,0.5,0.04,0.05063209,0.05123292,0.8722046,147.43
677000,0.37,0.58,0.05,0.07426777,0.07633281,0.8036072,152.63
677100,0.39,0.56,0.05,0.05732359,0.05416555,0.8572071,150.2
677200,0.49,0.45,0.06,0.09908145,0.1108201,1.26361,159.43
677300,0.44,0.51,0.05,0.08271213,0.09279398,0.8166073,137.05
677400,0.34,0.64,0.02,0.07343189,0.07343788,0.5462037,128.6
677500,0.46,0.5,0.04,0.05179773,0.06412063,0.598804,140.17
677600,0.5,0.47,0.03,0.07079052,0.06145296,0.7262042,140.45
677700,0.37,0.59,0.04,0.06522828,0.05769375,0.7676062,138.16
677800,0.39,0.59,0.02,0.0719291,0.0714923,0.4266021,121.5
677900,0.57,0.43,0,0.06420687,0.05610614,0.4295997,115.56
678000,0.49,0.46,0.05,0.07947797,0.0781955,0.9126064,159.29
678100,0.49,0.48,0.03,0.09704797,0.1108623,0.439602,124.55
678200,0.38,0.54,0.08,0.0664662,0.06247854,1.605616,161.31
678300,0.39,0.57,0.04,0.06566863,0.05751512,1.042009,143.77
678400,0.54,0.43,0.03,0.05470593,0.05479531,0.7416041,141.15
678500,0.49,0.47,0.04,0.09580821,0.08796606,0.9632066,137.6
678600,0.43,0.53,0.04,0.07476294,0.07232303,0.9590064,144.92
678700,0.41,0.58,0.01,0.06398927,0.06266107,0.5250019,119.91
678800,0.34,0.63,0.03,0.09556165,0.0992996,0.5294024,123.91
678900,0.42,0.55,0.03,0.07099038,0.07223891,0.6080037,129.74
679000,0.41,0.58,0.01,0.07223869,0.06523274,0.387402,115.23
679100,0.41,0.59,0,0.07136448,0.08582255,0.2071999,84.28
679200,0.43,0.57,0,0.06273147,0.07278165,0.3395998,113.18
679300,0.41,0.58,0.01,0.09630226,0.0975678,0.4786018,105.27
679400,0.36,0.62,0.02,0.08666538,0.09373071,0.5224019,132.52
679500,0.4,0.56,0.04,0.06324115,0.05820937,0.6404041,131.77
679600,0.34,0.62,0.04,0.06872148,0.06871778,0.4600026,137.36
679700,0.56,0.41,0.03,0.06109745,0.06521202,0.7346039,129.29
679800,0.46,0.51,0.03,0.07348938,0.0784163,0.5752051,114.68
679900,0.31,0.67,0.02,0.09044736,0.08618644,0.5550049,109.85
680000,0.43,0.54,0.03,0.07903662,0.08238292,0.6780052,136.77
680100,0.33,0.61,0.06,0.07725813,0.07677394,0.9392088,146.5
680200,0.42,0.52,0.06,0.07151967,0.07047262,0.7684073,143.94
680300,0.37,0.58,0.05,0.05908218,0.05319453,0.7772038,158.2
680400,0.4,0.57,0.03,0.08565044,0.08588862,0.6008043,121.88
680500,0.43,0.54,0.03,0.07621942,0.08267889,0.7106043,116.6
680600,0.44,0.52,0.04,0.1189335,0.1166285,0.6658039,129.15
680700,0.47,0.51,0.02,0.06427534,0.05658819,0.556802,140.52
680800,0.45,0.53,0.02,0.1059536,0.1173453,0.2875998,112.88
680900,0.31,0.66,0.03,0.07605559,0.0758442,0.3988019,118.65
681000,0.38,0.6,0.02,0.06639943,0.06357172,0.6502045,113.24
681100,0.37,0.62,0.01,0.08033808,0.09531774,0.4056017,112.6
681200,0.44,0.56,0,0.06512799,0.06350837,0.2873998,101.29
681300,0.45,0.53,0.02,0.1056027,0.1179325,0.4902024,121.84
681400,0.48,0.49,0.03,0.06998979,0.07229723,0.7208039,148.15
681500,0.46,0.51,0.03,0.07757995,0.06975536,0.5662043,141.48
681600,0.4,0.56,0.04,0.07440961,0.07797906,0.7256048,147.81
681700,0.34,0.62,0.04,0.0702754,0.06431084,0.9684093,158.62
681800,0.59,0.38,0.03,0.06940388,0.06522157,0.7208044,126.41
681900,0.44,0.54,0.02,0.07795414,0.08277624,0.3944016,138.18
682000,0.41,0.56,0.03,0.05488909,0.05330614,0.8792053,163.43
682100,0.45,0.49,0.06,0.06739133,0.06211897,1.300011,151.38
682200,0.39,0.57,0.04,0.06517794,0.05481049,0.9286084,136.89
682300,0.52,0.45,0.03,0.06038775,0.0597133,0.706405,134.67
682400,0.38,0.57,0.05,0.06713556,0.06469186,0.894208,137.34
682500,0.43,0.54,0.03,0.08693311,0.07771009,0.6452043,123.72
682600,0.45,0.53,0.02,0.07748539,0.07324337,0.8730046,125.76
682700,0.48,0.49,0.03,0.0697796,0.06533983,0.8592064,146.71
682800,0.53,0.45,0.02,0.06706317,0.06355514,0.4634023,120.97
682900,0.46,0.51,0.03,0.08141573,0.08871369,0.872004,140.95
683000,0.54,0.46,0,0.07553328,0.07449126,0.2219998,100.7
683100,0.48,0.5,0.02,0.06844655,0.07706533,0.5354021,122.55
683200,0.46,0.53,0.01,0.05903006,0.05575784,0.4378023,114.02
683300,0.49,0.48,0.03,0.06879497,0.06225763,0.4696025,138.43
683400,0.44,0.55,0.01,0.06332041,0.08135877,0.4584018,119.38
683500,0.45,0.54,0.01,0.0755154,0.08288217,0.469202,119.05
683600,0.44,0.56,0,0.06688711,0.07663278,0.3986007,108.26
683700,0.52,0.46,0.02,0.05731561,0.05645814,0.7008035,138.06
683800,0.46,0.53,0.01,0.08730353,0.08149292,0.5462022,142.54
683900,0.45,0.53,0.02,0.09493616,0.1042547,0.5120024,121.92
684000,0.34,0.66,0,0.07927123,0.08174678,0.2541998,95.52
684100,0.39,0.6,0.01,0.06912567,0.06491122,0.2595998,117.32
684200,0.42,0.56,0.02,0.07834359,0.07761184,0.2159998,122.69
684300,0.5,0.45,0.05,0.06135364,0.06090228,0.9338064,147.28
684400,0.45,0.53,0.02,0.06271636,0.06004535,0.7162026,132.95
684500,0.45,0.49,0.06,0.08127485,0.1074755,0.932609,174.95
684600,0.47,0.51,0.02,0.07947744,0.08887053,0.3591997,130.33
684700,0.36,0.61,0.03,0.09134956,0.0872786,0.7070053,128.55
684800,0.45,0.52,0.03,0.06382853,0.05814128,0.474602,115.18
684900,0.45,0.53,0.02,0.06307044,0.06049325,0.580402,123.48
685000,0.43,0.54,0.03,0.06303976,0.06111526,0.7818062,140.8
685100,0.48,0.49,0.03,0.07584978,0.09256693,0.668203,135.47
685200,0.45,0.55,0,0.06622216,0.06437114,0.3849997,109.69
685300,0.45,0.53,0.02,0.09341716,0.1002025,0.4715997,129.39
685400,0.4,0.56,0.04,0.08017199,0.07667468,0.5956036,139.73
685500,0.41,0.59,0,0.05945875,0.05948012,0.3151997,120.77
685600,0.46,0.52,0.02,0.1015724,0.1076752,0.7176025,144.21
685700,0.46,0.5,0.04,0.06307659,0.06135901,0.8862056,127.68
685800,0.44,0.53,0.03,0.07401544,0.078072,0.7102056,139.97
685900,0.48,0.48,0.04,0.06881933,0.06431059,0.5186026,147.29
686000,0.38,0.59,0.03,0.05965161,0.05610748,0.5126023,149.56
686100,0.44,0.54,0.02,0.07697047,0.08095789,0.6468045,123.14
686200,0.49,0.5,0.01,0.07457993,0.06922245,0.3529997,107.56
686300,0.42,0.53,0.05,0.06757747,0.06258627,0.9782072,154.53
686400,0.31,0.65,0.04,0.08876286,0.08730324,0.3486026,132.57
686500,0.35,0.62,0.03,0.08992139,0.09513789,0.6720071,137.07
686600,0.39,0.61,0,0.0659146,0.06607512,0.1909998,132.61
686700,0.46,0.5,0.04,0.07801602,0.07605907,0.541002,159.71
686800,0.43,0.52,0.05,0.07474206,0.0616017,1.141809,154.36
686900,0.43,0.54,0.03,0.07809283,0.0924862,0.6652039,127.55
687000,0.43,0.54,0.03,0.06255917,0.06056809,0.5022019,122.26
687100,0.38,0.56,0.06,0.08911555,0.09323114,1.110408,158.82
687200,0.45,0.52,0.03,0.08033905,0.09011232,0.6064018,120.2
687300,0.38,0.58,0.04,0.08320148,0.08105978,0.8792058,144.11
687400,0.42,0.54,0.04,0.0639872,0.06041617,0.466402,142.92
687500,0.47,0.51,0.02,0.07187606,0.07554189,0.4336002,136.27
687600,0.49,0.49,0.02,0.06479861,0.06117673,0.5134019,116.62
687700,0.44,0.5,0.06,0.07116392,0.07168466,0.6392019,152.99
687800,0.36,0.62,0.02,0.09437039,0.08445274,0.5134041,127.25
687900,0.42,0.55,0.03,0.05816841,0.05945844,0.3912015,125.52
688000,0.41,0.57,0.02,0.06839126,0.069749,0.3519997,136.25
688100,0.44,0.52,0.04,0.06633933,0.06840854,0.8120066,140.17
688200,0.42,0.55,0.03,0.08185438,0.07365142,0.3466022,114.21
688300,0.55,0.43,0.02,0.06314833,0.06451657,0.7866046,126.77
688400,0.46,0.54,0,0.07720523,0.06816957,0.2373998,104.89
688500,0.41,0.57,0.02,0.05588089,0.05658839,0.3744019,133.87
688600,0.41,0.58,0.01,0.09071122,0.08974925,0.2279998,96.79
688700,0.55,0.45,0,0.07172632,0.0806351,0.3485997,117.45
688800,0.47,0.51,0.02,0.07966039,0.08362903,0.8192045,128.86
688900,0.43,0.51,0.06,0.07380186,0.08039986,0.7904041,161.3
689000,0.46,0.52,0.02,0.0683274,0.05919264,0.2079998,115.46
689100,0.4,0.53,0.07,0.06309799,0.05854715,1.377813,166.25
689200,0.38,0.58,0.04,0.07243272,0.08427539,0.4144024,159.23
689300,0.48,0.51,0.01,0.07653244,0.07076475,0.4942014,121.69
689400,0.44,0.52,0.04,0.07304604,0.09388916,0.7184049,137.63
689500,0.48,0.51,0.01,0.06224103,0.05496543,0.6656014,123.18
689600,0.5,0.48,0.02,0.06962553,0.06795964,0.3209998,112.01
689700,0.36,0.64,0,0.08120616,0.08398695,0.2297998,105.36
689800,0.47,0.52,0.01,0.06827245,0.06905206,0.2547998,127.99
689900,0.41,0.53,0.06,0.06422924,0.070164,0.7608068,165.27
690000,0.42,0.56,0.02,0.1128047,0.109598,0.1841999,110.59
690100,0.49,0.48,0.03,0.06121548,0.06024195,1.040807,154.29
690200,0.41,0.55,0.04,0.09153704,0.09630287,0.7440062,138.05
690300,0.57,0.42,0.01,0.0801053,0.07992687,0.6260023,123.25
690400,0.5,0.47,0.03,0.06116394,0.05887362,0.7920059,145.34
690500,0.5,0.49,0.01,0.06800933,0.06451339,0.3239998,121.01
690600,0.43,0.53,0.04,0.07148939,0.07180393,0.4464017,139.72
690700,0.47,0.52,0.01,0.08602207,0.08021,0.4128023,101.16
690800,0.45,0.54,0.01,0.06206459,0.06257064,0.4974018,112.58
690900,0.48,0.48,0.04,0.0626275,0.05857193,0.6884051,152.09
691000,0.4,0.57,0.03,0.08701027,0.07636439,0.5968047,121.42
691100,0.46,0.51,0.03,0.09594328,0.1009683,0.4668024,107.04
691200,0.43,0.53,0.04,0.05780976,0.05884973,0.3390017,148.11
691300,0.41,0.56,0.03,0.06519406,0.06105211,0.2917998,139.9
691400,0.36,0.63,0.01,0.06358775,0.06803443,0.3020017,125.56
691500,0.51,0.47,0.02,0.07021388,0.06259458,0.2967998,131.54
691600,0.43,0.55,0.02,0.07937482,0.09136751,0.6456042,124.45
691700,0.42,0.55,0.03,0.08009513,0.08025861,0.6260041,138.74
691800,0.49,0.47,0.04,0.06241067,0.06114022,1.173608,166.97
691900,0.46,0.52,0.02,0.08467901,0.09093274,0.5788037,114.07
692000,0.37,0.59,0.04,0.0658465,0.06789917,0.2441998,130.86
692100,0.47,0.52,0.01,0.06486199,0.06132923,0.5408022,121.44
692200,0.5,0.47,0.03,0.08096834,0.08704232,0.5386023,135.07
692300,0.44,0.53,0.03,0.0991057,0.09544323,0.9026073,123.28
692400,0.57,0.38,0.05,0.1051751,0.0999599,1.058409,145.27
692500,0.46,0.49,0.05,0.1083264,0.1024693,0.6850041,141.16
692600,0.43,0.55,0.02,0.05389857,0.0500382,0.7252041,121.23
692700,0.42,0.53,0.05,0.07490529,0.0681876,0.9202073,156.27
692800,0.4,0.57,0.03,0.06539962,0.07190339,0.5898039,151.06
692900,0.37,0.61,0.02,0.06878283,0.07325823,0.5904051,116.2
693000,0.45,0.53,0.02,0.07725062,0.07517509,0.6880041,107.99
693100,0.45,0.52,0.03,0.07800014,0.07723789,0.5172021,128.21
693200,0.41,0.57,0.02,0.07682245,0.07626362,0.6122041,126.94
693300,0.35,0.62,0.03,0.0776288,0.08192389,0.7030048,137.56
693400,0.5,0.49,0.01,0.06431139,0.05997688,0.1879999,113.47
693500,0.51,0.46,0.03,0.05377399,0.0497327,0.5986022,152.53
693600,0.44,0.53,0.03,0.05989954,0.05940819,0.6604039,139.83
693700,0.39,0.58,0.03,0.06544705,0.06248443,0.7208071,131.65
693800,0.39,0.55,0.06,0.05097875,0.04862833,1.192811,170.12
693900,0.5,0.48,0.02,0.08043027,0.08530813,0.6674042,115.09
694000,0.34,0.66,0,0.07785435,0.08057035,0.09639993,103.73
694100,0.45,0.52,0.03,0.07350376,0.0703954,0.649604,129.99
694200,0.44,0.52,0.04,0.07042888,0.0744909,0.916207,138.35
694300,0.45,0.52,0.03,0.07901063,0.08121109,0.8396071,127.17
694400,0.49,0.49,0.02,0.1245315,0.1232281,0.3701997,117.45
694500,0.45,0.54,0.01,0.09050131,0.07872942,0.3905997,107.6
694600,0.52,0.45,0.03,0.08611106,0.08635668,0.4952019,115.69
694700,0.43,0.53,0.04,0.05233005,0.05270725,0.6500047,129.28
694800,0.43,0.54,0.03,0.06323259,0.06135545,0.6082043,129.38
694900,0.38,0.6,0.02,0.08153153,0.07722726,0.6592047,123.3
695000,0.53,0.44,0.03,0.08233424,0.08386201,0.8074057,137.94
695100,0.43,0.52,0.05,0.08860823,0.08863312,0.8572074,153.68
695200,0.39,0.58,0.03,0.07465997,0.06826449,0.5312042,123.88
695300,0.47,0.5,0.03,0.06278694,0.05824232,0.7368045,135.59
695400,0.42,0.56,0.02,0.07340349,0.06827638,0.4192024,133.56
695500,0.47,0.51,0.02,0.07944819,0.07482292,0.2985998,118.98
695600,0.48,0.5,0.02,0.08603062,0.08103719,0.5912017,118.21
695700,0.37,0.62,0.01,0.08542638,0.1012157,0.5090022,110.74
695800,0.43,0.54,0.03,0.088591,0.09264696,0.7732051,130.17
695900,0.44,0.53,0.03,0.09253826,0.1115012,0.7372042,137.27
696000,0.31,0.68,0.01,0.08229559,0.08553969,0.3100024,109.93
696100,0.44,0.54,0.02,0.08279294,0.08360811,0.5150027,121.68
696200,0.44,0.55,0.01,0.06554881,0.07041261,0.3123998,109.13
696300,0.46,0.49,0.05,0.06146746,0.05737647,0.7904071,156.76
696400,0.45,0.53,0.02,0.1016663,0.103691,0.6252034,118.78
696500,0.46,0.51,0.03,0.06957105,0.06665817,0.4360014,141.6
696600,0.39,0.58,0.03,0.06961992,0.06109619,0.2493998,137.59
696700,0.39,0.56,0.05,0.07544135,0.07019553,0.7408064,147.3
696800,0.42,0.53,0.05,0.1115935,0.1207207,1.351011,147.77
696900,0.44,0.53,0.03,0.07214944,0.06379896,0.6336044,131.74
697000,0.5,0.46,0.04,0.06094451,0.06397517,0.4414019,136.68
697100,0.38,0.6,0.02,0.09251046,0.08319767,0.2409998,126.16
697200,0.48,0.5,0.02,0.0844574,0.08444069,0.4646014,133.84
697300,0.46,0.51,0.03,0.08808425,0.08318246,0.6590049,129.63
697400,0.43,0.56,0.01,0.1005726,0.1116558,0.2679998,103.67
697500,0.47,0.51,0.02,0.08088201,0.09864128,0.469802,119.13
697600,0.36,0.59,0.05,0.07009953,0.06504636,0.5030045,135.9
697700,0.37,0.58,0.05,0.07273508,0.0756847,0.5536044,176.26
697800,0.47,0.51,0.02,0.1025502,0.1039385,0.3237997,117.75
697900,0.4,0.55,0.05,0.09382328,0.08817482,0.620804,168.07
698000,0.4,0.59,0.01,0.0697637,0.06683815,0.4586023,127.75
698100,0.47,0.51,0.02,0.07457478,0.07346088,0.3595998,118.41
698200,0.52,0.43,0.05,0.07233948,0.06748416,0.9246058,148.55
698300,0.45,0.52,0.03,0.07456563,0.07037406,0.3212014,135.83
698400,0.43,0.56,0.01,0.07764179,0.0832303,0.4170019,104.1
698500,0.41,0.57,0.02,0.07507084,0.07149534,0.3230021,118.4
698600,0.4,0.51,0.09,0.08338414,0.08102198,1.191611,177.69
698700,0.4,0.56,0.04,0.07614964,0.07733869,0.7146046,148.57
698800,0.43,0.55,0.02,0.08457904,0.08676579,0.6102019,113.15
698900,0.53,0.47,0,0.07310816,0.07634618,0.2537998,102.54
699000,0.4,0.58,0.02,0.06041014,0.06073337,0.3606017,106.57
699100,0.49,0.48,0.03,0.07122765,0.06706061,0.6172021,125.29
699200,0.43,0.54,0.03,0.112051,0.1174833,0.5616041,137.67
699300,0.47,0.5,0.03,0.0685274,0.06955194,0.4128019,126.96
699400,0.38,0.61,0.01,0.06304365,0.05476765,0.3989997,129.71
699500,0.4,0.58,0.02,0.08436672,0.06892508,0.2803998,129.06
699600,0.45,0.55,0,0.06231318,0.05433697,0.2881998,107.71
699700,0.41,0.58,0.01,0.08132739,0.07716709,0.2307998,131.12
699800,0.43,0.53,0.04,0.06808415,0.07011715,1.012009,134.67
699900,0.4,0.6,0,0.08029561,0.07497334,0.3725997,98.03
700000,0.47,0.5,0.03,0.06421312,0.06138786,0.3508016,141.42
700100,0.5,0.47,0.03,0.09000236,0.09219904,0.6658023,134.75
700200,0.51,0.46,0.03,0.1072647,0.1154322,0.7982042,132.42
700300,0.38,0.59,0.03,0.0739207,0.06530432,0.7936078,133.32
700400,0.44,0.55,0.01,0.07380369,0.06856666,0.4006016,102.11
700500,0.43,0.53,0.04,0.06025153,0.05243541,0.7526063,155.61
700600,0.43,0.53,0.04,0.07730693,0.08634343,0.8214065,141.93
700700,0.48,0.5,0.02,0.07251634,0.06354564,0.5680043,120.97
700800,0.46,0.52,0.02,0.06666436,0.06955541,0.1801998,112.08
700900,0.39,0.6,0.01,0.07456383,0.07178062,0.4864023,111.91
701000,0.45,0.55,0,0.07530483,0.07586282,0.2955998,120.95
701100,0.42,0.57,0.01,0.07842782,0.07722856,0.3994021,94.71
701200,0.4,0.55,0.05,0.0734853,0.07415694,0.8312068,150.94
701300,0.46,0.51,0.03,0.06910085,0.0741043,0.9176071,143.1
701400,0.41,0.56,0.03,0.07732448,0.08353628,0.858205,138.36
701500,0.34,0.64,0.02,0.0612197,0.0603829,0.6410045,117.04
701600,0.4,0.59,0.01,0.06858721,0.06495235,0.3053998,121.3
701700,0.48,0.47,0.05,0.0659644,0.06887338,0.8730055,153.74
701800,0.49,0.48,0.03,0.07517564,0.086534,0.4216012,131.72
701900,0.34,0.63,0.03,0.09098264,0.09612808,0.5910042,124.46
702000,0.4,0.56,0.04,0.06452946,0.06298158,0.9556094,127.25
702100,0.35,0.59,0.06,0.07144527,0.0664537,0.4678045,140.22
702200,0.41,0.54,0.05,0.09730075,0.09672658,0.9760096,145.28
702300,0.39,0.56,0.05,0.06623144,0.06723647,0.8156074,138.61
702400,0.47,0.51,0.02,0.07786497,0.07516326,0.4388014,129.75
702500,0.45,0.53,0.02,0.06838503,0.06376177,0.5512018,121.75
702600,0.48,0.5,0.02,0.08627541,0.09915543,0.5556043,92.49
702700,0.5,0.47,0.03,0.05753318,0.05547268,0.9014062,136.9
702800,0.49,0.47,0.04,0.05929122,0.06406516,0.7476039,151.57
702900,0.42,0.56,0.02,0.07453419,0.07780241,0.7148043,130.95
703000,0.43,0.53,0.04,0.06660654,0.06489252,0.6142045,153.14
703100,0.43,0.54,0.03,0.08160049,0.08100142,0.5734046,117.79
703200,0.47,0.5,0.03,0.09175059,0.08268339,0.6870036,132.22
703300,0.42,0.57,0.01,0.07313911,0.08757752,0.4546019,106.53
703400,0.47,0.52,0.01,0.05949622,0.05651807,0.4708019,130.03
703500,0.37,0.59,0.04,0.06788794,0.06034768,0.3766026,146.62
703600,0.45,0.51,0.04,0.05936386,0.06236022,0.5370023,149.77
703700,0.44,0.55,0.01,0.07014254,0.06752232,0.3674021,107.06
703800,0.45,0.53,0.02,0.0646094,0.06130518,0.5036021,110.28
703900,0.45,0.52,0.03,0.09370675,0.0742062,0.4536014,127.95
704000,0.45,0.54,0.01,0.07224336,0.07701509,0.4035996,112.57
704100,0.42,0.57,0.01,0.07275622,0.07738423,0.4664021,124.01
704200,0.38,0.59,0.03,0.06142554,0.05882457,0.7516044,168.94
704300,0.44,0.54,0.02,0.07188549,0.07493316,0.6132022,124.76
704400,0.55,0.42,0.03,0.07184431,0.07334192,0.555402,132.07
704500,0.47,0.5,0.03,0.0739058,0.07627653,0.612002,125.89
704600,0.43,0.52,0.05,0.06991065,0.0667428,0.4648017,159.36
704700,0.42,0.56,0.02,0.06745429,0.06533779,0.4348025,124.74
704800,0.5,0.46,0.04,0.06775271,0.06959432,0.9800093,140.9
704900,0.4,0.59,0.01,0.07038068,0.07414849,0.400202,120.6
705000,0.44,0.54,0.02,0.06257344,0.05842954,0.2489998,136.4
705100,0.45,0.51,0.04,0.07544982,0.07632924,0.855406,139.17
705200,0.47,0.52,0.01,0.0853698,0.08623562,0.5974026,99.5
705300,0.45,0.53,0.02,0.07919303,0.07419088,0.5834021,123.95
705400,0.54,0.45,0.01,0.08621099,0.09383849,0.520602,115.31
705500,0.47,0.52,0.01,0.07599697,0.06665292,0.3415997,121.99
705600,0.4,0.56,0.04,0.06748976,0.05874667,0.3968017,152.37
705700,0.4,0.55,0.05,0.06509671,0.07182848,0.9152071,156.77
705800,0.42,0.54,0.04,0.0854008,0.08232464,0.4120023,132.13
705900,0.47,0.51,0.02,0.06790195,0.0696817,0.4464024,127.46
706000,0.49,0.49,0.02,0.08228213,0.09507183,0.4722023,136.49
706100,0.4,0.58,0.02,0.09058499,0.09021622,0.6118048,121.82
706200,0.47,0.48,0.05,0.08195171,0.07887838,1.010206,144.87
706300,0.4,0.56,0.04,0.05870192,0.05509136,0.8702065,135.7
706400,0.39,0.58,0.03,0.07695212,0.07859465,0.9052076,135.96
706500,0.36,0.59,0.05,0.06342117,0.06151139,0.7764066,148.69
706600,0.42,0.54,0.04,0.06604528,0.07760997,0.7194035,143.96
706700,0.42,0.57,0.01,0.06637986,0.06824544,0.3972023,115.9
706800,0.49,0.49,0.02,0.08276525,0.07383331,0.4982018,111.96
706900,0.4,0.58,0.02,0.05490255,0.05274228,0.2908016,118.48
707000,0.4,0.58,0.02,0.07837246,0.07507361,0.5906042,140.98
707100,0.52,0.47,0.01,0.1041427,0.09677358,0.2931997,111.08
707200,0.47,0.51,0.02,0.06051961,0.05858581,0.7460044,132.41
707300,0.5,0.49,0.01,0.07678114,0.08098153,0.2905998,110.33
707400,0.43,0.54,0.03,0.1045762,0.1116341,0.5028021,131.53
707500,0.46,0.52,0.02,0.07427959,0.07170952,0.7382047,134.03
707600,0.55,0.42,0.03,0.06542701,0.06552963,0.6090022,138.26
707700,0.38,0.59,0.03,0.06758276,0.06259789,0.4266039,128.02
707800,0.41,0.56,0.03,0.07244065,0.08290457,0.3427997,136.09
707900,0.4,0.56,0.04,0.07666852,0.06895813,0.6740045,160.48
708000,0.46,0.51,0.03,0.07661185,0.07834426,0.8264048,139.3
708100,0.38,0.61,0.01,0.08466817,0.08506486,0.2865998,132.2
708200,0.4,0.56,0.04,0.0748729,0.07273239,0.9286078,146.07
708300,0.46,0.5,0.04,0.07312222,0.06854261,0.8526059,143.52
708400,0.46,0.52,0.02,0.07051466,0.07336097,0.6014019,131.93
708500,0.44,0.54,0.02,0.06796538,0.07264108,0.5322019,139.8
708600,0.38,0.57,0.05,0.06419462,0.06026958,0.9948089,160.91
708700,0.53,0.47,0,0.07303727,0.07295908,0.5285996,122.07
708800,0.48,0.5,0.02,0.06098319,0.07310464,0.436002,140.37
708900,0.44,0.52,0.04,0.09650836,0.1194839,0.7584067,134.18
709000,0.43,0.52,0.05,0.08002145,0.07758854,1.142609,153.11
709100,0.49,0.5,0.01,0.08520832,0.09578581,0.2573998,110.02
709200,0.52,0.46,0.02,0.0795226,0.08029505,0.6710041,110.27
709300,0.39,0.59,0.02,0.08519346,0.0799561,0.5696051,108.77
709400,0.48,0.47,0.05,0.05917473,0.05461679,1.091206,174.28
709500,0.45,0.51,0.04,0.05283567,0.049245,0.8898067,132.53
709600,0.36,0.61,0.03,0.05594391,0.05318756,0.5332043,119.39
709700,0.37,0.6,0.03,0.07833479,0.07908148,0.8852068,131.46
709800,0.48,0.43,0.09,0.0675981,0.06426097,1.509212,198.34
709900,0.43,0.55,0.02,0.06478512,0.06380691,0.5822021,143.45
710000,0.43,0.56,0.01,0.07808489,0.07055373,0.3099998,112.43
710100,0.39,0.58,0.03,0.06582984,0.05879891,0.7236069,142.79
710200,0.44,0.55,0.01,0.09170792,0.08725715,0.3713997,117.36
710300,0.42,0.55,0.03,0.08096197,0.08730715,0.8332059,154.97
710400,0.44,0.55,0.01,0.0690529,0.06621417,0.2893997,103.7
710500,0.44,0.53,0.03,0.06660383,0.06324466,0.8046052,113.12
710600,0.41,0.56,0.03,0.06815923,0.07034703,0.4526021,127.3
710700,0.47,0.51,0.02,0.07936721,0.09105568,0.625602,127.32
710800,0.44,0.54,0.02,0.07419385,0.06916352,0.3233998,127.18
710900,0.49,0.47,0.04,0.07275621,0.0679355,0.7892044,123.53
711000,0.37,0.6,0.03,0.07191867,0.07575519,0.1609999,140.52
711100,0.5,0.49,0.01,0.07062089,0.0644642,0.4258021,112.93
711200,0.39,0.53,0.08,0.07451939,0.07931438,1.337014,160.05
711300,0.48,0.49,0.03,0.0887894,0.09432459,0.8174043,135.38
711400,0.43,0.54,0.03,0.06682938,0.07046173,0.8194064,122.86
711500,0.44,0.55,0.01,0.06839564,0.06960893,0.2457998,117.34
711600,0.42,0.57,0.01,0.1030801,0.09568823,0.3353997,99.91
711700,0.41,0.55,0.04,0.08787792,0.09501104,0.3205997,133.64
711800,0.39,0.56,0.05,0.09438448,0.09565926,1.198212,145.94
711900,0.48,0.5,0.02,0.06275314,0.0768578,0.7568043,139.6
712000,0.43,0.53,0.04,0.06727548,0.06106059,0.5656028,149.46
712100,0.49,0.49,0.02,0.0680617,0.06990156,0.2227999,132.5
712200,0.43,0.56,0.01,0.07477894,0.07796007,0.3363997,115.8
712300,0.44,0.52,0.04,0.07355163,0.07128281,0.7000041,150.56
712400,0.37,0.63,0,0.1080985,0.1199407,0.2729998,107.21
712500,0.35,0.61,0.04,0.08645913,0.09110716,0.6292039,157.34
712600,0.47,0.52,0.01,0.07948285,0.07793293,0.6660021,127.23
712700,0.47,0.5,0.03,0.06461507,0.0634901,0.6536009,144.35
712800,0.53,0.46,0.01,0.07496545,0.07803526,0.5278023,113.17
712900,0.42,0.55,0.03,0.070406,0.07271471,0.6390048,120.07
713000,0.53,0.45,0.02,0.06244043,0.06022649,0.7328044,140.23
713100,0.44,0.54,0.02,0.07296702,0.06831113,0.2957998,119.83
713200,0.43,0.56,0.01,0.06280443,0.05918254,0.5098022,122.87
713300,0.44,0.54,0.02,0.06277969,0.06064717,0.4914019,128.65
713400,0.44,0.54,0.02,0.1058723,0.1152793,0.6848038,118.27
713500,0.34,0.64,0.02,0.06273852,0.05733882,0.648204,135.81
713600,0.46,0.51,0.03,0.06949722,0.07338402,0.7574043,127.81
713700,0.42,0.56,0.02,0.08469531,0.08234018,0.3850023,115.76
713800,0.45,0.55,0,0.08564226,0.07454582,0.3661997,104.49
713900,0.5,0.47,0.03,0.06151909,0.06059558,0.8354049,152.63
714000,0.44,0.55,0.01,0.08138057,0.07496188,0.519002,111.77
714100,0.35,0.59,0.06,0.06007577,0.05956004,0.8164068,185.47
714200,0.4,0.57,0.03,0.06809171,0.07172795,0.5868043,132.06
714300,0.41,0.56,0.03,0.06303918,0.06089571,0.472002,135.09
714400,0.4,0.55,0.05,0.09484541,0.1116949,0.7748072,169.51
714500,0.45,0.55,0,0.06527816,0.06448805,0.1999999,100.23
714600,0.39,0.57,0.04,0.06571852,0.06218108,0.7208045,139.59
714700,0.35,0.61,0.04,0.06143666,0.05553611,0.2427998,146.34
714800,0.33,0.6,0.07,0.06065532,0.05771407,1.386213,164.91
714900,0.46,0.54,0,0.06993183,0.06825237,0.3197998,101.55
715000,0.41,0.57,0.02,0.07386362,0.06410601,0.5492018,125.49
715100,0.5,0.46,0.04,0.06646333,0.05394031,0.6238021,146.08
715200,0.5,0.42,0.08,0.06412107,0.07650135,1.152809,173.27
715300,0.42,0.54,0.04,0.07371796,0.06540687,0.8180065,151.32
715400,0.52,0.47,0.01,0.09830278,0.08351088,0.4015997,97.82
715500,0.48,0.49,0.03,0.1103474,0.1114551,0.6332044,125.79
715600,0.4,0.58,0.02,0.06470022,0.05834372,0.6310042,152.03
715700,0.41,0.58,0.01,0.07703377,0.07261989,0.5518021,121.47
715800,0.38,0.58,0.04,0.07901274,0.07800817,0.6574042,136.06
715900,0.45,0.53,0.02,0.07036033,0.06467425,0.2739998,117.28
716000,0.36,0.61,0.03,0.06619333,0.06505323,0.8878067,122.93
716100,0.4,0.59,0.01,0.07052943,0.06874031,0.2539998,116.49
716200,0.45,0.54,0.01,0.06066213,0.06204203,0.2051999,122.64
716300,0.49,0.48,0.03,0.06472521,0.06108406,0.5978039,144.75
716400,0.4,0.58,0.02,0.06348465,0.06005038,0.6718046,114.95
716500,0.46,0.53,0.01,0.06479643,0.05788419,0.4972025,117.61
716600,0.46,0.51,0.03,0.08643343,0.09560175,0.608204,139.2
716700,0.47,0.48,0.05,0.06338681,0.06397664,1.004609,150.12
716800,0.45,0.53,0.02,0.08994858,0.1045765,0.5534035,118.13
716900,0.44,0.53,0.03,0.08616958,0.08678815,0.3874022,121.06
717000,0.41,0.56,0.03,0.08360562,0.07943113,0.5296016,132.19
717100,0.4,0.59,0.01,0.08884465,0.08904378,0.2025999,108.97
717200,0.49,0.48,0.03,0.06837124,0.06265286,0.7112038,141.26
717300,0.46,0.54,0,0.06786697,0.06876954,0.3491997,99.27
717400,0.46,0.51,0.03,0.07088704,0.06746249,0.4432022,137.77
717500,0.45,0.53,0.02,0.09003665,0.1010715,0.4562023,125.54
717600,0.42,0.56,0.02,0.08159376,0.09739525,0.5304023,125.09
717700,0.43,0.53,0.04,0.05748905,0.05108006,0.6034039,154.16
717800,0.4,0.58,0.02,0.08887829,0.08022312,0.6280019,121.55
717900,0.47,0.49,0.04,0.07807259,0.069699,0.6700048,150.17
718000,0.38,0.62,0,0.08004611,0.0774551,0.3099998,116.02
718100,0.46,0.5,0.04,0.07769743,0.09184432,0.2921998,152.51
718200,0.4,0.58,0.02,0.08103736,0.08482452,0.3292017,122.18
718300,0.43,0.55,0.02,0.06181271,0.05582521,0.4134025,124.65
718400,0.41,0.56,0.03,0.06650639,0.05917352,0.7646067,142.76
718500,0.44,0.55,0.01,0.07748571,0.08351051,0.5270018,114.33
718600,0.47,0.5,0.03,0.07187743,0.0695046,0.6352044,133.25
718700,0.49,0.47,0.04,0.08522388,0.08723425,0.8490072,131.11
718800,0.44,0.55,0.01,0.07405363,0.08515319,0.4958023,120.73
718900,0.4,0.59,0.01,0.07396355,0.08222607,0.4012024,117.41
719000,0.4,0.57,0.03,0.08583765,0.0840718,0.9430063,143.98
719100,0.46,0.53,0.01,0.06871711,0.06532452,0.3670015,117.04
719200,0.46,0.53,0.01,0.0646009,0.07593222,0.2659998,116.52
719300,0.47,0.48,0.05,0.06938542,0.07852886,1.23281,158.96
719400,0.48,0.49,0.03,0.06130839,0.05574085,0.5700021,141.2
719500,0.46,0.52,0.02,0.06918702,0.06933592,0.6280033,117.74
719600,0.46,0.53,0.01,0.06730337,0.05952766,0.3579997,135.14
719700,0.46,0.52,0.02,0.06363657,0.05767202,0.5524042,106.97
719800,0.38,0.57,0.05,0.07969381,0.08245628,0.7664068,164.16
719900,0.47,0.5,0.03,0.08762933,0.113521,0.7204044,117.78
720000,0.45,0.53,0.02,0.07877238,0.08553407,0.5982038,110.79
720100,0.42,0.54,0.04,0.07155009,0.07061675,0.4808016,141.51
720200,0.44,0.55,0.01,0.06637031,0.06516876,0.3003998,125.19
720300,0.36,0.62,0.02,0.07783523,0.07526739,0.648004,138.65
720400,0.4,0.59,0.01,0.0647907,0.0597906,0.4144015,105.18
720500,0.42,0.52,0.06,0.0821707,0.08527995,0.8318061,155.28
720600,0.43,0.54,0.03,0.0811931,0.08030878,0.738407,122.12
720700,0.51,0.47,0.02,0.06792098,0.06616512,0.2219998,124.17
720800,0.51,0.47,0.02,0.08395516,0.09610691,0.7566049,124.54
720900,0.44,0.55,0.01,0.07067411,0.07219619,0.4310025,97.53
721000,0.39,0.55,0.06,0.06552775,0.06695526,1.326613,162.86
721100,0.38,0.62,0,0.1140871,0.09821399,0.2243998,92.47
721200,0.44,0.53,0.03,0.08506671,0.08364701,0.4574025,128.88
721300,0.41,0.58,0.01,0.06348457,0.05993255,0.4414023,105.85
721400,0.44,0.54,0.02,0.06847336,0.06902408,0.3778002,126.13
721500,0.45,0.55,0,0.08875766,0.08677071,0.2955998,103.36
721600,0.39,0.6,0.01,0.09486708,0.105119,0.1557999,118.77
721700,0.4,0.59,0.01,0.0728981,0.08094291,0.319202,105.78
721800,0.44,0.52,0.04,0.06610284,0.06768643,1.046009,134.87
721900,0.43,0.56,0.01,0.06439307,0.05749474,0.462602,123.47
722000,0.47,0.52,0.01,0.06688255,0.06018706,0.3916023,121.15
722100,0.39,0.54,0.07,0.07178287,0.0652111,0.9914089,166.7
722200,0.47,0.51,0.02,0.0830414,0.08343649,0.460602,143.6
722300,0.34,0.59,0.07,0.06122516,0.05522877,0.8374059,177.59
722400,0.44,0.55,0.01,0.0982746,0.1021625,0.2641998,118.95
722500,0.46,0.52,0.02,0.072965,0.07093885,0.2705998,121.1
722600,0.41,0.56,0.03,0.07189994,0.08043285,0.4470023,128.77
722700,0.53,0.43,0.04,0.08874922,0.09032873,0.9618077,135.05
722800,0.49,0.5,0.01,0.06482598,0.06246126,0.2679998,104.89
722900,0.39,0.57,0.04,0.06110004,0.05564079,0.7210034,178.79
723000,0.46,0.48,0.06,0.08553828,0.07474375,0.9080086,159.76
723100,0.48,0.5,0.02,0.07819424,0.07551572,0.4570024,114.48
723200,0.52,0.47,0.01,0.07136355,0.07558963,0.4326024,102.38
723300,0.37,0.6,0.03,0.07256138,0.06939579,0.3400025,117.02
723400,0.44,0.52,0.04,0.07880542,0.0831866,0.937408,127.45
723500,0.39,0.55,0.06,0.07048681,0.07126317,1.294214,164.29
723600,0.37,0.6,0.03,0.07574743,0.07764368,0.3075998,142.43
723700,0.47,0.5,0.03,0.06409343,0.06466618,0.7756043,152.54
723800,0.47,0.53,0,0.06594875,0.06448603,0.3043998,108.87
723900,0.46,0.47,0.07,0.06603104,0.065263,1.622215,170.96
724000,0.5,0.48,0.02,0.09844407,0.09141671,0.2881998,125.36
724100,0.47,0.53,0,0.05247709,0.04967897,0.2111998,125.69
724200,0.47,0.52,0.01,0.08437426,0.08069335,0.2629998,111.61
724300,0.43,0.55,0.02,0.08805053,0.09593613,0.6704037,130.83
724400,0.47,0.52,0.01,0.07989676,0.08327817,0.6018018,115.3
724500,0.47,0.49,0.04,0.08216991,0.09612495,0.9380059,139.53
724600,0.53,0.45,0.02,0.05795479,0.05529657,0.5128032,124.12
724700,0.47,0.49,0.04,0.07673733,0.08358175,0.8188069,145.46
724800,0.35,0.63,0.02,0.06908276,0.06379417,0.4338017,129.29
724900,0.55,0.4,0.05,0.08263145,0.0773128,0.7888061,144.35
725000,0.37,0.59,0.04,0.060553,0.05984922,0.6104048,152.47
725100,0.35,0.64,0.01,0.08076279,0.08500174,0.3614023,101.48
725200,0.47,0.52,0.01,0.05883067,0.06458654,0.2991998,132.28
725300,0.42,0.55,0.03,0.08099397,0.1012364,0.3778021,119.11
725400,0.4,0.57,0.03,0.06584758,0.06666066,0.7394044,147.77
725500,0.43,0.55,0.02,0.07030862,0.06882308,0.4385997,122.75
725600,0.41,0.58,0.01,0.08075766,0.08021056,0.4304022,121.21
725700,0.47,0.53,0,0.06561167,0.06240188,0.1889999,109.36
725800,0.43,0.55,0.02,0.08069328,0.08524923,0.312002,115.37
725900,0.44,0.53,0.03,0.06666558,0.07105643,0.5588022,151.38
726000,0.42,0.57,0.01,0.05816095,0.05180698,0.4838017,135.66
726100,0.45,0.53,0.02,0.08427166,0.08306901,0.2963998,132.74
726200,0.44,0.56,0,0.07584577,0.08196849,0.2433998,89.01
726300,0.48,0.49,0.03,0.07216243,0.0775449,0.4982019,139.93
726400,0.5,0.49,0.01,0.06060254,0.06020176,0.3923996,126.26
726500,0.48,0.5,0.02,0.08786035,0.08075761,0.5450019,120.03
726600,0.41,0.58,0.01,0.06994144,0.06432793,0.2241998,104.98
726700,0.39,0.59,0.02,0.07068774,0.07346337,0.4341997,133.44
726800,0.51,0.47,0.02,0.06446244,0.06001431,0.8092049,134.01
726900,0.47,0.53,0,0.07310843,0.06486595,0.2863998,96.04
727000,0.39,0.57,0.04,0.07165409,0.07585172,0.5534046,136.52
727100,0.34,0.62,0.04,0.07507387,0.08903688,0.6464048,153.09
727200,0.46,0.52,0.02,0.0767231,0.099725,0.5004019,118.65
727300,0.55,0.42,0.03,0.07009051,0.06878109,0.8432058,144.56
727400,0.45,0.53,0.02,0.06085413,0.06164293,0.4008019,110.7
727500,0.44,0.51,0.05,0.06229137,0.05630815,0.7002043,140.93
727600,0.37,0.63,0,0.07887445,0.08271107,0.3153997,104.87
727700,0.47,0.52,0.01,0.0770018,0.08376867,0.4841996,137.9
727800,0.36,0.59,0.05,0.06969984,0.06729668,0.6960053,130.83
727900,0.47,0.52,0.01,0.05456267,0.05331929,0.5238022,129.34
728000,0.43,0.55,0.02,0.06336603,0.06028672,0.5124045,119.27
728100,0.42,0.54,0.04,0.07983251,0.08496239,0.4692019,160.55
728200,0.41,0.57,0.02,0.05522098,0.05115705,0.3838021,132.57
728300,0.45,0.52,0.03,0.06429596,0.0602366,0.6992036,125.02
728400,0.38,0.58,0.04,0.06648421,0.06319765,0.6728069,148.48
